<?xml version="1.0"?>
<gpx version="1.1" creator="Organic Maps" xmlns="http://www.topografix.com/GPX/1/1"
    xmlns:gpxx="http://www.garmin.com/xmlschemas/GpxExtensions/v3"
    xmlns:gpx_style="http://www.topografix.com/GPX/gpx_style/0/2"
    xmlns:xsi="http://www.w3.org/2001/XMLSchema-instance"
    xsi:schemaLocation="http://www.topografix.com/GPX/1/1 https://www.topografix.com/GPX/1/1/gpx.xsd http://www.topografix.com/GPX/gpx_style/0/2 https://www.topografix.com/GPX/gpx_style/0/2/gpx_style.xsd http://www.garmin.com/xmlschemas/GpxExtensions/v3 https://www.garmin.com/xmlschemas/GpxExtensionsv3.xsd">
<metadata>
  <name>Gare SNCF - Gare SNCF</name>
</metadata>
<trk>
  <name>Gare SNCF - Gare SNCF</name>
  <extensions>
    <gpxx:TrackExtension><gpxx:DisplayColor>DarkYellow</gpxx:DisplayColor></gpxx:TrackExtension>
    <gpx_style:line><gpx_style:color>93BF39</gpx_style:color></gpx_style:line>
    <xsi:gpx><color>#FF93BF39</color></xsi:gpx>
  </extensions>
  <trkseg>
    <trkpt lat="47.908668" lon="1.9042685">
      <ele>116</ele>
    </trkpt>
    <trkpt lat="47.908679" lon="1.9042866">
      <ele>116</ele>
    </trkpt>
    <trkpt lat="47.908715" lon="1.904292">
      <ele>116</ele>
    </trkpt>
    <trkpt lat="47.908715" lon="1.9043161">
      <ele>116</ele>
    </trkpt>
    <trkpt lat="47.908214" lon="1.9042705">
      <ele>116</ele>
    </trkpt>
    <trkpt lat="47.908183" lon="1.9042678">
      <ele>116</ele>
    </trkpt>
    <trkpt lat="47.908172" lon="1.904233">
      <ele>116</ele>
    </trkpt>
    <trkpt lat="47.908147" lon="1.9042303">
      <ele>116</ele>
    </trkpt>
    <trkpt lat="47.908143" lon="1.9041766">
      <ele>116</ele>
    </trkpt>
    <trkpt lat="47.908134" lon="1.9041713">
      <ele>116</ele>
    </trkpt>
    <trkpt lat="47.90753" lon="1.9041096">
      <ele>116</ele>
    </trkpt>
    <trkpt lat="47.907334" lon="1.9040962">
      <ele>116</ele>
    </trkpt>
    <trkpt lat="47.907146" lon="1.9040828">
      <ele>116</ele>
    </trkpt>
    <trkpt lat="47.907117" lon="1.9040854">
      <ele>116</ele>
    </trkpt>
    <trkpt lat="47.907095" lon="1.9041015">
      <ele>116</ele>
    </trkpt>
    <trkpt lat="47.907061" lon="1.9041525">
      <ele>115</ele>
    </trkpt>
    <trkpt lat="47.907036" lon="1.9042008">
      <ele>115</ele>
    </trkpt>
    <trkpt lat="47.907022" lon="1.9042464">
      <ele>115</ele>
    </trkpt>
    <trkpt lat="47.906984" lon="1.9043939">
      <ele>115</ele>
    </trkpt>
    <trkpt lat="47.906982" lon="1.9044717">
      <ele>115</ele>
    </trkpt>
    <trkpt lat="47.906998" lon="1.9045414">
      <ele>115</ele>
    </trkpt>
    <trkpt lat="47.906933" lon="1.9048418">
      <ele>115</ele>
    </trkpt>
    <trkpt lat="47.907045" lon="1.9052281">
      <ele>115</ele>
    </trkpt>
    <trkpt lat="47.907041" lon="1.9052468">
      <ele>115</ele>
    </trkpt>
    <trkpt lat="47.906856" lon="1.9054158">
      <ele>115</ele>
    </trkpt>
    <trkpt lat="47.906833" lon="1.905507">
      <ele>115</ele>
    </trkpt>
    <trkpt lat="47.906809" lon="1.9056411">
      <ele>115</ele>
    </trkpt>
    <trkpt lat="47.906754" lon="1.9058772">
      <ele>114</ele>
    </trkpt>
    <trkpt lat="47.906746" lon="1.9058879">
      <ele>114</ele>
    </trkpt>
    <trkpt lat="47.906736" lon="1.9059362">
      <ele>114</ele>
    </trkpt>
    <trkpt lat="47.90668" lon="1.905912">
      <ele>114</ele>
    </trkpt>
    <trkpt lat="47.906649" lon="1.9058959">
      <ele>114</ele>
    </trkpt>
    <trkpt lat="47.906601" lon="1.9058745">
      <ele>114</ele>
    </trkpt>
    <trkpt lat="47.906459" lon="1.9058208">
      <ele>114</ele>
    </trkpt>
    <trkpt lat="47.906439" lon="1.9058208">
      <ele>114</ele>
    </trkpt>
    <trkpt lat="47.906405" lon="1.9058316">
      <ele>114</ele>
    </trkpt>
    <trkpt lat="47.906353" lon="1.9058664">
      <ele>114</ele>
    </trkpt>
    <trkpt lat="47.906288" lon="1.9060166">
      <ele>114</ele>
    </trkpt>
    <trkpt lat="47.90627" lon="1.9060542">
      <ele>114</ele>
    </trkpt>
    <trkpt lat="47.906247" lon="1.9061078">
      <ele>115</ele>
    </trkpt>
    <trkpt lat="47.906203" lon="1.9062071">
      <ele>114</ele>
    </trkpt>
    <trkpt lat="47.906092" lon="1.9064592">
      <ele>114</ele>
    </trkpt>
    <trkpt lat="47.906074" lon="1.9064994">
      <ele>114</ele>
    </trkpt>
    <trkpt lat="47.90602" lon="1.9066255">
      <ele>113</ele>
    </trkpt>
    <trkpt lat="47.906002" lon="1.9066711">
      <ele>113</ele>
    </trkpt>
    <trkpt lat="47.905977" lon="1.9067301">
      <ele>114</ele>
    </trkpt>
    <trkpt lat="47.905928" lon="1.906883">
      <ele>114</ele>
    </trkpt>
    <trkpt lat="47.905923" lon="1.9069071">
      <ele>114</ele>
    </trkpt>
    <trkpt lat="47.905883" lon="1.9070761">
      <ele>114</ele>
    </trkpt>
    <trkpt lat="47.905826" lon="1.9073202">
      <ele>114</ele>
    </trkpt>
    <trkpt lat="47.905767" lon="1.907575">
      <ele>113</ele>
    </trkpt>
    <trkpt lat="47.905749" lon="1.9076501">
      <ele>113</ele>
    </trkpt>
    <trkpt lat="47.905515" lon="1.9086452">
      <ele>112</ele>
    </trkpt>
    <trkpt lat="47.905477" lon="1.9088678">
      <ele>112</ele>
    </trkpt>
    <trkpt lat="47.905373" lon="1.9092889">
      <ele>112</ele>
    </trkpt>
    <trkpt lat="47.905353" lon="1.9093694">
      <ele>112</ele>
    </trkpt>
    <trkpt lat="47.905297" lon="1.9096108">
      <ele>111</ele>
    </trkpt>
    <trkpt lat="47.905288" lon="1.9096483">
      <ele>111</ele>
    </trkpt>
    <trkpt lat="47.905279" lon="1.9096913">
      <ele>111</ele>
    </trkpt>
    <trkpt lat="47.905259" lon="1.9097744">
      <ele>111</ele>
    </trkpt>
    <trkpt lat="47.90524" lon="1.909871">
      <ele>111</ele>
    </trkpt>
    <trkpt lat="47.905215" lon="1.9099729">
      <ele>111</ele>
    </trkpt>
    <trkpt lat="47.905177" lon="1.9101472">
      <ele>111</ele>
    </trkpt>
    <trkpt lat="47.90508" lon="1.9105737">
      <ele>110</ele>
    </trkpt>
    <trkpt lat="47.905053" lon="1.9106837">
      <ele>110</ele>
    </trkpt>
    <trkpt lat="47.904803" lon="1.9117485">
      <ele>110</ele>
    </trkpt>
    <trkpt lat="47.90479" lon="1.9118048">
      <ele>110</ele>
    </trkpt>
    <trkpt lat="47.904513" lon="1.9129796">
      <ele>107</ele>
    </trkpt>
    <trkpt lat="47.904504" lon="1.9130118">
      <ele>107</ele>
    </trkpt>
    <trkpt lat="47.904494" lon="1.9130494">
      <ele>107</ele>
    </trkpt>
    <trkpt lat="47.904485" lon="1.9130762">
      <ele>107</ele>
    </trkpt>
    <trkpt lat="47.904456" lon="1.9131781">
      <ele>107</ele>
    </trkpt>
    <trkpt lat="47.904416" lon="1.913323">
      <ele>107</ele>
    </trkpt>
    <trkpt lat="47.904407" lon="1.9133578">
      <ele>107</ele>
    </trkpt>
    <trkpt lat="47.904236" lon="1.9140203">
      <ele>108</ele>
    </trkpt>
    <trkpt lat="47.904218" lon="1.9140901">
      <ele>108</ele>
    </trkpt>
    <trkpt lat="47.904213" lon="1.9142617">
      <ele>108</ele>
    </trkpt>
    <trkpt lat="47.904206" lon="1.9153722">
      <ele>107</ele>
    </trkpt>
    <trkpt lat="47.904204" lon="1.9154178">
      <ele>107</ele>
    </trkpt>
    <trkpt lat="47.9042" lon="1.9155465">
      <ele>107</ele>
    </trkpt>
    <trkpt lat="47.904321" lon="1.9155438">
      <ele>107</ele>
    </trkpt>
    <trkpt lat="47.904321" lon="1.9156189">
      <ele>107</ele>
    </trkpt>
    <trkpt lat="47.904271" lon="1.9156994">
      <ele>107</ele>
    </trkpt>
    <trkpt lat="47.90431" lon="1.9168447">
      <ele>108</ele>
    </trkpt>
    <trkpt lat="47.904319" lon="1.917011">
      <ele>108</ele>
    </trkpt>
    <trkpt lat="47.904333" lon="1.9170351">
      <ele>108</ele>
    </trkpt>
    <trkpt lat="47.904357" lon="1.9170566">
      <ele>108</ele>
    </trkpt>
    <trkpt lat="47.904357" lon="1.9171049">
      <ele>109</ele>
    </trkpt>
    <trkpt lat="47.904337" lon="1.9171505">
      <ele>109</ele>
    </trkpt>
    <trkpt lat="47.904315" lon="1.9171317">
      <ele>109</ele>
    </trkpt>
    <trkpt lat="47.90429" lon="1.917121">
      <ele>109</ele>
    </trkpt>
    <trkpt lat="47.904244" lon="1.9171237">
      <ele>109</ele>
    </trkpt>
    <trkpt lat="47.904161" lon="1.917129">
      <ele>109</ele>
    </trkpt>
    <trkpt lat="47.903557" lon="1.9171612">
      <ele>107</ele>
    </trkpt>
    <trkpt lat="47.903481" lon="1.9171719">
      <ele>107</ele>
    </trkpt>
    <trkpt lat="47.90335" lon="1.9171961">
      <ele>107</ele>
    </trkpt>
    <trkpt lat="47.903305" lon="1.9172041">
      <ele>107</ele>
    </trkpt>
    <trkpt lat="47.903237" lon="1.9172122">
      <ele>107</ele>
    </trkpt>
    <trkpt lat="47.903161" lon="1.9172283">
      <ele>107</ele>
    </trkpt>
    <trkpt lat="47.903132" lon="1.9172497">
      <ele>107</ele>
    </trkpt>
    <trkpt lat="47.903113" lon="1.9172873">
      <ele>107</ele>
    </trkpt>
    <trkpt lat="47.903096" lon="1.9173302">
      <ele>107</ele>
    </trkpt>
    <trkpt lat="47.903087" lon="1.9173785">
      <ele>107</ele>
    </trkpt>
    <trkpt lat="47.903086" lon="1.9174536">
      <ele>107</ele>
    </trkpt>
    <trkpt lat="47.903091" lon="1.9175555">
      <ele>107</ele>
    </trkpt>
    <trkpt lat="47.903102" lon="1.9179954">
      <ele>108</ele>
    </trkpt>
    <trkpt lat="47.903102" lon="1.9182395">
      <ele>108</ele>
    </trkpt>
    <trkpt lat="47.903096" lon="1.918269">
      <ele>108</ele>
    </trkpt>
    <trkpt lat="47.903091" lon="1.9182931">
      <ele>108</ele>
    </trkpt>
    <trkpt lat="47.90308" lon="1.9183226">
      <ele>108</ele>
    </trkpt>
    <trkpt lat="47.90306" lon="1.9183682">
      <ele>108</ele>
    </trkpt>
    <trkpt lat="47.903041" lon="1.9184004">
      <ele>108</ele>
    </trkpt>
    <trkpt lat="47.903008" lon="1.9184406">
      <ele>108</ele>
    </trkpt>
    <trkpt lat="47.902981" lon="1.9184594">
      <ele>108</ele>
    </trkpt>
    <trkpt lat="47.902275" lon="1.9187303">
      <ele>108</ele>
    </trkpt>
    <trkpt lat="47.901881" lon="1.9188805">
      <ele>108</ele>
    </trkpt>
    <trkpt lat="47.901868" lon="1.9188859">
      <ele>108</ele>
    </trkpt>
    <trkpt lat="47.901843" lon="1.9188966">
      <ele>108</ele>
    </trkpt>
    <trkpt lat="47.901394" lon="1.9190709">
      <ele>109</ele>
    </trkpt>
    <trkpt lat="47.901235" lon="1.91913">
      <ele>109</ele>
    </trkpt>
    <trkpt lat="47.901192" lon="1.9191434">
      <ele>109</ele>
    </trkpt>
    <trkpt lat="47.901045" lon="1.919189">
      <ele>109</ele>
    </trkpt>
    <trkpt lat="47.900922" lon="1.9192265">
      <ele>109</ele>
    </trkpt>
    <trkpt lat="47.900849" lon="1.9192507">
      <ele>109</ele>
    </trkpt>
    <trkpt lat="47.90068" lon="1.9193016">
      <ele>108</ele>
    </trkpt>
    <trkpt lat="47.900529" lon="1.9193338">
      <ele>107</ele>
    </trkpt>
    <trkpt lat="47.900022" lon="1.9194921">
      <ele>104</ele>
    </trkpt>
    <trkpt lat="47.899714" lon="1.9195913">
      <ele>102</ele>
    </trkpt>
    <trkpt lat="47.899568" lon="1.9196396">
      <ele>101</ele>
    </trkpt>
    <trkpt lat="47.89916" lon="1.9197925">
      <ele>99</ele>
    </trkpt>
    <trkpt lat="47.89909" lon="1.9198139">
      <ele>98</ele>
    </trkpt>
    <trkpt lat="47.898887" lon="1.9198756">
      <ele>97</ele>
    </trkpt>
    <trkpt lat="47.898795" lon="1.9199132">
      <ele>97</ele>
    </trkpt>
    <trkpt lat="47.898856" lon="1.920286">
      <ele>96</ele>
    </trkpt>
    <trkpt lat="47.898887" lon="1.9204657">
      <ele>96</ele>
    </trkpt>
    <trkpt lat="47.898912" lon="1.9206159">
      <ele>96</ele>
    </trkpt>
    <trkpt lat="47.898853" lon="1.9206374">
      <ele>96</ele>
    </trkpt>
    <trkpt lat="47.898835" lon="1.9206454">
      <ele>96</ele>
    </trkpt>
    <trkpt lat="47.899034" lon="1.9218229">
      <ele>96</ele>
    </trkpt>
    <trkpt lat="47.899047" lon="1.921898">
      <ele>96</ele>
    </trkpt>
    <trkpt lat="47.899227" lon="1.9229762">
      <ele>97</ele>
    </trkpt>
    <trkpt lat="47.899246" lon="1.9230943">
      <ele>97</ele>
    </trkpt>
    <trkpt lat="47.899513" lon="1.9247385">
      <ele>97</ele>
    </trkpt>
    <trkpt lat="47.899554" lon="1.9248457">
      <ele>97</ele>
    </trkpt>
    <trkpt lat="47.899559" lon="1.9248672">
      <ele>97</ele>
    </trkpt>
    <trkpt lat="47.89977" lon="1.9261252">
      <ele>97</ele>
    </trkpt>
    <trkpt lat="47.900016" lon="1.927587">
      <ele>98</ele>
    </trkpt>
    <trkpt lat="47.90007" lon="1.9278766">
      <ele>97</ele>
    </trkpt>
    <trkpt lat="47.900115" lon="1.9281529">
      <ele>97</ele>
    </trkpt>
    <trkpt lat="47.900289" lon="1.9291748">
      <ele>98</ele>
    </trkpt>
    <trkpt lat="47.900514" lon="1.9305079">
      <ele>98</ele>
    </trkpt>
    <trkpt lat="47.900505" lon="1.9305267">
      <ele>98</ele>
    </trkpt>
    <trkpt lat="47.900565" lon="1.9307278">
      <ele>99</ele>
    </trkpt>
    <trkpt lat="47.900595" lon="1.9308137">
      <ele>99</ele>
    </trkpt>
    <trkpt lat="47.900617" lon="1.9309907">
      <ele>98</ele>
    </trkpt>
    <trkpt lat="47.900645" lon="1.9311811">
      <ele>97</ele>
    </trkpt>
    <trkpt lat="47.900665" lon="1.931385">
      <ele>97</ele>
    </trkpt>
    <trkpt lat="47.900683" lon="1.9315915">
      <ele>97</ele>
    </trkpt>
    <trkpt lat="47.900723" lon="1.9320823">
      <ele>97</ele>
    </trkpt>
    <trkpt lat="47.900748" lon="1.9323854">
      <ele>98</ele>
    </trkpt>
    <trkpt lat="47.900764" lon="1.9328548">
      <ele>100</ele>
    </trkpt>
    <trkpt lat="47.900833" lon="1.9335441">
      <ele>102</ele>
    </trkpt>
    <trkpt lat="47.900948" lon="1.934558">
      <ele>100</ele>
    </trkpt>
    <trkpt lat="47.901023" lon="1.9351293">
      <ele>102</ele>
    </trkpt>
    <trkpt lat="47.90105" lon="1.9352929">
      <ele>103</ele>
    </trkpt>
    <trkpt lat="47.901183" lon="1.9358106">
      <ele>101</ele>
    </trkpt>
    <trkpt lat="47.901226" lon="1.9359662">
      <ele>101</ele>
    </trkpt>
    <trkpt lat="47.901604" lon="1.9371544">
      <ele>102</ele>
    </trkpt>
    <trkpt lat="47.901615" lon="1.9372">
      <ele>102</ele>
    </trkpt>
    <trkpt lat="47.901726" lon="1.9375111">
      <ele>101</ele>
    </trkpt>
    <trkpt lat="47.901892" lon="1.9380127">
      <ele>101</ele>
    </trkpt>
    <trkpt lat="47.90207" lon="1.938576">
      <ele>99</ele>
    </trkpt>
    <trkpt lat="47.902332" lon="1.9393994">
      <ele>98</ele>
    </trkpt>
    <trkpt lat="47.902424" lon="1.9396918">
      <ele>98</ele>
    </trkpt>
    <trkpt lat="47.90246" lon="1.9398339">
      <ele>98</ele>
    </trkpt>
    <trkpt lat="47.90255" lon="1.9401907">
      <ele>97</ele>
    </trkpt>
    <trkpt lat="47.902561" lon="1.9402416">
      <ele>97</ele>
    </trkpt>
    <trkpt lat="47.902632" lon="1.9405957">
      <ele>97</ele>
    </trkpt>
    <trkpt lat="47.902641" lon="1.9406708">
      <ele>97</ele>
    </trkpt>
    <trkpt lat="47.902674" lon="1.9409309">
      <ele>96</ele>
    </trkpt>
    <trkpt lat="47.902724" lon="1.9413628">
      <ele>97</ele>
    </trkpt>
    <trkpt lat="47.90269" lon="1.9415532">
      <ele>98</ele>
    </trkpt>
    <trkpt lat="47.902679" lon="1.9417168">
      <ele>98</ele>
    </trkpt>
    <trkpt lat="47.902719" lon="1.9427173">
      <ele>101</ele>
    </trkpt>
    <trkpt lat="47.902701" lon="1.9430231">
      <ele>101</ele>
    </trkpt>
    <trkpt lat="47.90271" lon="1.9432564">
      <ele>101</ele>
    </trkpt>
    <trkpt lat="47.902757" lon="1.9436373">
      <ele>97</ele>
    </trkpt>
    <trkpt lat="47.902816" lon="1.9439887">
      <ele>98</ele>
    </trkpt>
    <trkpt lat="47.902861" lon="1.944163">
      <ele>98</ele>
    </trkpt>
    <trkpt lat="47.902935" lon="1.9443159">
      <ele>99</ele>
    </trkpt>
    <trkpt lat="47.903033" lon="1.9444554">
      <ele>99</ele>
    </trkpt>
    <trkpt lat="47.903087" lon="1.9446002">
      <ele>99</ele>
    </trkpt>
    <trkpt lat="47.903168" lon="1.9449248">
      <ele>100</ele>
    </trkpt>
    <trkpt lat="47.903287" lon="1.9454049">
      <ele>100</ele>
    </trkpt>
    <trkpt lat="47.903393" lon="1.9458984">
      <ele>99</ele>
    </trkpt>
    <trkpt lat="47.90347" lon="1.9463785">
      <ele>100</ele>
    </trkpt>
    <trkpt lat="47.903571" lon="1.9469659">
      <ele>101</ele>
    </trkpt>
    <trkpt lat="47.903679" lon="1.9475614">
      <ele>100</ele>
    </trkpt>
    <trkpt lat="47.903783" lon="1.9481193">
      <ele>101</ele>
    </trkpt>
    <trkpt lat="47.903868" lon="1.9486691">
      <ele>102</ele>
    </trkpt>
    <trkpt lat="47.903929" lon="1.9491787">
      <ele>102</ele>
    </trkpt>
    <trkpt lat="47.903963" lon="1.9495355">
      <ele>101</ele>
    </trkpt>
    <trkpt lat="47.904006" lon="1.9501041">
      <ele>100</ele>
    </trkpt>
    <trkpt lat="47.904035" lon="1.9504474">
      <ele>101</ele>
    </trkpt>
    <trkpt lat="47.904085" lon="1.9511689">
      <ele>102</ele>
    </trkpt>
    <trkpt lat="47.904137" lon="1.951869">
      <ele>101</ele>
    </trkpt>
    <trkpt lat="47.904163" lon="1.9525664">
      <ele>101</ele>
    </trkpt>
    <trkpt lat="47.904179" lon="1.9532316">
      <ele>100</ele>
    </trkpt>
    <trkpt lat="47.904179" lon="1.9534327">
      <ele>100</ele>
    </trkpt>
    <trkpt lat="47.90417" lon="1.9543018">
      <ele>101</ele>
    </trkpt>
    <trkpt lat="47.904166" lon="1.9544895">
      <ele>101</ele>
    </trkpt>
    <trkpt lat="47.904109" lon="1.9559701">
      <ele>103</ele>
    </trkpt>
    <trkpt lat="47.904075" lon="1.9567077">
      <ele>100</ele>
    </trkpt>
    <trkpt lat="47.904048" lon="1.9572361">
      <ele>100</ele>
    </trkpt>
    <trkpt lat="47.904028" lon="1.9577269">
      <ele>100</ele>
    </trkpt>
    <trkpt lat="47.904004" lon="1.9581427">
      <ele>99</ele>
    </trkpt>
    <trkpt lat="47.903972" lon="1.9584806">
      <ele>98</ele>
    </trkpt>
    <trkpt lat="47.903958" lon="1.9586496">
      <ele>99</ele>
    </trkpt>
    <trkpt lat="47.903859" lon="1.9596018">
      <ele>99</ele>
    </trkpt>
    <trkpt lat="47.903787" lon="1.9604387">
      <ele>98</ele>
    </trkpt>
    <trkpt lat="47.903785" lon="1.9606693">
      <ele>98</ele>
    </trkpt>
    <trkpt lat="47.90378" lon="1.9608168">
      <ele>97</ele>
    </trkpt>
    <trkpt lat="47.903717" lon="1.9608303">
      <ele>97</ele>
    </trkpt>
    <trkpt lat="47.903675" lon="1.9618951">
      <ele>97</ele>
    </trkpt>
    <trkpt lat="47.90365" lon="1.9626488">
      <ele>98</ele>
    </trkpt>
    <trkpt lat="47.903648" lon="1.9627561">
      <ele>98</ele>
    </trkpt>
    <trkpt lat="47.903632" lon="1.9627829">
      <ele>98</ele>
    </trkpt>
    <trkpt lat="47.903625" lon="1.9628151">
      <ele>98</ele>
    </trkpt>
    <trkpt lat="47.903596" lon="1.9629304">
      <ele>98</ele>
    </trkpt>
    <trkpt lat="47.903521" lon="1.9632469">
      <ele>98</ele>
    </trkpt>
    <trkpt lat="47.903496" lon="1.9634508">
      <ele>98</ele>
    </trkpt>
    <trkpt lat="47.90346" lon="1.9642849">
      <ele>99</ele>
    </trkpt>
    <trkpt lat="47.903427" lon="1.965331">
      <ele>98</ele>
    </trkpt>
    <trkpt lat="47.90342" lon="1.966648">
      <ele>98</ele>
    </trkpt>
    <trkpt lat="47.903409" lon="1.9680561">
      <ele>97</ele>
    </trkpt>
    <trkpt lat="47.903413" lon="1.969011">
      <ele>98</ele>
    </trkpt>
    <trkpt lat="47.903404" lon="1.9706337">
      <ele>98</ele>
    </trkpt>
    <trkpt lat="47.903406" lon="1.9718166">
      <ele>97</ele>
    </trkpt>
    <trkpt lat="47.9034" lon="1.972184">
      <ele>97</ele>
    </trkpt>
    <trkpt lat="47.903364" lon="1.9726695">
      <ele>96</ele>
    </trkpt>
    <trkpt lat="47.903327" lon="1.9730397">
      <ele>96</ele>
    </trkpt>
    <trkpt lat="47.903253" lon="1.9735305">
      <ele>96</ele>
    </trkpt>
    <trkpt lat="47.903213" lon="1.9737773">
      <ele>96</ele>
    </trkpt>
    <trkpt lat="47.90317" lon="1.9740777">
      <ele>96</ele>
    </trkpt>
    <trkpt lat="47.903032" lon="1.9749092">
      <ele>96</ele>
    </trkpt>
    <trkpt lat="47.902954" lon="1.9754107">
      <ele>95</ele>
    </trkpt>
    <trkpt lat="47.902945" lon="1.9754671">
      <ele>95</ele>
    </trkpt>
    <trkpt lat="47.902933" lon="1.9755529">
      <ele>95</ele>
    </trkpt>
    <trkpt lat="47.902924" lon="1.9756253">
      <ele>95</ele>
    </trkpt>
    <trkpt lat="47.902911" lon="1.9757326">
      <ele>95</ele>
    </trkpt>
    <trkpt lat="47.902793" lon="1.9764917">
      <ele>96</ele>
    </trkpt>
    <trkpt lat="47.902584" lon="1.9778784">
      <ele>96</ele>
    </trkpt>
    <trkpt lat="47.902507" lon="1.9783987">
      <ele>96</ele>
    </trkpt>
    <trkpt lat="47.902402" lon="1.9790881">
      <ele>96</ele>
    </trkpt>
    <trkpt lat="47.902305" lon="1.979603">
      <ele>96</ele>
    </trkpt>
    <trkpt lat="47.902154" lon="1.9802387">
      <ele>96</ele>
    </trkpt>
    <trkpt lat="47.901888" lon="1.9811292">
      <ele>97</ele>
    </trkpt>
    <trkpt lat="47.901476" lon="1.9821297">
      <ele>96</ele>
    </trkpt>
    <trkpt lat="47.901401" lon="1.9823308">
      <ele>97</ele>
    </trkpt>
    <trkpt lat="47.90114" lon="1.9829638">
      <ele>98</ele>
    </trkpt>
    <trkpt lat="47.90093" lon="1.9834252">
      <ele>96</ele>
    </trkpt>
    <trkpt lat="47.900685" lon="1.9839697">
      <ele>97</ele>
    </trkpt>
    <trkpt lat="47.900644" lon="1.9840555">
      <ele>97</ele>
    </trkpt>
    <trkpt lat="47.900619" lon="1.9841923">
      <ele>99</ele>
    </trkpt>
    <trkpt lat="47.900574" lon="1.984195">
      <ele>99</ele>
    </trkpt>
    <trkpt lat="47.900545" lon="1.9842352">
      <ele>99</ele>
    </trkpt>
    <trkpt lat="47.900372" lon="1.9846456">
      <ele>98</ele>
    </trkpt>
    <trkpt lat="47.900023" lon="1.9854744">
      <ele>98</ele>
    </trkpt>
    <trkpt lat="47.899923" lon="1.9857185">
      <ele>98</ele>
    </trkpt>
    <trkpt lat="47.899842" lon="1.9859116">
      <ele>98</ele>
    </trkpt>
    <trkpt lat="47.899797" lon="1.9860189">
      <ele>98</ele>
    </trkpt>
    <trkpt lat="47.899682" lon="1.9862817">
      <ele>99</ele>
    </trkpt>
    <trkpt lat="47.899513" lon="1.9867002">
      <ele>98</ele>
    </trkpt>
    <trkpt lat="47.899469" lon="1.986794">
      <ele>98</ele>
    </trkpt>
    <trkpt lat="47.899257" lon="1.9872876">
      <ele>97</ele>
    </trkpt>
    <trkpt lat="47.899166" lon="1.9875102">
      <ele>98</ele>
    </trkpt>
    <trkpt lat="47.89914" lon="1.9875692">
      <ele>98</ele>
    </trkpt>
    <trkpt lat="47.899083" lon="1.9876684">
      <ele>98</ele>
    </trkpt>
    <trkpt lat="47.898943" lon="1.9879876">
      <ele>98</ele>
    </trkpt>
    <trkpt lat="47.898801" lon="1.9883524">
      <ele>98</ele>
    </trkpt>
    <trkpt lat="47.898698" lon="1.9886662">
      <ele>98</ele>
    </trkpt>
    <trkpt lat="47.898648" lon="1.9888808">
      <ele>98</ele>
    </trkpt>
    <trkpt lat="47.898606" lon="1.9891034">
      <ele>99</ele>
    </trkpt>
    <trkpt lat="47.898597" lon="1.9891517">
      <ele>99</ele>
    </trkpt>
    <trkpt lat="47.898883" lon="1.9893502">
      <ele>99</ele>
    </trkpt>
    <trkpt lat="47.899135" lon="1.9895272">
      <ele>99</ele>
    </trkpt>
    <trkpt lat="47.899054" lon="1.9897874">
      <ele>99</ele>
    </trkpt>
    <trkpt lat="47.898926" lon="1.9902058">
      <ele>99</ele>
    </trkpt>
    <trkpt lat="47.898923" lon="1.9902192">
      <ele>99</ele>
    </trkpt>
    <trkpt lat="47.898824" lon="1.990533">
      <ele>99</ele>
    </trkpt>
    <trkpt lat="47.898644" lon="1.9910185">
      <ele>99</ele>
    </trkpt>
    <trkpt lat="47.898587" lon="1.9911741">
      <ele>99</ele>
    </trkpt>
    <trkpt lat="47.898475" lon="1.9915523">
      <ele>99</ele>
    </trkpt>
    <trkpt lat="47.898457" lon="1.991622">
      <ele>99</ele>
    </trkpt>
    <trkpt lat="47.898444" lon="1.9916676">
      <ele>99</ele>
    </trkpt>
    <trkpt lat="47.898313" lon="1.9921826">
      <ele>99</ele>
    </trkpt>
    <trkpt lat="47.898252" lon="1.9924642">
      <ele>99</ele>
    </trkpt>
    <trkpt lat="47.898227" lon="1.9925796">
      <ele>99</ele>
    </trkpt>
    <trkpt lat="47.898203" lon="1.9927485">
      <ele>99</ele>
    </trkpt>
    <trkpt lat="47.898175" lon="1.9929685">
      <ele>99</ele>
    </trkpt>
    <trkpt lat="47.898105" lon="1.9934888">
      <ele>99</ele>
    </trkpt>
    <trkpt lat="47.898083" lon="1.9936578">
      <ele>99</ele>
    </trkpt>
    <trkpt lat="47.898079" lon="1.9937034">
      <ele>99</ele>
    </trkpt>
    <trkpt lat="47.897896" lon="1.9936337">
      <ele>98</ele>
    </trkpt>
    <trkpt lat="47.897817" lon="1.9940601">
      <ele>98</ele>
    </trkpt>
    <trkpt lat="47.897784" lon="1.9943284">
      <ele>99</ele>
    </trkpt>
    <trkpt lat="47.897482" lon="1.9953878">
      <ele>98</ele>
    </trkpt>
    <trkpt lat="47.897403" lon="1.9955997">
      <ele>98</ele>
    </trkpt>
    <trkpt lat="47.897243" lon="1.9961791">
      <ele>99</ele>
    </trkpt>
    <trkpt lat="47.897078" lon="1.9967155">
      <ele>98</ele>
    </trkpt>
    <trkpt lat="47.896653" lon="1.9978421">
      <ele>99</ele>
    </trkpt>
    <trkpt lat="47.896423" lon="1.9984509">
      <ele>98</ele>
    </trkpt>
    <trkpt lat="47.895934" lon="1.999784">
      <ele>99</ele>
    </trkpt>
    <trkpt lat="47.895684" lon="2.0004277">
      <ele>98</ele>
    </trkpt>
    <trkpt lat="47.895679" lon="2.0005028">
      <ele>98</ele>
    </trkpt>
    <trkpt lat="47.895612" lon="2.0005913">
      <ele>98</ele>
    </trkpt>
    <trkpt lat="47.895519" lon="2.0007737">
      <ele>99</ele>
    </trkpt>
    <trkpt lat="47.895418" lon="2.0009373">
      <ele>99</ele>
    </trkpt>
    <trkpt lat="47.895369" lon="2.0009588">
      <ele>99</ele>
    </trkpt>
    <trkpt lat="47.895319" lon="2.000999">
      <ele>100</ele>
    </trkpt>
    <trkpt lat="47.895227" lon="2.0011304">
      <ele>101</ele>
    </trkpt>
    <trkpt lat="47.895184" lon="2.001219">
      <ele>100</ele>
    </trkpt>
    <trkpt lat="47.895136" lon="2.0013262">
      <ele>99</ele>
    </trkpt>
    <trkpt lat="47.89511" lon="2.001396">
      <ele>98</ele>
    </trkpt>
    <trkpt lat="47.894983" lon="2.0015918">
      <ele>98</ele>
    </trkpt>
    <trkpt lat="47.894842" lon="2.0018144">
      <ele>98</ele>
    </trkpt>
    <trkpt lat="47.894776" lon="2.0020156">
      <ele>98</ele>
    </trkpt>
    <trkpt lat="47.894745" lon="2.0021551">
      <ele>98</ele>
    </trkpt>
    <trkpt lat="47.894731" lon="2.0022838">
      <ele>98</ele>
    </trkpt>
    <trkpt lat="47.894724" lon="2.0025037">
      <ele>98</ele>
    </trkpt>
    <trkpt lat="47.8947" lon="2.0027478">
      <ele>98</ele>
    </trkpt>
    <trkpt lat="47.89467" lon="2.0028953">
      <ele>98</ele>
    </trkpt>
    <trkpt lat="47.894609" lon="2.0031287">
      <ele>99</ele>
    </trkpt>
    <trkpt lat="47.894564" lon="2.0032387">
      <ele>98</ele>
    </trkpt>
    <trkpt lat="47.894533" lon="2.0032413">
      <ele>98</ele>
    </trkpt>
    <trkpt lat="47.894511" lon="2.0032655">
      <ele>98</ele>
    </trkpt>
    <trkpt lat="47.894497" lon="2.0033084">
      <ele>98</ele>
    </trkpt>
    <trkpt lat="47.894492" lon="2.0033701">
      <ele>98</ele>
    </trkpt>
    <trkpt lat="47.894454" lon="2.0033889">
      <ele>98</ele>
    </trkpt>
    <trkpt lat="47.894423" lon="2.0034747">
      <ele>97</ele>
    </trkpt>
    <trkpt lat="47.894384" lon="2.0036732">
      <ele>97</ele>
    </trkpt>
    <trkpt lat="47.894364" lon="2.003751">
      <ele>97</ele>
    </trkpt>
    <trkpt lat="47.89433" lon="2.0037939">
      <ele>97</ele>
    </trkpt>
    <trkpt lat="47.894263" lon="2.0038073">
      <ele>97</ele>
    </trkpt>
    <trkpt lat="47.894226" lon="2.0038287">
      <ele>97</ele>
    </trkpt>
    <trkpt lat="47.894202" lon="2.003869">
      <ele>97</ele>
    </trkpt>
    <trkpt lat="47.894179" lon="2.0039843">
      <ele>97</ele>
    </trkpt>
    <trkpt lat="47.894163" lon="2.0041104">
      <ele>97</ele>
    </trkpt>
    <trkpt lat="47.894127" lon="2.0045905">
      <ele>97</ele>
    </trkpt>
    <trkpt lat="47.893981" lon="2.0061435">
      <ele>96</ele>
    </trkpt>
    <trkpt lat="47.893855" lon="2.0077609">
      <ele>97</ele>
    </trkpt>
    <trkpt lat="47.893783" lon="2.0084877">
      <ele>97</ele>
    </trkpt>
    <trkpt lat="47.893688" lon="2.0093407">
      <ele>97</ele>
    </trkpt>
    <trkpt lat="47.8936" lon="2.0098342">
      <ele>98</ele>
    </trkpt>
    <trkpt lat="47.893265" lon="2.0114677">
      <ele>97</ele>
    </trkpt>
    <trkpt lat="47.893008" lon="2.0124976">
      <ele>97</ele>
    </trkpt>
    <trkpt lat="47.892945" lon="2.0128302">
      <ele>97</ele>
    </trkpt>
    <trkpt lat="47.8929" lon="2.0131172">
      <ele>96</ele>
    </trkpt>
    <trkpt lat="47.892844" lon="2.0134954">
      <ele>97</ele>
    </trkpt>
    <trkpt lat="47.892736" lon="2.014174">
      <ele>96</ele>
    </trkpt>
    <trkpt lat="47.892672" lon="2.0146407">
      <ele>97</ele>
    </trkpt>
    <trkpt lat="47.892569" lon="2.0152228">
      <ele>97</ele>
    </trkpt>
    <trkpt lat="47.892485" lon="2.0155822">
      <ele>98</ele>
    </trkpt>
    <trkpt lat="47.892366" lon="2.0163064">
      <ele>96</ele>
    </trkpt>
    <trkpt lat="47.892222" lon="2.0171513">
      <ele>97</ele>
    </trkpt>
    <trkpt lat="47.892179" lon="2.0174329">
      <ele>97</ele>
    </trkpt>
    <trkpt lat="47.892001" lon="2.0184843">
      <ele>97</ele>
    </trkpt>
    <trkpt lat="47.891904" lon="2.0191603">
      <ele>97</ele>
    </trkpt>
    <trkpt lat="47.89181" lon="2.0197959">
      <ele>97</ele>
    </trkpt>
    <trkpt lat="47.891763" lon="2.0201044">
      <ele>97</ele>
    </trkpt>
    <trkpt lat="47.891664" lon="2.0206408">
      <ele>98</ele>
    </trkpt>
    <trkpt lat="47.891645" lon="2.0206355">
      <ele>98</ele>
    </trkpt>
    <trkpt lat="47.89149" lon="2.0205711">
      <ele>99</ele>
    </trkpt>
    <trkpt lat="47.891472" lon="2.0205631">
      <ele>99</ele>
    </trkpt>
    <trkpt lat="47.891143" lon="2.0218022">
      <ele>99</ele>
    </trkpt>
    <trkpt lat="47.890699" lon="2.0232426">
      <ele>98</ele>
    </trkpt>
    <trkpt lat="47.890384" lon="2.0243128">
      <ele>98</ele>
    </trkpt>
    <trkpt lat="47.890368" lon="2.0245059">
      <ele>98</ele>
    </trkpt>
    <trkpt lat="47.890386" lon="2.0247097">
      <ele>98</ele>
    </trkpt>
    <trkpt lat="47.890447" lon="2.0251711">
      <ele>98</ele>
    </trkpt>
    <trkpt lat="47.890512" lon="2.0256083">
      <ele>98</ele>
    </trkpt>
    <trkpt lat="47.89058" lon="2.0261394">
      <ele>99</ele>
    </trkpt>
    <trkpt lat="47.890616" lon="2.026429">
      <ele>100</ele>
    </trkpt>
    <trkpt lat="47.890593" lon="2.0267053">
      <ele>101</ele>
    </trkpt>
    <trkpt lat="47.890593" lon="2.0268314">
      <ele>101</ele>
    </trkpt>
    <trkpt lat="47.8906" lon="2.0269601">
      <ele>100</ele>
    </trkpt>
    <trkpt lat="47.890629" lon="2.0271076">
      <ele>100</ele>
    </trkpt>
    <trkpt lat="47.89065" lon="2.0271962">
      <ele>100</ele>
    </trkpt>
    <trkpt lat="47.890682" lon="2.0274295">
      <ele>99</ele>
    </trkpt>
    <trkpt lat="47.890702" lon="2.027695">
      <ele>98</ele>
    </trkpt>
    <trkpt lat="47.890702" lon="2.0277675">
      <ele>98</ele>
    </trkpt>
    <trkpt lat="47.890704" lon="2.0279794">
      <ele>98</ele>
    </trkpt>
    <trkpt lat="47.890704" lon="2.0285507">
      <ele>97</ele>
    </trkpt>
    <trkpt lat="47.890715" lon="2.0290952">
      <ele>97</ele>
    </trkpt>
    <trkpt lat="47.890744" lon="2.02935">
      <ele>98</ele>
    </trkpt>
    <trkpt lat="47.890801" lon="2.0296396">
      <ele>97</ele>
    </trkpt>
    <trkpt lat="47.890936" lon="2.030455">
      <ele>98</ele>
    </trkpt>
    <trkpt lat="47.891085" lon="2.0315601">
      <ele>98</ele>
    </trkpt>
    <trkpt lat="47.891283" lon="2.0331104">
      <ele>97</ele>
    </trkpt>
    <trkpt lat="47.891443" lon="2.0342316">
      <ele>98</ele>
    </trkpt>
    <trkpt lat="47.891609" lon="2.0353232">
      <ele>98</ele>
    </trkpt>
    <trkpt lat="47.891643" lon="2.0357926">
      <ele>98</ele>
    </trkpt>
    <trkpt lat="47.891634" lon="2.036313">
      <ele>98</ele>
    </trkpt>
    <trkpt lat="47.891603" lon="2.0369701">
      <ele>97</ele>
    </trkpt>
    <trkpt lat="47.891591" lon="2.0379116">
      <ele>98</ele>
    </trkpt>
    <trkpt lat="47.891652" lon="2.0382281">
      <ele>99</ele>
    </trkpt>
    <trkpt lat="47.891807" lon="2.0393358">
      <ele>98</ele>
    </trkpt>
    <trkpt lat="47.891932" lon="2.040516">
      <ele>98</ele>
    </trkpt>
    <trkpt lat="47.892021" lon="2.0412295">
      <ele>99</ele>
    </trkpt>
    <trkpt lat="47.892039" lon="2.0413877">
      <ele>98</ele>
    </trkpt>
    <trkpt lat="47.892062" lon="2.0418625">
      <ele>98</ele>
    </trkpt>
    <trkpt lat="47.892319" lon="2.0431285">
      <ele>98</ele>
    </trkpt>
    <trkpt lat="47.892485" lon="2.0435415">
      <ele>98</ele>
    </trkpt>
    <trkpt lat="47.892591" lon="2.0439573">
      <ele>99</ele>
    </trkpt>
    <trkpt lat="47.89245" lon="2.045175">
      <ele>99</ele>
    </trkpt>
    <trkpt lat="47.892271" lon="2.0466368">
      <ele>100</ele>
    </trkpt>
    <trkpt lat="47.892067" lon="2.0483293">
      <ele>98</ele>
    </trkpt>
    <trkpt lat="47.892069" lon="2.048922">
      <ele>99</ele>
    </trkpt>
    <trkpt lat="47.892071" lon="2.0494075">
      <ele>99</ele>
    </trkpt>
    <trkpt lat="47.89208" lon="2.0508023">
      <ele>99</ele>
    </trkpt>
    <trkpt lat="47.892076" lon="2.0516364">
      <ele>99</ele>
    </trkpt>
    <trkpt lat="47.892069" lon="2.0518483">
      <ele>99</ele>
    </trkpt>
    <trkpt lat="47.892078" lon="2.0519717">
      <ele>99</ele>
    </trkpt>
    <trkpt lat="47.892082" lon="2.0520173">
      <ele>99</ele>
    </trkpt>
    <trkpt lat="47.892089" lon="2.052079">
      <ele>99</ele>
    </trkpt>
    <trkpt lat="47.892093" lon="2.0520951">
      <ele>99</ele>
    </trkpt>
    <trkpt lat="47.892091" lon="2.0521166">
      <ele>99</ele>
    </trkpt>
    <trkpt lat="47.892105" lon="2.052189">
      <ele>99</ele>
    </trkpt>
    <trkpt lat="47.892157" lon="2.0523231">
      <ele>99</ele>
    </trkpt>
    <trkpt lat="47.892204" lon="2.0524196">
      <ele>100</ele>
    </trkpt>
    <trkpt lat="47.892263" lon="2.0525162">
      <ele>101</ele>
    </trkpt>
    <trkpt lat="47.892296" lon="2.0525699">
      <ele>100</ele>
    </trkpt>
    <trkpt lat="47.892236" lon="2.052645">
      <ele>100</ele>
    </trkpt>
    <trkpt lat="47.892114" lon="2.0528032">
      <ele>99</ele>
    </trkpt>
    <trkpt lat="47.891888" lon="2.0531063">
      <ele>101</ele>
    </trkpt>
    <trkpt lat="47.891774" lon="2.0532645">
      <ele>100</ele>
    </trkpt>
    <trkpt lat="47.891605" lon="2.0534764">
      <ele>100</ele>
    </trkpt>
    <trkpt lat="47.891522" lon="2.0535837">
      <ele>101</ele>
    </trkpt>
    <trkpt lat="47.891483" lon="2.0536401">
      <ele>101</ele>
    </trkpt>
    <trkpt lat="47.891359" lon="2.0538841">
      <ele>101</ele>
    </trkpt>
    <trkpt lat="47.891213" lon="2.0541792">
      <ele>103</ele>
    </trkpt>
    <trkpt lat="47.890979" lon="2.0546861">
      <ele>104</ele>
    </trkpt>
    <trkpt lat="47.890781" lon="2.0552252">
      <ele>106</ele>
    </trkpt>
    <trkpt lat="47.890706" lon="2.0554049">
      <ele>107</ele>
    </trkpt>
    <trkpt lat="47.889877" lon="2.0575024">
      <ele>112</ele>
    </trkpt>
    <trkpt lat="47.889744" lon="2.0578994">
      <ele>113</ele>
    </trkpt>
    <trkpt lat="47.889571" lon="2.0585753">
      <ele>113</ele>
    </trkpt>
    <trkpt lat="47.889404" lon="2.0591976">
      <ele>114</ele>
    </trkpt>
    <trkpt lat="47.889384" lon="2.0592727">
      <ele>114</ele>
    </trkpt>
    <trkpt lat="47.889346" lon="2.0594041">
      <ele>113</ele>
    </trkpt>
    <trkpt lat="47.889316" lon="2.0595275">
      <ele>113</ele>
    </trkpt>
    <trkpt lat="47.888832" lon="2.061448">
      <ele>115</ele>
    </trkpt>
    <trkpt lat="47.888465" lon="2.0628427">
      <ele>115</ele>
    </trkpt>
    <trkpt lat="47.888456" lon="2.0628749">
      <ele>115</ele>
    </trkpt>
    <trkpt lat="47.888438" lon="2.0629446">
      <ele>115</ele>
    </trkpt>
    <trkpt lat="47.888375" lon="2.0632048">
      <ele>115</ele>
    </trkpt>
    <trkpt lat="47.888303" lon="2.0634864">
      <ele>115</ele>
    </trkpt>
    <trkpt lat="47.888039" lon="2.0645164">
      <ele>116</ele>
    </trkpt>
    <trkpt lat="47.887994" lon="2.0646961">
      <ele>115</ele>
    </trkpt>
    <trkpt lat="47.88713" lon="2.0680837">
      <ele>115</ele>
    </trkpt>
    <trkpt lat="47.886904" lon="2.0689474">
      <ele>116</ele>
    </trkpt>
    <trkpt lat="47.886256" lon="2.0714767">
      <ele>116</ele>
    </trkpt>
    <trkpt lat="47.886091" lon="2.0721258">
      <ele>116</ele>
    </trkpt>
    <trkpt lat="47.8852" lon="2.0756154">
      <ele>115</ele>
    </trkpt>
    <trkpt lat="47.885161" lon="2.0757656">
      <ele>115</ele>
    </trkpt>
    <trkpt lat="47.884589" lon="2.0779731">
      <ele>115</ele>
    </trkpt>
    <trkpt lat="47.883558" lon="2.0820098">
      <ele>116</ele>
    </trkpt>
    <trkpt lat="47.882633" lon="2.0856173">
      <ele>115</ele>
    </trkpt>
    <trkpt lat="47.882006" lon="2.0880582">
      <ele>116</ele>
    </trkpt>
    <trkpt lat="47.881531" lon="2.0899116">
      <ele>115</ele>
    </trkpt>
    <trkpt lat="47.88121" lon="2.0911668">
      <ele>115</ele>
    </trkpt>
    <trkpt lat="47.880568" lon="2.0935674">
      <ele>117</ele>
    </trkpt>
    <trkpt lat="47.880406" lon="2.0939295">
      <ele>116</ele>
    </trkpt>
    <trkpt lat="47.880325" lon="2.09401">
      <ele>116</ele>
    </trkpt>
    <trkpt lat="47.880252" lon="2.094018">
      <ele>116</ele>
    </trkpt>
    <trkpt lat="47.880225" lon="2.0940314">
      <ele>116</ele>
    </trkpt>
    <trkpt lat="47.880182" lon="2.0940502">
      <ele>116</ele>
    </trkpt>
    <trkpt lat="47.88012" lon="2.0941119">
      <ele>116</ele>
    </trkpt>
    <trkpt lat="47.880066" lon="2.0942058">
      <ele>115</ele>
    </trkpt>
    <trkpt lat="47.880032" lon="2.0943184">
      <ele>115</ele>
    </trkpt>
    <trkpt lat="47.880023" lon="2.0944418">
      <ele>115</ele>
    </trkpt>
    <trkpt lat="47.880038" lon="2.0945625">
      <ele>115</ele>
    </trkpt>
    <trkpt lat="47.880075" lon="2.0946725">
      <ele>115</ele>
    </trkpt>
    <trkpt lat="47.880131" lon="2.094761">
      <ele>115</ele>
    </trkpt>
    <trkpt lat="47.880162" lon="2.0949407">
      <ele>116</ele>
    </trkpt>
    <trkpt lat="47.880113" lon="2.0953377">
      <ele>116</ele>
    </trkpt>
    <trkpt lat="47.879849" lon="2.0964615">
      <ele>116</ele>
    </trkpt>
    <trkpt lat="47.879073" lon="2.0994817">
      <ele>117</ele>
    </trkpt>
    <trkpt lat="47.877683" lon="2.1048917">
      <ele>116</ele>
    </trkpt>
    <trkpt lat="47.877363" lon="2.1061416">
      <ele>115</ele>
    </trkpt>
    <trkpt lat="47.876731" lon="2.1086119">
      <ele>114</ele>
    </trkpt>
    <trkpt lat="47.876709" lon="2.1087085">
      <ele>113</ele>
    </trkpt>
    <trkpt lat="47.876632" lon="2.1089955">
      <ele>112</ele>
    </trkpt>
    <trkpt lat="47.876472" lon="2.1095641">
      <ele>113</ele>
    </trkpt>
    <trkpt lat="47.876337" lon="2.1100818">
      <ele>113</ele>
    </trkpt>
    <trkpt lat="47.876274" lon="2.110358">
      <ele>114</ele>
    </trkpt>
    <trkpt lat="47.876211" lon="2.1106719">
      <ele>114</ele>
    </trkpt>
    <trkpt lat="47.876096" lon="2.1113826">
      <ele>115</ele>
    </trkpt>
    <trkpt lat="47.876031" lon="2.1117903">
      <ele>115</ele>
    </trkpt>
    <trkpt lat="47.875841" lon="2.1129383">
      <ele>116</ele>
    </trkpt>
    <trkpt lat="47.87574" lon="2.113515">
      <ele>116</ele>
    </trkpt>
    <trkpt lat="47.875626" lon="2.1143814">
      <ele>116</ele>
    </trkpt>
    <trkpt lat="47.875607" lon="2.1147971">
      <ele>117</ele>
    </trkpt>
    <trkpt lat="47.875556" lon="2.1151887">
      <ele>116</ele>
    </trkpt>
    <trkpt lat="47.875522" lon="2.1153067">
      <ele>116</ele>
    </trkpt>
    <trkpt lat="47.875438" lon="2.1156715">
      <ele>117</ele>
    </trkpt>
    <trkpt lat="47.875279" lon="2.1161784">
      <ele>117</ele>
    </trkpt>
    <trkpt lat="47.875098" lon="2.1166398">
      <ele>116</ele>
    </trkpt>
    <trkpt lat="47.874937" lon="2.1172594">
      <ele>117</ele>
    </trkpt>
    <trkpt lat="47.874927" lon="2.1173076">
      <ele>117</ele>
    </trkpt>
    <trkpt lat="47.874864" lon="2.1175061">
      <ele>116</ele>
    </trkpt>
    <trkpt lat="47.874822" lon="2.1176858">
      <ele>116</ele>
    </trkpt>
    <trkpt lat="47.874745" lon="2.1180131">
      <ele>117</ele>
    </trkpt>
    <trkpt lat="47.874578" lon="2.1187319">
      <ele>116</ele>
    </trkpt>
    <trkpt lat="47.873853" lon="2.1217762">
      <ele>113</ele>
    </trkpt>
    <trkpt lat="47.873502" lon="2.1232058">
      <ele>108</ele>
    </trkpt>
    <trkpt lat="47.873415" lon="2.1235572">
      <ele>108</ele>
    </trkpt>
    <trkpt lat="47.873334" lon="2.1238791">
      <ele>108</ele>
    </trkpt>
    <trkpt lat="47.873273" lon="2.1241634">
      <ele>108</ele>
    </trkpt>
    <trkpt lat="47.873228" lon="2.1244021">
      <ele>109</ele>
    </trkpt>
    <trkpt lat="47.873052" lon="2.1253409">
      <ele>110</ele>
    </trkpt>
    <trkpt lat="47.87296" lon="2.1257083">
      <ele>112</ele>
    </trkpt>
    <trkpt lat="47.87291" lon="2.1258854">
      <ele>113</ele>
    </trkpt>
    <trkpt lat="47.872834" lon="2.1261455">
      <ele>113</ele>
    </trkpt>
    <trkpt lat="47.872674" lon="2.1265908">
      <ele>114</ele>
    </trkpt>
    <trkpt lat="47.872633" lon="2.1267034">
      <ele>114</ele>
    </trkpt>
    <trkpt lat="47.872573" lon="2.1268751">
      <ele>114</ele>
    </trkpt>
    <trkpt lat="47.872523" lon="2.1270655">
      <ele>114</ele>
    </trkpt>
    <trkpt lat="47.872271" lon="2.1281009">
      <ele>116</ele>
    </trkpt>
    <trkpt lat="47.872248" lon="2.1282001">
      <ele>116</ele>
    </trkpt>
    <trkpt lat="47.872154" lon="2.1285837">
      <ele>116</ele>
    </trkpt>
    <trkpt lat="47.872102" lon="2.1287929">
      <ele>116</ele>
    </trkpt>
    <trkpt lat="47.872086" lon="2.1288519">
      <ele>116</ele>
    </trkpt>
    <trkpt lat="47.871944" lon="2.1294151">
      <ele>116</ele>
    </trkpt>
    <trkpt lat="47.871891" lon="2.1296244">
      <ele>116</ele>
    </trkpt>
    <trkpt lat="47.871845" lon="2.1298041">
      <ele>116</ele>
    </trkpt>
    <trkpt lat="47.871695" lon="2.1304022">
      <ele>116</ele>
    </trkpt>
    <trkpt lat="47.871598" lon="2.1307428">
      <ele>116</ele>
    </trkpt>
    <trkpt lat="47.871499" lon="2.131062">
      <ele>116</ele>
    </trkpt>
    <trkpt lat="47.871161" lon="2.1321269">
      <ele>116</ele>
    </trkpt>
    <trkpt lat="47.871062" lon="2.1324353">
      <ele>116</ele>
    </trkpt>
    <trkpt lat="47.871039" lon="2.1325292">
      <ele>116</ele>
    </trkpt>
    <trkpt lat="47.870814" lon="2.1331863">
      <ele>116</ele>
    </trkpt>
    <trkpt lat="47.870233" lon="2.1348815">
      <ele>116</ele>
    </trkpt>
    <trkpt lat="47.869387" lon="2.1374966">
      <ele>116</ele>
    </trkpt>
    <trkpt lat="47.86914" lon="2.1382128">
      <ele>116</ele>
    </trkpt>
    <trkpt lat="47.868912" lon="2.1388243">
      <ele>116</ele>
    </trkpt>
    <trkpt lat="47.867946" lon="2.1414931">
      <ele>117</ele>
    </trkpt>
    <trkpt lat="47.866983" lon="2.1440707">
      <ele>116</ele>
    </trkpt>
    <trkpt lat="47.866342" lon="2.1458517">
      <ele>113</ele>
    </trkpt>
    <trkpt lat="47.866143" lon="2.1464257">
      <ele>112</ele>
    </trkpt>
    <trkpt lat="47.866103" lon="2.146541">
      <ele>112</ele>
    </trkpt>
    <trkpt lat="47.866035" lon="2.1466349">
      <ele>112</ele>
    </trkpt>
    <trkpt lat="47.865956" lon="2.1467959">
      <ele>112</ele>
    </trkpt>
    <trkpt lat="47.865929" lon="2.1468522">
      <ele>111</ele>
    </trkpt>
    <trkpt lat="47.865869" lon="2.1468522">
      <ele>112</ele>
    </trkpt>
    <trkpt lat="47.865813" lon="2.146879">
      <ele>112</ele>
    </trkpt>
    <trkpt lat="47.865767" lon="2.14693">
      <ele>111</ele>
    </trkpt>
    <trkpt lat="47.865732" lon="2.1469997">
      <ele>111</ele>
    </trkpt>
    <trkpt lat="47.865714" lon="2.1470829">
      <ele>111</ele>
    </trkpt>
    <trkpt lat="47.865714" lon="2.1471714">
      <ele>111</ele>
    </trkpt>
    <trkpt lat="47.865732" lon="2.1472518">
      <ele>110</ele>
    </trkpt>
    <trkpt lat="47.865749" lon="2.1474342">
      <ele>109</ele>
    </trkpt>
    <trkpt lat="47.865714" lon="2.1476649">
      <ele>108</ele>
    </trkpt>
    <trkpt lat="47.865628" lon="2.1478982">
      <ele>108</ele>
    </trkpt>
    <trkpt lat="47.865454" lon="2.1483864">
      <ele>106</ele>
    </trkpt>
    <trkpt lat="47.86455" lon="2.1509586">
      <ele>105</ele>
    </trkpt>
    <trkpt lat="47.864066" lon="2.15234">
      <ele>108</ele>
    </trkpt>
    <trkpt lat="47.863883" lon="2.1529408">
      <ele>108</ele>
    </trkpt>
    <trkpt lat="47.863159" lon="2.1556364">
      <ele>113</ele>
    </trkpt>
    <trkpt lat="47.862886" lon="2.1566825">
      <ele>116</ele>
    </trkpt>
    <trkpt lat="47.862749" lon="2.1573289">
      <ele>116</ele>
    </trkpt>
    <trkpt lat="47.862654" lon="2.1579673">
      <ele>117</ele>
    </trkpt>
    <trkpt lat="47.862591" lon="2.1585681">
      <ele>117</ele>
    </trkpt>
    <trkpt lat="47.862101" lon="2.163101">
      <ele>114</ele>
    </trkpt>
    <trkpt lat="47.861612" lon="2.1676688">
      <ele>108</ele>
    </trkpt>
    <trkpt lat="47.861405" lon="2.1695034">
      <ele>107</ele>
    </trkpt>
    <trkpt lat="47.861225" lon="2.1708982">
      <ele>107</ele>
    </trkpt>
    <trkpt lat="47.860755" lon="2.1741812">
      <ele>115</ele>
    </trkpt>
    <trkpt lat="47.860289" lon="2.1775957">
      <ele>119</ele>
    </trkpt>
    <trkpt lat="47.860203" lon="2.1783547">
      <ele>119</ele>
    </trkpt>
    <trkpt lat="47.860159" lon="2.1791379">
      <ele>118</ele>
    </trkpt>
    <trkpt lat="47.860118" lon="2.1801143">
      <ele>117</ele>
    </trkpt>
    <trkpt lat="47.860082" lon="2.1811094">
      <ele>116</ele>
    </trkpt>
    <trkpt lat="47.860062" lon="2.1829333">
      <ele>117</ele>
    </trkpt>
    <trkpt lat="47.860068" lon="2.1839418">
      <ele>118</ele>
    </trkpt>
    <trkpt lat="47.860098" lon="2.184733">
      <ele>118</ele>
    </trkpt>
    <trkpt lat="47.860134" lon="2.185358">
      <ele>118</ele>
    </trkpt>
    <trkpt lat="47.860145" lon="2.1854974">
      <ele>118</ele>
    </trkpt>
    <trkpt lat="47.860186" lon="2.1860312">
      <ele>118</ele>
    </trkpt>
    <trkpt lat="47.860303" lon="2.1872328">
      <ele>118</ele>
    </trkpt>
    <trkpt lat="47.860586" lon="2.1901645">
      <ele>118</ele>
    </trkpt>
    <trkpt lat="47.86062" lon="2.1905695">
      <ele>118</ele>
    </trkpt>
    <trkpt lat="47.86071" lon="2.1915995">
      <ele>119</ele>
    </trkpt>
    <trkpt lat="47.86075" lon="2.1920903">
      <ele>119</ele>
    </trkpt>
    <trkpt lat="47.860886" lon="2.1937184">
      <ele>119</ele>
    </trkpt>
    <trkpt lat="47.860935" lon="2.194287">
      <ele>119</ele>
    </trkpt>
    <trkpt lat="47.861034" lon="2.1954243">
      <ele>119</ele>
    </trkpt>
    <trkpt lat="47.861149" lon="2.1970122">
      <ele>120</ele>
    </trkpt>
    <trkpt lat="47.861306" lon="2.1989595">
      <ele>118</ele>
    </trkpt>
    <trkpt lat="47.86132" lon="2.1997748">
      <ele>117</ele>
    </trkpt>
    <trkpt lat="47.861295" lon="2.1998607">
      <ele>117</ele>
    </trkpt>
    <trkpt lat="47.861261" lon="2.1999251">
      <ele>117</ele>
    </trkpt>
    <trkpt lat="47.861226" lon="2.1999653">
      <ele>118</ele>
    </trkpt>
    <trkpt lat="47.861173" lon="2.2000002">
      <ele>118</ele>
    </trkpt>
    <trkpt lat="47.860823" lon="2.2000323">
      <ele>118</ele>
    </trkpt>
    <trkpt lat="47.860719" lon="2.2000458">
      <ele>118</ele>
    </trkpt>
    <trkpt lat="47.860615" lon="2.2000833">
      <ele>119</ele>
    </trkpt>
    <trkpt lat="47.860579" lon="2.2001101">
      <ele>119</ele>
    </trkpt>
    <trkpt lat="47.8587" lon="2.2018026">
      <ele>120</ele>
    </trkpt>
    <trkpt lat="47.857904" lon="2.2025375">
      <ele>116</ele>
    </trkpt>
    <trkpt lat="47.857274" lon="2.2031088">
      <ele>110</ele>
    </trkpt>
    <trkpt lat="47.856645" lon="2.2036828">
      <ele>107</ele>
    </trkpt>
    <trkpt lat="47.856272" lon="2.2040181">
      <ele>106</ele>
    </trkpt>
    <trkpt lat="47.856155" lon="2.203833">
      <ele>106</ele>
    </trkpt>
    <trkpt lat="47.855997" lon="2.2037338">
      <ele>106</ele>
    </trkpt>
    <trkpt lat="47.85579" lon="2.2037043">
      <ele>106</ele>
    </trkpt>
    <trkpt lat="47.855649" lon="2.2037016">
      <ele>106</ele>
    </trkpt>
    <trkpt lat="47.855615" lon="2.2037365">
      <ele>106</ele>
    </trkpt>
    <trkpt lat="47.85557" lon="2.2037338">
      <ele>106</ele>
    </trkpt>
    <trkpt lat="47.855543" lon="2.2037767">
      <ele>105</ele>
    </trkpt>
    <trkpt lat="47.855516" lon="2.203884">
      <ele>105</ele>
    </trkpt>
    <trkpt lat="47.855421" lon="2.2040932">
      <ele>105</ele>
    </trkpt>
    <trkpt lat="47.855387" lon="2.2042622">
      <ele>105</ele>
    </trkpt>
    <trkpt lat="47.855381" lon="2.2044097">
      <ele>105</ele>
    </trkpt>
    <trkpt lat="47.855399" lon="2.2045867">
      <ele>106</ele>
    </trkpt>
    <trkpt lat="47.855455" lon="2.2047986">
      <ele>107</ele>
    </trkpt>
    <trkpt lat="47.855126" lon="2.2051339">
      <ele>107</ele>
    </trkpt>
    <trkpt lat="47.857298" lon="2.2097124">
      <ele>106</ele>
    </trkpt>
    <trkpt lat="47.857629" lon="2.2105117">
      <ele>106</ele>
    </trkpt>
    <trkpt lat="47.857892" lon="2.2112762">
      <ele>106</ele>
    </trkpt>
    <trkpt lat="47.858174" lon="2.2122176">
      <ele>106</ele>
    </trkpt>
    <trkpt lat="47.858417" lon="2.2130169">
      <ele>107</ele>
    </trkpt>
    <trkpt lat="47.858533" lon="2.2133552">
      <ele>107</ele>
    </trkpt>
    <trkpt lat="47.858533" lon="2.2133554">
      <ele>106</ele>
    </trkpt>
    <trkpt lat="47.858533" lon="2.2133554">
      <ele>107</ele>
    </trkpt>
    <trkpt lat="47.859727" lon="2.2168498">
      <ele>107</ele>
    </trkpt>
    <trkpt lat="47.8599" lon="2.2176598">
      <ele>107</ele>
    </trkpt>
    <trkpt lat="47.859929" lon="2.217802">
      <ele>107</ele>
    </trkpt>
    <trkpt lat="47.860158" lon="2.2190331">
      <ele>109</ele>
    </trkpt>
    <trkpt lat="47.860152" lon="2.2193496">
      <ele>108</ele>
    </trkpt>
    <trkpt lat="47.860149" lon="2.219642">
      <ele>108</ele>
    </trkpt>
    <trkpt lat="47.860127" lon="2.2202696">
      <ele>108</ele>
    </trkpt>
    <trkpt lat="47.860071" lon="2.2208597">
      <ele>108</ele>
    </trkpt>
    <trkpt lat="47.860041" lon="2.221034">
      <ele>109</ele>
    </trkpt>
    <trkpt lat="47.85994" lon="2.2211923">
      <ele>108</ele>
    </trkpt>
    <trkpt lat="47.859853" lon="2.2213532">
      <ele>107</ele>
    </trkpt>
    <trkpt lat="47.85988" lon="2.2221176">
      <ele>108</ele>
    </trkpt>
    <trkpt lat="47.859897" lon="2.2222974">
      <ele>109</ele>
    </trkpt>
    <trkpt lat="47.859875" lon="2.22241">
      <ele>109</ele>
    </trkpt>
    <trkpt lat="47.859879" lon="2.2226407">
      <ele>109</ele>
    </trkpt>
    <trkpt lat="47.859906" lon="2.2232174">
      <ele>109</ele>
    </trkpt>
    <trkpt lat="47.859906" lon="2.2232522">
      <ele>109</ele>
    </trkpt>
    <trkpt lat="47.859924" lon="2.2232549">
      <ele>110</ele>
    </trkpt>
    <trkpt lat="47.859947" lon="2.2232683">
      <ele>110</ele>
    </trkpt>
    <trkpt lat="47.859979" lon="2.2233005">
      <ele>111</ele>
    </trkpt>
    <trkpt lat="47.859974" lon="2.2234319">
      <ele>111</ele>
    </trkpt>
    <trkpt lat="47.859969" lon="2.2234614">
      <ele>110</ele>
    </trkpt>
    <trkpt lat="47.859938" lon="2.2235982">
      <ele>110</ele>
    </trkpt>
    <trkpt lat="47.85992" lon="2.2237967">
      <ele>110</ele>
    </trkpt>
    <trkpt lat="47.859927" lon="2.2240623">
      <ele>110</ele>
    </trkpt>
    <trkpt lat="47.859951" lon="2.2255321">
      <ele>110</ele>
    </trkpt>
    <trkpt lat="47.859952" lon="2.2255911">
      <ele>110</ele>
    </trkpt>
    <trkpt lat="47.85994" lon="2.2258379">
      <ele>110</ele>
    </trkpt>
    <trkpt lat="47.859909" lon="2.2263716">
      <ele>109</ele>
    </trkpt>
    <trkpt lat="47.859904" lon="2.2264601">
      <ele>109</ele>
    </trkpt>
    <trkpt lat="47.859803" lon="2.2277583">
      <ele>107</ele>
    </trkpt>
    <trkpt lat="47.859704" lon="2.2290565">
      <ele>106</ele>
    </trkpt>
    <trkpt lat="47.859542" lon="2.229947">
      <ele>106</ele>
    </trkpt>
    <trkpt lat="47.859443" lon="2.2304969">
      <ele>106</ele>
    </trkpt>
    <trkpt lat="47.85936" lon="2.2309019">
      <ele>106</ele>
    </trkpt>
    <trkpt lat="47.858966" lon="2.2328089">
      <ele>105</ele>
    </trkpt>
    <trkpt lat="47.858579" lon="2.2348394">
      <ele>107</ele>
    </trkpt>
    <trkpt lat="47.858388" lon="2.2357352">
      <ele>107</ele>
    </trkpt>
    <trkpt lat="47.858252" lon="2.2363763">
      <ele>109</ele>
    </trkpt>
    <trkpt lat="47.858234" lon="2.2364675">
      <ele>108</ele>
    </trkpt>
    <trkpt lat="47.857818" lon="2.2380527">
      <ele>108</ele>
    </trkpt>
    <trkpt lat="47.857773" lon="2.238278">
      <ele>109</ele>
    </trkpt>
    <trkpt lat="47.857699" lon="2.2386508">
      <ele>108</ele>
    </trkpt>
    <trkpt lat="47.857532" lon="2.2394233">
      <ele>106</ele>
    </trkpt>
    <trkpt lat="47.857273" lon="2.2403942">
      <ele>105</ele>
    </trkpt>
    <trkpt lat="47.857249" lon="2.2405256">
      <ele>106</ele>
    </trkpt>
    <trkpt lat="47.857208" lon="2.2407617">
      <ele>107</ele>
    </trkpt>
    <trkpt lat="47.857138" lon="2.2410782">
      <ele>107</ele>
    </trkpt>
    <trkpt lat="47.85708" lon="2.2412579">
      <ele>106</ele>
    </trkpt>
    <trkpt lat="47.857051" lon="2.2412928">
      <ele>106</ele>
    </trkpt>
    <trkpt lat="47.85699" lon="2.241282">
      <ele>106</ele>
    </trkpt>
    <trkpt lat="47.856961" lon="2.241274">
      <ele>106</ele>
    </trkpt>
    <trkpt lat="47.856913" lon="2.241274">
      <ele>105</ele>
    </trkpt>
    <trkpt lat="47.856868" lon="2.2413062">
      <ele>105</ele>
    </trkpt>
    <trkpt lat="47.856634" lon="2.241569">
      <ele>106</ele>
    </trkpt>
    <trkpt lat="47.856432" lon="2.2417675">
      <ele>105</ele>
    </trkpt>
    <trkpt lat="47.855739" lon="2.2424622">
      <ele>106</ele>
    </trkpt>
    <trkpt lat="47.854888" lon="2.2432588">
      <ele>106</ele>
    </trkpt>
    <trkpt lat="47.854722" lon="2.2433795">
      <ele>105</ele>
    </trkpt>
    <trkpt lat="47.854136" lon="2.2438087">
      <ele>106</ele>
    </trkpt>
    <trkpt lat="47.853549" lon="2.2442056">
      <ele>106</ele>
    </trkpt>
    <trkpt lat="47.853065" lon="2.2445543">
      <ele>105</ele>
    </trkpt>
    <trkpt lat="47.852311" lon="2.2450103">
      <ele>106</ele>
    </trkpt>
    <trkpt lat="47.851553" lon="2.24541">
      <ele>106</ele>
    </trkpt>
    <trkpt lat="47.85142" lon="2.2454341">
      <ele>106</ele>
    </trkpt>
    <trkpt lat="47.851096" lon="2.2454904">
      <ele>106</ele>
    </trkpt>
    <trkpt lat="47.85079" lon="2.2456218">
      <ele>106</ele>
    </trkpt>
    <trkpt lat="47.850757" lon="2.2456353">
      <ele>106</ele>
    </trkpt>
    <trkpt lat="47.850622" lon="2.2457533">
      <ele>105</ele>
    </trkpt>
    <trkpt lat="47.850487" lon="2.2459088">
      <ele>106</ele>
    </trkpt>
    <trkpt lat="47.850426" lon="2.245941">
      <ele>107</ele>
    </trkpt>
    <trkpt lat="47.85027" lon="2.2457291">
      <ele>107</ele>
    </trkpt>
    <trkpt lat="47.849958" lon="2.2456165">
      <ele>107</ele>
    </trkpt>
    <trkpt lat="47.8496" lon="2.245587">
      <ele>107</ele>
    </trkpt>
    <trkpt lat="47.849546" lon="2.2455923">
      <ele>107</ele>
    </trkpt>
    <trkpt lat="47.849384" lon="2.2456138">
      <ele>107</ele>
    </trkpt>
    <trkpt lat="47.848732" lon="2.2456889">
      <ele>106</ele>
    </trkpt>
    <trkpt lat="47.848547" lon="2.2456835">
      <ele>107</ele>
    </trkpt>
    <trkpt lat="47.84775" lon="2.2456755">
      <ele>108</ele>
    </trkpt>
    <trkpt lat="47.847109" lon="2.2455602">
      <ele>107</ele>
    </trkpt>
    <trkpt lat="47.846695" lon="2.2457077">
      <ele>109</ele>
    </trkpt>
    <trkpt lat="47.846601" lon="2.245756">
      <ele>109</ele>
    </trkpt>
    <trkpt lat="47.846488" lon="2.2457211">
      <ele>109</ele>
    </trkpt>
    <trkpt lat="47.846355" lon="2.2456514">
      <ele>108</ele>
    </trkpt>
    <trkpt lat="47.845512" lon="2.2458284">
      <ele>109</ele>
    </trkpt>
    <trkpt lat="47.845039" lon="2.246161">
      <ele>109</ele>
    </trkpt>
    <trkpt lat="47.844781" lon="2.2464641">
      <ele>109</ele>
    </trkpt>
    <trkpt lat="47.844414" lon="2.2468637">
      <ele>109</ele>
    </trkpt>
    <trkpt lat="47.84353" lon="2.2473465">
      <ele>110</ele>
    </trkpt>
    <trkpt lat="47.843404" lon="2.2474511">
      <ele>110</ele>
    </trkpt>
    <trkpt lat="47.84331" lon="2.2475557">
      <ele>110</ele>
    </trkpt>
    <trkpt lat="47.843096" lon="2.24784">
      <ele>109</ele>
    </trkpt>
    <trkpt lat="47.842925" lon="2.2481243">
      <ele>109</ele>
    </trkpt>
    <trkpt lat="47.842794" lon="2.2483818">
      <ele>109</ele>
    </trkpt>
    <trkpt lat="47.842722" lon="2.2485374">
      <ele>109</ele>
    </trkpt>
    <trkpt lat="47.842538" lon="2.2488566">
      <ele>109</ele>
    </trkpt>
    <trkpt lat="47.842277" lon="2.2492321">
      <ele>109</ele>
    </trkpt>
    <trkpt lat="47.841813" lon="2.2498383">
      <ele>109</ele>
    </trkpt>
    <trkpt lat="47.841685" lon="2.2500314">
      <ele>109</ele>
    </trkpt>
    <trkpt lat="47.841517" lon="2.2503425">
      <ele>109</ele>
    </trkpt>
    <trkpt lat="47.84128" lon="2.250879">
      <ele>110</ele>
    </trkpt>
    <trkpt lat="47.84117" lon="2.2510721">
      <ele>109</ele>
    </trkpt>
    <trkpt lat="47.840837" lon="2.2515817">
      <ele>110</ele>
    </trkpt>
    <trkpt lat="47.840538" lon="2.2521879">
      <ele>110</ele>
    </trkpt>
    <trkpt lat="47.84041" lon="2.2524159">
      <ele>109</ele>
    </trkpt>
    <trkpt lat="47.840234" lon="2.2527324">
      <ele>110</ele>
    </trkpt>
    <trkpt lat="47.839948" lon="2.2530194">
      <ele>110</ele>
    </trkpt>
    <trkpt lat="47.839924" lon="2.2530489">
      <ele>110</ele>
    </trkpt>
    <trkpt lat="47.839561" lon="2.2535263">
      <ele>110</ele>
    </trkpt>
    <trkpt lat="47.839186" lon="2.2541191">
      <ele>110</ele>
    </trkpt>
    <trkpt lat="47.838009" lon="2.2564821">
      <ele>110</ele>
    </trkpt>
    <trkpt lat="47.837836" lon="2.2568683">
      <ele>110</ele>
    </trkpt>
    <trkpt lat="47.83736" lon="2.2579788">
      <ele>109</ele>
    </trkpt>
    <trkpt lat="47.837207" lon="2.2581531">
      <ele>109</ele>
    </trkpt>
    <trkpt lat="47.836709" lon="2.2585984">
      <ele>109</ele>
    </trkpt>
    <trkpt lat="47.835585" lon="2.2594352">
      <ele>110</ele>
    </trkpt>
    <trkpt lat="47.834968" lon="2.2600468">
      <ele>110</ele>
    </trkpt>
    <trkpt lat="47.834797" lon="2.260543">
      <ele>109</ele>
    </trkpt>
    <trkpt lat="47.834699" lon="2.2609292">
      <ele>108</ele>
    </trkpt>
    <trkpt lat="47.834348" lon="2.2612082">
      <ele>109</ele>
    </trkpt>
    <trkpt lat="47.83432" lon="2.2612296">
      <ele>109</ele>
    </trkpt>
    <trkpt lat="47.833273" lon="2.2618438">
      <ele>109</ele>
    </trkpt>
    <trkpt lat="47.832521" lon="2.2625224">
      <ele>110</ele>
    </trkpt>
    <trkpt lat="47.831657" lon="2.263083">
      <ele>110</ele>
    </trkpt>
    <trkpt lat="47.831172" lon="2.2634129">
      <ele>109</ele>
    </trkpt>
    <trkpt lat="47.83065" lon="2.2636731">
      <ele>110</ele>
    </trkpt>
    <trkpt lat="47.830668" lon="2.2641076">
      <ele>110</ele>
    </trkpt>
    <trkpt lat="47.830736" lon="2.2647701">
      <ele>110</ele>
    </trkpt>
    <trkpt lat="47.830942" lon="2.2660174">
      <ele>110</ele>
    </trkpt>
    <trkpt lat="47.830898" lon="2.2674255">
      <ele>110</ele>
    </trkpt>
    <trkpt lat="47.830803" lon="2.2684984">
      <ele>112</ele>
    </trkpt>
    <trkpt lat="47.830681" lon="2.2697456">
      <ele>109</ele>
    </trkpt>
    <trkpt lat="47.830718" lon="2.270215">
      <ele>110</ele>
    </trkpt>
    <trkpt lat="47.830958" lon="2.271135">
      <ele>109</ele>
    </trkpt>
    <trkpt lat="47.831075" lon="2.2718887">
      <ele>111</ele>
    </trkpt>
    <trkpt lat="47.830952" lon="2.2727524">
      <ele>109</ele>
    </trkpt>
    <trkpt lat="47.830933" lon="2.2728945">
      <ele>109</ele>
    </trkpt>
    <trkpt lat="47.830911" lon="2.2732969">
      <ele>110</ele>
    </trkpt>
    <trkpt lat="47.830936" lon="2.2744931">
      <ele>110</ele>
    </trkpt>
    <trkpt lat="47.83087" lon="2.275271">
      <ele>112</ele>
    </trkpt>
    <trkpt lat="47.830756" lon="2.2758852">
      <ele>110</ele>
    </trkpt>
    <trkpt lat="47.830697" lon="2.2762661">
      <ele>109</ele>
    </trkpt>
    <trkpt lat="47.830783" lon="2.2768884">
      <ele>111</ele>
    </trkpt>
    <trkpt lat="47.831001" lon="2.2779478">
      <ele>109</ele>
    </trkpt>
    <trkpt lat="47.831239" lon="2.2793023">
      <ele>109</ele>
    </trkpt>
    <trkpt lat="47.83135" lon="2.2804181">
      <ele>111</ele>
    </trkpt>
    <trkpt lat="47.831392" lon="2.2813998">
      <ele>112</ele>
    </trkpt>
    <trkpt lat="47.831381" lon="2.2815581">
      <ele>112</ele>
    </trkpt>
    <trkpt lat="47.831336" lon="2.2820489">
      <ele>111</ele>
    </trkpt>
    <trkpt lat="47.831327" lon="2.2822072">
      <ele>111</ele>
    </trkpt>
    <trkpt lat="47.831338" lon="2.2823547">
      <ele>111</ele>
    </trkpt>
    <trkpt lat="47.831368" lon="2.2823869">
      <ele>112</ele>
    </trkpt>
    <trkpt lat="47.831289" lon="2.2826471">
      <ele>110</ele>
    </trkpt>
    <trkpt lat="47.830974" lon="2.2843395">
      <ele>110</ele>
    </trkpt>
    <trkpt lat="47.830997" lon="2.2843556">
      <ele>110</ele>
    </trkpt>
    <trkpt lat="47.830999" lon="2.2844468">
      <ele>109</ele>
    </trkpt>
    <trkpt lat="47.830976" lon="2.2847767">
      <ele>110</ele>
    </trkpt>
    <trkpt lat="47.830979" lon="2.2850047">
      <ele>111</ele>
    </trkpt>
    <trkpt lat="47.831001" lon="2.2851308">
      <ele>110</ele>
    </trkpt>
    <trkpt lat="47.831066" lon="2.2853722">
      <ele>109</ele>
    </trkpt>
    <trkpt lat="47.831093" lon="2.2855653">
      <ele>109</ele>
    </trkpt>
    <trkpt lat="47.831106" lon="2.2857692">
      <ele>109</ele>
    </trkpt>
    <trkpt lat="47.831077" lon="2.2860025">
      <ele>109</ele>
    </trkpt>
    <trkpt lat="47.831012" lon="2.2863378">
      <ele>109</ele>
    </trkpt>
    <trkpt lat="47.830952" lon="2.2865631">
      <ele>108</ele>
    </trkpt>
    <trkpt lat="47.830807" lon="2.2869493">
      <ele>109</ele>
    </trkpt>
    <trkpt lat="47.830767" lon="2.2871022">
      <ele>109</ele>
    </trkpt>
    <trkpt lat="47.830756" lon="2.2872336">
      <ele>109</ele>
    </trkpt>
    <trkpt lat="47.830774" lon="2.2873677">
      <ele>109</ele>
    </trkpt>
    <trkpt lat="47.830852" lon="2.287585">
      <ele>110</ele>
    </trkpt>
    <trkpt lat="47.830911" lon="2.2877298">
      <ele>110</ele>
    </trkpt>
    <trkpt lat="47.830974" lon="2.2878452">
      <ele>110</ele>
    </trkpt>
    <trkpt lat="47.831044" lon="2.2879686">
      <ele>110</ele>
    </trkpt>
    <trkpt lat="47.83108" lon="2.288041">
      <ele>110</ele>
    </trkpt>
    <trkpt lat="47.831104" lon="2.2881724">
      <ele>110</ele>
    </trkpt>
    <trkpt lat="47.831115" lon="2.2883146">
      <ele>109</ele>
    </trkpt>
    <trkpt lat="47.831095" lon="2.2885533">
      <ele>109</ele>
    </trkpt>
    <trkpt lat="47.831023" lon="2.2889556">
      <ele>109</ele>
    </trkpt>
    <trkpt lat="47.830895" lon="2.2894599">
      <ele>110</ele>
    </trkpt>
    <trkpt lat="47.830632" lon="2.290337">
      <ele>109</ele>
    </trkpt>
    <trkpt lat="47.830052" lon="2.291721">
      <ele>110</ele>
    </trkpt>
    <trkpt lat="47.829726" lon="2.2923728">
      <ele>109</ele>
    </trkpt>
    <trkpt lat="47.829386" lon="2.2928421">
      <ele>109</ele>
    </trkpt>
    <trkpt lat="47.82931" lon="2.2929736">
      <ele>109</ele>
    </trkpt>
    <trkpt lat="47.829247" lon="2.293113">
      <ele>109</ele>
    </trkpt>
    <trkpt lat="47.829182" lon="2.2932445">
      <ele>109</ele>
    </trkpt>
    <trkpt lat="47.828878" lon="2.2937434">
      <ele>109</ele>
    </trkpt>
    <trkpt lat="47.828603" lon="2.2941618">
      <ele>109</ele>
    </trkpt>
    <trkpt lat="47.828296" lon="2.2945507">
      <ele>110</ele>
    </trkpt>
    <trkpt lat="47.827596" lon="2.2956853">
      <ele>110</ele>
    </trkpt>
    <trkpt lat="47.827474" lon="2.2959159">
      <ele>110</ele>
    </trkpt>
    <trkpt lat="47.827349" lon="2.2961654">
      <ele>110</ele>
    </trkpt>
    <trkpt lat="47.827202" lon="2.2964014">
      <ele>110</ele>
    </trkpt>
    <trkpt lat="47.82696" lon="2.296726">
      <ele>110</ele>
    </trkpt>
    <trkpt lat="47.826571" lon="2.2971846">
      <ele>110</ele>
    </trkpt>
    <trkpt lat="47.82644" lon="2.2973161">
      <ele>110</ele>
    </trkpt>
    <trkpt lat="47.826296" lon="2.2974421">
      <ele>110</ele>
    </trkpt>
    <trkpt lat="47.825711" lon="2.297772">
      <ele>110</ele>
    </trkpt>
    <trkpt lat="47.825457" lon="2.2978874">
      <ele>110</ele>
    </trkpt>
    <trkpt lat="47.825188" lon="2.297992">
      <ele>110</ele>
    </trkpt>
    <trkpt lat="47.824817" lon="2.2980805">
      <ele>109</ele>
    </trkpt>
    <trkpt lat="47.824663" lon="2.2981019">
      <ele>109</ele>
    </trkpt>
    <trkpt lat="47.824475" lon="2.2981127">
      <ele>109</ele>
    </trkpt>
    <trkpt lat="47.823768" lon="2.2979678">
      <ele>109</ele>
    </trkpt>
    <trkpt lat="47.823652" lon="2.2979571">
      <ele>109</ele>
    </trkpt>
    <trkpt lat="47.823539" lon="2.2979759">
      <ele>109</ele>
    </trkpt>
    <trkpt lat="47.82306" lon="2.2982039">
      <ele>110</ele>
    </trkpt>
    <trkpt lat="47.822935" lon="2.2982575">
      <ele>110</ele>
    </trkpt>
    <trkpt lat="47.822809" lon="2.2982763">
      <ele>110</ele>
    </trkpt>
    <trkpt lat="47.822534" lon="2.2983004">
      <ele>110</ele>
    </trkpt>
    <trkpt lat="47.822372" lon="2.2983407">
      <ele>110</ele>
    </trkpt>
    <trkpt lat="47.821713" lon="2.2986384">
      <ele>110</ele>
    </trkpt>
    <trkpt lat="47.821515" lon="2.2987108">
      <ele>110</ele>
    </trkpt>
    <trkpt lat="47.821444" lon="2.2987242">
      <ele>111</ele>
    </trkpt>
    <trkpt lat="47.821488" lon="2.2987966">
      <ele>110</ele>
    </trkpt>
    <trkpt lat="47.821376" lon="2.2988369">
      <ele>110</ele>
    </trkpt>
    <trkpt lat="47.821217" lon="2.2988932">
      <ele>110</ele>
    </trkpt>
    <trkpt lat="47.820679" lon="2.2991426">
      <ele>110</ele>
    </trkpt>
    <trkpt lat="47.818939" lon="2.3000036">
      <ele>110</ele>
    </trkpt>
    <trkpt lat="47.818651" lon="2.3001565">
      <ele>111</ele>
    </trkpt>
    <trkpt lat="47.818294" lon="2.3003604">
      <ele>110</ele>
    </trkpt>
    <trkpt lat="47.818076" lon="2.300414">
      <ele>111</ele>
    </trkpt>
    <trkpt lat="47.817893" lon="2.3004435">
      <ele>111</ele>
    </trkpt>
    <trkpt lat="47.817808" lon="2.3004569">
      <ele>111</ele>
    </trkpt>
    <trkpt lat="47.817252" lon="2.3004301">
      <ele>111</ele>
    </trkpt>
    <trkpt lat="47.81678" lon="2.3004167">
      <ele>111</ele>
    </trkpt>
    <trkpt lat="47.816544" lon="2.3003765">
      <ele>111</ele>
    </trkpt>
    <trkpt lat="47.816023" lon="2.3003389">
      <ele>111</ele>
    </trkpt>
    <trkpt lat="47.816011" lon="2.3002343">
      <ele>111</ele>
    </trkpt>
    <trkpt lat="47.816007" lon="2.3001941">
      <ele>111</ele>
    </trkpt>
    <trkpt lat="47.815832" lon="2.300245">
      <ele>111</ele>
    </trkpt>
    <trkpt lat="47.815294" lon="2.3004998">
      <ele>110</ele>
    </trkpt>
    <trkpt lat="47.814782" lon="2.3007439">
      <ele>110</ele>
    </trkpt>
    <trkpt lat="47.814507" lon="2.300878">
      <ele>110</ele>
    </trkpt>
    <trkpt lat="47.814415" lon="2.300937">
      <ele>110</ele>
    </trkpt>
    <trkpt lat="47.814314" lon="2.3010202">
      <ele>110</ele>
    </trkpt>
    <trkpt lat="47.814204" lon="2.3011382">
      <ele>110</ele>
    </trkpt>
    <trkpt lat="47.814139" lon="2.3012267">
      <ele>110</ele>
    </trkpt>
    <trkpt lat="47.813822" lon="2.3017712">
      <ele>111</ele>
    </trkpt>
    <trkpt lat="47.813743" lon="2.3018812">
      <ele>111</ele>
    </trkpt>
    <trkpt lat="47.813374" lon="2.3023023">
      <ele>111</ele>
    </trkpt>
    <trkpt lat="47.812909" lon="2.3028334">
      <ele>112</ele>
    </trkpt>
    <trkpt lat="47.811916" lon="2.3039653">
      <ele>112</ele>
    </trkpt>
    <trkpt lat="47.811888" lon="2.3040055">
      <ele>112</ele>
    </trkpt>
    <trkpt lat="47.811704" lon="2.3042657">
      <ele>112</ele>
    </trkpt>
    <trkpt lat="47.811497" lon="2.3045312">
      <ele>112</ele>
    </trkpt>
    <trkpt lat="47.811452" lon="2.3045848">
      <ele>112</ele>
    </trkpt>
    <trkpt lat="47.811245" lon="2.3048155">
      <ele>113</ele>
    </trkpt>
    <trkpt lat="47.810753" lon="2.3053278">
      <ele>113</ele>
    </trkpt>
    <trkpt lat="47.810688" lon="2.3054029">
      <ele>113</ele>
    </trkpt>
    <trkpt lat="47.810571" lon="2.3055478">
      <ele>113</ele>
    </trkpt>
    <trkpt lat="47.810504" lon="2.3056792">
      <ele>113</ele>
    </trkpt>
    <trkpt lat="47.810445" lon="2.3058616">
      <ele>113</ele>
    </trkpt>
    <trkpt lat="47.810362" lon="2.306162">
      <ele>113</ele>
    </trkpt>
    <trkpt lat="47.810211" lon="2.3066984">
      <ele>112</ele>
    </trkpt>
    <trkpt lat="47.810149" lon="2.3068164">
      <ele>112</ele>
    </trkpt>
    <trkpt lat="47.810034" lon="2.3069774">
      <ele>112</ele>
    </trkpt>
    <trkpt lat="47.809881" lon="2.307192">
      <ele>112</ele>
    </trkpt>
    <trkpt lat="47.809767" lon="2.3073663">
      <ele>112</ele>
    </trkpt>
    <trkpt lat="47.809713" lon="2.3074334">
      <ele>112</ele>
    </trkpt>
    <trkpt lat="47.809658" lon="2.307495">
      <ele>112</ele>
    </trkpt>
    <trkpt lat="47.809551" lon="2.3074494">
      <ele>112</ele>
    </trkpt>
    <trkpt lat="47.809476" lon="2.3074414">
      <ele>112</ele>
    </trkpt>
    <trkpt lat="47.809431" lon="2.3074655">
      <ele>112</ele>
    </trkpt>
    <trkpt lat="47.809396" lon="2.3074924">
      <ele>112</ele>
    </trkpt>
    <trkpt lat="47.809353" lon="2.307546">
      <ele>112</ele>
    </trkpt>
    <trkpt lat="47.809231" lon="2.3077659">
      <ele>113</ele>
    </trkpt>
    <trkpt lat="47.809216" lon="2.3077955">
      <ele>113</ele>
    </trkpt>
    <trkpt lat="47.808564" lon="2.3088657">
      <ele>114</ele>
    </trkpt>
    <trkpt lat="47.808532" lon="2.3089166">
      <ele>114</ele>
    </trkpt>
    <trkpt lat="47.808316" lon="2.3092787">
      <ele>113</ele>
    </trkpt>
    <trkpt lat="47.808132" lon="2.3095952">
      <ele>113</ele>
    </trkpt>
    <trkpt lat="47.808042" lon="2.3097696">
      <ele>113</ele>
    </trkpt>
    <trkpt lat="47.807894" lon="2.3102068">
      <ele>113</ele>
    </trkpt>
    <trkpt lat="47.807865" lon="2.3102899">
      <ele>113</ele>
    </trkpt>
    <trkpt lat="47.807826" lon="2.3104079">
      <ele>112</ele>
    </trkpt>
    <trkpt lat="47.807768" lon="2.3105313">
      <ele>111</ele>
    </trkpt>
    <trkpt lat="47.807703" lon="2.310652">
      <ele>112</ele>
    </trkpt>
    <trkpt lat="47.807692" lon="2.3106708">
      <ele>112</ele>
    </trkpt>
    <trkpt lat="47.807669" lon="2.310703">
      <ele>112</ele>
    </trkpt>
    <trkpt lat="47.807554" lon="2.3108693">
      <ele>112</ele>
    </trkpt>
    <trkpt lat="47.807413" lon="2.3110409">
      <ele>111</ele>
    </trkpt>
    <trkpt lat="47.80731" lon="2.3111428">
      <ele>111</ele>
    </trkpt>
    <trkpt lat="47.807204" lon="2.311226">
      <ele>111</ele>
    </trkpt>
    <trkpt lat="47.807105" lon="2.311285">
      <ele>111</ele>
    </trkpt>
    <trkpt lat="47.80702" lon="2.3113252">
      <ele>111</ele>
    </trkpt>
    <trkpt lat="47.806853" lon="2.3113816">
      <ele>111</ele>
    </trkpt>
    <trkpt lat="47.80675" lon="2.311403">
      <ele>111</ele>
    </trkpt>
    <trkpt lat="47.806644" lon="2.3114138">
      <ele>111</ele>
    </trkpt>
    <trkpt lat="47.806509" lon="2.3114057">
      <ele>111</ele>
    </trkpt>
    <trkpt lat="47.806356" lon="2.3113789">
      <ele>111</ele>
    </trkpt>
    <trkpt lat="47.805752" lon="2.3111294">
      <ele>111</ele>
    </trkpt>
    <trkpt lat="47.805057" lon="2.3108532">
      <ele>111</ele>
    </trkpt>
    <trkpt lat="47.804659" lon="2.3106869">
      <ele>111</ele>
    </trkpt>
    <trkpt lat="47.804223" lon="2.3105018">
      <ele>112</ele>
    </trkpt>
    <trkpt lat="47.803808" lon="2.310357">
      <ele>112</ele>
    </trkpt>
    <trkpt lat="47.803446" lon="2.3102872">
      <ele>111</ele>
    </trkpt>
    <trkpt lat="47.803082" lon="2.3102953">
      <ele>111</ele>
    </trkpt>
    <trkpt lat="47.802707" lon="2.3103811">
      <ele>111</ele>
    </trkpt>
    <trkpt lat="47.802347" lon="2.3105394">
      <ele>111</ele>
    </trkpt>
    <trkpt lat="47.8021" lon="2.3107056">
      <ele>111</ele>
    </trkpt>
    <trkpt lat="47.801909" lon="2.3108746">
      <ele>111</ele>
    </trkpt>
    <trkpt lat="47.801727" lon="2.3110436">
      <ele>111</ele>
    </trkpt>
    <trkpt lat="47.801522" lon="2.3112877">
      <ele>111</ele>
    </trkpt>
    <trkpt lat="47.801282" lon="2.311631">
      <ele>111</ele>
    </trkpt>
    <trkpt lat="47.801054" lon="2.3120816">
      <ele>111</ele>
    </trkpt>
    <trkpt lat="47.800632" lon="2.3129641">
      <ele>111</ele>
    </trkpt>
    <trkpt lat="47.79887" lon="2.3166843">
      <ele>112</ele>
    </trkpt>
    <trkpt lat="47.798616" lon="2.3172154">
      <ele>112</ele>
    </trkpt>
    <trkpt lat="47.798448" lon="2.3175319">
      <ele>112</ele>
    </trkpt>
    <trkpt lat="47.798365" lon="2.3176633">
      <ele>112</ele>
    </trkpt>
    <trkpt lat="47.798212" lon="2.317894">
      <ele>112</ele>
    </trkpt>
    <trkpt lat="47.798019" lon="2.3181354">
      <ele>112</ele>
    </trkpt>
    <trkpt lat="47.797719" lon="2.3184438">
      <ele>112</ele>
    </trkpt>
    <trkpt lat="47.796623" lon="2.3194255">
      <ele>113</ele>
    </trkpt>
    <trkpt lat="47.796383" lon="2.3196615">
      <ele>113</ele>
    </trkpt>
    <trkpt lat="47.796153" lon="2.319919">
      <ele>113</ele>
    </trkpt>
    <trkpt lat="47.795326" lon="2.3210375">
      <ele>113</ele>
    </trkpt>
    <trkpt lat="47.794839" lon="2.3216893">
      <ele>112</ele>
    </trkpt>
    <trkpt lat="47.794475" lon="2.3221721">
      <ele>113</ele>
    </trkpt>
    <trkpt lat="47.793852" lon="2.3230224">
      <ele>112</ele>
    </trkpt>
    <trkpt lat="47.793401" lon="2.323717">
      <ele>112</ele>
    </trkpt>
    <trkpt lat="47.793203" lon="2.3240523">
      <ele>112</ele>
    </trkpt>
    <trkpt lat="47.793" lon="2.3244117">
      <ele>112</ele>
    </trkpt>
    <trkpt lat="47.792578" lon="2.3252298">
      <ele>113</ele>
    </trkpt>
    <trkpt lat="47.791857" lon="2.3268821">
      <ele>112</ele>
    </trkpt>
    <trkpt lat="47.79158" lon="2.3274346">
      <ele>112</ele>
    </trkpt>
    <trkpt lat="47.79101" lon="2.3284592">
      <ele>113</ele>
    </trkpt>
    <trkpt lat="47.790116" lon="2.3300632">
      <ele>113</ele>
    </trkpt>
    <trkpt lat="47.789496" lon="2.3311763">
      <ele>113</ele>
    </trkpt>
    <trkpt lat="47.789206" lon="2.331643">
      <ele>113</ele>
    </trkpt>
    <trkpt lat="47.78886" lon="2.3321633">
      <ele>113</ele>
    </trkpt>
    <trkpt lat="47.78855" lon="2.332563">
      <ele>113</ele>
    </trkpt>
    <trkpt lat="47.787801" lon="2.3334266">
      <ele>113</ele>
    </trkpt>
    <trkpt lat="47.787765" lon="2.3334669">
      <ele>113</ele>
    </trkpt>
    <trkpt lat="47.787624" lon="2.3336251">
      <ele>113</ele>
    </trkpt>
    <trkpt lat="47.787433" lon="2.3338504">
      <ele>114</ele>
    </trkpt>
    <trkpt lat="47.787101" lon="2.3343145">
      <ele>115</ele>
    </trkpt>
    <trkpt lat="47.787141" lon="2.3343252">
      <ele>115</ele>
    </trkpt>
    <trkpt lat="47.787282" lon="2.3342072">
      <ele>115</ele>
    </trkpt>
    <trkpt lat="47.787316" lon="2.3342501">
      <ele>115</ele>
    </trkpt>
    <trkpt lat="47.78706" lon="2.3348428">
      <ele>114</ele>
    </trkpt>
    <trkpt lat="47.786105" lon="2.3366372">
      <ele>112</ele>
    </trkpt>
    <trkpt lat="47.785979" lon="2.3367955">
      <ele>113</ele>
    </trkpt>
    <trkpt lat="47.785139" lon="2.3382814">
      <ele>114</ele>
    </trkpt>
    <trkpt lat="47.7848" lon="2.3388823">
      <ele>114</ele>
    </trkpt>
    <trkpt lat="47.784706" lon="2.3391451">
      <ele>112</ele>
    </trkpt>
    <trkpt lat="47.783578" lon="2.3409556">
      <ele>113</ele>
    </trkpt>
    <trkpt lat="47.783365" lon="2.3412426">
      <ele>114</ele>
    </trkpt>
    <trkpt lat="47.78261" lon="2.3422323">
      <ele>114</ele>
    </trkpt>
    <trkpt lat="47.781837" lon="2.3431738">
      <ele>114</ele>
    </trkpt>
    <trkpt lat="47.781806" lon="2.343206">
      <ele>114</ele>
    </trkpt>
    <trkpt lat="47.780325" lon="2.3447241">
      <ele>113</ele>
    </trkpt>
    <trkpt lat="47.778797" lon="2.3462315">
      <ele>115</ele>
    </trkpt>
    <trkpt lat="47.778728" lon="2.3463066">
      <ele>115</ele>
    </trkpt>
    <trkpt lat="47.778375" lon="2.3467438">
      <ele>115</ele>
    </trkpt>
    <trkpt lat="47.775543" lon="2.3504506">
      <ele>114</ele>
    </trkpt>
    <trkpt lat="47.775118" lon="2.3511051">
      <ele>114</ele>
    </trkpt>
    <trkpt lat="47.774773" lon="2.3516308">
      <ele>114</ele>
    </trkpt>
    <trkpt lat="47.77431" lon="2.3523389">
      <ele>115</ele>
    </trkpt>
    <trkpt lat="47.774155" lon="2.3526849">
      <ele>114</ele>
    </trkpt>
    <trkpt lat="47.774023" lon="2.3531328">
      <ele>115</ele>
    </trkpt>
    <trkpt lat="47.773704" lon="2.3542889">
      <ele>115</ele>
    </trkpt>
    <trkpt lat="47.773411" lon="2.3552357">
      <ele>114</ele>
    </trkpt>
    <trkpt lat="47.772724" lon="2.3573627">
      <ele>115</ele>
    </trkpt>
    <trkpt lat="47.772592" lon="2.3580225">
      <ele>115</ele>
    </trkpt>
    <trkpt lat="47.772405" lon="2.3592214">
      <ele>116</ele>
    </trkpt>
    <trkpt lat="47.772246" lon="2.3604258">
      <ele>114</ele>
    </trkpt>
    <trkpt lat="47.772239" lon="2.3604955">
      <ele>114</ele>
    </trkpt>
    <trkpt lat="47.772111" lon="2.3617561">
      <ele>115</ele>
    </trkpt>
    <trkpt lat="47.771979" lon="2.3626574">
      <ele>116</ele>
    </trkpt>
    <trkpt lat="47.771977" lon="2.3627244">
      <ele>116</ele>
    </trkpt>
    <trkpt lat="47.771958" lon="2.3627807">
      <ele>117</ele>
    </trkpt>
    <trkpt lat="47.771895" lon="2.3629202">
      <ele>116</ele>
    </trkpt>
    <trkpt lat="47.771871" lon="2.3630972">
      <ele>116</ele>
    </trkpt>
    <trkpt lat="47.771849" lon="2.3636417">
      <ele>115</ele>
    </trkpt>
    <trkpt lat="47.771833" lon="2.3637168">
      <ele>115</ele>
    </trkpt>
    <trkpt lat="47.771808" lon="2.3637597">
      <ele>115</ele>
    </trkpt>
    <trkpt lat="47.771781" lon="2.3637785">
      <ele>115</ele>
    </trkpt>
    <trkpt lat="47.771783" lon="2.3642184">
      <ele>115</ele>
    </trkpt>
    <trkpt lat="47.771828" lon="2.3654013">
      <ele>116</ele>
    </trkpt>
    <trkpt lat="47.771866" lon="2.3658841">
      <ele>116</ele>
    </trkpt>
    <trkpt lat="47.771974" lon="2.3671501">
      <ele>117</ele>
    </trkpt>
    <trkpt lat="47.772021" lon="2.3677589">
      <ele>118</ele>
    </trkpt>
    <trkpt lat="47.772055" lon="2.3682605">
      <ele>118</ele>
    </trkpt>
    <trkpt lat="47.772169" lon="2.3697786">
      <ele>117</ele>
    </trkpt>
    <trkpt lat="47.772197" lon="2.3700468">
      <ele>118</ele>
    </trkpt>
    <trkpt lat="47.772407" lon="2.3712136">
      <ele>117</ele>
    </trkpt>
    <trkpt lat="47.772383" lon="2.3714684">
      <ele>117</ele>
    </trkpt>
    <trkpt lat="47.772342" lon="2.371624">
      <ele>118</ele>
    </trkpt>
    <trkpt lat="47.7723" lon="2.3716723">
      <ele>118</ele>
    </trkpt>
    <trkpt lat="47.772269" lon="2.3717313">
      <ele>118</ele>
    </trkpt>
    <trkpt lat="47.77225" lon="2.371801">
      <ele>118</ele>
    </trkpt>
    <trkpt lat="47.772172" lon="2.3718734">
      <ele>119</ele>
    </trkpt>
    <trkpt lat="47.772138" lon="2.3718895">
      <ele>119</ele>
    </trkpt>
    <trkpt lat="47.771983" lon="2.3719646">
      <ele>119</ele>
    </trkpt>
    <trkpt lat="47.771877" lon="2.3719941">
      <ele>119</ele>
    </trkpt>
    <trkpt lat="47.771711" lon="2.3720531">
      <ele>119</ele>
    </trkpt>
    <trkpt lat="47.771642" lon="2.3720934">
      <ele>118</ele>
    </trkpt>
    <trkpt lat="47.76958" lon="2.3731126">
      <ele>111</ele>
    </trkpt>
    <trkpt lat="47.768686" lon="2.3735471">
      <ele>113</ele>
    </trkpt>
    <trkpt lat="47.768231" lon="2.3737751">
      <ele>116</ele>
    </trkpt>
    <trkpt lat="47.768192" lon="2.3737939">
      <ele>117</ele>
    </trkpt>
    <trkpt lat="47.768152" lon="2.3738153">
      <ele>118</ele>
    </trkpt>
    <trkpt lat="47.768123" lon="2.3738288">
      <ele>118</ele>
    </trkpt>
    <trkpt lat="47.768035" lon="2.373877">
      <ele>119</ele>
    </trkpt>
    <trkpt lat="47.768118" lon="2.3741292">
      <ele>117</ele>
    </trkpt>
    <trkpt lat="47.768767" lon="2.3760469">
      <ele>116</ele>
    </trkpt>
    <trkpt lat="47.769252" lon="2.3774417">
      <ele>117</ele>
    </trkpt>
    <trkpt lat="47.771092" lon="2.38301">
      <ele>119</ele>
    </trkpt>
    <trkpt lat="47.771226" lon="2.3831897">
      <ele>117</ele>
    </trkpt>
    <trkpt lat="47.771269" lon="2.3832138">
      <ele>116</ele>
    </trkpt>
    <trkpt lat="47.771329" lon="2.3833747">
      <ele>115</ele>
    </trkpt>
    <trkpt lat="47.771341" lon="2.3834793">
      <ele>116</ele>
    </trkpt>
    <trkpt lat="47.77135" lon="2.3835679">
      <ele>118</ele>
    </trkpt>
    <trkpt lat="47.771383" lon="2.3838709">
      <ele>119</ele>
    </trkpt>
    <trkpt lat="47.771399" lon="2.3840158">
      <ele>119</ele>
    </trkpt>
    <trkpt lat="47.771422" lon="2.3841794">
      <ele>119</ele>
    </trkpt>
    <trkpt lat="47.771442" lon="2.3842974">
      <ele>118</ele>
    </trkpt>
    <trkpt lat="47.771473" lon="2.3845549">
      <ele>118</ele>
    </trkpt>
    <trkpt lat="47.771511" lon="2.3848473">
      <ele>117</ele>
    </trkpt>
    <trkpt lat="47.771516" lon="2.3848821">
      <ele>117</ele>
    </trkpt>
    <trkpt lat="47.771557" lon="2.3854025">
      <ele>115</ele>
    </trkpt>
    <trkpt lat="47.771612" lon="2.3860918">
      <ele>117</ele>
    </trkpt>
    <trkpt lat="47.771639" lon="2.3867838">
      <ele>119</ele>
    </trkpt>
    <trkpt lat="47.771657" lon="2.3871137">
      <ele>119</ele>
    </trkpt>
    <trkpt lat="47.771738" lon="2.3883449">
      <ele>117</ele>
    </trkpt>
    <trkpt lat="47.771779" lon="2.3895116">
      <ele>116</ele>
    </trkpt>
    <trkpt lat="47.771783" lon="2.3898174">
      <ele>116</ele>
    </trkpt>
    <trkpt lat="47.771765" lon="2.391188">
      <ele>116</ele>
    </trkpt>
    <trkpt lat="47.771693" lon="2.3920839">
      <ele>118</ele>
    </trkpt>
    <trkpt lat="47.771505" lon="2.3928885">
      <ele>116</ele>
    </trkpt>
    <trkpt lat="47.77128" lon="2.3936664">
      <ele>115</ele>
    </trkpt>
    <trkpt lat="47.771058" lon="2.3942833">
      <ele>117</ele>
    </trkpt>
    <trkpt lat="47.770786" lon="2.3949377">
      <ele>118</ele>
    </trkpt>
    <trkpt lat="47.770663" lon="2.3953749">
      <ele>116</ele>
    </trkpt>
    <trkpt lat="47.770404" lon="2.3965095">
      <ele>116</ele>
    </trkpt>
    <trkpt lat="47.770132" lon="2.3972257">
      <ele>117</ele>
    </trkpt>
    <trkpt lat="47.76987" lon="2.3979043">
      <ele>117</ele>
    </trkpt>
    <trkpt lat="47.769865" lon="2.3979204">
      <ele>117</ele>
    </trkpt>
    <trkpt lat="47.769201" lon="2.3999454">
      <ele>118</ele>
    </trkpt>
    <trkpt lat="47.768543" lon="2.4019356">
      <ele>118</ele>
    </trkpt>
    <trkpt lat="47.768365" lon="2.4028476">
      <ele>119</ele>
    </trkpt>
    <trkpt lat="47.768192" lon="2.4037998">
      <ele>116</ele>
    </trkpt>
    <trkpt lat="47.767523" lon="2.4076487">
      <ele>119</ele>
    </trkpt>
    <trkpt lat="47.767115" lon="2.4106957">
      <ele>116</ele>
    </trkpt>
    <trkpt lat="47.766917" lon="2.4119483">
      <ele>119</ele>
    </trkpt>
    <trkpt lat="47.766766" lon="2.4126832">
      <ele>117</ele>
    </trkpt>
    <trkpt lat="47.766703" lon="2.4129783">
      <ele>119</ele>
    </trkpt>
    <trkpt lat="47.766658" lon="2.4133001">
      <ele>120</ele>
    </trkpt>
    <trkpt lat="47.766582" lon="2.4142175">
      <ele>119</ele>
    </trkpt>
    <trkpt lat="47.766573" lon="2.4143435">
      <ele>118</ele>
    </trkpt>
    <trkpt lat="47.766533" lon="2.4149604">
      <ele>117</ele>
    </trkpt>
    <trkpt lat="47.766454" lon="2.4161701">
      <ele>119</ele>
    </trkpt>
    <trkpt lat="47.766355" lon="2.4175541">
      <ele>118</ele>
    </trkpt>
    <trkpt lat="47.766324" lon="2.417699">
      <ele>118</ele>
    </trkpt>
    <trkpt lat="47.766261" lon="2.4180021">
      <ele>117</ele>
    </trkpt>
    <trkpt lat="47.76609" lon="2.4186672">
      <ele>120</ele>
    </trkpt>
    <trkpt lat="47.766021" lon="2.4190159">
      <ele>118</ele>
    </trkpt>
    <trkpt lat="47.76596" lon="2.4194531">
      <ele>118</ele>
    </trkpt>
    <trkpt lat="47.765873" lon="2.4205099">
      <ele>120</ele>
    </trkpt>
    <trkpt lat="47.765841" lon="2.420703">
      <ele>120</ele>
    </trkpt>
    <trkpt lat="47.76576" lon="2.4211939">
      <ele>118</ele>
    </trkpt>
    <trkpt lat="47.765385" lon="2.4232163">
      <ele>118</ele>
    </trkpt>
    <trkpt lat="47.765361" lon="2.4235435">
      <ele>118</ele>
    </trkpt>
    <trkpt lat="47.765379" lon="2.4238305">
      <ele>118</ele>
    </trkpt>
    <trkpt lat="47.765825" lon="2.4257268">
      <ele>120</ele>
    </trkpt>
    <trkpt lat="47.765846" lon="2.4259494">
      <ele>120</ele>
    </trkpt>
    <trkpt lat="47.765857" lon="2.4262257">
      <ele>120</ele>
    </trkpt>
    <trkpt lat="47.765785" lon="2.4275373">
      <ele>120</ele>
    </trkpt>
    <trkpt lat="47.765709" lon="2.429321">
      <ele>118</ele>
    </trkpt>
    <trkpt lat="47.76572" lon="2.4296697">
      <ele>118</ele>
    </trkpt>
    <trkpt lat="47.765756" lon="2.4301873">
      <ele>118</ele>
    </trkpt>
    <trkpt lat="47.765789" lon="2.4311127">
      <ele>119</ele>
    </trkpt>
    <trkpt lat="47.765745" lon="2.4326469">
      <ele>118</ele>
    </trkpt>
    <trkpt lat="47.765743" lon="2.4326845">
      <ele>118</ele>
    </trkpt>
    <trkpt lat="47.765688" lon="2.4333604">
      <ele>118</ele>
    </trkpt>
    <trkpt lat="47.765471" lon="2.4348651">
      <ele>119</ele>
    </trkpt>
    <trkpt lat="47.765291" lon="2.4362867">
      <ele>121</ele>
    </trkpt>
    <trkpt lat="47.765112" lon="2.4378933">
      <ele>118</ele>
    </trkpt>
    <trkpt lat="47.765037" lon="2.4383949">
      <ele>120</ele>
    </trkpt>
    <trkpt lat="47.765031" lon="2.4384324">
      <ele>121</ele>
    </trkpt>
    <trkpt lat="47.764689" lon="2.4402537">
      <ele>121</ele>
    </trkpt>
    <trkpt lat="47.7646" lon="2.4407257">
      <ele>118</ele>
    </trkpt>
    <trkpt lat="47.76449" lon="2.4412193">
      <ele>120</ele>
    </trkpt>
    <trkpt lat="47.764404" lon="2.4415519">
      <ele>120</ele>
    </trkpt>
    <trkpt lat="47.76422" lon="2.4422653">
      <ele>119</ele>
    </trkpt>
    <trkpt lat="47.764206" lon="2.4423163">
      <ele>119</ele>
    </trkpt>
    <trkpt lat="47.764036" lon="2.4429734">
      <ele>118</ele>
    </trkpt>
    <trkpt lat="47.763948" lon="2.4432014">
      <ele>119</ele>
    </trkpt>
    <trkpt lat="47.763789" lon="2.4435394">
      <ele>119</ele>
    </trkpt>
    <trkpt lat="47.763776" lon="2.4435876">
      <ele>118</ele>
    </trkpt>
    <trkpt lat="47.7636" lon="2.4441268">
      <ele>121</ele>
    </trkpt>
    <trkpt lat="47.76331" lon="2.4452426">
      <ele>121</ele>
    </trkpt>
    <trkpt lat="47.763241" lon="2.4455081">
      <ele>118</ele>
    </trkpt>
    <trkpt lat="47.763209" lon="2.4455966">
      <ele>118</ele>
    </trkpt>
    <trkpt lat="47.762507" lon="2.4474742">
      <ele>121</ele>
    </trkpt>
    <trkpt lat="47.762379" lon="2.4478229">
      <ele>118</ele>
    </trkpt>
    <trkpt lat="47.761503" lon="2.4499847">
      <ele>118</ele>
    </trkpt>
    <trkpt lat="47.761234" lon="2.4507679">
      <ele>118</ele>
    </trkpt>
    <trkpt lat="47.760868" lon="2.4519293">
      <ele>120</ele>
    </trkpt>
    <trkpt lat="47.760643" lon="2.452447">
      <ele>119</ele>
    </trkpt>
    <trkpt lat="47.760315" lon="2.4531578">
      <ele>120</ele>
    </trkpt>
    <trkpt lat="47.759767" lon="2.4543433">
      <ele>120</ele>
    </trkpt>
    <trkpt lat="47.759453" lon="2.4551158">
      <ele>121</ele>
    </trkpt>
    <trkpt lat="47.759154" lon="2.4558963">
      <ele>120</ele>
    </trkpt>
    <trkpt lat="47.757495" lon="2.4596782">
      <ele>121</ele>
    </trkpt>
    <trkpt lat="47.756721" lon="2.4614512">
      <ele>120</ele>
    </trkpt>
    <trkpt lat="47.756541" lon="2.4619098">
      <ele>119</ele>
    </trkpt>
    <trkpt lat="47.756195" lon="2.4627038">
      <ele>120</ele>
    </trkpt>
    <trkpt lat="47.756106" lon="2.4629237">
      <ele>122</ele>
    </trkpt>
    <trkpt lat="47.755901" lon="2.4633341">
      <ele>119</ele>
    </trkpt>
    <trkpt lat="47.755859" lon="2.4634119">
      <ele>120</ele>
    </trkpt>
    <trkpt lat="47.75585" lon="2.4634279">
      <ele>120</ele>
    </trkpt>
    <trkpt lat="47.75581" lon="2.463487">
      <ele>121</ele>
    </trkpt>
    <trkpt lat="47.755785" lon="2.4635272">
      <ele>121</ele>
    </trkpt>
    <trkpt lat="47.755693" lon="2.4636667">
      <ele>120</ele>
    </trkpt>
    <trkpt lat="47.755673" lon="2.4636989">
      <ele>120</ele>
    </trkpt>
    <trkpt lat="47.755298" lon="2.4644391">
      <ele>122</ele>
    </trkpt>
    <trkpt lat="47.755136" lon="2.4647717">
      <ele>119</ele>
    </trkpt>
    <trkpt lat="47.754243" lon="2.4667941">
      <ele>120</ele>
    </trkpt>
    <trkpt lat="47.754114" lon="2.4670918">
      <ele>121</ele>
    </trkpt>
    <trkpt lat="47.753724" lon="2.4679931">
      <ele>120</ele>
    </trkpt>
    <trkpt lat="47.753614" lon="2.4682506">
      <ele>122</ele>
    </trkpt>
    <trkpt lat="47.753528" lon="2.4684464">
      <ele>120</ele>
    </trkpt>
    <trkpt lat="47.752997" lon="2.4696748">
      <ele>121</ele>
    </trkpt>
    <trkpt lat="47.752821" lon="2.4699243">
      <ele>121</ele>
    </trkpt>
    <trkpt lat="47.752657" lon="2.4700557">
      <ele>121</ele>
    </trkpt>
    <trkpt lat="47.752227" lon="2.4702166">
      <ele>122</ele>
    </trkpt>
    <trkpt lat="47.752202" lon="2.4702273">
      <ele>122</ele>
    </trkpt>
    <trkpt lat="47.752134" lon="2.4702649">
      <ele>122</ele>
    </trkpt>
    <trkpt lat="47.751953" lon="2.4703668">
      <ele>121</ele>
    </trkpt>
    <trkpt lat="47.751652" lon="2.4705921">
      <ele>122</ele>
    </trkpt>
    <trkpt lat="47.750886" lon="2.4711581">
      <ele>122</ele>
    </trkpt>
    <trkpt lat="47.750204" lon="2.4718447">
      <ele>121</ele>
    </trkpt>
    <trkpt lat="47.749719" lon="2.4722792">
      <ele>122</ele>
    </trkpt>
    <trkpt lat="47.749198" lon="2.4727754">
      <ele>122</ele>
    </trkpt>
    <trkpt lat="47.748749" lon="2.4733414">
      <ele>121</ele>
    </trkpt>
    <trkpt lat="47.748366" lon="2.4739529">
      <ele>121</ele>
    </trkpt>
    <trkpt lat="47.746786" lon="2.476729">
      <ele>120</ele>
    </trkpt>
    <trkpt lat="47.746238" lon="2.4779038">
      <ele>121</ele>
    </trkpt>
    <trkpt lat="47.746085" lon="2.4781774">
      <ele>122</ele>
    </trkpt>
    <trkpt lat="47.745816" lon="2.4783759">
      <ele>122</ele>
    </trkpt>
    <trkpt lat="47.744544" lon="2.479033">
      <ele>121</ele>
    </trkpt>
    <trkpt lat="47.744433" lon="2.4791484">
      <ele>123</ele>
    </trkpt>
    <trkpt lat="47.743966" lon="2.4796339">
      <ele>121</ele>
    </trkpt>
    <trkpt lat="47.742144" lon="2.4816455">
      <ele>121</ele>
    </trkpt>
    <trkpt lat="47.741807" lon="2.4820183">
      <ele>121</ele>
    </trkpt>
    <trkpt lat="47.741525" lon="2.48311">
      <ele>121</ele>
    </trkpt>
    <trkpt lat="47.741338" lon="2.4834238">
      <ele>121</ele>
    </trkpt>
    <trkpt lat="47.740005" lon="2.4846469">
      <ele>122</ele>
    </trkpt>
    <trkpt lat="47.738442" lon="2.4860846">
      <ele>121</ele>
    </trkpt>
    <trkpt lat="47.737178" lon="2.4871628">
      <ele>122</ele>
    </trkpt>
    <trkpt lat="47.736487" lon="2.4876215">
      <ele>122</ele>
    </trkpt>
    <trkpt lat="47.736025" lon="2.4879272">
      <ele>122</ele>
    </trkpt>
    <trkpt lat="47.735881" lon="2.4880238">
      <ele>122</ele>
    </trkpt>
    <trkpt lat="47.735807" lon="2.488107">
      <ele>122</ele>
    </trkpt>
    <trkpt lat="47.73506" lon="2.4889492">
      <ele>122</ele>
    </trkpt>
    <trkpt lat="47.7344" lon="2.4896921">
      <ele>122</ele>
    </trkpt>
    <trkpt lat="47.733967" lon="2.4901803">
      <ele>122</ele>
    </trkpt>
    <trkpt lat="47.733076" lon="2.4911834">
      <ele>122</ele>
    </trkpt>
    <trkpt lat="47.732535" lon="2.4917923">
      <ele>123</ele>
    </trkpt>
    <trkpt lat="47.732358" lon="2.4920793">
      <ele>121</ele>
    </trkpt>
    <trkpt lat="47.732264" lon="2.4922912">
      <ele>123</ele>
    </trkpt>
    <trkpt lat="47.732168" lon="2.4925031">
      <ele>123</ele>
    </trkpt>
    <trkpt lat="47.731932" lon="2.493002">
      <ele>123</ele>
    </trkpt>
    <trkpt lat="47.731373" lon="2.4938093">
      <ele>123</ele>
    </trkpt>
    <trkpt lat="47.730184" lon="2.4955528">
      <ele>122</ele>
    </trkpt>
    <trkpt lat="47.72959" lon="2.4964191">
      <ele>121</ele>
    </trkpt>
    <trkpt lat="47.72797" lon="2.498699">
      <ele>122</ele>
    </trkpt>
    <trkpt lat="47.727286" lon="2.4996619">
      <ele>123</ele>
    </trkpt>
    <trkpt lat="47.726687" lon="2.5004934">
      <ele>125</ele>
    </trkpt>
    <trkpt lat="47.726373" lon="2.5001501">
      <ele>130</ele>
    </trkpt>
    <trkpt lat="47.726314" lon="2.500083">
      <ele>130</ele>
    </trkpt>
    <trkpt lat="47.725957" lon="2.4997102">
      <ele>132</ele>
    </trkpt>
    <trkpt lat="47.725522" lon="2.4993025">
      <ele>132</ele>
    </trkpt>
    <trkpt lat="47.725498" lon="2.4992784">
      <ele>132</ele>
    </trkpt>
    <trkpt lat="47.724934" lon="2.500657">
      <ele>132</ele>
    </trkpt>
    <trkpt lat="47.724818" lon="2.5009413">
      <ele>132</ele>
    </trkpt>
    <trkpt lat="47.724656" lon="2.5013329">
      <ele>132</ele>
    </trkpt>
    <trkpt lat="47.724533" lon="2.5016441">
      <ele>132</ele>
    </trkpt>
    <trkpt lat="47.72423" lon="2.5023736">
      <ele>132</ele>
    </trkpt>
    <trkpt lat="47.724205" lon="2.50243">
      <ele>132</ele>
    </trkpt>
    <trkpt lat="47.724064" lon="2.5027277">
      <ele>132</ele>
    </trkpt>
    <trkpt lat="47.723681" lon="2.5036718">
      <ele>132</ele>
    </trkpt>
    <trkpt lat="47.723611" lon="2.5038408">
      <ele>132</ele>
    </trkpt>
    <trkpt lat="47.723358" lon="2.5044389">
      <ele>132</ele>
    </trkpt>
    <trkpt lat="47.723331" lon="2.504506">
      <ele>132</ele>
    </trkpt>
    <trkpt lat="47.723301" lon="2.5045489">
      <ele>132</ele>
    </trkpt>
    <trkpt lat="47.723026" lon="2.5049325">
      <ele>131</ele>
    </trkpt>
    <trkpt lat="47.722684" lon="2.5053562">
      <ele>131</ele>
    </trkpt>
    <trkpt lat="47.722265" lon="2.5057049">
      <ele>131</ele>
    </trkpt>
    <trkpt lat="47.721413" lon="2.5063487">
      <ele>132</ele>
    </trkpt>
    <trkpt lat="47.721049" lon="2.506641">
      <ele>132</ele>
    </trkpt>
    <trkpt lat="47.720863" lon="2.5068878">
      <ele>132</ele>
    </trkpt>
    <trkpt lat="47.72058" lon="2.5073169">
      <ele>131</ele>
    </trkpt>
    <trkpt lat="47.720055" lon="2.5081967">
      <ele>130</ele>
    </trkpt>
    <trkpt lat="47.719732" lon="2.5087546">
      <ele>130</ele>
    </trkpt>
    <trkpt lat="47.719706" lon="2.5087948">
      <ele>130</ele>
    </trkpt>
    <trkpt lat="47.719535" lon="2.5090362">
      <ele>129</ele>
    </trkpt>
    <trkpt lat="47.718714" lon="2.509975">
      <ele>123</ele>
    </trkpt>
    <trkpt lat="47.718279" lon="2.5104444">
      <ele>122</ele>
    </trkpt>
    <trkpt lat="47.718212" lon="2.5105195">
      <ele>122</ele>
    </trkpt>
    <trkpt lat="47.718035" lon="2.5107099">
      <ele>122</ele>
    </trkpt>
    <trkpt lat="47.716974" lon="2.5119303">
      <ele>122</ele>
    </trkpt>
    <trkpt lat="47.714747" lon="2.5145723">
      <ele>123</ele>
    </trkpt>
    <trkpt lat="47.712939" lon="2.5167047">
      <ele>123</ele>
    </trkpt>
    <trkpt lat="47.712811" lon="2.5168468">
      <ele>123</ele>
    </trkpt>
    <trkpt lat="47.712768" lon="2.5169085">
      <ele>123</ele>
    </trkpt>
    <trkpt lat="47.712593" lon="2.5171982">
      <ele>123</ele>
    </trkpt>
    <trkpt lat="47.712463" lon="2.5175093">
      <ele>123</ele>
    </trkpt>
    <trkpt lat="47.712161" lon="2.5182362">
      <ele>124</ele>
    </trkpt>
    <trkpt lat="47.711654" lon="2.5194808">
      <ele>124</ele>
    </trkpt>
    <trkpt lat="47.711629" lon="2.5195398">
      <ele>124</ele>
    </trkpt>
    <trkpt lat="47.711602" lon="2.5196041">
      <ele>124</ele>
    </trkpt>
    <trkpt lat="47.711071" lon="2.5208755">
      <ele>125</ele>
    </trkpt>
    <trkpt lat="47.710676" lon="2.521707">
      <ele>125</ele>
    </trkpt>
    <trkpt lat="47.70946" lon="2.5243087">
      <ele>125</ele>
    </trkpt>
    <trkpt lat="47.709185" lon="2.5249739">
      <ele>126</ele>
    </trkpt>
    <trkpt lat="47.709008" lon="2.5254728">
      <ele>126</ele>
    </trkpt>
    <trkpt lat="47.708651" lon="2.5264974">
      <ele>126</ele>
    </trkpt>
    <trkpt lat="47.707996" lon="2.5284581">
      <ele>126</ele>
    </trkpt>
    <trkpt lat="47.707972" lon="2.5285252">
      <ele>125</ele>
    </trkpt>
    <trkpt lat="47.707907" lon="2.528721">
      <ele>125</ele>
    </trkpt>
    <trkpt lat="47.707711" lon="2.5293754">
      <ele>124</ele>
    </trkpt>
    <trkpt lat="47.707593" lon="2.5297483">
      <ele>124</ele>
    </trkpt>
    <trkpt lat="47.707451" lon="2.5301372">
      <ele>125</ele>
    </trkpt>
    <trkpt lat="47.707315" lon="2.5304295">
      <ele>125</ele>
    </trkpt>
    <trkpt lat="47.706642" lon="2.531607">
      <ele>127</ele>
    </trkpt>
    <trkpt lat="47.706393" lon="2.5320308">
      <ele>128</ele>
    </trkpt>
    <trkpt lat="47.70531" lon="2.5338467">
      <ele>132</ele>
    </trkpt>
    <trkpt lat="47.704897" lon="2.5345038">
      <ele>132</ele>
    </trkpt>
    <trkpt lat="47.70476" lon="2.5346916">
      <ele>133</ele>
    </trkpt>
    <trkpt lat="47.704667" lon="2.5348015">
      <ele>133</ele>
    </trkpt>
    <trkpt lat="47.704545" lon="2.5349195">
      <ele>133</ele>
    </trkpt>
    <trkpt lat="47.704431" lon="2.5350027">
      <ele>133</ele>
    </trkpt>
    <trkpt lat="47.704272" lon="2.5350993">
      <ele>133</ele>
    </trkpt>
    <trkpt lat="47.704256" lon="2.5351502">
      <ele>133</ele>
    </trkpt>
    <trkpt lat="47.704214" lon="2.5352656">
      <ele>133</ele>
    </trkpt>
    <trkpt lat="47.704169" lon="2.5353407">
      <ele>133</ele>
    </trkpt>
    <trkpt lat="47.703325" lon="2.5367971">
      <ele>133</ele>
    </trkpt>
    <trkpt lat="47.703084" lon="2.5372155">
      <ele>134</ele>
    </trkpt>
    <trkpt lat="47.703034" lon="2.5372906">
      <ele>134</ele>
    </trkpt>
    <trkpt lat="47.702976" lon="2.5373604">
      <ele>133</ele>
    </trkpt>
    <trkpt lat="47.702803" lon="2.5375669">
      <ele>133</ele>
    </trkpt>
    <trkpt lat="47.702671" lon="2.5377251">
      <ele>133</ele>
    </trkpt>
    <trkpt lat="47.702231" lon="2.5381945">
      <ele>132</ele>
    </trkpt>
    <trkpt lat="47.702009" lon="2.5385003">
      <ele>132</ele>
    </trkpt>
    <trkpt lat="47.701958" lon="2.5385915">
      <ele>132</ele>
    </trkpt>
    <trkpt lat="47.70174" lon="2.5390475">
      <ele>130</ele>
    </trkpt>
    <trkpt lat="47.701635" lon="2.5393425">
      <ele>128</ele>
    </trkpt>
    <trkpt lat="47.701469" lon="2.5397314">
      <ele>125</ele>
    </trkpt>
    <trkpt lat="47.70146" lon="2.5399138">
      <ele>123</ele>
    </trkpt>
    <trkpt lat="47.701399" lon="2.540123">
      <ele>122</ele>
    </trkpt>
    <trkpt lat="47.701458" lon="2.540284">
      <ele>122</ele>
    </trkpt>
    <trkpt lat="47.701417" lon="2.5404315">
      <ele>122</ele>
    </trkpt>
    <trkpt lat="47.701247" lon="2.5408901">
      <ele>122</ele>
    </trkpt>
    <trkpt lat="47.701231" lon="2.5409572">
      <ele>122</ele>
    </trkpt>
    <trkpt lat="47.701232" lon="2.5410672">
      <ele>122</ele>
    </trkpt>
    <trkpt lat="47.701258" lon="2.541153">
      <ele>122</ele>
    </trkpt>
    <trkpt lat="47.70127" lon="2.5412496">
      <ele>122</ele>
    </trkpt>
    <trkpt lat="47.701283" lon="2.5413381">
      <ele>122</ele>
    </trkpt>
    <trkpt lat="47.701323" lon="2.5415527">
      <ele>123</ele>
    </trkpt>
    <trkpt lat="47.701305" lon="2.5416707">
      <ele>124</ele>
    </trkpt>
    <trkpt lat="47.701276" lon="2.5418048">
      <ele>124</ele>
    </trkpt>
    <trkpt lat="47.701196" lon="2.5419282">
      <ele>125</ele>
    </trkpt>
    <trkpt lat="47.700826" lon="2.5425933">
      <ele>129</ele>
    </trkpt>
    <trkpt lat="47.700763" lon="2.5427033">
      <ele>130</ele>
    </trkpt>
    <trkpt lat="47.700696" lon="2.5427865">
      <ele>130</ele>
    </trkpt>
    <trkpt lat="47.70063" lon="2.5428401">
      <ele>130</ele>
    </trkpt>
    <trkpt lat="47.700256" lon="2.5430359">
      <ele>131</ele>
    </trkpt>
    <trkpt lat="47.700184" lon="2.5431164">
      <ele>131</ele>
    </trkpt>
    <trkpt lat="47.700086" lon="2.5432934">
      <ele>132</ele>
    </trkpt>
    <trkpt lat="47.700037" lon="2.5434168">
      <ele>132</ele>
    </trkpt>
    <trkpt lat="47.700305" lon="2.5438647">
      <ele>132</ele>
    </trkpt>
    <trkpt lat="47.700924" lon="2.5445084">
      <ele>129</ele>
    </trkpt>
    <trkpt lat="47.700974" lon="2.5446023">
      <ele>128</ele>
    </trkpt>
    <trkpt lat="47.701005" lon="2.5446962">
      <ele>128</ele>
    </trkpt>
    <trkpt lat="47.701012" lon="2.5448437">
      <ele>127</ele>
    </trkpt>
    <trkpt lat="47.701047" lon="2.5462546">
      <ele>122</ele>
    </trkpt>
    <trkpt lat="47.701111" lon="2.5474455">
      <ele>122</ele>
    </trkpt>
    <trkpt lat="47.701162" lon="2.5483521">
      <ele>122</ele>
    </trkpt>
    <trkpt lat="47.701261" lon="2.5492238">
      <ele>122</ele>
    </trkpt>
    <trkpt lat="47.70137" lon="2.5498863">
      <ele>122</ele>
    </trkpt>
    <trkpt lat="47.701435" lon="2.5501223">
      <ele>122</ele>
    </trkpt>
    <trkpt lat="47.70151" lon="2.5503396">
      <ele>121</ele>
    </trkpt>
    <trkpt lat="47.702267" lon="2.5517316">
      <ele>121</ele>
    </trkpt>
    <trkpt lat="47.702294" lon="2.5518336">
      <ele>122</ele>
    </trkpt>
    <trkpt lat="47.702292" lon="2.5519248">
      <ele>122</ele>
    </trkpt>
    <trkpt lat="47.701808" lon="2.5533839">
      <ele>122</ele>
    </trkpt>
    <trkpt lat="47.701584" lon="2.5541993">
      <ele>122</ele>
    </trkpt>
    <trkpt lat="47.701534" lon="2.5545345">
      <ele>122</ele>
    </trkpt>
    <trkpt lat="47.701548" lon="2.5548671">
      <ele>122</ele>
    </trkpt>
    <trkpt lat="47.701606" lon="2.5552561">
      <ele>121</ele>
    </trkpt>
    <trkpt lat="47.702072" lon="2.556742">
      <ele>122</ele>
    </trkpt>
    <trkpt lat="47.70261" lon="2.5587563">
      <ele>122</ele>
    </trkpt>
    <trkpt lat="47.703039" lon="2.5613044">
      <ele>125</ele>
    </trkpt>
    <trkpt lat="47.703041" lon="2.5613822">
      <ele>126</ele>
    </trkpt>
    <trkpt lat="47.703047" lon="2.5615217">
      <ele>126</ele>
    </trkpt>
    <trkpt lat="47.703018" lon="2.5617014">
      <ele>125</ele>
    </trkpt>
    <trkpt lat="47.702644" lon="2.5634368">
      <ele>123</ele>
    </trkpt>
    <trkpt lat="47.702447" lon="2.5640671">
      <ele>124</ele>
    </trkpt>
    <trkpt lat="47.702334" lon="2.5643756">
      <ele>123</ele>
    </trkpt>
    <trkpt lat="47.702207" lon="2.5647189">
      <ele>126</ele>
    </trkpt>
    <trkpt lat="47.701776" lon="2.565655">
      <ele>123</ele>
    </trkpt>
    <trkpt lat="47.701068" lon="2.5671275">
      <ele>124</ele>
    </trkpt>
    <trkpt lat="47.700023" lon="2.5692035">
      <ele>125</ele>
    </trkpt>
    <trkpt lat="47.699232" lon="2.5707431">
      <ele>124</ele>
    </trkpt>
    <trkpt lat="47.698507" lon="2.5723766">
      <ele>124</ele>
    </trkpt>
    <trkpt lat="47.697887" lon="2.5738143">
      <ele>124</ele>
    </trkpt>
    <trkpt lat="47.697028" lon="2.5756167">
      <ele>124</ele>
    </trkpt>
    <trkpt lat="47.696775" lon="2.5763221">
      <ele>124</ele>
    </trkpt>
    <trkpt lat="47.696452" lon="2.5773655">
      <ele>124</ele>
    </trkpt>
    <trkpt lat="47.696277" lon="2.5780173">
      <ele>124</ele>
    </trkpt>
    <trkpt lat="47.696039" lon="2.5787603">
      <ele>124</ele>
    </trkpt>
    <trkpt lat="47.695642" lon="2.5798761">
      <ele>124</ele>
    </trkpt>
    <trkpt lat="47.695539" lon="2.580206">
      <ele>126</ele>
    </trkpt>
    <trkpt lat="47.695127" lon="2.5815283">
      <ele>124</ele>
    </trkpt>
    <trkpt lat="47.694725" lon="2.5830437">
      <ele>127</ele>
    </trkpt>
    <trkpt lat="47.694223" lon="2.5848006">
      <ele>125</ele>
    </trkpt>
    <trkpt lat="47.693419" lon="2.5874855">
      <ele>124</ele>
    </trkpt>
    <trkpt lat="47.693067" lon="2.5884243">
      <ele>126</ele>
    </trkpt>
    <trkpt lat="47.692937" lon="2.5887434">
      <ele>124</ele>
    </trkpt>
    <trkpt lat="47.692656" lon="2.5894381">
      <ele>124</ele>
    </trkpt>
    <trkpt lat="47.692309" lon="2.5905512">
      <ele>125</ele>
    </trkpt>
    <trkpt lat="47.692091" lon="2.5914739">
      <ele>124</ele>
    </trkpt>
    <trkpt lat="47.691944" lon="2.5922008">
      <ele>126</ele>
    </trkpt>
    <trkpt lat="47.691926" lon="2.5923698">
      <ele>126</ele>
    </trkpt>
    <trkpt lat="47.691908" lon="2.5926997">
      <ele>126</ele>
    </trkpt>
    <trkpt lat="47.691942" lon="2.5930886">
      <ele>125</ele>
    </trkpt>
    <trkpt lat="47.69197" lon="2.5933783">
      <ele>125</ele>
    </trkpt>
    <trkpt lat="47.691932" lon="2.5938396">
      <ele>125</ele>
    </trkpt>
    <trkpt lat="47.691711" lon="2.5955509">
      <ele>125</ele>
    </trkpt>
    <trkpt lat="47.691648" lon="2.595854">
      <ele>124</ele>
    </trkpt>
    <trkpt lat="47.691318" lon="2.597246">
      <ele>124</ele>
    </trkpt>
    <trkpt lat="47.691042" lon="2.5982358">
      <ele>124</ele>
    </trkpt>
    <trkpt lat="47.690792" lon="2.5990834">
      <ele>124</ele>
    </trkpt>
    <trkpt lat="47.690325" lon="2.6006068">
      <ele>124</ele>
    </trkpt>
    <trkpt lat="47.69002" lon="2.6015564">
      <ele>124</ele>
    </trkpt>
    <trkpt lat="47.689489" lon="2.6030316">
      <ele>124</ele>
    </trkpt>
    <trkpt lat="47.689227" lon="2.6037933">
      <ele>124</ele>
    </trkpt>
    <trkpt lat="47.688826" lon="2.6047053">
      <ele>124</ele>
    </trkpt>
    <trkpt lat="47.688465" lon="2.6055367">
      <ele>124</ele>
    </trkpt>
    <trkpt lat="47.688037" lon="2.6065184">
      <ele>125</ele>
    </trkpt>
    <trkpt lat="47.68792" lon="2.6068188">
      <ele>123</ele>
    </trkpt>
    <trkpt lat="47.687875" lon="2.6069342">
      <ele>122</ele>
    </trkpt>
    <trkpt lat="47.687815" lon="2.6070897">
      <ele>123</ele>
    </trkpt>
    <trkpt lat="47.687698" lon="2.6074036">
      <ele>124</ele>
    </trkpt>
    <trkpt lat="47.687602" lon="2.6076852">
      <ele>124</ele>
    </trkpt>
    <trkpt lat="47.687387" lon="2.6081814">
      <ele>124</ele>
    </trkpt>
    <trkpt lat="47.687113" lon="2.6088815">
      <ele>124</ele>
    </trkpt>
    <trkpt lat="47.686723" lon="2.6099973">
      <ele>125</ele>
    </trkpt>
    <trkpt lat="47.686594" lon="2.6104211">
      <ele>124</ele>
    </trkpt>
    <trkpt lat="47.685919" lon="2.6129691">
      <ele>125</ele>
    </trkpt>
    <trkpt lat="47.685903" lon="2.6130335">
      <ele>126</ele>
    </trkpt>
    <trkpt lat="47.685247" lon="2.6158525">
      <ele>125</ele>
    </trkpt>
    <trkpt lat="47.685145" lon="2.6162575">
      <ele>125</ele>
    </trkpt>
    <trkpt lat="47.68502" lon="2.6166196">
      <ele>126</ele>
    </trkpt>
    <trkpt lat="47.684874" lon="2.6169978">
      <ele>125</ele>
    </trkpt>
    <trkpt lat="47.684431" lon="2.6178695">
      <ele>126</ele>
    </trkpt>
    <trkpt lat="47.683882" lon="2.6190041">
      <ele>126</ele>
    </trkpt>
    <trkpt lat="47.683351" lon="2.6203452">
      <ele>126</ele>
    </trkpt>
    <trkpt lat="47.683229" lon="2.620651">
      <ele>125</ele>
    </trkpt>
    <trkpt lat="47.683097" lon="2.620946">
      <ele>125</ele>
    </trkpt>
    <trkpt lat="47.682443" lon="2.6223274">
      <ele>126</ele>
    </trkpt>
    <trkpt lat="47.682382" lon="2.6224776">
      <ele>126</ele>
    </trkpt>
    <trkpt lat="47.682172" lon="2.6231133">
      <ele>126</ele>
    </trkpt>
    <trkpt lat="47.682122" lon="2.6232742">
      <ele>126</ele>
    </trkpt>
    <trkpt lat="47.682116" lon="2.6232903">
      <ele>126</ele>
    </trkpt>
    <trkpt lat="47.682133" lon="2.6233681">
      <ele>126</ele>
    </trkpt>
    <trkpt lat="47.681842" lon="2.6242532">
      <ele>126</ele>
    </trkpt>
    <trkpt lat="47.681829" lon="2.6243685">
      <ele>126</ele>
    </trkpt>
    <trkpt lat="47.681847" lon="2.6243766">
      <ele>126</ele>
    </trkpt>
    <trkpt lat="47.681874" lon="2.6244329">
      <ele>125</ele>
    </trkpt>
    <trkpt lat="47.681901" lon="2.6245482">
      <ele>125</ele>
    </trkpt>
    <trkpt lat="47.681844" lon="2.6250954">
      <ele>126</ele>
    </trkpt>
    <trkpt lat="47.681566" lon="2.6274236">
      <ele>125</ele>
    </trkpt>
    <trkpt lat="47.681387" lon="2.628813">
      <ele>126</ele>
    </trkpt>
    <trkpt lat="47.681376" lon="2.6288505">
      <ele>126</ele>
    </trkpt>
    <trkpt lat="47.68136" lon="2.6289122">
      <ele>126</ele>
    </trkpt>
    <trkpt lat="47.681311" lon="2.6291107">
      <ele>126</ele>
    </trkpt>
    <trkpt lat="47.681278" lon="2.6290946">
      <ele>126</ele>
    </trkpt>
    <trkpt lat="47.681246" lon="2.6292555">
      <ele>126</ele>
    </trkpt>
    <trkpt lat="47.681217" lon="2.6294004">
      <ele>127</ele>
    </trkpt>
    <trkpt lat="47.68119" lon="2.6295935">
      <ele>127</ele>
    </trkpt>
    <trkpt lat="47.681136" lon="2.6297946">
      <ele>128</ele>
    </trkpt>
    <trkpt lat="47.68112" lon="2.6298563">
      <ele>128</ele>
    </trkpt>
    <trkpt lat="47.6811" lon="2.6299153">
      <ele>129</ele>
    </trkpt>
    <trkpt lat="47.681058" lon="2.6299931">
      <ele>129</ele>
    </trkpt>
    <trkpt lat="47.681046" lon="2.6300092">
      <ele>129</ele>
    </trkpt>
    <trkpt lat="47.681035" lon="2.6300253">
      <ele>129</ele>
    </trkpt>
    <trkpt lat="47.681026" lon="2.6300441">
      <ele>129</ele>
    </trkpt>
    <trkpt lat="47.68102" lon="2.6300656">
      <ele>129</ele>
    </trkpt>
    <trkpt lat="47.681013" lon="2.6301111">
      <ele>129</ele>
    </trkpt>
    <trkpt lat="47.681017" lon="2.6301594">
      <ele>128</ele>
    </trkpt>
    <trkpt lat="47.681031" lon="2.6302023">
      <ele>129</ele>
    </trkpt>
    <trkpt lat="47.681051" lon="2.6302345">
      <ele>129</ele>
    </trkpt>
    <trkpt lat="47.681069" lon="2.6302533">
      <ele>129</ele>
    </trkpt>
    <trkpt lat="47.681089" lon="2.630264">
      <ele>129</ele>
    </trkpt>
    <trkpt lat="47.681111" lon="2.6302667">
      <ele>129</ele>
    </trkpt>
    <trkpt lat="47.681125" lon="2.6302667">
      <ele>129</ele>
    </trkpt>
    <trkpt lat="47.681141" lon="2.6302614">
      <ele>128</ele>
    </trkpt>
    <trkpt lat="47.681156" lon="2.6302533">
      <ele>128</ele>
    </trkpt>
    <trkpt lat="47.681174" lon="2.6302372">
      <ele>128</ele>
    </trkpt>
    <trkpt lat="47.68119" lon="2.6302184">
      <ele>128</ele>
    </trkpt>
    <trkpt lat="47.681204" lon="2.6301862">
      <ele>127</ele>
    </trkpt>
    <trkpt lat="47.681237" lon="2.6302238">
      <ele>127</ele>
    </trkpt>
    <trkpt lat="47.681277" lon="2.6302479">
      <ele>126</ele>
    </trkpt>
    <trkpt lat="47.681293" lon="2.6302587">
      <ele>126</ele>
    </trkpt>
    <trkpt lat="47.683039" lon="2.6313181">
      <ele>121</ele>
    </trkpt>
    <trkpt lat="47.683628" lon="2.6316776">
      <ele>121</ele>
    </trkpt>
    <trkpt lat="47.683704" lon="2.6317232">
      <ele>124</ele>
    </trkpt>
    <trkpt lat="47.683718" lon="2.6317339">
      <ele>124</ele>
    </trkpt>
    <trkpt lat="47.683722" lon="2.6317822">
      <ele>124</ele>
    </trkpt>
    <trkpt lat="47.6837" lon="2.6318573">
      <ele>124</ele>
    </trkpt>
    <trkpt lat="47.683669" lon="2.6319833">
      <ele>124</ele>
    </trkpt>
    <trkpt lat="47.68351" lon="2.6323883">
      <ele>125</ele>
    </trkpt>
    <trkpt lat="47.683456" lon="2.6325251">
      <ele>125</ele>
    </trkpt>
    <trkpt lat="47.683344" lon="2.6327719">
      <ele>127</ele>
    </trkpt>
    <trkpt lat="47.683353" lon="2.6328121">
      <ele>127</ele>
    </trkpt>
    <trkpt lat="47.683364" lon="2.6328658">
      <ele>127</ele>
    </trkpt>
    <trkpt lat="47.6834" lon="2.6329409">
      <ele>127</ele>
    </trkpt>
    <trkpt lat="47.68342" lon="2.6329704">
      <ele>127</ele>
    </trkpt>
    <trkpt lat="47.683458" lon="2.6330321">
      <ele>126</ele>
    </trkpt>
    <trkpt lat="47.683527" lon="2.6331474">
      <ele>127</ele>
    </trkpt>
    <trkpt lat="47.683557" lon="2.6332011">
      <ele>127</ele>
    </trkpt>
    <trkpt lat="47.683574" lon="2.6332386">
      <ele>127</ele>
    </trkpt>
    <trkpt lat="47.683613" lon="2.6332386">
      <ele>127</ele>
    </trkpt>
    <trkpt lat="47.683644" lon="2.6332493">
      <ele>127</ele>
    </trkpt>
    <trkpt lat="47.68387" lon="2.63337">
      <ele>128</ele>
    </trkpt>
    <trkpt lat="47.683937" lon="2.6334049">
      <ele>128</ele>
    </trkpt>
    <trkpt lat="47.683978" lon="2.6334264">
      <ele>128</ele>
    </trkpt>
    <trkpt lat="47.684014" lon="2.6334425">
      <ele>128</ele>
    </trkpt>
    <trkpt lat="47.684253" lon="2.6335712">
      <ele>128</ele>
    </trkpt>
    <trkpt lat="47.684522" lon="2.6337053">
      <ele>129</ele>
    </trkpt>
    <trkpt lat="47.684758" lon="2.6338206">
      <ele>129</ele>
    </trkpt>
    <trkpt lat="47.684906" lon="2.6338957">
      <ele>129</ele>
    </trkpt>
    <trkpt lat="47.68498" lon="2.6339252">
      <ele>129</ele>
    </trkpt>
    <trkpt lat="47.685016" lon="2.6339252">
      <ele>129</ele>
    </trkpt>
    <trkpt lat="47.685096" lon="2.6339226">
      <ele>129</ele>
    </trkpt>
    <trkpt lat="47.685417" lon="2.6338287">
      <ele>129</ele>
    </trkpt>
    <trkpt lat="47.68597" lon="2.6336865">
      <ele>129</ele>
    </trkpt>
    <trkpt lat="47.686044" lon="2.6336651">
      <ele>130</ele>
    </trkpt>
    <trkpt lat="47.686129" lon="2.6336409">
      <ele>130</ele>
    </trkpt>
    <trkpt lat="47.686228" lon="2.6336302">
      <ele>130</ele>
    </trkpt>
    <trkpt lat="47.686259" lon="2.6336275">
      <ele>131</ele>
    </trkpt>
    <trkpt lat="47.686284" lon="2.6336731">
      <ele>131</ele>
    </trkpt>
    <trkpt lat="47.686318" lon="2.6336973">
      <ele>131</ele>
    </trkpt>
    <trkpt lat="47.68636" lon="2.6336973">
      <ele>131</ele>
    </trkpt>
    <trkpt lat="47.686398" lon="2.6336704">
      <ele>131</ele>
    </trkpt>
    <trkpt lat="47.686427" lon="2.6336087">
      <ele>131</ele>
    </trkpt>
    <trkpt lat="47.68651" lon="2.6335685">
      <ele>131</ele>
    </trkpt>
    <trkpt lat="47.686715" lon="2.633488">
      <ele>131</ele>
    </trkpt>
    <trkpt lat="47.687394" lon="2.6332869">
      <ele>132</ele>
    </trkpt>
    <trkpt lat="47.687456" lon="2.6332627">
      <ele>132</ele>
    </trkpt>
    <trkpt lat="47.687506" lon="2.6332332">
      <ele>132</ele>
    </trkpt>
    <trkpt lat="47.687566" lon="2.6331903">
      <ele>132</ele>
    </trkpt>
    <trkpt lat="47.687622" lon="2.633134">
      <ele>133</ele>
    </trkpt>
    <trkpt lat="47.6877" lon="2.6330562">
      <ele>133</ele>
    </trkpt>
    <trkpt lat="47.687766" lon="2.632957">
      <ele>133</ele>
    </trkpt>
    <trkpt lat="47.688028" lon="2.6324956">
      <ele>134</ele>
    </trkpt>
    <trkpt lat="47.688097" lon="2.6324152">
      <ele>134</ele>
    </trkpt>
    <trkpt lat="47.688174" lon="2.6323749">
      <ele>134</ele>
    </trkpt>
    <trkpt lat="47.688294" lon="2.6323374">
      <ele>135</ele>
    </trkpt>
    <trkpt lat="47.688407" lon="2.6323481">
      <ele>135</ele>
    </trkpt>
    <trkpt lat="47.688619" lon="2.6324366">
      <ele>136</ele>
    </trkpt>
    <trkpt lat="47.688992" lon="2.6325922">
      <ele>137</ele>
    </trkpt>
    <trkpt lat="47.689184" lon="2.6326378">
      <ele>138</ele>
    </trkpt>
    <trkpt lat="47.689391" lon="2.6326512">
      <ele>138</ele>
    </trkpt>
    <trkpt lat="47.689399" lon="2.6325895">
      <ele>138</ele>
    </trkpt>
    <trkpt lat="47.689411" lon="2.6325681">
      <ele>138</ele>
    </trkpt>
    <trkpt lat="47.689561" lon="2.6324152">
      <ele>139</ele>
    </trkpt>
    <trkpt lat="47.690083" lon="2.6319109">
      <ele>141</ele>
    </trkpt>
    <trkpt lat="47.690202" lon="2.6317983">
      <ele>142</ele>
    </trkpt>
    <trkpt lat="47.690244" lon="2.6317527">
      <ele>142</ele>
    </trkpt>
    <trkpt lat="47.690857" lon="2.6311706">
      <ele>146</ele>
    </trkpt>
    <trkpt lat="47.690948" lon="2.6310821">
      <ele>148</ele>
    </trkpt>
    <trkpt lat="47.691043" lon="2.6309855">
      <ele>148</ele>
    </trkpt>
    <trkpt lat="47.691152" lon="2.6308756">
      <ele>149</ele>
    </trkpt>
    <trkpt lat="47.691173" lon="2.6308541">
      <ele>149</ele>
    </trkpt>
    <trkpt lat="47.691202" lon="2.6308246">
      <ele>149</ele>
    </trkpt>
    <trkpt lat="47.691276" lon="2.6307468">
      <ele>150</ele>
    </trkpt>
    <trkpt lat="47.691352" lon="2.6306798">
      <ele>150</ele>
    </trkpt>
    <trkpt lat="47.691412" lon="2.6306422">
      <ele>151</ele>
    </trkpt>
    <trkpt lat="47.691495" lon="2.6306315">
      <ele>151</ele>
    </trkpt>
    <trkpt lat="47.691704" lon="2.6306664">
      <ele>151</ele>
    </trkpt>
    <trkpt lat="47.69187" lon="2.6306932">
      <ele>151</ele>
    </trkpt>
    <trkpt lat="47.691915" lon="2.6307016">
      <ele>151</ele>
    </trkpt>
    <trkpt lat="47.691858" lon="2.6313879">
      <ele>147</ele>
    </trkpt>
    <trkpt lat="47.691858" lon="2.6313879">
      <ele>151</ele>
    </trkpt>
    <trkpt lat="47.691915" lon="2.6307016">
      <ele>151</ele>
    </trkpt>
    <trkpt lat="47.69187" lon="2.6306932">
      <ele>151</ele>
    </trkpt>
    <trkpt lat="47.691704" lon="2.6306664">
      <ele>151</ele>
    </trkpt>
    <trkpt lat="47.691495" lon="2.6306315">
      <ele>151</ele>
    </trkpt>
    <trkpt lat="47.691412" lon="2.6306422">
      <ele>151</ele>
    </trkpt>
    <trkpt lat="47.691352" lon="2.6306798">
      <ele>150</ele>
    </trkpt>
    <trkpt lat="47.691276" lon="2.6307468">
      <ele>150</ele>
    </trkpt>
    <trkpt lat="47.691202" lon="2.6308246">
      <ele>149</ele>
    </trkpt>
    <trkpt lat="47.691173" lon="2.6308541">
      <ele>149</ele>
    </trkpt>
    <trkpt lat="47.691152" lon="2.6308756">
      <ele>149</ele>
    </trkpt>
    <trkpt lat="47.691043" lon="2.6309855">
      <ele>148</ele>
    </trkpt>
    <trkpt lat="47.690948" lon="2.6310821">
      <ele>148</ele>
    </trkpt>
    <trkpt lat="47.690857" lon="2.6311706">
      <ele>146</ele>
    </trkpt>
    <trkpt lat="47.690244" lon="2.6317527">
      <ele>142</ele>
    </trkpt>
    <trkpt lat="47.690202" lon="2.6317983">
      <ele>142</ele>
    </trkpt>
    <trkpt lat="47.690083" lon="2.6319109">
      <ele>141</ele>
    </trkpt>
    <trkpt lat="47.689561" lon="2.6324152">
      <ele>139</ele>
    </trkpt>
    <trkpt lat="47.689411" lon="2.6325681">
      <ele>138</ele>
    </trkpt>
    <trkpt lat="47.689399" lon="2.6325895">
      <ele>138</ele>
    </trkpt>
    <trkpt lat="47.689391" lon="2.6326512">
      <ele>138</ele>
    </trkpt>
    <trkpt lat="47.689184" lon="2.6326378">
      <ele>138</ele>
    </trkpt>
    <trkpt lat="47.688992" lon="2.6325922">
      <ele>137</ele>
    </trkpt>
    <trkpt lat="47.688619" lon="2.6324366">
      <ele>136</ele>
    </trkpt>
    <trkpt lat="47.688407" lon="2.6323481">
      <ele>135</ele>
    </trkpt>
    <trkpt lat="47.688294" lon="2.6323374">
      <ele>135</ele>
    </trkpt>
    <trkpt lat="47.688174" lon="2.6323749">
      <ele>134</ele>
    </trkpt>
    <trkpt lat="47.688097" lon="2.6324152">
      <ele>134</ele>
    </trkpt>
    <trkpt lat="47.688028" lon="2.6324956">
      <ele>134</ele>
    </trkpt>
    <trkpt lat="47.687766" lon="2.632957">
      <ele>133</ele>
    </trkpt>
    <trkpt lat="47.6877" lon="2.6330562">
      <ele>133</ele>
    </trkpt>
    <trkpt lat="47.687622" lon="2.633134">
      <ele>133</ele>
    </trkpt>
    <trkpt lat="47.687566" lon="2.6331903">
      <ele>132</ele>
    </trkpt>
    <trkpt lat="47.687506" lon="2.6332332">
      <ele>132</ele>
    </trkpt>
    <trkpt lat="47.687456" lon="2.6332627">
      <ele>132</ele>
    </trkpt>
    <trkpt lat="47.687394" lon="2.6332869">
      <ele>132</ele>
    </trkpt>
    <trkpt lat="47.686715" lon="2.633488">
      <ele>131</ele>
    </trkpt>
    <trkpt lat="47.686515" lon="2.6334934">
      <ele>131</ele>
    </trkpt>
    <trkpt lat="47.686445" lon="2.63348">
      <ele>131</ele>
    </trkpt>
    <trkpt lat="47.686407" lon="2.6334746">
      <ele>131</ele>
    </trkpt>
    <trkpt lat="47.686381" lon="2.6334451">
      <ele>131</ele>
    </trkpt>
    <trkpt lat="47.686345" lon="2.633429">
      <ele>131</ele>
    </trkpt>
    <trkpt lat="47.686307" lon="2.6334371">
      <ele>131</ele>
    </trkpt>
    <trkpt lat="47.686277" lon="2.6334666">
      <ele>131</ele>
    </trkpt>
    <trkpt lat="47.686253" lon="2.6334585">
      <ele>131</ele>
    </trkpt>
    <trkpt lat="47.686197" lon="2.6334371">
      <ele>131</ele>
    </trkpt>
    <trkpt lat="47.686145" lon="2.6334183">
      <ele>131</ele>
    </trkpt>
    <trkpt lat="47.686037" lon="2.6333754">
      <ele>131</ele>
    </trkpt>
    <trkpt lat="47.685665" lon="2.6332359">
      <ele>131</ele>
    </trkpt>
    <trkpt lat="47.685645" lon="2.6332279">
      <ele>131</ele>
    </trkpt>
    <trkpt lat="47.685605" lon="2.6332118">
      <ele>131</ele>
    </trkpt>
    <trkpt lat="47.685238" lon="2.633075">
      <ele>131</ele>
    </trkpt>
    <trkpt lat="47.685188" lon="2.6330589">
      <ele>131</ele>
    </trkpt>
    <trkpt lat="47.685119" lon="2.6330374">
      <ele>131</ele>
    </trkpt>
    <trkpt lat="47.684762" lon="2.632906">
      <ele>129</ele>
    </trkpt>
    <trkpt lat="47.684711" lon="2.6328792">
      <ele>129</ele>
    </trkpt>
    <trkpt lat="47.684686" lon="2.6328524">
      <ele>129</ele>
    </trkpt>
    <trkpt lat="47.684319" lon="2.6324178">
      <ele>128</ele>
    </trkpt>
    <trkpt lat="47.684244" lon="2.6323186">
      <ele>128</ele>
    </trkpt>
    <trkpt lat="47.68418" lon="2.6322811">
      <ele>128</ele>
    </trkpt>
    <trkpt lat="47.684139" lon="2.6322328">
      <ele>128</ele>
    </trkpt>
    <trkpt lat="47.68407" lon="2.6321496">
      <ele>128</ele>
    </trkpt>
    <trkpt lat="47.683991" lon="2.6320611">
      <ele>128</ele>
    </trkpt>
    <trkpt lat="47.683918" lon="2.6319619">
      <ele>128</ele>
    </trkpt>
    <trkpt lat="47.683877" lon="2.6319082">
      <ele>128</ele>
    </trkpt>
    <trkpt lat="47.683868" lon="2.6318975">
      <ele>128</ele>
    </trkpt>
    <trkpt lat="47.683859" lon="2.6318841">
      <ele>127</ele>
    </trkpt>
    <trkpt lat="47.683794" lon="2.6317956">
      <ele>126</ele>
    </trkpt>
    <trkpt lat="47.683732" lon="2.6317419">
      <ele>124</ele>
    </trkpt>
    <trkpt lat="47.683718" lon="2.6317339">
      <ele>124</ele>
    </trkpt>
    <trkpt lat="47.683704" lon="2.6317232">
      <ele>124</ele>
    </trkpt>
    <trkpt lat="47.683628" lon="2.6316776">
      <ele>121</ele>
    </trkpt>
    <trkpt lat="47.683039" lon="2.6313181">
      <ele>121</ele>
    </trkpt>
    <trkpt lat="47.681293" lon="2.6302587">
      <ele>126</ele>
    </trkpt>
    <trkpt lat="47.681277" lon="2.6302479">
      <ele>126</ele>
    </trkpt>
    <trkpt lat="47.681237" lon="2.6302238">
      <ele>127</ele>
    </trkpt>
    <trkpt lat="47.681204" lon="2.6301862">
      <ele>127</ele>
    </trkpt>
    <trkpt lat="47.68121" lon="2.6301648">
      <ele>127</ele>
    </trkpt>
    <trkpt lat="47.681213" lon="2.6301407">
      <ele>127</ele>
    </trkpt>
    <trkpt lat="47.681215" lon="2.6301058">
      <ele>127</ele>
    </trkpt>
    <trkpt lat="47.68121" lon="2.6300736">
      <ele>127</ele>
    </trkpt>
    <trkpt lat="47.681201" lon="2.6300414">
      <ele>127</ele>
    </trkpt>
    <trkpt lat="47.681186" lon="2.6300146">
      <ele>127</ele>
    </trkpt>
    <trkpt lat="47.681165" lon="2.6299878">
      <ele>128</ele>
    </trkpt>
    <trkpt lat="47.681139" lon="2.6299744">
      <ele>128</ele>
    </trkpt>
    <trkpt lat="47.681111" lon="2.629969">
      <ele>129</ele>
    </trkpt>
    <trkpt lat="47.681083" lon="2.629977">
      <ele>129</ele>
    </trkpt>
    <trkpt lat="47.681058" lon="2.6299931">
      <ele>129</ele>
    </trkpt>
    <trkpt lat="47.681046" lon="2.6300092">
      <ele>129</ele>
    </trkpt>
    <trkpt lat="47.681035" lon="2.6300253">
      <ele>129</ele>
    </trkpt>
    <trkpt lat="47.681026" lon="2.6300441">
      <ele>129</ele>
    </trkpt>
    <trkpt lat="47.68102" lon="2.6300656">
      <ele>129</ele>
    </trkpt>
    <trkpt lat="47.681013" lon="2.6301111">
      <ele>129</ele>
    </trkpt>
    <trkpt lat="47.681017" lon="2.6301594">
      <ele>128</ele>
    </trkpt>
    <trkpt lat="47.681031" lon="2.6302023">
      <ele>129</ele>
    </trkpt>
    <trkpt lat="47.681051" lon="2.6302345">
      <ele>129</ele>
    </trkpt>
    <trkpt lat="47.681082" lon="2.6302801">
      <ele>129</ele>
    </trkpt>
    <trkpt lat="47.681092" lon="2.630315">
      <ele>129</ele>
    </trkpt>
    <trkpt lat="47.681098" lon="2.6303552">
      <ele>129</ele>
    </trkpt>
    <trkpt lat="47.681094" lon="2.6304169">
      <ele>128</ele>
    </trkpt>
    <trkpt lat="47.681094" lon="2.6304893">
      <ele>128</ele>
    </trkpt>
    <trkpt lat="47.681046" lon="2.6306154">
      <ele>127</ele>
    </trkpt>
    <trkpt lat="47.680973" lon="2.6307897">
      <ele>126</ele>
    </trkpt>
    <trkpt lat="47.680802" lon="2.6312001">
      <ele>126</ele>
    </trkpt>
    <trkpt lat="47.68076" lon="2.6313155">
      <ele>126</ele>
    </trkpt>
    <trkpt lat="47.680724" lon="2.6314147">
      <ele>126</ele>
    </trkpt>
    <trkpt lat="47.680674" lon="2.6315569">
      <ele>125</ele>
    </trkpt>
    <trkpt lat="47.680664" lon="2.6315837">
      <ele>125</ele>
    </trkpt>
    <trkpt lat="47.680655" lon="2.6316051">
      <ele>125</ele>
    </trkpt>
    <trkpt lat="47.680697" lon="2.63164">
      <ele>125</ele>
    </trkpt>
    <trkpt lat="47.68071" lon="2.6316454">
      <ele>124</ele>
    </trkpt>
    <trkpt lat="47.680655" lon="2.6319672">
      <ele>125</ele>
    </trkpt>
    <trkpt lat="47.680493" lon="2.6324661">
      <ele>124</ele>
    </trkpt>
    <trkpt lat="47.680016" lon="2.6337509">
      <ele>125</ele>
    </trkpt>
    <trkpt lat="47.679704" lon="2.6347353">
      <ele>125</ele>
    </trkpt>
    <trkpt lat="47.679364" lon="2.6356285">
      <ele>125</ele>
    </trkpt>
    <trkpt lat="47.679254" lon="2.6359584">
      <ele>126</ele>
    </trkpt>
    <trkpt lat="47.679045" lon="2.6367362">
      <ele>125</ele>
    </trkpt>
    <trkpt lat="47.678822" lon="2.6375382">
      <ele>125</ele>
    </trkpt>
    <trkpt lat="47.678716" lon="2.6377769">
      <ele>125</ele>
    </trkpt>
    <trkpt lat="47.678633" lon="2.6377474">
      <ele>127</ele>
    </trkpt>
    <trkpt lat="47.678597" lon="2.637742">
      <ele>127</ele>
    </trkpt>
    <trkpt lat="47.67786" lon="2.6372646">
      <ele>127</ele>
    </trkpt>
    <trkpt lat="47.677795" lon="2.6372217">
      <ele>127</ele>
    </trkpt>
    <trkpt lat="47.67747" lon="2.6370044">
      <ele>127</ele>
    </trkpt>
    <trkpt lat="47.677089" lon="2.6367523">
      <ele>127</ele>
    </trkpt>
    <trkpt lat="47.676227" lon="2.6363205">
      <ele>126</ele>
    </trkpt>
    <trkpt lat="47.675819" lon="2.6361112">
      <ele>126</ele>
    </trkpt>
    <trkpt lat="47.675315" lon="2.6358564">
      <ele>127</ele>
    </trkpt>
    <trkpt lat="47.675032" lon="2.6356794">
      <ele>127</ele>
    </trkpt>
    <trkpt lat="47.674528" lon="2.635261">
      <ele>126</ele>
    </trkpt>
    <trkpt lat="47.674466" lon="2.6351725">
      <ele>126</ele>
    </trkpt>
    <trkpt lat="47.67445" lon="2.6351403">
      <ele>126</ele>
    </trkpt>
    <trkpt lat="47.674443" lon="2.6351698">
      <ele>126</ele>
    </trkpt>
    <trkpt lat="47.674365" lon="2.6352503">
      <ele>126</ele>
    </trkpt>
    <trkpt lat="47.674188" lon="2.6355024">
      <ele>126</ele>
    </trkpt>
    <trkpt lat="47.674159" lon="2.6355641">
      <ele>126</ele>
    </trkpt>
    <trkpt lat="47.674154" lon="2.6356043">
      <ele>126</ele>
    </trkpt>
    <trkpt lat="47.674237" lon="2.6360469">
      <ele>127</ele>
    </trkpt>
    <trkpt lat="47.674364" lon="2.636527">
      <ele>126</ele>
    </trkpt>
    <trkpt lat="47.674593" lon="2.6372136">
      <ele>128</ele>
    </trkpt>
    <trkpt lat="47.674636" lon="2.6373209">
      <ele>128</ele>
    </trkpt>
    <trkpt lat="47.674647" lon="2.6373665">
      <ele>127</ele>
    </trkpt>
    <trkpt lat="47.67464" lon="2.6374014">
      <ele>127</ele>
    </trkpt>
    <trkpt lat="47.674615" lon="2.6374175">
      <ele>128</ele>
    </trkpt>
    <trkpt lat="47.674396" lon="2.6375838">
      <ele>127</ele>
    </trkpt>
    <trkpt lat="47.674329" lon="2.6376106">
      <ele>127</ele>
    </trkpt>
    <trkpt lat="47.674284" lon="2.637624">
      <ele>127</ele>
    </trkpt>
    <trkpt lat="47.674199" lon="2.6375918">
      <ele>126</ele>
    </trkpt>
    <trkpt lat="47.673892" lon="2.6374577">
      <ele>127</ele>
    </trkpt>
    <trkpt lat="47.673042" lon="2.6371305">
      <ele>126</ele>
    </trkpt>
    <trkpt lat="47.673018" lon="2.637101">
      <ele>126</ele>
    </trkpt>
    <trkpt lat="47.671797" lon="2.6386754">
      <ele>126</ele>
    </trkpt>
    <trkpt lat="47.671719" lon="2.6387988">
      <ele>126</ele>
    </trkpt>
    <trkpt lat="47.670753" lon="2.640325">
      <ele>126</ele>
    </trkpt>
    <trkpt lat="47.670428" lon="2.6408695">
      <ele>126</ele>
    </trkpt>
    <trkpt lat="47.6702" lon="2.6413201">
      <ele>126</ele>
    </trkpt>
    <trkpt lat="47.669599" lon="2.642511">
      <ele>126</ele>
    </trkpt>
    <trkpt lat="47.668936" lon="2.6439138">
      <ele>125</ele>
    </trkpt>
    <trkpt lat="47.668203" lon="2.6456036">
      <ele>126</ele>
    </trkpt>
    <trkpt lat="47.667787" lon="2.6467382">
      <ele>126</ele>
    </trkpt>
    <trkpt lat="47.667737" lon="2.6468508">
      <ele>125</ele>
    </trkpt>
    <trkpt lat="47.667686" lon="2.6469179">
      <ele>125</ele>
    </trkpt>
    <trkpt lat="47.667632" lon="2.6469527">
      <ele>125</ele>
    </trkpt>
    <trkpt lat="47.667547" lon="2.6469688">
      <ele>125</ele>
    </trkpt>
    <trkpt lat="47.667487" lon="2.6469554">
      <ele>125</ele>
    </trkpt>
    <trkpt lat="47.667291" lon="2.6468294">
      <ele>126</ele>
    </trkpt>
    <trkpt lat="47.667045" lon="2.646714">
      <ele>126</ele>
    </trkpt>
    <trkpt lat="47.666814" lon="2.6466121">
      <ele>126</ele>
    </trkpt>
    <trkpt lat="47.66657" lon="2.6465853">
      <ele>126</ele>
    </trkpt>
    <trkpt lat="47.66595" lon="2.6465826">
      <ele>126</ele>
    </trkpt>
    <trkpt lat="47.665656" lon="2.6466577">
      <ele>126</ele>
    </trkpt>
    <trkpt lat="47.665361" lon="2.6467864">
      <ele>126</ele>
    </trkpt>
    <trkpt lat="47.665309" lon="2.6467972">
      <ele>126</ele>
    </trkpt>
    <trkpt lat="47.665264" lon="2.6468052">
      <ele>126</ele>
    </trkpt>
    <trkpt lat="47.665217" lon="2.6468106">
      <ele>126</ele>
    </trkpt>
    <trkpt lat="47.665157" lon="2.6468106">
      <ele>126</ele>
    </trkpt>
    <trkpt lat="47.6651" lon="2.6468079">
      <ele>126</ele>
    </trkpt>
    <trkpt lat="47.665045" lon="2.6467999">
      <ele>126</ele>
    </trkpt>
    <trkpt lat="47.665013" lon="2.6467945">
      <ele>126</ele>
    </trkpt>
    <trkpt lat="47.664957" lon="2.6467811">
      <ele>126</ele>
    </trkpt>
    <trkpt lat="47.664912" lon="2.6467677">
      <ele>126</ele>
    </trkpt>
    <trkpt lat="47.664872" lon="2.6467516">
      <ele>126</ele>
    </trkpt>
    <trkpt lat="47.66483" lon="2.6467355">
      <ele>126</ele>
    </trkpt>
    <trkpt lat="47.664791" lon="2.646714">
      <ele>126</ele>
    </trkpt>
    <trkpt lat="47.664742" lon="2.6466872">
      <ele>126</ele>
    </trkpt>
    <trkpt lat="47.663893" lon="2.6459925">
      <ele>127</ele>
    </trkpt>
    <trkpt lat="47.66375" lon="2.6459442">
      <ele>128</ele>
    </trkpt>
    <trkpt lat="47.663577" lon="2.6459308">
      <ele>129</ele>
    </trkpt>
    <trkpt lat="47.663279" lon="2.6459067">
      <ele>130</ele>
    </trkpt>
    <trkpt lat="47.663141" lon="2.6458611">
      <ele>130</ele>
    </trkpt>
    <trkpt lat="47.662742" lon="2.6456814">
      <ele>132</ele>
    </trkpt>
    <trkpt lat="47.662634" lon="2.645625">
      <ele>132</ele>
    </trkpt>
    <trkpt lat="47.662552" lon="2.6455955">
      <ele>132</ele>
    </trkpt>
    <trkpt lat="47.662531" lon="2.6458691">
      <ele>133</ele>
    </trkpt>
    <trkpt lat="47.662486" lon="2.6459925">
      <ele>134</ele>
    </trkpt>
    <trkpt lat="47.662455" lon="2.6460783">
      <ele>134</ele>
    </trkpt>
    <trkpt lat="47.662404" lon="2.6462366">
      <ele>135</ele>
    </trkpt>
    <trkpt lat="47.662282" lon="2.6466631">
      <ele>136</ele>
    </trkpt>
    <trkpt lat="47.662162" lon="2.6471351">
      <ele>136</ele>
    </trkpt>
    <trkpt lat="47.662092" lon="2.6474516">
      <ele>136</ele>
    </trkpt>
    <trkpt lat="47.661994" lon="2.647972">
      <ele>136</ele>
    </trkpt>
    <trkpt lat="47.661958" lon="2.6481839">
      <ele>136</ele>
    </trkpt>
    <trkpt lat="47.66187" lon="2.6486372">
      <ele>136</ele>
    </trkpt>
    <trkpt lat="47.661833" lon="2.6488678">
      <ele>136</ele>
    </trkpt>
    <trkpt lat="47.661828" lon="2.6491066">
      <ele>136</ele>
    </trkpt>
    <trkpt lat="47.661828" lon="2.6493533">
      <ele>135</ele>
    </trkpt>
    <trkpt lat="47.661835" lon="2.6495733">
      <ele>135</ele>
    </trkpt>
    <trkpt lat="47.661857" lon="2.650048">
      <ele>135</ele>
    </trkpt>
    <trkpt lat="47.661859" lon="2.650225">
      <ele>135</ele>
    </trkpt>
    <trkpt lat="47.661846" lon="2.6505013">
      <ele>135</ele>
    </trkpt>
    <trkpt lat="47.661814" lon="2.6507776">
      <ele>135</ele>
    </trkpt>
    <trkpt lat="47.661702" lon="2.6513677">
      <ele>136</ele>
    </trkpt>
    <trkpt lat="47.661488" lon="2.6522179">
      <ele>135</ele>
    </trkpt>
    <trkpt lat="47.661432" lon="2.6524164">
      <ele>134</ele>
    </trkpt>
    <trkpt lat="47.661293" lon="2.652977">
      <ele>136</ele>
    </trkpt>
    <trkpt lat="47.661152" lon="2.65361">
      <ele>137</ele>
    </trkpt>
    <trkpt lat="47.661127" lon="2.6537226">
      <ele>137</ele>
    </trkpt>
    <trkpt lat="47.661116" lon="2.6537602">
      <ele>137</ele>
    </trkpt>
    <trkpt lat="47.660945" lon="2.6543959">
      <ele>136</ele>
    </trkpt>
    <trkpt lat="47.66084" lon="2.6547177">
      <ele>136</ele>
    </trkpt>
    <trkpt lat="47.660556" lon="2.6555278">
      <ele>135</ele>
    </trkpt>
    <trkpt lat="47.660172" lon="2.6563029">
      <ele>137</ele>
    </trkpt>
    <trkpt lat="47.659743" lon="2.6573007">
      <ele>138</ele>
    </trkpt>
    <trkpt lat="47.659574" lon="2.6577057">
      <ele>139</ele>
    </trkpt>
    <trkpt lat="47.659416" lon="2.6581161">
      <ele>139</ele>
    </trkpt>
    <trkpt lat="47.659406" lon="2.6581429">
      <ele>139</ele>
    </trkpt>
    <trkpt lat="47.659371" lon="2.6581188">
      <ele>139</ele>
    </trkpt>
    <trkpt lat="47.659362" lon="2.6581483">
      <ele>139</ele>
    </trkpt>
    <trkpt lat="47.659218" lon="2.6587089">
      <ele>139</ele>
    </trkpt>
    <trkpt lat="47.659089" lon="2.6594196">
      <ele>138</ele>
    </trkpt>
    <trkpt lat="47.658992" lon="2.659771">
      <ele>138</ele>
    </trkpt>
    <trkpt lat="47.65882" lon="2.6602592">
      <ele>137</ele>
    </trkpt>
    <trkpt lat="47.658688" lon="2.6605301">
      <ele>137</ele>
    </trkpt>
    <trkpt lat="47.658493" lon="2.6607956">
      <ele>137</ele>
    </trkpt>
    <trkpt lat="47.658338" lon="2.660978">
      <ele>135</ele>
    </trkpt>
    <trkpt lat="47.658294" lon="2.6610719">
      <ele>134</ele>
    </trkpt>
    <trkpt lat="47.65822" lon="2.6610746">
      <ele>134</ele>
    </trkpt>
    <trkpt lat="47.658128" lon="2.6611631">
      <ele>134</ele>
    </trkpt>
    <trkpt lat="47.658074" lon="2.661257">
      <ele>135</ele>
    </trkpt>
    <trkpt lat="47.657682" lon="2.6622655">
      <ele>139</ele>
    </trkpt>
    <trkpt lat="47.657147" lon="2.6636683">
      <ele>141</ele>
    </trkpt>
    <trkpt lat="47.657057" lon="2.6639123">
      <ele>141</ele>
    </trkpt>
    <trkpt lat="47.656903" lon="2.664261">
      <ele>140</ele>
    </trkpt>
    <trkpt lat="47.656817" lon="2.6645132">
      <ele>141</ele>
    </trkpt>
    <trkpt lat="47.656795" lon="2.6646017">
      <ele>140</ele>
    </trkpt>
    <trkpt lat="47.656779" lon="2.6647626">
      <ele>140</ele>
    </trkpt>
    <trkpt lat="47.656537" lon="2.666152">
      <ele>134</ele>
    </trkpt>
    <trkpt lat="47.65641" lon="2.6668252">
      <ele>130</ele>
    </trkpt>
    <trkpt lat="47.656327" lon="2.6673027">
      <ele>129</ele>
    </trkpt>
    <trkpt lat="47.656287" lon="2.6674582">
      <ele>129</ele>
    </trkpt>
    <trkpt lat="47.656231" lon="2.6676057">
      <ele>129</ele>
    </trkpt>
    <trkpt lat="47.656161" lon="2.6677828">
      <ele>130</ele>
    </trkpt>
    <trkpt lat="47.656025" lon="2.667992">
      <ele>130</ele>
    </trkpt>
    <trkpt lat="47.655996" lon="2.6680429">
      <ele>130</ele>
    </trkpt>
    <trkpt lat="47.654482" lon="2.667021">
      <ele>141</ele>
    </trkpt>
    <trkpt lat="47.653556" lon="2.6663639">
      <ele>147</ele>
    </trkpt>
    <trkpt lat="47.652912" lon="2.6658918">
      <ele>151</ele>
    </trkpt>
    <trkpt lat="47.652696" lon="2.6665275">
      <ele>151</ele>
    </trkpt>
    <trkpt lat="47.652522" lon="2.6671551">
      <ele>152</ele>
    </trkpt>
    <trkpt lat="47.652471" lon="2.6673643">
      <ele>152</ele>
    </trkpt>
    <trkpt lat="47.652347" lon="2.6678686">
      <ele>153</ele>
    </trkpt>
    <trkpt lat="47.652282" lon="2.6680939">
      <ele>154</ele>
    </trkpt>
    <trkpt lat="47.652058" lon="2.6687457">
      <ele>155</ele>
    </trkpt>
    <trkpt lat="47.65192" lon="2.669081">
      <ele>155</ele>
    </trkpt>
    <trkpt lat="47.651752" lon="2.6694431">
      <ele>156</ele>
    </trkpt>
    <trkpt lat="47.651438" lon="2.6700573">
      <ele>156</ele>
    </trkpt>
    <trkpt lat="47.65131" lon="2.6702826">
      <ele>156</ele>
    </trkpt>
    <trkpt lat="47.650974" lon="2.6708539">
      <ele>156</ele>
    </trkpt>
    <trkpt lat="47.650628" lon="2.6714413">
      <ele>157</ele>
    </trkpt>
    <trkpt lat="47.6505" lon="2.671672">
      <ele>156</ele>
    </trkpt>
    <trkpt lat="47.650421" lon="2.6718463">
      <ele>156</ele>
    </trkpt>
    <trkpt lat="47.650347" lon="2.672026">
      <ele>157</ele>
    </trkpt>
    <trkpt lat="47.650121" lon="2.6726134">
      <ele>157</ele>
    </trkpt>
    <trkpt lat="47.649703" lon="2.6737265">
      <ele>157</ele>
    </trkpt>
    <trkpt lat="47.649626" lon="2.6739009">
      <ele>157</ele>
    </trkpt>
    <trkpt lat="47.649548" lon="2.6740645">
      <ele>157</ele>
    </trkpt>
    <trkpt lat="47.649496" lon="2.6741933">
      <ele>157</ele>
    </trkpt>
    <trkpt lat="47.64942" lon="2.6744078">
      <ele>156</ele>
    </trkpt>
    <trkpt lat="47.649244" lon="2.6749845">
      <ele>156</ele>
    </trkpt>
    <trkpt lat="47.649085" lon="2.6756202">
      <ele>155</ele>
    </trkpt>
    <trkpt lat="47.649051" lon="2.675824">
      <ele>154</ele>
    </trkpt>
    <trkpt lat="47.649019" lon="2.676052">
      <ele>154</ele>
    </trkpt>
    <trkpt lat="47.649002" lon="2.676221">
      <ele>154</ele>
    </trkpt>
    <trkpt lat="47.648997" lon="2.6764329">
      <ele>153</ele>
    </trkpt>
    <trkpt lat="47.648999" lon="2.6766689">
      <ele>153</ele>
    </trkpt>
    <trkpt lat="47.649029" lon="2.6771008">
      <ele>153</ele>
    </trkpt>
    <trkpt lat="47.649" lon="2.6772993">
      <ele>154</ele>
    </trkpt>
    <trkpt lat="47.648955" lon="2.6774843">
      <ele>154</ele>
    </trkpt>
    <trkpt lat="47.648921" lon="2.6775728">
      <ele>154</ele>
    </trkpt>
    <trkpt lat="47.648589" lon="2.6784231">
      <ele>155</ele>
    </trkpt>
    <trkpt lat="47.648308" lon="2.6791607">
      <ele>154</ele>
    </trkpt>
    <trkpt lat="47.648254" lon="2.6792653">
      <ele>155</ele>
    </trkpt>
    <trkpt lat="47.64822" lon="2.679386">
      <ele>155</ele>
    </trkpt>
    <trkpt lat="47.6482" lon="2.6795469">
      <ele>155</ele>
    </trkpt>
    <trkpt lat="47.648195" lon="2.679606">
      <ele>155</ele>
    </trkpt>
    <trkpt lat="47.648195" lon="2.6796328">
      <ele>155</ele>
    </trkpt>
    <trkpt lat="47.648193" lon="2.6796837">
      <ele>155</ele>
    </trkpt>
    <trkpt lat="47.648204" lon="2.6798688">
      <ele>155</ele>
    </trkpt>
    <trkpt lat="47.648224" lon="2.6803999">
      <ele>155</ele>
    </trkpt>
    <trkpt lat="47.648227" lon="2.6805984">
      <ele>155</ele>
    </trkpt>
    <trkpt lat="47.648229" lon="2.6806225">
      <ele>155</ele>
    </trkpt>
    <trkpt lat="47.648229" lon="2.6806547">
      <ele>155</ele>
    </trkpt>
    <trkpt lat="47.648227" lon="2.6806869">
      <ele>155</ele>
    </trkpt>
    <trkpt lat="47.648224" lon="2.680711">
      <ele>155</ele>
    </trkpt>
    <trkpt lat="47.64822" lon="2.6807432">
      <ele>155</ele>
    </trkpt>
    <trkpt lat="47.648213" lon="2.6807727">
      <ele>155</ele>
    </trkpt>
    <trkpt lat="47.648207" lon="2.6807969">
      <ele>155</ele>
    </trkpt>
    <trkpt lat="47.6482" lon="2.6808237">
      <ele>155</ele>
    </trkpt>
    <trkpt lat="47.648193" lon="2.6808478">
      <ele>155</ele>
    </trkpt>
    <trkpt lat="47.648184" lon="2.6808693">
      <ele>155</ele>
    </trkpt>
    <trkpt lat="47.648177" lon="2.6808854">
      <ele>155</ele>
    </trkpt>
    <trkpt lat="47.648166" lon="2.6809068">
      <ele>155</ele>
    </trkpt>
    <trkpt lat="47.648155" lon="2.6809283">
      <ele>155</ele>
    </trkpt>
    <trkpt lat="47.648113" lon="2.680998">
      <ele>155</ele>
    </trkpt>
    <trkpt lat="47.647889" lon="2.6813843">
      <ele>156</ele>
    </trkpt>
    <trkpt lat="47.647812" lon="2.6815291">
      <ele>155</ele>
    </trkpt>
    <trkpt lat="47.647719" lon="2.6817142">
      <ele>155</ele>
    </trkpt>
    <trkpt lat="47.647656" lon="2.6818805">
      <ele>154</ele>
    </trkpt>
    <trkpt lat="47.64762" lon="2.6820199">
      <ele>154</ele>
    </trkpt>
    <trkpt lat="47.647611" lon="2.6820521">
      <ele>154</ele>
    </trkpt>
    <trkpt lat="47.647598" lon="2.6821031">
      <ele>154</ele>
    </trkpt>
    <trkpt lat="47.647699" lon="2.682138">
      <ele>154</ele>
    </trkpt>
    <trkpt lat="47.647763" lon="2.6821594">
      <ele>153</ele>
    </trkpt>
    <trkpt lat="47.647929" lon="2.6822184">
      <ele>153</ele>
    </trkpt>
    <trkpt lat="47.647945" lon="2.6822238">
      <ele>153</ele>
    </trkpt>
    <trkpt lat="47.648041" lon="2.6822587">
      <ele>153</ele>
    </trkpt>
    <trkpt lat="47.648036" lon="2.6823203">
      <ele>153</ele>
    </trkpt>
    <trkpt lat="47.648045" lon="2.6824571">
      <ele>154</ele>
    </trkpt>
    <trkpt lat="47.648113" lon="2.6829802">
      <ele>154</ele>
    </trkpt>
    <trkpt lat="47.648119" lon="2.6831491">
      <ele>154</ele>
    </trkpt>
    <trkpt lat="47.648115" lon="2.6832752">
      <ele>154</ele>
    </trkpt>
    <trkpt lat="47.648095" lon="2.6834147">
      <ele>154</ele>
    </trkpt>
    <trkpt lat="47.64805" lon="2.6835971">
      <ele>154</ele>
    </trkpt>
    <trkpt lat="47.647929" lon="2.684045">
      <ele>155</ele>
    </trkpt>
    <trkpt lat="47.647916" lon="2.6841657">
      <ele>155</ele>
    </trkpt>
    <trkpt lat="47.647924" lon="2.684273">
      <ele>154</ele>
    </trkpt>
    <trkpt lat="47.647945" lon="2.6844178">
      <ele>154</ele>
    </trkpt>
    <trkpt lat="47.648043" lon="2.684678">
      <ele>152</ele>
    </trkpt>
    <trkpt lat="47.648059" lon="2.6847343">
      <ele>152</ele>
    </trkpt>
    <trkpt lat="47.647905" lon="2.6848148">
      <ele>151</ele>
    </trkpt>
    <trkpt lat="47.647792" lon="2.684847">
      <ele>151</ele>
    </trkpt>
    <trkpt lat="47.647537" lon="2.6848765">
      <ele>151</ele>
    </trkpt>
    <trkpt lat="47.647428" lon="2.6852761">
      <ele>152</ele>
    </trkpt>
    <trkpt lat="47.647007" lon="2.6865046">
      <ele>151</ele>
    </trkpt>
    <trkpt lat="47.646939" lon="2.6866655">
      <ele>151</ele>
    </trkpt>
    <trkpt lat="47.646715" lon="2.6870384">
      <ele>151</ele>
    </trkpt>
    <trkpt lat="47.646294" lon="2.6877384">
      <ele>153</ele>
    </trkpt>
    <trkpt lat="47.645831" lon="2.6883231">
      <ele>153</ele>
    </trkpt>
    <trkpt lat="47.645376" lon="2.6888167">
      <ele>153</ele>
    </trkpt>
    <trkpt lat="47.644664" lon="2.6893638">
      <ele>151</ele>
    </trkpt>
    <trkpt lat="47.644122" lon="2.689919">
      <ele>155</ele>
    </trkpt>
    <trkpt lat="47.643637" lon="2.6906137">
      <ele>156</ele>
    </trkpt>
    <trkpt lat="47.643256" lon="2.6913728">
      <ele>158</ele>
    </trkpt>
    <trkpt lat="47.642763" lon="2.6928641">
      <ele>160</ele>
    </trkpt>
    <trkpt lat="47.642605" lon="2.6933255">
      <ele>161</ele>
    </trkpt>
    <trkpt lat="47.64254" lon="2.6934622">
      <ele>161</ele>
    </trkpt>
    <trkpt lat="47.642434" lon="2.6936849">
      <ele>161</ele>
    </trkpt>
    <trkpt lat="47.642249" lon="2.6939665">
      <ele>161</ele>
    </trkpt>
    <trkpt lat="47.640733" lon="2.696064">
      <ele>159</ele>
    </trkpt>
    <trkpt lat="47.64056" lon="2.6963644">
      <ele>160</ele>
    </trkpt>
    <trkpt lat="47.640402" lon="2.6967211">
      <ele>160</ele>
    </trkpt>
    <trkpt lat="47.640334" lon="2.6969277">
      <ele>160</ele>
    </trkpt>
    <trkpt lat="47.64029" lon="2.6970296">
      <ele>160</ele>
    </trkpt>
    <trkpt lat="47.640247" lon="2.6971127">
      <ele>159</ele>
    </trkpt>
    <trkpt lat="47.640195" lon="2.6971798">
      <ele>159</ele>
    </trkpt>
    <trkpt lat="47.639828" lon="2.697448">
      <ele>161</ele>
    </trkpt>
    <trkpt lat="47.638977" lon="2.6967372">
      <ele>164</ele>
    </trkpt>
    <trkpt lat="47.638857" lon="2.6966943">
      <ele>164</ele>
    </trkpt>
    <trkpt lat="47.638376" lon="2.6967775">
      <ele>167</ele>
    </trkpt>
    <trkpt lat="47.638039" lon="2.6968365">
      <ele>169</ele>
    </trkpt>
    <trkpt lat="47.637639" lon="2.696815">
      <ele>172</ele>
    </trkpt>
    <trkpt lat="47.635217" lon="2.6966809">
      <ele>178</ele>
    </trkpt>
    <trkpt lat="47.635062" lon="2.6966568">
      <ele>178</ele>
    </trkpt>
    <trkpt lat="47.634917" lon="2.6966219">
      <ele>178</ele>
    </trkpt>
    <trkpt lat="47.634207" lon="2.6963322">
      <ele>178</ele>
    </trkpt>
    <trkpt lat="47.633321" lon="2.6959701">
      <ele>177</ele>
    </trkpt>
    <trkpt lat="47.633159" lon="2.6959165">
      <ele>177</ele>
    </trkpt>
    <trkpt lat="47.632987" lon="2.6959031">
      <ele>177</ele>
    </trkpt>
    <trkpt lat="47.631864" lon="2.6960345">
      <ele>177</ele>
    </trkpt>
    <trkpt lat="47.631689" lon="2.6960586">
      <ele>176</ele>
    </trkpt>
    <trkpt lat="47.631521" lon="2.6961284">
      <ele>176</ele>
    </trkpt>
    <trkpt lat="47.631259" lon="2.6963751">
      <ele>176</ele>
    </trkpt>
    <trkpt lat="47.630023" lon="2.6983707">
      <ele>178</ele>
    </trkpt>
    <trkpt lat="47.629929" lon="2.6985048">
      <ele>178</ele>
    </trkpt>
    <trkpt lat="47.629836" lon="2.698596">
      <ele>178</ele>
    </trkpt>
    <trkpt lat="47.629616" lon="2.6987703">
      <ele>178</ele>
    </trkpt>
    <trkpt lat="47.629459" lon="2.698891">
      <ele>178</ele>
    </trkpt>
    <trkpt lat="47.629357" lon="2.6990037">
      <ele>178</ele>
    </trkpt>
    <trkpt lat="47.629254" lon="2.6991324">
      <ele>177</ele>
    </trkpt>
    <trkpt lat="47.628797" lon="2.6997091">
      <ele>177</ele>
    </trkpt>
    <trkpt lat="47.628658" lon="2.6998459">
      <ele>176</ele>
    </trkpt>
    <trkpt lat="47.628544" lon="2.6999639">
      <ele>176</ele>
    </trkpt>
    <trkpt lat="47.628276" lon="2.7002134">
      <ele>175</ele>
    </trkpt>
    <trkpt lat="47.628119" lon="2.7003475">
      <ele>175</ele>
    </trkpt>
    <trkpt lat="47.627942" lon="2.7004735">
      <ele>175</ele>
    </trkpt>
    <trkpt lat="47.627358" lon="2.7008732">
      <ele>174</ele>
    </trkpt>
    <trkpt lat="47.626693" lon="2.7013748">
      <ele>173</ele>
    </trkpt>
    <trkpt lat="47.626438" lon="2.7015706">
      <ele>172</ele>
    </trkpt>
    <trkpt lat="47.626033" lon="2.7020158">
      <ele>173</ele>
    </trkpt>
    <trkpt lat="47.625682" lon="2.7023135">
      <ele>172</ele>
    </trkpt>
    <trkpt lat="47.625131" lon="2.7027668">
      <ele>171</ele>
    </trkpt>
    <trkpt lat="47.625028" lon="2.7029009">
      <ele>171</ele>
    </trkpt>
    <trkpt lat="47.624898" lon="2.7031048">
      <ele>171</ele>
    </trkpt>
    <trkpt lat="47.624777" lon="2.7033194">
      <ele>170</ele>
    </trkpt>
    <trkpt lat="47.624196" lon="2.7045612">
      <ele>168</ele>
    </trkpt>
    <trkpt lat="47.624149" lon="2.7047248">
      <ele>168</ele>
    </trkpt>
    <trkpt lat="47.624128" lon="2.7047946">
      <ele>168</ele>
    </trkpt>
    <trkpt lat="47.624072" lon="2.7049877">
      <ele>167</ele>
    </trkpt>
    <trkpt lat="47.623898" lon="2.7054061">
      <ele>167</ele>
    </trkpt>
    <trkpt lat="47.623811" lon="2.7055241">
      <ele>167</ele>
    </trkpt>
    <trkpt lat="47.623708" lon="2.70561">
      <ele>167</ele>
    </trkpt>
    <trkpt lat="47.623582" lon="2.7056663">
      <ele>167</ele>
    </trkpt>
    <trkpt lat="47.623367" lon="2.7057226">
      <ele>166</ele>
    </trkpt>
    <trkpt lat="47.623273" lon="2.7057789">
      <ele>166</ele>
    </trkpt>
    <trkpt lat="47.622866" lon="2.7060579">
      <ele>166</ele>
    </trkpt>
    <trkpt lat="47.622705" lon="2.7061437">
      <ele>166</ele>
    </trkpt>
    <trkpt lat="47.622161" lon="2.70642">
      <ele>166</ele>
    </trkpt>
    <trkpt lat="47.621376" lon="2.7067445">
      <ele>167</ele>
    </trkpt>
    <trkpt lat="47.621259" lon="2.7070262">
      <ele>167</ele>
    </trkpt>
    <trkpt lat="47.619668" lon="2.7082493">
      <ele>173</ele>
    </trkpt>
    <trkpt lat="47.618008" lon="2.7095206">
      <ele>175</ele>
    </trkpt>
    <trkpt lat="47.617814" lon="2.7097379">
      <ele>175</ele>
    </trkpt>
    <trkpt lat="47.61765" lon="2.7099391">
      <ele>176</ele>
    </trkpt>
    <trkpt lat="47.617498" lon="2.7100812">
      <ele>176</ele>
    </trkpt>
    <trkpt lat="47.617339" lon="2.710226">
      <ele>176</ele>
    </trkpt>
    <trkpt lat="47.616547" lon="2.7107705">
      <ele>177</ele>
    </trkpt>
    <trkpt lat="47.614556" lon="2.712514">
      <ele>178</ele>
    </trkpt>
    <trkpt lat="47.614538" lon="2.7125327">
      <ele>178</ele>
    </trkpt>
    <trkpt lat="47.614513" lon="2.7125569">
      <ele>178</ele>
    </trkpt>
    <trkpt lat="47.613777" lon="2.7132301">
      <ele>178</ele>
    </trkpt>
    <trkpt lat="47.613435" lon="2.7135144">
      <ele>178</ele>
    </trkpt>
    <trkpt lat="47.613066" lon="2.7137371">
      <ele>179</ele>
    </trkpt>
    <trkpt lat="47.612472" lon="2.714075">
      <ele>179</ele>
    </trkpt>
    <trkpt lat="47.611808" lon="2.714354">
      <ele>178</ele>
    </trkpt>
    <trkpt lat="47.610851" lon="2.7150648">
      <ele>177</ele>
    </trkpt>
    <trkpt lat="47.610443" lon="2.7154134">
      <ele>177</ele>
    </trkpt>
    <trkpt lat="47.610081" lon="2.7156602">
      <ele>176</ele>
    </trkpt>
    <trkpt lat="47.609783" lon="2.715848">
      <ele>177</ele>
    </trkpt>
    <trkpt lat="47.609036" lon="2.716135">
      <ele>177</ele>
    </trkpt>
    <trkpt lat="47.608745" lon="2.7162852">
      <ele>177</ele>
    </trkpt>
    <trkpt lat="47.608553" lon="2.7164568">
      <ele>177</ele>
    </trkpt>
    <trkpt lat="47.60834" lon="2.7166392">
      <ele>176</ele>
    </trkpt>
    <trkpt lat="47.607824" lon="2.7173741">
      <ele>176</ele>
    </trkpt>
    <trkpt lat="47.607777" lon="2.7174573">
      <ele>175</ele>
    </trkpt>
    <trkpt lat="47.607743" lon="2.717519">
      <ele>175</ele>
    </trkpt>
    <trkpt lat="47.607681" lon="2.7176799">
      <ele>175</ele>
    </trkpt>
    <trkpt lat="47.60762" lon="2.7178462">
      <ele>175</ele>
    </trkpt>
    <trkpt lat="47.607553" lon="2.718093">
      <ele>175</ele>
    </trkpt>
    <trkpt lat="47.607484" lon="2.7183129">
      <ele>175</ele>
    </trkpt>
    <trkpt lat="47.60739" lon="2.7185543">
      <ele>175</ele>
    </trkpt>
    <trkpt lat="47.607092" lon="2.7192436">
      <ele>175</ele>
    </trkpt>
    <trkpt lat="47.606671" lon="2.7200322">
      <ele>175</ele>
    </trkpt>
    <trkpt lat="47.606519" lon="2.7202736">
      <ele>175</ele>
    </trkpt>
    <trkpt lat="47.606376" lon="2.720456">
      <ele>175</ele>
    </trkpt>
    <trkpt lat="47.606186" lon="2.7206733">
      <ele>174</ele>
    </trkpt>
    <trkpt lat="47.605808" lon="2.7210085">
      <ele>172</ele>
    </trkpt>
    <trkpt lat="47.605564" lon="2.7213519">
      <ele>171</ele>
    </trkpt>
    <trkpt lat="47.605473" lon="2.7215262">
      <ele>171</ele>
    </trkpt>
    <trkpt lat="47.605406" lon="2.7217032">
      <ele>170</ele>
    </trkpt>
    <trkpt lat="47.605376" lon="2.721891">
      <ele>170</ele>
    </trkpt>
    <trkpt lat="47.605363" lon="2.7221619">
      <ele>170</ele>
    </trkpt>
    <trkpt lat="47.605363" lon="2.7224355">
      <ele>169</ele>
    </trkpt>
    <trkpt lat="47.605347" lon="2.7226554">
      <ele>168</ele>
    </trkpt>
    <trkpt lat="47.605316" lon="2.7228378">
      <ele>167</ele>
    </trkpt>
    <trkpt lat="47.605242" lon="2.7230497">
      <ele>167</ele>
    </trkpt>
    <trkpt lat="47.605114" lon="2.7232696">
      <ele>166</ele>
    </trkpt>
    <trkpt lat="47.605023" lon="2.7234225">
      <ele>166</ele>
    </trkpt>
    <trkpt lat="47.604929" lon="2.7236693">
      <ele>167</ele>
    </trkpt>
    <trkpt lat="47.604877" lon="2.7239187">
      <ele>168</ele>
    </trkpt>
    <trkpt lat="47.604815" lon="2.7241011">
      <ele>169</ele>
    </trkpt>
    <trkpt lat="47.604576" lon="2.7246161">
      <ele>172</ele>
    </trkpt>
    <trkpt lat="47.604338" lon="2.7250453">
      <ele>172</ele>
    </trkpt>
    <trkpt lat="47.603379" lon="2.7267619">
      <ele>177</ele>
    </trkpt>
    <trkpt lat="47.603193" lon="2.727022">
      <ele>178</ele>
    </trkpt>
    <trkpt lat="47.602974" lon="2.7272554">
      <ele>178</ele>
    </trkpt>
    <trkpt lat="47.602352" lon="2.7276792">
      <ele>181</ele>
    </trkpt>
    <trkpt lat="47.602066" lon="2.7278696">
      <ele>182</ele>
    </trkpt>
    <trkpt lat="47.601853" lon="2.7279447">
      <ele>182</ele>
    </trkpt>
    <trkpt lat="47.601287" lon="2.7276309">
      <ele>182</ele>
    </trkpt>
    <trkpt lat="47.601198" lon="2.7276068">
      <ele>182</ele>
    </trkpt>
    <trkpt lat="47.601117" lon="2.7276121">
      <ele>182</ele>
    </trkpt>
    <trkpt lat="47.601012" lon="2.7276819">
      <ele>182</ele>
    </trkpt>
    <trkpt lat="47.600954" lon="2.7277892">
      <ele>182</ele>
    </trkpt>
    <trkpt lat="47.600788" lon="2.7280896">
      <ele>183</ele>
    </trkpt>
    <trkpt lat="47.599898" lon="2.7296989">
      <ele>184</ele>
    </trkpt>
    <trkpt lat="47.599798" lon="2.7298786">
      <ele>184</ele>
    </trkpt>
    <trkpt lat="47.599681" lon="2.7300315">
      <ele>184</ele>
    </trkpt>
    <trkpt lat="47.599511" lon="2.7301495">
      <ele>184</ele>
    </trkpt>
    <trkpt lat="47.598194" lon="2.7306269">
      <ele>184</ele>
    </trkpt>
    <trkpt lat="47.59802" lon="2.7307128">
      <ele>184</ele>
    </trkpt>
    <trkpt lat="47.597865" lon="2.7308415">
      <ele>184</ele>
    </trkpt>
    <trkpt lat="47.597722" lon="2.7310239">
      <ele>185</ele>
    </trkpt>
    <trkpt lat="47.597603" lon="2.7312626">
      <ele>184</ele>
    </trkpt>
    <trkpt lat="47.59712" lon="2.7324374">
      <ele>183</ele>
    </trkpt>
    <trkpt lat="47.597033" lon="2.7326815">
      <ele>183</ele>
    </trkpt>
    <trkpt lat="47.596926" lon="2.7329122">
      <ele>182</ele>
    </trkpt>
    <trkpt lat="47.596394" lon="2.7337463">
      <ele>181</ele>
    </trkpt>
    <trkpt lat="47.596237" lon="2.7339931">
      <ele>180</ele>
    </trkpt>
    <trkpt lat="47.596065" lon="2.7343016">
      <ele>180</ele>
    </trkpt>
    <trkpt lat="47.595942" lon="2.7346073">
      <ele>179</ele>
    </trkpt>
    <trkpt lat="47.595841" lon="2.734956">
      <ele>179</ele>
    </trkpt>
    <trkpt lat="47.595797" lon="2.7352135">
      <ele>179</ele>
    </trkpt>
    <trkpt lat="47.595765" lon="2.7353932">
      <ele>179</ele>
    </trkpt>
    <trkpt lat="47.595754" lon="2.7355676">
      <ele>179</ele>
    </trkpt>
    <trkpt lat="47.59575" lon="2.7357526">
      <ele>179</ele>
    </trkpt>
    <trkpt lat="47.59574" lon="2.7359055">
      <ele>179</ele>
    </trkpt>
    <trkpt lat="47.595732" lon="2.7360021">
      <ele>179</ele>
    </trkpt>
    <trkpt lat="47.595694" lon="2.7362247">
      <ele>179</ele>
    </trkpt>
    <trkpt lat="47.595405" lon="2.7374022">
      <ele>175</ele>
    </trkpt>
    <trkpt lat="47.59536" lon="2.737547">
      <ele>174</ele>
    </trkpt>
    <trkpt lat="47.595293" lon="2.7376838">
      <ele>173</ele>
    </trkpt>
    <trkpt lat="47.595213" lon="2.7377831">
      <ele>171</ele>
    </trkpt>
    <trkpt lat="47.595085" lon="2.7379467">
      <ele>169</ele>
    </trkpt>
    <trkpt lat="47.594964" lon="2.7381478">
      <ele>168</ele>
    </trkpt>
    <trkpt lat="47.594817" lon="2.7384053">
      <ele>166</ele>
    </trkpt>
    <trkpt lat="47.594736" lon="2.7386011">
      <ele>164</ele>
    </trkpt>
    <trkpt lat="47.594671" lon="2.7387889">
      <ele>164</ele>
    </trkpt>
    <trkpt lat="47.594614" lon="2.739033">
      <ele>164</ele>
    </trkpt>
    <trkpt lat="47.594596" lon="2.7391966">
      <ele>163</ele>
    </trkpt>
    <trkpt lat="47.594513" lon="2.7404706">
      <ele>159</ele>
    </trkpt>
    <trkpt lat="47.594499" lon="2.7406825">
      <ele>158</ele>
    </trkpt>
    <trkpt lat="47.594461" lon="2.7409668">
      <ele>157</ele>
    </trkpt>
    <trkpt lat="47.594419" lon="2.7411868">
      <ele>157</ele>
    </trkpt>
    <trkpt lat="47.594392" lon="2.7413182">
      <ele>157</ele>
    </trkpt>
    <trkpt lat="47.59435" lon="2.7414336">
      <ele>156</ele>
    </trkpt>
    <trkpt lat="47.594332" lon="2.7414738">
      <ele>156</ele>
    </trkpt>
    <trkpt lat="47.594318" lon="2.7415113">
      <ele>156</ele>
    </trkpt>
    <trkpt lat="47.59426" lon="2.7416159">
      <ele>156</ele>
    </trkpt>
    <trkpt lat="47.593558" lon="2.7427049">
      <ele>153</ele>
    </trkpt>
    <trkpt lat="47.593453" lon="2.7428846">
      <ele>153</ele>
    </trkpt>
    <trkpt lat="47.593325" lon="2.7431555">
      <ele>151</ele>
    </trkpt>
    <trkpt lat="47.593015" lon="2.7440675">
      <ele>149</ele>
    </trkpt>
    <trkpt lat="47.592829" lon="2.7446147">
      <ele>150</ele>
    </trkpt>
    <trkpt lat="47.592668" lon="2.745017">
      <ele>149</ele>
    </trkpt>
    <trkpt lat="47.59257" lon="2.7452128">
      <ele>149</ele>
    </trkpt>
    <trkpt lat="47.592391" lon="2.7454783">
      <ele>147</ele>
    </trkpt>
    <trkpt lat="47.592344" lon="2.745532">
      <ele>147</ele>
    </trkpt>
    <trkpt lat="47.592292" lon="2.7455776">
      <ele>146</ele>
    </trkpt>
    <trkpt lat="47.592254" lon="2.7455856">
      <ele>145</ele>
    </trkpt>
    <trkpt lat="47.59225" lon="2.7455722">
      <ele>145</ele>
    </trkpt>
    <trkpt lat="47.592239" lon="2.7455561">
      <ele>145</ele>
    </trkpt>
    <trkpt lat="47.592225" lon="2.7455507">
      <ele>145</ele>
    </trkpt>
    <trkpt lat="47.592209" lon="2.7455561">
      <ele>145</ele>
    </trkpt>
    <trkpt lat="47.592198" lon="2.7455722">
      <ele>145</ele>
    </trkpt>
    <trkpt lat="47.592194" lon="2.7455937">
      <ele>145</ele>
    </trkpt>
    <trkpt lat="47.592198" lon="2.7456178">
      <ele>145</ele>
    </trkpt>
    <trkpt lat="47.592209" lon="2.7456339">
      <ele>145</ele>
    </trkpt>
    <trkpt lat="47.592201" lon="2.7456929">
      <ele>145</ele>
    </trkpt>
    <trkpt lat="47.592178" lon="2.7457573">
      <ele>145</ele>
    </trkpt>
    <trkpt lat="47.591916" lon="2.7461221">
      <ele>144</ele>
    </trkpt>
    <trkpt lat="47.591722" lon="2.7463232">
      <ele>144</ele>
    </trkpt>
    <trkpt lat="47.591539" lon="2.7464734">
      <ele>143</ele>
    </trkpt>
    <trkpt lat="47.591465" lon="2.7465056">
      <ele>143</ele>
    </trkpt>
    <trkpt lat="47.59144" lon="2.746511">
      <ele>143</ele>
    </trkpt>
    <trkpt lat="47.591411" lon="2.7465163">
      <ele>143</ele>
    </trkpt>
    <trkpt lat="47.591402" lon="2.7465646">
      <ele>143</ele>
    </trkpt>
    <trkpt lat="47.591084" lon="2.7468892">
      <ele>141</ele>
    </trkpt>
    <trkpt lat="47.590899" lon="2.7471279">
      <ele>141</ele>
    </trkpt>
    <trkpt lat="47.59085" lon="2.7471923">
      <ele>140</ele>
    </trkpt>
    <trkpt lat="47.590814" lon="2.7472432">
      <ele>140</ele>
    </trkpt>
    <trkpt lat="47.59102" lon="2.7476214">
      <ele>141</ele>
    </trkpt>
    <trkpt lat="47.591129" lon="2.7478145">
      <ele>140</ele>
    </trkpt>
    <trkpt lat="47.591621" lon="2.7487023">
      <ele>140</ele>
    </trkpt>
    <trkpt lat="47.591912" lon="2.7492307">
      <ele>140</ele>
    </trkpt>
    <trkpt lat="47.592182" lon="2.7497564">
      <ele>141</ele>
    </trkpt>
    <trkpt lat="47.592299" lon="2.7500113">
      <ele>141</ele>
    </trkpt>
    <trkpt lat="47.59235" lon="2.7501668">
      <ele>142</ele>
    </trkpt>
    <trkpt lat="47.592402" lon="2.7503734">
      <ele>142</ele>
    </trkpt>
    <trkpt lat="47.592449" lon="2.7505987">
      <ele>142</ele>
    </trkpt>
    <trkpt lat="47.592504" lon="2.7509071">
      <ele>141</ele>
    </trkpt>
    <trkpt lat="47.592538" lon="2.7510439">
      <ele>141</ele>
    </trkpt>
    <trkpt lat="47.59278" lon="2.7517359">
      <ele>140</ele>
    </trkpt>
    <trkpt lat="47.592947" lon="2.7521034">
      <ele>140</ele>
    </trkpt>
    <trkpt lat="47.593003" lon="2.7522777">
      <ele>139</ele>
    </trkpt>
    <trkpt lat="47.593032" lon="2.7524011">
      <ele>139</ele>
    </trkpt>
    <trkpt lat="47.593062" lon="2.7525272">
      <ele>138</ele>
    </trkpt>
    <trkpt lat="47.593151" lon="2.752672">
      <ele>138</ele>
    </trkpt>
    <trkpt lat="47.593216" lon="2.7527793">
      <ele>139</ele>
    </trkpt>
    <trkpt lat="47.593611" lon="2.7534016">
      <ele>140</ele>
    </trkpt>
    <trkpt lat="47.594039" lon="2.754048">
      <ele>137</ele>
    </trkpt>
    <trkpt lat="47.594294" lon="2.7544154">
      <ele>135</ele>
    </trkpt>
    <trkpt lat="47.594378" lon="2.7545522">
      <ele>135</ele>
    </trkpt>
    <trkpt lat="47.594546" lon="2.7548419">
      <ele>134</ele>
    </trkpt>
    <trkpt lat="47.594712" lon="2.7551128">
      <ele>134</ele>
    </trkpt>
    <trkpt lat="47.594799" lon="2.7552308">
      <ele>133</ele>
    </trkpt>
    <trkpt lat="47.594538" lon="2.7559202">
      <ele>131</ele>
    </trkpt>
    <trkpt lat="47.594432" lon="2.7560301">
      <ele>132</ele>
    </trkpt>
    <trkpt lat="47.594157" lon="2.7562045">
      <ele>134</ele>
    </trkpt>
    <trkpt lat="47.594358" lon="2.7564566">
      <ele>135</ele>
    </trkpt>
    <trkpt lat="47.594434" lon="2.7565505">
      <ele>134</ele>
    </trkpt>
    <trkpt lat="47.59447" lon="2.7565934">
      <ele>134</ele>
    </trkpt>
    <trkpt lat="47.594877" lon="2.7570896">
      <ele>136</ele>
    </trkpt>
    <trkpt lat="47.595466" lon="2.7578084">
      <ele>139</ele>
    </trkpt>
    <trkpt lat="47.59555" lon="2.7579077">
      <ele>139</ele>
    </trkpt>
    <trkpt lat="47.595702" lon="2.7580901">
      <ele>139</ele>
    </trkpt>
    <trkpt lat="47.595781" lon="2.7581974">
      <ele>140</ele>
    </trkpt>
    <trkpt lat="47.595814" lon="2.7582456">
      <ele>140</ele>
    </trkpt>
    <trkpt lat="47.596438" lon="2.7589993">
      <ele>137</ele>
    </trkpt>
    <trkpt lat="47.596488" lon="2.759061">
      <ele>137</ele>
    </trkpt>
    <trkpt lat="47.596644" lon="2.7592595">
      <ele>135</ele>
    </trkpt>
    <trkpt lat="47.596662" lon="2.759281">
      <ele>134</ele>
    </trkpt>
    <trkpt lat="47.59791" lon="2.7608045">
      <ele>129</ele>
    </trkpt>
    <trkpt lat="47.598498" lon="2.7615206">
      <ele>128</ele>
    </trkpt>
    <trkpt lat="47.599154" lon="2.7623333">
      <ele>134</ele>
    </trkpt>
    <trkpt lat="47.599205" lon="2.7623923">
      <ele>135</ele>
    </trkpt>
    <trkpt lat="47.599163" lon="2.7624728">
      <ele>136</ele>
    </trkpt>
    <trkpt lat="47.599136" lon="2.7625291">
      <ele>135</ele>
    </trkpt>
    <trkpt lat="47.599087" lon="2.7626042">
      <ele>134</ele>
    </trkpt>
    <trkpt lat="47.59812" lon="2.7643208">
      <ele>133</ele>
    </trkpt>
    <trkpt lat="47.597465" lon="2.7654742">
      <ele>133</ele>
    </trkpt>
    <trkpt lat="47.596854" lon="2.766539">
      <ele>132</ele>
    </trkpt>
    <trkpt lat="47.596324" lon="2.7675019">
      <ele>133</ele>
    </trkpt>
    <trkpt lat="47.595452" lon="2.7690388">
      <ele>132</ele>
    </trkpt>
    <trkpt lat="47.59468" lon="2.7703692">
      <ele>133</ele>
    </trkpt>
    <trkpt lat="47.594501" lon="2.7706669">
      <ele>133</ele>
    </trkpt>
    <trkpt lat="47.592395" lon="2.7748056">
      <ele>133</ele>
    </trkpt>
    <trkpt lat="47.590649" lon="2.7783273">
      <ele>134</ele>
    </trkpt>
    <trkpt lat="47.590582" lon="2.7785312">
      <ele>135</ele>
    </trkpt>
    <trkpt lat="47.590512" lon="2.7787377">
      <ele>135</ele>
    </trkpt>
    <trkpt lat="47.590458" lon="2.7789174">
      <ele>134</ele>
    </trkpt>
    <trkpt lat="47.590322" lon="2.7797221">
      <ele>134</ele>
    </trkpt>
    <trkpt lat="47.590317" lon="2.7798803">
      <ele>134</ele>
    </trkpt>
    <trkpt lat="47.590318" lon="2.780103">
      <ele>135</ele>
    </trkpt>
    <trkpt lat="47.590338" lon="2.7802451">
      <ele>135</ele>
    </trkpt>
    <trkpt lat="47.590308" lon="2.7802746">
      <ele>136</ele>
    </trkpt>
    <trkpt lat="47.590163" lon="2.780508">
      <ele>133</ele>
    </trkpt>
    <trkpt lat="47.589966" lon="2.7808942">
      <ele>133</ele>
    </trkpt>
    <trkpt lat="47.589329" lon="2.7821763">
      <ele>131</ele>
    </trkpt>
    <trkpt lat="47.588804" lon="2.7834745">
      <ele>132</ele>
    </trkpt>
    <trkpt lat="47.588652" lon="2.78385">
      <ele>132</ele>
    </trkpt>
    <trkpt lat="47.588537" lon="2.7842067">
      <ele>132</ele>
    </trkpt>
    <trkpt lat="47.588309" lon="2.7847754">
      <ele>133</ele>
    </trkpt>
    <trkpt lat="47.588061" lon="2.7855693">
      <ele>132</ele>
    </trkpt>
    <trkpt lat="47.587945" lon="2.7859609">
      <ele>131</ele>
    </trkpt>
    <trkpt lat="47.587883" lon="2.7864866">
      <ele>132</ele>
    </trkpt>
    <trkpt lat="47.587864" lon="2.7867978">
      <ele>131</ele>
    </trkpt>
    <trkpt lat="47.587885" lon="2.7871786">
      <ele>132</ele>
    </trkpt>
    <trkpt lat="47.587871" lon="2.7874871">
      <ele>132</ele>
    </trkpt>
    <trkpt lat="47.5878" lon="2.7878492">
      <ele>132</ele>
    </trkpt>
    <trkpt lat="47.587782" lon="2.7879162">
      <ele>132</ele>
    </trkpt>
    <trkpt lat="47.587768" lon="2.7879726">
      <ele>132</ele>
    </trkpt>
    <trkpt lat="47.587587" lon="2.788686">
      <ele>132</ele>
    </trkpt>
    <trkpt lat="47.587323" lon="2.7897375">
      <ele>132</ele>
    </trkpt>
    <trkpt lat="47.587297" lon="2.789826">
      <ele>132</ele>
    </trkpt>
    <trkpt lat="47.586722" lon="2.7917411">
      <ele>132</ele>
    </trkpt>
    <trkpt lat="47.5865" lon="2.7923365">
      <ele>131</ele>
    </trkpt>
    <trkpt lat="47.586317" lon="2.7931546">
      <ele>132</ele>
    </trkpt>
    <trkpt lat="47.585792" lon="2.794434">
      <ele>132</ele>
    </trkpt>
    <trkpt lat="47.585381" lon="2.7953647">
      <ele>132</ele>
    </trkpt>
    <trkpt lat="47.58492" lon="2.7963384">
      <ele>132</ele>
    </trkpt>
    <trkpt lat="47.584822" lon="2.7966576">
      <ele>133</ele>
    </trkpt>
    <trkpt lat="47.584741" lon="2.796915">
      <ele>133</ele>
    </trkpt>
    <trkpt lat="47.584352" lon="2.7980174">
      <ele>134</ele>
    </trkpt>
    <trkpt lat="47.58411" lon="2.7986048">
      <ele>133</ele>
    </trkpt>
    <trkpt lat="47.583818" lon="2.7995007">
      <ele>133</ele>
    </trkpt>
    <trkpt lat="47.583507" lon="2.8003429">
      <ele>134</ele>
    </trkpt>
    <trkpt lat="47.583429" lon="2.8005521">
      <ele>134</ele>
    </trkpt>
    <trkpt lat="47.58261" lon="2.802663">
      <ele>134</ele>
    </trkpt>
    <trkpt lat="47.581338" lon="2.8052272">
      <ele>133</ele>
    </trkpt>
    <trkpt lat="47.580697" lon="2.8067024">
      <ele>133</ele>
    </trkpt>
    <trkpt lat="47.580336" lon="2.8075339">
      <ele>133</ele>
    </trkpt>
    <trkpt lat="47.579891" lon="2.808478">
      <ele>133</ele>
    </trkpt>
    <trkpt lat="47.579644" lon="2.8088723">
      <ele>134</ele>
    </trkpt>
    <trkpt lat="47.579554" lon="2.809052">
      <ele>133</ele>
    </trkpt>
    <trkpt lat="47.579465" lon="2.8092613">
      <ele>134</ele>
    </trkpt>
    <trkpt lat="47.579415" lon="2.8094168">
      <ele>134</ele>
    </trkpt>
    <trkpt lat="47.578809" lon="2.8104066">
      <ele>134</ele>
    </trkpt>
    <trkpt lat="47.57798" lon="2.8118603">
      <ele>135</ele>
    </trkpt>
    <trkpt lat="47.577886" lon="2.8120159">
      <ele>134</ele>
    </trkpt>
    <trkpt lat="47.577643" lon="2.8124182">
      <ele>134</ele>
    </trkpt>
    <trkpt lat="47.577269" lon="2.8131478">
      <ele>136</ele>
    </trkpt>
    <trkpt lat="47.577227" lon="2.8132148">
      <ele>136</ele>
    </trkpt>
    <trkpt lat="47.577191" lon="2.8132551">
      <ele>136</ele>
    </trkpt>
    <trkpt lat="47.576762" lon="2.8136976">
      <ele>134</ele>
    </trkpt>
    <trkpt lat="47.576512" lon="2.8140007">
      <ele>134</ele>
    </trkpt>
    <trkpt lat="47.575372" lon="2.8156798">
      <ele>135</ele>
    </trkpt>
    <trkpt lat="47.575027" lon="2.8162109">
      <ele>135</ele>
    </trkpt>
    <trkpt lat="47.574855" lon="2.8165005">
      <ele>136</ele>
    </trkpt>
    <trkpt lat="47.574797" lon="2.8166159">
      <ele>135</ele>
    </trkpt>
    <trkpt lat="47.574754" lon="2.8167339">
      <ele>134</ele>
    </trkpt>
    <trkpt lat="47.57464" lon="2.8171228">
      <ele>136</ele>
    </trkpt>
    <trkpt lat="47.574589" lon="2.8172623">
      <ele>136</ele>
    </trkpt>
    <trkpt lat="47.574508" lon="2.8174179">
      <ele>134</ele>
    </trkpt>
    <trkpt lat="47.574426" lon="2.8176002">
      <ele>133</ele>
    </trkpt>
    <trkpt lat="47.574381" lon="2.8176995">
      <ele>133</ele>
    </trkpt>
    <trkpt lat="47.574328" lon="2.817788">
      <ele>134</ele>
    </trkpt>
    <trkpt lat="47.574252" lon="2.8178899">
      <ele>134</ele>
    </trkpt>
    <trkpt lat="47.574164" lon="2.8179918">
      <ele>135</ele>
    </trkpt>
    <trkpt lat="47.574082" lon="2.8180857">
      <ele>135</ele>
    </trkpt>
    <trkpt lat="47.573979" lon="2.8181957">
      <ele>135</ele>
    </trkpt>
    <trkpt lat="47.573786" lon="2.8184451">
      <ele>136</ele>
    </trkpt>
    <trkpt lat="47.573646" lon="2.8186892">
      <ele>135</ele>
    </trkpt>
    <trkpt lat="47.573471" lon="2.8190218">
      <ele>136</ele>
    </trkpt>
    <trkpt lat="47.572282" lon="2.8211247">
      <ele>135</ele>
    </trkpt>
    <trkpt lat="47.57205" lon="2.8215243">
      <ele>136</ele>
    </trkpt>
    <trkpt lat="47.571733" lon="2.821983">
      <ele>135</ele>
    </trkpt>
    <trkpt lat="47.569801" lon="2.8243648">
      <ele>134</ele>
    </trkpt>
    <trkpt lat="47.569699" lon="2.8245016">
      <ele>134</ele>
    </trkpt>
    <trkpt lat="47.56964" lon="2.8245793">
      <ele>134</ele>
    </trkpt>
    <trkpt lat="47.569537" lon="2.8247296">
      <ele>134</ele>
    </trkpt>
    <trkpt lat="47.568255" lon="2.8268968">
      <ele>134</ele>
    </trkpt>
    <trkpt lat="47.567816" lon="2.8274976">
      <ele>135</ele>
    </trkpt>
    <trkpt lat="47.56621" lon="2.8296997">
      <ele>136</ele>
    </trkpt>
    <trkpt lat="47.564071" lon="2.8326903">
      <ele>136</ele>
    </trkpt>
    <trkpt lat="47.564002" lon="2.8327681">
      <ele>136</ele>
    </trkpt>
    <trkpt lat="47.563919" lon="2.8328245">
      <ele>135</ele>
    </trkpt>
    <trkpt lat="47.56383" lon="2.8328566">
      <ele>135</ele>
    </trkpt>
    <trkpt lat="47.563582" lon="2.8328996">
      <ele>135</ele>
    </trkpt>
    <trkpt lat="47.563548" lon="2.832913">
      <ele>135</ele>
    </trkpt>
    <trkpt lat="47.563512" lon="2.8329398">
      <ele>134</ele>
    </trkpt>
    <trkpt lat="47.563487" lon="2.8329666">
      <ele>134</ele>
    </trkpt>
    <trkpt lat="47.563463" lon="2.8330069">
      <ele>135</ele>
    </trkpt>
    <trkpt lat="47.563376" lon="2.8332348">
      <ele>134</ele>
    </trkpt>
    <trkpt lat="47.563298" lon="2.8335406">
      <ele>134</ele>
    </trkpt>
    <trkpt lat="47.563186" lon="2.8340261">
      <ele>134</ele>
    </trkpt>
    <trkpt lat="47.563159" lon="2.834297">
      <ele>134</ele>
    </trkpt>
    <trkpt lat="47.563097" lon="2.8344579">
      <ele>134</ele>
    </trkpt>
    <trkpt lat="47.563" lon="2.8346242">
      <ele>134</ele>
    </trkpt>
    <trkpt lat="47.562815" lon="2.8349193">
      <ele>134</ele>
    </trkpt>
    <trkpt lat="47.562735" lon="2.835107">
      <ele>135</ele>
    </trkpt>
    <trkpt lat="47.562607" lon="2.8355389">
      <ele>137</ele>
    </trkpt>
    <trkpt lat="47.56244" lon="2.8358849">
      <ele>135</ele>
    </trkpt>
    <trkpt lat="47.562185" lon="2.8363516">
      <ele>135</ele>
    </trkpt>
    <trkpt lat="47.561963" lon="2.8367646">
      <ele>136</ele>
    </trkpt>
    <trkpt lat="47.5618" lon="2.8370865">
      <ele>137</ele>
    </trkpt>
    <trkpt lat="47.561745" lon="2.8371643">
      <ele>137</ele>
    </trkpt>
    <trkpt lat="47.561704" lon="2.8372045">
      <ele>137</ele>
    </trkpt>
    <trkpt lat="47.561646" lon="2.8372662">
      <ele>136</ele>
    </trkpt>
    <trkpt lat="47.56161" lon="2.837293">
      <ele>136</ele>
    </trkpt>
    <trkpt lat="47.561544" lon="2.8373386">
      <ele>136</ele>
    </trkpt>
    <trkpt lat="47.561496" lon="2.8373601">
      <ele>136</ele>
    </trkpt>
    <trkpt lat="47.561488" lon="2.8373628">
      <ele>136</ele>
    </trkpt>
    <trkpt lat="47.561324" lon="2.8374244">
      <ele>135</ele>
    </trkpt>
    <trkpt lat="47.561157" lon="2.8375183">
      <ele>135</ele>
    </trkpt>
    <trkpt lat="47.561108" lon="2.8375693">
      <ele>135</ele>
    </trkpt>
    <trkpt lat="47.560884" lon="2.837926">
      <ele>135</ele>
    </trkpt>
    <trkpt lat="47.56067" lon="2.8382452">
      <ele>135</ele>
    </trkpt>
    <trkpt lat="47.560594" lon="2.8383552">
      <ele>134</ele>
    </trkpt>
    <trkpt lat="47.560569" lon="2.83839">
      <ele>135</ele>
    </trkpt>
    <trkpt lat="47.56044" lon="2.838551">
      <ele>135</ele>
    </trkpt>
    <trkpt lat="47.560308" lon="2.8386744">
      <ele>135</ele>
    </trkpt>
    <trkpt lat="47.560134" lon="2.8388192">
      <ele>135</ele>
    </trkpt>
    <trkpt lat="47.559993" lon="2.838956">
      <ele>134</ele>
    </trkpt>
    <trkpt lat="47.559885" lon="2.839066">
      <ele>134</ele>
    </trkpt>
    <trkpt lat="47.55963" lon="2.8393288">
      <ele>134</ele>
    </trkpt>
    <trkpt lat="47.559577" lon="2.8393825">
      <ele>134</ele>
    </trkpt>
    <trkpt lat="47.559434" lon="2.8395327">
      <ele>135</ele>
    </trkpt>
    <trkpt lat="47.559219" lon="2.839707">
      <ele>134</ele>
    </trkpt>
    <trkpt lat="47.559009" lon="2.8397633">
      <ele>134</ele>
    </trkpt>
    <trkpt lat="47.558893" lon="2.8398063">
      <ele>134</ele>
    </trkpt>
    <trkpt lat="47.558439" lon="2.8400798">
      <ele>135</ele>
    </trkpt>
    <trkpt lat="47.558185" lon="2.8402917">
      <ele>136</ele>
    </trkpt>
    <trkpt lat="47.558147" lon="2.8403239">
      <ele>136</ele>
    </trkpt>
    <trkpt lat="47.558104" lon="2.8403615">
      <ele>136</ele>
    </trkpt>
    <trkpt lat="47.55823" lon="2.8405144">
      <ele>136</ele>
    </trkpt>
    <trkpt lat="47.558355" lon="2.8406646">
      <ele>137</ele>
    </trkpt>
    <trkpt lat="47.558431" lon="2.8407692">
      <ele>138</ele>
    </trkpt>
    <trkpt lat="47.558475" lon="2.8408255">
      <ele>138</ele>
    </trkpt>
    <trkpt lat="47.558543" lon="2.8409328">
      <ele>139</ele>
    </trkpt>
    <trkpt lat="47.558563" lon="2.8409676">
      <ele>139</ele>
    </trkpt>
    <trkpt lat="47.558518" lon="2.841024">
      <ele>140</ele>
    </trkpt>
    <trkpt lat="47.558475" lon="2.8410776">
      <ele>140</ele>
    </trkpt>
    <trkpt lat="47.558154" lon="2.8414907">
      <ele>140</ele>
    </trkpt>
    <trkpt lat="47.5577" lon="2.8421773">
      <ele>141</ele>
    </trkpt>
    <trkpt lat="47.557599" lon="2.8423329">
      <ele>141</ele>
    </trkpt>
    <trkpt lat="47.557275" lon="2.8428318">
      <ele>140</ele>
    </trkpt>
    <trkpt lat="47.556913" lon="2.843379">
      <ele>141</ele>
    </trkpt>
    <trkpt lat="47.55606" lon="2.8446771">
      <ele>143</ele>
    </trkpt>
    <trkpt lat="47.555937" lon="2.8448595">
      <ele>143</ele>
    </trkpt>
    <trkpt lat="47.555455" lon="2.8455784">
      <ele>144</ele>
    </trkpt>
    <trkpt lat="47.555054" lon="2.8461819">
      <ele>144</ele>
    </trkpt>
    <trkpt lat="47.554632" lon="2.846839">
      <ele>145</ele>
    </trkpt>
    <trkpt lat="47.554337" lon="2.8472869">
      <ele>145</ele>
    </trkpt>
    <trkpt lat="47.554221" lon="2.8474532">
      <ele>144</ele>
    </trkpt>
    <trkpt lat="47.554065" lon="2.8476598">
      <ele>144</ele>
    </trkpt>
    <trkpt lat="47.553881" lon="2.8479038">
      <ele>143</ele>
    </trkpt>
    <trkpt lat="47.553837" lon="2.8479628">
      <ele>143</ele>
    </trkpt>
    <trkpt lat="47.553535" lon="2.8482954">
      <ele>143</ele>
    </trkpt>
    <trkpt lat="47.553234" lon="2.8485958">
      <ele>143</ele>
    </trkpt>
    <trkpt lat="47.55219" lon="2.8494595">
      <ele>141</ele>
    </trkpt>
    <trkpt lat="47.551455" lon="2.850055">
      <ele>139</ele>
    </trkpt>
    <trkpt lat="47.551285" lon="2.8501971">
      <ele>139</ele>
    </trkpt>
    <trkpt lat="47.551299" lon="2.8502427">
      <ele>139</ele>
    </trkpt>
    <trkpt lat="47.551395" lon="2.8505378">
      <ele>139</ele>
    </trkpt>
    <trkpt lat="47.551471" lon="2.8507255">
      <ele>139</ele>
    </trkpt>
    <trkpt lat="47.551748" lon="2.8512244">
      <ele>141</ele>
    </trkpt>
    <trkpt lat="47.551558" lon="2.8514551">
      <ele>141</ele>
    </trkpt>
    <trkpt lat="47.551129" lon="2.8518708">
      <ele>139</ele>
    </trkpt>
    <trkpt lat="47.551105" lon="2.8518923">
      <ele>139</ele>
    </trkpt>
    <trkpt lat="47.550836" lon="2.852182">
      <ele>138</ele>
    </trkpt>
    <trkpt lat="47.550535" lon="2.8525172">
      <ele>136</ele>
    </trkpt>
    <trkpt lat="47.550486" lon="2.852587">
      <ele>136</ele>
    </trkpt>
    <trkpt lat="47.55039" lon="2.8527184">
      <ele>137</ele>
    </trkpt>
    <trkpt lat="47.550251" lon="2.8529142">
      <ele>137</ele>
    </trkpt>
    <trkpt lat="47.550242" lon="2.8529276">
      <ele>137</ele>
    </trkpt>
    <trkpt lat="47.549643" lon="2.8537645">
      <ele>140</ele>
    </trkpt>
    <trkpt lat="47.549527" lon="2.8539281">
      <ele>142</ele>
    </trkpt>
    <trkpt lat="47.547588" lon="2.856739">
      <ele>152</ele>
    </trkpt>
    <trkpt lat="47.546746" lon="2.8579943">
      <ele>155</ele>
    </trkpt>
    <trkpt lat="47.544557" lon="2.8612291">
      <ele>164</ele>
    </trkpt>
    <trkpt lat="47.544372" lon="2.8614865">
      <ele>164</ele>
    </trkpt>
    <trkpt lat="47.540811" lon="2.8653355">
      <ele>166</ele>
    </trkpt>
    <trkpt lat="47.536047" lon="2.8704451">
      <ele>165</ele>
    </trkpt>
    <trkpt lat="47.535455" lon="2.8710674">
      <ele>168</ele>
    </trkpt>
    <trkpt lat="47.534203" lon="2.8724165">
      <ele>172</ele>
    </trkpt>
    <trkpt lat="47.532733" lon="2.8739964">
      <ele>173</ele>
    </trkpt>
    <trkpt lat="47.532483" lon="2.8742673">
      <ele>174</ele>
    </trkpt>
    <trkpt lat="47.531531" lon="2.8752838">
      <ele>175</ele>
    </trkpt>
    <trkpt lat="47.531503" lon="2.8753133">
      <ele>175</ele>
    </trkpt>
    <trkpt lat="47.531473" lon="2.8753455">
      <ele>175</ele>
    </trkpt>
    <trkpt lat="47.530804" lon="2.876067">
      <ele>175</ele>
    </trkpt>
    <trkpt lat="47.53035" lon="2.8765606">
      <ele>175</ele>
    </trkpt>
    <trkpt lat="47.528986" lon="2.8780492">
      <ele>175</ele>
    </trkpt>
    <trkpt lat="47.528901" lon="2.8781431">
      <ele>175</ele>
    </trkpt>
    <trkpt lat="47.528801" lon="2.8782396">
      <ele>175</ele>
    </trkpt>
    <trkpt lat="47.528245" lon="2.8787841">
      <ele>175</ele>
    </trkpt>
    <trkpt lat="47.528216" lon="2.8788136">
      <ele>175</ele>
    </trkpt>
    <trkpt lat="47.528149" lon="2.878878">
      <ele>174</ele>
    </trkpt>
    <trkpt lat="47.526912" lon="2.8796612">
      <ele>162</ele>
    </trkpt>
    <trkpt lat="47.526876" lon="2.8796827">
      <ele>162</ele>
    </trkpt>
    <trkpt lat="47.52598" lon="2.8802513">
      <ele>150</ele>
    </trkpt>
    <trkpt lat="47.525085" lon="2.8807824">
      <ele>141</ele>
    </trkpt>
    <trkpt lat="47.524895" lon="2.880895">
      <ele>140</ele>
    </trkpt>
    <trkpt lat="47.52486" lon="2.8809084">
      <ele>140</ele>
    </trkpt>
    <trkpt lat="47.524811" lon="2.8809245">
      <ele>140</ele>
    </trkpt>
    <trkpt lat="47.524808" lon="2.880895">
      <ele>140</ele>
    </trkpt>
    <trkpt lat="47.524799" lon="2.8808655">
      <ele>140</ele>
    </trkpt>
    <trkpt lat="47.524784" lon="2.8808414">
      <ele>139</ele>
    </trkpt>
    <trkpt lat="47.524762" lon="2.8808172">
      <ele>139</ele>
    </trkpt>
    <trkpt lat="47.524735" lon="2.8808011">
      <ele>139</ele>
    </trkpt>
    <trkpt lat="47.524706" lon="2.8807985">
      <ele>139</ele>
    </trkpt>
    <trkpt lat="47.524677" lon="2.8808092">
      <ele>139</ele>
    </trkpt>
    <trkpt lat="47.524654" lon="2.8808306">
      <ele>139</ele>
    </trkpt>
    <trkpt lat="47.524634" lon="2.8808628">
      <ele>139</ele>
    </trkpt>
    <trkpt lat="47.524509" lon="2.8810479">
      <ele>139</ele>
    </trkpt>
    <trkpt lat="47.524407" lon="2.8811793">
      <ele>139</ele>
    </trkpt>
    <trkpt lat="47.524339" lon="2.8812169">
      <ele>139</ele>
    </trkpt>
    <trkpt lat="47.524058" lon="2.8813537">
      <ele>138</ele>
    </trkpt>
    <trkpt lat="47.524027" lon="2.8813671">
      <ele>138</ele>
    </trkpt>
    <trkpt lat="47.523783" lon="2.8814878">
      <ele>137</ele>
    </trkpt>
    <trkpt lat="47.523734" lon="2.8815146">
      <ele>137</ele>
    </trkpt>
    <trkpt lat="47.523603" lon="2.8815817">
      <ele>138</ele>
    </trkpt>
    <trkpt lat="47.523531" lon="2.8816326">
      <ele>139</ele>
    </trkpt>
    <trkpt lat="47.523437" lon="2.8816889">
      <ele>139</ele>
    </trkpt>
    <trkpt lat="47.523371" lon="2.8817211">
      <ele>139</ele>
    </trkpt>
    <trkpt lat="47.523208" lon="2.8818016">
      <ele>139</ele>
    </trkpt>
    <trkpt lat="47.523047" lon="2.8818821">
      <ele>140</ele>
    </trkpt>
    <trkpt lat="47.522998" lon="2.8818955">
      <ele>140</ele>
    </trkpt>
    <trkpt lat="47.522848" lon="2.881925">
      <ele>140</ele>
    </trkpt>
    <trkpt lat="47.522745" lon="2.8819196">
      <ele>140</ele>
    </trkpt>
    <trkpt lat="47.522683" lon="2.8819169">
      <ele>140</ele>
    </trkpt>
    <trkpt lat="47.522386" lon="2.881874">
      <ele>141</ele>
    </trkpt>
    <trkpt lat="47.522214" lon="2.8818445">
      <ele>141</ele>
    </trkpt>
    <trkpt lat="47.522015" lon="2.881807">
      <ele>141</ele>
    </trkpt>
    <trkpt lat="47.521272" lon="2.8816621">
      <ele>140</ele>
    </trkpt>
    <trkpt lat="47.520426" lon="2.8815039">
      <ele>139</ele>
    </trkpt>
    <trkpt lat="47.520316" lon="2.8815012">
      <ele>139</ele>
    </trkpt>
    <trkpt lat="47.520231" lon="2.8815146">
      <ele>139</ele>
    </trkpt>
    <trkpt lat="47.520164" lon="2.8815441">
      <ele>139</ele>
    </trkpt>
    <trkpt lat="47.520087" lon="2.8815951">
      <ele>139</ele>
    </trkpt>
    <trkpt lat="47.520002" lon="2.8816755">
      <ele>139</ele>
    </trkpt>
    <trkpt lat="47.519752" lon="2.8819652">
      <ele>139</ele>
    </trkpt>
    <trkpt lat="47.519106" lon="2.882794">
      <ele>140</ele>
    </trkpt>
    <trkpt lat="47.516329" lon="2.8866537">
      <ele>144</ele>
    </trkpt>
    <trkpt lat="47.51584" lon="2.8873618">
      <ele>145</ele>
    </trkpt>
    <trkpt lat="47.515595" lon="2.8876783">
      <ele>145</ele>
    </trkpt>
    <trkpt lat="47.514939" lon="2.8882899">
      <ele>144</ele>
    </trkpt>
    <trkpt lat="47.514889" lon="2.8883328">
      <ele>144</ele>
    </trkpt>
    <trkpt lat="47.514376" lon="2.8888987">
      <ele>147</ele>
    </trkpt>
    <trkpt lat="47.514325" lon="2.8889363">
      <ele>147</ele>
    </trkpt>
    <trkpt lat="47.51428" lon="2.8889631">
      <ele>147</ele>
    </trkpt>
    <trkpt lat="47.514231" lon="2.8889738">
      <ele>148</ele>
    </trkpt>
    <trkpt lat="47.514149" lon="2.8889604">
      <ele>148</ele>
    </trkpt>
    <trkpt lat="47.51411" lon="2.8889524">
      <ele>147</ele>
    </trkpt>
    <trkpt lat="47.514024" lon="2.8889363">
      <ele>146</ele>
    </trkpt>
    <trkpt lat="47.513666" lon="2.8893976">
      <ele>145</ele>
    </trkpt>
    <trkpt lat="47.51313" lon="2.8900682">
      <ele>141</ele>
    </trkpt>
    <trkpt lat="47.51288" lon="2.8904276">
      <ele>141</ele>
    </trkpt>
    <trkpt lat="47.51276" lon="2.8906475">
      <ele>141</ele>
    </trkpt>
    <trkpt lat="47.512593" lon="2.8910713">
      <ele>141</ele>
    </trkpt>
    <trkpt lat="47.512365" lon="2.8917419">
      <ele>141</ele>
    </trkpt>
    <trkpt lat="47.512289" lon="2.8920584">
      <ele>141</ele>
    </trkpt>
    <trkpt lat="47.512271" lon="2.8923105">
      <ele>141</ele>
    </trkpt>
    <trkpt lat="47.512274" lon="2.8924982">
      <ele>142</ele>
    </trkpt>
    <trkpt lat="47.512285" lon="2.8925626">
      <ele>143</ele>
    </trkpt>
    <trkpt lat="47.5123" lon="2.8926216">
      <ele>143</ele>
    </trkpt>
    <trkpt lat="47.5122" lon="2.8927745">
      <ele>144</ele>
    </trkpt>
    <trkpt lat="47.512084" lon="2.8929408">
      <ele>142</ele>
    </trkpt>
    <trkpt lat="47.511954" lon="2.893091">
      <ele>143</ele>
    </trkpt>
    <trkpt lat="47.51189" lon="2.8931527">
      <ele>143</ele>
    </trkpt>
    <trkpt lat="47.511907" lon="2.8932198">
      <ele>143</ele>
    </trkpt>
    <trkpt lat="47.511892" lon="2.893319">
      <ele>144</ele>
    </trkpt>
    <trkpt lat="47.511858" lon="2.8934451">
      <ele>143</ele>
    </trkpt>
    <trkpt lat="47.511682" lon="2.8937616">
      <ele>143</ele>
    </trkpt>
    <trkpt lat="47.509664" lon="2.897337">
      <ele>165</ele>
    </trkpt>
    <trkpt lat="47.509419" lon="2.8977715">
      <ele>165</ele>
    </trkpt>
    <trkpt lat="47.506413" lon="2.9030742">
      <ele>161</ele>
    </trkpt>
    <trkpt lat="47.505227" lon="2.9051663">
      <ele>169</ele>
    </trkpt>
    <trkpt lat="47.50296" lon="2.9091655">
      <ele>173</ele>
    </trkpt>
    <trkpt lat="47.500755" lon="2.9130762">
      <ele>182</ele>
    </trkpt>
    <trkpt lat="47.498125" lon="2.9177191">
      <ele>188</ele>
    </trkpt>
    <trkpt lat="47.496373" lon="2.9208143">
      <ele>189</ele>
    </trkpt>
    <trkpt lat="47.49621" lon="2.9210101">
      <ele>189</ele>
    </trkpt>
    <trkpt lat="47.495953" lon="2.9212596">
      <ele>190</ele>
    </trkpt>
    <trkpt lat="47.49476" lon="2.9219516">
      <ele>192</ele>
    </trkpt>
    <trkpt lat="47.493165" lon="2.9233276">
      <ele>185</ele>
    </trkpt>
    <trkpt lat="47.492759" lon="2.9234134">
      <ele>186</ele>
    </trkpt>
    <trkpt lat="47.491012" lon="2.9229413">
      <ele>180</ele>
    </trkpt>
    <trkpt lat="47.490454" lon="2.9227858">
      <ele>178</ele>
    </trkpt>
    <trkpt lat="47.48947" lon="2.9225095">
      <ele>168</ele>
    </trkpt>
    <trkpt lat="47.488796" lon="2.9222922">
      <ele>162</ele>
    </trkpt>
    <trkpt lat="47.488551" lon="2.9222734">
      <ele>161</ele>
    </trkpt>
    <trkpt lat="47.487541" lon="2.9223593">
      <ele>154</ele>
    </trkpt>
    <trkpt lat="47.487453" lon="2.9223244">
      <ele>154</ele>
    </trkpt>
    <trkpt lat="47.487424" lon="2.9222627">
      <ele>154</ele>
    </trkpt>
    <trkpt lat="47.487366" lon="2.9222842">
      <ele>154</ele>
    </trkpt>
    <trkpt lat="47.48463" lon="2.9234858">
      <ele>149</ele>
    </trkpt>
    <trkpt lat="47.48318" lon="2.9241242">
      <ele>147</ele>
    </trkpt>
    <trkpt lat="47.482006" lon="2.9246418">
      <ele>146</ele>
    </trkpt>
    <trkpt lat="47.481864" lon="2.9247035">
      <ele>147</ele>
    </trkpt>
    <trkpt lat="47.480936" lon="2.9250656">
      <ele>146</ele>
    </trkpt>
    <trkpt lat="47.477307" lon="2.9266347">
      <ele>151</ele>
    </trkpt>
    <trkpt lat="47.476977" lon="2.9267822">
      <ele>152</ele>
    </trkpt>
    <trkpt lat="47.4767" lon="2.9269298">
      <ele>152</ele>
    </trkpt>
    <trkpt lat="47.473801" lon="2.9281877">
      <ele>154</ele>
    </trkpt>
    <trkpt lat="47.473841" lon="2.9283594">
      <ele>155</ele>
    </trkpt>
    <trkpt lat="47.473876" lon="2.9287339">
      <ele>156</ele>
    </trkpt>
    <trkpt lat="47.473594" lon="2.9287912">
      <ele>155</ele>
    </trkpt>
    <trkpt lat="47.473594" lon="2.9287912">
      <ele>156</ele>
    </trkpt>
    <trkpt lat="47.473876" lon="2.9287339">
      <ele>156</ele>
    </trkpt>
    <trkpt lat="47.47389" lon="2.9288851">
      <ele>157</ele>
    </trkpt>
    <trkpt lat="47.473835" lon="2.9290353">
      <ele>157</ele>
    </trkpt>
    <trkpt lat="47.473784" lon="2.9291453">
      <ele>158</ele>
    </trkpt>
    <trkpt lat="47.473464" lon="2.9296254">
      <ele>158</ele>
    </trkpt>
    <trkpt lat="47.473384" lon="2.929789">
      <ele>157</ele>
    </trkpt>
    <trkpt lat="47.473329" lon="2.9299392">
      <ele>157</ele>
    </trkpt>
    <trkpt lat="47.473257" lon="2.9303791">
      <ele>156</ele>
    </trkpt>
    <trkpt lat="47.473248" lon="2.93043">
      <ele>156</ele>
    </trkpt>
    <trkpt lat="47.473172" lon="2.9303979">
      <ele>156</ele>
    </trkpt>
    <trkpt lat="47.473106" lon="2.9303898">
      <ele>156</ele>
    </trkpt>
    <trkpt lat="47.472996" lon="2.9304113">
      <ele>155</ele>
    </trkpt>
    <trkpt lat="47.472619" lon="2.9304944">
      <ele>152</ele>
    </trkpt>
    <trkpt lat="47.472428" lon="2.9304864">
      <ele>151</ele>
    </trkpt>
    <trkpt lat="47.471953" lon="2.9301591">
      <ele>148</ele>
    </trkpt>
    <trkpt lat="47.471917" lon="2.9301323">
      <ele>148</ele>
    </trkpt>
    <trkpt lat="47.471787" lon="2.9300331">
      <ele>147</ele>
    </trkpt>
    <trkpt lat="47.471725" lon="2.9299365">
      <ele>146</ele>
    </trkpt>
    <trkpt lat="47.471703" lon="2.929797">
      <ele>146</ele>
    </trkpt>
    <trkpt lat="47.471685" lon="2.9292901">
      <ele>146</ele>
    </trkpt>
    <trkpt lat="47.471681" lon="2.9291989">
      <ele>146</ele>
    </trkpt>
    <trkpt lat="47.47168" lon="2.929156">
      <ele>146</ele>
    </trkpt>
    <trkpt lat="47.471567" lon="2.9291882">
      <ele>146</ele>
    </trkpt>
    <trkpt lat="47.469866" lon="2.9296629">
      <ele>145</ele>
    </trkpt>
    <trkpt lat="47.469422" lon="2.929781">
      <ele>146</ele>
    </trkpt>
    <trkpt lat="47.469306" lon="2.929797">
      <ele>146</ele>
    </trkpt>
    <trkpt lat="47.469009" lon="2.92984">
      <ele>146</ele>
    </trkpt>
    <trkpt lat="47.468655" lon="2.9298882">
      <ele>146</ele>
    </trkpt>
    <trkpt lat="47.462554" lon="2.9306714">
      <ele>147</ele>
    </trkpt>
    <trkpt lat="47.461678" lon="2.9307841">
      <ele>147</ele>
    </trkpt>
    <trkpt lat="47.459815" lon="2.9310201">
      <ele>146</ele>
    </trkpt>
    <trkpt lat="47.454845" lon="2.9316585">
      <ele>145</ele>
    </trkpt>
    <trkpt lat="47.453744" lon="2.9318033">
      <ele>146</ele>
    </trkpt>
    <trkpt lat="47.453568" lon="2.9318248">
      <ele>146</ele>
    </trkpt>
    <trkpt lat="47.453573" lon="2.9317604">
      <ele>146</ele>
    </trkpt>
    <trkpt lat="47.4536" lon="2.9311328">
      <ele>142</ele>
    </trkpt>
    <trkpt lat="47.4536" lon="2.9309343">
      <ele>142</ele>
    </trkpt>
    <trkpt lat="47.4536" lon="2.9308699">
      <ele>142</ele>
    </trkpt>
    <trkpt lat="47.453557" lon="2.930827">
      <ele>142</ele>
    </trkpt>
    <trkpt lat="47.453499" lon="2.9308377">
      <ele>142</ele>
    </trkpt>
    <trkpt lat="47.453408" lon="2.9308699">
      <ele>142</ele>
    </trkpt>
    <trkpt lat="47.452715" lon="2.9309128">
      <ele>144</ele>
    </trkpt>
    <trkpt lat="47.451634" lon="2.9309933">
      <ele>144</ele>
    </trkpt>
    <trkpt lat="47.45138" lon="2.9309772">
      <ele>144</ele>
    </trkpt>
    <trkpt lat="47.451072" lon="2.9309209">
      <ele>145</ele>
    </trkpt>
    <trkpt lat="47.451007" lon="2.9308914">
      <ele>145</ele>
    </trkpt>
    <trkpt lat="47.450849" lon="2.9307492">
      <ele>144</ele>
    </trkpt>
    <trkpt lat="47.4508" lon="2.9307358">
      <ele>144</ele>
    </trkpt>
    <trkpt lat="47.450727" lon="2.9307412">
      <ele>144</ele>
    </trkpt>
    <trkpt lat="47.450521" lon="2.9307975">
      <ele>143</ele>
    </trkpt>
    <trkpt lat="47.449973" lon="2.9309128">
      <ele>144</ele>
    </trkpt>
    <trkpt lat="47.449837" lon="2.9309236">
      <ele>144</ele>
    </trkpt>
    <trkpt lat="47.449304" lon="2.9309665">
      <ele>144</ele>
    </trkpt>
    <trkpt lat="47.449037" lon="2.9309879">
      <ele>144</ele>
    </trkpt>
    <trkpt lat="47.44756" lon="2.9313152">
      <ele>145</ele>
    </trkpt>
    <trkpt lat="47.446294" lon="2.931578">
      <ele>145</ele>
    </trkpt>
    <trkpt lat="47.446195" lon="2.9315539">
      <ele>145</ele>
    </trkpt>
    <trkpt lat="47.445922" lon="2.9314171">
      <ele>145</ele>
    </trkpt>
    <trkpt lat="47.445823" lon="2.9314412">
      <ele>145</ele>
    </trkpt>
    <trkpt lat="47.445743" lon="2.9314922">
      <ele>145</ele>
    </trkpt>
    <trkpt lat="47.445649" lon="2.9316129">
      <ele>146</ele>
    </trkpt>
    <trkpt lat="47.445647" lon="2.93168">
      <ele>146</ele>
    </trkpt>
    <trkpt lat="47.445665" lon="2.9318704">
      <ele>146</ele>
    </trkpt>
    <trkpt lat="47.44567" lon="2.931916">
      <ele>146</ele>
    </trkpt>
    <trkpt lat="47.445776" lon="2.9327475">
      <ele>146</ele>
    </trkpt>
    <trkpt lat="47.445783" lon="2.9328306">
      <ele>146</ele>
    </trkpt>
    <trkpt lat="47.445308" lon="2.9328843">
      <ele>146</ele>
    </trkpt>
    <trkpt lat="47.444812" lon="2.932954">
      <ele>145</ele>
    </trkpt>
    <trkpt lat="47.444531" lon="2.9329835">
      <ele>145</ele>
    </trkpt>
    <trkpt lat="47.444375" lon="2.9329996">
      <ele>145</ele>
    </trkpt>
    <trkpt lat="47.444011" lon="2.9330479">
      <ele>145</ele>
    </trkpt>
    <trkpt lat="47.442966" lon="2.9331766">
      <ele>150</ele>
    </trkpt>
    <trkpt lat="47.442792" lon="2.9331766">
      <ele>151</ele>
    </trkpt>
    <trkpt lat="47.442628" lon="2.9331793">
      <ele>152</ele>
    </trkpt>
    <trkpt lat="47.44259" lon="2.9331176">
      <ele>152</ele>
    </trkpt>
    <trkpt lat="47.442548" lon="2.9330881">
      <ele>152</ele>
    </trkpt>
    <trkpt lat="47.442523" lon="2.9330828">
      <ele>152</ele>
    </trkpt>
    <trkpt lat="47.442378" lon="2.9329245">
      <ele>151</ele>
    </trkpt>
    <trkpt lat="47.442187" lon="2.9328065">
      <ele>152</ele>
    </trkpt>
    <trkpt lat="47.442035" lon="2.9327448">
      <ele>151</ele>
    </trkpt>
    <trkpt lat="47.441839" lon="2.9327019">
      <ele>150</ele>
    </trkpt>
    <trkpt lat="47.441665" lon="2.9327207">
      <ele>150</ele>
    </trkpt>
    <trkpt lat="47.441357" lon="2.9328118">
      <ele>149</ele>
    </trkpt>
    <trkpt lat="47.440684" lon="2.9330103">
      <ele>146</ele>
    </trkpt>
    <trkpt lat="47.439775" lon="2.9332705">
      <ele>146</ele>
    </trkpt>
    <trkpt lat="47.438927" lon="2.9334341">
      <ele>146</ele>
    </trkpt>
    <trkpt lat="47.438093" lon="2.9335521">
      <ele>148</ele>
    </trkpt>
    <trkpt lat="47.437599" lon="2.9335763">
      <ele>148</ele>
    </trkpt>
    <trkpt lat="47.436444" lon="2.9335334">
      <ele>148</ele>
    </trkpt>
    <trkpt lat="47.433142" lon="2.9334046">
      <ele>149</ele>
    </trkpt>
    <trkpt lat="47.431217" lon="2.933241">
      <ele>147</ele>
    </trkpt>
    <trkpt lat="47.42933" lon="2.9327207">
      <ele>147</ele>
    </trkpt>
    <trkpt lat="47.427838" lon="2.9322566">
      <ele>146</ele>
    </trkpt>
    <trkpt lat="47.427624" lon="2.9321869">
      <ele>145</ele>
    </trkpt>
    <trkpt lat="47.427426" lon="2.9321306">
      <ele>144</ele>
    </trkpt>
    <trkpt lat="47.427147" lon="2.9320555">
      <ele>145</ele>
    </trkpt>
    <trkpt lat="47.427159" lon="2.9319482">
      <ele>144</ele>
    </trkpt>
    <trkpt lat="47.426323" lon="2.9316826">
      <ele>144</ele>
    </trkpt>
    <trkpt lat="47.426241" lon="2.9316558">
      <ele>145</ele>
    </trkpt>
    <trkpt lat="47.425299" lon="2.9314171">
      <ele>145</ele>
    </trkpt>
    <trkpt lat="47.424826" lon="2.9312776">
      <ele>145</ele>
    </trkpt>
    <trkpt lat="47.42447" lon="2.931173">
      <ele>145</ele>
    </trkpt>
    <trkpt lat="47.4243" lon="2.9311221">
      <ele>145</ele>
    </trkpt>
    <trkpt lat="47.423635" lon="2.9309289">
      <ele>146</ele>
    </trkpt>
    <trkpt lat="47.422931" lon="2.9307224">
      <ele>146</ele>
    </trkpt>
    <trkpt lat="47.422724" lon="2.9306554">
      <ele>146</ele>
    </trkpt>
    <trkpt lat="47.422234" lon="2.9305212">
      <ele>147</ele>
    </trkpt>
    <trkpt lat="47.422115" lon="2.9304676">
      <ele>147</ele>
    </trkpt>
    <trkpt lat="47.421842" lon="2.9303657">
      <ele>148</ele>
    </trkpt>
    <trkpt lat="47.421434" lon="2.9302423">
      <ele>149</ele>
    </trkpt>
    <trkpt lat="47.421418" lon="2.9302637">
      <ele>149</ele>
    </trkpt>
    <trkpt lat="47.42141" lon="2.9303335">
      <ele>149</ele>
    </trkpt>
    <trkpt lat="47.421383" lon="2.9304086">
      <ele>149</ele>
    </trkpt>
    <trkpt lat="47.421343" lon="2.9304086">
      <ele>149</ele>
    </trkpt>
    <trkpt lat="47.421271" lon="2.9303737">
      <ele>149</ele>
    </trkpt>
    <trkpt lat="47.421087" lon="2.9302691">
      <ele>150</ele>
    </trkpt>
    <trkpt lat="47.42077" lon="2.9300277">
      <ele>149</ele>
    </trkpt>
    <trkpt lat="47.420636" lon="2.9299204">
      <ele>149</ele>
    </trkpt>
    <trkpt lat="47.420454" lon="2.929781">
      <ele>149</ele>
    </trkpt>
    <trkpt lat="47.419717" lon="2.9292338">
      <ele>146</ele>
    </trkpt>
    <trkpt lat="47.419276" lon="2.9289092">
      <ele>145</ele>
    </trkpt>
    <trkpt lat="47.419147" lon="2.9288073">
      <ele>145</ele>
    </trkpt>
    <trkpt lat="47.419037" lon="2.9287295">
      <ele>145</ele>
    </trkpt>
    <trkpt lat="47.417846" lon="2.9278337">
      <ele>145</ele>
    </trkpt>
    <trkpt lat="47.417835" lon="2.9278256">
      <ele>145</ele>
    </trkpt>
    <trkpt lat="47.417583" lon="2.9276271">
      <ele>145</ele>
    </trkpt>
    <trkpt lat="47.417565" lon="2.9276137">
      <ele>145</ele>
    </trkpt>
    <trkpt lat="47.416508" lon="2.9268386">
      <ele>145</ele>
    </trkpt>
    <trkpt lat="47.416047" lon="2.9264792">
      <ele>145</ele>
    </trkpt>
    <trkpt lat="47.41589" lon="2.9263799">
      <ele>146</ele>
    </trkpt>
    <trkpt lat="47.415808" lon="2.9263424">
      <ele>146</ele>
    </trkpt>
    <trkpt lat="47.415819" lon="2.9262378">
      <ele>145</ele>
    </trkpt>
    <trkpt lat="47.415735" lon="2.9262002">
      <ele>145</ele>
    </trkpt>
    <trkpt lat="47.415763" lon="2.9260715">
      <ele>145</ele>
    </trkpt>
    <trkpt lat="47.415977" lon="2.9254009">
      <ele>145</ele>
    </trkpt>
    <trkpt lat="47.416028" lon="2.9252561">
      <ele>144</ele>
    </trkpt>
    <trkpt lat="47.41632" lon="2.9243978">
      <ele>144</ele>
    </trkpt>
    <trkpt lat="47.416283" lon="2.9243602">
      <ele>144</ele>
    </trkpt>
    <trkpt lat="47.415574" lon="2.9236092">
      <ele>144</ele>
    </trkpt>
    <trkpt lat="47.414659" lon="2.9228287">
      <ele>144</ele>
    </trkpt>
    <trkpt lat="47.41463" lon="2.9227831">
      <ele>144</ele>
    </trkpt>
    <trkpt lat="47.414617" lon="2.9227294">
      <ele>144</ele>
    </trkpt>
    <trkpt lat="47.414615" lon="2.9226785">
      <ele>144</ele>
    </trkpt>
    <trkpt lat="47.414527" lon="2.9226463">
      <ele>144</ele>
    </trkpt>
    <trkpt lat="47.414474" lon="2.9226248">
      <ele>144</ele>
    </trkpt>
    <trkpt lat="47.414421" lon="2.9226007">
      <ele>144</ele>
    </trkpt>
    <trkpt lat="47.414383" lon="2.9225846">
      <ele>144</ele>
    </trkpt>
    <trkpt lat="47.414047" lon="2.9224237">
      <ele>144</ele>
    </trkpt>
    <trkpt lat="47.413938" lon="2.9223727">
      <ele>144</ele>
    </trkpt>
    <trkpt lat="47.413505" lon="2.9221823">
      <ele>144</ele>
    </trkpt>
    <trkpt lat="47.413457" lon="2.9221608">
      <ele>144</ele>
    </trkpt>
    <trkpt lat="47.413423" lon="2.9221554">
      <ele>144</ele>
    </trkpt>
    <trkpt lat="47.413356" lon="2.922142">
      <ele>144</ele>
    </trkpt>
    <trkpt lat="47.413356" lon="2.9221125">
      <ele>144</ele>
    </trkpt>
    <trkpt lat="47.413345" lon="2.922075">
      <ele>144</ele>
    </trkpt>
    <trkpt lat="47.413316" lon="2.9220508">
      <ele>144</ele>
    </trkpt>
    <trkpt lat="47.413216" lon="2.9220347">
      <ele>144</ele>
    </trkpt>
    <trkpt lat="47.413162" lon="2.9220321">
      <ele>144</ele>
    </trkpt>
    <trkpt lat="47.413143" lon="2.9220508">
      <ele>144</ele>
    </trkpt>
    <trkpt lat="47.413131" lon="2.922083">
      <ele>144</ele>
    </trkpt>
    <trkpt lat="47.41312" lon="2.9221393">
      <ele>144</ele>
    </trkpt>
    <trkpt lat="47.41308" lon="2.9221447">
      <ele>144</ele>
    </trkpt>
    <trkpt lat="47.413049" lon="2.9221474">
      <ele>144</ele>
    </trkpt>
    <trkpt lat="47.412955" lon="2.9221527">
      <ele>144</ele>
    </trkpt>
    <trkpt lat="47.412893" lon="2.9221501">
      <ele>144</ele>
    </trkpt>
    <trkpt lat="47.41271" lon="2.9221259">
      <ele>144</ele>
    </trkpt>
    <trkpt lat="47.412659" lon="2.9221286">
      <ele>144</ele>
    </trkpt>
    <trkpt lat="47.412583" lon="2.922142">
      <ele>144</ele>
    </trkpt>
    <trkpt lat="47.412347" lon="2.922252">
      <ele>145</ele>
    </trkpt>
    <trkpt lat="47.412292" lon="2.9222681">
      <ele>145</ele>
    </trkpt>
    <trkpt lat="47.41198" lon="2.9222225">
      <ele>146</ele>
    </trkpt>
    <trkpt lat="47.411849" lon="2.9222252">
      <ele>146</ele>
    </trkpt>
    <trkpt lat="47.411795" lon="2.9222279">
      <ele>146</ele>
    </trkpt>
    <trkpt lat="47.411601" lon="2.9222627">
      <ele>146</ele>
    </trkpt>
    <trkpt lat="47.411561" lon="2.9222574">
      <ele>146</ele>
    </trkpt>
    <trkpt lat="47.411512" lon="2.9222359">
      <ele>147</ele>
    </trkpt>
    <trkpt lat="47.411523" lon="2.9221957">
      <ele>147</ele>
    </trkpt>
    <trkpt lat="47.411523" lon="2.9221527">
      <ele>147</ele>
    </trkpt>
    <trkpt lat="47.411514" lon="2.9221125">
      <ele>147</ele>
    </trkpt>
    <trkpt lat="47.411495" lon="2.9220803">
      <ele>147</ele>
    </trkpt>
    <trkpt lat="47.41147" lon="2.9220589">
      <ele>147</ele>
    </trkpt>
    <trkpt lat="47.411443" lon="2.9220508">
      <ele>147</ele>
    </trkpt>
    <trkpt lat="47.411445" lon="2.9219516">
      <ele>147</ele>
    </trkpt>
    <trkpt lat="47.411443" lon="2.921678">
      <ele>144</ele>
    </trkpt>
    <trkpt lat="47.411347" lon="2.9172872">
      <ele>146</ele>
    </trkpt>
    <trkpt lat="47.411343" lon="2.91707">
      <ele>146</ele>
    </trkpt>
    <trkpt lat="47.411339" lon="2.9168205">
      <ele>145</ele>
    </trkpt>
    <trkpt lat="47.411176" lon="2.9086934">
      <ele>145</ele>
    </trkpt>
    <trkpt lat="47.411118" lon="2.9063089">
      <ele>146</ele>
    </trkpt>
    <trkpt lat="47.411114" lon="2.906081">
      <ele>147</ele>
    </trkpt>
    <trkpt lat="47.411111" lon="2.9059066">
      <ele>147</ele>
    </trkpt>
    <trkpt lat="47.411065" lon="2.90592">
      <ele>147</ele>
    </trkpt>
    <trkpt lat="47.411007" lon="2.9059254">
      <ele>147</ele>
    </trkpt>
    <trkpt lat="47.410989" lon="2.90592">
      <ele>146</ele>
    </trkpt>
    <trkpt lat="47.410951" lon="2.9059147">
      <ele>146</ele>
    </trkpt>
    <trkpt lat="47.409348" lon="2.9056062">
      <ele>145</ele>
    </trkpt>
    <trkpt lat="47.404127" lon="2.9046996">
      <ele>147</ele>
    </trkpt>
    <trkpt lat="47.40351" lon="2.9045896">
      <ele>145</ele>
    </trkpt>
    <trkpt lat="47.403143" lon="2.9044904">
      <ele>146</ele>
    </trkpt>
    <trkpt lat="47.401335" lon="2.9035275">
      <ele>145</ele>
    </trkpt>
    <trkpt lat="47.401081" lon="2.9033451">
      <ele>147</ele>
    </trkpt>
    <trkpt lat="47.400847" lon="2.9031198">
      <ele>146</ele>
    </trkpt>
    <trkpt lat="47.399358" lon="2.9012771">
      <ele>146</ele>
    </trkpt>
    <trkpt lat="47.398873" lon="2.9006495">
      <ele>146</ele>
    </trkpt>
    <trkpt lat="47.398154" lon="2.8997429">
      <ele>146</ele>
    </trkpt>
    <trkpt lat="47.395102" lon="2.8958966">
      <ele>146</ele>
    </trkpt>
    <trkpt lat="47.393886" lon="2.8943275">
      <ele>146</ele>
    </trkpt>
    <trkpt lat="47.393837" lon="2.8942605">
      <ele>146</ele>
    </trkpt>
    <trkpt lat="47.393784" lon="2.8941719">
      <ele>146</ele>
    </trkpt>
    <trkpt lat="47.392994" lon="2.8927691">
      <ele>146</ele>
    </trkpt>
    <trkpt lat="47.392587" lon="2.8920235">
      <ele>147</ele>
    </trkpt>
    <trkpt lat="47.39258" lon="2.8920128">
      <ele>147</ele>
    </trkpt>
    <trkpt lat="47.39237" lon="2.891656">
      <ele>147</ele>
    </trkpt>
    <trkpt lat="47.39234" lon="2.8916104">
      <ele>146</ele>
    </trkpt>
    <trkpt lat="47.392331" lon="2.8915943">
      <ele>146</ele>
    </trkpt>
    <trkpt lat="47.392319" lon="2.8915702">
      <ele>146</ele>
    </trkpt>
    <trkpt lat="47.392308" lon="2.8915487">
      <ele>146</ele>
    </trkpt>
    <trkpt lat="47.392297" lon="2.8915273">
      <ele>147</ele>
    </trkpt>
    <trkpt lat="47.392288" lon="2.8915058">
      <ele>147</ele>
    </trkpt>
    <trkpt lat="47.392281" lon="2.8914817">
      <ele>147</ele>
    </trkpt>
    <trkpt lat="47.392273" lon="2.8914575">
      <ele>147</ele>
    </trkpt>
    <trkpt lat="47.392266" lon="2.8914361">
      <ele>147</ele>
    </trkpt>
    <trkpt lat="47.392261" lon="2.8914093">
      <ele>147</ele>
    </trkpt>
    <trkpt lat="47.392255" lon="2.8913798">
      <ele>148</ele>
    </trkpt>
    <trkpt lat="47.39225" lon="2.8913529">
      <ele>148</ele>
    </trkpt>
    <trkpt lat="47.392246" lon="2.8913234">
      <ele>148</ele>
    </trkpt>
    <trkpt lat="47.392244" lon="2.8912966">
      <ele>148</ele>
    </trkpt>
    <trkpt lat="47.392242" lon="2.8912671">
      <ele>148</ele>
    </trkpt>
    <trkpt lat="47.392242" lon="2.8912403">
      <ele>148</ele>
    </trkpt>
    <trkpt lat="47.392242" lon="2.8912135">
      <ele>148</ele>
    </trkpt>
    <trkpt lat="47.392244" lon="2.891184">
      <ele>148</ele>
    </trkpt>
    <trkpt lat="47.392248" lon="2.8911545">
      <ele>148</ele>
    </trkpt>
    <trkpt lat="47.392251" lon="2.891125">
      <ele>148</ele>
    </trkpt>
    <trkpt lat="47.392257" lon="2.8910928">
      <ele>148</ele>
    </trkpt>
    <trkpt lat="47.392402" lon="2.8903337">
      <ele>148</ele>
    </trkpt>
    <trkpt lat="47.392426" lon="2.8902103">
      <ele>147</ele>
    </trkpt>
    <trkpt lat="47.392435" lon="2.8900977">
      <ele>147</ele>
    </trkpt>
    <trkpt lat="47.392437" lon="2.890044">
      <ele>147</ele>
    </trkpt>
    <trkpt lat="47.392435" lon="2.8900011">
      <ele>147</ele>
    </trkpt>
    <trkpt lat="47.392431" lon="2.8899689">
      <ele>147</ele>
    </trkpt>
    <trkpt lat="47.392428" lon="2.8899287">
      <ele>147</ele>
    </trkpt>
    <trkpt lat="47.392424" lon="2.8898992">
      <ele>148</ele>
    </trkpt>
    <trkpt lat="47.392417" lon="2.8898643">
      <ele>148</ele>
    </trkpt>
    <trkpt lat="47.392409" lon="2.8898241">
      <ele>148</ele>
    </trkpt>
    <trkpt lat="47.392399" lon="2.8897892">
      <ele>149</ele>
    </trkpt>
    <trkpt lat="47.392388" lon="2.8897463">
      <ele>149</ele>
    </trkpt>
    <trkpt lat="47.392377" lon="2.8897168">
      <ele>149</ele>
    </trkpt>
    <trkpt lat="47.392364" lon="2.8896819">
      <ele>149</ele>
    </trkpt>
    <trkpt lat="47.39235" lon="2.8896524">
      <ele>149</ele>
    </trkpt>
    <trkpt lat="47.392335" lon="2.8896229">
      <ele>149</ele>
    </trkpt>
    <trkpt lat="47.392317" lon="2.889588">
      <ele>149</ele>
    </trkpt>
    <trkpt lat="47.392301" lon="2.8895612">
      <ele>148</ele>
    </trkpt>
    <trkpt lat="47.392273" lon="2.889521">
      <ele>148</ele>
    </trkpt>
    <trkpt lat="47.392257" lon="2.8895022">
      <ele>148</ele>
    </trkpt>
    <trkpt lat="47.392242" lon="2.8894834">
      <ele>147</ele>
    </trkpt>
    <trkpt lat="47.392215" lon="2.8894539">
      <ele>146</ele>
    </trkpt>
    <trkpt lat="47.392179" lon="2.8894218">
      <ele>146</ele>
    </trkpt>
    <trkpt lat="47.392163" lon="2.889411">
      <ele>146</ele>
    </trkpt>
    <trkpt lat="47.392135" lon="2.8893896">
      <ele>146</ele>
    </trkpt>
    <trkpt lat="47.392112" lon="2.8893762">
      <ele>146</ele>
    </trkpt>
    <trkpt lat="47.392094" lon="2.8893681">
      <ele>146</ele>
    </trkpt>
    <trkpt lat="47.392075" lon="2.8893601">
      <ele>146</ele>
    </trkpt>
    <trkpt lat="47.391656" lon="2.8892072">
      <ele>145</ele>
    </trkpt>
    <trkpt lat="47.3913" lon="2.8889819">
      <ele>145</ele>
    </trkpt>
    <trkpt lat="47.391095" lon="2.8888102">
      <ele>146</ele>
    </trkpt>
    <trkpt lat="47.390859" lon="2.8885071">
      <ele>147</ele>
    </trkpt>
    <trkpt lat="47.390668" lon="2.8883837">
      <ele>147</ele>
    </trkpt>
    <trkpt lat="47.390545" lon="2.8882952">
      <ele>148</ele>
    </trkpt>
    <trkpt lat="47.390499" lon="2.8882335">
      <ele>147</ele>
    </trkpt>
    <trkpt lat="47.390481" lon="2.8882094">
      <ele>147</ele>
    </trkpt>
    <trkpt lat="47.390467" lon="2.8881772">
      <ele>147</ele>
    </trkpt>
    <trkpt lat="47.390461" lon="2.8881584">
      <ele>147</ele>
    </trkpt>
    <trkpt lat="47.390457" lon="2.888137">
      <ele>147</ele>
    </trkpt>
    <trkpt lat="47.390454" lon="2.8881102">
      <ele>147</ele>
    </trkpt>
    <trkpt lat="47.390378" lon="2.8880458">
      <ele>147</ele>
    </trkpt>
    <trkpt lat="47.390298" lon="2.8880753">
      <ele>148</ele>
    </trkpt>
    <trkpt lat="47.389991" lon="2.8878339">
      <ele>147</ele>
    </trkpt>
    <trkpt lat="47.389653" lon="2.8875898">
      <ele>147</ele>
    </trkpt>
    <trkpt lat="47.389292" lon="2.8873779">
      <ele>147</ele>
    </trkpt>
    <trkpt lat="47.388787" lon="2.8870829">
      <ele>148</ele>
    </trkpt>
    <trkpt lat="47.387872" lon="2.886592">
      <ele>147</ele>
    </trkpt>
    <trkpt lat="47.387485" lon="2.8863774">
      <ele>148</ele>
    </trkpt>
    <trkpt lat="47.386927" lon="2.8862594">
      <ele>147</ele>
    </trkpt>
    <trkpt lat="47.386324" lon="2.8861897">
      <ele>147</ele>
    </trkpt>
    <trkpt lat="47.386023" lon="2.8861307">
      <ele>148</ele>
    </trkpt>
    <trkpt lat="47.385522" lon="2.8858812">
      <ele>147</ele>
    </trkpt>
    <trkpt lat="47.384984" lon="2.8855755">
      <ele>148</ele>
    </trkpt>
    <trkpt lat="47.3842" lon="2.884913">
      <ele>148</ele>
    </trkpt>
    <trkpt lat="47.383154" lon="2.8839474">
      <ele>148</ele>
    </trkpt>
    <trkpt lat="47.38281" lon="2.8836657">
      <ele>147</ele>
    </trkpt>
    <trkpt lat="47.38277" lon="2.8836255">
      <ele>147</ele>
    </trkpt>
    <trkpt lat="47.382414" lon="2.8833841">
      <ele>148</ele>
    </trkpt>
    <trkpt lat="47.381548" lon="2.8829174">
      <ele>147</ele>
    </trkpt>
    <trkpt lat="47.38076" lon="2.8824212">
      <ele>148</ele>
    </trkpt>
    <trkpt lat="47.379952" lon="2.8819223">
      <ele>148</ele>
    </trkpt>
    <trkpt lat="47.37953" lon="2.8816997">
      <ele>150</ele>
    </trkpt>
    <trkpt lat="47.379438" lon="2.8816729">
      <ele>151</ele>
    </trkpt>
    <trkpt lat="47.379314" lon="2.8816031">
      <ele>149</ele>
    </trkpt>
    <trkpt lat="47.37896" lon="2.8814502">
      <ele>148</ele>
    </trkpt>
    <trkpt lat="47.378275" lon="2.8812383">
      <ele>148</ele>
    </trkpt>
    <trkpt lat="47.377878" lon="2.8810398">
      <ele>148</ele>
    </trkpt>
    <trkpt lat="47.377453" lon="2.8807689">
      <ele>148</ele>
    </trkpt>
    <trkpt lat="47.376759" lon="2.8802861">
      <ele>148</ele>
    </trkpt>
    <trkpt lat="47.376185" lon="2.8798704">
      <ele>148</ele>
    </trkpt>
    <trkpt lat="47.375694" lon="2.8792776">
      <ele>148</ele>
    </trkpt>
    <trkpt lat="47.375382" lon="2.8790443">
      <ele>148</ele>
    </trkpt>
    <trkpt lat="47.374997" lon="2.8788512">
      <ele>148</ele>
    </trkpt>
    <trkpt lat="47.374516" lon="2.8786259">
      <ele>149</ele>
    </trkpt>
    <trkpt lat="47.374029" lon="2.8784569">
      <ele>148</ele>
    </trkpt>
    <trkpt lat="47.372501" lon="2.8780599">
      <ele>148</ele>
    </trkpt>
    <trkpt lat="47.371649" lon="2.8777005">
      <ele>148</ele>
    </trkpt>
    <trkpt lat="47.371282" lon="2.8775852">
      <ele>148</ele>
    </trkpt>
    <trkpt lat="47.370915" lon="2.8775369">
      <ele>149</ele>
    </trkpt>
    <trkpt lat="47.370349" lon="2.8775047">
      <ele>148</ele>
    </trkpt>
    <trkpt lat="47.369867" lon="2.8774001">
      <ele>147</ele>
    </trkpt>
    <trkpt lat="47.369226" lon="2.8771855">
      <ele>150</ele>
    </trkpt>
    <trkpt lat="47.368924" lon="2.8770112">
      <ele>148</ele>
    </trkpt>
    <trkpt lat="47.368372" lon="2.8767644">
      <ele>147</ele>
    </trkpt>
    <trkpt lat="47.36718" lon="2.8762011">
      <ele>147</ele>
    </trkpt>
    <trkpt lat="47.366882" lon="2.876008">
      <ele>147</ele>
    </trkpt>
    <trkpt lat="47.366626" lon="2.8757586">
      <ele>148</ele>
    </trkpt>
    <trkpt lat="47.366256" lon="2.8754018">
      <ele>148</ele>
    </trkpt>
    <trkpt lat="47.365513" lon="2.874734">
      <ele>148</ele>
    </trkpt>
    <trkpt lat="47.364786" lon="2.8742914">
      <ele>148</ele>
    </trkpt>
    <trkpt lat="47.363756" lon="2.8736021">
      <ele>148</ele>
    </trkpt>
    <trkpt lat="47.362975" lon="2.8732239">
      <ele>147</ele>
    </trkpt>
    <trkpt lat="47.362546" lon="2.8728725">
      <ele>148</ele>
    </trkpt>
    <trkpt lat="47.361872" lon="2.8722958">
      <ele>148</ele>
    </trkpt>
    <trkpt lat="47.361289" lon="2.8719418">
      <ele>148</ele>
    </trkpt>
    <trkpt lat="47.360633" lon="2.871636">
      <ele>148</ele>
    </trkpt>
    <trkpt lat="47.359841" lon="2.8711881">
      <ele>148</ele>
    </trkpt>
    <trkpt lat="47.35899" lon="2.8707321">
      <ele>148</ele>
    </trkpt>
    <trkpt lat="47.358549" lon="2.8704988">
      <ele>148</ele>
    </trkpt>
    <trkpt lat="47.358044" lon="2.8700508">
      <ele>148</ele>
    </trkpt>
    <trkpt lat="47.357453" lon="2.8694608">
      <ele>149</ele>
    </trkpt>
    <trkpt lat="47.356901" lon="2.8688894">
      <ele>148</ele>
    </trkpt>
    <trkpt lat="47.356394" lon="2.8683879">
      <ele>148</ele>
    </trkpt>
    <trkpt lat="47.355847" lon="2.8679614">
      <ele>148</ele>
    </trkpt>
    <trkpt lat="47.355642" lon="2.86783">
      <ele>149</ele>
    </trkpt>
    <trkpt lat="47.355178" lon="2.8675725">
      <ele>148</ele>
    </trkpt>
    <trkpt lat="47.354486" lon="2.8672211">
      <ele>148</ele>
    </trkpt>
    <trkpt lat="47.354133" lon="2.8669851">
      <ele>148</ele>
    </trkpt>
    <trkpt lat="47.354001" lon="2.8667946">
      <ele>148</ele>
    </trkpt>
    <trkpt lat="47.353808" lon="2.8664862">
      <ele>148</ele>
    </trkpt>
    <trkpt lat="47.353581" lon="2.8661294">
      <ele>148</ele>
    </trkpt>
    <trkpt lat="47.353278" lon="2.8655447">
      <ele>148</ele>
    </trkpt>
    <trkpt lat="47.35287" lon="2.8649064">
      <ele>148</ele>
    </trkpt>
    <trkpt lat="47.35236" lon="2.864217">
      <ele>148</ele>
    </trkpt>
    <trkpt lat="47.351966" lon="2.8638415">
      <ele>150</ele>
    </trkpt>
    <trkpt lat="47.351955" lon="2.863812">
      <ele>150</ele>
    </trkpt>
    <trkpt lat="47.351969" lon="2.8637825">
      <ele>150</ele>
    </trkpt>
    <trkpt lat="47.351869" lon="2.8637074">
      <ele>149</ele>
    </trkpt>
    <trkpt lat="47.351817" lon="2.8636725">
      <ele>149</ele>
    </trkpt>
    <trkpt lat="47.351613" lon="2.8635921">
      <ele>149</ele>
    </trkpt>
    <trkpt lat="47.351255" lon="2.8632273">
      <ele>148</ele>
    </trkpt>
    <trkpt lat="47.348974" lon="2.861905">
      <ele>148</ele>
    </trkpt>
    <trkpt lat="47.348191" lon="2.8614436">
      <ele>148</ele>
    </trkpt>
    <trkpt lat="47.347357" lon="2.8609608">
      <ele>148</ele>
    </trkpt>
    <trkpt lat="47.346125" lon="2.8603037">
      <ele>148</ele>
    </trkpt>
    <trkpt lat="47.345501" lon="2.8599657">
      <ele>148</ele>
    </trkpt>
    <trkpt lat="47.344987" lon="2.8597887">
      <ele>148</ele>
    </trkpt>
    <trkpt lat="47.344684" lon="2.8597082">
      <ele>148</ele>
    </trkpt>
    <trkpt lat="47.343804" lon="2.85966">
      <ele>148</ele>
    </trkpt>
    <trkpt lat="47.343713" lon="2.8596492">
      <ele>148</ele>
    </trkpt>
    <trkpt lat="47.343333" lon="2.8595875">
      <ele>147</ele>
    </trkpt>
    <trkpt lat="47.342146" lon="2.8594883">
      <ele>148</ele>
    </trkpt>
    <trkpt lat="47.341143" lon="2.8593649">
      <ele>148</ele>
    </trkpt>
    <trkpt lat="47.340847" lon="2.8592925">
      <ele>149</ele>
    </trkpt>
    <trkpt lat="47.340678" lon="2.859314">
      <ele>148</ele>
    </trkpt>
    <trkpt lat="47.340409" lon="2.85944">
      <ele>149</ele>
    </trkpt>
    <trkpt lat="47.340247" lon="2.8594722">
      <ele>149</ele>
    </trkpt>
    <trkpt lat="47.340036" lon="2.8594347">
      <ele>150</ele>
    </trkpt>
    <trkpt lat="47.339593" lon="2.8593891">
      <ele>149</ele>
    </trkpt>
    <trkpt lat="47.339504" lon="2.8593783">
      <ele>149</ele>
    </trkpt>
    <trkpt lat="47.339404" lon="2.8593622">
      <ele>149</ele>
    </trkpt>
    <trkpt lat="47.339276" lon="2.8593542">
      <ele>149</ele>
    </trkpt>
    <trkpt lat="47.339006" lon="2.8593274">
      <ele>149</ele>
    </trkpt>
    <trkpt lat="47.338811" lon="2.8593113">
      <ele>150</ele>
    </trkpt>
    <trkpt lat="47.338689" lon="2.8593327">
      <ele>151</ele>
    </trkpt>
    <trkpt lat="47.338642" lon="2.8593435">
      <ele>151</ele>
    </trkpt>
    <trkpt lat="47.338609" lon="2.8593596">
      <ele>152</ele>
    </trkpt>
    <trkpt lat="47.338506" lon="2.8593569">
      <ele>151</ele>
    </trkpt>
    <trkpt lat="47.338177" lon="2.8593408">
      <ele>150</ele>
    </trkpt>
    <trkpt lat="47.338124" lon="2.8593461">
      <ele>150</ele>
    </trkpt>
    <trkpt lat="47.33807" lon="2.8594105">
      <ele>150</ele>
    </trkpt>
    <trkpt lat="47.338017" lon="2.8594561">
      <ele>150</ele>
    </trkpt>
    <trkpt lat="47.337684" lon="2.8596412">
      <ele>148</ele>
    </trkpt>
    <trkpt lat="47.337522" lon="2.8597431">
      <ele>148</ele>
    </trkpt>
    <trkpt lat="47.337466" lon="2.8598048">
      <ele>148</ele>
    </trkpt>
    <trkpt lat="47.337435" lon="2.8599335">
      <ele>148</ele>
    </trkpt>
    <trkpt lat="47.337212" lon="2.8624012">
      <ele>149</ele>
    </trkpt>
    <trkpt lat="47.337117" lon="2.8631817">
      <ele>150</ele>
    </trkpt>
    <trkpt lat="47.336675" lon="2.8630771">
      <ele>149</ele>
    </trkpt>
    <trkpt lat="47.336239" lon="2.863002">
      <ele>149</ele>
    </trkpt>
    <trkpt lat="47.335568" lon="2.8629832">
      <ele>149</ele>
    </trkpt>
    <trkpt lat="47.335085" lon="2.8629913">
      <ele>147</ele>
    </trkpt>
    <trkpt lat="47.335161" lon="2.8631951">
      <ele>147</ele>
    </trkpt>
    <trkpt lat="47.334858" lon="2.8629564">
      <ele>147</ele>
    </trkpt>
    <trkpt lat="47.334412" lon="2.8626748">
      <ele>146</ele>
    </trkpt>
    <trkpt lat="47.334054" lon="2.8625997">
      <ele>147</ele>
    </trkpt>
    <trkpt lat="47.333602" lon="2.8625541">
      <ele>147</ele>
    </trkpt>
    <trkpt lat="47.332729" lon="2.862723">
      <ele>147</ele>
    </trkpt>
    <trkpt lat="47.332042" lon="2.8630127">
      <ele>147</ele>
    </trkpt>
    <trkpt lat="47.331518" lon="2.86312">
      <ele>147</ele>
    </trkpt>
    <trkpt lat="47.330989" lon="2.863061">
      <ele>148</ele>
    </trkpt>
    <trkpt lat="47.329855" lon="2.8631656">
      <ele>148</ele>
    </trkpt>
    <trkpt lat="47.32896" lon="2.8633265">
      <ele>148</ele>
    </trkpt>
    <trkpt lat="47.32851" lon="2.8633185">
      <ele>148</ele>
    </trkpt>
    <trkpt lat="47.328348" lon="2.863289">
      <ele>148</ele>
    </trkpt>
    <trkpt lat="47.328241" lon="2.8632595">
      <ele>148</ele>
    </trkpt>
    <trkpt lat="47.328182" lon="2.8632193">
      <ele>148</ele>
    </trkpt>
    <trkpt lat="47.328106" lon="2.8631468">
      <ele>148</ele>
    </trkpt>
    <trkpt lat="47.327692" lon="2.8625353">
      <ele>148</ele>
    </trkpt>
    <trkpt lat="47.327653" lon="2.8625192">
      <ele>148</ele>
    </trkpt>
    <trkpt lat="47.327621" lon="2.8625299">
      <ele>147</ele>
    </trkpt>
    <trkpt lat="47.327008" lon="2.8632327">
      <ele>147</ele>
    </trkpt>
    <trkpt lat="47.326953" lon="2.863297">
      <ele>147</ele>
    </trkpt>
    <trkpt lat="47.326828" lon="2.863466">
      <ele>147</ele>
    </trkpt>
    <trkpt lat="47.325766" lon="2.8654535">
      <ele>148</ele>
    </trkpt>
    <trkpt lat="47.323743" lon="2.8669073">
      <ele>147</ele>
    </trkpt>
    <trkpt lat="47.322334" lon="2.8675537">
      <ele>147</ele>
    </trkpt>
    <trkpt lat="47.322219" lon="2.8676181">
      <ele>148</ele>
    </trkpt>
    <trkpt lat="47.322157" lon="2.8676422">
      <ele>148</ele>
    </trkpt>
    <trkpt lat="47.322095" lon="2.8676422">
      <ele>148</ele>
    </trkpt>
    <trkpt lat="47.322081" lon="2.8676503">
      <ele>148</ele>
    </trkpt>
    <trkpt lat="47.32193" lon="2.8673659">
      <ele>148</ele>
    </trkpt>
    <trkpt lat="47.321752" lon="2.8670816">
      <ele>148</ele>
    </trkpt>
    <trkpt lat="47.321526" lon="2.8667812">
      <ele>148</ele>
    </trkpt>
    <trkpt lat="47.321215" lon="2.8664299">
      <ele>148</ele>
    </trkpt>
    <trkpt lat="47.321024" lon="2.8662341">
      <ele>148</ele>
    </trkpt>
    <trkpt lat="47.320826" lon="2.8660543">
      <ele>148</ele>
    </trkpt>
    <trkpt lat="47.320666" lon="2.8658881">
      <ele>148</ele>
    </trkpt>
    <trkpt lat="47.320568" lon="2.8657271">
      <ele>148</ele>
    </trkpt>
    <trkpt lat="47.320479" lon="2.8655313">
      <ele>147</ele>
    </trkpt>
    <trkpt lat="47.320406" lon="2.865298">
      <ele>148</ele>
    </trkpt>
    <trkpt lat="47.32033" lon="2.8649251">
      <ele>148</ele>
    </trkpt>
    <trkpt lat="47.320255" lon="2.8646462">
      <ele>148</ele>
    </trkpt>
    <trkpt lat="47.320117" lon="2.8642144">
      <ele>148</ele>
    </trkpt>
    <trkpt lat="47.319952" lon="2.8637664">
      <ele>148</ele>
    </trkpt>
    <trkpt lat="47.319824" lon="2.8634687">
      <ele>148</ele>
    </trkpt>
    <trkpt lat="47.31969" lon="2.8631683">
      <ele>148</ele>
    </trkpt>
    <trkpt lat="47.319397" lon="2.8626265">
      <ele>148</ele>
    </trkpt>
    <trkpt lat="47.319288" lon="2.8624119">
      <ele>148</ele>
    </trkpt>
    <trkpt lat="47.319168" lon="2.8621383">
      <ele>148</ele>
    </trkpt>
    <trkpt lat="47.319088" lon="2.861913">
      <ele>148</ele>
    </trkpt>
    <trkpt lat="47.318997" lon="2.8616072">
      <ele>148</ele>
    </trkpt>
    <trkpt lat="47.318904" lon="2.8613954">
      <ele>148</ele>
    </trkpt>
    <trkpt lat="47.318812" lon="2.8612559">
      <ele>148</ele>
    </trkpt>
    <trkpt lat="47.318708" lon="2.8611727">
      <ele>148</ele>
    </trkpt>
    <trkpt lat="47.318635" lon="2.8611298">
      <ele>148</ele>
    </trkpt>
    <trkpt lat="47.318526" lon="2.8611003">
      <ele>148</ele>
    </trkpt>
    <trkpt lat="47.318399" lon="2.8610869">
      <ele>148</ele>
    </trkpt>
    <trkpt lat="47.318342" lon="2.8610762">
      <ele>148</ele>
    </trkpt>
    <trkpt lat="47.318257" lon="2.8610815">
      <ele>148</ele>
    </trkpt>
    <trkpt lat="47.31811" lon="2.8611137">
      <ele>148</ele>
    </trkpt>
    <trkpt lat="47.318039" lon="2.8611379">
      <ele>148</ele>
    </trkpt>
    <trkpt lat="47.317908" lon="2.8600516">
      <ele>147</ele>
    </trkpt>
    <trkpt lat="47.317755" lon="2.8587587">
      <ele>147</ele>
    </trkpt>
    <trkpt lat="47.317742" lon="2.8586327">
      <ele>147</ele>
    </trkpt>
    <trkpt lat="47.31769" lon="2.8579594">
      <ele>151</ele>
    </trkpt>
    <trkpt lat="47.317672" lon="2.8577422">
      <ele>151</ele>
    </trkpt>
    <trkpt lat="47.317673" lon="2.8576939">
      <ele>150</ele>
    </trkpt>
    <trkpt lat="47.317673" lon="2.8576617">
      <ele>150</ele>
    </trkpt>
    <trkpt lat="47.317672" lon="2.8574337">
      <ele>149</ele>
    </trkpt>
    <trkpt lat="47.31767" lon="2.8571682">
      <ele>150</ele>
    </trkpt>
    <trkpt lat="47.317491" lon="2.8571977">
      <ele>150</ele>
    </trkpt>
    <trkpt lat="47.317391" lon="2.8572138">
      <ele>150</ele>
    </trkpt>
    <trkpt lat="47.317061" lon="2.857313">
      <ele>148</ele>
    </trkpt>
    <trkpt lat="47.317013" lon="2.8573211">
      <ele>148</ele>
    </trkpt>
    <trkpt lat="47.316824" lon="2.8573667">
      <ele>148</ele>
    </trkpt>
    <trkpt lat="47.316679" lon="2.8573989">
      <ele>148</ele>
    </trkpt>
    <trkpt lat="47.316482" lon="2.8574445">
      <ele>149</ele>
    </trkpt>
    <trkpt lat="47.316317" lon="2.8575169">
      <ele>149</ele>
    </trkpt>
    <trkpt lat="47.316084" lon="2.8576483">
      <ele>149</ele>
    </trkpt>
    <trkpt lat="47.315526" lon="2.8580855">
      <ele>149</ele>
    </trkpt>
    <trkpt lat="47.314904" lon="2.8587507">
      <ele>149</ele>
    </trkpt>
    <trkpt lat="47.313867" lon="2.8599255">
      <ele>149</ele>
    </trkpt>
    <trkpt lat="47.312916" lon="2.8610252">
      <ele>150</ele>
    </trkpt>
    <trkpt lat="47.311967" lon="2.8622">
      <ele>152</ele>
    </trkpt>
    <trkpt lat="47.31168" lon="2.8626023">
      <ele>153</ele>
    </trkpt>
    <trkpt lat="47.3115" lon="2.8628411">
      <ele>153</ele>
    </trkpt>
    <trkpt lat="47.311209" lon="2.8632756">
      <ele>154</ele>
    </trkpt>
    <trkpt lat="47.311172" lon="2.8632112">
      <ele>154</ele>
    </trkpt>
    <trkpt lat="47.311156" lon="2.8631871">
      <ele>154</ele>
    </trkpt>
    <trkpt lat="47.31108" lon="2.8630851">
      <ele>154</ele>
    </trkpt>
    <trkpt lat="47.311056" lon="2.8630583">
      <ele>154</ele>
    </trkpt>
    <trkpt lat="47.310799" lon="2.8633319">
      <ele>155</ele>
    </trkpt>
    <trkpt lat="47.310341" lon="2.8637932">
      <ele>156</ele>
    </trkpt>
    <trkpt lat="47.309954" lon="2.8639971">
      <ele>156</ele>
    </trkpt>
    <trkpt lat="47.309117" lon="2.8642707">
      <ele>157</ele>
    </trkpt>
    <trkpt lat="47.308955" lon="2.8643753">
      <ele>156</ele>
    </trkpt>
    <trkpt lat="47.308872" lon="2.864437">
      <ele>156</ele>
    </trkpt>
    <trkpt lat="47.30849" lon="2.8647454">
      <ele>155</ele>
    </trkpt>
    <trkpt lat="47.308339" lon="2.8648286">
      <ele>155</ele>
    </trkpt>
    <trkpt lat="47.308172" lon="2.8649171">
      <ele>155</ele>
    </trkpt>
    <trkpt lat="47.307766" lon="2.865137">
      <ele>154</ele>
    </trkpt>
    <trkpt lat="47.307719" lon="2.8651612">
      <ele>154</ele>
    </trkpt>
    <trkpt lat="47.307366" lon="2.8653489">
      <ele>154</ele>
    </trkpt>
    <trkpt lat="47.306717" lon="2.8657593">
      <ele>154</ele>
    </trkpt>
    <trkpt lat="47.306184" lon="2.8661563">
      <ele>155</ele>
    </trkpt>
    <trkpt lat="47.305231" lon="2.8668054">
      <ele>156</ele>
    </trkpt>
    <trkpt lat="47.304845" lon="2.8671245">
      <ele>156</ele>
    </trkpt>
    <trkpt lat="47.304858" lon="2.8671514">
      <ele>156</ele>
    </trkpt>
    <trkpt lat="47.305274" lon="2.8680499">
      <ele>155</ele>
    </trkpt>
    <trkpt lat="47.305302" lon="2.8681277">
      <ele>155</ele>
    </trkpt>
    <trkpt lat="47.305318" lon="2.8681921">
      <ele>155</ele>
    </trkpt>
    <trkpt lat="47.305327" lon="2.8682591">
      <ele>155</ele>
    </trkpt>
    <trkpt lat="47.305331" lon="2.8683289">
      <ele>155</ele>
    </trkpt>
    <trkpt lat="47.305314" lon="2.8684147">
      <ele>154</ele>
    </trkpt>
    <trkpt lat="47.305293" lon="2.8684817">
      <ele>154</ele>
    </trkpt>
    <trkpt lat="47.305123" lon="2.8687231">
      <ele>155</ele>
    </trkpt>
    <trkpt lat="47.304965" lon="2.8689806">
      <ele>155</ele>
    </trkpt>
    <trkpt lat="47.304598" lon="2.8692945">
      <ele>154</ele>
    </trkpt>
    <trkpt lat="47.30439" lon="2.8694795">
      <ele>155</ele>
    </trkpt>
    <trkpt lat="47.304107" lon="2.8697343">
      <ele>155</ele>
    </trkpt>
    <trkpt lat="47.303879" lon="2.8699731">
      <ele>154</ele>
    </trkpt>
    <trkpt lat="47.30283" lon="2.8713517">
      <ele>155</ele>
    </trkpt>
    <trkpt lat="47.301673" lon="2.873071">
      <ele>156</ele>
    </trkpt>
    <trkpt lat="47.300258" lon="2.8751417">
      <ele>157</ele>
    </trkpt>
    <trkpt lat="47.300134" lon="2.8753187">
      <ele>157</ele>
    </trkpt>
    <trkpt lat="47.29851" lon="2.8776388">
      <ele>157</ele>
    </trkpt>
    <trkpt lat="47.298195" lon="2.8779714">
      <ele>157</ele>
    </trkpt>
    <trkpt lat="47.297528" lon="2.8784783">
      <ele>158</ele>
    </trkpt>
    <trkpt lat="47.297129" lon="2.8786795">
      <ele>159</ele>
    </trkpt>
    <trkpt lat="47.296476" lon="2.8788485">
      <ele>160</ele>
    </trkpt>
    <trkpt lat="47.295159" lon="2.8791784">
      <ele>162</ele>
    </trkpt>
    <trkpt lat="47.293942" lon="2.8795754">
      <ele>162</ele>
    </trkpt>
    <trkpt lat="47.293093" lon="2.8798704">
      <ele>160</ele>
    </trkpt>
    <trkpt lat="47.292863" lon="2.8799482">
      <ele>161</ele>
    </trkpt>
    <trkpt lat="47.292834" lon="2.8799616">
      <ele>161</ele>
    </trkpt>
    <trkpt lat="47.29185" lon="2.8803237">
      <ele>163</ele>
    </trkpt>
    <trkpt lat="47.291024" lon="2.8806563">
      <ele>164</ele>
    </trkpt>
    <trkpt lat="47.290673" lon="2.8807904">
      <ele>165</ele>
    </trkpt>
    <trkpt lat="47.290393" lon="2.8809272">
      <ele>166</ele>
    </trkpt>
    <trkpt lat="47.290169" lon="2.8810774">
      <ele>166</ele>
    </trkpt>
    <trkpt lat="47.289874" lon="2.881292">
      <ele>165</ele>
    </trkpt>
    <trkpt lat="47.289123" lon="2.8818204">
      <ele>168</ele>
    </trkpt>
    <trkpt lat="47.288752" lon="2.8820805">
      <ele>169</ele>
    </trkpt>
    <trkpt lat="47.288377" lon="2.8823112">
      <ele>170</ele>
    </trkpt>
    <trkpt lat="47.287822" lon="2.8826277">
      <ele>170</ele>
    </trkpt>
    <trkpt lat="47.287344" lon="2.8829067">
      <ele>171</ele>
    </trkpt>
    <trkpt lat="47.286998" lon="2.8831105">
      <ele>171</ele>
    </trkpt>
    <trkpt lat="47.286729" lon="2.8833465">
      <ele>169</ele>
    </trkpt>
    <trkpt lat="47.286356" lon="2.8836926">
      <ele>168</ele>
    </trkpt>
    <trkpt lat="47.285793" lon="2.8842209">
      <ele>165</ele>
    </trkpt>
    <trkpt lat="47.28559" lon="2.8843899">
      <ele>163</ele>
    </trkpt>
    <trkpt lat="47.285453" lon="2.884524">
      <ele>163</ele>
    </trkpt>
    <trkpt lat="47.285388" lon="2.8845938">
      <ele>162</ele>
    </trkpt>
    <trkpt lat="47.285291" lon="2.8846984">
      <ele>161</ele>
    </trkpt>
    <trkpt lat="47.285138" lon="2.8849049">
      <ele>160</ele>
    </trkpt>
    <trkpt lat="47.284996" lon="2.8851168">
      <ele>158</ele>
    </trkpt>
    <trkpt lat="47.284976" lon="2.8851463">
      <ele>157</ele>
    </trkpt>
    <trkpt lat="47.284858" lon="2.8852858">
      <ele>156</ele>
    </trkpt>
    <trkpt lat="47.284814" lon="2.8853126">
      <ele>156</ele>
    </trkpt>
    <trkpt lat="47.284796" lon="2.8853287">
      <ele>156</ele>
    </trkpt>
    <trkpt lat="47.284725" lon="2.8853689">
      <ele>156</ele>
    </trkpt>
    <trkpt lat="47.284603" lon="2.8854333">
      <ele>155</ele>
    </trkpt>
    <trkpt lat="47.284482" lon="2.8854789">
      <ele>155</ele>
    </trkpt>
    <trkpt lat="47.284432" lon="2.8852697">
      <ele>154</ele>
    </trkpt>
    <trkpt lat="47.284434" lon="2.8852402">
      <ele>154</ele>
    </trkpt>
    <trkpt lat="47.284058" lon="2.8848647">
      <ele>154</ele>
    </trkpt>
    <trkpt lat="47.284434" lon="2.8852402">
      <ele>154</ele>
    </trkpt>
    <trkpt lat="47.284432" lon="2.8852697">
      <ele>154</ele>
    </trkpt>
    <trkpt lat="47.284482" lon="2.8854789">
      <ele>155</ele>
    </trkpt>
    <trkpt lat="47.2843" lon="2.8855191">
      <ele>154</ele>
    </trkpt>
    <trkpt lat="47.284234" lon="2.8855325">
      <ele>154</ele>
    </trkpt>
    <trkpt lat="47.284196" lon="2.8855406">
      <ele>154</ele>
    </trkpt>
    <trkpt lat="47.284158" lon="2.8855486">
      <ele>154</ele>
    </trkpt>
    <trkpt lat="47.284068" lon="2.8855647">
      <ele>154</ele>
    </trkpt>
    <trkpt lat="47.283468" lon="2.8856613">
      <ele>153</ele>
    </trkpt>
    <trkpt lat="47.28325" lon="2.8857096">
      <ele>153</ele>
    </trkpt>
    <trkpt lat="47.283148" lon="2.8857284">
      <ele>153</ele>
    </trkpt>
    <trkpt lat="47.28308" lon="2.8857391">
      <ele>153</ele>
    </trkpt>
    <trkpt lat="47.282813" lon="2.8858249">
      <ele>153</ele>
    </trkpt>
    <trkpt lat="47.282715" lon="2.8858812">
      <ele>153</ele>
    </trkpt>
    <trkpt lat="47.282633" lon="2.8859376">
      <ele>153</ele>
    </trkpt>
    <trkpt lat="47.282367" lon="2.8861575">
      <ele>153</ele>
    </trkpt>
    <trkpt lat="47.282042" lon="2.8864338">
      <ele>153</ele>
    </trkpt>
    <trkpt lat="47.281397" lon="2.8869783">
      <ele>153</ele>
    </trkpt>
    <trkpt lat="47.280908" lon="2.8873886">
      <ele>153</ele>
    </trkpt>
    <trkpt lat="47.280508" lon="2.8877507">
      <ele>153</ele>
    </trkpt>
    <trkpt lat="47.279549" lon="2.8885849">
      <ele>152</ele>
    </trkpt>
    <trkpt lat="47.279403" lon="2.8887136">
      <ele>152</ele>
    </trkpt>
    <trkpt lat="47.27929" lon="2.8888183">
      <ele>152</ele>
    </trkpt>
    <trkpt lat="47.279197" lon="2.8889255">
      <ele>153</ele>
    </trkpt>
    <trkpt lat="47.278983" lon="2.8892447">
      <ele>154</ele>
    </trkpt>
    <trkpt lat="47.278792" lon="2.8895693">
      <ele>153</ele>
    </trkpt>
    <trkpt lat="47.278728" lon="2.8896819">
      <ele>153</ele>
    </trkpt>
    <trkpt lat="47.27847" lon="2.8901272">
      <ele>153</ele>
    </trkpt>
    <trkpt lat="47.278182" lon="2.8905563">
      <ele>154</ele>
    </trkpt>
    <trkpt lat="47.277105" lon="2.8917794">
      <ele>160</ele>
    </trkpt>
    <trkpt lat="47.276573" lon="2.8924178">
      <ele>162</ele>
    </trkpt>
    <trkpt lat="47.276313" lon="2.8927584">
      <ele>163</ele>
    </trkpt>
    <trkpt lat="47.276184" lon="2.8929408">
      <ele>163</ele>
    </trkpt>
    <trkpt lat="47.276088" lon="2.8931044">
      <ele>163</ele>
    </trkpt>
    <trkpt lat="47.275967" lon="2.8933726">
      <ele>163</ele>
    </trkpt>
    <trkpt lat="47.275867" lon="2.8936435">
      <ele>162</ele>
    </trkpt>
    <trkpt lat="47.275714" lon="2.8942658">
      <ele>161</ele>
    </trkpt>
    <trkpt lat="47.275607" lon="2.8945662">
      <ele>160</ele>
    </trkpt>
    <trkpt lat="47.275482" lon="2.8948371">
      <ele>160</ele>
    </trkpt>
    <trkpt lat="47.275274" lon="2.8951375">
      <ele>159</ele>
    </trkpt>
    <trkpt lat="47.275043" lon="2.8954165">
      <ele>160</ele>
    </trkpt>
    <trkpt lat="47.274401" lon="2.8962185">
      <ele>159</ele>
    </trkpt>
    <trkpt lat="47.27382" lon="2.89694">
      <ele>160</ele>
    </trkpt>
    <trkpt lat="47.274095" lon="2.8977527">
      <ele>163</ele>
    </trkpt>
    <trkpt lat="47.274188" lon="2.8981309">
      <ele>165</ele>
    </trkpt>
    <trkpt lat="47.274248" lon="2.8984983">
      <ele>166</ele>
    </trkpt>
    <trkpt lat="47.274264" lon="2.8989275">
      <ele>167</ele>
    </trkpt>
    <trkpt lat="47.274259" lon="2.8993486">
      <ele>167</ele>
    </trkpt>
    <trkpt lat="47.274248" lon="2.899877">
      <ele>167</ele>
    </trkpt>
    <trkpt lat="47.274235" lon="2.900628">
      <ele>166</ele>
    </trkpt>
    <trkpt lat="47.274266" lon="2.9014085">
      <ele>163</ele>
    </trkpt>
    <trkpt lat="47.274344" lon="2.9019986">
      <ele>160</ele>
    </trkpt>
    <trkpt lat="47.274397" lon="2.9023098">
      <ele>159</ele>
    </trkpt>
    <trkpt lat="47.27447" lon="2.9026129">
      <ele>159</ele>
    </trkpt>
    <trkpt lat="47.274555" lon="2.9028301">
      <ele>157</ele>
    </trkpt>
    <trkpt lat="47.274652" lon="2.9030179">
      <ele>157</ele>
    </trkpt>
    <trkpt lat="47.276102" lon="2.9056545">
      <ele>156</ele>
    </trkpt>
    <trkpt lat="47.277603" lon="2.9082696">
      <ele>154</ele>
    </trkpt>
    <trkpt lat="47.27786" lon="2.9087042">
      <ele>154</ele>
    </trkpt>
    <trkpt lat="47.277996" lon="2.9089429">
      <ele>154</ele>
    </trkpt>
    <trkpt lat="47.278016" lon="2.9089804">
      <ele>154</ele>
    </trkpt>
    <trkpt lat="47.279876" lon="2.9122366">
      <ele>151</ele>
    </trkpt>
    <trkpt lat="47.280748" lon="2.9138218">
      <ele>151</ele>
    </trkpt>
    <trkpt lat="47.281889" lon="2.9159193">
      <ele>151</ele>
    </trkpt>
    <trkpt lat="47.283528" lon="2.9187034">
      <ele>151</ele>
    </trkpt>
    <trkpt lat="47.285675" lon="2.9201491">
      <ele>151</ele>
    </trkpt>
    <trkpt lat="47.285806" lon="2.9203396">
      <ele>151</ele>
    </trkpt>
    <trkpt lat="47.285955" lon="2.9205568">
      <ele>151</ele>
    </trkpt>
    <trkpt lat="47.286146" lon="2.9208331">
      <ele>151</ele>
    </trkpt>
    <trkpt lat="47.286243" lon="2.9209726">
      <ele>151</ele>
    </trkpt>
    <trkpt lat="47.286299" lon="2.9210557">
      <ele>151</ele>
    </trkpt>
    <trkpt lat="47.286337" lon="2.9211094">
      <ele>151</ele>
    </trkpt>
    <trkpt lat="47.287333" lon="2.9228233">
      <ele>151</ele>
    </trkpt>
    <trkpt lat="47.287536" lon="2.9239847">
      <ele>150</ele>
    </trkpt>
    <trkpt lat="47.288854" lon="2.9268654">
      <ele>151</ele>
    </trkpt>
    <trkpt lat="47.289243" lon="2.9277157">
      <ele>150</ele>
    </trkpt>
    <trkpt lat="47.290103" lon="2.9302182">
      <ele>150</ele>
    </trkpt>
    <trkpt lat="47.288986" lon="2.9319374">
      <ele>151</ele>
    </trkpt>
    <trkpt lat="47.288546" lon="2.9329191">
      <ele>150</ele>
    </trkpt>
    <trkpt lat="47.287909" lon="2.9338713">
      <ele>150</ele>
    </trkpt>
    <trkpt lat="47.287089" lon="2.934853">
      <ele>150</ele>
    </trkpt>
    <trkpt lat="47.285848" lon="2.9359554">
      <ele>151</ele>
    </trkpt>
    <trkpt lat="47.285553" lon="2.9363148">
      <ele>151</ele>
    </trkpt>
    <trkpt lat="47.284483" lon="2.9381575">
      <ele>151</ele>
    </trkpt>
    <trkpt lat="47.283017" lon="2.9391258">
      <ele>151</ele>
    </trkpt>
    <trkpt lat="47.281581" lon="2.9399412">
      <ele>151</ele>
    </trkpt>
    <trkpt lat="47.280597" lon="2.9407646">
      <ele>151</ele>
    </trkpt>
    <trkpt lat="47.280053" lon="2.9409014">
      <ele>151</ele>
    </trkpt>
    <trkpt lat="47.278268" lon="2.9424866">
      <ele>151</ele>
    </trkpt>
    <trkpt lat="47.276681" lon="2.943538">
      <ele>152</ele>
    </trkpt>
    <trkpt lat="47.276481" lon="2.9437231">
      <ele>152</ele>
    </trkpt>
    <trkpt lat="47.276211" lon="2.9440905">
      <ele>152</ele>
    </trkpt>
    <trkpt lat="47.275625" lon="2.944922">
      <ele>152</ele>
    </trkpt>
    <trkpt lat="47.275074" lon="2.9457803">
      <ele>153</ele>
    </trkpt>
    <trkpt lat="47.274522" lon="2.9466601">
      <ele>152</ele>
    </trkpt>
    <trkpt lat="47.274026" lon="2.9476552">
      <ele>152</ele>
    </trkpt>
    <trkpt lat="47.273791" lon="2.9480495">
      <ele>152</ele>
    </trkpt>
    <trkpt lat="47.273765" lon="2.9480924">
      <ele>152</ele>
    </trkpt>
    <trkpt lat="47.27374" lon="2.9481514">
      <ele>153</ele>
    </trkpt>
    <trkpt lat="47.273596" lon="2.9484867">
      <ele>152</ele>
    </trkpt>
    <trkpt lat="47.273378" lon="2.9488971">
      <ele>153</ele>
    </trkpt>
    <trkpt lat="47.27309" lon="2.9493235">
      <ele>152</ele>
    </trkpt>
    <trkpt lat="47.272537" lon="2.9498787">
      <ele>153</ele>
    </trkpt>
    <trkpt lat="47.271989" lon="2.9502999">
      <ele>153</ele>
    </trkpt>
    <trkpt lat="47.271709" lon="2.9504876">
      <ele>153</ele>
    </trkpt>
    <trkpt lat="47.272783" lon="2.9516275">
      <ele>153</ele>
    </trkpt>
    <trkpt lat="47.272883" lon="2.9517482">
      <ele>153</ele>
    </trkpt>
    <trkpt lat="47.272905" lon="2.9517751">
      <ele>153</ele>
    </trkpt>
    <trkpt lat="47.272917" lon="2.9517938">
      <ele>153</ele>
    </trkpt>
    <trkpt lat="47.272936" lon="2.9518287">
      <ele>153</ele>
    </trkpt>
    <trkpt lat="47.27295" lon="2.9518663">
      <ele>153</ele>
    </trkpt>
    <trkpt lat="47.272959" lon="2.9518931">
      <ele>153</ele>
    </trkpt>
    <trkpt lat="47.272968" lon="2.9519414">
      <ele>153</ele>
    </trkpt>
    <trkpt lat="47.272972" lon="2.951987">
      <ele>153</ele>
    </trkpt>
    <trkpt lat="47.272972" lon="2.9520379">
      <ele>153</ele>
    </trkpt>
    <trkpt lat="47.272965" lon="2.9520808">
      <ele>153</ele>
    </trkpt>
    <trkpt lat="47.272957" lon="2.9521184">
      <ele>152</ele>
    </trkpt>
    <trkpt lat="47.272945" lon="2.952172">
      <ele>152</ele>
    </trkpt>
    <trkpt lat="47.272912" lon="2.9522901">
      <ele>152</ele>
    </trkpt>
    <trkpt lat="47.272846" lon="2.9525556">
      <ele>152</ele>
    </trkpt>
    <trkpt lat="47.27283" lon="2.9526092">
      <ele>153</ele>
    </trkpt>
    <trkpt lat="47.272815" lon="2.9526656">
      <ele>153</ele>
    </trkpt>
    <trkpt lat="47.272803" lon="2.9527219">
      <ele>153</ele>
    </trkpt>
    <trkpt lat="47.27279" lon="2.9527782">
      <ele>154</ele>
    </trkpt>
    <trkpt lat="47.272779" lon="2.9528372">
      <ele>154</ele>
    </trkpt>
    <trkpt lat="47.272768" lon="2.9528935">
      <ele>154</ele>
    </trkpt>
    <trkpt lat="47.272757" lon="2.9529526">
      <ele>154</ele>
    </trkpt>
    <trkpt lat="47.272748" lon="2.9530116">
      <ele>154</ele>
    </trkpt>
    <trkpt lat="47.272741" lon="2.9530706">
      <ele>154</ele>
    </trkpt>
    <trkpt lat="47.272734" lon="2.9531269">
      <ele>154</ele>
    </trkpt>
    <trkpt lat="47.272728" lon="2.9531779">
      <ele>154</ele>
    </trkpt>
    <trkpt lat="47.272724" lon="2.9532261">
      <ele>154</ele>
    </trkpt>
    <trkpt lat="47.272721" lon="2.9532771">
      <ele>154</ele>
    </trkpt>
    <trkpt lat="47.272717" lon="2.9533254">
      <ele>154</ele>
    </trkpt>
    <trkpt lat="47.272715" lon="2.9533763">
      <ele>154</ele>
    </trkpt>
    <trkpt lat="47.272714" lon="2.9534273">
      <ele>154</ele>
    </trkpt>
    <trkpt lat="47.272712" lon="2.9534756">
      <ele>154</ele>
    </trkpt>
    <trkpt lat="47.272712" lon="2.9535265">
      <ele>154</ele>
    </trkpt>
    <trkpt lat="47.272712" lon="2.9535775">
      <ele>154</ele>
    </trkpt>
    <trkpt lat="47.272714" lon="2.9536285">
      <ele>154</ele>
    </trkpt>
    <trkpt lat="47.272715" lon="2.9536955">
      <ele>154</ele>
    </trkpt>
    <trkpt lat="47.272719" lon="2.9537653">
      <ele>154</ele>
    </trkpt>
    <trkpt lat="47.272724" lon="2.9538323">
      <ele>154</ele>
    </trkpt>
    <trkpt lat="47.27273" lon="2.9538994">
      <ele>154</ele>
    </trkpt>
    <trkpt lat="47.272739" lon="2.9539691">
      <ele>154</ele>
    </trkpt>
    <trkpt lat="47.272746" lon="2.9540362">
      <ele>154</ele>
    </trkpt>
    <trkpt lat="47.272757" lon="2.9541005">
      <ele>154</ele>
    </trkpt>
    <trkpt lat="47.272783" lon="2.954291">
      <ele>154</ele>
    </trkpt>
    <trkpt lat="47.272799" lon="2.9543983">
      <ele>155</ele>
    </trkpt>
    <trkpt lat="47.272832" lon="2.9545941">
      <ele>153</ele>
    </trkpt>
    <trkpt lat="47.272872" lon="2.9547845">
      <ele>152</ele>
    </trkpt>
    <trkpt lat="47.273016" lon="2.9553826">
      <ele>154</ele>
    </trkpt>
    <trkpt lat="47.273192" lon="2.956072">
      <ele>152</ele>
    </trkpt>
    <trkpt lat="47.273256" lon="2.9562758">
      <ele>152</ele>
    </trkpt>
    <trkpt lat="47.273241" lon="2.9564314">
      <ele>152</ele>
    </trkpt>
    <trkpt lat="47.273167" lon="2.9566057">
      <ele>152</ele>
    </trkpt>
    <trkpt lat="47.272539" lon="2.9574748">
      <ele>154</ele>
    </trkpt>
    <trkpt lat="47.271966" lon="2.9582794">
      <ele>154</ele>
    </trkpt>
    <trkpt lat="47.271365" lon="2.9591592">
      <ele>155</ele>
    </trkpt>
    <trkpt lat="47.270448" lon="2.9604118">
      <ele>153</ele>
    </trkpt>
    <trkpt lat="47.269534" lon="2.9616939">
      <ele>154</ele>
    </trkpt>
    <trkpt lat="47.267585" lon="2.964368">
      <ele>155</ele>
    </trkpt>
    <trkpt lat="47.267314" lon="2.9647382">
      <ele>155</ele>
    </trkpt>
    <trkpt lat="47.264549" lon="2.9684906">
      <ele>154</ele>
    </trkpt>
    <trkpt lat="47.264359" lon="2.9687266">
      <ele>154</ele>
    </trkpt>
    <trkpt lat="47.26413" lon="2.9689707">
      <ele>154</ele>
    </trkpt>
    <trkpt lat="47.262022" lon="2.971087">
      <ele>155</ele>
    </trkpt>
    <trkpt lat="47.261549" lon="2.9714571">
      <ele>156</ele>
    </trkpt>
    <trkpt lat="47.261427" lon="2.9715483">
      <ele>156</ele>
    </trkpt>
    <trkpt lat="47.26118" lon="2.9717522">
      <ele>155</ele>
    </trkpt>
    <trkpt lat="47.260781" lon="2.9720311">
      <ele>155</ele>
    </trkpt>
    <trkpt lat="47.259823" lon="2.9726534">
      <ele>155</ele>
    </trkpt>
    <trkpt lat="47.259516" lon="2.9728492">
      <ele>156</ele>
    </trkpt>
    <trkpt lat="47.258655" lon="2.9733213">
      <ele>156</ele>
    </trkpt>
    <trkpt lat="47.25765" lon="2.9737611">
      <ele>154</ele>
    </trkpt>
    <trkpt lat="47.255948" lon="2.9743834">
      <ele>155</ele>
    </trkpt>
    <trkpt lat="47.255028" lon="2.9746033">
      <ele>155</ele>
    </trkpt>
    <trkpt lat="47.253934" lon="2.9748179">
      <ele>156</ele>
    </trkpt>
    <trkpt lat="47.252754" lon="2.9748447">
      <ele>156</ele>
    </trkpt>
    <trkpt lat="47.251409" lon="2.9748769">
      <ele>156</ele>
    </trkpt>
    <trkpt lat="47.249286" lon="2.9746677">
      <ele>156</ele>
    </trkpt>
    <trkpt lat="47.246245" lon="2.9744639">
      <ele>156</ele>
    </trkpt>
    <trkpt lat="47.245745" lon="2.9745095">
      <ele>156</ele>
    </trkpt>
    <trkpt lat="47.244782" lon="2.9746731">
      <ele>155</ele>
    </trkpt>
    <trkpt lat="47.244456" lon="2.9746624">
      <ele>155</ele>
    </trkpt>
    <trkpt lat="47.244283" lon="2.974598">
      <ele>155</ele>
    </trkpt>
    <trkpt lat="47.244108" lon="2.9745336">
      <ele>156</ele>
    </trkpt>
    <trkpt lat="47.24388" lon="2.9744478">
      <ele>156</ele>
    </trkpt>
    <trkpt lat="47.243653" lon="2.9743619">
      <ele>155</ele>
    </trkpt>
    <trkpt lat="47.241356" lon="2.9734393">
      <ele>155</ele>
    </trkpt>
    <trkpt lat="47.240091" lon="2.9728975">
      <ele>156</ele>
    </trkpt>
    <trkpt lat="47.239661" lon="2.9728411">
      <ele>156</ele>
    </trkpt>
    <trkpt lat="47.237871" lon="2.9729484">
      <ele>155</ele>
    </trkpt>
    <trkpt lat="47.23448" lon="2.9730879">
      <ele>157</ele>
    </trkpt>
    <trkpt lat="47.23319" lon="2.9731925">
      <ele>156</ele>
    </trkpt>
    <trkpt lat="47.232677" lon="2.9733481">
      <ele>157</ele>
    </trkpt>
    <trkpt lat="47.231781" lon="2.9736109">
      <ele>157</ele>
    </trkpt>
    <trkpt lat="47.231597" lon="2.973678">
      <ele>157</ele>
    </trkpt>
    <trkpt lat="47.230557" lon="2.9740615">
      <ele>156</ele>
    </trkpt>
    <trkpt lat="47.230362" lon="2.9741259">
      <ele>156</ele>
    </trkpt>
    <trkpt lat="47.230193" lon="2.9741715">
      <ele>157</ele>
    </trkpt>
    <trkpt lat="47.229994" lon="2.9741822">
      <ele>157</ele>
    </trkpt>
    <trkpt lat="47.229796" lon="2.9741501">
      <ele>156</ele>
    </trkpt>
    <trkpt lat="47.229362" lon="2.974032">
      <ele>154</ele>
    </trkpt>
    <trkpt lat="47.229198" lon="2.9739945">
      <ele>155</ele>
    </trkpt>
    <trkpt lat="47.228508" lon="2.9738979">
      <ele>156</ele>
    </trkpt>
    <trkpt lat="47.22802" lon="2.9737799">
      <ele>155</ele>
    </trkpt>
    <trkpt lat="47.227843" lon="2.9737692">
      <ele>155</ele>
    </trkpt>
    <trkpt lat="47.227674" lon="2.9737799">
      <ele>155</ele>
    </trkpt>
    <trkpt lat="47.227544" lon="2.9738175">
      <ele>156</ele>
    </trkpt>
    <trkpt lat="47.227071" lon="2.9739918">
      <ele>155</ele>
    </trkpt>
    <trkpt lat="47.226879" lon="2.9740508">
      <ele>155</ele>
    </trkpt>
    <trkpt lat="47.226679" lon="2.9740723">
      <ele>155</ele>
    </trkpt>
    <trkpt lat="47.226495" lon="2.974075">
      <ele>155</ele>
    </trkpt>
    <trkpt lat="47.225273" lon="2.9740562">
      <ele>155</ele>
    </trkpt>
    <trkpt lat="47.225094" lon="2.9740723">
      <ele>155</ele>
    </trkpt>
    <trkpt lat="47.22495" lon="2.9741098">
      <ele>155</ele>
    </trkpt>
    <trkpt lat="47.224613" lon="2.9741849">
      <ele>156</ele>
    </trkpt>
    <trkpt lat="47.22322" lon="2.9745202">
      <ele>156</ele>
    </trkpt>
    <trkpt lat="47.22193" lon="2.9747187">
      <ele>157</ele>
    </trkpt>
    <trkpt lat="47.221682" lon="2.9747562">
      <ele>157</ele>
    </trkpt>
    <trkpt lat="47.221471" lon="2.9747831">
      <ele>157</ele>
    </trkpt>
    <trkpt lat="47.219575" lon="2.9749708">
      <ele>157</ele>
    </trkpt>
    <trkpt lat="47.219353" lon="2.9750298">
      <ele>157</ele>
    </trkpt>
    <trkpt lat="47.21925" lon="2.9750888">
      <ele>156</ele>
    </trkpt>
    <trkpt lat="47.219136" lon="2.9751961">
      <ele>156</ele>
    </trkpt>
    <trkpt lat="47.217094" lon="2.9770844">
      <ele>156</ele>
    </trkpt>
    <trkpt lat="47.217006" lon="2.9771649">
      <ele>157</ele>
    </trkpt>
    <trkpt lat="47.215696" lon="2.9783477">
      <ele>156</ele>
    </trkpt>
    <trkpt lat="47.215279" lon="2.9788117">
      <ele>157</ele>
    </trkpt>
    <trkpt lat="47.214078" lon="2.9802548">
      <ele>156</ele>
    </trkpt>
    <trkpt lat="47.213497" lon="2.9809039">
      <ele>157</ele>
    </trkpt>
    <trkpt lat="47.213113" lon="2.9813518">
      <ele>158</ele>
    </trkpt>
    <trkpt lat="47.211772" lon="2.9828485">
      <ele>157</ele>
    </trkpt>
    <trkpt lat="47.211522" lon="2.9830952">
      <ele>156</ele>
    </trkpt>
    <trkpt lat="47.211422" lon="2.9832025">
      <ele>156</ele>
    </trkpt>
    <trkpt lat="47.210638" lon="2.984034">
      <ele>157</ele>
    </trkpt>
    <trkpt lat="47.210156" lon="2.9844766">
      <ele>157</ele>
    </trkpt>
    <trkpt lat="47.209922" lon="2.9847448">
      <ele>157</ele>
    </trkpt>
    <trkpt lat="47.209461" lon="2.9852571">
      <ele>157</ele>
    </trkpt>
    <trkpt lat="47.208676" lon="2.9859759">
      <ele>157</ele>
    </trkpt>
    <trkpt lat="47.207944" lon="2.9866304">
      <ele>156</ele>
    </trkpt>
    <trkpt lat="47.20739" lon="2.9872821">
      <ele>157</ele>
    </trkpt>
    <trkpt lat="47.206677" lon="2.9882987">
      <ele>157</ele>
    </trkpt>
    <trkpt lat="47.206267" lon="2.9887171">
      <ele>156</ele>
    </trkpt>
    <trkpt lat="47.205946" lon="2.9890444">
      <ele>156</ele>
    </trkpt>
    <trkpt lat="47.205305" lon="2.9896157">
      <ele>156</ele>
    </trkpt>
    <trkpt lat="47.205154" lon="2.9897364">
      <ele>156</ele>
    </trkpt>
    <trkpt lat="47.204975" lon="2.9898839">
      <ele>156</ele>
    </trkpt>
    <trkpt lat="47.204806" lon="2.9900207">
      <ele>156</ele>
    </trkpt>
    <trkpt lat="47.204644" lon="2.9901199">
      <ele>156</ele>
    </trkpt>
    <trkpt lat="47.204388" lon="2.9901897">
      <ele>156</ele>
    </trkpt>
    <trkpt lat="47.203895" lon="2.9903372">
      <ele>156</ele>
    </trkpt>
    <trkpt lat="47.202867" lon="2.9908683">
      <ele>156</ele>
    </trkpt>
    <trkpt lat="47.200665" lon="2.9921128">
      <ele>156</ele>
    </trkpt>
    <trkpt lat="47.199364" lon="2.9929175">
      <ele>156</ele>
    </trkpt>
    <trkpt lat="47.199293" lon="2.9929523">
      <ele>156</ele>
    </trkpt>
    <trkpt lat="47.199115" lon="2.9930382">
      <ele>156</ele>
    </trkpt>
    <trkpt lat="47.19902" lon="2.9930891">
      <ele>157</ele>
    </trkpt>
    <trkpt lat="47.197494" lon="2.9938562">
      <ele>157</ele>
    </trkpt>
    <trkpt lat="47.195349" lon="2.9950606">
      <ele>158</ele>
    </trkpt>
    <trkpt lat="47.195149" lon="2.9951786">
      <ele>158</ele>
    </trkpt>
    <trkpt lat="47.194686" lon="2.9954307">
      <ele>157</ele>
    </trkpt>
    <trkpt lat="47.194396" lon="2.9954763">
      <ele>158</ele>
    </trkpt>
    <trkpt lat="47.194212" lon="2.9955085">
      <ele>158</ele>
    </trkpt>
    <trkpt lat="47.193381" lon="2.9958706">
      <ele>157</ele>
    </trkpt>
    <trkpt lat="47.192987" lon="2.9959537">
      <ele>157</ele>
    </trkpt>
    <trkpt lat="47.192373" lon="2.9961254">
      <ele>158</ele>
    </trkpt>
    <trkpt lat="47.191903" lon="2.9963239">
      <ele>157</ele>
    </trkpt>
    <trkpt lat="47.190862" lon="2.9969113">
      <ele>158</ele>
    </trkpt>
    <trkpt lat="47.190465" lon="2.9973619">
      <ele>157</ele>
    </trkpt>
    <trkpt lat="47.189717" lon="2.9983597">
      <ele>158</ele>
    </trkpt>
    <trkpt lat="47.189331" lon="2.9989203">
      <ele>158</ele>
    </trkpt>
    <trkpt lat="47.188992" lon="2.999159">
      <ele>159</ele>
    </trkpt>
    <trkpt lat="47.188919" lon="2.999057">
      <ele>159</ele>
    </trkpt>
    <trkpt lat="47.18883" lon="2.9989605">
      <ele>158</ele>
    </trkpt>
    <trkpt lat="47.18878" lon="2.9989337">
      <ele>158</ele>
    </trkpt>
    <trkpt lat="47.188709" lon="2.9990463">
      <ele>158</ele>
    </trkpt>
    <trkpt lat="47.188627" lon="2.9991563">
      <ele>158</ele>
    </trkpt>
    <trkpt lat="47.188549" lon="2.9992528">
      <ele>158</ele>
    </trkpt>
    <trkpt lat="47.188456" lon="2.9993494">
      <ele>158</ele>
    </trkpt>
    <trkpt lat="47.188252" lon="2.9995157">
      <ele>158</ele>
    </trkpt>
    <trkpt lat="47.186283" lon="3.0008032">
      <ele>158</ele>
    </trkpt>
    <trkpt lat="47.183778" lon="3.0024152">
      <ele>159</ele>
    </trkpt>
    <trkpt lat="47.183673" lon="3.0024742">
      <ele>159</ele>
    </trkpt>
    <trkpt lat="47.183383" lon="3.0025707">
      <ele>159</ele>
    </trkpt>
    <trkpt lat="47.18329" lon="3.002611">
      <ele>159</ele>
    </trkpt>
    <trkpt lat="47.183171" lon="3.002611">
      <ele>158</ele>
    </trkpt>
    <trkpt lat="47.183057" lon="3.0025895">
      <ele>157</ele>
    </trkpt>
    <trkpt lat="47.182395" lon="3.0024071">
      <ele>158</ele>
    </trkpt>
    <trkpt lat="47.182298" lon="3.0023991">
      <ele>158</ele>
    </trkpt>
    <trkpt lat="47.182161" lon="3.0023964">
      <ele>158</ele>
    </trkpt>
    <trkpt lat="47.182005" lon="3.0024205">
      <ele>158</ele>
    </trkpt>
    <trkpt lat="47.181875" lon="3.0024635">
      <ele>158</ele>
    </trkpt>
    <trkpt lat="47.181777" lon="3.0025091">
      <ele>158</ele>
    </trkpt>
    <trkpt lat="47.181531" lon="3.0026351">
      <ele>158</ele>
    </trkpt>
    <trkpt lat="47.181378" lon="3.0026914">
      <ele>158</ele>
    </trkpt>
    <trkpt lat="47.181226" lon="3.0027209">
      <ele>158</ele>
    </trkpt>
    <trkpt lat="47.18012" lon="3.0029033">
      <ele>158</ele>
    </trkpt>
    <trkpt lat="47.180025" lon="3.0029275">
      <ele>158</ele>
    </trkpt>
    <trkpt lat="47.179928" lon="3.0029892">
      <ele>158</ele>
    </trkpt>
    <trkpt lat="47.179837" lon="3.0030616">
      <ele>158</ele>
    </trkpt>
    <trkpt lat="47.179423" lon="3.0034478">
      <ele>158</ele>
    </trkpt>
    <trkpt lat="47.179307" lon="3.0035417">
      <ele>158</ele>
    </trkpt>
    <trkpt lat="47.178236" lon="3.0043839">
      <ele>158</ele>
    </trkpt>
    <trkpt lat="47.176849" lon="3.0054756">
      <ele>158</ele>
    </trkpt>
    <trkpt lat="47.176681" lon="3.0056392">
      <ele>158</ele>
    </trkpt>
    <trkpt lat="47.176546" lon="3.0058082">
      <ele>157</ele>
    </trkpt>
    <trkpt lat="47.175418" lon="3.0075275">
      <ele>159</ele>
    </trkpt>
    <trkpt lat="47.175299" lon="3.0076562">
      <ele>159</ele>
    </trkpt>
    <trkpt lat="47.175234" lon="3.0077072">
      <ele>159</ele>
    </trkpt>
    <trkpt lat="47.175031" lon="3.0078386">
      <ele>159</ele>
    </trkpt>
    <trkpt lat="47.174621" lon="3.0080612">
      <ele>161</ele>
    </trkpt>
    <trkpt lat="47.174586" lon="3.0080854">
      <ele>161</ele>
    </trkpt>
    <trkpt lat="47.174606" lon="3.008139">
      <ele>161</ele>
    </trkpt>
    <trkpt lat="47.174668" lon="3.0082865">
      <ele>162</ele>
    </trkpt>
    <trkpt lat="47.17453" lon="3.0083858">
      <ele>161</ele>
    </trkpt>
    <trkpt lat="47.168852" lon="3.0093326">
      <ele>161</ele>
    </trkpt>
    <trkpt lat="47.168292" lon="3.0094318">
      <ele>162</ele>
    </trkpt>
    <trkpt lat="47.167364" lon="3.0095981">
      <ele>159</ele>
    </trkpt>
    <trkpt lat="47.165289" lon="3.0099173">
      <ele>160</ele>
    </trkpt>
    <trkpt lat="47.163802" lon="3.0103143">
      <ele>160</ele>
    </trkpt>
    <trkpt lat="47.161525" lon="3.0105342">
      <ele>162</ele>
    </trkpt>
    <trkpt lat="47.159272" lon="3.0109634">
      <ele>161</ele>
    </trkpt>
    <trkpt lat="47.158858" lon="3.0110519">
      <ele>161</ele>
    </trkpt>
    <trkpt lat="47.157981" lon="3.0113335">
      <ele>162</ele>
    </trkpt>
    <trkpt lat="47.157797" lon="3.0114328">
      <ele>162</ele>
    </trkpt>
    <trkpt lat="47.157602" lon="3.0114649">
      <ele>162</ele>
    </trkpt>
    <trkpt lat="47.156905" lon="3.0117063">
      <ele>162</ele>
    </trkpt>
    <trkpt lat="47.156252" lon="3.0119263">
      <ele>162</ele>
    </trkpt>
    <trkpt lat="47.155962" lon="3.0119558">
      <ele>162</ele>
    </trkpt>
    <trkpt lat="47.155369" lon="3.0118753">
      <ele>161</ele>
    </trkpt>
    <trkpt lat="47.155117" lon="3.0119424">
      <ele>161</ele>
    </trkpt>
    <trkpt lat="47.154778" lon="3.0121033">
      <ele>161</ele>
    </trkpt>
    <trkpt lat="47.153903" lon="3.012798">
      <ele>162</ele>
    </trkpt>
    <trkpt lat="47.153509" lon="3.013085">
      <ele>162</ele>
    </trkpt>
    <trkpt lat="47.153109" lon="3.0132781">
      <ele>162</ele>
    </trkpt>
    <trkpt lat="47.152611" lon="3.0133157">
      <ele>163</ele>
    </trkpt>
    <trkpt lat="47.151557" lon="3.0130984">
      <ele>162</ele>
    </trkpt>
    <trkpt lat="47.151338" lon="3.013085">
      <ele>163</ele>
    </trkpt>
    <trkpt lat="47.150867" lon="3.0132084">
      <ele>162</ele>
    </trkpt>
    <trkpt lat="47.146365" lon="3.0145978">
      <ele>162</ele>
    </trkpt>
    <trkpt lat="47.145864" lon="3.0147641">
      <ele>162</ele>
    </trkpt>
    <trkpt lat="47.14549" lon="3.0147748">
      <ele>162</ele>
    </trkpt>
    <trkpt lat="47.143966" lon="3.0146863">
      <ele>161</ele>
    </trkpt>
    <trkpt lat="47.141764" lon="3.0144395">
      <ele>163</ele>
    </trkpt>
    <trkpt lat="47.141421" lon="3.0144771">
      <ele>162</ele>
    </trkpt>
    <trkpt lat="47.1406" lon="3.0147989">
      <ele>162</ele>
    </trkpt>
    <trkpt lat="47.139225" lon="3.0153729">
      <ele>162</ele>
    </trkpt>
    <trkpt lat="47.13803" lon="3.0158799">
      <ele>162</ele>
    </trkpt>
    <trkpt lat="47.137457" lon="3.0161105">
      <ele>163</ele>
    </trkpt>
    <trkpt lat="47.136324" lon="3.0165424">
      <ele>162</ele>
    </trkpt>
    <trkpt lat="47.135946" lon="3.0167677">
      <ele>162</ele>
    </trkpt>
    <trkpt lat="47.135638" lon="3.0170922">
      <ele>162</ele>
    </trkpt>
    <trkpt lat="47.133959" lon="3.0185943">
      <ele>162</ele>
    </trkpt>
    <trkpt lat="47.132713" lon="3.0196859">
      <ele>162</ele>
    </trkpt>
    <trkpt lat="47.130788" lon="3.0214133">
      <ele>162</ele>
    </trkpt>
    <trkpt lat="47.130443" lon="3.0217432">
      <ele>162</ele>
    </trkpt>
    <trkpt lat="47.129392" lon="3.0227007">
      <ele>162</ele>
    </trkpt>
    <trkpt lat="47.129131" lon="3.0228187">
      <ele>163</ele>
    </trkpt>
    <trkpt lat="47.128687" lon="3.0228858">
      <ele>162</ele>
    </trkpt>
    <trkpt lat="47.125895" lon="3.0232989">
      <ele>163</ele>
    </trkpt>
    <trkpt lat="47.12307" lon="3.0237682">
      <ele>162</ele>
    </trkpt>
    <trkpt lat="47.120823" lon="3.0241062">
      <ele>163</ele>
    </trkpt>
    <trkpt lat="47.117785" lon="3.0245675">
      <ele>163</ele>
    </trkpt>
    <trkpt lat="47.11647" lon="3.0246265">
      <ele>163</ele>
    </trkpt>
    <trkpt lat="47.112048" lon="3.0248223">
      <ele>163</ele>
    </trkpt>
    <trkpt lat="47.108232" lon="3.0249672">
      <ele>165</ele>
    </trkpt>
    <trkpt lat="47.106974" lon="3.0250289">
      <ele>165</ele>
    </trkpt>
    <trkpt lat="47.106562" lon="3.025053">
      <ele>164</ele>
    </trkpt>
    <trkpt lat="47.10489" lon="3.0250235">
      <ele>165</ele>
    </trkpt>
    <trkpt lat="47.103299" lon="3.0250289">
      <ele>165</ele>
    </trkpt>
    <trkpt lat="47.101899" lon="3.0250369">
      <ele>164</ele>
    </trkpt>
    <trkpt lat="47.099356" lon="3.025045">
      <ele>165</ele>
    </trkpt>
    <trkpt lat="47.097718" lon="3.0250557">
      <ele>164</ele>
    </trkpt>
    <trkpt lat="47.093779" lon="3.0250637">
      <ele>164</ele>
    </trkpt>
    <trkpt lat="47.092733" lon="3.0250772">
      <ele>165</ele>
    </trkpt>
    <trkpt lat="47.092172" lon="3.0250852">
      <ele>164</ele>
    </trkpt>
    <trkpt lat="47.091814" lon="3.0250664">
      <ele>165</ele>
    </trkpt>
    <trkpt lat="47.091367" lon="3.024986">
      <ele>165</ele>
    </trkpt>
    <trkpt lat="47.089994" lon="3.0246212">
      <ele>164</ele>
    </trkpt>
    <trkpt lat="47.088571" lon="3.0242805">
      <ele>165</ele>
    </trkpt>
    <trkpt lat="47.088082" lon="3.0241169">
      <ele>165</ele>
    </trkpt>
    <trkpt lat="47.087501" lon="3.0238782">
      <ele>165</ele>
    </trkpt>
    <trkpt lat="47.085987" lon="3.0232238">
      <ele>164</ele>
    </trkpt>
    <trkpt lat="47.085775" lon="3.0230923">
      <ele>165</ele>
    </trkpt>
    <trkpt lat="47.085156" lon="3.0225559">
      <ele>165</ele>
    </trkpt>
    <trkpt lat="47.08473" lon="3.0221428">
      <ele>165</ele>
    </trkpt>
    <trkpt lat="47.083826" lon="3.0211584">
      <ele>165</ele>
    </trkpt>
    <trkpt lat="47.082983" lon="3.020099">
      <ele>165</ele>
    </trkpt>
    <trkpt lat="47.082097" lon="3.0189322">
      <ele>164</ele>
    </trkpt>
    <trkpt lat="47.081582" lon="3.0182858">
      <ele>165</ele>
    </trkpt>
    <trkpt lat="47.081114" lon="3.0178486">
      <ele>166</ele>
    </trkpt>
    <trkpt lat="47.080133" lon="3.0169393">
      <ele>165</ele>
    </trkpt>
    <trkpt lat="47.079865" lon="3.0166845">
      <ele>165</ele>
    </trkpt>
    <trkpt lat="47.07907" lon="3.0162607">
      <ele>165</ele>
    </trkpt>
    <trkpt lat="47.077472" lon="3.0153622">
      <ele>166</ele>
    </trkpt>
    <trkpt lat="47.074266" lon="3.0133291">
      <ele>166</ele>
    </trkpt>
    <trkpt lat="47.072633" lon="3.0123098">
      <ele>166</ele>
    </trkpt>
    <trkpt lat="47.072392" lon="3.0121489">
      <ele>166</ele>
    </trkpt>
    <trkpt lat="47.072354" lon="3.0120631">
      <ele>166</ele>
    </trkpt>
    <trkpt lat="47.072343" lon="3.0120202">
      <ele>166</ele>
    </trkpt>
    <trkpt lat="47.072337" lon="3.0119826">
      <ele>166</ele>
    </trkpt>
    <trkpt lat="47.072313" lon="3.0118941">
      <ele>166</ele>
    </trkpt>
    <trkpt lat="47.072291" lon="3.0118646">
      <ele>166</ele>
    </trkpt>
    <trkpt lat="47.072235" lon="3.0118565">
      <ele>166</ele>
    </trkpt>
    <trkpt lat="47.072143" lon="3.0118887">
      <ele>166</ele>
    </trkpt>
    <trkpt lat="47.072043" lon="3.0119451">
      <ele>166</ele>
    </trkpt>
    <trkpt lat="47.071868" lon="3.012047">
      <ele>166</ele>
    </trkpt>
    <trkpt lat="47.071548" lon="3.0121918">
      <ele>166</ele>
    </trkpt>
    <trkpt lat="47.071206" lon="3.0122857">
      <ele>165</ele>
    </trkpt>
    <trkpt lat="47.070598" lon="3.0125566">
      <ele>168</ele>
    </trkpt>
    <trkpt lat="47.07051" lon="3.0125807">
      <ele>168</ele>
    </trkpt>
    <trkpt lat="47.070479" lon="3.0125647">
      <ele>168</ele>
    </trkpt>
    <trkpt lat="47.070529" lon="3.0128463">
      <ele>168</ele>
    </trkpt>
    <trkpt lat="47.070576" lon="3.0130743">
      <ele>167</ele>
    </trkpt>
    <trkpt lat="47.070589" lon="3.0131333">
      <ele>167</ele>
    </trkpt>
    <trkpt lat="47.070465" lon="3.013195">
      <ele>166</ele>
    </trkpt>
    <trkpt lat="47.07036" lon="3.0132379">
      <ele>166</ele>
    </trkpt>
    <trkpt lat="47.070295" lon="3.0132593">
      <ele>166</ele>
    </trkpt>
    <trkpt lat="47.070213" lon="3.0132754">
      <ele>166</ele>
    </trkpt>
    <trkpt lat="47.070033" lon="3.0132996">
      <ele>165</ele>
    </trkpt>
    <trkpt lat="47.069694" lon="3.0134042">
      <ele>165</ele>
    </trkpt>
    <trkpt lat="47.069414" lon="3.0135222">
      <ele>165</ele>
    </trkpt>
    <trkpt lat="47.069146" lon="3.013718">
      <ele>166</ele>
    </trkpt>
    <trkpt lat="47.068895" lon="3.0139943">
      <ele>167</ele>
    </trkpt>
    <trkpt lat="47.06859" lon="3.0143081">
      <ele>167</ele>
    </trkpt>
    <trkpt lat="47.068428" lon="3.0144556">
      <ele>167</ele>
    </trkpt>
    <trkpt lat="47.068051" lon="3.0147748">
      <ele>166</ele>
    </trkpt>
    <trkpt lat="47.067578" lon="3.0151262">
      <ele>167</ele>
    </trkpt>
    <trkpt lat="47.066597" lon="3.0158128">
      <ele>165</ele>
    </trkpt>
    <trkpt lat="47.066403" lon="3.0159335">
      <ele>166</ele>
    </trkpt>
    <trkpt lat="47.06517" lon="3.0167462">
      <ele>166</ele>
    </trkpt>
    <trkpt lat="47.063705" lon="3.0177815">
      <ele>166</ele>
    </trkpt>
    <trkpt lat="47.063201" lon="3.018098">
      <ele>166</ele>
    </trkpt>
    <trkpt lat="47.062733" lon="3.0184333">
      <ele>165</ele>
    </trkpt>
    <trkpt lat="47.06243" lon="3.0186694">
      <ele>166</ele>
    </trkpt>
    <trkpt lat="47.062282" lon="3.0188544">
      <ele>166</ele>
    </trkpt>
    <trkpt lat="47.061732" lon="3.0194713">
      <ele>165</ele>
    </trkpt>
    <trkpt lat="47.061185" lon="3.0200909">
      <ele>165</ele>
    </trkpt>
    <trkpt lat="47.059886" lon="3.0216386">
      <ele>165</ele>
    </trkpt>
    <trkpt lat="47.058669" lon="3.0231728">
      <ele>165</ele>
    </trkpt>
    <trkpt lat="47.058114" lon="3.0238702">
      <ele>165</ele>
    </trkpt>
    <trkpt lat="47.058039" lon="3.0239265">
      <ele>166</ele>
    </trkpt>
    <trkpt lat="47.057995" lon="3.0239345">
      <ele>166</ele>
    </trkpt>
    <trkpt lat="47.057955" lon="3.0239319">
      <ele>166</ele>
    </trkpt>
    <trkpt lat="47.057949" lon="3.0239909">
      <ele>166</ele>
    </trkpt>
    <trkpt lat="47.057878" lon="3.0241277">
      <ele>166</ele>
    </trkpt>
    <trkpt lat="47.057852" lon="3.0241598">
      <ele>166</ele>
    </trkpt>
    <trkpt lat="47.056809" lon="3.0254285">
      <ele>165</ele>
    </trkpt>
    <trkpt lat="47.056489" lon="3.0258282">
      <ele>166</ele>
    </trkpt>
    <trkpt lat="47.056144" lon="3.0261795">
      <ele>166</ele>
    </trkpt>
    <trkpt lat="47.055278" lon="3.0272551">
      <ele>168</ele>
    </trkpt>
    <trkpt lat="47.055155" lon="3.0274348">
      <ele>166</ele>
    </trkpt>
    <trkpt lat="47.055033" lon="3.0276601">
      <ele>165</ele>
    </trkpt>
    <trkpt lat="47.054819" lon="3.0280276">
      <ele>166</ele>
    </trkpt>
    <trkpt lat="47.054141" lon="3.0291809">
      <ele>167</ele>
    </trkpt>
    <trkpt lat="47.053414" lon="3.0303477">
      <ele>166</ele>
    </trkpt>
    <trkpt lat="47.052931" lon="3.0313052">
      <ele>166</ele>
    </trkpt>
    <trkpt lat="47.052675" lon="3.0319168">
      <ele>166</ele>
    </trkpt>
    <trkpt lat="47.052325" lon="3.0329333">
      <ele>166</ele>
    </trkpt>
    <trkpt lat="47.051683" lon="3.0342369">
      <ele>167</ele>
    </trkpt>
    <trkpt lat="47.051327" lon="3.0348324">
      <ele>165</ele>
    </trkpt>
    <trkpt lat="47.050691" lon="3.0358087">
      <ele>166</ele>
    </trkpt>
    <trkpt lat="47.050303" lon="3.0365141">
      <ele>167</ele>
    </trkpt>
    <trkpt lat="47.050267" lon="3.0365785">
      <ele>168</ele>
    </trkpt>
    <trkpt lat="47.04964" lon="3.0378364">
      <ele>166</ele>
    </trkpt>
    <trkpt lat="47.049359" lon="3.0383165">
      <ele>167</ele>
    </trkpt>
    <trkpt lat="47.048998" lon="3.0387698">
      <ele>166</ele>
    </trkpt>
    <trkpt lat="47.048065" lon="3.0398132">
      <ele>168</ele>
    </trkpt>
    <trkpt lat="47.047904" lon="3.0400063">
      <ele>167</ele>
    </trkpt>
    <trkpt lat="47.047734" lon="3.0403792">
      <ele>167</ele>
    </trkpt>
    <trkpt lat="47.047164" lon="3.0416022">
      <ele>167</ele>
    </trkpt>
    <trkpt lat="47.046725" lon="3.042533">
      <ele>168</ele>
    </trkpt>
    <trkpt lat="47.046098" lon="3.0440511">
      <ele>167</ele>
    </trkpt>
    <trkpt lat="47.045519" lon="3.0454619">
      <ele>167</ele>
    </trkpt>
    <trkpt lat="47.044144" lon="3.0488979">
      <ele>168</ele>
    </trkpt>
    <trkpt lat="47.04287" lon="3.0520655">
      <ele>167</ele>
    </trkpt>
    <trkpt lat="47.042401" lon="3.0532323">
      <ele>167</ele>
    </trkpt>
    <trkpt lat="47.042157" lon="3.053817">
      <ele>167</ele>
    </trkpt>
    <trkpt lat="47.041536" lon="3.054796">
      <ele>167</ele>
    </trkpt>
    <trkpt lat="47.04056" lon="3.0563329">
      <ele>168</ele>
    </trkpt>
    <trkpt lat="47.04022" lon="3.0568479">
      <ele>168</ele>
    </trkpt>
    <trkpt lat="47.039648" lon="3.0577116">
      <ele>167</ele>
    </trkpt>
    <trkpt lat="47.038995" lon="3.0587362">
      <ele>167</ele>
    </trkpt>
    <trkpt lat="47.037884" lon="3.0604609">
      <ele>168</ele>
    </trkpt>
    <trkpt lat="47.037394" lon="3.0611931">
      <ele>168</ele>
    </trkpt>
    <trkpt lat="47.037052" lon="3.0617671">
      <ele>168</ele>
    </trkpt>
    <trkpt lat="47.036792" lon="3.062089">
      <ele>168</ele>
    </trkpt>
    <trkpt lat="47.035869" lon="3.0629339">
      <ele>168</ele>
    </trkpt>
    <trkpt lat="47.03478" lon="3.0639129">
      <ele>169</ele>
    </trkpt>
    <trkpt lat="47.034551" lon="3.0641167">
      <ele>169</ele>
    </trkpt>
    <trkpt lat="47.03338" lon="3.0651601">
      <ele>168</ele>
    </trkpt>
    <trkpt lat="47.032833" lon="3.0657287">
      <ele>168</ele>
    </trkpt>
    <trkpt lat="47.03282" lon="3.0657448">
      <ele>169</ele>
    </trkpt>
    <trkpt lat="47.031877" lon="3.0669491">
      <ele>168</ele>
    </trkpt>
    <trkpt lat="47.031241" lon="3.0677672">
      <ele>168</ele>
    </trkpt>
    <trkpt lat="47.030941" lon="3.0679764">
      <ele>168</ele>
    </trkpt>
    <trkpt lat="47.029975" lon="3.0685236">
      <ele>168</ele>
    </trkpt>
    <trkpt lat="47.029142" lon="3.0690466">
      <ele>169</ele>
    </trkpt>
    <trkpt lat="47.028584" lon="3.0693202">
      <ele>169</ele>
    </trkpt>
    <trkpt lat="47.028398" lon="3.0692961">
      <ele>169</ele>
    </trkpt>
    <trkpt lat="47.028096" lon="3.069111">
      <ele>169</ele>
    </trkpt>
    <trkpt lat="47.028098" lon="3.0690949">
      <ele>169</ele>
    </trkpt>
    <trkpt lat="47.028094" lon="3.0690707">
      <ele>169</ele>
    </trkpt>
    <trkpt lat="47.028083" lon="3.0690547">
      <ele>169</ele>
    </trkpt>
    <trkpt lat="47.028067" lon="3.0690493">
      <ele>169</ele>
    </trkpt>
    <trkpt lat="47.028052" lon="3.0690547">
      <ele>169</ele>
    </trkpt>
    <trkpt lat="47.028041" lon="3.0690707">
      <ele>169</ele>
    </trkpt>
    <trkpt lat="47.028037" lon="3.0690949">
      <ele>169</ele>
    </trkpt>
    <trkpt lat="47.027842" lon="3.0691083">
      <ele>169</ele>
    </trkpt>
    <trkpt lat="47.02688" lon="3.069001">
      <ele>168</ele>
    </trkpt>
    <trkpt lat="47.025196" lon="3.0688213">
      <ele>169</ele>
    </trkpt>
    <trkpt lat="47.024971" lon="3.0688106">
      <ele>169</ele>
    </trkpt>
    <trkpt lat="47.024483" lon="3.0688749">
      <ele>170</ele>
    </trkpt>
    <trkpt lat="47.023179" lon="3.0691217">
      <ele>169</ele>
    </trkpt>
    <trkpt lat="47.021554" lon="3.0694221">
      <ele>170</ele>
    </trkpt>
    <trkpt lat="47.019872" lon="3.0697279">
      <ele>170</ele>
    </trkpt>
    <trkpt lat="47.01867" lon="3.0699532">
      <ele>170</ele>
    </trkpt>
    <trkpt lat="47.017142" lon="3.0702536">
      <ele>171</ele>
    </trkpt>
    <trkpt lat="47.016783" lon="3.0703528">
      <ele>171</ele>
    </trkpt>
    <trkpt lat="47.016743" lon="3.0703663">
      <ele>171</ele>
    </trkpt>
    <trkpt lat="47.016703" lon="3.0703904">
      <ele>171</ele>
    </trkpt>
    <trkpt lat="47.016681" lon="3.0704092">
      <ele>171</ele>
    </trkpt>
    <trkpt lat="47.016662" lon="3.0704306">
      <ele>171</ele>
    </trkpt>
    <trkpt lat="47.016646" lon="3.0704521">
      <ele>171</ele>
    </trkpt>
    <trkpt lat="47.016628" lon="3.0704843">
      <ele>171</ele>
    </trkpt>
    <trkpt lat="47.016611" lon="3.0705218">
      <ele>171</ele>
    </trkpt>
    <trkpt lat="47.016597" lon="3.0705647">
      <ele>170</ele>
    </trkpt>
    <trkpt lat="47.016587" lon="3.070613">
      <ele>170</ele>
    </trkpt>
    <trkpt lat="47.01652" lon="3.0709081">
      <ele>169</ele>
    </trkpt>
    <trkpt lat="47.016505" lon="3.070959">
      <ele>169</ele>
    </trkpt>
    <trkpt lat="47.016489" lon="3.0710073">
      <ele>169</ele>
    </trkpt>
    <trkpt lat="47.016472" lon="3.0710422">
      <ele>170</ele>
    </trkpt>
    <trkpt lat="47.016459" lon="3.0710717">
      <ele>170</ele>
    </trkpt>
    <trkpt lat="47.016439" lon="3.0711039">
      <ele>170</ele>
    </trkpt>
    <trkpt lat="47.016416" lon="3.0711387">
      <ele>171</ele>
    </trkpt>
    <trkpt lat="47.016379" lon="3.0711816">
      <ele>171</ele>
    </trkpt>
    <trkpt lat="47.016357" lon="3.0712031">
      <ele>171</ele>
    </trkpt>
    <trkpt lat="47.016331" lon="3.0712246">
      <ele>171</ele>
    </trkpt>
    <trkpt lat="47.016308" lon="3.0712433">
      <ele>171</ele>
    </trkpt>
    <trkpt lat="47.016286" lon="3.0712567">
      <ele>171</ele>
    </trkpt>
    <trkpt lat="47.016132" lon="3.0713479">
      <ele>171</ele>
    </trkpt>
    <trkpt lat="47.016061" lon="3.0713909">
      <ele>170</ele>
    </trkpt>
    <trkpt lat="47.015949" lon="3.0714579">
      <ele>169</ele>
    </trkpt>
    <trkpt lat="47.015871" lon="3.0715035">
      <ele>169</ele>
    </trkpt>
    <trkpt lat="47.015715" lon="3.0716001">
      <ele>170</ele>
    </trkpt>
    <trkpt lat="47.015529" lon="3.0717127">
      <ele>171</ele>
    </trkpt>
    <trkpt lat="47.015496" lon="3.0717288">
      <ele>171</ele>
    </trkpt>
    <trkpt lat="47.015466" lon="3.0717395">
      <ele>171</ele>
    </trkpt>
    <trkpt lat="47.015437" lon="3.0717503">
      <ele>171</ele>
    </trkpt>
    <trkpt lat="47.015401" lon="3.0717583">
      <ele>170</ele>
    </trkpt>
    <trkpt lat="47.01536" lon="3.0717664">
      <ele>170</ele>
    </trkpt>
    <trkpt lat="47.015302" lon="3.0717691">
      <ele>170</ele>
    </trkpt>
    <trkpt lat="47.015241" lon="3.0717691">
      <ele>170</ele>
    </trkpt>
    <trkpt lat="47.015066" lon="3.0717395">
      <ele>169</ele>
    </trkpt>
    <trkpt lat="47.014854" lon="3.0716725">
      <ele>170</ele>
    </trkpt>
    <trkpt lat="47.014673" lon="3.0716135">
      <ele>171</ele>
    </trkpt>
    <trkpt lat="47.014259" lon="3.0714981">
      <ele>170</ele>
    </trkpt>
    <trkpt lat="47.013784" lon="3.0713479">
      <ele>171</ele>
    </trkpt>
    <trkpt lat="47.013429" lon="3.0712353">
      <ele>170</ele>
    </trkpt>
    <trkpt lat="47.012983" lon="3.0710154">
      <ele>170</ele>
    </trkpt>
    <trkpt lat="47.012568" lon="3.0707525">
      <ele>171</ele>
    </trkpt>
    <trkpt lat="47.012539" lon="3.0707954">
      <ele>171</ele>
    </trkpt>
    <trkpt lat="47.012542" lon="3.0708598">
      <ele>171</ele>
    </trkpt>
    <trkpt lat="47.012529" lon="3.0709724">
      <ele>169</ele>
    </trkpt>
    <trkpt lat="47.012498" lon="3.0710207">
      <ele>169</ele>
    </trkpt>
    <trkpt lat="47.012438" lon="3.0710154">
      <ele>168</ele>
    </trkpt>
    <trkpt lat="47.012266" lon="3.0709483">
      <ele>167</ele>
    </trkpt>
    <trkpt lat="47.012215" lon="3.0708812">
      <ele>168</ele>
    </trkpt>
    <trkpt lat="47.012131" lon="3.0707793">
      <ele>168</ele>
    </trkpt>
    <trkpt lat="47.011597" lon="3.0702295">
      <ele>168</ele>
    </trkpt>
    <trkpt lat="47.011324" lon="3.0699425">
      <ele>168</ele>
    </trkpt>
    <trkpt lat="47.011015" lon="3.0695616">
      <ele>168</ele>
    </trkpt>
    <trkpt lat="47.010887" lon="3.0694007">
      <ele>169</ele>
    </trkpt>
    <trkpt lat="47.010763" lon="3.0691834">
      <ele>171</ele>
    </trkpt>
    <trkpt lat="47.010968" lon="3.0693738">
      <ele>170</ele>
    </trkpt>
    <trkpt lat="47.01212" lon="3.0704789">
      <ele>170</ele>
    </trkpt>
    <trkpt lat="47.012304" lon="3.0706291">
      <ele>171</ele>
    </trkpt>
    <trkpt lat="47.012332" lon="3.0706506">
      <ele>171</ele>
    </trkpt>
    <trkpt lat="47.012325" lon="3.0707659">
      <ele>170</ele>
    </trkpt>
    <trkpt lat="47.012317" lon="3.0708383">
      <ele>170</ele>
    </trkpt>
    <trkpt lat="47.012321" lon="3.0716832">
      <ele>164</ele>
    </trkpt>
    <trkpt lat="47.012323" lon="3.0724798">
      <ele>164</ele>
    </trkpt>
    <trkpt lat="47.012326" lon="3.0734025">
      <ele>164</ele>
    </trkpt>
    <trkpt lat="47.01233" lon="3.0742528">
      <ele>164</ele>
    </trkpt>
    <trkpt lat="47.012334" lon="3.0751352">
      <ele>166</ele>
    </trkpt>
    <trkpt lat="47.012337" lon="3.076192">
      <ele>170</ele>
    </trkpt>
    <trkpt lat="47.012337" lon="3.0762752">
      <ele>170</ele>
    </trkpt>
    <trkpt lat="47.012403" lon="3.0762913">
      <ele>171</ele>
    </trkpt>
    <trkpt lat="47.012513" lon="3.0763208">
      <ele>171</ele>
    </trkpt>
    <trkpt lat="47.01246" lon="3.0780749">
      <ele>170</ele>
    </trkpt>
    <trkpt lat="47.012458" lon="3.0781447">
      <ele>170</ele>
    </trkpt>
    <trkpt lat="47.012341" lon="3.0781366">
      <ele>170</ele>
    </trkpt>
    <trkpt lat="47.012308" lon="3.0782466">
      <ele>170</ele>
    </trkpt>
    <trkpt lat="47.012303" lon="3.0782761">
      <ele>170</ele>
    </trkpt>
    <trkpt lat="47.012288" lon="3.0783351">
      <ele>170</ele>
    </trkpt>
    <trkpt lat="47.01227" lon="3.0783566">
      <ele>170</ele>
    </trkpt>
    <trkpt lat="47.012253" lon="3.0783887">
      <ele>170</ele>
    </trkpt>
    <trkpt lat="47.012244" lon="3.078429">
      <ele>170</ele>
    </trkpt>
    <trkpt lat="47.012242" lon="3.0784692">
      <ele>170</ele>
    </trkpt>
    <trkpt lat="47.012251" lon="3.0785094">
      <ele>170</ele>
    </trkpt>
    <trkpt lat="47.012264" lon="3.0785416">
      <ele>170</ele>
    </trkpt>
    <trkpt lat="47.012282" lon="3.0785658">
      <ele>170</ele>
    </trkpt>
    <trkpt lat="47.012306" lon="3.0785819">
      <ele>170</ele>
    </trkpt>
    <trkpt lat="47.012354" lon="3.0786704">
      <ele>170</ele>
    </trkpt>
    <trkpt lat="47.012392" lon="3.0787562">
      <ele>170</ele>
    </trkpt>
    <trkpt lat="47.012489" lon="3.0793999">
      <ele>172</ele>
    </trkpt>
    <trkpt lat="47.012539" lon="3.0797889">
      <ele>172</ele>
    </trkpt>
    <trkpt lat="47.012597" lon="3.0802207">
      <ele>174</ele>
    </trkpt>
    <trkpt lat="47.012617" lon="3.0803575">
      <ele>174</ele>
    </trkpt>
    <trkpt lat="47.012782" lon="3.0816476">
      <ele>178</ele>
    </trkpt>
    <trkpt lat="47.012855" lon="3.0821546">
      <ele>180</ele>
    </trkpt>
    <trkpt lat="47.012866" lon="3.0822753">
      <ele>180</ele>
    </trkpt>
    <trkpt lat="47.012884" lon="3.0824282">
      <ele>180</ele>
    </trkpt>
    <trkpt lat="47.012908" lon="3.0826105">
      <ele>180</ele>
    </trkpt>
    <trkpt lat="47.013084" lon="3.0839651">
      <ele>179</ele>
    </trkpt>
    <trkpt lat="47.01316" lon="3.0845498">
      <ele>178</ele>
    </trkpt>
    <trkpt lat="47.013179" lon="3.0846705">
      <ele>178</ele>
    </trkpt>
    <trkpt lat="47.013243" lon="3.0851935">
      <ele>176</ele>
    </trkpt>
    <trkpt lat="47.013261" lon="3.0853759">
      <ele>176</ele>
    </trkpt>
    <trkpt lat="47.013292" lon="3.0856709">
      <ele>175</ele>
    </trkpt>
    <trkpt lat="47.013299" lon="3.0858533">
      <ele>175</ele>
    </trkpt>
    <trkpt lat="47.013294" lon="3.086025">
      <ele>175</ele>
    </trkpt>
    <trkpt lat="47.013281" lon="3.0862235">
      <ele>175</ele>
    </trkpt>
    <trkpt lat="47.013259" lon="3.0864246">
      <ele>175</ele>
    </trkpt>
    <trkpt lat="47.013215" lon="3.0866795">
      <ele>175</ele>
    </trkpt>
    <trkpt lat="47.01318" lon="3.0868457">
      <ele>175</ele>
    </trkpt>
    <trkpt lat="47.013149" lon="3.0869986">
      <ele>175</ele>
    </trkpt>
    <trkpt lat="47.013096" lon="3.0871676">
      <ele>175</ele>
    </trkpt>
    <trkpt lat="47.013045" lon="3.0873071">
      <ele>175</ele>
    </trkpt>
    <trkpt lat="47.012985" lon="3.0873634">
      <ele>175</ele>
    </trkpt>
    <trkpt lat="47.012956" lon="3.0873661">
      <ele>175</ele>
    </trkpt>
    <trkpt lat="47.012901" lon="3.0874922">
      <ele>175</ele>
    </trkpt>
    <trkpt lat="47.012822" lon="3.0876558">
      <ele>175</ele>
    </trkpt>
    <trkpt lat="47.012672" lon="3.0879186">
      <ele>175</ele>
    </trkpt>
    <trkpt lat="47.012509" lon="3.0881413">
      <ele>175</ele>
    </trkpt>
    <trkpt lat="47.011906" lon="3.0888279">
      <ele>175</ele>
    </trkpt>
    <trkpt lat="47.010856" lon="3.0900188">
      <ele>176</ele>
    </trkpt>
    <trkpt lat="47.009963" lon="3.0910354">
      <ele>177</ele>
    </trkpt>
    <trkpt lat="47.008826" lon="3.092304">
      <ele>178</ele>
    </trkpt>
    <trkpt lat="47.008444" lon="3.0927252">
      <ele>178</ele>
    </trkpt>
    <trkpt lat="47.008067" lon="3.0931838">
      <ele>178</ele>
    </trkpt>
    <trkpt lat="47.007301" lon="3.0940233">
      <ele>178</ele>
    </trkpt>
    <trkpt lat="47.007218" lon="3.0940958">
      <ele>178</ele>
    </trkpt>
    <trkpt lat="47.007132" lon="3.0941682">
      <ele>178</ele>
    </trkpt>
    <trkpt lat="47.006869" lon="3.0943425">
      <ele>178</ele>
    </trkpt>
    <trkpt lat="47.006499" lon="3.0945625">
      <ele>178</ele>
    </trkpt>
    <trkpt lat="47.005878" lon="3.0949299">
      <ele>178</ele>
    </trkpt>
    <trkpt lat="47.005835" lon="3.0949433">
      <ele>178</ele>
    </trkpt>
    <trkpt lat="47.00579" lon="3.0949433">
      <ele>178</ele>
    </trkpt>
    <trkpt lat="47.005691" lon="3.0949085">
      <ele>178</ele>
    </trkpt>
    <trkpt lat="47.005621" lon="3.0948656">
      <ele>178</ele>
    </trkpt>
    <trkpt lat="47.005563" lon="3.0948521">
      <ele>178</ele>
    </trkpt>
    <trkpt lat="47.005526" lon="3.0948521">
      <ele>178</ele>
    </trkpt>
    <trkpt lat="47.005497" lon="3.0948495">
      <ele>178</ele>
    </trkpt>
    <trkpt lat="47.005442" lon="3.0948441">
      <ele>178</ele>
    </trkpt>
    <trkpt lat="47.005406" lon="3.0948441">
      <ele>178</ele>
    </trkpt>
    <trkpt lat="47.00538" lon="3.0948387">
      <ele>178</ele>
    </trkpt>
    <trkpt lat="47.00534" lon="3.0948441">
      <ele>178</ele>
    </trkpt>
    <trkpt lat="47.005289" lon="3.0948709">
      <ele>178</ele>
    </trkpt>
    <trkpt lat="47.005257" lon="3.0949138">
      <ele>178</ele>
    </trkpt>
    <trkpt lat="47.005219" lon="3.0950023">
      <ele>178</ele>
    </trkpt>
    <trkpt lat="47.005206" lon="3.0950399">
      <ele>178</ele>
    </trkpt>
    <trkpt lat="47.005192" lon="3.0950774">
      <ele>178</ele>
    </trkpt>
    <trkpt lat="47.005173" lon="3.0951284">
      <ele>178</ele>
    </trkpt>
    <trkpt lat="47.005159" lon="3.0951633">
      <ele>178</ele>
    </trkpt>
    <trkpt lat="47.005146" lon="3.0951928">
      <ele>178</ele>
    </trkpt>
    <trkpt lat="47.005137" lon="3.0952223">
      <ele>178</ele>
    </trkpt>
    <trkpt lat="47.005133" lon="3.0952893">
      <ele>178</ele>
    </trkpt>
    <trkpt lat="47.005124" lon="3.0953725">
      <ele>178</ele>
    </trkpt>
    <trkpt lat="47.005107" lon="3.0954315">
      <ele>178</ele>
    </trkpt>
    <trkpt lat="47.005073" lon="3.0954825">
      <ele>177</ele>
    </trkpt>
    <trkpt lat="47.004533" lon="3.0959948">
      <ele>177</ele>
    </trkpt>
    <trkpt lat="47.003823" lon="3.0966841">
      <ele>178</ele>
    </trkpt>
    <trkpt lat="47.002859" lon="3.0976148">
      <ele>179</ele>
    </trkpt>
    <trkpt lat="47.00255" lon="3.0979447">
      <ele>179</ele>
    </trkpt>
    <trkpt lat="47.002377" lon="3.0981486">
      <ele>179</ele>
    </trkpt>
    <trkpt lat="47.002201" lon="3.0983578">
      <ele>180</ele>
    </trkpt>
    <trkpt lat="47.002013" lon="3.0986099">
      <ele>180</ele>
    </trkpt>
    <trkpt lat="47.001917" lon="3.0987467">
      <ele>180</ele>
    </trkpt>
    <trkpt lat="47.001835" lon="3.0988701">
      <ele>180</ele>
    </trkpt>
    <trkpt lat="47.001773" lon="3.0989586">
      <ele>180</ele>
    </trkpt>
    <trkpt lat="47.00168" lon="3.0991088">
      <ele>180</ele>
    </trkpt>
    <trkpt lat="47.001647" lon="3.0991651">
      <ele>180</ele>
    </trkpt>
    <trkpt lat="47.001612" lon="3.0992188">
      <ele>180</ele>
    </trkpt>
    <trkpt lat="47.001488" lon="3.0994226">
      <ele>181</ele>
    </trkpt>
    <trkpt lat="47.001371" lon="3.0996292">
      <ele>181</ele>
    </trkpt>
    <trkpt lat="47.001235" lon="3.099884">
      <ele>181</ele>
    </trkpt>
    <trkpt lat="47.001105" lon="3.1001549">
      <ele>181</ele>
    </trkpt>
    <trkpt lat="47.001069" lon="3.1002166">
      <ele>181</ele>
    </trkpt>
    <trkpt lat="47.001019" lon="3.1002595">
      <ele>181</ele>
    </trkpt>
    <trkpt lat="47.000986" lon="3.1002943">
      <ele>181</ele>
    </trkpt>
    <trkpt lat="47.000926" lon="3.1004204">
      <ele>182</ele>
    </trkpt>
    <trkpt lat="47.000897" lon="3.1005036">
      <ele>182</ele>
    </trkpt>
    <trkpt lat="47.000886" lon="3.1005518">
      <ele>182</ele>
    </trkpt>
    <trkpt lat="47.000886" lon="3.1006162">
      <ele>182</ele>
    </trkpt>
    <trkpt lat="47.000878" lon="3.1006672">
      <ele>182</ele>
    </trkpt>
    <trkpt lat="47.000864" lon="3.1007128">
      <ele>182</ele>
    </trkpt>
    <trkpt lat="47.000646" lon="3.101276">
      <ele>182</ele>
    </trkpt>
    <trkpt lat="47.000478" lon="3.1017669">
      <ele>183</ele>
    </trkpt>
    <trkpt lat="47.000332" lon="3.102255">
      <ele>183</ele>
    </trkpt>
    <trkpt lat="46.999936" lon="3.1036391">
      <ele>183</ele>
    </trkpt>
    <trkpt lat="46.999472" lon="3.1052591">
      <ele>181</ele>
    </trkpt>
    <trkpt lat="46.999263" lon="3.1059779">
      <ele>181</ele>
    </trkpt>
    <trkpt lat="46.999117" lon="3.1064017">
      <ele>180</ele>
    </trkpt>
    <trkpt lat="46.998949" lon="3.1068738">
      <ele>181</ele>
    </trkpt>
    <trkpt lat="46.998919" lon="3.1069301">
      <ele>181</ele>
    </trkpt>
    <trkpt lat="46.998866" lon="3.1069999">
      <ele>181</ele>
    </trkpt>
    <trkpt lat="46.998826" lon="3.1070374">
      <ele>181</ele>
    </trkpt>
    <trkpt lat="46.998775" lon="3.1070723">
      <ele>181</ele>
    </trkpt>
    <trkpt lat="46.998731" lon="3.107083">
      <ele>181</ele>
    </trkpt>
    <trkpt lat="46.998683" lon="3.1070777">
      <ele>181</ele>
    </trkpt>
    <trkpt lat="46.998658" lon="3.1070964">
      <ele>181</ele>
    </trkpt>
    <trkpt lat="46.998643" lon="3.1071393">
      <ele>181</ele>
    </trkpt>
    <trkpt lat="46.998625" lon="3.1071849">
      <ele>181</ele>
    </trkpt>
    <trkpt lat="46.998603" lon="3.1072359">
      <ele>181</ele>
    </trkpt>
    <trkpt lat="46.99859" lon="3.1072654">
      <ele>181</ele>
    </trkpt>
    <trkpt lat="46.998577" lon="3.1072949">
      <ele>181</ele>
    </trkpt>
    <trkpt lat="46.998568" lon="3.1073378">
      <ele>181</ele>
    </trkpt>
    <trkpt lat="46.998585" lon="3.1073754">
      <ele>181</ele>
    </trkpt>
    <trkpt lat="46.998621" lon="3.1074585">
      <ele>181</ele>
    </trkpt>
    <trkpt lat="46.998639" lon="3.1075631">
      <ele>181</ele>
    </trkpt>
    <trkpt lat="46.998632" lon="3.1076758">
      <ele>181</ele>
    </trkpt>
    <trkpt lat="46.99861" lon="3.1077697">
      <ele>181</ele>
    </trkpt>
    <trkpt lat="46.998407" lon="3.1082203">
      <ele>181</ele>
    </trkpt>
    <trkpt lat="46.998233" lon="3.1085877">
      <ele>181</ele>
    </trkpt>
    <trkpt lat="46.998118" lon="3.1087996">
      <ele>181</ele>
    </trkpt>
    <trkpt lat="46.997862" lon="3.109202">
      <ele>181</ele>
    </trkpt>
    <trkpt lat="46.997606" lon="3.1095721">
      <ele>181</ele>
    </trkpt>
    <trkpt lat="46.997192" lon="3.1100522">
      <ele>180</ele>
    </trkpt>
    <trkpt lat="46.996775" lon="3.1105243">
      <ele>181</ele>
    </trkpt>
    <trkpt lat="46.996397" lon="3.1109883">
      <ele>182</ele>
    </trkpt>
    <trkpt lat="46.99623" lon="3.1112217">
      <ele>182</ele>
    </trkpt>
    <trkpt lat="46.996069" lon="3.1114604">
      <ele>181</ele>
    </trkpt>
    <trkpt lat="46.995917" lon="3.1117232">
      <ele>182</ele>
    </trkpt>
    <trkpt lat="46.9958" lon="3.1119512">
      <ele>182</ele>
    </trkpt>
    <trkpt lat="46.995691" lon="3.1122034">
      <ele>182</ele>
    </trkpt>
    <trkpt lat="46.995641" lon="3.112316">
      <ele>182</ele>
    </trkpt>
    <trkpt lat="46.995621" lon="3.1123401">
      <ele>182</ele>
    </trkpt>
    <trkpt lat="46.995551" lon="3.1123831">
      <ele>182</ele>
    </trkpt>
    <trkpt lat="46.995526" lon="3.1124018">
      <ele>182</ele>
    </trkpt>
    <trkpt lat="46.995509" lon="3.112426">
      <ele>182</ele>
    </trkpt>
    <trkpt lat="46.995465" lon="3.1125896">
      <ele>182</ele>
    </trkpt>
    <trkpt lat="46.995455" lon="3.1126432">
      <ele>182</ele>
    </trkpt>
    <trkpt lat="46.995442" lon="3.1126996">
      <ele>182</ele>
    </trkpt>
    <trkpt lat="46.995425" lon="3.1127559">
      <ele>182</ele>
    </trkpt>
    <trkpt lat="46.995403" lon="3.1128149">
      <ele>182</ele>
    </trkpt>
    <trkpt lat="46.99539" lon="3.1128551">
      <ele>182</ele>
    </trkpt>
    <trkpt lat="46.995358" lon="3.112941">
      <ele>183</ele>
    </trkpt>
    <trkpt lat="46.995354" lon="3.1129651">
      <ele>183</ele>
    </trkpt>
    <trkpt lat="46.995369" lon="3.1131234">
      <ele>182</ele>
    </trkpt>
    <trkpt lat="46.995369" lon="3.1131582">
      <ele>182</ele>
    </trkpt>
    <trkpt lat="46.995273" lon="3.1136276">
      <ele>182</ele>
    </trkpt>
    <trkpt lat="46.995229" lon="3.1138905">
      <ele>182</ele>
    </trkpt>
    <trkpt lat="46.995197" lon="3.1141801">
      <ele>181</ele>
    </trkpt>
    <trkpt lat="46.995175" lon="3.1144618">
      <ele>181</ele>
    </trkpt>
    <trkpt lat="46.995164" lon="3.1148266">
      <ele>182</ele>
    </trkpt>
    <trkpt lat="46.995164" lon="3.1151833">
      <ele>182</ele>
    </trkpt>
    <trkpt lat="46.995176" lon="3.115532">
      <ele>182</ele>
    </trkpt>
    <trkpt lat="46.995204" lon="3.1158726">
      <ele>183</ele>
    </trkpt>
    <trkpt lat="46.995262" lon="3.1162964">
      <ele>183</ele>
    </trkpt>
    <trkpt lat="46.995341" lon="3.1166987">
      <ele>183</ele>
    </trkpt>
    <trkpt lat="46.995429" lon="3.1170501">
      <ele>183</ele>
    </trkpt>
    <trkpt lat="46.995526" lon="3.1174042">
      <ele>183</ele>
    </trkpt>
    <trkpt lat="46.995736" lon="3.1180828">
      <ele>184</ele>
    </trkpt>
    <trkpt lat="46.996115" lon="3.119271">
      <ele>185</ele>
    </trkpt>
    <trkpt lat="46.99613" lon="3.1193219">
      <ele>185</ele>
    </trkpt>
    <trkpt lat="46.996141" lon="3.1193568">
      <ele>185</ele>
    </trkpt>
    <trkpt lat="46.996212" lon="3.1195982">
      <ele>185</ele>
    </trkpt>
    <trkpt lat="46.996272" lon="3.119845">
      <ele>185</ele>
    </trkpt>
    <trkpt lat="46.996316" lon="3.1200756">
      <ele>185</ele>
    </trkpt>
    <trkpt lat="46.996345" lon="3.1202929">
      <ele>184</ele>
    </trkpt>
    <trkpt lat="46.996355" lon="3.1204324">
      <ele>184</ele>
    </trkpt>
    <trkpt lat="46.996358" lon="3.1205745">
      <ele>184</ele>
    </trkpt>
    <trkpt lat="46.99636" lon="3.1208267">
      <ele>185</ele>
    </trkpt>
    <trkpt lat="46.996347" lon="3.1210815">
      <ele>185</ele>
    </trkpt>
    <trkpt lat="46.996333" lon="3.1212236">
      <ele>185</ele>
    </trkpt>
    <trkpt lat="46.996274" lon="3.1218378">
      <ele>186</ele>
    </trkpt>
    <trkpt lat="46.99625" lon="3.1220336">
      <ele>187</ele>
    </trkpt>
    <trkpt lat="46.996219" lon="3.1222348">
      <ele>187</ele>
    </trkpt>
    <trkpt lat="46.996194" lon="3.1223421">
      <ele>187</ele>
    </trkpt>
    <trkpt lat="46.996155" lon="3.1224145">
      <ele>187</ele>
    </trkpt>
    <trkpt lat="46.996113" lon="3.1224601">
      <ele>187</ele>
    </trkpt>
    <trkpt lat="46.996038" lon="3.1225218">
      <ele>187</ele>
    </trkpt>
    <trkpt lat="46.995974" lon="3.1225728">
      <ele>188</ele>
    </trkpt>
    <trkpt lat="46.99595" lon="3.1225996">
      <ele>188</ele>
    </trkpt>
    <trkpt lat="46.995941" lon="3.1226452">
      <ele>188</ele>
    </trkpt>
    <trkpt lat="46.995937" lon="3.1226881">
      <ele>188</ele>
    </trkpt>
    <trkpt lat="46.995937" lon="3.1227096">
      <ele>188</ele>
    </trkpt>
    <trkpt lat="46.995936" lon="3.1227498">
      <ele>188</ele>
    </trkpt>
    <trkpt lat="46.99593" lon="3.12279">
      <ele>188</ele>
    </trkpt>
    <trkpt lat="46.995925" lon="3.1228383">
      <ele>188</ele>
    </trkpt>
    <trkpt lat="46.995941" lon="3.122892">
      <ele>188</ele>
    </trkpt>
    <trkpt lat="46.996091" lon="3.1231065">
      <ele>189</ele>
    </trkpt>
    <trkpt lat="46.99612" lon="3.1231736">
      <ele>189</ele>
    </trkpt>
    <trkpt lat="46.996133" lon="3.1232594">
      <ele>190</ele>
    </trkpt>
    <trkpt lat="46.996133" lon="3.1233399">
      <ele>190</ele>
    </trkpt>
    <trkpt lat="46.996113" lon="3.1237503">
      <ele>190</ele>
    </trkpt>
    <trkpt lat="46.996095" lon="3.1240802">
      <ele>191</ele>
    </trkpt>
    <trkpt lat="46.996069" lon="3.1241633">
      <ele>191</ele>
    </trkpt>
    <trkpt lat="46.996064" lon="3.1242974">
      <ele>191</ele>
    </trkpt>
    <trkpt lat="46.996155" lon="3.1243108">
      <ele>191</ele>
    </trkpt>
    <trkpt lat="46.996159" lon="3.124791">
      <ele>192</ele>
    </trkpt>
    <trkpt lat="46.99617" lon="3.1252496">
      <ele>192</ele>
    </trkpt>
    <trkpt lat="46.996203" lon="3.1257887">
      <ele>193</ele>
    </trkpt>
    <trkpt lat="46.996228" lon="3.1262903">
      <ele>193</ele>
    </trkpt>
    <trkpt lat="46.99625" lon="3.1266015">
      <ele>193</ele>
    </trkpt>
    <trkpt lat="46.99628" lon="3.1270896">
      <ele>194</ele>
    </trkpt>
    <trkpt lat="46.996307" lon="3.127677">
      <ele>196</ele>
    </trkpt>
    <trkpt lat="46.996312" lon="3.1278084">
      <ele>196</ele>
    </trkpt>
    <trkpt lat="46.996325" lon="3.1282376">
      <ele>197</ele>
    </trkpt>
    <trkpt lat="46.996325" lon="3.1282859">
      <ele>197</ele>
    </trkpt>
    <trkpt lat="46.996311" lon="3.128487">
      <ele>197</ele>
    </trkpt>
    <trkpt lat="46.996237" lon="3.1290074">
      <ele>197</ele>
    </trkpt>
    <trkpt lat="46.996192" lon="3.1292166">
      <ele>197</ele>
    </trkpt>
    <trkpt lat="46.996168" lon="3.1292086">
      <ele>197</ele>
    </trkpt>
    <trkpt lat="46.996093" lon="3.1291898">
      <ele>197</ele>
    </trkpt>
    <trkpt lat="46.996102" lon="3.1293829">
      <ele>197</ele>
    </trkpt>
    <trkpt lat="46.996075" lon="3.1295975">
      <ele>197</ele>
    </trkpt>
    <trkpt lat="46.996022" lon="3.1299569">
      <ele>197</ele>
    </trkpt>
    <trkpt lat="46.995963" lon="3.1301366">
      <ele>196</ele>
    </trkpt>
    <trkpt lat="46.995824" lon="3.1305711">
      <ele>196</ele>
    </trkpt>
    <trkpt lat="46.995769" lon="3.1307455">
      <ele>196</ele>
    </trkpt>
    <trkpt lat="46.995672" lon="3.1310486">
      <ele>196</ele>
    </trkpt>
    <trkpt lat="46.995636" lon="3.1311639">
      <ele>196</ele>
    </trkpt>
    <trkpt lat="46.995608" lon="3.1312524">
      <ele>196</ele>
    </trkpt>
    <trkpt lat="46.99555" lon="3.1314375">
      <ele>196</ele>
    </trkpt>
    <trkpt lat="46.995497" lon="3.1316011">
      <ele>195</ele>
    </trkpt>
    <trkpt lat="46.995425" lon="3.1318264">
      <ele>195</ele>
    </trkpt>
    <trkpt lat="46.994961" lon="3.1332962">
      <ele>196</ele>
    </trkpt>
    <trkpt lat="46.994928" lon="3.1334009">
      <ele>196</ele>
    </trkpt>
    <trkpt lat="46.994884" lon="3.1335376">
      <ele>196</ele>
    </trkpt>
    <trkpt lat="46.994803" lon="3.1337898">
      <ele>196</ele>
    </trkpt>
    <trkpt lat="46.994639" lon="3.1343101">
      <ele>196</ele>
    </trkpt>
    <trkpt lat="46.994582" lon="3.1344898">
      <ele>197</ele>
    </trkpt>
    <trkpt lat="46.994511" lon="3.134742">
      <ele>197</ele>
    </trkpt>
    <trkpt lat="46.994437" lon="3.1350129">
      <ele>196</ele>
    </trkpt>
    <trkpt lat="46.994382" lon="3.1350558">
      <ele>196</ele>
    </trkpt>
    <trkpt lat="46.994271" lon="3.1354742">
      <ele>196</ele>
    </trkpt>
    <trkpt lat="46.994201" lon="3.1357317">
      <ele>196</ele>
    </trkpt>
    <trkpt lat="46.994165" lon="3.1358658">
      <ele>196</ele>
    </trkpt>
    <trkpt lat="46.994146" lon="3.1359275">
      <ele>196</ele>
    </trkpt>
    <trkpt lat="46.994103" lon="3.136075">
      <ele>196</ele>
    </trkpt>
    <trkpt lat="46.994086" lon="3.1360831">
      <ele>196</ele>
    </trkpt>
    <trkpt lat="46.994071" lon="3.1361018">
      <ele>196</ele>
    </trkpt>
    <trkpt lat="46.994062" lon="3.1361233">
      <ele>196</ele>
    </trkpt>
    <trkpt lat="46.994057" lon="3.1361501">
      <ele>196</ele>
    </trkpt>
    <trkpt lat="46.994059" lon="3.1361769">
      <ele>196</ele>
    </trkpt>
    <trkpt lat="46.994066" lon="3.1362011">
      <ele>196</ele>
    </trkpt>
    <trkpt lat="46.994079" lon="3.1362225">
      <ele>196</ele>
    </trkpt>
    <trkpt lat="46.994035" lon="3.1363593">
      <ele>196</ele>
    </trkpt>
    <trkpt lat="46.994029" lon="3.1364747">
      <ele>196</ele>
    </trkpt>
    <trkpt lat="46.994024" lon="3.1364961">
      <ele>196</ele>
    </trkpt>
    <trkpt lat="46.993974" lon="3.1366758">
      <ele>196</ele>
    </trkpt>
    <trkpt lat="46.993912" lon="3.1368931">
      <ele>196</ele>
    </trkpt>
    <trkpt lat="46.993872" lon="3.1370647">
      <ele>196</ele>
    </trkpt>
    <trkpt lat="46.993854" lon="3.1371399">
      <ele>196</ele>
    </trkpt>
    <trkpt lat="46.993801" lon="3.1373383">
      <ele>196</ele>
    </trkpt>
    <trkpt lat="46.993718" lon="3.1376361">
      <ele>196</ele>
    </trkpt>
    <trkpt lat="46.993682" lon="3.137746">
      <ele>196</ele>
    </trkpt>
    <trkpt lat="46.993572" lon="3.1381376">
      <ele>196</ele>
    </trkpt>
    <trkpt lat="46.993528" lon="3.1382878">
      <ele>196</ele>
    </trkpt>
    <trkpt lat="46.993435" lon="3.1386043">
      <ele>195</ele>
    </trkpt>
    <trkpt lat="46.993407" lon="3.1386982">
      <ele>195</ele>
    </trkpt>
    <trkpt lat="46.993292" lon="3.139071">
      <ele>195</ele>
    </trkpt>
    <trkpt lat="46.993221" lon="3.1392668">
      <ele>195</ele>
    </trkpt>
    <trkpt lat="46.993133" lon="3.1395082">
      <ele>195</ele>
    </trkpt>
    <trkpt lat="46.993107" lon="3.139578">
      <ele>195</ele>
    </trkpt>
    <trkpt lat="46.993001" lon="3.1398918">
      <ele>196</ele>
    </trkpt>
    <trkpt lat="46.992966" lon="3.1399991">
      <ele>196</ele>
    </trkpt>
    <trkpt lat="46.992884" lon="3.1402485">
      <ele>197</ele>
    </trkpt>
    <trkpt lat="46.992804" lon="3.1404872">
      <ele>197</ele>
    </trkpt>
    <trkpt lat="46.992794" lon="3.1405114">
      <ele>197</ele>
    </trkpt>
    <trkpt lat="46.992659" lon="3.1408225">
      <ele>197</ele>
    </trkpt>
    <trkpt lat="46.992619" lon="3.1408923">
      <ele>198</ele>
    </trkpt>
    <trkpt lat="46.992483" lon="3.1409566">
      <ele>198</ele>
    </trkpt>
    <trkpt lat="46.992092" lon="3.141587">
      <ele>197</ele>
    </trkpt>
    <trkpt lat="46.992043" lon="3.1417828">
      <ele>196</ele>
    </trkpt>
    <trkpt lat="46.991986" lon="3.1419786">
      <ele>196</ele>
    </trkpt>
    <trkpt lat="46.991936" lon="3.1421341">
      <ele>196</ele>
    </trkpt>
    <trkpt lat="46.991887" lon="3.1422629">
      <ele>196</ele>
    </trkpt>
    <trkpt lat="46.991867" lon="3.1422709">
      <ele>196</ele>
    </trkpt>
    <trkpt lat="46.991845" lon="3.1422951">
      <ele>196</ele>
    </trkpt>
    <trkpt lat="46.991834" lon="3.1423111">
      <ele>196</ele>
    </trkpt>
    <trkpt lat="46.991827" lon="3.1423299">
      <ele>196</ele>
    </trkpt>
    <trkpt lat="46.991821" lon="3.1423567">
      <ele>196</ele>
    </trkpt>
    <trkpt lat="46.991819" lon="3.1423809">
      <ele>195</ele>
    </trkpt>
    <trkpt lat="46.991819" lon="3.1423997">
      <ele>195</ele>
    </trkpt>
    <trkpt lat="46.991823" lon="3.1424184">
      <ele>195</ele>
    </trkpt>
    <trkpt lat="46.991827" lon="3.1424345">
      <ele>195</ele>
    </trkpt>
    <trkpt lat="46.991836" lon="3.1424533">
      <ele>195</ele>
    </trkpt>
    <trkpt lat="46.991849" lon="3.1424748">
      <ele>195</ele>
    </trkpt>
    <trkpt lat="46.991865" lon="3.1424909">
      <ele>195</ele>
    </trkpt>
    <trkpt lat="46.991887" lon="3.1424989">
      <ele>195</ele>
    </trkpt>
    <trkpt lat="46.991944" lon="3.1426142">
      <ele>195</ele>
    </trkpt>
    <trkpt lat="46.991984" lon="3.1427886">
      <ele>195</ele>
    </trkpt>
    <trkpt lat="46.992008" lon="3.1428503">
      <ele>195</ele>
    </trkpt>
    <trkpt lat="46.992015" lon="3.1428959">
      <ele>195</ele>
    </trkpt>
    <trkpt lat="46.992022" lon="3.1429602">
      <ele>195</ele>
    </trkpt>
    <trkpt lat="46.992055" lon="3.1432821">
      <ele>195</ele>
    </trkpt>
    <trkpt lat="46.992074" lon="3.143443">
      <ele>194</ele>
    </trkpt>
    <trkpt lat="46.992129" lon="3.1439419">
      <ele>194</ele>
    </trkpt>
    <trkpt lat="46.992143" lon="3.1440787">
      <ele>194</ele>
    </trkpt>
    <trkpt lat="46.99218" lon="3.1444703">
      <ele>194</ele>
    </trkpt>
    <trkpt lat="46.992224" lon="3.1449209">
      <ele>193</ele>
    </trkpt>
    <trkpt lat="46.992235" lon="3.1450255">
      <ele>193</ele>
    </trkpt>
    <trkpt lat="46.992264" lon="3.1453072">
      <ele>193</ele>
    </trkpt>
    <trkpt lat="46.992268" lon="3.1453474">
      <ele>193</ele>
    </trkpt>
    <trkpt lat="46.99226" lon="3.1454386">
      <ele>193</ele>
    </trkpt>
    <trkpt lat="46.99226" lon="3.1455378">
      <ele>193</ele>
    </trkpt>
    <trkpt lat="46.992262" lon="3.1456559">
      <ele>193</ele>
    </trkpt>
    <trkpt lat="46.992268" lon="3.1457819">
      <ele>193</ele>
    </trkpt>
    <trkpt lat="46.992284" lon="3.1458973">
      <ele>193</ele>
    </trkpt>
    <trkpt lat="46.992344" lon="3.1461199">
      <ele>193</ele>
    </trkpt>
    <trkpt lat="46.992365" lon="3.1463398">
      <ele>192</ele>
    </trkpt>
    <trkpt lat="46.992372" lon="3.1464605">
      <ele>192</ele>
    </trkpt>
    <trkpt lat="46.992361" lon="3.1465169">
      <ele>192</ele>
    </trkpt>
    <trkpt lat="46.992365" lon="3.1465678">
      <ele>191</ele>
    </trkpt>
    <trkpt lat="46.99237" lon="3.1466">
      <ele>191</ele>
    </trkpt>
    <trkpt lat="46.992374" lon="3.1466617">
      <ele>191</ele>
    </trkpt>
    <trkpt lat="46.992423" lon="3.1473108">
      <ele>189</ele>
    </trkpt>
    <trkpt lat="46.992429" lon="3.1473725">
      <ele>189</ele>
    </trkpt>
    <trkpt lat="46.992515" lon="3.1482764">
      <ele>191</ele>
    </trkpt>
    <trkpt lat="46.992518" lon="3.1484051">
      <ele>191</ele>
    </trkpt>
    <trkpt lat="46.992471" lon="3.1486063">
      <ele>190</ele>
    </trkpt>
    <trkpt lat="46.992438" lon="3.1487082">
      <ele>190</ele>
    </trkpt>
    <trkpt lat="46.99239" lon="3.1487967">
      <ele>190</ele>
    </trkpt>
    <trkpt lat="46.99235" lon="3.1488557">
      <ele>190</ele>
    </trkpt>
    <trkpt lat="46.992306" lon="3.1489308">
      <ele>191</ele>
    </trkpt>
    <trkpt lat="46.992291" lon="3.1489416">
      <ele>191</ele>
    </trkpt>
    <trkpt lat="46.992277" lon="3.148955">
      <ele>191</ele>
    </trkpt>
    <trkpt lat="46.992194" lon="3.1489684">
      <ele>190</ele>
    </trkpt>
    <trkpt lat="46.992037" lon="3.1490408">
      <ele>190</ele>
    </trkpt>
    <trkpt lat="46.991861" lon="3.1491696">
      <ele>190</ele>
    </trkpt>
    <trkpt lat="46.991781" lon="3.1492125">
      <ele>190</ele>
    </trkpt>
    <trkpt lat="46.991287" lon="3.1494861">
      <ele>190</ele>
    </trkpt>
    <trkpt lat="46.991002" lon="3.1496416">
      <ele>189</ele>
    </trkpt>
    <trkpt lat="46.990811" lon="3.1497409">
      <ele>188</ele>
    </trkpt>
    <trkpt lat="46.990647" lon="3.1498347">
      <ele>188</ele>
    </trkpt>
    <trkpt lat="46.990493" lon="3.1499152">
      <ele>187</ele>
    </trkpt>
    <trkpt lat="46.990156" lon="3.1500896">
      <ele>187</ele>
    </trkpt>
    <trkpt lat="46.989516" lon="3.1504221">
      <ele>185</ele>
    </trkpt>
    <trkpt lat="46.989445" lon="3.1504543">
      <ele>185</ele>
    </trkpt>
    <trkpt lat="46.98941" lon="3.1504651">
      <ele>185</ele>
    </trkpt>
    <trkpt lat="46.98934" lon="3.1504141">
      <ele>185</ele>
    </trkpt>
    <trkpt lat="46.989337" lon="3.1503766">
      <ele>185</ele>
    </trkpt>
    <trkpt lat="46.989322" lon="3.1503417">
      <ele>185</ele>
    </trkpt>
    <trkpt lat="46.989305" lon="3.1503175">
      <ele>185</ele>
    </trkpt>
    <trkpt lat="46.989285" lon="3.1503041">
      <ele>185</ele>
    </trkpt>
    <trkpt lat="46.989265" lon="3.1502988">
      <ele>185</ele>
    </trkpt>
    <trkpt lat="46.989245" lon="3.1502988">
      <ele>185</ele>
    </trkpt>
    <trkpt lat="46.989227" lon="3.1503095">
      <ele>185</ele>
    </trkpt>
    <trkpt lat="46.989207" lon="3.1503283">
      <ele>185</ele>
    </trkpt>
    <trkpt lat="46.98919" lon="3.1503578">
      <ele>185</ele>
    </trkpt>
    <trkpt lat="46.989181" lon="3.150398">
      <ele>185</ele>
    </trkpt>
    <trkpt lat="46.989181" lon="3.1504356">
      <ele>185</ele>
    </trkpt>
    <trkpt lat="46.989108" lon="3.1504624">
      <ele>185</ele>
    </trkpt>
    <trkpt lat="46.988495" lon="3.1507065">
      <ele>186</ele>
    </trkpt>
    <trkpt lat="46.988228" lon="3.1508138">
      <ele>186</ele>
    </trkpt>
    <trkpt lat="46.988153" lon="3.1508433">
      <ele>186</ele>
    </trkpt>
    <trkpt lat="46.988085" lon="3.1508701">
      <ele>186</ele>
    </trkpt>
    <trkpt lat="46.987878" lon="3.1509532">
      <ele>186</ele>
    </trkpt>
    <trkpt lat="46.98786" lon="3.1509586">
      <ele>186</ele>
    </trkpt>
    <trkpt lat="46.987831" lon="3.1509693">
      <ele>186</ele>
    </trkpt>
    <trkpt lat="46.987505" lon="3.1510793">
      <ele>186</ele>
    </trkpt>
    <trkpt lat="46.98745" lon="3.1510981">
      <ele>186</ele>
    </trkpt>
    <trkpt lat="46.987381" lon="3.1511222">
      <ele>186</ele>
    </trkpt>
    <trkpt lat="46.98743" lon="3.1513368">
      <ele>185</ele>
    </trkpt>
    <trkpt lat="46.987518" lon="3.1517016">
      <ele>185</ele>
    </trkpt>
    <trkpt lat="46.987556" lon="3.1518464">
      <ele>185</ele>
    </trkpt>
    <trkpt lat="46.987547" lon="3.1519322">
      <ele>185</ele>
    </trkpt>
    <trkpt lat="46.987604" lon="3.1521307">
      <ele>185</ele>
    </trkpt>
    <trkpt lat="46.987683" lon="3.1524553">
      <ele>185</ele>
    </trkpt>
    <trkpt lat="46.98782" lon="3.1529649">
      <ele>186</ele>
    </trkpt>
    <trkpt lat="46.98784" lon="3.1530346">
      <ele>186</ele>
    </trkpt>
    <trkpt lat="46.987811" lon="3.1530507">
      <ele>186</ele>
    </trkpt>
    <trkpt lat="46.987792" lon="3.1530641">
      <ele>186</ele>
    </trkpt>
    <trkpt lat="46.987785" lon="3.1530641">
      <ele>186</ele>
    </trkpt>
    <trkpt lat="46.987772" lon="3.1530588">
      <ele>186</ele>
    </trkpt>
    <trkpt lat="46.987758" lon="3.153048">
      <ele>186</ele>
    </trkpt>
    <trkpt lat="46.987734" lon="3.1530051">
      <ele>186</ele>
    </trkpt>
    <trkpt lat="46.987721" lon="3.1529944">
      <ele>185</ele>
    </trkpt>
    <trkpt lat="46.987706" lon="3.1529971">
      <ele>185</ele>
    </trkpt>
    <trkpt lat="46.987447" lon="3.153166">
      <ele>184</ele>
    </trkpt>
    <trkpt lat="46.987437" lon="3.1531795">
      <ele>184</ele>
    </trkpt>
    <trkpt lat="46.987425" lon="3.1531956">
      <ele>184</ele>
    </trkpt>
    <trkpt lat="46.987421" lon="3.153209">
      <ele>184</ele>
    </trkpt>
    <trkpt lat="46.987417" lon="3.1532358">
      <ele>184</ele>
    </trkpt>
    <trkpt lat="46.987412" lon="3.1533136">
      <ele>184</ele>
    </trkpt>
    <trkpt lat="46.987401" lon="3.153335">
      <ele>184</ele>
    </trkpt>
    <trkpt lat="46.987368" lon="3.1533538">
      <ele>184</ele>
    </trkpt>
    <trkpt lat="46.987278" lon="3.1533967">
      <ele>184</ele>
    </trkpt>
    <trkpt lat="46.987258" lon="3.1534074">
      <ele>184</ele>
    </trkpt>
    <trkpt lat="46.987231" lon="3.153445">
      <ele>184</ele>
    </trkpt>
    <trkpt lat="46.987163" lon="3.1535174">
      <ele>184</ele>
    </trkpt>
    <trkpt lat="46.987104" lon="3.1535228">
      <ele>184</ele>
    </trkpt>
    <trkpt lat="46.986982" lon="3.1535711">
      <ele>183</ele>
    </trkpt>
    <trkpt lat="46.986954" lon="3.1535737">
      <ele>183</ele>
    </trkpt>
    <trkpt lat="46.986819" lon="3.153555">
      <ele>182</ele>
    </trkpt>
    <trkpt lat="46.98679" lon="3.1535523">
      <ele>182</ele>
    </trkpt>
    <trkpt lat="46.98677" lon="3.1535523">
      <ele>182</ele>
    </trkpt>
    <trkpt lat="46.986733" lon="3.153563">
      <ele>182</ele>
    </trkpt>
    <trkpt lat="46.98664" lon="3.1536837">
      <ele>181</ele>
    </trkpt>
    <trkpt lat="46.986585" lon="3.1537669">
      <ele>181</ele>
    </trkpt>
    <trkpt lat="46.986548" lon="3.1538232">
      <ele>181</ele>
    </trkpt>
    <trkpt lat="46.986448" lon="3.1538634">
      <ele>181</ele>
    </trkpt>
    <trkpt lat="46.986426" lon="3.1538688">
      <ele>181</ele>
    </trkpt>
    <trkpt lat="46.98627" lon="3.1538742">
      <ele>181</ele>
    </trkpt>
    <trkpt lat="46.986211" lon="3.1538768">
      <ele>180</ele>
    </trkpt>
    <trkpt lat="46.986052" lon="3.1539144">
      <ele>180</ele>
    </trkpt>
    <trkpt lat="46.986016" lon="3.1539251">
      <ele>180</ele>
    </trkpt>
    <trkpt lat="46.985959" lon="3.1539734">
      <ele>180</ele>
    </trkpt>
    <trkpt lat="46.985851" lon="3.1540753">
      <ele>180</ele>
    </trkpt>
    <trkpt lat="46.985792" lon="3.154129">
      <ele>180</ele>
    </trkpt>
    <trkpt lat="46.98571" lon="3.1541719">
      <ele>179</ele>
    </trkpt>
    <trkpt lat="46.985465" lon="3.1543891">
      <ele>178</ele>
    </trkpt>
    <trkpt lat="46.985423" lon="3.1544589">
      <ele>178</ele>
    </trkpt>
    <trkpt lat="46.985399" lon="3.154483">
      <ele>178</ele>
    </trkpt>
    <trkpt lat="46.985342" lon="3.1545635">
      <ele>178</ele>
    </trkpt>
    <trkpt lat="46.985317" lon="3.1545769">
      <ele>178</ele>
    </trkpt>
    <trkpt lat="46.985287" lon="3.1545715">
      <ele>178</ele>
    </trkpt>
    <trkpt lat="46.98526" lon="3.1545581">
      <ele>178</ele>
    </trkpt>
    <trkpt lat="46.985196" lon="3.154542">
      <ele>177</ele>
    </trkpt>
    <trkpt lat="46.985148" lon="3.1545554">
      <ele>177</ele>
    </trkpt>
    <trkpt lat="46.985119" lon="3.1545849">
      <ele>177</ele>
    </trkpt>
    <trkpt lat="46.985086" lon="3.1546091">
      <ele>177</ele>
    </trkpt>
    <trkpt lat="46.985008" lon="3.1546225">
      <ele>176</ele>
    </trkpt>
    <trkpt lat="46.984973" lon="3.1546708">
      <ele>176</ele>
    </trkpt>
    <trkpt lat="46.984911" lon="3.1548237">
      <ele>177</ele>
    </trkpt>
    <trkpt lat="46.98474" lon="3.1550436">
      <ele>176</ele>
    </trkpt>
    <trkpt lat="46.984649" lon="3.1551348">
      <ele>177</ele>
    </trkpt>
    <trkpt lat="46.98453" lon="3.155226">
      <ele>176</ele>
    </trkpt>
    <trkpt lat="46.984294" lon="3.1553655">
      <ele>175</ele>
    </trkpt>
    <trkpt lat="46.984281" lon="3.1553735">
      <ele>175</ele>
    </trkpt>
    <trkpt lat="46.984244" lon="3.1553923">
      <ele>175</ele>
    </trkpt>
    <trkpt lat="46.984219" lon="3.1554057">
      <ele>175</ele>
    </trkpt>
    <trkpt lat="46.984168" lon="3.1554352">
      <ele>174</ele>
    </trkpt>
    <trkpt lat="46.984259" lon="3.1557946">
      <ele>174</ele>
    </trkpt>
    <trkpt lat="46.98427" lon="3.1558348">
      <ele>174</ele>
    </trkpt>
    <trkpt lat="46.984336" lon="3.1560923">
      <ele>174</ele>
    </trkpt>
    <trkpt lat="46.9844" lon="3.1563391">
      <ele>174</ele>
    </trkpt>
    <trkpt lat="46.984459" lon="3.1565054">
      <ele>175</ele>
    </trkpt>
    <trkpt lat="46.984567" lon="3.1568192">
      <ele>175</ele>
    </trkpt>
    <trkpt lat="46.984625" lon="3.1569855">
      <ele>175</ele>
    </trkpt>
    <trkpt lat="46.984874" lon="3.1577178">
      <ele>177</ele>
    </trkpt>
    <trkpt lat="46.9849" lon="3.1577768">
      <ele>178</ele>
    </trkpt>
    <trkpt lat="46.984881" lon="3.1578009">
      <ele>177</ele>
    </trkpt>
    <trkpt lat="46.984868" lon="3.1578304">
      <ele>177</ele>
    </trkpt>
    <trkpt lat="46.984861" lon="3.1578626">
      <ele>177</ele>
    </trkpt>
    <trkpt lat="46.984859" lon="3.1578975">
      <ele>177</ele>
    </trkpt>
    <trkpt lat="46.984814" lon="3.1579055">
      <ele>175</ele>
    </trkpt>
    <trkpt lat="46.984792" lon="3.1579109">
      <ele>175</ele>
    </trkpt>
    <trkpt lat="46.984762" lon="3.157927">
      <ele>174</ele>
    </trkpt>
    <trkpt lat="46.982202" lon="3.1599681">
      <ele>172</ele>
    </trkpt>
    <trkpt lat="46.981968" lon="3.1601827">
      <ele>179</ele>
    </trkpt>
    <trkpt lat="46.981882" lon="3.1602551">
      <ele>180</ele>
    </trkpt>
    <trkpt lat="46.981926" lon="3.1603651">
      <ele>180</ele>
    </trkpt>
    <trkpt lat="46.98199" lon="3.1605529">
      <ele>179</ele>
    </trkpt>
    <trkpt lat="46.982049" lon="3.1607808">
      <ele>178</ele>
    </trkpt>
    <trkpt lat="46.982056" lon="3.1608989">
      <ele>178</ele>
    </trkpt>
    <trkpt lat="46.982049" lon="3.1610115">
      <ele>177</ele>
    </trkpt>
    <trkpt lat="46.982034" lon="3.1612154">
      <ele>177</ele>
    </trkpt>
    <trkpt lat="46.98199" lon="3.1615131">
      <ele>177</ele>
    </trkpt>
    <trkpt lat="46.981816" lon="3.1626396">
      <ele>175</ele>
    </trkpt>
    <trkpt lat="46.981794" lon="3.1627845">
      <ele>175</ele>
    </trkpt>
    <trkpt lat="46.981745" lon="3.1631251">
      <ele>175</ele>
    </trkpt>
    <trkpt lat="46.981633" lon="3.1639432">
      <ele>175</ele>
    </trkpt>
    <trkpt lat="46.981584" lon="3.1642731">
      <ele>175</ele>
    </trkpt>
    <trkpt lat="46.981544" lon="3.1645359">
      <ele>175</ele>
    </trkpt>
    <trkpt lat="46.981502" lon="3.1646647">
      <ele>175</ele>
    </trkpt>
    <trkpt lat="46.981553" lon="3.1647693">
      <ele>175</ele>
    </trkpt>
    <trkpt lat="46.981776" lon="3.1656222">
      <ele>176</ele>
    </trkpt>
    <trkpt lat="46.981794" lon="3.1656946">
      <ele>176</ele>
    </trkpt>
    <trkpt lat="46.981805" lon="3.1657376">
      <ele>176</ele>
    </trkpt>
    <trkpt lat="46.981844" lon="3.1658797">
      <ele>175</ele>
    </trkpt>
    <trkpt lat="46.981882" lon="3.1660219">
      <ele>176</ele>
    </trkpt>
    <trkpt lat="46.981893" lon="3.1660889">
      <ele>176</ele>
    </trkpt>
    <trkpt lat="46.981904" lon="3.1661694">
      <ele>176</ele>
    </trkpt>
    <trkpt lat="46.981906" lon="3.1662499">
      <ele>176</ele>
    </trkpt>
    <trkpt lat="46.981888" lon="3.166325">
      <ele>176</ele>
    </trkpt>
    <trkpt lat="46.981862" lon="3.166384">
      <ele>176</ele>
    </trkpt>
    <trkpt lat="46.981787" lon="3.1664215">
      <ele>177</ele>
    </trkpt>
    <trkpt lat="46.981126" lon="3.1666522">
      <ele>177</ele>
    </trkpt>
    <trkpt lat="46.980351" lon="3.1670143">
      <ele>176</ele>
    </trkpt>
    <trkpt lat="46.980327" lon="3.167025">
      <ele>176</ele>
    </trkpt>
    <trkpt lat="46.98025" lon="3.1670599">
      <ele>176</ele>
    </trkpt>
    <trkpt lat="46.979172" lon="3.1676312">
      <ele>176</ele>
    </trkpt>
    <trkpt lat="46.978793" lon="3.1678324">
      <ele>176</ele>
    </trkpt>
    <trkpt lat="46.978449" lon="3.1680148">
      <ele>177</ele>
    </trkpt>
    <trkpt lat="46.977637" lon="3.1684546">
      <ele>176</ele>
    </trkpt>
    <trkpt lat="46.976961" lon="3.168806">
      <ele>177</ele>
    </trkpt>
    <trkpt lat="46.976594" lon="3.1690018">
      <ele>176</ele>
    </trkpt>
    <trkpt lat="46.976222" lon="3.1691922">
      <ele>176</ele>
    </trkpt>
    <trkpt lat="46.976023" lon="3.1693076">
      <ele>177</ele>
    </trkpt>
    <trkpt lat="46.975807" lon="3.1694363">
      <ele>179</ele>
    </trkpt>
    <trkpt lat="46.97577" lon="3.1694444">
      <ele>179</ele>
    </trkpt>
    <trkpt lat="46.975721" lon="3.1694176">
      <ele>178</ele>
    </trkpt>
    <trkpt lat="46.975691" lon="3.1694176">
      <ele>178</ele>
    </trkpt>
    <trkpt lat="46.975624" lon="3.1694444">
      <ele>177</ele>
    </trkpt>
    <trkpt lat="46.975517" lon="3.1695087">
      <ele>177</ele>
    </trkpt>
    <trkpt lat="46.975428" lon="3.169557">
      <ele>177</ele>
    </trkpt>
    <trkpt lat="46.975122" lon="3.1697153">
      <ele>175</ele>
    </trkpt>
    <trkpt lat="46.974247" lon="3.1702276">
      <ele>176</ele>
    </trkpt>
    <trkpt lat="46.971099" lon="3.1719013">
      <ele>175</ele>
    </trkpt>
    <trkpt lat="46.964124" lon="3.1756296">
      <ele>177</ele>
    </trkpt>
    <trkpt lat="46.963703" lon="3.1758522">
      <ele>177</ele>
    </trkpt>
    <trkpt lat="46.963498" lon="3.1759702">
      <ele>177</ele>
    </trkpt>
    <trkpt lat="46.963289" lon="3.1760936">
      <ele>177</ele>
    </trkpt>
    <trkpt lat="46.963009" lon="3.1762491">
      <ele>176</ele>
    </trkpt>
    <trkpt lat="46.962389" lon="3.1766407">
      <ele>177</ele>
    </trkpt>
    <trkpt lat="46.961777" lon="3.177263">
      <ele>178</ele>
    </trkpt>
    <trkpt lat="46.961158" lon="3.1780543">
      <ele>178</ele>
    </trkpt>
    <trkpt lat="46.960845" lon="3.1786041">
      <ele>178</ele>
    </trkpt>
    <trkpt lat="46.960558" lon="3.1791647">
      <ele>178</ele>
    </trkpt>
    <trkpt lat="46.960082" lon="3.1805863">
      <ele>178</ele>
    </trkpt>
    <trkpt lat="46.959893" lon="3.1809242">
      <ele>178</ele>
    </trkpt>
    <trkpt lat="46.959714" lon="3.1813748">
      <ele>180</ele>
    </trkpt>
    <trkpt lat="46.959659" lon="3.1815331">
      <ele>180</ele>
    </trkpt>
    <trkpt lat="46.959529" lon="3.1817745">
      <ele>181</ele>
    </trkpt>
    <trkpt lat="46.959476" lon="3.181914">
      <ele>181</ele>
    </trkpt>
    <trkpt lat="46.959449" lon="3.1820293">
      <ele>181</ele>
    </trkpt>
    <trkpt lat="46.959436" lon="3.1821393">
      <ele>181</ele>
    </trkpt>
    <trkpt lat="46.959445" lon="3.1823485">
      <ele>181</ele>
    </trkpt>
    <trkpt lat="46.959485" lon="3.1825014">
      <ele>181</ele>
    </trkpt>
    <trkpt lat="46.959527" lon="3.182614">
      <ele>181</ele>
    </trkpt>
    <trkpt lat="46.95961" lon="3.1827159">
      <ele>181</ele>
    </trkpt>
    <trkpt lat="46.959791" lon="3.1828769">
      <ele>181</ele>
    </trkpt>
    <trkpt lat="46.960141" lon="3.183121">
      <ele>181</ele>
    </trkpt>
    <trkpt lat="46.960333" lon="3.1833007">
      <ele>181</ele>
    </trkpt>
    <trkpt lat="46.960439" lon="3.1833999">
      <ele>183</ele>
    </trkpt>
    <trkpt lat="46.960587" lon="3.1834965">
      <ele>182</ele>
    </trkpt>
    <trkpt lat="46.960796" lon="3.1836199">
      <ele>182</ele>
    </trkpt>
    <trkpt lat="46.961601" lon="3.184226">
      <ele>180</ele>
    </trkpt>
    <trkpt lat="46.961805" lon="3.1843736">
      <ele>180</ele>
    </trkpt>
    <trkpt lat="46.962006" lon="3.1845184">
      <ele>180</ele>
    </trkpt>
    <trkpt lat="46.962216" lon="3.1846793">
      <ele>180</ele>
    </trkpt>
    <trkpt lat="46.962412" lon="3.1848322">
      <ele>180</ele>
    </trkpt>
    <trkpt lat="46.962606" lon="3.1850092">
      <ele>180</ele>
    </trkpt>
    <trkpt lat="46.962795" lon="3.1851943">
      <ele>180</ele>
    </trkpt>
    <trkpt lat="46.962954" lon="3.1853955">
      <ele>179</ele>
    </trkpt>
    <trkpt lat="46.963128" lon="3.1856583">
      <ele>180</ele>
    </trkpt>
    <trkpt lat="46.963419" lon="3.1862216">
      <ele>180</ele>
    </trkpt>
    <trkpt lat="46.963525" lon="3.186522">
      <ele>180</ele>
    </trkpt>
    <trkpt lat="46.963776" lon="3.1874876">
      <ele>180</ele>
    </trkpt>
    <trkpt lat="46.963789" lon="3.187611">
      <ele>180</ele>
    </trkpt>
    <trkpt lat="46.963811" lon="3.1880348">
      <ele>179</ele>
    </trkpt>
    <trkpt lat="46.963813" lon="3.1884693">
      <ele>180</ele>
    </trkpt>
    <trkpt lat="46.963771" lon="3.1890647">
      <ele>178</ele>
    </trkpt>
    <trkpt lat="46.963659" lon="3.1896521">
      <ele>180</ele>
    </trkpt>
    <trkpt lat="46.963478" lon="3.1904032">
      <ele>179</ele>
    </trkpt>
    <trkpt lat="46.963298" lon="3.191122">
      <ele>180</ele>
    </trkpt>
    <trkpt lat="46.962991" lon="3.192396">
      <ele>179</ele>
    </trkpt>
    <trkpt lat="46.962879" lon="3.1928252">
      <ele>178</ele>
    </trkpt>
    <trkpt lat="46.962756" lon="3.193198">
      <ele>180</ele>
    </trkpt>
    <trkpt lat="46.962625" lon="3.1935655">
      <ele>179</ele>
    </trkpt>
    <trkpt lat="46.962469" lon="3.1939464">
      <ele>179</ele>
    </trkpt>
    <trkpt lat="46.962176" lon="3.1945633">
      <ele>179</ele>
    </trkpt>
    <trkpt lat="46.961861" lon="3.1951909">
      <ele>179</ele>
    </trkpt>
    <trkpt lat="46.96164" lon="3.1956147">
      <ele>180</ele>
    </trkpt>
    <trkpt lat="46.961389" lon="3.1960277">
      <ele>179</ele>
    </trkpt>
    <trkpt lat="46.961257" lon="3.1962182">
      <ele>179</ele>
    </trkpt>
    <trkpt lat="46.961113" lon="3.1964006">
      <ele>181</ele>
    </trkpt>
    <trkpt lat="46.960807" lon="3.1967412">
      <ele>179</ele>
    </trkpt>
    <trkpt lat="46.960571" lon="3.1969826">
      <ele>180</ele>
    </trkpt>
    <trkpt lat="46.960305" lon="3.197216">
      <ele>181</ele>
    </trkpt>
    <trkpt lat="46.959721" lon="3.1976129">
      <ele>179</ele>
    </trkpt>
    <trkpt lat="46.959368" lon="3.1978248">
      <ele>182</ele>
    </trkpt>
    <trkpt lat="46.959335" lon="3.1978436">
      <ele>182</ele>
    </trkpt>
    <trkpt lat="46.959244" lon="3.1978892">
      <ele>181</ele>
    </trkpt>
    <trkpt lat="46.958936" lon="3.1980475">
      <ele>181</ele>
    </trkpt>
    <trkpt lat="46.958713" lon="3.1981494">
      <ele>179</ele>
    </trkpt>
    <trkpt lat="46.958464" lon="3.1982942">
      <ele>179</ele>
    </trkpt>
    <trkpt lat="46.958002" lon="3.1985893">
      <ele>179</ele>
    </trkpt>
    <trkpt lat="46.957506" lon="3.1988333">
      <ele>179</ele>
    </trkpt>
    <trkpt lat="46.957118" lon="3.1989433">
      <ele>179</ele>
    </trkpt>
    <trkpt lat="46.955403" lon="3.1994368">
      <ele>180</ele>
    </trkpt>
    <trkpt lat="46.954588" lon="3.1996621">
      <ele>179</ele>
    </trkpt>
    <trkpt lat="46.953799" lon="3.1998821">
      <ele>179</ele>
    </trkpt>
    <trkpt lat="46.953314" lon="3.2000081">
      <ele>181</ele>
    </trkpt>
    <trkpt lat="46.952772" lon="3.2001637">
      <ele>179</ele>
    </trkpt>
    <trkpt lat="46.952316" lon="3.2002817">
      <ele>180</ele>
    </trkpt>
    <trkpt lat="46.952008" lon="3.2003676">
      <ele>179</ele>
    </trkpt>
    <trkpt lat="46.951692" lon="3.2005097">
      <ele>180</ele>
    </trkpt>
    <trkpt lat="46.951056" lon="3.2008262">
      <ele>180</ele>
    </trkpt>
    <trkpt lat="46.950725" lon="3.2009872">
      <ele>179</ele>
    </trkpt>
    <trkpt lat="46.950291" lon="3.2012205">
      <ele>179</ele>
    </trkpt>
    <trkpt lat="46.949529" lon="3.2016255">
      <ele>180</ele>
    </trkpt>
    <trkpt lat="46.949178" lon="3.2018213">
      <ele>179</ele>
    </trkpt>
    <trkpt lat="46.949004" lon="3.2018964">
      <ele>180</ele>
    </trkpt>
    <trkpt lat="46.948476" lon="3.2021807">
      <ele>180</ele>
    </trkpt>
    <trkpt lat="46.947989" lon="3.2025026">
      <ele>178</ele>
    </trkpt>
    <trkpt lat="46.947693" lon="3.2026474">
      <ele>179</ele>
    </trkpt>
    <trkpt lat="46.947416" lon="3.2026716">
      <ele>179</ele>
    </trkpt>
    <trkpt lat="46.947077" lon="3.2027386">
      <ele>181</ele>
    </trkpt>
    <trkpt lat="46.946896" lon="3.2027333">
      <ele>182</ele>
    </trkpt>
    <trkpt lat="46.946768" lon="3.2027252">
      <ele>182</ele>
    </trkpt>
    <trkpt lat="46.946614" lon="3.2027065">
      <ele>182</ele>
    </trkpt>
    <trkpt lat="46.94586" lon="3.2024704">
      <ele>180</ele>
    </trkpt>
    <trkpt lat="46.945215" lon="3.2021056">
      <ele>179</ele>
    </trkpt>
    <trkpt lat="46.944307" lon="3.2015263">
      <ele>179</ele>
    </trkpt>
    <trkpt lat="46.943527" lon="3.2011588">
      <ele>180</ele>
    </trkpt>
    <trkpt lat="46.942871" lon="3.2011347">
      <ele>180</ele>
    </trkpt>
    <trkpt lat="46.942342" lon="3.2011964">
      <ele>180</ele>
    </trkpt>
    <trkpt lat="46.940983" lon="3.2015933">
      <ele>178</ele>
    </trkpt>
    <trkpt lat="46.940119" lon="3.2018562">
      <ele>179</ele>
    </trkpt>
    <trkpt lat="46.939416" lon="3.2023041">
      <ele>179</ele>
    </trkpt>
    <trkpt lat="46.938553" lon="3.2031356">
      <ele>179</ele>
    </trkpt>
    <trkpt lat="46.937817" lon="3.2039859">
      <ele>179</ele>
    </trkpt>
    <trkpt lat="46.937365" lon="3.2045169">
      <ele>179</ele>
    </trkpt>
    <trkpt lat="46.937039" lon="3.2051285">
      <ele>179</ele>
    </trkpt>
    <trkpt lat="46.936901" lon="3.2054208">
      <ele>179</ele>
    </trkpt>
    <trkpt lat="46.936758" lon="3.2058715">
      <ele>179</ele>
    </trkpt>
    <trkpt lat="46.936377" lon="3.2077463">
      <ele>179</ele>
    </trkpt>
    <trkpt lat="46.936066" lon="3.2093396">
      <ele>179</ele>
    </trkpt>
    <trkpt lat="46.935817" lon="3.2105197">
      <ele>179</ele>
    </trkpt>
    <trkpt lat="46.935475" lon="3.2121022">
      <ele>179</ele>
    </trkpt>
    <trkpt lat="46.933971" lon="3.2181077">
      <ele>180</ele>
    </trkpt>
    <trkpt lat="46.933823" lon="3.2185529">
      <ele>182</ele>
    </trkpt>
    <trkpt lat="46.933709" lon="3.2188936">
      <ele>181</ele>
    </trkpt>
    <trkpt lat="46.933586" lon="3.2194059">
      <ele>180</ele>
    </trkpt>
    <trkpt lat="46.932971" lon="3.2210098">
      <ele>179</ele>
    </trkpt>
    <trkpt lat="46.932694" lon="3.2216831">
      <ele>179</ele>
    </trkpt>
    <trkpt lat="46.932311" lon="3.2226326">
      <ele>180</ele>
    </trkpt>
    <trkpt lat="46.932039" lon="3.2230725">
      <ele>180</ele>
    </trkpt>
    <trkpt lat="46.931626" lon="3.2236089">
      <ele>180</ele>
    </trkpt>
    <trkpt lat="46.931273" lon="3.223963">
      <ele>180</ele>
    </trkpt>
    <trkpt lat="46.931148" lon="3.2240676">
      <ele>179</ele>
    </trkpt>
    <trkpt lat="46.930832" lon="3.2242875">
      <ele>180</ele>
    </trkpt>
    <trkpt lat="46.930258" lon="3.2245799">
      <ele>179</ele>
    </trkpt>
    <trkpt lat="46.929557" lon="3.2249661">
      <ele>180</ele>
    </trkpt>
    <trkpt lat="46.92904" lon="3.2252585">
      <ele>180</ele>
    </trkpt>
    <trkpt lat="46.928648" lon="3.2255455">
      <ele>180</ele>
    </trkpt>
    <trkpt lat="46.928417" lon="3.2257788">
      <ele>180</ele>
    </trkpt>
    <trkpt lat="46.928163" lon="3.2260604">
      <ele>180</ele>
    </trkpt>
    <trkpt lat="46.927923" lon="3.2264145">
      <ele>179</ele>
    </trkpt>
    <trkpt lat="46.927593" lon="3.2269885">
      <ele>179</ele>
    </trkpt>
    <trkpt lat="46.927348" lon="3.2275678">
      <ele>179</ele>
    </trkpt>
    <trkpt lat="46.927194" lon="3.2280855">
      <ele>180</ele>
    </trkpt>
    <trkpt lat="46.926511" lon="3.2313256">
      <ele>179</ele>
    </trkpt>
    <trkpt lat="46.926053" lon="3.2336082">
      <ele>179</ele>
    </trkpt>
    <trkpt lat="46.925923" lon="3.2342814">
      <ele>180</ele>
    </trkpt>
    <trkpt lat="46.925776" lon="3.2347079">
      <ele>184</ele>
    </trkpt>
    <trkpt lat="46.925725" lon="3.2349171">
      <ele>182</ele>
    </trkpt>
    <trkpt lat="46.925706" lon="3.235137">
      <ele>181</ele>
    </trkpt>
    <trkpt lat="46.925543" lon="3.235585">
      <ele>181</ele>
    </trkpt>
    <trkpt lat="46.925494" lon="3.2357218">
      <ele>180</ele>
    </trkpt>
    <trkpt lat="46.925109" lon="3.236446">
      <ele>180</ele>
    </trkpt>
    <trkpt lat="46.924884" lon="3.2367839">
      <ele>181</ele>
    </trkpt>
    <trkpt lat="46.924635" lon="3.2370897">
      <ele>181</ele>
    </trkpt>
    <trkpt lat="46.924464" lon="3.2372721">
      <ele>181</ele>
    </trkpt>
    <trkpt lat="46.924052" lon="3.2376127">
      <ele>180</ele>
    </trkpt>
    <trkpt lat="46.92358" lon="3.2379078">
      <ele>180</ele>
    </trkpt>
    <trkpt lat="46.922464" lon="3.2387071">
      <ele>180</ele>
    </trkpt>
    <trkpt lat="46.921887" lon="3.2391174">
      <ele>179</ele>
    </trkpt>
    <trkpt lat="46.921222" lon="3.2395841">
      <ele>180</ele>
    </trkpt>
    <trkpt lat="46.920579" lon="3.2399784">
      <ele>180</ele>
    </trkpt>
    <trkpt lat="46.917682" lon="3.2413732">
      <ele>180</ele>
    </trkpt>
    <trkpt lat="46.917047" lon="3.241687">
      <ele>180</ele>
    </trkpt>
    <trkpt lat="46.916455" lon="3.2419928">
      <ele>180</ele>
    </trkpt>
    <trkpt lat="46.915931" lon="3.2422771">
      <ele>180</ele>
    </trkpt>
    <trkpt lat="46.915427" lon="3.2426284">
      <ele>180</ele>
    </trkpt>
    <trkpt lat="46.914797" lon="3.2431381">
      <ele>180</ele>
    </trkpt>
    <trkpt lat="46.914383" lon="3.2436048">
      <ele>181</ele>
    </trkpt>
    <trkpt lat="46.913967" lon="3.2440768">
      <ele>180</ele>
    </trkpt>
    <trkpt lat="46.912822" lon="3.2453589">
      <ele>180</ele>
    </trkpt>
    <trkpt lat="46.912254" lon="3.2460509">
      <ele>181</ele>
    </trkpt>
    <trkpt lat="46.911699" lon="3.2467081">
      <ele>181</ele>
    </trkpt>
    <trkpt lat="46.911158" lon="3.2473196">
      <ele>180</ele>
    </trkpt>
    <trkpt lat="46.910352" lon="3.2481914">
      <ele>180</ele>
    </trkpt>
    <trkpt lat="46.910097" lon="3.2483389">
      <ele>180</ele>
    </trkpt>
    <trkpt lat="46.910006" lon="3.2484327">
      <ele>181</ele>
    </trkpt>
    <trkpt lat="46.909945" lon="3.2486044">
      <ele>182</ele>
    </trkpt>
    <trkpt lat="46.909447" lon="3.2490067">
      <ele>180</ele>
    </trkpt>
    <trkpt lat="46.90873" lon="3.2493742">
      <ele>180</ele>
    </trkpt>
    <trkpt lat="46.908076" lon="3.2495244">
      <ele>181</ele>
    </trkpt>
    <trkpt lat="46.907416" lon="3.2495056">
      <ele>181</ele>
    </trkpt>
    <trkpt lat="46.906964" lon="3.249393">
      <ele>180</ele>
    </trkpt>
    <trkpt lat="46.906572" lon="3.2491891">
      <ele>181</ele>
    </trkpt>
    <trkpt lat="46.906251" lon="3.2489665">
      <ele>180</ele>
    </trkpt>
    <trkpt lat="46.905652" lon="3.2484247">
      <ele>180</ele>
    </trkpt>
    <trkpt lat="46.904023" lon="3.2470568">
      <ele>180</ele>
    </trkpt>
    <trkpt lat="46.903119" lon="3.2462763">
      <ele>180</ele>
    </trkpt>
    <trkpt lat="46.902419" lon="3.2459839">
      <ele>180</ele>
    </trkpt>
    <trkpt lat="46.901867" lon="3.2458417">
      <ele>181</ele>
    </trkpt>
    <trkpt lat="46.901329" lon="3.2457532">
      <ele>181</ele>
    </trkpt>
    <trkpt lat="46.900784" lon="3.2457425">
      <ele>180</ele>
    </trkpt>
    <trkpt lat="46.899588" lon="3.2457666">
      <ele>180</ele>
    </trkpt>
    <trkpt lat="46.898015" lon="3.2457693">
      <ele>181</ele>
    </trkpt>
    <trkpt lat="46.897075" lon="3.245764">
      <ele>182</ele>
    </trkpt>
    <trkpt lat="46.896925" lon="3.24578">
      <ele>182</ele>
    </trkpt>
    <trkpt lat="46.896903" lon="3.2458578">
      <ele>183</ele>
    </trkpt>
    <trkpt lat="46.896723" lon="3.24589">
      <ele>183</ele>
    </trkpt>
    <trkpt lat="46.896342" lon="3.2458847">
      <ele>182</ele>
    </trkpt>
    <trkpt lat="46.896168" lon="3.2457452">
      <ele>183</ele>
    </trkpt>
    <trkpt lat="46.895458" lon="3.2457479">
      <ele>183</ele>
    </trkpt>
    <trkpt lat="46.894199" lon="3.2457693">
      <ele>183</ele>
    </trkpt>
    <trkpt lat="46.891408" lon="3.2458578">
      <ele>182</ele>
    </trkpt>
    <trkpt lat="46.890654" lon="3.2458793">
      <ele>183</ele>
    </trkpt>
    <trkpt lat="46.890088" lon="3.2459061">
      <ele>183</ele>
    </trkpt>
    <trkpt lat="46.889987" lon="3.2459383">
      <ele>183</ele>
    </trkpt>
    <trkpt lat="46.889672" lon="3.2461153">
      <ele>183</ele>
    </trkpt>
    <trkpt lat="46.889395" lon="3.246287">
      <ele>182</ele>
    </trkpt>
    <trkpt lat="46.888997" lon="3.2467778">
      <ele>182</ele>
    </trkpt>
    <trkpt lat="46.888808" lon="3.2472526">
      <ele>182</ele>
    </trkpt>
    <trkpt lat="46.888684" lon="3.2476737">
      <ele>182</ele>
    </trkpt>
    <trkpt lat="46.888614" lon="3.2477595">
      <ele>183</ele>
    </trkpt>
    <trkpt lat="46.8886" lon="3.2477997">
      <ele>183</ele>
    </trkpt>
    <trkpt lat="46.888554" lon="3.2479929">
      <ele>183</ele>
    </trkpt>
    <trkpt lat="46.888403" lon="3.2488592">
      <ele>182</ele>
    </trkpt>
    <trkpt lat="46.888348" lon="3.2491113">
      <ele>183</ele>
    </trkpt>
    <trkpt lat="46.888194" lon="3.249688">
      <ele>182</ele>
    </trkpt>
    <trkpt lat="46.887848" lon="3.2506965">
      <ele>183</ele>
    </trkpt>
    <trkpt lat="46.887754" lon="3.2509487">
      <ele>183</ele>
    </trkpt>
    <trkpt lat="46.887472" lon="3.2513885">
      <ele>184</ele>
    </trkpt>
    <trkpt lat="46.887404" lon="3.2515146">
      <ele>183</ele>
    </trkpt>
    <trkpt lat="46.887311" lon="3.2517265">
      <ele>182</ele>
    </trkpt>
    <trkpt lat="46.887162" lon="3.2519357">
      <ele>182</ele>
    </trkpt>
    <trkpt lat="46.886884" lon="3.2522495">
      <ele>182</ele>
    </trkpt>
    <trkpt lat="46.885401" lon="3.2534833">
      <ele>183</ele>
    </trkpt>
    <trkpt lat="46.884977" lon="3.2538535">
      <ele>183</ele>
    </trkpt>
    <trkpt lat="46.884376" lon="3.2543122">
      <ele>182</ele>
    </trkpt>
    <trkpt lat="46.883641" lon="3.2551705">
      <ele>182</ele>
    </trkpt>
    <trkpt lat="46.882486" lon="3.2566296">
      <ele>182</ele>
    </trkpt>
    <trkpt lat="46.881478" lon="3.2579734">
      <ele>183</ele>
    </trkpt>
    <trkpt lat="46.880601" lon="3.2591214">
      <ele>182</ele>
    </trkpt>
    <trkpt lat="46.87923" lon="3.2611759">
      <ele>182</ele>
    </trkpt>
    <trkpt lat="46.877026" lon="3.2646574">
      <ele>183</ele>
    </trkpt>
    <trkpt lat="46.876146" lon="3.2660549">
      <ele>183</ele>
    </trkpt>
    <trkpt lat="46.873405" lon="3.270392">
      <ele>182</ele>
    </trkpt>
    <trkpt lat="46.873058" lon="3.2707192">
      <ele>183</ele>
    </trkpt>
    <trkpt lat="46.872972" lon="3.2708667">
      <ele>183</ele>
    </trkpt>
    <trkpt lat="46.872816" lon="3.2713013">
      <ele>183</ele>
    </trkpt>
    <trkpt lat="46.872451" lon="3.271835">
      <ele>183</ele>
    </trkpt>
    <trkpt lat="46.871414" lon="3.273447">
      <ele>182</ele>
    </trkpt>
    <trkpt lat="46.870708" lon="3.2742356">
      <ele>182</ele>
    </trkpt>
    <trkpt lat="46.870222" lon="3.2745253">
      <ele>183</ele>
    </trkpt>
    <trkpt lat="46.870091" lon="3.2746165">
      <ele>184</ele>
    </trkpt>
    <trkpt lat="46.869622" lon="3.2749357">
      <ele>185</ele>
    </trkpt>
    <trkpt lat="46.869241" lon="3.2751905">
      <ele>184</ele>
    </trkpt>
    <trkpt lat="46.86894" lon="3.2754641">
      <ele>185</ele>
    </trkpt>
    <trkpt lat="46.868665" lon="3.275794">
      <ele>185</ele>
    </trkpt>
    <trkpt lat="46.868117" lon="3.2767086">
      <ele>184</ele>
    </trkpt>
    <trkpt lat="46.867565" lon="3.277921">
      <ele>185</ele>
    </trkpt>
    <trkpt lat="46.867055" lon="3.2791467">
      <ele>184</ele>
    </trkpt>
    <trkpt lat="46.866598" lon="3.2801821">
      <ele>185</ele>
    </trkpt>
    <trkpt lat="46.866506" lon="3.2803135">
      <ele>185</ele>
    </trkpt>
    <trkpt lat="46.866431" lon="3.2805039">
      <ele>186</ele>
    </trkpt>
    <trkpt lat="46.866352" lon="3.2806809">
      <ele>185</ele>
    </trkpt>
    <trkpt lat="46.865997" lon="3.2813435">
      <ele>184</ele>
    </trkpt>
    <trkpt lat="46.865628" lon="3.2823734">
      <ele>184</ele>
    </trkpt>
    <trkpt lat="46.865441" lon="3.2830064">
      <ele>184</ele>
    </trkpt>
    <trkpt lat="46.865274" lon="3.2836448">
      <ele>185</ele>
    </trkpt>
    <trkpt lat="46.86497" lon="3.2845916">
      <ele>185</ele>
    </trkpt>
    <trkpt lat="46.864673" lon="3.2851093">
      <ele>184</ele>
    </trkpt>
    <trkpt lat="46.864335" lon="3.2856269">
      <ele>184</ele>
    </trkpt>
    <trkpt lat="46.863917" lon="3.2861312">
      <ele>185</ele>
    </trkpt>
    <trkpt lat="46.863337" lon="3.2868903">
      <ele>184</ele>
    </trkpt>
    <trkpt lat="46.862785" lon="3.287585">
      <ele>184</ele>
    </trkpt>
    <trkpt lat="46.862254" lon="3.2880087">
      <ele>185</ele>
    </trkpt>
    <trkpt lat="46.860968" lon="3.2891862">
      <ele>184</ele>
    </trkpt>
    <trkpt lat="46.86006" lon="3.2899238">
      <ele>185</ele>
    </trkpt>
    <trkpt lat="46.859473" lon="3.290463">
      <ele>184</ele>
    </trkpt>
    <trkpt lat="46.858923" lon="3.2908063">
      <ele>185</ele>
    </trkpt>
    <trkpt lat="46.858408" lon="3.2910209">
      <ele>184</ele>
    </trkpt>
    <trkpt lat="46.85779" lon="3.2912274">
      <ele>185</ele>
    </trkpt>
    <trkpt lat="46.85761" lon="3.2912623">
      <ele>186</ele>
    </trkpt>
    <trkpt lat="46.857513" lon="3.2913025">
      <ele>187</ele>
    </trkpt>
    <trkpt lat="46.857419" lon="3.2914151">
      <ele>187</ele>
    </trkpt>
    <trkpt lat="46.857028" lon="3.2917048">
      <ele>185</ele>
    </trkpt>
    <trkpt lat="46.85663" lon="3.2920803">
      <ele>185</ele>
    </trkpt>
    <trkpt lat="46.854255" lon="3.2952534">
      <ele>185</ele>
    </trkpt>
    <trkpt lat="46.853393" lon="3.2964523">
      <ele>185</ele>
    </trkpt>
    <trkpt lat="46.852571" lon="3.2976003">
      <ele>185</ele>
    </trkpt>
    <trkpt lat="46.852296" lon="3.2980241">
      <ele>185</ele>
    </trkpt>
    <trkpt lat="46.852026" lon="3.2985847">
      <ele>185</ele>
    </trkpt>
    <trkpt lat="46.851095" lon="3.3010926">
      <ele>185</ele>
    </trkpt>
    <trkpt lat="46.850139" lon="3.3036702">
      <ele>185</ele>
    </trkpt>
    <trkpt lat="46.849148" lon="3.3064623">
      <ele>186</ele>
    </trkpt>
    <trkpt lat="46.84831" lon="3.3088281">
      <ele>186</ele>
    </trkpt>
    <trkpt lat="46.847985" lon="3.3097668">
      <ele>186</ele>
    </trkpt>
    <trkpt lat="46.847585" lon="3.3106868">
      <ele>185</ele>
    </trkpt>
    <trkpt lat="46.847488" lon="3.3109121">
      <ele>186</ele>
    </trkpt>
    <trkpt lat="46.847369" lon="3.3111079">
      <ele>185</ele>
    </trkpt>
    <trkpt lat="46.84722" lon="3.3112957">
      <ele>187</ele>
    </trkpt>
    <trkpt lat="46.84718" lon="3.3113761">
      <ele>187</ele>
    </trkpt>
    <trkpt lat="46.847063" lon="3.3118777">
      <ele>186</ele>
    </trkpt>
    <trkpt lat="46.844982" lon="3.3156382">
      <ele>186</ele>
    </trkpt>
    <trkpt lat="46.844749" lon="3.3160861">
      <ele>187</ele>
    </trkpt>
    <trkpt lat="46.844507" lon="3.3164992">
      <ele>185</ele>
    </trkpt>
    <trkpt lat="46.844048" lon="3.3173333">
      <ele>186</ele>
    </trkpt>
    <trkpt lat="46.843661" lon="3.3179449">
      <ele>186</ele>
    </trkpt>
    <trkpt lat="46.843234" lon="3.3185403">
      <ele>185</ele>
    </trkpt>
    <trkpt lat="46.842924" lon="3.318948">
      <ele>185</ele>
    </trkpt>
    <trkpt lat="46.842551" lon="3.3193235">
      <ele>185</ele>
    </trkpt>
    <trkpt lat="46.841645" lon="3.3199968">
      <ele>186</ele>
    </trkpt>
    <trkpt lat="46.84099" lon="3.3204608">
      <ele>185</ele>
    </trkpt>
    <trkpt lat="46.839946" lon="3.3212789">
      <ele>185</ele>
    </trkpt>
    <trkpt lat="46.839221" lon="3.3216731">
      <ele>187</ele>
    </trkpt>
    <trkpt lat="46.838388" lon="3.322223">
      <ele>187</ele>
    </trkpt>
    <trkpt lat="46.837998" lon="3.322392">
      <ele>186</ele>
    </trkpt>
    <trkpt lat="46.837363" lon="3.3225046">
      <ele>188</ele>
    </trkpt>
    <trkpt lat="46.837021" lon="3.3225127">
      <ele>188</ele>
    </trkpt>
    <trkpt lat="46.836577" lon="3.3225636">
      <ele>189</ele>
    </trkpt>
    <trkpt lat="46.836552" lon="3.3225449">
      <ele>189</ele>
    </trkpt>
    <trkpt lat="46.83652" lon="3.3225127">
      <ele>189</ele>
    </trkpt>
    <trkpt lat="46.836429" lon="3.3225154">
      <ele>190</ele>
    </trkpt>
    <trkpt lat="46.836093" lon="3.3225529">
      <ele>187</ele>
    </trkpt>
    <trkpt lat="46.836065" lon="3.3225502">
      <ele>187</ele>
    </trkpt>
    <trkpt lat="46.836018" lon="3.3225475">
      <ele>187</ele>
    </trkpt>
    <trkpt lat="46.83568" lon="3.3226173">
      <ele>186</ele>
    </trkpt>
    <trkpt lat="46.835368" lon="3.322746">
      <ele>186</ele>
    </trkpt>
    <trkpt lat="46.834965" lon="3.3229874">
      <ele>187</ele>
    </trkpt>
    <trkpt lat="46.834623" lon="3.3232771">
      <ele>187</ele>
    </trkpt>
    <trkpt lat="46.83412" lon="3.3238538">
      <ele>188</ele>
    </trkpt>
    <trkpt lat="46.833961" lon="3.324063">
      <ele>187</ele>
    </trkpt>
    <trkpt lat="46.833801" lon="3.3242937">
      <ele>187</ele>
    </trkpt>
    <trkpt lat="46.833528" lon="3.3247899">
      <ele>188</ele>
    </trkpt>
    <trkpt lat="46.833258" lon="3.3254363">
      <ele>187</ele>
    </trkpt>
    <trkpt lat="46.833051" lon="3.3261417">
      <ele>188</ele>
    </trkpt>
    <trkpt lat="46.832651" lon="3.3274479">
      <ele>186</ele>
    </trkpt>
    <trkpt lat="46.832142" lon="3.3285289">
      <ele>187</ele>
    </trkpt>
    <trkpt lat="46.831447" lon="3.3299987">
      <ele>188</ele>
    </trkpt>
    <trkpt lat="46.831142" lon="3.3306237">
      <ele>187</ele>
    </trkpt>
    <trkpt lat="46.830873" lon="3.3312674">
      <ele>187</ele>
    </trkpt>
    <trkpt lat="46.830735" lon="3.33171">
      <ele>187</ele>
    </trkpt>
    <trkpt lat="46.830671" lon="3.3319433">
      <ele>187</ele>
    </trkpt>
    <trkpt lat="46.830614" lon="3.3322008">
      <ele>187</ele>
    </trkpt>
    <trkpt lat="46.830502" lon="3.3329813">
      <ele>187</ele>
    </trkpt>
    <trkpt lat="46.830427" lon="3.3337699">
      <ele>186</ele>
    </trkpt>
    <trkpt lat="46.830372" lon="3.3342313">
      <ele>187</ele>
    </trkpt>
    <trkpt lat="46.830283" lon="3.3346926">
      <ele>187</ele>
    </trkpt>
    <trkpt lat="46.830127" lon="3.3352317">
      <ele>187</ele>
    </trkpt>
    <trkpt lat="46.829872" lon="3.3359801">
      <ele>187</ele>
    </trkpt>
    <trkpt lat="46.829775" lon="3.3362107">
      <ele>187</ele>
    </trkpt>
    <trkpt lat="46.829645" lon="3.3364414">
      <ele>187</ele>
    </trkpt>
    <trkpt lat="46.829449" lon="3.3367311">
      <ele>187</ele>
    </trkpt>
    <trkpt lat="46.829157" lon="3.3370261">
      <ele>187</ele>
    </trkpt>
    <trkpt lat="46.828949" lon="3.3372246">
      <ele>188</ele>
    </trkpt>
    <trkpt lat="46.828612" lon="3.3374767">
      <ele>190</ele>
    </trkpt>
    <trkpt lat="46.828474" lon="3.3374982">
      <ele>189</ele>
    </trkpt>
    <trkpt lat="46.828353" lon="3.3375894">
      <ele>188</ele>
    </trkpt>
    <trkpt lat="46.828004" lon="3.3378603">
      <ele>188</ele>
    </trkpt>
    <trkpt lat="46.827786" lon="3.3379515">
      <ele>188</ele>
    </trkpt>
    <trkpt lat="46.82716" lon="3.3384611">
      <ele>186</ele>
    </trkpt>
    <trkpt lat="46.826545" lon="3.3390324">
      <ele>186</ele>
    </trkpt>
    <trkpt lat="46.82498" lon="3.3405666">
      <ele>188</ele>
    </trkpt>
    <trkpt lat="46.823466" lon="3.3420418">
      <ele>187</ele>
    </trkpt>
    <trkpt lat="46.822803" lon="3.342699">
      <ele>186</ele>
    </trkpt>
    <trkpt lat="46.822245" lon="3.3432167">
      <ele>186</ele>
    </trkpt>
    <trkpt lat="46.822159" lon="3.3432971">
      <ele>186</ele>
    </trkpt>
    <trkpt lat="46.821421" lon="3.3440508">
      <ele>186</ele>
    </trkpt>
    <trkpt lat="46.821082" lon="3.3444692">
      <ele>187</ele>
    </trkpt>
    <trkpt lat="46.820773" lon="3.3449252">
      <ele>186</ele>
    </trkpt>
    <trkpt lat="46.820349" lon="3.3457299">
      <ele>187</ele>
    </trkpt>
    <trkpt lat="46.820135" lon="3.3461832">
      <ele>186</ele>
    </trkpt>
    <trkpt lat="46.819935" lon="3.3466767">
      <ele>187</ele>
    </trkpt>
    <trkpt lat="46.81952" lon="3.3475779">
      <ele>187</ele>
    </trkpt>
    <trkpt lat="46.819395" lon="3.3480151">
      <ele>187</ele>
    </trkpt>
    <trkpt lat="46.819356" lon="3.3483531">
      <ele>187</ele>
    </trkpt>
    <trkpt lat="46.819353" lon="3.3487098">
      <ele>187</ele>
    </trkpt>
    <trkpt lat="46.819377" lon="3.349088">
      <ele>187</ele>
    </trkpt>
    <trkpt lat="46.819503" lon="3.349611">
      <ele>187</ele>
    </trkpt>
    <trkpt lat="46.819573" lon="3.3498095">
      <ele>187</ele>
    </trkpt>
    <trkpt lat="46.819786" lon="3.3503567">
      <ele>187</ele>
    </trkpt>
    <trkpt lat="46.820001" lon="3.350869">
      <ele>187</ele>
    </trkpt>
    <trkpt lat="46.820463" lon="3.3520143">
      <ele>187</ele>
    </trkpt>
    <trkpt lat="46.820526" lon="3.3522262">
      <ele>188</ele>
    </trkpt>
    <trkpt lat="46.820573" lon="3.3524408">
      <ele>188</ele>
    </trkpt>
    <trkpt lat="46.820638" lon="3.3528485">
      <ele>187</ele>
    </trkpt>
    <trkpt lat="46.820665" lon="3.3532937">
      <ele>187</ele>
    </trkpt>
    <trkpt lat="46.820658" lon="3.3537095">
      <ele>187</ele>
    </trkpt>
    <trkpt lat="46.820639" lon="3.3538811">
      <ele>187</ele>
    </trkpt>
    <trkpt lat="46.820612" lon="3.354042">
      <ele>187</ele>
    </trkpt>
    <trkpt lat="46.820535" lon="3.3543505">
      <ele>188</ele>
    </trkpt>
    <trkpt lat="46.820281" lon="3.3550291">
      <ele>188</ele>
    </trkpt>
    <trkpt lat="46.81965" lon="3.3561878">
      <ele>188</ele>
    </trkpt>
    <trkpt lat="46.819489" lon="3.3565097">
      <ele>187</ele>
    </trkpt>
    <trkpt lat="46.819248" lon="3.3570622">
      <ele>188</ele>
    </trkpt>
    <trkpt lat="46.819189" lon="3.357132">
      <ele>188</ele>
    </trkpt>
    <trkpt lat="46.818802" lon="3.357765">
      <ele>187</ele>
    </trkpt>
    <trkpt lat="46.818595" lon="3.3581163">
      <ele>188</ele>
    </trkpt>
    <trkpt lat="46.818369" lon="3.3585428">
      <ele>188</ele>
    </trkpt>
    <trkpt lat="46.818321" lon="3.3586313">
      <ele>188</ele>
    </trkpt>
    <trkpt lat="46.818187" lon="3.3588888">
      <ele>187</ele>
    </trkpt>
    <trkpt lat="46.815711" lon="3.3634432">
      <ele>187</ele>
    </trkpt>
    <trkpt lat="46.815195" lon="3.364382">
      <ele>187</ele>
    </trkpt>
    <trkpt lat="46.814944" lon="3.3648567">
      <ele>188</ele>
    </trkpt>
    <trkpt lat="46.814738" lon="3.3651544">
      <ele>189</ele>
    </trkpt>
    <trkpt lat="46.814599" lon="3.3653958">
      <ele>189</ele>
    </trkpt>
    <trkpt lat="46.814454" lon="3.3655782">
      <ele>189</ele>
    </trkpt>
    <trkpt lat="46.814305" lon="3.3658438">
      <ele>187</ele>
    </trkpt>
    <trkpt lat="46.814241" lon="3.3661469">
      <ele>189</ele>
    </trkpt>
    <trkpt lat="46.81284" lon="3.3687459">
      <ele>190</ele>
    </trkpt>
    <trkpt lat="46.812723" lon="3.3689954">
      <ele>190</ele>
    </trkpt>
    <trkpt lat="46.812583" lon="3.3693199">
      <ele>191</ele>
    </trkpt>
    <trkpt lat="46.812513" lon="3.3694621">
      <ele>193</ele>
    </trkpt>
    <trkpt lat="46.812466" lon="3.3695211">
      <ele>193</ele>
    </trkpt>
    <trkpt lat="46.812468" lon="3.3695747">
      <ele>192</ele>
    </trkpt>
    <trkpt lat="46.812451" lon="3.3696364">
      <ele>192</ele>
    </trkpt>
    <trkpt lat="46.812394" lon="3.3697491">
      <ele>190</ele>
    </trkpt>
    <trkpt lat="46.81231" lon="3.3698859">
      <ele>190</ele>
    </trkpt>
    <trkpt lat="46.812275" lon="3.369902">
      <ele>190</ele>
    </trkpt>
    <trkpt lat="46.812198" lon="3.3699744">
      <ele>191</ele>
    </trkpt>
    <trkpt lat="46.812139" lon="3.3700414">
      <ele>190</ele>
    </trkpt>
    <trkpt lat="46.812075" lon="3.370138">
      <ele>190</ele>
    </trkpt>
    <trkpt lat="46.811269" lon="3.3716186">
      <ele>190</ele>
    </trkpt>
    <trkpt lat="46.810788" lon="3.3724956">
      <ele>190</ele>
    </trkpt>
    <trkpt lat="46.810287" lon="3.3734156">
      <ele>191</ele>
    </trkpt>
    <trkpt lat="46.810066" lon="3.3738582">
      <ele>190</ele>
    </trkpt>
    <trkpt lat="46.809971" lon="3.3740594">
      <ele>190</ele>
    </trkpt>
    <trkpt lat="46.809885" lon="3.3742927">
      <ele>190</ele>
    </trkpt>
    <trkpt lat="46.809815" lon="3.3747031">
      <ele>189</ele>
    </trkpt>
    <trkpt lat="46.809813" lon="3.3748292">
      <ele>189</ele>
    </trkpt>
    <trkpt lat="46.809822" lon="3.3749526">
      <ele>189</ele>
    </trkpt>
    <trkpt lat="46.809859" lon="3.3751939">
      <ele>189</ele>
    </trkpt>
    <trkpt lat="46.809975" lon="3.3755078">
      <ele>190</ele>
    </trkpt>
    <trkpt lat="46.810169" lon="3.3758779">
      <ele>189</ele>
    </trkpt>
    <trkpt lat="46.810349" lon="3.3761676">
      <ele>190</ele>
    </trkpt>
    <trkpt lat="46.810538" lon="3.3764439">
      <ele>192</ele>
    </trkpt>
    <trkpt lat="46.810859" lon="3.3769642">
      <ele>191</ele>
    </trkpt>
    <trkpt lat="46.811063" lon="3.3772458">
      <ele>189</ele>
    </trkpt>
    <trkpt lat="46.811109" lon="3.3772861">
      <ele>190</ele>
    </trkpt>
    <trkpt lat="46.81126" lon="3.3773665">
      <ele>191</ele>
    </trkpt>
    <trkpt lat="46.811854" lon="3.3781471">
      <ele>192</ele>
    </trkpt>
    <trkpt lat="46.812532" lon="3.3791234">
      <ele>192</ele>
    </trkpt>
    <trkpt lat="46.81264" lon="3.3793272">
      <ele>192</ele>
    </trkpt>
    <trkpt lat="46.812805" lon="3.3796759">
      <ele>193</ele>
    </trkpt>
    <trkpt lat="46.813092" lon="3.3803787">
      <ele>192</ele>
    </trkpt>
    <trkpt lat="46.813283" lon="3.3812289">
      <ele>193</ele>
    </trkpt>
    <trkpt lat="46.813644" lon="3.3831923">
      <ele>193</ele>
    </trkpt>
    <trkpt lat="46.813708" lon="3.3835276">
      <ele>192</ele>
    </trkpt>
    <trkpt lat="46.813784" lon="3.3838146">
      <ele>192</ele>
    </trkpt>
    <trkpt lat="46.814035" lon="3.3845763">
      <ele>194</ele>
    </trkpt>
    <trkpt lat="46.814068" lon="3.3846782">
      <ele>194</ele>
    </trkpt>
    <trkpt lat="46.814134" lon="3.3848633">
      <ele>194</ele>
    </trkpt>
    <trkpt lat="46.814266" lon="3.3852013">
      <ele>192</ele>
    </trkpt>
    <trkpt lat="46.81507" lon="3.3872478">
      <ele>192</ele>
    </trkpt>
    <trkpt lat="46.81517" lon="3.3876555">
      <ele>192</ele>
    </trkpt>
    <trkpt lat="46.815338" lon="3.3885862">
      <ele>192</ele>
    </trkpt>
    <trkpt lat="46.815384" lon="3.3889778">
      <ele>192</ele>
    </trkpt>
    <trkpt lat="46.815439" lon="3.389643">
      <ele>191</ele>
    </trkpt>
    <trkpt lat="46.815551" lon="3.3909546">
      <ele>193</ele>
    </trkpt>
    <trkpt lat="46.815561" lon="3.3910619">
      <ele>193</ele>
    </trkpt>
    <trkpt lat="46.815693" lon="3.3924915">
      <ele>192</ele>
    </trkpt>
    <trkpt lat="46.81575" lon="3.3931487">
      <ele>193</ele>
    </trkpt>
    <trkpt lat="46.815838" lon="3.3938112">
      <ele>194</ele>
    </trkpt>
    <trkpt lat="46.815873" lon="3.394133">
      <ele>194</ele>
    </trkpt>
    <trkpt lat="46.815891" lon="3.3943852">
      <ele>194</ele>
    </trkpt>
    <trkpt lat="46.815913" lon="3.3946024">
      <ele>193</ele>
    </trkpt>
    <trkpt lat="46.815937" lon="3.3949216">
      <ele>193</ele>
    </trkpt>
    <trkpt lat="46.815948" lon="3.3953078">
      <ele>192</ele>
    </trkpt>
    <trkpt lat="46.815985" lon="3.3957531">
      <ele>192</ele>
    </trkpt>
    <trkpt lat="46.816025" lon="3.3962198">
      <ele>192</ele>
    </trkpt>
    <trkpt lat="46.816098" lon="3.3971371">
      <ele>193</ele>
    </trkpt>
    <trkpt lat="46.81628" lon="3.3990924">
      <ele>192</ele>
    </trkpt>
    <trkpt lat="46.81632" lon="3.3994626">
      <ele>192</ele>
    </trkpt>
    <trkpt lat="46.816377" lon="3.3998649">
      <ele>192</ele>
    </trkpt>
    <trkpt lat="46.816495" lon="3.4003638">
      <ele>192</ele>
    </trkpt>
    <trkpt lat="46.816647" lon="3.4008439">
      <ele>192</ele>
    </trkpt>
    <trkpt lat="46.816767" lon="3.4011819">
      <ele>193</ele>
    </trkpt>
    <trkpt lat="46.816844" lon="3.4013509">
      <ele>192</ele>
    </trkpt>
    <trkpt lat="46.816921" lon="3.4015225">
      <ele>192</ele>
    </trkpt>
    <trkpt lat="46.817112" lon="3.4018551">
      <ele>193</ele>
    </trkpt>
    <trkpt lat="46.817271" lon="3.4020992">
      <ele>193</ele>
    </trkpt>
    <trkpt lat="46.817367" lon="3.4022387">
      <ele>192</ele>
    </trkpt>
    <trkpt lat="46.81746" lon="3.4023889">
      <ele>192</ele>
    </trkpt>
    <trkpt lat="46.817649" lon="3.4025927">
      <ele>193</ele>
    </trkpt>
    <trkpt lat="46.818106" lon="3.4030111">
      <ele>193</ele>
    </trkpt>
    <trkpt lat="46.818565" lon="3.4034001">
      <ele>192</ele>
    </trkpt>
    <trkpt lat="46.819485" lon="3.4041725">
      <ele>193</ele>
    </trkpt>
    <trkpt lat="46.819775" lon="3.4044944">
      <ele>193</ele>
    </trkpt>
    <trkpt lat="46.820035" lon="3.4048592">
      <ele>193</ele>
    </trkpt>
    <trkpt lat="46.820215" lon="3.405165">
      <ele>193</ele>
    </trkpt>
    <trkpt lat="46.820381" lon="3.405519">
      <ele>193</ele>
    </trkpt>
    <trkpt lat="46.82057" lon="3.4060742">
      <ele>193</ele>
    </trkpt>
    <trkpt lat="46.820696" lon="3.4066214">
      <ele>192</ele>
    </trkpt>
    <trkpt lat="46.82076" lon="3.4070049">
      <ele>192</ele>
    </trkpt>
    <trkpt lat="46.82079" lon="3.4073966">
      <ele>193</ele>
    </trkpt>
    <trkpt lat="46.820795" lon="3.4077828">
      <ele>193</ele>
    </trkpt>
    <trkpt lat="46.820775" lon="3.408161">
      <ele>192</ele>
    </trkpt>
    <trkpt lat="46.820316" lon="3.4134852">
      <ele>193</ele>
    </trkpt>
    <trkpt lat="46.820146" lon="3.4151884">
      <ele>191</ele>
    </trkpt>
    <trkpt lat="46.8201" lon="3.4155934">
      <ele>192</ele>
    </trkpt>
    <trkpt lat="46.819982" lon="3.4161754">
      <ele>193</ele>
    </trkpt>
    <trkpt lat="46.819718" lon="3.4171973">
      <ele>193</ele>
    </trkpt>
    <trkpt lat="46.819602" lon="3.4177418">
      <ele>192</ele>
    </trkpt>
    <trkpt lat="46.819534" lon="3.4183078">
      <ele>192</ele>
    </trkpt>
    <trkpt lat="46.819551" lon="3.4192412">
      <ele>192</ele>
    </trkpt>
    <trkpt lat="46.819597" lon="3.4198661">
      <ele>192</ele>
    </trkpt>
    <trkpt lat="46.819711" lon="3.420475">
      <ele>192</ele>
    </trkpt>
    <trkpt lat="46.820037" lon="3.4219583">
      <ele>193</ele>
    </trkpt>
    <trkpt lat="46.820107" lon="3.422492">
      <ele>192</ele>
    </trkpt>
    <trkpt lat="46.82012" lon="3.4229078">
      <ele>192</ele>
    </trkpt>
    <trkpt lat="46.820085" lon="3.4235783">
      <ele>192</ele>
    </trkpt>
    <trkpt lat="46.819975" lon="3.4239994">
      <ele>193</ele>
    </trkpt>
    <trkpt lat="46.819865" lon="3.4242435">
      <ele>193</ele>
    </trkpt>
    <trkpt lat="46.819845" lon="3.4242837">
      <ele>193</ele>
    </trkpt>
    <trkpt lat="46.819813" lon="3.4243508">
      <ele>194</ele>
    </trkpt>
    <trkpt lat="46.819775" lon="3.4244286">
      <ele>194</ele>
    </trkpt>
    <trkpt lat="46.819681" lon="3.4246324">
      <ele>193</ele>
    </trkpt>
    <trkpt lat="46.81912" lon="3.4254505">
      <ele>192</ele>
    </trkpt>
    <trkpt lat="46.818714" lon="3.426172">
      <ele>192</ele>
    </trkpt>
    <trkpt lat="46.818554" lon="3.4265609">
      <ele>192</ele>
    </trkpt>
    <trkpt lat="46.818411" lon="3.4270223">
      <ele>192</ele>
    </trkpt>
    <trkpt lat="46.818272" lon="3.427607">
      <ele>192</ele>
    </trkpt>
    <trkpt lat="46.818169" lon="3.4282373">
      <ele>192</ele>
    </trkpt>
    <trkpt lat="46.817789" lon="3.4310402">
      <ele>193</ele>
    </trkpt>
    <trkpt lat="46.817666" lon="3.4318744">
      <ele>192</ele>
    </trkpt>
    <trkpt lat="46.817558" lon="3.4327112">
      <ele>193</ele>
    </trkpt>
    <trkpt lat="46.817528" lon="3.4331699">
      <ele>193</ele>
    </trkpt>
    <trkpt lat="46.81758" lon="3.4337063">
      <ele>193</ele>
    </trkpt>
    <trkpt lat="46.817613" lon="3.4339585">
      <ele>193</ele>
    </trkpt>
    <trkpt lat="46.817609" lon="3.4340202">
      <ele>193</ele>
    </trkpt>
    <trkpt lat="46.817598" lon="3.4341409">
      <ele>193</ele>
    </trkpt>
    <trkpt lat="46.817646" lon="3.4342669">
      <ele>193</ele>
    </trkpt>
    <trkpt lat="46.817761" lon="3.4350099">
      <ele>193</ele>
    </trkpt>
    <trkpt lat="46.817723" lon="3.4351574">
      <ele>193</ele>
    </trkpt>
    <trkpt lat="46.818046" lon="3.4369304">
      <ele>193</ele>
    </trkpt>
    <trkpt lat="46.819578" lon="3.4451755">
      <ele>193</ele>
    </trkpt>
    <trkpt lat="46.819678" lon="3.4459265">
      <ele>193</ele>
    </trkpt>
    <trkpt lat="46.819718" lon="3.446656">
      <ele>193</ele>
    </trkpt>
    <trkpt lat="46.819659" lon="3.4475868">
      <ele>192</ele>
    </trkpt>
    <trkpt lat="46.819645" lon="3.447678">
      <ele>192</ele>
    </trkpt>
    <trkpt lat="46.819331" lon="3.4498291">
      <ele>192</ele>
    </trkpt>
    <trkpt lat="46.819296" lon="3.4501215">
      <ele>193</ele>
    </trkpt>
    <trkpt lat="46.819373" lon="3.4502019">
      <ele>192</ele>
    </trkpt>
    <trkpt lat="46.8194" lon="3.4502958">
      <ele>192</ele>
    </trkpt>
    <trkpt lat="46.819391" lon="3.4506955">
      <ele>193</ele>
    </trkpt>
    <trkpt lat="46.819408" lon="3.4507679">
      <ele>192</ele>
    </trkpt>
    <trkpt lat="46.81945" lon="3.4508457">
      <ele>192</ele>
    </trkpt>
    <trkpt lat="46.820285" lon="3.4511407">
      <ele>192</ele>
    </trkpt>
    <trkpt lat="46.820414" lon="3.4511943">
      <ele>192</ele>
    </trkpt>
    <trkpt lat="46.82045" lon="3.4512507">
      <ele>193</ele>
    </trkpt>
    <trkpt lat="46.820454" lon="3.4512829">
      <ele>193</ele>
    </trkpt>
    <trkpt lat="46.820458" lon="3.4513177">
      <ele>193</ele>
    </trkpt>
    <trkpt lat="46.820463" lon="3.4513955">
      <ele>193</ele>
    </trkpt>
    <trkpt lat="46.820522" lon="3.4514143">
      <ele>193</ele>
    </trkpt>
    <trkpt lat="46.820733" lon="3.451484">
      <ele>193</ele>
    </trkpt>
    <trkpt lat="46.82077" lon="3.4514947">
      <ele>193</ele>
    </trkpt>
    <trkpt lat="46.820827" lon="3.4515135">
      <ele>193</ele>
    </trkpt>
    <trkpt lat="46.821058" lon="3.4515913">
      <ele>192</ele>
    </trkpt>
    <trkpt lat="46.821304" lon="3.4516691">
      <ele>192</ele>
    </trkpt>
    <trkpt lat="46.821296" lon="3.4517657">
      <ele>192</ele>
    </trkpt>
    <trkpt lat="46.821276" lon="3.4519615">
      <ele>193</ele>
    </trkpt>
    <trkpt lat="46.82126" lon="3.4521117">
      <ele>193</ele>
    </trkpt>
    <trkpt lat="46.821212" lon="3.4524201">
      <ele>192</ele>
    </trkpt>
    <trkpt lat="46.821164" lon="3.4527205">
      <ele>192</ele>
    </trkpt>
    <trkpt lat="46.820953" lon="3.4540348">
      <ele>192</ele>
    </trkpt>
    <trkpt lat="46.821036" lon="3.4540589">
      <ele>192</ele>
    </trkpt>
    <trkpt lat="46.821452" lon="3.454177">
      <ele>193</ele>
    </trkpt>
    <trkpt lat="46.822165" lon="3.4543728">
      <ele>193</ele>
    </trkpt>
    <trkpt lat="46.822359" lon="3.4544264">
      <ele>193</ele>
    </trkpt>
    <trkpt lat="46.823025" lon="3.4546115">
      <ele>192</ele>
    </trkpt>
    <trkpt lat="46.823132" lon="3.4546651">
      <ele>192</ele>
    </trkpt>
    <trkpt lat="46.823121" lon="3.4546866">
      <ele>192</ele>
    </trkpt>
    <trkpt lat="46.823113" lon="3.4547107">
      <ele>192</ele>
    </trkpt>
    <trkpt lat="46.823112" lon="3.4547375">
      <ele>192</ele>
    </trkpt>
    <trkpt lat="46.823115" lon="3.4547644">
      <ele>192</ele>
    </trkpt>
    <trkpt lat="46.823123" lon="3.4547912">
      <ele>192</ele>
    </trkpt>
    <trkpt lat="46.823137" lon="3.4548126">
      <ele>192</ele>
    </trkpt>
    <trkpt lat="46.823157" lon="3.4548287">
      <ele>192</ele>
    </trkpt>
    <trkpt lat="46.823179" lon="3.4548341">
      <ele>192</ele>
    </trkpt>
    <trkpt lat="46.8232" lon="3.4548287">
      <ele>192</ele>
    </trkpt>
    <trkpt lat="46.823218" lon="3.4548153">
      <ele>192</ele>
    </trkpt>
    <trkpt lat="46.823233" lon="3.4547939">
      <ele>192</ele>
    </trkpt>
    <trkpt lat="46.823242" lon="3.454767">
      <ele>192</ele>
    </trkpt>
    <trkpt lat="46.823246" lon="3.4547375">
      <ele>192</ele>
    </trkpt>
    <trkpt lat="46.823275" lon="3.454759">
      <ele>192</ele>
    </trkpt>
    <trkpt lat="46.823387" lon="3.4548985">
      <ele>192</ele>
    </trkpt>
    <trkpt lat="46.823407" lon="3.4549816">
      <ele>192</ele>
    </trkpt>
    <trkpt lat="46.823418" lon="3.4550621">
      <ele>192</ele>
    </trkpt>
    <trkpt lat="46.823407" lon="3.4552793">
      <ele>192</ele>
    </trkpt>
    <trkpt lat="46.823348" lon="3.4557112">
      <ele>193</ele>
    </trkpt>
    <trkpt lat="46.823264" lon="3.4563227">
      <ele>193</ele>
    </trkpt>
    <trkpt lat="46.823697" lon="3.4564649">
      <ele>191</ele>
    </trkpt>
    <trkpt lat="46.823833" lon="3.4565078">
      <ele>191</ele>
    </trkpt>
    <trkpt lat="46.824598" lon="3.456717">
      <ele>191</ele>
    </trkpt>
    <trkpt lat="46.825015" lon="3.4568404">
      <ele>191</ele>
    </trkpt>
    <trkpt lat="46.825439" lon="3.4569665">
      <ele>192</ele>
    </trkpt>
    <trkpt lat="46.826338" lon="3.45724">
      <ele>192</ele>
    </trkpt>
    <trkpt lat="46.826591" lon="3.4572883">
      <ele>191</ele>
    </trkpt>
    <trkpt lat="46.826744" lon="3.4573071">
      <ele>190</ele>
    </trkpt>
    <trkpt lat="46.827015" lon="3.4572695">
      <ele>192</ele>
    </trkpt>
    <trkpt lat="46.827078" lon="3.4572508">
      <ele>192</ele>
    </trkpt>
    <trkpt lat="46.827237" lon="3.4571971">
      <ele>193</ele>
    </trkpt>
    <trkpt lat="46.827404" lon="3.4571381">
      <ele>192</ele>
    </trkpt>
    <trkpt lat="46.827452" lon="3.4570791">
      <ele>192</ele>
    </trkpt>
    <trkpt lat="46.827678" lon="3.4569879">
      <ele>193</ele>
    </trkpt>
    <trkpt lat="46.827714" lon="3.4569691">
      <ele>193</ele>
    </trkpt>
    <trkpt lat="46.827735" lon="3.4570416">
      <ele>192</ele>
    </trkpt>
    <trkpt lat="46.828098" lon="3.4586348">
      <ele>191</ele>
    </trkpt>
    <trkpt lat="46.828114" lon="3.4586938">
      <ele>192</ele>
    </trkpt>
    <trkpt lat="46.828138" lon="3.4587367">
      <ele>192</ele>
    </trkpt>
    <trkpt lat="46.828149" lon="3.4587448">
      <ele>192</ele>
    </trkpt>
    <trkpt lat="46.828146" lon="3.4587635">
      <ele>193</ele>
    </trkpt>
    <trkpt lat="46.828149" lon="3.458785">
      <ele>193</ele>
    </trkpt>
    <trkpt lat="46.828162" lon="3.4588011">
      <ele>193</ele>
    </trkpt>
    <trkpt lat="46.828177" lon="3.4588091">
      <ele>193</ele>
    </trkpt>
    <trkpt lat="46.828184" lon="3.4588065">
      <ele>193</ele>
    </trkpt>
    <trkpt lat="46.82819" lon="3.4588467">
      <ele>194</ele>
    </trkpt>
    <trkpt lat="46.828195" lon="3.4588842">
      <ele>194</ele>
    </trkpt>
    <trkpt lat="46.828256" lon="3.4593027">
      <ele>197</ele>
    </trkpt>
    <trkpt lat="46.828272" lon="3.4594341">
      <ele>198</ele>
    </trkpt>
    <trkpt lat="46.828263" lon="3.4595816">
      <ele>198</ele>
    </trkpt>
    <trkpt lat="46.828122" lon="3.4601449">
      <ele>200</ele>
    </trkpt>
    <trkpt lat="46.828278" lon="3.4603541">
      <ele>200</ele>
    </trkpt>
    <trkpt lat="46.828296" lon="3.4604936">
      <ele>201</ele>
    </trkpt>
    <trkpt lat="46.828485" lon="3.461022">
      <ele>202</ele>
    </trkpt>
    <trkpt lat="46.828514" lon="3.4611641">
      <ele>202</ele>
    </trkpt>
    <trkpt lat="46.828531" lon="3.4612526">
      <ele>202</ele>
    </trkpt>
    <trkpt lat="46.828566" lon="3.4614592">
      <ele>202</ele>
    </trkpt>
    <trkpt lat="46.828568" lon="3.4614726">
      <ele>202</ele>
    </trkpt>
    <trkpt lat="46.828615" lon="3.4615745">
      <ele>202</ele>
    </trkpt>
    <trkpt lat="46.828648" lon="3.4616469">
      <ele>202</ele>
    </trkpt>
    <trkpt lat="46.828696" lon="3.4619366">
      <ele>202</ele>
    </trkpt>
    <trkpt lat="46.828648" lon="3.4620653">
      <ele>202</ele>
    </trkpt>
    <trkpt lat="46.828705" lon="3.462127">
      <ele>202</ele>
    </trkpt>
    <trkpt lat="46.828795" lon="3.4624891">
      <ele>202</ele>
    </trkpt>
    <trkpt lat="46.828828" lon="3.4627439">
      <ele>200</ele>
    </trkpt>
    <trkpt lat="46.828826" lon="3.4628378">
      <ele>200</ele>
    </trkpt>
    <trkpt lat="46.828861" lon="3.4633045">
      <ele>199</ele>
    </trkpt>
    <trkpt lat="46.828898" lon="3.4637712">
      <ele>196</ele>
    </trkpt>
    <trkpt lat="46.828914" lon="3.4638168">
      <ele>196</ele>
    </trkpt>
    <trkpt lat="46.829072" lon="3.4641655">
      <ele>195</ele>
    </trkpt>
    <trkpt lat="46.82916" lon="3.4640824">
      <ele>195</ele>
    </trkpt>
    <trkpt lat="46.829215" lon="3.4640663">
      <ele>194</ele>
    </trkpt>
    <trkpt lat="46.829217" lon="3.4641253">
      <ele>193</ele>
    </trkpt>
    <trkpt lat="46.829327" lon="3.464364">
      <ele>189</ele>
    </trkpt>
    <trkpt lat="46.83023" lon="3.466322">
      <ele>188</ele>
    </trkpt>
    <trkpt lat="46.830362" lon="3.4665956">
      <ele>190</ele>
    </trkpt>
    <trkpt lat="46.830375" lon="3.4666224">
      <ele>190</ele>
    </trkpt>
    <trkpt lat="46.830419" lon="3.466719">
      <ele>191</ele>
    </trkpt>
    <trkpt lat="46.83043" lon="3.4667619">
      <ele>192</ele>
    </trkpt>
    <trkpt lat="46.830498" lon="3.4669201">
      <ele>193</ele>
    </trkpt>
    <trkpt lat="46.830583" lon="3.4671293">
      <ele>193</ele>
    </trkpt>
    <trkpt lat="46.830634" lon="3.4674056">
      <ele>193</ele>
    </trkpt>
    <trkpt lat="46.830641" lon="3.4675907">
      <ele>194</ele>
    </trkpt>
    <trkpt lat="46.83063" lon="3.4677141">
      <ele>194</ele>
    </trkpt>
    <trkpt lat="46.83061" lon="3.4678562">
      <ele>194</ele>
    </trkpt>
    <trkpt lat="46.830568" lon="3.4680681">
      <ele>194</ele>
    </trkpt>
    <trkpt lat="46.83055" lon="3.4681379">
      <ele>194</ele>
    </trkpt>
    <trkpt lat="46.830522" lon="3.4682264">
      <ele>194</ele>
    </trkpt>
    <trkpt lat="46.830533" lon="3.4683283">
      <ele>194</ele>
    </trkpt>
    <trkpt lat="46.830539" lon="3.4684061">
      <ele>194</ele>
    </trkpt>
    <trkpt lat="46.830553" lon="3.4684731">
      <ele>194</ele>
    </trkpt>
    <trkpt lat="46.830573" lon="3.4685241">
      <ele>194</ele>
    </trkpt>
    <trkpt lat="46.830706" lon="3.468744">
      <ele>193</ele>
    </trkpt>
    <trkpt lat="46.830847" lon="3.4689398">
      <ele>193</ele>
    </trkpt>
    <trkpt lat="46.830904" lon="3.4689935">
      <ele>193</ele>
    </trkpt>
    <trkpt lat="46.830946" lon="3.4690203">
      <ele>193</ele>
    </trkpt>
    <trkpt lat="46.831003" lon="3.4690471">
      <ele>192</ele>
    </trkpt>
    <trkpt lat="46.831036" lon="3.4690632">
      <ele>192</ele>
    </trkpt>
    <trkpt lat="46.831144" lon="3.4690927">
      <ele>192</ele>
    </trkpt>
    <trkpt lat="46.831273" lon="3.4691169">
      <ele>192</ele>
    </trkpt>
    <trkpt lat="46.831366" lon="3.469133">
      <ele>192</ele>
    </trkpt>
    <trkpt lat="46.831454" lon="3.4691517">
      <ele>192</ele>
    </trkpt>
    <trkpt lat="46.831559" lon="3.4691517">
      <ele>192</ele>
    </trkpt>
    <trkpt lat="46.831585" lon="3.4691464">
      <ele>192</ele>
    </trkpt>
    <trkpt lat="46.831682" lon="3.4691061">
      <ele>192</ele>
    </trkpt>
    <trkpt lat="46.831728" lon="3.4690632">
      <ele>191</ele>
    </trkpt>
    <trkpt lat="46.831774" lon="3.4689988">
      <ele>191</ele>
    </trkpt>
    <trkpt lat="46.831819" lon="3.468905">
      <ele>191</ele>
    </trkpt>
    <trkpt lat="46.832021" lon="3.4684785">
      <ele>191</ele>
    </trkpt>
    <trkpt lat="46.832038" lon="3.4684436">
      <ele>191</ele>
    </trkpt>
    <trkpt lat="46.832375" lon="3.4677328">
      <ele>191</ele>
    </trkpt>
    <trkpt lat="46.832451" lon="3.4675773">
      <ele>191</ele>
    </trkpt>
    <trkpt lat="46.832517" lon="3.4674512">
      <ele>192</ele>
    </trkpt>
    <trkpt lat="46.832559" lon="3.4673895">
      <ele>191</ele>
    </trkpt>
    <trkpt lat="46.833306" lon="3.4665446">
      <ele>190</ele>
    </trkpt>
    <trkpt lat="46.83337" lon="3.4664454">
      <ele>190</ele>
    </trkpt>
    <trkpt lat="46.83342" lon="3.4663247">
      <ele>190</ele>
    </trkpt>
    <trkpt lat="46.83346" lon="3.4661825">
      <ele>190</ele>
    </trkpt>
    <trkpt lat="46.833486" lon="3.4660377">
      <ele>191</ele>
    </trkpt>
    <trkpt lat="46.833548" lon="3.4657373">
      <ele>192</ele>
    </trkpt>
    <trkpt lat="46.833566" lon="3.4656836">
      <ele>192</ele>
    </trkpt>
    <trkpt lat="46.833588" lon="3.4656434">
      <ele>193</ele>
    </trkpt>
    <trkpt lat="46.833614" lon="3.4656139">
      <ele>193</ele>
    </trkpt>
    <trkpt lat="46.833647" lon="3.4655951">
      <ele>192</ele>
    </trkpt>
    <trkpt lat="46.833684" lon="3.4655951">
      <ele>192</ele>
    </trkpt>
    <trkpt lat="46.833759" lon="3.4656139">
      <ele>190</ele>
    </trkpt>
    <trkpt lat="46.833867" lon="3.4657078">
      <ele>188</ele>
    </trkpt>
    <trkpt lat="46.833895" lon="3.4657319">
      <ele>188</ele>
    </trkpt>
    <trkpt lat="46.834607" lon="3.4663569">
      <ele>190</ele>
    </trkpt>
    <trkpt lat="46.83477" lon="3.4664803">
      <ele>192</ele>
    </trkpt>
    <trkpt lat="46.834856" lon="3.4665366">
      <ele>192</ele>
    </trkpt>
    <trkpt lat="46.835001" lon="3.4666331">
      <ele>192</ele>
    </trkpt>
    <trkpt lat="46.835111" lon="3.4666841">
      <ele>192</ele>
    </trkpt>
    <trkpt lat="46.835247" lon="3.4667163">
      <ele>192</ele>
    </trkpt>
    <trkpt lat="46.835427" lon="3.4667109">
      <ele>192</ele>
    </trkpt>
    <trkpt lat="46.835548" lon="3.4666868">
      <ele>192</ele>
    </trkpt>
    <trkpt lat="46.835654" lon="3.4666331">
      <ele>192</ele>
    </trkpt>
    <trkpt lat="46.835853" lon="3.4665875">
      <ele>193</ele>
    </trkpt>
    <trkpt lat="46.836038" lon="3.4665232">
      <ele>192</ele>
    </trkpt>
    <trkpt lat="46.836117" lon="3.4669765">
      <ele>191</ele>
    </trkpt>
    <trkpt lat="46.8367" lon="3.470356">
      <ele>191</ele>
    </trkpt>
    <trkpt lat="46.836853" lon="3.4712626">
      <ele>190</ele>
    </trkpt>
    <trkpt lat="46.83712" lon="3.4728156">
      <ele>190</ele>
    </trkpt>
    <trkpt lat="46.83717" lon="3.4730678">
      <ele>190</ele>
    </trkpt>
    <trkpt lat="46.83721" lon="3.4732287">
      <ele>191</ele>
    </trkpt>
    <trkpt lat="46.837254" lon="3.4733896">
      <ele>191</ele>
    </trkpt>
    <trkpt lat="46.837328" lon="3.4736498">
      <ele>190</ele>
    </trkpt>
    <trkpt lat="46.837354" lon="3.4737571">
      <ele>190</ele>
    </trkpt>
    <trkpt lat="46.837377" lon="3.473808">
      <ele>190</ele>
    </trkpt>
    <trkpt lat="46.837399" lon="3.4739019">
      <ele>190</ele>
    </trkpt>
    <trkpt lat="46.837504" lon="3.4744759">
      <ele>192</ele>
    </trkpt>
    <trkpt lat="46.838684" lon="3.4814282">
      <ele>191</ele>
    </trkpt>
    <trkpt lat="46.839361" lon="3.485422">
      <ele>192</ele>
    </trkpt>
    <trkpt lat="46.839394" lon="3.4856178">
      <ele>192</ele>
    </trkpt>
    <trkpt lat="46.839412" lon="3.4857117">
      <ele>192</ele>
    </trkpt>
    <trkpt lat="46.83943" lon="3.4858056">
      <ele>193</ele>
    </trkpt>
    <trkpt lat="46.83944" lon="3.4858431">
      <ele>193</ele>
    </trkpt>
    <trkpt lat="46.839451" lon="3.4858807">
      <ele>193</ele>
    </trkpt>
    <trkpt lat="46.839458" lon="3.4859048">
      <ele>193</ele>
    </trkpt>
    <trkpt lat="46.839471" lon="3.4859343">
      <ele>194</ele>
    </trkpt>
    <trkpt lat="46.839495" lon="3.4859799">
      <ele>194</ele>
    </trkpt>
    <trkpt lat="46.839511" lon="3.4860094">
      <ele>194</ele>
    </trkpt>
    <trkpt lat="46.839526" lon="3.4860443">
      <ele>194</ele>
    </trkpt>
    <trkpt lat="46.839542" lon="3.4860818">
      <ele>195</ele>
    </trkpt>
    <trkpt lat="46.839546" lon="3.4860979">
      <ele>195</ele>
    </trkpt>
    <trkpt lat="46.83955" lon="3.4861167">
      <ele>195</ele>
    </trkpt>
    <trkpt lat="46.839557" lon="3.4862374">
      <ele>194</ele>
    </trkpt>
    <trkpt lat="46.839561" lon="3.4862803">
      <ele>194</ele>
    </trkpt>
    <trkpt lat="46.839564" lon="3.4863152">
      <ele>194</ele>
    </trkpt>
    <trkpt lat="46.839625" lon="3.48668">
      <ele>192</ele>
    </trkpt>
    <trkpt lat="46.839662" lon="3.486908">
      <ele>192</ele>
    </trkpt>
    <trkpt lat="46.83968" lon="3.4870287">
      <ele>192</ele>
    </trkpt>
    <trkpt lat="46.839728" lon="3.4872566">
      <ele>194</ele>
    </trkpt>
    <trkpt lat="46.839728" lon="3.4872915">
      <ele>193</ele>
    </trkpt>
    <trkpt lat="46.83972" lon="3.487439">
      <ele>192</ele>
    </trkpt>
    <trkpt lat="46.839722" lon="3.4874954">
      <ele>192</ele>
    </trkpt>
    <trkpt lat="46.839728" lon="3.4875517">
      <ele>192</ele>
    </trkpt>
    <trkpt lat="46.840262" lon="3.4906443">
      <ele>192</ele>
    </trkpt>
    <trkpt lat="46.840335" lon="3.491178">
      <ele>191</ele>
    </trkpt>
    <trkpt lat="46.840368" lon="3.4914463">
      <ele>191</ele>
    </trkpt>
    <trkpt lat="46.840396" lon="3.4917037">
      <ele>191</ele>
    </trkpt>
    <trkpt lat="46.84041" lon="3.4919398">
      <ele>191</ele>
    </trkpt>
    <trkpt lat="46.840419" lon="3.4921731">
      <ele>191</ele>
    </trkpt>
    <trkpt lat="46.840421" lon="3.4923984">
      <ele>191</ele>
    </trkpt>
    <trkpt lat="46.840421" lon="3.4926237">
      <ele>191</ele>
    </trkpt>
    <trkpt lat="46.840414" lon="3.4928249">
      <ele>191</ele>
    </trkpt>
    <trkpt lat="46.840383" lon="3.4934204">
      <ele>191</ele>
    </trkpt>
    <trkpt lat="46.840368" lon="3.4936483">
      <ele>191</ele>
    </trkpt>
    <trkpt lat="46.840346" lon="3.493871">
      <ele>190</ele>
    </trkpt>
    <trkpt lat="46.840317" lon="3.494099">
      <ele>191</ele>
    </trkpt>
    <trkpt lat="46.840285" lon="3.4943216">
      <ele>192</ele>
    </trkpt>
    <trkpt lat="46.840254" lon="3.4945362">
      <ele>192</ele>
    </trkpt>
    <trkpt lat="46.840221" lon="3.4947507">
      <ele>191</ele>
    </trkpt>
    <trkpt lat="46.840155" lon="3.4950914">
      <ele>191</ele>
    </trkpt>
    <trkpt lat="46.84012" lon="3.4952577">
      <ele>191</ele>
    </trkpt>
    <trkpt lat="46.840082" lon="3.495424">
      <ele>191</ele>
    </trkpt>
    <trkpt lat="46.839992" lon="3.4957217">
      <ele>193</ele>
    </trkpt>
    <trkpt lat="46.839946" lon="3.4958719">
      <ele>192</ele>
    </trkpt>
    <trkpt lat="46.839913" lon="3.4959899">
      <ele>192</ele>
    </trkpt>
    <trkpt lat="46.83986" lon="3.4961884">
      <ele>191</ele>
    </trkpt>
    <trkpt lat="46.83984" lon="3.4962742">
      <ele>191</ele>
    </trkpt>
    <trkpt lat="46.839823" lon="3.4963627">
      <ele>191</ele>
    </trkpt>
    <trkpt lat="46.839799" lon="3.4964888">
      <ele>192</ele>
    </trkpt>
    <trkpt lat="46.839777" lon="3.4966202">
      <ele>192</ele>
    </trkpt>
    <trkpt lat="46.839708" lon="3.4970601">
      <ele>192</ele>
    </trkpt>
    <trkpt lat="46.83964" lon="3.4975027">
      <ele>192</ele>
    </trkpt>
    <trkpt lat="46.839616" lon="3.4976958">
      <ele>192</ele>
    </trkpt>
    <trkpt lat="46.839596" lon="3.4978862">
      <ele>192</ele>
    </trkpt>
    <trkpt lat="46.839577" lon="3.4980794">
      <ele>191</ele>
    </trkpt>
    <trkpt lat="46.839564" lon="3.4982698">
      <ele>191</ele>
    </trkpt>
    <trkpt lat="46.839555" lon="3.4985005">
      <ele>191</ele>
    </trkpt>
    <trkpt lat="46.83955" lon="3.4987285">
      <ele>191</ele>
    </trkpt>
    <trkpt lat="46.839552" lon="3.4989618">
      <ele>191</ele>
    </trkpt>
    <trkpt lat="46.839559" lon="3.4991871">
      <ele>191</ele>
    </trkpt>
    <trkpt lat="46.839566" lon="3.4993856">
      <ele>191</ele>
    </trkpt>
    <trkpt lat="46.839575" lon="3.4995841">
      <ele>191</ele>
    </trkpt>
    <trkpt lat="46.839592" lon="3.4998067">
      <ele>191</ele>
    </trkpt>
    <trkpt lat="46.83961" lon="3.5000266">
      <ele>191</ele>
    </trkpt>
    <trkpt lat="46.839634" lon="3.5002385">
      <ele>191</ele>
    </trkpt>
    <trkpt lat="46.839662" lon="3.5004531">
      <ele>192</ele>
    </trkpt>
    <trkpt lat="46.839717" lon="3.5008742">
      <ele>192</ele>
    </trkpt>
    <trkpt lat="46.839739" lon="3.5010727">
      <ele>192</ele>
    </trkpt>
    <trkpt lat="46.83975" lon="3.5012363">
      <ele>192</ele>
    </trkpt>
    <trkpt lat="46.839759" lon="3.5013919">
      <ele>191</ele>
    </trkpt>
    <trkpt lat="46.839764" lon="3.5015501">
      <ele>191</ele>
    </trkpt>
    <trkpt lat="46.839764" lon="3.501754">
      <ele>191</ele>
    </trkpt>
    <trkpt lat="46.839761" lon="3.5019551">
      <ele>191</ele>
    </trkpt>
    <trkpt lat="46.839752" lon="3.5021617">
      <ele>191</ele>
    </trkpt>
    <trkpt lat="46.839739" lon="3.5023575">
      <ele>192</ele>
    </trkpt>
    <trkpt lat="46.839713" lon="3.5026525">
      <ele>192</ele>
    </trkpt>
    <trkpt lat="46.83968" lon="3.5029502">
      <ele>192</ele>
    </trkpt>
    <trkpt lat="46.839654" lon="3.5031273">
      <ele>192</ele>
    </trkpt>
    <trkpt lat="46.839625" lon="3.5032909">
      <ele>191</ele>
    </trkpt>
    <trkpt lat="46.839592" lon="3.5034465">
      <ele>191</ele>
    </trkpt>
    <trkpt lat="46.83955" lon="3.5036074">
      <ele>191</ele>
    </trkpt>
    <trkpt lat="46.839508" lon="3.503771">
      <ele>191</ele>
    </trkpt>
    <trkpt lat="46.83946" lon="3.5039293">
      <ele>191</ele>
    </trkpt>
    <trkpt lat="46.839361" lon="3.504235">
      <ele>191</ele>
    </trkpt>
    <trkpt lat="46.83912" lon="3.5049163">
      <ele>192</ele>
    </trkpt>
    <trkpt lat="46.839067" lon="3.5050826">
      <ele>191</ele>
    </trkpt>
    <trkpt lat="46.83902" lon="3.5052569">
      <ele>191</ele>
    </trkpt>
    <trkpt lat="46.838975" lon="3.5054232">
      <ele>191</ele>
    </trkpt>
    <trkpt lat="46.838935" lon="3.5055976">
      <ele>191</ele>
    </trkpt>
    <trkpt lat="46.838893" lon="3.5058122">
      <ele>192</ele>
    </trkpt>
    <trkpt lat="46.838858" lon="3.5060267">
      <ele>192</ele>
    </trkpt>
    <trkpt lat="46.838823" lon="3.5062386">
      <ele>191</ele>
    </trkpt>
    <trkpt lat="46.838794" lon="3.5064559">
      <ele>191</ele>
    </trkpt>
    <trkpt lat="46.838775" lon="3.5066168">
      <ele>192</ele>
    </trkpt>
    <trkpt lat="46.838761" lon="3.5067804">
      <ele>192</ele>
    </trkpt>
    <trkpt lat="46.838753" lon="3.5069467">
      <ele>192</ele>
    </trkpt>
    <trkpt lat="46.838748" lon="3.5071157">
      <ele>191</ele>
    </trkpt>
    <trkpt lat="46.838746" lon="3.507223">
      <ele>191</ele>
    </trkpt>
    <trkpt lat="46.838748" lon="3.507333">
      <ele>191</ele>
    </trkpt>
    <trkpt lat="46.838753" lon="3.5074751">
      <ele>191</ele>
    </trkpt>
    <trkpt lat="46.838761" lon="3.5075878">
      <ele>191</ele>
    </trkpt>
    <trkpt lat="46.83877" lon="3.5077165">
      <ele>191</ele>
    </trkpt>
    <trkpt lat="46.838781" lon="3.5078372">
      <ele>191</ele>
    </trkpt>
    <trkpt lat="46.838794" lon="3.5079606">
      <ele>191</ele>
    </trkpt>
    <trkpt lat="46.838816" lon="3.5081618">
      <ele>191</ele>
    </trkpt>
    <trkpt lat="46.83888" lon="3.5086097">
      <ele>192</ele>
    </trkpt>
    <trkpt lat="46.838944" lon="3.5090523">
      <ele>191</ele>
    </trkpt>
    <trkpt lat="46.83906" lon="3.5098623">
      <ele>192</ele>
    </trkpt>
    <trkpt lat="46.839194" lon="3.5106857">
      <ele>192</ele>
    </trkpt>
    <trkpt lat="46.83937" lon="3.5121207">
      <ele>194</ele>
    </trkpt>
    <trkpt lat="46.83939" lon="3.5122146">
      <ele>194</ele>
    </trkpt>
    <trkpt lat="46.83939" lon="3.5122817">
      <ele>194</ele>
    </trkpt>
    <trkpt lat="46.839544" lon="3.5131721">
      <ele>194</ele>
    </trkpt>
    <trkpt lat="46.83957" lon="3.513443">
      <ele>193</ele>
    </trkpt>
    <trkpt lat="46.839568" lon="3.5135155">
      <ele>193</ele>
    </trkpt>
    <trkpt lat="46.839555" lon="3.5135906">
      <ele>193</ele>
    </trkpt>
    <trkpt lat="46.839539" lon="3.5136415">
      <ele>193</ele>
    </trkpt>
    <trkpt lat="46.839519" lon="3.5136898">
      <ele>193</ele>
    </trkpt>
    <trkpt lat="46.839491" lon="3.5137408">
      <ele>194</ele>
    </trkpt>
    <trkpt lat="46.839453" lon="3.5137944">
      <ele>194</ele>
    </trkpt>
    <trkpt lat="46.839405" lon="3.5138534">
      <ele>194</ele>
    </trkpt>
    <trkpt lat="46.839346" lon="3.5139178">
      <ele>194</ele>
    </trkpt>
    <trkpt lat="46.839264" lon="3.5140009">
      <ele>193</ele>
    </trkpt>
    <trkpt lat="46.839172" lon="3.5141029">
      <ele>193</ele>
    </trkpt>
    <trkpt lat="46.839042" lon="3.5142584">
      <ele>193</ele>
    </trkpt>
    <trkpt lat="46.838794" lon="3.5146098">
      <ele>193</ele>
    </trkpt>
    <trkpt lat="46.838665" lon="3.5147761">
      <ele>193</ele>
    </trkpt>
    <trkpt lat="46.838537" lon="3.514937">
      <ele>193</ele>
    </trkpt>
    <trkpt lat="46.837245" lon="3.5164123">
      <ele>193</ele>
    </trkpt>
    <trkpt lat="46.837133" lon="3.5165061">
      <ele>192</ele>
    </trkpt>
    <trkpt lat="46.837064" lon="3.5165544">
      <ele>192</ele>
    </trkpt>
    <trkpt lat="46.83699" lon="3.516592">
      <ele>192</ele>
    </trkpt>
    <trkpt lat="46.836931" lon="3.5166134">
      <ele>192</ele>
    </trkpt>
    <trkpt lat="46.836873" lon="3.5166295">
      <ele>192</ele>
    </trkpt>
    <trkpt lat="46.836779" lon="3.5166349">
      <ele>192</ele>
    </trkpt>
    <trkpt lat="46.836682" lon="3.5166268">
      <ele>192</ele>
    </trkpt>
    <trkpt lat="46.836587" lon="3.5165946">
      <ele>192</ele>
    </trkpt>
    <trkpt lat="46.836506" lon="3.5165544">
      <ele>192</ele>
    </trkpt>
    <trkpt lat="46.836427" lon="3.5165061">
      <ele>192</ele>
    </trkpt>
    <trkpt lat="46.836276" lon="3.5163962">
      <ele>192</ele>
    </trkpt>
    <trkpt lat="46.836128" lon="3.5163023">
      <ele>192</ele>
    </trkpt>
    <trkpt lat="46.836054" lon="3.5162701">
      <ele>191</ele>
    </trkpt>
    <trkpt lat="46.836031" lon="3.5162621">
      <ele>191</ele>
    </trkpt>
    <trkpt lat="46.835979" lon="3.5162486">
      <ele>191</ele>
    </trkpt>
    <trkpt lat="46.835922" lon="3.5162486">
      <ele>191</ele>
    </trkpt>
    <trkpt lat="46.835867" lon="3.516254">
      <ele>191</ele>
    </trkpt>
    <trkpt lat="46.835744" lon="3.5162862">
      <ele>191</ele>
    </trkpt>
    <trkpt lat="46.835642" lon="3.5163345">
      <ele>192</ele>
    </trkpt>
    <trkpt lat="46.835495" lon="3.5164096">
      <ele>191</ele>
    </trkpt>
    <trkpt lat="46.834792" lon="3.5167341">
      <ele>191</ele>
    </trkpt>
    <trkpt lat="46.834548" lon="3.5168495">
      <ele>194</ele>
    </trkpt>
    <trkpt lat="46.834416" lon="3.5169085">
      <ele>195</ele>
    </trkpt>
    <trkpt lat="46.834319" lon="3.5169406">
      <ele>196</ele>
    </trkpt>
    <trkpt lat="46.834152" lon="3.5169728">
      <ele>197</ele>
    </trkpt>
    <trkpt lat="46.834108" lon="3.5169782">
      <ele>197</ele>
    </trkpt>
    <trkpt lat="46.832498" lon="3.5171418">
      <ele>203</ele>
    </trkpt>
    <trkpt lat="46.830944" lon="3.5173081">
      <ele>206</ele>
    </trkpt>
    <trkpt lat="46.830882" lon="3.5173108">
      <ele>206</ele>
    </trkpt>
    <trkpt lat="46.83075" lon="3.5214441">
      <ele>213</ele>
    </trkpt>
    <trkpt lat="46.830704" lon="3.5230802">
      <ele>213</ele>
    </trkpt>
    <trkpt lat="46.830695" lon="3.523437">
      <ele>213</ele>
    </trkpt>
    <trkpt lat="46.830643" lon="3.5234343">
      <ele>214</ele>
    </trkpt>
    <trkpt lat="46.829496" lon="3.5233994">
      <ele>217</ele>
    </trkpt>
    <trkpt lat="46.82925" lon="3.5233967">
      <ele>217</ele>
    </trkpt>
    <trkpt lat="46.829004" lon="3.5234262">
      <ele>217</ele>
    </trkpt>
    <trkpt lat="46.828926" lon="3.5234423">
      <ele>218</ele>
    </trkpt>
    <trkpt lat="46.828852" lon="3.5234691">
      <ele>218</ele>
    </trkpt>
    <trkpt lat="46.828786" lon="3.5234987">
      <ele>218</ele>
    </trkpt>
    <trkpt lat="46.828725" lon="3.5235308">
      <ele>218</ele>
    </trkpt>
    <trkpt lat="46.826916" lon="3.5245125">
      <ele>220</ele>
    </trkpt>
    <trkpt lat="46.826044" lon="3.5250168">
      <ele>220</ele>
    </trkpt>
    <trkpt lat="46.825648" lon="3.5253306">
      <ele>220</ele>
    </trkpt>
    <trkpt lat="46.825549" lon="3.5254164">
      <ele>220</ele>
    </trkpt>
    <trkpt lat="46.825453" lon="3.5255076">
      <ele>219</ele>
    </trkpt>
    <trkpt lat="46.825297" lon="3.5256981">
      <ele>219</ele>
    </trkpt>
    <trkpt lat="46.825061" lon="3.5260172">
      <ele>220</ele>
    </trkpt>
    <trkpt lat="46.824879" lon="3.5262855">
      <ele>220</ele>
    </trkpt>
    <trkpt lat="46.824743" lon="3.5264571">
      <ele>220</ele>
    </trkpt>
    <trkpt lat="46.824681" lon="3.5265108">
      <ele>220</ele>
    </trkpt>
    <trkpt lat="46.824616" lon="3.5265644">
      <ele>220</ele>
    </trkpt>
    <trkpt lat="46.824484" lon="3.5266449">
      <ele>220</ele>
    </trkpt>
    <trkpt lat="46.824345" lon="3.5267093">
      <ele>220</ele>
    </trkpt>
    <trkpt lat="46.821373" lon="3.5279028">
      <ele>222</ele>
    </trkpt>
    <trkpt lat="46.821214" lon="3.5279914">
      <ele>222</ele>
    </trkpt>
    <trkpt lat="46.821061" lon="3.5280906">
      <ele>222</ele>
    </trkpt>
    <trkpt lat="46.820966" lon="3.5281818">
      <ele>222</ele>
    </trkpt>
    <trkpt lat="46.820871" lon="3.5282971">
      <ele>222</ele>
    </trkpt>
    <trkpt lat="46.820775" lon="3.5284581">
      <ele>222</ele>
    </trkpt>
    <trkpt lat="46.820676" lon="3.528686">
      <ele>222</ele>
    </trkpt>
    <trkpt lat="46.819593" lon="3.5315667">
      <ele>225</ele>
    </trkpt>
    <trkpt lat="46.819314" lon="3.5322534">
      <ele>225</ele>
    </trkpt>
    <trkpt lat="46.819199" lon="3.5324948">
      <ele>225</ele>
    </trkpt>
    <trkpt lat="46.819052" lon="3.5327603">
      <ele>225</ele>
    </trkpt>
    <trkpt lat="46.818846" lon="3.5330688">
      <ele>226</ele>
    </trkpt>
    <trkpt lat="46.818641" lon="3.5333638">
      <ele>226</ele>
    </trkpt>
    <trkpt lat="46.818198" lon="3.5339915">
      <ele>227</ele>
    </trkpt>
    <trkpt lat="46.817385" lon="3.5351502">
      <ele>227</ele>
    </trkpt>
    <trkpt lat="46.816616" lon="3.5362767">
      <ele>228</ele>
    </trkpt>
    <trkpt lat="46.816491" lon="3.5364591">
      <ele>228</ele>
    </trkpt>
    <trkpt lat="46.816003" lon="3.5371726">
      <ele>228</ele>
    </trkpt>
    <trkpt lat="46.815819" lon="3.5374408">
      <ele>229</ele>
    </trkpt>
    <trkpt lat="46.815173" lon="3.5383581">
      <ele>230</ele>
    </trkpt>
    <trkpt lat="46.814446" lon="3.5394283">
      <ele>232</ele>
    </trkpt>
    <trkpt lat="46.814415" lon="3.5394739">
      <ele>232</ele>
    </trkpt>
    <trkpt lat="46.813874" lon="3.5402598">
      <ele>233</ele>
    </trkpt>
    <trkpt lat="46.813595" lon="3.5406541">
      <ele>234</ele>
    </trkpt>
    <trkpt lat="46.812675" lon="3.5420059">
      <ele>234</ele>
    </trkpt>
    <trkpt lat="46.812247" lon="3.5426121">
      <ele>235</ele>
    </trkpt>
    <trkpt lat="46.812148" lon="3.5427355">
      <ele>235</ele>
    </trkpt>
    <trkpt lat="46.812003" lon="3.542891">
      <ele>235</ele>
    </trkpt>
    <trkpt lat="46.81184" lon="3.5430171">
      <ele>236</ele>
    </trkpt>
    <trkpt lat="46.810048" lon="3.5441704">
      <ele>235</ele>
    </trkpt>
    <trkpt lat="46.809426" lon="3.5445808">
      <ele>235</ele>
    </trkpt>
    <trkpt lat="46.809378" lon="3.544613">
      <ele>235</ele>
    </trkpt>
    <trkpt lat="46.809339" lon="3.5450207">
      <ele>235</ele>
    </trkpt>
    <trkpt lat="46.809038" lon="3.5480221">
      <ele>236</ele>
    </trkpt>
    <trkpt lat="46.809016" lon="3.5482742">
      <ele>236</ele>
    </trkpt>
    <trkpt lat="46.808947" lon="3.5490279">
      <ele>236</ele>
    </trkpt>
    <trkpt lat="46.808728" lon="3.5513078">
      <ele>236</ele>
    </trkpt>
    <trkpt lat="46.808686" lon="3.5512702">
      <ele>236</ele>
    </trkpt>
    <trkpt lat="46.807083" lon="3.5498728">
      <ele>237</ele>
    </trkpt>
    <trkpt lat="46.807028" lon="3.5498245">
      <ele>237</ele>
    </trkpt>
    <trkpt lat="46.806957" lon="3.5497602">
      <ele>237</ele>
    </trkpt>
    <trkpt lat="46.806901" lon="3.5497092">
      <ele>237</ele>
    </trkpt>
    <trkpt lat="46.806762" lon="3.5495885">
      <ele>236</ele>
    </trkpt>
    <trkpt lat="46.806275" lon="3.5491593">
      <ele>236</ele>
    </trkpt>
    <trkpt lat="46.806244" lon="3.5491379">
      <ele>235</ele>
    </trkpt>
    <trkpt lat="46.806213" lon="3.5491272">
      <ele>235</ele>
    </trkpt>
    <trkpt lat="46.806189" lon="3.5491272">
      <ele>235</ele>
    </trkpt>
    <trkpt lat="46.806167" lon="3.5491298">
      <ele>235</ele>
    </trkpt>
    <trkpt lat="46.806152" lon="3.5491352">
      <ele>235</ele>
    </trkpt>
    <trkpt lat="46.806136" lon="3.5491459">
      <ele>235</ele>
    </trkpt>
    <trkpt lat="46.806123" lon="3.5491567">
      <ele>235</ele>
    </trkpt>
    <trkpt lat="46.806108" lon="3.5491728">
      <ele>235</ele>
    </trkpt>
    <trkpt lat="46.806096" lon="3.5491862">
      <ele>235</ele>
    </trkpt>
    <trkpt lat="46.806075" lon="3.5492237">
      <ele>235</ele>
    </trkpt>
    <trkpt lat="46.806057" lon="3.5492666">
      <ele>235</ele>
    </trkpt>
    <trkpt lat="46.806046" lon="3.5493042">
      <ele>235</ele>
    </trkpt>
    <trkpt lat="46.806039" lon="3.5493498">
      <ele>236</ele>
    </trkpt>
    <trkpt lat="46.806035" lon="3.549382">
      <ele>236</ele>
    </trkpt>
    <trkpt lat="46.806029" lon="3.5494276">
      <ele>236</ele>
    </trkpt>
    <trkpt lat="46.805998" lon="3.5496448">
      <ele>236</ele>
    </trkpt>
    <trkpt lat="46.805938" lon="3.5500123">
      <ele>236</ele>
    </trkpt>
    <trkpt lat="46.805822" lon="3.5507418">
      <ele>236</ele>
    </trkpt>
    <trkpt lat="46.805758" lon="3.5511442">
      <ele>236</ele>
    </trkpt>
    <trkpt lat="46.805473" lon="3.5528849">
      <ele>236</ele>
    </trkpt>
    <trkpt lat="46.805414" lon="3.5532417">
      <ele>235</ele>
    </trkpt>
    <trkpt lat="46.80535" lon="3.5536011">
      <ele>235</ele>
    </trkpt>
    <trkpt lat="46.805341" lon="3.5536708">
      <ele>235</ele>
    </trkpt>
    <trkpt lat="46.805332" lon="3.5537674">
      <ele>235</ele>
    </trkpt>
    <trkpt lat="46.805324" lon="3.5538881">
      <ele>235</ele>
    </trkpt>
    <trkpt lat="46.805321" lon="3.5540034">
      <ele>236</ele>
    </trkpt>
    <trkpt lat="46.805293" lon="3.5540168">
      <ele>235</ele>
    </trkpt>
    <trkpt lat="46.805268" lon="3.5540329">
      <ele>236</ele>
    </trkpt>
    <trkpt lat="46.80524" lon="3.5540571">
      <ele>236</ele>
    </trkpt>
    <trkpt lat="46.805214" lon="3.5540839">
      <ele>236</ele>
    </trkpt>
    <trkpt lat="46.805192" lon="3.5541107">
      <ele>236</ele>
    </trkpt>
    <trkpt lat="46.80517" lon="3.5541402">
      <ele>236</ele>
    </trkpt>
    <trkpt lat="46.805148" lon="3.5541697">
      <ele>236</ele>
    </trkpt>
    <trkpt lat="46.805128" lon="3.5542019">
      <ele>236</ele>
    </trkpt>
    <trkpt lat="46.805104" lon="3.5542475">
      <ele>236</ele>
    </trkpt>
    <trkpt lat="46.805082" lon="3.5542904">
      <ele>235</ele>
    </trkpt>
    <trkpt lat="46.805036" lon="3.5543762">
      <ele>234</ele>
    </trkpt>
    <trkpt lat="46.804972" lon="3.5545077">
      <ele>234</ele>
    </trkpt>
    <trkpt lat="46.804939" lon="3.554572">
      <ele>234</ele>
    </trkpt>
    <trkpt lat="46.804913" lon="3.5546257">
      <ele>235</ele>
    </trkpt>
    <trkpt lat="46.804891" lon="3.5546686">
      <ele>235</ele>
    </trkpt>
    <trkpt lat="46.804869" lon="3.5547142">
      <ele>235</ele>
    </trkpt>
    <trkpt lat="46.804843" lon="3.5547571">
      <ele>235</ele>
    </trkpt>
    <trkpt lat="46.804807" lon="3.5548188">
      <ele>234</ele>
    </trkpt>
    <trkpt lat="46.804647" lon="3.5550119">
      <ele>234</ele>
    </trkpt>
    <trkpt lat="46.804485" lon="3.5551997">
      <ele>234</ele>
    </trkpt>
    <trkpt lat="46.804311" lon="3.5554008">
      <ele>233</ele>
    </trkpt>
    <trkpt lat="46.804225" lon="3.5555001">
      <ele>233</ele>
    </trkpt>
    <trkpt lat="46.804138" lon="3.555602">
      <ele>232</ele>
    </trkpt>
    <trkpt lat="46.804083" lon="3.5556852">
      <ele>232</ele>
    </trkpt>
    <trkpt lat="46.804056" lon="3.5557254">
      <ele>232</ele>
    </trkpt>
    <trkpt lat="46.80403" lon="3.555771">
      <ele>232</ele>
    </trkpt>
    <trkpt lat="46.804008" lon="3.5558193">
      <ele>231</ele>
    </trkpt>
    <trkpt lat="46.803986" lon="3.5558702">
      <ele>231</ele>
    </trkpt>
    <trkpt lat="46.803966" lon="3.5559185">
      <ele>231</ele>
    </trkpt>
    <trkpt lat="46.803948" lon="3.5559722">
      <ele>231</ele>
    </trkpt>
    <trkpt lat="46.80392" lon="3.5560526">
      <ele>231</ele>
    </trkpt>
    <trkpt lat="46.803896" lon="3.5561304">
      <ele>231</ele>
    </trkpt>
    <trkpt lat="46.803872" lon="3.5561948">
      <ele>231</ele>
    </trkpt>
    <trkpt lat="46.803826" lon="3.5563182">
      <ele>232</ele>
    </trkpt>
    <trkpt lat="46.803779" lon="3.5564389">
      <ele>232</ele>
    </trkpt>
    <trkpt lat="46.803764" lon="3.5564925">
      <ele>232</ele>
    </trkpt>
    <trkpt lat="46.803725" lon="3.5566025">
      <ele>231</ele>
    </trkpt>
    <trkpt lat="46.803716" lon="3.55664">
      <ele>231</ele>
    </trkpt>
    <trkpt lat="46.803703" lon="3.5567151">
      <ele>232</ele>
    </trkpt>
    <trkpt lat="46.803694" lon="3.5567822">
      <ele>232</ele>
    </trkpt>
    <trkpt lat="46.803687" lon="3.5568519">
      <ele>232</ele>
    </trkpt>
    <trkpt lat="46.803678" lon="3.5569485">
      <ele>232</ele>
    </trkpt>
    <trkpt lat="46.803667" lon="3.5571255">
      <ele>233</ele>
    </trkpt>
    <trkpt lat="46.803654" lon="3.5572301">
      <ele>233</ele>
    </trkpt>
    <trkpt lat="46.803621" lon="3.557434">
      <ele>233</ele>
    </trkpt>
    <trkpt lat="46.803588" lon="3.5576459">
      <ele>233</ele>
    </trkpt>
    <trkpt lat="46.803553" lon="3.5578551">
      <ele>233</ele>
    </trkpt>
    <trkpt lat="46.803518" lon="3.5580616">
      <ele>232</ele>
    </trkpt>
    <trkpt lat="46.80349" lon="3.5582091">
      <ele>232</ele>
    </trkpt>
    <trkpt lat="46.803463" lon="3.5583566">
      <ele>231</ele>
    </trkpt>
    <trkpt lat="46.803433" lon="3.5584934">
      <ele>230</ele>
    </trkpt>
    <trkpt lat="46.803406" lon="3.5586275">
      <ele>229</ele>
    </trkpt>
    <trkpt lat="46.803349" lon="3.5589011">
      <ele>227</ele>
    </trkpt>
    <trkpt lat="46.803325" lon="3.5590406">
      <ele>226</ele>
    </trkpt>
    <trkpt lat="46.803303" lon="3.5591801">
      <ele>226</ele>
    </trkpt>
    <trkpt lat="46.803298" lon="3.5592391">
      <ele>226</ele>
    </trkpt>
    <trkpt lat="46.803294" lon="3.5592954">
      <ele>226</ele>
    </trkpt>
    <trkpt lat="46.803294" lon="3.5593544">
      <ele>226</ele>
    </trkpt>
    <trkpt lat="46.803294" lon="3.5594134">
      <ele>226</ele>
    </trkpt>
    <trkpt lat="46.803296" lon="3.5595288">
      <ele>226</ele>
    </trkpt>
    <trkpt lat="46.803298" lon="3.5595931">
      <ele>225</ele>
    </trkpt>
    <trkpt lat="46.803299" lon="3.5596414">
      <ele>225</ele>
    </trkpt>
    <trkpt lat="46.803305" lon="3.5596736">
      <ele>225</ele>
    </trkpt>
    <trkpt lat="46.803312" lon="3.5597058">
      <ele>225</ele>
    </trkpt>
    <trkpt lat="46.803354" lon="3.5598828">
      <ele>225</ele>
    </trkpt>
    <trkpt lat="46.803362" lon="3.5599204">
      <ele>225</ele>
    </trkpt>
    <trkpt lat="46.803367" lon="3.5599526">
      <ele>225</ele>
    </trkpt>
    <trkpt lat="46.803369" lon="3.5599901">
      <ele>225</ele>
    </trkpt>
    <trkpt lat="46.803371" lon="3.5600277">
      <ele>225</ele>
    </trkpt>
    <trkpt lat="46.803375" lon="3.5601108">
      <ele>225</ele>
    </trkpt>
    <trkpt lat="46.803377" lon="3.5602717">
      <ele>225</ele>
    </trkpt>
    <trkpt lat="46.803375" lon="3.5603415">
      <ele>225</ele>
    </trkpt>
    <trkpt lat="46.803373" lon="3.5604139">
      <ele>225</ele>
    </trkpt>
    <trkpt lat="46.803369" lon="3.5604836">
      <ele>225</ele>
    </trkpt>
    <trkpt lat="46.803364" lon="3.5605507">
      <ele>225</ele>
    </trkpt>
    <trkpt lat="46.803351" lon="3.5606285">
      <ele>225</ele>
    </trkpt>
    <trkpt lat="46.803336" lon="3.5606982">
      <ele>226</ele>
    </trkpt>
    <trkpt lat="46.803314" lon="3.5607814">
      <ele>226</ele>
    </trkpt>
    <trkpt lat="46.80329" lon="3.5608618">
      <ele>226</ele>
    </trkpt>
    <trkpt lat="46.803259" lon="3.5609584">
      <ele>226</ele>
    </trkpt>
    <trkpt lat="46.803224" lon="3.5610576">
      <ele>226</ele>
    </trkpt>
    <trkpt lat="46.803136" lon="3.5612937">
      <ele>225</ele>
    </trkpt>
    <trkpt lat="46.803028" lon="3.5616182">
      <ele>224</ele>
    </trkpt>
    <trkpt lat="46.802993" lon="3.5617094">
      <ele>224</ele>
    </trkpt>
    <trkpt lat="46.802936" lon="3.5618167">
      <ele>223</ele>
    </trkpt>
    <trkpt lat="46.802901" lon="3.5618918">
      <ele>223</ele>
    </trkpt>
    <trkpt lat="46.802574" lon="3.5625248">
      <ele>218</ele>
    </trkpt>
    <trkpt lat="46.802526" lon="3.562624">
      <ele>217</ele>
    </trkpt>
    <trkpt lat="46.80249" lon="3.5627099">
      <ele>216</ele>
    </trkpt>
    <trkpt lat="46.80247" lon="3.5627608">
      <ele>216</ele>
    </trkpt>
    <trkpt lat="46.802457" lon="3.5628064">
      <ele>215</ele>
    </trkpt>
    <trkpt lat="46.802438" lon="3.5628654">
      <ele>215</ele>
    </trkpt>
    <trkpt lat="46.802422" lon="3.5629244">
      <ele>214</ele>
    </trkpt>
    <trkpt lat="46.802409" lon="3.5629808">
      <ele>214</ele>
    </trkpt>
    <trkpt lat="46.802403" lon="3.5630264">
      <ele>214</ele>
    </trkpt>
    <trkpt lat="46.80238" lon="3.5632034">
      <ele>213</ele>
    </trkpt>
    <trkpt lat="46.802345" lon="3.5634528">
      <ele>211</ele>
    </trkpt>
    <trkpt lat="46.802324" lon="3.5635735">
      <ele>210</ele>
    </trkpt>
    <trkpt lat="46.802302" lon="3.5636755">
      <ele>208</ele>
    </trkpt>
    <trkpt lat="46.802291" lon="3.5637211">
      <ele>207</ele>
    </trkpt>
    <trkpt lat="46.802277" lon="3.5637747">
      <ele>207</ele>
    </trkpt>
    <trkpt lat="46.802255" lon="3.5638337">
      <ele>206</ele>
    </trkpt>
    <trkpt lat="46.802225" lon="3.5638874">
      <ele>205</ele>
    </trkpt>
    <trkpt lat="46.802196" lon="3.5639383">
      <ele>204</ele>
    </trkpt>
    <trkpt lat="46.80215" lon="3.564">
      <ele>204</ele>
    </trkpt>
    <trkpt lat="46.802102" lon="3.564059">
      <ele>203</ele>
    </trkpt>
    <trkpt lat="46.802051" lon="3.5641073">
      <ele>202</ele>
    </trkpt>
    <trkpt lat="46.801998" lon="3.5641529">
      <ele>201</ele>
    </trkpt>
    <trkpt lat="46.80191" lon="3.5642226">
      <ele>201</ele>
    </trkpt>
    <trkpt lat="46.801781" lon="3.5643406">
      <ele>199</ele>
    </trkpt>
    <trkpt lat="46.801564" lon="3.564523">
      <ele>198</ele>
    </trkpt>
    <trkpt lat="46.801557" lon="3.5645338">
      <ele>198</ele>
    </trkpt>
    <trkpt lat="46.801552" lon="3.5645525">
      <ele>198</ele>
    </trkpt>
    <trkpt lat="46.801544" lon="3.5645981">
      <ele>198</ele>
    </trkpt>
    <trkpt lat="46.801542" lon="3.564625">
      <ele>198</ele>
    </trkpt>
    <trkpt lat="46.801537" lon="3.5646545">
      <ele>198</ele>
    </trkpt>
    <trkpt lat="46.801529" lon="3.5646706">
      <ele>198</ele>
    </trkpt>
    <trkpt lat="46.801522" lon="3.5646893">
      <ele>197</ele>
    </trkpt>
    <trkpt lat="46.801498" lon="3.5647242">
      <ele>197</ele>
    </trkpt>
    <trkpt lat="46.801473" lon="3.5647591">
      <ele>198</ele>
    </trkpt>
    <trkpt lat="46.801445" lon="3.5647886">
      <ele>198</ele>
    </trkpt>
    <trkpt lat="46.801269" lon="3.5649441">
      <ele>197</ele>
    </trkpt>
    <trkpt lat="46.801243" lon="3.564971">
      <ele>197</ele>
    </trkpt>
    <trkpt lat="46.801219" lon="3.5649978">
      <ele>197</ele>
    </trkpt>
    <trkpt lat="46.801206" lon="3.5650139">
      <ele>197</ele>
    </trkpt>
    <trkpt lat="46.801193" lon="3.56503">
      <ele>197</ele>
    </trkpt>
    <trkpt lat="46.801102" lon="3.5651829">
      <ele>196</ele>
    </trkpt>
    <trkpt lat="46.800988" lon="3.565376">
      <ele>196</ele>
    </trkpt>
    <trkpt lat="46.800845" lon="3.5656335">
      <ele>195</ele>
    </trkpt>
    <trkpt lat="46.800777" lon="3.5657649">
      <ele>196</ele>
    </trkpt>
    <trkpt lat="46.800744" lon="3.565832">
      <ele>196</ele>
    </trkpt>
    <trkpt lat="46.800731" lon="3.5658668">
      <ele>196</ele>
    </trkpt>
    <trkpt lat="46.800714" lon="3.5659151">
      <ele>196</ele>
    </trkpt>
    <trkpt lat="46.800698" lon="3.5659687">
      <ele>196</ele>
    </trkpt>
    <trkpt lat="46.800681" lon="3.5660251">
      <ele>195</ele>
    </trkpt>
    <trkpt lat="46.800622" lon="3.5662584">
      <ele>195</ele>
    </trkpt>
    <trkpt lat="46.800529" lon="3.5666125">
      <ele>195</ele>
    </trkpt>
    <trkpt lat="46.800435" lon="3.5669665">
      <ele>195</ele>
    </trkpt>
    <trkpt lat="46.800389" lon="3.5671436">
      <ele>194</ele>
    </trkpt>
    <trkpt lat="46.800343" lon="3.5673206">
      <ele>195</ele>
    </trkpt>
    <trkpt lat="46.800297" lon="3.5675298">
      <ele>195</ele>
    </trkpt>
    <trkpt lat="46.800252" lon="3.567739">
      <ele>195</ele>
    </trkpt>
    <trkpt lat="46.800235" lon="3.5678382">
      <ele>195</ele>
    </trkpt>
    <trkpt lat="46.80022" lon="3.5679375">
      <ele>195</ele>
    </trkpt>
    <trkpt lat="46.800208" lon="3.5680421">
      <ele>195</ele>
    </trkpt>
    <trkpt lat="46.800197" lon="3.568144">
      <ele>195</ele>
    </trkpt>
    <trkpt lat="46.800163" lon="3.5687287">
      <ele>195</ele>
    </trkpt>
    <trkpt lat="46.800158" lon="3.568777">
      <ele>195</ele>
    </trkpt>
    <trkpt lat="46.800147" lon="3.5688414">
      <ele>195</ele>
    </trkpt>
    <trkpt lat="46.800132" lon="3.5689138">
      <ele>195</ele>
    </trkpt>
    <trkpt lat="46.800101" lon="3.569056">
      <ele>195</ele>
    </trkpt>
    <trkpt lat="46.80004" lon="3.5693349">
      <ele>196</ele>
    </trkpt>
    <trkpt lat="46.799982" lon="3.5696139">
      <ele>196</ele>
    </trkpt>
    <trkpt lat="46.799952" lon="3.5697507">
      <ele>196</ele>
    </trkpt>
    <trkpt lat="46.799934" lon="3.5698204">
      <ele>196</ele>
    </trkpt>
    <trkpt lat="46.799912" lon="3.5698875">
      <ele>196</ele>
    </trkpt>
    <trkpt lat="46.799888" lon="3.5699518">
      <ele>196</ele>
    </trkpt>
    <trkpt lat="46.799861" lon="3.5700135">
      <ele>196</ele>
    </trkpt>
    <trkpt lat="46.799831" lon="3.5700752">
      <ele>196</ele>
    </trkpt>
    <trkpt lat="46.799802" lon="3.5701369">
      <ele>196</ele>
    </trkpt>
    <trkpt lat="46.799769" lon="3.5701932">
      <ele>196</ele>
    </trkpt>
    <trkpt lat="46.799734" lon="3.5702496">
      <ele>196</ele>
    </trkpt>
    <trkpt lat="46.799668" lon="3.5703542">
      <ele>196</ele>
    </trkpt>
    <trkpt lat="46.799603" lon="3.5704588">
      <ele>195</ele>
    </trkpt>
    <trkpt lat="46.799541" lon="3.5705661">
      <ele>195</ele>
    </trkpt>
    <trkpt lat="46.799506" lon="3.5706304">
      <ele>195</ele>
    </trkpt>
    <trkpt lat="46.79948" lon="3.5706921">
      <ele>195</ele>
    </trkpt>
    <trkpt lat="46.79946" lon="3.5707538">
      <ele>196</ele>
    </trkpt>
    <trkpt lat="46.799444" lon="3.5708209">
      <ele>196</ele>
    </trkpt>
    <trkpt lat="46.799427" lon="3.5709282">
      <ele>196</ele>
    </trkpt>
    <trkpt lat="46.799412" lon="3.5710381">
      <ele>196</ele>
    </trkpt>
    <trkpt lat="46.799396" lon="3.5711481">
      <ele>196</ele>
    </trkpt>
    <trkpt lat="46.799378" lon="3.5712527">
      <ele>196</ele>
    </trkpt>
    <trkpt lat="46.799354" lon="3.5713546">
      <ele>196</ele>
    </trkpt>
    <trkpt lat="46.799326" lon="3.5714539">
      <ele>196</ele>
    </trkpt>
    <trkpt lat="46.799299" lon="3.5715451">
      <ele>195</ele>
    </trkpt>
    <trkpt lat="46.799267" lon="3.5716363">
      <ele>195</ele>
    </trkpt>
    <trkpt lat="46.79924" lon="3.5717006">
      <ele>195</ele>
    </trkpt>
    <trkpt lat="46.799212" lon="3.5717623">
      <ele>195</ele>
    </trkpt>
    <trkpt lat="46.799183" lon="3.5718213">
      <ele>195</ele>
    </trkpt>
    <trkpt lat="46.799152" lon="3.5718803">
      <ele>195</ele>
    </trkpt>
    <trkpt lat="46.799032" lon="3.572103">
      <ele>195</ele>
    </trkpt>
    <trkpt lat="46.798988" lon="3.5721915">
      <ele>194</ele>
    </trkpt>
    <trkpt lat="46.798944" lon="3.5722827">
      <ele>194</ele>
    </trkpt>
    <trkpt lat="46.7989" lon="3.5723765">
      <ele>195</ele>
    </trkpt>
    <trkpt lat="46.798882" lon="3.5724221">
      <ele>195</ele>
    </trkpt>
    <trkpt lat="46.79886" lon="3.5724758">
      <ele>195</ele>
    </trkpt>
    <trkpt lat="46.798812" lon="3.5726099">
      <ele>194</ele>
    </trkpt>
    <trkpt lat="46.798762" lon="3.5727521">
      <ele>194</ele>
    </trkpt>
    <trkpt lat="46.798713" lon="3.5728942">
      <ele>194</ele>
    </trkpt>
    <trkpt lat="46.798667" lon="3.5730364">
      <ele>194</ele>
    </trkpt>
    <trkpt lat="46.798658" lon="3.5730659">
      <ele>194</ele>
    </trkpt>
    <trkpt lat="46.798649" lon="3.5730981">
      <ele>194</ele>
    </trkpt>
    <trkpt lat="46.798636" lon="3.5731383">
      <ele>194</ele>
    </trkpt>
    <trkpt lat="46.798595" lon="3.5732885">
      <ele>194</ele>
    </trkpt>
    <trkpt lat="46.798548" lon="3.5734763">
      <ele>194</ele>
    </trkpt>
    <trkpt lat="46.798504" lon="3.5736345">
      <ele>194</ele>
    </trkpt>
    <trkpt lat="46.798449" lon="3.5738035">
      <ele>194</ele>
    </trkpt>
    <trkpt lat="46.798392" lon="3.5739698">
      <ele>194</ele>
    </trkpt>
    <trkpt lat="46.79837" lon="3.5740207">
      <ele>194</ele>
    </trkpt>
    <trkpt lat="46.798344" lon="3.574069">
      <ele>194</ele>
    </trkpt>
    <trkpt lat="46.798318" lon="3.5741119">
      <ele>194</ele>
    </trkpt>
    <trkpt lat="46.798292" lon="3.5741495">
      <ele>194</ele>
    </trkpt>
    <trkpt lat="46.797505" lon="3.5751044">
      <ele>195</ele>
    </trkpt>
    <trkpt lat="46.797483" lon="3.5751392">
      <ele>195</ele>
    </trkpt>
    <trkpt lat="46.79747" lon="3.575166">
      <ele>195</ele>
    </trkpt>
    <trkpt lat="46.797461" lon="3.5751902">
      <ele>195</ele>
    </trkpt>
    <trkpt lat="46.797453" lon="3.5752251">
      <ele>195</ele>
    </trkpt>
    <trkpt lat="46.797451" lon="3.5752572">
      <ele>195</ele>
    </trkpt>
    <trkpt lat="46.797451" lon="3.5752948">
      <ele>195</ele>
    </trkpt>
    <trkpt lat="46.797461" lon="3.5753538">
      <ele>195</ele>
    </trkpt>
    <trkpt lat="46.797477" lon="3.5754128">
      <ele>195</ele>
    </trkpt>
    <trkpt lat="46.797492" lon="3.5755067">
      <ele>196</ele>
    </trkpt>
    <trkpt lat="46.79745" lon="3.5755147">
      <ele>196</ele>
    </trkpt>
    <trkpt lat="46.797411" lon="3.5755281">
      <ele>196</ele>
    </trkpt>
    <trkpt lat="46.797371" lon="3.5755389">
      <ele>196</ele>
    </trkpt>
    <trkpt lat="46.797332" lon="3.575555">
      <ele>195</ele>
    </trkpt>
    <trkpt lat="46.79729" lon="3.5755764">
      <ele>195</ele>
    </trkpt>
    <trkpt lat="46.797251" lon="3.5755979">
      <ele>195</ele>
    </trkpt>
    <trkpt lat="46.797174" lon="3.5756462">
      <ele>195</ele>
    </trkpt>
    <trkpt lat="46.797024" lon="3.5757454">
      <ele>195</ele>
    </trkpt>
    <trkpt lat="46.796956" lon="3.5757883">
      <ele>195</ele>
    </trkpt>
    <trkpt lat="46.796888" lon="3.5758259">
      <ele>195</ele>
    </trkpt>
    <trkpt lat="46.796805" lon="3.5758741">
      <ele>195</ele>
    </trkpt>
    <trkpt lat="46.796765" lon="3.5758876">
      <ele>195</ele>
    </trkpt>
    <trkpt lat="46.796723" lon="3.5758983">
      <ele>195</ele>
    </trkpt>
    <trkpt lat="46.796684" lon="3.575901">
      <ele>195</ele>
    </trkpt>
    <trkpt lat="46.796568" lon="3.575909">
      <ele>194</ele>
    </trkpt>
    <trkpt lat="46.7965" lon="3.5759278">
      <ele>194</ele>
    </trkpt>
    <trkpt lat="46.796432" lon="3.5759546">
      <ele>194</ele>
    </trkpt>
    <trkpt lat="46.796342" lon="3.5760029">
      <ele>194</ele>
    </trkpt>
    <trkpt lat="46.79628" lon="3.5760404">
      <ele>194</ele>
    </trkpt>
    <trkpt lat="46.796221" lon="3.5760887">
      <ele>194</ele>
    </trkpt>
    <trkpt lat="46.795975" lon="3.5762953">
      <ele>194</ele>
    </trkpt>
    <trkpt lat="46.795692" lon="3.5765232">
      <ele>194</ele>
    </trkpt>
    <trkpt lat="46.795413" lon="3.5767325">
      <ele>194</ele>
    </trkpt>
    <trkpt lat="46.795272" lon="3.5768371">
      <ele>194</ele>
    </trkpt>
    <trkpt lat="46.795134" lon="3.576947">
      <ele>194</ele>
    </trkpt>
    <trkpt lat="46.795072" lon="3.576998">
      <ele>194</ele>
    </trkpt>
    <trkpt lat="46.795011" lon="3.5770543">
      <ele>194</ele>
    </trkpt>
    <trkpt lat="46.794881" lon="3.577175">
      <ele>194</ele>
    </trkpt>
    <trkpt lat="46.794774" lon="3.5772877">
      <ele>195</ele>
    </trkpt>
    <trkpt lat="46.794693" lon="3.5773815">
      <ele>194</ele>
    </trkpt>
    <trkpt lat="46.794611" lon="3.5774781">
      <ele>194</ele>
    </trkpt>
    <trkpt lat="46.794567" lon="3.5775237">
      <ele>195</ele>
    </trkpt>
    <trkpt lat="46.794532" lon="3.5775559">
      <ele>195</ele>
    </trkpt>
    <trkpt lat="46.794493" lon="3.5775747">
      <ele>195</ele>
    </trkpt>
    <trkpt lat="46.794457" lon="3.5775908">
      <ele>195</ele>
    </trkpt>
    <trkpt lat="46.794381" lon="3.5776069">
      <ele>195</ele>
    </trkpt>
    <trkpt lat="46.794302" lon="3.5776176">
      <ele>195</ele>
    </trkpt>
    <trkpt lat="46.794225" lon="3.5776256">
      <ele>195</ele>
    </trkpt>
    <trkpt lat="46.794152" lon="3.5776229">
      <ele>195</ele>
    </trkpt>
    <trkpt lat="46.79408" lon="3.5776203">
      <ele>195</ele>
    </trkpt>
    <trkpt lat="46.79404" lon="3.5776149">
      <ele>195</ele>
    </trkpt>
    <trkpt lat="46.793999" lon="3.5776069">
      <ele>194</ele>
    </trkpt>
    <trkpt lat="46.793966" lon="3.5775988">
      <ele>194</ele>
    </trkpt>
    <trkpt lat="46.793935" lon="3.5775881">
      <ele>194</ele>
    </trkpt>
    <trkpt lat="46.792716" lon="3.5770624">
      <ele>194</ele>
    </trkpt>
    <trkpt lat="46.792677" lon="3.5770409">
      <ele>194</ele>
    </trkpt>
    <trkpt lat="46.79264" lon="3.5770168">
      <ele>194</ele>
    </trkpt>
    <trkpt lat="46.792613" lon="3.5769953">
      <ele>194</ele>
    </trkpt>
    <trkpt lat="46.792589" lon="3.5769712">
      <ele>194</ele>
    </trkpt>
    <trkpt lat="46.792565" lon="3.5769336">
      <ele>194</ele>
    </trkpt>
    <trkpt lat="46.792547" lon="3.5768934">
      <ele>194</ele>
    </trkpt>
    <trkpt lat="46.792514" lon="3.5768129">
      <ele>194</ele>
    </trkpt>
    <trkpt lat="46.792282" lon="3.5759841">
      <ele>194</ele>
    </trkpt>
    <trkpt lat="46.792146" lon="3.575504">
      <ele>194</ele>
    </trkpt>
    <trkpt lat="46.792009" lon="3.5750266">
      <ele>194</ele>
    </trkpt>
    <trkpt lat="46.791922" lon="3.5746859">
      <ele>194</ele>
    </trkpt>
    <trkpt lat="46.791889" lon="3.5745196">
      <ele>194</ele>
    </trkpt>
    <trkpt lat="46.79186" lon="3.5743507">
      <ele>194</ele>
    </trkpt>
    <trkpt lat="46.791849" lon="3.5742809">
      <ele>194</ele>
    </trkpt>
    <trkpt lat="46.79184" lon="3.5742112">
      <ele>194</ele>
    </trkpt>
    <trkpt lat="46.791834" lon="3.574128">
      <ele>194</ele>
    </trkpt>
    <trkpt lat="46.791829" lon="3.5740422">
      <ele>194</ele>
    </trkpt>
    <trkpt lat="46.791816" lon="3.5737659">
      <ele>194</ele>
    </trkpt>
    <trkpt lat="46.791809" lon="3.5735809">
      <ele>194</ele>
    </trkpt>
    <trkpt lat="46.791803" lon="3.5735084">
      <ele>194</ele>
    </trkpt>
    <trkpt lat="46.791798" lon="3.5734333">
      <ele>194</ele>
    </trkpt>
    <trkpt lat="46.791779" lon="3.5732885">
      <ele>194</ele>
    </trkpt>
    <trkpt lat="46.791761" lon="3.5731517">
      <ele>194</ele>
    </trkpt>
    <trkpt lat="46.791676" lon="3.572575">
      <ele>194</ele>
    </trkpt>
    <trkpt lat="46.791654" lon="3.5724034">
      <ele>194</ele>
    </trkpt>
    <trkpt lat="46.791636" lon="3.572229">
      <ele>194</ele>
    </trkpt>
    <trkpt lat="46.791629" lon="3.572103">
      <ele>194</ele>
    </trkpt>
    <trkpt lat="46.791625" lon="3.5720171">
      <ele>194</ele>
    </trkpt>
    <trkpt lat="46.791623" lon="3.5719367">
      <ele>194</ele>
    </trkpt>
    <trkpt lat="46.791616" lon="3.5718535">
      <ele>194</ele>
    </trkpt>
    <trkpt lat="46.791607" lon="3.5718026">
      <ele>194</ele>
    </trkpt>
    <trkpt lat="46.791596" lon="3.5717596">
      <ele>194</ele>
    </trkpt>
    <trkpt lat="46.791577" lon="3.5717248">
      <ele>194</ele>
    </trkpt>
    <trkpt lat="46.791553" lon="3.5716899">
      <ele>194</ele>
    </trkpt>
    <trkpt lat="46.79152" lon="3.5716577">
      <ele>194</ele>
    </trkpt>
    <trkpt lat="46.791482" lon="3.5716282">
      <ele>194</ele>
    </trkpt>
    <trkpt lat="46.791414" lon="3.5715933">
      <ele>194</ele>
    </trkpt>
    <trkpt lat="46.791357" lon="3.5715612">
      <ele>194</ele>
    </trkpt>
    <trkpt lat="46.791304" lon="3.5715263">
      <ele>194</ele>
    </trkpt>
    <trkpt lat="46.791258" lon="3.5714834">
      <ele>194</ele>
    </trkpt>
    <trkpt lat="46.791226" lon="3.5714485">
      <ele>194</ele>
    </trkpt>
    <trkpt lat="46.791199" lon="3.5714056">
      <ele>194</ele>
    </trkpt>
    <trkpt lat="46.791173" lon="3.5713573">
      <ele>194</ele>
    </trkpt>
    <trkpt lat="46.791127" lon="3.5712607">
      <ele>194</ele>
    </trkpt>
    <trkpt lat="46.791039" lon="3.5710489">
      <ele>194</ele>
    </trkpt>
    <trkpt lat="46.790861" lon="3.5706331">
      <ele>194</ele>
    </trkpt>
    <trkpt lat="46.790826" lon="3.57055">
      <ele>194</ele>
    </trkpt>
    <trkpt lat="46.790815" lon="3.5705017">
      <ele>194</ele>
    </trkpt>
    <trkpt lat="46.79081" lon="3.5704427">
      <ele>194</ele>
    </trkpt>
    <trkpt lat="46.790808" lon="3.5703676">
      <ele>194</ele>
    </trkpt>
    <trkpt lat="46.79081" lon="3.5703112">
      <ele>194</ele>
    </trkpt>
    <trkpt lat="46.790815" lon="3.5702147">
      <ele>194</ele>
    </trkpt>
    <trkpt lat="46.790824" lon="3.5701154">
      <ele>194</ele>
    </trkpt>
    <trkpt lat="46.790835" lon="3.5699652">
      <ele>194</ele>
    </trkpt>
    <trkpt lat="46.790832" lon="3.5698955">
      <ele>194</ele>
    </trkpt>
    <trkpt lat="46.790819" lon="3.5698258">
      <ele>194</ele>
    </trkpt>
    <trkpt lat="46.790799" lon="3.5697641">
      <ele>194</ele>
    </trkpt>
    <trkpt lat="46.790769" lon="3.5697104">
      <ele>194</ele>
    </trkpt>
    <trkpt lat="46.790736" lon="3.5696675">
      <ele>194</ele>
    </trkpt>
    <trkpt lat="46.790696" lon="3.56963">
      <ele>194</ele>
    </trkpt>
    <trkpt lat="46.790171" lon="3.569233">
      <ele>194</ele>
    </trkpt>
    <trkpt lat="46.79004" lon="3.569174">
      <ele>194</ele>
    </trkpt>
    <trkpt lat="46.790005" lon="3.5691713">
      <ele>194</ele>
    </trkpt>
    <trkpt lat="46.789976" lon="3.569182">
      <ele>194</ele>
    </trkpt>
    <trkpt lat="46.789829" lon="3.5692759">
      <ele>194</ele>
    </trkpt>
    <trkpt lat="46.789772" lon="3.5693135">
      <ele>194</ele>
    </trkpt>
    <trkpt lat="46.789743" lon="3.5693296">
      <ele>193</ele>
    </trkpt>
    <trkpt lat="46.789711" lon="3.5693403">
      <ele>193</ele>
    </trkpt>
    <trkpt lat="46.789689" lon="3.569343">
      <ele>193</ele>
    </trkpt>
    <trkpt lat="46.789665" lon="3.5693403">
      <ele>194</ele>
    </trkpt>
    <trkpt lat="46.789638" lon="3.5693349">
      <ele>194</ele>
    </trkpt>
    <trkpt lat="46.789609" lon="3.5693242">
      <ele>194</ele>
    </trkpt>
    <trkpt lat="46.789104" lon="3.5691069">
      <ele>194</ele>
    </trkpt>
    <trkpt lat="46.78899" lon="3.5690479">
      <ele>194</ele>
    </trkpt>
    <trkpt lat="46.788878" lon="3.5689836">
      <ele>194</ele>
    </trkpt>
    <trkpt lat="46.788597" lon="3.5688038">
      <ele>194</ele>
    </trkpt>
    <trkpt lat="46.788553" lon="3.5687797">
      <ele>194</ele>
    </trkpt>
    <trkpt lat="46.788521" lon="3.5687717">
      <ele>194</ele>
    </trkpt>
    <trkpt lat="46.788492" lon="3.568777">
      <ele>194</ele>
    </trkpt>
    <trkpt lat="46.78847" lon="3.5687904">
      <ele>194</ele>
    </trkpt>
    <trkpt lat="46.788446" lon="3.5688173">
      <ele>194</ele>
    </trkpt>
    <trkpt lat="46.78816" lon="3.5696809">
      <ele>194</ele>
    </trkpt>
    <trkpt lat="46.788138" lon="3.5697399">
      <ele>194</ele>
    </trkpt>
    <trkpt lat="46.788123" lon="3.5697641">
      <ele>194</ele>
    </trkpt>
    <trkpt lat="46.788104" lon="3.5697802">
      <ele>194</ele>
    </trkpt>
    <trkpt lat="46.788073" lon="3.5697828">
      <ele>194</ele>
    </trkpt>
    <trkpt lat="46.788033" lon="3.5697802">
      <ele>194</ele>
    </trkpt>
    <trkpt lat="46.787734" lon="3.5697131">
      <ele>194</ele>
    </trkpt>
    <trkpt lat="46.787432" lon="3.5696541">
      <ele>194</ele>
    </trkpt>
    <trkpt lat="46.787388" lon="3.5696514">
      <ele>194</ele>
    </trkpt>
    <trkpt lat="46.787418" lon="3.5706143">
      <ele>194</ele>
    </trkpt>
    <trkpt lat="46.787427" lon="3.5709094">
      <ele>194</ele>
    </trkpt>
    <trkpt lat="46.787434" lon="3.5710489">
      <ele>194</ele>
    </trkpt>
    <trkpt lat="46.787442" lon="3.5711293">
      <ele>194</ele>
    </trkpt>
    <trkpt lat="46.787465" lon="3.5712849">
      <ele>194</ele>
    </trkpt>
    <trkpt lat="46.787491" lon="3.5714405">
      <ele>194</ele>
    </trkpt>
    <trkpt lat="46.787524" lon="3.5716631">
      <ele>194</ele>
    </trkpt>
    <trkpt lat="46.787583" lon="3.572103">
      <ele>194</ele>
    </trkpt>
    <trkpt lat="46.787697" lon="3.5729908">
      <ele>194</ele>
    </trkpt>
    <trkpt lat="46.787724" lon="3.5731463">
      <ele>194</ele>
    </trkpt>
    <trkpt lat="46.787759" lon="3.5733126">
      <ele>194</ele>
    </trkpt>
    <trkpt lat="46.787783" lon="3.5733931">
      <ele>194</ele>
    </trkpt>
    <trkpt lat="46.787812" lon="3.5734709">
      <ele>194</ele>
    </trkpt>
    <trkpt lat="46.787851" lon="3.5735567">
      <ele>194</ele>
    </trkpt>
    <trkpt lat="46.787888" lon="3.5736372">
      <ele>194</ele>
    </trkpt>
    <trkpt lat="46.788068" lon="3.5739859">
      <ele>194</ele>
    </trkpt>
    <trkpt lat="46.788248" lon="3.5743453">
      <ele>194</ele>
    </trkpt>
    <trkpt lat="46.788435" lon="3.5747074">
      <ele>194</ele>
    </trkpt>
    <trkpt lat="46.788532" lon="3.5748925">
      <ele>194</ele>
    </trkpt>
    <trkpt lat="46.788573" lon="3.5749729">
      <ele>194</ele>
    </trkpt>
    <trkpt lat="46.788608" lon="3.5750534">
      <ele>194</ele>
    </trkpt>
    <trkpt lat="46.788637" lon="3.5751312">
      <ele>194</ele>
    </trkpt>
    <trkpt lat="46.78867" lon="3.5752358">
      <ele>194</ele>
    </trkpt>
    <trkpt lat="46.788773" lon="3.5756408">
      <ele>194</ele>
    </trkpt>
    <trkpt lat="46.788861" lon="3.5760458">
      <ele>194</ele>
    </trkpt>
    <trkpt lat="46.788962" lon="3.5764642">
      <ele>194</ele>
    </trkpt>
    <trkpt lat="46.789012" lon="3.57666">
      <ele>195</ele>
    </trkpt>
    <trkpt lat="46.789076" lon="3.5768478">
      <ele>195</ele>
    </trkpt>
    <trkpt lat="46.789192" lon="3.577108">
      <ele>195</ele>
    </trkpt>
    <trkpt lat="46.789313" lon="3.5773708">
      <ele>195</ele>
    </trkpt>
    <trkpt lat="46.789517" lon="3.5777785">
      <ele>195</ele>
    </trkpt>
    <trkpt lat="46.789972" lon="3.5786985">
      <ele>195</ele>
    </trkpt>
    <trkpt lat="46.790075" lon="3.5788889">
      <ele>194</ele>
    </trkpt>
    <trkpt lat="46.79013" lon="3.5789775">
      <ele>194</ele>
    </trkpt>
    <trkpt lat="46.790191" lon="3.5790579">
      <ele>194</ele>
    </trkpt>
    <trkpt lat="46.790246" lon="3.5791143">
      <ele>194</ele>
    </trkpt>
    <trkpt lat="46.79042" lon="3.5792886">
      <ele>194</ele>
    </trkpt>
    <trkpt lat="46.790459" lon="3.5793396">
      <ele>194</ele>
    </trkpt>
    <trkpt lat="46.790496" lon="3.5793986">
      <ele>195</ele>
    </trkpt>
    <trkpt lat="46.790545" lon="3.5795032">
      <ele>195</ele>
    </trkpt>
    <trkpt lat="46.790565" lon="3.5795675">
      <ele>195</ele>
    </trkpt>
    <trkpt lat="46.790578" lon="3.5796292">
      <ele>195</ele>
    </trkpt>
    <trkpt lat="46.790584" lon="3.5797017">
      <ele>195</ele>
    </trkpt>
    <trkpt lat="46.790582" lon="3.5797821">
      <ele>195</ele>
    </trkpt>
    <trkpt lat="46.790569" lon="3.5798385">
      <ele>195</ele>
    </trkpt>
    <trkpt lat="46.790554" lon="3.5798894">
      <ele>195</ele>
    </trkpt>
    <trkpt lat="46.790519" lon="3.5799806">
      <ele>195</ele>
    </trkpt>
    <trkpt lat="46.790431" lon="3.5801925">
      <ele>195</ele>
    </trkpt>
    <trkpt lat="46.790411" lon="3.5802596">
      <ele>195</ele>
    </trkpt>
    <trkpt lat="46.790402" lon="3.5803052">
      <ele>194</ele>
    </trkpt>
    <trkpt lat="46.7904" lon="3.5803615">
      <ele>194</ele>
    </trkpt>
    <trkpt lat="46.790406" lon="3.5804044">
      <ele>194</ele>
    </trkpt>
    <trkpt lat="46.790415" lon="3.5804607">
      <ele>194</ele>
    </trkpt>
    <trkpt lat="46.790433" lon="3.5805224">
      <ele>194</ele>
    </trkpt>
    <trkpt lat="46.790455" lon="3.5805761">
      <ele>194</ele>
    </trkpt>
    <trkpt lat="46.790505" lon="3.5807021">
      <ele>194</ele>
    </trkpt>
    <trkpt lat="46.79053" lon="3.5807799">
      <ele>195</ele>
    </trkpt>
    <trkpt lat="46.790543" lon="3.580847">
      <ele>195</ele>
    </trkpt>
    <trkpt lat="46.790545" lon="3.5809194">
      <ele>195</ele>
    </trkpt>
    <trkpt lat="46.790532" lon="3.5809784">
      <ele>195</ele>
    </trkpt>
    <trkpt lat="46.790514" lon="3.581032">
      <ele>195</ele>
    </trkpt>
    <trkpt lat="46.790479" lon="3.5810857">
      <ele>195</ele>
    </trkpt>
    <trkpt lat="46.790374" lon="3.5812708">
      <ele>195</ele>
    </trkpt>
    <trkpt lat="46.790343" lon="3.5813298">
      <ele>195</ele>
    </trkpt>
    <trkpt lat="46.790321" lon="3.5814049">
      <ele>195</ele>
    </trkpt>
    <trkpt lat="46.790306" lon="3.5814773">
      <ele>195</ele>
    </trkpt>
    <trkpt lat="46.79029" lon="3.5816302">
      <ele>195</ele>
    </trkpt>
    <trkpt lat="46.790279" lon="3.5818018">
      <ele>195</ele>
    </trkpt>
    <trkpt lat="46.790277" lon="3.5819762">
      <ele>195</ele>
    </trkpt>
    <trkpt lat="46.790283" lon="3.5820647">
      <ele>195</ele>
    </trkpt>
    <trkpt lat="46.79029" lon="3.5821478">
      <ele>195</ele>
    </trkpt>
    <trkpt lat="46.790303" lon="3.582231">
      <ele>195</ele>
    </trkpt>
    <trkpt lat="46.790321" lon="3.5823114">
      <ele>195</ele>
    </trkpt>
    <trkpt lat="46.790347" lon="3.5824053">
      <ele>195</ele>
    </trkpt>
    <trkpt lat="46.790384" lon="3.5824965">
      <ele>195</ele>
    </trkpt>
    <trkpt lat="46.790418" lon="3.582577">
      <ele>195</ele>
    </trkpt>
    <trkpt lat="46.790468" lon="3.582687">
      <ele>195</ele>
    </trkpt>
    <trkpt lat="46.79049" lon="3.5827352">
      <ele>195</ele>
    </trkpt>
    <trkpt lat="46.790507" lon="3.5827969">
      <ele>195</ele>
    </trkpt>
    <trkpt lat="46.790518" lon="3.5828586">
      <ele>195</ele>
    </trkpt>
    <trkpt lat="46.790521" lon="3.5829149">
      <ele>195</ele>
    </trkpt>
    <trkpt lat="46.790518" lon="3.5829793">
      <ele>195</ele>
    </trkpt>
    <trkpt lat="46.79051" lon="3.583041">
      <ele>195</ele>
    </trkpt>
    <trkpt lat="46.790418" lon="3.583438">
      <ele>195</ele>
    </trkpt>
    <trkpt lat="46.790385" lon="3.5835614">
      <ele>195</ele>
    </trkpt>
    <trkpt lat="46.790349" lon="3.5836901">
      <ele>195</ele>
    </trkpt>
    <trkpt lat="46.79031" lon="3.5838054">
      <ele>195</ele>
    </trkpt>
    <trkpt lat="46.790257" lon="3.5839154">
      <ele>195</ele>
    </trkpt>
    <trkpt lat="46.790145" lon="3.5841058">
      <ele>195</ele>
    </trkpt>
    <trkpt lat="46.790027" lon="3.5842882">
      <ele>194</ele>
    </trkpt>
    <trkpt lat="46.789904" lon="3.5844653">
      <ele>194</ele>
    </trkpt>
    <trkpt lat="46.789845" lon="3.5845511">
      <ele>195</ele>
    </trkpt>
    <trkpt lat="46.789818" lon="3.5846021">
      <ele>195</ele>
    </trkpt>
    <trkpt lat="46.789794" lon="3.584653">
      <ele>195</ele>
    </trkpt>
    <trkpt lat="46.789772" lon="3.5847228">
      <ele>195</ele>
    </trkpt>
    <trkpt lat="46.789715" lon="3.5849346">
      <ele>195</ele>
    </trkpt>
    <trkpt lat="46.789686" lon="3.5850875">
      <ele>195</ele>
    </trkpt>
    <trkpt lat="46.789658" lon="3.5852404">
      <ele>195</ele>
    </trkpt>
    <trkpt lat="46.789638" lon="3.5853826">
      <ele>195</ele>
    </trkpt>
    <trkpt lat="46.789621" lon="3.5855247">
      <ele>195</ele>
    </trkpt>
    <trkpt lat="46.789598" lon="3.585809">
      <ele>195</ele>
    </trkpt>
    <trkpt lat="46.789555" lon="3.5864662">
      <ele>194</ele>
    </trkpt>
    <trkpt lat="46.789546" lon="3.5867344">
      <ele>194</ele>
    </trkpt>
    <trkpt lat="46.789541" lon="3.586949">
      <ele>194</ele>
    </trkpt>
    <trkpt lat="46.789539" lon="3.5870321">
      <ele>194</ele>
    </trkpt>
    <trkpt lat="46.789539" lon="3.5871394">
      <ele>194</ele>
    </trkpt>
    <trkpt lat="46.789541" lon="3.5876625">
      <ele>195</ele>
    </trkpt>
    <trkpt lat="46.789539" lon="3.5879602">
      <ele>195</ele>
    </trkpt>
    <trkpt lat="46.789533" lon="3.5880943">
      <ele>195</ele>
    </trkpt>
    <trkpt lat="46.789519" lon="3.5882686">
      <ele>195</ele>
    </trkpt>
    <trkpt lat="46.789491" lon="3.5885047">
      <ele>195</ele>
    </trkpt>
    <trkpt lat="46.789447" lon="3.5888534">
      <ele>195</ele>
    </trkpt>
    <trkpt lat="46.789405" lon="3.5891591">
      <ele>195</ele>
    </trkpt>
    <trkpt lat="46.789383" lon="3.5892798">
      <ele>195</ele>
    </trkpt>
    <trkpt lat="46.789355" lon="3.5893952">
      <ele>195</ele>
    </trkpt>
    <trkpt lat="46.789317" lon="3.5895427">
      <ele>195</ele>
    </trkpt>
    <trkpt lat="46.789276" lon="3.5896741">
      <ele>195</ele>
    </trkpt>
    <trkpt lat="46.789194" lon="3.5899316">
      <ele>195</ele>
    </trkpt>
    <trkpt lat="46.789078" lon="3.5902615">
      <ele>195</ele>
    </trkpt>
    <trkpt lat="46.788958" lon="3.5905887">
      <ele>195</ele>
    </trkpt>
    <trkpt lat="46.788716" lon="3.5912405">
      <ele>195</ele>
    </trkpt>
    <trkpt lat="46.788703" lon="3.5912808">
      <ele>195</ele>
    </trkpt>
    <trkpt lat="46.788687" lon="3.5913505">
      <ele>195</ele>
    </trkpt>
    <trkpt lat="46.788679" lon="3.5914015">
      <ele>195</ele>
    </trkpt>
    <trkpt lat="46.788659" lon="3.5920881">
      <ele>195</ele>
    </trkpt>
    <trkpt lat="46.788652" lon="3.5921659">
      <ele>195</ele>
    </trkpt>
    <trkpt lat="46.788639" lon="3.5922383">
      <ele>195</ele>
    </trkpt>
    <trkpt lat="46.788622" lon="3.5922866">
      <ele>195</ele>
    </trkpt>
    <trkpt lat="46.7886" lon="3.5923295">
      <ele>195</ele>
    </trkpt>
    <trkpt lat="46.788573" lon="3.5923778">
      <ele>195</ele>
    </trkpt>
    <trkpt lat="46.788543" lon="3.5924261">
      <ele>195</ele>
    </trkpt>
    <trkpt lat="46.788496" lon="3.5924877">
      <ele>195</ele>
    </trkpt>
    <trkpt lat="46.788448" lon="3.592536">
      <ele>195</ele>
    </trkpt>
    <trkpt lat="46.7884" lon="3.5925789">
      <ele>195</ele>
    </trkpt>
    <trkpt lat="46.788308" lon="3.5926487">
      <ele>195</ele>
    </trkpt>
    <trkpt lat="46.788204" lon="3.5927077">
      <ele>195</ele>
    </trkpt>
    <trkpt lat="46.788101" lon="3.592764">
      <ele>195</ele>
    </trkpt>
    <trkpt lat="46.788011" lon="3.5928284">
      <ele>195</ele>
    </trkpt>
    <trkpt lat="46.787923" lon="3.5929035">
      <ele>195</ele>
    </trkpt>
    <trkpt lat="46.787851" lon="3.5929813">
      <ele>196</ele>
    </trkpt>
    <trkpt lat="46.787787" lon="3.5930778">
      <ele>196</ele>
    </trkpt>
    <trkpt lat="46.787923" lon="3.5934641">
      <ele>195</ele>
    </trkpt>
    <trkpt lat="46.788059" lon="3.5939227">
      <ele>196</ele>
    </trkpt>
    <trkpt lat="46.788178" lon="3.5943787">
      <ele>196</ele>
    </trkpt>
    <trkpt lat="46.788226" lon="3.5946201">
      <ele>196</ele>
    </trkpt>
    <trkpt lat="46.788266" lon="3.594891">
      <ele>196</ele>
    </trkpt>
    <trkpt lat="46.788283" lon="3.5951646">
      <ele>196</ele>
    </trkpt>
    <trkpt lat="46.788292" lon="3.5954489">
      <ele>196</ele>
    </trkpt>
    <trkpt lat="46.788644" lon="3.5961463">
      <ele>196</ele>
    </trkpt>
    <trkpt lat="46.788832" lon="3.5963609">
      <ele>196</ele>
    </trkpt>
    <trkpt lat="46.789126" lon="3.5966291">
      <ele>197</ele>
    </trkpt>
    <trkpt lat="46.789052" lon="3.5968758">
      <ele>198</ele>
    </trkpt>
    <trkpt lat="46.788995" lon="3.5970287">
      <ele>198</ele>
    </trkpt>
    <trkpt lat="46.788935" lon="3.5971923">
      <ele>198</ele>
    </trkpt>
    <trkpt lat="46.788876" lon="3.5973023">
      <ele>198</ele>
    </trkpt>
    <trkpt lat="46.788801" lon="3.5973935">
      <ele>198</ele>
    </trkpt>
    <trkpt lat="46.788171" lon="3.5977717">
      <ele>197</ele>
    </trkpt>
    <trkpt lat="46.788163" lon="3.5980641">
      <ele>197</ele>
    </trkpt>
    <trkpt lat="46.788099" lon="3.5980936">
      <ele>197</ele>
    </trkpt>
    <trkpt lat="46.788081" lon="3.598107">
      <ele>197</ele>
    </trkpt>
    <trkpt lat="46.788037" lon="3.5981526">
      <ele>197</ele>
    </trkpt>
    <trkpt lat="46.787805" lon="3.5981284">
      <ele>197</ele>
    </trkpt>
    <trkpt lat="46.787756" lon="3.5981258">
      <ele>197</ele>
    </trkpt>
    <trkpt lat="46.787706" lon="3.5981258">
      <ele>197</ele>
    </trkpt>
    <trkpt lat="46.787658" lon="3.5981365">
      <ele>198</ele>
    </trkpt>
    <trkpt lat="46.787609" lon="3.5981526">
      <ele>198</ele>
    </trkpt>
    <trkpt lat="46.787513" lon="3.5981901">
      <ele>198</ele>
    </trkpt>
    <trkpt lat="46.787478" lon="3.5982116">
      <ele>198</ele>
    </trkpt>
    <trkpt lat="46.78746" lon="3.5982277">
      <ele>198</ele>
    </trkpt>
    <trkpt lat="46.787443" lon="3.5982518">
      <ele>198</ele>
    </trkpt>
    <trkpt lat="46.787423" lon="3.5982813">
      <ele>198</ele>
    </trkpt>
    <trkpt lat="46.787405" lon="3.5983162">
      <ele>198</ele>
    </trkpt>
    <trkpt lat="46.787381" lon="3.5983752">
      <ele>198</ele>
    </trkpt>
    <trkpt lat="46.787342" lon="3.5984691">
      <ele>198</ele>
    </trkpt>
    <trkpt lat="46.787304" lon="3.5985656">
      <ele>198</ele>
    </trkpt>
    <trkpt lat="46.787186" lon="3.5989036">
      <ele>198</ele>
    </trkpt>
    <trkpt lat="46.787131" lon="3.5990565">
      <ele>198</ele>
    </trkpt>
    <trkpt lat="46.787102" lon="3.5991343">
      <ele>198</ele>
    </trkpt>
    <trkpt lat="46.787074" lon="3.599204">
      <ele>198</ele>
    </trkpt>
    <trkpt lat="46.787047" lon="3.5992684">
      <ele>198</ele>
    </trkpt>
    <trkpt lat="46.787017" lon="3.5993274">
      <ele>198</ele>
    </trkpt>
    <trkpt lat="46.786975" lon="3.5994159">
      <ele>198</ele>
    </trkpt>
    <trkpt lat="46.786931" lon="3.5995071">
      <ele>198</ele>
    </trkpt>
    <trkpt lat="46.786857" lon="3.5996385">
      <ele>198</ele>
    </trkpt>
    <trkpt lat="46.786782" lon="3.5997673">
      <ele>198</ele>
    </trkpt>
    <trkpt lat="46.786696" lon="3.599888">
      <ele>198</ele>
    </trkpt>
    <trkpt lat="46.786606" lon="3.600006">
      <ele>198</ele>
    </trkpt>
    <trkpt lat="46.786514" lon="3.600124">
      <ele>198</ele>
    </trkpt>
    <trkpt lat="46.786422" lon="3.600234">
      <ele>198</ele>
    </trkpt>
    <trkpt lat="46.786325" lon="3.6003359">
      <ele>198</ele>
    </trkpt>
    <trkpt lat="46.786228" lon="3.6004351">
      <ele>198</ele>
    </trkpt>
    <trkpt lat="46.786136" lon="3.6005183">
      <ele>198</ele>
    </trkpt>
    <trkpt lat="46.786046" lon="3.6005987">
      <ele>198</ele>
    </trkpt>
    <trkpt lat="46.785923" lon="3.6007034">
      <ele>198</ele>
    </trkpt>
    <trkpt lat="46.7858" lon="3.6008053">
      <ele>198</ele>
    </trkpt>
    <trkpt lat="46.785544" lon="3.6009877">
      <ele>198</ele>
    </trkpt>
    <trkpt lat="46.785282" lon="3.6011862">
      <ele>198</ele>
    </trkpt>
    <trkpt lat="46.785153" lon="3.6012881">
      <ele>198</ele>
    </trkpt>
    <trkpt lat="46.785003" lon="3.6014249">
      <ele>198</ele>
    </trkpt>
    <trkpt lat="46.784881" lon="3.6015348">
      <ele>198</ele>
    </trkpt>
    <trkpt lat="46.784736" lon="3.6016663">
      <ele>198</ele>
    </trkpt>
    <trkpt lat="46.784587" lon="3.6017897">
      <ele>198</ele>
    </trkpt>
    <trkpt lat="46.784514" lon="3.6018487">
      <ele>198</ele>
    </trkpt>
    <trkpt lat="46.784439" lon="3.6019077">
      <ele>198</ele>
    </trkpt>
    <trkpt lat="46.783987" lon="3.6022215">
      <ele>198</ele>
    </trkpt>
    <trkpt lat="46.783946" lon="3.602251">
      <ele>198</ele>
    </trkpt>
    <trkpt lat="46.783726" lon="3.6024227">
      <ele>198</ele>
    </trkpt>
    <trkpt lat="46.783506" lon="3.6025863">
      <ele>198</ele>
    </trkpt>
    <trkpt lat="46.783177" lon="3.6028277">
      <ele>198</ele>
    </trkpt>
    <trkpt lat="46.782986" lon="3.6029779">
      <ele>198</ele>
    </trkpt>
    <trkpt lat="46.782799" lon="3.6031361">
      <ele>198</ele>
    </trkpt>
    <trkpt lat="46.782745" lon="3.6031817">
      <ele>198</ele>
    </trkpt>
    <trkpt lat="46.782692" lon="3.6032327">
      <ele>198</ele>
    </trkpt>
    <trkpt lat="46.782639" lon="3.6032917">
      <ele>198</ele>
    </trkpt>
    <trkpt lat="46.782587" lon="3.6033534">
      <ele>198</ele>
    </trkpt>
    <trkpt lat="46.782488" lon="3.6034902">
      <ele>198</ele>
    </trkpt>
    <trkpt lat="46.782389" lon="3.6036296">
      <ele>198</ele>
    </trkpt>
    <trkpt lat="46.78229" lon="3.6037718">
      <ele>198</ele>
    </trkpt>
    <trkpt lat="46.78209" lon="3.6040829">
      <ele>198</ele>
    </trkpt>
    <trkpt lat="46.781994" lon="3.6042439">
      <ele>198</ele>
    </trkpt>
    <trkpt lat="46.781902" lon="3.6044075">
      <ele>198</ele>
    </trkpt>
    <trkpt lat="46.781742" lon="3.6047079">
      <ele>199</ele>
    </trkpt>
    <trkpt lat="46.781665" lon="3.6048393">
      <ele>199</ele>
    </trkpt>
    <trkpt lat="46.781584" lon="3.6049654">
      <ele>198</ele>
    </trkpt>
    <trkpt lat="46.781403" lon="3.6052497">
      <ele>198</ele>
    </trkpt>
    <trkpt lat="46.781215" lon="3.6055206">
      <ele>199</ele>
    </trkpt>
    <trkpt lat="46.780822" lon="3.6060651">
      <ele>198</ele>
    </trkpt>
    <trkpt lat="46.780424" lon="3.6065989">
      <ele>199</ele>
    </trkpt>
    <trkpt lat="46.780021" lon="3.6071219">
      <ele>198</ele>
    </trkpt>
    <trkpt lat="46.779619" lon="3.6076369">
      <ele>198</ele>
    </trkpt>
    <trkpt lat="46.779401" lon="3.6079158">
      <ele>198</ele>
    </trkpt>
    <trkpt lat="46.779347" lon="3.6079775">
      <ele>199</ele>
    </trkpt>
    <trkpt lat="46.779292" lon="3.6080419">
      <ele>199</ele>
    </trkpt>
    <trkpt lat="46.779178" lon="3.6081438">
      <ele>199</ele>
    </trkpt>
    <trkpt lat="46.779109" lon="3.6081894">
      <ele>199</ele>
    </trkpt>
    <trkpt lat="46.779035" lon="3.6082296">
      <ele>199</ele>
    </trkpt>
    <trkpt lat="46.778888" lon="3.6082725">
      <ele>199</ele>
    </trkpt>
    <trkpt lat="46.778739" lon="3.6082994">
      <ele>198</ele>
    </trkpt>
    <trkpt lat="46.778581" lon="3.6083235">
      <ele>198</ele>
    </trkpt>
    <trkpt lat="46.778449" lon="3.6083477">
      <ele>197</ele>
    </trkpt>
    <trkpt lat="46.778317" lon="3.6083825">
      <ele>197</ele>
    </trkpt>
    <trkpt lat="46.778205" lon="3.6084254">
      <ele>197</ele>
    </trkpt>
    <trkpt lat="46.778091" lon="3.608471">
      <ele>197</ele>
    </trkpt>
    <trkpt lat="46.777858" lon="3.6085756">
      <ele>197</ele>
    </trkpt>
    <trkpt lat="46.777626" lon="3.6086883">
      <ele>197</ele>
    </trkpt>
    <trkpt lat="46.777553" lon="3.6087312">
      <ele>197</ele>
    </trkpt>
    <trkpt lat="46.777485" lon="3.6087849">
      <ele>197</ele>
    </trkpt>
    <trkpt lat="46.77745" lon="3.6088385">
      <ele>197</ele>
    </trkpt>
    <trkpt lat="46.777404" lon="3.6089297">
      <ele>197</ele>
    </trkpt>
    <trkpt lat="46.777353" lon="3.6090423">
      <ele>198</ele>
    </trkpt>
    <trkpt lat="46.777263" lon="3.609265">
      <ele>198</ele>
    </trkpt>
    <trkpt lat="46.777173" lon="3.6094769">
      <ele>198</ele>
    </trkpt>
    <trkpt lat="46.777079" lon="3.6096941">
      <ele>198</ele>
    </trkpt>
    <trkpt lat="46.777029" lon="3.6098121">
      <ele>198</ele>
    </trkpt>
    <trkpt lat="46.776948" lon="3.6099677">
      <ele>198</ele>
    </trkpt>
    <trkpt lat="46.776866" lon="3.6101072">
      <ele>198</ele>
    </trkpt>
    <trkpt lat="46.776748" lon="3.6103003">
      <ele>198</ele>
    </trkpt>
    <trkpt lat="46.776623" lon="3.6105041">
      <ele>198</ele>
    </trkpt>
    <trkpt lat="46.776434" lon="3.6107777">
      <ele>199</ele>
    </trkpt>
    <trkpt lat="46.776243" lon="3.6110379">
      <ele>199</ele>
    </trkpt>
    <trkpt lat="46.776035" lon="3.6112766">
      <ele>199</ele>
    </trkpt>
    <trkpt lat="46.775826" lon="3.6114858">
      <ele>199</ele>
    </trkpt>
    <trkpt lat="46.775321" lon="3.6119311">
      <ele>199</ele>
    </trkpt>
    <trkpt lat="46.775067" lon="3.6121537">
      <ele>199</ele>
    </trkpt>
    <trkpt lat="46.774942" lon="3.6122664">
      <ele>199</ele>
    </trkpt>
    <trkpt lat="46.774812" lon="3.612371">
      <ele>199</ele>
    </trkpt>
    <trkpt lat="46.774735" lon="3.6124246">
      <ele>199</ele>
    </trkpt>
    <trkpt lat="46.774656" lon="3.6124729">
      <ele>199</ele>
    </trkpt>
    <trkpt lat="46.774581" lon="3.6125131">
      <ele>199</ele>
    </trkpt>
    <trkpt lat="46.774503" lon="3.612548">
      <ele>199</ele>
    </trkpt>
    <trkpt lat="46.774441" lon="3.6125641">
      <ele>199</ele>
    </trkpt>
    <trkpt lat="46.774379" lon="3.6125802">
      <ele>199</ele>
    </trkpt>
    <trkpt lat="46.774318" lon="3.6125855">
      <ele>199</ele>
    </trkpt>
    <trkpt lat="46.774255" lon="3.6125855">
      <ele>199</ele>
    </trkpt>
    <trkpt lat="46.774195" lon="3.6125829">
      <ele>199</ele>
    </trkpt>
    <trkpt lat="46.774132" lon="3.6125775">
      <ele>199</ele>
    </trkpt>
    <trkpt lat="46.774013" lon="3.6125668">
      <ele>199</ele>
    </trkpt>
    <trkpt lat="46.773963" lon="3.6125668">
      <ele>199</ele>
    </trkpt>
    <trkpt lat="46.773917" lon="3.6125668">
      <ele>199</ele>
    </trkpt>
    <trkpt lat="46.773822" lon="3.6125775">
      <ele>199</ele>
    </trkpt>
    <trkpt lat="46.773726" lon="3.612599">
      <ele>199</ele>
    </trkpt>
    <trkpt lat="46.773635" lon="3.6126258">
      <ele>199</ele>
    </trkpt>
    <trkpt lat="46.773455" lon="3.6126901">
      <ele>199</ele>
    </trkpt>
    <trkpt lat="46.773287" lon="3.6127518">
      <ele>199</ele>
    </trkpt>
    <trkpt lat="46.772459" lon="3.6131595">
      <ele>198</ele>
    </trkpt>
    <trkpt lat="46.771807" lon="3.6143102">
      <ele>198</ele>
    </trkpt>
    <trkpt lat="46.770853" lon="3.6149217">
      <ele>198</ele>
    </trkpt>
    <trkpt lat="46.770559" lon="3.615662">
      <ele>198</ele>
    </trkpt>
    <trkpt lat="46.770155" lon="3.6160215">
      <ele>197</ele>
    </trkpt>
    <trkpt lat="46.769079" lon="3.6189451">
      <ele>198</ele>
    </trkpt>
    <trkpt lat="46.768454" lon="3.6202486">
      <ele>198</ele>
    </trkpt>
    <trkpt lat="46.767726" lon="3.6211686">
      <ele>198</ele>
    </trkpt>
    <trkpt lat="46.766835" lon="3.6217292">
      <ele>199</ele>
    </trkpt>
    <trkpt lat="46.766626" lon="3.6220135">
      <ele>201</ele>
    </trkpt>
    <trkpt lat="46.766433" lon="3.6223273">
      <ele>200</ele>
    </trkpt>
    <trkpt lat="46.766183" lon="3.6229523">
      <ele>201</ele>
    </trkpt>
    <trkpt lat="46.765933" lon="3.6239501">
      <ele>201</ele>
    </trkpt>
    <trkpt lat="46.765906" lon="3.6241754">
      <ele>201</ele>
    </trkpt>
    <trkpt lat="46.76584" lon="3.6252509">
      <ele>200</ele>
    </trkpt>
    <trkpt lat="46.765812" lon="3.6254628">
      <ele>200</ele>
    </trkpt>
    <trkpt lat="46.765757" lon="3.6256747">
      <ele>200</ele>
    </trkpt>
    <trkpt lat="46.765454" lon="3.6263211">
      <ele>200</ele>
    </trkpt>
    <trkpt lat="46.765309" lon="3.6261656">
      <ele>200</ele>
    </trkpt>
    <trkpt lat="46.765165" lon="3.6261119">
      <ele>200</ele>
    </trkpt>
    <trkpt lat="46.76507" lon="3.6260985">
      <ele>200</ele>
    </trkpt>
    <trkpt lat="46.764982" lon="3.6260985">
      <ele>200</ele>
    </trkpt>
    <trkpt lat="46.76491" lon="3.6260985">
      <ele>200</ele>
    </trkpt>
    <trkpt lat="46.764888" lon="3.6262299">
      <ele>200</ele>
    </trkpt>
    <trkpt lat="46.764844" lon="3.6263426">
      <ele>200</ele>
    </trkpt>
    <trkpt lat="46.764739" lon="3.6265196">
      <ele>200</ele>
    </trkpt>
    <trkpt lat="46.764574" lon="3.6267342">
      <ele>200</ele>
    </trkpt>
    <trkpt lat="46.763141" lon="3.6291428">
      <ele>199</ele>
    </trkpt>
    <trkpt lat="46.762959" lon="3.6294084">
      <ele>200</ele>
    </trkpt>
    <trkpt lat="46.762731" lon="3.6297383">
      <ele>200</ele>
    </trkpt>
    <trkpt lat="46.762573" lon="3.6298429">
      <ele>200</ele>
    </trkpt>
    <trkpt lat="46.762448" lon="3.6298643">
      <ele>200</ele>
    </trkpt>
    <trkpt lat="46.76231" lon="3.6298321">
      <ele>199</ele>
    </trkpt>
    <trkpt lat="46.762189" lon="3.6297705">
      <ele>198</ele>
    </trkpt>
    <trkpt lat="46.761432" lon="3.6291267">
      <ele>197</ele>
    </trkpt>
    <trkpt lat="46.760252" lon="3.6289068">
      <ele>198</ele>
    </trkpt>
    <trkpt lat="46.75537" lon="3.6267127">
      <ele>199</ele>
    </trkpt>
    <trkpt lat="46.755247" lon="3.6266859">
      <ele>199</ele>
    </trkpt>
    <trkpt lat="46.755155" lon="3.6266913">
      <ele>199</ele>
    </trkpt>
    <trkpt lat="46.754888" lon="3.626761">
      <ele>198</ele>
    </trkpt>
    <trkpt lat="46.754683" lon="3.6268066">
      <ele>199</ele>
    </trkpt>
    <trkpt lat="46.754598" lon="3.6268308">
      <ele>199</ele>
    </trkpt>
    <trkpt lat="46.754556" lon="3.6268415">
      <ele>199</ele>
    </trkpt>
    <trkpt lat="46.754512" lon="3.6268629">
      <ele>199</ele>
    </trkpt>
    <trkpt lat="46.754466" lon="3.6268898">
      <ele>199</ele>
    </trkpt>
    <trkpt lat="46.75442" lon="3.6269219">
      <ele>199</ele>
    </trkpt>
    <trkpt lat="46.754381" lon="3.6269568">
      <ele>199</ele>
    </trkpt>
    <trkpt lat="46.754333" lon="3.6270051">
      <ele>198</ele>
    </trkpt>
    <trkpt lat="46.753999" lon="3.6275845">
      <ele>199</ele>
    </trkpt>
    <trkpt lat="46.753817" lon="3.6278822">
      <ele>199</ele>
    </trkpt>
    <trkpt lat="46.753631" lon="3.6281719">
      <ele>200</ele>
    </trkpt>
    <trkpt lat="46.753554" lon="3.6282765">
      <ele>200</ele>
    </trkpt>
    <trkpt lat="46.753477" lon="3.628365">
      <ele>199</ele>
    </trkpt>
    <trkpt lat="46.753315" lon="3.6285366">
      <ele>200</ele>
    </trkpt>
    <trkpt lat="46.752994" lon="3.6288773">
      <ele>199</ele>
    </trkpt>
    <trkpt lat="46.752512" lon="3.6294137">
      <ele>200</ele>
    </trkpt>
    <trkpt lat="46.752363" lon="3.6295961">
      <ele>198</ele>
    </trkpt>
    <trkpt lat="46.752235" lon="3.6298">
      <ele>199</ele>
    </trkpt>
    <trkpt lat="46.752152" lon="3.6299689">
      <ele>199</ele>
    </trkpt>
    <trkpt lat="46.751957" lon="3.6303686">
      <ele>198</ele>
    </trkpt>
    <trkpt lat="46.751854" lon="3.6305858">
      <ele>198</ele>
    </trkpt>
    <trkpt lat="46.751832" lon="3.6306368">
      <ele>198</ele>
    </trkpt>
    <trkpt lat="46.751788" lon="3.6307361">
      <ele>198</ele>
    </trkpt>
    <trkpt lat="46.751759" lon="3.6308058">
      <ele>198</ele>
    </trkpt>
    <trkpt lat="46.751733" lon="3.6308782">
      <ele>198</ele>
    </trkpt>
    <trkpt lat="46.751713" lon="3.6309399">
      <ele>198</ele>
    </trkpt>
    <trkpt lat="46.751694" lon="3.6310043">
      <ele>198</ele>
    </trkpt>
    <trkpt lat="46.751676" lon="3.631074">
      <ele>198</ele>
    </trkpt>
    <trkpt lat="46.75166" lon="3.6311491">
      <ele>198</ele>
    </trkpt>
    <trkpt lat="46.751645" lon="3.6312135">
      <ele>198</ele>
    </trkpt>
    <trkpt lat="46.75163" lon="3.6312779">
      <ele>198</ele>
    </trkpt>
    <trkpt lat="46.751619" lon="3.63131">
      <ele>198</ele>
    </trkpt>
    <trkpt lat="46.751604" lon="3.6313449">
      <ele>198</ele>
    </trkpt>
    <trkpt lat="46.751577" lon="3.6314039">
      <ele>197</ele>
    </trkpt>
    <trkpt lat="46.75154" lon="3.6314602">
      <ele>197</ele>
    </trkpt>
    <trkpt lat="46.7515" lon="3.6315112">
      <ele>197</ele>
    </trkpt>
    <trkpt lat="46.751369" lon="3.6316507">
      <ele>198</ele>
    </trkpt>
    <trkpt lat="46.751268" lon="3.6317687">
      <ele>198</ele>
    </trkpt>
    <trkpt lat="46.751171" lon="3.6318921">
      <ele>198</ele>
    </trkpt>
    <trkpt lat="46.75113" lon="3.6319591">
      <ele>198</ele>
    </trkpt>
    <trkpt lat="46.75109" lon="3.6320208">
      <ele>198</ele>
    </trkpt>
    <trkpt lat="46.751057" lon="3.6320879">
      <ele>198</ele>
    </trkpt>
    <trkpt lat="46.751015" lon="3.6321925">
      <ele>197</ele>
    </trkpt>
    <trkpt lat="46.750976" lon="3.6322864">
      <ele>197</ele>
    </trkpt>
    <trkpt lat="46.750939" lon="3.6323695">
      <ele>197</ele>
    </trkpt>
    <trkpt lat="46.750924" lon="3.6323963">
      <ele>197</ele>
    </trkpt>
    <trkpt lat="46.750904" lon="3.6324232">
      <ele>197</ele>
    </trkpt>
    <trkpt lat="46.750879" lon="3.6324527">
      <ele>198</ele>
    </trkpt>
    <trkpt lat="46.750853" lon="3.6324795">
      <ele>198</ele>
    </trkpt>
    <trkpt lat="46.750825" lon="3.6325036">
      <ele>198</ele>
    </trkpt>
    <trkpt lat="46.750798" lon="3.6325224">
      <ele>198</ele>
    </trkpt>
    <trkpt lat="46.750737" lon="3.6325573">
      <ele>198</ele>
    </trkpt>
    <trkpt lat="46.750676" lon="3.6325814">
      <ele>198</ele>
    </trkpt>
    <trkpt lat="46.750195" lon="3.6327745">
      <ele>198</ele>
    </trkpt>
    <trkpt lat="46.749601" lon="3.6329998">
      <ele>198</ele>
    </trkpt>
    <trkpt lat="46.749522" lon="3.6330347">
      <ele>198</ele>
    </trkpt>
    <trkpt lat="46.749465" lon="3.6330508">
      <ele>198</ele>
    </trkpt>
    <trkpt lat="46.749406" lon="3.6330642">
      <ele>198</ele>
    </trkpt>
    <trkpt lat="46.749302" lon="3.6330803">
      <ele>198</ele>
    </trkpt>
    <trkpt lat="46.749111" lon="3.6330991">
      <ele>198</ele>
    </trkpt>
    <trkpt lat="46.74893" lon="3.6331125">
      <ele>198</ele>
    </trkpt>
    <trkpt lat="46.748839" lon="3.6331152">
      <ele>198</ele>
    </trkpt>
    <trkpt lat="46.748747" lon="3.6331125">
      <ele>198</ele>
    </trkpt>
    <trkpt lat="46.748706" lon="3.6331098">
      <ele>198</ele>
    </trkpt>
    <trkpt lat="46.748668" lon="3.6331018">
      <ele>198</ele>
    </trkpt>
    <trkpt lat="46.748622" lon="3.633091">
      <ele>198</ele>
    </trkpt>
    <trkpt lat="46.748578" lon="3.6330776">
      <ele>198</ele>
    </trkpt>
    <trkpt lat="46.748511" lon="3.6330508">
      <ele>198</ele>
    </trkpt>
    <trkpt lat="46.748447" lon="3.6330213">
      <ele>199</ele>
    </trkpt>
    <trkpt lat="46.748181" lon="3.6328845">
      <ele>199</ele>
    </trkpt>
    <trkpt lat="46.748032" lon="3.6328094">
      <ele>199</ele>
    </trkpt>
    <trkpt lat="46.74792" lon="3.6327423">
      <ele>199</ele>
    </trkpt>
    <trkpt lat="46.7478" lon="3.6326619">
      <ele>199</ele>
    </trkpt>
    <trkpt lat="46.747756" lon="3.632627">
      <ele>198</ele>
    </trkpt>
    <trkpt lat="46.747714" lon="3.6325868">
      <ele>198</ele>
    </trkpt>
    <trkpt lat="46.747675" lon="3.6325439">
      <ele>198</ele>
    </trkpt>
    <trkpt lat="46.747635" lon="3.6324929">
      <ele>199</ele>
    </trkpt>
    <trkpt lat="46.747594" lon="3.6324312">
      <ele>199</ele>
    </trkpt>
    <trkpt lat="46.74753" lon="3.6323159">
      <ele>199</ele>
    </trkpt>
    <trkpt lat="46.747499" lon="3.6322595">
      <ele>199</ele>
    </trkpt>
    <trkpt lat="46.747464" lon="3.6322113">
      <ele>199</ele>
    </trkpt>
    <trkpt lat="46.747436" lon="3.6321737">
      <ele>199</ele>
    </trkpt>
    <trkpt lat="46.747403" lon="3.6321523">
      <ele>198</ele>
    </trkpt>
    <trkpt lat="46.747374" lon="3.6321388">
      <ele>198</ele>
    </trkpt>
    <trkpt lat="46.747343" lon="3.6321442">
      <ele>198</ele>
    </trkpt>
    <trkpt lat="46.747311" lon="3.6321576">
      <ele>198</ele>
    </trkpt>
    <trkpt lat="46.747265" lon="3.6321898">
      <ele>198</ele>
    </trkpt>
    <trkpt lat="46.747219" lon="3.63223">
      <ele>198</ele>
    </trkpt>
    <trkpt lat="46.74708" lon="3.6323749">
      <ele>198</ele>
    </trkpt>
    <trkpt lat="46.7468" lon="3.6326511">
      <ele>199</ele>
    </trkpt>
    <trkpt lat="46.746745" lon="3.6326967">
      <ele>199</ele>
    </trkpt>
    <trkpt lat="46.74669" lon="3.6327397">
      <ele>199</ele>
    </trkpt>
    <trkpt lat="46.746628" lon="3.6327879">
      <ele>199</ele>
    </trkpt>
    <trkpt lat="46.746563" lon="3.6328309">
      <ele>199</ele>
    </trkpt>
    <trkpt lat="46.74644" lon="3.6329086">
      <ele>199</ele>
    </trkpt>
    <trkpt lat="46.746315" lon="3.6329864">
      <ele>199</ele>
    </trkpt>
    <trkpt lat="46.746238" lon="3.6330481">
      <ele>199</ele>
    </trkpt>
    <trkpt lat="46.746179" lon="3.6330991">
      <ele>199</ele>
    </trkpt>
    <trkpt lat="46.746146" lon="3.6331366">
      <ele>199</ele>
    </trkpt>
    <trkpt lat="46.74613" lon="3.6331581">
      <ele>199</ele>
    </trkpt>
    <trkpt lat="46.746102" lon="3.6331956">
      <ele>199</ele>
    </trkpt>
    <trkpt lat="46.74603" lon="3.6333002">
      <ele>199</ele>
    </trkpt>
    <trkpt lat="46.745975" lon="3.633378">
      <ele>199</ele>
    </trkpt>
    <trkpt lat="46.745946" lon="3.6334156">
      <ele>199</ele>
    </trkpt>
    <trkpt lat="46.745916" lon="3.6334478">
      <ele>199</ele>
    </trkpt>
    <trkpt lat="46.745865" lon="3.633496">
      <ele>199</ele>
    </trkpt>
    <trkpt lat="46.745812" lon="3.6335416">
      <ele>199</ele>
    </trkpt>
    <trkpt lat="46.745736" lon="3.6336006">
      <ele>199</ele>
    </trkpt>
    <trkpt lat="46.745659" lon="3.633657">
      <ele>199</ele>
    </trkpt>
    <trkpt lat="46.745324" lon="3.633893">
      <ele>199</ele>
    </trkpt>
    <trkpt lat="46.745157" lon="3.6340057">
      <ele>199</ele>
    </trkpt>
    <trkpt lat="46.744988" lon="3.634113">
      <ele>199</ele>
    </trkpt>
    <trkpt lat="46.744349" lon="3.6344831">
      <ele>199</ele>
    </trkpt>
    <trkpt lat="46.744328" lon="3.6344965">
      <ele>199</ele>
    </trkpt>
    <trkpt lat="46.74431" lon="3.6345153">
      <ele>199</ele>
    </trkpt>
    <trkpt lat="46.744293" lon="3.6345341">
      <ele>199</ele>
    </trkpt>
    <trkpt lat="46.744277" lon="3.6345555">
      <ele>199</ele>
    </trkpt>
    <trkpt lat="46.744262" lon="3.6345823">
      <ele>199</ele>
    </trkpt>
    <trkpt lat="46.744247" lon="3.6346092">
      <ele>199</ele>
    </trkpt>
    <trkpt lat="46.744224" lon="3.6346628">
      <ele>199</ele>
    </trkpt>
    <trkpt lat="46.7442" lon="3.6347191">
      <ele>199</ele>
    </trkpt>
    <trkpt lat="46.744185" lon="3.634762">
      <ele>199</ele>
    </trkpt>
    <trkpt lat="46.74417" lon="3.6348076">
      <ele>199</ele>
    </trkpt>
    <trkpt lat="46.744145" lon="3.6348988">
      <ele>199</ele>
    </trkpt>
    <trkpt lat="46.744091" lon="3.6351054">
      <ele>199</ele>
    </trkpt>
    <trkpt lat="46.744007" lon="3.6354675">
      <ele>198</ele>
    </trkpt>
    <trkpt lat="46.743891" lon="3.6359449">
      <ele>199</ele>
    </trkpt>
    <trkpt lat="46.743793" lon="3.6363392">
      <ele>199</ele>
    </trkpt>
    <trkpt lat="46.743773" lon="3.6364223">
      <ele>199</ele>
    </trkpt>
    <trkpt lat="46.743747" lon="3.6365135">
      <ele>199</ele>
    </trkpt>
    <trkpt lat="46.743718" lon="3.6366047">
      <ele>199</ele>
    </trkpt>
    <trkpt lat="46.743685" lon="3.6366852">
      <ele>199</ele>
    </trkpt>
    <trkpt lat="46.743646" lon="3.6367683">
      <ele>199</ele>
    </trkpt>
    <trkpt lat="46.743602" lon="3.6368434">
      <ele>199</ele>
    </trkpt>
    <trkpt lat="46.743556" lon="3.6369159">
      <ele>199</ele>
    </trkpt>
    <trkpt lat="46.743463" lon="3.6370553">
      <ele>199</ele>
    </trkpt>
    <trkpt lat="46.742792" lon="3.6379002">
      <ele>198</ele>
    </trkpt>
    <trkpt lat="46.742737" lon="3.6379646">
      <ele>199</ele>
    </trkpt>
    <trkpt lat="46.742683" lon="3.6380263">
      <ele>199</ele>
    </trkpt>
    <trkpt lat="46.742569" lon="3.6381282">
      <ele>199</ele>
    </trkpt>
    <trkpt lat="46.742498" lon="3.6381899">
      <ele>199</ele>
    </trkpt>
    <trkpt lat="46.74242" lon="3.6382462">
      <ele>199</ele>
    </trkpt>
    <trkpt lat="46.74227" lon="3.6383482">
      <ele>199</ele>
    </trkpt>
    <trkpt lat="46.7422" lon="3.6384045">
      <ele>199</ele>
    </trkpt>
    <trkpt lat="46.742132" lon="3.6384662">
      <ele>199</ele>
    </trkpt>
    <trkpt lat="46.741979" lon="3.6386217">
      <ele>199</ele>
    </trkpt>
    <trkpt lat="46.741917" lon="3.6386861">
      <ele>199</ele>
    </trkpt>
    <trkpt lat="46.741862" lon="3.6387532">
      <ele>199</ele>
    </trkpt>
    <trkpt lat="46.741814" lon="3.6388175">
      <ele>199</ele>
    </trkpt>
    <trkpt lat="46.741755" lon="3.6389168">
      <ele>199</ele>
    </trkpt>
    <trkpt lat="46.741704" lon="3.6389946">
      <ele>199</ele>
    </trkpt>
    <trkpt lat="46.74165" lon="3.6390697">
      <ele>199</ele>
    </trkpt>
    <trkpt lat="46.741595" lon="3.6391448">
      <ele>199</ele>
    </trkpt>
    <trkpt lat="46.74154" lon="3.6392172">
      <ele>199</ele>
    </trkpt>
    <trkpt lat="46.741483" lon="3.6392762">
      <ele>199</ele>
    </trkpt>
    <trkpt lat="46.741424" lon="3.6393298">
      <ele>199</ele>
    </trkpt>
    <trkpt lat="46.741307" lon="3.6394318">
      <ele>199</ele>
    </trkpt>
    <trkpt lat="46.741218" lon="3.6395203">
      <ele>199</ele>
    </trkpt>
    <trkpt lat="46.741139" lon="3.6396168">
      <ele>199</ele>
    </trkpt>
    <trkpt lat="46.741123" lon="3.6396383">
      <ele>199</ele>
    </trkpt>
    <trkpt lat="46.74111" lon="3.6396598">
      <ele>199</ele>
    </trkpt>
    <trkpt lat="46.741097" lon="3.6396839">
      <ele>199</ele>
    </trkpt>
    <trkpt lat="46.741084" lon="3.6397107">
      <ele>199</ele>
    </trkpt>
    <trkpt lat="46.741075" lon="3.6397375">
      <ele>199</ele>
    </trkpt>
    <trkpt lat="46.741062" lon="3.6397724">
      <ele>199</ele>
    </trkpt>
    <trkpt lat="46.741049" lon="3.6398207">
      <ele>199</ele>
    </trkpt>
    <trkpt lat="46.74104" lon="3.6398717">
      <ele>199</ele>
    </trkpt>
    <trkpt lat="46.741035" lon="3.6399253">
      <ele>199</ele>
    </trkpt>
    <trkpt lat="46.741031" lon="3.6399789">
      <ele>199</ele>
    </trkpt>
    <trkpt lat="46.741033" lon="3.640046">
      <ele>199</ele>
    </trkpt>
    <trkpt lat="46.741036" lon="3.6401211">
      <ele>199</ele>
    </trkpt>
    <trkpt lat="46.741046" lon="3.6402123">
      <ele>199</ele>
    </trkpt>
    <trkpt lat="46.741071" lon="3.6403732">
      <ele>199</ele>
    </trkpt>
    <trkpt lat="46.741086" lon="3.6404483">
      <ele>199</ele>
    </trkpt>
    <trkpt lat="46.741103" lon="3.6405234">
      <ele>199</ele>
    </trkpt>
    <trkpt lat="46.741143" lon="3.640687">
      <ele>199</ele>
    </trkpt>
    <trkpt lat="46.741316" lon="3.6413013">
      <ele>199</ele>
    </trkpt>
    <trkpt lat="46.741487" lon="3.6418887">
      <ele>200</ele>
    </trkpt>
    <trkpt lat="46.741568" lon="3.642173">
      <ele>199</ele>
    </trkpt>
    <trkpt lat="46.741588" lon="3.6422508">
      <ele>199</ele>
    </trkpt>
    <trkpt lat="46.741606" lon="3.6423286">
      <ele>199</ele>
    </trkpt>
    <trkpt lat="46.741621" lon="3.6424063">
      <ele>199</ele>
    </trkpt>
    <trkpt lat="46.741634" lon="3.6424841">
      <ele>199</ele>
    </trkpt>
    <trkpt lat="46.741639" lon="3.642527">
      <ele>199</ele>
    </trkpt>
    <trkpt lat="46.741643" lon="3.642586">
      <ele>199</ele>
    </trkpt>
    <trkpt lat="46.741645" lon="3.6426638">
      <ele>199</ele>
    </trkpt>
    <trkpt lat="46.741647" lon="3.6427497">
      <ele>199</ele>
    </trkpt>
    <trkpt lat="46.741645" lon="3.6428409">
      <ele>199</ele>
    </trkpt>
    <trkpt lat="46.741636" lon="3.6430179">
      <ele>199</ele>
    </trkpt>
    <trkpt lat="46.741625" lon="3.6431976">
      <ele>199</ele>
    </trkpt>
    <trkpt lat="46.741614" lon="3.6433639">
      <ele>199</ele>
    </trkpt>
    <trkpt lat="46.741604" lon="3.6435356">
      <ele>200</ele>
    </trkpt>
    <trkpt lat="46.741604" lon="3.643616">
      <ele>200</ele>
    </trkpt>
    <trkpt lat="46.741606" lon="3.6437072">
      <ele>200</ele>
    </trkpt>
    <trkpt lat="46.741612" lon="3.643793">
      <ele>199</ele>
    </trkpt>
    <trkpt lat="46.741621" lon="3.6438816">
      <ele>199</ele>
    </trkpt>
    <trkpt lat="46.74163" lon="3.6439754">
      <ele>199</ele>
    </trkpt>
    <trkpt lat="46.741641" lon="3.6440693">
      <ele>199</ele>
    </trkpt>
    <trkpt lat="46.741665" lon="3.6442571">
      <ele>199</ele>
    </trkpt>
    <trkpt lat="46.741678" lon="3.6443429">
      <ele>199</ele>
    </trkpt>
    <trkpt lat="46.741693" lon="3.6444207">
      <ele>199</ele>
    </trkpt>
    <trkpt lat="46.741705" lon="3.644477">
      <ele>199</ele>
    </trkpt>
    <trkpt lat="46.741718" lon="3.6445226">
      <ele>199</ele>
    </trkpt>
    <trkpt lat="46.741733" lon="3.6445682">
      <ele>199</ele>
    </trkpt>
    <trkpt lat="46.74175" lon="3.6446084">
      <ele>199</ele>
    </trkpt>
    <trkpt lat="46.741768" lon="3.6446567">
      <ele>199</ele>
    </trkpt>
    <trkpt lat="46.741788" lon="3.6447023">
      <ele>199</ele>
    </trkpt>
    <trkpt lat="46.74181" lon="3.6447479">
      <ele>199</ele>
    </trkpt>
    <trkpt lat="46.741832" lon="3.6447908">
      <ele>199</ele>
    </trkpt>
    <trkpt lat="46.74192" lon="3.6449598">
      <ele>199</ele>
    </trkpt>
    <trkpt lat="46.74231" lon="3.6456706">
      <ele>199</ele>
    </trkpt>
    <trkpt lat="46.742367" lon="3.6457779">
      <ele>199</ele>
    </trkpt>
    <trkpt lat="46.742404" lon="3.6458396">
      <ele>200</ele>
    </trkpt>
    <trkpt lat="46.74243" lon="3.6458798">
      <ele>200</ele>
    </trkpt>
    <trkpt lat="46.742459" lon="3.6459174">
      <ele>200</ele>
    </trkpt>
    <trkpt lat="46.742487" lon="3.6459549">
      <ele>200</ele>
    </trkpt>
    <trkpt lat="46.742514" lon="3.6459871">
      <ele>199</ele>
    </trkpt>
    <trkpt lat="46.742547" lon="3.646022">
      <ele>199</ele>
    </trkpt>
    <trkpt lat="46.742582" lon="3.6460568">
      <ele>199</ele>
    </trkpt>
    <trkpt lat="46.742654" lon="3.6461212">
      <ele>199</ele>
    </trkpt>
    <trkpt lat="46.742715" lon="3.6461775">
      <ele>199</ele>
    </trkpt>
    <trkpt lat="46.742749" lon="3.6462124">
      <ele>199</ele>
    </trkpt>
    <trkpt lat="46.74279" lon="3.6462607">
      <ele>199</ele>
    </trkpt>
    <trkpt lat="46.74281" lon="3.6462955">
      <ele>199</ele>
    </trkpt>
    <trkpt lat="46.74283" lon="3.6463277">
      <ele>199</ele>
    </trkpt>
    <trkpt lat="46.742851" lon="3.6463733">
      <ele>199</ele>
    </trkpt>
    <trkpt lat="46.742869" lon="3.6464216">
      <ele>199</ele>
    </trkpt>
    <trkpt lat="46.74288" lon="3.6464645">
      <ele>199</ele>
    </trkpt>
    <trkpt lat="46.742889" lon="3.6465048">
      <ele>199</ele>
    </trkpt>
    <trkpt lat="46.742896" lon="3.6465477">
      <ele>199</ele>
    </trkpt>
    <trkpt lat="46.742902" lon="3.6465933">
      <ele>199</ele>
    </trkpt>
    <trkpt lat="46.742909" lon="3.646714">
      <ele>200</ele>
    </trkpt>
    <trkpt lat="46.742913" lon="3.64684">
      <ele>200</ele>
    </trkpt>
    <trkpt lat="46.742915" lon="3.6469661">
      <ele>200</ele>
    </trkpt>
    <trkpt lat="46.74292" lon="3.6470895">
      <ele>199</ele>
    </trkpt>
    <trkpt lat="46.742931" lon="3.6473416">
      <ele>199</ele>
    </trkpt>
    <trkpt lat="46.742939" lon="3.6474677">
      <ele>199</ele>
    </trkpt>
    <trkpt lat="46.742948" lon="3.6475937">
      <ele>199</ele>
    </trkpt>
    <trkpt lat="46.742955" lon="3.6476822">
      <ele>199</ele>
    </trkpt>
    <trkpt lat="46.742966" lon="3.6477547">
      <ele>199</ele>
    </trkpt>
    <trkpt lat="46.742977" lon="3.647819">
      <ele>199</ele>
    </trkpt>
    <trkpt lat="46.742988" lon="3.6478646">
      <ele>199</ele>
    </trkpt>
    <trkpt lat="46.743012" lon="3.6479505">
      <ele>200</ele>
    </trkpt>
    <trkpt lat="46.743031" lon="3.6480068">
      <ele>200</ele>
    </trkpt>
    <trkpt lat="46.743053" lon="3.6480658">
      <ele>200</ele>
    </trkpt>
    <trkpt lat="46.743099" lon="3.6481758">
      <ele>200</ele>
    </trkpt>
    <trkpt lat="46.743141" lon="3.648267">
      <ele>200</ele>
    </trkpt>
    <trkpt lat="46.743323" lon="3.648621">
      <ele>200</ele>
    </trkpt>
    <trkpt lat="46.743407" lon="3.6488007">
      <ele>200</ele>
    </trkpt>
    <trkpt lat="46.74345" lon="3.6488892">
      <ele>200</ele>
    </trkpt>
    <trkpt lat="46.743488" lon="3.6489778">
      <ele>199</ele>
    </trkpt>
    <trkpt lat="46.743509" lon="3.6490314">
      <ele>200</ele>
    </trkpt>
    <trkpt lat="46.743518" lon="3.6490582">
      <ele>200</ele>
    </trkpt>
    <trkpt lat="46.743527" lon="3.6490824">
      <ele>200</ele>
    </trkpt>
    <trkpt lat="46.74356" lon="3.6492218">
      <ele>200</ele>
    </trkpt>
    <trkpt lat="46.743615" lon="3.6494793">
      <ele>200</ele>
    </trkpt>
    <trkpt lat="46.74367" lon="3.64982">
      <ele>200</ele>
    </trkpt>
    <trkpt lat="46.743676" lon="3.6498709">
      <ele>200</ele>
    </trkpt>
    <trkpt lat="46.743679" lon="3.6499192">
      <ele>200</ele>
    </trkpt>
    <trkpt lat="46.743681" lon="3.6499675">
      <ele>200</ele>
    </trkpt>
    <trkpt lat="46.743681" lon="3.6499943">
      <ele>200</ele>
    </trkpt>
    <trkpt lat="46.743679" lon="3.6500077">
      <ele>200</ele>
    </trkpt>
    <trkpt lat="46.743676" lon="3.6500185">
      <ele>200</ele>
    </trkpt>
    <trkpt lat="46.74367" lon="3.6500319">
      <ele>200</ele>
    </trkpt>
    <trkpt lat="46.743661" lon="3.6500453">
      <ele>200</ele>
    </trkpt>
    <trkpt lat="46.74365" lon="3.6500506">
      <ele>200</ele>
    </trkpt>
    <trkpt lat="46.742595" lon="3.6492782">
      <ele>200</ele>
    </trkpt>
    <trkpt lat="46.739634" lon="3.6470224">
      <ele>200</ele>
    </trkpt>
    <trkpt lat="46.738384" lon="3.646081">
      <ele>200</ele>
    </trkpt>
    <trkpt lat="46.735321" lon="3.6437716">
      <ele>199</ele>
    </trkpt>
    <trkpt lat="46.735246" lon="3.6437153">
      <ele>198</ele>
    </trkpt>
    <trkpt lat="46.733946" lon="3.6427363">
      <ele>199</ele>
    </trkpt>
    <trkpt lat="46.732531" lon="3.6416714">
      <ele>199</ele>
    </trkpt>
    <trkpt lat="46.731915" lon="3.6412101">
      <ele>200</ele>
    </trkpt>
    <trkpt lat="46.731865" lon="3.6411806">
      <ele>200</ele>
    </trkpt>
    <trkpt lat="46.731816" lon="3.6411538">
      <ele>200</ele>
    </trkpt>
    <trkpt lat="46.731722" lon="3.6411082">
      <ele>200</ele>
    </trkpt>
    <trkpt lat="46.731764" lon="3.6412637">
      <ele>200</ele>
    </trkpt>
    <trkpt lat="46.731779" lon="3.6413281">
      <ele>200</ele>
    </trkpt>
    <trkpt lat="46.731794" lon="3.6414086">
      <ele>200</ele>
    </trkpt>
    <trkpt lat="46.731808" lon="3.6415185">
      <ele>200</ele>
    </trkpt>
    <trkpt lat="46.731819" lon="3.6416124">
      <ele>200</ele>
    </trkpt>
    <trkpt lat="46.731828" lon="3.6417116">
      <ele>200</ele>
    </trkpt>
    <trkpt lat="46.731832" lon="3.6418109">
      <ele>200</ele>
    </trkpt>
    <trkpt lat="46.731828" lon="3.6419396">
      <ele>199</ele>
    </trkpt>
    <trkpt lat="46.731816" lon="3.642055">
      <ele>199</ele>
    </trkpt>
    <trkpt lat="46.731801" lon="3.6421676">
      <ele>199</ele>
    </trkpt>
    <trkpt lat="46.731775" lon="3.642283">
      <ele>199</ele>
    </trkpt>
    <trkpt lat="46.731724" lon="3.6424519">
      <ele>200</ele>
    </trkpt>
    <trkpt lat="46.731667" lon="3.6426182">
      <ele>200</ele>
    </trkpt>
    <trkpt lat="46.729174" lon="3.6493157">
      <ele>199</ele>
    </trkpt>
    <trkpt lat="46.728072" lon="3.6523117">
      <ele>200</ele>
    </trkpt>
    <trkpt lat="46.727964" lon="3.6525961">
      <ele>200</ele>
    </trkpt>
    <trkpt lat="46.727852" lon="3.652875">
      <ele>200</ele>
    </trkpt>
    <trkpt lat="46.727793" lon="3.6530145">
      <ele>200</ele>
    </trkpt>
    <trkpt lat="46.72773" lon="3.6531459">
      <ele>200</ele>
    </trkpt>
    <trkpt lat="46.72767" lon="3.6532639">
      <ele>200</ele>
    </trkpt>
    <trkpt lat="46.727598" lon="3.6533954">
      <ele>199</ele>
    </trkpt>
    <trkpt lat="46.726717" lon="3.6549966">
      <ele>200</ele>
    </trkpt>
    <trkpt lat="46.725662" lon="3.6568822">
      <ele>200</ele>
    </trkpt>
    <trkpt lat="46.725484" lon="3.6572121">
      <ele>200</ele>
    </trkpt>
    <trkpt lat="46.725322" lon="3.657542">
      <ele>201</ele>
    </trkpt>
    <trkpt lat="46.725254" lon="3.657703">
      <ele>200</ele>
    </trkpt>
    <trkpt lat="46.725213" lon="3.6577969">
      <ele>200</ele>
    </trkpt>
    <trkpt lat="46.725169" lon="3.6579149">
      <ele>200</ele>
    </trkpt>
    <trkpt lat="46.725134" lon="3.6580141">
      <ele>201</ele>
    </trkpt>
    <trkpt lat="46.725094" lon="3.6581375">
      <ele>201</ele>
    </trkpt>
    <trkpt lat="46.72505" lon="3.6582904">
      <ele>201</ele>
    </trkpt>
    <trkpt lat="46.725006" lon="3.6584728">
      <ele>200</ele>
    </trkpt>
    <trkpt lat="46.724934" lon="3.6588107">
      <ele>200</ele>
    </trkpt>
    <trkpt lat="46.724807" lon="3.6594223">
      <ele>200</ele>
    </trkpt>
    <trkpt lat="46.724616" lon="3.6603584">
      <ele>200</ele>
    </trkpt>
    <trkpt lat="46.724559" lon="3.6606561">
      <ele>200</ele>
    </trkpt>
    <trkpt lat="46.724511" lon="3.6609243">
      <ele>200</ele>
    </trkpt>
    <trkpt lat="46.724483" lon="3.6611228">
      <ele>200</ele>
    </trkpt>
    <trkpt lat="46.724414" lon="3.6618363">
      <ele>201</ele>
    </trkpt>
    <trkpt lat="46.724351" lon="3.662539">
      <ele>201</ele>
    </trkpt>
    <trkpt lat="46.724307" lon="3.6630191">
      <ele>201</ele>
    </trkpt>
    <trkpt lat="46.724281" lon="3.6633061">
      <ele>201</ele>
    </trkpt>
    <trkpt lat="46.724268" lon="3.6635287">
      <ele>201</ele>
    </trkpt>
    <trkpt lat="46.724265" lon="3.6636468">
      <ele>201</ele>
    </trkpt>
    <trkpt lat="46.724263" lon="3.6637996">
      <ele>201</ele>
    </trkpt>
    <trkpt lat="46.724274" lon="3.6641242">
      <ele>200</ele>
    </trkpt>
    <trkpt lat="46.724289" lon="3.6646526">
      <ele>201</ele>
    </trkpt>
    <trkpt lat="46.724318" lon="3.6653178">
      <ele>201</ele>
    </trkpt>
    <trkpt lat="46.724335" lon="3.6656772">
      <ele>201</ele>
    </trkpt>
    <trkpt lat="46.724353" lon="3.6659803">
      <ele>201</ele>
    </trkpt>
    <trkpt lat="46.724426" lon="3.6676593">
      <ele>201</ele>
    </trkpt>
    <trkpt lat="46.724495" lon="3.6692445">
      <ele>201</ele>
    </trkpt>
    <trkpt lat="46.724537" lon="3.6708243">
      <ele>201</ele>
    </trkpt>
    <trkpt lat="46.72461" lon="3.6739947">
      <ele>201</ele>
    </trkpt>
    <trkpt lat="46.724647" lon="3.675883">
      <ele>203</ele>
    </trkpt>
    <trkpt lat="46.724656" lon="3.67606">
      <ele>203</ele>
    </trkpt>
    <trkpt lat="46.724671" lon="3.6762317">
      <ele>204</ele>
    </trkpt>
    <trkpt lat="46.724689" lon="3.6763658">
      <ele>204</ele>
    </trkpt>
    <trkpt lat="46.724715" lon="3.6764865">
      <ele>204</ele>
    </trkpt>
    <trkpt lat="46.724743" lon="3.6765911">
      <ele>204</ele>
    </trkpt>
    <trkpt lat="46.724772" lon="3.6766877">
      <ele>204</ele>
    </trkpt>
    <trkpt lat="46.72482" lon="3.6768218">
      <ele>203</ele>
    </trkpt>
    <trkpt lat="46.724877" lon="3.6769586">
      <ele>203</ele>
    </trkpt>
    <trkpt lat="46.724901" lon="3.677039">
      <ele>203</ele>
    </trkpt>
    <trkpt lat="46.724919" lon="3.6771302">
      <ele>203</ele>
    </trkpt>
    <trkpt lat="46.724928" lon="3.6772107">
      <ele>203</ele>
    </trkpt>
    <trkpt lat="46.724932" lon="3.6772912">
      <ele>203</ele>
    </trkpt>
    <trkpt lat="46.724928" lon="3.6773609">
      <ele>203</ele>
    </trkpt>
    <trkpt lat="46.724921" lon="3.6774226">
      <ele>203</ele>
    </trkpt>
    <trkpt lat="46.724893" lon="3.6775433">
      <ele>202</ele>
    </trkpt>
    <trkpt lat="46.724859" lon="3.6776667">
      <ele>203</ele>
    </trkpt>
    <trkpt lat="46.724814" lon="3.6777847">
      <ele>203</ele>
    </trkpt>
    <trkpt lat="46.724776" lon="3.6778732">
      <ele>204</ele>
    </trkpt>
    <trkpt lat="46.724732" lon="3.6779537">
      <ele>205</ele>
    </trkpt>
    <trkpt lat="46.724688" lon="3.6780368">
      <ele>206</ele>
    </trkpt>
    <trkpt lat="46.724625" lon="3.6781387">
      <ele>206</ele>
    </trkpt>
    <trkpt lat="46.724458" lon="3.6783935">
      <ele>207</ele>
    </trkpt>
    <trkpt lat="46.724263" lon="3.6786966">
      <ele>209</ele>
    </trkpt>
    <trkpt lat="46.724173" lon="3.6788307">
      <ele>210</ele>
    </trkpt>
    <trkpt lat="46.724084" lon="3.6789622">
      <ele>211</ele>
    </trkpt>
    <trkpt lat="46.724022" lon="3.679048">
      <ele>211</ele>
    </trkpt>
    <trkpt lat="46.723954" lon="3.6791311">
      <ele>212</ele>
    </trkpt>
    <trkpt lat="46.723827" lon="3.6792679">
      <ele>212</ele>
    </trkpt>
    <trkpt lat="46.723571" lon="3.6795469">
      <ele>214</ele>
    </trkpt>
    <trkpt lat="46.722972" lon="3.6801477">
      <ele>217</ele>
    </trkpt>
    <trkpt lat="46.722702" lon="3.6804106">
      <ele>218</ele>
    </trkpt>
    <trkpt lat="46.722625" lon="3.6804749">
      <ele>218</ele>
    </trkpt>
    <trkpt lat="46.722514" lon="3.6805554">
      <ele>219</ele>
    </trkpt>
    <trkpt lat="46.722406" lon="3.6806251">
      <ele>220</ele>
    </trkpt>
    <trkpt lat="46.722292" lon="3.6806815">
      <ele>220</ele>
    </trkpt>
    <trkpt lat="46.722139" lon="3.6807753">
      <ele>221</ele>
    </trkpt>
    <trkpt lat="46.722091" lon="3.6808102">
      <ele>222</ele>
    </trkpt>
    <trkpt lat="46.722055" lon="3.6808478">
      <ele>222</ele>
    </trkpt>
    <trkpt lat="46.722016" lon="3.6808987">
      <ele>222</ele>
    </trkpt>
    <trkpt lat="46.721981" lon="3.680955">
      <ele>222</ele>
    </trkpt>
    <trkpt lat="46.721952" lon="3.6810275">
      <ele>223</ele>
    </trkpt>
    <trkpt lat="46.721929" lon="3.6810999">
      <ele>223</ele>
    </trkpt>
    <trkpt lat="46.721909" lon="3.681183">
      <ele>223</ele>
    </trkpt>
    <trkpt lat="46.721893" lon="3.681293">
      <ele>223</ele>
    </trkpt>
    <trkpt lat="46.721884" lon="3.6813708">
      <ele>223</ele>
    </trkpt>
    <trkpt lat="46.721871" lon="3.6814861">
      <ele>223</ele>
    </trkpt>
    <trkpt lat="46.721861" lon="3.6815907">
      <ele>224</ele>
    </trkpt>
    <trkpt lat="46.72185" lon="3.6817463">
      <ele>224</ele>
    </trkpt>
    <trkpt lat="46.721841" lon="3.6818777">
      <ele>225</ele>
    </trkpt>
    <trkpt lat="46.721815" lon="3.682154">
      <ele>226</ele>
    </trkpt>
    <trkpt lat="46.721797" lon="3.6822935">
      <ele>226</ele>
    </trkpt>
    <trkpt lat="46.72176" lon="3.6825402">
      <ele>227</ele>
    </trkpt>
    <trkpt lat="46.721698" lon="3.6828353">
      <ele>228</ele>
    </trkpt>
    <trkpt lat="46.721586" lon="3.6832617">
      <ele>230</ele>
    </trkpt>
    <trkpt lat="46.721556" lon="3.6833395">
      <ele>230</ele>
    </trkpt>
    <trkpt lat="46.721519" lon="3.6834012">
      <ele>230</ele>
    </trkpt>
    <trkpt lat="46.721483" lon="3.6834629">
      <ele>230</ele>
    </trkpt>
    <trkpt lat="46.721507" lon="3.6835192">
      <ele>230</ele>
    </trkpt>
    <trkpt lat="46.721527" lon="3.6835863">
      <ele>230</ele>
    </trkpt>
    <trkpt lat="46.721536" lon="3.6836319">
      <ele>231</ele>
    </trkpt>
    <trkpt lat="46.721569" lon="3.6840181">
      <ele>231</ele>
    </trkpt>
    <trkpt lat="46.7216" lon="3.6843293">
      <ele>232</ele>
    </trkpt>
    <trkpt lat="46.721624" lon="3.6844097">
      <ele>232</ele>
    </trkpt>
    <trkpt lat="46.721656" lon="3.6844714">
      <ele>232</ele>
    </trkpt>
    <trkpt lat="46.721639" lon="3.6845358">
      <ele>232</ele>
    </trkpt>
    <trkpt lat="46.721641" lon="3.6846163">
      <ele>232</ele>
    </trkpt>
    <trkpt lat="46.721641" lon="3.6847343">
      <ele>232</ele>
    </trkpt>
    <trkpt lat="46.72165" lon="3.6848469">
      <ele>232</ele>
    </trkpt>
    <trkpt lat="46.721657" lon="3.6849274">
      <ele>232</ele>
    </trkpt>
    <trkpt lat="46.721657" lon="3.6850106">
      <ele>232</ele>
    </trkpt>
    <trkpt lat="46.721657" lon="3.6851152">
      <ele>232</ele>
    </trkpt>
    <trkpt lat="46.721648" lon="3.6852251">
      <ele>233</ele>
    </trkpt>
    <trkpt lat="46.721626" lon="3.6853753">
      <ele>233</ele>
    </trkpt>
    <trkpt lat="46.72158" lon="3.6856489">
      <ele>233</ele>
    </trkpt>
    <trkpt lat="46.72151" lon="3.6860405">
      <ele>233</ele>
    </trkpt>
    <trkpt lat="46.721422" lon="3.6865126">
      <ele>233</ele>
    </trkpt>
    <trkpt lat="46.721398" lon="3.686636">
      <ele>233</ele>
    </trkpt>
    <trkpt lat="46.721389" lon="3.6866708">
      <ele>233</ele>
    </trkpt>
    <trkpt lat="46.721326" lon="3.6868666">
      <ele>233</ele>
    </trkpt>
    <trkpt lat="46.721299" lon="3.6869471">
      <ele>233</ele>
    </trkpt>
    <trkpt lat="46.721255" lon="3.6869739">
      <ele>233</ele>
    </trkpt>
    <trkpt lat="46.72119" lon="3.6869981">
      <ele>234</ele>
    </trkpt>
    <trkpt lat="46.720538" lon="3.687159">
      <ele>235</ele>
    </trkpt>
    <trkpt lat="46.719914" lon="3.6873146">
      <ele>236</ele>
    </trkpt>
    <trkpt lat="46.719778" lon="3.6873441">
      <ele>237</ele>
    </trkpt>
    <trkpt lat="46.719708" lon="3.6873548">
      <ele>237</ele>
    </trkpt>
    <trkpt lat="46.719627" lon="3.6873548">
      <ele>237</ele>
    </trkpt>
    <trkpt lat="46.719546" lon="3.6873494">
      <ele>237</ele>
    </trkpt>
    <trkpt lat="46.719361" lon="3.6873146">
      <ele>238</ele>
    </trkpt>
    <trkpt lat="46.719208" lon="3.6872717">
      <ele>238</ele>
    </trkpt>
    <trkpt lat="46.719068" lon="3.6872368">
      <ele>238</ele>
    </trkpt>
    <trkpt lat="46.718982" lon="3.6872234">
      <ele>238</ele>
    </trkpt>
    <trkpt lat="46.71891" lon="3.687218">
      <ele>238</ele>
    </trkpt>
    <trkpt lat="46.718688" lon="3.6872207">
      <ele>239</ele>
    </trkpt>
    <trkpt lat="46.718463" lon="3.6872341">
      <ele>240</ele>
    </trkpt>
    <trkpt lat="46.718127" lon="3.6872556">
      <ele>240</ele>
    </trkpt>
    <trkpt lat="46.717961" lon="3.6872743">
      <ele>241</ele>
    </trkpt>
    <trkpt lat="46.717803" lon="3.6873012">
      <ele>242</ele>
    </trkpt>
    <trkpt lat="46.717312" lon="3.6873816">
      <ele>242</ele>
    </trkpt>
    <trkpt lat="46.717143" lon="3.6874165">
      <ele>242</ele>
    </trkpt>
    <trkpt lat="46.716976" lon="3.6874433">
      <ele>242</ele>
    </trkpt>
    <trkpt lat="46.716738" lon="3.6874862">
      <ele>241</ele>
    </trkpt>
    <trkpt lat="46.716676" lon="3.687497">
      <ele>241</ele>
    </trkpt>
    <trkpt lat="46.716543" lon="3.6875452">
      <ele>241</ele>
    </trkpt>
    <trkpt lat="46.716413" lon="3.6876016">
      <ele>241</ele>
    </trkpt>
    <trkpt lat="46.716314" lon="3.6876525">
      <ele>241</ele>
    </trkpt>
    <trkpt lat="46.716212" lon="3.6877062">
      <ele>241</ele>
    </trkpt>
    <trkpt lat="46.715808" lon="3.6880012">
      <ele>241</ele>
    </trkpt>
    <trkpt lat="46.71571" lon="3.6880575">
      <ele>241</ele>
    </trkpt>
    <trkpt lat="46.715641" lon="3.6880817">
      <ele>240</ele>
    </trkpt>
    <trkpt lat="46.715569" lon="3.6880978">
      <ele>240</ele>
    </trkpt>
    <trkpt lat="46.715232" lon="3.6881353">
      <ele>239</ele>
    </trkpt>
    <trkpt lat="46.715078" lon="3.6881461">
      <ele>239</ele>
    </trkpt>
    <trkpt lat="46.714997" lon="3.6881541">
      <ele>239</ele>
    </trkpt>
    <trkpt lat="46.714958" lon="3.6881595">
      <ele>239</ele>
    </trkpt>
    <trkpt lat="46.714914" lon="3.6881702">
      <ele>239</ele>
    </trkpt>
    <trkpt lat="46.714857" lon="3.6881943">
      <ele>239</ele>
    </trkpt>
    <trkpt lat="46.7148" lon="3.6882346">
      <ele>239</ele>
    </trkpt>
    <trkpt lat="46.714749" lon="3.6882855">
      <ele>239</ele>
    </trkpt>
    <trkpt lat="46.714679" lon="3.6883767">
      <ele>239</ele>
    </trkpt>
    <trkpt lat="46.714258" lon="3.6889936">
      <ele>239</ele>
    </trkpt>
    <trkpt lat="46.714054" lon="3.6892914">
      <ele>238</ele>
    </trkpt>
    <trkpt lat="46.713875" lon="3.6895408">
      <ele>238</ele>
    </trkpt>
    <trkpt lat="46.713791" lon="3.6896454">
      <ele>238</ele>
    </trkpt>
    <trkpt lat="46.713717" lon="3.6897339">
      <ele>238</ele>
    </trkpt>
    <trkpt lat="46.713653" lon="3.6897983">
      <ele>238</ele>
    </trkpt>
    <trkpt lat="46.713592" lon="3.6898385">
      <ele>238</ele>
    </trkpt>
    <trkpt lat="46.713472" lon="3.6899029">
      <ele>237</ele>
    </trkpt>
    <trkpt lat="46.713342" lon="3.6899834">
      <ele>236</ele>
    </trkpt>
    <trkpt lat="46.713261" lon="3.6900451">
      <ele>236</ele>
    </trkpt>
    <trkpt lat="46.713185" lon="3.6901148">
      <ele>236</ele>
    </trkpt>
    <trkpt lat="46.713105" lon="3.6901953">
      <ele>236</ele>
    </trkpt>
    <trkpt lat="46.71254" lon="3.6908739">
      <ele>236</ele>
    </trkpt>
    <trkpt lat="46.712373" lon="3.6910241">
      <ele>237</ele>
    </trkpt>
    <trkpt lat="46.712205" lon="3.6911528">
      <ele>237</ele>
    </trkpt>
    <trkpt lat="46.711997" lon="3.6913084">
      <ele>238</ele>
    </trkpt>
    <trkpt lat="46.711869" lon="3.6914103">
      <ele>238</ele>
    </trkpt>
    <trkpt lat="46.71174" lon="3.691539">
      <ele>238</ele>
    </trkpt>
    <trkpt lat="46.711622" lon="3.6916705">
      <ele>237</ele>
    </trkpt>
    <trkpt lat="46.711497" lon="3.6918099">
      <ele>236</ele>
    </trkpt>
    <trkpt lat="46.711394" lon="3.6919253">
      <ele>235</ele>
    </trkpt>
    <trkpt lat="46.711346" lon="3.6919655">
      <ele>235</ele>
    </trkpt>
    <trkpt lat="46.711306" lon="3.6920004">
      <ele>235</ele>
    </trkpt>
    <trkpt lat="46.711256" lon="3.6920353">
      <ele>235</ele>
    </trkpt>
    <trkpt lat="46.711207" lon="3.6920621">
      <ele>234</ele>
    </trkpt>
    <trkpt lat="46.711153" lon="3.6920862">
      <ele>234</ele>
    </trkpt>
    <trkpt lat="46.711094" lon="3.692105">
      <ele>234</ele>
    </trkpt>
    <trkpt lat="46.710958" lon="3.6921372">
      <ele>233</ele>
    </trkpt>
    <trkpt lat="46.710833" lon="3.6921694">
      <ele>233</ele>
    </trkpt>
    <trkpt lat="46.710756" lon="3.6921908">
      <ele>232</ele>
    </trkpt>
    <trkpt lat="46.710675" lon="3.6922203">
      <ele>231</ele>
    </trkpt>
    <trkpt lat="46.710579" lon="3.692274">
      <ele>231</ele>
    </trkpt>
    <trkpt lat="46.710515" lon="3.6923196">
      <ele>230</ele>
    </trkpt>
    <trkpt lat="46.710449" lon="3.6923813">
      <ele>230</ele>
    </trkpt>
    <trkpt lat="46.710396" lon="3.692451">
      <ele>229</ele>
    </trkpt>
    <trkpt lat="46.710348" lon="3.6925315">
      <ele>229</ele>
    </trkpt>
    <trkpt lat="46.710298" lon="3.6926388">
      <ele>228</ele>
    </trkpt>
    <trkpt lat="46.71025" lon="3.6927514">
      <ele>228</ele>
    </trkpt>
    <trkpt lat="46.710175" lon="3.6929097">
      <ele>227</ele>
    </trkpt>
    <trkpt lat="46.710099" lon="3.6930599">
      <ele>227</ele>
    </trkpt>
    <trkpt lat="46.70987" lon="3.693481">
      <ele>227</ele>
    </trkpt>
    <trkpt lat="46.70963" lon="3.693894">
      <ele>228</ele>
    </trkpt>
    <trkpt lat="46.709154" lon="3.6947175">
      <ele>231</ele>
    </trkpt>
    <trkpt lat="46.708944" lon="3.6950742">
      <ele>234</ele>
    </trkpt>
    <trkpt lat="46.708724" lon="3.6954578">
      <ele>237</ele>
    </trkpt>
    <trkpt lat="46.708514" lon="3.6958279">
      <ele>238</ele>
    </trkpt>
    <trkpt lat="46.708409" lon="3.696013">
      <ele>239</ele>
    </trkpt>
    <trkpt lat="46.708303" lon="3.6961927">
      <ele>239</ele>
    </trkpt>
    <trkpt lat="46.708222" lon="3.6963187">
      <ele>240</ele>
    </trkpt>
    <trkpt lat="46.708179" lon="3.6963804">
      <ele>240</ele>
    </trkpt>
    <trkpt lat="46.708137" lon="3.6964341">
      <ele>241</ele>
    </trkpt>
    <trkpt lat="46.708093" lon="3.6964904">
      <ele>241</ele>
    </trkpt>
    <trkpt lat="46.708049" lon="3.6965414">
      <ele>241</ele>
    </trkpt>
    <trkpt lat="46.707957" lon="3.6966406">
      <ele>241</ele>
    </trkpt>
    <trkpt lat="46.707788" lon="3.696815">
      <ele>242</ele>
    </trkpt>
    <trkpt lat="46.707615" lon="3.6969812">
      <ele>243</ele>
    </trkpt>
    <trkpt lat="46.707273" lon="3.6973192">
      <ele>245</ele>
    </trkpt>
    <trkpt lat="46.706774" lon="3.697802">
      <ele>248</ele>
    </trkpt>
    <trkpt lat="46.705939" lon="3.6986201">
      <ele>251</ele>
    </trkpt>
    <trkpt lat="46.705858" lon="3.6986952">
      <ele>251</ele>
    </trkpt>
    <trkpt lat="46.705768" lon="3.6987676">
      <ele>251</ele>
    </trkpt>
    <trkpt lat="46.705549" lon="3.6989312">
      <ele>251</ele>
    </trkpt>
    <trkpt lat="46.705157" lon="3.6992236">
      <ele>250</ele>
    </trkpt>
    <trkpt lat="46.704887" lon="3.6994194">
      <ele>250</ele>
    </trkpt>
    <trkpt lat="46.704425" lon="3.6998244">
      <ele>248</ele>
    </trkpt>
    <trkpt lat="46.703601" lon="3.7005861">
      <ele>247</ele>
    </trkpt>
    <trkpt lat="46.703118" lon="3.7009965">
      <ele>246</ele>
    </trkpt>
    <trkpt lat="46.702825" lon="3.7012513">
      <ele>246</ele>
    </trkpt>
    <trkpt lat="46.70254" lon="3.7015115">
      <ele>246</ele>
    </trkpt>
    <trkpt lat="46.702472" lon="3.7015759">
      <ele>246</ele>
    </trkpt>
    <trkpt lat="46.702408" lon="3.7016429">
      <ele>246</ele>
    </trkpt>
    <trkpt lat="46.702343" lon="3.70171">
      <ele>246</ele>
    </trkpt>
    <trkpt lat="46.702281" lon="3.701777">
      <ele>246</ele>
    </trkpt>
    <trkpt lat="46.702029" lon="3.7020614">
      <ele>246</ele>
    </trkpt>
    <trkpt lat="46.701699" lon="3.7024261">
      <ele>245</ele>
    </trkpt>
    <trkpt lat="46.701618" lon="3.70252">
      <ele>245</ele>
    </trkpt>
    <trkpt lat="46.701539" lon="3.7026166">
      <ele>245</ele>
    </trkpt>
    <trkpt lat="46.701381" lon="3.7028097">
      <ele>245</ele>
    </trkpt>
    <trkpt lat="46.701179" lon="3.7030833">
      <ele>245</ele>
    </trkpt>
    <trkpt lat="46.7011" lon="3.7031906">
      <ele>245</ele>
    </trkpt>
    <trkpt lat="46.701024" lon="3.7033005">
      <ele>245</ele>
    </trkpt>
    <trkpt lat="46.700886" lon="3.7035285">
      <ele>246</ele>
    </trkpt>
    <trkpt lat="46.70082" lon="3.7036465">
      <ele>247</ele>
    </trkpt>
    <trkpt lat="46.700756" lon="3.7037646">
      <ele>247</ele>
    </trkpt>
    <trkpt lat="46.700706" lon="3.7038638">
      <ele>247</ele>
    </trkpt>
    <trkpt lat="46.700682" lon="3.7039121">
      <ele>248</ele>
    </trkpt>
    <trkpt lat="46.70066" lon="3.703963">
      <ele>248</ele>
    </trkpt>
    <trkpt lat="46.700636" lon="3.704014">
      <ele>248</ele>
    </trkpt>
    <trkpt lat="46.700616" lon="3.704065">
      <ele>248</ele>
    </trkpt>
    <trkpt lat="46.700594" lon="3.7041293">
      <ele>249</ele>
    </trkpt>
    <trkpt lat="46.700577" lon="3.7041857">
      <ele>249</ele>
    </trkpt>
    <trkpt lat="46.700552" lon="3.7042876">
      <ele>249</ele>
    </trkpt>
    <trkpt lat="46.700529" lon="3.7044029">
      <ele>250</ele>
    </trkpt>
    <trkpt lat="46.700502" lon="3.704647">
      <ele>251</ele>
    </trkpt>
    <trkpt lat="46.700456" lon="3.7050681">
      <ele>252</ele>
    </trkpt>
    <trkpt lat="46.700382" lon="3.7057628">
      <ele>254</ele>
    </trkpt>
    <trkpt lat="46.700349" lon="3.706023">
      <ele>255</ele>
    </trkpt>
    <trkpt lat="46.700344" lon="3.7060713">
      <ele>255</ele>
    </trkpt>
    <trkpt lat="46.70029" lon="3.7064414">
      <ele>256</ele>
    </trkpt>
    <trkpt lat="46.700244" lon="3.706782">
      <ele>256</ele>
    </trkpt>
    <trkpt lat="46.70023" lon="3.7068759">
      <ele>256</ele>
    </trkpt>
    <trkpt lat="46.700215" lon="3.7069832">
      <ele>256</ele>
    </trkpt>
    <trkpt lat="46.700195" lon="3.7071173">
      <ele>256</ele>
    </trkpt>
    <trkpt lat="46.700167" lon="3.707289">
      <ele>256</ele>
    </trkpt>
    <trkpt lat="46.700136" lon="3.7074526">
      <ele>255</ele>
    </trkpt>
    <trkpt lat="46.700101" lon="3.7076216">
      <ele>255</ele>
    </trkpt>
    <trkpt lat="46.700066" lon="3.7077906">
      <ele>254</ele>
    </trkpt>
    <trkpt lat="46.699956" lon="3.7082841">
      <ele>253</ele>
    </trkpt>
    <trkpt lat="46.699928" lon="3.7084021">
      <ele>253</ele>
    </trkpt>
    <trkpt lat="46.699897" lon="3.7085201">
      <ele>253</ele>
    </trkpt>
    <trkpt lat="46.69986" lon="3.7086408">
      <ele>252</ele>
    </trkpt>
    <trkpt lat="46.699821" lon="3.7087642">
      <ele>252</ele>
    </trkpt>
    <trkpt lat="46.699492" lon="3.7096279">
      <ele>252</ele>
    </trkpt>
    <trkpt lat="46.699431" lon="3.7097727">
      <ele>252</ele>
    </trkpt>
    <trkpt lat="46.699371" lon="3.7099149">
      <ele>252</ele>
    </trkpt>
    <trkpt lat="46.699339" lon="3.7099846">
      <ele>253</ele>
    </trkpt>
    <trkpt lat="46.699308" lon="3.7100517">
      <ele>253</ele>
    </trkpt>
    <trkpt lat="46.699275" lon="3.710116">
      <ele>253</ele>
    </trkpt>
    <trkpt lat="46.699238" lon="3.7101831">
      <ele>253</ele>
    </trkpt>
    <trkpt lat="46.699172" lon="3.7102904">
      <ele>254</ele>
    </trkpt>
    <trkpt lat="46.699098" lon="3.710395">
      <ele>254</ele>
    </trkpt>
    <trkpt lat="46.698946" lon="3.7106015">
      <ele>256</ele>
    </trkpt>
    <trkpt lat="46.69864" lon="3.7110038">
      <ele>259</ele>
    </trkpt>
    <trkpt lat="46.698574" lon="3.7110924">
      <ele>259</ele>
    </trkpt>
    <trkpt lat="46.69851" lon="3.7111835">
      <ele>259</ele>
    </trkpt>
    <trkpt lat="46.698449" lon="3.7112774">
      <ele>258</ele>
    </trkpt>
    <trkpt lat="46.698388" lon="3.7113793">
      <ele>258</ele>
    </trkpt>
    <trkpt lat="46.698156" lon="3.7118031">
      <ele>258</ele>
    </trkpt>
    <trkpt lat="46.69782" lon="3.7124308">
      <ele>257</ele>
    </trkpt>
    <trkpt lat="46.697647" lon="3.7127607">
      <ele>256</ele>
    </trkpt>
    <trkpt lat="46.697595" lon="3.712868">
      <ele>256</ele>
    </trkpt>
    <trkpt lat="46.697555" lon="3.7129592">
      <ele>255</ele>
    </trkpt>
    <trkpt lat="46.69752" lon="3.713053">
      <ele>255</ele>
    </trkpt>
    <trkpt lat="46.697487" lon="3.7131442">
      <ele>255</ele>
    </trkpt>
    <trkpt lat="46.697283" lon="3.7137397">
      <ele>251</ele>
    </trkpt>
    <trkpt lat="46.697244" lon="3.7138577">
      <ele>250</ele>
    </trkpt>
    <trkpt lat="46.697205" lon="3.713973">
      <ele>250</ele>
    </trkpt>
    <trkpt lat="46.69715" lon="3.7141072">
      <ele>250</ele>
    </trkpt>
    <trkpt lat="46.697091" lon="3.7142332">
      <ele>250</ele>
    </trkpt>
    <trkpt lat="46.697027" lon="3.7143512">
      <ele>249</ele>
    </trkpt>
    <trkpt lat="46.696959" lon="3.7144612">
      <ele>249</ele>
    </trkpt>
    <trkpt lat="46.696894" lon="3.7145524">
      <ele>249</ele>
    </trkpt>
    <trkpt lat="46.69683" lon="3.7146409">
      <ele>249</ele>
    </trkpt>
    <trkpt lat="46.696701" lon="3.7148099">
      <ele>249</ele>
    </trkpt>
    <trkpt lat="46.696569" lon="3.7149923">
      <ele>248</ele>
    </trkpt>
    <trkpt lat="46.696438" lon="3.7151827">
      <ele>249</ele>
    </trkpt>
    <trkpt lat="46.696367" lon="3.7152981">
      <ele>249</ele>
    </trkpt>
    <trkpt lat="46.6963" lon="3.7154161">
      <ele>249</ele>
    </trkpt>
    <trkpt lat="46.696225" lon="3.7155555">
      <ele>249</ele>
    </trkpt>
    <trkpt lat="46.696157" lon="3.7156897">
      <ele>249</ele>
    </trkpt>
    <trkpt lat="46.695973" lon="3.7161">
      <ele>249</ele>
    </trkpt>
    <trkpt lat="46.695927" lon="3.7162046">
      <ele>250</ele>
    </trkpt>
    <trkpt lat="46.695883" lon="3.7163146">
      <ele>251</ele>
    </trkpt>
    <trkpt lat="46.695796" lon="3.7165292">
      <ele>252</ele>
    </trkpt>
    <trkpt lat="46.695712" lon="3.7167438">
      <ele>253</ele>
    </trkpt>
    <trkpt lat="46.695625" lon="3.7169557">
      <ele>254</ele>
    </trkpt>
    <trkpt lat="46.695439" lon="3.7173848">
      <ele>256</ele>
    </trkpt>
    <trkpt lat="46.695248" lon="3.7178059">
      <ele>258</ele>
    </trkpt>
    <trkpt lat="46.695108" lon="3.7181305">
      <ele>258</ele>
    </trkpt>
    <trkpt lat="46.695071" lon="3.7182109">
      <ele>259</ele>
    </trkpt>
    <trkpt lat="46.695033" lon="3.718286">
      <ele>259</ele>
    </trkpt>
    <trkpt lat="46.694996" lon="3.7183611">
      <ele>259</ele>
    </trkpt>
    <trkpt lat="46.694954" lon="3.7184362">
      <ele>259</ele>
    </trkpt>
    <trkpt lat="46.694891" lon="3.7185328">
      <ele>260</ele>
    </trkpt>
    <trkpt lat="46.694829" lon="3.7186213">
      <ele>260</ele>
    </trkpt>
    <trkpt lat="46.694762" lon="3.7187071">
      <ele>260</ele>
    </trkpt>
    <trkpt lat="46.694696" lon="3.7187903">
      <ele>260</ele>
    </trkpt>
    <trkpt lat="46.694584" lon="3.7189271">
      <ele>260</ele>
    </trkpt>
    <trkpt lat="46.694562" lon="3.7189539">
      <ele>260</ele>
    </trkpt>
    <trkpt lat="46.694426" lon="3.7191095">
      <ele>261</ele>
    </trkpt>
    <trkpt lat="46.694323" lon="3.7192275">
      <ele>261</ele>
    </trkpt>
    <trkpt lat="46.69421" lon="3.7193401">
      <ele>261</ele>
    </trkpt>
    <trkpt lat="46.694139" lon="3.7193992">
      <ele>261</ele>
    </trkpt>
    <trkpt lat="46.694069" lon="3.7194528">
      <ele>261</ele>
    </trkpt>
    <trkpt lat="46.693925" lon="3.7195601">
      <ele>261</ele>
    </trkpt>
    <trkpt lat="46.693767" lon="3.7196727">
      <ele>261</ele>
    </trkpt>
    <trkpt lat="46.693607" lon="3.7197854">
      <ele>261</ele>
    </trkpt>
    <trkpt lat="46.693548" lon="3.7198283">
      <ele>261</ele>
    </trkpt>
    <trkpt lat="46.693272" lon="3.7200697">
      <ele>261</ele>
    </trkpt>
    <trkpt lat="46.692851" lon="3.7204694">
      <ele>262</ele>
    </trkpt>
    <trkpt lat="46.692544" lon="3.7207644">
      <ele>262</ele>
    </trkpt>
    <trkpt lat="46.69224" lon="3.7210648">
      <ele>262</ele>
    </trkpt>
    <trkpt lat="46.69203" lon="3.7212767">
      <ele>262</ele>
    </trkpt>
    <trkpt lat="46.691927" lon="3.721384">
      <ele>262</ele>
    </trkpt>
    <trkpt lat="46.691826" lon="3.7214913">
      <ele>261</ele>
    </trkpt>
    <trkpt lat="46.691756" lon="3.7215744">
      <ele>261</ele>
    </trkpt>
    <trkpt lat="46.691692" lon="3.7216603">
      <ele>261</ele>
    </trkpt>
    <trkpt lat="46.691662" lon="3.7217005">
      <ele>261</ele>
    </trkpt>
    <trkpt lat="46.6916" lon="3.721797">
      <ele>260</ele>
    </trkpt>
    <trkpt lat="46.691569" lon="3.7218426">
      <ele>260</ele>
    </trkpt>
    <trkpt lat="46.691526" lon="3.721899">
      <ele>260</ele>
    </trkpt>
    <trkpt lat="46.691486" lon="3.7219499">
      <ele>259</ele>
    </trkpt>
    <trkpt lat="46.691445" lon="3.7220009">
      <ele>259</ele>
    </trkpt>
    <trkpt lat="46.691401" lon="3.7220465">
      <ele>259</ele>
    </trkpt>
    <trkpt lat="46.691355" lon="3.7220894">
      <ele>258</ele>
    </trkpt>
    <trkpt lat="46.691223" lon="3.7221967">
      <ele>258</ele>
    </trkpt>
    <trkpt lat="46.691096" lon="3.7223067">
      <ele>257</ele>
    </trkpt>
    <trkpt lat="46.691024" lon="3.722371">
      <ele>257</ele>
    </trkpt>
    <trkpt lat="46.69096" lon="3.7224354">
      <ele>257</ele>
    </trkpt>
    <trkpt lat="46.690919" lon="3.722481">
      <ele>257</ele>
    </trkpt>
    <trkpt lat="46.690879" lon="3.722532">
      <ele>257</ele>
    </trkpt>
    <trkpt lat="46.690838" lon="3.7225803">
      <ele>257</ele>
    </trkpt>
    <trkpt lat="46.690799" lon="3.7226366">
      <ele>256</ele>
    </trkpt>
    <trkpt lat="46.690755" lon="3.7227117">
      <ele>256</ele>
    </trkpt>
    <trkpt lat="46.690711" lon="3.7227895">
      <ele>256</ele>
    </trkpt>
    <trkpt lat="46.690671" lon="3.7228726">
      <ele>256</ele>
    </trkpt>
    <trkpt lat="46.69063" lon="3.7229584">
      <ele>256</ele>
    </trkpt>
    <trkpt lat="46.690593" lon="3.7230443">
      <ele>256</ele>
    </trkpt>
    <trkpt lat="46.690555" lon="3.7231408">
      <ele>256</ele>
    </trkpt>
    <trkpt lat="46.690498" lon="3.723291">
      <ele>256</ele>
    </trkpt>
    <trkpt lat="46.690443" lon="3.7234359">
      <ele>256</ele>
    </trkpt>
    <trkpt lat="46.690398" lon="3.7235727">
      <ele>256</ele>
    </trkpt>
    <trkpt lat="46.690376" lon="3.7236451">
      <ele>256</ele>
    </trkpt>
    <trkpt lat="46.690358" lon="3.7237148">
      <ele>256</ele>
    </trkpt>
    <trkpt lat="46.690343" lon="3.7237899">
      <ele>256</ele>
    </trkpt>
    <trkpt lat="46.690323" lon="3.7239133">
      <ele>256</ele>
    </trkpt>
    <trkpt lat="46.690233" lon="3.7244632">
      <ele>257</ele>
    </trkpt>
    <trkpt lat="46.690187" lon="3.7247394">
      <ele>257</ele>
    </trkpt>
    <trkpt lat="46.690137" lon="3.7250157">
      <ele>258</ele>
    </trkpt>
    <trkpt lat="46.6901" lon="3.7252008">
      <ele>258</ele>
    </trkpt>
    <trkpt lat="46.690062" lon="3.7253805">
      <ele>258</ele>
    </trkpt>
    <trkpt lat="46.689983" lon="3.7257318">
      <ele>259</ele>
    </trkpt>
    <trkpt lat="46.689896" lon="3.7260725">
      <ele>259</ele>
    </trkpt>
    <trkpt lat="46.689804" lon="3.7264319">
      <ele>260</ele>
    </trkpt>
    <trkpt lat="46.689714" lon="3.7267833">
      <ele>260</ele>
    </trkpt>
    <trkpt lat="46.689628" lon="3.72714">
      <ele>261</ele>
    </trkpt>
    <trkpt lat="46.689585" lon="3.7273144">
      <ele>261</ele>
    </trkpt>
    <trkpt lat="46.689539" lon="3.727486">
      <ele>262</ele>
    </trkpt>
    <trkpt lat="46.689491" lon="3.7276577">
      <ele>262</ele>
    </trkpt>
    <trkpt lat="46.689442" lon="3.7278293">
      <ele>262</ele>
    </trkpt>
    <trkpt lat="46.689322" lon="3.7281888">
      <ele>261</ele>
    </trkpt>
    <trkpt lat="46.689197" lon="3.7285401">
      <ele>262</ele>
    </trkpt>
    <trkpt lat="46.689065" lon="3.7288995">
      <ele>262</ele>
    </trkpt>
    <trkpt lat="46.688998" lon="3.7290819">
      <ele>262</ele>
    </trkpt>
    <trkpt lat="46.688971" lon="3.7291704">
      <ele>262</ele>
    </trkpt>
    <trkpt lat="46.688945" lon="3.7292536">
      <ele>262</ele>
    </trkpt>
    <trkpt lat="46.688914" lon="3.729377">
      <ele>262</ele>
    </trkpt>
    <trkpt lat="46.688882" lon="3.729503">
      <ele>262</ele>
    </trkpt>
    <trkpt lat="46.688855" lon="3.7296184">
      <ele>262</ele>
    </trkpt>
    <trkpt lat="46.688842" lon="3.7296908">
      <ele>261</ele>
    </trkpt>
    <trkpt lat="46.688829" lon="3.7297578">
      <ele>261</ele>
    </trkpt>
    <trkpt lat="46.688823" lon="3.7298222">
      <ele>261</ele>
    </trkpt>
    <trkpt lat="46.68882" lon="3.7298812">
      <ele>261</ele>
    </trkpt>
    <trkpt lat="46.688816" lon="3.7300046">
      <ele>262</ele>
    </trkpt>
    <trkpt lat="46.688822" lon="3.7301253">
      <ele>262</ele>
    </trkpt>
    <trkpt lat="46.688827" lon="3.7302433">
      <ele>262</ele>
    </trkpt>
    <trkpt lat="46.688864" lon="3.7307368">
      <ele>263</ele>
    </trkpt>
    <trkpt lat="46.688936" lon="3.731748">
      <ele>265</ele>
    </trkpt>
    <trkpt lat="46.688976" lon="3.7322523">
      <ele>265</ele>
    </trkpt>
    <trkpt lat="46.689022" lon="3.7327566">
      <ele>265</ele>
    </trkpt>
    <trkpt lat="46.689055" lon="3.7331133">
      <ele>264</ele>
    </trkpt>
    <trkpt lat="46.689087" lon="3.7334834">
      <ele>263</ele>
    </trkpt>
    <trkpt lat="46.689103" lon="3.7338321">
      <ele>262</ele>
    </trkpt>
    <trkpt lat="46.689105" lon="3.733934">
      <ele>262</ele>
    </trkpt>
    <trkpt lat="46.689105" lon="3.7340118">
      <ele>261</ele>
    </trkpt>
    <trkpt lat="46.689105" lon="3.7341003">
      <ele>260</ele>
    </trkpt>
    <trkpt lat="46.689101" lon="3.7341862">
      <ele>260</ele>
    </trkpt>
    <trkpt lat="46.689094" lon="3.734272">
      <ele>259</ele>
    </trkpt>
    <trkpt lat="46.689083" lon="3.7343551">
      <ele>259</ele>
    </trkpt>
    <trkpt lat="46.689057" lon="3.7345536">
      <ele>258</ele>
    </trkpt>
    <trkpt lat="46.689009" lon="3.7349211">
      <ele>256</ele>
    </trkpt>
    <trkpt lat="46.688971" lon="3.7351866">
      <ele>255</ele>
    </trkpt>
    <trkpt lat="46.688862" lon="3.7359296">
      <ele>254</ele>
    </trkpt>
    <trkpt lat="46.688801" lon="3.7363078">
      <ele>254</ele>
    </trkpt>
    <trkpt lat="46.688739" lon="3.7366806">
      <ele>254</ele>
    </trkpt>
    <trkpt lat="46.688708" lon="3.7368657">
      <ele>254</ele>
    </trkpt>
    <trkpt lat="46.688669" lon="3.7370535">
      <ele>255</ele>
    </trkpt>
    <trkpt lat="46.68863" lon="3.7372358">
      <ele>255</ele>
    </trkpt>
    <trkpt lat="46.688592" lon="3.7374182">
      <ele>255</ele>
    </trkpt>
    <trkpt lat="46.68856" lon="3.7375336">
      <ele>256</ele>
    </trkpt>
    <trkpt lat="46.688529" lon="3.7376516">
      <ele>256</ele>
    </trkpt>
    <trkpt lat="46.68845" lon="3.7378635">
      <ele>257</ele>
    </trkpt>
    <trkpt lat="46.68836" lon="3.7380593">
      <ele>259</ele>
    </trkpt>
    <trkpt lat="46.688264" lon="3.7382417">
      <ele>260</ele>
    </trkpt>
    <trkpt lat="46.688163" lon="3.7384187">
      <ele>262</ele>
    </trkpt>
    <trkpt lat="46.687915" lon="3.7388183">
      <ele>263</ele>
    </trkpt>
    <trkpt lat="46.687725" lon="3.7391241">
      <ele>263</ele>
    </trkpt>
    <trkpt lat="46.687291" lon="3.7398349">
      <ele>264</ele>
    </trkpt>
    <trkpt lat="46.686809" lon="3.740594">
      <ele>264</ele>
    </trkpt>
    <trkpt lat="46.686489" lon="3.741109">
      <ele>262</ele>
    </trkpt>
    <trkpt lat="46.686413" lon="3.7412404">
      <ele>262</ele>
    </trkpt>
    <trkpt lat="46.686341" lon="3.7413799">
      <ele>262</ele>
    </trkpt>
    <trkpt lat="46.686273" lon="3.7415274">
      <ele>262</ele>
    </trkpt>
    <trkpt lat="46.686132" lon="3.7418385">
      <ele>261</ele>
    </trkpt>
    <trkpt lat="46.685854" lon="3.7424501">
      <ele>261</ele>
    </trkpt>
    <trkpt lat="46.685307" lon="3.7436678">
      <ele>264</ele>
    </trkpt>
    <trkpt lat="46.684288" lon="3.7459047">
      <ele>262</ele>
    </trkpt>
    <trkpt lat="46.683977" lon="3.7465941">
      <ele>260</ele>
    </trkpt>
    <trkpt lat="46.683681" lon="3.7473344">
      <ele>258</ele>
    </trkpt>
    <trkpt lat="46.683602" lon="3.7475328">
      <ele>257</ele>
    </trkpt>
    <trkpt lat="46.683537" lon="3.7477394">
      <ele>256</ele>
    </trkpt>
    <trkpt lat="46.683488" lon="3.7479244">
      <ele>256</ele>
    </trkpt>
    <trkpt lat="46.683442" lon="3.7481068">
      <ele>256</ele>
    </trkpt>
    <trkpt lat="46.683405" lon="3.7482597">
      <ele>256</ele>
    </trkpt>
    <trkpt lat="46.68318" lon="3.7492441">
      <ele>258</ele>
    </trkpt>
    <trkpt lat="46.683145" lon="3.7493997">
      <ele>259</ele>
    </trkpt>
    <trkpt lat="46.68311" lon="3.7495338">
      <ele>259</ele>
    </trkpt>
    <trkpt lat="46.68307" lon="3.7496786">
      <ele>259</ele>
    </trkpt>
    <trkpt lat="46.683016" lon="3.7498127">
      <ele>259</ele>
    </trkpt>
    <trkpt lat="46.682965" lon="3.7499281">
      <ele>260</ele>
    </trkpt>
    <trkpt lat="46.682901" lon="3.7500434">
      <ele>260</ele>
    </trkpt>
    <trkpt lat="46.682788" lon="3.7502151">
      <ele>260</ele>
    </trkpt>
    <trkpt lat="46.682672" lon="3.7503948">
      <ele>260</ele>
    </trkpt>
    <trkpt lat="46.682582" lon="3.7505664">
      <ele>261</ele>
    </trkpt>
    <trkpt lat="46.682503" lon="3.7507327">
      <ele>261</ele>
    </trkpt>
    <trkpt lat="46.682411" lon="3.7509285">
      <ele>261</ele>
    </trkpt>
    <trkpt lat="46.682299" lon="3.7511672">
      <ele>261</ele>
    </trkpt>
    <trkpt lat="46.682198" lon="3.7513764">
      <ele>261</ele>
    </trkpt>
    <trkpt lat="46.682091" lon="3.7515883">
      <ele>260</ele>
    </trkpt>
    <trkpt lat="46.681977" lon="3.7517976">
      <ele>259</ele>
    </trkpt>
    <trkpt lat="46.681866" lon="3.7519907">
      <ele>258</ele>
    </trkpt>
    <trkpt lat="46.681752" lon="3.752165">
      <ele>257</ele>
    </trkpt>
    <trkpt lat="46.681629" lon="3.7523394">
      <ele>257</ele>
    </trkpt>
    <trkpt lat="46.681484" lon="3.7525244">
      <ele>257</ele>
    </trkpt>
    <trkpt lat="46.681342" lon="3.7527015">
      <ele>258</ele>
    </trkpt>
    <trkpt lat="46.681255" lon="3.7528275">
      <ele>258</ele>
    </trkpt>
    <trkpt lat="46.681178" lon="3.7529777">
      <ele>259</ele>
    </trkpt>
    <trkpt lat="46.681123" lon="3.7531038">
      <ele>259</ele>
    </trkpt>
    <trkpt lat="46.681081" lon="3.7532299">
      <ele>259</ele>
    </trkpt>
    <trkpt lat="46.68104" lon="3.7533666">
      <ele>260</ele>
    </trkpt>
    <trkpt lat="46.681007" lon="3.7534927">
      <ele>260</ele>
    </trkpt>
    <trkpt lat="46.680908" lon="3.7538307">
      <ele>261</ele>
    </trkpt>
    <trkpt lat="46.680792" lon="3.7541686">
      <ele>262</ele>
    </trkpt>
    <trkpt lat="46.68061" lon="3.7546434">
      <ele>265</ele>
    </trkpt>
    <trkpt lat="46.680525" lon="3.7548499">
      <ele>267</ele>
    </trkpt>
    <trkpt lat="46.680433" lon="3.7550484">
      <ele>268</ele>
    </trkpt>
    <trkpt lat="46.680324" lon="3.7552254">
      <ele>269</ele>
    </trkpt>
    <trkpt lat="46.680203" lon="3.7553944">
      <ele>269</ele>
    </trkpt>
    <trkpt lat="46.679684" lon="3.7560998">
      <ele>268</ele>
    </trkpt>
    <trkpt lat="46.679482" lon="3.7563949">
      <ele>267</ele>
    </trkpt>
    <trkpt lat="46.679377" lon="3.7565504">
      <ele>267</ele>
    </trkpt>
    <trkpt lat="46.679325" lon="3.7566228">
      <ele>266</ele>
    </trkpt>
    <trkpt lat="46.679275" lon="3.7566899">
      <ele>266</ele>
    </trkpt>
    <trkpt lat="46.679233" lon="3.7567409">
      <ele>267</ele>
    </trkpt>
    <trkpt lat="46.679189" lon="3.7567865">
      <ele>267</ele>
    </trkpt>
    <trkpt lat="46.679148" lon="3.7568294">
      <ele>266</ele>
    </trkpt>
    <trkpt lat="46.679104" lon="3.7568669">
      <ele>266</ele>
    </trkpt>
    <trkpt lat="46.679016" lon="3.756934">
      <ele>266</ele>
    </trkpt>
    <trkpt lat="46.678929" lon="3.7569957">
      <ele>266</ele>
    </trkpt>
    <trkpt lat="46.678707" lon="3.7571459">
      <ele>267</ele>
    </trkpt>
    <trkpt lat="46.678212" lon="3.7574624">
      <ele>266</ele>
    </trkpt>
    <trkpt lat="46.67782" lon="3.7577145">
      <ele>265</ele>
    </trkpt>
    <trkpt lat="46.677328" lon="3.7580417">
      <ele>263</ele>
    </trkpt>
    <trkpt lat="46.676962" lon="3.7582992">
      <ele>261</ele>
    </trkpt>
    <trkpt lat="46.676541" lon="3.7585835">
      <ele>259</ele>
    </trkpt>
    <trkpt lat="46.675967" lon="3.7589751">
      <ele>257</ele>
    </trkpt>
    <trkpt lat="46.67568" lon="3.759179">
      <ele>254</ele>
    </trkpt>
    <trkpt lat="46.675545" lon="3.7592675">
      <ele>253</ele>
    </trkpt>
    <trkpt lat="46.675415" lon="3.7593587">
      <ele>252</ele>
    </trkpt>
    <trkpt lat="46.675358" lon="3.7593882">
      <ele>252</ele>
    </trkpt>
    <trkpt lat="46.675288" lon="3.7594284">
      <ele>251</ele>
    </trkpt>
    <trkpt lat="46.675155" lon="3.7594794">
      <ele>251</ele>
    </trkpt>
    <trkpt lat="46.675072" lon="3.7594982">
      <ele>250</ele>
    </trkpt>
    <trkpt lat="46.674988" lon="3.7595116">
      <ele>250</ele>
    </trkpt>
    <trkpt lat="46.674903" lon="3.7595196">
      <ele>250</ele>
    </trkpt>
    <trkpt lat="46.67482" lon="3.759525">
      <ele>250</ele>
    </trkpt>
    <trkpt lat="46.674585" lon="3.7595357">
      <ele>251</ele>
    </trkpt>
    <trkpt lat="46.674347" lon="3.7595491">
      <ele>252</ele>
    </trkpt>
    <trkpt lat="46.674112" lon="3.7595679">
      <ele>254</ele>
    </trkpt>
    <trkpt lat="46.673876" lon="3.7595921">
      <ele>256</ele>
    </trkpt>
    <trkpt lat="46.673659" lon="3.7596135">
      <ele>256</ele>
    </trkpt>
    <trkpt lat="46.673552" lon="3.7596296">
      <ele>255</ele>
    </trkpt>
    <trkpt lat="46.673449" lon="3.7596457">
      <ele>255</ele>
    </trkpt>
    <trkpt lat="46.673339" lon="3.7596779">
      <ele>255</ele>
    </trkpt>
    <trkpt lat="46.673228" lon="3.7597154">
      <ele>255</ele>
    </trkpt>
    <trkpt lat="46.673061" lon="3.759761">
      <ele>254</ele>
    </trkpt>
    <trkpt lat="46.672702" lon="3.7598764">
      <ele>253</ele>
    </trkpt>
    <trkpt lat="46.67235" lon="3.76004">
      <ele>252</ele>
    </trkpt>
    <trkpt lat="46.67219" lon="3.7601178">
      <ele>251</ele>
    </trkpt>
    <trkpt lat="46.671931" lon="3.7602143">
      <ele>250</ele>
    </trkpt>
    <trkpt lat="46.67152" lon="3.7603297">
      <ele>249</ele>
    </trkpt>
    <trkpt lat="46.671443" lon="3.7603458">
      <ele>248</ele>
    </trkpt>
    <trkpt lat="46.671364" lon="3.7603592">
      <ele>248</ele>
    </trkpt>
    <trkpt lat="46.671191" lon="3.7603753">
      <ele>248</ele>
    </trkpt>
    <trkpt lat="46.671018" lon="3.760386">
      <ele>248</ele>
    </trkpt>
    <trkpt lat="46.670674" lon="3.760386">
      <ele>249</ele>
    </trkpt>
    <trkpt lat="46.670466" lon="3.760386">
      <ele>249</ele>
    </trkpt>
    <trkpt lat="46.670259" lon="3.7603887">
      <ele>249</ele>
    </trkpt>
    <trkpt lat="46.669849" lon="3.760394">
      <ele>250</ele>
    </trkpt>
    <trkpt lat="46.669733" lon="3.760394">
      <ele>251</ele>
    </trkpt>
    <trkpt lat="46.669599" lon="3.7603806">
      <ele>251</ele>
    </trkpt>
    <trkpt lat="46.669464" lon="3.7603618">
      <ele>251</ele>
    </trkpt>
    <trkpt lat="46.669172" lon="3.7603163">
      <ele>251</ele>
    </trkpt>
    <trkpt lat="46.669065" lon="3.7602921">
      <ele>251</ele>
    </trkpt>
    <trkpt lat="46.66852" lon="3.7602009">
      <ele>250</ele>
    </trkpt>
    <trkpt lat="46.667977" lon="3.7601044">
      <ele>251</ele>
    </trkpt>
    <trkpt lat="46.667939" lon="3.7601017">
      <ele>251</ele>
    </trkpt>
    <trkpt lat="46.6679" lon="3.7601044">
      <ele>251</ele>
    </trkpt>
    <trkpt lat="46.667826" lon="3.7601178">
      <ele>251</ele>
    </trkpt>
    <trkpt lat="46.667613" lon="3.7601526">
      <ele>252</ele>
    </trkpt>
    <trkpt lat="46.667401" lon="3.7601875">
      <ele>253</ele>
    </trkpt>
    <trkpt lat="46.667217" lon="3.760209">
      <ele>253</ele>
    </trkpt>
    <trkpt lat="46.667125" lon="3.7602197">
      <ele>253</ele>
    </trkpt>
    <trkpt lat="46.667033" lon="3.7602358">
      <ele>253</ele>
    </trkpt>
    <trkpt lat="46.666958" lon="3.7602546">
      <ele>252</ele>
    </trkpt>
    <trkpt lat="46.666882" lon="3.760276">
      <ele>252</ele>
    </trkpt>
    <trkpt lat="46.666733" lon="3.7603243">
      <ele>252</ele>
    </trkpt>
    <trkpt lat="46.66654" lon="3.760386">
      <ele>252</ele>
    </trkpt>
    <trkpt lat="46.666354" lon="3.760445">
      <ele>253</ele>
    </trkpt>
    <trkpt lat="46.666135" lon="3.7605094">
      <ele>253</ele>
    </trkpt>
    <trkpt lat="46.66596" lon="3.7605523">
      <ele>252</ele>
    </trkpt>
    <trkpt lat="46.66594" lon="3.7605576">
      <ele>252</ele>
    </trkpt>
    <trkpt lat="46.665785" lon="3.7605952">
      <ele>252</ele>
    </trkpt>
    <trkpt lat="46.665728" lon="3.7606086">
      <ele>251</ele>
    </trkpt>
    <trkpt lat="46.665675" lon="3.760622">
      <ele>251</ele>
    </trkpt>
    <trkpt lat="46.665621" lon="3.7606381">
      <ele>251</ele>
    </trkpt>
    <trkpt lat="46.665568" lon="3.7606515">
      <ele>251</ele>
    </trkpt>
    <trkpt lat="46.665503" lon="3.7606783">
      <ele>250</ele>
    </trkpt>
    <trkpt lat="46.665441" lon="3.7607052">
      <ele>250</ele>
    </trkpt>
    <trkpt lat="46.665378" lon="3.760732">
      <ele>250</ele>
    </trkpt>
    <trkpt lat="46.665176" lon="3.76085">
      <ele>249</ele>
    </trkpt>
    <trkpt lat="46.66499" lon="3.76096">
      <ele>248</ele>
    </trkpt>
    <trkpt lat="46.664565" lon="3.7612255">
      <ele>245</ele>
    </trkpt>
    <trkpt lat="46.663944" lon="3.7616037">
      <ele>241</ele>
    </trkpt>
    <trkpt lat="46.663304" lon="3.7619953">
      <ele>236</ele>
    </trkpt>
    <trkpt lat="46.662185" lon="3.7626739">
      <ele>231</ele>
    </trkpt>
    <trkpt lat="46.662034" lon="3.7627678">
      <ele>232</ele>
    </trkpt>
    <trkpt lat="46.661886" lon="3.7628697">
      <ele>233</ele>
    </trkpt>
    <trkpt lat="46.661815" lon="3.762926">
      <ele>233</ele>
    </trkpt>
    <trkpt lat="46.66178" lon="3.7629555">
      <ele>233</ele>
    </trkpt>
    <trkpt lat="46.661745" lon="3.7629877">
      <ele>234</ele>
    </trkpt>
    <trkpt lat="46.6617" lon="3.763028">
      <ele>234</ele>
    </trkpt>
    <trkpt lat="46.661662" lon="3.7630762">
      <ele>234</ele>
    </trkpt>
    <trkpt lat="46.661619" lon="3.7631299">
      <ele>234</ele>
    </trkpt>
    <trkpt lat="46.661579" lon="3.7631889">
      <ele>235</ele>
    </trkpt>
    <trkpt lat="46.661502" lon="3.763315">
      <ele>236</ele>
    </trkpt>
    <trkpt lat="46.661426" lon="3.7634464">
      <ele>237</ele>
    </trkpt>
    <trkpt lat="46.661271" lon="3.7637361">
      <ele>238</ele>
    </trkpt>
    <trkpt lat="46.66099" lon="3.7642564">
      <ele>240</ele>
    </trkpt>
    <trkpt lat="46.660686" lon="3.7648063">
      <ele>244</ele>
    </trkpt>
    <trkpt lat="46.660646" lon="3.7648733">
      <ele>244</ele>
    </trkpt>
    <trkpt lat="46.660603" lon="3.764935">
      <ele>245</ele>
    </trkpt>
    <trkpt lat="46.660559" lon="3.764994">
      <ele>245</ele>
    </trkpt>
    <trkpt lat="46.660513" lon="3.7650477">
      <ele>245</ele>
    </trkpt>
    <trkpt lat="46.660443" lon="3.7651147">
      <ele>246</ele>
    </trkpt>
    <trkpt lat="46.660369" lon="3.765171">
      <ele>247</ele>
    </trkpt>
    <trkpt lat="46.660296" lon="3.7652274">
      <ele>248</ele>
    </trkpt>
    <trkpt lat="46.660219" lon="3.765273">
      <ele>248</ele>
    </trkpt>
    <trkpt lat="46.660169" lon="3.7652971">
      <ele>249</ele>
    </trkpt>
    <trkpt lat="46.660123" lon="3.7653132">
      <ele>249</ele>
    </trkpt>
    <trkpt lat="46.660073" lon="3.7653266">
      <ele>250</ele>
    </trkpt>
    <trkpt lat="46.660025" lon="3.76534">
      <ele>250</ele>
    </trkpt>
    <trkpt lat="46.65992" lon="3.7653561">
      <ele>251</ele>
    </trkpt>
    <trkpt lat="46.659815" lon="3.7653695">
      <ele>252</ele>
    </trkpt>
    <trkpt lat="46.659613" lon="3.7653883">
      <ele>253</ele>
    </trkpt>
    <trkpt lat="46.659366" lon="3.7654205">
      <ele>254</ele>
    </trkpt>
    <trkpt lat="46.659206" lon="3.7654473">
      <ele>255</ele>
    </trkpt>
    <trkpt lat="46.659046" lon="3.7654661">
      <ele>256</ele>
    </trkpt>
    <trkpt lat="46.658856" lon="3.7654849">
      <ele>258</ele>
    </trkpt>
    <trkpt lat="46.658718" lon="3.7654983">
      <ele>259</ele>
    </trkpt>
    <trkpt lat="46.658582" lon="3.7655144">
      <ele>260</ele>
    </trkpt>
    <trkpt lat="46.658422" lon="3.7655331">
      <ele>261</ele>
    </trkpt>
    <trkpt lat="46.658263" lon="3.7655573">
      <ele>263</ele>
    </trkpt>
    <trkpt lat="46.658194" lon="3.7655653">
      <ele>263</ele>
    </trkpt>
    <trkpt lat="46.658124" lon="3.7655707">
      <ele>264</ele>
    </trkpt>
    <trkpt lat="46.658054" lon="3.7655761">
      <ele>264</ele>
    </trkpt>
    <trkpt lat="46.65798" lon="3.7655761">
      <ele>264</ele>
    </trkpt>
    <trkpt lat="46.657934" lon="3.7655761">
      <ele>264</ele>
    </trkpt>
    <trkpt lat="46.657888" lon="3.7655761">
      <ele>264</ele>
    </trkpt>
    <trkpt lat="46.657846" lon="3.7655734">
      <ele>264</ele>
    </trkpt>
    <trkpt lat="46.657803" lon="3.765568">
      <ele>264</ele>
    </trkpt>
    <trkpt lat="46.657715" lon="3.7655546">
      <ele>264</ele>
    </trkpt>
    <trkpt lat="46.65754" lon="3.7655305">
      <ele>264</ele>
    </trkpt>
    <trkpt lat="46.657315" lon="3.7654983">
      <ele>263</ele>
    </trkpt>
    <trkpt lat="46.656927" lon="3.7654527">
      <ele>260</ele>
    </trkpt>
    <trkpt lat="46.65682" lon="3.7654473">
      <ele>260</ele>
    </trkpt>
    <trkpt lat="46.656754" lon="3.7654473">
      <ele>259</ele>
    </trkpt>
    <trkpt lat="46.656691" lon="3.76545">
      <ele>259</ele>
    </trkpt>
    <trkpt lat="46.65664" lon="3.7654607">
      <ele>259</ele>
    </trkpt>
    <trkpt lat="46.65659" lon="3.7654715">
      <ele>259</ele>
    </trkpt>
    <trkpt lat="46.656526" lon="3.7654956">
      <ele>259</ele>
    </trkpt>
    <trkpt lat="46.656465" lon="3.7655278">
      <ele>258</ele>
    </trkpt>
    <trkpt lat="46.656402" lon="3.7655707">
      <ele>258</ele>
    </trkpt>
    <trkpt lat="46.656345" lon="3.7656163">
      <ele>258</ele>
    </trkpt>
    <trkpt lat="46.656305" lon="3.7656592">
      <ele>258</ele>
    </trkpt>
    <trkpt lat="46.656268" lon="3.7657021">
      <ele>258</ele>
    </trkpt>
    <trkpt lat="46.656203" lon="3.7657906">
      <ele>257</ele>
    </trkpt>
    <trkpt lat="46.656076" lon="3.7659757">
      <ele>257</ele>
    </trkpt>
    <trkpt lat="46.655935" lon="3.7661903">
      <ele>256</ele>
    </trkpt>
    <trkpt lat="46.655822" lon="3.7663512">
      <ele>255</ele>
    </trkpt>
    <trkpt lat="46.65573" lon="3.7664666">
      <ele>255</ele>
    </trkpt>
    <trkpt lat="46.655633" lon="3.7665765">
      <ele>254</ele>
    </trkpt>
    <trkpt lat="46.655552" lon="3.7666543">
      <ele>253</ele>
    </trkpt>
    <trkpt lat="46.655463" lon="3.7667294">
      <ele>252</ele>
    </trkpt>
    <trkpt lat="46.655294" lon="3.7668716">
      <ele>251</ele>
    </trkpt>
    <trkpt lat="46.655222" lon="3.7669306">
      <ele>250</ele>
    </trkpt>
    <trkpt lat="46.655136" lon="3.7670191">
      <ele>250</ele>
    </trkpt>
    <trkpt lat="46.655075" lon="3.7670888">
      <ele>249</ele>
    </trkpt>
    <trkpt lat="46.655023" lon="3.7671532">
      <ele>249</ele>
    </trkpt>
    <trkpt lat="46.65497" lon="3.767239">
      <ele>249</ele>
    </trkpt>
    <trkpt lat="46.654922" lon="3.7673249">
      <ele>248</ele>
    </trkpt>
    <trkpt lat="46.654871" lon="3.7674348">
      <ele>247</ele>
    </trkpt>
    <trkpt lat="46.654825" lon="3.7675475">
      <ele>247</ele>
    </trkpt>
    <trkpt lat="46.654515" lon="3.7683709">
      <ele>244</ele>
    </trkpt>
    <trkpt lat="46.654353" lon="3.7687813">
      <ele>241</ele>
    </trkpt>
    <trkpt lat="46.654188" lon="3.769189">
      <ele>240</ele>
    </trkpt>
    <trkpt lat="46.654154" lon="3.7692614">
      <ele>239</ele>
    </trkpt>
    <trkpt lat="46.654119" lon="3.7693312">
      <ele>239</ele>
    </trkpt>
    <trkpt lat="46.654081" lon="3.7693955">
      <ele>239</ele>
    </trkpt>
    <trkpt lat="46.654042" lon="3.7694519">
      <ele>238</ele>
    </trkpt>
    <trkpt lat="46.654007" lon="3.7694921">
      <ele>238</ele>
    </trkpt>
    <trkpt lat="46.653968" lon="3.7695323">
      <ele>238</ele>
    </trkpt>
    <trkpt lat="46.653928" lon="3.7695645">
      <ele>238</ele>
    </trkpt>
    <trkpt lat="46.653889" lon="3.7695913">
      <ele>237</ele>
    </trkpt>
    <trkpt lat="46.653851" lon="3.7696074">
      <ele>237</ele>
    </trkpt>
    <trkpt lat="46.653814" lon="3.7696182">
      <ele>237</ele>
    </trkpt>
    <trkpt lat="46.653736" lon="3.7696396">
      <ele>236</ele>
    </trkpt>
    <trkpt lat="46.653521" lon="3.7696611">
      <ele>235</ele>
    </trkpt>
    <trkpt lat="46.653306" lon="3.7696745">
      <ele>234</ele>
    </trkpt>
    <trkpt lat="46.653107" lon="3.7696772">
      <ele>233</ele>
    </trkpt>
    <trkpt lat="46.652976" lon="3.7696718">
      <ele>232</ele>
    </trkpt>
    <trkpt lat="46.652845" lon="3.7696557">
      <ele>231</ele>
    </trkpt>
    <trkpt lat="46.65268" lon="3.7696262">
      <ele>230</ele>
    </trkpt>
    <trkpt lat="46.652512" lon="3.7695913">
      <ele>229</ele>
    </trkpt>
    <trkpt lat="46.652183" lon="3.7695109">
      <ele>228</ele>
    </trkpt>
    <trkpt lat="46.652013" lon="3.769476">
      <ele>227</ele>
    </trkpt>
    <trkpt lat="46.651927" lon="3.7694599">
      <ele>227</ele>
    </trkpt>
    <trkpt lat="46.651842" lon="3.7694492">
      <ele>227</ele>
    </trkpt>
    <trkpt lat="46.651757" lon="3.7694384">
      <ele>226</ele>
    </trkpt>
    <trkpt lat="46.651674" lon="3.7694384">
      <ele>226</ele>
    </trkpt>
    <trkpt lat="46.651588" lon="3.7694384">
      <ele>226</ele>
    </trkpt>
    <trkpt lat="46.651503" lon="3.7694411">
      <ele>225</ele>
    </trkpt>
    <trkpt lat="46.651428" lon="3.7694465">
      <ele>225</ele>
    </trkpt>
    <trkpt lat="46.651358" lon="3.7694599">
      <ele>225</ele>
    </trkpt>
    <trkpt lat="46.650932" lon="3.7695538">
      <ele>223</ele>
    </trkpt>
    <trkpt lat="46.650859" lon="3.7695645">
      <ele>223</ele>
    </trkpt>
    <trkpt lat="46.650787" lon="3.7695672">
      <ele>223</ele>
    </trkpt>
    <trkpt lat="46.650713" lon="3.7695672">
      <ele>223</ele>
    </trkpt>
    <trkpt lat="46.650642" lon="3.7695591">
      <ele>223</ele>
    </trkpt>
    <trkpt lat="46.650586" lon="3.7695484">
      <ele>223</ele>
    </trkpt>
    <trkpt lat="46.65038" lon="3.7695001">
      <ele>222</ele>
    </trkpt>
    <trkpt lat="46.650301" lon="3.7694894">
      <ele>222</ele>
    </trkpt>
    <trkpt lat="46.650122" lon="3.7694787">
      <ele>222</ele>
    </trkpt>
    <trkpt lat="46.649946" lon="3.769476">
      <ele>222</ele>
    </trkpt>
    <trkpt lat="46.649601" lon="3.7694626">
      <ele>221</ele>
    </trkpt>
    <trkpt lat="46.648916" lon="3.7694277">
      <ele>220</ele>
    </trkpt>
    <trkpt lat="46.648758" lon="3.769417">
      <ele>220</ele>
    </trkpt>
    <trkpt lat="46.648119" lon="3.7693902">
      <ele>218</ele>
    </trkpt>
    <trkpt lat="46.647915" lon="3.7694572">
      <ele>217</ele>
    </trkpt>
    <trkpt lat="46.647863" lon="3.7695082">
      <ele>217</ele>
    </trkpt>
    <trkpt lat="46.647743" lon="3.7696289">
      <ele>218</ele>
    </trkpt>
    <trkpt lat="46.647664" lon="3.7698166">
      <ele>217</ele>
    </trkpt>
    <trkpt lat="46.647561" lon="3.7700849">
      <ele>216</ele>
    </trkpt>
    <trkpt lat="46.647493" lon="3.7702726">
      <ele>219</ele>
    </trkpt>
    <trkpt lat="46.647255" lon="3.7710692">
      <ele>220</ele>
    </trkpt>
    <trkpt lat="46.647068" lon="3.7717907">
      <ele>220</ele>
    </trkpt>
    <trkpt lat="46.646926" lon="3.7722145">
      <ele>221</ele>
    </trkpt>
    <trkpt lat="46.646784" lon="3.7725927">
      <ele>221</ele>
    </trkpt>
    <trkpt lat="46.646664" lon="3.7728288">
      <ele>221</ele>
    </trkpt>
    <trkpt lat="46.645784" lon="3.7739392">
      <ele>222</ele>
    </trkpt>
    <trkpt lat="46.645628" lon="3.7740921">
      <ele>222</ele>
    </trkpt>
    <trkpt lat="46.645471" lon="3.7741994">
      <ele>224</ele>
    </trkpt>
    <trkpt lat="46.645331" lon="3.7742476">
      <ele>224</ele>
    </trkpt>
    <trkpt lat="46.645245" lon="3.774253">
      <ele>225</ele>
    </trkpt>
    <trkpt lat="46.645184" lon="3.7742423">
      <ele>225</ele>
    </trkpt>
    <trkpt lat="46.643921" lon="3.7740277">
      <ele>238</ele>
    </trkpt>
    <trkpt lat="46.643164" lon="3.7739258">
      <ele>244</ele>
    </trkpt>
    <trkpt lat="46.642928" lon="3.7739258">
      <ele>246</ele>
    </trkpt>
    <trkpt lat="46.642645" lon="3.7739928">
      <ele>248</ele>
    </trkpt>
    <trkpt lat="46.642536" lon="3.7740465">
      <ele>249</ele>
    </trkpt>
    <trkpt lat="46.64249" lon="3.7740787">
      <ele>250</ele>
    </trkpt>
    <trkpt lat="46.64247" lon="3.7741028">
      <ele>250</ele>
    </trkpt>
    <trkpt lat="46.642378" lon="3.774084">
      <ele>251</ele>
    </trkpt>
    <trkpt lat="46.642319" lon="3.774076">
      <ele>251</ele>
    </trkpt>
    <trkpt lat="46.642256" lon="3.774076">
      <ele>252</ele>
    </trkpt>
    <trkpt lat="46.642192" lon="3.7740921">
      <ele>252</ele>
    </trkpt>
    <trkpt lat="46.642072" lon="3.7741269">
      <ele>252</ele>
    </trkpt>
    <trkpt lat="46.642017" lon="3.7741672">
      <ele>252</ele>
    </trkpt>
    <trkpt lat="46.641958" lon="3.7742557">
      <ele>252</ele>
    </trkpt>
    <trkpt lat="46.641785" lon="3.7742932">
      <ele>252</ele>
    </trkpt>
    <trkpt lat="46.641597" lon="3.7743737">
      <ele>252</ele>
    </trkpt>
    <trkpt lat="46.641341" lon="3.7745615">
      <ele>250</ele>
    </trkpt>
    <trkpt lat="46.640855" lon="3.7749879">
      <ele>247</ele>
    </trkpt>
    <trkpt lat="46.640385" lon="3.7754573">
      <ele>245</ele>
    </trkpt>
    <trkpt lat="46.639974" lon="3.7758677">
      <ele>243</ele>
    </trkpt>
    <trkpt lat="46.639639" lon="3.7760903">
      <ele>241</ele>
    </trkpt>
    <trkpt lat="46.639332" lon="3.7762083">
      <ele>239</ele>
    </trkpt>
    <trkpt lat="46.638947" lon="3.7762513">
      <ele>238</ele>
    </trkpt>
    <trkpt lat="46.63861" lon="3.7761869">
      <ele>238</ele>
    </trkpt>
    <trkpt lat="46.638483" lon="3.7761359">
      <ele>238</ele>
    </trkpt>
    <trkpt lat="46.638032" lon="3.7759482">
      <ele>237</ele>
    </trkpt>
    <trkpt lat="46.637278" lon="3.7756558">
      <ele>237</ele>
    </trkpt>
    <trkpt lat="46.636621" lon="3.7755136">
      <ele>237</ele>
    </trkpt>
    <trkpt lat="46.635982" lon="3.7752883">
      <ele>239</ele>
    </trkpt>
    <trkpt lat="46.635041" lon="3.7749718">
      <ele>241</ele>
    </trkpt>
    <trkpt lat="46.634643" lon="3.7748619">
      <ele>243</ele>
    </trkpt>
    <trkpt lat="46.634396" lon="3.7748243">
      <ele>243</ele>
    </trkpt>
    <trkpt lat="46.634262" lon="3.7748136">
      <ele>244</ele>
    </trkpt>
    <trkpt lat="46.633895" lon="3.7748324">
      <ele>245</ele>
    </trkpt>
    <trkpt lat="46.632114" lon="3.7752132">
      <ele>256</ele>
    </trkpt>
    <trkpt lat="46.631893" lon="3.7752535">
      <ele>257</ele>
    </trkpt>
    <trkpt lat="46.631768" lon="3.7752696">
      <ele>258</ele>
    </trkpt>
    <trkpt lat="46.631398" lon="3.7753205">
      <ele>261</ele>
    </trkpt>
    <trkpt lat="46.630987" lon="3.7752991">
      <ele>262</ele>
    </trkpt>
    <trkpt lat="46.630626" lon="3.7751596">
      <ele>263</ele>
    </trkpt>
    <trkpt lat="46.630401" lon="3.7750711">
      <ele>263</ele>
    </trkpt>
    <trkpt lat="46.630211" lon="3.7749879">
      <ele>263</ele>
    </trkpt>
    <trkpt lat="46.630066" lon="3.7749155">
      <ele>262</ele>
    </trkpt>
    <trkpt lat="46.629491" lon="3.7745507">
      <ele>262</ele>
    </trkpt>
    <trkpt lat="46.629261" lon="3.7744515">
      <ele>263</ele>
    </trkpt>
    <trkpt lat="46.629108" lon="3.7744327">
      <ele>263</ele>
    </trkpt>
    <trkpt lat="46.629018" lon="3.774422">
      <ele>263</ele>
    </trkpt>
    <trkpt lat="46.628513" lon="3.7744676">
      <ele>266</ele>
    </trkpt>
    <trkpt lat="46.628491" lon="3.7744703">
      <ele>266</ele>
    </trkpt>
    <trkpt lat="46.628005" lon="3.7745025">
      <ele>268</ele>
    </trkpt>
    <trkpt lat="46.627539" lon="3.7744917">
      <ele>271</ele>
    </trkpt>
    <trkpt lat="46.627215" lon="3.7744542">
      <ele>273</ele>
    </trkpt>
    <trkpt lat="46.627012" lon="3.7744059">
      <ele>273</ele>
    </trkpt>
    <trkpt lat="46.626929" lon="3.7743898">
      <ele>274</ele>
    </trkpt>
    <trkpt lat="46.626749" lon="3.7743254">
      <ele>273</ele>
    </trkpt>
    <trkpt lat="46.625872" lon="3.7740009">
      <ele>275</ele>
    </trkpt>
    <trkpt lat="46.625706" lon="3.7739311">
      <ele>275</ele>
    </trkpt>
    <trkpt lat="46.62564" lon="3.7739016">
      <ele>275</ele>
    </trkpt>
    <trkpt lat="46.625483" lon="3.7738507">
      <ele>275</ele>
    </trkpt>
    <trkpt lat="46.625386" lon="3.7738292">
      <ele>276</ele>
    </trkpt>
    <trkpt lat="46.624883" lon="3.7737112">
      <ele>277</ele>
    </trkpt>
    <trkpt lat="46.624319" lon="3.7737032">
      <ele>279</ele>
    </trkpt>
    <trkpt lat="46.624247" lon="3.7736978">
      <ele>279</ele>
    </trkpt>
    <trkpt lat="46.623986" lon="3.7736683">
      <ele>279</ele>
    </trkpt>
    <trkpt lat="46.623757" lon="3.77362">
      <ele>280</ele>
    </trkpt>
    <trkpt lat="46.623599" lon="3.773569">
      <ele>280</ele>
    </trkpt>
    <trkpt lat="46.623588" lon="3.7736146">
      <ele>280</ele>
    </trkpt>
    <trkpt lat="46.623555" lon="3.7736817">
      <ele>280</ele>
    </trkpt>
    <trkpt lat="46.623525" lon="3.7737246">
      <ele>280</ele>
    </trkpt>
    <trkpt lat="46.623337" lon="3.7740197">
      <ele>281</ele>
    </trkpt>
    <trkpt lat="46.623221" lon="3.7742423">
      <ele>282</ele>
    </trkpt>
    <trkpt lat="46.623116" lon="3.7745078">
      <ele>281</ele>
    </trkpt>
    <trkpt lat="46.623061" lon="3.7746446">
      <ele>280</ele>
    </trkpt>
    <trkpt lat="46.622936" lon="3.7750523">
      <ele>279</ele>
    </trkpt>
    <trkpt lat="46.622901" lon="3.7750121">
      <ele>279</ele>
    </trkpt>
    <trkpt lat="46.622866" lon="3.7749531">
      <ele>279</ele>
    </trkpt>
    <trkpt lat="46.622821" lon="3.774827">
      <ele>278</ele>
    </trkpt>
    <trkpt lat="46.62279" lon="3.7747412">
      <ele>278</ele>
    </trkpt>
    <trkpt lat="46.622735" lon="3.7746661">
      <ele>278</ele>
    </trkpt>
    <trkpt lat="46.62239" lon="3.7744595">
      <ele>278</ele>
    </trkpt>
    <trkpt lat="46.622213" lon="3.7744113">
      <ele>277</ele>
    </trkpt>
    <trkpt lat="46.622077" lon="3.7744354">
      <ele>276</ele>
    </trkpt>
    <trkpt lat="46.621897" lon="3.7745078">
      <ele>276</ele>
    </trkpt>
    <trkpt lat="46.621786" lon="3.774599">
      <ele>276</ele>
    </trkpt>
    <trkpt lat="46.621473" lon="3.7750711">
      <ele>274</ele>
    </trkpt>
    <trkpt lat="46.621394" lon="3.7752052">
      <ele>273</ele>
    </trkpt>
    <trkpt lat="46.621372" lon="3.7752427">
      <ele>273</ele>
    </trkpt>
    <trkpt lat="46.621349" lon="3.775224">
      <ele>273</ele>
    </trkpt>
    <trkpt lat="46.621291" lon="3.7751623">
      <ele>273</ele>
    </trkpt>
    <trkpt lat="46.621042" lon="3.7749933">
      <ele>274</ele>
    </trkpt>
    <trkpt lat="46.620625" lon="3.7747492">
      <ele>276</ele>
    </trkpt>
    <trkpt lat="46.620349" lon="3.7745883">
      <ele>277</ele>
    </trkpt>
    <trkpt lat="46.61985" lon="3.7743764">
      <ele>279</ele>
    </trkpt>
    <trkpt lat="46.619806" lon="3.7743442">
      <ele>279</ele>
    </trkpt>
    <trkpt lat="46.619684" lon="3.774253">
      <ele>279</ele>
    </trkpt>
    <trkpt lat="46.619629" lon="3.7741484">
      <ele>280</ele>
    </trkpt>
    <trkpt lat="46.619539" lon="3.773966">
      <ele>279</ele>
    </trkpt>
    <trkpt lat="46.619483" lon="3.7737917">
      <ele>279</ele>
    </trkpt>
    <trkpt lat="46.619391" lon="3.7737675">
      <ele>278</ele>
    </trkpt>
    <trkpt lat="46.619391" lon="3.7737675">
      <ele>279</ele>
    </trkpt>
    <trkpt lat="46.619483" lon="3.7737917">
      <ele>279</ele>
    </trkpt>
    <trkpt lat="46.619539" lon="3.773966">
      <ele>279</ele>
    </trkpt>
    <trkpt lat="46.619629" lon="3.7741484">
      <ele>280</ele>
    </trkpt>
    <trkpt lat="46.619684" lon="3.774253">
      <ele>279</ele>
    </trkpt>
    <trkpt lat="46.619806" lon="3.7743442">
      <ele>279</ele>
    </trkpt>
    <trkpt lat="46.61985" lon="3.7743764">
      <ele>279</ele>
    </trkpt>
    <trkpt lat="46.619824" lon="3.7744971">
      <ele>279</ele>
    </trkpt>
    <trkpt lat="46.619725" lon="3.7747492">
      <ele>280</ele>
    </trkpt>
    <trkpt lat="46.619675" lon="3.7748753">
      <ele>281</ele>
    </trkpt>
    <trkpt lat="46.61975" lon="3.7749504">
      <ele>281</ele>
    </trkpt>
    <trkpt lat="46.619898" lon="3.7750952">
      <ele>280</ele>
    </trkpt>
    <trkpt lat="46.619938" lon="3.775173">
      <ele>280</ele>
    </trkpt>
    <trkpt lat="46.619951" lon="3.7752427">
      <ele>280</ele>
    </trkpt>
    <trkpt lat="46.619962" lon="3.7753822">
      <ele>280</ele>
    </trkpt>
    <trkpt lat="46.619929" lon="3.7756102">
      <ele>279</ele>
    </trkpt>
    <trkpt lat="46.619811" lon="3.7760045">
      <ele>280</ele>
    </trkpt>
    <trkpt lat="46.619688" lon="3.7762271">
      <ele>279</ele>
    </trkpt>
    <trkpt lat="46.620191" lon="3.7773536">
      <ele>265</ele>
    </trkpt>
    <trkpt lat="46.620298" lon="3.7775119">
      <ele>261</ele>
    </trkpt>
    <trkpt lat="46.620423" lon="3.7776353">
      <ele>260</ele>
    </trkpt>
    <trkpt lat="46.620462" lon="3.7777157">
      <ele>259</ele>
    </trkpt>
    <trkpt lat="46.620485" lon="3.7778391">
      <ele>257</ele>
    </trkpt>
    <trkpt lat="46.620511" lon="3.7780403">
      <ele>254</ele>
    </trkpt>
    <trkpt lat="46.620515" lon="3.7783112">
      <ele>253</ele>
    </trkpt>
    <trkpt lat="46.620526" lon="3.7785043">
      <ele>253</ele>
    </trkpt>
    <trkpt lat="46.620552" lon="3.7785928">
      <ele>253</ele>
    </trkpt>
    <trkpt lat="46.620576" lon="3.7786411">
      <ele>253</ele>
    </trkpt>
    <trkpt lat="46.620607" lon="3.7786894">
      <ele>253</ele>
    </trkpt>
    <trkpt lat="46.620399" lon="3.7790488">
      <ele>254</ele>
    </trkpt>
    <trkpt lat="46.620218" lon="3.7795209">
      <ele>256</ele>
    </trkpt>
    <trkpt lat="46.620086" lon="3.7800707">
      <ele>259</ele>
    </trkpt>
    <trkpt lat="46.61966" lon="3.7822406">
      <ele>263</ele>
    </trkpt>
    <trkpt lat="46.619551" lon="3.7825866">
      <ele>265</ele>
    </trkpt>
    <trkpt lat="46.61943" lon="3.7829407">
      <ele>267</ele>
    </trkpt>
    <trkpt lat="46.619043" lon="3.7837534">
      <ele>270</ele>
    </trkpt>
    <trkpt lat="46.618877" lon="3.7841048">
      <ele>271</ele>
    </trkpt>
    <trkpt lat="46.618748" lon="3.7843971">
      <ele>272</ele>
    </trkpt>
    <trkpt lat="46.616631" lon="3.7891688">
      <ele>286</ele>
    </trkpt>
    <trkpt lat="46.615968" lon="3.7905957">
      <ele>296</ele>
    </trkpt>
    <trkpt lat="46.613328" lon="3.7962659">
      <ele>290</ele>
    </trkpt>
    <trkpt lat="46.611497" lon="3.800198">
      <ele>278</ele>
    </trkpt>
    <trkpt lat="46.611408" lon="3.8003482">
      <ele>278</ele>
    </trkpt>
    <trkpt lat="46.611303" lon="3.8004796">
      <ele>278</ele>
    </trkpt>
    <trkpt lat="46.609263" lon="3.8025423">
      <ele>274</ele>
    </trkpt>
    <trkpt lat="46.606096" lon="3.805667">
      <ele>276</ele>
    </trkpt>
    <trkpt lat="46.603365" lon="3.8083144">
      <ele>256</ele>
    </trkpt>
    <trkpt lat="46.603116" lon="3.8085585">
      <ele>254</ele>
    </trkpt>
    <trkpt lat="46.602757" lon="3.809001">
      <ele>251</ele>
    </trkpt>
    <trkpt lat="46.602416" lon="3.8094838">
      <ele>250</ele>
    </trkpt>
    <trkpt lat="46.60225" lon="3.8097386">
      <ele>250</ele>
    </trkpt>
    <trkpt lat="46.602228" lon="3.8098137">
      <ele>250</ele>
    </trkpt>
    <trkpt lat="46.602193" lon="3.8100846">
      <ele>251</ele>
    </trkpt>
    <trkpt lat="46.602077" lon="3.8116966">
      <ele>259</ele>
    </trkpt>
    <trkpt lat="46.602082" lon="3.8118629">
      <ele>260</ele>
    </trkpt>
    <trkpt lat="46.602112" lon="3.8120534">
      <ele>260</ele>
    </trkpt>
    <trkpt lat="46.602386" lon="3.8136547">
      <ele>264</ele>
    </trkpt>
    <trkpt lat="46.602648" lon="3.8152398">
      <ele>275</ele>
    </trkpt>
    <trkpt lat="46.602633" lon="3.8155403">
      <ele>277</ele>
    </trkpt>
    <trkpt lat="46.602556" lon="3.8158031">
      <ele>280</ele>
    </trkpt>
    <trkpt lat="46.602294" lon="3.8161223">
      <ele>282</ele>
    </trkpt>
    <trkpt lat="46.598511" lon="3.8192042">
      <ele>300</ele>
    </trkpt>
    <trkpt lat="46.596911" lon="3.8205265">
      <ele>310</ele>
    </trkpt>
    <trkpt lat="46.596526" lon="3.8208215">
      <ele>310</ele>
    </trkpt>
    <trkpt lat="46.595273" lon="3.8218542">
      <ele>304</ele>
    </trkpt>
    <trkpt lat="46.592007" lon="3.8245417">
      <ele>318</ele>
    </trkpt>
    <trkpt lat="46.590954" lon="3.8253813">
      <ele>325</ele>
    </trkpt>
    <trkpt lat="46.590829" lon="3.8254778">
      <ele>326</ele>
    </trkpt>
    <trkpt lat="46.590707" lon="3.8256066">
      <ele>326</ele>
    </trkpt>
    <trkpt lat="46.590602" lon="3.8257622">
      <ele>326</ele>
    </trkpt>
    <trkpt lat="46.590504" lon="3.8259553">
      <ele>326</ele>
    </trkpt>
    <trkpt lat="46.590176" lon="3.8267546">
      <ele>325</ele>
    </trkpt>
    <trkpt lat="46.589135" lon="3.8292839">
      <ele>324</ele>
    </trkpt>
    <trkpt lat="46.588831" lon="3.8300188">
      <ele>323</ele>
    </trkpt>
    <trkpt lat="46.588528" lon="3.8307269">
      <ele>321</ele>
    </trkpt>
    <trkpt lat="46.587618" lon="3.8328968">
      <ele>305</ele>
    </trkpt>
    <trkpt lat="46.587439" lon="3.8332616">
      <ele>302</ele>
    </trkpt>
    <trkpt lat="46.58547" lon="3.8362228">
      <ele>287</ele>
    </trkpt>
    <trkpt lat="46.584661" lon="3.8374673">
      <ele>286</ele>
    </trkpt>
    <trkpt lat="46.584644" lon="3.8374915">
      <ele>286</ele>
    </trkpt>
    <trkpt lat="46.584628" lon="3.8375236">
      <ele>286</ele>
    </trkpt>
    <trkpt lat="46.584397" lon="3.8379662">
      <ele>285</ele>
    </trkpt>
    <trkpt lat="46.583441" lon="3.839825">
      <ele>278</ele>
    </trkpt>
    <trkpt lat="46.583302" lon="3.8400208">
      <ele>277</ele>
    </trkpt>
    <trkpt lat="46.582287" lon="3.840922">
      <ele>272</ele>
    </trkpt>
    <trkpt lat="46.582124" lon="3.8410615">
      <ele>272</ele>
    </trkpt>
    <trkpt lat="46.581966" lon="3.8411634">
      <ele>272</ele>
    </trkpt>
    <trkpt lat="46.581846" lon="3.8412251">
      <ele>272</ele>
    </trkpt>
    <trkpt lat="46.581662" lon="3.8412358">
      <ele>273</ele>
    </trkpt>
    <trkpt lat="46.581389" lon="3.841099">
      <ele>275</ele>
    </trkpt>
    <trkpt lat="46.581116" lon="3.8410025">
      <ele>276</ele>
    </trkpt>
    <trkpt lat="46.581" lon="3.8409917">
      <ele>276</ele>
    </trkpt>
    <trkpt lat="46.580843" lon="3.8410615">
      <ele>276</ele>
    </trkpt>
    <trkpt lat="46.580727" lon="3.8412224">
      <ele>276</ele>
    </trkpt>
    <trkpt lat="46.580179" lon="3.8420861">
      <ele>276</ele>
    </trkpt>
    <trkpt lat="46.57906" lon="3.8438349">
      <ele>285</ele>
    </trkpt>
    <trkpt lat="46.57895" lon="3.8441004">
      <ele>286</ele>
    </trkpt>
    <trkpt lat="46.578898" lon="3.8443633">
      <ele>286</ele>
    </trkpt>
    <trkpt lat="46.57876" lon="3.8455569">
      <ele>288</ele>
    </trkpt>
    <trkpt lat="46.578485" lon="3.8478743">
      <ele>297</ele>
    </trkpt>
    <trkpt lat="46.578264" lon="3.8495909">
      <ele>298</ele>
    </trkpt>
    <trkpt lat="46.578203" lon="3.8503339">
      <ele>294</ele>
    </trkpt>
    <trkpt lat="46.578157" lon="3.8511922">
      <ele>288</ele>
    </trkpt>
    <trkpt lat="46.578129" lon="3.8513585">
      <ele>286</ele>
    </trkpt>
    <trkpt lat="46.57808" lon="3.8515114">
      <ele>285</ele>
    </trkpt>
    <trkpt lat="46.577633" lon="3.8524555">
      <ele>280</ele>
    </trkpt>
    <trkpt lat="46.577388" lon="3.85289">
      <ele>279</ele>
    </trkpt>
    <trkpt lat="46.577231" lon="3.8530644">
      <ele>278</ele>
    </trkpt>
    <trkpt lat="46.577113" lon="3.8531636">
      <ele>277</ele>
    </trkpt>
    <trkpt lat="46.576359" lon="3.853802">
      <ele>273</ele>
    </trkpt>
    <trkpt lat="46.575591" lon="3.8544135">
      <ele>275</ele>
    </trkpt>
    <trkpt lat="46.574847" lon="3.8550975">
      <ele>281</ele>
    </trkpt>
    <trkpt lat="46.574276" lon="3.8556205">
      <ele>287</ele>
    </trkpt>
    <trkpt lat="46.571931" lon="3.8578172">
      <ele>292</ele>
    </trkpt>
    <trkpt lat="46.571477" lon="3.8582437">
      <ele>290</ele>
    </trkpt>
    <trkpt lat="46.570691" lon="3.8589679">
      <ele>284</ele>
    </trkpt>
    <trkpt lat="46.570398" lon="3.859271">
      <ele>283</ele>
    </trkpt>
    <trkpt lat="46.570031" lon="3.8597457">
      <ele>283</ele>
    </trkpt>
    <trkpt lat="46.569755" lon="3.8601722">
      <ele>285</ele>
    </trkpt>
    <trkpt lat="46.56953" lon="3.8605129">
      <ele>287</ele>
    </trkpt>
    <trkpt lat="46.569318" lon="3.860883">
      <ele>291</ele>
    </trkpt>
    <trkpt lat="46.569213" lon="3.8611485">
      <ele>293</ele>
    </trkpt>
    <trkpt lat="46.569065" lon="3.8616421">
      <ele>295</ele>
    </trkpt>
    <trkpt lat="46.568532" lon="3.8637878">
      <ele>307</ele>
    </trkpt>
    <trkpt lat="46.568403" lon="3.8643833">
      <ele>306</ele>
    </trkpt>
    <trkpt lat="46.568385" lon="3.8645898">
      <ele>306</ele>
    </trkpt>
    <trkpt lat="46.56839" lon="3.8648232">
      <ele>305</ele>
    </trkpt>
    <trkpt lat="46.568492" lon="3.8659095">
      <ele>300</ele>
    </trkpt>
    <trkpt lat="46.568477" lon="3.8660865">
      <ele>298</ele>
    </trkpt>
    <trkpt lat="46.568449" lon="3.8661991">
      <ele>297</ele>
    </trkpt>
    <trkpt lat="46.568398" lon="3.8663198">
      <ele>295</ele>
    </trkpt>
    <trkpt lat="46.568335" lon="3.8664057">
      <ele>294</ele>
    </trkpt>
    <trkpt lat="46.568318" lon="3.8664298">
      <ele>294</ele>
    </trkpt>
    <trkpt lat="46.565268" lon="3.8686882">
      <ele>274</ele>
    </trkpt>
    <trkpt lat="46.565163" lon="3.8688223">
      <ele>275</ele>
    </trkpt>
    <trkpt lat="46.565093" lon="3.8689859">
      <ele>277</ele>
    </trkpt>
    <trkpt lat="46.565036" lon="3.8691952">
      <ele>279</ele>
    </trkpt>
    <trkpt lat="46.564949" lon="3.8694473">
      <ele>280</ele>
    </trkpt>
    <trkpt lat="46.564837" lon="3.8696431">
      <ele>282</ele>
    </trkpt>
    <trkpt lat="46.564715" lon="3.8698148">
      <ele>281</ele>
    </trkpt>
    <trkpt lat="46.564527" lon="3.8699489">
      <ele>283</ele>
    </trkpt>
    <trkpt lat="46.563776" lon="3.8702171">
      <ele>285</ele>
    </trkpt>
    <trkpt lat="46.563157" lon="3.8705604">
      <ele>290</ele>
    </trkpt>
    <trkpt lat="46.562884" lon="3.8708045">
      <ele>292</ele>
    </trkpt>
    <trkpt lat="46.562677" lon="3.8710861">
      <ele>295</ele>
    </trkpt>
    <trkpt lat="46.562556" lon="3.8713087">
      <ele>296</ele>
    </trkpt>
    <trkpt lat="46.562288" lon="3.8716199">
      <ele>296</ele>
    </trkpt>
    <trkpt lat="46.562124" lon="3.8717003">
      <ele>296</ele>
    </trkpt>
    <trkpt lat="46.561816" lon="3.8717728">
      <ele>297</ele>
    </trkpt>
    <trkpt lat="46.560468" lon="3.8720571">
      <ele>307</ele>
    </trkpt>
    <trkpt lat="46.560005" lon="3.8720785">
      <ele>307</ele>
    </trkpt>
    <trkpt lat="46.559568" lon="3.8721">
      <ele>304</ele>
    </trkpt>
    <trkpt lat="46.559387" lon="3.8720839">
      <ele>304</ele>
    </trkpt>
    <trkpt lat="46.559278" lon="3.8720919">
      <ele>304</ele>
    </trkpt>
    <trkpt lat="46.559184" lon="3.8721215">
      <ele>304</ele>
    </trkpt>
    <trkpt lat="46.559122" lon="3.8721697">
      <ele>303</ele>
    </trkpt>
    <trkpt lat="46.559072" lon="3.8722556">
      <ele>303</ele>
    </trkpt>
    <trkpt lat="46.559044" lon="3.8723789">
      <ele>303</ele>
    </trkpt>
    <trkpt lat="46.559048" lon="3.8725023">
      <ele>303</ele>
    </trkpt>
    <trkpt lat="46.559085" lon="3.872674">
      <ele>305</ele>
    </trkpt>
    <trkpt lat="46.559406" lon="3.8734599">
      <ele>312</ele>
    </trkpt>
    <trkpt lat="46.559498" lon="3.8737469">
      <ele>314</ele>
    </trkpt>
    <trkpt lat="46.559538" lon="3.873991">
      <ele>316</ele>
    </trkpt>
    <trkpt lat="46.55956" lon="3.8742082">
      <ele>317</ele>
    </trkpt>
    <trkpt lat="46.559566" lon="3.8743772">
      <ele>318</ele>
    </trkpt>
    <trkpt lat="46.559548" lon="3.8745247">
      <ele>319</ele>
    </trkpt>
    <trkpt lat="46.559525" lon="3.8746347">
      <ele>320</ele>
    </trkpt>
    <trkpt lat="46.559479" lon="3.8747554">
      <ele>321</ele>
    </trkpt>
    <trkpt lat="46.559354" lon="3.87497">
      <ele>323</ele>
    </trkpt>
    <trkpt lat="46.559051" lon="3.8753186">
      <ele>327</ele>
    </trkpt>
    <trkpt lat="46.558668" lon="3.8756647">
      <ele>332</ele>
    </trkpt>
    <trkpt lat="46.557888" lon="3.8761394">
      <ele>337</ele>
    </trkpt>
    <trkpt lat="46.557659" lon="3.876362">
      <ele>337</ele>
    </trkpt>
    <trkpt lat="46.557559" lon="3.8765122">
      <ele>338</ele>
    </trkpt>
    <trkpt lat="46.557309" lon="3.8769843">
      <ele>337</ele>
    </trkpt>
    <trkpt lat="46.557096" lon="3.8774135">
      <ele>333</ele>
    </trkpt>
    <trkpt lat="46.556455" lon="3.8786446">
      <ele>326</ele>
    </trkpt>
    <trkpt lat="46.555116" lon="3.8811498">
      <ele>329</ele>
    </trkpt>
    <trkpt lat="46.552827" lon="3.8854306">
      <ele>311</ele>
    </trkpt>
    <trkpt lat="46.551943" lon="3.8870023">
      <ele>307</ele>
    </trkpt>
    <trkpt lat="46.551355" lon="3.8880377">
      <ele>303</ele>
    </trkpt>
    <trkpt lat="46.550349" lon="3.889411">
      <ele>293</ele>
    </trkpt>
    <trkpt lat="46.550305" lon="3.8894539">
      <ele>293</ele>
    </trkpt>
    <trkpt lat="46.550207" lon="3.8895048">
      <ele>294</ele>
    </trkpt>
    <trkpt lat="46.550106" lon="3.8895209">
      <ele>294</ele>
    </trkpt>
    <trkpt lat="46.550003" lon="3.8895075">
      <ele>294</ele>
    </trkpt>
    <trkpt lat="46.549899" lon="3.8894753">
      <ele>295</ele>
    </trkpt>
    <trkpt lat="46.549527" lon="3.8893064">
      <ele>297</ele>
    </trkpt>
    <trkpt lat="46.549315" lon="3.889191">
      <ele>299</ele>
    </trkpt>
    <trkpt lat="46.549213" lon="3.889124">
      <ele>300</ele>
    </trkpt>
    <trkpt lat="46.549047" lon="3.8890167">
      <ele>301</ele>
    </trkpt>
    <trkpt lat="46.548789" lon="3.8889845">
      <ele>302</ele>
    </trkpt>
    <trkpt lat="46.548171" lon="3.8890113">
      <ele>304</ele>
    </trkpt>
    <trkpt lat="46.54797" lon="3.8890086">
      <ele>306</ele>
    </trkpt>
    <trkpt lat="46.547771" lon="3.8890864">
      <ele>307</ele>
    </trkpt>
    <trkpt lat="46.547652" lon="3.8892018">
      <ele>308</ele>
    </trkpt>
    <trkpt lat="46.547516" lon="3.8893681">
      <ele>308</ele>
    </trkpt>
    <trkpt lat="46.547418" lon="3.8895156">
      <ele>308</ele>
    </trkpt>
    <trkpt lat="46.547383" lon="3.8895692">
      <ele>308</ele>
    </trkpt>
    <trkpt lat="46.547215" lon="3.8898669">
      <ele>307</ele>
    </trkpt>
    <trkpt lat="46.545655" lon="3.8933029">
      <ele>305</ele>
    </trkpt>
    <trkpt lat="46.544365" lon="3.896138">
      <ele>315</ele>
    </trkpt>
    <trkpt lat="46.544243" lon="3.8964545">
      <ele>316</ele>
    </trkpt>
    <trkpt lat="46.543963" lon="3.8970553">
      <ele>318</ele>
    </trkpt>
    <trkpt lat="46.543786" lon="3.89742">
      <ele>318</ele>
    </trkpt>
    <trkpt lat="46.543721" lon="3.8976212">
      <ele>317</ele>
    </trkpt>
    <trkpt lat="46.543675" lon="3.8977634">
      <ele>317</ele>
    </trkpt>
    <trkpt lat="46.543513" lon="3.8982891">
      <ele>312</ele>
    </trkpt>
    <trkpt lat="46.543299" lon="3.8988041">
      <ele>310</ele>
    </trkpt>
    <trkpt lat="46.543085" lon="3.8992547">
      <ele>311</ele>
    </trkpt>
    <trkpt lat="46.54298" lon="3.8994639">
      <ele>312</ele>
    </trkpt>
    <trkpt lat="46.542841" lon="3.8997375">
      <ele>312</ele>
    </trkpt>
    <trkpt lat="46.542314" lon="3.9006816">
      <ele>311</ele>
    </trkpt>
    <trkpt lat="46.542288" lon="3.9007245">
      <ele>311</ele>
    </trkpt>
    <trkpt lat="46.542125" lon="3.9010893">
      <ele>310</ele>
    </trkpt>
    <trkpt lat="46.542044" lon="3.9013146">
      <ele>309</ele>
    </trkpt>
    <trkpt lat="46.54203" lon="3.9014755">
      <ele>309</ele>
    </trkpt>
    <trkpt lat="46.54203" lon="3.9017116">
      <ele>307</ele>
    </trkpt>
    <trkpt lat="46.542066" lon="3.90213">
      <ele>305</ele>
    </trkpt>
    <trkpt lat="46.542111" lon="3.9024304">
      <ele>303</ele>
    </trkpt>
    <trkpt lat="46.542183" lon="3.9027684">
      <ele>301</ele>
    </trkpt>
    <trkpt lat="46.542214" lon="3.9029132">
      <ele>299</ele>
    </trkpt>
    <trkpt lat="46.542509" lon="3.9040612">
      <ele>291</ele>
    </trkpt>
    <trkpt lat="46.542581" lon="3.9043857">
      <ele>288</ele>
    </trkpt>
    <trkpt lat="46.542607" lon="3.9045494">
      <ele>288</ele>
    </trkpt>
    <trkpt lat="46.542611" lon="3.9046942">
      <ele>287</ele>
    </trkpt>
    <trkpt lat="46.542568" lon="3.9048551">
      <ele>286</ele>
    </trkpt>
    <trkpt lat="46.54248" lon="3.9050161">
      <ele>285</ele>
    </trkpt>
    <trkpt lat="46.542428" lon="3.9050697">
      <ele>284</ele>
    </trkpt>
    <trkpt lat="46.541963" lon="3.9055418">
      <ele>280</ele>
    </trkpt>
    <trkpt lat="46.540148" lon="3.9073764">
      <ele>266</ele>
    </trkpt>
    <trkpt lat="46.539607" lon="3.9079397">
      <ele>263</ele>
    </trkpt>
    <trkpt lat="46.539137" lon="3.9084278">
      <ele>260</ele>
    </trkpt>
    <trkpt lat="46.538672" lon="3.9089535">
      <ele>259</ele>
    </trkpt>
    <trkpt lat="46.538428" lon="3.909211">
      <ele>261</ele>
    </trkpt>
    <trkpt lat="46.538281" lon="3.9094471">
      <ele>263</ele>
    </trkpt>
    <trkpt lat="46.538177" lon="3.9096616">
      <ele>265</ele>
    </trkpt>
    <trkpt lat="46.538067" lon="3.910005">
      <ele>266</ele>
    </trkpt>
    <trkpt lat="46.537919" lon="3.9106272">
      <ele>270</ele>
    </trkpt>
    <trkpt lat="46.53772" lon="3.9114534">
      <ele>274</ele>
    </trkpt>
    <trkpt lat="46.537624" lon="3.9117538">
      <ele>275</ele>
    </trkpt>
    <trkpt lat="46.537484" lon="3.9121078">
      <ele>275</ele>
    </trkpt>
    <trkpt lat="46.537395" lon="3.9123975">
      <ele>277</ele>
    </trkpt>
    <trkpt lat="46.537343" lon="3.9126657">
      <ele>279</ele>
    </trkpt>
    <trkpt lat="46.537314" lon="3.9134167">
      <ele>283</ele>
    </trkpt>
    <trkpt lat="46.53727" lon="3.9144896">
      <ele>290</ele>
    </trkpt>
    <trkpt lat="46.53727" lon="3.9155947">
      <ele>297</ele>
    </trkpt>
    <trkpt lat="46.537284" lon="3.9159487">
      <ele>299</ele>
    </trkpt>
    <trkpt lat="46.537343" lon="3.9163457">
      <ele>303</ele>
    </trkpt>
    <trkpt lat="46.537452" lon="3.9170189">
      <ele>307</ele>
    </trkpt>
    <trkpt lat="46.537526" lon="3.917491">
      <ele>311</ele>
    </trkpt>
    <trkpt lat="46.537533" lon="3.9175339">
      <ele>311</ele>
    </trkpt>
    <trkpt lat="46.537567" lon="3.917888">
      <ele>314</ele>
    </trkpt>
    <trkpt lat="46.537572" lon="3.9180194">
      <ele>314</ele>
    </trkpt>
    <trkpt lat="46.53757" lon="3.9184352">
      <ele>317</ele>
    </trkpt>
    <trkpt lat="46.537565" lon="3.9188589">
      <ele>319</ele>
    </trkpt>
    <trkpt lat="46.537548" lon="3.9192371">
      <ele>320</ele>
    </trkpt>
    <trkpt lat="46.537533" lon="3.9194115">
      <ele>321</ele>
    </trkpt>
    <trkpt lat="46.537478" lon="3.9198514">
      <ele>322</ele>
    </trkpt>
    <trkpt lat="46.537434" lon="3.9200981">
      <ele>322</ele>
    </trkpt>
    <trkpt lat="46.537378" lon="3.9203556">
      <ele>323</ele>
    </trkpt>
    <trkpt lat="46.537275" lon="3.9206346">
      <ele>324</ele>
    </trkpt>
    <trkpt lat="46.537127" lon="3.9208813">
      <ele>324</ele>
    </trkpt>
    <trkpt lat="46.537067" lon="3.9209484">
      <ele>324</ele>
    </trkpt>
    <trkpt lat="46.536832" lon="3.9212139">
      <ele>325</ele>
    </trkpt>
    <trkpt lat="46.536428" lon="3.9216243">
      <ele>325</ele>
    </trkpt>
    <trkpt lat="46.536404" lon="3.9216538">
      <ele>325</ele>
    </trkpt>
    <trkpt lat="46.536378" lon="3.9216806">
      <ele>325</ele>
    </trkpt>
    <trkpt lat="46.535426" lon="3.9226435">
      <ele>325</ele>
    </trkpt>
    <trkpt lat="46.534948" lon="3.9231263">
      <ele>326</ele>
    </trkpt>
    <trkpt lat="46.534751" lon="3.9233141">
      <ele>326</ele>
    </trkpt>
    <trkpt lat="46.534627" lon="3.9234348">
      <ele>326</ele>
    </trkpt>
    <trkpt lat="46.53453" lon="3.9235314">
      <ele>326</ele>
    </trkpt>
    <trkpt lat="46.534074" lon="3.9239605">
      <ele>326</ele>
    </trkpt>
    <trkpt lat="46.533972" lon="3.9240544">
      <ele>325</ele>
    </trkpt>
    <trkpt lat="46.53383" lon="3.9241402">
      <ele>325</ele>
    </trkpt>
    <trkpt lat="46.533734" lon="3.9241831">
      <ele>324</ele>
    </trkpt>
    <trkpt lat="46.533644" lon="3.9241965">
      <ele>324</ele>
    </trkpt>
    <trkpt lat="46.533596" lon="3.9241965">
      <ele>324</ele>
    </trkpt>
    <trkpt lat="46.533437" lon="3.9241965">
      <ele>322</ele>
    </trkpt>
    <trkpt lat="46.532954" lon="3.9240571">
      <ele>318</ele>
    </trkpt>
    <trkpt lat="46.532684" lon="3.9240034">
      <ele>315</ele>
    </trkpt>
    <trkpt lat="46.53248" lon="3.9240061">
      <ele>313</ele>
    </trkpt>
    <trkpt lat="46.532221" lon="3.9240168">
      <ele>311</ele>
    </trkpt>
    <trkpt lat="46.53212" lon="3.9240329">
      <ele>310</ele>
    </trkpt>
    <trkpt lat="46.532074" lon="3.9240383">
      <ele>310</ele>
    </trkpt>
    <trkpt lat="46.53198" lon="3.9240705">
      <ele>309</ele>
    </trkpt>
    <trkpt lat="46.531889" lon="3.9241456">
      <ele>308</ele>
    </trkpt>
    <trkpt lat="46.531601" lon="3.9245318">
      <ele>303</ele>
    </trkpt>
    <trkpt lat="46.53124" lon="3.9251112">
      <ele>298</ele>
    </trkpt>
    <trkpt lat="46.531099" lon="3.9254009">
      <ele>296</ele>
    </trkpt>
    <trkpt lat="46.531018" lon="3.9256583">
      <ele>296</ele>
    </trkpt>
    <trkpt lat="46.530989" lon="3.9259373">
      <ele>294</ele>
    </trkpt>
    <trkpt lat="46.530937" lon="3.9266239">
      <ele>293</ele>
    </trkpt>
    <trkpt lat="46.530913" lon="3.9271255">
      <ele>293</ele>
    </trkpt>
    <trkpt lat="46.530861" lon="3.9276941">
      <ele>290</ele>
    </trkpt>
    <trkpt lat="46.530824" lon="3.9280911">
      <ele>288</ele>
    </trkpt>
    <trkpt lat="46.530736" lon="3.9283379">
      <ele>286</ele>
    </trkpt>
    <trkpt lat="46.530583" lon="3.9286302">
      <ele>284</ele>
    </trkpt>
    <trkpt lat="46.53042" lon="3.9289092">
      <ele>281</ele>
    </trkpt>
    <trkpt lat="46.530273" lon="3.9290272">
      <ele>280</ele>
    </trkpt>
    <trkpt lat="46.530073" lon="3.9291238">
      <ele>278</ele>
    </trkpt>
    <trkpt lat="46.529835" lon="3.9291211">
      <ele>276</ele>
    </trkpt>
    <trkpt lat="46.529645" lon="3.9291023">
      <ele>274</ele>
    </trkpt>
    <trkpt lat="46.529188" lon="3.9290057">
      <ele>271</ele>
    </trkpt>
    <trkpt lat="46.528501" lon="3.9288234">
      <ele>265</ele>
    </trkpt>
    <trkpt lat="46.527866" lon="3.9286624">
      <ele>259</ele>
    </trkpt>
    <trkpt lat="46.527326" lon="3.9284881">
      <ele>256</ele>
    </trkpt>
    <trkpt lat="46.527106" lon="3.9284103">
      <ele>255</ele>
    </trkpt>
    <trkpt lat="46.526885" lon="3.9283298">
      <ele>254</ele>
    </trkpt>
    <trkpt lat="46.52658" lon="3.9281984">
      <ele>252</ele>
    </trkpt>
    <trkpt lat="46.526425" lon="3.9281769">
      <ele>251</ele>
    </trkpt>
    <trkpt lat="46.526303" lon="3.928193">
      <ele>250</ele>
    </trkpt>
    <trkpt lat="46.526191" lon="3.9282976">
      <ele>249</ele>
    </trkpt>
    <trkpt lat="46.525814" lon="3.9287697">
      <ele>251</ele>
    </trkpt>
    <trkpt lat="46.525106" lon="3.9295958">
      <ele>254</ele>
    </trkpt>
    <trkpt lat="46.524796" lon="3.9299392">
      <ele>256</ele>
    </trkpt>
    <trkpt lat="46.524633" lon="3.9301001">
      <ele>257</ele>
    </trkpt>
    <trkpt lat="46.524498" lon="3.9301403">
      <ele>258</ele>
    </trkpt>
    <trkpt lat="46.524373" lon="3.9301403">
      <ele>259</ele>
    </trkpt>
    <trkpt lat="46.524159" lon="3.9300759">
      <ele>259</ele>
    </trkpt>
    <trkpt lat="46.523731" lon="3.9298828">
      <ele>261</ele>
    </trkpt>
    <trkpt lat="46.523111" lon="3.9295502">
      <ele>262</ele>
    </trkpt>
    <trkpt lat="46.522572" lon="3.9292606">
      <ele>264</ele>
    </trkpt>
    <trkpt lat="46.522345" lon="3.9291559">
      <ele>265</ele>
    </trkpt>
    <trkpt lat="46.522144" lon="3.9291318">
      <ele>266</ele>
    </trkpt>
    <trkpt lat="46.521835" lon="3.9291989">
      <ele>268</ele>
    </trkpt>
    <trkpt lat="46.521488" lon="3.9292847">
      <ele>270</ele>
    </trkpt>
    <trkpt lat="46.521184" lon="3.9294108">
      <ele>272</ele>
    </trkpt>
    <trkpt lat="46.520986" lon="3.9295529">
      <ele>273</ele>
    </trkpt>
    <trkpt lat="46.520652" lon="3.9298426">
      <ele>275</ele>
    </trkpt>
    <trkpt lat="46.520307" lon="3.9301323">
      <ele>277</ele>
    </trkpt>
    <trkpt lat="46.520137" lon="3.9303361">
      <ele>278</ele>
    </trkpt>
    <trkpt lat="46.519968" lon="3.9305936">
      <ele>279</ele>
    </trkpt>
    <trkpt lat="46.519724" lon="3.9309906">
      <ele>280</ele>
    </trkpt>
    <trkpt lat="46.519532" lon="3.9312373">
      <ele>282</ele>
    </trkpt>
    <trkpt lat="46.519362" lon="3.9314412">
      <ele>284</ele>
    </trkpt>
    <trkpt lat="46.519185" lon="3.9316343">
      <ele>286</ele>
    </trkpt>
    <trkpt lat="46.518956" lon="3.9318382">
      <ele>288</ele>
    </trkpt>
    <trkpt lat="46.518735" lon="3.9319884">
      <ele>290</ele>
    </trkpt>
    <trkpt lat="46.518427" lon="3.9322244">
      <ele>294</ele>
    </trkpt>
    <trkpt lat="46.51827" lon="3.932388">
      <ele>295</ele>
    </trkpt>
    <trkpt lat="46.518155" lon="3.9325087">
      <ele>295</ele>
    </trkpt>
    <trkpt lat="46.517906" lon="3.9329057">
      <ele>298</ele>
    </trkpt>
    <trkpt lat="46.517805" lon="3.933139">
      <ele>300</ele>
    </trkpt>
    <trkpt lat="46.517642" lon="3.9334582">
      <ele>302</ele>
    </trkpt>
    <trkpt lat="46.517509" lon="3.9336728">
      <ele>302</ele>
    </trkpt>
    <trkpt lat="46.517376" lon="3.9338337">
      <ele>304</ele>
    </trkpt>
    <trkpt lat="46.516985" lon="3.9342414">
      <ele>309</ele>
    </trkpt>
    <trkpt lat="46.516821" lon="3.9344104">
      <ele>311</ele>
    </trkpt>
    <trkpt lat="46.516754" lon="3.9344774">
      <ele>311</ele>
    </trkpt>
    <trkpt lat="46.516577" lon="3.9346572">
      <ele>313</ele>
    </trkpt>
    <trkpt lat="46.515852" lon="3.9352955">
      <ele>319</ele>
    </trkpt>
    <trkpt lat="46.514897" lon="3.9361109">
      <ele>320</ele>
    </trkpt>
    <trkpt lat="46.514211" lon="3.9367305">
      <ele>319</ele>
    </trkpt>
    <trkpt lat="46.51372" lon="3.9372374">
      <ele>317</ele>
    </trkpt>
    <trkpt lat="46.513341" lon="3.9376317">
      <ele>315</ele>
    </trkpt>
    <trkpt lat="46.513284" lon="3.9376907">
      <ele>315</ele>
    </trkpt>
    <trkpt lat="46.512533" lon="3.9384793">
      <ele>318</ele>
    </trkpt>
    <trkpt lat="46.51161" lon="3.93952">
      <ele>320</ele>
    </trkpt>
    <trkpt lat="46.511475" lon="3.9396139">
      <ele>320</ele>
    </trkpt>
    <trkpt lat="46.511429" lon="3.9396648">
      <ele>320</ele>
    </trkpt>
    <trkpt lat="46.510628" lon="3.94055">
      <ele>320</ele>
    </trkpt>
    <trkpt lat="46.508479" lon="3.9429961">
      <ele>308</ele>
    </trkpt>
    <trkpt lat="46.507852" lon="3.9437364">
      <ele>301</ele>
    </trkpt>
    <trkpt lat="46.507768" lon="3.943884">
      <ele>300</ele>
    </trkpt>
    <trkpt lat="46.507724" lon="3.9440127">
      <ele>299</ele>
    </trkpt>
    <trkpt lat="46.5077" lon="3.9442568">
      <ele>299</ele>
    </trkpt>
    <trkpt lat="46.50768" lon="3.944474">
      <ele>297</ele>
    </trkpt>
    <trkpt lat="46.507643" lon="3.9450105">
      <ele>294</ele>
    </trkpt>
    <trkpt lat="46.507628" lon="3.9453484">
      <ele>292</ele>
    </trkpt>
    <trkpt lat="46.507654" lon="3.9456542">
      <ele>288</ele>
    </trkpt>
    <trkpt lat="46.507724" lon="3.9458983">
      <ele>285</ele>
    </trkpt>
    <trkpt lat="46.507848" lon="3.9461182">
      <ele>283</ele>
    </trkpt>
    <trkpt lat="46.508101" lon="3.9464964">
      <ele>281</ele>
    </trkpt>
    <trkpt lat="46.508191" lon="3.9467298">
      <ele>279</ele>
    </trkpt>
    <trkpt lat="46.508237" lon="3.9469014">
      <ele>278</ele>
    </trkpt>
    <trkpt lat="46.508293" lon="3.9471187">
      <ele>275</ele>
    </trkpt>
    <trkpt lat="46.508322" lon="3.9474567">
      <ele>270</ele>
    </trkpt>
    <trkpt lat="46.508337" lon="3.9478107">
      <ele>266</ele>
    </trkpt>
    <trkpt lat="46.508352" lon="3.9482506">
      <ele>262</ele>
    </trkpt>
    <trkpt lat="46.508352" lon="3.9485832">
      <ele>262</ele>
    </trkpt>
    <trkpt lat="46.50833" lon="3.9488299">
      <ele>262</ele>
    </trkpt>
    <trkpt lat="46.508263" lon="3.9490874">
      <ele>261</ele>
    </trkpt>
    <trkpt lat="46.508167" lon="3.9492591">
      <ele>261</ele>
    </trkpt>
    <trkpt lat="46.508093" lon="3.9493449">
      <ele>262</ele>
    </trkpt>
    <trkpt lat="46.507931" lon="3.9493664">
      <ele>263</ele>
    </trkpt>
    <trkpt lat="46.507761" lon="3.949302">
      <ele>264</ele>
    </trkpt>
    <trkpt lat="46.507444" lon="3.9491411">
      <ele>265</ele>
    </trkpt>
    <trkpt lat="46.507194" lon="3.9491196">
      <ele>267</ele>
    </trkpt>
    <trkpt lat="46.507104" lon="3.9490338">
      <ele>267</ele>
    </trkpt>
    <trkpt lat="46.506875" lon="3.9488836">
      <ele>266</ele>
    </trkpt>
    <trkpt lat="46.506764" lon="3.948889">
      <ele>267</ele>
    </trkpt>
    <trkpt lat="46.506676" lon="3.9488058">
      <ele>267</ele>
    </trkpt>
    <trkpt lat="46.50648" lon="3.9487683">
      <ele>268</ele>
    </trkpt>
    <trkpt lat="46.505869" lon="3.948838">
      <ele>271</ele>
    </trkpt>
    <trkpt lat="46.503825" lon="3.9483901">
      <ele>281</ele>
    </trkpt>
    <trkpt lat="46.502795" lon="3.9481084">
      <ele>285</ele>
    </trkpt>
    <trkpt lat="46.502773" lon="3.9481031">
      <ele>286</ele>
    </trkpt>
    <trkpt lat="46.502544" lon="3.9480602">
      <ele>287</ele>
    </trkpt>
    <trkpt lat="46.502463" lon="3.9480816">
      <ele>287</ele>
    </trkpt>
    <trkpt lat="46.502389" lon="3.9481433">
      <ele>286</ele>
    </trkpt>
    <trkpt lat="46.502263" lon="3.9484142">
      <ele>287</ele>
    </trkpt>
    <trkpt lat="46.50185" lon="3.9495515">
      <ele>290</ele>
    </trkpt>
    <trkpt lat="46.501828" lon="3.9496266">
      <ele>290</ele>
    </trkpt>
    <trkpt lat="46.501783" lon="3.9497768">
      <ele>290</ele>
    </trkpt>
    <trkpt lat="46.501769" lon="3.9500772">
      <ele>290</ele>
    </trkpt>
    <trkpt lat="46.501791" lon="3.9502488">
      <ele>291</ele>
    </trkpt>
    <trkpt lat="46.501966" lon="3.9507987">
      <ele>293</ele>
    </trkpt>
    <trkpt lat="46.502267" lon="3.9516248">
      <ele>297</ele>
    </trkpt>
    <trkpt lat="46.502972" lon="3.9538537">
      <ele>313</ele>
    </trkpt>
    <trkpt lat="46.503297" lon="3.9549373">
      <ele>317</ele>
    </trkpt>
    <trkpt lat="46.503332" lon="3.9550554">
      <ele>317</ele>
    </trkpt>
    <trkpt lat="46.503973" lon="3.9566271">
      <ele>315</ele>
    </trkpt>
    <trkpt lat="46.504008" lon="3.9567317">
      <ele>315</ele>
    </trkpt>
    <trkpt lat="46.504427" lon="3.9578663">
      <ele>310</ele>
    </trkpt>
    <trkpt lat="46.504545" lon="3.9582204">
      <ele>309</ele>
    </trkpt>
    <trkpt lat="46.504597" lon="3.9584993">
      <ele>309</ele>
    </trkpt>
    <trkpt lat="46.504575" lon="3.9589499">
      <ele>306</ele>
    </trkpt>
    <trkpt lat="46.504532" lon="3.959489">
      <ele>303</ele>
    </trkpt>
    <trkpt lat="46.50437" lon="3.9605378">
      <ele>306</ele>
    </trkpt>
    <trkpt lat="46.504054" lon="3.9623483">
      <ele>314</ele>
    </trkpt>
    <trkpt lat="46.503903" lon="3.9632093">
      <ele>314</ele>
    </trkpt>
    <trkpt lat="46.503683" lon="3.9642875">
      <ele>314</ele>
    </trkpt>
    <trkpt lat="46.503389" lon="3.9656367">
      <ele>318</ele>
    </trkpt>
    <trkpt lat="46.503066" lon="3.9670153">
      <ele>321</ele>
    </trkpt>
    <trkpt lat="46.503018" lon="3.9671146">
      <ele>321</ele>
    </trkpt>
    <trkpt lat="46.502956" lon="3.9672701">
      <ele>321</ele>
    </trkpt>
    <trkpt lat="46.502308" lon="3.9685066">
      <ele>318</ele>
    </trkpt>
    <trkpt lat="46.502103" lon="3.9689197">
      <ele>317</ele>
    </trkpt>
    <trkpt lat="46.501988" lon="3.9691209">
      <ele>315</ele>
    </trkpt>
    <trkpt lat="46.501857" lon="3.9692577">
      <ele>315</ele>
    </trkpt>
    <trkpt lat="46.501774" lon="3.9693086">
      <ele>315</ele>
    </trkpt>
    <trkpt lat="46.50139" lon="3.9695286">
      <ele>311</ele>
    </trkpt>
    <trkpt lat="46.500757" lon="3.9699014">
      <ele>306</ele>
    </trkpt>
    <trkpt lat="46.50065" lon="3.9699765">
      <ele>304</ele>
    </trkpt>
    <trkpt lat="46.500554" lon="3.9700489">
      <ele>303</ele>
    </trkpt>
    <trkpt lat="46.500493" lon="3.9701106">
      <ele>302</ele>
    </trkpt>
    <trkpt lat="46.500441" lon="3.9702045">
      <ele>302</ele>
    </trkpt>
    <trkpt lat="46.500413" lon="3.9702957">
      <ele>302</ele>
    </trkpt>
    <trkpt lat="46.5004" lon="3.9704137">
      <ele>301</ele>
    </trkpt>
    <trkpt lat="46.500402" lon="3.9705049">
      <ele>301</ele>
    </trkpt>
    <trkpt lat="46.50043" lon="3.9706256">
      <ele>300</ele>
    </trkpt>
    <trkpt lat="46.50053" lon="3.9709045">
      <ele>300</ele>
    </trkpt>
    <trkpt lat="46.500532" lon="3.9709716">
      <ele>299</ele>
    </trkpt>
    <trkpt lat="46.500509" lon="3.9710306">
      <ele>298</ele>
    </trkpt>
    <trkpt lat="46.500471" lon="3.9710681">
      <ele>298</ele>
    </trkpt>
    <trkpt lat="46.500408" lon="3.9710762">
      <ele>297</ele>
    </trkpt>
    <trkpt lat="46.500327" lon="3.9710467">
      <ele>296</ele>
    </trkpt>
    <trkpt lat="46.500183" lon="3.9710065">
      <ele>294</ele>
    </trkpt>
    <trkpt lat="46.500092" lon="3.9710065">
      <ele>293</ele>
    </trkpt>
    <trkpt lat="46.499911" lon="3.9710655">
      <ele>291</ele>
    </trkpt>
    <trkpt lat="46.499747" lon="3.9711379">
      <ele>290</ele>
    </trkpt>
    <trkpt lat="46.499392" lon="3.9714141">
      <ele>285</ele>
    </trkpt>
    <trkpt lat="46.498811" lon="3.9718916">
      <ele>279</ele>
    </trkpt>
    <trkpt lat="46.498729" lon="3.9719694">
      <ele>278</ele>
    </trkpt>
    <trkpt lat="46.498609" lon="3.9721383">
      <ele>277</ele>
    </trkpt>
    <trkpt lat="46.498488" lon="3.9723529">
      <ele>277</ele>
    </trkpt>
    <trkpt lat="46.498342" lon="3.9727016">
      <ele>273</ele>
    </trkpt>
    <trkpt lat="46.498067" lon="3.9733802">
      <ele>267</ele>
    </trkpt>
    <trkpt lat="46.497985" lon="3.973525">
      <ele>267</ele>
    </trkpt>
    <trkpt lat="46.497653" lon="3.9739193">
      <ele>262</ele>
    </trkpt>
    <trkpt lat="46.497443" lon="3.9741232">
      <ele>259</ele>
    </trkpt>
    <trkpt lat="46.497376" lon="3.9741741">
      <ele>259</ele>
    </trkpt>
    <trkpt lat="46.497315" lon="3.9741956">
      <ele>258</ele>
    </trkpt>
    <trkpt lat="46.497252" lon="3.9741983">
      <ele>258</ele>
    </trkpt>
    <trkpt lat="46.497179" lon="3.974201">
      <ele>258</ele>
    </trkpt>
    <trkpt lat="46.497105" lon="3.9741849">
      <ele>257</ele>
    </trkpt>
    <trkpt lat="46.496977" lon="3.974091">
      <ele>257</ele>
    </trkpt>
    <trkpt lat="46.496638" lon="3.9737504">
      <ele>256</ele>
    </trkpt>
    <trkpt lat="46.496464" lon="3.9735841">
      <ele>254</ele>
    </trkpt>
    <trkpt lat="46.496335" lon="3.9734982">
      <ele>254</ele>
    </trkpt>
    <trkpt lat="46.496205" lon="3.9734365">
      <ele>253</ele>
    </trkpt>
    <trkpt lat="46.495858" lon="3.9733078">
      <ele>250</ele>
    </trkpt>
    <trkpt lat="46.495674" lon="3.9732595">
      <ele>249</ele>
    </trkpt>
    <trkpt lat="46.495408" lon="3.9731817">
      <ele>248</ele>
    </trkpt>
    <trkpt lat="46.49526" lon="3.973171">
      <ele>246</ele>
    </trkpt>
    <trkpt lat="46.495018" lon="3.9731549">
      <ele>244</ele>
    </trkpt>
    <trkpt lat="46.494749" lon="3.9730986">
      <ele>242</ele>
    </trkpt>
    <trkpt lat="46.494599" lon="3.9730878">
      <ele>242</ele>
    </trkpt>
    <trkpt lat="46.494448" lon="3.9730905">
      <ele>241</ele>
    </trkpt>
    <trkpt lat="46.49353" lon="3.973399">
      <ele>235</ele>
    </trkpt>
    <trkpt lat="46.493458" lon="3.9734339">
      <ele>235</ele>
    </trkpt>
    <trkpt lat="46.493297" lon="3.9735492">
      <ele>233</ele>
    </trkpt>
    <trkpt lat="46.493373" lon="3.973686">
      <ele>232</ele>
    </trkpt>
    <trkpt lat="46.493404" lon="3.9737691">
      <ele>232</ele>
    </trkpt>
    <trkpt lat="46.49343" lon="3.9738603">
      <ele>231</ele>
    </trkpt>
    <trkpt lat="46.493489" lon="3.9740776">
      <ele>231</ele>
    </trkpt>
    <trkpt lat="46.493519" lon="3.9741393">
      <ele>232</ele>
    </trkpt>
    <trkpt lat="46.493641" lon="3.9743056">
      <ele>233</ele>
    </trkpt>
    <trkpt lat="46.493689" lon="3.974386">
      <ele>234</ele>
    </trkpt>
    <trkpt lat="46.493724" lon="3.9744638">
      <ele>233</ele>
    </trkpt>
    <trkpt lat="46.493759" lon="3.9745631">
      <ele>233</ele>
    </trkpt>
    <trkpt lat="46.493816" lon="3.9748045">
      <ele>230</ele>
    </trkpt>
    <trkpt lat="46.493884" lon="3.9750137">
      <ele>230</ele>
    </trkpt>
    <trkpt lat="46.493945" lon="3.9751639">
      <ele>229</ele>
    </trkpt>
    <trkpt lat="46.494027" lon="3.9753087">
      <ele>228</ele>
    </trkpt>
    <trkpt lat="46.494182" lon="3.9755796">
      <ele>227</ele>
    </trkpt>
    <trkpt lat="46.49425" lon="3.9757271">
      <ele>227</ele>
    </trkpt>
    <trkpt lat="46.494536" lon="3.9765264">
      <ele>226</ele>
    </trkpt>
    <trkpt lat="46.494549" lon="3.9765613">
      <ele>226</ele>
    </trkpt>
    <trkpt lat="46.494819" lon="3.977248">
      <ele>225</ele>
    </trkpt>
    <trkpt lat="46.494856" lon="3.9773687">
      <ele>225</ele>
    </trkpt>
    <trkpt lat="46.494872" lon="3.9775028">
      <ele>226</ele>
    </trkpt>
    <trkpt lat="46.494837" lon="3.9782726">
      <ele>226</ele>
    </trkpt>
    <trkpt lat="46.494834" lon="3.9785461">
      <ele>226</ele>
    </trkpt>
    <trkpt lat="46.494846" lon="3.9786883">
      <ele>226</ele>
    </trkpt>
    <trkpt lat="46.49487" lon="3.9788063">
      <ele>226</ele>
    </trkpt>
    <trkpt lat="46.495112" lon="3.9796512">
      <ele>226</ele>
    </trkpt>
    <trkpt lat="46.495345" lon="3.9803727">
      <ele>226</ele>
    </trkpt>
    <trkpt lat="46.495609" lon="3.9811908">
      <ele>227</ele>
    </trkpt>
    <trkpt lat="46.495637" lon="3.9813276">
      <ele>226</ele>
    </trkpt>
    <trkpt lat="46.495642" lon="3.9814671">
      <ele>226</ele>
    </trkpt>
    <trkpt lat="46.495639" lon="3.9816387">
      <ele>227</ele>
    </trkpt>
    <trkpt lat="46.495613" lon="3.982084">
      <ele>227</ele>
    </trkpt>
    <trkpt lat="46.495607" lon="3.982371">
      <ele>227</ele>
    </trkpt>
    <trkpt lat="46.495609" lon="3.9828189">
      <ele>227</ele>
    </trkpt>
    <trkpt lat="46.49562" lon="3.9829476">
      <ele>227</ele>
    </trkpt>
    <trkpt lat="46.49564" lon="3.983063">
      <ele>227</ele>
    </trkpt>
    <trkpt lat="46.495653" lon="3.9831086">
      <ele>227</ele>
    </trkpt>
    <trkpt lat="46.495703" lon="3.9832051">
      <ele>227</ele>
    </trkpt>
    <trkpt lat="46.495808" lon="3.983291">
      <ele>227</ele>
    </trkpt>
    <trkpt lat="46.495912" lon="3.9833714">
      <ele>227</ele>
    </trkpt>
    <trkpt lat="46.496028" lon="3.9834921">
      <ele>227</ele>
    </trkpt>
    <trkpt lat="46.496416" lon="3.9839508">
      <ele>227</ele>
    </trkpt>
    <trkpt lat="46.496854" lon="3.9844309">
      <ele>227</ele>
    </trkpt>
    <trkpt lat="46.497555" lon="3.98508">
      <ele>227</ele>
    </trkpt>
    <trkpt lat="46.497832" lon="3.9852678">
      <ele>227</ele>
    </trkpt>
    <trkpt lat="46.497932" lon="3.9853429">
      <ele>228</ele>
    </trkpt>
    <trkpt lat="46.498035" lon="3.9854367">
      <ele>228</ele>
    </trkpt>
    <trkpt lat="46.498144" lon="3.9855548">
      <ele>229</ele>
    </trkpt>
    <trkpt lat="46.498246" lon="3.9856835">
      <ele>229</ele>
    </trkpt>
    <trkpt lat="46.498355" lon="3.9858552">
      <ele>229</ele>
    </trkpt>
    <trkpt lat="46.49844" lon="3.9859651">
      <ele>230</ele>
    </trkpt>
    <trkpt lat="46.498621" lon="3.9861824">
      <ele>230</ele>
    </trkpt>
    <trkpt lat="46.49872" lon="3.9863406">
      <ele>231</ele>
    </trkpt>
    <trkpt lat="46.498931" lon="3.986869">
      <ele>231</ele>
    </trkpt>
    <trkpt lat="46.499102" lon="3.9873894">
      <ele>232</ele>
    </trkpt>
    <trkpt lat="46.499248" lon="3.9878078">
      <ele>232</ele>
    </trkpt>
    <trkpt lat="46.499313" lon="3.98795">
      <ele>233</ele>
    </trkpt>
    <trkpt lat="46.499352" lon="3.9880385">
      <ele>233</ele>
    </trkpt>
    <trkpt lat="46.499056" lon="3.9882531">
      <ele>232</ele>
    </trkpt>
    <trkpt lat="46.498347" lon="3.9888002">
      <ele>230</ele>
    </trkpt>
    <trkpt lat="46.497991" lon="3.9890497">
      <ele>229</ele>
    </trkpt>
    <trkpt lat="46.497624" lon="3.9893045">
      <ele>228</ele>
    </trkpt>
    <trkpt lat="46.497014" lon="3.9894708">
      <ele>227</ele>
    </trkpt>
    <trkpt lat="46.496446" lon="3.9895727">
      <ele>228</ele>
    </trkpt>
    <trkpt lat="46.496313" lon="3.9896263">
      <ele>228</ele>
    </trkpt>
    <trkpt lat="46.49615" lon="3.9896424">
      <ele>228</ele>
    </trkpt>
    <trkpt lat="46.496071" lon="3.9896371">
      <ele>227</ele>
    </trkpt>
    <trkpt lat="46.495825" lon="3.9895915">
      <ele>226</ele>
    </trkpt>
    <trkpt lat="46.494645" lon="3.9893367">
      <ele>226</ele>
    </trkpt>
    <trkpt lat="46.493842" lon="3.9891623">
      <ele>227</ele>
    </trkpt>
    <trkpt lat="46.493277" lon="3.9890389">
      <ele>226</ele>
    </trkpt>
    <trkpt lat="46.491495" lon="3.9886688">
      <ele>228</ele>
    </trkpt>
    <trkpt lat="46.491187" lon="3.9886017">
      <ele>228</ele>
    </trkpt>
    <trkpt lat="46.490921" lon="3.9885427">
      <ele>228</ele>
    </trkpt>
    <trkpt lat="46.488411" lon="3.988009">
      <ele>230</ele>
    </trkpt>
    <trkpt lat="46.488367" lon="3.9880251">
      <ele>230</ele>
    </trkpt>
    <trkpt lat="46.488402" lon="3.9880868">
      <ele>230</ele>
    </trkpt>
    <trkpt lat="46.488535" lon="3.9883389">
      <ele>230</ele>
    </trkpt>
    <trkpt lat="46.489024" lon="3.9892777">
      <ele>229</ele>
    </trkpt>
    <trkpt lat="46.489072" lon="3.9893689">
      <ele>229</ele>
    </trkpt>
    <trkpt lat="46.489163" lon="3.9896344">
      <ele>230</ele>
    </trkpt>
    <trkpt lat="46.489682" lon="3.9911498">
      <ele>230</ele>
    </trkpt>
    <trkpt lat="46.490021" lon="3.9921423">
      <ele>230</ele>
    </trkpt>
    <trkpt lat="46.490154" lon="3.9925285">
      <ele>229</ele>
    </trkpt>
    <trkpt lat="46.490396" lon="3.9932393">
      <ele>229</ele>
    </trkpt>
    <trkpt lat="46.490568" lon="3.9937409">
      <ele>230</ele>
    </trkpt>
    <trkpt lat="46.490585" lon="3.9937865">
      <ele>230</ele>
    </trkpt>
    <trkpt lat="46.490804" lon="3.9944275">
      <ele>230</ele>
    </trkpt>
    <trkpt lat="46.491022" lon="3.9950659">
      <ele>230</ele>
    </trkpt>
    <trkpt lat="46.491083" lon="3.9952429">
      <ele>230</ele>
    </trkpt>
    <trkpt lat="46.491236" lon="3.9956613">
      <ele>230</ele>
    </trkpt>
    <trkpt lat="46.491364" lon="3.9959912">
      <ele>230</ele>
    </trkpt>
    <trkpt lat="46.491384" lon="3.9960315">
      <ele>230</ele>
    </trkpt>
    <trkpt lat="46.491275" lon="3.9961736">
      <ele>230</ele>
    </trkpt>
    <trkpt lat="46.491194" lon="3.9962755">
      <ele>230</ele>
    </trkpt>
    <trkpt lat="46.491155" lon="3.9963211">
      <ele>230</ele>
    </trkpt>
    <trkpt lat="46.490446" lon="3.9971929">
      <ele>231</ele>
    </trkpt>
    <trkpt lat="46.490378" lon="3.9972787">
      <ele>231</ele>
    </trkpt>
    <trkpt lat="46.490638" lon="3.9977052">
      <ele>231</ele>
    </trkpt>
    <trkpt lat="46.490657" lon="3.997732">
      <ele>231</ele>
    </trkpt>
    <trkpt lat="46.490633" lon="3.9977615">
      <ele>231</ele>
    </trkpt>
    <trkpt lat="46.490679" lon="3.9978393">
      <ele>231</ele>
    </trkpt>
    <trkpt lat="46.490644" lon="3.9978795">
      <ele>231</ele>
    </trkpt>
    <trkpt lat="46.490012" lon="3.9986922">
      <ele>233</ele>
    </trkpt>
    <trkpt lat="46.489342" lon="3.999395">
      <ele>234</ele>
    </trkpt>
    <trkpt lat="46.488677" lon="4.0000923">
      <ele>234</ele>
    </trkpt>
    <trkpt lat="46.487997" lon="4.0008031">
      <ele>234</ele>
    </trkpt>
    <trkpt lat="46.487637" lon="4.0011786">
      <ele>234</ele>
    </trkpt>
    <trkpt lat="46.487477" lon="4.0013476">
      <ele>234</ele>
    </trkpt>
    <trkpt lat="46.487303" lon="4.0015219">
      <ele>234</ele>
    </trkpt>
    <trkpt lat="46.48719" lon="4.0016158">
      <ele>235</ele>
    </trkpt>
    <trkpt lat="46.487286" lon="4.0018304">
      <ele>235</ele>
    </trkpt>
    <trkpt lat="46.487382" lon="4.0020369">
      <ele>235</ele>
    </trkpt>
    <trkpt lat="46.487571" lon="4.00245">
      <ele>235</ele>
    </trkpt>
    <trkpt lat="46.487748" lon="4.002847">
      <ele>235</ele>
    </trkpt>
    <trkpt lat="46.487811" lon="4.0029837">
      <ele>235</ele>
    </trkpt>
    <trkpt lat="46.487874" lon="4.0031232">
      <ele>235</ele>
    </trkpt>
    <trkpt lat="46.487948" lon="4.0032922">
      <ele>234</ele>
    </trkpt>
    <trkpt lat="46.48797" lon="4.0033458">
      <ele>234</ele>
    </trkpt>
    <trkpt lat="46.487992" lon="4.0033995">
      <ele>234</ele>
    </trkpt>
    <trkpt lat="46.488016" lon="4.0034665">
      <ele>235</ele>
    </trkpt>
    <trkpt lat="46.488042" lon="4.003539">
      <ele>235</ele>
    </trkpt>
    <trkpt lat="46.488057" lon="4.0035765">
      <ele>235</ele>
    </trkpt>
    <trkpt lat="46.488071" lon="4.0036221">
      <ele>235</ele>
    </trkpt>
    <trkpt lat="46.488088" lon="4.0036784">
      <ele>235</ele>
    </trkpt>
    <trkpt lat="46.488105" lon="4.0037348">
      <ele>235</ele>
    </trkpt>
    <trkpt lat="46.488127" lon="4.0038126">
      <ele>235</ele>
    </trkpt>
    <trkpt lat="46.488147" lon="4.0038957">
      <ele>235</ele>
    </trkpt>
    <trkpt lat="46.488165" lon="4.0039788">
      <ele>235</ele>
    </trkpt>
    <trkpt lat="46.488182" lon="4.0040566">
      <ele>235</ele>
    </trkpt>
    <trkpt lat="46.488215" lon="4.0042176">
      <ele>234</ele>
    </trkpt>
    <trkpt lat="46.488232" lon="4.004298">
      <ele>234</ele>
    </trkpt>
    <trkpt lat="46.488247" lon="4.0043812">
      <ele>234</ele>
    </trkpt>
    <trkpt lat="46.488256" lon="4.0044536">
      <ele>234</ele>
    </trkpt>
    <trkpt lat="46.488263" lon="4.004526">
      <ele>234</ele>
    </trkpt>
    <trkpt lat="46.488278" lon="4.0046735">
      <ele>234</ele>
    </trkpt>
    <trkpt lat="46.488284" lon="4.0047862">
      <ele>234</ele>
    </trkpt>
    <trkpt lat="46.488287" lon="4.0048345">
      <ele>234</ele>
    </trkpt>
    <trkpt lat="46.488289" lon="4.0048988">
      <ele>234</ele>
    </trkpt>
    <trkpt lat="46.488293" lon="4.0050061">
      <ele>234</ele>
    </trkpt>
    <trkpt lat="46.488293" lon="4.0051215">
      <ele>234</ele>
    </trkpt>
    <trkpt lat="46.488291" lon="4.0052475">
      <ele>234</ele>
    </trkpt>
    <trkpt lat="46.488289" lon="4.0053119">
      <ele>234</ele>
    </trkpt>
    <trkpt lat="46.488287" lon="4.0053736">
      <ele>234</ele>
    </trkpt>
    <trkpt lat="46.488284" lon="4.005438">
      <ele>234</ele>
    </trkpt>
    <trkpt lat="46.488278" lon="4.0054997">
      <ele>234</ele>
    </trkpt>
    <trkpt lat="46.488269" lon="4.005623">
      <ele>234</ele>
    </trkpt>
    <trkpt lat="46.488263" lon="4.0056794">
      <ele>234</ele>
    </trkpt>
    <trkpt lat="46.488258" lon="4.0057357">
      <ele>234</ele>
    </trkpt>
    <trkpt lat="46.488245" lon="4.0058483">
      <ele>234</ele>
    </trkpt>
    <trkpt lat="46.48823" lon="4.0059932">
      <ele>235</ele>
    </trkpt>
    <trkpt lat="46.488212" lon="4.0060844">
      <ele>235</ele>
    </trkpt>
    <trkpt lat="46.488195" lon="4.0061729">
      <ele>235</ele>
    </trkpt>
    <trkpt lat="46.488178" lon="4.0062239">
      <ele>235</ele>
    </trkpt>
    <trkpt lat="46.488162" lon="4.0062802">
      <ele>235</ele>
    </trkpt>
    <trkpt lat="46.488149" lon="4.0063285">
      <ele>235</ele>
    </trkpt>
    <trkpt lat="46.488134" lon="4.0063767">
      <ele>235</ele>
    </trkpt>
    <trkpt lat="46.488119" lon="4.0064331">
      <ele>236</ele>
    </trkpt>
    <trkpt lat="46.488101" lon="4.0064894">
      <ele>236</ele>
    </trkpt>
    <trkpt lat="46.488093" lon="4.0065162">
      <ele>236</ele>
    </trkpt>
    <trkpt lat="46.488084" lon="4.0065377">
      <ele>236</ele>
    </trkpt>
    <trkpt lat="46.488077" lon="4.0065511">
      <ele>236</ele>
    </trkpt>
    <trkpt lat="46.488073" lon="4.0065618">
      <ele>236</ele>
    </trkpt>
    <trkpt lat="46.488068" lon="4.0065752">
      <ele>236</ele>
    </trkpt>
    <trkpt lat="46.488062" lon="4.006586">
      <ele>236</ele>
    </trkpt>
    <trkpt lat="46.488042" lon="4.0067308">
      <ele>237</ele>
    </trkpt>
    <trkpt lat="46.488042" lon="4.0067442">
      <ele>237</ele>
    </trkpt>
    <trkpt lat="46.488044" lon="4.0067791">
      <ele>237</ele>
    </trkpt>
    <trkpt lat="46.488045" lon="4.0068139">
      <ele>236</ele>
    </trkpt>
    <trkpt lat="46.488047" lon="4.00683">
      <ele>236</ele>
    </trkpt>
    <trkpt lat="46.488047" lon="4.0068434">
      <ele>236</ele>
    </trkpt>
    <trkpt lat="46.488047" lon="4.006881">
      <ele>236</ele>
    </trkpt>
    <trkpt lat="46.488045" lon="4.0069105">
      <ele>236</ele>
    </trkpt>
    <trkpt lat="46.488044" lon="4.0069427">
      <ele>236</ele>
    </trkpt>
    <trkpt lat="46.48804" lon="4.0069722">
      <ele>236</ele>
    </trkpt>
    <trkpt lat="46.488029" lon="4.0070875">
      <ele>235</ele>
    </trkpt>
    <trkpt lat="46.487981" lon="4.0074282">
      <ele>235</ele>
    </trkpt>
    <trkpt lat="46.487912" lon="4.0078788">
      <ele>235</ele>
    </trkpt>
    <trkpt lat="46.4878" lon="4.0086244">
      <ele>235</ele>
    </trkpt>
    <trkpt lat="46.48775" lon="4.0089302">
      <ele>235</ele>
    </trkpt>
    <trkpt lat="46.487698" lon="4.0092333">
      <ele>235</ele>
    </trkpt>
    <trkpt lat="46.487663" lon="4.0094506">
      <ele>234</ele>
    </trkpt>
    <trkpt lat="46.48765" lon="4.0095632">
      <ele>234</ele>
    </trkpt>
    <trkpt lat="46.487645" lon="4.0096195">
      <ele>234</ele>
    </trkpt>
    <trkpt lat="46.487641" lon="4.0096759">
      <ele>234</ele>
    </trkpt>
    <trkpt lat="46.487639" lon="4.0097751">
      <ele>234</ele>
    </trkpt>
    <trkpt lat="46.487639" lon="4.009877">
      <ele>234</ele>
    </trkpt>
    <trkpt lat="46.487643" lon="4.0099736">
      <ele>234</ele>
    </trkpt>
    <trkpt lat="46.48765" lon="4.0100701">
      <ele>234</ele>
    </trkpt>
    <trkpt lat="46.487658" lon="4.0101694">
      <ele>234</ele>
    </trkpt>
    <trkpt lat="46.487667" lon="4.010274">
      <ele>234</ele>
    </trkpt>
    <trkpt lat="46.48768" lon="4.0103706">
      <ele>234</ele>
    </trkpt>
    <trkpt lat="46.487693" lon="4.010451">
      <ele>234</ele>
    </trkpt>
    <trkpt lat="46.487704" lon="4.01051">
      <ele>234</ele>
    </trkpt>
    <trkpt lat="46.487715" lon="4.0105583">
      <ele>234</ele>
    </trkpt>
    <trkpt lat="46.487746" lon="4.0106924">
      <ele>234</ele>
    </trkpt>
    <trkpt lat="46.4878" lon="4.0109258">
      <ele>235</ele>
    </trkpt>
    <trkpt lat="46.487855" lon="4.0111564">
      <ele>234</ele>
    </trkpt>
    <trkpt lat="46.487912" lon="4.0113871">
      <ele>235</ele>
    </trkpt>
    <trkpt lat="46.488029" lon="4.0118458">
      <ele>235</ele>
    </trkpt>
    <trkpt lat="46.488101" lon="4.0121408">
      <ele>235</ele>
    </trkpt>
    <trkpt lat="46.488136" lon="4.012291">
      <ele>235</ele>
    </trkpt>
    <trkpt lat="46.488153" lon="4.0123661">
      <ele>235</ele>
    </trkpt>
    <trkpt lat="46.488167" lon="4.0124412">
      <ele>235</ele>
    </trkpt>
    <trkpt lat="46.488177" lon="4.0125083">
      <ele>235</ele>
    </trkpt>
    <trkpt lat="46.488188" lon="4.012578">
      <ele>235</ele>
    </trkpt>
    <trkpt lat="46.488202" lon="4.0127175">
      <ele>235</ele>
    </trkpt>
    <trkpt lat="46.48821" lon="4.0127953">
      <ele>235</ele>
    </trkpt>
    <trkpt lat="46.488215" lon="4.0128677">
      <ele>235</ele>
    </trkpt>
    <trkpt lat="46.488221" lon="4.0129455">
      <ele>235</ele>
    </trkpt>
    <trkpt lat="46.488225" lon="4.0130206">
      <ele>235</ele>
    </trkpt>
    <trkpt lat="46.488226" lon="4.0131708">
      <ele>235</ele>
    </trkpt>
    <trkpt lat="46.488226" lon="4.013321">
      <ele>234</ele>
    </trkpt>
    <trkpt lat="46.488223" lon="4.0134551">
      <ele>234</ele>
    </trkpt>
    <trkpt lat="46.488215" lon="4.0135892">
      <ele>234</ele>
    </trkpt>
    <trkpt lat="46.488204" lon="4.0137206">
      <ele>234</ele>
    </trkpt>
    <trkpt lat="46.488191" lon="4.0138521">
      <ele>234</ele>
    </trkpt>
    <trkpt lat="46.488182" lon="4.0139272">
      <ele>234</ele>
    </trkpt>
    <trkpt lat="46.488169" lon="4.0139996">
      <ele>234</ele>
    </trkpt>
    <trkpt lat="46.488158" lon="4.0140693">
      <ele>234</ele>
    </trkpt>
    <trkpt lat="46.488143" lon="4.0141364">
      <ele>234</ele>
    </trkpt>
    <trkpt lat="46.488129" lon="4.0142088">
      <ele>234</ele>
    </trkpt>
    <trkpt lat="46.48811" lon="4.0142732">
      <ele>234</ele>
    </trkpt>
    <trkpt lat="46.488093" lon="4.0143429">
      <ele>234</ele>
    </trkpt>
    <trkpt lat="46.488069" lon="4.0144234">
      <ele>234</ele>
    </trkpt>
    <trkpt lat="46.488031" lon="4.0145441">
      <ele>234</ele>
    </trkpt>
    <trkpt lat="46.487986" lon="4.0146755">
      <ele>234</ele>
    </trkpt>
    <trkpt lat="46.487896" lon="4.0149357">
      <ele>234</ele>
    </trkpt>
    <trkpt lat="46.48778" lon="4.0152575">
      <ele>234</ele>
    </trkpt>
    <trkpt lat="46.48772" lon="4.0154212">
      <ele>234</ele>
    </trkpt>
    <trkpt lat="46.487695" lon="4.015507">
      <ele>234</ele>
    </trkpt>
    <trkpt lat="46.487682" lon="4.0155472">
      <ele>234</ele>
    </trkpt>
    <trkpt lat="46.487672" lon="4.0155874">
      <ele>234</ele>
    </trkpt>
    <trkpt lat="46.487661" lon="4.0156304">
      <ele>235</ele>
    </trkpt>
    <trkpt lat="46.487656" lon="4.0156706">
      <ele>235</ele>
    </trkpt>
    <trkpt lat="46.487654" lon="4.0157135">
      <ele>235</ele>
    </trkpt>
    <trkpt lat="46.487658" lon="4.0157537">
      <ele>235</ele>
    </trkpt>
    <trkpt lat="46.487663" lon="4.0157725">
      <ele>235</ele>
    </trkpt>
    <trkpt lat="46.487669" lon="4.0157859">
      <ele>235</ele>
    </trkpt>
    <trkpt lat="46.487682" lon="4.0158208">
      <ele>235</ele>
    </trkpt>
    <trkpt lat="46.487698" lon="4.0158476">
      <ele>235</ele>
    </trkpt>
    <trkpt lat="46.487719" lon="4.0158744">
      <ele>235</ele>
    </trkpt>
    <trkpt lat="46.48773" lon="4.0158905">
      <ele>235</ele>
    </trkpt>
    <trkpt lat="46.487737" lon="4.0159039">
      <ele>235</ele>
    </trkpt>
    <trkpt lat="46.487739" lon="4.0159147">
      <ele>235</ele>
    </trkpt>
    <trkpt lat="46.487735" lon="4.0159415">
      <ele>235</ele>
    </trkpt>
    <trkpt lat="46.487713" lon="4.0160595">
      <ele>235</ele>
    </trkpt>
    <trkpt lat="46.487707" lon="4.0160756">
      <ele>235</ele>
    </trkpt>
    <trkpt lat="46.487706" lon="4.016089">
      <ele>235</ele>
    </trkpt>
    <trkpt lat="46.4877" lon="4.0160998">
      <ele>235</ele>
    </trkpt>
    <trkpt lat="46.487691" lon="4.0161105">
      <ele>235</ele>
    </trkpt>
    <trkpt lat="46.48768" lon="4.0161185">
      <ele>235</ele>
    </trkpt>
    <trkpt lat="46.487663" lon="4.0161239">
      <ele>235</ele>
    </trkpt>
    <trkpt lat="46.487647" lon="4.0161293">
      <ele>235</ele>
    </trkpt>
    <trkpt lat="46.487626" lon="4.0161319">
      <ele>235</ele>
    </trkpt>
    <trkpt lat="46.487606" lon="4.0161319">
      <ele>235</ele>
    </trkpt>
    <trkpt lat="46.487578" lon="4.0161346">
      <ele>235</ele>
    </trkpt>
    <trkpt lat="46.487556" lon="4.0161373">
      <ele>235</ele>
    </trkpt>
    <trkpt lat="46.487536" lon="4.0161427">
      <ele>235</ele>
    </trkpt>
    <trkpt lat="46.487519" lon="4.016148">
      <ele>235</ele>
    </trkpt>
    <trkpt lat="46.487502" lon="4.0161561">
      <ele>235</ele>
    </trkpt>
    <trkpt lat="46.487488" lon="4.0161668">
      <ele>235</ele>
    </trkpt>
    <trkpt lat="46.48748" lon="4.0161722">
      <ele>235</ele>
    </trkpt>
    <trkpt lat="46.487473" lon="4.0161802">
      <ele>234</ele>
    </trkpt>
    <trkpt lat="46.487464" lon="4.0161936">
      <ele>234</ele>
    </trkpt>
    <trkpt lat="46.487454" lon="4.016207">
      <ele>234</ele>
    </trkpt>
    <trkpt lat="46.48744" lon="4.0162392">
      <ele>234</ele>
    </trkpt>
    <trkpt lat="46.48741" lon="4.0163009">
      <ele>234</ele>
    </trkpt>
    <trkpt lat="46.487386" lon="4.0163546">
      <ele>234</ele>
    </trkpt>
    <trkpt lat="46.487368" lon="4.0164109">
      <ele>234</ele>
    </trkpt>
    <trkpt lat="46.487349" lon="4.0164699">
      <ele>234</ele>
    </trkpt>
    <trkpt lat="46.487334" lon="4.0165262">
      <ele>234</ele>
    </trkpt>
    <trkpt lat="46.487318" lon="4.0165852">
      <ele>234</ele>
    </trkpt>
    <trkpt lat="46.487303" lon="4.0166469">
      <ele>234</ele>
    </trkpt>
    <trkpt lat="46.487277" lon="4.0167703">
      <ele>234</ele>
    </trkpt>
    <trkpt lat="46.487255" lon="4.0168937">
      <ele>235</ele>
    </trkpt>
    <trkpt lat="46.487237" lon="4.0170171">
      <ele>235</ele>
    </trkpt>
    <trkpt lat="46.48722" lon="4.0171431">
      <ele>234</ele>
    </trkpt>
    <trkpt lat="46.487205" lon="4.0172692">
      <ele>234</ele>
    </trkpt>
    <trkpt lat="46.487192" lon="4.0173658">
      <ele>234</ele>
    </trkpt>
    <trkpt lat="46.487181" lon="4.017465">
      <ele>234</ele>
    </trkpt>
    <trkpt lat="46.487159" lon="4.0177279">
      <ele>234</ele>
    </trkpt>
    <trkpt lat="46.487131" lon="4.0180578">
      <ele>234</ele>
    </trkpt>
    <trkpt lat="46.487109" lon="4.0183582">
      <ele>234</ele>
    </trkpt>
    <trkpt lat="46.487083" lon="4.0186586">
      <ele>234</ele>
    </trkpt>
    <trkpt lat="46.48707" lon="4.0188383">
      <ele>234</ele>
    </trkpt>
    <trkpt lat="46.487054" lon="4.0190153">
      <ele>234</ele>
    </trkpt>
    <trkpt lat="46.487039" lon="4.0191628">
      <ele>234</ele>
    </trkpt>
    <trkpt lat="46.48702" lon="4.0193747">
      <ele>234</ele>
    </trkpt>
    <trkpt lat="46.486995" lon="4.01971">
      <ele>234</ele>
    </trkpt>
    <trkpt lat="46.486982" lon="4.0198763">
      <ele>234</ele>
    </trkpt>
    <trkpt lat="46.486976" lon="4.0199594">
      <ele>235</ele>
    </trkpt>
    <trkpt lat="46.486972" lon="4.0200426">
      <ele>235</ele>
    </trkpt>
    <trkpt lat="46.486971" lon="4.0200989">
      <ele>235</ele>
    </trkpt>
    <trkpt lat="46.486972" lon="4.0201553">
      <ele>235</ele>
    </trkpt>
    <trkpt lat="46.486974" lon="4.0202679">
      <ele>235</ele>
    </trkpt>
    <trkpt lat="46.486978" lon="4.0203832">
      <ele>235</ele>
    </trkpt>
    <trkpt lat="46.486984" lon="4.0204932">
      <ele>234</ele>
    </trkpt>
    <trkpt lat="46.486993" lon="4.0205871">
      <ele>234</ele>
    </trkpt>
    <trkpt lat="46.487004" lon="4.0206729">
      <ele>234</ele>
    </trkpt>
    <trkpt lat="46.487017" lon="4.0207614">
      <ele>234</ele>
    </trkpt>
    <trkpt lat="46.487032" lon="4.0208473">
      <ele>234</ele>
    </trkpt>
    <trkpt lat="46.487054" lon="4.0209545">
      <ele>234</ele>
    </trkpt>
    <trkpt lat="46.487081" lon="4.0210592">
      <ele>234</ele>
    </trkpt>
    <trkpt lat="46.487144" lon="4.021263">
      <ele>235</ele>
    </trkpt>
    <trkpt lat="46.48724" lon="4.0215956">
      <ele>235</ele>
    </trkpt>
    <trkpt lat="46.487384" lon="4.0221133">
      <ele>234</ele>
    </trkpt>
    <trkpt lat="46.487466" lon="4.0224137">
      <ele>235</ele>
    </trkpt>
    <trkpt lat="46.487499" lon="4.0225692">
      <ele>235</ele>
    </trkpt>
    <trkpt lat="46.487523" lon="4.0227194">
      <ele>235</ele>
    </trkpt>
    <trkpt lat="46.487543" lon="4.0229447">
      <ele>234</ele>
    </trkpt>
    <trkpt lat="46.487556" lon="4.0231701">
      <ele>234</ele>
    </trkpt>
    <trkpt lat="46.487582" lon="4.023618">
      <ele>234</ele>
    </trkpt>
    <trkpt lat="46.487593" lon="4.0238218">
      <ele>233</ele>
    </trkpt>
    <trkpt lat="46.487611" lon="4.0240257">
      <ele>233</ele>
    </trkpt>
    <trkpt lat="46.487639" lon="4.0242644">
      <ele>233</ele>
    </trkpt>
    <trkpt lat="46.487671" lon="4.0245004">
      <ele>233</ele>
    </trkpt>
    <trkpt lat="46.487717" lon="4.0247606">
      <ele>234</ele>
    </trkpt>
    <trkpt lat="46.487768" lon="4.0250235">
      <ele>235</ele>
    </trkpt>
    <trkpt lat="46.487816" lon="4.0252783">
      <ele>234</ele>
    </trkpt>
    <trkpt lat="46.487839" lon="4.0254043">
      <ele>234</ele>
    </trkpt>
    <trkpt lat="46.487859" lon="4.0255331">
      <ele>234</ele>
    </trkpt>
    <trkpt lat="46.487885" lon="4.0257611">
      <ele>234</ele>
    </trkpt>
    <trkpt lat="46.487907" lon="4.0259891">
      <ele>234</ele>
    </trkpt>
    <trkpt lat="46.487924" lon="4.0261607">
      <ele>234</ele>
    </trkpt>
    <trkpt lat="46.487942" lon="4.0263807">
      <ele>234</ele>
    </trkpt>
    <trkpt lat="46.487966" lon="4.0266033">
      <ele>235</ele>
    </trkpt>
    <trkpt lat="46.48802" lon="4.0270539">
      <ele>235</ele>
    </trkpt>
    <trkpt lat="46.488044" lon="4.0272604">
      <ele>235</ele>
    </trkpt>
    <trkpt lat="46.488062" lon="4.0274616">
      <ele>235</ele>
    </trkpt>
    <trkpt lat="46.488134" lon="4.0281429">
      <ele>234</ele>
    </trkpt>
    <trkpt lat="46.488138" lon="4.0282367">
      <ele>234</ele>
    </trkpt>
    <trkpt lat="46.488143" lon="4.0283306">
      <ele>234</ele>
    </trkpt>
    <trkpt lat="46.488141" lon="4.0284245">
      <ele>234</ele>
    </trkpt>
    <trkpt lat="46.488141" lon="4.0285184">
      <ele>234</ele>
    </trkpt>
    <trkpt lat="46.488127" lon="4.0288188">
      <ele>234</ele>
    </trkpt>
    <trkpt lat="46.488112" lon="4.0289744">
      <ele>234</ele>
    </trkpt>
    <trkpt lat="46.488055" lon="4.029602">
      <ele>235</ele>
    </trkpt>
    <trkpt lat="46.488038" lon="4.0297629">
      <ele>235</ele>
    </trkpt>
    <trkpt lat="46.488027" lon="4.0298461">
      <ele>235</ele>
    </trkpt>
    <trkpt lat="46.488014" lon="4.0299265">
      <ele>234</ele>
    </trkpt>
    <trkpt lat="46.487999" lon="4.0300043">
      <ele>234</ele>
    </trkpt>
    <trkpt lat="46.487981" lon="4.0300821">
      <ele>234</ele>
    </trkpt>
    <trkpt lat="46.487957" lon="4.0301679">
      <ele>233</ele>
    </trkpt>
    <trkpt lat="46.487927" lon="4.0302538">
      <ele>233</ele>
    </trkpt>
    <trkpt lat="46.487894" lon="4.0303369">
      <ele>233</ele>
    </trkpt>
    <trkpt lat="46.487859" lon="4.0304174">
      <ele>234</ele>
    </trkpt>
    <trkpt lat="46.487818" lon="4.0304952">
      <ele>235</ele>
    </trkpt>
    <trkpt lat="46.487776" lon="4.0305703">
      <ele>235</ele>
    </trkpt>
    <trkpt lat="46.487689" lon="4.0307232">
      <ele>233</ele>
    </trkpt>
    <trkpt lat="46.487515" lon="4.0310289">
      <ele>235</ele>
    </trkpt>
    <trkpt lat="46.487427" lon="4.0311872">
      <ele>234</ele>
    </trkpt>
    <trkpt lat="46.487386" lon="4.0312676">
      <ele>234</ele>
    </trkpt>
    <trkpt lat="46.487346" lon="4.0313535">
      <ele>234</ele>
    </trkpt>
    <trkpt lat="46.487292" lon="4.0314903">
      <ele>234</ele>
    </trkpt>
    <trkpt lat="46.487268" lon="4.0315627">
      <ele>235</ele>
    </trkpt>
    <trkpt lat="46.487246" lon="4.0316351">
      <ele>235</ele>
    </trkpt>
    <trkpt lat="46.487224" lon="4.0317102">
      <ele>235</ele>
    </trkpt>
    <trkpt lat="46.487203" lon="4.031788">
      <ele>235</ele>
    </trkpt>
    <trkpt lat="46.487185" lon="4.0318604">
      <ele>235</ele>
    </trkpt>
    <trkpt lat="46.48717" lon="4.0319328">
      <ele>234</ele>
    </trkpt>
    <trkpt lat="46.487111" lon="4.032244">
      <ele>234</ele>
    </trkpt>
    <trkpt lat="46.487057" lon="4.0325605">
      <ele>234</ele>
    </trkpt>
    <trkpt lat="46.487015" lon="4.0328367">
      <ele>234</ele>
    </trkpt>
    <trkpt lat="46.486976" lon="4.033113">
      <ele>235</ele>
    </trkpt>
    <trkpt lat="46.486952" lon="4.0333061">
      <ele>235</ele>
    </trkpt>
    <trkpt lat="46.48688" lon="4.0340732">
      <ele>237</ele>
    </trkpt>
    <trkpt lat="46.486889" lon="4.0341644">
      <ele>237</ele>
    </trkpt>
    <trkpt lat="46.486828" lon="4.0348591">
      <ele>235</ele>
    </trkpt>
    <trkpt lat="46.486819" lon="4.0350174">
      <ele>235</ele>
    </trkpt>
    <trkpt lat="46.486819" lon="4.0351595">
      <ele>235</ele>
    </trkpt>
    <trkpt lat="46.486828" lon="4.0352963">
      <ele>235</ele>
    </trkpt>
    <trkpt lat="46.486847" lon="4.0354412">
      <ele>235</ele>
    </trkpt>
    <trkpt lat="46.486982" lon="4.0365033">
      <ele>235</ele>
    </trkpt>
    <trkpt lat="46.487013" lon="4.0367447">
      <ele>235</ele>
    </trkpt>
    <trkpt lat="46.487028" lon="4.0368627">
      <ele>235</ele>
    </trkpt>
    <trkpt lat="46.487039" lon="4.0369807">
      <ele>235</ele>
    </trkpt>
    <trkpt lat="46.487045" lon="4.0370639">
      <ele>235</ele>
    </trkpt>
    <trkpt lat="46.487046" lon="4.0371363">
      <ele>235</ele>
    </trkpt>
    <trkpt lat="46.487046" lon="4.0372061">
      <ele>235</ele>
    </trkpt>
    <trkpt lat="46.487043" lon="4.0372785">
      <ele>235</ele>
    </trkpt>
    <trkpt lat="46.487037" lon="4.0373455">
      <ele>235</ele>
    </trkpt>
    <trkpt lat="46.487022" lon="4.0374931">
      <ele>234</ele>
    </trkpt>
    <trkpt lat="46.487002" lon="4.0376325">
      <ele>234</ele>
    </trkpt>
    <trkpt lat="46.486965" lon="4.0378793">
      <ele>234</ele>
    </trkpt>
    <trkpt lat="46.486928" lon="4.0381287">
      <ele>234</ele>
    </trkpt>
    <trkpt lat="46.486852" lon="4.0385606">
      <ele>233</ele>
    </trkpt>
    <trkpt lat="46.486775" lon="4.038987">
      <ele>233</ele>
    </trkpt>
    <trkpt lat="46.486686" lon="4.0394564">
      <ele>235</ele>
    </trkpt>
    <trkpt lat="46.486675" lon="4.0395208">
      <ele>235</ele>
    </trkpt>
    <trkpt lat="46.486668" lon="4.0395852">
      <ele>234</ele>
    </trkpt>
    <trkpt lat="46.48666" lon="4.0396522">
      <ele>234</ele>
    </trkpt>
    <trkpt lat="46.486655" lon="4.0397542">
      <ele>234</ele>
    </trkpt>
    <trkpt lat="46.486647" lon="4.0398856">
      <ele>234</ele>
    </trkpt>
    <trkpt lat="46.486642" lon="4.0399714">
      <ele>234</ele>
    </trkpt>
    <trkpt lat="46.486561" lon="4.0409585">
      <ele>233</ele>
    </trkpt>
    <trkpt lat="46.486526" lon="4.0413635">
      <ele>234</ele>
    </trkpt>
    <trkpt lat="46.48649" lon="4.0417685">
      <ele>234</ele>
    </trkpt>
    <trkpt lat="46.486413" lon="4.0425517">
      <ele>235</ele>
    </trkpt>
    <trkpt lat="46.486389" lon="4.0427931">
      <ele>235</ele>
    </trkpt>
    <trkpt lat="46.486348" lon="4.0432464">
      <ele>234</ele>
    </trkpt>
    <trkpt lat="46.486304" lon="4.043697">
      <ele>234</ele>
    </trkpt>
    <trkpt lat="46.486282" lon="4.0439545">
      <ele>233</ele>
    </trkpt>
    <trkpt lat="46.486258" lon="4.044212">
      <ele>233</ele>
    </trkpt>
    <trkpt lat="46.486215" lon="4.0447189">
      <ele>234</ele>
    </trkpt>
    <trkpt lat="46.486121" lon="4.0457301">
      <ele>235</ele>
    </trkpt>
    <trkpt lat="46.48601" lon="4.0469854">
      <ele>234</ele>
    </trkpt>
    <trkpt lat="46.485997" lon="4.0471249">
      <ele>234</ele>
    </trkpt>
    <trkpt lat="46.485964" lon="4.0474923">
      <ele>234</ele>
    </trkpt>
    <trkpt lat="46.485955" lon="4.0475835">
      <ele>234</ele>
    </trkpt>
    <trkpt lat="46.485948" lon="4.0476694">
      <ele>234</ele>
    </trkpt>
    <trkpt lat="46.485935" lon="4.0477605">
      <ele>234</ele>
    </trkpt>
    <trkpt lat="46.48592" lon="4.0478517">
      <ele>234</ele>
    </trkpt>
    <trkpt lat="46.485898" lon="4.047951">
      <ele>234</ele>
    </trkpt>
    <trkpt lat="46.485879" lon="4.0480261">
      <ele>235</ele>
    </trkpt>
    <trkpt lat="46.485857" lon="4.0480958">
      <ele>235</ele>
    </trkpt>
    <trkpt lat="46.485829" lon="4.0481629">
      <ele>235</ele>
    </trkpt>
    <trkpt lat="46.485802" lon="4.0482246">
      <ele>235</ele>
    </trkpt>
    <trkpt lat="46.485781" lon="4.0482648">
      <ele>234</ele>
    </trkpt>
    <trkpt lat="46.485761" lon="4.0482997">
      <ele>234</ele>
    </trkpt>
    <trkpt lat="46.485741" lon="4.0483345">
      <ele>234</ele>
    </trkpt>
    <trkpt lat="46.485719" lon="4.0483667">
      <ele>234</ele>
    </trkpt>
    <trkpt lat="46.485624" lon="4.0484847">
      <ele>234</ele>
    </trkpt>
    <trkpt lat="46.485525" lon="4.048592">
      <ele>234</ele>
    </trkpt>
    <trkpt lat="46.485349" lon="4.0487449">
      <ele>234</ele>
    </trkpt>
    <trkpt lat="46.485225" lon="4.0488576">
      <ele>234</ele>
    </trkpt>
    <trkpt lat="46.485163" lon="4.0489246">
      <ele>234</ele>
    </trkpt>
    <trkpt lat="46.485107" lon="4.0489863">
      <ele>234</ele>
    </trkpt>
    <trkpt lat="46.485043" lon="4.0490587">
      <ele>234</ele>
    </trkpt>
    <trkpt lat="46.485008" lon="4.0491017">
      <ele>234</ele>
    </trkpt>
    <trkpt lat="46.484974" lon="4.0491472">
      <ele>234</ele>
    </trkpt>
    <trkpt lat="46.484941" lon="4.0491955">
      <ele>234</ele>
    </trkpt>
    <trkpt lat="46.48491" lon="4.0492465">
      <ele>234</ele>
    </trkpt>
    <trkpt lat="46.484856" lon="4.0493377">
      <ele>234</ele>
    </trkpt>
    <trkpt lat="46.484795" lon="4.049445">
      <ele>234</ele>
    </trkpt>
    <trkpt lat="46.484736" lon="4.0495549">
      <ele>234</ele>
    </trkpt>
    <trkpt lat="46.484708" lon="4.0496113">
      <ele>234</ele>
    </trkpt>
    <trkpt lat="46.484681" lon="4.0496703">
      <ele>234</ele>
    </trkpt>
    <trkpt lat="46.484629" lon="4.049791">
      <ele>234</ele>
    </trkpt>
    <trkpt lat="46.484614" lon="4.0498312">
      <ele>234</ele>
    </trkpt>
    <trkpt lat="46.484601" lon="4.0498741">
      <ele>234</ele>
    </trkpt>
    <trkpt lat="46.484579" lon="4.0499573">
      <ele>234</ele>
    </trkpt>
    <trkpt lat="46.484561" lon="4.0500512">
      <ele>234</ele>
    </trkpt>
    <trkpt lat="46.484546" lon="4.0501343">
      <ele>234</ele>
    </trkpt>
    <trkpt lat="46.484516" lon="4.050306">
      <ele>234</ele>
    </trkpt>
    <trkpt lat="46.4845" lon="4.0503891">
      <ele>235</ele>
    </trkpt>
    <trkpt lat="46.484481" lon="4.0504723">
      <ele>235</ele>
    </trkpt>
    <trkpt lat="46.484442" lon="4.0506439">
      <ele>235</ele>
    </trkpt>
    <trkpt lat="46.48442" lon="4.0507271">
      <ele>234</ele>
    </trkpt>
    <trkpt lat="46.484396" lon="4.0508102">
      <ele>234</ele>
    </trkpt>
    <trkpt lat="46.484359" lon="4.0509014">
      <ele>234</ele>
    </trkpt>
    <trkpt lat="46.484324" lon="4.0509712">
      <ele>234</ele>
    </trkpt>
    <trkpt lat="46.484282" lon="4.0510382">
      <ele>234</ele>
    </trkpt>
    <trkpt lat="46.484239" lon="4.0510999">
      <ele>234</ele>
    </trkpt>
    <trkpt lat="46.484195" lon="4.0511643">
      <ele>234</ele>
    </trkpt>
    <trkpt lat="46.484152" lon="4.0512206">
      <ele>234</ele>
    </trkpt>
    <trkpt lat="46.483504" lon="4.0519072">
      <ele>234</ele>
    </trkpt>
    <trkpt lat="46.483373" lon="4.0520467">
      <ele>234</ele>
    </trkpt>
    <trkpt lat="46.483249" lon="4.0521701">
      <ele>234</ele>
    </trkpt>
    <trkpt lat="46.482994" lon="4.0524383">
      <ele>234</ele>
    </trkpt>
    <trkpt lat="46.482902" lon="4.0525268">
      <ele>234</ele>
    </trkpt>
    <trkpt lat="46.482858" lon="4.0525697">
      <ele>234</ele>
    </trkpt>
    <trkpt lat="46.482812" lon="4.05261">
      <ele>234</ele>
    </trkpt>
    <trkpt lat="46.482741" lon="4.0526583">
      <ele>235</ele>
    </trkpt>
    <trkpt lat="46.482675" lon="4.0527012">
      <ele>235</ele>
    </trkpt>
    <trkpt lat="46.482601" lon="4.0527414">
      <ele>235</ele>
    </trkpt>
    <trkpt lat="46.482529" lon="4.0527763">
      <ele>235</ele>
    </trkpt>
    <trkpt lat="46.48239" lon="4.0528353">
      <ele>235</ele>
    </trkpt>
    <trkpt lat="46.482333" lon="4.0528648">
      <ele>234</ele>
    </trkpt>
    <trkpt lat="46.482278" lon="4.0528997">
      <ele>234</ele>
    </trkpt>
    <trkpt lat="46.482206" lon="4.0529587">
      <ele>234</ele>
    </trkpt>
    <trkpt lat="46.482139" lon="4.0530257">
      <ele>234</ele>
    </trkpt>
    <trkpt lat="46.482104" lon="4.053066">
      <ele>234</ele>
    </trkpt>
    <trkpt lat="46.482073" lon="4.0531089">
      <ele>234</ele>
    </trkpt>
    <trkpt lat="46.482038" lon="4.0531598">
      <ele>234</ele>
    </trkpt>
    <trkpt lat="46.482004" lon="4.0532108">
      <ele>234</ele>
    </trkpt>
    <trkpt lat="46.481969" lon="4.0532779">
      <ele>234</ele>
    </trkpt>
    <trkpt lat="46.48194" lon="4.0533449">
      <ele>234</ele>
    </trkpt>
    <trkpt lat="46.481894" lon="4.053479">
      <ele>234</ele>
    </trkpt>
    <trkpt lat="46.481737" lon="4.053935">
      <ele>234</ele>
    </trkpt>
    <trkpt lat="46.48158" lon="4.0544044">
      <ele>234</ele>
    </trkpt>
    <trkpt lat="46.481543" lon="4.0545143">
      <ele>234</ele>
    </trkpt>
    <trkpt lat="46.481489" lon="4.0546485">
      <ele>234</ele>
    </trkpt>
    <trkpt lat="46.481458" lon="4.0547155">
      <ele>235</ele>
    </trkpt>
    <trkpt lat="46.481412" lon="4.054804">
      <ele>235</ele>
    </trkpt>
    <trkpt lat="46.481231" lon="4.0551393">
      <ele>234</ele>
    </trkpt>
    <trkpt lat="46.480872" lon="4.055783">
      <ele>235</ele>
    </trkpt>
    <trkpt lat="46.480686" lon="4.0561022">
      <ele>235</ele>
    </trkpt>
    <trkpt lat="46.480501" lon="4.0564214">
      <ele>235</ele>
    </trkpt>
    <trkpt lat="46.480333" lon="4.0567245">
      <ele>234</ele>
    </trkpt>
    <trkpt lat="46.480204" lon="4.0569578">
      <ele>234</ele>
    </trkpt>
    <trkpt lat="46.480106" lon="4.0571322">
      <ele>234</ele>
    </trkpt>
    <trkpt lat="46.480043" lon="4.0572287">
      <ele>234</ele>
    </trkpt>
    <trkpt lat="46.47998" lon="4.0573253">
      <ele>234</ele>
    </trkpt>
    <trkpt lat="46.479794" lon="4.057564">
      <ele>234</ele>
    </trkpt>
    <trkpt lat="46.479611" lon="4.0577974">
      <ele>234</ele>
    </trkpt>
    <trkpt lat="46.479384" lon="4.0581058">
      <ele>235</ele>
    </trkpt>
    <trkpt lat="46.479301" lon="4.0582319">
      <ele>234</ele>
    </trkpt>
    <trkpt lat="46.479258" lon="4.0582909">
      <ele>234</ele>
    </trkpt>
    <trkpt lat="46.479217" lon="4.0583553">
      <ele>234</ele>
    </trkpt>
    <trkpt lat="46.479184" lon="4.0584143">
      <ele>235</ele>
    </trkpt>
    <trkpt lat="46.479155" lon="4.0584733">
      <ele>235</ele>
    </trkpt>
    <trkpt lat="46.479127" lon="4.0585296">
      <ele>234</ele>
    </trkpt>
    <trkpt lat="46.479099" lon="4.0585913">
      <ele>234</ele>
    </trkpt>
    <trkpt lat="46.479086" lon="4.0586289">
      <ele>234</ele>
    </trkpt>
    <trkpt lat="46.479073" lon="4.0586691">
      <ele>234</ele>
    </trkpt>
    <trkpt lat="46.479059" lon="4.0587254">
      <ele>234</ele>
    </trkpt>
    <trkpt lat="46.479044" lon="4.0587925">
      <ele>234</ele>
    </trkpt>
    <trkpt lat="46.479033" lon="4.0588568">
      <ele>234</ele>
    </trkpt>
    <trkpt lat="46.479025" lon="4.0589078">
      <ele>234</ele>
    </trkpt>
    <trkpt lat="46.479022" lon="4.0589588">
      <ele>234</ele>
    </trkpt>
    <trkpt lat="46.479016" lon="4.059007">
      <ele>234</ele>
    </trkpt>
    <trkpt lat="46.479012" lon="4.059058">
      <ele>234</ele>
    </trkpt>
    <trkpt lat="46.479007" lon="4.0591814">
      <ele>234</ele>
    </trkpt>
    <trkpt lat="46.479003" lon="4.0593048">
      <ele>234</ele>
    </trkpt>
    <trkpt lat="46.479003" lon="4.0594174">
      <ele>234</ele>
    </trkpt>
    <trkpt lat="46.479007" lon="4.0595301">
      <ele>234</ele>
    </trkpt>
    <trkpt lat="46.479011" lon="4.0596427">
      <ele>234</ele>
    </trkpt>
    <trkpt lat="46.479016" lon="4.0597581">
      <ele>234</ele>
    </trkpt>
    <trkpt lat="46.47916" lon="4.0612252">
      <ele>235</ele>
    </trkpt>
    <trkpt lat="46.479193" lon="4.0615578">
      <ele>236</ele>
    </trkpt>
    <trkpt lat="46.479227" lon="4.0618797">
      <ele>236</ele>
    </trkpt>
    <trkpt lat="46.479238" lon="4.0619923">
      <ele>236</ele>
    </trkpt>
    <trkpt lat="46.479258" lon="4.0621613">
      <ele>236</ele>
    </trkpt>
    <trkpt lat="46.479339" lon="4.0627031">
      <ele>236</ele>
    </trkpt>
    <trkpt lat="46.479367" lon="4.0628721">
      <ele>236</ele>
    </trkpt>
    <trkpt lat="46.479385" lon="4.0629794">
      <ele>236</ele>
    </trkpt>
    <trkpt lat="46.479437" lon="4.0632637">
      <ele>237</ele>
    </trkpt>
    <trkpt lat="46.479482" lon="4.0634997">
      <ele>236</ele>
    </trkpt>
    <trkpt lat="46.479504" lon="4.0636365">
      <ele>236</ele>
    </trkpt>
    <trkpt lat="46.479513" lon="4.0637385">
      <ele>236</ele>
    </trkpt>
    <trkpt lat="46.479517" lon="4.063835">
      <ele>236</ele>
    </trkpt>
    <trkpt lat="46.479522" lon="4.0639343">
      <ele>236</ele>
    </trkpt>
    <trkpt lat="46.47952" lon="4.0640335">
      <ele>236</ele>
    </trkpt>
    <trkpt lat="46.479509" lon="4.0641676">
      <ele>236</ele>
    </trkpt>
    <trkpt lat="46.479491" lon="4.0643017">
      <ele>237</ele>
    </trkpt>
    <trkpt lat="46.479474" lon="4.0644305">
      <ele>238</ele>
    </trkpt>
    <trkpt lat="46.479454" lon="4.0645565">
      <ele>237</ele>
    </trkpt>
    <trkpt lat="46.479435" lon="4.0646692">
      <ele>237</ele>
    </trkpt>
    <trkpt lat="46.479411" lon="4.0647792">
      <ele>237</ele>
    </trkpt>
    <trkpt lat="46.479385" lon="4.0648918">
      <ele>236</ele>
    </trkpt>
    <trkpt lat="46.479358" lon="4.0649937">
      <ele>236</ele>
    </trkpt>
    <trkpt lat="46.479321" lon="4.0651064">
      <ele>236</ele>
    </trkpt>
    <trkpt lat="46.479282" lon="4.0652083">
      <ele>236</ele>
    </trkpt>
    <trkpt lat="46.47924" lon="4.0653076">
      <ele>236</ele>
    </trkpt>
    <trkpt lat="46.479195" lon="4.0654041">
      <ele>236</ele>
    </trkpt>
    <trkpt lat="46.479108" lon="4.0655731">
      <ele>236</ele>
    </trkpt>
    <trkpt lat="46.479062" lon="4.0656616">
      <ele>236</ele>
    </trkpt>
    <trkpt lat="46.479011" lon="4.0657394">
      <ele>236</ele>
    </trkpt>
    <trkpt lat="46.478953" lon="4.0658225">
      <ele>236</ele>
    </trkpt>
    <trkpt lat="46.478894" lon="4.0658976">
      <ele>236</ele>
    </trkpt>
    <trkpt lat="46.478772" lon="4.0660371">
      <ele>236</ele>
    </trkpt>
    <trkpt lat="46.478702" lon="4.0661122">
      <ele>236</ele>
    </trkpt>
    <trkpt lat="46.478636" lon="4.0661739">
      <ele>236</ele>
    </trkpt>
    <trkpt lat="46.478571" lon="4.0662249">
      <ele>236</ele>
    </trkpt>
    <trkpt lat="46.478504" lon="4.0662732">
      <ele>236</ele>
    </trkpt>
    <trkpt lat="46.478436" lon="4.0663107">
      <ele>236</ele>
    </trkpt>
    <trkpt lat="46.478366" lon="4.0663456">
      <ele>237</ele>
    </trkpt>
    <trkpt lat="46.478287" lon="4.0663778">
      <ele>237</ele>
    </trkpt>
    <trkpt lat="46.478205" lon="4.0663992">
      <ele>237</ele>
    </trkpt>
    <trkpt lat="46.478035" lon="4.0664287">
      <ele>237</ele>
    </trkpt>
    <trkpt lat="46.477505" lon="4.0664985">
      <ele>236</ele>
    </trkpt>
    <trkpt lat="46.477127" lon="4.0665521">
      <ele>236</ele>
    </trkpt>
    <trkpt lat="46.47704" lon="4.0665655">
      <ele>236</ele>
    </trkpt>
    <trkpt lat="46.476951" lon="4.0665897">
      <ele>236</ele>
    </trkpt>
    <trkpt lat="46.476792" lon="4.0666433">
      <ele>237</ele>
    </trkpt>
    <trkpt lat="46.476709" lon="4.0666782">
      <ele>237</ele>
    </trkpt>
    <trkpt lat="46.476626" lon="4.0667184">
      <ele>237</ele>
    </trkpt>
    <trkpt lat="46.476554" lon="4.0667586">
      <ele>236</ele>
    </trkpt>
    <trkpt lat="46.476484" lon="4.0668042">
      <ele>236</ele>
    </trkpt>
    <trkpt lat="46.476354" lon="4.0669035">
      <ele>236</ele>
    </trkpt>
    <trkpt lat="46.476042" lon="4.0671583">
      <ele>236</ele>
    </trkpt>
    <trkpt lat="46.475743" lon="4.0674158">
      <ele>237</ele>
    </trkpt>
    <trkpt lat="46.47515" lon="4.0679281">
      <ele>237</ele>
    </trkpt>
    <trkpt lat="46.47486" lon="4.0681802">
      <ele>237</ele>
    </trkpt>
    <trkpt lat="46.47457" lon="4.0684457">
      <ele>237</ele>
    </trkpt>
    <trkpt lat="46.474391" lon="4.068604">
      <ele>237</ele>
    </trkpt>
    <trkpt lat="46.47421" lon="4.0687649">
      <ele>237</ele>
    </trkpt>
    <trkpt lat="46.474151" lon="4.0688213">
      <ele>237</ele>
    </trkpt>
    <trkpt lat="46.474092" lon="4.0688803">
      <ele>237</ele>
    </trkpt>
    <trkpt lat="46.47402" lon="4.068958">
      <ele>237</ele>
    </trkpt>
    <trkpt lat="46.473944" lon="4.0690492">
      <ele>237</ele>
    </trkpt>
    <trkpt lat="46.473872" lon="4.0691431">
      <ele>237</ele>
    </trkpt>
    <trkpt lat="46.4738" lon="4.0692638">
      <ele>237</ele>
    </trkpt>
    <trkpt lat="46.473754" lon="4.0693443">
      <ele>237</ele>
    </trkpt>
    <trkpt lat="46.473731" lon="4.0693845">
      <ele>237</ele>
    </trkpt>
    <trkpt lat="46.473704" lon="4.0694462">
      <ele>237</ele>
    </trkpt>
    <trkpt lat="46.473645" lon="4.0695723">
      <ele>237</ele>
    </trkpt>
    <trkpt lat="46.473598" lon="4.0696796">
      <ele>237</ele>
    </trkpt>
    <trkpt lat="46.473464" lon="4.0700041">
      <ele>236</ele>
    </trkpt>
    <trkpt lat="46.473386" lon="4.0702133">
      <ele>236</ele>
    </trkpt>
    <trkpt lat="46.473312" lon="4.0704145">
      <ele>237</ele>
    </trkpt>
    <trkpt lat="46.473279" lon="4.0705057">
      <ele>236</ele>
    </trkpt>
    <trkpt lat="46.473262" lon="4.0705513">
      <ele>236</ele>
    </trkpt>
    <trkpt lat="46.473248" lon="4.0705969">
      <ele>236</ele>
    </trkpt>
    <trkpt lat="46.473225" lon="4.0706666">
      <ele>236</ele>
    </trkpt>
    <trkpt lat="46.473203" lon="4.0707363">
      <ele>236</ele>
    </trkpt>
    <trkpt lat="46.473174" lon="4.0708383">
      <ele>236</ele>
    </trkpt>
    <trkpt lat="46.473144" lon="4.0709375">
      <ele>236</ele>
    </trkpt>
    <trkpt lat="46.473118" lon="4.0710287">
      <ele>236</ele>
    </trkpt>
    <trkpt lat="46.473105" lon="4.071077">
      <ele>236</ele>
    </trkpt>
    <trkpt lat="46.473094" lon="4.0711226">
      <ele>237</ele>
    </trkpt>
    <trkpt lat="46.473078" lon="4.0711923">
      <ele>236</ele>
    </trkpt>
    <trkpt lat="46.473059" lon="4.0712621">
      <ele>236</ele>
    </trkpt>
    <trkpt lat="46.473026" lon="4.0714042">
      <ele>236</ele>
    </trkpt>
    <trkpt lat="46.473013" lon="4.0714605">
      <ele>236</ele>
    </trkpt>
    <trkpt lat="46.472998" lon="4.0715169">
      <ele>236</ele>
    </trkpt>
    <trkpt lat="46.472963" lon="4.0716483">
      <ele>236</ele>
    </trkpt>
    <trkpt lat="46.472959" lon="4.0716671">
      <ele>236</ele>
    </trkpt>
    <trkpt lat="46.47295" lon="4.0716966">
      <ele>236</ele>
    </trkpt>
    <trkpt lat="46.472946" lon="4.0717154">
      <ele>236</ele>
    </trkpt>
    <trkpt lat="46.472937" lon="4.0717475">
      <ele>236</ele>
    </trkpt>
    <trkpt lat="46.472928" lon="4.0717797">
      <ele>236</ele>
    </trkpt>
    <trkpt lat="46.472909" lon="4.0718414">
      <ele>236</ele>
    </trkpt>
    <trkpt lat="46.472889" lon="4.0718977">
      <ele>236</ele>
    </trkpt>
    <trkpt lat="46.472849" lon="4.0720131">
      <ele>236</ele>
    </trkpt>
    <trkpt lat="46.472813" lon="4.0721016">
      <ele>237</ele>
    </trkpt>
    <trkpt lat="46.472778" lon="4.0721901">
      <ele>237</ele>
    </trkpt>
    <trkpt lat="46.472738" lon="4.0722867">
      <ele>237</ele>
    </trkpt>
    <trkpt lat="46.472682" lon="4.0724127">
      <ele>236</ele>
    </trkpt>
    <trkpt lat="46.472653" lon="4.0724851">
      <ele>236</ele>
    </trkpt>
    <trkpt lat="46.472625" lon="4.0725495">
      <ele>236</ele>
    </trkpt>
    <trkpt lat="46.472584" lon="4.0726434">
      <ele>236</ele>
    </trkpt>
    <trkpt lat="46.47254" lon="4.0727507">
      <ele>237</ele>
    </trkpt>
    <trkpt lat="46.472518" lon="4.0728043">
      <ele>237</ele>
    </trkpt>
    <trkpt lat="46.472498" lon="4.0728553">
      <ele>237</ele>
    </trkpt>
    <trkpt lat="46.472477" lon="4.0729063">
      <ele>237</ele>
    </trkpt>
    <trkpt lat="46.472461" lon="4.0729465">
      <ele>237</ele>
    </trkpt>
    <trkpt lat="46.472442" lon="4.0729894">
      <ele>237</ele>
    </trkpt>
    <trkpt lat="46.47242" lon="4.0730457">
      <ele>236</ele>
    </trkpt>
    <trkpt lat="46.472379" lon="4.0731503">
      <ele>236</ele>
    </trkpt>
    <trkpt lat="46.472326" lon="4.0732925">
      <ele>236</ele>
    </trkpt>
    <trkpt lat="46.4723" lon="4.0733622">
      <ele>236</ele>
    </trkpt>
    <trkpt lat="46.472276" lon="4.073432">
      <ele>237</ele>
    </trkpt>
    <trkpt lat="46.472195" lon="4.0736573">
      <ele>237</ele>
    </trkpt>
    <trkpt lat="46.472145" lon="4.0738128">
      <ele>237</ele>
    </trkpt>
    <trkpt lat="46.472086" lon="4.0739979">
      <ele>236</ele>
    </trkpt>
    <trkpt lat="46.472047" lon="4.074124">
      <ele>236</ele>
    </trkpt>
    <trkpt lat="46.47201" lon="4.0742474">
      <ele>237</ele>
    </trkpt>
    <trkpt lat="46.471975" lon="4.0743707">
      <ele>237</ele>
    </trkpt>
    <trkpt lat="46.471934" lon="4.0745209">
      <ele>237</ele>
    </trkpt>
    <trkpt lat="46.471908" lon="4.0746148">
      <ele>237</ele>
    </trkpt>
    <trkpt lat="46.471897" lon="4.0746631">
      <ele>236</ele>
    </trkpt>
    <trkpt lat="46.471886" lon="4.074706">
      <ele>236</ele>
    </trkpt>
    <trkpt lat="46.471853" lon="4.0748321">
      <ele>236</ele>
    </trkpt>
    <trkpt lat="46.471831" lon="4.0749099">
      <ele>236</ele>
    </trkpt>
    <trkpt lat="46.471809" lon="4.0749903">
      <ele>236</ele>
    </trkpt>
    <trkpt lat="46.471785" lon="4.0750601">
      <ele>236</ele>
    </trkpt>
    <trkpt lat="46.47176" lon="4.0751325">
      <ele>236</ele>
    </trkpt>
    <trkpt lat="46.471746" lon="4.0751727">
      <ele>236</ele>
    </trkpt>
    <trkpt lat="46.471729" lon="4.075213">
      <ele>236</ele>
    </trkpt>
    <trkpt lat="46.471698" lon="4.0752907">
      <ele>236</ele>
    </trkpt>
    <trkpt lat="46.471666" lon="4.0753658">
      <ele>236</ele>
    </trkpt>
    <trkpt lat="46.471635" lon="4.0754409">
      <ele>236</ele>
    </trkpt>
    <trkpt lat="46.471607" lon="4.0755026">
      <ele>236</ele>
    </trkpt>
    <trkpt lat="46.471581" lon="4.0755643">
      <ele>236</ele>
    </trkpt>
    <trkpt lat="46.471524" lon="4.075685">
      <ele>236</ele>
    </trkpt>
    <trkpt lat="46.471489" lon="4.0757655">
      <ele>236</ele>
    </trkpt>
    <trkpt lat="46.471454" lon="4.075846">
      <ele>236</ele>
    </trkpt>
    <trkpt lat="46.471426" lon="4.075913">
      <ele>236</ele>
    </trkpt>
    <trkpt lat="46.471397" lon="4.0759801">
      <ele>236</ele>
    </trkpt>
    <trkpt lat="46.471323" lon="4.0761464">
      <ele>236</ele>
    </trkpt>
    <trkpt lat="46.471249" lon="4.0763127">
      <ele>236</ele>
    </trkpt>
    <trkpt lat="46.471175" lon="4.0764816">
      <ele>236</ele>
    </trkpt>
    <trkpt lat="46.471138" lon="4.0765648">
      <ele>237</ele>
    </trkpt>
    <trkpt lat="46.471099" lon="4.0766479">
      <ele>237</ele>
    </trkpt>
    <trkpt lat="46.471059" lon="4.0767365">
      <ele>237</ele>
    </trkpt>
    <trkpt lat="46.471018" lon="4.0768276">
      <ele>236</ele>
    </trkpt>
    <trkpt lat="46.470935" lon="4.0770074">
      <ele>236</ele>
    </trkpt>
    <trkpt lat="46.470898" lon="4.0770905">
      <ele>237</ele>
    </trkpt>
    <trkpt lat="46.470861" lon="4.0771844">
      <ele>238</ele>
    </trkpt>
    <trkpt lat="46.470824" lon="4.0772783">
      <ele>238</ele>
    </trkpt>
    <trkpt lat="46.470787" lon="4.0773748">
      <ele>238</ele>
    </trkpt>
    <trkpt lat="46.470757" lon="4.077458">
      <ele>238</ele>
    </trkpt>
    <trkpt lat="46.470741" lon="4.0774982">
      <ele>238</ele>
    </trkpt>
    <trkpt lat="46.470726" lon="4.0775384">
      <ele>238</ele>
    </trkpt>
    <trkpt lat="46.470711" lon="4.0775679">
      <ele>238</ele>
    </trkpt>
    <trkpt lat="46.470702" lon="4.0775867">
      <ele>238</ele>
    </trkpt>
    <trkpt lat="46.470676" lon="4.0776377">
      <ele>238</ele>
    </trkpt>
    <trkpt lat="46.470665" lon="4.0776645">
      <ele>238</ele>
    </trkpt>
    <trkpt lat="46.470654" lon="4.0776886">
      <ele>238</ele>
    </trkpt>
    <trkpt lat="46.470632" lon="4.077745">
      <ele>238</ele>
    </trkpt>
    <trkpt lat="46.470604" lon="4.0778201">
      <ele>238</ele>
    </trkpt>
    <trkpt lat="46.470576" lon="4.0778952">
      <ele>237</ele>
    </trkpt>
    <trkpt lat="46.470527" lon="4.0780454">
      <ele>237</ele>
    </trkpt>
    <trkpt lat="46.470488" lon="4.078158">
      <ele>237</ele>
    </trkpt>
    <trkpt lat="46.470471" lon="4.0782197">
      <ele>237</ele>
    </trkpt>
    <trkpt lat="46.470464" lon="4.0782492">
      <ele>237</ele>
    </trkpt>
    <trkpt lat="46.470456" lon="4.0782787">
      <ele>237</ele>
    </trkpt>
    <trkpt lat="46.470453" lon="4.0783055">
      <ele>236</ele>
    </trkpt>
    <trkpt lat="46.470447" lon="4.078335">
      <ele>236</ele>
    </trkpt>
    <trkpt lat="46.470438" lon="4.0783887">
      <ele>236</ele>
    </trkpt>
    <trkpt lat="46.47043" lon="4.078445">
      <ele>236</ele>
    </trkpt>
    <trkpt lat="46.470425" lon="4.078504">
      <ele>236</ele>
    </trkpt>
    <trkpt lat="46.470421" lon="4.078555">
      <ele>236</ele>
    </trkpt>
    <trkpt lat="46.470419" lon="4.078606">
      <ele>236</ele>
    </trkpt>
    <trkpt lat="46.470418" lon="4.0786596">
      <ele>236</ele>
    </trkpt>
    <trkpt lat="46.470419" lon="4.0787159">
      <ele>236</ele>
    </trkpt>
    <trkpt lat="46.470425" lon="4.0787937">
      <ele>236</ele>
    </trkpt>
    <trkpt lat="46.470432" lon="4.0788715">
      <ele>236</ele>
    </trkpt>
    <trkpt lat="46.470442" lon="4.0789546">
      <ele>237</ele>
    </trkpt>
    <trkpt lat="46.470449" lon="4.0790217">
      <ele>237</ele>
    </trkpt>
    <trkpt lat="46.470458" lon="4.0790914">
      <ele>237</ele>
    </trkpt>
    <trkpt lat="46.470469" lon="4.0791638">
      <ele>237</ele>
    </trkpt>
    <trkpt lat="46.47048" lon="4.0792363">
      <ele>237</ele>
    </trkpt>
    <trkpt lat="46.470493" lon="4.0793006">
      <ele>237</ele>
    </trkpt>
    <trkpt lat="46.47051" lon="4.0793892">
      <ele>237</ele>
    </trkpt>
    <trkpt lat="46.47053" lon="4.0794723">
      <ele>237</ele>
    </trkpt>
    <trkpt lat="46.470565" lon="4.0796332">
      <ele>237</ele>
    </trkpt>
    <trkpt lat="46.470634" lon="4.079931">
      <ele>237</ele>
    </trkpt>
    <trkpt lat="46.470656" lon="4.0800517">
      <ele>236</ele>
    </trkpt>
    <trkpt lat="46.47068" lon="4.0801724">
      <ele>236</ele>
    </trkpt>
    <trkpt lat="46.470691" lon="4.0802341">
      <ele>236</ele>
    </trkpt>
    <trkpt lat="46.4707" lon="4.0802957">
      <ele>236</ele>
    </trkpt>
    <trkpt lat="46.470708" lon="4.0803574">
      <ele>236</ele>
    </trkpt>
    <trkpt lat="46.470715" lon="4.0804191">
      <ele>236</ele>
    </trkpt>
    <trkpt lat="46.470719" lon="4.0804647">
      <ele>236</ele>
    </trkpt>
    <trkpt lat="46.47072" lon="4.0804915">
      <ele>236</ele>
    </trkpt>
    <trkpt lat="46.470722" lon="4.0805157">
      <ele>236</ele>
    </trkpt>
    <trkpt lat="46.47072" lon="4.0806122">
      <ele>236</ele>
    </trkpt>
    <trkpt lat="46.470717" lon="4.0807303">
      <ele>236</ele>
    </trkpt>
    <trkpt lat="46.470715" lon="4.0807759">
      <ele>236</ele>
    </trkpt>
    <trkpt lat="46.470711" lon="4.0808188">
      <ele>236</ele>
    </trkpt>
    <trkpt lat="46.470708" lon="4.0808563">
      <ele>236</ele>
    </trkpt>
    <trkpt lat="46.470702" lon="4.0808912">
      <ele>236</ele>
    </trkpt>
    <trkpt lat="46.470691" lon="4.0809448">
      <ele>237</ele>
    </trkpt>
    <trkpt lat="46.470678" lon="4.0809985">
      <ele>237</ele>
    </trkpt>
    <trkpt lat="46.470665" lon="4.0810441">
      <ele>237</ele>
    </trkpt>
    <trkpt lat="46.470652" lon="4.0810924">
      <ele>237</ele>
    </trkpt>
    <trkpt lat="46.470637" lon="4.081138">
      <ele>237</ele>
    </trkpt>
    <trkpt lat="46.470623" lon="4.0811836">
      <ele>237</ele>
    </trkpt>
    <trkpt lat="46.47061" lon="4.0812184">
      <ele>237</ele>
    </trkpt>
    <trkpt lat="46.470597" lon="4.0812533">
      <ele>237</ele>
    </trkpt>
    <trkpt lat="46.470582" lon="4.0812855">
      <ele>237</ele>
    </trkpt>
    <trkpt lat="46.470567" lon="4.081315">
      <ele>237</ele>
    </trkpt>
    <trkpt lat="46.470547" lon="4.0813525">
      <ele>237</ele>
    </trkpt>
    <trkpt lat="46.470525" lon="4.0813901">
      <ele>237</ele>
    </trkpt>
    <trkpt lat="46.470504" lon="4.0814223">
      <ele>237</ele>
    </trkpt>
    <trkpt lat="46.470482" lon="4.0814571">
      <ele>237</ele>
    </trkpt>
    <trkpt lat="46.470447" lon="4.0815054">
      <ele>236</ele>
    </trkpt>
    <trkpt lat="46.47041" lon="4.0815591">
      <ele>236</ele>
    </trkpt>
    <trkpt lat="46.470373" lon="4.0816181">
      <ele>236</ele>
    </trkpt>
    <trkpt lat="46.470336" lon="4.0816798">
      <ele>237</ele>
    </trkpt>
    <trkpt lat="46.470303" lon="4.0817441">
      <ele>237</ele>
    </trkpt>
    <trkpt lat="46.470272" lon="4.0818112">
      <ele>237</ele>
    </trkpt>
    <trkpt lat="46.470255" lon="4.0818487">
      <ele>236</ele>
    </trkpt>
    <trkpt lat="46.470242" lon="4.0818809">
      <ele>236</ele>
    </trkpt>
    <trkpt lat="46.470224" lon="4.0819319">
      <ele>236</ele>
    </trkpt>
    <trkpt lat="46.470207" lon="4.0819829">
      <ele>236</ele>
    </trkpt>
    <trkpt lat="46.470176" lon="4.0820901">
      <ele>236</ele>
    </trkpt>
    <trkpt lat="46.470163" lon="4.0821411">
      <ele>236</ele>
    </trkpt>
    <trkpt lat="46.47015" lon="4.0821974">
      <ele>236</ele>
    </trkpt>
    <trkpt lat="46.470139" lon="4.0822511">
      <ele>237</ele>
    </trkpt>
    <trkpt lat="46.470127" lon="4.0823047">
      <ele>237</ele>
    </trkpt>
    <trkpt lat="46.470118" lon="4.0823637">
      <ele>237</ele>
    </trkpt>
    <trkpt lat="46.470111" lon="4.0824254">
      <ele>237</ele>
    </trkpt>
    <trkpt lat="46.470096" lon="4.0825461">
      <ele>237</ele>
    </trkpt>
    <trkpt lat="46.470083" lon="4.0826695">
      <ele>237</ele>
    </trkpt>
    <trkpt lat="46.470074" lon="4.0827312">
      <ele>237</ele>
    </trkpt>
    <trkpt lat="46.470065" lon="4.0827902">
      <ele>237</ele>
    </trkpt>
    <trkpt lat="46.470061" lon="4.082817">
      <ele>237</ele>
    </trkpt>
    <trkpt lat="46.470057" lon="4.0828412">
      <ele>237</ele>
    </trkpt>
    <trkpt lat="46.470055" lon="4.082868">
      <ele>237</ele>
    </trkpt>
    <trkpt lat="46.470054" lon="4.0828975">
      <ele>237</ele>
    </trkpt>
    <trkpt lat="46.470046" lon="4.0829404">
      <ele>237</ele>
    </trkpt>
    <trkpt lat="46.470039" lon="4.0829833">
      <ele>237</ele>
    </trkpt>
    <trkpt lat="46.470024" lon="4.0830477">
      <ele>237</ele>
    </trkpt>
    <trkpt lat="46.470006" lon="4.0831121">
      <ele>237</ele>
    </trkpt>
    <trkpt lat="46.469991" lon="4.0831577">
      <ele>237</ele>
    </trkpt>
    <trkpt lat="46.469976" lon="4.0832033">
      <ele>237</ele>
    </trkpt>
    <trkpt lat="46.46995" lon="4.0832623">
      <ele>236</ele>
    </trkpt>
    <trkpt lat="46.469924" lon="4.0833186">
      <ele>236</ele>
    </trkpt>
    <trkpt lat="46.469897" lon="4.0833722">
      <ele>236</ele>
    </trkpt>
    <trkpt lat="46.469867" lon="4.0834259">
      <ele>236</ele>
    </trkpt>
    <trkpt lat="46.469815" lon="4.0835063">
      <ele>237</ele>
    </trkpt>
    <trkpt lat="46.46976" lon="4.0835868">
      <ele>237</ele>
    </trkpt>
    <trkpt lat="46.469616" lon="4.0837907">
      <ele>237</ele>
    </trkpt>
    <trkpt lat="46.469474" lon="4.0839972">
      <ele>236</ele>
    </trkpt>
    <trkpt lat="46.469341" lon="4.0841903">
      <ele>236</ele>
    </trkpt>
    <trkpt lat="46.469206" lon="4.0843915">
      <ele>237</ele>
    </trkpt>
    <trkpt lat="46.469071" lon="4.0845873">
      <ele>237</ele>
    </trkpt>
    <trkpt lat="46.468936" lon="4.0847777">
      <ele>237</ele>
    </trkpt>
    <trkpt lat="46.468722" lon="4.0850835">
      <ele>237</ele>
    </trkpt>
    <trkpt lat="46.468509" lon="4.0853919">
      <ele>237</ele>
    </trkpt>
    <trkpt lat="46.468415" lon="4.0855314">
      <ele>237</ele>
    </trkpt>
    <trkpt lat="46.468188" lon="4.085856">
      <ele>237</ele>
    </trkpt>
    <trkpt lat="46.467961" lon="4.0861725">
      <ele>238</ele>
    </trkpt>
    <trkpt lat="46.467768" lon="4.0864595">
      <ele>237</ele>
    </trkpt>
    <trkpt lat="46.467537" lon="4.0867894">
      <ele>237</ele>
    </trkpt>
    <trkpt lat="46.467353" lon="4.0870549">
      <ele>237</ele>
    </trkpt>
    <trkpt lat="46.467101" lon="4.0874304">
      <ele>236</ele>
    </trkpt>
    <trkpt lat="46.467013" lon="4.0875511">
      <ele>236</ele>
    </trkpt>
    <trkpt lat="46.466926" lon="4.0876745">
      <ele>237</ele>
    </trkpt>
    <trkpt lat="46.466852" lon="4.0877684">
      <ele>237</ele>
    </trkpt>
    <trkpt lat="46.46678" lon="4.0878596">
      <ele>237</ele>
    </trkpt>
    <trkpt lat="46.466634" lon="4.0880554">
      <ele>238</ele>
    </trkpt>
    <trkpt lat="46.466499" lon="4.0882458">
      <ele>237</ele>
    </trkpt>
    <trkpt lat="46.466364" lon="4.0884416">
      <ele>237</ele>
    </trkpt>
    <trkpt lat="46.466148" lon="4.0887662">
      <ele>237</ele>
    </trkpt>
    <trkpt lat="46.466061" lon="4.0889003">
      <ele>238</ele>
    </trkpt>
    <trkpt lat="46.465849" lon="4.0892248">
      <ele>237</ele>
    </trkpt>
    <trkpt lat="46.465638" lon="4.0895547">
      <ele>237</ele>
    </trkpt>
    <trkpt lat="46.465537" lon="4.0897157">
      <ele>238</ele>
    </trkpt>
    <trkpt lat="46.465435" lon="4.0898739">
      <ele>237</ele>
    </trkpt>
    <trkpt lat="46.465337" lon="4.0900241">
      <ele>237</ele>
    </trkpt>
    <trkpt lat="46.465119" lon="4.0903755">
      <ele>236</ele>
    </trkpt>
    <trkpt lat="46.464994" lon="4.0905686">
      <ele>237</ele>
    </trkpt>
    <trkpt lat="46.464881" lon="4.0907429">
      <ele>236</ele>
    </trkpt>
    <trkpt lat="46.464768" lon="4.09092">
      <ele>236</ele>
    </trkpt>
    <trkpt lat="46.464665" lon="4.0910755">
      <ele>236</ele>
    </trkpt>
    <trkpt lat="46.464559" lon="4.0912204">
      <ele>237</ele>
    </trkpt>
    <trkpt lat="46.464497" lon="4.0913035">
      <ele>237</ele>
    </trkpt>
    <trkpt lat="46.464434" lon="4.0913813">
      <ele>238</ele>
    </trkpt>
    <trkpt lat="46.4644" lon="4.0914242">
      <ele>238</ele>
    </trkpt>
    <trkpt lat="46.46436" lon="4.0914698">
      <ele>237</ele>
    </trkpt>
    <trkpt lat="46.464291" lon="4.0915476">
      <ele>237</ele>
    </trkpt>
    <trkpt lat="46.464218" lon="4.0916281">
      <ele>238</ele>
    </trkpt>
    <trkpt lat="46.464151" lon="4.0916951">
      <ele>238</ele>
    </trkpt>
    <trkpt lat="46.464083" lon="4.0917595">
      <ele>237</ele>
    </trkpt>
    <trkpt lat="46.46395" lon="4.0918882">
      <ele>237</ele>
    </trkpt>
    <trkpt lat="46.463713" lon="4.0921028">
      <ele>239</ele>
    </trkpt>
    <trkpt lat="46.463617" lon="4.0921967">
      <ele>239</ele>
    </trkpt>
    <trkpt lat="46.463525" lon="4.0922933">
      <ele>239</ele>
    </trkpt>
    <trkpt lat="46.463281" lon="4.0925427">
      <ele>240</ele>
    </trkpt>
    <trkpt lat="46.463041" lon="4.0927948">
      <ele>240</ele>
    </trkpt>
    <trkpt lat="46.462849" lon="4.0929826">
      <ele>240</ele>
    </trkpt>
    <trkpt lat="46.462224" lon="4.0936022">
      <ele>240</ele>
    </trkpt>
    <trkpt lat="46.462087" lon="4.0937363">
      <ele>240</ele>
    </trkpt>
    <trkpt lat="46.462002" lon="4.0938194">
      <ele>240</ele>
    </trkpt>
    <trkpt lat="46.461832" lon="4.0939938">
      <ele>240</ele>
    </trkpt>
    <trkpt lat="46.461749" lon="4.0940796">
      <ele>240</ele>
    </trkpt>
    <trkpt lat="46.461672" lon="4.0941762">
      <ele>240</ele>
    </trkpt>
    <trkpt lat="46.4616" lon="4.0942701">
      <ele>239</ele>
    </trkpt>
    <trkpt lat="46.461529" lon="4.0943693">
      <ele>239</ele>
    </trkpt>
    <trkpt lat="46.461335" lon="4.0946375">
      <ele>239</ele>
    </trkpt>
    <trkpt lat="46.461171" lon="4.0948709">
      <ele>239</ele>
    </trkpt>
    <trkpt lat="46.461082" lon="4.095005">
      <ele>239</ele>
    </trkpt>
    <trkpt lat="46.460934" lon="4.0952303">
      <ele>239</ele>
    </trkpt>
    <trkpt lat="46.460349" lon="4.0961074">
      <ele>240</ele>
    </trkpt>
    <trkpt lat="46.460138" lon="4.0964185">
      <ele>240</ele>
    </trkpt>
    <trkpt lat="46.459929" lon="4.0967323">
      <ele>240</ele>
    </trkpt>
    <trkpt lat="46.45982" lon="4.0968879">
      <ele>240</ele>
    </trkpt>
    <trkpt lat="46.459711" lon="4.0970381">
      <ele>240</ele>
    </trkpt>
    <trkpt lat="46.459639" lon="4.0971266">
      <ele>240</ele>
    </trkpt>
    <trkpt lat="46.459549" lon="4.0972205">
      <ele>240</ele>
    </trkpt>
    <trkpt lat="46.459493" lon="4.0972714">
      <ele>240</ele>
    </trkpt>
    <trkpt lat="46.45941" lon="4.0973358">
      <ele>240</ele>
    </trkpt>
    <trkpt lat="46.459325" lon="4.0973868">
      <ele>240</ele>
    </trkpt>
    <trkpt lat="46.459168" lon="4.0974726">
      <ele>241</ele>
    </trkpt>
    <trkpt lat="46.459007" lon="4.0975504">
      <ele>242</ele>
    </trkpt>
    <trkpt lat="46.458859" lon="4.0976201">
      <ele>243</ele>
    </trkpt>
    <trkpt lat="46.458767" lon="4.0976657">
      <ele>242</ele>
    </trkpt>
    <trkpt lat="46.458688" lon="4.0977086">
      <ele>242</ele>
    </trkpt>
    <trkpt lat="46.458556" lon="4.0977864">
      <ele>242</ele>
    </trkpt>
    <trkpt lat="46.458364" lon="4.0978991">
      <ele>242</ele>
    </trkpt>
    <trkpt lat="46.458172" lon="4.0980144">
      <ele>242</ele>
    </trkpt>
    <trkpt lat="46.45795" lon="4.0981539">
      <ele>242</ele>
    </trkpt>
    <trkpt lat="46.457725" lon="4.0982907">
      <ele>242</ele>
    </trkpt>
    <trkpt lat="46.457649" lon="4.0983416">
      <ele>242</ele>
    </trkpt>
    <trkpt lat="46.457579" lon="4.0983953">
      <ele>242</ele>
    </trkpt>
    <trkpt lat="46.457474" lon="4.0984865">
      <ele>242</ele>
    </trkpt>
    <trkpt lat="46.457407" lon="4.0985509">
      <ele>242</ele>
    </trkpt>
    <trkpt lat="46.457342" lon="4.0986233">
      <ele>242</ele>
    </trkpt>
    <trkpt lat="46.457282" lon="4.0986984">
      <ele>242</ele>
    </trkpt>
    <trkpt lat="46.457226" lon="4.0987788">
      <ele>242</ele>
    </trkpt>
    <trkpt lat="46.45696" lon="4.0991812">
      <ele>243</ele>
    </trkpt>
    <trkpt lat="46.456696" lon="4.0995808">
      <ele>242</ele>
    </trkpt>
    <trkpt lat="46.45635" lon="4.1000797">
      <ele>242</ele>
    </trkpt>
    <trkpt lat="46.45606" lon="4.1005035">
      <ele>242</ele>
    </trkpt>
    <trkpt lat="46.455766" lon="4.1009219">
      <ele>243</ele>
    </trkpt>
    <trkpt lat="46.455476" lon="4.1013377">
      <ele>244</ele>
    </trkpt>
    <trkpt lat="46.455236" lon="4.1016381">
      <ele>243</ele>
    </trkpt>
    <trkpt lat="46.455182" lon="4.1017159">
      <ele>242</ele>
    </trkpt>
    <trkpt lat="46.455131" lon="4.1017776">
      <ele>242</ele>
    </trkpt>
    <trkpt lat="46.455016" lon="4.1019465">
      <ele>243</ele>
    </trkpt>
    <trkpt lat="46.454963" lon="4.1020297">
      <ele>243</ele>
    </trkpt>
    <trkpt lat="46.454907" lon="4.1021209">
      <ele>242</ele>
    </trkpt>
    <trkpt lat="46.454824" lon="4.102263">
      <ele>242</ele>
    </trkpt>
    <trkpt lat="46.454748" lon="4.1024025">
      <ele>242</ele>
    </trkpt>
    <trkpt lat="46.454672" lon="4.1025608">
      <ele>243</ele>
    </trkpt>
    <trkpt lat="46.454589" lon="4.1027378">
      <ele>242</ele>
    </trkpt>
    <trkpt lat="46.45453" lon="4.1028665">
      <ele>242</ele>
    </trkpt>
    <trkpt lat="46.454225" lon="4.1035451">
      <ele>242</ele>
    </trkpt>
    <trkpt lat="46.453917" lon="4.1042184">
      <ele>242</ele>
    </trkpt>
    <trkpt lat="46.45368" lon="4.1047387">
      <ele>242</ele>
    </trkpt>
    <trkpt lat="46.453471" lon="4.1051974">
      <ele>242</ele>
    </trkpt>
    <trkpt lat="46.453198" lon="4.1057821">
      <ele>242</ele>
    </trkpt>
    <trkpt lat="46.452836" lon="4.1065814">
      <ele>243</ele>
    </trkpt>
    <trkpt lat="46.451991" lon="4.1084268">
      <ele>242</ele>
    </trkpt>
    <trkpt lat="46.451834" lon="4.1087674">
      <ele>242</ele>
    </trkpt>
    <trkpt lat="46.451531" lon="4.1094272">
      <ele>242</ele>
    </trkpt>
    <trkpt lat="46.451352" lon="4.1098242">
      <ele>243</ele>
    </trkpt>
    <trkpt lat="46.451172" lon="4.1102024">
      <ele>242</ele>
    </trkpt>
    <trkpt lat="46.451056" lon="4.1104652">
      <ele>242</ele>
    </trkpt>
    <trkpt lat="46.450993" lon="4.1106047">
      <ele>241</ele>
    </trkpt>
    <trkpt lat="46.450816" lon="4.1109829">
      <ele>242</ele>
    </trkpt>
    <trkpt lat="46.450642" lon="4.1113611">
      <ele>241</ele>
    </trkpt>
    <trkpt lat="46.45037" lon="4.1119565">
      <ele>242</ele>
    </trkpt>
    <trkpt lat="46.450095" lon="4.1125574">
      <ele>242</ele>
    </trkpt>
    <trkpt lat="46.449853" lon="4.1130831">
      <ele>242</ele>
    </trkpt>
    <trkpt lat="46.44984" lon="4.1131394">
      <ele>242</ele>
    </trkpt>
    <trkpt lat="46.449764" lon="4.1133057">
      <ele>242</ele>
    </trkpt>
    <trkpt lat="46.449639" lon="4.1135846">
      <ele>242</ele>
    </trkpt>
    <trkpt lat="46.449554" lon="4.1137724">
      <ele>242</ele>
    </trkpt>
    <trkpt lat="46.449306" lon="4.1143437">
      <ele>243</ele>
    </trkpt>
    <trkpt lat="46.449082" lon="4.1148399">
      <ele>245</ele>
    </trkpt>
    <trkpt lat="46.449049" lon="4.1149231">
      <ele>245</ele>
    </trkpt>
    <trkpt lat="46.448984" lon="4.1150894">
      <ele>244</ele>
    </trkpt>
    <trkpt lat="46.448986" lon="4.1152476">
      <ele>243</ele>
    </trkpt>
    <trkpt lat="46.449044" lon="4.1158136">
      <ele>242</ele>
    </trkpt>
    <trkpt lat="46.449147" lon="4.1168703">
      <ele>242</ele>
    </trkpt>
    <trkpt lat="46.449153" lon="4.1169213">
      <ele>242</ele>
    </trkpt>
    <trkpt lat="46.449167" lon="4.1170635">
      <ele>242</ele>
    </trkpt>
    <trkpt lat="46.4493" lon="4.1182919">
      <ele>241</ele>
    </trkpt>
    <trkpt lat="46.449306" lon="4.1183456">
      <ele>241</ele>
    </trkpt>
    <trkpt lat="46.44931" lon="4.1185279">
      <ele>241</ele>
    </trkpt>
    <trkpt lat="46.449389" lon="4.1185709">
      <ele>241</ele>
    </trkpt>
    <trkpt lat="46.449524" lon="4.1186674">
      <ele>241</ele>
    </trkpt>
    <trkpt lat="46.449557" lon="4.1186942">
      <ele>241</ele>
    </trkpt>
    <trkpt lat="46.449718" lon="4.1188149">
      <ele>242</ele>
    </trkpt>
    <trkpt lat="46.449798" lon="4.1187103">
      <ele>242</ele>
    </trkpt>
    <trkpt lat="46.44986" lon="4.1185575">
      <ele>241</ele>
    </trkpt>
    <trkpt lat="46.449903" lon="4.1184046">
      <ele>241</ele>
    </trkpt>
    <trkpt lat="46.449931" lon="4.1182302">
      <ele>241</ele>
    </trkpt>
    <trkpt lat="46.449992" lon="4.117785">
      <ele>241</ele>
    </trkpt>
    <trkpt lat="46.450236" lon="4.1178574">
      <ele>240</ele>
    </trkpt>
    <trkpt lat="46.450346" lon="4.1179084">
      <ele>240</ele>
    </trkpt>
    <trkpt lat="46.450559" lon="4.1177957">
      <ele>239</ele>
    </trkpt>
    <trkpt lat="46.450559" lon="4.1177957">
      <ele>240</ele>
    </trkpt>
    <trkpt lat="46.450346" lon="4.1179084">
      <ele>240</ele>
    </trkpt>
    <trkpt lat="46.450236" lon="4.1178574">
      <ele>240</ele>
    </trkpt>
    <trkpt lat="46.449992" lon="4.117785">
      <ele>241</ele>
    </trkpt>
    <trkpt lat="46.450003" lon="4.1177045">
      <ele>241</ele>
    </trkpt>
    <trkpt lat="46.450053" lon="4.1173666">
      <ele>240</ele>
    </trkpt>
    <trkpt lat="46.450112" lon="4.1171091">
      <ele>241</ele>
    </trkpt>
    <trkpt lat="46.450191" lon="4.1168355">
      <ele>241</ele>
    </trkpt>
    <trkpt lat="46.450248" lon="4.1167228">
      <ele>241</ele>
    </trkpt>
    <trkpt lat="46.450326" lon="4.1166263">
      <ele>241</ele>
    </trkpt>
    <trkpt lat="46.450406" lon="4.1164948">
      <ele>241</ele>
    </trkpt>
    <trkpt lat="46.450428" lon="4.1164251">
      <ele>241</ele>
    </trkpt>
    <trkpt lat="46.450459" lon="4.1162293">
      <ele>241</ele>
    </trkpt>
    <trkpt lat="46.4503" lon="4.1160603">
      <ele>241</ele>
    </trkpt>
    <trkpt lat="46.450274" lon="4.1160308">
      <ele>241</ele>
    </trkpt>
    <trkpt lat="46.45026" lon="4.1160147">
      <ele>241</ele>
    </trkpt>
    <trkpt lat="46.449981" lon="4.1157089">
      <ele>241</ele>
    </trkpt>
    <trkpt lat="46.449945" lon="4.1156714">
      <ele>242</ele>
    </trkpt>
    <trkpt lat="46.449925" lon="4.1156473">
      <ele>242</ele>
    </trkpt>
    <trkpt lat="46.449907" lon="4.1156312">
      <ele>242</ele>
    </trkpt>
    <trkpt lat="46.449853" lon="4.1155614">
      <ele>242</ele>
    </trkpt>
    <trkpt lat="46.449775" lon="4.1156151">
      <ele>242</ele>
    </trkpt>
    <trkpt lat="46.449755" lon="4.1156365">
      <ele>242</ele>
    </trkpt>
    <trkpt lat="46.44969" lon="4.1155722">
      <ele>242</ele>
    </trkpt>
    <trkpt lat="46.449507" lon="4.1153898">
      <ele>242</ele>
    </trkpt>
    <trkpt lat="46.44947" lon="4.1153495">
      <ele>242</ele>
    </trkpt>
    <trkpt lat="46.449463" lon="4.1152369">
      <ele>242</ele>
    </trkpt>
    <trkpt lat="46.449456" lon="4.1151725">
      <ele>242</ele>
    </trkpt>
    <trkpt lat="46.44911" lon="4.1149687">
      <ele>245</ele>
    </trkpt>
    <trkpt lat="46.449049" lon="4.1149231">
      <ele>245</ele>
    </trkpt>
    <trkpt lat="46.448984" lon="4.1150894">
      <ele>244</ele>
    </trkpt>
    <trkpt lat="46.448931" lon="4.1151323">
      <ele>244</ele>
    </trkpt>
    <trkpt lat="46.448886" lon="4.1151403">
      <ele>244</ele>
    </trkpt>
    <trkpt lat="46.448857" lon="4.1151618">
      <ele>244</ele>
    </trkpt>
    <trkpt lat="46.448722" lon="4.1153361">
      <ele>243</ele>
    </trkpt>
    <trkpt lat="46.448622" lon="4.1154863">
      <ele>243</ele>
    </trkpt>
    <trkpt lat="46.448249" lon="4.1160389">
      <ele>243</ele>
    </trkpt>
    <trkpt lat="46.447946" lon="4.1164761">
      <ele>243</ele>
    </trkpt>
    <trkpt lat="46.447896" lon="4.1165619">
      <ele>243</ele>
    </trkpt>
    <trkpt lat="46.447842" lon="4.1165887">
      <ele>243</ele>
    </trkpt>
    <trkpt lat="46.447591" lon="4.1169615">
      <ele>242</ele>
    </trkpt>
    <trkpt lat="46.447584" lon="4.1170205">
      <ele>242</ele>
    </trkpt>
    <trkpt lat="46.447439" lon="4.117211">
      <ele>243</ele>
    </trkpt>
    <trkpt lat="46.447362" lon="4.1172432">
      <ele>243</ele>
    </trkpt>
    <trkpt lat="46.447173" lon="4.1174604">
      <ele>244</ele>
    </trkpt>
    <trkpt lat="46.447068" lon="4.1176187">
      <ele>244</ele>
    </trkpt>
    <trkpt lat="46.446916" lon="4.1179781">
      <ele>242</ele>
    </trkpt>
    <trkpt lat="46.446848" lon="4.1180881">
      <ele>242</ele>
    </trkpt>
    <trkpt lat="46.446526" lon="4.1185709">
      <ele>243</ele>
    </trkpt>
    <trkpt lat="46.446423" lon="4.1189625">
      <ele>242</ele>
    </trkpt>
    <trkpt lat="46.446196" lon="4.1197537">
      <ele>242</ele>
    </trkpt>
    <trkpt lat="46.446105" lon="4.1200058">
      <ele>243</ele>
    </trkpt>
    <trkpt lat="46.445778" lon="4.1203143">
      <ele>243</ele>
    </trkpt>
    <trkpt lat="46.445687" lon="4.1204591">
      <ele>242</ele>
    </trkpt>
    <trkpt lat="46.445584" lon="4.1207783">
      <ele>242</ele>
    </trkpt>
    <trkpt lat="46.444614" lon="4.1237878">
      <ele>242</ele>
    </trkpt>
    <trkpt lat="46.444139" lon="4.1252388">
      <ele>243</ele>
    </trkpt>
    <trkpt lat="46.44395" lon="4.1257914">
      <ele>244</ele>
    </trkpt>
    <trkpt lat="46.443841" lon="4.1261696">
      <ele>244</ele>
    </trkpt>
    <trkpt lat="46.44332" lon="4.1277735">
      <ele>244</ele>
    </trkpt>
    <trkpt lat="46.443227" lon="4.1281946">
      <ele>244</ele>
    </trkpt>
    <trkpt lat="46.443179" lon="4.1284119">
      <ele>244</ele>
    </trkpt>
    <trkpt lat="46.443155" lon="4.1287257">
      <ele>244</ele>
    </trkpt>
    <trkpt lat="46.443144" lon="4.129466">
      <ele>243</ele>
    </trkpt>
    <trkpt lat="46.443165" lon="4.1345676">
      <ele>244</ele>
    </trkpt>
    <trkpt lat="46.443183" lon="4.1374885">
      <ele>244</ele>
    </trkpt>
    <trkpt lat="46.443198" lon="4.1404148">
      <ele>243</ele>
    </trkpt>
    <trkpt lat="46.443202" lon="4.1414152">
      <ele>243</ele>
    </trkpt>
    <trkpt lat="46.443191" lon="4.1415225">
      <ele>244</ele>
    </trkpt>
    <trkpt lat="46.443135" lon="4.1420777">
      <ele>246</ele>
    </trkpt>
    <trkpt lat="46.443131" lon="4.1422199">
      <ele>246</ele>
    </trkpt>
    <trkpt lat="46.443181" lon="4.1427885">
      <ele>244</ele>
    </trkpt>
    <trkpt lat="46.443194" lon="4.1432257">
      <ele>244</ele>
    </trkpt>
    <trkpt lat="46.443194" lon="4.1436683">
      <ele>245</ele>
    </trkpt>
    <trkpt lat="46.443192" lon="4.1440492">
      <ele>245</ele>
    </trkpt>
    <trkpt lat="46.443176" lon="4.1444327">
      <ele>245</ele>
    </trkpt>
    <trkpt lat="46.44298" lon="4.1465007">
      <ele>244</ele>
    </trkpt>
    <trkpt lat="46.442777" lon="4.1485365">
      <ele>246</ele>
    </trkpt>
    <trkpt lat="46.442738" lon="4.1489978">
      <ele>245</ele>
    </trkpt>
    <trkpt lat="46.442656" lon="4.1496416">
      <ele>244</ele>
    </trkpt>
    <trkpt lat="46.44251" lon="4.1501539">
      <ele>245</ele>
    </trkpt>
    <trkpt lat="46.442307" lon="4.1508083">
      <ele>244</ele>
    </trkpt>
    <trkpt lat="46.442285" lon="4.1510658">
      <ele>245</ele>
    </trkpt>
    <trkpt lat="46.442279" lon="4.1512429">
      <ele>245</ele>
    </trkpt>
    <trkpt lat="46.442276" lon="4.151326">
      <ele>245</ele>
    </trkpt>
    <trkpt lat="46.442298" lon="4.1514547">
      <ele>245</ele>
    </trkpt>
    <trkpt lat="46.442338" lon="4.1516076">
      <ele>244</ele>
    </trkpt>
    <trkpt lat="46.442459" lon="4.1519215">
      <ele>245</ele>
    </trkpt>
    <trkpt lat="46.442621" lon="4.1522326">
      <ele>244</ele>
    </trkpt>
    <trkpt lat="46.442982" lon="4.1528763">
      <ele>244</ele>
    </trkpt>
    <trkpt lat="46.443283" lon="4.153343">
      <ele>244</ele>
    </trkpt>
    <trkpt lat="46.443523" lon="4.1536086">
      <ele>244</ele>
    </trkpt>
    <trkpt lat="46.443773" lon="4.1538446">
      <ele>245</ele>
    </trkpt>
    <trkpt lat="46.444102" lon="4.1540726">
      <ele>244</ele>
    </trkpt>
    <trkpt lat="46.444741" lon="4.1545098">
      <ele>244</ele>
    </trkpt>
    <trkpt lat="46.446173" lon="4.1554727">
      <ele>245</ele>
    </trkpt>
    <trkpt lat="46.446674" lon="4.1557195">
      <ele>245</ele>
    </trkpt>
    <trkpt lat="46.447255" lon="4.1559126">
      <ele>246</ele>
    </trkpt>
    <trkpt lat="46.448404" lon="4.1562613">
      <ele>245</ele>
    </trkpt>
    <trkpt lat="46.448824" lon="4.1562398">
      <ele>244</ele>
    </trkpt>
    <trkpt lat="46.449252" lon="4.156382">
      <ele>245</ele>
    </trkpt>
    <trkpt lat="46.449661" lon="4.1564893">
      <ele>244</ele>
    </trkpt>
    <trkpt lat="46.450674" lon="4.1568728">
      <ele>245</ele>
    </trkpt>
    <trkpt lat="46.450803" lon="4.1570767">
      <ele>245</ele>
    </trkpt>
    <trkpt lat="46.451119" lon="4.1571115">
      <ele>245</ele>
    </trkpt>
    <trkpt lat="46.451267" lon="4.1571196">
      <ele>247</ele>
    </trkpt>
    <trkpt lat="46.451383" lon="4.1571705">
      <ele>249</ele>
    </trkpt>
    <trkpt lat="46.45142" lon="4.1571866">
      <ele>249</ele>
    </trkpt>
    <trkpt lat="46.451424" lon="4.1573637">
      <ele>247</ele>
    </trkpt>
    <trkpt lat="46.45142" lon="4.157707">
      <ele>249</ele>
    </trkpt>
    <trkpt lat="46.451426" lon="4.157833">
      <ele>250</ele>
    </trkpt>
    <trkpt lat="46.451439" lon="4.1579725">
      <ele>250</ele>
    </trkpt>
    <trkpt lat="46.451402" lon="4.1579913">
      <ele>250</ele>
    </trkpt>
    <trkpt lat="46.451385" lon="4.1580396">
      <ele>250</ele>
    </trkpt>
    <trkpt lat="46.451378" lon="4.158112">
      <ele>250</ele>
    </trkpt>
    <trkpt lat="46.451372" lon="4.1582407">
      <ele>251</ele>
    </trkpt>
    <trkpt lat="46.451389" lon="4.1591205">
      <ele>259</ele>
    </trkpt>
    <trkpt lat="46.451383" lon="4.160078">
      <ele>264</ele>
    </trkpt>
    <trkpt lat="46.451378" lon="4.160695">
      <ele>267</ele>
    </trkpt>
    <trkpt lat="46.451376" lon="4.1611161">
      <ele>269</ele>
    </trkpt>
    <trkpt lat="46.451361" lon="4.1613494">
      <ele>270</ele>
    </trkpt>
    <trkpt lat="46.451307" lon="4.161505">
      <ele>270</ele>
    </trkpt>
    <trkpt lat="46.451383" lon="4.1620361">
      <ele>271</ele>
    </trkpt>
    <trkpt lat="46.451407" lon="4.1625645">
      <ele>272</ele>
    </trkpt>
    <trkpt lat="46.451439" lon="4.1627844">
      <ele>272</ele>
    </trkpt>
    <trkpt lat="46.451481" lon="4.1629507">
      <ele>272</ele>
    </trkpt>
    <trkpt lat="46.451538" lon="4.1631143">
      <ele>272</ele>
    </trkpt>
    <trkpt lat="46.451568" lon="4.1631814">
      <ele>272</ele>
    </trkpt>
    <trkpt lat="46.451618" lon="4.1632752">
      <ele>272</ele>
    </trkpt>
    <trkpt lat="46.451681" lon="4.1633986">
      <ele>272</ele>
    </trkpt>
    <trkpt lat="46.451671" lon="4.1634898">
      <ele>273</ele>
    </trkpt>
    <trkpt lat="46.451681" lon="4.163581">
      <ele>273</ele>
    </trkpt>
    <trkpt lat="46.451636" lon="4.1636776">
      <ele>273</ele>
    </trkpt>
    <trkpt lat="46.451583" lon="4.1637822">
      <ele>273</ele>
    </trkpt>
    <trkpt lat="46.451505" lon="4.1639136">
      <ele>273</ele>
    </trkpt>
    <trkpt lat="46.45145" lon="4.1640343">
      <ele>273</ele>
    </trkpt>
    <trkpt lat="46.451431" lon="4.164096">
      <ele>273</ele>
    </trkpt>
    <trkpt lat="46.451426" lon="4.1642274">
      <ele>273</ele>
    </trkpt>
    <trkpt lat="46.451411" lon="4.164332">
      <ele>273</ele>
    </trkpt>
    <trkpt lat="46.451405" lon="4.1644232">
      <ele>273</ele>
    </trkpt>
    <trkpt lat="46.4514" lon="4.1649007">
      <ele>273</ele>
    </trkpt>
    <trkpt lat="46.451383" lon="4.1702383">
      <ele>273</ele>
    </trkpt>
    <trkpt lat="46.451383" lon="4.1706433">
      <ele>273</ele>
    </trkpt>
    <trkpt lat="46.451383" lon="4.1719736">
      <ele>271</ele>
    </trkpt>
    <trkpt lat="46.451376" lon="4.1738941">
      <ele>269</ele>
    </trkpt>
    <trkpt lat="46.451352" lon="4.1766514">
      <ele>269</ele>
    </trkpt>
    <trkpt lat="46.45132" lon="4.1771154">
      <ele>270</ele>
    </trkpt>
    <trkpt lat="46.451267" lon="4.1776304">
      <ele>273</ele>
    </trkpt>
    <trkpt lat="46.451187" lon="4.1781937">
      <ele>274</ele>
    </trkpt>
    <trkpt lat="46.451115" lon="4.1786228">
      <ele>275</ele>
    </trkpt>
    <trkpt lat="46.451021" lon="4.1790305">
      <ele>276</ele>
    </trkpt>
    <trkpt lat="46.450834" lon="4.1797789">
      <ele>276</ele>
    </trkpt>
    <trkpt lat="46.450058" lon="4.1823404">
      <ele>273</ele>
    </trkpt>
    <trkpt lat="46.449258" lon="4.1849341">
      <ele>277</ele>
    </trkpt>
    <trkpt lat="46.449239" lon="4.1849958">
      <ele>277</ele>
    </trkpt>
    <trkpt lat="46.448972" lon="4.1859694">
      <ele>280</ele>
    </trkpt>
    <trkpt lat="46.446843" lon="4.1930236">
      <ele>295</ele>
    </trkpt>
    <trkpt lat="46.445174" lon="4.1985865">
      <ele>306</ele>
    </trkpt>
    <trkpt lat="46.445092" lon="4.1989191">
      <ele>306</ele>
    </trkpt>
    <trkpt lat="46.445033" lon="4.1992142">
      <ele>307</ele>
    </trkpt>
    <trkpt lat="46.444917" lon="4.2000591">
      <ele>307</ele>
    </trkpt>
    <trkpt lat="46.444595" lon="4.2025079">
      <ele>305</ele>
    </trkpt>
    <trkpt lat="46.443922" lon="4.2076256">
      <ele>306</ele>
    </trkpt>
    <trkpt lat="46.443776" lon="4.2087494">
      <ele>309</ele>
    </trkpt>
    <trkpt lat="46.442908" lon="4.2157258">
      <ele>307</ele>
    </trkpt>
    <trkpt lat="46.442128" lon="4.2220129">
      <ele>317</ele>
    </trkpt>
    <trkpt lat="46.441891" lon="4.2239683">
      <ele>321</ele>
    </trkpt>
    <trkpt lat="46.44154" lon="4.2268758">
      <ele>313</ele>
    </trkpt>
    <trkpt lat="46.440897" lon="4.2324762">
      <ele>307</ele>
    </trkpt>
    <trkpt lat="46.44083" lon="4.2330154">
      <ele>307</ele>
    </trkpt>
    <trkpt lat="46.440793" lon="4.2332407">
      <ele>306</ele>
    </trkpt>
    <trkpt lat="46.440629" lon="4.2339917">
      <ele>303</ele>
    </trkpt>
    <trkpt lat="46.440272" lon="4.2355903">
      <ele>308</ele>
    </trkpt>
    <trkpt lat="46.439999" lon="4.2368348">
      <ele>311</ele>
    </trkpt>
    <trkpt lat="46.439949" lon="4.2370548">
      <ele>311</ele>
    </trkpt>
    <trkpt lat="46.43984" lon="4.237551">
      <ele>313</ele>
    </trkpt>
    <trkpt lat="46.43957" lon="4.2387258">
      <ele>313</ele>
    </trkpt>
    <trkpt lat="46.439422" lon="4.2394983">
      <ele>311</ele>
    </trkpt>
    <trkpt lat="46.439328" lon="4.2402707">
      <ele>312</ele>
    </trkpt>
    <trkpt lat="46.439268" lon="4.2409359">
      <ele>310</ele>
    </trkpt>
    <trkpt lat="46.439254" lon="4.2412095">
      <ele>309</ele>
    </trkpt>
    <trkpt lat="46.439246" lon="4.2415475">
      <ele>308</ele>
    </trkpt>
    <trkpt lat="46.439237" lon="4.2422073">
      <ele>306</ele>
    </trkpt>
    <trkpt lat="46.439265" lon="4.2426338">
      <ele>307</ele>
    </trkpt>
    <trkpt lat="46.439292" lon="4.2430817">
      <ele>305</ele>
    </trkpt>
    <trkpt lat="46.439335" lon="4.2435055">
      <ele>304</ele>
    </trkpt>
    <trkpt lat="46.4394" lon="4.2442538">
      <ele>303</ele>
    </trkpt>
    <trkpt lat="46.439414" lon="4.2446508">
      <ele>305</ele>
    </trkpt>
    <trkpt lat="46.439413" lon="4.245037">
      <ele>306</ele>
    </trkpt>
    <trkpt lat="46.439394" lon="4.245501">
      <ele>308</ele>
    </trkpt>
    <trkpt lat="46.439368" lon="4.2458068">
      <ele>310</ele>
    </trkpt>
    <trkpt lat="46.438799" lon="4.2510264">
      <ele>328</ele>
    </trkpt>
    <trkpt lat="46.43879" lon="4.2510961">
      <ele>328</ele>
    </trkpt>
    <trkpt lat="46.438718" lon="4.2514368">
      <ele>328</ele>
    </trkpt>
    <trkpt lat="46.43864" lon="4.2516111">
      <ele>329</ele>
    </trkpt>
    <trkpt lat="46.43859" lon="4.2516406">
      <ele>329</ele>
    </trkpt>
    <trkpt lat="46.438549" lon="4.2516916">
      <ele>329</ele>
    </trkpt>
    <trkpt lat="46.43852" lon="4.251756">
      <ele>328</ele>
    </trkpt>
    <trkpt lat="46.438505" lon="4.2518284">
      <ele>328</ele>
    </trkpt>
    <trkpt lat="46.438505" lon="4.2519062">
      <ele>328</ele>
    </trkpt>
    <trkpt lat="46.43852" lon="4.2519813">
      <ele>328</ele>
    </trkpt>
    <trkpt lat="46.438549" lon="4.2520456">
      <ele>329</ele>
    </trkpt>
    <trkpt lat="46.438592" lon="4.2520939">
      <ele>329</ele>
    </trkpt>
    <trkpt lat="46.438605" lon="4.2522602">
      <ele>329</ele>
    </trkpt>
    <trkpt lat="46.438605" lon="4.2523997">
      <ele>328</ele>
    </trkpt>
    <trkpt lat="46.438601" lon="4.2526491">
      <ele>328</ele>
    </trkpt>
    <trkpt lat="46.438586" lon="4.2528074">
      <ele>328</ele>
    </trkpt>
    <trkpt lat="46.438093" lon="4.2572464">
      <ele>325</ele>
    </trkpt>
    <trkpt lat="46.438087" lon="4.257292">
      <ele>325</ele>
    </trkpt>
    <trkpt lat="46.438015" lon="4.257968">
      <ele>324</ele>
    </trkpt>
    <trkpt lat="46.437599" lon="4.2618813">
      <ele>324</ele>
    </trkpt>
    <trkpt lat="46.437583" lon="4.2620342">
      <ele>324</ele>
    </trkpt>
    <trkpt lat="46.437464" lon="4.2631473">
      <ele>326</ele>
    </trkpt>
    <trkpt lat="46.437318" lon="4.2645072">
      <ele>323</ele>
    </trkpt>
    <trkpt lat="46.437244" lon="4.2652019">
      <ele>320</ele>
    </trkpt>
    <trkpt lat="46.436949" lon="4.2679833">
      <ele>310</ele>
    </trkpt>
    <trkpt lat="46.436936" lon="4.2681174">
      <ele>310</ele>
    </trkpt>
    <trkpt lat="46.436926" lon="4.2682059">
      <ele>309</ele>
    </trkpt>
    <trkpt lat="46.436917" lon="4.2682837">
      <ele>309</ele>
    </trkpt>
    <trkpt lat="46.436897" lon="4.2684742">
      <ele>309</ele>
    </trkpt>
    <trkpt lat="46.436764" lon="4.2697107">
      <ele>306</ele>
    </trkpt>
    <trkpt lat="46.436703" lon="4.2703329">
      <ele>302</ele>
    </trkpt>
    <trkpt lat="46.436546" lon="4.2718779">
      <ele>292</ele>
    </trkpt>
    <trkpt lat="46.436536" lon="4.2719369">
      <ele>292</ele>
    </trkpt>
    <trkpt lat="46.436533" lon="4.271953">
      <ele>292</ele>
    </trkpt>
    <trkpt lat="46.436481" lon="4.27213">
      <ele>291</ele>
    </trkpt>
    <trkpt lat="46.436444" lon="4.2721837">
      <ele>290</ele>
    </trkpt>
    <trkpt lat="46.436311" lon="4.2723178">
      <ele>289</ele>
    </trkpt>
    <trkpt lat="46.436036" lon="4.2725887">
      <ele>286</ele>
    </trkpt>
    <trkpt lat="46.436002" lon="4.2726155">
      <ele>286</ele>
    </trkpt>
    <trkpt lat="46.435914" lon="4.2727067">
      <ele>285</ele>
    </trkpt>
    <trkpt lat="46.43584" lon="4.2727791">
      <ele>284</ele>
    </trkpt>
    <trkpt lat="46.435767" lon="4.2728515">
      <ele>284</ele>
    </trkpt>
    <trkpt lat="46.435536" lon="4.2730742">
      <ele>282</ele>
    </trkpt>
    <trkpt lat="46.435407" lon="4.2732002">
      <ele>281</ele>
    </trkpt>
    <trkpt lat="46.43537" lon="4.2732378">
      <ele>281</ele>
    </trkpt>
    <trkpt lat="46.435257" lon="4.2733531">
      <ele>280</ele>
    </trkpt>
    <trkpt lat="46.435198" lon="4.2734014">
      <ele>280</ele>
    </trkpt>
    <trkpt lat="46.435072" lon="4.2734765">
      <ele>279</ele>
    </trkpt>
    <trkpt lat="46.434901" lon="4.2735623">
      <ele>279</ele>
    </trkpt>
    <trkpt lat="46.434841" lon="4.2735972">
      <ele>278</ele>
    </trkpt>
    <trkpt lat="46.434775" lon="4.2736401">
      <ele>278</ele>
    </trkpt>
    <trkpt lat="46.43471" lon="4.2736991">
      <ele>278</ele>
    </trkpt>
    <trkpt lat="46.434677" lon="4.273742">
      <ele>277</ele>
    </trkpt>
    <trkpt lat="46.434642" lon="4.2737957">
      <ele>277</ele>
    </trkpt>
    <trkpt lat="46.434625" lon="4.2738198">
      <ele>277</ele>
    </trkpt>
    <trkpt lat="46.43457" lon="4.2739083">
      <ele>277</ele>
    </trkpt>
    <trkpt lat="46.434542" lon="4.2739539">
      <ele>277</ele>
    </trkpt>
    <trkpt lat="46.43449" lon="4.2740397">
      <ele>277</ele>
    </trkpt>
    <trkpt lat="46.434361" lon="4.2742409">
      <ele>278</ele>
    </trkpt>
    <trkpt lat="46.434344" lon="4.2742677">
      <ele>278</ele>
    </trkpt>
    <trkpt lat="46.43423" lon="4.274426">
      <ele>279</ele>
    </trkpt>
    <trkpt lat="46.434135" lon="4.2745735">
      <ele>279</ele>
    </trkpt>
    <trkpt lat="46.434283" lon="4.2747666">
      <ele>279</ele>
    </trkpt>
    <trkpt lat="46.434379" lon="4.2749115">
      <ele>280</ele>
    </trkpt>
    <trkpt lat="46.434592" lon="4.2752092">
      <ele>280</ele>
    </trkpt>
    <trkpt lat="46.434686" lon="4.2753674">
      <ele>281</ele>
    </trkpt>
    <trkpt lat="46.434718" lon="4.2754238">
      <ele>281</ele>
    </trkpt>
    <trkpt lat="46.434875" lon="4.2756786">
      <ele>283</ele>
    </trkpt>
    <trkpt lat="46.434965" lon="4.2758127">
      <ele>284</ele>
    </trkpt>
    <trkpt lat="46.435045" lon="4.2759146">
      <ele>285</ele>
    </trkpt>
    <trkpt lat="46.435121" lon="4.2760139">
      <ele>286</ele>
    </trkpt>
    <trkpt lat="46.435209" lon="4.2761265">
      <ele>287</ele>
    </trkpt>
    <trkpt lat="46.435263" lon="4.276215">
      <ele>287</ele>
    </trkpt>
    <trkpt lat="46.435278" lon="4.2762445">
      <ele>287</ele>
    </trkpt>
    <trkpt lat="46.435311" lon="4.276325">
      <ele>288</ele>
    </trkpt>
    <trkpt lat="46.4353" lon="4.2763813">
      <ele>288</ele>
    </trkpt>
    <trkpt lat="46.435121" lon="4.2768963">
      <ele>285</ele>
    </trkpt>
    <trkpt lat="46.435106" lon="4.2769446">
      <ele>285</ele>
    </trkpt>
    <trkpt lat="46.435146" lon="4.2770599">
      <ele>285</ele>
    </trkpt>
    <trkpt lat="46.43522" lon="4.2772959">
      <ele>284</ele>
    </trkpt>
    <trkpt lat="46.43534" lon="4.2777036">
      <ele>283</ele>
    </trkpt>
    <trkpt lat="46.43545" lon="4.2779826">
      <ele>282</ele>
    </trkpt>
    <trkpt lat="46.435742" lon="4.2783742">
      <ele>283</ele>
    </trkpt>
    <trkpt lat="46.436095" lon="4.2787256">
      <ele>282</ele>
    </trkpt>
    <trkpt lat="46.436219" lon="4.2788704">
      <ele>281</ele>
    </trkpt>
    <trkpt lat="46.436281" lon="4.2789509">
      <ele>282</ele>
    </trkpt>
    <trkpt lat="46.436379" lon="4.2790796">
      <ele>282</ele>
    </trkpt>
    <trkpt lat="46.436603" lon="4.2793961">
      <ele>282</ele>
    </trkpt>
    <trkpt lat="46.436684" lon="4.2795195">
      <ele>282</ele>
    </trkpt>
    <trkpt lat="46.43679" lon="4.2796161">
      <ele>282</ele>
    </trkpt>
    <trkpt lat="46.436917" lon="4.2797099">
      <ele>283</ele>
    </trkpt>
    <trkpt lat="46.437137" lon="4.2798923">
      <ele>284</ele>
    </trkpt>
    <trkpt lat="46.437206" lon="4.2799943">
      <ele>285</ele>
    </trkpt>
    <trkpt lat="46.437287" lon="4.2802383">
      <ele>285</ele>
    </trkpt>
    <trkpt lat="46.437316" lon="4.2803993">
      <ele>285</ele>
    </trkpt>
    <trkpt lat="46.437322" lon="4.2805736">
      <ele>286</ele>
    </trkpt>
    <trkpt lat="46.437304" lon="4.280697">
      <ele>287</ele>
    </trkpt>
    <trkpt lat="46.437224" lon="4.2810913">
      <ele>290</ele>
    </trkpt>
    <trkpt lat="46.437198" lon="4.2812683">
      <ele>291</ele>
    </trkpt>
    <trkpt lat="46.437187" lon="4.2814641">
      <ele>292</ele>
    </trkpt>
    <trkpt lat="46.437193" lon="4.2819335">
      <ele>295</ele>
    </trkpt>
    <trkpt lat="46.437202" lon="4.2826443">
      <ele>297</ele>
    </trkpt>
    <trkpt lat="46.437217" lon="4.2829581">
      <ele>298</ele>
    </trkpt>
    <trkpt lat="46.437228" lon="4.2830815">
      <ele>298</ele>
    </trkpt>
    <trkpt lat="46.437291" lon="4.2834489">
      <ele>300</ele>
    </trkpt>
    <trkpt lat="46.437377" lon="4.2839666">
      <ele>302</ele>
    </trkpt>
    <trkpt lat="46.437407" lon="4.2841517">
      <ele>302</ele>
    </trkpt>
    <trkpt lat="46.439475" lon="4.2964925">
      <ele>313</ele>
    </trkpt>
    <trkpt lat="46.439784" lon="4.2983111">
      <ele>308</ele>
    </trkpt>
    <trkpt lat="46.439812" lon="4.2984586">
      <ele>307</ele>
    </trkpt>
    <trkpt lat="46.439836" lon="4.2986088">
      <ele>306</ele>
    </trkpt>
    <trkpt lat="46.439884" lon="4.2988877">
      <ele>306</ele>
    </trkpt>
    <trkpt lat="46.439995" lon="4.2995154">
      <ele>306</ele>
    </trkpt>
    <trkpt lat="46.440035" lon="4.2997273">
      <ele>306</ele>
    </trkpt>
    <trkpt lat="46.440078" lon="4.2999016">
      <ele>306</ele>
    </trkpt>
    <trkpt lat="46.440091" lon="4.3000464">
      <ele>306</ele>
    </trkpt>
    <trkpt lat="46.440121" lon="4.300253">
      <ele>305</ele>
    </trkpt>
    <trkpt lat="46.440124" lon="4.3003656">
      <ele>306</ele>
    </trkpt>
    <trkpt lat="46.440119" lon="4.3004676">
      <ele>306</ele>
    </trkpt>
    <trkpt lat="46.440063" lon="4.3005963">
      <ele>306</ele>
    </trkpt>
    <trkpt lat="46.440056" lon="4.3006848">
      <ele>306</ele>
    </trkpt>
    <trkpt lat="46.440067" lon="4.3007706">
      <ele>306</ele>
    </trkpt>
    <trkpt lat="46.440098" lon="4.3008484">
      <ele>306</ele>
    </trkpt>
    <trkpt lat="46.440148" lon="4.3009101">
      <ele>306</ele>
    </trkpt>
    <trkpt lat="46.440209" lon="4.300945">
      <ele>307</ele>
    </trkpt>
    <trkpt lat="46.440246" lon="4.3010415">
      <ele>307</ele>
    </trkpt>
    <trkpt lat="46.440268" lon="4.3011166">
      <ele>307</ele>
    </trkpt>
    <trkpt lat="46.440294" lon="4.3012239">
      <ele>307</ele>
    </trkpt>
    <trkpt lat="46.440346" lon="4.301519">
      <ele>307</ele>
    </trkpt>
    <trkpt lat="46.440424" lon="4.3020769">
      <ele>309</ele>
    </trkpt>
    <trkpt lat="46.440657" lon="4.303426">
      <ele>315</ele>
    </trkpt>
    <trkpt lat="46.44073" lon="4.3038659">
      <ele>317</ele>
    </trkpt>
    <trkpt lat="46.440793" lon="4.3042334">
      <ele>318</ele>
    </trkpt>
    <trkpt lat="46.440862" lon="4.304684">
      <ele>321</ele>
    </trkpt>
    <trkpt lat="46.441028" lon="4.3058186">
      <ele>324</ele>
    </trkpt>
    <trkpt lat="46.441067" lon="4.3060868">
      <ele>324</ele>
    </trkpt>
    <trkpt lat="46.441076" lon="4.3062021">
      <ele>324</ele>
    </trkpt>
    <trkpt lat="46.441083" lon="4.3064462">
      <ele>324</ele>
    </trkpt>
    <trkpt lat="46.441106" lon="4.3068888">
      <ele>324</ele>
    </trkpt>
    <trkpt lat="46.44112" lon="4.3071167">
      <ele>324</ele>
    </trkpt>
    <trkpt lat="46.441148" lon="4.3073045">
      <ele>324</ele>
    </trkpt>
    <trkpt lat="46.441187" lon="4.3075539">
      <ele>324</ele>
    </trkpt>
    <trkpt lat="46.441235" lon="4.3078061">
      <ele>324</ele>
    </trkpt>
    <trkpt lat="46.441279" lon="4.3080153">
      <ele>324</ele>
    </trkpt>
    <trkpt lat="46.441339" lon="4.3082352">
      <ele>324</ele>
    </trkpt>
    <trkpt lat="46.441422" lon="4.3084981">
      <ele>323</ele>
    </trkpt>
    <trkpt lat="46.441488" lon="4.3087153">
      <ele>323</ele>
    </trkpt>
    <trkpt lat="46.441549" lon="4.3089246">
      <ele>322</ele>
    </trkpt>
    <trkpt lat="46.441597" lon="4.3091204">
      <ele>322</ele>
    </trkpt>
    <trkpt lat="46.441642" lon="4.3092974">
      <ele>322</ele>
    </trkpt>
    <trkpt lat="46.44168" lon="4.3094798">
      <ele>322</ele>
    </trkpt>
    <trkpt lat="46.441741" lon="4.3098258">
      <ele>321</ele>
    </trkpt>
    <trkpt lat="46.441897" lon="4.3107565">
      <ele>321</ele>
    </trkpt>
    <trkpt lat="46.442069" lon="4.311824">
      <ele>319</ele>
    </trkpt>
    <trkpt lat="46.442176" lon="4.3124919">
      <ele>319</ele>
    </trkpt>
    <trkpt lat="46.44213" lon="4.3125214">
      <ele>319</ele>
    </trkpt>
    <trkpt lat="46.442093" lon="4.3125697">
      <ele>319</ele>
    </trkpt>
    <trkpt lat="46.44207" lon="4.3126341">
      <ele>319</ele>
    </trkpt>
    <trkpt lat="46.442067" lon="4.312677">
      <ele>319</ele>
    </trkpt>
    <trkpt lat="46.442065" lon="4.3127065">
      <ele>319</ele>
    </trkpt>
    <trkpt lat="46.442076" lon="4.3127762">
      <ele>319</ele>
    </trkpt>
    <trkpt lat="46.442102" lon="4.3128379">
      <ele>319</ele>
    </trkpt>
    <trkpt lat="46.442143" lon="4.3128808">
      <ele>319</ele>
    </trkpt>
    <trkpt lat="46.442191" lon="4.3129023">
      <ele>319</ele>
    </trkpt>
    <trkpt lat="46.442241" lon="4.3128996">
      <ele>319</ele>
    </trkpt>
    <trkpt lat="46.442266" lon="4.3130659">
      <ele>319</ele>
    </trkpt>
    <trkpt lat="46.442708" lon="4.3156569">
      <ele>318</ele>
    </trkpt>
    <trkpt lat="46.443052" lon="4.3176417">
      <ele>325</ele>
    </trkpt>
    <trkpt lat="46.443081" lon="4.3178054">
      <ele>326</ele>
    </trkpt>
    <trkpt lat="46.443218" lon="4.3186207">
      <ele>327</ele>
    </trkpt>
    <trkpt lat="46.443836" lon="4.3223249">
      <ele>332</ele>
    </trkpt>
    <trkpt lat="46.444224" lon="4.3246369">
      <ele>319</ele>
    </trkpt>
    <trkpt lat="46.444571" lon="4.3266432">
      <ele>309</ele>
    </trkpt>
    <trkpt lat="46.445135" lon="4.3300389">
      <ele>322</ele>
    </trkpt>
    <trkpt lat="46.445251" lon="4.330739">
      <ele>322</ele>
    </trkpt>
    <trkpt lat="46.445682" lon="4.3333005">
      <ele>307</ele>
    </trkpt>
    <trkpt lat="46.445811" lon="4.3340622">
      <ele>304</ele>
    </trkpt>
    <trkpt lat="46.445909" lon="4.3346469">
      <ele>303</ele>
    </trkpt>
    <trkpt lat="46.446355" lon="4.3372192">
      <ele>302</ele>
    </trkpt>
    <trkpt lat="46.446441" lon="4.3377368">
      <ele>302</ele>
    </trkpt>
    <trkpt lat="46.446674" lon="4.3391745">
      <ele>309</ele>
    </trkpt>
    <trkpt lat="46.446855" lon="4.3402715">
      <ele>312</ele>
    </trkpt>
    <trkpt lat="46.446879" lon="4.3404217">
      <ele>312</ele>
    </trkpt>
    <trkpt lat="46.447199" lon="4.342361">
      <ele>313</ele>
    </trkpt>
    <trkpt lat="46.447384" lon="4.3435304">
      <ele>310</ele>
    </trkpt>
    <trkpt lat="46.448535" lon="4.3509628">
      <ele>310</ele>
    </trkpt>
    <trkpt lat="46.44887" lon="4.3531354">
      <ele>320</ele>
    </trkpt>
    <trkpt lat="46.449517" lon="4.3573518">
      <ele>318</ele>
    </trkpt>
    <trkpt lat="46.449559" lon="4.3576254">
      <ele>318</ele>
    </trkpt>
    <trkpt lat="46.449849" lon="4.3595325">
      <ele>325</ele>
    </trkpt>
    <trkpt lat="46.449979" lon="4.3604713">
      <ele>328</ele>
    </trkpt>
    <trkpt lat="46.449984" lon="4.360836">
      <ele>327</ele>
    </trkpt>
    <trkpt lat="46.449977" lon="4.3611472">
      <ele>327</ele>
    </trkpt>
    <trkpt lat="46.44996" lon="4.3613027">
      <ele>326</ele>
    </trkpt>
    <trkpt lat="46.449932" lon="4.3615495">
      <ele>325</ele>
    </trkpt>
    <trkpt lat="46.449722" lon="4.3633949">
      <ele>315</ele>
    </trkpt>
    <trkpt lat="46.449696" lon="4.3637167">
      <ele>314</ele>
    </trkpt>
    <trkpt lat="46.449701" lon="4.3640118">
      <ele>313</ele>
    </trkpt>
    <trkpt lat="46.44974" lon="4.36428">
      <ele>313</ele>
    </trkpt>
    <trkpt lat="46.449796" lon="4.3645563">
      <ele>312</ele>
    </trkpt>
    <trkpt lat="46.449892" lon="4.3648298">
      <ele>312</ele>
    </trkpt>
    <trkpt lat="46.450062" lon="4.3651624">
      <ele>314</ele>
    </trkpt>
    <trkpt lat="46.450101" lon="4.3652751">
      <ele>313</ele>
    </trkpt>
    <trkpt lat="46.450119" lon="4.3653663">
      <ele>314</ele>
    </trkpt>
    <trkpt lat="46.45013" lon="4.3654897">
      <ele>314</ele>
    </trkpt>
    <trkpt lat="46.450119" lon="4.3655487">
      <ele>314</ele>
    </trkpt>
    <trkpt lat="46.450123" lon="4.3656077">
      <ele>314</ele>
    </trkpt>
    <trkpt lat="46.450136" lon="4.3656667">
      <ele>313</ele>
    </trkpt>
    <trkpt lat="46.45016" lon="4.365715">
      <ele>313</ele>
    </trkpt>
    <trkpt lat="46.450193" lon="4.3657525">
      <ele>313</ele>
    </trkpt>
    <trkpt lat="46.45023" lon="4.365774">
      <ele>314</ele>
    </trkpt>
    <trkpt lat="46.450269" lon="4.3657793">
      <ele>314</ele>
    </trkpt>
    <trkpt lat="46.450308" lon="4.3657713">
      <ele>314</ele>
    </trkpt>
    <trkpt lat="46.450365" lon="4.3657793">
      <ele>314</ele>
    </trkpt>
    <trkpt lat="46.450428" lon="4.3658062">
      <ele>314</ele>
    </trkpt>
    <trkpt lat="46.450498" lon="4.3658571">
      <ele>314</ele>
    </trkpt>
    <trkpt lat="46.451178" lon="4.3667583">
      <ele>315</ele>
    </trkpt>
    <trkpt lat="46.451272" lon="4.3669434">
      <ele>316</ele>
    </trkpt>
    <trkpt lat="46.451313" lon="4.3670507">
      <ele>316</ele>
    </trkpt>
    <trkpt lat="46.451331" lon="4.3671473">
      <ele>316</ele>
    </trkpt>
    <trkpt lat="46.451339" lon="4.3672116">
      <ele>316</ele>
    </trkpt>
    <trkpt lat="46.451357" lon="4.3672733">
      <ele>316</ele>
    </trkpt>
    <trkpt lat="46.451387" lon="4.3673189">
      <ele>316</ele>
    </trkpt>
    <trkpt lat="46.451411" lon="4.3673431">
      <ele>316</ele>
    </trkpt>
    <trkpt lat="46.451435" lon="4.3673565">
      <ele>316</ele>
    </trkpt>
    <trkpt lat="46.451476" lon="4.3674584">
      <ele>317</ele>
    </trkpt>
    <trkpt lat="46.451514" lon="4.3675979">
      <ele>317</ele>
    </trkpt>
    <trkpt lat="46.451549" lon="4.3677642">
      <ele>318</ele>
    </trkpt>
    <trkpt lat="46.451572" lon="4.3679948">
      <ele>318</ele>
    </trkpt>
    <trkpt lat="46.451585" lon="4.3682014">
      <ele>317</ele>
    </trkpt>
    <trkpt lat="46.451588" lon="4.3684186">
      <ele>317</ele>
    </trkpt>
    <trkpt lat="46.451581" lon="4.3686305">
      <ele>317</ele>
    </trkpt>
    <trkpt lat="46.45154" lon="4.3690704">
      <ele>317</ele>
    </trkpt>
    <trkpt lat="46.451494" lon="4.3695478">
      <ele>319</ele>
    </trkpt>
    <trkpt lat="46.451468" lon="4.3698429">
      <ele>320</ele>
    </trkpt>
    <trkpt lat="46.451464" lon="4.3700092">
      <ele>321</ele>
    </trkpt>
    <trkpt lat="46.451463" lon="4.3701567">
      <ele>321</ele>
    </trkpt>
    <trkpt lat="46.451468" lon="4.3702962">
      <ele>321</ele>
    </trkpt>
    <trkpt lat="46.451477" lon="4.3704383">
      <ele>321</ele>
    </trkpt>
    <trkpt lat="46.451494" lon="4.3705725">
      <ele>321</ele>
    </trkpt>
    <trkpt lat="46.451507" lon="4.3706797">
      <ele>321</ele>
    </trkpt>
    <trkpt lat="46.45159" lon="4.3712913">
      <ele>319</ele>
    </trkpt>
    <trkpt lat="46.451708" lon="4.3721415">
      <ele>324</ele>
    </trkpt>
    <trkpt lat="46.451738" lon="4.3723481">
      <ele>325</ele>
    </trkpt>
    <trkpt lat="46.451865" lon="4.3732654">
      <ele>330</ele>
    </trkpt>
    <trkpt lat="46.451893" lon="4.3734129">
      <ele>331</ele>
    </trkpt>
    <trkpt lat="46.451932" lon="4.3735658">
      <ele>331</ele>
    </trkpt>
    <trkpt lat="46.451974" lon="4.3736811">
      <ele>331</ele>
    </trkpt>
    <trkpt lat="46.452011" lon="4.3737536">
      <ele>331</ele>
    </trkpt>
    <trkpt lat="46.452078" lon="4.3738662">
      <ele>331</ele>
    </trkpt>
    <trkpt lat="46.452326" lon="4.3742846">
      <ele>333</ele>
    </trkpt>
    <trkpt lat="46.452671" lon="4.3748506">
      <ele>333</ele>
    </trkpt>
    <trkpt lat="46.452869" lon="4.3751724">
      <ele>332</ele>
    </trkpt>
    <trkpt lat="46.453131" lon="4.3756016">
      <ele>332</ele>
    </trkpt>
    <trkpt lat="46.454813" lon="4.378324">
      <ele>338</ele>
    </trkpt>
    <trkpt lat="46.454854" lon="4.3783884">
      <ele>338</ele>
    </trkpt>
    <trkpt lat="46.457184" lon="4.3821784">
      <ele>333</ele>
    </trkpt>
    <trkpt lat="46.457287" lon="4.3823447">
      <ele>333</ele>
    </trkpt>
    <trkpt lat="46.458196" lon="4.3838226">
      <ele>333</ele>
    </trkpt>
    <trkpt lat="46.459889" lon="4.3865557">
      <ele>348</ele>
    </trkpt>
    <trkpt lat="46.459911" lon="4.3865906">
      <ele>348</ele>
    </trkpt>
    <trkpt lat="46.462435" lon="4.390681">
      <ele>369</ele>
    </trkpt>
    <trkpt lat="46.462571" lon="4.3909009">
      <ele>371</ele>
    </trkpt>
    <trkpt lat="46.463715" lon="4.3927382">
      <ele>381</ele>
    </trkpt>
    <trkpt lat="46.464859" lon="4.3945729">
      <ele>381</ele>
    </trkpt>
    <trkpt lat="46.467105" lon="4.3982153">
      <ele>387</ele>
    </trkpt>
    <trkpt lat="46.467872" lon="4.3994518">
      <ele>382</ele>
    </trkpt>
    <trkpt lat="46.468258" lon="4.400066">
      <ele>383</ele>
    </trkpt>
    <trkpt lat="46.468635" lon="4.4006534">
      <ele>382</ele>
    </trkpt>
    <trkpt lat="46.470057" lon="4.4028931">
      <ele>376</ele>
    </trkpt>
    <trkpt lat="46.470259" lon="4.4032337">
      <ele>376</ele>
    </trkpt>
    <trkpt lat="46.471269" lon="4.4051569">
      <ele>388</ele>
    </trkpt>
    <trkpt lat="46.471923" lon="4.4063987">
      <ele>396</ele>
    </trkpt>
    <trkpt lat="46.472505" lon="4.4075038">
      <ele>398</ele>
    </trkpt>
    <trkpt lat="46.472808" lon="4.4080831">
      <ele>398</ele>
    </trkpt>
    <trkpt lat="46.473113" lon="4.4086679">
      <ele>399</ele>
    </trkpt>
    <trkpt lat="46.473441" lon="4.4092606">
      <ele>398</ele>
    </trkpt>
    <trkpt lat="46.473704" lon="4.4097863">
      <ele>398</ele>
    </trkpt>
    <trkpt lat="46.473977" lon="4.4102906">
      <ele>400</ele>
    </trkpt>
    <trkpt lat="46.47418" lon="4.4106768">
      <ele>401</ele>
    </trkpt>
    <trkpt lat="46.475701" lon="4.4136514">
      <ele>407</ele>
    </trkpt>
    <trkpt lat="46.476212" lon="4.414617">
      <ele>407</ele>
    </trkpt>
    <trkpt lat="46.476244" lon="4.414676">
      <ele>407</ele>
    </trkpt>
    <trkpt lat="46.477435" lon="4.416972">
      <ele>404</ele>
    </trkpt>
    <trkpt lat="46.477551" lon="4.4172187">
      <ele>406</ele>
    </trkpt>
    <trkpt lat="46.477609" lon="4.4173609">
      <ele>406</ele>
    </trkpt>
    <trkpt lat="46.477651" lon="4.4175111">
      <ele>406</ele>
    </trkpt>
    <trkpt lat="46.477793" lon="4.4182192">
      <ele>405</ele>
    </trkpt>
    <trkpt lat="46.47808" lon="4.4196381">
      <ele>398</ele>
    </trkpt>
    <trkpt lat="46.478229" lon="4.4203757">
      <ele>394</ele>
    </trkpt>
    <trkpt lat="46.478416" lon="4.4213306">
      <ele>389</ele>
    </trkpt>
    <trkpt lat="46.478527" lon="4.4218965">
      <ele>386</ele>
    </trkpt>
    <trkpt lat="46.478922" lon="4.4239109">
      <ele>386</ele>
    </trkpt>
    <trkpt lat="46.479134" lon="4.4250052">
      <ele>387</ele>
    </trkpt>
    <trkpt lat="46.479192" lon="4.4252949">
      <ele>387</ele>
    </trkpt>
    <trkpt lat="46.479254" lon="4.4256167">
      <ele>386</ele>
    </trkpt>
    <trkpt lat="46.479284" lon="4.4257669">
      <ele>386</ele>
    </trkpt>
    <trkpt lat="46.479435" lon="4.4265367">
      <ele>384</ele>
    </trkpt>
    <trkpt lat="46.480023" lon="4.4295408">
      <ele>384</ele>
    </trkpt>
    <trkpt lat="46.480095" lon="4.4299163">
      <ele>385</ele>
    </trkpt>
    <trkpt lat="46.480239" lon="4.4306459">
      <ele>385</ele>
    </trkpt>
    <trkpt lat="46.480405" lon="4.4314961">
      <ele>384</ele>
    </trkpt>
    <trkpt lat="46.480529" lon="4.4321238">
      <ele>383</ele>
    </trkpt>
    <trkpt lat="46.480568" lon="4.4323276">
      <ele>383</ele>
    </trkpt>
    <trkpt lat="46.48059" lon="4.4324349">
      <ele>382</ele>
    </trkpt>
    <trkpt lat="46.480599" lon="4.4324805">
      <ele>382</ele>
    </trkpt>
    <trkpt lat="46.48063" lon="4.4326414">
      <ele>382</ele>
    </trkpt>
    <trkpt lat="46.480691" lon="4.432958">
      <ele>381</ele>
    </trkpt>
    <trkpt lat="46.480654" lon="4.4329767">
      <ele>381</ele>
    </trkpt>
    <trkpt lat="46.480625" lon="4.4329928">
      <ele>381</ele>
    </trkpt>
    <trkpt lat="46.480601" lon="4.4330465">
      <ele>381</ele>
    </trkpt>
    <trkpt lat="46.480592" lon="4.4330786">
      <ele>381</ele>
    </trkpt>
    <trkpt lat="46.48058" lon="4.4331189">
      <ele>381</ele>
    </trkpt>
    <trkpt lat="46.480573" lon="4.4331618">
      <ele>381</ele>
    </trkpt>
    <trkpt lat="46.480403" lon="4.4342964">
      <ele>378</ele>
    </trkpt>
    <trkpt lat="46.480303" lon="4.4349589">
      <ele>375</ele>
    </trkpt>
    <trkpt lat="46.480242" lon="4.4351869">
      <ele>374</ele>
    </trkpt>
    <trkpt lat="46.480167" lon="4.4354739">
      <ele>374</ele>
    </trkpt>
    <trkpt lat="46.480015" lon="4.4360774">
      <ele>373</ele>
    </trkpt>
    <trkpt lat="46.479982" lon="4.4363161">
      <ele>372</ele>
    </trkpt>
    <trkpt lat="46.480045" lon="4.4363912">
      <ele>372</ele>
    </trkpt>
    <trkpt lat="46.480204" lon="4.4366272">
      <ele>372</ele>
    </trkpt>
    <trkpt lat="46.480322" lon="4.4367989">
      <ele>373</ele>
    </trkpt>
    <trkpt lat="46.480416" lon="4.4369383">
      <ele>373</ele>
    </trkpt>
    <trkpt lat="46.480429" lon="4.4369571">
      <ele>374</ele>
    </trkpt>
    <trkpt lat="46.480483" lon="4.4370376">
      <ele>374</ele>
    </trkpt>
    <trkpt lat="46.480529" lon="4.4371368">
      <ele>374</ele>
    </trkpt>
    <trkpt lat="46.480579" lon="4.4372548">
      <ele>374</ele>
    </trkpt>
    <trkpt lat="46.480599" lon="4.4372897">
      <ele>374</ele>
    </trkpt>
    <trkpt lat="46.480619" lon="4.4373246">
      <ele>374</ele>
    </trkpt>
    <trkpt lat="46.480647" lon="4.4373541">
      <ele>374</ele>
    </trkpt>
    <trkpt lat="46.48064" lon="4.4373782">
      <ele>374</ele>
    </trkpt>
    <trkpt lat="46.480638" lon="4.4374077">
      <ele>374</ele>
    </trkpt>
    <trkpt lat="46.480643" lon="4.4374319">
      <ele>374</ele>
    </trkpt>
    <trkpt lat="46.480654" lon="4.437456">
      <ele>374</ele>
    </trkpt>
    <trkpt lat="46.480677" lon="4.4374721">
      <ele>374</ele>
    </trkpt>
    <trkpt lat="46.480701" lon="4.4374748">
      <ele>375</ele>
    </trkpt>
    <trkpt lat="46.480702" lon="4.4375445">
      <ele>375</ele>
    </trkpt>
    <trkpt lat="46.480719" lon="4.4376599">
      <ele>375</ele>
    </trkpt>
    <trkpt lat="46.48075" lon="4.4378208">
      <ele>375</ele>
    </trkpt>
    <trkpt lat="46.48075" lon="4.4379066">
      <ele>375</ele>
    </trkpt>
    <trkpt lat="46.480737" lon="4.437971">
      <ele>375</ele>
    </trkpt>
    <trkpt lat="46.480719" lon="4.4380246">
      <ele>375</ele>
    </trkpt>
    <trkpt lat="46.480688" lon="4.4380783">
      <ele>375</ele>
    </trkpt>
    <trkpt lat="46.480279" lon="4.4385504">
      <ele>376</ele>
    </trkpt>
    <trkpt lat="46.480231" lon="4.438604">
      <ele>376</ele>
    </trkpt>
    <trkpt lat="46.4802" lon="4.4386389">
      <ele>376</ele>
    </trkpt>
    <trkpt lat="46.480268" lon="4.4389125">
      <ele>377</ele>
    </trkpt>
    <trkpt lat="46.48034" lon="4.439245">
      <ele>377</ele>
    </trkpt>
    <trkpt lat="46.480427" lon="4.4396662">
      <ele>377</ele>
    </trkpt>
    <trkpt lat="46.480444" lon="4.439819">
      <ele>377</ele>
    </trkpt>
    <trkpt lat="46.480353" lon="4.4398137">
      <ele>377</ele>
    </trkpt>
    <trkpt lat="46.480292" lon="4.4398083">
      <ele>377</ele>
    </trkpt>
    <trkpt lat="46.480296" lon="4.4398512">
      <ele>377</ele>
    </trkpt>
    <trkpt lat="46.48032" lon="4.4400417">
      <ele>377</ele>
    </trkpt>
    <trkpt lat="46.480355" lon="4.4402777">
      <ele>377</ele>
    </trkpt>
    <trkpt lat="46.480361" lon="4.4403126">
      <ele>376</ele>
    </trkpt>
    <trkpt lat="46.480387" lon="4.4404896">
      <ele>376</ele>
    </trkpt>
    <trkpt lat="46.480401" lon="4.4406103">
      <ele>376</ele>
    </trkpt>
    <trkpt lat="46.480401" lon="4.4407176">
      <ele>376</ele>
    </trkpt>
    <trkpt lat="46.480368" lon="4.4408329">
      <ele>375</ele>
    </trkpt>
    <trkpt lat="46.480289" lon="4.4409831">
      <ele>376</ele>
    </trkpt>
    <trkpt lat="46.480242" lon="4.4410663">
      <ele>376</ele>
    </trkpt>
    <trkpt lat="46.479965" lon="4.4415652">
      <ele>377</ele>
    </trkpt>
    <trkpt lat="46.479884" lon="4.4417449">
      <ele>378</ele>
    </trkpt>
    <trkpt lat="46.47972" lon="4.4418763">
      <ele>379</ele>
    </trkpt>
    <trkpt lat="46.479589" lon="4.4419809">
      <ele>380</ele>
    </trkpt>
    <trkpt lat="46.479487" lon="4.4420801">
      <ele>381</ele>
    </trkpt>
    <trkpt lat="46.479352" lon="4.4422411">
      <ele>382</ele>
    </trkpt>
    <trkpt lat="46.479262" lon="4.4423537">
      <ele>383</ele>
    </trkpt>
    <trkpt lat="46.479177" lon="4.4424583">
      <ele>383</ele>
    </trkpt>
    <trkpt lat="46.478966" lon="4.4427212">
      <ele>385</ele>
    </trkpt>
    <trkpt lat="46.478857" lon="4.442858">
      <ele>386</ele>
    </trkpt>
    <trkpt lat="46.478721" lon="4.443035">
      <ele>387</ele>
    </trkpt>
    <trkpt lat="46.478615" lon="4.4431503">
      <ele>388</ele>
    </trkpt>
    <trkpt lat="46.478377" lon="4.4433917">
      <ele>391</ele>
    </trkpt>
    <trkpt lat="46.478294" lon="4.4434803">
      <ele>391</ele>
    </trkpt>
    <trkpt lat="46.478137" lon="4.4436948">
      <ele>393</ele>
    </trkpt>
    <trkpt lat="46.478041" lon="4.4438343">
      <ele>394</ele>
    </trkpt>
    <trkpt lat="46.477965" lon="4.4439282">
      <ele>395</ele>
    </trkpt>
    <trkpt lat="46.477875" lon="4.444014">
      <ele>396</ele>
    </trkpt>
    <trkpt lat="46.477666" lon="4.4441803">
      <ele>398</ele>
    </trkpt>
    <trkpt lat="46.477585" lon="4.4442688">
      <ele>399</ele>
    </trkpt>
    <trkpt lat="46.477509" lon="4.4444029">
      <ele>399</ele>
    </trkpt>
    <trkpt lat="46.477448" lon="4.4445424">
      <ele>400</ele>
    </trkpt>
    <trkpt lat="46.477261" lon="4.4450923">
      <ele>402</ele>
    </trkpt>
    <trkpt lat="46.477191" lon="4.4453149">
      <ele>403</ele>
    </trkpt>
    <trkpt lat="46.477163" lon="4.4454034">
      <ele>404</ele>
    </trkpt>
    <trkpt lat="46.477069" lon="4.4456931">
      <ele>405</ele>
    </trkpt>
    <trkpt lat="46.477029" lon="4.4458594">
      <ele>405</ele>
    </trkpt>
    <trkpt lat="46.476971" lon="4.4461651">
      <ele>406</ele>
    </trkpt>
    <trkpt lat="46.476962" lon="4.4462107">
      <ele>406</ele>
    </trkpt>
    <trkpt lat="46.476907" lon="4.446597">
      <ele>406</ele>
    </trkpt>
    <trkpt lat="46.476881" lon="4.4469135">
      <ele>407</ele>
    </trkpt>
    <trkpt lat="46.476857" lon="4.4470986">
      <ele>407</ele>
    </trkpt>
    <trkpt lat="46.476818" lon="4.447238">
      <ele>407</ele>
    </trkpt>
    <trkpt lat="46.476779" lon="4.4473131">
      <ele>407</ele>
    </trkpt>
    <trkpt lat="46.476371" lon="4.4479086">
      <ele>406</ele>
    </trkpt>
    <trkpt lat="46.476354" lon="4.4479354">
      <ele>406</ele>
    </trkpt>
    <trkpt lat="46.476185" lon="4.4481956">
      <ele>405</ele>
    </trkpt>
    <trkpt lat="46.476064" lon="4.448555">
      <ele>404</ele>
    </trkpt>
    <trkpt lat="46.475922" lon="4.4490324">
      <ele>403</ele>
    </trkpt>
    <trkpt lat="46.475782" lon="4.449365">
      <ele>401</ele>
    </trkpt>
    <trkpt lat="46.475497" lon="4.4499739">
      <ele>399</ele>
    </trkpt>
    <trkpt lat="46.475119" lon="4.4509556">
      <ele>396</ele>
    </trkpt>
    <trkpt lat="46.474888" lon="4.4515886">
      <ele>394</ele>
    </trkpt>
    <trkpt lat="46.474805" lon="4.4517844">
      <ele>394</ele>
    </trkpt>
    <trkpt lat="46.474723" lon="4.4519399">
      <ele>394</ele>
    </trkpt>
    <trkpt lat="46.474614" lon="4.4520875">
      <ele>394</ele>
    </trkpt>
    <trkpt lat="46.474121" lon="4.452632">
      <ele>397</ele>
    </trkpt>
    <trkpt lat="46.473617" lon="4.4531738">
      <ele>399</ele>
    </trkpt>
    <trkpt lat="46.473514" lon="4.4532515">
      <ele>399</ele>
    </trkpt>
    <trkpt lat="46.473451" lon="4.4533427">
      <ele>399</ele>
    </trkpt>
    <trkpt lat="46.473268" lon="4.4535922">
      <ele>399</ele>
    </trkpt>
    <trkpt lat="46.472682" lon="4.4543915">
      <ele>394</ele>
    </trkpt>
    <trkpt lat="46.472222" lon="4.4550406">
      <ele>391</ele>
    </trkpt>
    <trkpt lat="46.472099" lon="4.4552337">
      <ele>391</ele>
    </trkpt>
    <trkpt lat="46.471964" lon="4.4554456">
      <ele>390</ele>
    </trkpt>
    <trkpt lat="46.471853" lon="4.4556441">
      <ele>389</ele>
    </trkpt>
    <trkpt lat="46.47172" lon="4.4559311">
      <ele>388</ele>
    </trkpt>
    <trkpt lat="46.471639" lon="4.4561349">
      <ele>388</ele>
    </trkpt>
    <trkpt lat="46.471583" lon="4.4563575">
      <ele>387</ele>
    </trkpt>
    <trkpt lat="46.471526" lon="4.4566311">
      <ele>386</ele>
    </trkpt>
    <trkpt lat="46.471493" lon="4.4567572">
      <ele>386</ele>
    </trkpt>
    <trkpt lat="46.471467" lon="4.4568135">
      <ele>386</ele>
    </trkpt>
    <trkpt lat="46.471428" lon="4.4568967">
      <ele>385</ele>
    </trkpt>
    <trkpt lat="46.471295" lon="4.4571649">
      <ele>385</ele>
    </trkpt>
    <trkpt lat="46.471103" lon="4.4575619">
      <ele>384</ele>
    </trkpt>
    <trkpt lat="46.471025" lon="4.457755">
      <ele>384</ele>
    </trkpt>
    <trkpt lat="46.470913" lon="4.4580983">
      <ele>384</ele>
    </trkpt>
    <trkpt lat="46.470772" lon="4.4585677">
      <ele>383</ele>
    </trkpt>
    <trkpt lat="46.470702" lon="4.4587796">
      <ele>383</ele>
    </trkpt>
    <trkpt lat="46.470635" lon="4.4589244">
      <ele>383</ele>
    </trkpt>
    <trkpt lat="46.47056" lon="4.4590585">
      <ele>383</ele>
    </trkpt>
    <trkpt lat="46.470384" lon="4.4592892">
      <ele>383</ele>
    </trkpt>
    <trkpt lat="46.470218" lon="4.4595225">
      <ele>384</ele>
    </trkpt>
    <trkpt lat="46.470148" lon="4.4596406">
      <ele>383</ele>
    </trkpt>
    <trkpt lat="46.470096" lon="4.4597559">
      <ele>383</ele>
    </trkpt>
    <trkpt lat="46.470039" lon="4.4599168">
      <ele>383</ele>
    </trkpt>
    <trkpt lat="46.470009" lon="4.4600295">
      <ele>383</ele>
    </trkpt>
    <trkpt lat="46.46998" lon="4.4601851">
      <ele>383</ele>
    </trkpt>
    <trkpt lat="46.469935" lon="4.4604452">
      <ele>383</ele>
    </trkpt>
    <trkpt lat="46.4699" lon="4.460692">
      <ele>383</ele>
    </trkpt>
    <trkpt lat="46.46974" lon="4.4620546">
      <ele>382</ele>
    </trkpt>
    <trkpt lat="46.469692" lon="4.4625105">
      <ele>382</ele>
    </trkpt>
    <trkpt lat="46.46968" lon="4.4626956">
      <ele>382</ele>
    </trkpt>
    <trkpt lat="46.469671" lon="4.462945">
      <ele>382</ele>
    </trkpt>
    <trkpt lat="46.469669" lon="4.4633447">
      <ele>382</ele>
    </trkpt>
    <trkpt lat="46.469658" lon="4.4634815">
      <ele>382</ele>
    </trkpt>
    <trkpt lat="46.469643" lon="4.4635941">
      <ele>381</ele>
    </trkpt>
    <trkpt lat="46.46951" lon="4.4642459">
      <ele>383</ele>
    </trkpt>
    <trkpt lat="46.46945" lon="4.4646375">
      <ele>384</ele>
    </trkpt>
    <trkpt lat="46.469379" lon="4.4650881">
      <ele>384</ele>
    </trkpt>
    <trkpt lat="46.469355" lon="4.4653054">
      <ele>385</ele>
    </trkpt>
    <trkpt lat="46.469344" lon="4.4654931">
      <ele>385</ele>
    </trkpt>
    <trkpt lat="46.469318" lon="4.4656165">
      <ele>385</ele>
    </trkpt>
    <trkpt lat="46.469366" lon="4.4657909">
      <ele>385</ele>
    </trkpt>
    <trkpt lat="46.469385" lon="4.4660591">
      <ele>386</ele>
    </trkpt>
    <trkpt lat="46.469431" lon="4.4667082">
      <ele>387</ele>
    </trkpt>
    <trkpt lat="46.46944" lon="4.466853">
      <ele>388</ele>
    </trkpt>
    <trkpt lat="46.469437" lon="4.4669791">
      <ele>388</ele>
    </trkpt>
    <trkpt lat="46.469418" lon="4.467132">
      <ele>388</ele>
    </trkpt>
    <trkpt lat="46.469318" lon="4.4677757">
      <ele>389</ele>
    </trkpt>
    <trkpt lat="46.469304" lon="4.4679313">
      <ele>389</ele>
    </trkpt>
    <trkpt lat="46.4693" lon="4.4680868">
      <ele>389</ele>
    </trkpt>
    <trkpt lat="46.469298" lon="4.4682478">
      <ele>390</ele>
    </trkpt>
    <trkpt lat="46.469309" lon="4.4684194">
      <ele>390</ele>
    </trkpt>
    <trkpt lat="46.469341" lon="4.4687091">
      <ele>391</ele>
    </trkpt>
    <trkpt lat="46.469352" lon="4.4688298">
      <ele>391</ele>
    </trkpt>
    <trkpt lat="46.469348" lon="4.4689612">
      <ele>392</ele>
    </trkpt>
    <trkpt lat="46.469326" lon="4.469039">
      <ele>392</ele>
    </trkpt>
    <trkpt lat="46.469283" lon="4.4691088">
      <ele>392</ele>
    </trkpt>
    <trkpt lat="46.468855" lon="4.4698303">
      <ele>391</ele>
    </trkpt>
    <trkpt lat="46.468696" lon="4.4700368">
      <ele>391</ele>
    </trkpt>
    <trkpt lat="46.468517" lon="4.4702487">
      <ele>391</ele>
    </trkpt>
    <trkpt lat="46.468151" lon="4.4706269">
      <ele>391</ele>
    </trkpt>
    <trkpt lat="46.468073" lon="4.4707154">
      <ele>391</ele>
    </trkpt>
    <trkpt lat="46.46801" lon="4.4707878">
      <ele>392</ele>
    </trkpt>
    <trkpt lat="46.467912" lon="4.4709112">
      <ele>392</ele>
    </trkpt>
    <trkpt lat="46.467628" lon="4.4713323">
      <ele>393</ele>
    </trkpt>
    <trkpt lat="46.467502" lon="4.4715147">
      <ele>393</ele>
    </trkpt>
    <trkpt lat="46.467366" lon="4.4716917">
      <ele>394</ele>
    </trkpt>
    <trkpt lat="46.467253" lon="4.4718151">
      <ele>395</ele>
    </trkpt>
    <trkpt lat="46.467157" lon="4.4719144">
      <ele>395</ele>
    </trkpt>
    <trkpt lat="46.467022" lon="4.4720109">
      <ele>395</ele>
    </trkpt>
    <trkpt lat="46.466913" lon="4.4721128">
      <ele>396</ele>
    </trkpt>
    <trkpt lat="46.466843" lon="4.4722014">
      <ele>396</ele>
    </trkpt>
    <trkpt lat="46.466786" lon="4.4723006">
      <ele>397</ele>
    </trkpt>
    <trkpt lat="46.466701" lon="4.4724857">
      <ele>397</ele>
    </trkpt>
    <trkpt lat="46.466632" lon="4.4726466">
      <ele>398</ele>
    </trkpt>
    <trkpt lat="46.466568" lon="4.4727807">
      <ele>399</ele>
    </trkpt>
    <trkpt lat="46.466368" lon="4.4731509">
      <ele>401</ele>
    </trkpt>
    <trkpt lat="46.466287" lon="4.4733332">
      <ele>401</ele>
    </trkpt>
    <trkpt lat="46.466228" lon="4.4734808">
      <ele>402</ele>
    </trkpt>
    <trkpt lat="46.466087" lon="4.4738455">
      <ele>404</ele>
    </trkpt>
    <trkpt lat="46.466011" lon="4.4740199">
      <ele>405</ele>
    </trkpt>
    <trkpt lat="46.46593" lon="4.4741728">
      <ele>406</ele>
    </trkpt>
    <trkpt lat="46.465738" lon="4.4745081">
      <ele>408</ele>
    </trkpt>
    <trkpt lat="46.465496" lon="4.4748809">
      <ele>409</ele>
    </trkpt>
    <trkpt lat="46.465431" lon="4.4749908">
      <ele>410</ele>
    </trkpt>
    <trkpt lat="46.465367" lon="4.4751223">
      <ele>411</ele>
    </trkpt>
    <trkpt lat="46.465167" lon="4.4756158">
      <ele>413</ele>
    </trkpt>
    <trkpt lat="46.465119" lon="4.4757821">
      <ele>414</ele>
    </trkpt>
    <trkpt lat="46.464644" lon="4.4774102">
      <ele>422</ele>
    </trkpt>
    <trkpt lat="46.464275" lon="4.4787138">
      <ele>425</ele>
    </trkpt>
    <trkpt lat="46.464201" lon="4.4791054">
      <ele>426</ele>
    </trkpt>
    <trkpt lat="46.464142" lon="4.4800924">
      <ele>427</ele>
    </trkpt>
    <trkpt lat="46.464134" lon="4.4804062">
      <ele>428</ele>
    </trkpt>
    <trkpt lat="46.464134" lon="4.4809695">
      <ele>428</ele>
    </trkpt>
    <trkpt lat="46.464245" lon="4.482442">
      <ele>427</ele>
    </trkpt>
    <trkpt lat="46.464308" lon="4.4831421">
      <ele>427</ele>
    </trkpt>
    <trkpt lat="46.46455" lon="4.4851108">
      <ele>427</ele>
    </trkpt>
    <trkpt lat="46.464849" lon="4.4875999">
      <ele>425</ele>
    </trkpt>
    <trkpt lat="46.464951" lon="4.4882463">
      <ele>426</ele>
    </trkpt>
    <trkpt lat="46.465112" lon="4.4887157">
      <ele>427</ele>
    </trkpt>
    <trkpt lat="46.465197" lon="4.4889491">
      <ele>427</ele>
    </trkpt>
    <trkpt lat="46.465297" lon="4.489161">
      <ele>428</ele>
    </trkpt>
    <trkpt lat="46.465407" lon="4.4893514">
      <ele>428</ele>
    </trkpt>
    <trkpt lat="46.465568" lon="4.4895579">
      <ele>429</ele>
    </trkpt>
    <trkpt lat="46.465705" lon="4.4896813">
      <ele>430</ele>
    </trkpt>
    <trkpt lat="46.465806" lon="4.4897484">
      <ele>430</ele>
    </trkpt>
    <trkpt lat="46.466006" lon="4.4898074">
      <ele>432</ele>
    </trkpt>
    <trkpt lat="46.466096" lon="4.4898101">
      <ele>432</ele>
    </trkpt>
    <trkpt lat="46.466124" lon="4.4897993">
      <ele>433</ele>
    </trkpt>
    <trkpt lat="46.466235" lon="4.4897591">
      <ele>433</ele>
    </trkpt>
    <trkpt lat="46.46647" lon="4.4896867">
      <ele>435</ele>
    </trkpt>
    <trkpt lat="46.466595" lon="4.4897028">
      <ele>436</ele>
    </trkpt>
    <trkpt lat="46.466673" lon="4.489743">
      <ele>437</ele>
    </trkpt>
    <trkpt lat="46.46681" lon="4.4898235">
      <ele>438</ele>
    </trkpt>
    <trkpt lat="46.466933" lon="4.4899629">
      <ele>439</ele>
    </trkpt>
    <trkpt lat="46.467126" lon="4.4902821">
      <ele>439</ele>
    </trkpt>
    <trkpt lat="46.467279" lon="4.4906308">
      <ele>439</ele>
    </trkpt>
    <trkpt lat="46.467334" lon="4.4907756">
      <ele>439</ele>
    </trkpt>
    <trkpt lat="46.467369" lon="4.4909366">
      <ele>439</ele>
    </trkpt>
    <trkpt lat="46.467377" lon="4.4910546">
      <ele>439</ele>
    </trkpt>
    <trkpt lat="46.467384" lon="4.4911431">
      <ele>438</ele>
    </trkpt>
    <trkpt lat="46.46738" lon="4.4913094">
      <ele>438</ele>
    </trkpt>
    <trkpt lat="46.467362" lon="4.4916259">
      <ele>437</ele>
    </trkpt>
    <trkpt lat="46.467353" lon="4.4917681">
      <ele>436</ele>
    </trkpt>
    <trkpt lat="46.467355" lon="4.4918941">
      <ele>436</ele>
    </trkpt>
    <trkpt lat="46.46746" lon="4.492672">
      <ele>431</ele>
    </trkpt>
    <trkpt lat="46.467502" lon="4.493144">
      <ele>429</ele>
    </trkpt>
    <trkpt lat="46.467508" lon="4.4934391">
      <ele>427</ele>
    </trkpt>
    <trkpt lat="46.467512" lon="4.4936322">
      <ele>427</ele>
    </trkpt>
    <trkpt lat="46.467497" lon="4.4939702">
      <ele>423</ele>
    </trkpt>
    <trkpt lat="46.467495" lon="4.4948338">
      <ele>417</ele>
    </trkpt>
    <trkpt lat="46.467482" lon="4.4949465">
      <ele>416</ele>
    </trkpt>
    <trkpt lat="46.467454" lon="4.4952228">
      <ele>414</ele>
    </trkpt>
    <trkpt lat="46.467425" lon="4.4953756">
      <ele>413</ele>
    </trkpt>
    <trkpt lat="46.467279" lon="4.4960462">
      <ele>407</ele>
    </trkpt>
    <trkpt lat="46.467061" lon="4.4970359">
      <ele>400</ele>
    </trkpt>
    <trkpt lat="46.46705" lon="4.4971352">
      <ele>400</ele>
    </trkpt>
    <trkpt lat="46.467072" lon="4.4974624">
      <ele>398</ele>
    </trkpt>
    <trkpt lat="46.467175" lon="4.4987659">
      <ele>394</ele>
    </trkpt>
    <trkpt lat="46.467183" lon="4.4988303">
      <ele>394</ele>
    </trkpt>
    <trkpt lat="46.467186" lon="4.4990261">
      <ele>394</ele>
    </trkpt>
    <trkpt lat="46.467155" lon="4.4992005">
      <ele>393</ele>
    </trkpt>
    <trkpt lat="46.467077" lon="4.4995277">
      <ele>391</ele>
    </trkpt>
    <trkpt lat="46.467046" lon="4.4996564">
      <ele>390</ele>
    </trkpt>
    <trkpt lat="46.467109" lon="4.5003243">
      <ele>386</ele>
    </trkpt>
    <trkpt lat="46.467216" lon="4.5012631">
      <ele>377</ele>
    </trkpt>
    <trkpt lat="46.467225" lon="4.5012926">
      <ele>377</ele>
    </trkpt>
    <trkpt lat="46.467253" lon="4.5013757">
      <ele>377</ele>
    </trkpt>
    <trkpt lat="46.467323" lon="4.5015662">
      <ele>376</ele>
    </trkpt>
    <trkpt lat="46.467416" lon="4.501888">
      <ele>374</ele>
    </trkpt>
    <trkpt lat="46.467428" lon="4.5019792">
      <ele>373</ele>
    </trkpt>
    <trkpt lat="46.467519" lon="4.5028161">
      <ele>365</ele>
    </trkpt>
    <trkpt lat="46.46751" lon="4.5033525">
      <ele>359</ele>
    </trkpt>
    <trkpt lat="46.467563" lon="4.504015">
      <ele>354</ele>
    </trkpt>
    <trkpt lat="46.46758" lon="4.5043208">
      <ele>351</ele>
    </trkpt>
    <trkpt lat="46.467565" lon="4.5046158">
      <ele>349</ele>
    </trkpt>
    <trkpt lat="46.467549" lon="4.5049806">
      <ele>345</ele>
    </trkpt>
    <trkpt lat="46.46753" lon="4.5061125">
      <ele>339</ele>
    </trkpt>
    <trkpt lat="46.467537" lon="4.5067589">
      <ele>335</ele>
    </trkpt>
    <trkpt lat="46.46756" lon="4.5070862">
      <ele>333</ele>
    </trkpt>
    <trkpt lat="46.467604" lon="4.5073383">
      <ele>331</ele>
    </trkpt>
    <trkpt lat="46.467731" lon="4.5077406">
      <ele>326</ele>
    </trkpt>
    <trkpt lat="46.467807" lon="4.5078855">
      <ele>325</ele>
    </trkpt>
    <trkpt lat="46.467951" lon="4.5080625">
      <ele>323</ele>
    </trkpt>
    <trkpt lat="46.468095" lon="4.5082637">
      <ele>321</ele>
    </trkpt>
    <trkpt lat="46.468204" lon="4.5084407">
      <ele>319</ele>
    </trkpt>
    <trkpt lat="46.468504" lon="4.5090764">
      <ele>314</ele>
    </trkpt>
    <trkpt lat="46.468598" lon="4.5093526">
      <ele>312</ele>
    </trkpt>
    <trkpt lat="46.468775" lon="4.5101197">
      <ele>306</ele>
    </trkpt>
    <trkpt lat="46.469054" lon="4.5113965">
      <ele>292</ele>
    </trkpt>
    <trkpt lat="46.469104" lon="4.5114823">
      <ele>291</ele>
    </trkpt>
    <trkpt lat="46.469682" lon="4.5109727">
      <ele>288</ele>
    </trkpt>
    <trkpt lat="46.469854" lon="4.5107688">
      <ele>286</ele>
    </trkpt>
    <trkpt lat="46.469921" lon="4.5106079">
      <ele>285</ele>
    </trkpt>
    <trkpt lat="46.469969" lon="4.510447">
      <ele>285</ele>
    </trkpt>
    <trkpt lat="46.470017" lon="4.510227">
      <ele>284</ele>
    </trkpt>
    <trkpt lat="46.470018" lon="4.510042">
      <ele>283</ele>
    </trkpt>
    <trkpt lat="46.469996" lon="4.5098971">
      <ele>282</ele>
    </trkpt>
    <trkpt lat="46.469926" lon="4.5096101">
      <ele>282</ele>
    </trkpt>
    <trkpt lat="46.469945" lon="4.5095082">
      <ele>281</ele>
    </trkpt>
    <trkpt lat="46.469974" lon="4.5094197">
      <ele>280</ele>
    </trkpt>
    <trkpt lat="46.470043" lon="4.5093714">
      <ele>279</ele>
    </trkpt>
    <trkpt lat="46.470126" lon="4.5093553">
      <ele>278</ele>
    </trkpt>
    <trkpt lat="46.47019" lon="4.509366">
      <ele>278</ele>
    </trkpt>
    <trkpt lat="46.470294" lon="4.5094197">
      <ele>278</ele>
    </trkpt>
    <trkpt lat="46.470578" lon="4.5096182">
      <ele>277</ele>
    </trkpt>
    <trkpt lat="46.470809" lon="4.5097898">
      <ele>279</ele>
    </trkpt>
    <trkpt lat="46.470658" lon="4.51108">
      <ele>276</ele>
    </trkpt>
    <trkpt lat="46.47061" lon="4.5114233">
      <ele>277</ele>
    </trkpt>
    <trkpt lat="46.470541" lon="4.5117532">
      <ele>276</ele>
    </trkpt>
    <trkpt lat="46.470427" lon="4.5122387">
      <ele>276</ele>
    </trkpt>
    <trkpt lat="46.470285" lon="4.5127242">
      <ele>276</ele>
    </trkpt>
    <trkpt lat="46.470092" lon="4.5132955">
      <ele>275</ele>
    </trkpt>
    <trkpt lat="46.469967" lon="4.5136039">
      <ele>274</ele>
    </trkpt>
    <trkpt lat="46.469751" lon="4.5139204">
      <ele>273</ele>
    </trkpt>
    <trkpt lat="46.469278" lon="4.51454">
      <ele>271</ele>
    </trkpt>
    <trkpt lat="46.469167" lon="4.5146956">
      <ele>271</ele>
    </trkpt>
    <trkpt lat="46.469102" lon="4.5147841">
      <ele>271</ele>
    </trkpt>
    <trkpt lat="46.46859" lon="4.5154976">
      <ele>270</ele>
    </trkpt>
    <trkpt lat="46.468524" lon="4.5156183">
      <ele>270</ele>
    </trkpt>
    <trkpt lat="46.468454" lon="4.5157712">
      <ele>270</ele>
    </trkpt>
    <trkpt lat="46.468404" lon="4.5159294">
      <ele>270</ele>
    </trkpt>
    <trkpt lat="46.468382" lon="4.5161467">
      <ele>270</ele>
    </trkpt>
    <trkpt lat="46.468378" lon="4.5163586">
      <ele>270</ele>
    </trkpt>
    <trkpt lat="46.468409" lon="4.5166858">
      <ele>269</ele>
    </trkpt>
    <trkpt lat="46.468515" lon="4.5181074">
      <ele>269</ele>
    </trkpt>
    <trkpt lat="46.468518" lon="4.5183783">
      <ele>269</ele>
    </trkpt>
    <trkpt lat="46.468498" lon="4.5185955">
      <ele>269</ele>
    </trkpt>
    <trkpt lat="46.46826" lon="4.5200654">
      <ele>269</ele>
    </trkpt>
    <trkpt lat="46.468223" lon="4.5204221">
      <ele>269</ele>
    </trkpt>
    <trkpt lat="46.468225" lon="4.5206555">
      <ele>268</ele>
    </trkpt>
    <trkpt lat="46.468395" lon="4.5232652">
      <ele>266</ele>
    </trkpt>
    <trkpt lat="46.468439" lon="4.5237051">
      <ele>266</ele>
    </trkpt>
    <trkpt lat="46.468579" lon="4.5248048">
      <ele>266</ele>
    </trkpt>
    <trkpt lat="46.468587" lon="4.5250462">
      <ele>265</ele>
    </trkpt>
    <trkpt lat="46.468544" lon="4.5256202">
      <ele>264</ele>
    </trkpt>
    <trkpt lat="46.468552" lon="4.5259421">
      <ele>264</ele>
    </trkpt>
    <trkpt lat="46.46857" lon="4.5261567">
      <ele>265</ele>
    </trkpt>
    <trkpt lat="46.46865" lon="4.5264195">
      <ele>265</ele>
    </trkpt>
    <trkpt lat="46.468805" lon="4.5267012">
      <ele>265</ele>
    </trkpt>
    <trkpt lat="46.46983" lon="4.5281281">
      <ele>265</ele>
    </trkpt>
    <trkpt lat="46.470007" lon="4.5284982">
      <ele>265</ele>
    </trkpt>
    <trkpt lat="46.47005" lon="4.5286672">
      <ele>265</ele>
    </trkpt>
    <trkpt lat="46.470065" lon="4.5287986">
      <ele>265</ele>
    </trkpt>
    <trkpt lat="46.470065" lon="4.5289676">
      <ele>265</ele>
    </trkpt>
    <trkpt lat="46.470055" lon="4.5291661">
      <ele>265</ele>
    </trkpt>
    <trkpt lat="46.470024" lon="4.5293431">
      <ele>265</ele>
    </trkpt>
    <trkpt lat="46.470015" lon="4.5294021">
      <ele>265</ele>
    </trkpt>
    <trkpt lat="46.469924" lon="4.5296248">
      <ele>265</ele>
    </trkpt>
    <trkpt lat="46.469815" lon="4.5297777">
      <ele>266</ele>
    </trkpt>
    <trkpt lat="46.469734" lon="4.5298662">
      <ele>266</ele>
    </trkpt>
    <trkpt lat="46.469738" lon="4.5300056">
      <ele>265</ele>
    </trkpt>
    <trkpt lat="46.469856" lon="4.5335408">
      <ele>256</ele>
    </trkpt>
    <trkpt lat="46.469913" lon="4.5345842">
      <ele>258</ele>
    </trkpt>
    <trkpt lat="46.469974" lon="4.5351769">
      <ele>258</ele>
    </trkpt>
    <trkpt lat="46.470039" lon="4.5355873">
      <ele>258</ele>
    </trkpt>
    <trkpt lat="46.470216" lon="4.5364805">
      <ele>257</ele>
    </trkpt>
    <trkpt lat="46.47029" lon="4.5372691">
      <ele>256</ele>
    </trkpt>
    <trkpt lat="46.470331" lon="4.5376821">
      <ele>255</ele>
    </trkpt>
    <trkpt lat="46.470342" lon="4.5382803">
      <ele>254</ele>
    </trkpt>
    <trkpt lat="46.470371" lon="4.538519">
      <ele>254</ele>
    </trkpt>
    <trkpt lat="46.470421" lon="4.5387443">
      <ele>253</ele>
    </trkpt>
    <trkpt lat="46.470519" lon="4.5390179">
      <ele>253</ele>
    </trkpt>
    <trkpt lat="46.471025" lon="4.5399513">
      <ele>250</ele>
    </trkpt>
    <trkpt lat="46.471637" lon="4.5410242">
      <ele>246</ele>
    </trkpt>
    <trkpt lat="46.471725" lon="4.5412495">
      <ele>246</ele>
    </trkpt>
    <trkpt lat="46.471797" lon="4.5415043">
      <ele>245</ele>
    </trkpt>
    <trkpt lat="46.471821" lon="4.5416706">
      <ele>244</ele>
    </trkpt>
    <trkpt lat="46.471833" lon="4.5420783">
      <ele>245</ele>
    </trkpt>
    <trkpt lat="46.471829" lon="4.5424484">
      <ele>245</ele>
    </trkpt>
    <trkpt lat="46.47181" lon="4.5426791">
      <ele>245</ele>
    </trkpt>
    <trkpt lat="46.471727" lon="4.5431833">
      <ele>248</ele>
    </trkpt>
    <trkpt lat="46.471635" lon="4.5439317">
      <ele>250</ele>
    </trkpt>
    <trkpt lat="46.471605" lon="4.5442535">
      <ele>251</ele>
    </trkpt>
    <trkpt lat="46.471539" lon="4.5448061">
      <ele>252</ele>
    </trkpt>
    <trkpt lat="46.471448" lon="4.5454364">
      <ele>253</ele>
    </trkpt>
    <trkpt lat="46.471406" lon="4.5457985">
      <ele>254</ele>
    </trkpt>
    <trkpt lat="46.471391" lon="4.5463027">
      <ele>254</ele>
    </trkpt>
    <trkpt lat="46.471422" lon="4.5469357">
      <ele>255</ele>
    </trkpt>
    <trkpt lat="46.471589" lon="4.5483654">
      <ele>255</ele>
    </trkpt>
    <trkpt lat="46.471642" lon="4.5490547">
      <ele>256</ele>
    </trkpt>
    <trkpt lat="46.471701" lon="4.5495321">
      <ele>256</ele>
    </trkpt>
    <trkpt lat="46.471788" lon="4.5499479">
      <ele>256</ele>
    </trkpt>
    <trkpt lat="46.471877" lon="4.5502214">
      <ele>256</ele>
    </trkpt>
    <trkpt lat="46.471984" lon="4.5504736">
      <ele>256</ele>
    </trkpt>
    <trkpt lat="46.47206" lon="4.5506238">
      <ele>256</ele>
    </trkpt>
    <trkpt lat="46.472189" lon="4.5508437">
      <ele>256</ele>
    </trkpt>
    <trkpt lat="46.472704" lon="4.5516001">
      <ele>255</ele>
    </trkpt>
    <trkpt lat="46.472812" lon="4.5517852">
      <ele>255</ele>
    </trkpt>
    <trkpt lat="46.473366" lon="4.5528715">
      <ele>254</ele>
    </trkpt>
    <trkpt lat="46.473711" lon="4.5536654">
      <ele>254</ele>
    </trkpt>
    <trkpt lat="46.474053" lon="4.5545398">
      <ele>252</ele>
    </trkpt>
    <trkpt lat="46.474358" lon="4.5552425">
      <ele>252</ele>
    </trkpt>
    <trkpt lat="46.474504" lon="4.5555966">
      <ele>252</ele>
    </trkpt>
    <trkpt lat="46.474587" lon="4.5558246">
      <ele>252</ele>
    </trkpt>
    <trkpt lat="46.474653" lon="4.5560606">
      <ele>251</ele>
    </trkpt>
    <trkpt lat="46.474699" lon="4.5562484">
      <ele>252</ele>
    </trkpt>
    <trkpt lat="46.474723" lon="4.556412">
      <ele>252</ele>
    </trkpt>
    <trkpt lat="46.474755" lon="4.5568492">
      <ele>251</ele>
    </trkpt>
    <trkpt lat="46.474773" lon="4.5572327">
      <ele>251</ele>
    </trkpt>
    <trkpt lat="46.474779" lon="4.5574205">
      <ele>251</ele>
    </trkpt>
    <trkpt lat="46.47477" lon="4.5577316">
      <ele>250</ele>
    </trkpt>
    <trkpt lat="46.474718" lon="4.5586516">
      <ele>249</ele>
    </trkpt>
    <trkpt lat="46.474755" lon="4.5587616">
      <ele>249</ele>
    </trkpt>
    <trkpt lat="46.474805" lon="4.5588367">
      <ele>249</ele>
    </trkpt>
    <trkpt lat="46.475026" lon="4.5589494">
      <ele>249</ele>
    </trkpt>
    <trkpt lat="46.475183" lon="4.5589601">
      <ele>249</ele>
    </trkpt>
    <trkpt lat="46.4753" lon="4.5589681">
      <ele>249</ele>
    </trkpt>
    <trkpt lat="46.47568" lon="4.5590996">
      <ele>248</ele>
    </trkpt>
    <trkpt lat="46.476205" lon="4.5593436">
      <ele>247</ele>
    </trkpt>
    <trkpt lat="46.476659" lon="4.5596789">
      <ele>245</ele>
    </trkpt>
    <trkpt lat="46.477526" lon="4.5604031">
      <ele>243</ele>
    </trkpt>
    <trkpt lat="46.478325" lon="4.5610924">
      <ele>241</ele>
    </trkpt>
    <trkpt lat="46.478477" lon="4.5611702">
      <ele>240</ele>
    </trkpt>
    <trkpt lat="46.478549" lon="4.561189">
      <ele>240</ele>
    </trkpt>
    <trkpt lat="46.4787" lon="4.5612292">
      <ele>240</ele>
    </trkpt>
    <trkpt lat="46.478926" lon="4.5613392">
      <ele>240</ele>
    </trkpt>
    <trkpt lat="46.479136" lon="4.5614948">
      <ele>240</ele>
    </trkpt>
    <trkpt lat="46.479574" lon="4.561704">
      <ele>241</ele>
    </trkpt>
    <trkpt lat="46.480194" lon="4.56194">
      <ele>241</ele>
    </trkpt>
    <trkpt lat="46.480675" lon="4.5620419">
      <ele>240</ele>
    </trkpt>
    <trkpt lat="46.480678" lon="4.5621868">
      <ele>240</ele>
    </trkpt>
    <trkpt lat="46.480706" lon="4.5630022">
      <ele>235</ele>
    </trkpt>
    <trkpt lat="46.480747" lon="4.5637264">
      <ele>231</ele>
    </trkpt>
    <trkpt lat="46.480806" lon="4.5641689">
      <ele>229</ele>
    </trkpt>
    <trkpt lat="46.480928" lon="4.5648341">
      <ele>227</ele>
    </trkpt>
    <trkpt lat="46.480922" lon="4.5648529">
      <ele>227</ele>
    </trkpt>
    <trkpt lat="46.480869" lon="4.5650353">
      <ele>227</ele>
    </trkpt>
    <trkpt lat="46.48081" lon="4.5652874">
      <ele>228</ele>
    </trkpt>
    <trkpt lat="46.480784" lon="4.5653947">
      <ele>228</ele>
    </trkpt>
    <trkpt lat="46.480889" lon="4.5654457">
      <ele>228</ele>
    </trkpt>
    <trkpt lat="46.480917" lon="4.5659151">
      <ele>229</ele>
    </trkpt>
    <trkpt lat="46.480998" lon="4.5663549">
      <ele>231</ele>
    </trkpt>
    <trkpt lat="46.481153" lon="4.567063">
      <ele>233</ele>
    </trkpt>
    <trkpt lat="46.48122" lon="4.5675566">
      <ele>236</ele>
    </trkpt>
    <trkpt lat="46.481249" lon="4.5680072">
      <ele>237</ele>
    </trkpt>
    <trkpt lat="46.48133" lon="4.5682754">
      <ele>239</ele>
    </trkpt>
    <trkpt lat="46.481362" lon="4.568329">
      <ele>240</ele>
    </trkpt>
    <trkpt lat="46.481558" lon="4.5686724">
      <ele>244</ele>
    </trkpt>
    <trkpt lat="46.481794" lon="4.5691015">
      <ele>249</ele>
    </trkpt>
    <trkpt lat="46.481964" lon="4.5695521">
      <ele>254</ele>
    </trkpt>
    <trkpt lat="46.482113" lon="4.5696299">
      <ele>255</ele>
    </trkpt>
    <trkpt lat="46.482616" lon="4.5697265">
      <ele>257</ele>
    </trkpt>
    <trkpt lat="46.482682" lon="4.5697372">
      <ele>257</ele>
    </trkpt>
    <trkpt lat="46.482775" lon="4.5698123">
      <ele>258</ele>
    </trkpt>
    <trkpt lat="46.48291" lon="4.5699731">
      <ele>258</ele>
    </trkpt>
    <trkpt lat="46.482688" lon="4.5703669">
      <ele>260</ele>
    </trkpt>
  </trkseg>
</trk>
</gpx>