<?xml version="1.0" encoding="UTF-8"?>
<gpx xmlns:xsi="http://www.w3.org/2001/XMLSchema-instance" xsi:schemaLocation="http://www.topografix.com/GPX/1/1 http://www.topografix.com/GPX/1/1/gpx.xsd" creator="StravaGPX" version="1.1" xmlns="http://www.topografix.com/GPX/1/1">
 <metadata>
  <time>2024-05-03T15:23:41Z</time>
 </metadata>
 <trk>
  <name>5.66/6</name>
  <type>cycling</type>
  <trkseg>
   <trkpt lat="48.8449220" lon="2.3729180">
    <ele>44.5</ele>
    <time>2024-05-03T15:23:41Z</time>
   </trkpt>
   <trkpt lat="48.8449220" lon="2.3729180">
    <ele>44.5</ele>
    <time>2024-05-03T15:23:42Z</time>
   </trkpt>
   <trkpt lat="48.8449230" lon="2.3729170">
    <ele>44.5</ele>
    <time>2024-05-03T15:23:43Z</time>
   </trkpt>
   <trkpt lat="48.8449240" lon="2.3729160">
    <ele>44.5</ele>
    <time>2024-05-03T15:23:44Z</time>
   </trkpt>
   <trkpt lat="48.8449250" lon="2.3729160">
    <ele>44.4</ele>
    <time>2024-05-03T15:23:45Z</time>
   </trkpt>
   <trkpt lat="48.8449250" lon="2.3729160">
    <ele>44.4</ele>
    <time>2024-05-03T15:23:46Z</time>
   </trkpt>
   <trkpt lat="48.8449260" lon="2.3729160">
    <ele>44.4</ele>
    <time>2024-05-03T15:23:47Z</time>
   </trkpt>
   <trkpt lat="48.8449260" lon="2.3729150">
    <ele>44.4</ele>
    <time>2024-05-03T15:23:48Z</time>
   </trkpt>
   <trkpt lat="48.8449270" lon="2.3729140">
    <ele>44.4</ele>
    <time>2024-05-03T15:23:49Z</time>
   </trkpt>
   <trkpt lat="48.8449280" lon="2.3729140">
    <ele>44.4</ele>
    <time>2024-05-03T15:23:50Z</time>
   </trkpt>
   <trkpt lat="48.8449290" lon="2.3729130">
    <ele>44.4</ele>
    <time>2024-05-03T15:23:51Z</time>
   </trkpt>
   <trkpt lat="48.8449600" lon="2.3728510">
    <ele>44.1</ele>
    <time>2024-05-03T15:24:13Z</time>
   </trkpt>
   <trkpt lat="48.8449730" lon="2.3728400">
    <ele>44.0</ele>
    <time>2024-05-03T15:24:14Z</time>
   </trkpt>
   <trkpt lat="48.8449850" lon="2.3728210">
    <ele>44.0</ele>
    <time>2024-05-03T15:24:15Z</time>
   </trkpt>
   <trkpt lat="48.8449900" lon="2.3727960">
    <ele>43.9</ele>
    <time>2024-05-03T15:24:16Z</time>
   </trkpt>
   <trkpt lat="48.8449920" lon="2.3727740">
    <ele>43.9</ele>
    <time>2024-05-03T15:24:17Z</time>
   </trkpt>
   <trkpt lat="48.8450050" lon="2.3727390">
    <ele>43.8</ele>
    <time>2024-05-03T15:24:18Z</time>
   </trkpt>
   <trkpt lat="48.8450120" lon="2.3727260">
    <ele>43.8</ele>
    <time>2024-05-03T15:24:19Z</time>
   </trkpt>
   <trkpt lat="48.8450420" lon="2.3726850">
    <ele>43.6</ele>
    <time>2024-05-03T15:24:20Z</time>
   </trkpt>
   <trkpt lat="48.8450520" lon="2.3726710">
    <ele>43.6</ele>
    <time>2024-05-03T15:24:21Z</time>
   </trkpt>
   <trkpt lat="48.8450730" lon="2.3726430">
    <ele>43.5</ele>
    <time>2024-05-03T15:24:22Z</time>
   </trkpt>
   <trkpt lat="48.8451000" lon="2.3726170">
    <ele>43.3</ele>
    <time>2024-05-03T15:24:23Z</time>
   </trkpt>
   <trkpt lat="48.8451360" lon="2.3725960">
    <ele>43.2</ele>
    <time>2024-05-03T15:24:24Z</time>
   </trkpt>
   <trkpt lat="48.8451740" lon="2.3725810">
    <ele>43.0</ele>
    <time>2024-05-03T15:24:25Z</time>
   </trkpt>
   <trkpt lat="48.8452010" lon="2.3725510">
    <ele>42.8</ele>
    <time>2024-05-03T15:24:26Z</time>
   </trkpt>
   <trkpt lat="48.8452200" lon="2.3724880">
    <ele>42.5</ele>
    <time>2024-05-03T15:24:27Z</time>
   </trkpt>
   <trkpt lat="48.8452400" lon="2.3724340">
    <ele>42.3</ele>
    <time>2024-05-03T15:24:28Z</time>
   </trkpt>
   <trkpt lat="48.8452580" lon="2.3723910">
    <ele>42.1</ele>
    <time>2024-05-03T15:24:29Z</time>
   </trkpt>
   <trkpt lat="48.8452810" lon="2.3723510">
    <ele>41.9</ele>
    <time>2024-05-03T15:24:30Z</time>
   </trkpt>
   <trkpt lat="48.8452990" lon="2.3723140">
    <ele>41.8</ele>
    <time>2024-05-03T15:24:31Z</time>
   </trkpt>
   <trkpt lat="48.8453210" lon="2.3722700">
    <ele>41.6</ele>
    <time>2024-05-03T15:24:32Z</time>
   </trkpt>
   <trkpt lat="48.8453290" lon="2.3722550">
    <ele>41.5</ele>
    <time>2024-05-03T15:24:33Z</time>
   </trkpt>
   <trkpt lat="48.8453440" lon="2.3722200">
    <ele>41.4</ele>
    <time>2024-05-03T15:24:34Z</time>
   </trkpt>
   <trkpt lat="48.8453700" lon="2.3721740">
    <ele>41.2</ele>
    <time>2024-05-03T15:24:35Z</time>
   </trkpt>
   <trkpt lat="48.8453790" lon="2.3721590">
    <ele>41.2</ele>
    <time>2024-05-03T15:24:36Z</time>
   </trkpt>
   <trkpt lat="48.8454120" lon="2.3721300">
    <ele>41.0</ele>
    <time>2024-05-03T15:24:37Z</time>
   </trkpt>
   <trkpt lat="48.8454240" lon="2.3721230">
    <ele>41.0</ele>
    <time>2024-05-03T15:24:38Z</time>
   </trkpt>
   <trkpt lat="48.8454490" lon="2.3721080">
    <ele>40.9</ele>
    <time>2024-05-03T15:24:39Z</time>
   </trkpt>
   <trkpt lat="48.8454870" lon="2.3720870">
    <ele>40.7</ele>
    <time>2024-05-03T15:24:40Z</time>
   </trkpt>
   <trkpt lat="48.8455010" lon="2.3720830">
    <ele>40.7</ele>
    <time>2024-05-03T15:24:41Z</time>
   </trkpt>
   <trkpt lat="48.8455280" lon="2.3720790">
    <ele>40.6</ele>
    <time>2024-05-03T15:24:42Z</time>
   </trkpt>
   <trkpt lat="48.8455650" lon="2.3720700">
    <ele>40.4</ele>
    <time>2024-05-03T15:24:43Z</time>
   </trkpt>
   <trkpt lat="48.8455760" lon="2.3720660">
    <ele>40.4</ele>
    <time>2024-05-03T15:24:44Z</time>
   </trkpt>
   <trkpt lat="48.8456030" lon="2.3720370">
    <ele>40.3</ele>
    <time>2024-05-03T15:24:45Z</time>
   </trkpt>
   <trkpt lat="48.8456120" lon="2.3720260">
    <ele>40.3</ele>
    <time>2024-05-03T15:24:46Z</time>
   </trkpt>
   <trkpt lat="48.8456310" lon="2.3719760">
    <ele>40.3</ele>
    <time>2024-05-03T15:24:47Z</time>
   </trkpt>
   <trkpt lat="48.8456360" lon="2.3719570">
    <ele>40.3</ele>
    <time>2024-05-03T15:24:48Z</time>
   </trkpt>
   <trkpt lat="48.8456360" lon="2.3719120">
    <ele>40.3</ele>
    <time>2024-05-03T15:24:49Z</time>
   </trkpt>
   <trkpt lat="48.8456290" lon="2.3718640">
    <ele>40.2</ele>
    <time>2024-05-03T15:24:50Z</time>
   </trkpt>
   <trkpt lat="48.8456220" lon="2.3718140">
    <ele>40.2</ele>
    <time>2024-05-03T15:24:51Z</time>
   </trkpt>
   <trkpt lat="48.8456110" lon="2.3717620">
    <ele>40.1</ele>
    <time>2024-05-03T15:24:52Z</time>
   </trkpt>
   <trkpt lat="48.8456030" lon="2.3717060">
    <ele>40.1</ele>
    <time>2024-05-03T15:24:53Z</time>
   </trkpt>
   <trkpt lat="48.8456000" lon="2.3716480">
    <ele>40.0</ele>
    <time>2024-05-03T15:24:54Z</time>
   </trkpt>
   <trkpt lat="48.8455940" lon="2.3715920">
    <ele>40.0</ele>
    <time>2024-05-03T15:24:55Z</time>
   </trkpt>
   <trkpt lat="48.8455890" lon="2.3715380">
    <ele>40.0</ele>
    <time>2024-05-03T15:24:56Z</time>
   </trkpt>
   <trkpt lat="48.8455840" lon="2.3714920">
    <ele>40.0</ele>
    <time>2024-05-03T15:24:57Z</time>
   </trkpt>
   <trkpt lat="48.8455790" lon="2.3714450">
    <ele>39.9</ele>
    <time>2024-05-03T15:24:58Z</time>
   </trkpt>
   <trkpt lat="48.8455790" lon="2.3714340">
    <ele>39.9</ele>
    <time>2024-05-03T15:24:59Z</time>
   </trkpt>
   <trkpt lat="48.8455810" lon="2.3714230">
    <ele>39.9</ele>
    <time>2024-05-03T15:25:00Z</time>
   </trkpt>
   <trkpt lat="48.8455860" lon="2.3714110">
    <ele>39.9</ele>
    <time>2024-05-03T15:25:01Z</time>
   </trkpt>
   <trkpt lat="48.8455940" lon="2.3713880">
    <ele>39.9</ele>
    <time>2024-05-03T15:25:02Z</time>
   </trkpt>
   <trkpt lat="48.8455970" lon="2.3713640">
    <ele>39.9</ele>
    <time>2024-05-03T15:25:03Z</time>
   </trkpt>
   <trkpt lat="48.8455940" lon="2.3713460">
    <ele>39.9</ele>
    <time>2024-05-03T15:25:04Z</time>
   </trkpt>
   <trkpt lat="48.8455850" lon="2.3713310">
    <ele>39.9</ele>
    <time>2024-05-03T15:25:05Z</time>
   </trkpt>
   <trkpt lat="48.8455770" lon="2.3713260">
    <ele>39.9</ele>
    <time>2024-05-03T15:25:06Z</time>
   </trkpt>
   <trkpt lat="48.8455730" lon="2.3713330">
    <ele>39.9</ele>
    <time>2024-05-03T15:25:07Z</time>
   </trkpt>
   <trkpt lat="48.8455710" lon="2.3713380">
    <ele>39.9</ele>
    <time>2024-05-03T15:25:08Z</time>
   </trkpt>
   <trkpt lat="48.8455660" lon="2.3713240">
    <ele>39.9</ele>
    <time>2024-05-03T15:25:09Z</time>
   </trkpt>
   <trkpt lat="48.8455560" lon="2.3712820">
    <ele>39.9</ele>
    <time>2024-05-03T15:25:10Z</time>
   </trkpt>
   <trkpt lat="48.8455520" lon="2.3712660">
    <ele>39.8</ele>
    <time>2024-05-03T15:25:11Z</time>
   </trkpt>
   <trkpt lat="48.8455290" lon="2.3712130">
    <ele>39.8</ele>
    <time>2024-05-03T15:25:12Z</time>
   </trkpt>
   <trkpt lat="48.8455190" lon="2.3711940">
    <ele>39.8</ele>
    <time>2024-05-03T15:25:13Z</time>
   </trkpt>
   <trkpt lat="48.8454990" lon="2.3711600">
    <ele>39.8</ele>
    <time>2024-05-03T15:25:14Z</time>
   </trkpt>
   <trkpt lat="48.8454740" lon="2.3711250">
    <ele>39.8</ele>
    <time>2024-05-03T15:25:15Z</time>
   </trkpt>
   <trkpt lat="48.8454660" lon="2.3711170">
    <ele>39.7</ele>
    <time>2024-05-03T15:25:16Z</time>
   </trkpt>
   <trkpt lat="48.8454380" lon="2.3711130">
    <ele>39.8</ele>
    <time>2024-05-03T15:25:17Z</time>
   </trkpt>
   <trkpt lat="48.8454260" lon="2.3711160">
    <ele>39.8</ele>
    <time>2024-05-03T15:25:18Z</time>
   </trkpt>
   <trkpt lat="48.8453930" lon="2.3711390">
    <ele>40.0</ele>
    <time>2024-05-03T15:25:19Z</time>
   </trkpt>
   <trkpt lat="48.8453640" lon="2.3711780">
    <ele>40.1</ele>
    <time>2024-05-03T15:25:20Z</time>
   </trkpt>
   <trkpt lat="48.8453310" lon="2.3712220">
    <ele>40.1</ele>
    <time>2024-05-03T15:25:21Z</time>
   </trkpt>
   <trkpt lat="48.8452970" lon="2.3712680">
    <ele>40.2</ele>
    <time>2024-05-03T15:25:22Z</time>
   </trkpt>
   <trkpt lat="48.8452520" lon="2.3713250">
    <ele>40.2</ele>
    <time>2024-05-03T15:25:23Z</time>
   </trkpt>
   <trkpt lat="48.8452120" lon="2.3713750">
    <ele>40.2</ele>
    <time>2024-05-03T15:25:24Z</time>
   </trkpt>
   <trkpt lat="48.8451730" lon="2.3714220">
    <ele>40.2</ele>
    <time>2024-05-03T15:25:25Z</time>
   </trkpt>
   <trkpt lat="48.8451350" lon="2.3714700">
    <ele>40.2</ele>
    <time>2024-05-03T15:25:26Z</time>
   </trkpt>
   <trkpt lat="48.8450960" lon="2.3715120">
    <ele>40.2</ele>
    <time>2024-05-03T15:25:27Z</time>
   </trkpt>
   <trkpt lat="48.8450600" lon="2.3715560">
    <ele>40.2</ele>
    <time>2024-05-03T15:25:28Z</time>
   </trkpt>
   <trkpt lat="48.8450200" lon="2.3716070">
    <ele>40.2</ele>
    <time>2024-05-03T15:25:29Z</time>
   </trkpt>
   <trkpt lat="48.8449810" lon="2.3716570">
    <ele>40.2</ele>
    <time>2024-05-03T15:25:30Z</time>
   </trkpt>
   <trkpt lat="48.8449390" lon="2.3717050">
    <ele>40.2</ele>
    <time>2024-05-03T15:25:31Z</time>
   </trkpt>
   <trkpt lat="48.8448940" lon="2.3717520">
    <ele>40.2</ele>
    <time>2024-05-03T15:25:32Z</time>
   </trkpt>
   <trkpt lat="48.8448500" lon="2.3718030">
    <ele>40.2</ele>
    <time>2024-05-03T15:25:33Z</time>
   </trkpt>
   <trkpt lat="48.8448040" lon="2.3718520">
    <ele>40.2</ele>
    <time>2024-05-03T15:25:34Z</time>
   </trkpt>
   <trkpt lat="48.8447540" lon="2.3719010">
    <ele>40.1</ele>
    <time>2024-05-03T15:25:35Z</time>
   </trkpt>
   <trkpt lat="48.8447040" lon="2.3719450">
    <ele>40.1</ele>
    <time>2024-05-03T15:25:36Z</time>
   </trkpt>
   <trkpt lat="48.8446530" lon="2.3719910">
    <ele>40.1</ele>
    <time>2024-05-03T15:25:37Z</time>
   </trkpt>
   <trkpt lat="48.8446020" lon="2.3720390">
    <ele>40.1</ele>
    <time>2024-05-03T15:25:38Z</time>
   </trkpt>
   <trkpt lat="48.8445530" lon="2.3720880">
    <ele>40.1</ele>
    <time>2024-05-03T15:25:39Z</time>
   </trkpt>
   <trkpt lat="48.8445040" lon="2.3721340">
    <ele>40.0</ele>
    <time>2024-05-03T15:25:40Z</time>
   </trkpt>
   <trkpt lat="48.8444570" lon="2.3721830">
    <ele>40.0</ele>
    <time>2024-05-03T15:25:41Z</time>
   </trkpt>
   <trkpt lat="48.8444120" lon="2.3722330">
    <ele>40.0</ele>
    <time>2024-05-03T15:25:42Z</time>
   </trkpt>
   <trkpt lat="48.8443700" lon="2.3722840">
    <ele>40.0</ele>
    <time>2024-05-03T15:25:43Z</time>
   </trkpt>
   <trkpt lat="48.8443290" lon="2.3723430">
    <ele>40.0</ele>
    <time>2024-05-03T15:25:44Z</time>
   </trkpt>
   <trkpt lat="48.8442910" lon="2.3724060">
    <ele>39.9</ele>
    <time>2024-05-03T15:25:45Z</time>
   </trkpt>
   <trkpt lat="48.8442520" lon="2.3724710">
    <ele>40.0</ele>
    <time>2024-05-03T15:25:46Z</time>
   </trkpt>
   <trkpt lat="48.8442140" lon="2.3725390">
    <ele>40.0</ele>
    <time>2024-05-03T15:25:47Z</time>
   </trkpt>
   <trkpt lat="48.8441740" lon="2.3726050">
    <ele>40.0</ele>
    <time>2024-05-03T15:25:48Z</time>
   </trkpt>
   <trkpt lat="48.8441370" lon="2.3726720">
    <ele>40.0</ele>
    <time>2024-05-03T15:25:49Z</time>
   </trkpt>
   <trkpt lat="48.8440980" lon="2.3727320">
    <ele>40.1</ele>
    <time>2024-05-03T15:25:50Z</time>
   </trkpt>
   <trkpt lat="48.8440590" lon="2.3728050">
    <ele>40.0</ele>
    <time>2024-05-03T15:25:51Z</time>
   </trkpt>
   <trkpt lat="48.8440210" lon="2.3728750">
    <ele>40.0</ele>
    <time>2024-05-03T15:25:52Z</time>
   </trkpt>
   <trkpt lat="48.8439860" lon="2.3729410">
    <ele>40.0</ele>
    <time>2024-05-03T15:25:53Z</time>
   </trkpt>
   <trkpt lat="48.8439440" lon="2.3730040">
    <ele>40.0</ele>
    <time>2024-05-03T15:25:54Z</time>
   </trkpt>
   <trkpt lat="48.8439010" lon="2.3730720">
    <ele>40.0</ele>
    <time>2024-05-03T15:25:55Z</time>
   </trkpt>
   <trkpt lat="48.8438620" lon="2.3731460">
    <ele>40.0</ele>
    <time>2024-05-03T15:25:56Z</time>
   </trkpt>
   <trkpt lat="48.8438190" lon="2.3732190">
    <ele>40.0</ele>
    <time>2024-05-03T15:25:57Z</time>
   </trkpt>
   <trkpt lat="48.8437780" lon="2.3732940">
    <ele>40.0</ele>
    <time>2024-05-03T15:25:58Z</time>
   </trkpt>
   <trkpt lat="48.8437360" lon="2.3733730">
    <ele>40.0</ele>
    <time>2024-05-03T15:25:59Z</time>
   </trkpt>
   <trkpt lat="48.8436940" lon="2.3734530">
    <ele>40.0</ele>
    <time>2024-05-03T15:26:00Z</time>
   </trkpt>
   <trkpt lat="48.8436570" lon="2.3735350">
    <ele>40.0</ele>
    <time>2024-05-03T15:26:01Z</time>
   </trkpt>
   <trkpt lat="48.8436210" lon="2.3736160">
    <ele>40.0</ele>
    <time>2024-05-03T15:26:02Z</time>
   </trkpt>
   <trkpt lat="48.8435810" lon="2.3736900">
    <ele>40.0</ele>
    <time>2024-05-03T15:26:03Z</time>
   </trkpt>
   <trkpt lat="48.8435430" lon="2.3737600">
    <ele>40.0</ele>
    <time>2024-05-03T15:26:04Z</time>
   </trkpt>
   <trkpt lat="48.8435080" lon="2.3738210">
    <ele>40.0</ele>
    <time>2024-05-03T15:26:05Z</time>
   </trkpt>
   <trkpt lat="48.8434760" lon="2.3738780">
    <ele>40.0</ele>
    <time>2024-05-03T15:26:06Z</time>
   </trkpt>
   <trkpt lat="48.8434460" lon="2.3739360">
    <ele>40.0</ele>
    <time>2024-05-03T15:26:07Z</time>
   </trkpt>
   <trkpt lat="48.8434180" lon="2.3739970">
    <ele>40.0</ele>
    <time>2024-05-03T15:26:08Z</time>
   </trkpt>
   <trkpt lat="48.8433940" lon="2.3740590">
    <ele>40.0</ele>
    <time>2024-05-03T15:26:09Z</time>
   </trkpt>
   <trkpt lat="48.8433680" lon="2.3741200">
    <ele>39.9</ele>
    <time>2024-05-03T15:26:10Z</time>
   </trkpt>
   <trkpt lat="48.8433290" lon="2.3741550">
    <ele>39.9</ele>
    <time>2024-05-03T15:26:11Z</time>
   </trkpt>
   <trkpt lat="48.8432850" lon="2.3741600">
    <ele>39.9</ele>
    <time>2024-05-03T15:26:12Z</time>
   </trkpt>
   <trkpt lat="48.8432410" lon="2.3741790">
    <ele>39.9</ele>
    <time>2024-05-03T15:26:13Z</time>
   </trkpt>
   <trkpt lat="48.8432070" lon="2.3742320">
    <ele>39.9</ele>
    <time>2024-05-03T15:26:14Z</time>
   </trkpt>
   <trkpt lat="48.8431740" lon="2.3742830">
    <ele>39.9</ele>
    <time>2024-05-03T15:26:15Z</time>
   </trkpt>
   <trkpt lat="48.8431400" lon="2.3743330">
    <ele>39.9</ele>
    <time>2024-05-03T15:26:16Z</time>
   </trkpt>
   <trkpt lat="48.8431060" lon="2.3743790">
    <ele>39.9</ele>
    <time>2024-05-03T15:26:17Z</time>
   </trkpt>
   <trkpt lat="48.8430810" lon="2.3744270">
    <ele>39.9</ele>
    <time>2024-05-03T15:26:18Z</time>
   </trkpt>
   <trkpt lat="48.8430530" lon="2.3744690">
    <ele>39.9</ele>
    <time>2024-05-03T15:26:19Z</time>
   </trkpt>
   <trkpt lat="48.8430350" lon="2.3745160">
    <ele>39.9</ele>
    <time>2024-05-03T15:26:20Z</time>
   </trkpt>
   <trkpt lat="48.8430160" lon="2.3745670">
    <ele>39.8</ele>
    <time>2024-05-03T15:26:21Z</time>
   </trkpt>
   <trkpt lat="48.8429950" lon="2.3746120">
    <ele>39.8</ele>
    <time>2024-05-03T15:26:22Z</time>
   </trkpt>
   <trkpt lat="48.8429770" lon="2.3746520">
    <ele>39.8</ele>
    <time>2024-05-03T15:26:23Z</time>
   </trkpt>
   <trkpt lat="48.8429550" lon="2.3746950">
    <ele>39.7</ele>
    <time>2024-05-03T15:26:24Z</time>
   </trkpt>
   <trkpt lat="48.8429470" lon="2.3747080">
    <ele>39.7</ele>
    <time>2024-05-03T15:26:25Z</time>
   </trkpt>
   <trkpt lat="48.8429390" lon="2.3747620">
    <ele>39.7</ele>
    <time>2024-05-03T15:26:26Z</time>
   </trkpt>
   <trkpt lat="48.8429340" lon="2.3747860">
    <ele>39.7</ele>
    <time>2024-05-03T15:26:27Z</time>
   </trkpt>
   <trkpt lat="48.8429140" lon="2.3748380">
    <ele>39.6</ele>
    <time>2024-05-03T15:26:28Z</time>
   </trkpt>
   <trkpt lat="48.8428940" lon="2.3748920">
    <ele>39.6</ele>
    <time>2024-05-03T15:26:29Z</time>
   </trkpt>
   <trkpt lat="48.8428680" lon="2.3749430">
    <ele>39.6</ele>
    <time>2024-05-03T15:26:30Z</time>
   </trkpt>
   <trkpt lat="48.8428350" lon="2.3749870">
    <ele>39.5</ele>
    <time>2024-05-03T15:26:31Z</time>
   </trkpt>
   <trkpt lat="48.8428050" lon="2.3750380">
    <ele>39.5</ele>
    <time>2024-05-03T15:26:32Z</time>
   </trkpt>
   <trkpt lat="48.8427750" lon="2.3750950">
    <ele>39.4</ele>
    <time>2024-05-03T15:26:33Z</time>
   </trkpt>
   <trkpt lat="48.8427470" lon="2.3751530">
    <ele>39.4</ele>
    <time>2024-05-03T15:26:34Z</time>
   </trkpt>
   <trkpt lat="48.8427190" lon="2.3752100">
    <ele>39.3</ele>
    <time>2024-05-03T15:26:35Z</time>
   </trkpt>
   <trkpt lat="48.8426900" lon="2.3752660">
    <ele>39.3</ele>
    <time>2024-05-03T15:26:36Z</time>
   </trkpt>
   <trkpt lat="48.8426590" lon="2.3753260">
    <ele>39.3</ele>
    <time>2024-05-03T15:26:37Z</time>
   </trkpt>
   <trkpt lat="48.8426240" lon="2.3753920">
    <ele>39.2</ele>
    <time>2024-05-03T15:26:38Z</time>
   </trkpt>
   <trkpt lat="48.8425940" lon="2.3754590">
    <ele>39.2</ele>
    <time>2024-05-03T15:26:39Z</time>
   </trkpt>
   <trkpt lat="48.8425610" lon="2.3755260">
    <ele>39.1</ele>
    <time>2024-05-03T15:26:40Z</time>
   </trkpt>
   <trkpt lat="48.8425240" lon="2.3755930">
    <ele>39.1</ele>
    <time>2024-05-03T15:26:41Z</time>
   </trkpt>
   <trkpt lat="48.8424880" lon="2.3756630">
    <ele>39.1</ele>
    <time>2024-05-03T15:26:42Z</time>
   </trkpt>
   <trkpt lat="48.8424540" lon="2.3757320">
    <ele>39.0</ele>
    <time>2024-05-03T15:26:43Z</time>
   </trkpt>
   <trkpt lat="48.8424170" lon="2.3757960">
    <ele>39.0</ele>
    <time>2024-05-03T15:26:44Z</time>
   </trkpt>
   <trkpt lat="48.8423830" lon="2.3758630">
    <ele>38.9</ele>
    <time>2024-05-03T15:26:45Z</time>
   </trkpt>
   <trkpt lat="48.8423480" lon="2.3759290">
    <ele>38.9</ele>
    <time>2024-05-03T15:26:46Z</time>
   </trkpt>
   <trkpt lat="48.8423140" lon="2.3759920">
    <ele>38.9</ele>
    <time>2024-05-03T15:26:47Z</time>
   </trkpt>
   <trkpt lat="48.8422810" lon="2.3760520">
    <ele>38.8</ele>
    <time>2024-05-03T15:26:48Z</time>
   </trkpt>
   <trkpt lat="48.8422490" lon="2.3761110">
    <ele>38.8</ele>
    <time>2024-05-03T15:26:49Z</time>
   </trkpt>
   <trkpt lat="48.8422160" lon="2.3761630">
    <ele>38.8</ele>
    <time>2024-05-03T15:26:50Z</time>
   </trkpt>
   <trkpt lat="48.8421870" lon="2.3762000">
    <ele>38.8</ele>
    <time>2024-05-03T15:26:51Z</time>
   </trkpt>
   <trkpt lat="48.8421640" lon="2.3762280">
    <ele>38.8</ele>
    <time>2024-05-03T15:26:52Z</time>
   </trkpt>
   <trkpt lat="48.8421360" lon="2.3762590">
    <ele>38.7</ele>
    <time>2024-05-03T15:26:53Z</time>
   </trkpt>
   <trkpt lat="48.8421260" lon="2.3762670">
    <ele>38.7</ele>
    <time>2024-05-03T15:26:54Z</time>
   </trkpt>
   <trkpt lat="48.8421100" lon="2.3762810">
    <ele>38.6</ele>
    <time>2024-05-03T15:26:55Z</time>
   </trkpt>
   <trkpt lat="48.8420930" lon="2.3762870">
    <ele>38.5</ele>
    <time>2024-05-03T15:26:56Z</time>
   </trkpt>
   <trkpt lat="48.8420800" lon="2.3762880">
    <ele>38.4</ele>
    <time>2024-05-03T15:26:57Z</time>
   </trkpt>
   <trkpt lat="48.8420630" lon="2.3762810">
    <ele>38.4</ele>
    <time>2024-05-03T15:26:58Z</time>
   </trkpt>
   <trkpt lat="48.8420390" lon="2.3762520">
    <ele>38.3</ele>
    <time>2024-05-03T15:26:59Z</time>
   </trkpt>
   <trkpt lat="48.8420150" lon="2.3762050">
    <ele>37.8</ele>
    <time>2024-05-03T15:27:00Z</time>
   </trkpt>
   <trkpt lat="48.8419850" lon="2.3761510">
    <ele>37.6</ele>
    <time>2024-05-03T15:27:01Z</time>
   </trkpt>
   <trkpt lat="48.8419550" lon="2.3760920">
    <ele>37.4</ele>
    <time>2024-05-03T15:27:02Z</time>
   </trkpt>
   <trkpt lat="48.8419220" lon="2.3760300">
    <ele>37.3</ele>
    <time>2024-05-03T15:27:03Z</time>
   </trkpt>
   <trkpt lat="48.8418850" lon="2.3759610">
    <ele>37.2</ele>
    <time>2024-05-03T15:27:04Z</time>
   </trkpt>
   <trkpt lat="48.8418490" lon="2.3758900">
    <ele>37.1</ele>
    <time>2024-05-03T15:27:05Z</time>
   </trkpt>
   <trkpt lat="48.8418110" lon="2.3758210">
    <ele>37.0</ele>
    <time>2024-05-03T15:27:06Z</time>
   </trkpt>
   <trkpt lat="48.8417730" lon="2.3757520">
    <ele>36.9</ele>
    <time>2024-05-03T15:27:07Z</time>
   </trkpt>
   <trkpt lat="48.8417350" lon="2.3756820">
    <ele>36.8</ele>
    <time>2024-05-03T15:27:08Z</time>
   </trkpt>
   <trkpt lat="48.8416970" lon="2.3756140">
    <ele>36.7</ele>
    <time>2024-05-03T15:27:09Z</time>
   </trkpt>
   <trkpt lat="48.8416640" lon="2.3755450">
    <ele>36.7</ele>
    <time>2024-05-03T15:27:10Z</time>
   </trkpt>
   <trkpt lat="48.8416350" lon="2.3754840">
    <ele>36.6</ele>
    <time>2024-05-03T15:27:11Z</time>
   </trkpt>
   <trkpt lat="48.8416180" lon="2.3754350">
    <ele>36.6</ele>
    <time>2024-05-03T15:27:12Z</time>
   </trkpt>
   <trkpt lat="48.8416140" lon="2.3754040">
    <ele>36.6</ele>
    <time>2024-05-03T15:27:13Z</time>
   </trkpt>
   <trkpt lat="48.8416040" lon="2.3753870">
    <ele>36.6</ele>
    <time>2024-05-03T15:27:14Z</time>
   </trkpt>
   <trkpt lat="48.8415980" lon="2.3753730">
    <ele>36.6</ele>
    <time>2024-05-03T15:27:15Z</time>
   </trkpt>
   <trkpt lat="48.8416010" lon="2.3753670">
    <ele>36.6</ele>
    <time>2024-05-03T15:27:16Z</time>
   </trkpt>
   <trkpt lat="48.8415990" lon="2.3753560">
    <ele>36.6</ele>
    <time>2024-05-03T15:27:17Z</time>
   </trkpt>
   <trkpt lat="48.8415920" lon="2.3753480">
    <ele>36.6</ele>
    <time>2024-05-03T15:27:18Z</time>
   </trkpt>
   <trkpt lat="48.8415880" lon="2.3753300">
    <ele>36.6</ele>
    <time>2024-05-03T15:27:19Z</time>
   </trkpt>
   <trkpt lat="48.8415840" lon="2.3753140">
    <ele>36.6</ele>
    <time>2024-05-03T15:27:20Z</time>
   </trkpt>
   <trkpt lat="48.8415800" lon="2.3752980">
    <ele>36.6</ele>
    <time>2024-05-03T15:27:21Z</time>
   </trkpt>
   <trkpt lat="48.8415750" lon="2.3752820">
    <ele>36.6</ele>
    <time>2024-05-03T15:27:22Z</time>
   </trkpt>
   <trkpt lat="48.8415620" lon="2.3752410">
    <ele>36.6</ele>
    <time>2024-05-03T15:27:23Z</time>
   </trkpt>
   <trkpt lat="48.8415450" lon="2.3751980">
    <ele>36.6</ele>
    <time>2024-05-03T15:27:24Z</time>
   </trkpt>
   <trkpt lat="48.8415210" lon="2.3751500">
    <ele>36.6</ele>
    <time>2024-05-03T15:27:25Z</time>
   </trkpt>
   <trkpt lat="48.8414920" lon="2.3750970">
    <ele>36.6</ele>
    <time>2024-05-03T15:27:26Z</time>
   </trkpt>
   <trkpt lat="48.8414620" lon="2.3750360">
    <ele>36.6</ele>
    <time>2024-05-03T15:27:27Z</time>
   </trkpt>
   <trkpt lat="48.8414260" lon="2.3749790">
    <ele>36.6</ele>
    <time>2024-05-03T15:27:28Z</time>
   </trkpt>
   <trkpt lat="48.8413870" lon="2.3749200">
    <ele>36.7</ele>
    <time>2024-05-03T15:27:29Z</time>
   </trkpt>
   <trkpt lat="48.8413510" lon="2.3748580">
    <ele>36.7</ele>
    <time>2024-05-03T15:27:30Z</time>
   </trkpt>
   <trkpt lat="48.8413130" lon="2.3747930">
    <ele>36.7</ele>
    <time>2024-05-03T15:27:31Z</time>
   </trkpt>
   <trkpt lat="48.8412750" lon="2.3747300">
    <ele>36.7</ele>
    <time>2024-05-03T15:27:32Z</time>
   </trkpt>
   <trkpt lat="48.8412400" lon="2.3746610">
    <ele>36.8</ele>
    <time>2024-05-03T15:27:33Z</time>
   </trkpt>
   <trkpt lat="48.8412080" lon="2.3745970">
    <ele>36.8</ele>
    <time>2024-05-03T15:27:34Z</time>
   </trkpt>
   <trkpt lat="48.8411710" lon="2.3745410">
    <ele>36.7</ele>
    <time>2024-05-03T15:27:35Z</time>
   </trkpt>
   <trkpt lat="48.8411420" lon="2.3744750">
    <ele>36.7</ele>
    <time>2024-05-03T15:27:36Z</time>
   </trkpt>
   <trkpt lat="48.8411240" lon="2.3744050">
    <ele>36.6</ele>
    <time>2024-05-03T15:27:37Z</time>
   </trkpt>
   <trkpt lat="48.8411010" lon="2.3743440">
    <ele>36.5</ele>
    <time>2024-05-03T15:27:38Z</time>
   </trkpt>
   <trkpt lat="48.8410700" lon="2.3742840">
    <ele>36.4</ele>
    <time>2024-05-03T15:27:39Z</time>
   </trkpt>
   <trkpt lat="48.8410460" lon="2.3742100">
    <ele>36.4</ele>
    <time>2024-05-03T15:27:40Z</time>
   </trkpt>
   <trkpt lat="48.8410160" lon="2.3741290">
    <ele>36.4</ele>
    <time>2024-05-03T15:27:41Z</time>
   </trkpt>
   <trkpt lat="48.8409790" lon="2.3740580">
    <ele>36.4</ele>
    <time>2024-05-03T15:27:42Z</time>
   </trkpt>
   <trkpt lat="48.8409430" lon="2.3739930">
    <ele>36.6</ele>
    <time>2024-05-03T15:27:43Z</time>
   </trkpt>
   <trkpt lat="48.8408940" lon="2.3739770">
    <ele>36.9</ele>
    <time>2024-05-03T15:27:44Z</time>
   </trkpt>
   <trkpt lat="48.8408450" lon="2.3739580">
    <ele>36.2</ele>
    <time>2024-05-03T15:27:45Z</time>
   </trkpt>
   <trkpt lat="48.8406990" lon="2.3735480">
    <ele>34.9</ele>
    <time>2024-05-03T15:27:52Z</time>
   </trkpt>
   <trkpt lat="48.8407020" lon="2.3735010">
    <ele>34.8</ele>
    <time>2024-05-03T15:27:53Z</time>
   </trkpt>
   <trkpt lat="48.8406720" lon="2.3734680">
    <ele>34.6</ele>
    <time>2024-05-03T15:27:54Z</time>
   </trkpt>
   <trkpt lat="48.8406320" lon="2.3734880">
    <ele>33.4</ele>
    <time>2024-05-03T15:27:55Z</time>
   </trkpt>
   <trkpt lat="48.8406160" lon="2.3734980">
    <ele>33.4</ele>
    <time>2024-05-03T15:27:56Z</time>
   </trkpt>
   <trkpt lat="48.8405770" lon="2.3735160">
    <ele>33.4</ele>
    <time>2024-05-03T15:27:57Z</time>
   </trkpt>
   <trkpt lat="48.8405360" lon="2.3735410">
    <ele>33.3</ele>
    <time>2024-05-03T15:27:58Z</time>
   </trkpt>
   <trkpt lat="48.8404900" lon="2.3735670">
    <ele>33.3</ele>
    <time>2024-05-03T15:27:59Z</time>
   </trkpt>
   <trkpt lat="48.8404460" lon="2.3736120">
    <ele>33.3</ele>
    <time>2024-05-03T15:28:00Z</time>
   </trkpt>
   <trkpt lat="48.8404000" lon="2.3736590">
    <ele>33.3</ele>
    <time>2024-05-03T15:28:01Z</time>
   </trkpt>
   <trkpt lat="48.8403540" lon="2.3737150">
    <ele>33.3</ele>
    <time>2024-05-03T15:28:02Z</time>
   </trkpt>
   <trkpt lat="48.8403080" lon="2.3737730">
    <ele>33.2</ele>
    <time>2024-05-03T15:28:03Z</time>
   </trkpt>
   <trkpt lat="48.8402560" lon="2.3738210">
    <ele>33.2</ele>
    <time>2024-05-03T15:28:04Z</time>
   </trkpt>
   <trkpt lat="48.8402050" lon="2.3738720">
    <ele>33.1</ele>
    <time>2024-05-03T15:28:05Z</time>
   </trkpt>
   <trkpt lat="48.8401530" lon="2.3739290">
    <ele>33.1</ele>
    <time>2024-05-03T15:28:06Z</time>
   </trkpt>
   <trkpt lat="48.8401010" lon="2.3739870">
    <ele>33.1</ele>
    <time>2024-05-03T15:28:07Z</time>
   </trkpt>
   <trkpt lat="48.8400480" lon="2.3740470">
    <ele>33.0</ele>
    <time>2024-05-03T15:28:08Z</time>
   </trkpt>
   <trkpt lat="48.8399950" lon="2.3741080">
    <ele>33.0</ele>
    <time>2024-05-03T15:28:09Z</time>
   </trkpt>
   <trkpt lat="48.8399430" lon="2.3741720">
    <ele>33.0</ele>
    <time>2024-05-03T15:28:10Z</time>
   </trkpt>
   <trkpt lat="48.8398880" lon="2.3742330">
    <ele>33.0</ele>
    <time>2024-05-03T15:28:11Z</time>
   </trkpt>
   <trkpt lat="48.8398350" lon="2.3742890">
    <ele>33.1</ele>
    <time>2024-05-03T15:28:12Z</time>
   </trkpt>
   <trkpt lat="48.8397870" lon="2.3743480">
    <ele>33.1</ele>
    <time>2024-05-03T15:28:13Z</time>
   </trkpt>
   <trkpt lat="48.8397380" lon="2.3744110">
    <ele>33.2</ele>
    <time>2024-05-03T15:28:14Z</time>
   </trkpt>
   <trkpt lat="48.8396870" lon="2.3744690">
    <ele>33.3</ele>
    <time>2024-05-03T15:28:15Z</time>
   </trkpt>
   <trkpt lat="48.8396370" lon="2.3745230">
    <ele>33.4</ele>
    <time>2024-05-03T15:28:16Z</time>
   </trkpt>
   <trkpt lat="48.8395890" lon="2.3745780">
    <ele>33.6</ele>
    <time>2024-05-03T15:28:17Z</time>
   </trkpt>
   <trkpt lat="48.8395400" lon="2.3746310">
    <ele>33.8</ele>
    <time>2024-05-03T15:28:18Z</time>
   </trkpt>
   <trkpt lat="48.8394960" lon="2.3746800">
    <ele>34.1</ele>
    <time>2024-05-03T15:28:19Z</time>
   </trkpt>
   <trkpt lat="48.8394540" lon="2.3747240">
    <ele>34.4</ele>
    <time>2024-05-03T15:28:20Z</time>
   </trkpt>
   <trkpt lat="48.8394140" lon="2.3747690">
    <ele>34.7</ele>
    <time>2024-05-03T15:28:21Z</time>
   </trkpt>
   <trkpt lat="48.8393770" lon="2.3748060">
    <ele>34.9</ele>
    <time>2024-05-03T15:28:22Z</time>
   </trkpt>
   <trkpt lat="48.8393390" lon="2.3748430">
    <ele>35.2</ele>
    <time>2024-05-03T15:28:23Z</time>
   </trkpt>
   <trkpt lat="48.8393040" lon="2.3748780">
    <ele>35.4</ele>
    <time>2024-05-03T15:28:24Z</time>
   </trkpt>
   <trkpt lat="48.8392710" lon="2.3749100">
    <ele>35.6</ele>
    <time>2024-05-03T15:28:25Z</time>
   </trkpt>
   <trkpt lat="48.8392420" lon="2.3749460">
    <ele>35.8</ele>
    <time>2024-05-03T15:28:26Z</time>
   </trkpt>
   <trkpt lat="48.8392140" lon="2.3749820">
    <ele>35.9</ele>
    <time>2024-05-03T15:28:27Z</time>
   </trkpt>
   <trkpt lat="48.8391860" lon="2.3750210">
    <ele>36.1</ele>
    <time>2024-05-03T15:28:28Z</time>
   </trkpt>
   <trkpt lat="48.8391610" lon="2.3750610">
    <ele>36.1</ele>
    <time>2024-05-03T15:28:29Z</time>
   </trkpt>
   <trkpt lat="48.8391350" lon="2.3750960">
    <ele>36.2</ele>
    <time>2024-05-03T15:28:30Z</time>
   </trkpt>
   <trkpt lat="48.8391070" lon="2.3751330">
    <ele>36.3</ele>
    <time>2024-05-03T15:28:31Z</time>
   </trkpt>
   <trkpt lat="48.8390800" lon="2.3751710">
    <ele>36.4</ele>
    <time>2024-05-03T15:28:32Z</time>
   </trkpt>
   <trkpt lat="48.8390520" lon="2.3752110">
    <ele>36.5</ele>
    <time>2024-05-03T15:28:33Z</time>
   </trkpt>
   <trkpt lat="48.8390240" lon="2.3752520">
    <ele>36.7</ele>
    <time>2024-05-03T15:28:34Z</time>
   </trkpt>
   <trkpt lat="48.8389930" lon="2.3752930">
    <ele>36.8</ele>
    <time>2024-05-03T15:28:35Z</time>
   </trkpt>
   <trkpt lat="48.8389620" lon="2.3753370">
    <ele>36.9</ele>
    <time>2024-05-03T15:28:36Z</time>
   </trkpt>
   <trkpt lat="48.8389300" lon="2.3753790">
    <ele>37.1</ele>
    <time>2024-05-03T15:28:37Z</time>
   </trkpt>
   <trkpt lat="48.8388950" lon="2.3754160">
    <ele>37.2</ele>
    <time>2024-05-03T15:28:38Z</time>
   </trkpt>
   <trkpt lat="48.8388600" lon="2.3754540">
    <ele>37.4</ele>
    <time>2024-05-03T15:28:39Z</time>
   </trkpt>
   <trkpt lat="48.8388270" lon="2.3754940">
    <ele>37.5</ele>
    <time>2024-05-03T15:28:40Z</time>
   </trkpt>
   <trkpt lat="48.8387950" lon="2.3755320">
    <ele>37.6</ele>
    <time>2024-05-03T15:28:41Z</time>
   </trkpt>
   <trkpt lat="48.8387660" lon="2.3755680">
    <ele>37.8</ele>
    <time>2024-05-03T15:28:42Z</time>
   </trkpt>
   <trkpt lat="48.8387370" lon="2.3755960">
    <ele>37.9</ele>
    <time>2024-05-03T15:28:43Z</time>
   </trkpt>
   <trkpt lat="48.8387080" lon="2.3756100">
    <ele>38.0</ele>
    <time>2024-05-03T15:28:44Z</time>
   </trkpt>
   <trkpt lat="48.8386810" lon="2.3756200">
    <ele>38.2</ele>
    <time>2024-05-03T15:28:45Z</time>
   </trkpt>
   <trkpt lat="48.8386410" lon="2.3756090">
    <ele>38.2</ele>
    <time>2024-05-03T15:28:46Z</time>
   </trkpt>
   <trkpt lat="48.8386260" lon="2.3755990">
    <ele>38.3</ele>
    <time>2024-05-03T15:28:47Z</time>
   </trkpt>
   <trkpt lat="48.8385990" lon="2.3755630">
    <ele>38.4</ele>
    <time>2024-05-03T15:28:48Z</time>
   </trkpt>
   <trkpt lat="48.8385720" lon="2.3755130">
    <ele>38.5</ele>
    <time>2024-05-03T15:28:49Z</time>
   </trkpt>
   <trkpt lat="48.8385430" lon="2.3754580">
    <ele>38.6</ele>
    <time>2024-05-03T15:28:50Z</time>
   </trkpt>
   <trkpt lat="48.8385110" lon="2.3754060">
    <ele>38.7</ele>
    <time>2024-05-03T15:28:51Z</time>
   </trkpt>
   <trkpt lat="48.8384850" lon="2.3753240">
    <ele>38.8</ele>
    <time>2024-05-03T15:28:52Z</time>
   </trkpt>
   <trkpt lat="48.8384550" lon="2.3752650">
    <ele>38.9</ele>
    <time>2024-05-03T15:28:53Z</time>
   </trkpt>
   <trkpt lat="48.8384240" lon="2.3752060">
    <ele>39.0</ele>
    <time>2024-05-03T15:28:54Z</time>
   </trkpt>
   <trkpt lat="48.8383920" lon="2.3751480">
    <ele>39.1</ele>
    <time>2024-05-03T15:28:55Z</time>
   </trkpt>
   <trkpt lat="48.8383610" lon="2.3750880">
    <ele>39.1</ele>
    <time>2024-05-03T15:28:56Z</time>
   </trkpt>
   <trkpt lat="48.8383300" lon="2.3750270">
    <ele>39.2</ele>
    <time>2024-05-03T15:28:57Z</time>
   </trkpt>
   <trkpt lat="48.8383000" lon="2.3749660">
    <ele>39.3</ele>
    <time>2024-05-03T15:28:58Z</time>
   </trkpt>
   <trkpt lat="48.8382680" lon="2.3749080">
    <ele>39.3</ele>
    <time>2024-05-03T15:28:59Z</time>
   </trkpt>
   <trkpt lat="48.8382340" lon="2.3748500">
    <ele>39.3</ele>
    <time>2024-05-03T15:29:00Z</time>
   </trkpt>
   <trkpt lat="48.8382030" lon="2.3747880">
    <ele>39.4</ele>
    <time>2024-05-03T15:29:01Z</time>
   </trkpt>
   <trkpt lat="48.8381700" lon="2.3747280">
    <ele>39.4</ele>
    <time>2024-05-03T15:29:02Z</time>
   </trkpt>
   <trkpt lat="48.8381380" lon="2.3746720">
    <ele>39.3</ele>
    <time>2024-05-03T15:29:03Z</time>
   </trkpt>
   <trkpt lat="48.8381100" lon="2.3746150">
    <ele>39.3</ele>
    <time>2024-05-03T15:29:04Z</time>
   </trkpt>
   <trkpt lat="48.8380790" lon="2.3745580">
    <ele>39.3</ele>
    <time>2024-05-03T15:29:05Z</time>
   </trkpt>
   <trkpt lat="48.8380460" lon="2.3745010">
    <ele>39.2</ele>
    <time>2024-05-03T15:29:06Z</time>
   </trkpt>
   <trkpt lat="48.8380140" lon="2.3744470">
    <ele>39.1</ele>
    <time>2024-05-03T15:29:07Z</time>
   </trkpt>
   <trkpt lat="48.8379800" lon="2.3743860">
    <ele>39.1</ele>
    <time>2024-05-03T15:29:08Z</time>
   </trkpt>
   <trkpt lat="48.8379460" lon="2.3743260">
    <ele>39.0</ele>
    <time>2024-05-03T15:29:09Z</time>
   </trkpt>
   <trkpt lat="48.8379150" lon="2.3742610">
    <ele>38.9</ele>
    <time>2024-05-03T15:29:10Z</time>
   </trkpt>
   <trkpt lat="48.8378850" lon="2.3741990">
    <ele>38.8</ele>
    <time>2024-05-03T15:29:11Z</time>
   </trkpt>
   <trkpt lat="48.8378520" lon="2.3741390">
    <ele>38.7</ele>
    <time>2024-05-03T15:29:12Z</time>
   </trkpt>
   <trkpt lat="48.8378160" lon="2.3740790">
    <ele>38.6</ele>
    <time>2024-05-03T15:29:13Z</time>
   </trkpt>
   <trkpt lat="48.8377860" lon="2.3740180">
    <ele>38.5</ele>
    <time>2024-05-03T15:29:14Z</time>
   </trkpt>
   <trkpt lat="48.8377610" lon="2.3739640">
    <ele>35.8</ele>
    <time>2024-05-03T15:29:15Z</time>
   </trkpt>
   <trkpt lat="48.8377370" lon="2.3739310">
    <ele>34.5</ele>
    <time>2024-05-03T15:29:16Z</time>
   </trkpt>
   <trkpt lat="48.8377160" lon="2.3738920">
    <ele>36.1</ele>
    <time>2024-05-03T15:29:17Z</time>
   </trkpt>
   <trkpt lat="48.8377110" lon="2.3738790">
    <ele>36.6</ele>
    <time>2024-05-03T15:29:18Z</time>
   </trkpt>
   <trkpt lat="48.8377100" lon="2.3738590">
    <ele>37.2</ele>
    <time>2024-05-03T15:29:19Z</time>
   </trkpt>
   <trkpt lat="48.8377140" lon="2.3738460">
    <ele>37.7</ele>
    <time>2024-05-03T15:29:20Z</time>
   </trkpt>
   <trkpt lat="48.8377160" lon="2.3738390">
    <ele>37.8</ele>
    <time>2024-05-03T15:29:21Z</time>
   </trkpt>
   <trkpt lat="48.8377140" lon="2.3738390">
    <ele>37.8</ele>
    <time>2024-05-03T15:29:22Z</time>
   </trkpt>
   <trkpt lat="48.8377140" lon="2.3738380">
    <ele>37.8</ele>
    <time>2024-05-03T15:29:23Z</time>
   </trkpt>
   <trkpt lat="48.8377160" lon="2.3738310">
    <ele>37.8</ele>
    <time>2024-05-03T15:29:24Z</time>
   </trkpt>
   <trkpt lat="48.8377240" lon="2.3738030">
    <ele>37.8</ele>
    <time>2024-05-03T15:29:25Z</time>
   </trkpt>
   <trkpt lat="48.8377260" lon="2.3737910">
    <ele>37.8</ele>
    <time>2024-05-03T15:29:26Z</time>
   </trkpt>
   <trkpt lat="48.8377280" lon="2.3737790">
    <ele>37.8</ele>
    <time>2024-05-03T15:29:27Z</time>
   </trkpt>
   <trkpt lat="48.8377410" lon="2.3737430">
    <ele>37.8</ele>
    <time>2024-05-03T15:29:28Z</time>
   </trkpt>
   <trkpt lat="48.8377470" lon="2.3737310">
    <ele>37.8</ele>
    <time>2024-05-03T15:29:29Z</time>
   </trkpt>
   <trkpt lat="48.8377550" lon="2.3737110">
    <ele>37.7</ele>
    <time>2024-05-03T15:29:30Z</time>
   </trkpt>
   <trkpt lat="48.8377580" lon="2.3736880">
    <ele>37.7</ele>
    <time>2024-05-03T15:29:31Z</time>
   </trkpt>
   <trkpt lat="48.8377570" lon="2.3736690">
    <ele>37.9</ele>
    <time>2024-05-03T15:29:32Z</time>
   </trkpt>
   <trkpt lat="48.8377540" lon="2.3736660">
    <ele>37.9</ele>
    <time>2024-05-03T15:29:33Z</time>
   </trkpt>
   <trkpt lat="48.8377470" lon="2.3736500">
    <ele>38.0</ele>
    <time>2024-05-03T15:29:34Z</time>
   </trkpt>
   <trkpt lat="48.8377240" lon="2.3736030">
    <ele>38.1</ele>
    <time>2024-05-03T15:29:35Z</time>
   </trkpt>
   <trkpt lat="48.8377150" lon="2.3735860">
    <ele>38.1</ele>
    <time>2024-05-03T15:29:36Z</time>
   </trkpt>
   <trkpt lat="48.8376950" lon="2.3735350">
    <ele>38.2</ele>
    <time>2024-05-03T15:29:37Z</time>
   </trkpt>
   <trkpt lat="48.8376870" lon="2.3735160">
    <ele>38.3</ele>
    <time>2024-05-03T15:29:38Z</time>
   </trkpt>
   <trkpt lat="48.8376660" lon="2.3734780">
    <ele>38.1</ele>
    <time>2024-05-03T15:29:39Z</time>
   </trkpt>
   <trkpt lat="48.8376610" lon="2.3734690">
    <ele>38.0</ele>
    <time>2024-05-03T15:29:40Z</time>
   </trkpt>
   <trkpt lat="48.8376530" lon="2.3734500">
    <ele>38.0</ele>
    <time>2024-05-03T15:29:41Z</time>
   </trkpt>
   <trkpt lat="48.8376470" lon="2.3734320">
    <ele>38.0</ele>
    <time>2024-05-03T15:29:42Z</time>
   </trkpt>
   <trkpt lat="48.8376270" lon="2.3734280">
    <ele>38.0</ele>
    <time>2024-05-03T15:29:43Z</time>
   </trkpt>
   <trkpt lat="48.8376130" lon="2.3734330">
    <ele>38.0</ele>
    <time>2024-05-03T15:29:44Z</time>
   </trkpt>
   <trkpt lat="48.8376000" lon="2.3734380">
    <ele>38.0</ele>
    <time>2024-05-03T15:29:45Z</time>
   </trkpt>
   <trkpt lat="48.8375680" lon="2.3734490">
    <ele>38.0</ele>
    <time>2024-05-03T15:29:46Z</time>
   </trkpt>
   <trkpt lat="48.8375330" lon="2.3734490">
    <ele>38.0</ele>
    <time>2024-05-03T15:29:47Z</time>
   </trkpt>
   <trkpt lat="48.8374990" lon="2.3734230">
    <ele>38.1</ele>
    <time>2024-05-03T15:29:48Z</time>
   </trkpt>
   <trkpt lat="48.8374720" lon="2.3733710">
    <ele>38.1</ele>
    <time>2024-05-03T15:29:49Z</time>
   </trkpt>
   <trkpt lat="48.8374490" lon="2.3733100">
    <ele>38.2</ele>
    <time>2024-05-03T15:29:50Z</time>
   </trkpt>
   <trkpt lat="48.8374260" lon="2.3732510">
    <ele>38.2</ele>
    <time>2024-05-03T15:29:51Z</time>
   </trkpt>
   <trkpt lat="48.8374080" lon="2.3731800">
    <ele>38.2</ele>
    <time>2024-05-03T15:29:52Z</time>
   </trkpt>
   <trkpt lat="48.8373810" lon="2.3731180">
    <ele>38.3</ele>
    <time>2024-05-03T15:29:53Z</time>
   </trkpt>
   <trkpt lat="48.8373550" lon="2.3730580">
    <ele>38.3</ele>
    <time>2024-05-03T15:29:54Z</time>
   </trkpt>
   <trkpt lat="48.8373250" lon="2.3729980">
    <ele>38.4</ele>
    <time>2024-05-03T15:29:55Z</time>
   </trkpt>
   <trkpt lat="48.8372940" lon="2.3729360">
    <ele>38.4</ele>
    <time>2024-05-03T15:29:56Z</time>
   </trkpt>
   <trkpt lat="48.8372590" lon="2.3728710">
    <ele>38.5</ele>
    <time>2024-05-03T15:29:57Z</time>
   </trkpt>
   <trkpt lat="48.8372260" lon="2.3728040">
    <ele>38.7</ele>
    <time>2024-05-03T15:29:58Z</time>
   </trkpt>
   <trkpt lat="48.8371910" lon="2.3727350">
    <ele>38.7</ele>
    <time>2024-05-03T15:29:59Z</time>
   </trkpt>
   <trkpt lat="48.8371560" lon="2.3726650">
    <ele>38.8</ele>
    <time>2024-05-03T15:30:00Z</time>
   </trkpt>
   <trkpt lat="48.8371220" lon="2.3725970">
    <ele>38.9</ele>
    <time>2024-05-03T15:30:01Z</time>
   </trkpt>
   <trkpt lat="48.8370880" lon="2.3725270">
    <ele>38.9</ele>
    <time>2024-05-03T15:30:02Z</time>
   </trkpt>
   <trkpt lat="48.8370530" lon="2.3724600">
    <ele>39.0</ele>
    <time>2024-05-03T15:30:03Z</time>
   </trkpt>
   <trkpt lat="48.8370180" lon="2.3723950">
    <ele>39.1</ele>
    <time>2024-05-03T15:30:04Z</time>
   </trkpt>
   <trkpt lat="48.8369840" lon="2.3723270">
    <ele>39.2</ele>
    <time>2024-05-03T15:30:05Z</time>
   </trkpt>
   <trkpt lat="48.8369490" lon="2.3722610">
    <ele>39.2</ele>
    <time>2024-05-03T15:30:06Z</time>
   </trkpt>
   <trkpt lat="48.8369160" lon="2.3721990">
    <ele>39.3</ele>
    <time>2024-05-03T15:30:07Z</time>
   </trkpt>
   <trkpt lat="48.8368830" lon="2.3721350">
    <ele>39.4</ele>
    <time>2024-05-03T15:30:08Z</time>
   </trkpt>
   <trkpt lat="48.8368490" lon="2.3720730">
    <ele>39.5</ele>
    <time>2024-05-03T15:30:09Z</time>
   </trkpt>
   <trkpt lat="48.8368180" lon="2.3720090">
    <ele>39.7</ele>
    <time>2024-05-03T15:30:10Z</time>
   </trkpt>
   <trkpt lat="48.8367880" lon="2.3719530">
    <ele>39.9</ele>
    <time>2024-05-03T15:30:11Z</time>
   </trkpt>
   <trkpt lat="48.8367550" lon="2.3719030">
    <ele>40.1</ele>
    <time>2024-05-03T15:30:12Z</time>
   </trkpt>
   <trkpt lat="48.8367230" lon="2.3718550">
    <ele>40.3</ele>
    <time>2024-05-03T15:30:13Z</time>
   </trkpt>
   <trkpt lat="48.8366940" lon="2.3718100">
    <ele>40.5</ele>
    <time>2024-05-03T15:30:14Z</time>
   </trkpt>
   <trkpt lat="48.8366670" lon="2.3717670">
    <ele>40.7</ele>
    <time>2024-05-03T15:30:15Z</time>
   </trkpt>
   <trkpt lat="48.8366390" lon="2.3717270">
    <ele>40.9</ele>
    <time>2024-05-03T15:30:16Z</time>
   </trkpt>
   <trkpt lat="48.8366150" lon="2.3716810">
    <ele>41.1</ele>
    <time>2024-05-03T15:30:17Z</time>
   </trkpt>
   <trkpt lat="48.8365910" lon="2.3716340">
    <ele>41.2</ele>
    <time>2024-05-03T15:30:18Z</time>
   </trkpt>
   <trkpt lat="48.8365690" lon="2.3715830">
    <ele>41.4</ele>
    <time>2024-05-03T15:30:19Z</time>
   </trkpt>
   <trkpt lat="48.8365460" lon="2.3715350">
    <ele>41.6</ele>
    <time>2024-05-03T15:30:20Z</time>
   </trkpt>
   <trkpt lat="48.8365220" lon="2.3714910">
    <ele>41.7</ele>
    <time>2024-05-03T15:30:21Z</time>
   </trkpt>
   <trkpt lat="48.8364970" lon="2.3714530">
    <ele>41.9</ele>
    <time>2024-05-03T15:30:22Z</time>
   </trkpt>
   <trkpt lat="48.8364770" lon="2.3714080">
    <ele>42.0</ele>
    <time>2024-05-03T15:30:23Z</time>
   </trkpt>
   <trkpt lat="48.8364610" lon="2.3713620">
    <ele>42.3</ele>
    <time>2024-05-03T15:30:24Z</time>
   </trkpt>
   <trkpt lat="48.8364500" lon="2.3713170">
    <ele>42.4</ele>
    <time>2024-05-03T15:30:25Z</time>
   </trkpt>
   <trkpt lat="48.8364380" lon="2.3712730">
    <ele>42.5</ele>
    <time>2024-05-03T15:30:26Z</time>
   </trkpt>
   <trkpt lat="48.8364280" lon="2.3712280">
    <ele>42.6</ele>
    <time>2024-05-03T15:30:27Z</time>
   </trkpt>
   <trkpt lat="48.8364140" lon="2.3711890">
    <ele>42.7</ele>
    <time>2024-05-03T15:30:28Z</time>
   </trkpt>
   <trkpt lat="48.8363950" lon="2.3711500">
    <ele>42.8</ele>
    <time>2024-05-03T15:30:29Z</time>
   </trkpt>
   <trkpt lat="48.8363900" lon="2.3711400">
    <ele>42.9</ele>
    <time>2024-05-03T15:30:30Z</time>
   </trkpt>
   <trkpt lat="48.8363860" lon="2.3711070">
    <ele>42.9</ele>
    <time>2024-05-03T15:30:31Z</time>
   </trkpt>
   <trkpt lat="48.8363850" lon="2.3710940">
    <ele>43.0</ele>
    <time>2024-05-03T15:30:32Z</time>
   </trkpt>
   <trkpt lat="48.8363840" lon="2.3710820">
    <ele>43.0</ele>
    <time>2024-05-03T15:30:33Z</time>
   </trkpt>
   <trkpt lat="48.8363740" lon="2.3710610">
    <ele>43.0</ele>
    <time>2024-05-03T15:30:34Z</time>
   </trkpt>
   <trkpt lat="48.8363600" lon="2.3710400">
    <ele>43.0</ele>
    <time>2024-05-03T15:30:35Z</time>
   </trkpt>
   <trkpt lat="48.8363180" lon="2.3710330">
    <ele>43.1</ele>
    <time>2024-05-03T15:30:36Z</time>
   </trkpt>
   <trkpt lat="48.8363010" lon="2.3710350">
    <ele>43.1</ele>
    <time>2024-05-03T15:30:37Z</time>
   </trkpt>
   <trkpt lat="48.8362630" lon="2.3710360">
    <ele>43.1</ele>
    <time>2024-05-03T15:30:38Z</time>
   </trkpt>
   <trkpt lat="48.8362310" lon="2.3709960">
    <ele>43.1</ele>
    <time>2024-05-03T15:30:39Z</time>
   </trkpt>
   <trkpt lat="48.8362070" lon="2.3709400">
    <ele>43.1</ele>
    <time>2024-05-03T15:30:40Z</time>
   </trkpt>
   <trkpt lat="48.8361830" lon="2.3708830">
    <ele>43.1</ele>
    <time>2024-05-03T15:30:41Z</time>
   </trkpt>
   <trkpt lat="48.8361550" lon="2.3708270">
    <ele>43.2</ele>
    <time>2024-05-03T15:30:42Z</time>
   </trkpt>
   <trkpt lat="48.8361250" lon="2.3707690">
    <ele>43.2</ele>
    <time>2024-05-03T15:30:43Z</time>
   </trkpt>
   <trkpt lat="48.8360950" lon="2.3707070">
    <ele>43.1</ele>
    <time>2024-05-03T15:30:44Z</time>
   </trkpt>
   <trkpt lat="48.8360660" lon="2.3706410">
    <ele>43.1</ele>
    <time>2024-05-03T15:30:45Z</time>
   </trkpt>
   <trkpt lat="48.8360360" lon="2.3705730">
    <ele>43.0</ele>
    <time>2024-05-03T15:30:46Z</time>
   </trkpt>
   <trkpt lat="48.8360030" lon="2.3705050">
    <ele>42.9</ele>
    <time>2024-05-03T15:30:47Z</time>
   </trkpt>
   <trkpt lat="48.8359670" lon="2.3704320">
    <ele>42.8</ele>
    <time>2024-05-03T15:30:48Z</time>
   </trkpt>
   <trkpt lat="48.8359310" lon="2.3703540">
    <ele>42.7</ele>
    <time>2024-05-03T15:30:49Z</time>
   </trkpt>
   <trkpt lat="48.8358950" lon="2.3702740">
    <ele>42.6</ele>
    <time>2024-05-03T15:30:50Z</time>
   </trkpt>
   <trkpt lat="48.8358620" lon="2.3701850">
    <ele>42.4</ele>
    <time>2024-05-03T15:30:51Z</time>
   </trkpt>
   <trkpt lat="48.8358260" lon="2.3700980">
    <ele>42.2</ele>
    <time>2024-05-03T15:30:52Z</time>
   </trkpt>
   <trkpt lat="48.8357860" lon="2.3700150">
    <ele>42.1</ele>
    <time>2024-05-03T15:30:53Z</time>
   </trkpt>
   <trkpt lat="48.8357470" lon="2.3699270">
    <ele>41.9</ele>
    <time>2024-05-03T15:30:54Z</time>
   </trkpt>
   <trkpt lat="48.8357080" lon="2.3698360">
    <ele>41.7</ele>
    <time>2024-05-03T15:30:55Z</time>
   </trkpt>
   <trkpt lat="48.8356730" lon="2.3697390">
    <ele>41.5</ele>
    <time>2024-05-03T15:30:56Z</time>
   </trkpt>
   <trkpt lat="48.8356400" lon="2.3696380">
    <ele>41.4</ele>
    <time>2024-05-03T15:30:57Z</time>
   </trkpt>
   <trkpt lat="48.8356060" lon="2.3695380">
    <ele>41.3</ele>
    <time>2024-05-03T15:30:58Z</time>
   </trkpt>
   <trkpt lat="48.8355750" lon="2.3694400">
    <ele>41.2</ele>
    <time>2024-05-03T15:30:59Z</time>
   </trkpt>
   <trkpt lat="48.8355450" lon="2.3693430">
    <ele>41.2</ele>
    <time>2024-05-03T15:31:00Z</time>
   </trkpt>
   <trkpt lat="48.8355200" lon="2.3692440">
    <ele>41.2</ele>
    <time>2024-05-03T15:31:01Z</time>
   </trkpt>
   <trkpt lat="48.8354910" lon="2.3691490">
    <ele>41.2</ele>
    <time>2024-05-03T15:31:02Z</time>
   </trkpt>
   <trkpt lat="48.8354610" lon="2.3690560">
    <ele>41.2</ele>
    <time>2024-05-03T15:31:03Z</time>
   </trkpt>
   <trkpt lat="48.8354270" lon="2.3689630">
    <ele>41.2</ele>
    <time>2024-05-03T15:31:04Z</time>
   </trkpt>
   <trkpt lat="48.8353970" lon="2.3688780">
    <ele>41.3</ele>
    <time>2024-05-03T15:31:05Z</time>
   </trkpt>
   <trkpt lat="48.8353680" lon="2.3687970">
    <ele>41.3</ele>
    <time>2024-05-03T15:31:06Z</time>
   </trkpt>
   <trkpt lat="48.8353430" lon="2.3687150">
    <ele>41.4</ele>
    <time>2024-05-03T15:31:07Z</time>
   </trkpt>
   <trkpt lat="48.8353150" lon="2.3686310">
    <ele>41.4</ele>
    <time>2024-05-03T15:31:08Z</time>
   </trkpt>
   <trkpt lat="48.8352880" lon="2.3685500">
    <ele>41.4</ele>
    <time>2024-05-03T15:31:09Z</time>
   </trkpt>
   <trkpt lat="48.8352640" lon="2.3684680">
    <ele>41.5</ele>
    <time>2024-05-03T15:31:10Z</time>
   </trkpt>
   <trkpt lat="48.8352380" lon="2.3683850">
    <ele>41.6</ele>
    <time>2024-05-03T15:31:11Z</time>
   </trkpt>
   <trkpt lat="48.8352140" lon="2.3683040">
    <ele>41.6</ele>
    <time>2024-05-03T15:31:12Z</time>
   </trkpt>
   <trkpt lat="48.8351870" lon="2.3682200">
    <ele>41.7</ele>
    <time>2024-05-03T15:31:13Z</time>
   </trkpt>
   <trkpt lat="48.8351570" lon="2.3681350">
    <ele>41.7</ele>
    <time>2024-05-03T15:31:14Z</time>
   </trkpt>
   <trkpt lat="48.8351290" lon="2.3680500">
    <ele>41.8</ele>
    <time>2024-05-03T15:31:15Z</time>
   </trkpt>
   <trkpt lat="48.8351000" lon="2.3679650">
    <ele>41.9</ele>
    <time>2024-05-03T15:31:16Z</time>
   </trkpt>
   <trkpt lat="48.8350720" lon="2.3678830">
    <ele>41.9</ele>
    <time>2024-05-03T15:31:17Z</time>
   </trkpt>
   <trkpt lat="48.8350430" lon="2.3678030">
    <ele>42.0</ele>
    <time>2024-05-03T15:31:18Z</time>
   </trkpt>
   <trkpt lat="48.8350140" lon="2.3677230">
    <ele>42.1</ele>
    <time>2024-05-03T15:31:19Z</time>
   </trkpt>
   <trkpt lat="48.8349850" lon="2.3676460">
    <ele>42.2</ele>
    <time>2024-05-03T15:31:20Z</time>
   </trkpt>
   <trkpt lat="48.8349620" lon="2.3675700">
    <ele>42.3</ele>
    <time>2024-05-03T15:31:21Z</time>
   </trkpt>
   <trkpt lat="48.8349420" lon="2.3674950">
    <ele>42.4</ele>
    <time>2024-05-03T15:31:22Z</time>
   </trkpt>
   <trkpt lat="48.8349210" lon="2.3674240">
    <ele>42.5</ele>
    <time>2024-05-03T15:31:23Z</time>
   </trkpt>
   <trkpt lat="48.8349000" lon="2.3673620">
    <ele>42.6</ele>
    <time>2024-05-03T15:31:24Z</time>
   </trkpt>
   <trkpt lat="48.8348790" lon="2.3673000">
    <ele>42.6</ele>
    <time>2024-05-03T15:31:25Z</time>
   </trkpt>
   <trkpt lat="48.8348550" lon="2.3672340">
    <ele>42.7</ele>
    <time>2024-05-03T15:31:26Z</time>
   </trkpt>
   <trkpt lat="48.8348360" lon="2.3671710">
    <ele>42.8</ele>
    <time>2024-05-03T15:31:27Z</time>
   </trkpt>
   <trkpt lat="48.8348170" lon="2.3671100">
    <ele>42.9</ele>
    <time>2024-05-03T15:31:28Z</time>
   </trkpt>
   <trkpt lat="48.8347980" lon="2.3670470">
    <ele>42.9</ele>
    <time>2024-05-03T15:31:29Z</time>
   </trkpt>
   <trkpt lat="48.8347780" lon="2.3669820">
    <ele>43.0</ele>
    <time>2024-05-03T15:31:30Z</time>
   </trkpt>
   <trkpt lat="48.8347550" lon="2.3669170">
    <ele>43.1</ele>
    <time>2024-05-03T15:31:31Z</time>
   </trkpt>
   <trkpt lat="48.8347300" lon="2.3668530">
    <ele>43.1</ele>
    <time>2024-05-03T15:31:32Z</time>
   </trkpt>
   <trkpt lat="48.8347030" lon="2.3667880">
    <ele>43.2</ele>
    <time>2024-05-03T15:31:33Z</time>
   </trkpt>
   <trkpt lat="48.8346780" lon="2.3667170">
    <ele>43.3</ele>
    <time>2024-05-03T15:31:34Z</time>
   </trkpt>
   <trkpt lat="48.8346550" lon="2.3666450">
    <ele>43.3</ele>
    <time>2024-05-03T15:31:35Z</time>
   </trkpt>
   <trkpt lat="48.8346320" lon="2.3665700">
    <ele>43.4</ele>
    <time>2024-05-03T15:31:36Z</time>
   </trkpt>
   <trkpt lat="48.8346080" lon="2.3664960">
    <ele>43.5</ele>
    <time>2024-05-03T15:31:37Z</time>
   </trkpt>
   <trkpt lat="48.8345880" lon="2.3664230">
    <ele>43.7</ele>
    <time>2024-05-03T15:31:38Z</time>
   </trkpt>
   <trkpt lat="48.8345690" lon="2.3663450">
    <ele>43.8</ele>
    <time>2024-05-03T15:31:39Z</time>
   </trkpt>
   <trkpt lat="48.8345450" lon="2.3662720">
    <ele>43.9</ele>
    <time>2024-05-03T15:31:40Z</time>
   </trkpt>
   <trkpt lat="48.8345200" lon="2.3662000">
    <ele>44.0</ele>
    <time>2024-05-03T15:31:41Z</time>
   </trkpt>
   <trkpt lat="48.8344970" lon="2.3661280">
    <ele>44.1</ele>
    <time>2024-05-03T15:31:42Z</time>
   </trkpt>
   <trkpt lat="48.8344750" lon="2.3660580">
    <ele>44.2</ele>
    <time>2024-05-03T15:31:43Z</time>
   </trkpt>
   <trkpt lat="48.8344520" lon="2.3659890">
    <ele>44.3</ele>
    <time>2024-05-03T15:31:44Z</time>
   </trkpt>
   <trkpt lat="48.8344310" lon="2.3659190">
    <ele>44.5</ele>
    <time>2024-05-03T15:31:45Z</time>
   </trkpt>
   <trkpt lat="48.8344120" lon="2.3658470">
    <ele>44.6</ele>
    <time>2024-05-03T15:31:46Z</time>
   </trkpt>
   <trkpt lat="48.8343890" lon="2.3657740">
    <ele>44.7</ele>
    <time>2024-05-03T15:31:47Z</time>
   </trkpt>
   <trkpt lat="48.8343670" lon="2.3656980">
    <ele>44.8</ele>
    <time>2024-05-03T15:31:48Z</time>
   </trkpt>
   <trkpt lat="48.8343440" lon="2.3656240">
    <ele>45.0</ele>
    <time>2024-05-03T15:31:49Z</time>
   </trkpt>
   <trkpt lat="48.8343200" lon="2.3655520">
    <ele>45.1</ele>
    <time>2024-05-03T15:31:50Z</time>
   </trkpt>
   <trkpt lat="48.8342970" lon="2.3654790">
    <ele>45.3</ele>
    <time>2024-05-03T15:31:51Z</time>
   </trkpt>
   <trkpt lat="48.8342730" lon="2.3654070">
    <ele>45.4</ele>
    <time>2024-05-03T15:31:52Z</time>
   </trkpt>
   <trkpt lat="48.8342440" lon="2.3653380">
    <ele>45.6</ele>
    <time>2024-05-03T15:31:53Z</time>
   </trkpt>
   <trkpt lat="48.8342170" lon="2.3652660">
    <ele>45.7</ele>
    <time>2024-05-03T15:31:54Z</time>
   </trkpt>
   <trkpt lat="48.8341940" lon="2.3651930">
    <ele>45.9</ele>
    <time>2024-05-03T15:31:55Z</time>
   </trkpt>
   <trkpt lat="48.8341700" lon="2.3651180">
    <ele>46.0</ele>
    <time>2024-05-03T15:31:56Z</time>
   </trkpt>
   <trkpt lat="48.8341460" lon="2.3650430">
    <ele>46.2</ele>
    <time>2024-05-03T15:31:57Z</time>
   </trkpt>
   <trkpt lat="48.8341190" lon="2.3649720">
    <ele>46.3</ele>
    <time>2024-05-03T15:31:58Z</time>
   </trkpt>
   <trkpt lat="48.8340930" lon="2.3649070">
    <ele>46.5</ele>
    <time>2024-05-03T15:31:59Z</time>
   </trkpt>
   <trkpt lat="48.8340680" lon="2.3648420">
    <ele>46.7</ele>
    <time>2024-05-03T15:32:00Z</time>
   </trkpt>
   <trkpt lat="48.8340470" lon="2.3647790">
    <ele>46.8</ele>
    <time>2024-05-03T15:32:01Z</time>
   </trkpt>
   <trkpt lat="48.8340320" lon="2.3647270">
    <ele>47.0</ele>
    <time>2024-05-03T15:32:02Z</time>
   </trkpt>
   <trkpt lat="48.8340180" lon="2.3646750">
    <ele>47.1</ele>
    <time>2024-05-03T15:32:03Z</time>
   </trkpt>
   <trkpt lat="48.8339970" lon="2.3646190">
    <ele>47.1</ele>
    <time>2024-05-03T15:32:04Z</time>
   </trkpt>
   <trkpt lat="48.8339700" lon="2.3645700">
    <ele>47.2</ele>
    <time>2024-05-03T15:32:05Z</time>
   </trkpt>
   <trkpt lat="48.8339480" lon="2.3645190">
    <ele>47.3</ele>
    <time>2024-05-03T15:32:06Z</time>
   </trkpt>
   <trkpt lat="48.8339360" lon="2.3644530">
    <ele>47.5</ele>
    <time>2024-05-03T15:32:07Z</time>
   </trkpt>
   <trkpt lat="48.8339160" lon="2.3643870">
    <ele>47.6</ele>
    <time>2024-05-03T15:32:08Z</time>
   </trkpt>
   <trkpt lat="48.8338940" lon="2.3643190">
    <ele>47.8</ele>
    <time>2024-05-03T15:32:09Z</time>
   </trkpt>
   <trkpt lat="48.8338750" lon="2.3642480">
    <ele>47.9</ele>
    <time>2024-05-03T15:32:10Z</time>
   </trkpt>
   <trkpt lat="48.8338550" lon="2.3641810">
    <ele>48.1</ele>
    <time>2024-05-03T15:32:11Z</time>
   </trkpt>
   <trkpt lat="48.8338340" lon="2.3641110">
    <ele>48.2</ele>
    <time>2024-05-03T15:32:12Z</time>
   </trkpt>
   <trkpt lat="48.8338120" lon="2.3640430">
    <ele>48.4</ele>
    <time>2024-05-03T15:32:13Z</time>
   </trkpt>
   <trkpt lat="48.8337850" lon="2.3639770">
    <ele>48.5</ele>
    <time>2024-05-03T15:32:14Z</time>
   </trkpt>
   <trkpt lat="48.8337590" lon="2.3639100">
    <ele>48.7</ele>
    <time>2024-05-03T15:32:15Z</time>
   </trkpt>
   <trkpt lat="48.8337330" lon="2.3638440">
    <ele>48.9</ele>
    <time>2024-05-03T15:32:16Z</time>
   </trkpt>
   <trkpt lat="48.8337110" lon="2.3637740">
    <ele>49.1</ele>
    <time>2024-05-03T15:32:17Z</time>
   </trkpt>
   <trkpt lat="48.8336890" lon="2.3637030">
    <ele>49.4</ele>
    <time>2024-05-03T15:32:18Z</time>
   </trkpt>
   <trkpt lat="48.8336680" lon="2.3636290">
    <ele>49.6</ele>
    <time>2024-05-03T15:32:19Z</time>
   </trkpt>
   <trkpt lat="48.8336460" lon="2.3635620">
    <ele>49.8</ele>
    <time>2024-05-03T15:32:20Z</time>
   </trkpt>
   <trkpt lat="48.8336200" lon="2.3634990">
    <ele>50.0</ele>
    <time>2024-05-03T15:32:21Z</time>
   </trkpt>
   <trkpt lat="48.8335940" lon="2.3634340">
    <ele>50.3</ele>
    <time>2024-05-03T15:32:22Z</time>
   </trkpt>
   <trkpt lat="48.8335700" lon="2.3633690">
    <ele>50.5</ele>
    <time>2024-05-03T15:32:23Z</time>
   </trkpt>
   <trkpt lat="48.8335480" lon="2.3633080">
    <ele>50.5</ele>
    <time>2024-05-03T15:32:24Z</time>
   </trkpt>
   <trkpt lat="48.8335240" lon="2.3632480">
    <ele>50.6</ele>
    <time>2024-05-03T15:32:25Z</time>
   </trkpt>
   <trkpt lat="48.8335000" lon="2.3631820">
    <ele>50.6</ele>
    <time>2024-05-03T15:32:26Z</time>
   </trkpt>
   <trkpt lat="48.8334800" lon="2.3631150">
    <ele>50.7</ele>
    <time>2024-05-03T15:32:27Z</time>
   </trkpt>
   <trkpt lat="48.8334580" lon="2.3630510">
    <ele>50.8</ele>
    <time>2024-05-03T15:32:28Z</time>
   </trkpt>
   <trkpt lat="48.8334410" lon="2.3629900">
    <ele>50.9</ele>
    <time>2024-05-03T15:32:29Z</time>
   </trkpt>
   <trkpt lat="48.8334210" lon="2.3629280">
    <ele>51.0</ele>
    <time>2024-05-03T15:32:30Z</time>
   </trkpt>
   <trkpt lat="48.8334030" lon="2.3628590">
    <ele>51.2</ele>
    <time>2024-05-03T15:32:31Z</time>
   </trkpt>
   <trkpt lat="48.8333830" lon="2.3627860">
    <ele>51.3</ele>
    <time>2024-05-03T15:32:32Z</time>
   </trkpt>
   <trkpt lat="48.8333610" lon="2.3627160">
    <ele>51.5</ele>
    <time>2024-05-03T15:32:33Z</time>
   </trkpt>
   <trkpt lat="48.8333360" lon="2.3626510">
    <ele>51.6</ele>
    <time>2024-05-03T15:32:34Z</time>
   </trkpt>
   <trkpt lat="48.8333170" lon="2.3625770">
    <ele>51.7</ele>
    <time>2024-05-03T15:32:35Z</time>
   </trkpt>
   <trkpt lat="48.8332940" lon="2.3625040">
    <ele>51.9</ele>
    <time>2024-05-03T15:32:36Z</time>
   </trkpt>
   <trkpt lat="48.8332770" lon="2.3624270">
    <ele>52.1</ele>
    <time>2024-05-03T15:32:37Z</time>
   </trkpt>
   <trkpt lat="48.8332520" lon="2.3623530">
    <ele>52.2</ele>
    <time>2024-05-03T15:32:38Z</time>
   </trkpt>
   <trkpt lat="48.8332270" lon="2.3622870">
    <ele>52.4</ele>
    <time>2024-05-03T15:32:39Z</time>
   </trkpt>
   <trkpt lat="48.8332010" lon="2.3622180">
    <ele>52.6</ele>
    <time>2024-05-03T15:32:40Z</time>
   </trkpt>
   <trkpt lat="48.8331790" lon="2.3621490">
    <ele>52.8</ele>
    <time>2024-05-03T15:32:41Z</time>
   </trkpt>
   <trkpt lat="48.8331520" lon="2.3620810">
    <ele>53.0</ele>
    <time>2024-05-03T15:32:42Z</time>
   </trkpt>
   <trkpt lat="48.8331170" lon="2.3620200">
    <ele>53.3</ele>
    <time>2024-05-03T15:32:43Z</time>
   </trkpt>
   <trkpt lat="48.8330900" lon="2.3619510">
    <ele>53.5</ele>
    <time>2024-05-03T15:32:44Z</time>
   </trkpt>
   <trkpt lat="48.8330650" lon="2.3618850">
    <ele>53.8</ele>
    <time>2024-05-03T15:32:45Z</time>
   </trkpt>
   <trkpt lat="48.8330450" lon="2.3618110">
    <ele>54.1</ele>
    <time>2024-05-03T15:32:46Z</time>
   </trkpt>
   <trkpt lat="48.8330220" lon="2.3617400">
    <ele>54.2</ele>
    <time>2024-05-03T15:32:47Z</time>
   </trkpt>
   <trkpt lat="48.8329980" lon="2.3616680">
    <ele>54.3</ele>
    <time>2024-05-03T15:32:48Z</time>
   </trkpt>
   <trkpt lat="48.8329730" lon="2.3615970">
    <ele>54.4</ele>
    <time>2024-05-03T15:32:49Z</time>
   </trkpt>
   <trkpt lat="48.8329490" lon="2.3615270">
    <ele>54.5</ele>
    <time>2024-05-03T15:32:50Z</time>
   </trkpt>
   <trkpt lat="48.8329260" lon="2.3614570">
    <ele>54.6</ele>
    <time>2024-05-03T15:32:51Z</time>
   </trkpt>
   <trkpt lat="48.8328990" lon="2.3613850">
    <ele>54.8</ele>
    <time>2024-05-03T15:32:52Z</time>
   </trkpt>
   <trkpt lat="48.8328720" lon="2.3613140">
    <ele>54.9</ele>
    <time>2024-05-03T15:32:53Z</time>
   </trkpt>
   <trkpt lat="48.8328460" lon="2.3612420">
    <ele>55.0</ele>
    <time>2024-05-03T15:32:54Z</time>
   </trkpt>
   <trkpt lat="48.8328230" lon="2.3611660">
    <ele>55.2</ele>
    <time>2024-05-03T15:32:55Z</time>
   </trkpt>
   <trkpt lat="48.8327980" lon="2.3610910">
    <ele>55.3</ele>
    <time>2024-05-03T15:32:56Z</time>
   </trkpt>
   <trkpt lat="48.8327690" lon="2.3610220">
    <ele>55.4</ele>
    <time>2024-05-03T15:32:57Z</time>
   </trkpt>
   <trkpt lat="48.8327430" lon="2.3609480">
    <ele>55.6</ele>
    <time>2024-05-03T15:32:58Z</time>
   </trkpt>
   <trkpt lat="48.8327190" lon="2.3608720">
    <ele>55.7</ele>
    <time>2024-05-03T15:32:59Z</time>
   </trkpt>
   <trkpt lat="48.8326960" lon="2.3607950">
    <ele>55.9</ele>
    <time>2024-05-03T15:33:00Z</time>
   </trkpt>
   <trkpt lat="48.8326800" lon="2.3607180">
    <ele>56.0</ele>
    <time>2024-05-03T15:33:01Z</time>
   </trkpt>
   <trkpt lat="48.8326610" lon="2.3606470">
    <ele>56.1</ele>
    <time>2024-05-03T15:33:02Z</time>
   </trkpt>
   <trkpt lat="48.8326370" lon="2.3605740">
    <ele>56.2</ele>
    <time>2024-05-03T15:33:03Z</time>
   </trkpt>
   <trkpt lat="48.8326130" lon="2.3605000">
    <ele>56.4</ele>
    <time>2024-05-03T15:33:04Z</time>
   </trkpt>
   <trkpt lat="48.8325870" lon="2.3604280">
    <ele>56.5</ele>
    <time>2024-05-03T15:33:05Z</time>
   </trkpt>
   <trkpt lat="48.8325660" lon="2.3603540">
    <ele>56.6</ele>
    <time>2024-05-03T15:33:06Z</time>
   </trkpt>
   <trkpt lat="48.8325440" lon="2.3602810">
    <ele>56.7</ele>
    <time>2024-05-03T15:33:07Z</time>
   </trkpt>
   <trkpt lat="48.8325180" lon="2.3602120">
    <ele>56.9</ele>
    <time>2024-05-03T15:33:08Z</time>
   </trkpt>
   <trkpt lat="48.8324940" lon="2.3601420">
    <ele>57.0</ele>
    <time>2024-05-03T15:33:09Z</time>
   </trkpt>
   <trkpt lat="48.8324690" lon="2.3600710">
    <ele>57.2</ele>
    <time>2024-05-03T15:33:10Z</time>
   </trkpt>
   <trkpt lat="48.8324460" lon="2.3600020">
    <ele>57.3</ele>
    <time>2024-05-03T15:33:11Z</time>
   </trkpt>
   <trkpt lat="48.8324230" lon="2.3599330">
    <ele>57.4</ele>
    <time>2024-05-03T15:33:12Z</time>
   </trkpt>
   <trkpt lat="48.8323930" lon="2.3598720">
    <ele>57.6</ele>
    <time>2024-05-03T15:33:13Z</time>
   </trkpt>
   <trkpt lat="48.8323660" lon="2.3598040">
    <ele>57.7</ele>
    <time>2024-05-03T15:33:14Z</time>
   </trkpt>
   <trkpt lat="48.8323450" lon="2.3597310">
    <ele>57.8</ele>
    <time>2024-05-03T15:33:15Z</time>
   </trkpt>
   <trkpt lat="48.8323240" lon="2.3596570">
    <ele>58.0</ele>
    <time>2024-05-03T15:33:16Z</time>
   </trkpt>
   <trkpt lat="48.8323030" lon="2.3595810">
    <ele>58.1</ele>
    <time>2024-05-03T15:33:17Z</time>
   </trkpt>
   <trkpt lat="48.8322820" lon="2.3595080">
    <ele>58.3</ele>
    <time>2024-05-03T15:33:18Z</time>
   </trkpt>
   <trkpt lat="48.8322590" lon="2.3594350">
    <ele>58.4</ele>
    <time>2024-05-03T15:33:19Z</time>
   </trkpt>
   <trkpt lat="48.8322370" lon="2.3593650">
    <ele>58.6</ele>
    <time>2024-05-03T15:33:20Z</time>
   </trkpt>
   <trkpt lat="48.8322160" lon="2.3592910">
    <ele>58.7</ele>
    <time>2024-05-03T15:33:21Z</time>
   </trkpt>
   <trkpt lat="48.8321880" lon="2.3592240">
    <ele>58.9</ele>
    <time>2024-05-03T15:33:22Z</time>
   </trkpt>
   <trkpt lat="48.8321630" lon="2.3591570">
    <ele>59.0</ele>
    <time>2024-05-03T15:33:23Z</time>
   </trkpt>
   <trkpt lat="48.8321360" lon="2.3590910">
    <ele>59.1</ele>
    <time>2024-05-03T15:33:24Z</time>
   </trkpt>
   <trkpt lat="48.8321110" lon="2.3590290">
    <ele>59.3</ele>
    <time>2024-05-03T15:33:25Z</time>
   </trkpt>
   <trkpt lat="48.8320910" lon="2.3589600">
    <ele>59.4</ele>
    <time>2024-05-03T15:33:26Z</time>
   </trkpt>
   <trkpt lat="48.8320710" lon="2.3588930">
    <ele>59.6</ele>
    <time>2024-05-03T15:33:27Z</time>
   </trkpt>
   <trkpt lat="48.8320490" lon="2.3588290">
    <ele>59.7</ele>
    <time>2024-05-03T15:33:28Z</time>
   </trkpt>
   <trkpt lat="48.8320280" lon="2.3587640">
    <ele>59.9</ele>
    <time>2024-05-03T15:33:29Z</time>
   </trkpt>
   <trkpt lat="48.8320060" lon="2.3587010">
    <ele>60.0</ele>
    <time>2024-05-03T15:33:30Z</time>
   </trkpt>
   <trkpt lat="48.8319830" lon="2.3586440">
    <ele>60.2</ele>
    <time>2024-05-03T15:33:31Z</time>
   </trkpt>
   <trkpt lat="48.8319600" lon="2.3585860">
    <ele>60.3</ele>
    <time>2024-05-03T15:33:32Z</time>
   </trkpt>
   <trkpt lat="48.8319400" lon="2.3585240">
    <ele>60.5</ele>
    <time>2024-05-03T15:33:33Z</time>
   </trkpt>
   <trkpt lat="48.8319200" lon="2.3584660">
    <ele>60.6</ele>
    <time>2024-05-03T15:33:34Z</time>
   </trkpt>
   <trkpt lat="48.8319030" lon="2.3584050">
    <ele>60.7</ele>
    <time>2024-05-03T15:33:35Z</time>
   </trkpt>
   <trkpt lat="48.8318840" lon="2.3583420">
    <ele>60.9</ele>
    <time>2024-05-03T15:33:36Z</time>
   </trkpt>
   <trkpt lat="48.8318610" lon="2.3582770">
    <ele>61.0</ele>
    <time>2024-05-03T15:33:37Z</time>
   </trkpt>
   <trkpt lat="48.8318400" lon="2.3582100">
    <ele>61.1</ele>
    <time>2024-05-03T15:33:38Z</time>
   </trkpt>
   <trkpt lat="48.8318210" lon="2.3581430">
    <ele>61.3</ele>
    <time>2024-05-03T15:33:39Z</time>
   </trkpt>
   <trkpt lat="48.8318030" lon="2.3580740">
    <ele>61.4</ele>
    <time>2024-05-03T15:33:40Z</time>
   </trkpt>
   <trkpt lat="48.8317810" lon="2.3580080">
    <ele>61.5</ele>
    <time>2024-05-03T15:33:41Z</time>
   </trkpt>
   <trkpt lat="48.8317590" lon="2.3579430">
    <ele>61.6</ele>
    <time>2024-05-03T15:33:42Z</time>
   </trkpt>
   <trkpt lat="48.8317380" lon="2.3578820">
    <ele>61.7</ele>
    <time>2024-05-03T15:33:43Z</time>
   </trkpt>
   <trkpt lat="48.8317180" lon="2.3578220">
    <ele>61.9</ele>
    <time>2024-05-03T15:33:44Z</time>
   </trkpt>
   <trkpt lat="48.8316960" lon="2.3577590">
    <ele>62.0</ele>
    <time>2024-05-03T15:33:45Z</time>
   </trkpt>
   <trkpt lat="48.8316780" lon="2.3576980">
    <ele>62.1</ele>
    <time>2024-05-03T15:33:46Z</time>
   </trkpt>
   <trkpt lat="48.8316600" lon="2.3576410">
    <ele>62.2</ele>
    <time>2024-05-03T15:33:47Z</time>
   </trkpt>
   <trkpt lat="48.8316400" lon="2.3575850">
    <ele>62.4</ele>
    <time>2024-05-03T15:33:48Z</time>
   </trkpt>
   <trkpt lat="48.8316190" lon="2.3575330">
    <ele>62.5</ele>
    <time>2024-05-03T15:33:49Z</time>
   </trkpt>
   <trkpt lat="48.8316030" lon="2.3574800">
    <ele>62.6</ele>
    <time>2024-05-03T15:33:50Z</time>
   </trkpt>
   <trkpt lat="48.8315870" lon="2.3574260">
    <ele>62.8</ele>
    <time>2024-05-03T15:33:51Z</time>
   </trkpt>
   <trkpt lat="48.8315740" lon="2.3573750">
    <ele>62.9</ele>
    <time>2024-05-03T15:33:52Z</time>
   </trkpt>
   <trkpt lat="48.8315570" lon="2.3573250">
    <ele>63.0</ele>
    <time>2024-05-03T15:33:53Z</time>
   </trkpt>
   <trkpt lat="48.8315400" lon="2.3572710">
    <ele>63.2</ele>
    <time>2024-05-03T15:33:54Z</time>
   </trkpt>
   <trkpt lat="48.8315250" lon="2.3572180">
    <ele>63.3</ele>
    <time>2024-05-03T15:33:55Z</time>
   </trkpt>
   <trkpt lat="48.8315100" lon="2.3571670">
    <ele>63.4</ele>
    <time>2024-05-03T15:33:56Z</time>
   </trkpt>
   <trkpt lat="48.8314910" lon="2.3571170">
    <ele>63.6</ele>
    <time>2024-05-03T15:33:57Z</time>
   </trkpt>
   <trkpt lat="48.8314740" lon="2.3570680">
    <ele>63.7</ele>
    <time>2024-05-03T15:33:58Z</time>
   </trkpt>
   <trkpt lat="48.8314580" lon="2.3570220">
    <ele>63.8</ele>
    <time>2024-05-03T15:33:59Z</time>
   </trkpt>
   <trkpt lat="48.8314360" lon="2.3569880">
    <ele>63.9</ele>
    <time>2024-05-03T15:34:00Z</time>
   </trkpt>
   <trkpt lat="48.8314030" lon="2.3569730">
    <ele>64.1</ele>
    <time>2024-05-03T15:34:01Z</time>
   </trkpt>
   <trkpt lat="48.8313680" lon="2.3569540">
    <ele>64.2</ele>
    <time>2024-05-03T15:34:02Z</time>
   </trkpt>
   <trkpt lat="48.8313370" lon="2.3569180">
    <ele>64.5</ele>
    <time>2024-05-03T15:34:03Z</time>
   </trkpt>
   <trkpt lat="48.8313050" lon="2.3568830">
    <ele>64.7</ele>
    <time>2024-05-03T15:34:04Z</time>
   </trkpt>
   <trkpt lat="48.8312710" lon="2.3568550">
    <ele>64.8</ele>
    <time>2024-05-03T15:34:05Z</time>
   </trkpt>
   <trkpt lat="48.8312370" lon="2.3568330">
    <ele>65.0</ele>
    <time>2024-05-03T15:34:06Z</time>
   </trkpt>
   <trkpt lat="48.8312020" lon="2.3568120">
    <ele>65.1</ele>
    <time>2024-05-03T15:34:07Z</time>
   </trkpt>
   <trkpt lat="48.8311700" lon="2.3567920">
    <ele>65.2</ele>
    <time>2024-05-03T15:34:08Z</time>
   </trkpt>
   <trkpt lat="48.8311450" lon="2.3567620">
    <ele>65.2</ele>
    <time>2024-05-03T15:34:09Z</time>
   </trkpt>
   <trkpt lat="48.8311220" lon="2.3567340">
    <ele>65.2</ele>
    <time>2024-05-03T15:34:10Z</time>
   </trkpt>
   <trkpt lat="48.8310940" lon="2.3567370">
    <ele>65.2</ele>
    <time>2024-05-03T15:34:11Z</time>
   </trkpt>
   <trkpt lat="48.8310580" lon="2.3567660">
    <ele>65.2</ele>
    <time>2024-05-03T15:34:12Z</time>
   </trkpt>
   <trkpt lat="48.8310470" lon="2.3567770">
    <ele>65.2</ele>
    <time>2024-05-03T15:34:13Z</time>
   </trkpt>
   <trkpt lat="48.8310200" lon="2.3568100">
    <ele>65.2</ele>
    <time>2024-05-03T15:34:14Z</time>
   </trkpt>
   <trkpt lat="48.8310120" lon="2.3568190">
    <ele>65.2</ele>
    <time>2024-05-03T15:34:15Z</time>
   </trkpt>
   <trkpt lat="48.8310010" lon="2.3568260">
    <ele>65.2</ele>
    <time>2024-05-03T15:34:16Z</time>
   </trkpt>
   <trkpt lat="48.8309960" lon="2.3568260">
    <ele>65.2</ele>
    <time>2024-05-03T15:34:17Z</time>
   </trkpt>
   <trkpt lat="48.8309890" lon="2.3568240">
    <ele>65.2</ele>
    <time>2024-05-03T15:34:18Z</time>
   </trkpt>
   <trkpt lat="48.8309780" lon="2.3568220">
    <ele>65.2</ele>
    <time>2024-05-03T15:34:19Z</time>
   </trkpt>
   <trkpt lat="48.8309650" lon="2.3568250">
    <ele>65.2</ele>
    <time>2024-05-03T15:34:20Z</time>
   </trkpt>
   <trkpt lat="48.8309490" lon="2.3568250">
    <ele>65.2</ele>
    <time>2024-05-03T15:34:21Z</time>
   </trkpt>
   <trkpt lat="48.8309190" lon="2.3568050">
    <ele>65.3</ele>
    <time>2024-05-03T15:34:22Z</time>
   </trkpt>
   <trkpt lat="48.8309070" lon="2.3567930">
    <ele>65.4</ele>
    <time>2024-05-03T15:34:23Z</time>
   </trkpt>
   <trkpt lat="48.8308860" lon="2.3567550">
    <ele>65.4</ele>
    <time>2024-05-03T15:34:24Z</time>
   </trkpt>
   <trkpt lat="48.8308700" lon="2.3567120">
    <ele>65.5</ele>
    <time>2024-05-03T15:34:25Z</time>
   </trkpt>
   <trkpt lat="48.8308520" lon="2.3566600">
    <ele>65.6</ele>
    <time>2024-05-03T15:34:26Z</time>
   </trkpt>
   <trkpt lat="48.8308450" lon="2.3566440">
    <ele>65.6</ele>
    <time>2024-05-03T15:34:27Z</time>
   </trkpt>
   <trkpt lat="48.8308160" lon="2.3566100">
    <ele>65.8</ele>
    <time>2024-05-03T15:34:28Z</time>
   </trkpt>
   <trkpt lat="48.8308060" lon="2.3565990">
    <ele>65.8</ele>
    <time>2024-05-03T15:34:29Z</time>
   </trkpt>
   <trkpt lat="48.8307840" lon="2.3565680">
    <ele>65.8</ele>
    <time>2024-05-03T15:34:30Z</time>
   </trkpt>
   <trkpt lat="48.8307770" lon="2.3565560">
    <ele>65.9</ele>
    <time>2024-05-03T15:34:31Z</time>
   </trkpt>
   <trkpt lat="48.8307620" lon="2.3565180">
    <ele>65.9</ele>
    <time>2024-05-03T15:34:32Z</time>
   </trkpt>
   <trkpt lat="48.8307580" lon="2.3565060">
    <ele>65.9</ele>
    <time>2024-05-03T15:34:33Z</time>
   </trkpt>
   <trkpt lat="48.8307460" lon="2.3564670">
    <ele>66.0</ele>
    <time>2024-05-03T15:34:34Z</time>
   </trkpt>
   <trkpt lat="48.8307420" lon="2.3564530">
    <ele>66.0</ele>
    <time>2024-05-03T15:34:35Z</time>
   </trkpt>
   <trkpt lat="48.8307230" lon="2.3564150">
    <ele>66.1</ele>
    <time>2024-05-03T15:34:36Z</time>
   </trkpt>
   <trkpt lat="48.8307160" lon="2.3564000">
    <ele>66.1</ele>
    <time>2024-05-03T15:34:37Z</time>
   </trkpt>
   <trkpt lat="48.8307030" lon="2.3563620">
    <ele>66.2</ele>
    <time>2024-05-03T15:34:38Z</time>
   </trkpt>
   <trkpt lat="48.8306910" lon="2.3563250">
    <ele>66.3</ele>
    <time>2024-05-03T15:34:39Z</time>
   </trkpt>
   <trkpt lat="48.8306850" lon="2.3562810">
    <ele>66.5</ele>
    <time>2024-05-03T15:34:40Z</time>
   </trkpt>
   <trkpt lat="48.8306830" lon="2.3562300">
    <ele>66.6</ele>
    <time>2024-05-03T15:34:41Z</time>
   </trkpt>
   <trkpt lat="48.8306880" lon="2.3561830">
    <ele>66.6</ele>
    <time>2024-05-03T15:34:42Z</time>
   </trkpt>
   <trkpt lat="48.8306950" lon="2.3561370">
    <ele>66.7</ele>
    <time>2024-05-03T15:34:43Z</time>
   </trkpt>
   <trkpt lat="48.8306990" lon="2.3560900">
    <ele>66.8</ele>
    <time>2024-05-03T15:34:44Z</time>
   </trkpt>
   <trkpt lat="48.8306930" lon="2.3560280">
    <ele>66.9</ele>
    <time>2024-05-03T15:34:45Z</time>
   </trkpt>
   <trkpt lat="48.8306890" lon="2.3560060">
    <ele>67.0</ele>
    <time>2024-05-03T15:34:46Z</time>
   </trkpt>
   <trkpt lat="48.8306760" lon="2.3559560">
    <ele>67.0</ele>
    <time>2024-05-03T15:34:47Z</time>
   </trkpt>
   <trkpt lat="48.8306510" lon="2.3559080">
    <ele>67.1</ele>
    <time>2024-05-03T15:34:48Z</time>
   </trkpt>
   <trkpt lat="48.8306010" lon="2.3558870">
    <ele>67.2</ele>
    <time>2024-05-03T15:34:49Z</time>
   </trkpt>
   <trkpt lat="48.8305520" lon="2.3558820">
    <ele>67.2</ele>
    <time>2024-05-03T15:34:50Z</time>
   </trkpt>
   <trkpt lat="48.8305030" lon="2.3558920">
    <ele>67.3</ele>
    <time>2024-05-03T15:34:51Z</time>
   </trkpt>
   <trkpt lat="48.8304560" lon="2.3559090">
    <ele>67.3</ele>
    <time>2024-05-03T15:34:52Z</time>
   </trkpt>
   <trkpt lat="48.8304070" lon="2.3559230">
    <ele>67.3</ele>
    <time>2024-05-03T15:34:53Z</time>
   </trkpt>
   <trkpt lat="48.8303570" lon="2.3559380">
    <ele>67.3</ele>
    <time>2024-05-03T15:34:54Z</time>
   </trkpt>
   <trkpt lat="48.8303050" lon="2.3559520">
    <ele>67.4</ele>
    <time>2024-05-03T15:34:55Z</time>
   </trkpt>
   <trkpt lat="48.8302520" lon="2.3559660">
    <ele>67.4</ele>
    <time>2024-05-03T15:34:56Z</time>
   </trkpt>
   <trkpt lat="48.8302000" lon="2.3559810">
    <ele>67.4</ele>
    <time>2024-05-03T15:34:57Z</time>
   </trkpt>
   <trkpt lat="48.8301470" lon="2.3559980">
    <ele>67.4</ele>
    <time>2024-05-03T15:34:58Z</time>
   </trkpt>
   <trkpt lat="48.8300940" lon="2.3560150">
    <ele>67.4</ele>
    <time>2024-05-03T15:34:59Z</time>
   </trkpt>
   <trkpt lat="48.8300420" lon="2.3560370">
    <ele>67.4</ele>
    <time>2024-05-03T15:35:00Z</time>
   </trkpt>
   <trkpt lat="48.8299940" lon="2.3560520">
    <ele>67.4</ele>
    <time>2024-05-03T15:35:01Z</time>
   </trkpt>
   <trkpt lat="48.8299450" lon="2.3560660">
    <ele>67.4</ele>
    <time>2024-05-03T15:35:02Z</time>
   </trkpt>
   <trkpt lat="48.8298950" lon="2.3560730">
    <ele>67.4</ele>
    <time>2024-05-03T15:35:03Z</time>
   </trkpt>
   <trkpt lat="48.8298450" lon="2.3560790">
    <ele>67.3</ele>
    <time>2024-05-03T15:35:04Z</time>
   </trkpt>
   <trkpt lat="48.8297950" lon="2.3560850">
    <ele>67.3</ele>
    <time>2024-05-03T15:35:05Z</time>
   </trkpt>
   <trkpt lat="48.8297440" lon="2.3560930">
    <ele>67.3</ele>
    <time>2024-05-03T15:35:06Z</time>
   </trkpt>
   <trkpt lat="48.8296960" lon="2.3561030">
    <ele>67.2</ele>
    <time>2024-05-03T15:35:07Z</time>
   </trkpt>
   <trkpt lat="48.8296460" lon="2.3561150">
    <ele>67.2</ele>
    <time>2024-05-03T15:35:08Z</time>
   </trkpt>
   <trkpt lat="48.8295980" lon="2.3561290">
    <ele>67.2</ele>
    <time>2024-05-03T15:35:09Z</time>
   </trkpt>
   <trkpt lat="48.8295480" lon="2.3561390">
    <ele>67.2</ele>
    <time>2024-05-03T15:35:10Z</time>
   </trkpt>
   <trkpt lat="48.8294950" lon="2.3561470">
    <ele>67.2</ele>
    <time>2024-05-03T15:35:11Z</time>
   </trkpt>
   <trkpt lat="48.8294400" lon="2.3561470">
    <ele>67.1</ele>
    <time>2024-05-03T15:35:12Z</time>
   </trkpt>
   <trkpt lat="48.8293820" lon="2.3561520">
    <ele>67.1</ele>
    <time>2024-05-03T15:35:13Z</time>
   </trkpt>
   <trkpt lat="48.8293180" lon="2.3561440">
    <ele>67.1</ele>
    <time>2024-05-03T15:35:14Z</time>
   </trkpt>
   <trkpt lat="48.8292520" lon="2.3561540">
    <ele>67.1</ele>
    <time>2024-05-03T15:35:15Z</time>
   </trkpt>
   <trkpt lat="48.8291880" lon="2.3561690">
    <ele>67.1</ele>
    <time>2024-05-03T15:35:16Z</time>
   </trkpt>
   <trkpt lat="48.8291240" lon="2.3561780">
    <ele>67.0</ele>
    <time>2024-05-03T15:35:17Z</time>
   </trkpt>
   <trkpt lat="48.8290620" lon="2.3561890">
    <ele>67.0</ele>
    <time>2024-05-03T15:35:18Z</time>
   </trkpt>
   <trkpt lat="48.8290030" lon="2.3562030">
    <ele>67.0</ele>
    <time>2024-05-03T15:35:19Z</time>
   </trkpt>
   <trkpt lat="48.8289510" lon="2.3562160">
    <ele>66.9</ele>
    <time>2024-05-03T15:35:20Z</time>
   </trkpt>
   <trkpt lat="48.8289020" lon="2.3562340">
    <ele>66.9</ele>
    <time>2024-05-03T15:35:21Z</time>
   </trkpt>
   <trkpt lat="48.8288510" lon="2.3562540">
    <ele>66.9</ele>
    <time>2024-05-03T15:35:22Z</time>
   </trkpt>
   <trkpt lat="48.8287970" lon="2.3562720">
    <ele>66.9</ele>
    <time>2024-05-03T15:35:23Z</time>
   </trkpt>
   <trkpt lat="48.8287440" lon="2.3562950">
    <ele>66.8</ele>
    <time>2024-05-03T15:35:24Z</time>
   </trkpt>
   <trkpt lat="48.8286880" lon="2.3563070">
    <ele>66.8</ele>
    <time>2024-05-03T15:35:25Z</time>
   </trkpt>
   <trkpt lat="48.8286310" lon="2.3563220">
    <ele>66.8</ele>
    <time>2024-05-03T15:35:26Z</time>
   </trkpt>
   <trkpt lat="48.8285760" lon="2.3563380">
    <ele>66.8</ele>
    <time>2024-05-03T15:35:27Z</time>
   </trkpt>
   <trkpt lat="48.8285240" lon="2.3563550">
    <ele>66.8</ele>
    <time>2024-05-03T15:35:28Z</time>
   </trkpt>
   <trkpt lat="48.8284720" lon="2.3563710">
    <ele>66.8</ele>
    <time>2024-05-03T15:35:29Z</time>
   </trkpt>
   <trkpt lat="48.8284220" lon="2.3563900">
    <ele>66.8</ele>
    <time>2024-05-03T15:35:30Z</time>
   </trkpt>
   <trkpt lat="48.8283750" lon="2.3564200">
    <ele>66.7</ele>
    <time>2024-05-03T15:35:31Z</time>
   </trkpt>
   <trkpt lat="48.8283260" lon="2.3564450">
    <ele>66.7</ele>
    <time>2024-05-03T15:35:32Z</time>
   </trkpt>
   <trkpt lat="48.8282720" lon="2.3564620">
    <ele>66.7</ele>
    <time>2024-05-03T15:35:33Z</time>
   </trkpt>
   <trkpt lat="48.8282200" lon="2.3564750">
    <ele>66.6</ele>
    <time>2024-05-03T15:35:34Z</time>
   </trkpt>
   <trkpt lat="48.8281680" lon="2.3564910">
    <ele>66.6</ele>
    <time>2024-05-03T15:35:35Z</time>
   </trkpt>
   <trkpt lat="48.8281110" lon="2.3565080">
    <ele>66.6</ele>
    <time>2024-05-03T15:35:36Z</time>
   </trkpt>
   <trkpt lat="48.8280510" lon="2.3565270">
    <ele>66.5</ele>
    <time>2024-05-03T15:35:37Z</time>
   </trkpt>
   <trkpt lat="48.8279940" lon="2.3565450">
    <ele>66.5</ele>
    <time>2024-05-03T15:35:38Z</time>
   </trkpt>
   <trkpt lat="48.8279400" lon="2.3565600">
    <ele>66.4</ele>
    <time>2024-05-03T15:35:39Z</time>
   </trkpt>
   <trkpt lat="48.8278820" lon="2.3565810">
    <ele>66.4</ele>
    <time>2024-05-03T15:35:40Z</time>
   </trkpt>
   <trkpt lat="48.8278220" lon="2.3566010">
    <ele>66.3</ele>
    <time>2024-05-03T15:35:41Z</time>
   </trkpt>
   <trkpt lat="48.8277650" lon="2.3566210">
    <ele>66.3</ele>
    <time>2024-05-03T15:35:42Z</time>
   </trkpt>
   <trkpt lat="48.8277180" lon="2.3566360">
    <ele>66.3</ele>
    <time>2024-05-03T15:35:43Z</time>
   </trkpt>
   <trkpt lat="48.8276790" lon="2.3566470">
    <ele>66.3</ele>
    <time>2024-05-03T15:35:44Z</time>
   </trkpt>
   <trkpt lat="48.8276430" lon="2.3566580">
    <ele>66.2</ele>
    <time>2024-05-03T15:35:45Z</time>
   </trkpt>
   <trkpt lat="48.8276000" lon="2.3566700">
    <ele>66.2</ele>
    <time>2024-05-03T15:35:46Z</time>
   </trkpt>
   <trkpt lat="48.8275560" lon="2.3566850">
    <ele>66.2</ele>
    <time>2024-05-03T15:35:47Z</time>
   </trkpt>
   <trkpt lat="48.8275040" lon="2.3567090">
    <ele>66.2</ele>
    <time>2024-05-03T15:35:48Z</time>
   </trkpt>
   <trkpt lat="48.8274520" lon="2.3567340">
    <ele>66.1</ele>
    <time>2024-05-03T15:35:49Z</time>
   </trkpt>
   <trkpt lat="48.8274010" lon="2.3567560">
    <ele>66.1</ele>
    <time>2024-05-03T15:35:50Z</time>
   </trkpt>
   <trkpt lat="48.8273500" lon="2.3567690">
    <ele>66.1</ele>
    <time>2024-05-03T15:35:51Z</time>
   </trkpt>
   <trkpt lat="48.8272990" lon="2.3567850">
    <ele>66.0</ele>
    <time>2024-05-03T15:35:52Z</time>
   </trkpt>
   <trkpt lat="48.8272520" lon="2.3568020">
    <ele>65.9</ele>
    <time>2024-05-03T15:35:53Z</time>
   </trkpt>
   <trkpt lat="48.8272030" lon="2.3568180">
    <ele>65.9</ele>
    <time>2024-05-03T15:35:54Z</time>
   </trkpt>
   <trkpt lat="48.8271530" lon="2.3568320">
    <ele>65.8</ele>
    <time>2024-05-03T15:35:55Z</time>
   </trkpt>
   <trkpt lat="48.8271000" lon="2.3568420">
    <ele>65.8</ele>
    <time>2024-05-03T15:35:56Z</time>
   </trkpt>
   <trkpt lat="48.8270490" lon="2.3568600">
    <ele>65.7</ele>
    <time>2024-05-03T15:35:57Z</time>
   </trkpt>
   <trkpt lat="48.8269950" lon="2.3568770">
    <ele>65.6</ele>
    <time>2024-05-03T15:35:58Z</time>
   </trkpt>
   <trkpt lat="48.8269380" lon="2.3569040">
    <ele>65.6</ele>
    <time>2024-05-03T15:35:59Z</time>
   </trkpt>
   <trkpt lat="48.8268800" lon="2.3569280">
    <ele>65.5</ele>
    <time>2024-05-03T15:36:00Z</time>
   </trkpt>
   <trkpt lat="48.8268260" lon="2.3569420">
    <ele>65.4</ele>
    <time>2024-05-03T15:36:01Z</time>
   </trkpt>
   <trkpt lat="48.8267720" lon="2.3569590">
    <ele>65.4</ele>
    <time>2024-05-03T15:36:02Z</time>
   </trkpt>
   <trkpt lat="48.8267160" lon="2.3569730">
    <ele>65.3</ele>
    <time>2024-05-03T15:36:03Z</time>
   </trkpt>
   <trkpt lat="48.8266570" lon="2.3569890">
    <ele>65.2</ele>
    <time>2024-05-03T15:36:04Z</time>
   </trkpt>
   <trkpt lat="48.8265990" lon="2.3570030">
    <ele>65.1</ele>
    <time>2024-05-03T15:36:05Z</time>
   </trkpt>
   <trkpt lat="48.8265440" lon="2.3570200">
    <ele>65.1</ele>
    <time>2024-05-03T15:36:06Z</time>
   </trkpt>
   <trkpt lat="48.8264900" lon="2.3570360">
    <ele>65.0</ele>
    <time>2024-05-03T15:36:07Z</time>
   </trkpt>
   <trkpt lat="48.8264360" lon="2.3570530">
    <ele>64.9</ele>
    <time>2024-05-03T15:36:08Z</time>
   </trkpt>
   <trkpt lat="48.8263860" lon="2.3570650">
    <ele>64.9</ele>
    <time>2024-05-03T15:36:09Z</time>
   </trkpt>
   <trkpt lat="48.8263450" lon="2.3570790">
    <ele>64.8</ele>
    <time>2024-05-03T15:36:10Z</time>
   </trkpt>
   <trkpt lat="48.8263150" lon="2.3570920">
    <ele>64.8</ele>
    <time>2024-05-03T15:36:11Z</time>
   </trkpt>
   <trkpt lat="48.8262810" lon="2.3571000">
    <ele>64.7</ele>
    <time>2024-05-03T15:36:12Z</time>
   </trkpt>
   <trkpt lat="48.8262700" lon="2.3571010">
    <ele>64.7</ele>
    <time>2024-05-03T15:36:13Z</time>
   </trkpt>
   <trkpt lat="48.8262440" lon="2.3570820">
    <ele>64.7</ele>
    <time>2024-05-03T15:36:14Z</time>
   </trkpt>
   <trkpt lat="48.8262380" lon="2.3570720">
    <ele>64.7</ele>
    <time>2024-05-03T15:36:15Z</time>
   </trkpt>
   <trkpt lat="48.8262260" lon="2.3570620">
    <ele>64.6</ele>
    <time>2024-05-03T15:36:16Z</time>
   </trkpt>
   <trkpt lat="48.8262140" lon="2.3570650">
    <ele>64.6</ele>
    <time>2024-05-03T15:36:17Z</time>
   </trkpt>
   <trkpt lat="48.8262120" lon="2.3570680">
    <ele>64.6</ele>
    <time>2024-05-03T15:36:18Z</time>
   </trkpt>
   <trkpt lat="48.8262110" lon="2.3570660">
    <ele>64.6</ele>
    <time>2024-05-03T15:36:19Z</time>
   </trkpt>
   <trkpt lat="48.8262110" lon="2.3570670">
    <ele>64.6</ele>
    <time>2024-05-03T15:36:20Z</time>
   </trkpt>
   <trkpt lat="48.8262100" lon="2.3570660">
    <ele>64.6</ele>
    <time>2024-05-03T15:36:21Z</time>
   </trkpt>
   <trkpt lat="48.8262100" lon="2.3570640">
    <ele>64.6</ele>
    <time>2024-05-03T15:36:22Z</time>
   </trkpt>
   <trkpt lat="48.8262100" lon="2.3570600">
    <ele>64.6</ele>
    <time>2024-05-03T15:36:23Z</time>
   </trkpt>
   <trkpt lat="48.8262100" lon="2.3570600">
    <ele>64.6</ele>
    <time>2024-05-03T15:36:24Z</time>
   </trkpt>
   <trkpt lat="48.8262110" lon="2.3570440">
    <ele>64.6</ele>
    <time>2024-05-03T15:36:25Z</time>
   </trkpt>
   <trkpt lat="48.8262050" lon="2.3570260">
    <ele>64.5</ele>
    <time>2024-05-03T15:36:26Z</time>
   </trkpt>
   <trkpt lat="48.8262010" lon="2.3570140">
    <ele>64.5</ele>
    <time>2024-05-03T15:36:27Z</time>
   </trkpt>
   <trkpt lat="48.8262030" lon="2.3570100">
    <ele>64.5</ele>
    <time>2024-05-03T15:36:28Z</time>
   </trkpt>
   <trkpt lat="48.8262040" lon="2.3570090">
    <ele>64.5</ele>
    <time>2024-05-03T15:36:29Z</time>
   </trkpt>
   <trkpt lat="48.8262070" lon="2.3570140">
    <ele>64.5</ele>
    <time>2024-05-03T15:36:30Z</time>
   </trkpt>
   <trkpt lat="48.8262090" lon="2.3570190">
    <ele>64.5</ele>
    <time>2024-05-03T15:36:31Z</time>
   </trkpt>
   <trkpt lat="48.8262090" lon="2.3570230">
    <ele>64.5</ele>
    <time>2024-05-03T15:36:32Z</time>
   </trkpt>
   <trkpt lat="48.8262090" lon="2.3570250">
    <ele>64.5</ele>
    <time>2024-05-03T15:36:33Z</time>
   </trkpt>
   <trkpt lat="48.8262080" lon="2.3570260">
    <ele>64.5</ele>
    <time>2024-05-03T15:36:34Z</time>
   </trkpt>
   <trkpt lat="48.8262070" lon="2.3570270">
    <ele>64.5</ele>
    <time>2024-05-03T15:36:35Z</time>
   </trkpt>
   <trkpt lat="48.8262010" lon="2.3570220">
    <ele>64.5</ele>
    <time>2024-05-03T15:36:36Z</time>
   </trkpt>
   <trkpt lat="48.8261880" lon="2.3570050">
    <ele>64.6</ele>
    <time>2024-05-03T15:36:37Z</time>
   </trkpt>
   <trkpt lat="48.8261760" lon="2.3569760">
    <ele>64.6</ele>
    <time>2024-05-03T15:36:38Z</time>
   </trkpt>
   <trkpt lat="48.8261780" lon="2.3569340">
    <ele>64.5</ele>
    <time>2024-05-03T15:36:39Z</time>
   </trkpt>
   <trkpt lat="48.8261960" lon="2.3568820">
    <ele>64.5</ele>
    <time>2024-05-03T15:36:40Z</time>
   </trkpt>
   <trkpt lat="48.8262000" lon="2.3567820">
    <ele>64.4</ele>
    <time>2024-05-03T15:36:41Z</time>
   </trkpt>
   <trkpt lat="48.8262010" lon="2.3566890">
    <ele>64.3</ele>
    <time>2024-05-03T15:36:42Z</time>
   </trkpt>
   <trkpt lat="48.8261950" lon="2.3565990">
    <ele>64.1</ele>
    <time>2024-05-03T15:36:43Z</time>
   </trkpt>
   <trkpt lat="48.8261900" lon="2.3565050">
    <ele>64.0</ele>
    <time>2024-05-03T15:36:44Z</time>
   </trkpt>
   <trkpt lat="48.8261860" lon="2.3564060">
    <ele>63.9</ele>
    <time>2024-05-03T15:36:45Z</time>
   </trkpt>
   <trkpt lat="48.8261830" lon="2.3563070">
    <ele>63.8</ele>
    <time>2024-05-03T15:36:46Z</time>
   </trkpt>
   <trkpt lat="48.8261730" lon="2.3562060">
    <ele>63.6</ele>
    <time>2024-05-03T15:36:47Z</time>
   </trkpt>
   <trkpt lat="48.8261730" lon="2.3561140">
    <ele>63.6</ele>
    <time>2024-05-03T15:36:48Z</time>
   </trkpt>
   <trkpt lat="48.8261730" lon="2.3560210">
    <ele>63.5</ele>
    <time>2024-05-03T15:36:49Z</time>
   </trkpt>
   <trkpt lat="48.8261680" lon="2.3559190">
    <ele>63.4</ele>
    <time>2024-05-03T15:36:50Z</time>
   </trkpt>
   <trkpt lat="48.8261690" lon="2.3558220">
    <ele>63.3</ele>
    <time>2024-05-03T15:36:51Z</time>
   </trkpt>
   <trkpt lat="48.8261670" lon="2.3557220">
    <ele>63.2</ele>
    <time>2024-05-03T15:36:52Z</time>
   </trkpt>
   <trkpt lat="48.8261570" lon="2.3556200">
    <ele>63.1</ele>
    <time>2024-05-03T15:36:53Z</time>
   </trkpt>
   <trkpt lat="48.8261420" lon="2.3555050">
    <ele>63.0</ele>
    <time>2024-05-03T15:36:54Z</time>
   </trkpt>
   <trkpt lat="48.8261300" lon="2.3554010">
    <ele>62.8</ele>
    <time>2024-05-03T15:36:55Z</time>
   </trkpt>
   <trkpt lat="48.8261200" lon="2.3553080">
    <ele>62.7</ele>
    <time>2024-05-03T15:36:56Z</time>
   </trkpt>
   <trkpt lat="48.8261120" lon="2.3552190">
    <ele>62.6</ele>
    <time>2024-05-03T15:36:57Z</time>
   </trkpt>
   <trkpt lat="48.8261030" lon="2.3551300">
    <ele>62.6</ele>
    <time>2024-05-03T15:36:58Z</time>
   </trkpt>
   <trkpt lat="48.8260950" lon="2.3550420">
    <ele>62.5</ele>
    <time>2024-05-03T15:36:59Z</time>
   </trkpt>
   <trkpt lat="48.8260910" lon="2.3549550">
    <ele>62.4</ele>
    <time>2024-05-03T15:37:00Z</time>
   </trkpt>
   <trkpt lat="48.8260920" lon="2.3548640">
    <ele>62.3</ele>
    <time>2024-05-03T15:37:01Z</time>
   </trkpt>
   <trkpt lat="48.8260880" lon="2.3547800">
    <ele>62.2</ele>
    <time>2024-05-03T15:37:02Z</time>
   </trkpt>
   <trkpt lat="48.8260830" lon="2.3546950">
    <ele>62.1</ele>
    <time>2024-05-03T15:37:03Z</time>
   </trkpt>
   <trkpt lat="48.8260740" lon="2.3545970">
    <ele>62.0</ele>
    <time>2024-05-03T15:37:04Z</time>
   </trkpt>
   <trkpt lat="48.8260680" lon="2.3544960">
    <ele>61.9</ele>
    <time>2024-05-03T15:37:05Z</time>
   </trkpt>
   <trkpt lat="48.8260570" lon="2.3543930">
    <ele>61.8</ele>
    <time>2024-05-03T15:37:06Z</time>
   </trkpt>
   <trkpt lat="48.8260470" lon="2.3542870">
    <ele>61.7</ele>
    <time>2024-05-03T15:37:07Z</time>
   </trkpt>
   <trkpt lat="48.8260520" lon="2.3541830">
    <ele>61.5</ele>
    <time>2024-05-03T15:37:08Z</time>
   </trkpt>
   <trkpt lat="48.8260570" lon="2.3540740">
    <ele>61.4</ele>
    <time>2024-05-03T15:37:09Z</time>
   </trkpt>
   <trkpt lat="48.8260530" lon="2.3539610">
    <ele>61.3</ele>
    <time>2024-05-03T15:37:10Z</time>
   </trkpt>
   <trkpt lat="48.8260470" lon="2.3538440">
    <ele>61.1</ele>
    <time>2024-05-03T15:37:11Z</time>
   </trkpt>
   <trkpt lat="48.8260410" lon="2.3537220">
    <ele>61.0</ele>
    <time>2024-05-03T15:37:12Z</time>
   </trkpt>
   <trkpt lat="48.8260430" lon="2.3536130">
    <ele>60.8</ele>
    <time>2024-05-03T15:37:13Z</time>
   </trkpt>
   <trkpt lat="48.8260410" lon="2.3535050">
    <ele>60.8</ele>
    <time>2024-05-03T15:37:14Z</time>
   </trkpt>
   <trkpt lat="48.8260380" lon="2.3533920">
    <ele>60.7</ele>
    <time>2024-05-03T15:37:15Z</time>
   </trkpt>
   <trkpt lat="48.8260340" lon="2.3532710">
    <ele>60.6</ele>
    <time>2024-05-03T15:37:16Z</time>
   </trkpt>
   <trkpt lat="48.8260300" lon="2.3531480">
    <ele>60.5</ele>
    <time>2024-05-03T15:37:17Z</time>
   </trkpt>
   <trkpt lat="48.8260230" lon="2.3530200">
    <ele>60.4</ele>
    <time>2024-05-03T15:37:18Z</time>
   </trkpt>
   <trkpt lat="48.8260190" lon="2.3528970">
    <ele>60.3</ele>
    <time>2024-05-03T15:37:19Z</time>
   </trkpt>
   <trkpt lat="48.8260130" lon="2.3527760">
    <ele>60.2</ele>
    <time>2024-05-03T15:37:20Z</time>
   </trkpt>
   <trkpt lat="48.8260050" lon="2.3526600">
    <ele>60.1</ele>
    <time>2024-05-03T15:37:21Z</time>
   </trkpt>
   <trkpt lat="48.8259860" lon="2.3525350">
    <ele>59.9</ele>
    <time>2024-05-03T15:37:22Z</time>
   </trkpt>
   <trkpt lat="48.8259740" lon="2.3524060">
    <ele>59.8</ele>
    <time>2024-05-03T15:37:23Z</time>
   </trkpt>
   <trkpt lat="48.8259640" lon="2.3522790">
    <ele>59.7</ele>
    <time>2024-05-03T15:37:24Z</time>
   </trkpt>
   <trkpt lat="48.8259510" lon="2.3521500">
    <ele>59.5</ele>
    <time>2024-05-03T15:37:25Z</time>
   </trkpt>
   <trkpt lat="48.8259410" lon="2.3520190">
    <ele>59.4</ele>
    <time>2024-05-03T15:37:26Z</time>
   </trkpt>
   <trkpt lat="48.8259240" lon="2.3518920">
    <ele>59.3</ele>
    <time>2024-05-03T15:37:27Z</time>
   </trkpt>
   <trkpt lat="48.8259130" lon="2.3517670">
    <ele>59.1</ele>
    <time>2024-05-03T15:37:28Z</time>
   </trkpt>
   <trkpt lat="48.8259040" lon="2.3516480">
    <ele>59.0</ele>
    <time>2024-05-03T15:37:29Z</time>
   </trkpt>
   <trkpt lat="48.8258920" lon="2.3515290">
    <ele>58.9</ele>
    <time>2024-05-03T15:37:30Z</time>
   </trkpt>
   <trkpt lat="48.8258840" lon="2.3514080">
    <ele>58.8</ele>
    <time>2024-05-03T15:37:31Z</time>
   </trkpt>
   <trkpt lat="48.8258770" lon="2.3512770">
    <ele>58.6</ele>
    <time>2024-05-03T15:37:32Z</time>
   </trkpt>
   <trkpt lat="48.8258690" lon="2.3511550">
    <ele>58.5</ele>
    <time>2024-05-03T15:37:33Z</time>
   </trkpt>
   <trkpt lat="48.8258670" lon="2.3510370">
    <ele>58.5</ele>
    <time>2024-05-03T15:37:34Z</time>
   </trkpt>
   <trkpt lat="48.8258660" lon="2.3509220">
    <ele>58.4</ele>
    <time>2024-05-03T15:37:35Z</time>
   </trkpt>
   <trkpt lat="48.8258610" lon="2.3508070">
    <ele>58.3</ele>
    <time>2024-05-03T15:37:36Z</time>
   </trkpt>
   <trkpt lat="48.8258550" lon="2.3507140">
    <ele>58.3</ele>
    <time>2024-05-03T15:37:37Z</time>
   </trkpt>
   <trkpt lat="48.8258470" lon="2.3506380">
    <ele>58.2</ele>
    <time>2024-05-03T15:37:38Z</time>
   </trkpt>
   <trkpt lat="48.8258430" lon="2.3505630">
    <ele>58.2</ele>
    <time>2024-05-03T15:37:39Z</time>
   </trkpt>
   <trkpt lat="48.8258360" lon="2.3504840">
    <ele>58.1</ele>
    <time>2024-05-03T15:37:40Z</time>
   </trkpt>
   <trkpt lat="48.8258300" lon="2.3504070">
    <ele>58.0</ele>
    <time>2024-05-03T15:37:41Z</time>
   </trkpt>
   <trkpt lat="48.8258260" lon="2.3503390">
    <ele>57.9</ele>
    <time>2024-05-03T15:37:42Z</time>
   </trkpt>
   <trkpt lat="48.8258270" lon="2.3502650">
    <ele>57.8</ele>
    <time>2024-05-03T15:37:43Z</time>
   </trkpt>
   <trkpt lat="48.8258310" lon="2.3501860">
    <ele>57.8</ele>
    <time>2024-05-03T15:37:44Z</time>
   </trkpt>
   <trkpt lat="48.8258290" lon="2.3501000">
    <ele>57.7</ele>
    <time>2024-05-03T15:37:45Z</time>
   </trkpt>
   <trkpt lat="48.8258320" lon="2.3500020">
    <ele>57.6</ele>
    <time>2024-05-03T15:37:46Z</time>
   </trkpt>
   <trkpt lat="48.8258290" lon="2.3499000">
    <ele>57.5</ele>
    <time>2024-05-03T15:37:47Z</time>
   </trkpt>
   <trkpt lat="48.8258240" lon="2.3497860">
    <ele>57.4</ele>
    <time>2024-05-03T15:37:48Z</time>
   </trkpt>
   <trkpt lat="48.8258230" lon="2.3496660">
    <ele>57.2</ele>
    <time>2024-05-03T15:37:49Z</time>
   </trkpt>
   <trkpt lat="48.8258200" lon="2.3495460">
    <ele>57.1</ele>
    <time>2024-05-03T15:37:50Z</time>
   </trkpt>
   <trkpt lat="48.8258160" lon="2.3494260">
    <ele>57.0</ele>
    <time>2024-05-03T15:37:51Z</time>
   </trkpt>
   <trkpt lat="48.8258080" lon="2.3493050">
    <ele>56.9</ele>
    <time>2024-05-03T15:37:52Z</time>
   </trkpt>
   <trkpt lat="48.8258070" lon="2.3491940">
    <ele>56.7</ele>
    <time>2024-05-03T15:37:53Z</time>
   </trkpt>
   <trkpt lat="48.8258060" lon="2.3490770">
    <ele>56.6</ele>
    <time>2024-05-03T15:37:54Z</time>
   </trkpt>
   <trkpt lat="48.8258030" lon="2.3489570">
    <ele>56.5</ele>
    <time>2024-05-03T15:37:55Z</time>
   </trkpt>
   <trkpt lat="48.8257880" lon="2.3488300">
    <ele>56.4</ele>
    <time>2024-05-03T15:37:56Z</time>
   </trkpt>
   <trkpt lat="48.8257730" lon="2.3486990">
    <ele>56.3</ele>
    <time>2024-05-03T15:37:57Z</time>
   </trkpt>
   <trkpt lat="48.8257650" lon="2.3485690">
    <ele>56.2</ele>
    <time>2024-05-03T15:37:58Z</time>
   </trkpt>
   <trkpt lat="48.8257560" lon="2.3484470">
    <ele>56.1</ele>
    <time>2024-05-03T15:37:59Z</time>
   </trkpt>
   <trkpt lat="48.8257500" lon="2.3483320">
    <ele>56.1</ele>
    <time>2024-05-03T15:38:00Z</time>
   </trkpt>
   <trkpt lat="48.8257500" lon="2.3482330">
    <ele>56.0</ele>
    <time>2024-05-03T15:38:01Z</time>
   </trkpt>
   <trkpt lat="48.8257450" lon="2.3481600">
    <ele>55.9</ele>
    <time>2024-05-03T15:38:02Z</time>
   </trkpt>
   <trkpt lat="48.8257420" lon="2.3481120">
    <ele>55.9</ele>
    <time>2024-05-03T15:38:03Z</time>
   </trkpt>
   <trkpt lat="48.8257400" lon="2.3480990">
    <ele>55.9</ele>
    <time>2024-05-03T15:38:04Z</time>
   </trkpt>
   <trkpt lat="48.8257290" lon="2.3480600">
    <ele>55.9</ele>
    <time>2024-05-03T15:38:05Z</time>
   </trkpt>
   <trkpt lat="48.8257270" lon="2.3480470">
    <ele>55.8</ele>
    <time>2024-05-03T15:38:06Z</time>
   </trkpt>
   <trkpt lat="48.8257280" lon="2.3479860">
    <ele>55.8</ele>
    <time>2024-05-03T15:38:07Z</time>
   </trkpt>
   <trkpt lat="48.8257290" lon="2.3479660">
    <ele>55.8</ele>
    <time>2024-05-03T15:38:08Z</time>
   </trkpt>
   <trkpt lat="48.8257530" lon="2.3478930">
    <ele>55.7</ele>
    <time>2024-05-03T15:38:09Z</time>
   </trkpt>
   <trkpt lat="48.8257530" lon="2.3478160">
    <ele>55.6</ele>
    <time>2024-05-03T15:38:10Z</time>
   </trkpt>
   <trkpt lat="48.8257440" lon="2.3477250">
    <ele>55.6</ele>
    <time>2024-05-03T15:38:11Z</time>
   </trkpt>
   <trkpt lat="48.8257360" lon="2.3476290">
    <ele>55.5</ele>
    <time>2024-05-03T15:38:12Z</time>
   </trkpt>
   <trkpt lat="48.8257190" lon="2.3475350">
    <ele>55.4</ele>
    <time>2024-05-03T15:38:13Z</time>
   </trkpt>
   <trkpt lat="48.8257150" lon="2.3474390">
    <ele>55.4</ele>
    <time>2024-05-03T15:38:14Z</time>
   </trkpt>
   <trkpt lat="48.8257120" lon="2.3473380">
    <ele>55.3</ele>
    <time>2024-05-03T15:38:15Z</time>
   </trkpt>
   <trkpt lat="48.8257160" lon="2.3472410">
    <ele>55.2</ele>
    <time>2024-05-03T15:38:16Z</time>
   </trkpt>
   <trkpt lat="48.8257250" lon="2.3471510">
    <ele>55.0</ele>
    <time>2024-05-03T15:38:17Z</time>
   </trkpt>
   <trkpt lat="48.8257440" lon="2.3470730">
    <ele>55.0</ele>
    <time>2024-05-03T15:38:18Z</time>
   </trkpt>
   <trkpt lat="48.8257660" lon="2.3469910">
    <ele>54.9</ele>
    <time>2024-05-03T15:38:19Z</time>
   </trkpt>
   <trkpt lat="48.8257820" lon="2.3469080">
    <ele>54.8</ele>
    <time>2024-05-03T15:38:20Z</time>
   </trkpt>
   <trkpt lat="48.8257930" lon="2.3468400">
    <ele>54.7</ele>
    <time>2024-05-03T15:38:21Z</time>
   </trkpt>
   <trkpt lat="48.8258010" lon="2.3467880">
    <ele>54.6</ele>
    <time>2024-05-03T15:38:22Z</time>
   </trkpt>
   <trkpt lat="48.8258140" lon="2.3467390">
    <ele>54.6</ele>
    <time>2024-05-03T15:38:23Z</time>
   </trkpt>
   <trkpt lat="48.8258350" lon="2.3467010">
    <ele>54.5</ele>
    <time>2024-05-03T15:38:24Z</time>
   </trkpt>
   <trkpt lat="48.8258580" lon="2.3466660">
    <ele>54.5</ele>
    <time>2024-05-03T15:38:25Z</time>
   </trkpt>
   <trkpt lat="48.8258650" lon="2.3466530">
    <ele>54.5</ele>
    <time>2024-05-03T15:38:26Z</time>
   </trkpt>
   <trkpt lat="48.8258790" lon="2.3466140">
    <ele>54.4</ele>
    <time>2024-05-03T15:38:27Z</time>
   </trkpt>
   <trkpt lat="48.8258780" lon="2.3465500">
    <ele>54.4</ele>
    <time>2024-05-03T15:38:28Z</time>
   </trkpt>
   <trkpt lat="48.8258650" lon="2.3464790">
    <ele>54.3</ele>
    <time>2024-05-03T15:38:29Z</time>
   </trkpt>
   <trkpt lat="48.8258600" lon="2.3463950">
    <ele>54.2</ele>
    <time>2024-05-03T15:38:30Z</time>
   </trkpt>
   <trkpt lat="48.8258690" lon="2.3462960">
    <ele>54.1</ele>
    <time>2024-05-03T15:38:31Z</time>
   </trkpt>
   <trkpt lat="48.8258850" lon="2.3461980">
    <ele>53.9</ele>
    <time>2024-05-03T15:38:32Z</time>
   </trkpt>
   <trkpt lat="48.8259080" lon="2.3461020">
    <ele>53.7</ele>
    <time>2024-05-03T15:38:33Z</time>
   </trkpt>
   <trkpt lat="48.8259250" lon="2.3460000">
    <ele>53.6</ele>
    <time>2024-05-03T15:38:34Z</time>
   </trkpt>
   <trkpt lat="48.8259380" lon="2.3458980">
    <ele>53.4</ele>
    <time>2024-05-03T15:38:35Z</time>
   </trkpt>
   <trkpt lat="48.8259550" lon="2.3457950">
    <ele>53.3</ele>
    <time>2024-05-03T15:38:36Z</time>
   </trkpt>
   <trkpt lat="48.8259730" lon="2.3457030">
    <ele>53.2</ele>
    <time>2024-05-03T15:38:37Z</time>
   </trkpt>
   <trkpt lat="48.8259800" lon="2.3456200">
    <ele>53.0</ele>
    <time>2024-05-03T15:38:38Z</time>
   </trkpt>
   <trkpt lat="48.8259870" lon="2.3455440">
    <ele>52.9</ele>
    <time>2024-05-03T15:38:39Z</time>
   </trkpt>
   <trkpt lat="48.8259970" lon="2.3454860">
    <ele>52.9</ele>
    <time>2024-05-03T15:38:40Z</time>
   </trkpt>
   <trkpt lat="48.8260010" lon="2.3454400">
    <ele>52.8</ele>
    <time>2024-05-03T15:38:41Z</time>
   </trkpt>
   <trkpt lat="48.8260030" lon="2.3453950">
    <ele>52.8</ele>
    <time>2024-05-03T15:38:42Z</time>
   </trkpt>
   <trkpt lat="48.8260040" lon="2.3453810">
    <ele>52.7</ele>
    <time>2024-05-03T15:38:43Z</time>
   </trkpt>
   <trkpt lat="48.8260050" lon="2.3453530">
    <ele>52.7</ele>
    <time>2024-05-03T15:38:44Z</time>
   </trkpt>
   <trkpt lat="48.8260050" lon="2.3453350">
    <ele>52.7</ele>
    <time>2024-05-03T15:38:45Z</time>
   </trkpt>
   <trkpt lat="48.8260120" lon="2.3453250">
    <ele>52.7</ele>
    <time>2024-05-03T15:38:46Z</time>
   </trkpt>
   <trkpt lat="48.8260130" lon="2.3453140">
    <ele>52.7</ele>
    <time>2024-05-03T15:38:47Z</time>
   </trkpt>
   <trkpt lat="48.8260120" lon="2.3453020">
    <ele>52.7</ele>
    <time>2024-05-03T15:38:48Z</time>
   </trkpt>
   <trkpt lat="48.8260130" lon="2.3452920">
    <ele>52.7</ele>
    <time>2024-05-03T15:38:49Z</time>
   </trkpt>
   <trkpt lat="48.8260190" lon="2.3452790">
    <ele>52.7</ele>
    <time>2024-05-03T15:38:50Z</time>
   </trkpt>
   <trkpt lat="48.8260240" lon="2.3452540">
    <ele>52.6</ele>
    <time>2024-05-03T15:38:51Z</time>
   </trkpt>
   <trkpt lat="48.8260280" lon="2.3451900">
    <ele>52.6</ele>
    <time>2024-05-03T15:38:52Z</time>
   </trkpt>
   <trkpt lat="48.8260290" lon="2.3451650">
    <ele>52.6</ele>
    <time>2024-05-03T15:38:53Z</time>
   </trkpt>
   <trkpt lat="48.8260320" lon="2.3451070">
    <ele>52.5</ele>
    <time>2024-05-03T15:38:54Z</time>
   </trkpt>
   <trkpt lat="48.8260390" lon="2.3450180">
    <ele>52.4</ele>
    <time>2024-05-03T15:38:55Z</time>
   </trkpt>
   <trkpt lat="48.8260460" lon="2.3449350">
    <ele>52.3</ele>
    <time>2024-05-03T15:38:56Z</time>
   </trkpt>
   <trkpt lat="48.8260580" lon="2.3448500">
    <ele>52.3</ele>
    <time>2024-05-03T15:38:57Z</time>
   </trkpt>
   <trkpt lat="48.8260730" lon="2.3447600">
    <ele>52.2</ele>
    <time>2024-05-03T15:38:58Z</time>
   </trkpt>
   <trkpt lat="48.8260830" lon="2.3446580">
    <ele>52.1</ele>
    <time>2024-05-03T15:38:59Z</time>
   </trkpt>
   <trkpt lat="48.8260990" lon="2.3445590">
    <ele>52.0</ele>
    <time>2024-05-03T15:39:00Z</time>
   </trkpt>
   <trkpt lat="48.8261190" lon="2.3444600">
    <ele>51.9</ele>
    <time>2024-05-03T15:39:01Z</time>
   </trkpt>
   <trkpt lat="48.8261360" lon="2.3443530">
    <ele>51.8</ele>
    <time>2024-05-03T15:39:02Z</time>
   </trkpt>
   <trkpt lat="48.8261500" lon="2.3442410">
    <ele>51.7</ele>
    <time>2024-05-03T15:39:03Z</time>
   </trkpt>
   <trkpt lat="48.8261590" lon="2.3441300">
    <ele>51.6</ele>
    <time>2024-05-03T15:39:04Z</time>
   </trkpt>
   <trkpt lat="48.8261700" lon="2.3440230">
    <ele>51.6</ele>
    <time>2024-05-03T15:39:05Z</time>
   </trkpt>
   <trkpt lat="48.8261850" lon="2.3439180">
    <ele>51.5</ele>
    <time>2024-05-03T15:39:06Z</time>
   </trkpt>
   <trkpt lat="48.8262040" lon="2.3438120">
    <ele>51.5</ele>
    <time>2024-05-03T15:39:07Z</time>
   </trkpt>
   <trkpt lat="48.8262210" lon="2.3437040">
    <ele>51.5</ele>
    <time>2024-05-03T15:39:08Z</time>
   </trkpt>
   <trkpt lat="48.8262390" lon="2.3435960">
    <ele>51.4</ele>
    <time>2024-05-03T15:39:09Z</time>
   </trkpt>
   <trkpt lat="48.8262520" lon="2.3434870">
    <ele>51.4</ele>
    <time>2024-05-03T15:39:10Z</time>
   </trkpt>
   <trkpt lat="48.8262650" lon="2.3433810">
    <ele>51.3</ele>
    <time>2024-05-03T15:39:11Z</time>
   </trkpt>
   <trkpt lat="48.8262800" lon="2.3432800">
    <ele>51.3</ele>
    <time>2024-05-03T15:39:12Z</time>
   </trkpt>
   <trkpt lat="48.8262970" lon="2.3431820">
    <ele>51.2</ele>
    <time>2024-05-03T15:39:13Z</time>
   </trkpt>
   <trkpt lat="48.8263120" lon="2.3430870">
    <ele>51.2</ele>
    <time>2024-05-03T15:39:14Z</time>
   </trkpt>
   <trkpt lat="48.8263270" lon="2.3429890">
    <ele>51.2</ele>
    <time>2024-05-03T15:39:15Z</time>
   </trkpt>
   <trkpt lat="48.8263440" lon="2.3428960">
    <ele>51.2</ele>
    <time>2024-05-03T15:39:16Z</time>
   </trkpt>
   <trkpt lat="48.8263610" lon="2.3428070">
    <ele>51.2</ele>
    <time>2024-05-03T15:39:17Z</time>
   </trkpt>
   <trkpt lat="48.8263740" lon="2.3427200">
    <ele>51.2</ele>
    <time>2024-05-03T15:39:18Z</time>
   </trkpt>
   <trkpt lat="48.8263880" lon="2.3426350">
    <ele>51.2</ele>
    <time>2024-05-03T15:39:19Z</time>
   </trkpt>
   <trkpt lat="48.8264050" lon="2.3425530">
    <ele>51.2</ele>
    <time>2024-05-03T15:39:20Z</time>
   </trkpt>
   <trkpt lat="48.8264170" lon="2.3424710">
    <ele>51.2</ele>
    <time>2024-05-03T15:39:21Z</time>
   </trkpt>
   <trkpt lat="48.8264340" lon="2.3423890">
    <ele>51.2</ele>
    <time>2024-05-03T15:39:22Z</time>
   </trkpt>
   <trkpt lat="48.8264470" lon="2.3423100">
    <ele>51.2</ele>
    <time>2024-05-03T15:39:23Z</time>
   </trkpt>
   <trkpt lat="48.8264580" lon="2.3422320">
    <ele>51.2</ele>
    <time>2024-05-03T15:39:24Z</time>
   </trkpt>
   <trkpt lat="48.8264670" lon="2.3421460">
    <ele>51.2</ele>
    <time>2024-05-03T15:39:25Z</time>
   </trkpt>
   <trkpt lat="48.8264810" lon="2.3420570">
    <ele>51.1</ele>
    <time>2024-05-03T15:39:26Z</time>
   </trkpt>
   <trkpt lat="48.8265040" lon="2.3419670">
    <ele>51.1</ele>
    <time>2024-05-03T15:39:27Z</time>
   </trkpt>
   <trkpt lat="48.8265280" lon="2.3418810">
    <ele>51.1</ele>
    <time>2024-05-03T15:39:28Z</time>
   </trkpt>
   <trkpt lat="48.8265440" lon="2.3417960">
    <ele>51.1</ele>
    <time>2024-05-03T15:39:29Z</time>
   </trkpt>
   <trkpt lat="48.8265510" lon="2.3417170">
    <ele>51.1</ele>
    <time>2024-05-03T15:39:30Z</time>
   </trkpt>
   <trkpt lat="48.8265530" lon="2.3416380">
    <ele>51.2</ele>
    <time>2024-05-03T15:39:31Z</time>
   </trkpt>
   <trkpt lat="48.8265390" lon="2.3415500">
    <ele>51.2</ele>
    <time>2024-05-03T15:39:32Z</time>
   </trkpt>
   <trkpt lat="48.8265320" lon="2.3414510">
    <ele>51.3</ele>
    <time>2024-05-03T15:39:33Z</time>
   </trkpt>
   <trkpt lat="48.8265450" lon="2.3413530">
    <ele>51.5</ele>
    <time>2024-05-03T15:39:34Z</time>
   </trkpt>
   <trkpt lat="48.8265690" lon="2.3412590">
    <ele>51.6</ele>
    <time>2024-05-03T15:39:35Z</time>
   </trkpt>
   <trkpt lat="48.8265890" lon="2.3411660">
    <ele>51.8</ele>
    <time>2024-05-03T15:39:36Z</time>
   </trkpt>
   <trkpt lat="48.8265980" lon="2.3410700">
    <ele>51.9</ele>
    <time>2024-05-03T15:39:37Z</time>
   </trkpt>
   <trkpt lat="48.8266100" lon="2.3409680">
    <ele>52.1</ele>
    <time>2024-05-03T15:39:38Z</time>
   </trkpt>
   <trkpt lat="48.8266240" lon="2.3408630">
    <ele>52.2</ele>
    <time>2024-05-03T15:39:39Z</time>
   </trkpt>
   <trkpt lat="48.8266420" lon="2.3407630">
    <ele>52.4</ele>
    <time>2024-05-03T15:39:40Z</time>
   </trkpt>
   <trkpt lat="48.8266620" lon="2.3406630">
    <ele>52.6</ele>
    <time>2024-05-03T15:39:41Z</time>
   </trkpt>
   <trkpt lat="48.8266770" lon="2.3405610">
    <ele>52.8</ele>
    <time>2024-05-03T15:39:42Z</time>
   </trkpt>
   <trkpt lat="48.8266930" lon="2.3404570">
    <ele>53.0</ele>
    <time>2024-05-03T15:39:43Z</time>
   </trkpt>
   <trkpt lat="48.8267080" lon="2.3403500">
    <ele>53.2</ele>
    <time>2024-05-03T15:39:44Z</time>
   </trkpt>
   <trkpt lat="48.8267300" lon="2.3402470">
    <ele>53.4</ele>
    <time>2024-05-03T15:39:45Z</time>
   </trkpt>
   <trkpt lat="48.8267400" lon="2.3401400">
    <ele>53.6</ele>
    <time>2024-05-03T15:39:46Z</time>
   </trkpt>
   <trkpt lat="48.8267530" lon="2.3400350">
    <ele>53.8</ele>
    <time>2024-05-03T15:39:47Z</time>
   </trkpt>
   <trkpt lat="48.8267690" lon="2.3399320">
    <ele>54.0</ele>
    <time>2024-05-03T15:39:48Z</time>
   </trkpt>
   <trkpt lat="48.8267840" lon="2.3398330">
    <ele>54.2</ele>
    <time>2024-05-03T15:39:49Z</time>
   </trkpt>
   <trkpt lat="48.8268010" lon="2.3397320">
    <ele>54.4</ele>
    <time>2024-05-03T15:39:50Z</time>
   </trkpt>
   <trkpt lat="48.8268190" lon="2.3396400">
    <ele>54.6</ele>
    <time>2024-05-03T15:39:51Z</time>
   </trkpt>
   <trkpt lat="48.8268350" lon="2.3395440">
    <ele>54.8</ele>
    <time>2024-05-03T15:39:52Z</time>
   </trkpt>
   <trkpt lat="48.8268470" lon="2.3394510">
    <ele>55.0</ele>
    <time>2024-05-03T15:39:53Z</time>
   </trkpt>
   <trkpt lat="48.8268580" lon="2.3393580">
    <ele>55.2</ele>
    <time>2024-05-03T15:39:54Z</time>
   </trkpt>
   <trkpt lat="48.8268700" lon="2.3392700">
    <ele>55.3</ele>
    <time>2024-05-03T15:39:55Z</time>
   </trkpt>
   <trkpt lat="48.8268810" lon="2.3391800">
    <ele>55.5</ele>
    <time>2024-05-03T15:39:56Z</time>
   </trkpt>
   <trkpt lat="48.8268910" lon="2.3390920">
    <ele>55.7</ele>
    <time>2024-05-03T15:39:57Z</time>
   </trkpt>
   <trkpt lat="48.8269030" lon="2.3390090">
    <ele>55.9</ele>
    <time>2024-05-03T15:39:58Z</time>
   </trkpt>
   <trkpt lat="48.8269160" lon="2.3389240">
    <ele>56.0</ele>
    <time>2024-05-03T15:39:59Z</time>
   </trkpt>
   <trkpt lat="48.8269260" lon="2.3388400">
    <ele>56.2</ele>
    <time>2024-05-03T15:40:00Z</time>
   </trkpt>
   <trkpt lat="48.8269400" lon="2.3387520">
    <ele>56.4</ele>
    <time>2024-05-03T15:40:01Z</time>
   </trkpt>
   <trkpt lat="48.8269540" lon="2.3386680">
    <ele>56.5</ele>
    <time>2024-05-03T15:40:02Z</time>
   </trkpt>
   <trkpt lat="48.8269690" lon="2.3385810">
    <ele>56.7</ele>
    <time>2024-05-03T15:40:03Z</time>
   </trkpt>
   <trkpt lat="48.8269840" lon="2.3384920">
    <ele>56.9</ele>
    <time>2024-05-03T15:40:04Z</time>
   </trkpt>
   <trkpt lat="48.8269970" lon="2.3384020">
    <ele>57.1</ele>
    <time>2024-05-03T15:40:05Z</time>
   </trkpt>
   <trkpt lat="48.8270060" lon="2.3383140">
    <ele>57.2</ele>
    <time>2024-05-03T15:40:06Z</time>
   </trkpt>
   <trkpt lat="48.8270210" lon="2.3382260">
    <ele>57.3</ele>
    <time>2024-05-03T15:40:07Z</time>
   </trkpt>
   <trkpt lat="48.8270350" lon="2.3381430">
    <ele>57.4</ele>
    <time>2024-05-03T15:40:08Z</time>
   </trkpt>
   <trkpt lat="48.8270510" lon="2.3380620">
    <ele>57.5</ele>
    <time>2024-05-03T15:40:09Z</time>
   </trkpt>
   <trkpt lat="48.8270660" lon="2.3379780">
    <ele>57.6</ele>
    <time>2024-05-03T15:40:10Z</time>
   </trkpt>
   <trkpt lat="48.8270830" lon="2.3378960">
    <ele>57.7</ele>
    <time>2024-05-03T15:40:11Z</time>
   </trkpt>
   <trkpt lat="48.8270980" lon="2.3378140">
    <ele>57.9</ele>
    <time>2024-05-03T15:40:12Z</time>
   </trkpt>
   <trkpt lat="48.8271150" lon="2.3377280">
    <ele>58.1</ele>
    <time>2024-05-03T15:40:13Z</time>
   </trkpt>
   <trkpt lat="48.8271290" lon="2.3376420">
    <ele>58.3</ele>
    <time>2024-05-03T15:40:14Z</time>
   </trkpt>
   <trkpt lat="48.8271450" lon="2.3375570">
    <ele>58.6</ele>
    <time>2024-05-03T15:40:15Z</time>
   </trkpt>
   <trkpt lat="48.8271600" lon="2.3374710">
    <ele>58.8</ele>
    <time>2024-05-03T15:40:16Z</time>
   </trkpt>
   <trkpt lat="48.8271730" lon="2.3373880">
    <ele>59.0</ele>
    <time>2024-05-03T15:40:17Z</time>
   </trkpt>
   <trkpt lat="48.8271890" lon="2.3373110">
    <ele>59.2</ele>
    <time>2024-05-03T15:40:18Z</time>
   </trkpt>
   <trkpt lat="48.8272030" lon="2.3372340">
    <ele>59.4</ele>
    <time>2024-05-03T15:40:19Z</time>
   </trkpt>
   <trkpt lat="48.8272180" lon="2.3371600">
    <ele>59.6</ele>
    <time>2024-05-03T15:40:20Z</time>
   </trkpt>
   <trkpt lat="48.8272300" lon="2.3370830">
    <ele>59.8</ele>
    <time>2024-05-03T15:40:21Z</time>
   </trkpt>
   <trkpt lat="48.8272400" lon="2.3370100">
    <ele>60.0</ele>
    <time>2024-05-03T15:40:22Z</time>
   </trkpt>
   <trkpt lat="48.8272520" lon="2.3369390">
    <ele>60.2</ele>
    <time>2024-05-03T15:40:23Z</time>
   </trkpt>
   <trkpt lat="48.8272650" lon="2.3368730">
    <ele>60.3</ele>
    <time>2024-05-03T15:40:24Z</time>
   </trkpt>
   <trkpt lat="48.8272690" lon="2.3368020">
    <ele>60.5</ele>
    <time>2024-05-03T15:40:25Z</time>
   </trkpt>
   <trkpt lat="48.8272730" lon="2.3367500">
    <ele>60.5</ele>
    <time>2024-05-03T15:40:26Z</time>
   </trkpt>
   <trkpt lat="48.8272960" lon="2.3367230">
    <ele>60.6</ele>
    <time>2024-05-03T15:40:27Z</time>
   </trkpt>
   <trkpt lat="48.8273060" lon="2.3367190">
    <ele>60.6</ele>
    <time>2024-05-03T15:40:28Z</time>
   </trkpt>
   <trkpt lat="48.8273320" lon="2.3367010">
    <ele>60.7</ele>
    <time>2024-05-03T15:40:29Z</time>
   </trkpt>
   <trkpt lat="48.8273400" lon="2.3366910">
    <ele>60.7</ele>
    <time>2024-05-03T15:40:30Z</time>
   </trkpt>
   <trkpt lat="48.8273210" lon="2.3366540">
    <ele>60.8</ele>
    <time>2024-05-03T15:40:31Z</time>
   </trkpt>
   <trkpt lat="48.8272960" lon="2.3366230">
    <ele>60.8</ele>
    <time>2024-05-03T15:40:32Z</time>
   </trkpt>
   <trkpt lat="48.8272800" lon="2.3365890">
    <ele>60.9</ele>
    <time>2024-05-03T15:40:33Z</time>
   </trkpt>
   <trkpt lat="48.8273210" lon="2.3365050">
    <ele>61.1</ele>
    <time>2024-05-03T15:40:34Z</time>
   </trkpt>
   <trkpt lat="48.8273460" lon="2.3364500">
    <ele>61.3</ele>
    <time>2024-05-03T15:40:35Z</time>
   </trkpt>
   <trkpt lat="48.8273670" lon="2.3363710">
    <ele>61.4</ele>
    <time>2024-05-03T15:40:36Z</time>
   </trkpt>
   <trkpt lat="48.8273670" lon="2.3363010">
    <ele>61.6</ele>
    <time>2024-05-03T15:40:37Z</time>
   </trkpt>
   <trkpt lat="48.8273610" lon="2.3362330">
    <ele>61.8</ele>
    <time>2024-05-03T15:40:38Z</time>
   </trkpt>
   <trkpt lat="48.8273740" lon="2.3361650">
    <ele>61.9</ele>
    <time>2024-05-03T15:40:39Z</time>
   </trkpt>
   <trkpt lat="48.8273780" lon="2.3360950">
    <ele>62.1</ele>
    <time>2024-05-03T15:40:40Z</time>
   </trkpt>
   <trkpt lat="48.8273860" lon="2.3360170">
    <ele>62.3</ele>
    <time>2024-05-03T15:40:41Z</time>
   </trkpt>
   <trkpt lat="48.8274020" lon="2.3359490">
    <ele>62.4</ele>
    <time>2024-05-03T15:40:42Z</time>
   </trkpt>
   <trkpt lat="48.8273980" lon="2.3358850">
    <ele>62.6</ele>
    <time>2024-05-03T15:40:43Z</time>
   </trkpt>
   <trkpt lat="48.8274000" lon="2.3358240">
    <ele>62.7</ele>
    <time>2024-05-03T15:40:44Z</time>
   </trkpt>
   <trkpt lat="48.8274040" lon="2.3357630">
    <ele>62.8</ele>
    <time>2024-05-03T15:40:45Z</time>
   </trkpt>
   <trkpt lat="48.8274090" lon="2.3357090">
    <ele>62.9</ele>
    <time>2024-05-03T15:40:46Z</time>
   </trkpt>
   <trkpt lat="48.8274190" lon="2.3356630">
    <ele>63.1</ele>
    <time>2024-05-03T15:40:47Z</time>
   </trkpt>
   <trkpt lat="48.8274250" lon="2.3356120">
    <ele>63.2</ele>
    <time>2024-05-03T15:40:48Z</time>
   </trkpt>
   <trkpt lat="48.8274370" lon="2.3355590">
    <ele>63.4</ele>
    <time>2024-05-03T15:40:49Z</time>
   </trkpt>
   <trkpt lat="48.8274470" lon="2.3355060">
    <ele>63.4</ele>
    <time>2024-05-03T15:40:50Z</time>
   </trkpt>
   <trkpt lat="48.8274510" lon="2.3354590">
    <ele>63.5</ele>
    <time>2024-05-03T15:40:51Z</time>
   </trkpt>
   <trkpt lat="48.8274540" lon="2.3354130">
    <ele>63.6</ele>
    <time>2024-05-03T15:40:52Z</time>
   </trkpt>
   <trkpt lat="48.8274580" lon="2.3353600">
    <ele>63.7</ele>
    <time>2024-05-03T15:40:53Z</time>
   </trkpt>
   <trkpt lat="48.8274650" lon="2.3352960">
    <ele>63.8</ele>
    <time>2024-05-03T15:40:54Z</time>
   </trkpt>
   <trkpt lat="48.8274740" lon="2.3352300">
    <ele>63.9</ele>
    <time>2024-05-03T15:40:55Z</time>
   </trkpt>
   <trkpt lat="48.8274880" lon="2.3351630">
    <ele>63.9</ele>
    <time>2024-05-03T15:40:56Z</time>
   </trkpt>
   <trkpt lat="48.8275000" lon="2.3350970">
    <ele>64.0</ele>
    <time>2024-05-03T15:40:57Z</time>
   </trkpt>
   <trkpt lat="48.8275140" lon="2.3350350">
    <ele>64.0</ele>
    <time>2024-05-03T15:40:58Z</time>
   </trkpt>
   <trkpt lat="48.8275260" lon="2.3349680">
    <ele>64.0</ele>
    <time>2024-05-03T15:40:59Z</time>
   </trkpt>
   <trkpt lat="48.8275320" lon="2.3349000">
    <ele>64.0</ele>
    <time>2024-05-03T15:41:00Z</time>
   </trkpt>
   <trkpt lat="48.8275410" lon="2.3348300">
    <ele>64.1</ele>
    <time>2024-05-03T15:41:01Z</time>
   </trkpt>
   <trkpt lat="48.8275480" lon="2.3347560">
    <ele>64.3</ele>
    <time>2024-05-03T15:41:02Z</time>
   </trkpt>
   <trkpt lat="48.8275580" lon="2.3346800">
    <ele>64.5</ele>
    <time>2024-05-03T15:41:03Z</time>
   </trkpt>
   <trkpt lat="48.8275670" lon="2.3346020">
    <ele>64.7</ele>
    <time>2024-05-03T15:41:04Z</time>
   </trkpt>
   <trkpt lat="48.8275790" lon="2.3345250">
    <ele>64.8</ele>
    <time>2024-05-03T15:41:05Z</time>
   </trkpt>
   <trkpt lat="48.8275920" lon="2.3344440">
    <ele>65.0</ele>
    <time>2024-05-03T15:41:06Z</time>
   </trkpt>
   <trkpt lat="48.8276040" lon="2.3343630">
    <ele>65.1</ele>
    <time>2024-05-03T15:41:07Z</time>
   </trkpt>
   <trkpt lat="48.8276160" lon="2.3342810">
    <ele>65.3</ele>
    <time>2024-05-03T15:41:08Z</time>
   </trkpt>
   <trkpt lat="48.8276260" lon="2.3341990">
    <ele>65.5</ele>
    <time>2024-05-03T15:41:09Z</time>
   </trkpt>
   <trkpt lat="48.8276400" lon="2.3341160">
    <ele>65.6</ele>
    <time>2024-05-03T15:41:10Z</time>
   </trkpt>
   <trkpt lat="48.8276500" lon="2.3340310">
    <ele>65.8</ele>
    <time>2024-05-03T15:41:11Z</time>
   </trkpt>
   <trkpt lat="48.8276600" lon="2.3339480">
    <ele>66.0</ele>
    <time>2024-05-03T15:41:12Z</time>
   </trkpt>
   <trkpt lat="48.8276760" lon="2.3338690">
    <ele>66.2</ele>
    <time>2024-05-03T15:41:13Z</time>
   </trkpt>
   <trkpt lat="48.8276980" lon="2.3337960">
    <ele>66.3</ele>
    <time>2024-05-03T15:41:14Z</time>
   </trkpt>
   <trkpt lat="48.8277130" lon="2.3337190">
    <ele>66.5</ele>
    <time>2024-05-03T15:41:15Z</time>
   </trkpt>
   <trkpt lat="48.8277260" lon="2.3336410">
    <ele>66.7</ele>
    <time>2024-05-03T15:41:16Z</time>
   </trkpt>
   <trkpt lat="48.8277420" lon="2.3335690">
    <ele>66.9</ele>
    <time>2024-05-03T15:41:17Z</time>
   </trkpt>
   <trkpt lat="48.8277620" lon="2.3334990">
    <ele>67.1</ele>
    <time>2024-05-03T15:41:18Z</time>
   </trkpt>
   <trkpt lat="48.8277730" lon="2.3334200">
    <ele>67.2</ele>
    <time>2024-05-03T15:41:19Z</time>
   </trkpt>
   <trkpt lat="48.8277890" lon="2.3333480">
    <ele>67.4</ele>
    <time>2024-05-03T15:41:20Z</time>
   </trkpt>
   <trkpt lat="48.8278040" lon="2.3332730">
    <ele>67.6</ele>
    <time>2024-05-03T15:41:21Z</time>
   </trkpt>
   <trkpt lat="48.8278170" lon="2.3331970">
    <ele>67.8</ele>
    <time>2024-05-03T15:41:22Z</time>
   </trkpt>
   <trkpt lat="48.8278280" lon="2.3331230">
    <ele>67.9</ele>
    <time>2024-05-03T15:41:23Z</time>
   </trkpt>
   <trkpt lat="48.8278410" lon="2.3330460">
    <ele>68.1</ele>
    <time>2024-05-03T15:41:24Z</time>
   </trkpt>
   <trkpt lat="48.8278520" lon="2.3329700">
    <ele>68.3</ele>
    <time>2024-05-03T15:41:25Z</time>
   </trkpt>
   <trkpt lat="48.8278630" lon="2.3328950">
    <ele>68.5</ele>
    <time>2024-05-03T15:41:26Z</time>
   </trkpt>
   <trkpt lat="48.8278740" lon="2.3328220">
    <ele>68.7</ele>
    <time>2024-05-03T15:41:27Z</time>
   </trkpt>
   <trkpt lat="48.8278780" lon="2.3327490">
    <ele>68.9</ele>
    <time>2024-05-03T15:41:28Z</time>
   </trkpt>
   <trkpt lat="48.8278770" lon="2.3326730">
    <ele>69.0</ele>
    <time>2024-05-03T15:41:29Z</time>
   </trkpt>
   <trkpt lat="48.8278790" lon="2.3325990">
    <ele>69.1</ele>
    <time>2024-05-03T15:41:30Z</time>
   </trkpt>
   <trkpt lat="48.8278790" lon="2.3325320">
    <ele>69.2</ele>
    <time>2024-05-03T15:41:31Z</time>
   </trkpt>
   <trkpt lat="48.8278770" lon="2.3324660">
    <ele>69.3</ele>
    <time>2024-05-03T15:41:32Z</time>
   </trkpt>
   <trkpt lat="48.8278730" lon="2.3324020">
    <ele>69.4</ele>
    <time>2024-05-03T15:41:33Z</time>
   </trkpt>
   <trkpt lat="48.8278700" lon="2.3323470">
    <ele>69.4</ele>
    <time>2024-05-03T15:41:34Z</time>
   </trkpt>
   <trkpt lat="48.8278690" lon="2.3323040">
    <ele>69.4</ele>
    <time>2024-05-03T15:41:35Z</time>
   </trkpt>
   <trkpt lat="48.8278630" lon="2.3322530">
    <ele>69.4</ele>
    <time>2024-05-03T15:41:36Z</time>
   </trkpt>
   <trkpt lat="48.8278630" lon="2.3322380">
    <ele>69.4</ele>
    <time>2024-05-03T15:41:37Z</time>
   </trkpt>
   <trkpt lat="48.8278720" lon="2.3321890">
    <ele>69.5</ele>
    <time>2024-05-03T15:41:38Z</time>
   </trkpt>
   <trkpt lat="48.8278770" lon="2.3321690">
    <ele>69.5</ele>
    <time>2024-05-03T15:41:39Z</time>
   </trkpt>
   <trkpt lat="48.8278720" lon="2.3321280">
    <ele>69.5</ele>
    <time>2024-05-03T15:41:40Z</time>
   </trkpt>
   <trkpt lat="48.8278620" lon="2.3320890">
    <ele>69.5</ele>
    <time>2024-05-03T15:41:41Z</time>
   </trkpt>
   <trkpt lat="48.8278520" lon="2.3320460">
    <ele>69.5</ele>
    <time>2024-05-03T15:41:42Z</time>
   </trkpt>
   <trkpt lat="48.8278500" lon="2.3319900">
    <ele>69.5</ele>
    <time>2024-05-03T15:41:43Z</time>
   </trkpt>
   <trkpt lat="48.8278620" lon="2.3319230">
    <ele>69.5</ele>
    <time>2024-05-03T15:41:44Z</time>
   </trkpt>
   <trkpt lat="48.8278660" lon="2.3318480">
    <ele>69.6</ele>
    <time>2024-05-03T15:41:45Z</time>
   </trkpt>
   <trkpt lat="48.8278770" lon="2.3317680">
    <ele>69.6</ele>
    <time>2024-05-03T15:41:46Z</time>
   </trkpt>
   <trkpt lat="48.8278990" lon="2.3316840">
    <ele>69.7</ele>
    <time>2024-05-03T15:41:47Z</time>
   </trkpt>
   <trkpt lat="48.8279110" lon="2.3315950">
    <ele>69.7</ele>
    <time>2024-05-03T15:41:48Z</time>
   </trkpt>
   <trkpt lat="48.8279170" lon="2.3315050">
    <ele>69.8</ele>
    <time>2024-05-03T15:41:49Z</time>
   </trkpt>
   <trkpt lat="48.8279190" lon="2.3314110">
    <ele>69.8</ele>
    <time>2024-05-03T15:41:50Z</time>
   </trkpt>
   <trkpt lat="48.8279220" lon="2.3313150">
    <ele>69.9</ele>
    <time>2024-05-03T15:41:51Z</time>
   </trkpt>
   <trkpt lat="48.8279200" lon="2.3312170">
    <ele>70.0</ele>
    <time>2024-05-03T15:41:52Z</time>
   </trkpt>
   <trkpt lat="48.8279180" lon="2.3311210">
    <ele>70.0</ele>
    <time>2024-05-03T15:41:53Z</time>
   </trkpt>
   <trkpt lat="48.8279160" lon="2.3310270">
    <ele>70.1</ele>
    <time>2024-05-03T15:41:54Z</time>
   </trkpt>
   <trkpt lat="48.8279140" lon="2.3309310">
    <ele>70.1</ele>
    <time>2024-05-03T15:41:55Z</time>
   </trkpt>
   <trkpt lat="48.8279200" lon="2.3308390">
    <ele>70.2</ele>
    <time>2024-05-03T15:41:56Z</time>
   </trkpt>
   <trkpt lat="48.8279200" lon="2.3307360">
    <ele>70.3</ele>
    <time>2024-05-03T15:41:57Z</time>
   </trkpt>
   <trkpt lat="48.8279130" lon="2.3306350">
    <ele>70.3</ele>
    <time>2024-05-03T15:41:58Z</time>
   </trkpt>
   <trkpt lat="48.8279010" lon="2.3305270">
    <ele>70.4</ele>
    <time>2024-05-03T15:41:59Z</time>
   </trkpt>
   <trkpt lat="48.8278980" lon="2.3304280">
    <ele>70.4</ele>
    <time>2024-05-03T15:42:00Z</time>
   </trkpt>
   <trkpt lat="48.8278980" lon="2.3303350">
    <ele>70.5</ele>
    <time>2024-05-03T15:42:01Z</time>
   </trkpt>
   <trkpt lat="48.8278920" lon="2.3302420">
    <ele>70.5</ele>
    <time>2024-05-03T15:42:02Z</time>
   </trkpt>
   <trkpt lat="48.8278890" lon="2.3301440">
    <ele>70.6</ele>
    <time>2024-05-03T15:42:03Z</time>
   </trkpt>
   <trkpt lat="48.8278890" lon="2.3300490">
    <ele>70.6</ele>
    <time>2024-05-03T15:42:04Z</time>
   </trkpt>
   <trkpt lat="48.8278870" lon="2.3299560">
    <ele>70.7</ele>
    <time>2024-05-03T15:42:05Z</time>
   </trkpt>
   <trkpt lat="48.8278810" lon="2.3298520">
    <ele>70.7</ele>
    <time>2024-05-03T15:42:06Z</time>
   </trkpt>
   <trkpt lat="48.8278770" lon="2.3297530">
    <ele>70.8</ele>
    <time>2024-05-03T15:42:07Z</time>
   </trkpt>
   <trkpt lat="48.8278790" lon="2.3296510">
    <ele>70.8</ele>
    <time>2024-05-03T15:42:08Z</time>
   </trkpt>
   <trkpt lat="48.8278830" lon="2.3295510">
    <ele>70.8</ele>
    <time>2024-05-03T15:42:09Z</time>
   </trkpt>
   <trkpt lat="48.8278810" lon="2.3294620">
    <ele>70.9</ele>
    <time>2024-05-03T15:42:10Z</time>
   </trkpt>
   <trkpt lat="48.8278800" lon="2.3293650">
    <ele>70.9</ele>
    <time>2024-05-03T15:42:11Z</time>
   </trkpt>
   <trkpt lat="48.8278820" lon="2.3292700">
    <ele>71.0</ele>
    <time>2024-05-03T15:42:12Z</time>
   </trkpt>
   <trkpt lat="48.8278810" lon="2.3291770">
    <ele>71.1</ele>
    <time>2024-05-03T15:42:13Z</time>
   </trkpt>
   <trkpt lat="48.8278770" lon="2.3290760">
    <ele>71.1</ele>
    <time>2024-05-03T15:42:14Z</time>
   </trkpt>
   <trkpt lat="48.8278780" lon="2.3289850">
    <ele>71.1</ele>
    <time>2024-05-03T15:42:15Z</time>
   </trkpt>
   <trkpt lat="48.8278850" lon="2.3289150">
    <ele>71.2</ele>
    <time>2024-05-03T15:42:16Z</time>
   </trkpt>
   <trkpt lat="48.8278910" lon="2.3288560">
    <ele>71.2</ele>
    <time>2024-05-03T15:42:17Z</time>
   </trkpt>
   <trkpt lat="48.8278900" lon="2.3287980">
    <ele>71.2</ele>
    <time>2024-05-03T15:42:18Z</time>
   </trkpt>
   <trkpt lat="48.8278890" lon="2.3287340">
    <ele>71.2</ele>
    <time>2024-05-03T15:42:19Z</time>
   </trkpt>
   <trkpt lat="48.8278810" lon="2.3286550">
    <ele>71.2</ele>
    <time>2024-05-03T15:42:20Z</time>
   </trkpt>
   <trkpt lat="48.8278840" lon="2.3285760">
    <ele>71.3</ele>
    <time>2024-05-03T15:42:21Z</time>
   </trkpt>
   <trkpt lat="48.8278880" lon="2.3284880">
    <ele>71.3</ele>
    <time>2024-05-03T15:42:22Z</time>
   </trkpt>
   <trkpt lat="48.8278910" lon="2.3284040">
    <ele>71.3</ele>
    <time>2024-05-03T15:42:23Z</time>
   </trkpt>
   <trkpt lat="48.8278910" lon="2.3283110">
    <ele>71.3</ele>
    <time>2024-05-03T15:42:24Z</time>
   </trkpt>
   <trkpt lat="48.8278900" lon="2.3282170">
    <ele>71.4</ele>
    <time>2024-05-03T15:42:25Z</time>
   </trkpt>
   <trkpt lat="48.8278930" lon="2.3281280">
    <ele>71.4</ele>
    <time>2024-05-03T15:42:26Z</time>
   </trkpt>
   <trkpt lat="48.8278980" lon="2.3280430">
    <ele>71.5</ele>
    <time>2024-05-03T15:42:27Z</time>
   </trkpt>
   <trkpt lat="48.8279080" lon="2.3279580">
    <ele>71.6</ele>
    <time>2024-05-03T15:42:28Z</time>
   </trkpt>
   <trkpt lat="48.8279130" lon="2.3278760">
    <ele>71.7</ele>
    <time>2024-05-03T15:42:29Z</time>
   </trkpt>
   <trkpt lat="48.8279160" lon="2.3277970">
    <ele>71.8</ele>
    <time>2024-05-03T15:42:30Z</time>
   </trkpt>
   <trkpt lat="48.8279160" lon="2.3277270">
    <ele>71.8</ele>
    <time>2024-05-03T15:42:31Z</time>
   </trkpt>
   <trkpt lat="48.8279170" lon="2.3276560">
    <ele>71.9</ele>
    <time>2024-05-03T15:42:32Z</time>
   </trkpt>
   <trkpt lat="48.8279190" lon="2.3275890">
    <ele>72.0</ele>
    <time>2024-05-03T15:42:33Z</time>
   </trkpt>
   <trkpt lat="48.8279150" lon="2.3275230">
    <ele>72.1</ele>
    <time>2024-05-03T15:42:34Z</time>
   </trkpt>
   <trkpt lat="48.8279120" lon="2.3274620">
    <ele>72.1</ele>
    <time>2024-05-03T15:42:35Z</time>
   </trkpt>
   <trkpt lat="48.8279100" lon="2.3274110">
    <ele>72.2</ele>
    <time>2024-05-03T15:42:36Z</time>
   </trkpt>
   <trkpt lat="48.8279110" lon="2.3273680">
    <ele>72.2</ele>
    <time>2024-05-03T15:42:37Z</time>
   </trkpt>
   <trkpt lat="48.8279090" lon="2.3273270">
    <ele>72.3</ele>
    <time>2024-05-03T15:42:38Z</time>
   </trkpt>
   <trkpt lat="48.8279040" lon="2.3272770">
    <ele>72.3</ele>
    <time>2024-05-03T15:42:39Z</time>
   </trkpt>
   <trkpt lat="48.8279030" lon="2.3272640">
    <ele>72.3</ele>
    <time>2024-05-03T15:42:40Z</time>
   </trkpt>
   <trkpt lat="48.8279000" lon="2.3272490">
    <ele>72.3</ele>
    <time>2024-05-03T15:42:41Z</time>
   </trkpt>
   <trkpt lat="48.8278950" lon="2.3272460">
    <ele>72.3</ele>
    <time>2024-05-03T15:42:42Z</time>
   </trkpt>
   <trkpt lat="48.8278910" lon="2.3272430">
    <ele>72.3</ele>
    <time>2024-05-03T15:42:43Z</time>
   </trkpt>
   <trkpt lat="48.8278880" lon="2.3272440">
    <ele>72.3</ele>
    <time>2024-05-03T15:42:44Z</time>
   </trkpt>
   <trkpt lat="48.8278870" lon="2.3272460">
    <ele>72.3</ele>
    <time>2024-05-03T15:42:45Z</time>
   </trkpt>
   <trkpt lat="48.8278860" lon="2.3272490">
    <ele>72.3</ele>
    <time>2024-05-03T15:42:46Z</time>
   </trkpt>
   <trkpt lat="48.8278880" lon="2.3272500">
    <ele>72.3</ele>
    <time>2024-05-03T15:42:47Z</time>
   </trkpt>
   <trkpt lat="48.8278890" lon="2.3272510">
    <ele>72.3</ele>
    <time>2024-05-03T15:42:48Z</time>
   </trkpt>
   <trkpt lat="48.8278900" lon="2.3272520">
    <ele>72.3</ele>
    <time>2024-05-03T15:42:49Z</time>
   </trkpt>
   <trkpt lat="48.8278910" lon="2.3272540">
    <ele>72.3</ele>
    <time>2024-05-03T15:42:50Z</time>
   </trkpt>
   <trkpt lat="48.8278910" lon="2.3272540">
    <ele>72.3</ele>
    <time>2024-05-03T15:42:51Z</time>
   </trkpt>
   <trkpt lat="48.8278910" lon="2.3272540">
    <ele>72.3</ele>
    <time>2024-05-03T15:42:52Z</time>
   </trkpt>
   <trkpt lat="48.8278910" lon="2.3272550">
    <ele>72.3</ele>
    <time>2024-05-03T15:42:53Z</time>
   </trkpt>
   <trkpt lat="48.8278910" lon="2.3272540">
    <ele>72.3</ele>
    <time>2024-05-03T15:42:54Z</time>
   </trkpt>
   <trkpt lat="48.8278830" lon="2.3272260">
    <ele>72.3</ele>
    <time>2024-05-03T15:43:37Z</time>
   </trkpt>
   <trkpt lat="48.8278780" lon="2.3272070">
    <ele>72.3</ele>
    <time>2024-05-03T15:43:38Z</time>
   </trkpt>
   <trkpt lat="48.8278730" lon="2.3271820">
    <ele>72.3</ele>
    <time>2024-05-03T15:43:39Z</time>
   </trkpt>
   <trkpt lat="48.8278710" lon="2.3271410">
    <ele>72.3</ele>
    <time>2024-05-03T15:43:40Z</time>
   </trkpt>
   <trkpt lat="48.8278710" lon="2.3270890">
    <ele>72.3</ele>
    <time>2024-05-03T15:43:41Z</time>
   </trkpt>
   <trkpt lat="48.8278760" lon="2.3270380">
    <ele>72.3</ele>
    <time>2024-05-03T15:43:42Z</time>
   </trkpt>
   <trkpt lat="48.8278870" lon="2.3269890">
    <ele>72.4</ele>
    <time>2024-05-03T15:43:43Z</time>
   </trkpt>
   <trkpt lat="48.8279080" lon="2.3269460">
    <ele>72.5</ele>
    <time>2024-05-03T15:43:44Z</time>
   </trkpt>
   <trkpt lat="48.8279460" lon="2.3269200">
    <ele>72.6</ele>
    <time>2024-05-03T15:43:45Z</time>
   </trkpt>
   <trkpt lat="48.8279650" lon="2.3268600">
    <ele>72.6</ele>
    <time>2024-05-03T15:43:46Z</time>
   </trkpt>
   <trkpt lat="48.8279760" lon="2.3267870">
    <ele>72.6</ele>
    <time>2024-05-03T15:43:47Z</time>
   </trkpt>
   <trkpt lat="48.8279780" lon="2.3267060">
    <ele>72.5</ele>
    <time>2024-05-03T15:43:48Z</time>
   </trkpt>
   <trkpt lat="48.8279680" lon="2.3266230">
    <ele>72.5</ele>
    <time>2024-05-03T15:43:49Z</time>
   </trkpt>
   <trkpt lat="48.8279620" lon="2.3265310">
    <ele>72.5</ele>
    <time>2024-05-03T15:43:50Z</time>
   </trkpt>
   <trkpt lat="48.8279810" lon="2.3264360">
    <ele>72.5</ele>
    <time>2024-05-03T15:43:51Z</time>
   </trkpt>
   <trkpt lat="48.8280180" lon="2.3263470">
    <ele>72.4</ele>
    <time>2024-05-03T15:43:52Z</time>
   </trkpt>
   <trkpt lat="48.8280550" lon="2.3262590">
    <ele>72.3</ele>
    <time>2024-05-03T15:43:53Z</time>
   </trkpt>
   <trkpt lat="48.8280870" lon="2.3261660">
    <ele>72.2</ele>
    <time>2024-05-03T15:43:54Z</time>
   </trkpt>
   <trkpt lat="48.8281200" lon="2.3260730">
    <ele>72.1</ele>
    <time>2024-05-03T15:43:55Z</time>
   </trkpt>
   <trkpt lat="48.8281570" lon="2.3259740">
    <ele>72.0</ele>
    <time>2024-05-03T15:43:56Z</time>
   </trkpt>
   <trkpt lat="48.8281890" lon="2.3258660">
    <ele>71.9</ele>
    <time>2024-05-03T15:43:57Z</time>
   </trkpt>
   <trkpt lat="48.8282190" lon="2.3257560">
    <ele>71.8</ele>
    <time>2024-05-03T15:43:58Z</time>
   </trkpt>
   <trkpt lat="48.8282560" lon="2.3256470">
    <ele>71.7</ele>
    <time>2024-05-03T15:43:59Z</time>
   </trkpt>
   <trkpt lat="48.8282970" lon="2.3255380">
    <ele>71.6</ele>
    <time>2024-05-03T15:44:00Z</time>
   </trkpt>
   <trkpt lat="48.8283350" lon="2.3254300">
    <ele>71.5</ele>
    <time>2024-05-03T15:44:01Z</time>
   </trkpt>
   <trkpt lat="48.8283750" lon="2.3253220">
    <ele>71.4</ele>
    <time>2024-05-03T15:44:02Z</time>
   </trkpt>
   <trkpt lat="48.8284150" lon="2.3252160">
    <ele>71.3</ele>
    <time>2024-05-03T15:44:03Z</time>
   </trkpt>
   <trkpt lat="48.8284570" lon="2.3251080">
    <ele>71.2</ele>
    <time>2024-05-03T15:44:04Z</time>
   </trkpt>
   <trkpt lat="48.8284990" lon="2.3250000">
    <ele>71.1</ele>
    <time>2024-05-03T15:44:05Z</time>
   </trkpt>
   <trkpt lat="48.8285390" lon="2.3248900">
    <ele>71.0</ele>
    <time>2024-05-03T15:44:06Z</time>
   </trkpt>
   <trkpt lat="48.8285800" lon="2.3247800">
    <ele>70.9</ele>
    <time>2024-05-03T15:44:07Z</time>
   </trkpt>
   <trkpt lat="48.8286230" lon="2.3246700">
    <ele>70.9</ele>
    <time>2024-05-03T15:44:08Z</time>
   </trkpt>
   <trkpt lat="48.8286670" lon="2.3245610">
    <ele>70.8</ele>
    <time>2024-05-03T15:44:09Z</time>
   </trkpt>
   <trkpt lat="48.8287150" lon="2.3244540">
    <ele>70.8</ele>
    <time>2024-05-03T15:44:10Z</time>
   </trkpt>
   <trkpt lat="48.8287570" lon="2.3243400">
    <ele>70.7</ele>
    <time>2024-05-03T15:44:11Z</time>
   </trkpt>
   <trkpt lat="48.8288040" lon="2.3242310">
    <ele>70.7</ele>
    <time>2024-05-03T15:44:12Z</time>
   </trkpt>
   <trkpt lat="48.8288530" lon="2.3241200">
    <ele>70.6</ele>
    <time>2024-05-03T15:44:13Z</time>
   </trkpt>
   <trkpt lat="48.8288950" lon="2.3239990">
    <ele>70.6</ele>
    <time>2024-05-03T15:44:14Z</time>
   </trkpt>
   <trkpt lat="48.8289380" lon="2.3238810">
    <ele>70.5</ele>
    <time>2024-05-03T15:44:15Z</time>
   </trkpt>
   <trkpt lat="48.8289810" lon="2.3237650">
    <ele>70.5</ele>
    <time>2024-05-03T15:44:16Z</time>
   </trkpt>
   <trkpt lat="48.8290220" lon="2.3236450">
    <ele>70.5</ele>
    <time>2024-05-03T15:44:17Z</time>
   </trkpt>
   <trkpt lat="48.8290630" lon="2.3235300">
    <ele>70.5</ele>
    <time>2024-05-03T15:44:18Z</time>
   </trkpt>
   <trkpt lat="48.8290980" lon="2.3234140">
    <ele>70.5</ele>
    <time>2024-05-03T15:44:19Z</time>
   </trkpt>
   <trkpt lat="48.8291400" lon="2.3232990">
    <ele>70.4</ele>
    <time>2024-05-03T15:44:20Z</time>
   </trkpt>
   <trkpt lat="48.8291820" lon="2.3231820">
    <ele>70.4</ele>
    <time>2024-05-03T15:44:21Z</time>
   </trkpt>
   <trkpt lat="48.8292250" lon="2.3230620">
    <ele>70.4</ele>
    <time>2024-05-03T15:44:22Z</time>
   </trkpt>
   <trkpt lat="48.8292690" lon="2.3229390">
    <ele>70.5</ele>
    <time>2024-05-03T15:44:23Z</time>
   </trkpt>
   <trkpt lat="48.8293180" lon="2.3228140">
    <ele>70.5</ele>
    <time>2024-05-03T15:44:24Z</time>
   </trkpt>
   <trkpt lat="48.8293560" lon="2.3226830">
    <ele>70.3</ele>
    <time>2024-05-03T15:44:25Z</time>
   </trkpt>
   <trkpt lat="48.8293840" lon="2.3225510">
    <ele>70.1</ele>
    <time>2024-05-03T15:44:26Z</time>
   </trkpt>
   <trkpt lat="48.8294300" lon="2.3224290">
    <ele>70.0</ele>
    <time>2024-05-03T15:44:27Z</time>
   </trkpt>
   <trkpt lat="48.8294740" lon="2.3223100">
    <ele>69.9</ele>
    <time>2024-05-03T15:44:28Z</time>
   </trkpt>
   <trkpt lat="48.8295180" lon="2.3221870">
    <ele>69.8</ele>
    <time>2024-05-03T15:44:29Z</time>
   </trkpt>
   <trkpt lat="48.8295620" lon="2.3220630">
    <ele>69.8</ele>
    <time>2024-05-03T15:44:30Z</time>
   </trkpt>
   <trkpt lat="48.8296110" lon="2.3219480">
    <ele>69.7</ele>
    <time>2024-05-03T15:44:31Z</time>
   </trkpt>
   <trkpt lat="48.8296620" lon="2.3218410">
    <ele>69.6</ele>
    <time>2024-05-03T15:44:32Z</time>
   </trkpt>
   <trkpt lat="48.8297040" lon="2.3217290">
    <ele>69.6</ele>
    <time>2024-05-03T15:44:33Z</time>
   </trkpt>
   <trkpt lat="48.8297450" lon="2.3216140">
    <ele>69.5</ele>
    <time>2024-05-03T15:44:34Z</time>
   </trkpt>
   <trkpt lat="48.8297880" lon="2.3215050">
    <ele>69.5</ele>
    <time>2024-05-03T15:44:35Z</time>
   </trkpt>
   <trkpt lat="48.8298290" lon="2.3214010">
    <ele>69.4</ele>
    <time>2024-05-03T15:44:36Z</time>
   </trkpt>
   <trkpt lat="48.8298690" lon="2.3213030">
    <ele>69.4</ele>
    <time>2024-05-03T15:44:37Z</time>
   </trkpt>
   <trkpt lat="48.8299040" lon="2.3212040">
    <ele>69.3</ele>
    <time>2024-05-03T15:44:38Z</time>
   </trkpt>
   <trkpt lat="48.8299440" lon="2.3211140">
    <ele>69.3</ele>
    <time>2024-05-03T15:44:39Z</time>
   </trkpt>
   <trkpt lat="48.8299790" lon="2.3210250">
    <ele>69.2</ele>
    <time>2024-05-03T15:44:40Z</time>
   </trkpt>
   <trkpt lat="48.8300140" lon="2.3209470">
    <ele>69.1</ele>
    <time>2024-05-03T15:44:41Z</time>
   </trkpt>
   <trkpt lat="48.8300440" lon="2.3208740">
    <ele>69.1</ele>
    <time>2024-05-03T15:44:42Z</time>
   </trkpt>
   <trkpt lat="48.8300710" lon="2.3208040">
    <ele>69.1</ele>
    <time>2024-05-03T15:44:43Z</time>
   </trkpt>
   <trkpt lat="48.8300990" lon="2.3207400">
    <ele>69.1</ele>
    <time>2024-05-03T15:44:44Z</time>
   </trkpt>
   <trkpt lat="48.8301260" lon="2.3206790">
    <ele>69.0</ele>
    <time>2024-05-03T15:44:45Z</time>
   </trkpt>
   <trkpt lat="48.8301460" lon="2.3206170">
    <ele>69.0</ele>
    <time>2024-05-03T15:44:46Z</time>
   </trkpt>
   <trkpt lat="48.8301680" lon="2.3205580">
    <ele>69.0</ele>
    <time>2024-05-03T15:44:47Z</time>
   </trkpt>
   <trkpt lat="48.8301930" lon="2.3205080">
    <ele>69.0</ele>
    <time>2024-05-03T15:44:48Z</time>
   </trkpt>
   <trkpt lat="48.8302200" lon="2.3204810">
    <ele>69.0</ele>
    <time>2024-05-03T15:44:49Z</time>
   </trkpt>
   <trkpt lat="48.8302500" lon="2.3204820">
    <ele>69.1</ele>
    <time>2024-05-03T15:44:50Z</time>
   </trkpt>
   <trkpt lat="48.8302800" lon="2.3204850">
    <ele>69.1</ele>
    <time>2024-05-03T15:44:51Z</time>
   </trkpt>
   <trkpt lat="48.8302940" lon="2.3204990">
    <ele>69.1</ele>
    <time>2024-05-03T15:44:52Z</time>
   </trkpt>
   <trkpt lat="48.8303250" lon="2.3205450">
    <ele>69.2</ele>
    <time>2024-05-03T15:44:53Z</time>
   </trkpt>
   <trkpt lat="48.8303600" lon="2.3205880">
    <ele>69.2</ele>
    <time>2024-05-03T15:44:54Z</time>
   </trkpt>
   <trkpt lat="48.8303930" lon="2.3206330">
    <ele>69.2</ele>
    <time>2024-05-03T15:44:55Z</time>
   </trkpt>
   <trkpt lat="48.8304270" lon="2.3206680">
    <ele>69.3</ele>
    <time>2024-05-03T15:44:56Z</time>
   </trkpt>
   <trkpt lat="48.8304540" lon="2.3207120">
    <ele>69.3</ele>
    <time>2024-05-03T15:44:57Z</time>
   </trkpt>
   <trkpt lat="48.8304820" lon="2.3207530">
    <ele>69.3</ele>
    <time>2024-05-03T15:44:58Z</time>
   </trkpt>
   <trkpt lat="48.8305110" lon="2.3207820">
    <ele>69.3</ele>
    <time>2024-05-03T15:44:59Z</time>
   </trkpt>
   <trkpt lat="48.8305390" lon="2.3208030">
    <ele>69.3</ele>
    <time>2024-05-03T15:45:00Z</time>
   </trkpt>
   <trkpt lat="48.8305650" lon="2.3208270">
    <ele>69.3</ele>
    <time>2024-05-03T15:45:01Z</time>
   </trkpt>
   <trkpt lat="48.8305920" lon="2.3208480">
    <ele>69.4</ele>
    <time>2024-05-03T15:45:02Z</time>
   </trkpt>
   <trkpt lat="48.8306170" lon="2.3208650">
    <ele>69.4</ele>
    <time>2024-05-03T15:45:03Z</time>
   </trkpt>
   <trkpt lat="48.8306490" lon="2.3208840">
    <ele>69.4</ele>
    <time>2024-05-03T15:45:04Z</time>
   </trkpt>
   <trkpt lat="48.8306560" lon="2.3208870">
    <ele>69.4</ele>
    <time>2024-05-03T15:45:05Z</time>
   </trkpt>
   <trkpt lat="48.8306570" lon="2.3208880">
    <ele>69.4</ele>
    <time>2024-05-03T15:45:06Z</time>
   </trkpt>
   <trkpt lat="48.8306580" lon="2.3208910">
    <ele>69.4</ele>
    <time>2024-05-03T15:45:07Z</time>
   </trkpt>
   <trkpt lat="48.8306570" lon="2.3208940">
    <ele>69.4</ele>
    <time>2024-05-03T15:45:08Z</time>
   </trkpt>
   <trkpt lat="48.8306570" lon="2.3208970">
    <ele>69.4</ele>
    <time>2024-05-03T15:45:09Z</time>
   </trkpt>
   <trkpt lat="48.8306570" lon="2.3208990">
    <ele>69.4</ele>
    <time>2024-05-03T15:45:10Z</time>
   </trkpt>
   <trkpt lat="48.8306570" lon="2.3208990">
    <ele>69.4</ele>
    <time>2024-05-03T15:45:11Z</time>
   </trkpt>
   <trkpt lat="48.8306570" lon="2.3209000">
    <ele>69.4</ele>
    <time>2024-05-03T15:45:12Z</time>
   </trkpt>
   <trkpt lat="48.8306570" lon="2.3209000">
    <ele>69.4</ele>
    <time>2024-05-03T15:45:13Z</time>
   </trkpt>
   <trkpt lat="48.8306570" lon="2.3209010">
    <ele>69.4</ele>
    <time>2024-05-03T15:45:14Z</time>
   </trkpt>
   <trkpt lat="48.8306570" lon="2.3209030">
    <ele>69.4</ele>
    <time>2024-05-03T15:45:16Z</time>
   </trkpt>
  </trkseg>
 </trk>
</gpx>
