<?xml version="1.0" encoding="UTF-8"?>
<gpx xmlns:xsi="http://www.w3.org/2001/XMLSchema-instance" xsi:schemaLocation="http://www.topografix.com/GPX/1/1 http://www.topografix.com/GPX/1/1/gpx.xsd" creator="StravaGPX" version="1.1" xmlns="http://www.topografix.com/GPX/1/1">
 <metadata>
  <time>2024-04-21T09:17:56Z</time>
 </metadata>
 <trk>
  <name>Fighting against weather... Hail, snow, rain... Feeling alive more than never</name>
  <type>cycling</type>
  <trkseg>
   <trkpt lat="48.1852370" lon="7.5664290">
    <ele>172.8</ele>
    <time>2024-04-21T09:17:56Z</time>
   </trkpt>
   <trkpt lat="48.1852370" lon="7.5664290">
    <ele>172.8</ele>
    <time>2024-04-21T09:17:57Z</time>
   </trkpt>
   <trkpt lat="48.1852370" lon="7.5664290">
    <ele>172.8</ele>
    <time>2024-04-21T09:17:58Z</time>
   </trkpt>
   <trkpt lat="48.1852370" lon="7.5664290">
    <ele>172.8</ele>
    <time>2024-04-21T09:17:59Z</time>
   </trkpt>
   <trkpt lat="48.1852390" lon="7.5664360">
    <ele>172.8</ele>
    <time>2024-04-21T09:18:00Z</time>
   </trkpt>
   <trkpt lat="48.1852330" lon="7.5664370">
    <ele>172.8</ele>
    <time>2024-04-21T09:18:01Z</time>
   </trkpt>
   <trkpt lat="48.1852200" lon="7.5664480">
    <ele>172.7</ele>
    <time>2024-04-21T09:18:02Z</time>
   </trkpt>
   <trkpt lat="48.1852080" lon="7.5664560">
    <ele>172.7</ele>
    <time>2024-04-21T09:18:03Z</time>
   </trkpt>
   <trkpt lat="48.1851900" lon="7.5664430">
    <ele>172.7</ele>
    <time>2024-04-21T09:18:04Z</time>
   </trkpt>
   <trkpt lat="48.1851530" lon="7.5664600">
    <ele>172.7</ele>
    <time>2024-04-21T09:18:06Z</time>
   </trkpt>
   <trkpt lat="48.1851190" lon="7.5664520">
    <ele>172.7</ele>
    <time>2024-04-21T09:18:07Z</time>
   </trkpt>
   <trkpt lat="48.1851080" lon="7.5664490">
    <ele>172.7</ele>
    <time>2024-04-21T09:18:08Z</time>
   </trkpt>
   <trkpt lat="48.1850740" lon="7.5664350">
    <ele>172.7</ele>
    <time>2024-04-21T09:18:09Z</time>
   </trkpt>
   <trkpt lat="48.1850610" lon="7.5664310">
    <ele>172.7</ele>
    <time>2024-04-21T09:18:10Z</time>
   </trkpt>
   <trkpt lat="48.1850260" lon="7.5664270">
    <ele>172.7</ele>
    <time>2024-04-21T09:18:11Z</time>
   </trkpt>
   <trkpt lat="48.1850150" lon="7.5664280">
    <ele>172.7</ele>
    <time>2024-04-21T09:18:12Z</time>
   </trkpt>
   <trkpt lat="48.1849790" lon="7.5664430">
    <ele>172.7</ele>
    <time>2024-04-21T09:18:13Z</time>
   </trkpt>
   <trkpt lat="48.1849670" lon="7.5664510">
    <ele>172.7</ele>
    <time>2024-04-21T09:18:14Z</time>
   </trkpt>
   <trkpt lat="48.1849410" lon="7.5664880">
    <ele>172.6</ele>
    <time>2024-04-21T09:18:15Z</time>
   </trkpt>
   <trkpt lat="48.1849340" lon="7.5665000">
    <ele>172.6</ele>
    <time>2024-04-21T09:18:16Z</time>
   </trkpt>
   <trkpt lat="48.1849280" lon="7.5665460">
    <ele>172.6</ele>
    <time>2024-04-21T09:18:17Z</time>
   </trkpt>
   <trkpt lat="48.1849320" lon="7.5665630">
    <ele>172.6</ele>
    <time>2024-04-21T09:18:18Z</time>
   </trkpt>
   <trkpt lat="48.1849700" lon="7.5665660">
    <ele>172.6</ele>
    <time>2024-04-21T09:18:19Z</time>
   </trkpt>
   <trkpt lat="48.1849820" lon="7.5665570">
    <ele>172.6</ele>
    <time>2024-04-21T09:18:20Z</time>
   </trkpt>
   <trkpt lat="48.1850040" lon="7.5665310">
    <ele>172.6</ele>
    <time>2024-04-21T09:18:21Z</time>
   </trkpt>
   <trkpt lat="48.1850270" lon="7.5665010">
    <ele>172.7</ele>
    <time>2024-04-21T09:18:22Z</time>
   </trkpt>
   <trkpt lat="48.1850520" lon="7.5664710">
    <ele>172.7</ele>
    <time>2024-04-21T09:18:23Z</time>
   </trkpt>
   <trkpt lat="48.1850730" lon="7.5664430">
    <ele>172.7</ele>
    <time>2024-04-21T09:18:24Z</time>
   </trkpt>
   <trkpt lat="48.1850930" lon="7.5664130">
    <ele>172.7</ele>
    <time>2024-04-21T09:18:25Z</time>
   </trkpt>
   <trkpt lat="48.1851140" lon="7.5663810">
    <ele>172.7</ele>
    <time>2024-04-21T09:18:26Z</time>
   </trkpt>
   <trkpt lat="48.1851410" lon="7.5663360">
    <ele>172.8</ele>
    <time>2024-04-21T09:18:27Z</time>
   </trkpt>
   <trkpt lat="48.1851500" lon="7.5663210">
    <ele>172.8</ele>
    <time>2024-04-21T09:18:28Z</time>
   </trkpt>
   <trkpt lat="48.1851710" lon="7.5662800">
    <ele>172.8</ele>
    <time>2024-04-21T09:18:29Z</time>
   </trkpt>
   <trkpt lat="48.1851960" lon="7.5662350">
    <ele>172.8</ele>
    <time>2024-04-21T09:18:30Z</time>
   </trkpt>
   <trkpt lat="48.1852240" lon="7.5661910">
    <ele>172.8</ele>
    <time>2024-04-21T09:18:31Z</time>
   </trkpt>
   <trkpt lat="48.1852520" lon="7.5661440">
    <ele>172.9</ele>
    <time>2024-04-21T09:18:32Z</time>
   </trkpt>
   <trkpt lat="48.1852830" lon="7.5660890">
    <ele>172.9</ele>
    <time>2024-04-21T09:18:33Z</time>
   </trkpt>
   <trkpt lat="48.1853140" lon="7.5660360">
    <ele>172.9</ele>
    <time>2024-04-21T09:18:34Z</time>
   </trkpt>
   <trkpt lat="48.1853410" lon="7.5659780">
    <ele>172.9</ele>
    <time>2024-04-21T09:18:35Z</time>
   </trkpt>
   <trkpt lat="48.1853690" lon="7.5659160">
    <ele>172.9</ele>
    <time>2024-04-21T09:18:36Z</time>
   </trkpt>
   <trkpt lat="48.1854010" lon="7.5658560">
    <ele>172.9</ele>
    <time>2024-04-21T09:18:37Z</time>
   </trkpt>
   <trkpt lat="48.1854350" lon="7.5657970">
    <ele>172.9</ele>
    <time>2024-04-21T09:18:38Z</time>
   </trkpt>
   <trkpt lat="48.1854700" lon="7.5657340">
    <ele>172.9</ele>
    <time>2024-04-21T09:18:39Z</time>
   </trkpt>
   <trkpt lat="48.1855020" lon="7.5656640">
    <ele>172.9</ele>
    <time>2024-04-21T09:18:40Z</time>
   </trkpt>
   <trkpt lat="48.1855390" lon="7.5655940">
    <ele>172.9</ele>
    <time>2024-04-21T09:18:41Z</time>
   </trkpt>
   <trkpt lat="48.1855760" lon="7.5655240">
    <ele>172.9</ele>
    <time>2024-04-21T09:18:42Z</time>
   </trkpt>
   <trkpt lat="48.1856130" lon="7.5654550">
    <ele>172.9</ele>
    <time>2024-04-21T09:18:43Z</time>
   </trkpt>
   <trkpt lat="48.1856510" lon="7.5653840">
    <ele>172.9</ele>
    <time>2024-04-21T09:18:44Z</time>
   </trkpt>
   <trkpt lat="48.1856900" lon="7.5653090">
    <ele>172.9</ele>
    <time>2024-04-21T09:18:45Z</time>
   </trkpt>
   <trkpt lat="48.1857240" lon="7.5652270">
    <ele>172.9</ele>
    <time>2024-04-21T09:18:46Z</time>
   </trkpt>
   <trkpt lat="48.1857560" lon="7.5651430">
    <ele>172.8</ele>
    <time>2024-04-21T09:18:47Z</time>
   </trkpt>
   <trkpt lat="48.1857820" lon="7.5650470">
    <ele>172.8</ele>
    <time>2024-04-21T09:18:48Z</time>
   </trkpt>
   <trkpt lat="48.1858090" lon="7.5649510">
    <ele>172.8</ele>
    <time>2024-04-21T09:18:49Z</time>
   </trkpt>
   <trkpt lat="48.1858360" lon="7.5648550">
    <ele>172.8</ele>
    <time>2024-04-21T09:18:50Z</time>
   </trkpt>
   <trkpt lat="48.1858530" lon="7.5647560">
    <ele>172.8</ele>
    <time>2024-04-21T09:18:51Z</time>
   </trkpt>
   <trkpt lat="48.1858740" lon="7.5646550">
    <ele>172.9</ele>
    <time>2024-04-21T09:18:52Z</time>
   </trkpt>
   <trkpt lat="48.1858930" lon="7.5645570">
    <ele>172.9</ele>
    <time>2024-04-21T09:18:53Z</time>
   </trkpt>
   <trkpt lat="48.1859130" lon="7.5644580">
    <ele>172.9</ele>
    <time>2024-04-21T09:18:54Z</time>
   </trkpt>
   <trkpt lat="48.1859280" lon="7.5643590">
    <ele>172.9</ele>
    <time>2024-04-21T09:18:55Z</time>
   </trkpt>
   <trkpt lat="48.1859490" lon="7.5642600">
    <ele>172.9</ele>
    <time>2024-04-21T09:18:56Z</time>
   </trkpt>
   <trkpt lat="48.1859730" lon="7.5641620">
    <ele>173.0</ele>
    <time>2024-04-21T09:18:57Z</time>
   </trkpt>
   <trkpt lat="48.1859980" lon="7.5640640">
    <ele>173.0</ele>
    <time>2024-04-21T09:18:58Z</time>
   </trkpt>
   <trkpt lat="48.1860240" lon="7.5639660">
    <ele>173.0</ele>
    <time>2024-04-21T09:18:59Z</time>
   </trkpt>
   <trkpt lat="48.1860500" lon="7.5638660">
    <ele>173.0</ele>
    <time>2024-04-21T09:19:00Z</time>
   </trkpt>
   <trkpt lat="48.1860750" lon="7.5637680">
    <ele>173.1</ele>
    <time>2024-04-21T09:19:01Z</time>
   </trkpt>
   <trkpt lat="48.1861020" lon="7.5636720">
    <ele>173.1</ele>
    <time>2024-04-21T09:19:02Z</time>
   </trkpt>
   <trkpt lat="48.1861270" lon="7.5635760">
    <ele>173.1</ele>
    <time>2024-04-21T09:19:03Z</time>
   </trkpt>
   <trkpt lat="48.1861550" lon="7.5634790">
    <ele>173.2</ele>
    <time>2024-04-21T09:19:04Z</time>
   </trkpt>
   <trkpt lat="48.1861860" lon="7.5633830">
    <ele>173.2</ele>
    <time>2024-04-21T09:19:05Z</time>
   </trkpt>
   <trkpt lat="48.1862100" lon="7.5632850">
    <ele>173.2</ele>
    <time>2024-04-21T09:19:06Z</time>
   </trkpt>
   <trkpt lat="48.1862320" lon="7.5631840">
    <ele>173.2</ele>
    <time>2024-04-21T09:19:07Z</time>
   </trkpt>
   <trkpt lat="48.1862580" lon="7.5630820">
    <ele>173.2</ele>
    <time>2024-04-21T09:19:08Z</time>
   </trkpt>
   <trkpt lat="48.1862860" lon="7.5629830">
    <ele>173.3</ele>
    <time>2024-04-21T09:19:09Z</time>
   </trkpt>
   <trkpt lat="48.1863160" lon="7.5628860">
    <ele>173.3</ele>
    <time>2024-04-21T09:19:10Z</time>
   </trkpt>
   <trkpt lat="48.1863480" lon="7.5627890">
    <ele>173.2</ele>
    <time>2024-04-21T09:19:11Z</time>
   </trkpt>
   <trkpt lat="48.1863820" lon="7.5626910">
    <ele>173.2</ele>
    <time>2024-04-21T09:19:12Z</time>
   </trkpt>
   <trkpt lat="48.1864170" lon="7.5625940">
    <ele>173.2</ele>
    <time>2024-04-21T09:19:13Z</time>
   </trkpt>
   <trkpt lat="48.1864530" lon="7.5624960">
    <ele>173.2</ele>
    <time>2024-04-21T09:19:14Z</time>
   </trkpt>
   <trkpt lat="48.1864910" lon="7.5624030">
    <ele>173.2</ele>
    <time>2024-04-21T09:19:15Z</time>
   </trkpt>
   <trkpt lat="48.1865300" lon="7.5623110">
    <ele>173.2</ele>
    <time>2024-04-21T09:19:16Z</time>
   </trkpt>
   <trkpt lat="48.1865680" lon="7.5622210">
    <ele>173.3</ele>
    <time>2024-04-21T09:19:17Z</time>
   </trkpt>
   <trkpt lat="48.1866070" lon="7.5621350">
    <ele>173.3</ele>
    <time>2024-04-21T09:19:18Z</time>
   </trkpt>
   <trkpt lat="48.1866500" lon="7.5620520">
    <ele>173.3</ele>
    <time>2024-04-21T09:19:19Z</time>
   </trkpt>
   <trkpt lat="48.1866890" lon="7.5619650">
    <ele>173.3</ele>
    <time>2024-04-21T09:19:20Z</time>
   </trkpt>
   <trkpt lat="48.1867240" lon="7.5618770">
    <ele>173.4</ele>
    <time>2024-04-21T09:19:21Z</time>
   </trkpt>
   <trkpt lat="48.1867560" lon="7.5618000">
    <ele>173.4</ele>
    <time>2024-04-21T09:19:22Z</time>
   </trkpt>
   <trkpt lat="48.1867870" lon="7.5617450">
    <ele>173.5</ele>
    <time>2024-04-21T09:19:23Z</time>
   </trkpt>
   <trkpt lat="48.1868250" lon="7.5617150">
    <ele>173.5</ele>
    <time>2024-04-21T09:19:24Z</time>
   </trkpt>
   <trkpt lat="48.1868690" lon="7.5617230">
    <ele>173.5</ele>
    <time>2024-04-21T09:19:25Z</time>
   </trkpt>
   <trkpt lat="48.1869150" lon="7.5617360">
    <ele>173.4</ele>
    <time>2024-04-21T09:19:26Z</time>
   </trkpt>
   <trkpt lat="48.1869630" lon="7.5617400">
    <ele>173.4</ele>
    <time>2024-04-21T09:19:27Z</time>
   </trkpt>
   <trkpt lat="48.1870120" lon="7.5617240">
    <ele>173.3</ele>
    <time>2024-04-21T09:19:28Z</time>
   </trkpt>
   <trkpt lat="48.1870580" lon="7.5616810">
    <ele>173.3</ele>
    <time>2024-04-21T09:19:29Z</time>
   </trkpt>
   <trkpt lat="48.1870920" lon="7.5616090">
    <ele>173.1</ele>
    <time>2024-04-21T09:19:30Z</time>
   </trkpt>
   <trkpt lat="48.1871020" lon="7.5615170">
    <ele>173.0</ele>
    <time>2024-04-21T09:19:31Z</time>
   </trkpt>
   <trkpt lat="48.1870870" lon="7.5614240">
    <ele>172.8</ele>
    <time>2024-04-21T09:19:32Z</time>
   </trkpt>
   <trkpt lat="48.1870690" lon="7.5613280">
    <ele>172.7</ele>
    <time>2024-04-21T09:19:33Z</time>
   </trkpt>
   <trkpt lat="48.1870740" lon="7.5612250">
    <ele>172.6</ele>
    <time>2024-04-21T09:19:34Z</time>
   </trkpt>
   <trkpt lat="48.1870980" lon="7.5611230">
    <ele>172.6</ele>
    <time>2024-04-21T09:19:35Z</time>
   </trkpt>
   <trkpt lat="48.1871370" lon="7.5610330">
    <ele>172.6</ele>
    <time>2024-04-21T09:19:36Z</time>
   </trkpt>
   <trkpt lat="48.1871810" lon="7.5609510">
    <ele>172.5</ele>
    <time>2024-04-21T09:19:37Z</time>
   </trkpt>
   <trkpt lat="48.1872250" lon="7.5608710">
    <ele>172.5</ele>
    <time>2024-04-21T09:19:38Z</time>
   </trkpt>
   <trkpt lat="48.1872670" lon="7.5607890">
    <ele>172.5</ele>
    <time>2024-04-21T09:19:39Z</time>
   </trkpt>
   <trkpt lat="48.1873090" lon="7.5607040">
    <ele>172.5</ele>
    <time>2024-04-21T09:19:40Z</time>
   </trkpt>
   <trkpt lat="48.1873490" lon="7.5606190">
    <ele>172.6</ele>
    <time>2024-04-21T09:19:41Z</time>
   </trkpt>
   <trkpt lat="48.1873890" lon="7.5605350">
    <ele>172.6</ele>
    <time>2024-04-21T09:19:42Z</time>
   </trkpt>
   <trkpt lat="48.1874300" lon="7.5604530">
    <ele>172.7</ele>
    <time>2024-04-21T09:19:43Z</time>
   </trkpt>
   <trkpt lat="48.1874700" lon="7.5603710">
    <ele>172.8</ele>
    <time>2024-04-21T09:19:44Z</time>
   </trkpt>
   <trkpt lat="48.1875100" lon="7.5602900">
    <ele>172.8</ele>
    <time>2024-04-21T09:19:45Z</time>
   </trkpt>
   <trkpt lat="48.1875510" lon="7.5602130">
    <ele>172.9</ele>
    <time>2024-04-21T09:19:46Z</time>
   </trkpt>
   <trkpt lat="48.1875880" lon="7.5601310">
    <ele>172.9</ele>
    <time>2024-04-21T09:19:47Z</time>
   </trkpt>
   <trkpt lat="48.1876260" lon="7.5600510">
    <ele>172.9</ele>
    <time>2024-04-21T09:19:48Z</time>
   </trkpt>
   <trkpt lat="48.1876680" lon="7.5599740">
    <ele>172.9</ele>
    <time>2024-04-21T09:19:49Z</time>
   </trkpt>
   <trkpt lat="48.1877070" lon="7.5598920">
    <ele>172.9</ele>
    <time>2024-04-21T09:19:50Z</time>
   </trkpt>
   <trkpt lat="48.1877490" lon="7.5598110">
    <ele>172.9</ele>
    <time>2024-04-21T09:19:51Z</time>
   </trkpt>
   <trkpt lat="48.1877850" lon="7.5597290">
    <ele>172.9</ele>
    <time>2024-04-21T09:19:52Z</time>
   </trkpt>
   <trkpt lat="48.1878240" lon="7.5596490">
    <ele>172.9</ele>
    <time>2024-04-21T09:19:53Z</time>
   </trkpt>
   <trkpt lat="48.1878640" lon="7.5595690">
    <ele>172.9</ele>
    <time>2024-04-21T09:19:54Z</time>
   </trkpt>
   <trkpt lat="48.1879010" lon="7.5594880">
    <ele>173.0</ele>
    <time>2024-04-21T09:19:55Z</time>
   </trkpt>
   <trkpt lat="48.1879400" lon="7.5594090">
    <ele>173.0</ele>
    <time>2024-04-21T09:19:56Z</time>
   </trkpt>
   <trkpt lat="48.1879760" lon="7.5593290">
    <ele>173.0</ele>
    <time>2024-04-21T09:19:57Z</time>
   </trkpt>
   <trkpt lat="48.1880130" lon="7.5592560">
    <ele>173.1</ele>
    <time>2024-04-21T09:19:58Z</time>
   </trkpt>
   <trkpt lat="48.1880520" lon="7.5591860">
    <ele>173.1</ele>
    <time>2024-04-21T09:19:59Z</time>
   </trkpt>
   <trkpt lat="48.1880870" lon="7.5591180">
    <ele>173.1</ele>
    <time>2024-04-21T09:20:00Z</time>
   </trkpt>
   <trkpt lat="48.1881200" lon="7.5590550">
    <ele>173.1</ele>
    <time>2024-04-21T09:20:01Z</time>
   </trkpt>
   <trkpt lat="48.1881410" lon="7.5590000">
    <ele>173.1</ele>
    <time>2024-04-21T09:20:02Z</time>
   </trkpt>
   <trkpt lat="48.1881360" lon="7.5589460">
    <ele>173.1</ele>
    <time>2024-04-21T09:20:03Z</time>
   </trkpt>
   <trkpt lat="48.1881090" lon="7.5589050">
    <ele>173.1</ele>
    <time>2024-04-21T09:20:04Z</time>
   </trkpt>
   <trkpt lat="48.1880810" lon="7.5588810">
    <ele>173.1</ele>
    <time>2024-04-21T09:20:05Z</time>
   </trkpt>
   <trkpt lat="48.1880540" lon="7.5588630">
    <ele>173.1</ele>
    <time>2024-04-21T09:20:06Z</time>
   </trkpt>
   <trkpt lat="48.1880250" lon="7.5588470">
    <ele>173.1</ele>
    <time>2024-04-21T09:20:07Z</time>
   </trkpt>
   <trkpt lat="48.1879940" lon="7.5588330">
    <ele>173.1</ele>
    <time>2024-04-21T09:20:08Z</time>
   </trkpt>
   <trkpt lat="48.1879600" lon="7.5588150">
    <ele>173.1</ele>
    <time>2024-04-21T09:20:09Z</time>
   </trkpt>
   <trkpt lat="48.1879230" lon="7.5587920">
    <ele>173.1</ele>
    <time>2024-04-21T09:20:10Z</time>
   </trkpt>
   <trkpt lat="48.1878890" lon="7.5587720">
    <ele>173.1</ele>
    <time>2024-04-21T09:20:11Z</time>
   </trkpt>
   <trkpt lat="48.1878560" lon="7.5587450">
    <ele>173.1</ele>
    <time>2024-04-21T09:20:12Z</time>
   </trkpt>
   <trkpt lat="48.1878220" lon="7.5587190">
    <ele>173.1</ele>
    <time>2024-04-21T09:20:13Z</time>
   </trkpt>
   <trkpt lat="48.1877850" lon="7.5586980">
    <ele>173.1</ele>
    <time>2024-04-21T09:20:14Z</time>
   </trkpt>
   <trkpt lat="48.1877470" lon="7.5586750">
    <ele>173.0</ele>
    <time>2024-04-21T09:20:15Z</time>
   </trkpt>
   <trkpt lat="48.1877080" lon="7.5586500">
    <ele>173.0</ele>
    <time>2024-04-21T09:20:16Z</time>
   </trkpt>
   <trkpt lat="48.1876650" lon="7.5586270">
    <ele>173.0</ele>
    <time>2024-04-21T09:20:17Z</time>
   </trkpt>
   <trkpt lat="48.1876180" lon="7.5586110">
    <ele>173.0</ele>
    <time>2024-04-21T09:20:18Z</time>
   </trkpt>
   <trkpt lat="48.1875750" lon="7.5585890">
    <ele>173.0</ele>
    <time>2024-04-21T09:20:19Z</time>
   </trkpt>
   <trkpt lat="48.1875360" lon="7.5585680">
    <ele>173.0</ele>
    <time>2024-04-21T09:20:20Z</time>
   </trkpt>
   <trkpt lat="48.1875000" lon="7.5585530">
    <ele>173.0</ele>
    <time>2024-04-21T09:20:21Z</time>
   </trkpt>
   <trkpt lat="48.1874680" lon="7.5585370">
    <ele>173.0</ele>
    <time>2024-04-21T09:20:22Z</time>
   </trkpt>
   <trkpt lat="48.1874400" lon="7.5585210">
    <ele>173.0</ele>
    <time>2024-04-21T09:20:23Z</time>
   </trkpt>
   <trkpt lat="48.1874130" lon="7.5585050">
    <ele>173.0</ele>
    <time>2024-04-21T09:20:24Z</time>
   </trkpt>
   <trkpt lat="48.1873860" lon="7.5584960">
    <ele>173.0</ele>
    <time>2024-04-21T09:20:25Z</time>
   </trkpt>
   <trkpt lat="48.1873570" lon="7.5584840">
    <ele>173.0</ele>
    <time>2024-04-21T09:20:26Z</time>
   </trkpt>
   <trkpt lat="48.1873240" lon="7.5584680">
    <ele>173.0</ele>
    <time>2024-04-21T09:20:27Z</time>
   </trkpt>
   <trkpt lat="48.1872880" lon="7.5584510">
    <ele>173.0</ele>
    <time>2024-04-21T09:20:28Z</time>
   </trkpt>
   <trkpt lat="48.1872560" lon="7.5584390">
    <ele>173.0</ele>
    <time>2024-04-21T09:20:29Z</time>
   </trkpt>
   <trkpt lat="48.1872260" lon="7.5584250">
    <ele>172.9</ele>
    <time>2024-04-21T09:20:30Z</time>
   </trkpt>
   <trkpt lat="48.1871910" lon="7.5584090">
    <ele>172.9</ele>
    <time>2024-04-21T09:20:31Z</time>
   </trkpt>
   <trkpt lat="48.1871520" lon="7.5583910">
    <ele>172.9</ele>
    <time>2024-04-21T09:20:32Z</time>
   </trkpt>
   <trkpt lat="48.1871120" lon="7.5583750">
    <ele>172.9</ele>
    <time>2024-04-21T09:20:33Z</time>
   </trkpt>
   <trkpt lat="48.1870750" lon="7.5583590">
    <ele>172.9</ele>
    <time>2024-04-21T09:20:34Z</time>
   </trkpt>
   <trkpt lat="48.1870380" lon="7.5583420">
    <ele>172.9</ele>
    <time>2024-04-21T09:20:35Z</time>
   </trkpt>
   <trkpt lat="48.1870000" lon="7.5583260">
    <ele>172.9</ele>
    <time>2024-04-21T09:20:36Z</time>
   </trkpt>
   <trkpt lat="48.1869640" lon="7.5583110">
    <ele>172.9</ele>
    <time>2024-04-21T09:20:37Z</time>
   </trkpt>
   <trkpt lat="48.1869280" lon="7.5582970">
    <ele>172.9</ele>
    <time>2024-04-21T09:20:38Z</time>
   </trkpt>
   <trkpt lat="48.1868890" lon="7.5582810">
    <ele>172.9</ele>
    <time>2024-04-21T09:20:39Z</time>
   </trkpt>
   <trkpt lat="48.1868510" lon="7.5582660">
    <ele>172.9</ele>
    <time>2024-04-21T09:20:40Z</time>
   </trkpt>
   <trkpt lat="48.1868110" lon="7.5582510">
    <ele>172.9</ele>
    <time>2024-04-21T09:20:41Z</time>
   </trkpt>
   <trkpt lat="48.1867690" lon="7.5582340">
    <ele>172.9</ele>
    <time>2024-04-21T09:20:42Z</time>
   </trkpt>
   <trkpt lat="48.1867290" lon="7.5582170">
    <ele>172.9</ele>
    <time>2024-04-21T09:20:43Z</time>
   </trkpt>
   <trkpt lat="48.1866890" lon="7.5582000">
    <ele>172.8</ele>
    <time>2024-04-21T09:20:44Z</time>
   </trkpt>
   <trkpt lat="48.1866480" lon="7.5581830">
    <ele>172.8</ele>
    <time>2024-04-21T09:20:45Z</time>
   </trkpt>
   <trkpt lat="48.1866070" lon="7.5581660">
    <ele>172.8</ele>
    <time>2024-04-21T09:20:46Z</time>
   </trkpt>
   <trkpt lat="48.1865680" lon="7.5581500">
    <ele>172.8</ele>
    <time>2024-04-21T09:20:47Z</time>
   </trkpt>
   <trkpt lat="48.1865300" lon="7.5581360">
    <ele>172.8</ele>
    <time>2024-04-21T09:20:48Z</time>
   </trkpt>
   <trkpt lat="48.1864920" lon="7.5581200">
    <ele>172.8</ele>
    <time>2024-04-21T09:20:49Z</time>
   </trkpt>
   <trkpt lat="48.1864540" lon="7.5581030">
    <ele>172.8</ele>
    <time>2024-04-21T09:20:50Z</time>
   </trkpt>
   <trkpt lat="48.1864160" lon="7.5580860">
    <ele>172.8</ele>
    <time>2024-04-21T09:20:51Z</time>
   </trkpt>
   <trkpt lat="48.1863750" lon="7.5580700">
    <ele>172.8</ele>
    <time>2024-04-21T09:20:52Z</time>
   </trkpt>
   <trkpt lat="48.1863300" lon="7.5580510">
    <ele>172.8</ele>
    <time>2024-04-21T09:20:53Z</time>
   </trkpt>
   <trkpt lat="48.1862830" lon="7.5580320">
    <ele>172.8</ele>
    <time>2024-04-21T09:20:54Z</time>
   </trkpt>
   <trkpt lat="48.1862370" lon="7.5580120">
    <ele>172.8</ele>
    <time>2024-04-21T09:20:55Z</time>
   </trkpt>
   <trkpt lat="48.1861930" lon="7.5579940">
    <ele>172.8</ele>
    <time>2024-04-21T09:20:56Z</time>
   </trkpt>
   <trkpt lat="48.1861490" lon="7.5579740">
    <ele>172.7</ele>
    <time>2024-04-21T09:20:57Z</time>
   </trkpt>
   <trkpt lat="48.1861070" lon="7.5579530">
    <ele>172.7</ele>
    <time>2024-04-21T09:20:58Z</time>
   </trkpt>
   <trkpt lat="48.1860630" lon="7.5579310">
    <ele>172.7</ele>
    <time>2024-04-21T09:20:59Z</time>
   </trkpt>
   <trkpt lat="48.1860200" lon="7.5579070">
    <ele>172.7</ele>
    <time>2024-04-21T09:21:00Z</time>
   </trkpt>
   <trkpt lat="48.1859760" lon="7.5578840">
    <ele>172.7</ele>
    <time>2024-04-21T09:21:01Z</time>
   </trkpt>
   <trkpt lat="48.1859340" lon="7.5578640">
    <ele>172.7</ele>
    <time>2024-04-21T09:21:02Z</time>
   </trkpt>
   <trkpt lat="48.1858980" lon="7.5578430">
    <ele>172.7</ele>
    <time>2024-04-21T09:21:03Z</time>
   </trkpt>
   <trkpt lat="48.1858630" lon="7.5578270">
    <ele>172.7</ele>
    <time>2024-04-21T09:21:04Z</time>
   </trkpt>
   <trkpt lat="48.1858280" lon="7.5578170">
    <ele>172.7</ele>
    <time>2024-04-21T09:21:05Z</time>
   </trkpt>
   <trkpt lat="48.1857970" lon="7.5578030">
    <ele>172.7</ele>
    <time>2024-04-21T09:21:06Z</time>
   </trkpt>
   <trkpt lat="48.1857660" lon="7.5577900">
    <ele>172.7</ele>
    <time>2024-04-21T09:21:07Z</time>
   </trkpt>
   <trkpt lat="48.1857340" lon="7.5577770">
    <ele>172.7</ele>
    <time>2024-04-21T09:21:08Z</time>
   </trkpt>
   <trkpt lat="48.1857050" lon="7.5577580">
    <ele>172.7</ele>
    <time>2024-04-21T09:21:09Z</time>
   </trkpt>
   <trkpt lat="48.1856790" lon="7.5577350">
    <ele>172.7</ele>
    <time>2024-04-21T09:21:10Z</time>
   </trkpt>
   <trkpt lat="48.1856520" lon="7.5577190">
    <ele>172.7</ele>
    <time>2024-04-21T09:21:11Z</time>
   </trkpt>
   <trkpt lat="48.1856200" lon="7.5577060">
    <ele>172.7</ele>
    <time>2024-04-21T09:21:12Z</time>
   </trkpt>
   <trkpt lat="48.1855860" lon="7.5576890">
    <ele>172.6</ele>
    <time>2024-04-21T09:21:13Z</time>
   </trkpt>
   <trkpt lat="48.1855520" lon="7.5576710">
    <ele>172.6</ele>
    <time>2024-04-21T09:21:14Z</time>
   </trkpt>
   <trkpt lat="48.1855170" lon="7.5576530">
    <ele>172.6</ele>
    <time>2024-04-21T09:21:15Z</time>
   </trkpt>
   <trkpt lat="48.1854830" lon="7.5576350">
    <ele>172.6</ele>
    <time>2024-04-21T09:21:16Z</time>
   </trkpt>
   <trkpt lat="48.1854480" lon="7.5576150">
    <ele>172.6</ele>
    <time>2024-04-21T09:21:17Z</time>
   </trkpt>
   <trkpt lat="48.1854110" lon="7.5575920">
    <ele>172.6</ele>
    <time>2024-04-21T09:21:18Z</time>
   </trkpt>
   <trkpt lat="48.1853740" lon="7.5575700">
    <ele>172.6</ele>
    <time>2024-04-21T09:21:19Z</time>
   </trkpt>
   <trkpt lat="48.1853390" lon="7.5575490">
    <ele>172.6</ele>
    <time>2024-04-21T09:21:20Z</time>
   </trkpt>
   <trkpt lat="48.1853060" lon="7.5575310">
    <ele>172.6</ele>
    <time>2024-04-21T09:21:21Z</time>
   </trkpt>
   <trkpt lat="48.1852740" lon="7.5575150">
    <ele>172.6</ele>
    <time>2024-04-21T09:21:22Z</time>
   </trkpt>
   <trkpt lat="48.1852420" lon="7.5575000">
    <ele>172.6</ele>
    <time>2024-04-21T09:21:23Z</time>
   </trkpt>
   <trkpt lat="48.1852090" lon="7.5574850">
    <ele>172.6</ele>
    <time>2024-04-21T09:21:24Z</time>
   </trkpt>
   <trkpt lat="48.1851800" lon="7.5574700">
    <ele>172.6</ele>
    <time>2024-04-21T09:21:25Z</time>
   </trkpt>
   <trkpt lat="48.1851510" lon="7.5574560">
    <ele>172.6</ele>
    <time>2024-04-21T09:21:26Z</time>
   </trkpt>
   <trkpt lat="48.1851220" lon="7.5574400">
    <ele>172.6</ele>
    <time>2024-04-21T09:21:27Z</time>
   </trkpt>
   <trkpt lat="48.1850950" lon="7.5574260">
    <ele>172.6</ele>
    <time>2024-04-21T09:21:28Z</time>
   </trkpt>
   <trkpt lat="48.1850590" lon="7.5574090">
    <ele>172.5</ele>
    <time>2024-04-21T09:21:29Z</time>
   </trkpt>
   <trkpt lat="48.1850480" lon="7.5574010">
    <ele>172.5</ele>
    <time>2024-04-21T09:21:30Z</time>
   </trkpt>
   <trkpt lat="48.1850320" lon="7.5573670">
    <ele>172.5</ele>
    <time>2024-04-21T09:21:31Z</time>
   </trkpt>
   <trkpt lat="48.1850290" lon="7.5573090">
    <ele>172.5</ele>
    <time>2024-04-21T09:21:32Z</time>
   </trkpt>
   <trkpt lat="48.1850730" lon="7.5572410">
    <ele>172.5</ele>
    <time>2024-04-21T09:21:33Z</time>
   </trkpt>
   <trkpt lat="48.1851030" lon="7.5571720">
    <ele>172.5</ele>
    <time>2024-04-21T09:21:34Z</time>
   </trkpt>
   <trkpt lat="48.1851310" lon="7.5570980">
    <ele>172.5</ele>
    <time>2024-04-21T09:21:35Z</time>
   </trkpt>
   <trkpt lat="48.1851530" lon="7.5570170">
    <ele>172.4</ele>
    <time>2024-04-21T09:21:36Z</time>
   </trkpt>
   <trkpt lat="48.1851770" lon="7.5569290">
    <ele>172.4</ele>
    <time>2024-04-21T09:21:37Z</time>
   </trkpt>
   <trkpt lat="48.1852030" lon="7.5568390">
    <ele>172.4</ele>
    <time>2024-04-21T09:21:38Z</time>
   </trkpt>
   <trkpt lat="48.1852280" lon="7.5567480">
    <ele>172.4</ele>
    <time>2024-04-21T09:21:39Z</time>
   </trkpt>
   <trkpt lat="48.1852530" lon="7.5566590">
    <ele>172.4</ele>
    <time>2024-04-21T09:21:40Z</time>
   </trkpt>
   <trkpt lat="48.1852810" lon="7.5565680">
    <ele>172.4</ele>
    <time>2024-04-21T09:21:41Z</time>
   </trkpt>
   <trkpt lat="48.1853080" lon="7.5564750">
    <ele>172.4</ele>
    <time>2024-04-21T09:21:42Z</time>
   </trkpt>
   <trkpt lat="48.1853340" lon="7.5563800">
    <ele>172.4</ele>
    <time>2024-04-21T09:21:43Z</time>
   </trkpt>
   <trkpt lat="48.1853610" lon="7.5562860">
    <ele>172.5</ele>
    <time>2024-04-21T09:21:44Z</time>
   </trkpt>
   <trkpt lat="48.1853890" lon="7.5561930">
    <ele>172.5</ele>
    <time>2024-04-21T09:21:45Z</time>
   </trkpt>
   <trkpt lat="48.1854160" lon="7.5560960">
    <ele>172.5</ele>
    <time>2024-04-21T09:21:46Z</time>
   </trkpt>
   <trkpt lat="48.1854420" lon="7.5559980">
    <ele>172.5</ele>
    <time>2024-04-21T09:21:47Z</time>
   </trkpt>
   <trkpt lat="48.1854700" lon="7.5558990">
    <ele>172.5</ele>
    <time>2024-04-21T09:21:48Z</time>
   </trkpt>
   <trkpt lat="48.1854970" lon="7.5558000">
    <ele>172.5</ele>
    <time>2024-04-21T09:21:49Z</time>
   </trkpt>
   <trkpt lat="48.1855240" lon="7.5556970">
    <ele>172.5</ele>
    <time>2024-04-21T09:21:50Z</time>
   </trkpt>
   <trkpt lat="48.1855520" lon="7.5555900">
    <ele>172.5</ele>
    <time>2024-04-21T09:21:51Z</time>
   </trkpt>
   <trkpt lat="48.1855800" lon="7.5554840">
    <ele>172.5</ele>
    <time>2024-04-21T09:21:52Z</time>
   </trkpt>
   <trkpt lat="48.1856120" lon="7.5553810">
    <ele>172.5</ele>
    <time>2024-04-21T09:21:53Z</time>
   </trkpt>
   <trkpt lat="48.1856440" lon="7.5552780">
    <ele>172.6</ele>
    <time>2024-04-21T09:21:54Z</time>
   </trkpt>
   <trkpt lat="48.1856720" lon="7.5551710">
    <ele>172.6</ele>
    <time>2024-04-21T09:21:55Z</time>
   </trkpt>
   <trkpt lat="48.1857000" lon="7.5550650">
    <ele>172.5</ele>
    <time>2024-04-21T09:21:56Z</time>
   </trkpt>
   <trkpt lat="48.1857310" lon="7.5549590">
    <ele>172.5</ele>
    <time>2024-04-21T09:21:57Z</time>
   </trkpt>
   <trkpt lat="48.1857630" lon="7.5548520">
    <ele>172.5</ele>
    <time>2024-04-21T09:21:58Z</time>
   </trkpt>
   <trkpt lat="48.1857970" lon="7.5547430">
    <ele>172.5</ele>
    <time>2024-04-21T09:21:59Z</time>
   </trkpt>
   <trkpt lat="48.1858290" lon="7.5546360">
    <ele>172.5</ele>
    <time>2024-04-21T09:22:00Z</time>
   </trkpt>
   <trkpt lat="48.1858590" lon="7.5545270">
    <ele>172.5</ele>
    <time>2024-04-21T09:22:01Z</time>
   </trkpt>
   <trkpt lat="48.1858910" lon="7.5544190">
    <ele>172.5</ele>
    <time>2024-04-21T09:22:02Z</time>
   </trkpt>
   <trkpt lat="48.1859210" lon="7.5543130">
    <ele>172.5</ele>
    <time>2024-04-21T09:22:03Z</time>
   </trkpt>
   <trkpt lat="48.1859530" lon="7.5542060">
    <ele>172.5</ele>
    <time>2024-04-21T09:22:04Z</time>
   </trkpt>
   <trkpt lat="48.1859840" lon="7.5541000">
    <ele>172.5</ele>
    <time>2024-04-21T09:22:05Z</time>
   </trkpt>
   <trkpt lat="48.1860140" lon="7.5539910">
    <ele>172.5</ele>
    <time>2024-04-21T09:22:06Z</time>
   </trkpt>
   <trkpt lat="48.1860440" lon="7.5538820">
    <ele>172.6</ele>
    <time>2024-04-21T09:22:07Z</time>
   </trkpt>
   <trkpt lat="48.1860760" lon="7.5537740">
    <ele>172.6</ele>
    <time>2024-04-21T09:22:08Z</time>
   </trkpt>
   <trkpt lat="48.1861070" lon="7.5536670">
    <ele>172.6</ele>
    <time>2024-04-21T09:22:09Z</time>
   </trkpt>
   <trkpt lat="48.1861370" lon="7.5535540">
    <ele>172.6</ele>
    <time>2024-04-21T09:22:10Z</time>
   </trkpt>
   <trkpt lat="48.1861660" lon="7.5534440">
    <ele>172.6</ele>
    <time>2024-04-21T09:22:11Z</time>
   </trkpt>
   <trkpt lat="48.1861970" lon="7.5533370">
    <ele>172.5</ele>
    <time>2024-04-21T09:22:12Z</time>
   </trkpt>
   <trkpt lat="48.1862300" lon="7.5532260">
    <ele>172.5</ele>
    <time>2024-04-21T09:22:13Z</time>
   </trkpt>
   <trkpt lat="48.1862610" lon="7.5531130">
    <ele>172.5</ele>
    <time>2024-04-21T09:22:14Z</time>
   </trkpt>
   <trkpt lat="48.1862950" lon="7.5530030">
    <ele>172.5</ele>
    <time>2024-04-21T09:22:15Z</time>
   </trkpt>
   <trkpt lat="48.1863260" lon="7.5528910">
    <ele>172.5</ele>
    <time>2024-04-21T09:22:16Z</time>
   </trkpt>
   <trkpt lat="48.1863580" lon="7.5527790">
    <ele>172.6</ele>
    <time>2024-04-21T09:22:17Z</time>
   </trkpt>
   <trkpt lat="48.1863880" lon="7.5526670">
    <ele>172.6</ele>
    <time>2024-04-21T09:22:18Z</time>
   </trkpt>
   <trkpt lat="48.1864220" lon="7.5525560">
    <ele>172.6</ele>
    <time>2024-04-21T09:22:19Z</time>
   </trkpt>
   <trkpt lat="48.1864540" lon="7.5524460">
    <ele>172.7</ele>
    <time>2024-04-21T09:22:20Z</time>
   </trkpt>
   <trkpt lat="48.1864860" lon="7.5523390">
    <ele>172.7</ele>
    <time>2024-04-21T09:22:21Z</time>
   </trkpt>
   <trkpt lat="48.1865170" lon="7.5522310">
    <ele>172.8</ele>
    <time>2024-04-21T09:22:22Z</time>
   </trkpt>
   <trkpt lat="48.1865470" lon="7.5521230">
    <ele>172.8</ele>
    <time>2024-04-21T09:22:23Z</time>
   </trkpt>
   <trkpt lat="48.1865790" lon="7.5520130">
    <ele>172.8</ele>
    <time>2024-04-21T09:22:24Z</time>
   </trkpt>
   <trkpt lat="48.1866090" lon="7.5519050">
    <ele>172.8</ele>
    <time>2024-04-21T09:22:25Z</time>
   </trkpt>
   <trkpt lat="48.1866380" lon="7.5517980">
    <ele>172.9</ele>
    <time>2024-04-21T09:22:26Z</time>
   </trkpt>
   <trkpt lat="48.1866680" lon="7.5516900">
    <ele>172.9</ele>
    <time>2024-04-21T09:22:27Z</time>
   </trkpt>
   <trkpt lat="48.1867000" lon="7.5515850">
    <ele>172.9</ele>
    <time>2024-04-21T09:22:28Z</time>
   </trkpt>
   <trkpt lat="48.1867300" lon="7.5514790">
    <ele>172.9</ele>
    <time>2024-04-21T09:22:29Z</time>
   </trkpt>
   <trkpt lat="48.1867610" lon="7.5513740">
    <ele>172.9</ele>
    <time>2024-04-21T09:22:30Z</time>
   </trkpt>
   <trkpt lat="48.1867930" lon="7.5512690">
    <ele>172.9</ele>
    <time>2024-04-21T09:22:31Z</time>
   </trkpt>
   <trkpt lat="48.1868250" lon="7.5511670">
    <ele>172.9</ele>
    <time>2024-04-21T09:22:32Z</time>
   </trkpt>
   <trkpt lat="48.1868530" lon="7.5510650">
    <ele>172.9</ele>
    <time>2024-04-21T09:22:33Z</time>
   </trkpt>
   <trkpt lat="48.1868800" lon="7.5509620">
    <ele>172.9</ele>
    <time>2024-04-21T09:22:34Z</time>
   </trkpt>
   <trkpt lat="48.1869090" lon="7.5508620">
    <ele>172.9</ele>
    <time>2024-04-21T09:22:35Z</time>
   </trkpt>
   <trkpt lat="48.1869390" lon="7.5507650">
    <ele>172.9</ele>
    <time>2024-04-21T09:22:36Z</time>
   </trkpt>
   <trkpt lat="48.1869660" lon="7.5506690">
    <ele>173.0</ele>
    <time>2024-04-21T09:22:37Z</time>
   </trkpt>
   <trkpt lat="48.1869930" lon="7.5505680">
    <ele>173.1</ele>
    <time>2024-04-21T09:22:38Z</time>
   </trkpt>
   <trkpt lat="48.1870240" lon="7.5504680">
    <ele>173.3</ele>
    <time>2024-04-21T09:22:39Z</time>
   </trkpt>
   <trkpt lat="48.1870530" lon="7.5503740">
    <ele>173.5</ele>
    <time>2024-04-21T09:22:40Z</time>
   </trkpt>
   <trkpt lat="48.1870790" lon="7.5502820">
    <ele>173.8</ele>
    <time>2024-04-21T09:22:41Z</time>
   </trkpt>
   <trkpt lat="48.1871050" lon="7.5501990">
    <ele>174.1</ele>
    <time>2024-04-21T09:22:42Z</time>
   </trkpt>
   <trkpt lat="48.1871270" lon="7.5501220">
    <ele>174.3</ele>
    <time>2024-04-21T09:22:43Z</time>
   </trkpt>
   <trkpt lat="48.1871470" lon="7.5500490">
    <ele>174.5</ele>
    <time>2024-04-21T09:22:44Z</time>
   </trkpt>
   <trkpt lat="48.1871700" lon="7.5499770">
    <ele>174.8</ele>
    <time>2024-04-21T09:22:45Z</time>
   </trkpt>
   <trkpt lat="48.1871920" lon="7.5499050">
    <ele>175.0</ele>
    <time>2024-04-21T09:22:46Z</time>
   </trkpt>
   <trkpt lat="48.1872140" lon="7.5498350">
    <ele>175.2</ele>
    <time>2024-04-21T09:22:47Z</time>
   </trkpt>
   <trkpt lat="48.1872340" lon="7.5497630">
    <ele>175.5</ele>
    <time>2024-04-21T09:22:48Z</time>
   </trkpt>
   <trkpt lat="48.1872540" lon="7.5496910">
    <ele>175.8</ele>
    <time>2024-04-21T09:22:49Z</time>
   </trkpt>
   <trkpt lat="48.1872730" lon="7.5496180">
    <ele>176.0</ele>
    <time>2024-04-21T09:22:50Z</time>
   </trkpt>
   <trkpt lat="48.1872890" lon="7.5495480">
    <ele>176.3</ele>
    <time>2024-04-21T09:22:51Z</time>
   </trkpt>
   <trkpt lat="48.1873100" lon="7.5494800">
    <ele>176.6</ele>
    <time>2024-04-21T09:22:52Z</time>
   </trkpt>
   <trkpt lat="48.1873280" lon="7.5494120">
    <ele>176.8</ele>
    <time>2024-04-21T09:22:53Z</time>
   </trkpt>
   <trkpt lat="48.1873460" lon="7.5493490">
    <ele>177.0</ele>
    <time>2024-04-21T09:22:54Z</time>
   </trkpt>
   <trkpt lat="48.1873590" lon="7.5492880">
    <ele>177.3</ele>
    <time>2024-04-21T09:22:55Z</time>
   </trkpt>
   <trkpt lat="48.1873730" lon="7.5492260">
    <ele>177.5</ele>
    <time>2024-04-21T09:22:56Z</time>
   </trkpt>
   <trkpt lat="48.1873900" lon="7.5491660">
    <ele>177.7</ele>
    <time>2024-04-21T09:22:57Z</time>
   </trkpt>
   <trkpt lat="48.1874060" lon="7.5491090">
    <ele>177.9</ele>
    <time>2024-04-21T09:22:58Z</time>
   </trkpt>
   <trkpt lat="48.1874210" lon="7.5490510">
    <ele>178.0</ele>
    <time>2024-04-21T09:22:59Z</time>
   </trkpt>
   <trkpt lat="48.1874380" lon="7.5489950">
    <ele>178.2</ele>
    <time>2024-04-21T09:23:00Z</time>
   </trkpt>
   <trkpt lat="48.1874560" lon="7.5489380">
    <ele>178.3</ele>
    <time>2024-04-21T09:23:01Z</time>
   </trkpt>
   <trkpt lat="48.1874760" lon="7.5488820">
    <ele>178.3</ele>
    <time>2024-04-21T09:23:02Z</time>
   </trkpt>
   <trkpt lat="48.1874970" lon="7.5488260">
    <ele>178.4</ele>
    <time>2024-04-21T09:23:03Z</time>
   </trkpt>
   <trkpt lat="48.1875180" lon="7.5487690">
    <ele>178.4</ele>
    <time>2024-04-21T09:23:04Z</time>
   </trkpt>
   <trkpt lat="48.1875430" lon="7.5487100">
    <ele>178.4</ele>
    <time>2024-04-21T09:23:05Z</time>
   </trkpt>
   <trkpt lat="48.1875620" lon="7.5486430">
    <ele>178.3</ele>
    <time>2024-04-21T09:23:06Z</time>
   </trkpt>
   <trkpt lat="48.1875820" lon="7.5485780">
    <ele>178.2</ele>
    <time>2024-04-21T09:23:07Z</time>
   </trkpt>
   <trkpt lat="48.1876030" lon="7.5485130">
    <ele>177.8</ele>
    <time>2024-04-21T09:23:08Z</time>
   </trkpt>
   <trkpt lat="48.1876230" lon="7.5484400">
    <ele>177.5</ele>
    <time>2024-04-21T09:23:09Z</time>
   </trkpt>
   <trkpt lat="48.1876410" lon="7.5483590">
    <ele>177.1</ele>
    <time>2024-04-21T09:23:10Z</time>
   </trkpt>
   <trkpt lat="48.1876600" lon="7.5482710">
    <ele>176.5</ele>
    <time>2024-04-21T09:23:11Z</time>
   </trkpt>
   <trkpt lat="48.1876860" lon="7.5481770">
    <ele>176.0</ele>
    <time>2024-04-21T09:23:12Z</time>
   </trkpt>
   <trkpt lat="48.1877120" lon="7.5480730">
    <ele>175.4</ele>
    <time>2024-04-21T09:23:13Z</time>
   </trkpt>
   <trkpt lat="48.1877400" lon="7.5479640">
    <ele>174.7</ele>
    <time>2024-04-21T09:23:14Z</time>
   </trkpt>
   <trkpt lat="48.1877690" lon="7.5478520">
    <ele>174.1</ele>
    <time>2024-04-21T09:23:15Z</time>
   </trkpt>
   <trkpt lat="48.1877970" lon="7.5477370">
    <ele>173.6</ele>
    <time>2024-04-21T09:23:16Z</time>
   </trkpt>
   <trkpt lat="48.1878250" lon="7.5476210">
    <ele>173.0</ele>
    <time>2024-04-21T09:23:17Z</time>
   </trkpt>
   <trkpt lat="48.1878550" lon="7.5475010">
    <ele>172.5</ele>
    <time>2024-04-21T09:23:18Z</time>
   </trkpt>
   <trkpt lat="48.1878840" lon="7.5473790">
    <ele>171.9</ele>
    <time>2024-04-21T09:23:19Z</time>
   </trkpt>
   <trkpt lat="48.1879170" lon="7.5472530">
    <ele>171.4</ele>
    <time>2024-04-21T09:23:20Z</time>
   </trkpt>
   <trkpt lat="48.1879490" lon="7.5471240">
    <ele>170.8</ele>
    <time>2024-04-21T09:23:21Z</time>
   </trkpt>
   <trkpt lat="48.1879710" lon="7.5469890">
    <ele>170.2</ele>
    <time>2024-04-21T09:23:22Z</time>
   </trkpt>
   <trkpt lat="48.1879850" lon="7.5468500">
    <ele>169.7</ele>
    <time>2024-04-21T09:23:23Z</time>
   </trkpt>
   <trkpt lat="48.1880000" lon="7.5467130">
    <ele>169.8</ele>
    <time>2024-04-21T09:23:24Z</time>
   </trkpt>
   <trkpt lat="48.1880140" lon="7.5465840">
    <ele>169.8</ele>
    <time>2024-04-21T09:23:25Z</time>
   </trkpt>
   <trkpt lat="48.1880290" lon="7.5464620">
    <ele>169.9</ele>
    <time>2024-04-21T09:23:26Z</time>
   </trkpt>
   <trkpt lat="48.1880450" lon="7.5463390">
    <ele>169.9</ele>
    <time>2024-04-21T09:23:27Z</time>
   </trkpt>
   <trkpt lat="48.1880610" lon="7.5462160">
    <ele>170.0</ele>
    <time>2024-04-21T09:23:28Z</time>
   </trkpt>
   <trkpt lat="48.1880750" lon="7.5460910">
    <ele>170.0</ele>
    <time>2024-04-21T09:23:29Z</time>
   </trkpt>
   <trkpt lat="48.1880890" lon="7.5459640">
    <ele>170.0</ele>
    <time>2024-04-21T09:23:30Z</time>
   </trkpt>
   <trkpt lat="48.1881020" lon="7.5458410">
    <ele>170.0</ele>
    <time>2024-04-21T09:23:31Z</time>
   </trkpt>
   <trkpt lat="48.1881160" lon="7.5457170">
    <ele>170.0</ele>
    <time>2024-04-21T09:23:32Z</time>
   </trkpt>
   <trkpt lat="48.1881320" lon="7.5455910">
    <ele>170.0</ele>
    <time>2024-04-21T09:23:33Z</time>
   </trkpt>
   <trkpt lat="48.1881450" lon="7.5454660">
    <ele>169.9</ele>
    <time>2024-04-21T09:23:34Z</time>
   </trkpt>
   <trkpt lat="48.1881600" lon="7.5453410">
    <ele>169.8</ele>
    <time>2024-04-21T09:23:35Z</time>
   </trkpt>
   <trkpt lat="48.1881750" lon="7.5452170">
    <ele>169.7</ele>
    <time>2024-04-21T09:23:36Z</time>
   </trkpt>
   <trkpt lat="48.1881900" lon="7.5450930">
    <ele>169.7</ele>
    <time>2024-04-21T09:23:37Z</time>
   </trkpt>
   <trkpt lat="48.1882040" lon="7.5449720">
    <ele>169.7</ele>
    <time>2024-04-21T09:23:38Z</time>
   </trkpt>
   <trkpt lat="48.1882170" lon="7.5448510">
    <ele>169.7</ele>
    <time>2024-04-21T09:23:39Z</time>
   </trkpt>
   <trkpt lat="48.1882300" lon="7.5447320">
    <ele>169.7</ele>
    <time>2024-04-21T09:23:40Z</time>
   </trkpt>
   <trkpt lat="48.1882410" lon="7.5446150">
    <ele>169.8</ele>
    <time>2024-04-21T09:23:41Z</time>
   </trkpt>
   <trkpt lat="48.1882540" lon="7.5444960">
    <ele>169.8</ele>
    <time>2024-04-21T09:23:42Z</time>
   </trkpt>
   <trkpt lat="48.1882670" lon="7.5443810">
    <ele>169.9</ele>
    <time>2024-04-21T09:23:43Z</time>
   </trkpt>
   <trkpt lat="48.1882790" lon="7.5442640">
    <ele>169.9</ele>
    <time>2024-04-21T09:23:44Z</time>
   </trkpt>
   <trkpt lat="48.1882920" lon="7.5441520">
    <ele>169.9</ele>
    <time>2024-04-21T09:23:45Z</time>
   </trkpt>
   <trkpt lat="48.1883010" lon="7.5440470">
    <ele>169.9</ele>
    <time>2024-04-21T09:23:46Z</time>
   </trkpt>
   <trkpt lat="48.1883150" lon="7.5439460">
    <ele>169.8</ele>
    <time>2024-04-21T09:23:47Z</time>
   </trkpt>
   <trkpt lat="48.1883250" lon="7.5438490">
    <ele>169.8</ele>
    <time>2024-04-21T09:23:48Z</time>
   </trkpt>
   <trkpt lat="48.1883360" lon="7.5437540">
    <ele>169.8</ele>
    <time>2024-04-21T09:23:49Z</time>
   </trkpt>
   <trkpt lat="48.1883460" lon="7.5436620">
    <ele>169.8</ele>
    <time>2024-04-21T09:23:50Z</time>
   </trkpt>
   <trkpt lat="48.1883560" lon="7.5435750">
    <ele>169.9</ele>
    <time>2024-04-21T09:23:51Z</time>
   </trkpt>
   <trkpt lat="48.1883620" lon="7.5434960">
    <ele>170.0</ele>
    <time>2024-04-21T09:23:52Z</time>
   </trkpt>
   <trkpt lat="48.1883750" lon="7.5434330">
    <ele>170.2</ele>
    <time>2024-04-21T09:23:53Z</time>
   </trkpt>
   <trkpt lat="48.1883960" lon="7.5433970">
    <ele>170.3</ele>
    <time>2024-04-21T09:23:54Z</time>
   </trkpt>
   <trkpt lat="48.1884270" lon="7.5433840">
    <ele>170.3</ele>
    <time>2024-04-21T09:23:55Z</time>
   </trkpt>
   <trkpt lat="48.1884600" lon="7.5433960">
    <ele>170.3</ele>
    <time>2024-04-21T09:23:56Z</time>
   </trkpt>
   <trkpt lat="48.1884940" lon="7.5434200">
    <ele>170.2</ele>
    <time>2024-04-21T09:23:57Z</time>
   </trkpt>
   <trkpt lat="48.1885330" lon="7.5434480">
    <ele>170.1</ele>
    <time>2024-04-21T09:23:58Z</time>
   </trkpt>
   <trkpt lat="48.1885750" lon="7.5434700">
    <ele>170.1</ele>
    <time>2024-04-21T09:23:59Z</time>
   </trkpt>
   <trkpt lat="48.1886210" lon="7.5434960">
    <ele>170.0</ele>
    <time>2024-04-21T09:24:00Z</time>
   </trkpt>
   <trkpt lat="48.1886710" lon="7.5435200">
    <ele>169.9</ele>
    <time>2024-04-21T09:24:01Z</time>
   </trkpt>
   <trkpt lat="48.1887230" lon="7.5435410">
    <ele>169.8</ele>
    <time>2024-04-21T09:24:02Z</time>
   </trkpt>
   <trkpt lat="48.1887720" lon="7.5435670">
    <ele>169.8</ele>
    <time>2024-04-21T09:24:03Z</time>
   </trkpt>
   <trkpt lat="48.1888230" lon="7.5435960">
    <ele>169.7</ele>
    <time>2024-04-21T09:24:04Z</time>
   </trkpt>
   <trkpt lat="48.1888750" lon="7.5436170">
    <ele>169.7</ele>
    <time>2024-04-21T09:24:05Z</time>
   </trkpt>
   <trkpt lat="48.1889260" lon="7.5436370">
    <ele>169.6</ele>
    <time>2024-04-21T09:24:06Z</time>
   </trkpt>
   <trkpt lat="48.1889770" lon="7.5436630">
    <ele>169.6</ele>
    <time>2024-04-21T09:24:07Z</time>
   </trkpt>
   <trkpt lat="48.1890300" lon="7.5436910">
    <ele>169.6</ele>
    <time>2024-04-21T09:24:08Z</time>
   </trkpt>
   <trkpt lat="48.1890810" lon="7.5437220">
    <ele>169.7</ele>
    <time>2024-04-21T09:24:09Z</time>
   </trkpt>
   <trkpt lat="48.1891320" lon="7.5437540">
    <ele>169.8</ele>
    <time>2024-04-21T09:24:10Z</time>
   </trkpt>
   <trkpt lat="48.1891840" lon="7.5437820">
    <ele>169.9</ele>
    <time>2024-04-21T09:24:11Z</time>
   </trkpt>
   <trkpt lat="48.1892330" lon="7.5438090">
    <ele>169.9</ele>
    <time>2024-04-21T09:24:12Z</time>
   </trkpt>
   <trkpt lat="48.1892820" lon="7.5438380">
    <ele>169.9</ele>
    <time>2024-04-21T09:24:13Z</time>
   </trkpt>
   <trkpt lat="48.1893320" lon="7.5438670">
    <ele>169.8</ele>
    <time>2024-04-21T09:24:14Z</time>
   </trkpt>
   <trkpt lat="48.1893840" lon="7.5438970">
    <ele>169.7</ele>
    <time>2024-04-21T09:24:15Z</time>
   </trkpt>
   <trkpt lat="48.1894360" lon="7.5439240">
    <ele>169.6</ele>
    <time>2024-04-21T09:24:16Z</time>
   </trkpt>
   <trkpt lat="48.1894870" lon="7.5439530">
    <ele>169.5</ele>
    <time>2024-04-21T09:24:17Z</time>
   </trkpt>
   <trkpt lat="48.1895350" lon="7.5439850">
    <ele>169.5</ele>
    <time>2024-04-21T09:24:18Z</time>
   </trkpt>
   <trkpt lat="48.1895830" lon="7.5440170">
    <ele>169.5</ele>
    <time>2024-04-21T09:24:19Z</time>
   </trkpt>
   <trkpt lat="48.1896310" lon="7.5440480">
    <ele>169.6</ele>
    <time>2024-04-21T09:24:20Z</time>
   </trkpt>
   <trkpt lat="48.1896820" lon="7.5440740">
    <ele>169.6</ele>
    <time>2024-04-21T09:24:21Z</time>
   </trkpt>
   <trkpt lat="48.1897320" lon="7.5441040">
    <ele>169.7</ele>
    <time>2024-04-21T09:24:22Z</time>
   </trkpt>
   <trkpt lat="48.1897840" lon="7.5441340">
    <ele>169.7</ele>
    <time>2024-04-21T09:24:23Z</time>
   </trkpt>
   <trkpt lat="48.1898350" lon="7.5441650">
    <ele>169.8</ele>
    <time>2024-04-21T09:24:24Z</time>
   </trkpt>
   <trkpt lat="48.1898880" lon="7.5441950">
    <ele>169.8</ele>
    <time>2024-04-21T09:24:25Z</time>
   </trkpt>
   <trkpt lat="48.1899410" lon="7.5442260">
    <ele>169.8</ele>
    <time>2024-04-21T09:24:26Z</time>
   </trkpt>
   <trkpt lat="48.1899960" lon="7.5442540">
    <ele>169.9</ele>
    <time>2024-04-21T09:24:27Z</time>
   </trkpt>
   <trkpt lat="48.1900500" lon="7.5442850">
    <ele>169.9</ele>
    <time>2024-04-21T09:24:28Z</time>
   </trkpt>
   <trkpt lat="48.1901050" lon="7.5443170">
    <ele>169.8</ele>
    <time>2024-04-21T09:24:29Z</time>
   </trkpt>
   <trkpt lat="48.1901610" lon="7.5443450">
    <ele>169.8</ele>
    <time>2024-04-21T09:24:30Z</time>
   </trkpt>
   <trkpt lat="48.1902150" lon="7.5443780">
    <ele>169.7</ele>
    <time>2024-04-21T09:24:31Z</time>
   </trkpt>
   <trkpt lat="48.1902680" lon="7.5444080">
    <ele>169.7</ele>
    <time>2024-04-21T09:24:32Z</time>
   </trkpt>
   <trkpt lat="48.1903220" lon="7.5444380">
    <ele>169.8</ele>
    <time>2024-04-21T09:24:33Z</time>
   </trkpt>
   <trkpt lat="48.1903750" lon="7.5444670">
    <ele>169.9</ele>
    <time>2024-04-21T09:24:34Z</time>
   </trkpt>
   <trkpt lat="48.1904260" lon="7.5444990">
    <ele>170.0</ele>
    <time>2024-04-21T09:24:35Z</time>
   </trkpt>
   <trkpt lat="48.1904790" lon="7.5445280">
    <ele>170.1</ele>
    <time>2024-04-21T09:24:36Z</time>
   </trkpt>
   <trkpt lat="48.1905310" lon="7.5445560">
    <ele>170.1</ele>
    <time>2024-04-21T09:24:37Z</time>
   </trkpt>
   <trkpt lat="48.1905810" lon="7.5445870">
    <ele>170.1</ele>
    <time>2024-04-21T09:24:38Z</time>
   </trkpt>
   <trkpt lat="48.1906300" lon="7.5446190">
    <ele>170.1</ele>
    <time>2024-04-21T09:24:39Z</time>
   </trkpt>
   <trkpt lat="48.1906760" lon="7.5446560">
    <ele>170.1</ele>
    <time>2024-04-21T09:24:40Z</time>
   </trkpt>
   <trkpt lat="48.1907230" lon="7.5446840">
    <ele>170.1</ele>
    <time>2024-04-21T09:24:41Z</time>
   </trkpt>
   <trkpt lat="48.1907670" lon="7.5447130">
    <ele>170.1</ele>
    <time>2024-04-21T09:24:42Z</time>
   </trkpt>
   <trkpt lat="48.1908110" lon="7.5447400">
    <ele>170.0</ele>
    <time>2024-04-21T09:24:43Z</time>
   </trkpt>
   <trkpt lat="48.1908580" lon="7.5447650">
    <ele>170.0</ele>
    <time>2024-04-21T09:24:44Z</time>
   </trkpt>
   <trkpt lat="48.1909050" lon="7.5447940">
    <ele>170.0</ele>
    <time>2024-04-21T09:24:45Z</time>
   </trkpt>
   <trkpt lat="48.1909530" lon="7.5448220">
    <ele>170.0</ele>
    <time>2024-04-21T09:24:46Z</time>
   </trkpt>
   <trkpt lat="48.1910030" lon="7.5448490">
    <ele>170.0</ele>
    <time>2024-04-21T09:24:47Z</time>
   </trkpt>
   <trkpt lat="48.1910530" lon="7.5448750">
    <ele>170.0</ele>
    <time>2024-04-21T09:24:48Z</time>
   </trkpt>
   <trkpt lat="48.1911010" lon="7.5449020">
    <ele>170.0</ele>
    <time>2024-04-21T09:24:49Z</time>
   </trkpt>
   <trkpt lat="48.1911480" lon="7.5449300">
    <ele>170.0</ele>
    <time>2024-04-21T09:24:50Z</time>
   </trkpt>
   <trkpt lat="48.1911960" lon="7.5449560">
    <ele>170.0</ele>
    <time>2024-04-21T09:24:51Z</time>
   </trkpt>
   <trkpt lat="48.1912440" lon="7.5449820">
    <ele>170.0</ele>
    <time>2024-04-21T09:24:52Z</time>
   </trkpt>
   <trkpt lat="48.1912920" lon="7.5450110">
    <ele>170.0</ele>
    <time>2024-04-21T09:24:53Z</time>
   </trkpt>
   <trkpt lat="48.1913370" lon="7.5450430">
    <ele>170.0</ele>
    <time>2024-04-21T09:24:54Z</time>
   </trkpt>
   <trkpt lat="48.1913840" lon="7.5450690">
    <ele>170.0</ele>
    <time>2024-04-21T09:24:55Z</time>
   </trkpt>
   <trkpt lat="48.1914310" lon="7.5450940">
    <ele>170.0</ele>
    <time>2024-04-21T09:24:56Z</time>
   </trkpt>
   <trkpt lat="48.1914790" lon="7.5451230">
    <ele>170.0</ele>
    <time>2024-04-21T09:24:57Z</time>
   </trkpt>
   <trkpt lat="48.1915270" lon="7.5451530">
    <ele>170.0</ele>
    <time>2024-04-21T09:24:58Z</time>
   </trkpt>
   <trkpt lat="48.1915770" lon="7.5451820">
    <ele>170.0</ele>
    <time>2024-04-21T09:24:59Z</time>
   </trkpt>
   <trkpt lat="48.1916250" lon="7.5452090">
    <ele>170.0</ele>
    <time>2024-04-21T09:25:00Z</time>
   </trkpt>
   <trkpt lat="48.1916730" lon="7.5452330">
    <ele>170.0</ele>
    <time>2024-04-21T09:25:01Z</time>
   </trkpt>
   <trkpt lat="48.1917170" lon="7.5452560">
    <ele>170.1</ele>
    <time>2024-04-21T09:25:02Z</time>
   </trkpt>
   <trkpt lat="48.1917580" lon="7.5452780">
    <ele>170.1</ele>
    <time>2024-04-21T09:25:03Z</time>
   </trkpt>
   <trkpt lat="48.1917980" lon="7.5452990">
    <ele>170.1</ele>
    <time>2024-04-21T09:25:04Z</time>
   </trkpt>
   <trkpt lat="48.1918360" lon="7.5453230">
    <ele>170.1</ele>
    <time>2024-04-21T09:25:05Z</time>
   </trkpt>
   <trkpt lat="48.1918730" lon="7.5453470">
    <ele>170.2</ele>
    <time>2024-04-21T09:25:06Z</time>
   </trkpt>
   <trkpt lat="48.1919030" lon="7.5453800">
    <ele>170.2</ele>
    <time>2024-04-21T09:25:07Z</time>
   </trkpt>
   <trkpt lat="48.1919400" lon="7.5454010">
    <ele>170.2</ele>
    <time>2024-04-21T09:25:08Z</time>
   </trkpt>
   <trkpt lat="48.1919790" lon="7.5454220">
    <ele>170.3</ele>
    <time>2024-04-21T09:25:09Z</time>
   </trkpt>
   <trkpt lat="48.1920180" lon="7.5454480">
    <ele>170.3</ele>
    <time>2024-04-21T09:25:10Z</time>
   </trkpt>
   <trkpt lat="48.1920600" lon="7.5454720">
    <ele>170.3</ele>
    <time>2024-04-21T09:25:11Z</time>
   </trkpt>
   <trkpt lat="48.1921020" lon="7.5454950">
    <ele>170.4</ele>
    <time>2024-04-21T09:25:12Z</time>
   </trkpt>
   <trkpt lat="48.1921450" lon="7.5455190">
    <ele>170.5</ele>
    <time>2024-04-21T09:25:13Z</time>
   </trkpt>
   <trkpt lat="48.1921870" lon="7.5455410">
    <ele>170.5</ele>
    <time>2024-04-21T09:25:14Z</time>
   </trkpt>
   <trkpt lat="48.1922320" lon="7.5455650">
    <ele>170.5</ele>
    <time>2024-04-21T09:25:15Z</time>
   </trkpt>
   <trkpt lat="48.1922760" lon="7.5455880">
    <ele>170.6</ele>
    <time>2024-04-21T09:25:16Z</time>
   </trkpt>
   <trkpt lat="48.1923200" lon="7.5456130">
    <ele>170.6</ele>
    <time>2024-04-21T09:25:17Z</time>
   </trkpt>
   <trkpt lat="48.1923640" lon="7.5456410">
    <ele>170.6</ele>
    <time>2024-04-21T09:25:18Z</time>
   </trkpt>
   <trkpt lat="48.1924080" lon="7.5456640">
    <ele>170.6</ele>
    <time>2024-04-21T09:25:19Z</time>
   </trkpt>
   <trkpt lat="48.1924510" lon="7.5456880">
    <ele>170.6</ele>
    <time>2024-04-21T09:25:20Z</time>
   </trkpt>
   <trkpt lat="48.1924950" lon="7.5457130">
    <ele>170.6</ele>
    <time>2024-04-21T09:25:21Z</time>
   </trkpt>
   <trkpt lat="48.1925390" lon="7.5457390">
    <ele>170.6</ele>
    <time>2024-04-21T09:25:22Z</time>
   </trkpt>
   <trkpt lat="48.1925830" lon="7.5457620">
    <ele>170.6</ele>
    <time>2024-04-21T09:25:23Z</time>
   </trkpt>
   <trkpt lat="48.1926260" lon="7.5457880">
    <ele>170.6</ele>
    <time>2024-04-21T09:25:24Z</time>
   </trkpt>
   <trkpt lat="48.1926690" lon="7.5458130">
    <ele>170.7</ele>
    <time>2024-04-21T09:25:25Z</time>
   </trkpt>
   <trkpt lat="48.1927110" lon="7.5458360">
    <ele>170.7</ele>
    <time>2024-04-21T09:25:26Z</time>
   </trkpt>
   <trkpt lat="48.1927520" lon="7.5458560">
    <ele>170.7</ele>
    <time>2024-04-21T09:25:27Z</time>
   </trkpt>
   <trkpt lat="48.1927910" lon="7.5458810">
    <ele>170.7</ele>
    <time>2024-04-21T09:25:28Z</time>
   </trkpt>
   <trkpt lat="48.1928300" lon="7.5459030">
    <ele>170.7</ele>
    <time>2024-04-21T09:25:29Z</time>
   </trkpt>
   <trkpt lat="48.1928670" lon="7.5459180">
    <ele>170.7</ele>
    <time>2024-04-21T09:25:30Z</time>
   </trkpt>
   <trkpt lat="48.1929050" lon="7.5459190">
    <ele>170.8</ele>
    <time>2024-04-21T09:25:31Z</time>
   </trkpt>
   <trkpt lat="48.1929370" lon="7.5458950">
    <ele>170.8</ele>
    <time>2024-04-21T09:25:32Z</time>
   </trkpt>
   <trkpt lat="48.1929590" lon="7.5458490">
    <ele>170.4</ele>
    <time>2024-04-21T09:25:33Z</time>
   </trkpt>
   <trkpt lat="48.1929780" lon="7.5457930">
    <ele>170.2</ele>
    <time>2024-04-21T09:25:34Z</time>
   </trkpt>
   <trkpt lat="48.1929860" lon="7.5457280">
    <ele>170.0</ele>
    <time>2024-04-21T09:25:35Z</time>
   </trkpt>
   <trkpt lat="48.1929950" lon="7.5456610">
    <ele>169.8</ele>
    <time>2024-04-21T09:25:36Z</time>
   </trkpt>
   <trkpt lat="48.1930060" lon="7.5455880">
    <ele>169.7</ele>
    <time>2024-04-21T09:25:37Z</time>
   </trkpt>
   <trkpt lat="48.1930200" lon="7.5455140">
    <ele>169.6</ele>
    <time>2024-04-21T09:25:38Z</time>
   </trkpt>
   <trkpt lat="48.1930330" lon="7.5454360">
    <ele>169.5</ele>
    <time>2024-04-21T09:25:39Z</time>
   </trkpt>
   <trkpt lat="48.1930450" lon="7.5453540">
    <ele>169.4</ele>
    <time>2024-04-21T09:25:40Z</time>
   </trkpt>
   <trkpt lat="48.1930610" lon="7.5452730">
    <ele>169.4</ele>
    <time>2024-04-21T09:25:41Z</time>
   </trkpt>
   <trkpt lat="48.1930770" lon="7.5451900">
    <ele>169.3</ele>
    <time>2024-04-21T09:25:42Z</time>
   </trkpt>
   <trkpt lat="48.1930910" lon="7.5451060">
    <ele>169.3</ele>
    <time>2024-04-21T09:25:43Z</time>
   </trkpt>
   <trkpt lat="48.1931070" lon="7.5450200">
    <ele>169.2</ele>
    <time>2024-04-21T09:25:44Z</time>
   </trkpt>
   <trkpt lat="48.1931250" lon="7.5449360">
    <ele>169.2</ele>
    <time>2024-04-21T09:25:45Z</time>
   </trkpt>
   <trkpt lat="48.1931400" lon="7.5448510">
    <ele>169.1</ele>
    <time>2024-04-21T09:25:46Z</time>
   </trkpt>
   <trkpt lat="48.1931540" lon="7.5447640">
    <ele>169.1</ele>
    <time>2024-04-21T09:25:47Z</time>
   </trkpt>
   <trkpt lat="48.1931670" lon="7.5446760">
    <ele>169.0</ele>
    <time>2024-04-21T09:25:48Z</time>
   </trkpt>
   <trkpt lat="48.1931830" lon="7.5445870">
    <ele>169.0</ele>
    <time>2024-04-21T09:25:49Z</time>
   </trkpt>
   <trkpt lat="48.1932010" lon="7.5444960">
    <ele>169.1</ele>
    <time>2024-04-21T09:25:50Z</time>
   </trkpt>
   <trkpt lat="48.1932150" lon="7.5444070">
    <ele>169.1</ele>
    <time>2024-04-21T09:25:51Z</time>
   </trkpt>
   <trkpt lat="48.1932310" lon="7.5443200">
    <ele>169.2</ele>
    <time>2024-04-21T09:25:52Z</time>
   </trkpt>
   <trkpt lat="48.1932470" lon="7.5442320">
    <ele>169.4</ele>
    <time>2024-04-21T09:25:53Z</time>
   </trkpt>
   <trkpt lat="48.1932640" lon="7.5441460">
    <ele>169.5</ele>
    <time>2024-04-21T09:25:54Z</time>
   </trkpt>
   <trkpt lat="48.1932780" lon="7.5440650">
    <ele>169.6</ele>
    <time>2024-04-21T09:25:55Z</time>
   </trkpt>
   <trkpt lat="48.1932940" lon="7.5439830">
    <ele>169.6</ele>
    <time>2024-04-21T09:25:56Z</time>
   </trkpt>
   <trkpt lat="48.1933110" lon="7.5438960">
    <ele>169.6</ele>
    <time>2024-04-21T09:25:57Z</time>
   </trkpt>
   <trkpt lat="48.1933270" lon="7.5438070">
    <ele>169.6</ele>
    <time>2024-04-21T09:25:58Z</time>
   </trkpt>
   <trkpt lat="48.1933430" lon="7.5437180">
    <ele>169.5</ele>
    <time>2024-04-21T09:25:59Z</time>
   </trkpt>
   <trkpt lat="48.1933580" lon="7.5436280">
    <ele>169.5</ele>
    <time>2024-04-21T09:26:00Z</time>
   </trkpt>
   <trkpt lat="48.1933740" lon="7.5435390">
    <ele>169.5</ele>
    <time>2024-04-21T09:26:01Z</time>
   </trkpt>
   <trkpt lat="48.1933900" lon="7.5434520">
    <ele>169.5</ele>
    <time>2024-04-21T09:26:02Z</time>
   </trkpt>
   <trkpt lat="48.1934070" lon="7.5433630">
    <ele>169.5</ele>
    <time>2024-04-21T09:26:03Z</time>
   </trkpt>
   <trkpt lat="48.1934230" lon="7.5432740">
    <ele>169.5</ele>
    <time>2024-04-21T09:26:04Z</time>
   </trkpt>
   <trkpt lat="48.1934390" lon="7.5431860">
    <ele>169.5</ele>
    <time>2024-04-21T09:26:05Z</time>
   </trkpt>
   <trkpt lat="48.1934510" lon="7.5430960">
    <ele>169.5</ele>
    <time>2024-04-21T09:26:06Z</time>
   </trkpt>
   <trkpt lat="48.1934680" lon="7.5430070">
    <ele>169.5</ele>
    <time>2024-04-21T09:26:07Z</time>
   </trkpt>
   <trkpt lat="48.1934830" lon="7.5429200">
    <ele>169.5</ele>
    <time>2024-04-21T09:26:08Z</time>
   </trkpt>
   <trkpt lat="48.1934980" lon="7.5428330">
    <ele>169.5</ele>
    <time>2024-04-21T09:26:09Z</time>
   </trkpt>
   <trkpt lat="48.1935150" lon="7.5427470">
    <ele>169.5</ele>
    <time>2024-04-21T09:26:10Z</time>
   </trkpt>
   <trkpt lat="48.1935290" lon="7.5426590">
    <ele>169.5</ele>
    <time>2024-04-21T09:26:11Z</time>
   </trkpt>
   <trkpt lat="48.1935450" lon="7.5425710">
    <ele>169.5</ele>
    <time>2024-04-21T09:26:12Z</time>
   </trkpt>
   <trkpt lat="48.1935600" lon="7.5424820">
    <ele>169.5</ele>
    <time>2024-04-21T09:26:13Z</time>
   </trkpt>
   <trkpt lat="48.1935750" lon="7.5423920">
    <ele>169.5</ele>
    <time>2024-04-21T09:26:14Z</time>
   </trkpt>
   <trkpt lat="48.1935920" lon="7.5423010">
    <ele>169.6</ele>
    <time>2024-04-21T09:26:15Z</time>
   </trkpt>
   <trkpt lat="48.1936060" lon="7.5422110">
    <ele>169.7</ele>
    <time>2024-04-21T09:26:16Z</time>
   </trkpt>
   <trkpt lat="48.1936240" lon="7.5421240">
    <ele>169.8</ele>
    <time>2024-04-21T09:26:17Z</time>
   </trkpt>
   <trkpt lat="48.1936430" lon="7.5420390">
    <ele>169.9</ele>
    <time>2024-04-21T09:26:18Z</time>
   </trkpt>
   <trkpt lat="48.1936570" lon="7.5419550">
    <ele>169.9</ele>
    <time>2024-04-21T09:26:19Z</time>
   </trkpt>
   <trkpt lat="48.1936720" lon="7.5418700">
    <ele>170.1</ele>
    <time>2024-04-21T09:26:20Z</time>
   </trkpt>
   <trkpt lat="48.1936900" lon="7.5417830">
    <ele>170.1</ele>
    <time>2024-04-21T09:26:21Z</time>
   </trkpt>
   <trkpt lat="48.1937080" lon="7.5416900">
    <ele>170.1</ele>
    <time>2024-04-21T09:26:22Z</time>
   </trkpt>
   <trkpt lat="48.1937260" lon="7.5415960">
    <ele>170.1</ele>
    <time>2024-04-21T09:26:23Z</time>
   </trkpt>
   <trkpt lat="48.1937430" lon="7.5415020">
    <ele>170.0</ele>
    <time>2024-04-21T09:26:24Z</time>
   </trkpt>
   <trkpt lat="48.1937590" lon="7.5414110">
    <ele>170.0</ele>
    <time>2024-04-21T09:26:25Z</time>
   </trkpt>
   <trkpt lat="48.1937720" lon="7.5413140">
    <ele>170.0</ele>
    <time>2024-04-21T09:26:26Z</time>
   </trkpt>
   <trkpt lat="48.1937880" lon="7.5412190">
    <ele>170.0</ele>
    <time>2024-04-21T09:26:27Z</time>
   </trkpt>
   <trkpt lat="48.1938050" lon="7.5411240">
    <ele>170.0</ele>
    <time>2024-04-21T09:26:28Z</time>
   </trkpt>
   <trkpt lat="48.1938220" lon="7.5410290">
    <ele>170.0</ele>
    <time>2024-04-21T09:26:29Z</time>
   </trkpt>
   <trkpt lat="48.1938390" lon="7.5409340">
    <ele>170.1</ele>
    <time>2024-04-21T09:26:30Z</time>
   </trkpt>
   <trkpt lat="48.1938540" lon="7.5408400">
    <ele>170.1</ele>
    <time>2024-04-21T09:26:31Z</time>
   </trkpt>
   <trkpt lat="48.1938710" lon="7.5407470">
    <ele>170.1</ele>
    <time>2024-04-21T09:26:32Z</time>
   </trkpt>
   <trkpt lat="48.1938870" lon="7.5406520">
    <ele>170.2</ele>
    <time>2024-04-21T09:26:33Z</time>
   </trkpt>
   <trkpt lat="48.1939020" lon="7.5405580">
    <ele>170.2</ele>
    <time>2024-04-21T09:26:34Z</time>
   </trkpt>
   <trkpt lat="48.1939200" lon="7.5404650">
    <ele>170.2</ele>
    <time>2024-04-21T09:26:35Z</time>
   </trkpt>
   <trkpt lat="48.1939350" lon="7.5403730">
    <ele>170.3</ele>
    <time>2024-04-21T09:26:36Z</time>
   </trkpt>
   <trkpt lat="48.1939520" lon="7.5402810">
    <ele>170.3</ele>
    <time>2024-04-21T09:26:37Z</time>
   </trkpt>
   <trkpt lat="48.1939690" lon="7.5401900">
    <ele>170.3</ele>
    <time>2024-04-21T09:26:38Z</time>
   </trkpt>
   <trkpt lat="48.1939850" lon="7.5400950">
    <ele>170.3</ele>
    <time>2024-04-21T09:26:39Z</time>
   </trkpt>
   <trkpt lat="48.1940020" lon="7.5399980">
    <ele>170.3</ele>
    <time>2024-04-21T09:26:40Z</time>
   </trkpt>
   <trkpt lat="48.1940180" lon="7.5399020">
    <ele>170.3</ele>
    <time>2024-04-21T09:26:41Z</time>
   </trkpt>
   <trkpt lat="48.1940350" lon="7.5398120">
    <ele>170.3</ele>
    <time>2024-04-21T09:26:42Z</time>
   </trkpt>
   <trkpt lat="48.1940520" lon="7.5397200">
    <ele>170.4</ele>
    <time>2024-04-21T09:26:43Z</time>
   </trkpt>
   <trkpt lat="48.1940690" lon="7.5396280">
    <ele>170.4</ele>
    <time>2024-04-21T09:26:44Z</time>
   </trkpt>
   <trkpt lat="48.1940870" lon="7.5395370">
    <ele>170.6</ele>
    <time>2024-04-21T09:26:45Z</time>
   </trkpt>
   <trkpt lat="48.1941030" lon="7.5394470">
    <ele>170.7</ele>
    <time>2024-04-21T09:26:46Z</time>
   </trkpt>
   <trkpt lat="48.1941190" lon="7.5393560">
    <ele>170.7</ele>
    <time>2024-04-21T09:26:47Z</time>
   </trkpt>
   <trkpt lat="48.1941360" lon="7.5392640">
    <ele>170.8</ele>
    <time>2024-04-21T09:26:48Z</time>
   </trkpt>
   <trkpt lat="48.1941510" lon="7.5391730">
    <ele>170.8</ele>
    <time>2024-04-21T09:26:49Z</time>
   </trkpt>
   <trkpt lat="48.1941650" lon="7.5390780">
    <ele>170.7</ele>
    <time>2024-04-21T09:26:50Z</time>
   </trkpt>
   <trkpt lat="48.1941830" lon="7.5389870">
    <ele>170.7</ele>
    <time>2024-04-21T09:26:51Z</time>
   </trkpt>
   <trkpt lat="48.1941980" lon="7.5388920">
    <ele>170.7</ele>
    <time>2024-04-21T09:26:52Z</time>
   </trkpt>
   <trkpt lat="48.1942150" lon="7.5388000">
    <ele>170.7</ele>
    <time>2024-04-21T09:26:53Z</time>
   </trkpt>
   <trkpt lat="48.1942340" lon="7.5387050">
    <ele>170.8</ele>
    <time>2024-04-21T09:26:54Z</time>
   </trkpt>
   <trkpt lat="48.1942490" lon="7.5386110">
    <ele>170.9</ele>
    <time>2024-04-21T09:26:55Z</time>
   </trkpt>
   <trkpt lat="48.1942660" lon="7.5385170">
    <ele>171.0</ele>
    <time>2024-04-21T09:26:56Z</time>
   </trkpt>
   <trkpt lat="48.1942800" lon="7.5384220">
    <ele>171.1</ele>
    <time>2024-04-21T09:26:57Z</time>
   </trkpt>
   <trkpt lat="48.1942950" lon="7.5383290">
    <ele>171.1</ele>
    <time>2024-04-21T09:26:58Z</time>
   </trkpt>
   <trkpt lat="48.1943110" lon="7.5382380">
    <ele>171.2</ele>
    <time>2024-04-21T09:26:59Z</time>
   </trkpt>
   <trkpt lat="48.1943260" lon="7.5381500">
    <ele>171.2</ele>
    <time>2024-04-21T09:27:00Z</time>
   </trkpt>
   <trkpt lat="48.1943370" lon="7.5380670">
    <ele>171.2</ele>
    <time>2024-04-21T09:27:01Z</time>
   </trkpt>
   <trkpt lat="48.1943510" lon="7.5379950">
    <ele>171.2</ele>
    <time>2024-04-21T09:27:02Z</time>
   </trkpt>
   <trkpt lat="48.1943620" lon="7.5379370">
    <ele>171.2</ele>
    <time>2024-04-21T09:27:03Z</time>
   </trkpt>
   <trkpt lat="48.1943610" lon="7.5378910">
    <ele>171.3</ele>
    <time>2024-04-21T09:27:04Z</time>
   </trkpt>
   <trkpt lat="48.1943490" lon="7.5378390">
    <ele>171.3</ele>
    <time>2024-04-21T09:27:05Z</time>
   </trkpt>
   <trkpt lat="48.1943420" lon="7.5378250">
    <ele>171.3</ele>
    <time>2024-04-21T09:27:06Z</time>
   </trkpt>
   <trkpt lat="48.1943090" lon="7.5378020">
    <ele>171.3</ele>
    <time>2024-04-21T09:27:07Z</time>
   </trkpt>
   <trkpt lat="48.1942970" lon="7.5377980">
    <ele>171.3</ele>
    <time>2024-04-21T09:27:08Z</time>
   </trkpt>
   <trkpt lat="48.1942590" lon="7.5377760">
    <ele>171.3</ele>
    <time>2024-04-21T09:27:09Z</time>
   </trkpt>
   <trkpt lat="48.1942450" lon="7.5377690">
    <ele>171.3</ele>
    <time>2024-04-21T09:27:10Z</time>
   </trkpt>
   <trkpt lat="48.1942200" lon="7.5377520">
    <ele>171.3</ele>
    <time>2024-04-21T09:27:11Z</time>
   </trkpt>
   <trkpt lat="48.1941860" lon="7.5377320">
    <ele>171.3</ele>
    <time>2024-04-21T09:27:12Z</time>
   </trkpt>
   <trkpt lat="48.1941760" lon="7.5377250">
    <ele>171.3</ele>
    <time>2024-04-21T09:27:13Z</time>
   </trkpt>
   <trkpt lat="48.1941520" lon="7.5377020">
    <ele>171.3</ele>
    <time>2024-04-21T09:27:14Z</time>
   </trkpt>
   <trkpt lat="48.1941440" lon="7.5376950">
    <ele>171.3</ele>
    <time>2024-04-21T09:27:15Z</time>
   </trkpt>
   <trkpt lat="48.1941130" lon="7.5376750">
    <ele>171.3</ele>
    <time>2024-04-21T09:27:16Z</time>
   </trkpt>
   <trkpt lat="48.1941030" lon="7.5376670">
    <ele>171.3</ele>
    <time>2024-04-21T09:27:17Z</time>
   </trkpt>
   <trkpt lat="48.1940690" lon="7.5376470">
    <ele>171.3</ele>
    <time>2024-04-21T09:27:18Z</time>
   </trkpt>
   <trkpt lat="48.1940570" lon="7.5376390">
    <ele>171.3</ele>
    <time>2024-04-21T09:27:19Z</time>
   </trkpt>
   <trkpt lat="48.1940300" lon="7.5376230">
    <ele>171.3</ele>
    <time>2024-04-21T09:27:20Z</time>
   </trkpt>
   <trkpt lat="48.1940030" lon="7.5376040">
    <ele>171.3</ele>
    <time>2024-04-21T09:27:21Z</time>
   </trkpt>
   <trkpt lat="48.1939730" lon="7.5375840">
    <ele>171.3</ele>
    <time>2024-04-21T09:27:22Z</time>
   </trkpt>
   <trkpt lat="48.1939390" lon="7.5375630">
    <ele>171.3</ele>
    <time>2024-04-21T09:27:23Z</time>
   </trkpt>
   <trkpt lat="48.1939030" lon="7.5375430">
    <ele>171.3</ele>
    <time>2024-04-21T09:27:24Z</time>
   </trkpt>
   <trkpt lat="48.1938650" lon="7.5375200">
    <ele>171.3</ele>
    <time>2024-04-21T09:27:25Z</time>
   </trkpt>
   <trkpt lat="48.1938240" lon="7.5374950">
    <ele>171.3</ele>
    <time>2024-04-21T09:27:26Z</time>
   </trkpt>
   <trkpt lat="48.1937820" lon="7.5374710">
    <ele>171.3</ele>
    <time>2024-04-21T09:27:27Z</time>
   </trkpt>
   <trkpt lat="48.1937370" lon="7.5374410">
    <ele>171.3</ele>
    <time>2024-04-21T09:27:28Z</time>
   </trkpt>
   <trkpt lat="48.1936880" lon="7.5374100">
    <ele>171.3</ele>
    <time>2024-04-21T09:27:29Z</time>
   </trkpt>
   <trkpt lat="48.1936390" lon="7.5373820">
    <ele>171.3</ele>
    <time>2024-04-21T09:27:30Z</time>
   </trkpt>
   <trkpt lat="48.1935890" lon="7.5373510">
    <ele>171.3</ele>
    <time>2024-04-21T09:27:31Z</time>
   </trkpt>
   <trkpt lat="48.1935380" lon="7.5373180">
    <ele>171.3</ele>
    <time>2024-04-21T09:27:32Z</time>
   </trkpt>
   <trkpt lat="48.1934850" lon="7.5372850">
    <ele>171.2</ele>
    <time>2024-04-21T09:27:33Z</time>
   </trkpt>
   <trkpt lat="48.1934300" lon="7.5372540">
    <ele>171.2</ele>
    <time>2024-04-21T09:27:34Z</time>
   </trkpt>
   <trkpt lat="48.1933760" lon="7.5372260">
    <ele>171.2</ele>
    <time>2024-04-21T09:27:35Z</time>
   </trkpt>
   <trkpt lat="48.1933240" lon="7.5372020">
    <ele>171.2</ele>
    <time>2024-04-21T09:27:36Z</time>
   </trkpt>
   <trkpt lat="48.1932750" lon="7.5371760">
    <ele>171.2</ele>
    <time>2024-04-21T09:27:37Z</time>
   </trkpt>
   <trkpt lat="48.1932260" lon="7.5371430">
    <ele>171.2</ele>
    <time>2024-04-21T09:27:38Z</time>
   </trkpt>
   <trkpt lat="48.1931760" lon="7.5371130">
    <ele>171.2</ele>
    <time>2024-04-21T09:27:39Z</time>
   </trkpt>
   <trkpt lat="48.1931310" lon="7.5370880">
    <ele>171.2</ele>
    <time>2024-04-21T09:27:40Z</time>
   </trkpt>
   <trkpt lat="48.1930890" lon="7.5370600">
    <ele>171.2</ele>
    <time>2024-04-21T09:27:41Z</time>
   </trkpt>
   <trkpt lat="48.1930460" lon="7.5370320">
    <ele>171.2</ele>
    <time>2024-04-21T09:27:42Z</time>
   </trkpt>
   <trkpt lat="48.1930010" lon="7.5370040">
    <ele>171.2</ele>
    <time>2024-04-21T09:27:43Z</time>
   </trkpt>
   <trkpt lat="48.1929560" lon="7.5369750">
    <ele>171.2</ele>
    <time>2024-04-21T09:27:44Z</time>
   </trkpt>
   <trkpt lat="48.1929090" lon="7.5369450">
    <ele>171.2</ele>
    <time>2024-04-21T09:27:45Z</time>
   </trkpt>
   <trkpt lat="48.1928610" lon="7.5369150">
    <ele>171.2</ele>
    <time>2024-04-21T09:27:46Z</time>
   </trkpt>
   <trkpt lat="48.1928130" lon="7.5368830">
    <ele>171.2</ele>
    <time>2024-04-21T09:27:47Z</time>
   </trkpt>
   <trkpt lat="48.1927640" lon="7.5368520">
    <ele>171.2</ele>
    <time>2024-04-21T09:27:48Z</time>
   </trkpt>
   <trkpt lat="48.1927140" lon="7.5368200">
    <ele>171.2</ele>
    <time>2024-04-21T09:27:49Z</time>
   </trkpt>
   <trkpt lat="48.1926630" lon="7.5367910">
    <ele>171.2</ele>
    <time>2024-04-21T09:27:50Z</time>
   </trkpt>
   <trkpt lat="48.1926100" lon="7.5367630">
    <ele>171.2</ele>
    <time>2024-04-21T09:27:51Z</time>
   </trkpt>
   <trkpt lat="48.1925600" lon="7.5367310">
    <ele>171.2</ele>
    <time>2024-04-21T09:27:52Z</time>
   </trkpt>
   <trkpt lat="48.1925100" lon="7.5367000">
    <ele>171.2</ele>
    <time>2024-04-21T09:27:53Z</time>
   </trkpt>
   <trkpt lat="48.1924610" lon="7.5366710">
    <ele>171.2</ele>
    <time>2024-04-21T09:27:54Z</time>
   </trkpt>
   <trkpt lat="48.1924110" lon="7.5366410">
    <ele>171.2</ele>
    <time>2024-04-21T09:27:55Z</time>
   </trkpt>
   <trkpt lat="48.1923600" lon="7.5366120">
    <ele>171.2</ele>
    <time>2024-04-21T09:27:56Z</time>
   </trkpt>
   <trkpt lat="48.1923110" lon="7.5365830">
    <ele>171.2</ele>
    <time>2024-04-21T09:27:57Z</time>
   </trkpt>
   <trkpt lat="48.1922640" lon="7.5365510">
    <ele>171.1</ele>
    <time>2024-04-21T09:27:58Z</time>
   </trkpt>
   <trkpt lat="48.1922150" lon="7.5365200">
    <ele>171.1</ele>
    <time>2024-04-21T09:27:59Z</time>
   </trkpt>
   <trkpt lat="48.1921660" lon="7.5364900">
    <ele>171.1</ele>
    <time>2024-04-21T09:28:00Z</time>
   </trkpt>
   <trkpt lat="48.1921180" lon="7.5364610">
    <ele>171.1</ele>
    <time>2024-04-21T09:28:01Z</time>
   </trkpt>
   <trkpt lat="48.1920680" lon="7.5364390">
    <ele>171.1</ele>
    <time>2024-04-21T09:28:02Z</time>
   </trkpt>
   <trkpt lat="48.1920190" lon="7.5364140">
    <ele>171.1</ele>
    <time>2024-04-21T09:28:03Z</time>
   </trkpt>
   <trkpt lat="48.1919690" lon="7.5363800">
    <ele>171.1</ele>
    <time>2024-04-21T09:28:04Z</time>
   </trkpt>
   <trkpt lat="48.1919190" lon="7.5363500">
    <ele>171.1</ele>
    <time>2024-04-21T09:28:05Z</time>
   </trkpt>
   <trkpt lat="48.1918700" lon="7.5363210">
    <ele>171.1</ele>
    <time>2024-04-21T09:28:06Z</time>
   </trkpt>
   <trkpt lat="48.1918230" lon="7.5362940">
    <ele>171.1</ele>
    <time>2024-04-21T09:28:07Z</time>
   </trkpt>
   <trkpt lat="48.1917780" lon="7.5362660">
    <ele>171.1</ele>
    <time>2024-04-21T09:28:08Z</time>
   </trkpt>
   <trkpt lat="48.1917330" lon="7.5362390">
    <ele>171.1</ele>
    <time>2024-04-21T09:28:09Z</time>
   </trkpt>
   <trkpt lat="48.1916890" lon="7.5362120">
    <ele>171.1</ele>
    <time>2024-04-21T09:28:10Z</time>
   </trkpt>
   <trkpt lat="48.1916450" lon="7.5361860">
    <ele>171.1</ele>
    <time>2024-04-21T09:28:11Z</time>
   </trkpt>
   <trkpt lat="48.1916000" lon="7.5361580">
    <ele>171.1</ele>
    <time>2024-04-21T09:28:12Z</time>
   </trkpt>
   <trkpt lat="48.1915560" lon="7.5361310">
    <ele>171.1</ele>
    <time>2024-04-21T09:28:13Z</time>
   </trkpt>
   <trkpt lat="48.1915110" lon="7.5361010">
    <ele>171.1</ele>
    <time>2024-04-21T09:28:14Z</time>
   </trkpt>
   <trkpt lat="48.1914650" lon="7.5360720">
    <ele>171.1</ele>
    <time>2024-04-21T09:28:15Z</time>
   </trkpt>
   <trkpt lat="48.1914180" lon="7.5360430">
    <ele>171.1</ele>
    <time>2024-04-21T09:28:16Z</time>
   </trkpt>
   <trkpt lat="48.1913700" lon="7.5360120">
    <ele>171.1</ele>
    <time>2024-04-21T09:28:17Z</time>
   </trkpt>
   <trkpt lat="48.1913210" lon="7.5359830">
    <ele>171.1</ele>
    <time>2024-04-21T09:28:18Z</time>
   </trkpt>
   <trkpt lat="48.1912720" lon="7.5359530">
    <ele>171.1</ele>
    <time>2024-04-21T09:28:19Z</time>
   </trkpt>
   <trkpt lat="48.1912230" lon="7.5359220">
    <ele>171.1</ele>
    <time>2024-04-21T09:28:20Z</time>
   </trkpt>
   <trkpt lat="48.1911750" lon="7.5358920">
    <ele>171.1</ele>
    <time>2024-04-21T09:28:21Z</time>
   </trkpt>
   <trkpt lat="48.1911270" lon="7.5358620">
    <ele>171.1</ele>
    <time>2024-04-21T09:28:22Z</time>
   </trkpt>
   <trkpt lat="48.1910790" lon="7.5358320">
    <ele>171.0</ele>
    <time>2024-04-21T09:28:23Z</time>
   </trkpt>
   <trkpt lat="48.1910300" lon="7.5358040">
    <ele>171.0</ele>
    <time>2024-04-21T09:28:24Z</time>
   </trkpt>
   <trkpt lat="48.1909820" lon="7.5357730">
    <ele>171.0</ele>
    <time>2024-04-21T09:28:25Z</time>
   </trkpt>
   <trkpt lat="48.1909350" lon="7.5357440">
    <ele>171.0</ele>
    <time>2024-04-21T09:28:26Z</time>
   </trkpt>
   <trkpt lat="48.1908870" lon="7.5357140">
    <ele>171.0</ele>
    <time>2024-04-21T09:28:27Z</time>
   </trkpt>
   <trkpt lat="48.1908410" lon="7.5356850">
    <ele>171.0</ele>
    <time>2024-04-21T09:28:28Z</time>
   </trkpt>
   <trkpt lat="48.1907990" lon="7.5356560">
    <ele>171.0</ele>
    <time>2024-04-21T09:28:29Z</time>
   </trkpt>
   <trkpt lat="48.1907600" lon="7.5356310">
    <ele>171.0</ele>
    <time>2024-04-21T09:28:30Z</time>
   </trkpt>
   <trkpt lat="48.1907190" lon="7.5356090">
    <ele>171.0</ele>
    <time>2024-04-21T09:28:31Z</time>
   </trkpt>
   <trkpt lat="48.1906740" lon="7.5355870">
    <ele>171.0</ele>
    <time>2024-04-21T09:28:32Z</time>
   </trkpt>
   <trkpt lat="48.1906290" lon="7.5355590">
    <ele>171.0</ele>
    <time>2024-04-21T09:28:33Z</time>
   </trkpt>
   <trkpt lat="48.1905840" lon="7.5355300">
    <ele>171.0</ele>
    <time>2024-04-21T09:28:34Z</time>
   </trkpt>
   <trkpt lat="48.1905390" lon="7.5355040">
    <ele>171.0</ele>
    <time>2024-04-21T09:28:35Z</time>
   </trkpt>
   <trkpt lat="48.1904970" lon="7.5354730">
    <ele>171.0</ele>
    <time>2024-04-21T09:28:36Z</time>
   </trkpt>
   <trkpt lat="48.1904570" lon="7.5354400">
    <ele>171.0</ele>
    <time>2024-04-21T09:28:37Z</time>
   </trkpt>
   <trkpt lat="48.1904160" lon="7.5354170">
    <ele>171.0</ele>
    <time>2024-04-21T09:28:38Z</time>
   </trkpt>
   <trkpt lat="48.1903730" lon="7.5353910">
    <ele>171.0</ele>
    <time>2024-04-21T09:28:39Z</time>
   </trkpt>
   <trkpt lat="48.1903320" lon="7.5353610">
    <ele>171.0</ele>
    <time>2024-04-21T09:28:40Z</time>
   </trkpt>
   <trkpt lat="48.1902890" lon="7.5353330">
    <ele>171.0</ele>
    <time>2024-04-21T09:28:41Z</time>
   </trkpt>
   <trkpt lat="48.1902450" lon="7.5353100">
    <ele>171.0</ele>
    <time>2024-04-21T09:28:42Z</time>
   </trkpt>
   <trkpt lat="48.1902010" lon="7.5352840">
    <ele>171.0</ele>
    <time>2024-04-21T09:28:43Z</time>
   </trkpt>
   <trkpt lat="48.1901560" lon="7.5352560">
    <ele>171.0</ele>
    <time>2024-04-21T09:28:44Z</time>
   </trkpt>
   <trkpt lat="48.1901100" lon="7.5352300">
    <ele>171.0</ele>
    <time>2024-04-21T09:28:45Z</time>
   </trkpt>
   <trkpt lat="48.1900660" lon="7.5352020">
    <ele>171.0</ele>
    <time>2024-04-21T09:28:46Z</time>
   </trkpt>
   <trkpt lat="48.1900240" lon="7.5351740">
    <ele>171.0</ele>
    <time>2024-04-21T09:28:47Z</time>
   </trkpt>
   <trkpt lat="48.1899800" lon="7.5351490">
    <ele>171.0</ele>
    <time>2024-04-21T09:28:48Z</time>
   </trkpt>
   <trkpt lat="48.1899360" lon="7.5351200">
    <ele>171.0</ele>
    <time>2024-04-21T09:28:49Z</time>
   </trkpt>
   <trkpt lat="48.1898930" lon="7.5350930">
    <ele>171.0</ele>
    <time>2024-04-21T09:28:50Z</time>
   </trkpt>
   <trkpt lat="48.1898480" lon="7.5350660">
    <ele>170.9</ele>
    <time>2024-04-21T09:28:51Z</time>
   </trkpt>
   <trkpt lat="48.1898020" lon="7.5350380">
    <ele>170.9</ele>
    <time>2024-04-21T09:28:52Z</time>
   </trkpt>
   <trkpt lat="48.1897550" lon="7.5350080">
    <ele>170.9</ele>
    <time>2024-04-21T09:28:53Z</time>
   </trkpt>
   <trkpt lat="48.1897080" lon="7.5349790">
    <ele>170.9</ele>
    <time>2024-04-21T09:28:54Z</time>
   </trkpt>
   <trkpt lat="48.1896600" lon="7.5349520">
    <ele>170.9</ele>
    <time>2024-04-21T09:28:55Z</time>
   </trkpt>
   <trkpt lat="48.1896120" lon="7.5349210">
    <ele>170.9</ele>
    <time>2024-04-21T09:28:56Z</time>
   </trkpt>
   <trkpt lat="48.1895630" lon="7.5348890">
    <ele>170.9</ele>
    <time>2024-04-21T09:28:57Z</time>
   </trkpt>
   <trkpt lat="48.1895140" lon="7.5348570">
    <ele>170.9</ele>
    <time>2024-04-21T09:28:58Z</time>
   </trkpt>
   <trkpt lat="48.1894670" lon="7.5348250">
    <ele>170.9</ele>
    <time>2024-04-21T09:28:59Z</time>
   </trkpt>
   <trkpt lat="48.1894190" lon="7.5348050">
    <ele>170.9</ele>
    <time>2024-04-21T09:29:00Z</time>
   </trkpt>
   <trkpt lat="48.1893710" lon="7.5347770">
    <ele>170.9</ele>
    <time>2024-04-21T09:29:01Z</time>
   </trkpt>
   <trkpt lat="48.1893240" lon="7.5347430">
    <ele>170.9</ele>
    <time>2024-04-21T09:29:02Z</time>
   </trkpt>
   <trkpt lat="48.1892760" lon="7.5347160">
    <ele>170.9</ele>
    <time>2024-04-21T09:29:03Z</time>
   </trkpt>
   <trkpt lat="48.1892270" lon="7.5346870">
    <ele>170.9</ele>
    <time>2024-04-21T09:29:04Z</time>
   </trkpt>
   <trkpt lat="48.1891780" lon="7.5346570">
    <ele>170.9</ele>
    <time>2024-04-21T09:29:05Z</time>
   </trkpt>
   <trkpt lat="48.1891300" lon="7.5346280">
    <ele>170.9</ele>
    <time>2024-04-21T09:29:06Z</time>
   </trkpt>
   <trkpt lat="48.1890810" lon="7.5345960">
    <ele>170.9</ele>
    <time>2024-04-21T09:29:07Z</time>
   </trkpt>
   <trkpt lat="48.1890310" lon="7.5345660">
    <ele>170.9</ele>
    <time>2024-04-21T09:29:08Z</time>
   </trkpt>
   <trkpt lat="48.1889810" lon="7.5345360">
    <ele>170.9</ele>
    <time>2024-04-21T09:29:09Z</time>
   </trkpt>
   <trkpt lat="48.1889320" lon="7.5345060">
    <ele>170.9</ele>
    <time>2024-04-21T09:29:10Z</time>
   </trkpt>
   <trkpt lat="48.1888830" lon="7.5344760">
    <ele>170.9</ele>
    <time>2024-04-21T09:29:11Z</time>
   </trkpt>
   <trkpt lat="48.1888340" lon="7.5344470">
    <ele>170.9</ele>
    <time>2024-04-21T09:29:12Z</time>
   </trkpt>
   <trkpt lat="48.1887840" lon="7.5344190">
    <ele>170.9</ele>
    <time>2024-04-21T09:29:13Z</time>
   </trkpt>
   <trkpt lat="48.1887340" lon="7.5343860">
    <ele>170.9</ele>
    <time>2024-04-21T09:29:14Z</time>
   </trkpt>
   <trkpt lat="48.1886840" lon="7.5343530">
    <ele>170.8</ele>
    <time>2024-04-21T09:29:15Z</time>
   </trkpt>
   <trkpt lat="48.1886350" lon="7.5343210">
    <ele>170.8</ele>
    <time>2024-04-21T09:29:16Z</time>
   </trkpt>
   <trkpt lat="48.1885860" lon="7.5342890">
    <ele>170.8</ele>
    <time>2024-04-21T09:29:17Z</time>
   </trkpt>
   <trkpt lat="48.1885390" lon="7.5342590">
    <ele>170.8</ele>
    <time>2024-04-21T09:29:18Z</time>
   </trkpt>
   <trkpt lat="48.1884920" lon="7.5342270">
    <ele>170.8</ele>
    <time>2024-04-21T09:29:19Z</time>
   </trkpt>
   <trkpt lat="48.1884450" lon="7.5341960">
    <ele>170.8</ele>
    <time>2024-04-21T09:29:20Z</time>
   </trkpt>
   <trkpt lat="48.1883980" lon="7.5341610">
    <ele>170.8</ele>
    <time>2024-04-21T09:29:21Z</time>
   </trkpt>
   <trkpt lat="48.1883520" lon="7.5341280">
    <ele>170.8</ele>
    <time>2024-04-21T09:29:22Z</time>
   </trkpt>
   <trkpt lat="48.1883080" lon="7.5340960">
    <ele>170.9</ele>
    <time>2024-04-21T09:29:23Z</time>
   </trkpt>
   <trkpt lat="48.1882620" lon="7.5340660">
    <ele>171.0</ele>
    <time>2024-04-21T09:29:24Z</time>
   </trkpt>
   <trkpt lat="48.1882160" lon="7.5340320">
    <ele>171.2</ele>
    <time>2024-04-21T09:29:25Z</time>
   </trkpt>
   <trkpt lat="48.1881680" lon="7.5339970">
    <ele>171.3</ele>
    <time>2024-04-21T09:29:26Z</time>
   </trkpt>
   <trkpt lat="48.1881190" lon="7.5339610">
    <ele>171.5</ele>
    <time>2024-04-21T09:29:27Z</time>
   </trkpt>
   <trkpt lat="48.1880700" lon="7.5339230">
    <ele>171.7</ele>
    <time>2024-04-21T09:29:28Z</time>
   </trkpt>
   <trkpt lat="48.1880210" lon="7.5338850">
    <ele>171.8</ele>
    <time>2024-04-21T09:29:29Z</time>
   </trkpt>
   <trkpt lat="48.1879710" lon="7.5338480">
    <ele>172.0</ele>
    <time>2024-04-21T09:29:30Z</time>
   </trkpt>
   <trkpt lat="48.1879220" lon="7.5338100">
    <ele>172.2</ele>
    <time>2024-04-21T09:29:31Z</time>
   </trkpt>
   <trkpt lat="48.1878710" lon="7.5337740">
    <ele>172.3</ele>
    <time>2024-04-21T09:29:32Z</time>
   </trkpt>
   <trkpt lat="48.1878190" lon="7.5337360">
    <ele>172.5</ele>
    <time>2024-04-21T09:29:33Z</time>
   </trkpt>
   <trkpt lat="48.1877690" lon="7.5336980">
    <ele>172.7</ele>
    <time>2024-04-21T09:29:34Z</time>
   </trkpt>
   <trkpt lat="48.1877170" lon="7.5336610">
    <ele>172.8</ele>
    <time>2024-04-21T09:29:35Z</time>
   </trkpt>
   <trkpt lat="48.1876660" lon="7.5336270">
    <ele>173.0</ele>
    <time>2024-04-21T09:29:36Z</time>
   </trkpt>
   <trkpt lat="48.1876140" lon="7.5335910">
    <ele>173.2</ele>
    <time>2024-04-21T09:29:37Z</time>
   </trkpt>
   <trkpt lat="48.1875630" lon="7.5335520">
    <ele>173.3</ele>
    <time>2024-04-21T09:29:38Z</time>
   </trkpt>
   <trkpt lat="48.1875120" lon="7.5335130">
    <ele>173.5</ele>
    <time>2024-04-21T09:29:39Z</time>
   </trkpt>
   <trkpt lat="48.1874600" lon="7.5334770">
    <ele>173.7</ele>
    <time>2024-04-21T09:29:40Z</time>
   </trkpt>
   <trkpt lat="48.1874070" lon="7.5334400">
    <ele>173.8</ele>
    <time>2024-04-21T09:29:41Z</time>
   </trkpt>
   <trkpt lat="48.1873550" lon="7.5334020">
    <ele>174.0</ele>
    <time>2024-04-21T09:29:42Z</time>
   </trkpt>
   <trkpt lat="48.1873020" lon="7.5333670">
    <ele>174.2</ele>
    <time>2024-04-21T09:29:43Z</time>
   </trkpt>
   <trkpt lat="48.1872510" lon="7.5333290">
    <ele>174.4</ele>
    <time>2024-04-21T09:29:44Z</time>
   </trkpt>
   <trkpt lat="48.1872000" lon="7.5332920">
    <ele>174.5</ele>
    <time>2024-04-21T09:29:45Z</time>
   </trkpt>
   <trkpt lat="48.1871480" lon="7.5332590">
    <ele>174.7</ele>
    <time>2024-04-21T09:29:46Z</time>
   </trkpt>
   <trkpt lat="48.1870970" lon="7.5332240">
    <ele>174.9</ele>
    <time>2024-04-21T09:29:47Z</time>
   </trkpt>
   <trkpt lat="48.1870460" lon="7.5331890">
    <ele>175.0</ele>
    <time>2024-04-21T09:29:48Z</time>
   </trkpt>
   <trkpt lat="48.1869980" lon="7.5331540">
    <ele>175.2</ele>
    <time>2024-04-21T09:29:49Z</time>
   </trkpt>
   <trkpt lat="48.1869560" lon="7.5331270">
    <ele>175.3</ele>
    <time>2024-04-21T09:29:50Z</time>
   </trkpt>
   <trkpt lat="48.1869260" lon="7.5331070">
    <ele>175.4</ele>
    <time>2024-04-21T09:29:51Z</time>
   </trkpt>
   <trkpt lat="48.1869160" lon="7.5330620">
    <ele>175.7</ele>
    <time>2024-04-21T09:29:52Z</time>
   </trkpt>
   <trkpt lat="48.1869190" lon="7.5330480">
    <ele>175.7</ele>
    <time>2024-04-21T09:29:53Z</time>
   </trkpt>
   <trkpt lat="48.1869440" lon="7.5330060">
    <ele>175.6</ele>
    <time>2024-04-21T09:29:54Z</time>
   </trkpt>
   <trkpt lat="48.1869550" lon="7.5329930">
    <ele>175.6</ele>
    <time>2024-04-21T09:29:55Z</time>
   </trkpt>
   <trkpt lat="48.1869850" lon="7.5329650">
    <ele>175.5</ele>
    <time>2024-04-21T09:29:56Z</time>
   </trkpt>
   <trkpt lat="48.1870200" lon="7.5329310">
    <ele>175.5</ele>
    <time>2024-04-21T09:29:57Z</time>
   </trkpt>
   <trkpt lat="48.1870550" lon="7.5328900">
    <ele>175.4</ele>
    <time>2024-04-21T09:29:58Z</time>
   </trkpt>
   <trkpt lat="48.1870920" lon="7.5328470">
    <ele>175.4</ele>
    <time>2024-04-21T09:29:59Z</time>
   </trkpt>
   <trkpt lat="48.1871330" lon="7.5328030">
    <ele>175.3</ele>
    <time>2024-04-21T09:30:00Z</time>
   </trkpt>
   <trkpt lat="48.1871750" lon="7.5327590">
    <ele>175.3</ele>
    <time>2024-04-21T09:30:01Z</time>
   </trkpt>
   <trkpt lat="48.1872180" lon="7.5327110">
    <ele>175.3</ele>
    <time>2024-04-21T09:30:02Z</time>
   </trkpt>
   <trkpt lat="48.1872660" lon="7.5326610">
    <ele>175.3</ele>
    <time>2024-04-21T09:30:03Z</time>
   </trkpt>
   <trkpt lat="48.1873160" lon="7.5326070">
    <ele>175.3</ele>
    <time>2024-04-21T09:30:04Z</time>
   </trkpt>
   <trkpt lat="48.1873670" lon="7.5325530">
    <ele>175.2</ele>
    <time>2024-04-21T09:30:05Z</time>
   </trkpt>
   <trkpt lat="48.1874200" lon="7.5324970">
    <ele>175.2</ele>
    <time>2024-04-21T09:30:06Z</time>
   </trkpt>
   <trkpt lat="48.1874740" lon="7.5324400">
    <ele>175.2</ele>
    <time>2024-04-21T09:30:07Z</time>
   </trkpt>
   <trkpt lat="48.1875290" lon="7.5323780">
    <ele>175.2</ele>
    <time>2024-04-21T09:30:08Z</time>
   </trkpt>
   <trkpt lat="48.1875840" lon="7.5323160">
    <ele>175.2</ele>
    <time>2024-04-21T09:30:09Z</time>
   </trkpt>
   <trkpt lat="48.1876410" lon="7.5322540">
    <ele>175.2</ele>
    <time>2024-04-21T09:30:10Z</time>
   </trkpt>
   <trkpt lat="48.1876960" lon="7.5321920">
    <ele>175.2</ele>
    <time>2024-04-21T09:30:11Z</time>
   </trkpt>
   <trkpt lat="48.1877530" lon="7.5321280">
    <ele>175.2</ele>
    <time>2024-04-21T09:30:12Z</time>
   </trkpt>
   <trkpt lat="48.1878100" lon="7.5320640">
    <ele>175.2</ele>
    <time>2024-04-21T09:30:13Z</time>
   </trkpt>
   <trkpt lat="48.1878680" lon="7.5320030">
    <ele>175.2</ele>
    <time>2024-04-21T09:30:14Z</time>
   </trkpt>
   <trkpt lat="48.1879280" lon="7.5319420">
    <ele>175.2</ele>
    <time>2024-04-21T09:30:15Z</time>
   </trkpt>
   <trkpt lat="48.1879860" lon="7.5318760">
    <ele>175.2</ele>
    <time>2024-04-21T09:30:16Z</time>
   </trkpt>
   <trkpt lat="48.1880460" lon="7.5318130">
    <ele>175.1</ele>
    <time>2024-04-21T09:30:17Z</time>
   </trkpt>
   <trkpt lat="48.1881050" lon="7.5317470">
    <ele>175.1</ele>
    <time>2024-04-21T09:30:18Z</time>
   </trkpt>
   <trkpt lat="48.1881670" lon="7.5316810">
    <ele>175.1</ele>
    <time>2024-04-21T09:30:19Z</time>
   </trkpt>
   <trkpt lat="48.1882290" lon="7.5316130">
    <ele>175.1</ele>
    <time>2024-04-21T09:30:20Z</time>
   </trkpt>
   <trkpt lat="48.1882890" lon="7.5315450">
    <ele>175.1</ele>
    <time>2024-04-21T09:30:21Z</time>
   </trkpt>
   <trkpt lat="48.1883510" lon="7.5314780">
    <ele>175.1</ele>
    <time>2024-04-21T09:30:22Z</time>
   </trkpt>
   <trkpt lat="48.1884130" lon="7.5314100">
    <ele>175.1</ele>
    <time>2024-04-21T09:30:23Z</time>
   </trkpt>
   <trkpt lat="48.1884750" lon="7.5313450">
    <ele>175.2</ele>
    <time>2024-04-21T09:30:24Z</time>
   </trkpt>
   <trkpt lat="48.1885370" lon="7.5312770">
    <ele>175.2</ele>
    <time>2024-04-21T09:30:25Z</time>
   </trkpt>
   <trkpt lat="48.1886010" lon="7.5312120">
    <ele>175.2</ele>
    <time>2024-04-21T09:30:26Z</time>
   </trkpt>
   <trkpt lat="48.1886630" lon="7.5311430">
    <ele>175.2</ele>
    <time>2024-04-21T09:30:27Z</time>
   </trkpt>
   <trkpt lat="48.1887250" lon="7.5310760">
    <ele>175.2</ele>
    <time>2024-04-21T09:30:28Z</time>
   </trkpt>
   <trkpt lat="48.1887900" lon="7.5310090">
    <ele>175.2</ele>
    <time>2024-04-21T09:30:29Z</time>
   </trkpt>
   <trkpt lat="48.1888520" lon="7.5309420">
    <ele>175.2</ele>
    <time>2024-04-21T09:30:30Z</time>
   </trkpt>
   <trkpt lat="48.1889150" lon="7.5308740">
    <ele>175.2</ele>
    <time>2024-04-21T09:30:31Z</time>
   </trkpt>
   <trkpt lat="48.1889770" lon="7.5308060">
    <ele>175.2</ele>
    <time>2024-04-21T09:30:32Z</time>
   </trkpt>
   <trkpt lat="48.1890410" lon="7.5307380">
    <ele>175.2</ele>
    <time>2024-04-21T09:30:33Z</time>
   </trkpt>
   <trkpt lat="48.1891030" lon="7.5306690">
    <ele>175.1</ele>
    <time>2024-04-21T09:30:34Z</time>
   </trkpt>
   <trkpt lat="48.1891640" lon="7.5306000">
    <ele>175.1</ele>
    <time>2024-04-21T09:30:35Z</time>
   </trkpt>
   <trkpt lat="48.1892270" lon="7.5305360">
    <ele>175.1</ele>
    <time>2024-04-21T09:30:36Z</time>
   </trkpt>
   <trkpt lat="48.1892880" lon="7.5304690">
    <ele>175.1</ele>
    <time>2024-04-21T09:30:37Z</time>
   </trkpt>
   <trkpt lat="48.1893500" lon="7.5304020">
    <ele>175.1</ele>
    <time>2024-04-21T09:30:38Z</time>
   </trkpt>
   <trkpt lat="48.1894110" lon="7.5303380">
    <ele>175.1</ele>
    <time>2024-04-21T09:30:39Z</time>
   </trkpt>
   <trkpt lat="48.1894720" lon="7.5302740">
    <ele>175.1</ele>
    <time>2024-04-21T09:30:40Z</time>
   </trkpt>
   <trkpt lat="48.1895320" lon="7.5302080">
    <ele>175.1</ele>
    <time>2024-04-21T09:30:41Z</time>
   </trkpt>
   <trkpt lat="48.1895910" lon="7.5301430">
    <ele>175.1</ele>
    <time>2024-04-21T09:30:42Z</time>
   </trkpt>
   <trkpt lat="48.1896510" lon="7.5300800">
    <ele>175.1</ele>
    <time>2024-04-21T09:30:43Z</time>
   </trkpt>
   <trkpt lat="48.1897100" lon="7.5300130">
    <ele>175.1</ele>
    <time>2024-04-21T09:30:44Z</time>
   </trkpt>
   <trkpt lat="48.1897690" lon="7.5299450">
    <ele>175.2</ele>
    <time>2024-04-21T09:30:45Z</time>
   </trkpt>
   <trkpt lat="48.1898300" lon="7.5298790">
    <ele>175.2</ele>
    <time>2024-04-21T09:30:46Z</time>
   </trkpt>
   <trkpt lat="48.1898890" lon="7.5298130">
    <ele>175.2</ele>
    <time>2024-04-21T09:30:47Z</time>
   </trkpt>
   <trkpt lat="48.1899490" lon="7.5297470">
    <ele>175.2</ele>
    <time>2024-04-21T09:30:48Z</time>
   </trkpt>
   <trkpt lat="48.1900090" lon="7.5296840">
    <ele>175.2</ele>
    <time>2024-04-21T09:30:49Z</time>
   </trkpt>
   <trkpt lat="48.1900700" lon="7.5296200">
    <ele>175.2</ele>
    <time>2024-04-21T09:30:50Z</time>
   </trkpt>
   <trkpt lat="48.1901300" lon="7.5295580">
    <ele>175.2</ele>
    <time>2024-04-21T09:30:51Z</time>
   </trkpt>
   <trkpt lat="48.1901900" lon="7.5294940">
    <ele>175.2</ele>
    <time>2024-04-21T09:30:52Z</time>
   </trkpt>
   <trkpt lat="48.1902480" lon="7.5294240">
    <ele>175.2</ele>
    <time>2024-04-21T09:30:53Z</time>
   </trkpt>
   <trkpt lat="48.1903080" lon="7.5293570">
    <ele>175.2</ele>
    <time>2024-04-21T09:30:54Z</time>
   </trkpt>
   <trkpt lat="48.1903680" lon="7.5292920">
    <ele>175.2</ele>
    <time>2024-04-21T09:30:55Z</time>
   </trkpt>
   <trkpt lat="48.1904280" lon="7.5292250">
    <ele>175.1</ele>
    <time>2024-04-21T09:30:56Z</time>
   </trkpt>
   <trkpt lat="48.1904870" lon="7.5291620">
    <ele>175.1</ele>
    <time>2024-04-21T09:30:57Z</time>
   </trkpt>
   <trkpt lat="48.1905480" lon="7.5290980">
    <ele>175.1</ele>
    <time>2024-04-21T09:30:58Z</time>
   </trkpt>
   <trkpt lat="48.1906110" lon="7.5290330">
    <ele>175.0</ele>
    <time>2024-04-21T09:30:59Z</time>
   </trkpt>
   <trkpt lat="48.1906700" lon="7.5289670">
    <ele>175.0</ele>
    <time>2024-04-21T09:31:00Z</time>
   </trkpt>
   <trkpt lat="48.1907310" lon="7.5289010">
    <ele>175.0</ele>
    <time>2024-04-21T09:31:01Z</time>
   </trkpt>
   <trkpt lat="48.1907910" lon="7.5288360">
    <ele>174.9</ele>
    <time>2024-04-21T09:31:02Z</time>
   </trkpt>
   <trkpt lat="48.1908520" lon="7.5287690">
    <ele>174.9</ele>
    <time>2024-04-21T09:31:03Z</time>
   </trkpt>
   <trkpt lat="48.1909130" lon="7.5287000">
    <ele>174.9</ele>
    <time>2024-04-21T09:31:04Z</time>
   </trkpt>
   <trkpt lat="48.1909750" lon="7.5286310">
    <ele>174.9</ele>
    <time>2024-04-21T09:31:05Z</time>
   </trkpt>
   <trkpt lat="48.1910360" lon="7.5285660">
    <ele>174.9</ele>
    <time>2024-04-21T09:31:06Z</time>
   </trkpt>
   <trkpt lat="48.1910970" lon="7.5285020">
    <ele>174.8</ele>
    <time>2024-04-21T09:31:07Z</time>
   </trkpt>
   <trkpt lat="48.1911570" lon="7.5284360">
    <ele>174.8</ele>
    <time>2024-04-21T09:31:08Z</time>
   </trkpt>
   <trkpt lat="48.1912180" lon="7.5283690">
    <ele>174.8</ele>
    <time>2024-04-21T09:31:09Z</time>
   </trkpt>
   <trkpt lat="48.1912800" lon="7.5283070">
    <ele>174.7</ele>
    <time>2024-04-21T09:31:10Z</time>
   </trkpt>
   <trkpt lat="48.1913410" lon="7.5282390">
    <ele>174.7</ele>
    <time>2024-04-21T09:31:11Z</time>
   </trkpt>
   <trkpt lat="48.1914020" lon="7.5281750">
    <ele>174.6</ele>
    <time>2024-04-21T09:31:12Z</time>
   </trkpt>
   <trkpt lat="48.1914650" lon="7.5281110">
    <ele>174.6</ele>
    <time>2024-04-21T09:31:13Z</time>
   </trkpt>
   <trkpt lat="48.1915260" lon="7.5280420">
    <ele>174.5</ele>
    <time>2024-04-21T09:31:14Z</time>
   </trkpt>
   <trkpt lat="48.1915880" lon="7.5279730">
    <ele>174.5</ele>
    <time>2024-04-21T09:31:15Z</time>
   </trkpt>
   <trkpt lat="48.1916500" lon="7.5279070">
    <ele>174.5</ele>
    <time>2024-04-21T09:31:16Z</time>
   </trkpt>
   <trkpt lat="48.1917120" lon="7.5278370">
    <ele>174.5</ele>
    <time>2024-04-21T09:31:17Z</time>
   </trkpt>
   <trkpt lat="48.1917720" lon="7.5277680">
    <ele>174.5</ele>
    <time>2024-04-21T09:31:18Z</time>
   </trkpt>
   <trkpt lat="48.1918340" lon="7.5277010">
    <ele>174.4</ele>
    <time>2024-04-21T09:31:19Z</time>
   </trkpt>
   <trkpt lat="48.1918950" lon="7.5276320">
    <ele>174.4</ele>
    <time>2024-04-21T09:31:20Z</time>
   </trkpt>
   <trkpt lat="48.1919580" lon="7.5275680">
    <ele>174.4</ele>
    <time>2024-04-21T09:31:21Z</time>
   </trkpt>
   <trkpt lat="48.1920200" lon="7.5275010">
    <ele>174.3</ele>
    <time>2024-04-21T09:31:22Z</time>
   </trkpt>
   <trkpt lat="48.1920820" lon="7.5274310">
    <ele>174.3</ele>
    <time>2024-04-21T09:31:23Z</time>
   </trkpt>
   <trkpt lat="48.1921440" lon="7.5273610">
    <ele>174.2</ele>
    <time>2024-04-21T09:31:24Z</time>
   </trkpt>
   <trkpt lat="48.1922090" lon="7.5272950">
    <ele>174.2</ele>
    <time>2024-04-21T09:31:25Z</time>
   </trkpt>
   <trkpt lat="48.1922710" lon="7.5272270">
    <ele>174.2</ele>
    <time>2024-04-21T09:31:26Z</time>
   </trkpt>
   <trkpt lat="48.1923340" lon="7.5271610">
    <ele>174.2</ele>
    <time>2024-04-21T09:31:27Z</time>
   </trkpt>
   <trkpt lat="48.1923940" lon="7.5270910">
    <ele>174.1</ele>
    <time>2024-04-21T09:31:28Z</time>
   </trkpt>
   <trkpt lat="48.1924560" lon="7.5270260">
    <ele>174.1</ele>
    <time>2024-04-21T09:31:29Z</time>
   </trkpt>
   <trkpt lat="48.1925170" lon="7.5269590">
    <ele>174.1</ele>
    <time>2024-04-21T09:31:30Z</time>
   </trkpt>
   <trkpt lat="48.1925790" lon="7.5268940">
    <ele>174.1</ele>
    <time>2024-04-21T09:31:31Z</time>
   </trkpt>
   <trkpt lat="48.1926410" lon="7.5268280">
    <ele>174.0</ele>
    <time>2024-04-21T09:31:32Z</time>
   </trkpt>
   <trkpt lat="48.1927020" lon="7.5267620">
    <ele>174.0</ele>
    <time>2024-04-21T09:31:33Z</time>
   </trkpt>
   <trkpt lat="48.1927630" lon="7.5266960">
    <ele>174.0</ele>
    <time>2024-04-21T09:31:34Z</time>
   </trkpt>
   <trkpt lat="48.1928230" lon="7.5266320">
    <ele>174.0</ele>
    <time>2024-04-21T09:31:35Z</time>
   </trkpt>
   <trkpt lat="48.1928830" lon="7.5265680">
    <ele>174.0</ele>
    <time>2024-04-21T09:31:36Z</time>
   </trkpt>
   <trkpt lat="48.1929410" lon="7.5265050">
    <ele>174.0</ele>
    <time>2024-04-21T09:31:37Z</time>
   </trkpt>
   <trkpt lat="48.1929980" lon="7.5264400">
    <ele>174.0</ele>
    <time>2024-04-21T09:31:38Z</time>
   </trkpt>
   <trkpt lat="48.1930540" lon="7.5263770">
    <ele>174.0</ele>
    <time>2024-04-21T09:31:39Z</time>
   </trkpt>
   <trkpt lat="48.1931120" lon="7.5263150">
    <ele>174.0</ele>
    <time>2024-04-21T09:31:40Z</time>
   </trkpt>
   <trkpt lat="48.1931700" lon="7.5262520">
    <ele>174.0</ele>
    <time>2024-04-21T09:31:41Z</time>
   </trkpt>
   <trkpt lat="48.1932270" lon="7.5261880">
    <ele>174.0</ele>
    <time>2024-04-21T09:31:42Z</time>
   </trkpt>
   <trkpt lat="48.1932850" lon="7.5261250">
    <ele>174.0</ele>
    <time>2024-04-21T09:31:43Z</time>
   </trkpt>
   <trkpt lat="48.1933440" lon="7.5260610">
    <ele>173.9</ele>
    <time>2024-04-21T09:31:44Z</time>
   </trkpt>
   <trkpt lat="48.1934030" lon="7.5259990">
    <ele>173.9</ele>
    <time>2024-04-21T09:31:45Z</time>
   </trkpt>
   <trkpt lat="48.1934610" lon="7.5259350">
    <ele>173.9</ele>
    <time>2024-04-21T09:31:46Z</time>
   </trkpt>
   <trkpt lat="48.1935190" lon="7.5258710">
    <ele>173.9</ele>
    <time>2024-04-21T09:31:47Z</time>
   </trkpt>
   <trkpt lat="48.1935780" lon="7.5258100">
    <ele>173.9</ele>
    <time>2024-04-21T09:31:48Z</time>
   </trkpt>
   <trkpt lat="48.1936380" lon="7.5257500">
    <ele>173.9</ele>
    <time>2024-04-21T09:31:49Z</time>
   </trkpt>
   <trkpt lat="48.1936960" lon="7.5256860">
    <ele>173.9</ele>
    <time>2024-04-21T09:31:50Z</time>
   </trkpt>
   <trkpt lat="48.1937530" lon="7.5256230">
    <ele>173.9</ele>
    <time>2024-04-21T09:31:51Z</time>
   </trkpt>
   <trkpt lat="48.1938100" lon="7.5255590">
    <ele>173.9</ele>
    <time>2024-04-21T09:31:52Z</time>
   </trkpt>
   <trkpt lat="48.1938680" lon="7.5255000">
    <ele>173.9</ele>
    <time>2024-04-21T09:31:53Z</time>
   </trkpt>
   <trkpt lat="48.1939250" lon="7.5254390">
    <ele>173.9</ele>
    <time>2024-04-21T09:31:54Z</time>
   </trkpt>
   <trkpt lat="48.1939810" lon="7.5253760">
    <ele>173.9</ele>
    <time>2024-04-21T09:31:55Z</time>
   </trkpt>
   <trkpt lat="48.1940380" lon="7.5253130">
    <ele>173.9</ele>
    <time>2024-04-21T09:31:56Z</time>
   </trkpt>
   <trkpt lat="48.1940940" lon="7.5252510">
    <ele>173.9</ele>
    <time>2024-04-21T09:31:57Z</time>
   </trkpt>
   <trkpt lat="48.1941530" lon="7.5251890">
    <ele>173.9</ele>
    <time>2024-04-21T09:31:58Z</time>
   </trkpt>
   <trkpt lat="48.1942120" lon="7.5251300">
    <ele>173.9</ele>
    <time>2024-04-21T09:31:59Z</time>
   </trkpt>
   <trkpt lat="48.1942700" lon="7.5250650">
    <ele>173.9</ele>
    <time>2024-04-21T09:32:00Z</time>
   </trkpt>
   <trkpt lat="48.1943290" lon="7.5250030">
    <ele>173.9</ele>
    <time>2024-04-21T09:32:01Z</time>
   </trkpt>
   <trkpt lat="48.1943870" lon="7.5249400">
    <ele>173.8</ele>
    <time>2024-04-21T09:32:02Z</time>
   </trkpt>
   <trkpt lat="48.1944450" lon="7.5248750">
    <ele>173.8</ele>
    <time>2024-04-21T09:32:03Z</time>
   </trkpt>
   <trkpt lat="48.1945040" lon="7.5248130">
    <ele>173.8</ele>
    <time>2024-04-21T09:32:04Z</time>
   </trkpt>
   <trkpt lat="48.1945630" lon="7.5247520">
    <ele>173.8</ele>
    <time>2024-04-21T09:32:05Z</time>
   </trkpt>
   <trkpt lat="48.1946210" lon="7.5246890">
    <ele>173.8</ele>
    <time>2024-04-21T09:32:06Z</time>
   </trkpt>
   <trkpt lat="48.1946790" lon="7.5246280">
    <ele>173.8</ele>
    <time>2024-04-21T09:32:07Z</time>
   </trkpt>
   <trkpt lat="48.1947350" lon="7.5245640">
    <ele>173.8</ele>
    <time>2024-04-21T09:32:08Z</time>
   </trkpt>
   <trkpt lat="48.1947920" lon="7.5245030">
    <ele>173.8</ele>
    <time>2024-04-21T09:32:09Z</time>
   </trkpt>
   <trkpt lat="48.1948460" lon="7.5244380">
    <ele>173.9</ele>
    <time>2024-04-21T09:32:10Z</time>
   </trkpt>
   <trkpt lat="48.1949030" lon="7.5243790">
    <ele>173.9</ele>
    <time>2024-04-21T09:32:11Z</time>
   </trkpt>
   <trkpt lat="48.1949590" lon="7.5243210">
    <ele>174.0</ele>
    <time>2024-04-21T09:32:12Z</time>
   </trkpt>
   <trkpt lat="48.1950150" lon="7.5242600">
    <ele>174.0</ele>
    <time>2024-04-21T09:32:13Z</time>
   </trkpt>
   <trkpt lat="48.1950680" lon="7.5241970">
    <ele>174.0</ele>
    <time>2024-04-21T09:32:14Z</time>
   </trkpt>
   <trkpt lat="48.1951220" lon="7.5241380">
    <ele>174.0</ele>
    <time>2024-04-21T09:32:15Z</time>
   </trkpt>
   <trkpt lat="48.1951760" lon="7.5240790">
    <ele>174.0</ele>
    <time>2024-04-21T09:32:16Z</time>
   </trkpt>
   <trkpt lat="48.1952280" lon="7.5240170">
    <ele>174.0</ele>
    <time>2024-04-21T09:32:17Z</time>
   </trkpt>
   <trkpt lat="48.1952840" lon="7.5239600">
    <ele>174.0</ele>
    <time>2024-04-21T09:32:18Z</time>
   </trkpt>
   <trkpt lat="48.1953390" lon="7.5239040">
    <ele>174.0</ele>
    <time>2024-04-21T09:32:19Z</time>
   </trkpt>
   <trkpt lat="48.1953940" lon="7.5238430">
    <ele>174.0</ele>
    <time>2024-04-21T09:32:20Z</time>
   </trkpt>
   <trkpt lat="48.1954470" lon="7.5237820">
    <ele>174.0</ele>
    <time>2024-04-21T09:32:21Z</time>
   </trkpt>
   <trkpt lat="48.1955020" lon="7.5237230">
    <ele>173.9</ele>
    <time>2024-04-21T09:32:22Z</time>
   </trkpt>
   <trkpt lat="48.1955580" lon="7.5236620">
    <ele>173.9</ele>
    <time>2024-04-21T09:32:23Z</time>
   </trkpt>
   <trkpt lat="48.1956130" lon="7.5236000">
    <ele>173.9</ele>
    <time>2024-04-21T09:32:24Z</time>
   </trkpt>
   <trkpt lat="48.1956680" lon="7.5235390">
    <ele>173.9</ele>
    <time>2024-04-21T09:32:25Z</time>
   </trkpt>
   <trkpt lat="48.1957250" lon="7.5234810">
    <ele>173.9</ele>
    <time>2024-04-21T09:32:26Z</time>
   </trkpt>
   <trkpt lat="48.1957820" lon="7.5234240">
    <ele>173.8</ele>
    <time>2024-04-21T09:32:27Z</time>
   </trkpt>
   <trkpt lat="48.1958390" lon="7.5233630">
    <ele>173.8</ele>
    <time>2024-04-21T09:32:28Z</time>
   </trkpt>
   <trkpt lat="48.1958950" lon="7.5232980">
    <ele>173.8</ele>
    <time>2024-04-21T09:32:29Z</time>
   </trkpt>
   <trkpt lat="48.1959530" lon="7.5232360">
    <ele>173.8</ele>
    <time>2024-04-21T09:32:30Z</time>
   </trkpt>
   <trkpt lat="48.1960110" lon="7.5231770">
    <ele>173.8</ele>
    <time>2024-04-21T09:32:31Z</time>
   </trkpt>
   <trkpt lat="48.1960680" lon="7.5231130">
    <ele>173.8</ele>
    <time>2024-04-21T09:32:32Z</time>
   </trkpt>
   <trkpt lat="48.1961250" lon="7.5230490">
    <ele>173.8</ele>
    <time>2024-04-21T09:32:33Z</time>
   </trkpt>
   <trkpt lat="48.1961830" lon="7.5229870">
    <ele>173.8</ele>
    <time>2024-04-21T09:32:34Z</time>
   </trkpt>
   <trkpt lat="48.1962390" lon="7.5229220">
    <ele>173.8</ele>
    <time>2024-04-21T09:32:35Z</time>
   </trkpt>
   <trkpt lat="48.1962960" lon="7.5228640">
    <ele>173.8</ele>
    <time>2024-04-21T09:32:36Z</time>
   </trkpt>
   <trkpt lat="48.1963530" lon="7.5228050">
    <ele>173.9</ele>
    <time>2024-04-21T09:32:37Z</time>
   </trkpt>
   <trkpt lat="48.1964090" lon="7.5227420">
    <ele>173.9</ele>
    <time>2024-04-21T09:32:38Z</time>
   </trkpt>
   <trkpt lat="48.1964650" lon="7.5226780">
    <ele>173.9</ele>
    <time>2024-04-21T09:32:39Z</time>
   </trkpt>
   <trkpt lat="48.1965210" lon="7.5226140">
    <ele>173.9</ele>
    <time>2024-04-21T09:32:40Z</time>
   </trkpt>
   <trkpt lat="48.1965780" lon="7.5225510">
    <ele>173.9</ele>
    <time>2024-04-21T09:32:41Z</time>
   </trkpt>
   <trkpt lat="48.1966360" lon="7.5224930">
    <ele>173.9</ele>
    <time>2024-04-21T09:32:42Z</time>
   </trkpt>
   <trkpt lat="48.1966940" lon="7.5224340">
    <ele>174.0</ele>
    <time>2024-04-21T09:32:43Z</time>
   </trkpt>
   <trkpt lat="48.1967530" lon="7.5223770">
    <ele>174.0</ele>
    <time>2024-04-21T09:32:44Z</time>
   </trkpt>
   <trkpt lat="48.1968120" lon="7.5223250">
    <ele>174.1</ele>
    <time>2024-04-21T09:32:45Z</time>
   </trkpt>
   <trkpt lat="48.1968700" lon="7.5222700">
    <ele>174.1</ele>
    <time>2024-04-21T09:32:46Z</time>
   </trkpt>
   <trkpt lat="48.1969300" lon="7.5222180">
    <ele>174.2</ele>
    <time>2024-04-21T09:32:47Z</time>
   </trkpt>
   <trkpt lat="48.1969890" lon="7.5221680">
    <ele>174.2</ele>
    <time>2024-04-21T09:32:48Z</time>
   </trkpt>
   <trkpt lat="48.1970490" lon="7.5221140">
    <ele>174.3</ele>
    <time>2024-04-21T09:32:49Z</time>
   </trkpt>
   <trkpt lat="48.1971090" lon="7.5220670">
    <ele>174.3</ele>
    <time>2024-04-21T09:32:50Z</time>
   </trkpt>
   <trkpt lat="48.1971690" lon="7.5220200">
    <ele>174.3</ele>
    <time>2024-04-21T09:32:51Z</time>
   </trkpt>
   <trkpt lat="48.1972280" lon="7.5219690">
    <ele>174.3</ele>
    <time>2024-04-21T09:32:52Z</time>
   </trkpt>
   <trkpt lat="48.1972900" lon="7.5219200">
    <ele>174.3</ele>
    <time>2024-04-21T09:32:53Z</time>
   </trkpt>
   <trkpt lat="48.1973520" lon="7.5218750">
    <ele>174.3</ele>
    <time>2024-04-21T09:32:54Z</time>
   </trkpt>
   <trkpt lat="48.1974150" lon="7.5218310">
    <ele>174.3</ele>
    <time>2024-04-21T09:32:55Z</time>
   </trkpt>
   <trkpt lat="48.1974790" lon="7.5217880">
    <ele>174.3</ele>
    <time>2024-04-21T09:32:56Z</time>
   </trkpt>
   <trkpt lat="48.1975420" lon="7.5217470">
    <ele>174.2</ele>
    <time>2024-04-21T09:32:57Z</time>
   </trkpt>
   <trkpt lat="48.1976060" lon="7.5217060">
    <ele>174.2</ele>
    <time>2024-04-21T09:32:58Z</time>
   </trkpt>
   <trkpt lat="48.1976710" lon="7.5216690">
    <ele>174.1</ele>
    <time>2024-04-21T09:32:59Z</time>
   </trkpt>
   <trkpt lat="48.1977360" lon="7.5216320">
    <ele>174.1</ele>
    <time>2024-04-21T09:33:00Z</time>
   </trkpt>
   <trkpt lat="48.1978010" lon="7.5215960">
    <ele>174.1</ele>
    <time>2024-04-21T09:33:01Z</time>
   </trkpt>
   <trkpt lat="48.1978670" lon="7.5215640">
    <ele>174.0</ele>
    <time>2024-04-21T09:33:02Z</time>
   </trkpt>
   <trkpt lat="48.1979340" lon="7.5215330">
    <ele>174.0</ele>
    <time>2024-04-21T09:33:03Z</time>
   </trkpt>
   <trkpt lat="48.1979990" lon="7.5215000">
    <ele>174.0</ele>
    <time>2024-04-21T09:33:04Z</time>
   </trkpt>
   <trkpt lat="48.1980660" lon="7.5214710">
    <ele>173.9</ele>
    <time>2024-04-21T09:33:05Z</time>
   </trkpt>
   <trkpt lat="48.1981350" lon="7.5214460">
    <ele>173.9</ele>
    <time>2024-04-21T09:33:06Z</time>
   </trkpt>
   <trkpt lat="48.1982040" lon="7.5214180">
    <ele>173.9</ele>
    <time>2024-04-21T09:33:07Z</time>
   </trkpt>
   <trkpt lat="48.1982730" lon="7.5213950">
    <ele>173.8</ele>
    <time>2024-04-21T09:33:08Z</time>
   </trkpt>
   <trkpt lat="48.1983420" lon="7.5213720">
    <ele>173.8</ele>
    <time>2024-04-21T09:33:09Z</time>
   </trkpt>
   <trkpt lat="48.1984120" lon="7.5213520">
    <ele>173.8</ele>
    <time>2024-04-21T09:33:10Z</time>
   </trkpt>
   <trkpt lat="48.1984810" lon="7.5213370">
    <ele>173.7</ele>
    <time>2024-04-21T09:33:11Z</time>
   </trkpt>
   <trkpt lat="48.1985510" lon="7.5213200">
    <ele>173.7</ele>
    <time>2024-04-21T09:33:12Z</time>
   </trkpt>
   <trkpt lat="48.1986200" lon="7.5213050">
    <ele>173.6</ele>
    <time>2024-04-21T09:33:13Z</time>
   </trkpt>
   <trkpt lat="48.1986900" lon="7.5212920">
    <ele>173.6</ele>
    <time>2024-04-21T09:33:14Z</time>
   </trkpt>
   <trkpt lat="48.1987600" lon="7.5212800">
    <ele>173.6</ele>
    <time>2024-04-21T09:33:15Z</time>
   </trkpt>
   <trkpt lat="48.1988300" lon="7.5212710">
    <ele>173.5</ele>
    <time>2024-04-21T09:33:16Z</time>
   </trkpt>
   <trkpt lat="48.1988980" lon="7.5212630">
    <ele>173.5</ele>
    <time>2024-04-21T09:33:17Z</time>
   </trkpt>
   <trkpt lat="48.1989660" lon="7.5212530">
    <ele>173.5</ele>
    <time>2024-04-21T09:33:18Z</time>
   </trkpt>
   <trkpt lat="48.1990350" lon="7.5212450">
    <ele>173.5</ele>
    <time>2024-04-21T09:33:19Z</time>
   </trkpt>
   <trkpt lat="48.1991010" lon="7.5212390">
    <ele>173.5</ele>
    <time>2024-04-21T09:33:20Z</time>
   </trkpt>
   <trkpt lat="48.1991670" lon="7.5212340">
    <ele>173.5</ele>
    <time>2024-04-21T09:33:21Z</time>
   </trkpt>
   <trkpt lat="48.1992320" lon="7.5212330">
    <ele>173.5</ele>
    <time>2024-04-21T09:33:22Z</time>
   </trkpt>
   <trkpt lat="48.1992970" lon="7.5212340">
    <ele>173.5</ele>
    <time>2024-04-21T09:33:23Z</time>
   </trkpt>
   <trkpt lat="48.1993620" lon="7.5212370">
    <ele>173.5</ele>
    <time>2024-04-21T09:33:24Z</time>
   </trkpt>
   <trkpt lat="48.1994260" lon="7.5212420">
    <ele>173.5</ele>
    <time>2024-04-21T09:33:25Z</time>
   </trkpt>
   <trkpt lat="48.1994900" lon="7.5212460">
    <ele>173.6</ele>
    <time>2024-04-21T09:33:26Z</time>
   </trkpt>
   <trkpt lat="48.1995530" lon="7.5212500">
    <ele>173.6</ele>
    <time>2024-04-21T09:33:27Z</time>
   </trkpt>
   <trkpt lat="48.1996140" lon="7.5212560">
    <ele>173.6</ele>
    <time>2024-04-21T09:33:28Z</time>
   </trkpt>
   <trkpt lat="48.1996760" lon="7.5212590">
    <ele>173.7</ele>
    <time>2024-04-21T09:33:29Z</time>
   </trkpt>
   <trkpt lat="48.1997380" lon="7.5212680">
    <ele>173.7</ele>
    <time>2024-04-21T09:33:30Z</time>
   </trkpt>
   <trkpt lat="48.1998020" lon="7.5212740">
    <ele>173.7</ele>
    <time>2024-04-21T09:33:31Z</time>
   </trkpt>
   <trkpt lat="48.1998660" lon="7.5212820">
    <ele>173.8</ele>
    <time>2024-04-21T09:33:32Z</time>
   </trkpt>
   <trkpt lat="48.1999290" lon="7.5212890">
    <ele>173.8</ele>
    <time>2024-04-21T09:33:33Z</time>
   </trkpt>
   <trkpt lat="48.1999910" lon="7.5213000">
    <ele>173.8</ele>
    <time>2024-04-21T09:33:34Z</time>
   </trkpt>
   <trkpt lat="48.2000550" lon="7.5213090">
    <ele>173.8</ele>
    <time>2024-04-21T09:33:35Z</time>
   </trkpt>
   <trkpt lat="48.2001190" lon="7.5213150">
    <ele>173.9</ele>
    <time>2024-04-21T09:33:36Z</time>
   </trkpt>
   <trkpt lat="48.2001830" lon="7.5213190">
    <ele>173.9</ele>
    <time>2024-04-21T09:33:37Z</time>
   </trkpt>
   <trkpt lat="48.2002460" lon="7.5213260">
    <ele>173.9</ele>
    <time>2024-04-21T09:33:38Z</time>
   </trkpt>
   <trkpt lat="48.2003100" lon="7.5213340">
    <ele>173.9</ele>
    <time>2024-04-21T09:33:39Z</time>
   </trkpt>
   <trkpt lat="48.2003730" lon="7.5213440">
    <ele>173.9</ele>
    <time>2024-04-21T09:33:40Z</time>
   </trkpt>
   <trkpt lat="48.2004360" lon="7.5213540">
    <ele>173.9</ele>
    <time>2024-04-21T09:33:41Z</time>
   </trkpt>
   <trkpt lat="48.2004990" lon="7.5213620">
    <ele>173.9</ele>
    <time>2024-04-21T09:33:42Z</time>
   </trkpt>
   <trkpt lat="48.2005620" lon="7.5213690">
    <ele>173.9</ele>
    <time>2024-04-21T09:33:43Z</time>
   </trkpt>
   <trkpt lat="48.2006230" lon="7.5213770">
    <ele>173.9</ele>
    <time>2024-04-21T09:33:44Z</time>
   </trkpt>
   <trkpt lat="48.2006850" lon="7.5213890">
    <ele>173.9</ele>
    <time>2024-04-21T09:33:45Z</time>
   </trkpt>
   <trkpt lat="48.2007490" lon="7.5213970">
    <ele>173.9</ele>
    <time>2024-04-21T09:33:46Z</time>
   </trkpt>
   <trkpt lat="48.2008120" lon="7.5214010">
    <ele>173.9</ele>
    <time>2024-04-21T09:33:47Z</time>
   </trkpt>
   <trkpt lat="48.2008750" lon="7.5214070">
    <ele>173.9</ele>
    <time>2024-04-21T09:33:48Z</time>
   </trkpt>
   <trkpt lat="48.2009390" lon="7.5214150">
    <ele>173.9</ele>
    <time>2024-04-21T09:33:49Z</time>
   </trkpt>
   <trkpt lat="48.2010030" lon="7.5214210">
    <ele>173.9</ele>
    <time>2024-04-21T09:33:50Z</time>
   </trkpt>
   <trkpt lat="48.2010660" lon="7.5214290">
    <ele>173.9</ele>
    <time>2024-04-21T09:33:51Z</time>
   </trkpt>
   <trkpt lat="48.2011300" lon="7.5214360">
    <ele>173.8</ele>
    <time>2024-04-21T09:33:52Z</time>
   </trkpt>
   <trkpt lat="48.2011960" lon="7.5214440">
    <ele>173.8</ele>
    <time>2024-04-21T09:33:53Z</time>
   </trkpt>
   <trkpt lat="48.2012620" lon="7.5214540">
    <ele>173.7</ele>
    <time>2024-04-21T09:33:54Z</time>
   </trkpt>
   <trkpt lat="48.2013280" lon="7.5214610">
    <ele>173.7</ele>
    <time>2024-04-21T09:33:55Z</time>
   </trkpt>
   <trkpt lat="48.2013930" lon="7.5214660">
    <ele>173.7</ele>
    <time>2024-04-21T09:33:56Z</time>
   </trkpt>
   <trkpt lat="48.2014590" lon="7.5214730">
    <ele>173.7</ele>
    <time>2024-04-21T09:33:57Z</time>
   </trkpt>
   <trkpt lat="48.2015250" lon="7.5214780">
    <ele>173.6</ele>
    <time>2024-04-21T09:33:58Z</time>
   </trkpt>
   <trkpt lat="48.2015930" lon="7.5214810">
    <ele>173.6</ele>
    <time>2024-04-21T09:33:59Z</time>
   </trkpt>
   <trkpt lat="48.2016590" lon="7.5214830">
    <ele>173.6</ele>
    <time>2024-04-21T09:34:00Z</time>
   </trkpt>
   <trkpt lat="48.2017260" lon="7.5214840">
    <ele>173.5</ele>
    <time>2024-04-21T09:34:01Z</time>
   </trkpt>
   <trkpt lat="48.2017920" lon="7.5214840">
    <ele>173.5</ele>
    <time>2024-04-21T09:34:02Z</time>
   </trkpt>
   <trkpt lat="48.2018610" lon="7.5214840">
    <ele>173.5</ele>
    <time>2024-04-21T09:34:03Z</time>
   </trkpt>
   <trkpt lat="48.2019280" lon="7.5214860">
    <ele>173.4</ele>
    <time>2024-04-21T09:34:04Z</time>
   </trkpt>
   <trkpt lat="48.2019950" lon="7.5214890">
    <ele>173.4</ele>
    <time>2024-04-21T09:34:05Z</time>
   </trkpt>
   <trkpt lat="48.2020610" lon="7.5214880">
    <ele>173.4</ele>
    <time>2024-04-21T09:34:06Z</time>
   </trkpt>
   <trkpt lat="48.2021280" lon="7.5214830">
    <ele>173.3</ele>
    <time>2024-04-21T09:34:07Z</time>
   </trkpt>
   <trkpt lat="48.2021950" lon="7.5214760">
    <ele>173.3</ele>
    <time>2024-04-21T09:34:08Z</time>
   </trkpt>
   <trkpt lat="48.2022620" lon="7.5214670">
    <ele>173.2</ele>
    <time>2024-04-21T09:34:09Z</time>
   </trkpt>
   <trkpt lat="48.2023310" lon="7.5214610">
    <ele>173.2</ele>
    <time>2024-04-21T09:34:10Z</time>
   </trkpt>
   <trkpt lat="48.2024000" lon="7.5214590">
    <ele>173.2</ele>
    <time>2024-04-21T09:34:11Z</time>
   </trkpt>
   <trkpt lat="48.2024690" lon="7.5214620">
    <ele>173.1</ele>
    <time>2024-04-21T09:34:12Z</time>
   </trkpt>
   <trkpt lat="48.2025380" lon="7.5214590">
    <ele>173.0</ele>
    <time>2024-04-21T09:34:13Z</time>
   </trkpt>
   <trkpt lat="48.2026070" lon="7.5214580">
    <ele>173.0</ele>
    <time>2024-04-21T09:34:14Z</time>
   </trkpt>
   <trkpt lat="48.2026740" lon="7.5214620">
    <ele>172.9</ele>
    <time>2024-04-21T09:34:15Z</time>
   </trkpt>
   <trkpt lat="48.2027400" lon="7.5214690">
    <ele>172.9</ele>
    <time>2024-04-21T09:34:16Z</time>
   </trkpt>
   <trkpt lat="48.2028070" lon="7.5214710">
    <ele>172.8</ele>
    <time>2024-04-21T09:34:17Z</time>
   </trkpt>
   <trkpt lat="48.2028710" lon="7.5214710">
    <ele>172.8</ele>
    <time>2024-04-21T09:34:18Z</time>
   </trkpt>
   <trkpt lat="48.2029350" lon="7.5214700">
    <ele>172.7</ele>
    <time>2024-04-21T09:34:19Z</time>
   </trkpt>
   <trkpt lat="48.2029980" lon="7.5214620">
    <ele>172.6</ele>
    <time>2024-04-21T09:34:20Z</time>
   </trkpt>
   <trkpt lat="48.2030620" lon="7.5214540">
    <ele>172.6</ele>
    <time>2024-04-21T09:34:21Z</time>
   </trkpt>
   <trkpt lat="48.2031250" lon="7.5214440">
    <ele>172.5</ele>
    <time>2024-04-21T09:34:22Z</time>
   </trkpt>
   <trkpt lat="48.2031880" lon="7.5214410">
    <ele>172.5</ele>
    <time>2024-04-21T09:34:23Z</time>
   </trkpt>
   <trkpt lat="48.2032530" lon="7.5214600">
    <ele>172.5</ele>
    <time>2024-04-21T09:34:24Z</time>
   </trkpt>
   <trkpt lat="48.2033150" lon="7.5214900">
    <ele>172.4</ele>
    <time>2024-04-21T09:34:25Z</time>
   </trkpt>
   <trkpt lat="48.2033750" lon="7.5215260">
    <ele>172.4</ele>
    <time>2024-04-21T09:34:26Z</time>
   </trkpt>
   <trkpt lat="48.2034360" lon="7.5215500">
    <ele>172.4</ele>
    <time>2024-04-21T09:34:27Z</time>
   </trkpt>
   <trkpt lat="48.2035000" lon="7.5215470">
    <ele>172.4</ele>
    <time>2024-04-21T09:34:28Z</time>
   </trkpt>
   <trkpt lat="48.2035630" lon="7.5215170">
    <ele>172.3</ele>
    <time>2024-04-21T09:34:29Z</time>
   </trkpt>
   <trkpt lat="48.2036210" lon="7.5214690">
    <ele>172.3</ele>
    <time>2024-04-21T09:34:30Z</time>
   </trkpt>
   <trkpt lat="48.2036700" lon="7.5214000">
    <ele>172.3</ele>
    <time>2024-04-21T09:34:31Z</time>
   </trkpt>
   <trkpt lat="48.2037100" lon="7.5213120">
    <ele>172.2</ele>
    <time>2024-04-21T09:34:32Z</time>
   </trkpt>
   <trkpt lat="48.2037340" lon="7.5212120">
    <ele>172.2</ele>
    <time>2024-04-21T09:34:33Z</time>
   </trkpt>
   <trkpt lat="48.2037450" lon="7.5211070">
    <ele>172.2</ele>
    <time>2024-04-21T09:34:34Z</time>
   </trkpt>
   <trkpt lat="48.2037530" lon="7.5210000">
    <ele>172.1</ele>
    <time>2024-04-21T09:34:35Z</time>
   </trkpt>
   <trkpt lat="48.2037680" lon="7.5208970">
    <ele>172.1</ele>
    <time>2024-04-21T09:34:36Z</time>
   </trkpt>
   <trkpt lat="48.2037930" lon="7.5208000">
    <ele>172.1</ele>
    <time>2024-04-21T09:34:37Z</time>
   </trkpt>
   <trkpt lat="48.2038320" lon="7.5207150">
    <ele>172.1</ele>
    <time>2024-04-21T09:34:38Z</time>
   </trkpt>
   <trkpt lat="48.2038790" lon="7.5206410">
    <ele>172.1</ele>
    <time>2024-04-21T09:34:39Z</time>
   </trkpt>
   <trkpt lat="48.2039300" lon="7.5205720">
    <ele>172.1</ele>
    <time>2024-04-21T09:34:40Z</time>
   </trkpt>
   <trkpt lat="48.2039790" lon="7.5205030">
    <ele>172.2</ele>
    <time>2024-04-21T09:34:41Z</time>
   </trkpt>
   <trkpt lat="48.2040310" lon="7.5204360">
    <ele>172.2</ele>
    <time>2024-04-21T09:34:42Z</time>
   </trkpt>
   <trkpt lat="48.2040800" lon="7.5203630">
    <ele>172.3</ele>
    <time>2024-04-21T09:34:43Z</time>
   </trkpt>
   <trkpt lat="48.2041270" lon="7.5202910">
    <ele>172.4</ele>
    <time>2024-04-21T09:34:44Z</time>
   </trkpt>
   <trkpt lat="48.2041740" lon="7.5202190">
    <ele>172.5</ele>
    <time>2024-04-21T09:34:45Z</time>
   </trkpt>
   <trkpt lat="48.2042230" lon="7.5201460">
    <ele>172.6</ele>
    <time>2024-04-21T09:34:46Z</time>
   </trkpt>
   <trkpt lat="48.2042720" lon="7.5200760">
    <ele>172.7</ele>
    <time>2024-04-21T09:34:47Z</time>
   </trkpt>
   <trkpt lat="48.2043210" lon="7.5200040">
    <ele>172.7</ele>
    <time>2024-04-21T09:34:48Z</time>
   </trkpt>
   <trkpt lat="48.2043680" lon="7.5199270">
    <ele>172.8</ele>
    <time>2024-04-21T09:34:49Z</time>
   </trkpt>
   <trkpt lat="48.2044140" lon="7.5198530">
    <ele>172.8</ele>
    <time>2024-04-21T09:34:50Z</time>
   </trkpt>
   <trkpt lat="48.2044610" lon="7.5197820">
    <ele>172.9</ele>
    <time>2024-04-21T09:34:51Z</time>
   </trkpt>
   <trkpt lat="48.2045060" lon="7.5197070">
    <ele>172.9</ele>
    <time>2024-04-21T09:34:52Z</time>
   </trkpt>
   <trkpt lat="48.2045530" lon="7.5196340">
    <ele>173.0</ele>
    <time>2024-04-21T09:34:53Z</time>
   </trkpt>
   <trkpt lat="48.2046030" lon="7.5195630">
    <ele>173.0</ele>
    <time>2024-04-21T09:34:54Z</time>
   </trkpt>
   <trkpt lat="48.2046480" lon="7.5194880">
    <ele>173.1</ele>
    <time>2024-04-21T09:34:55Z</time>
   </trkpt>
   <trkpt lat="48.2046920" lon="7.5194140">
    <ele>173.1</ele>
    <time>2024-04-21T09:34:56Z</time>
   </trkpt>
   <trkpt lat="48.2047350" lon="7.5193410">
    <ele>173.2</ele>
    <time>2024-04-21T09:34:57Z</time>
   </trkpt>
   <trkpt lat="48.2047780" lon="7.5192690">
    <ele>173.2</ele>
    <time>2024-04-21T09:34:58Z</time>
   </trkpt>
   <trkpt lat="48.2048210" lon="7.5191960">
    <ele>173.2</ele>
    <time>2024-04-21T09:34:59Z</time>
   </trkpt>
   <trkpt lat="48.2048630" lon="7.5191190">
    <ele>173.2</ele>
    <time>2024-04-21T09:35:00Z</time>
   </trkpt>
   <trkpt lat="48.2049060" lon="7.5190460">
    <ele>173.3</ele>
    <time>2024-04-21T09:35:01Z</time>
   </trkpt>
   <trkpt lat="48.2049470" lon="7.5189690">
    <ele>173.3</ele>
    <time>2024-04-21T09:35:02Z</time>
   </trkpt>
   <trkpt lat="48.2049860" lon="7.5188880">
    <ele>173.3</ele>
    <time>2024-04-21T09:35:03Z</time>
   </trkpt>
   <trkpt lat="48.2050250" lon="7.5188070">
    <ele>173.3</ele>
    <time>2024-04-21T09:35:04Z</time>
   </trkpt>
   <trkpt lat="48.2050630" lon="7.5187220">
    <ele>173.3</ele>
    <time>2024-04-21T09:35:05Z</time>
   </trkpt>
   <trkpt lat="48.2050970" lon="7.5186350">
    <ele>173.3</ele>
    <time>2024-04-21T09:35:06Z</time>
   </trkpt>
   <trkpt lat="48.2051350" lon="7.5185500">
    <ele>173.3</ele>
    <time>2024-04-21T09:35:07Z</time>
   </trkpt>
   <trkpt lat="48.2051750" lon="7.5184610">
    <ele>173.3</ele>
    <time>2024-04-21T09:35:08Z</time>
   </trkpt>
   <trkpt lat="48.2052120" lon="7.5183730">
    <ele>173.3</ele>
    <time>2024-04-21T09:35:09Z</time>
   </trkpt>
   <trkpt lat="48.2052480" lon="7.5182840">
    <ele>173.3</ele>
    <time>2024-04-21T09:35:10Z</time>
   </trkpt>
   <trkpt lat="48.2052830" lon="7.5181940">
    <ele>173.3</ele>
    <time>2024-04-21T09:35:11Z</time>
   </trkpt>
   <trkpt lat="48.2053170" lon="7.5181030">
    <ele>173.3</ele>
    <time>2024-04-21T09:35:12Z</time>
   </trkpt>
   <trkpt lat="48.2053500" lon="7.5180080">
    <ele>173.3</ele>
    <time>2024-04-21T09:35:13Z</time>
   </trkpt>
   <trkpt lat="48.2053840" lon="7.5179130">
    <ele>173.3</ele>
    <time>2024-04-21T09:35:14Z</time>
   </trkpt>
   <trkpt lat="48.2054150" lon="7.5178170">
    <ele>173.3</ele>
    <time>2024-04-21T09:35:15Z</time>
   </trkpt>
   <trkpt lat="48.2054450" lon="7.5177210">
    <ele>173.3</ele>
    <time>2024-04-21T09:35:16Z</time>
   </trkpt>
   <trkpt lat="48.2054730" lon="7.5176220">
    <ele>173.3</ele>
    <time>2024-04-21T09:35:17Z</time>
   </trkpt>
   <trkpt lat="48.2055040" lon="7.5175220">
    <ele>173.2</ele>
    <time>2024-04-21T09:35:18Z</time>
   </trkpt>
   <trkpt lat="48.2055340" lon="7.5174250">
    <ele>173.2</ele>
    <time>2024-04-21T09:35:19Z</time>
   </trkpt>
   <trkpt lat="48.2055600" lon="7.5173210">
    <ele>173.2</ele>
    <time>2024-04-21T09:35:20Z</time>
   </trkpt>
   <trkpt lat="48.2055870" lon="7.5172190">
    <ele>173.2</ele>
    <time>2024-04-21T09:35:21Z</time>
   </trkpt>
   <trkpt lat="48.2056150" lon="7.5171170">
    <ele>173.2</ele>
    <time>2024-04-21T09:35:22Z</time>
   </trkpt>
   <trkpt lat="48.2056400" lon="7.5170140">
    <ele>173.2</ele>
    <time>2024-04-21T09:35:23Z</time>
   </trkpt>
   <trkpt lat="48.2056610" lon="7.5169070">
    <ele>173.2</ele>
    <time>2024-04-21T09:35:24Z</time>
   </trkpt>
   <trkpt lat="48.2056810" lon="7.5168000">
    <ele>173.2</ele>
    <time>2024-04-21T09:35:25Z</time>
   </trkpt>
   <trkpt lat="48.2057040" lon="7.5166910">
    <ele>173.2</ele>
    <time>2024-04-21T09:35:26Z</time>
   </trkpt>
   <trkpt lat="48.2057270" lon="7.5165810">
    <ele>173.1</ele>
    <time>2024-04-21T09:35:27Z</time>
   </trkpt>
   <trkpt lat="48.2057470" lon="7.5164690">
    <ele>173.1</ele>
    <time>2024-04-21T09:35:28Z</time>
   </trkpt>
   <trkpt lat="48.2057650" lon="7.5163590">
    <ele>173.0</ele>
    <time>2024-04-21T09:35:29Z</time>
   </trkpt>
   <trkpt lat="48.2057820" lon="7.5162480">
    <ele>173.0</ele>
    <time>2024-04-21T09:35:30Z</time>
   </trkpt>
   <trkpt lat="48.2057980" lon="7.5161360">
    <ele>173.0</ele>
    <time>2024-04-21T09:35:31Z</time>
   </trkpt>
   <trkpt lat="48.2058120" lon="7.5160240">
    <ele>173.0</ele>
    <time>2024-04-21T09:35:32Z</time>
   </trkpt>
   <trkpt lat="48.2058280" lon="7.5159130">
    <ele>172.9</ele>
    <time>2024-04-21T09:35:33Z</time>
   </trkpt>
   <trkpt lat="48.2058430" lon="7.5158020">
    <ele>172.9</ele>
    <time>2024-04-21T09:35:34Z</time>
   </trkpt>
   <trkpt lat="48.2058570" lon="7.5156930">
    <ele>172.9</ele>
    <time>2024-04-21T09:35:35Z</time>
   </trkpt>
   <trkpt lat="48.2058710" lon="7.5155830">
    <ele>172.8</ele>
    <time>2024-04-21T09:35:36Z</time>
   </trkpt>
   <trkpt lat="48.2058880" lon="7.5154730">
    <ele>172.7</ele>
    <time>2024-04-21T09:35:37Z</time>
   </trkpt>
   <trkpt lat="48.2059010" lon="7.5153630">
    <ele>172.7</ele>
    <time>2024-04-21T09:35:38Z</time>
   </trkpt>
   <trkpt lat="48.2059160" lon="7.5152510">
    <ele>172.6</ele>
    <time>2024-04-21T09:35:39Z</time>
   </trkpt>
   <trkpt lat="48.2059300" lon="7.5151370">
    <ele>172.5</ele>
    <time>2024-04-21T09:35:40Z</time>
   </trkpt>
   <trkpt lat="48.2059410" lon="7.5150240">
    <ele>172.5</ele>
    <time>2024-04-21T09:35:41Z</time>
   </trkpt>
   <trkpt lat="48.2059570" lon="7.5149100">
    <ele>172.4</ele>
    <time>2024-04-21T09:35:42Z</time>
   </trkpt>
   <trkpt lat="48.2059740" lon="7.5147950">
    <ele>172.4</ele>
    <time>2024-04-21T09:35:43Z</time>
   </trkpt>
   <trkpt lat="48.2059860" lon="7.5146820">
    <ele>172.4</ele>
    <time>2024-04-21T09:35:44Z</time>
   </trkpt>
   <trkpt lat="48.2060020" lon="7.5145690">
    <ele>172.4</ele>
    <time>2024-04-21T09:35:45Z</time>
   </trkpt>
   <trkpt lat="48.2060200" lon="7.5144560">
    <ele>172.4</ele>
    <time>2024-04-21T09:35:46Z</time>
   </trkpt>
   <trkpt lat="48.2060390" lon="7.5143440">
    <ele>172.4</ele>
    <time>2024-04-21T09:35:47Z</time>
   </trkpt>
   <trkpt lat="48.2060560" lon="7.5142320">
    <ele>172.4</ele>
    <time>2024-04-21T09:35:48Z</time>
   </trkpt>
   <trkpt lat="48.2060750" lon="7.5141220">
    <ele>172.5</ele>
    <time>2024-04-21T09:35:49Z</time>
   </trkpt>
   <trkpt lat="48.2060960" lon="7.5140150">
    <ele>172.5</ele>
    <time>2024-04-21T09:35:50Z</time>
   </trkpt>
   <trkpt lat="48.2061180" lon="7.5139090">
    <ele>172.6</ele>
    <time>2024-04-21T09:35:51Z</time>
   </trkpt>
   <trkpt lat="48.2061380" lon="7.5138020">
    <ele>172.6</ele>
    <time>2024-04-21T09:35:52Z</time>
   </trkpt>
   <trkpt lat="48.2061620" lon="7.5136980">
    <ele>172.6</ele>
    <time>2024-04-21T09:35:53Z</time>
   </trkpt>
   <trkpt lat="48.2061870" lon="7.5135930">
    <ele>172.7</ele>
    <time>2024-04-21T09:35:54Z</time>
   </trkpt>
   <trkpt lat="48.2062130" lon="7.5134880">
    <ele>172.7</ele>
    <time>2024-04-21T09:35:55Z</time>
   </trkpt>
   <trkpt lat="48.2062410" lon="7.5133860">
    <ele>172.7</ele>
    <time>2024-04-21T09:35:56Z</time>
   </trkpt>
   <trkpt lat="48.2062710" lon="7.5132860">
    <ele>172.8</ele>
    <time>2024-04-21T09:35:57Z</time>
   </trkpt>
   <trkpt lat="48.2063000" lon="7.5131870">
    <ele>172.8</ele>
    <time>2024-04-21T09:35:58Z</time>
   </trkpt>
   <trkpt lat="48.2063280" lon="7.5130900">
    <ele>172.9</ele>
    <time>2024-04-21T09:35:59Z</time>
   </trkpt>
   <trkpt lat="48.2063570" lon="7.5129920">
    <ele>173.0</ele>
    <time>2024-04-21T09:36:00Z</time>
   </trkpt>
   <trkpt lat="48.2063890" lon="7.5128970">
    <ele>173.0</ele>
    <time>2024-04-21T09:36:01Z</time>
   </trkpt>
   <trkpt lat="48.2064220" lon="7.5128050">
    <ele>173.1</ele>
    <time>2024-04-21T09:36:02Z</time>
   </trkpt>
   <trkpt lat="48.2064530" lon="7.5127110">
    <ele>173.1</ele>
    <time>2024-04-21T09:36:03Z</time>
   </trkpt>
   <trkpt lat="48.2064880" lon="7.5126220">
    <ele>173.2</ele>
    <time>2024-04-21T09:36:04Z</time>
   </trkpt>
   <trkpt lat="48.2065220" lon="7.5125320">
    <ele>173.2</ele>
    <time>2024-04-21T09:36:05Z</time>
   </trkpt>
   <trkpt lat="48.2065560" lon="7.5124390">
    <ele>173.3</ele>
    <time>2024-04-21T09:36:06Z</time>
   </trkpt>
   <trkpt lat="48.2065920" lon="7.5123490">
    <ele>173.3</ele>
    <time>2024-04-21T09:36:07Z</time>
   </trkpt>
   <trkpt lat="48.2066280" lon="7.5122610">
    <ele>173.4</ele>
    <time>2024-04-21T09:36:08Z</time>
   </trkpt>
   <trkpt lat="48.2066650" lon="7.5121720">
    <ele>173.4</ele>
    <time>2024-04-21T09:36:09Z</time>
   </trkpt>
   <trkpt lat="48.2067050" lon="7.5120840">
    <ele>173.5</ele>
    <time>2024-04-21T09:36:10Z</time>
   </trkpt>
   <trkpt lat="48.2067430" lon="7.5119970">
    <ele>173.5</ele>
    <time>2024-04-21T09:36:11Z</time>
   </trkpt>
   <trkpt lat="48.2067840" lon="7.5119140">
    <ele>173.5</ele>
    <time>2024-04-21T09:36:12Z</time>
   </trkpt>
   <trkpt lat="48.2068270" lon="7.5118320">
    <ele>173.5</ele>
    <time>2024-04-21T09:36:13Z</time>
   </trkpt>
   <trkpt lat="48.2068670" lon="7.5117470">
    <ele>173.5</ele>
    <time>2024-04-21T09:36:14Z</time>
   </trkpt>
   <trkpt lat="48.2069090" lon="7.5116670">
    <ele>173.5</ele>
    <time>2024-04-21T09:36:15Z</time>
   </trkpt>
   <trkpt lat="48.2069520" lon="7.5115890">
    <ele>173.5</ele>
    <time>2024-04-21T09:36:16Z</time>
   </trkpt>
   <trkpt lat="48.2069950" lon="7.5115110">
    <ele>173.5</ele>
    <time>2024-04-21T09:36:17Z</time>
   </trkpt>
   <trkpt lat="48.2070390" lon="7.5114340">
    <ele>173.5</ele>
    <time>2024-04-21T09:36:18Z</time>
   </trkpt>
   <trkpt lat="48.2070830" lon="7.5113580">
    <ele>173.5</ele>
    <time>2024-04-21T09:36:19Z</time>
   </trkpt>
   <trkpt lat="48.2071280" lon="7.5112810">
    <ele>173.5</ele>
    <time>2024-04-21T09:36:20Z</time>
   </trkpt>
   <trkpt lat="48.2071760" lon="7.5112010">
    <ele>173.5</ele>
    <time>2024-04-21T09:36:21Z</time>
   </trkpt>
   <trkpt lat="48.2072220" lon="7.5111260">
    <ele>173.5</ele>
    <time>2024-04-21T09:36:22Z</time>
   </trkpt>
   <trkpt lat="48.2072710" lon="7.5110500">
    <ele>173.4</ele>
    <time>2024-04-21T09:36:23Z</time>
   </trkpt>
   <trkpt lat="48.2073190" lon="7.5109760">
    <ele>173.4</ele>
    <time>2024-04-21T09:36:24Z</time>
   </trkpt>
   <trkpt lat="48.2073700" lon="7.5109060">
    <ele>173.4</ele>
    <time>2024-04-21T09:36:25Z</time>
   </trkpt>
   <trkpt lat="48.2074200" lon="7.5108340">
    <ele>173.4</ele>
    <time>2024-04-21T09:36:26Z</time>
   </trkpt>
   <trkpt lat="48.2074730" lon="7.5107650">
    <ele>173.3</ele>
    <time>2024-04-21T09:36:27Z</time>
   </trkpt>
   <trkpt lat="48.2075240" lon="7.5106930">
    <ele>173.3</ele>
    <time>2024-04-21T09:36:28Z</time>
   </trkpt>
   <trkpt lat="48.2075740" lon="7.5106200">
    <ele>173.3</ele>
    <time>2024-04-21T09:36:29Z</time>
   </trkpt>
   <trkpt lat="48.2076290" lon="7.5105490">
    <ele>173.2</ele>
    <time>2024-04-21T09:36:30Z</time>
   </trkpt>
   <trkpt lat="48.2076810" lon="7.5104800">
    <ele>173.2</ele>
    <time>2024-04-21T09:36:31Z</time>
   </trkpt>
   <trkpt lat="48.2077330" lon="7.5104150">
    <ele>173.2</ele>
    <time>2024-04-21T09:36:32Z</time>
   </trkpt>
   <trkpt lat="48.2077860" lon="7.5103510">
    <ele>173.1</ele>
    <time>2024-04-21T09:36:33Z</time>
   </trkpt>
   <trkpt lat="48.2078360" lon="7.5102820">
    <ele>173.1</ele>
    <time>2024-04-21T09:36:34Z</time>
   </trkpt>
   <trkpt lat="48.2078870" lon="7.5102180">
    <ele>173.1</ele>
    <time>2024-04-21T09:36:35Z</time>
   </trkpt>
   <trkpt lat="48.2079360" lon="7.5101530">
    <ele>173.1</ele>
    <time>2024-04-21T09:36:36Z</time>
   </trkpt>
   <trkpt lat="48.2079870" lon="7.5100910">
    <ele>173.1</ele>
    <time>2024-04-21T09:36:37Z</time>
   </trkpt>
   <trkpt lat="48.2080390" lon="7.5100290">
    <ele>173.0</ele>
    <time>2024-04-21T09:36:38Z</time>
   </trkpt>
   <trkpt lat="48.2080900" lon="7.5099660">
    <ele>173.0</ele>
    <time>2024-04-21T09:36:39Z</time>
   </trkpt>
   <trkpt lat="48.2081410" lon="7.5099010">
    <ele>173.0</ele>
    <time>2024-04-21T09:36:40Z</time>
   </trkpt>
   <trkpt lat="48.2081920" lon="7.5098360">
    <ele>173.0</ele>
    <time>2024-04-21T09:36:41Z</time>
   </trkpt>
   <trkpt lat="48.2082440" lon="7.5097690">
    <ele>173.0</ele>
    <time>2024-04-21T09:36:42Z</time>
   </trkpt>
   <trkpt lat="48.2082970" lon="7.5097040">
    <ele>173.0</ele>
    <time>2024-04-21T09:36:43Z</time>
   </trkpt>
   <trkpt lat="48.2083490" lon="7.5096390">
    <ele>172.9</ele>
    <time>2024-04-21T09:36:44Z</time>
   </trkpt>
   <trkpt lat="48.2083990" lon="7.5095710">
    <ele>172.9</ele>
    <time>2024-04-21T09:36:45Z</time>
   </trkpt>
   <trkpt lat="48.2084500" lon="7.5095040">
    <ele>172.9</ele>
    <time>2024-04-21T09:36:46Z</time>
   </trkpt>
   <trkpt lat="48.2085000" lon="7.5094350">
    <ele>172.9</ele>
    <time>2024-04-21T09:36:47Z</time>
   </trkpt>
   <trkpt lat="48.2085540" lon="7.5093700">
    <ele>172.9</ele>
    <time>2024-04-21T09:36:48Z</time>
   </trkpt>
   <trkpt lat="48.2086090" lon="7.5093060">
    <ele>172.8</ele>
    <time>2024-04-21T09:36:49Z</time>
   </trkpt>
   <trkpt lat="48.2086620" lon="7.5092400">
    <ele>172.8</ele>
    <time>2024-04-21T09:36:50Z</time>
   </trkpt>
   <trkpt lat="48.2087170" lon="7.5091750">
    <ele>172.8</ele>
    <time>2024-04-21T09:36:51Z</time>
   </trkpt>
   <trkpt lat="48.2087720" lon="7.5091100">
    <ele>172.8</ele>
    <time>2024-04-21T09:36:52Z</time>
   </trkpt>
   <trkpt lat="48.2088260" lon="7.5090440">
    <ele>172.8</ele>
    <time>2024-04-21T09:36:53Z</time>
   </trkpt>
   <trkpt lat="48.2088770" lon="7.5089740">
    <ele>172.8</ele>
    <time>2024-04-21T09:36:54Z</time>
   </trkpt>
   <trkpt lat="48.2089300" lon="7.5089050">
    <ele>172.8</ele>
    <time>2024-04-21T09:36:55Z</time>
   </trkpt>
   <trkpt lat="48.2089850" lon="7.5088390">
    <ele>172.8</ele>
    <time>2024-04-21T09:36:56Z</time>
   </trkpt>
   <trkpt lat="48.2090380" lon="7.5087670">
    <ele>172.8</ele>
    <time>2024-04-21T09:36:57Z</time>
   </trkpt>
   <trkpt lat="48.2090920" lon="7.5086970">
    <ele>172.8</ele>
    <time>2024-04-21T09:36:58Z</time>
   </trkpt>
   <trkpt lat="48.2091470" lon="7.5086300">
    <ele>172.8</ele>
    <time>2024-04-21T09:36:59Z</time>
   </trkpt>
   <trkpt lat="48.2092030" lon="7.5085640">
    <ele>172.8</ele>
    <time>2024-04-21T09:37:00Z</time>
   </trkpt>
   <trkpt lat="48.2092590" lon="7.5084970">
    <ele>172.7</ele>
    <time>2024-04-21T09:37:01Z</time>
   </trkpt>
   <trkpt lat="48.2093130" lon="7.5084290">
    <ele>172.7</ele>
    <time>2024-04-21T09:37:02Z</time>
   </trkpt>
   <trkpt lat="48.2093660" lon="7.5083600">
    <ele>172.7</ele>
    <time>2024-04-21T09:37:03Z</time>
   </trkpt>
   <trkpt lat="48.2094190" lon="7.5082930">
    <ele>172.7</ele>
    <time>2024-04-21T09:37:04Z</time>
   </trkpt>
   <trkpt lat="48.2094730" lon="7.5082240">
    <ele>172.8</ele>
    <time>2024-04-21T09:37:05Z</time>
   </trkpt>
   <trkpt lat="48.2095270" lon="7.5081550">
    <ele>172.8</ele>
    <time>2024-04-21T09:37:06Z</time>
   </trkpt>
   <trkpt lat="48.2095810" lon="7.5080880">
    <ele>172.7</ele>
    <time>2024-04-21T09:37:07Z</time>
   </trkpt>
   <trkpt lat="48.2096360" lon="7.5080230">
    <ele>172.7</ele>
    <time>2024-04-21T09:37:08Z</time>
   </trkpt>
   <trkpt lat="48.2096920" lon="7.5079580">
    <ele>172.8</ele>
    <time>2024-04-21T09:37:09Z</time>
   </trkpt>
   <trkpt lat="48.2097450" lon="7.5078900">
    <ele>172.8</ele>
    <time>2024-04-21T09:37:10Z</time>
   </trkpt>
   <trkpt lat="48.2097990" lon="7.5078210">
    <ele>172.8</ele>
    <time>2024-04-21T09:37:11Z</time>
   </trkpt>
   <trkpt lat="48.2098550" lon="7.5077550">
    <ele>172.8</ele>
    <time>2024-04-21T09:37:12Z</time>
   </trkpt>
   <trkpt lat="48.2099070" lon="7.5076870">
    <ele>172.8</ele>
    <time>2024-04-21T09:37:13Z</time>
   </trkpt>
   <trkpt lat="48.2099610" lon="7.5076230">
    <ele>172.7</ele>
    <time>2024-04-21T09:37:14Z</time>
   </trkpt>
   <trkpt lat="48.2100150" lon="7.5075590">
    <ele>172.7</ele>
    <time>2024-04-21T09:37:15Z</time>
   </trkpt>
   <trkpt lat="48.2100650" lon="7.5074900">
    <ele>172.7</ele>
    <time>2024-04-21T09:37:16Z</time>
   </trkpt>
   <trkpt lat="48.2101160" lon="7.5074240">
    <ele>172.7</ele>
    <time>2024-04-21T09:37:17Z</time>
   </trkpt>
   <trkpt lat="48.2101680" lon="7.5073600">
    <ele>172.7</ele>
    <time>2024-04-21T09:37:18Z</time>
   </trkpt>
   <trkpt lat="48.2102200" lon="7.5072940">
    <ele>172.7</ele>
    <time>2024-04-21T09:37:19Z</time>
   </trkpt>
   <trkpt lat="48.2102700" lon="7.5072280">
    <ele>172.7</ele>
    <time>2024-04-21T09:37:20Z</time>
   </trkpt>
   <trkpt lat="48.2103250" lon="7.5071660">
    <ele>172.7</ele>
    <time>2024-04-21T09:37:21Z</time>
   </trkpt>
   <trkpt lat="48.2103770" lon="7.5071040">
    <ele>172.7</ele>
    <time>2024-04-21T09:37:22Z</time>
   </trkpt>
   <trkpt lat="48.2104290" lon="7.5070400">
    <ele>172.7</ele>
    <time>2024-04-21T09:37:23Z</time>
   </trkpt>
   <trkpt lat="48.2104800" lon="7.5069760">
    <ele>172.7</ele>
    <time>2024-04-21T09:37:24Z</time>
   </trkpt>
   <trkpt lat="48.2105330" lon="7.5069100">
    <ele>172.7</ele>
    <time>2024-04-21T09:37:25Z</time>
   </trkpt>
   <trkpt lat="48.2105850" lon="7.5068420">
    <ele>172.7</ele>
    <time>2024-04-21T09:37:26Z</time>
   </trkpt>
   <trkpt lat="48.2106380" lon="7.5067750">
    <ele>172.7</ele>
    <time>2024-04-21T09:37:27Z</time>
   </trkpt>
   <trkpt lat="48.2106940" lon="7.5067140">
    <ele>172.7</ele>
    <time>2024-04-21T09:37:28Z</time>
   </trkpt>
   <trkpt lat="48.2107480" lon="7.5066490">
    <ele>172.7</ele>
    <time>2024-04-21T09:37:29Z</time>
   </trkpt>
   <trkpt lat="48.2108020" lon="7.5065860">
    <ele>172.7</ele>
    <time>2024-04-21T09:37:30Z</time>
   </trkpt>
   <trkpt lat="48.2108570" lon="7.5065240">
    <ele>172.7</ele>
    <time>2024-04-21T09:37:31Z</time>
   </trkpt>
   <trkpt lat="48.2109120" lon="7.5064570">
    <ele>172.7</ele>
    <time>2024-04-21T09:37:32Z</time>
   </trkpt>
   <trkpt lat="48.2109680" lon="7.5063930">
    <ele>172.7</ele>
    <time>2024-04-21T09:37:33Z</time>
   </trkpt>
   <trkpt lat="48.2110240" lon="7.5063260">
    <ele>172.7</ele>
    <time>2024-04-21T09:37:34Z</time>
   </trkpt>
   <trkpt lat="48.2110790" lon="7.5062590">
    <ele>172.7</ele>
    <time>2024-04-21T09:37:35Z</time>
   </trkpt>
   <trkpt lat="48.2111350" lon="7.5061960">
    <ele>172.7</ele>
    <time>2024-04-21T09:37:36Z</time>
   </trkpt>
   <trkpt lat="48.2111910" lon="7.5061320">
    <ele>172.7</ele>
    <time>2024-04-21T09:37:37Z</time>
   </trkpt>
   <trkpt lat="48.2112450" lon="7.5060630">
    <ele>172.7</ele>
    <time>2024-04-21T09:37:38Z</time>
   </trkpt>
   <trkpt lat="48.2112990" lon="7.5059960">
    <ele>172.7</ele>
    <time>2024-04-21T09:37:39Z</time>
   </trkpt>
   <trkpt lat="48.2113560" lon="7.5059300">
    <ele>172.7</ele>
    <time>2024-04-21T09:37:40Z</time>
   </trkpt>
   <trkpt lat="48.2114130" lon="7.5058660">
    <ele>172.7</ele>
    <time>2024-04-21T09:37:41Z</time>
   </trkpt>
   <trkpt lat="48.2114690" lon="7.5058010">
    <ele>172.7</ele>
    <time>2024-04-21T09:37:42Z</time>
   </trkpt>
   <trkpt lat="48.2115260" lon="7.5057340">
    <ele>172.7</ele>
    <time>2024-04-21T09:37:43Z</time>
   </trkpt>
   <trkpt lat="48.2115810" lon="7.5056660">
    <ele>172.7</ele>
    <time>2024-04-21T09:37:44Z</time>
   </trkpt>
   <trkpt lat="48.2116370" lon="7.5055970">
    <ele>172.6</ele>
    <time>2024-04-21T09:37:45Z</time>
   </trkpt>
   <trkpt lat="48.2116940" lon="7.5055270">
    <ele>172.6</ele>
    <time>2024-04-21T09:37:46Z</time>
   </trkpt>
   <trkpt lat="48.2117510" lon="7.5054580">
    <ele>172.6</ele>
    <time>2024-04-21T09:37:47Z</time>
   </trkpt>
   <trkpt lat="48.2118090" lon="7.5053900">
    <ele>172.6</ele>
    <time>2024-04-21T09:37:48Z</time>
   </trkpt>
   <trkpt lat="48.2118660" lon="7.5053240">
    <ele>172.5</ele>
    <time>2024-04-21T09:37:49Z</time>
   </trkpt>
   <trkpt lat="48.2119230" lon="7.5052590">
    <ele>172.5</ele>
    <time>2024-04-21T09:37:50Z</time>
   </trkpt>
   <trkpt lat="48.2119800" lon="7.5051910">
    <ele>172.5</ele>
    <time>2024-04-21T09:37:51Z</time>
   </trkpt>
   <trkpt lat="48.2120370" lon="7.5051230">
    <ele>172.5</ele>
    <time>2024-04-21T09:37:52Z</time>
   </trkpt>
   <trkpt lat="48.2120940" lon="7.5050550">
    <ele>172.5</ele>
    <time>2024-04-21T09:37:53Z</time>
   </trkpt>
   <trkpt lat="48.2121530" lon="7.5049900">
    <ele>172.5</ele>
    <time>2024-04-21T09:37:54Z</time>
   </trkpt>
   <trkpt lat="48.2122090" lon="7.5049210">
    <ele>172.5</ele>
    <time>2024-04-21T09:37:55Z</time>
   </trkpt>
   <trkpt lat="48.2122660" lon="7.5048480">
    <ele>172.5</ele>
    <time>2024-04-21T09:37:56Z</time>
   </trkpt>
   <trkpt lat="48.2123220" lon="7.5047760">
    <ele>172.5</ele>
    <time>2024-04-21T09:37:57Z</time>
   </trkpt>
   <trkpt lat="48.2123780" lon="7.5047080">
    <ele>172.5</ele>
    <time>2024-04-21T09:37:58Z</time>
   </trkpt>
   <trkpt lat="48.2124360" lon="7.5046440">
    <ele>172.5</ele>
    <time>2024-04-21T09:37:59Z</time>
   </trkpt>
   <trkpt lat="48.2124930" lon="7.5045770">
    <ele>172.5</ele>
    <time>2024-04-21T09:38:00Z</time>
   </trkpt>
   <trkpt lat="48.2125500" lon="7.5045140">
    <ele>172.5</ele>
    <time>2024-04-21T09:38:01Z</time>
   </trkpt>
   <trkpt lat="48.2126050" lon="7.5044460">
    <ele>172.5</ele>
    <time>2024-04-21T09:38:02Z</time>
   </trkpt>
   <trkpt lat="48.2126600" lon="7.5043780">
    <ele>172.5</ele>
    <time>2024-04-21T09:38:03Z</time>
   </trkpt>
   <trkpt lat="48.2127180" lon="7.5043130">
    <ele>172.5</ele>
    <time>2024-04-21T09:38:04Z</time>
   </trkpt>
   <trkpt lat="48.2127750" lon="7.5042460">
    <ele>172.5</ele>
    <time>2024-04-21T09:38:05Z</time>
   </trkpt>
   <trkpt lat="48.2128320" lon="7.5041820">
    <ele>172.5</ele>
    <time>2024-04-21T09:38:06Z</time>
   </trkpt>
   <trkpt lat="48.2128870" lon="7.5041170">
    <ele>172.4</ele>
    <time>2024-04-21T09:38:07Z</time>
   </trkpt>
   <trkpt lat="48.2129430" lon="7.5040490">
    <ele>172.4</ele>
    <time>2024-04-21T09:38:08Z</time>
   </trkpt>
   <trkpt lat="48.2130020" lon="7.5039850">
    <ele>172.4</ele>
    <time>2024-04-21T09:38:09Z</time>
   </trkpt>
   <trkpt lat="48.2130610" lon="7.5039190">
    <ele>172.4</ele>
    <time>2024-04-21T09:38:10Z</time>
   </trkpt>
   <trkpt lat="48.2131210" lon="7.5038570">
    <ele>172.5</ele>
    <time>2024-04-21T09:38:11Z</time>
   </trkpt>
   <trkpt lat="48.2131810" lon="7.5037960">
    <ele>172.5</ele>
    <time>2024-04-21T09:38:12Z</time>
   </trkpt>
   <trkpt lat="48.2132410" lon="7.5037300">
    <ele>172.4</ele>
    <time>2024-04-21T09:38:13Z</time>
   </trkpt>
   <trkpt lat="48.2133010" lon="7.5036670">
    <ele>172.4</ele>
    <time>2024-04-21T09:38:14Z</time>
   </trkpt>
   <trkpt lat="48.2133590" lon="7.5035980">
    <ele>172.4</ele>
    <time>2024-04-21T09:38:15Z</time>
   </trkpt>
   <trkpt lat="48.2134200" lon="7.5035380">
    <ele>172.4</ele>
    <time>2024-04-21T09:38:16Z</time>
   </trkpt>
   <trkpt lat="48.2134800" lon="7.5034770">
    <ele>172.4</ele>
    <time>2024-04-21T09:38:17Z</time>
   </trkpt>
   <trkpt lat="48.2135390" lon="7.5034140">
    <ele>172.4</ele>
    <time>2024-04-21T09:38:18Z</time>
   </trkpt>
   <trkpt lat="48.2135990" lon="7.5033560">
    <ele>172.4</ele>
    <time>2024-04-21T09:38:19Z</time>
   </trkpt>
   <trkpt lat="48.2136590" lon="7.5032980">
    <ele>172.4</ele>
    <time>2024-04-21T09:38:20Z</time>
   </trkpt>
   <trkpt lat="48.2137200" lon="7.5032390">
    <ele>172.4</ele>
    <time>2024-04-21T09:38:21Z</time>
   </trkpt>
   <trkpt lat="48.2137800" lon="7.5031790">
    <ele>172.5</ele>
    <time>2024-04-21T09:38:22Z</time>
   </trkpt>
   <trkpt lat="48.2138410" lon="7.5031190">
    <ele>172.5</ele>
    <time>2024-04-21T09:38:23Z</time>
   </trkpt>
   <trkpt lat="48.2139020" lon="7.5030600">
    <ele>172.5</ele>
    <time>2024-04-21T09:38:24Z</time>
   </trkpt>
   <trkpt lat="48.2139620" lon="7.5030000">
    <ele>172.4</ele>
    <time>2024-04-21T09:38:25Z</time>
   </trkpt>
   <trkpt lat="48.2140250" lon="7.5029460">
    <ele>172.3</ele>
    <time>2024-04-21T09:38:26Z</time>
   </trkpt>
   <trkpt lat="48.2140860" lon="7.5028900">
    <ele>172.3</ele>
    <time>2024-04-21T09:38:27Z</time>
   </trkpt>
   <trkpt lat="48.2141500" lon="7.5028380">
    <ele>172.3</ele>
    <time>2024-04-21T09:38:28Z</time>
   </trkpt>
   <trkpt lat="48.2142130" lon="7.5027870">
    <ele>172.3</ele>
    <time>2024-04-21T09:38:29Z</time>
   </trkpt>
   <trkpt lat="48.2142740" lon="7.5027340">
    <ele>172.3</ele>
    <time>2024-04-21T09:38:30Z</time>
   </trkpt>
   <trkpt lat="48.2143350" lon="7.5026870">
    <ele>172.3</ele>
    <time>2024-04-21T09:38:31Z</time>
   </trkpt>
   <trkpt lat="48.2143960" lon="7.5026400">
    <ele>172.2</ele>
    <time>2024-04-21T09:38:32Z</time>
   </trkpt>
   <trkpt lat="48.2144560" lon="7.5025890">
    <ele>172.2</ele>
    <time>2024-04-21T09:38:33Z</time>
   </trkpt>
   <trkpt lat="48.2145170" lon="7.5025420">
    <ele>172.2</ele>
    <time>2024-04-21T09:38:34Z</time>
   </trkpt>
   <trkpt lat="48.2145780" lon="7.5024900">
    <ele>172.2</ele>
    <time>2024-04-21T09:38:35Z</time>
   </trkpt>
   <trkpt lat="48.2146370" lon="7.5024380">
    <ele>172.2</ele>
    <time>2024-04-21T09:38:36Z</time>
   </trkpt>
   <trkpt lat="48.2146990" lon="7.5023910">
    <ele>172.1</ele>
    <time>2024-04-21T09:38:37Z</time>
   </trkpt>
   <trkpt lat="48.2147590" lon="7.5023400">
    <ele>172.1</ele>
    <time>2024-04-21T09:38:38Z</time>
   </trkpt>
   <trkpt lat="48.2148200" lon="7.5022910">
    <ele>172.1</ele>
    <time>2024-04-21T09:38:39Z</time>
   </trkpt>
   <trkpt lat="48.2148810" lon="7.5022420">
    <ele>172.1</ele>
    <time>2024-04-21T09:38:40Z</time>
   </trkpt>
   <trkpt lat="48.2149440" lon="7.5021910">
    <ele>172.1</ele>
    <time>2024-04-21T09:38:41Z</time>
   </trkpt>
   <trkpt lat="48.2150060" lon="7.5021410">
    <ele>172.1</ele>
    <time>2024-04-21T09:38:42Z</time>
   </trkpt>
   <trkpt lat="48.2150670" lon="7.5020890">
    <ele>172.1</ele>
    <time>2024-04-21T09:38:43Z</time>
   </trkpt>
   <trkpt lat="48.2151290" lon="7.5020390">
    <ele>172.1</ele>
    <time>2024-04-21T09:38:44Z</time>
   </trkpt>
   <trkpt lat="48.2151910" lon="7.5019890">
    <ele>172.1</ele>
    <time>2024-04-21T09:38:45Z</time>
   </trkpt>
   <trkpt lat="48.2152520" lon="7.5019360">
    <ele>172.1</ele>
    <time>2024-04-21T09:38:46Z</time>
   </trkpt>
   <trkpt lat="48.2153140" lon="7.5018840">
    <ele>172.1</ele>
    <time>2024-04-21T09:38:47Z</time>
   </trkpt>
   <trkpt lat="48.2153760" lon="7.5018310">
    <ele>172.1</ele>
    <time>2024-04-21T09:38:48Z</time>
   </trkpt>
   <trkpt lat="48.2154380" lon="7.5017820">
    <ele>172.1</ele>
    <time>2024-04-21T09:38:49Z</time>
   </trkpt>
   <trkpt lat="48.2155000" lon="7.5017260">
    <ele>172.1</ele>
    <time>2024-04-21T09:38:50Z</time>
   </trkpt>
   <trkpt lat="48.2155620" lon="7.5016760">
    <ele>172.1</ele>
    <time>2024-04-21T09:38:51Z</time>
   </trkpt>
   <trkpt lat="48.2156220" lon="7.5016230">
    <ele>172.2</ele>
    <time>2024-04-21T09:38:52Z</time>
   </trkpt>
   <trkpt lat="48.2156830" lon="7.5015730">
    <ele>172.2</ele>
    <time>2024-04-21T09:38:53Z</time>
   </trkpt>
   <trkpt lat="48.2157430" lon="7.5015220">
    <ele>172.2</ele>
    <time>2024-04-21T09:38:54Z</time>
   </trkpt>
   <trkpt lat="48.2158030" lon="7.5014680">
    <ele>172.3</ele>
    <time>2024-04-21T09:38:55Z</time>
   </trkpt>
   <trkpt lat="48.2158630" lon="7.5014190">
    <ele>172.3</ele>
    <time>2024-04-21T09:38:56Z</time>
   </trkpt>
   <trkpt lat="48.2159230" lon="7.5013720">
    <ele>172.3</ele>
    <time>2024-04-21T09:38:57Z</time>
   </trkpt>
   <trkpt lat="48.2159820" lon="7.5013200">
    <ele>172.3</ele>
    <time>2024-04-21T09:38:58Z</time>
   </trkpt>
   <trkpt lat="48.2160420" lon="7.5012730">
    <ele>172.3</ele>
    <time>2024-04-21T09:38:59Z</time>
   </trkpt>
   <trkpt lat="48.2161010" lon="7.5012210">
    <ele>172.3</ele>
    <time>2024-04-21T09:39:00Z</time>
   </trkpt>
   <trkpt lat="48.2161580" lon="7.5011720">
    <ele>172.3</ele>
    <time>2024-04-21T09:39:01Z</time>
   </trkpt>
   <trkpt lat="48.2162160" lon="7.5011200">
    <ele>172.3</ele>
    <time>2024-04-21T09:39:02Z</time>
   </trkpt>
   <trkpt lat="48.2162750" lon="7.5010730">
    <ele>172.3</ele>
    <time>2024-04-21T09:39:03Z</time>
   </trkpt>
   <trkpt lat="48.2163350" lon="7.5010250">
    <ele>172.3</ele>
    <time>2024-04-21T09:39:04Z</time>
   </trkpt>
   <trkpt lat="48.2163930" lon="7.5009750">
    <ele>172.3</ele>
    <time>2024-04-21T09:39:05Z</time>
   </trkpt>
   <trkpt lat="48.2164530" lon="7.5009290">
    <ele>172.3</ele>
    <time>2024-04-21T09:39:06Z</time>
   </trkpt>
   <trkpt lat="48.2165120" lon="7.5008800">
    <ele>172.3</ele>
    <time>2024-04-21T09:39:07Z</time>
   </trkpt>
   <trkpt lat="48.2165700" lon="7.5008290">
    <ele>172.3</ele>
    <time>2024-04-21T09:39:08Z</time>
   </trkpt>
   <trkpt lat="48.2166290" lon="7.5007840">
    <ele>172.3</ele>
    <time>2024-04-21T09:39:09Z</time>
   </trkpt>
   <trkpt lat="48.2166890" lon="7.5007380">
    <ele>172.3</ele>
    <time>2024-04-21T09:39:10Z</time>
   </trkpt>
   <trkpt lat="48.2167490" lon="7.5006930">
    <ele>172.3</ele>
    <time>2024-04-21T09:39:11Z</time>
   </trkpt>
   <trkpt lat="48.2168090" lon="7.5006500">
    <ele>172.3</ele>
    <time>2024-04-21T09:39:12Z</time>
   </trkpt>
   <trkpt lat="48.2168690" lon="7.5006080">
    <ele>172.3</ele>
    <time>2024-04-21T09:39:13Z</time>
   </trkpt>
   <trkpt lat="48.2169270" lon="7.5005650">
    <ele>172.3</ele>
    <time>2024-04-21T09:39:14Z</time>
   </trkpt>
   <trkpt lat="48.2169840" lon="7.5005220">
    <ele>172.3</ele>
    <time>2024-04-21T09:39:15Z</time>
   </trkpt>
   <trkpt lat="48.2170440" lon="7.5004780">
    <ele>172.3</ele>
    <time>2024-04-21T09:39:16Z</time>
   </trkpt>
   <trkpt lat="48.2171030" lon="7.5004350">
    <ele>172.3</ele>
    <time>2024-04-21T09:39:17Z</time>
   </trkpt>
   <trkpt lat="48.2171620" lon="7.5003900">
    <ele>172.3</ele>
    <time>2024-04-21T09:39:18Z</time>
   </trkpt>
   <trkpt lat="48.2172230" lon="7.5003490">
    <ele>172.3</ele>
    <time>2024-04-21T09:39:19Z</time>
   </trkpt>
   <trkpt lat="48.2172820" lon="7.5003080">
    <ele>172.3</ele>
    <time>2024-04-21T09:39:20Z</time>
   </trkpt>
   <trkpt lat="48.2173410" lon="7.5002670">
    <ele>172.3</ele>
    <time>2024-04-21T09:39:21Z</time>
   </trkpt>
   <trkpt lat="48.2174010" lon="7.5002250">
    <ele>172.4</ele>
    <time>2024-04-21T09:39:22Z</time>
   </trkpt>
   <trkpt lat="48.2174600" lon="7.5001800">
    <ele>172.4</ele>
    <time>2024-04-21T09:39:23Z</time>
   </trkpt>
   <trkpt lat="48.2175200" lon="7.5001380">
    <ele>172.4</ele>
    <time>2024-04-21T09:39:24Z</time>
   </trkpt>
   <trkpt lat="48.2175780" lon="7.5000920">
    <ele>172.4</ele>
    <time>2024-04-21T09:39:25Z</time>
   </trkpt>
   <trkpt lat="48.2176360" lon="7.5000380">
    <ele>172.4</ele>
    <time>2024-04-21T09:39:26Z</time>
   </trkpt>
   <trkpt lat="48.2176940" lon="7.4999880">
    <ele>172.4</ele>
    <time>2024-04-21T09:39:27Z</time>
   </trkpt>
   <trkpt lat="48.2177500" lon="7.4999340">
    <ele>172.4</ele>
    <time>2024-04-21T09:39:28Z</time>
   </trkpt>
   <trkpt lat="48.2178060" lon="7.4998880">
    <ele>172.5</ele>
    <time>2024-04-21T09:39:29Z</time>
   </trkpt>
   <trkpt lat="48.2178600" lon="7.4998370">
    <ele>172.5</ele>
    <time>2024-04-21T09:39:30Z</time>
   </trkpt>
   <trkpt lat="48.2179110" lon="7.4997790">
    <ele>172.5</ele>
    <time>2024-04-21T09:39:31Z</time>
   </trkpt>
   <trkpt lat="48.2179610" lon="7.4997200">
    <ele>172.5</ele>
    <time>2024-04-21T09:39:32Z</time>
   </trkpt>
   <trkpt lat="48.2180090" lon="7.4996560">
    <ele>172.5</ele>
    <time>2024-04-21T09:39:33Z</time>
   </trkpt>
   <trkpt lat="48.2180540" lon="7.4995880">
    <ele>172.5</ele>
    <time>2024-04-21T09:39:34Z</time>
   </trkpt>
   <trkpt lat="48.2180970" lon="7.4995180">
    <ele>172.5</ele>
    <time>2024-04-21T09:39:35Z</time>
   </trkpt>
   <trkpt lat="48.2181430" lon="7.4994490">
    <ele>172.5</ele>
    <time>2024-04-21T09:39:36Z</time>
   </trkpt>
   <trkpt lat="48.2181850" lon="7.4993760">
    <ele>172.5</ele>
    <time>2024-04-21T09:39:37Z</time>
   </trkpt>
   <trkpt lat="48.2182230" lon="7.4992970">
    <ele>172.5</ele>
    <time>2024-04-21T09:39:38Z</time>
   </trkpt>
   <trkpt lat="48.2182590" lon="7.4992170">
    <ele>172.4</ele>
    <time>2024-04-21T09:39:39Z</time>
   </trkpt>
   <trkpt lat="48.2182960" lon="7.4991340">
    <ele>172.4</ele>
    <time>2024-04-21T09:39:40Z</time>
   </trkpt>
   <trkpt lat="48.2183320" lon="7.4990520">
    <ele>172.4</ele>
    <time>2024-04-21T09:39:41Z</time>
   </trkpt>
   <trkpt lat="48.2183680" lon="7.4989670">
    <ele>172.4</ele>
    <time>2024-04-21T09:39:42Z</time>
   </trkpt>
   <trkpt lat="48.2184030" lon="7.4988790">
    <ele>172.4</ele>
    <time>2024-04-21T09:39:43Z</time>
   </trkpt>
   <trkpt lat="48.2184390" lon="7.4987910">
    <ele>172.4</ele>
    <time>2024-04-21T09:39:44Z</time>
   </trkpt>
   <trkpt lat="48.2184730" lon="7.4987020">
    <ele>172.4</ele>
    <time>2024-04-21T09:39:45Z</time>
   </trkpt>
   <trkpt lat="48.2185070" lon="7.4986120">
    <ele>172.4</ele>
    <time>2024-04-21T09:39:46Z</time>
   </trkpt>
   <trkpt lat="48.2185430" lon="7.4985270">
    <ele>172.4</ele>
    <time>2024-04-21T09:39:47Z</time>
   </trkpt>
   <trkpt lat="48.2185750" lon="7.4984380">
    <ele>172.5</ele>
    <time>2024-04-21T09:39:48Z</time>
   </trkpt>
   <trkpt lat="48.2186070" lon="7.4983470">
    <ele>172.5</ele>
    <time>2024-04-21T09:39:49Z</time>
   </trkpt>
   <trkpt lat="48.2186400" lon="7.4982590">
    <ele>172.5</ele>
    <time>2024-04-21T09:39:50Z</time>
   </trkpt>
   <trkpt lat="48.2186720" lon="7.4981680">
    <ele>172.5</ele>
    <time>2024-04-21T09:39:51Z</time>
   </trkpt>
   <trkpt lat="48.2187080" lon="7.4980760">
    <ele>172.5</ele>
    <time>2024-04-21T09:39:52Z</time>
   </trkpt>
   <trkpt lat="48.2187430" lon="7.4979920">
    <ele>172.6</ele>
    <time>2024-04-21T09:39:53Z</time>
   </trkpt>
   <trkpt lat="48.2187820" lon="7.4979020">
    <ele>172.6</ele>
    <time>2024-04-21T09:39:54Z</time>
   </trkpt>
   <trkpt lat="48.2188180" lon="7.4978150">
    <ele>172.6</ele>
    <time>2024-04-21T09:39:55Z</time>
   </trkpt>
   <trkpt lat="48.2188550" lon="7.4977250">
    <ele>172.7</ele>
    <time>2024-04-21T09:39:56Z</time>
   </trkpt>
   <trkpt lat="48.2188870" lon="7.4976330">
    <ele>172.7</ele>
    <time>2024-04-21T09:39:57Z</time>
   </trkpt>
   <trkpt lat="48.2189210" lon="7.4975420">
    <ele>172.8</ele>
    <time>2024-04-21T09:39:58Z</time>
   </trkpt>
   <trkpt lat="48.2189580" lon="7.4974530">
    <ele>172.8</ele>
    <time>2024-04-21T09:39:59Z</time>
   </trkpt>
   <trkpt lat="48.2189940" lon="7.4973640">
    <ele>172.8</ele>
    <time>2024-04-21T09:40:00Z</time>
   </trkpt>
   <trkpt lat="48.2190320" lon="7.4972740">
    <ele>172.9</ele>
    <time>2024-04-21T09:40:01Z</time>
   </trkpt>
   <trkpt lat="48.2190710" lon="7.4971820">
    <ele>172.9</ele>
    <time>2024-04-21T09:40:02Z</time>
   </trkpt>
   <trkpt lat="48.2191090" lon="7.4970910">
    <ele>172.9</ele>
    <time>2024-04-21T09:40:03Z</time>
   </trkpt>
   <trkpt lat="48.2191530" lon="7.4970040">
    <ele>173.0</ele>
    <time>2024-04-21T09:40:04Z</time>
   </trkpt>
   <trkpt lat="48.2191940" lon="7.4969150">
    <ele>173.0</ele>
    <time>2024-04-21T09:40:05Z</time>
   </trkpt>
   <trkpt lat="48.2192370" lon="7.4968270">
    <ele>173.1</ele>
    <time>2024-04-21T09:40:06Z</time>
   </trkpt>
   <trkpt lat="48.2192820" lon="7.4967400">
    <ele>173.1</ele>
    <time>2024-04-21T09:40:07Z</time>
   </trkpt>
   <trkpt lat="48.2193230" lon="7.4966530">
    <ele>173.2</ele>
    <time>2024-04-21T09:40:08Z</time>
   </trkpt>
   <trkpt lat="48.2193680" lon="7.4965680">
    <ele>173.2</ele>
    <time>2024-04-21T09:40:09Z</time>
   </trkpt>
   <trkpt lat="48.2194130" lon="7.4964830">
    <ele>173.1</ele>
    <time>2024-04-21T09:40:10Z</time>
   </trkpt>
   <trkpt lat="48.2194580" lon="7.4963990">
    <ele>173.1</ele>
    <time>2024-04-21T09:40:11Z</time>
   </trkpt>
   <trkpt lat="48.2195040" lon="7.4963170">
    <ele>173.1</ele>
    <time>2024-04-21T09:40:12Z</time>
   </trkpt>
   <trkpt lat="48.2195500" lon="7.4962370">
    <ele>173.2</ele>
    <time>2024-04-21T09:40:13Z</time>
   </trkpt>
   <trkpt lat="48.2195970" lon="7.4961610">
    <ele>173.2</ele>
    <time>2024-04-21T09:40:14Z</time>
   </trkpt>
   <trkpt lat="48.2196440" lon="7.4960840">
    <ele>173.2</ele>
    <time>2024-04-21T09:40:15Z</time>
   </trkpt>
   <trkpt lat="48.2196910" lon="7.4960080">
    <ele>173.2</ele>
    <time>2024-04-21T09:40:16Z</time>
   </trkpt>
   <trkpt lat="48.2197390" lon="7.4959340">
    <ele>173.2</ele>
    <time>2024-04-21T09:40:17Z</time>
   </trkpt>
   <trkpt lat="48.2197870" lon="7.4958620">
    <ele>173.2</ele>
    <time>2024-04-21T09:40:18Z</time>
   </trkpt>
   <trkpt lat="48.2198350" lon="7.4957880">
    <ele>173.2</ele>
    <time>2024-04-21T09:40:19Z</time>
   </trkpt>
   <trkpt lat="48.2198850" lon="7.4957190">
    <ele>173.2</ele>
    <time>2024-04-21T09:40:20Z</time>
   </trkpt>
   <trkpt lat="48.2199360" lon="7.4956470">
    <ele>173.2</ele>
    <time>2024-04-21T09:40:21Z</time>
   </trkpt>
   <trkpt lat="48.2199880" lon="7.4955790">
    <ele>173.2</ele>
    <time>2024-04-21T09:40:22Z</time>
   </trkpt>
   <trkpt lat="48.2200430" lon="7.4955110">
    <ele>173.2</ele>
    <time>2024-04-21T09:40:23Z</time>
   </trkpt>
   <trkpt lat="48.2200990" lon="7.4954490">
    <ele>173.2</ele>
    <time>2024-04-21T09:40:24Z</time>
   </trkpt>
   <trkpt lat="48.2201510" lon="7.4953840">
    <ele>173.2</ele>
    <time>2024-04-21T09:40:25Z</time>
   </trkpt>
   <trkpt lat="48.2202060" lon="7.4953220">
    <ele>173.2</ele>
    <time>2024-04-21T09:40:26Z</time>
   </trkpt>
   <trkpt lat="48.2202630" lon="7.4952610">
    <ele>173.1</ele>
    <time>2024-04-21T09:40:27Z</time>
   </trkpt>
   <trkpt lat="48.2203190" lon="7.4952030">
    <ele>173.2</ele>
    <time>2024-04-21T09:40:28Z</time>
   </trkpt>
   <trkpt lat="48.2203770" lon="7.4951480">
    <ele>173.2</ele>
    <time>2024-04-21T09:40:29Z</time>
   </trkpt>
   <trkpt lat="48.2204350" lon="7.4950920">
    <ele>173.2</ele>
    <time>2024-04-21T09:40:30Z</time>
   </trkpt>
   <trkpt lat="48.2204930" lon="7.4950360">
    <ele>173.2</ele>
    <time>2024-04-21T09:40:31Z</time>
   </trkpt>
   <trkpt lat="48.2205510" lon="7.4949810">
    <ele>173.2</ele>
    <time>2024-04-21T09:40:32Z</time>
   </trkpt>
   <trkpt lat="48.2206070" lon="7.4949230">
    <ele>173.2</ele>
    <time>2024-04-21T09:40:33Z</time>
   </trkpt>
   <trkpt lat="48.2206650" lon="7.4948700">
    <ele>173.2</ele>
    <time>2024-04-21T09:40:34Z</time>
   </trkpt>
   <trkpt lat="48.2207250" lon="7.4948230">
    <ele>173.2</ele>
    <time>2024-04-21T09:40:35Z</time>
   </trkpt>
   <trkpt lat="48.2207850" lon="7.4947730">
    <ele>173.2</ele>
    <time>2024-04-21T09:40:36Z</time>
   </trkpt>
   <trkpt lat="48.2208430" lon="7.4947200">
    <ele>173.2</ele>
    <time>2024-04-21T09:40:37Z</time>
   </trkpt>
   <trkpt lat="48.2209040" lon="7.4946720">
    <ele>173.2</ele>
    <time>2024-04-21T09:40:38Z</time>
   </trkpt>
   <trkpt lat="48.2209670" lon="7.4946250">
    <ele>173.2</ele>
    <time>2024-04-21T09:40:39Z</time>
   </trkpt>
   <trkpt lat="48.2210290" lon="7.4945760">
    <ele>173.2</ele>
    <time>2024-04-21T09:40:40Z</time>
   </trkpt>
   <trkpt lat="48.2210890" lon="7.4945290">
    <ele>173.2</ele>
    <time>2024-04-21T09:40:41Z</time>
   </trkpt>
   <trkpt lat="48.2211510" lon="7.4944800">
    <ele>173.2</ele>
    <time>2024-04-21T09:40:42Z</time>
   </trkpt>
   <trkpt lat="48.2212110" lon="7.4944320">
    <ele>173.2</ele>
    <time>2024-04-21T09:40:43Z</time>
   </trkpt>
   <trkpt lat="48.2212720" lon="7.4943850">
    <ele>173.2</ele>
    <time>2024-04-21T09:40:44Z</time>
   </trkpt>
   <trkpt lat="48.2213340" lon="7.4943370">
    <ele>173.2</ele>
    <time>2024-04-21T09:40:45Z</time>
   </trkpt>
   <trkpt lat="48.2213940" lon="7.4942880">
    <ele>173.2</ele>
    <time>2024-04-21T09:40:46Z</time>
   </trkpt>
   <trkpt lat="48.2214560" lon="7.4942450">
    <ele>173.2</ele>
    <time>2024-04-21T09:40:47Z</time>
   </trkpt>
   <trkpt lat="48.2215170" lon="7.4942000">
    <ele>173.2</ele>
    <time>2024-04-21T09:40:48Z</time>
   </trkpt>
   <trkpt lat="48.2215770" lon="7.4941510">
    <ele>173.2</ele>
    <time>2024-04-21T09:40:49Z</time>
   </trkpt>
   <trkpt lat="48.2216390" lon="7.4941040">
    <ele>173.2</ele>
    <time>2024-04-21T09:40:50Z</time>
   </trkpt>
   <trkpt lat="48.2216990" lon="7.4940540">
    <ele>173.2</ele>
    <time>2024-04-21T09:40:51Z</time>
   </trkpt>
   <trkpt lat="48.2217600" lon="7.4940040">
    <ele>173.1</ele>
    <time>2024-04-21T09:40:52Z</time>
   </trkpt>
   <trkpt lat="48.2218210" lon="7.4939550">
    <ele>173.1</ele>
    <time>2024-04-21T09:40:53Z</time>
   </trkpt>
   <trkpt lat="48.2218820" lon="7.4939060">
    <ele>173.2</ele>
    <time>2024-04-21T09:40:54Z</time>
   </trkpt>
   <trkpt lat="48.2219430" lon="7.4938580">
    <ele>173.2</ele>
    <time>2024-04-21T09:40:55Z</time>
   </trkpt>
   <trkpt lat="48.2220040" lon="7.4938110">
    <ele>173.2</ele>
    <time>2024-04-21T09:40:56Z</time>
   </trkpt>
   <trkpt lat="48.2220650" lon="7.4937610">
    <ele>173.3</ele>
    <time>2024-04-21T09:40:57Z</time>
   </trkpt>
   <trkpt lat="48.2221240" lon="7.4937100">
    <ele>173.3</ele>
    <time>2024-04-21T09:40:58Z</time>
   </trkpt>
   <trkpt lat="48.2221850" lon="7.4936620">
    <ele>173.3</ele>
    <time>2024-04-21T09:40:59Z</time>
   </trkpt>
   <trkpt lat="48.2222450" lon="7.4936150">
    <ele>173.3</ele>
    <time>2024-04-21T09:41:00Z</time>
   </trkpt>
   <trkpt lat="48.2223050" lon="7.4935640">
    <ele>173.2</ele>
    <time>2024-04-21T09:41:01Z</time>
   </trkpt>
   <trkpt lat="48.2223650" lon="7.4935150">
    <ele>173.2</ele>
    <time>2024-04-21T09:41:02Z</time>
   </trkpt>
   <trkpt lat="48.2224260" lon="7.4934730">
    <ele>173.2</ele>
    <time>2024-04-21T09:41:03Z</time>
   </trkpt>
   <trkpt lat="48.2224890" lon="7.4934320">
    <ele>173.2</ele>
    <time>2024-04-21T09:41:04Z</time>
   </trkpt>
   <trkpt lat="48.2225520" lon="7.4933890">
    <ele>173.2</ele>
    <time>2024-04-21T09:41:05Z</time>
   </trkpt>
   <trkpt lat="48.2226140" lon="7.4933400">
    <ele>173.2</ele>
    <time>2024-04-21T09:41:06Z</time>
   </trkpt>
   <trkpt lat="48.2226750" lon="7.4932920">
    <ele>173.1</ele>
    <time>2024-04-21T09:41:07Z</time>
   </trkpt>
   <trkpt lat="48.2227390" lon="7.4932470">
    <ele>173.1</ele>
    <time>2024-04-21T09:41:08Z</time>
   </trkpt>
   <trkpt lat="48.2228000" lon="7.4931940">
    <ele>173.1</ele>
    <time>2024-04-21T09:41:09Z</time>
   </trkpt>
   <trkpt lat="48.2228630" lon="7.4931460">
    <ele>173.1</ele>
    <time>2024-04-21T09:41:10Z</time>
   </trkpt>
   <trkpt lat="48.2229270" lon="7.4930950">
    <ele>173.1</ele>
    <time>2024-04-21T09:41:11Z</time>
   </trkpt>
   <trkpt lat="48.2229910" lon="7.4930420">
    <ele>173.1</ele>
    <time>2024-04-21T09:41:12Z</time>
   </trkpt>
   <trkpt lat="48.2230550" lon="7.4929920">
    <ele>173.1</ele>
    <time>2024-04-21T09:41:13Z</time>
   </trkpt>
   <trkpt lat="48.2231200" lon="7.4929460">
    <ele>173.1</ele>
    <time>2024-04-21T09:41:14Z</time>
   </trkpt>
   <trkpt lat="48.2231830" lon="7.4928980">
    <ele>173.1</ele>
    <time>2024-04-21T09:41:15Z</time>
   </trkpt>
   <trkpt lat="48.2232460" lon="7.4928500">
    <ele>173.1</ele>
    <time>2024-04-21T09:41:16Z</time>
   </trkpt>
   <trkpt lat="48.2233100" lon="7.4928010">
    <ele>173.1</ele>
    <time>2024-04-21T09:41:17Z</time>
   </trkpt>
   <trkpt lat="48.2233740" lon="7.4927560">
    <ele>173.1</ele>
    <time>2024-04-21T09:41:18Z</time>
   </trkpt>
   <trkpt lat="48.2234370" lon="7.4927100">
    <ele>173.0</ele>
    <time>2024-04-21T09:41:19Z</time>
   </trkpt>
   <trkpt lat="48.2235000" lon="7.4926620">
    <ele>173.0</ele>
    <time>2024-04-21T09:41:20Z</time>
   </trkpt>
   <trkpt lat="48.2235640" lon="7.4926180">
    <ele>173.0</ele>
    <time>2024-04-21T09:41:21Z</time>
   </trkpt>
   <trkpt lat="48.2236260" lon="7.4925740">
    <ele>173.0</ele>
    <time>2024-04-21T09:41:22Z</time>
   </trkpt>
   <trkpt lat="48.2236870" lon="7.4925280">
    <ele>172.9</ele>
    <time>2024-04-21T09:41:23Z</time>
   </trkpt>
   <trkpt lat="48.2237480" lon="7.4924850">
    <ele>172.9</ele>
    <time>2024-04-21T09:41:24Z</time>
   </trkpt>
   <trkpt lat="48.2238110" lon="7.4924400">
    <ele>172.9</ele>
    <time>2024-04-21T09:41:25Z</time>
   </trkpt>
   <trkpt lat="48.2238730" lon="7.4923900">
    <ele>172.9</ele>
    <time>2024-04-21T09:41:26Z</time>
   </trkpt>
   <trkpt lat="48.2239350" lon="7.4923450">
    <ele>172.8</ele>
    <time>2024-04-21T09:41:27Z</time>
   </trkpt>
   <trkpt lat="48.2239970" lon="7.4923010">
    <ele>172.8</ele>
    <time>2024-04-21T09:41:28Z</time>
   </trkpt>
   <trkpt lat="48.2240580" lon="7.4922540">
    <ele>172.8</ele>
    <time>2024-04-21T09:41:29Z</time>
   </trkpt>
   <trkpt lat="48.2241220" lon="7.4922110">
    <ele>172.8</ele>
    <time>2024-04-21T09:41:30Z</time>
   </trkpt>
   <trkpt lat="48.2241850" lon="7.4921650">
    <ele>172.8</ele>
    <time>2024-04-21T09:41:31Z</time>
   </trkpt>
   <trkpt lat="48.2242470" lon="7.4921160">
    <ele>172.8</ele>
    <time>2024-04-21T09:41:32Z</time>
   </trkpt>
   <trkpt lat="48.2243100" lon="7.4920690">
    <ele>172.8</ele>
    <time>2024-04-21T09:41:33Z</time>
   </trkpt>
   <trkpt lat="48.2243750" lon="7.4920200">
    <ele>172.8</ele>
    <time>2024-04-21T09:41:34Z</time>
   </trkpt>
   <trkpt lat="48.2244390" lon="7.4919720">
    <ele>172.8</ele>
    <time>2024-04-21T09:41:35Z</time>
   </trkpt>
   <trkpt lat="48.2245030" lon="7.4919230">
    <ele>172.8</ele>
    <time>2024-04-21T09:41:36Z</time>
   </trkpt>
   <trkpt lat="48.2245670" lon="7.4918760">
    <ele>172.7</ele>
    <time>2024-04-21T09:41:37Z</time>
   </trkpt>
   <trkpt lat="48.2246310" lon="7.4918310">
    <ele>172.7</ele>
    <time>2024-04-21T09:41:38Z</time>
   </trkpt>
   <trkpt lat="48.2246950" lon="7.4917880">
    <ele>172.7</ele>
    <time>2024-04-21T09:41:39Z</time>
   </trkpt>
   <trkpt lat="48.2247580" lon="7.4917400">
    <ele>172.7</ele>
    <time>2024-04-21T09:41:40Z</time>
   </trkpt>
   <trkpt lat="48.2248220" lon="7.4916960">
    <ele>172.7</ele>
    <time>2024-04-21T09:41:41Z</time>
   </trkpt>
   <trkpt lat="48.2248850" lon="7.4916520">
    <ele>172.7</ele>
    <time>2024-04-21T09:41:42Z</time>
   </trkpt>
   <trkpt lat="48.2249490" lon="7.4916020">
    <ele>172.7</ele>
    <time>2024-04-21T09:41:43Z</time>
   </trkpt>
   <trkpt lat="48.2250110" lon="7.4915590">
    <ele>172.6</ele>
    <time>2024-04-21T09:41:44Z</time>
   </trkpt>
   <trkpt lat="48.2250730" lon="7.4915150">
    <ele>172.6</ele>
    <time>2024-04-21T09:41:45Z</time>
   </trkpt>
   <trkpt lat="48.2251340" lon="7.4914700">
    <ele>172.6</ele>
    <time>2024-04-21T09:41:46Z</time>
   </trkpt>
   <trkpt lat="48.2251950" lon="7.4914260">
    <ele>172.6</ele>
    <time>2024-04-21T09:41:47Z</time>
   </trkpt>
   <trkpt lat="48.2252570" lon="7.4913820">
    <ele>172.6</ele>
    <time>2024-04-21T09:41:48Z</time>
   </trkpt>
   <trkpt lat="48.2253190" lon="7.4913400">
    <ele>172.5</ele>
    <time>2024-04-21T09:41:49Z</time>
   </trkpt>
   <trkpt lat="48.2253800" lon="7.4912970">
    <ele>172.5</ele>
    <time>2024-04-21T09:41:50Z</time>
   </trkpt>
   <trkpt lat="48.2254400" lon="7.4912520">
    <ele>172.5</ele>
    <time>2024-04-21T09:41:51Z</time>
   </trkpt>
   <trkpt lat="48.2254990" lon="7.4912050">
    <ele>172.5</ele>
    <time>2024-04-21T09:41:52Z</time>
   </trkpt>
   <trkpt lat="48.2255600" lon="7.4911590">
    <ele>172.6</ele>
    <time>2024-04-21T09:41:53Z</time>
   </trkpt>
   <trkpt lat="48.2256230" lon="7.4911170">
    <ele>172.6</ele>
    <time>2024-04-21T09:41:54Z</time>
   </trkpt>
   <trkpt lat="48.2256840" lon="7.4910720">
    <ele>172.6</ele>
    <time>2024-04-21T09:41:55Z</time>
   </trkpt>
   <trkpt lat="48.2257440" lon="7.4910260">
    <ele>172.6</ele>
    <time>2024-04-21T09:41:56Z</time>
   </trkpt>
   <trkpt lat="48.2258060" lon="7.4909820">
    <ele>172.6</ele>
    <time>2024-04-21T09:41:57Z</time>
   </trkpt>
   <trkpt lat="48.2258650" lon="7.4909350">
    <ele>172.7</ele>
    <time>2024-04-21T09:41:58Z</time>
   </trkpt>
   <trkpt lat="48.2259280" lon="7.4908920">
    <ele>172.7</ele>
    <time>2024-04-21T09:41:59Z</time>
   </trkpt>
   <trkpt lat="48.2259910" lon="7.4908480">
    <ele>172.7</ele>
    <time>2024-04-21T09:42:00Z</time>
   </trkpt>
   <trkpt lat="48.2260510" lon="7.4907980">
    <ele>172.7</ele>
    <time>2024-04-21T09:42:01Z</time>
   </trkpt>
   <trkpt lat="48.2261120" lon="7.4907510">
    <ele>172.7</ele>
    <time>2024-04-21T09:42:02Z</time>
   </trkpt>
   <trkpt lat="48.2261730" lon="7.4907060">
    <ele>172.7</ele>
    <time>2024-04-21T09:42:03Z</time>
   </trkpt>
   <trkpt lat="48.2262340" lon="7.4906580">
    <ele>172.7</ele>
    <time>2024-04-21T09:42:04Z</time>
   </trkpt>
   <trkpt lat="48.2262960" lon="7.4906110">
    <ele>172.7</ele>
    <time>2024-04-21T09:42:05Z</time>
   </trkpt>
   <trkpt lat="48.2263590" lon="7.4905640">
    <ele>172.7</ele>
    <time>2024-04-21T09:42:06Z</time>
   </trkpt>
   <trkpt lat="48.2264200" lon="7.4905130">
    <ele>172.7</ele>
    <time>2024-04-21T09:42:07Z</time>
   </trkpt>
   <trkpt lat="48.2264830" lon="7.4904650">
    <ele>172.7</ele>
    <time>2024-04-21T09:42:08Z</time>
   </trkpt>
   <trkpt lat="48.2265450" lon="7.4904170">
    <ele>172.7</ele>
    <time>2024-04-21T09:42:09Z</time>
   </trkpt>
   <trkpt lat="48.2266050" lon="7.4903640">
    <ele>172.7</ele>
    <time>2024-04-21T09:42:10Z</time>
   </trkpt>
   <trkpt lat="48.2266690" lon="7.4903180">
    <ele>172.7</ele>
    <time>2024-04-21T09:42:11Z</time>
   </trkpt>
   <trkpt lat="48.2267320" lon="7.4902660">
    <ele>172.7</ele>
    <time>2024-04-21T09:42:12Z</time>
   </trkpt>
   <trkpt lat="48.2267920" lon="7.4902100">
    <ele>172.7</ele>
    <time>2024-04-21T09:42:13Z</time>
   </trkpt>
   <trkpt lat="48.2268540" lon="7.4901550">
    <ele>172.7</ele>
    <time>2024-04-21T09:42:14Z</time>
   </trkpt>
   <trkpt lat="48.2269160" lon="7.4901020">
    <ele>172.7</ele>
    <time>2024-04-21T09:42:15Z</time>
   </trkpt>
   <trkpt lat="48.2269800" lon="7.4900500">
    <ele>172.7</ele>
    <time>2024-04-21T09:42:16Z</time>
   </trkpt>
   <trkpt lat="48.2270410" lon="7.4899960">
    <ele>172.7</ele>
    <time>2024-04-21T09:42:17Z</time>
   </trkpt>
   <trkpt lat="48.2271000" lon="7.4899400">
    <ele>172.7</ele>
    <time>2024-04-21T09:42:18Z</time>
   </trkpt>
   <trkpt lat="48.2271590" lon="7.4898870">
    <ele>172.7</ele>
    <time>2024-04-21T09:42:19Z</time>
   </trkpt>
   <trkpt lat="48.2272150" lon="7.4898320">
    <ele>172.6</ele>
    <time>2024-04-21T09:42:20Z</time>
   </trkpt>
   <trkpt lat="48.2272740" lon="7.4897820">
    <ele>172.6</ele>
    <time>2024-04-21T09:42:21Z</time>
   </trkpt>
   <trkpt lat="48.2273310" lon="7.4897210">
    <ele>172.5</ele>
    <time>2024-04-21T09:42:22Z</time>
   </trkpt>
   <trkpt lat="48.2273910" lon="7.4896660">
    <ele>172.5</ele>
    <time>2024-04-21T09:42:23Z</time>
   </trkpt>
   <trkpt lat="48.2274520" lon="7.4896090">
    <ele>172.5</ele>
    <time>2024-04-21T09:42:24Z</time>
   </trkpt>
   <trkpt lat="48.2275130" lon="7.4895500">
    <ele>172.4</ele>
    <time>2024-04-21T09:42:25Z</time>
   </trkpt>
   <trkpt lat="48.2275740" lon="7.4894930">
    <ele>172.4</ele>
    <time>2024-04-21T09:42:26Z</time>
   </trkpt>
   <trkpt lat="48.2276360" lon="7.4894330">
    <ele>172.4</ele>
    <time>2024-04-21T09:42:27Z</time>
   </trkpt>
   <trkpt lat="48.2276970" lon="7.4893700">
    <ele>172.4</ele>
    <time>2024-04-21T09:42:28Z</time>
   </trkpt>
   <trkpt lat="48.2277610" lon="7.4893120">
    <ele>172.4</ele>
    <time>2024-04-21T09:42:29Z</time>
   </trkpt>
   <trkpt lat="48.2278230" lon="7.4892500">
    <ele>172.3</ele>
    <time>2024-04-21T09:42:30Z</time>
   </trkpt>
   <trkpt lat="48.2278870" lon="7.4891900">
    <ele>172.3</ele>
    <time>2024-04-21T09:42:31Z</time>
   </trkpt>
   <trkpt lat="48.2279480" lon="7.4891290">
    <ele>172.3</ele>
    <time>2024-04-21T09:42:32Z</time>
   </trkpt>
   <trkpt lat="48.2280100" lon="7.4890690">
    <ele>172.3</ele>
    <time>2024-04-21T09:42:33Z</time>
   </trkpt>
   <trkpt lat="48.2280730" lon="7.4890110">
    <ele>172.2</ele>
    <time>2024-04-21T09:42:34Z</time>
   </trkpt>
   <trkpt lat="48.2281340" lon="7.4889500">
    <ele>172.2</ele>
    <time>2024-04-21T09:42:35Z</time>
   </trkpt>
   <trkpt lat="48.2281930" lon="7.4888840">
    <ele>172.2</ele>
    <time>2024-04-21T09:42:36Z</time>
   </trkpt>
   <trkpt lat="48.2282520" lon="7.4888200">
    <ele>172.2</ele>
    <time>2024-04-21T09:42:37Z</time>
   </trkpt>
   <trkpt lat="48.2283140" lon="7.4887600">
    <ele>172.2</ele>
    <time>2024-04-21T09:42:38Z</time>
   </trkpt>
   <trkpt lat="48.2283740" lon="7.4886950">
    <ele>172.1</ele>
    <time>2024-04-21T09:42:39Z</time>
   </trkpt>
   <trkpt lat="48.2284350" lon="7.4886360">
    <ele>172.1</ele>
    <time>2024-04-21T09:42:40Z</time>
   </trkpt>
   <trkpt lat="48.2284940" lon="7.4885720">
    <ele>172.1</ele>
    <time>2024-04-21T09:42:41Z</time>
   </trkpt>
   <trkpt lat="48.2285540" lon="7.4885090">
    <ele>172.1</ele>
    <time>2024-04-21T09:42:42Z</time>
   </trkpt>
   <trkpt lat="48.2286140" lon="7.4884470">
    <ele>172.1</ele>
    <time>2024-04-21T09:42:43Z</time>
   </trkpt>
   <trkpt lat="48.2286720" lon="7.4883820">
    <ele>172.1</ele>
    <time>2024-04-21T09:42:44Z</time>
   </trkpt>
   <trkpt lat="48.2287320" lon="7.4883210">
    <ele>172.1</ele>
    <time>2024-04-21T09:42:45Z</time>
   </trkpt>
   <trkpt lat="48.2287940" lon="7.4882590">
    <ele>172.1</ele>
    <time>2024-04-21T09:42:46Z</time>
   </trkpt>
   <trkpt lat="48.2288550" lon="7.4881980">
    <ele>172.1</ele>
    <time>2024-04-21T09:42:47Z</time>
   </trkpt>
   <trkpt lat="48.2289190" lon="7.4881370">
    <ele>172.1</ele>
    <time>2024-04-21T09:42:48Z</time>
   </trkpt>
   <trkpt lat="48.2289780" lon="7.4880750">
    <ele>172.0</ele>
    <time>2024-04-21T09:42:49Z</time>
   </trkpt>
   <trkpt lat="48.2290400" lon="7.4880130">
    <ele>172.0</ele>
    <time>2024-04-21T09:42:50Z</time>
   </trkpt>
   <trkpt lat="48.2290990" lon="7.4879470">
    <ele>172.0</ele>
    <time>2024-04-21T09:42:51Z</time>
   </trkpt>
   <trkpt lat="48.2291610" lon="7.4878880">
    <ele>172.0</ele>
    <time>2024-04-21T09:42:52Z</time>
   </trkpt>
   <trkpt lat="48.2292210" lon="7.4878230">
    <ele>172.0</ele>
    <time>2024-04-21T09:42:53Z</time>
   </trkpt>
   <trkpt lat="48.2292830" lon="7.4877580">
    <ele>172.1</ele>
    <time>2024-04-21T09:42:54Z</time>
   </trkpt>
   <trkpt lat="48.2293430" lon="7.4876930">
    <ele>172.0</ele>
    <time>2024-04-21T09:42:55Z</time>
   </trkpt>
   <trkpt lat="48.2294040" lon="7.4876300">
    <ele>172.0</ele>
    <time>2024-04-21T09:42:56Z</time>
   </trkpt>
   <trkpt lat="48.2294670" lon="7.4875710">
    <ele>172.0</ele>
    <time>2024-04-21T09:42:57Z</time>
   </trkpt>
   <trkpt lat="48.2295280" lon="7.4875060">
    <ele>172.0</ele>
    <time>2024-04-21T09:42:58Z</time>
   </trkpt>
   <trkpt lat="48.2295880" lon="7.4874440">
    <ele>172.0</ele>
    <time>2024-04-21T09:42:59Z</time>
   </trkpt>
   <trkpt lat="48.2296460" lon="7.4873760">
    <ele>172.0</ele>
    <time>2024-04-21T09:43:00Z</time>
   </trkpt>
   <trkpt lat="48.2297050" lon="7.4873150">
    <ele>172.0</ele>
    <time>2024-04-21T09:43:01Z</time>
   </trkpt>
   <trkpt lat="48.2297650" lon="7.4872490">
    <ele>171.9</ele>
    <time>2024-04-21T09:43:02Z</time>
   </trkpt>
   <trkpt lat="48.2298240" lon="7.4871840">
    <ele>171.9</ele>
    <time>2024-04-21T09:43:03Z</time>
   </trkpt>
   <trkpt lat="48.2298840" lon="7.4871240">
    <ele>171.9</ele>
    <time>2024-04-21T09:43:04Z</time>
   </trkpt>
   <trkpt lat="48.2299430" lon="7.4870610">
    <ele>171.9</ele>
    <time>2024-04-21T09:43:05Z</time>
   </trkpt>
   <trkpt lat="48.2300010" lon="7.4869980">
    <ele>171.9</ele>
    <time>2024-04-21T09:43:06Z</time>
   </trkpt>
   <trkpt lat="48.2300610" lon="7.4869380">
    <ele>171.9</ele>
    <time>2024-04-21T09:43:07Z</time>
   </trkpt>
   <trkpt lat="48.2301190" lon="7.4868780">
    <ele>171.9</ele>
    <time>2024-04-21T09:43:08Z</time>
   </trkpt>
   <trkpt lat="48.2301760" lon="7.4868210">
    <ele>171.9</ele>
    <time>2024-04-21T09:43:09Z</time>
   </trkpt>
   <trkpt lat="48.2302310" lon="7.4867600">
    <ele>171.9</ele>
    <time>2024-04-21T09:43:10Z</time>
   </trkpt>
   <trkpt lat="48.2302860" lon="7.4866980">
    <ele>172.0</ele>
    <time>2024-04-21T09:43:11Z</time>
   </trkpt>
   <trkpt lat="48.2303410" lon="7.4866390">
    <ele>172.0</ele>
    <time>2024-04-21T09:43:12Z</time>
   </trkpt>
   <trkpt lat="48.2303960" lon="7.4865800">
    <ele>172.0</ele>
    <time>2024-04-21T09:43:13Z</time>
   </trkpt>
   <trkpt lat="48.2304530" lon="7.4865200">
    <ele>172.0</ele>
    <time>2024-04-21T09:43:14Z</time>
   </trkpt>
   <trkpt lat="48.2305060" lon="7.4864570">
    <ele>172.0</ele>
    <time>2024-04-21T09:43:15Z</time>
   </trkpt>
   <trkpt lat="48.2305620" lon="7.4863940">
    <ele>172.0</ele>
    <time>2024-04-21T09:43:16Z</time>
   </trkpt>
   <trkpt lat="48.2306160" lon="7.4863290">
    <ele>172.0</ele>
    <time>2024-04-21T09:43:17Z</time>
   </trkpt>
   <trkpt lat="48.2306710" lon="7.4862680">
    <ele>172.0</ele>
    <time>2024-04-21T09:43:18Z</time>
   </trkpt>
   <trkpt lat="48.2307260" lon="7.4862070">
    <ele>172.0</ele>
    <time>2024-04-21T09:43:19Z</time>
   </trkpt>
   <trkpt lat="48.2307810" lon="7.4861430">
    <ele>172.0</ele>
    <time>2024-04-21T09:43:20Z</time>
   </trkpt>
   <trkpt lat="48.2308350" lon="7.4860810">
    <ele>172.0</ele>
    <time>2024-04-21T09:43:21Z</time>
   </trkpt>
   <trkpt lat="48.2308900" lon="7.4860190">
    <ele>172.0</ele>
    <time>2024-04-21T09:43:22Z</time>
   </trkpt>
   <trkpt lat="48.2309430" lon="7.4859560">
    <ele>172.0</ele>
    <time>2024-04-21T09:43:23Z</time>
   </trkpt>
   <trkpt lat="48.2309980" lon="7.4858970">
    <ele>172.0</ele>
    <time>2024-04-21T09:43:24Z</time>
   </trkpt>
   <trkpt lat="48.2310530" lon="7.4858320">
    <ele>172.0</ele>
    <time>2024-04-21T09:43:25Z</time>
   </trkpt>
   <trkpt lat="48.2311050" lon="7.4857660">
    <ele>172.0</ele>
    <time>2024-04-21T09:43:26Z</time>
   </trkpt>
   <trkpt lat="48.2311610" lon="7.4856980">
    <ele>172.0</ele>
    <time>2024-04-21T09:43:27Z</time>
   </trkpt>
   <trkpt lat="48.2312170" lon="7.4856340">
    <ele>172.0</ele>
    <time>2024-04-21T09:43:28Z</time>
   </trkpt>
   <trkpt lat="48.2312760" lon="7.4855720">
    <ele>171.9</ele>
    <time>2024-04-21T09:43:29Z</time>
   </trkpt>
   <trkpt lat="48.2313360" lon="7.4855100">
    <ele>171.9</ele>
    <time>2024-04-21T09:43:30Z</time>
   </trkpt>
   <trkpt lat="48.2313930" lon="7.4854440">
    <ele>171.9</ele>
    <time>2024-04-21T09:43:31Z</time>
   </trkpt>
   <trkpt lat="48.2314510" lon="7.4853770">
    <ele>171.9</ele>
    <time>2024-04-21T09:43:32Z</time>
   </trkpt>
   <trkpt lat="48.2315070" lon="7.4853100">
    <ele>171.9</ele>
    <time>2024-04-21T09:43:33Z</time>
   </trkpt>
   <trkpt lat="48.2315660" lon="7.4852470">
    <ele>171.9</ele>
    <time>2024-04-21T09:43:34Z</time>
   </trkpt>
   <trkpt lat="48.2316210" lon="7.4851790">
    <ele>171.9</ele>
    <time>2024-04-21T09:43:35Z</time>
   </trkpt>
   <trkpt lat="48.2316770" lon="7.4851140">
    <ele>171.9</ele>
    <time>2024-04-21T09:43:36Z</time>
   </trkpt>
   <trkpt lat="48.2317360" lon="7.4850510">
    <ele>171.9</ele>
    <time>2024-04-21T09:43:37Z</time>
   </trkpt>
   <trkpt lat="48.2317910" lon="7.4849830">
    <ele>171.9</ele>
    <time>2024-04-21T09:43:38Z</time>
   </trkpt>
   <trkpt lat="48.2318490" lon="7.4849170">
    <ele>171.9</ele>
    <time>2024-04-21T09:43:39Z</time>
   </trkpt>
   <trkpt lat="48.2319040" lon="7.4848510">
    <ele>171.9</ele>
    <time>2024-04-21T09:43:40Z</time>
   </trkpt>
   <trkpt lat="48.2319610" lon="7.4847840">
    <ele>171.9</ele>
    <time>2024-04-21T09:43:41Z</time>
   </trkpt>
   <trkpt lat="48.2320210" lon="7.4847170">
    <ele>171.9</ele>
    <time>2024-04-21T09:43:42Z</time>
   </trkpt>
   <trkpt lat="48.2320760" lon="7.4846500">
    <ele>171.9</ele>
    <time>2024-04-21T09:43:43Z</time>
   </trkpt>
   <trkpt lat="48.2321330" lon="7.4845870">
    <ele>171.9</ele>
    <time>2024-04-21T09:43:44Z</time>
   </trkpt>
   <trkpt lat="48.2321900" lon="7.4845220">
    <ele>171.9</ele>
    <time>2024-04-21T09:43:45Z</time>
   </trkpt>
   <trkpt lat="48.2322460" lon="7.4844560">
    <ele>171.9</ele>
    <time>2024-04-21T09:43:46Z</time>
   </trkpt>
   <trkpt lat="48.2323030" lon="7.4843920">
    <ele>171.9</ele>
    <time>2024-04-21T09:43:47Z</time>
   </trkpt>
   <trkpt lat="48.2323580" lon="7.4843270">
    <ele>171.9</ele>
    <time>2024-04-21T09:43:48Z</time>
   </trkpt>
   <trkpt lat="48.2324150" lon="7.4842650">
    <ele>171.9</ele>
    <time>2024-04-21T09:43:49Z</time>
   </trkpt>
   <trkpt lat="48.2324700" lon="7.4842000">
    <ele>171.9</ele>
    <time>2024-04-21T09:43:50Z</time>
   </trkpt>
   <trkpt lat="48.2325250" lon="7.4841360">
    <ele>171.9</ele>
    <time>2024-04-21T09:43:51Z</time>
   </trkpt>
   <trkpt lat="48.2325810" lon="7.4840730">
    <ele>171.9</ele>
    <time>2024-04-21T09:43:52Z</time>
   </trkpt>
   <trkpt lat="48.2326330" lon="7.4840140">
    <ele>171.9</ele>
    <time>2024-04-21T09:43:53Z</time>
   </trkpt>
   <trkpt lat="48.2326860" lon="7.4839530">
    <ele>171.9</ele>
    <time>2024-04-21T09:43:54Z</time>
   </trkpt>
   <trkpt lat="48.2327380" lon="7.4838880">
    <ele>171.9</ele>
    <time>2024-04-21T09:43:55Z</time>
   </trkpt>
   <trkpt lat="48.2327930" lon="7.4838240">
    <ele>171.9</ele>
    <time>2024-04-21T09:43:56Z</time>
   </trkpt>
   <trkpt lat="48.2328470" lon="7.4837620">
    <ele>172.0</ele>
    <time>2024-04-21T09:43:57Z</time>
   </trkpt>
   <trkpt lat="48.2329020" lon="7.4837020">
    <ele>172.0</ele>
    <time>2024-04-21T09:43:58Z</time>
   </trkpt>
   <trkpt lat="48.2329540" lon="7.4836400">
    <ele>172.0</ele>
    <time>2024-04-21T09:43:59Z</time>
   </trkpt>
   <trkpt lat="48.2330040" lon="7.4835780">
    <ele>172.0</ele>
    <time>2024-04-21T09:44:00Z</time>
   </trkpt>
   <trkpt lat="48.2330580" lon="7.4835210">
    <ele>172.0</ele>
    <time>2024-04-21T09:44:01Z</time>
   </trkpt>
   <trkpt lat="48.2331100" lon="7.4834600">
    <ele>171.9</ele>
    <time>2024-04-21T09:44:02Z</time>
   </trkpt>
   <trkpt lat="48.2331610" lon="7.4834030">
    <ele>171.9</ele>
    <time>2024-04-21T09:44:03Z</time>
   </trkpt>
   <trkpt lat="48.2332130" lon="7.4833420">
    <ele>171.9</ele>
    <time>2024-04-21T09:44:04Z</time>
   </trkpt>
   <trkpt lat="48.2332650" lon="7.4832820">
    <ele>171.9</ele>
    <time>2024-04-21T09:44:05Z</time>
   </trkpt>
   <trkpt lat="48.2333200" lon="7.4832230">
    <ele>171.9</ele>
    <time>2024-04-21T09:44:06Z</time>
   </trkpt>
   <trkpt lat="48.2333720" lon="7.4831630">
    <ele>171.9</ele>
    <time>2024-04-21T09:44:07Z</time>
   </trkpt>
   <trkpt lat="48.2334250" lon="7.4831040">
    <ele>171.9</ele>
    <time>2024-04-21T09:44:08Z</time>
   </trkpt>
   <trkpt lat="48.2334780" lon="7.4830420">
    <ele>171.9</ele>
    <time>2024-04-21T09:44:09Z</time>
   </trkpt>
   <trkpt lat="48.2335320" lon="7.4829830">
    <ele>171.9</ele>
    <time>2024-04-21T09:44:10Z</time>
   </trkpt>
   <trkpt lat="48.2335870" lon="7.4829210">
    <ele>171.9</ele>
    <time>2024-04-21T09:44:11Z</time>
   </trkpt>
   <trkpt lat="48.2336390" lon="7.4828600">
    <ele>171.9</ele>
    <time>2024-04-21T09:44:12Z</time>
   </trkpt>
   <trkpt lat="48.2336910" lon="7.4827960">
    <ele>171.9</ele>
    <time>2024-04-21T09:44:13Z</time>
   </trkpt>
   <trkpt lat="48.2337450" lon="7.4827360">
    <ele>171.9</ele>
    <time>2024-04-21T09:44:14Z</time>
   </trkpt>
   <trkpt lat="48.2337980" lon="7.4826730">
    <ele>171.9</ele>
    <time>2024-04-21T09:44:15Z</time>
   </trkpt>
   <trkpt lat="48.2338510" lon="7.4826110">
    <ele>171.9</ele>
    <time>2024-04-21T09:44:16Z</time>
   </trkpt>
   <trkpt lat="48.2339050" lon="7.4825500">
    <ele>171.9</ele>
    <time>2024-04-21T09:44:17Z</time>
   </trkpt>
   <trkpt lat="48.2339560" lon="7.4824880">
    <ele>171.9</ele>
    <time>2024-04-21T09:44:18Z</time>
   </trkpt>
   <trkpt lat="48.2340090" lon="7.4824260">
    <ele>171.9</ele>
    <time>2024-04-21T09:44:19Z</time>
   </trkpt>
   <trkpt lat="48.2340620" lon="7.4823650">
    <ele>171.9</ele>
    <time>2024-04-21T09:44:20Z</time>
   </trkpt>
   <trkpt lat="48.2341160" lon="7.4823050">
    <ele>171.9</ele>
    <time>2024-04-21T09:44:21Z</time>
   </trkpt>
   <trkpt lat="48.2341690" lon="7.4822450">
    <ele>172.0</ele>
    <time>2024-04-21T09:44:22Z</time>
   </trkpt>
   <trkpt lat="48.2342220" lon="7.4821820">
    <ele>172.0</ele>
    <time>2024-04-21T09:44:23Z</time>
   </trkpt>
   <trkpt lat="48.2342760" lon="7.4821190">
    <ele>172.0</ele>
    <time>2024-04-21T09:44:24Z</time>
   </trkpt>
   <trkpt lat="48.2343290" lon="7.4820570">
    <ele>171.9</ele>
    <time>2024-04-21T09:44:25Z</time>
   </trkpt>
   <trkpt lat="48.2343820" lon="7.4819980">
    <ele>171.9</ele>
    <time>2024-04-21T09:44:26Z</time>
   </trkpt>
   <trkpt lat="48.2344360" lon="7.4819380">
    <ele>171.9</ele>
    <time>2024-04-21T09:44:27Z</time>
   </trkpt>
   <trkpt lat="48.2344890" lon="7.4818800">
    <ele>171.9</ele>
    <time>2024-04-21T09:44:28Z</time>
   </trkpt>
   <trkpt lat="48.2345440" lon="7.4818240">
    <ele>171.9</ele>
    <time>2024-04-21T09:44:29Z</time>
   </trkpt>
   <trkpt lat="48.2345990" lon="7.4817670">
    <ele>171.9</ele>
    <time>2024-04-21T09:44:30Z</time>
   </trkpt>
   <trkpt lat="48.2346530" lon="7.4817070">
    <ele>171.9</ele>
    <time>2024-04-21T09:44:31Z</time>
   </trkpt>
   <trkpt lat="48.2347040" lon="7.4816460">
    <ele>171.9</ele>
    <time>2024-04-21T09:44:32Z</time>
   </trkpt>
   <trkpt lat="48.2347570" lon="7.4815930">
    <ele>171.9</ele>
    <time>2024-04-21T09:44:33Z</time>
   </trkpt>
   <trkpt lat="48.2348120" lon="7.4815400">
    <ele>171.9</ele>
    <time>2024-04-21T09:44:34Z</time>
   </trkpt>
   <trkpt lat="48.2348650" lon="7.4814870">
    <ele>171.9</ele>
    <time>2024-04-21T09:44:35Z</time>
   </trkpt>
   <trkpt lat="48.2349190" lon="7.4814320">
    <ele>171.8</ele>
    <time>2024-04-21T09:44:36Z</time>
   </trkpt>
   <trkpt lat="48.2349720" lon="7.4813770">
    <ele>171.8</ele>
    <time>2024-04-21T09:44:37Z</time>
   </trkpt>
   <trkpt lat="48.2350250" lon="7.4813220">
    <ele>171.8</ele>
    <time>2024-04-21T09:44:38Z</time>
   </trkpt>
   <trkpt lat="48.2350770" lon="7.4812630">
    <ele>171.8</ele>
    <time>2024-04-21T09:44:39Z</time>
   </trkpt>
   <trkpt lat="48.2351310" lon="7.4812090">
    <ele>171.8</ele>
    <time>2024-04-21T09:44:40Z</time>
   </trkpt>
   <trkpt lat="48.2351840" lon="7.4811530">
    <ele>171.8</ele>
    <time>2024-04-21T09:44:41Z</time>
   </trkpt>
   <trkpt lat="48.2352360" lon="7.4810960">
    <ele>171.8</ele>
    <time>2024-04-21T09:44:42Z</time>
   </trkpt>
   <trkpt lat="48.2352920" lon="7.4810390">
    <ele>171.8</ele>
    <time>2024-04-21T09:44:43Z</time>
   </trkpt>
   <trkpt lat="48.2353480" lon="7.4809820">
    <ele>171.8</ele>
    <time>2024-04-21T09:44:44Z</time>
   </trkpt>
   <trkpt lat="48.2354040" lon="7.4809280">
    <ele>171.8</ele>
    <time>2024-04-21T09:44:45Z</time>
   </trkpt>
   <trkpt lat="48.2354560" lon="7.4808700">
    <ele>171.8</ele>
    <time>2024-04-21T09:44:46Z</time>
   </trkpt>
   <trkpt lat="48.2355080" lon="7.4808120">
    <ele>171.8</ele>
    <time>2024-04-21T09:44:47Z</time>
   </trkpt>
   <trkpt lat="48.2355630" lon="7.4807560">
    <ele>171.8</ele>
    <time>2024-04-21T09:44:48Z</time>
   </trkpt>
   <trkpt lat="48.2356190" lon="7.4807020">
    <ele>171.9</ele>
    <time>2024-04-21T09:44:49Z</time>
   </trkpt>
   <trkpt lat="48.2356740" lon="7.4806450">
    <ele>171.9</ele>
    <time>2024-04-21T09:44:50Z</time>
   </trkpt>
   <trkpt lat="48.2357270" lon="7.4805910">
    <ele>171.9</ele>
    <time>2024-04-21T09:44:51Z</time>
   </trkpt>
   <trkpt lat="48.2357830" lon="7.4805380">
    <ele>171.9</ele>
    <time>2024-04-21T09:44:52Z</time>
   </trkpt>
   <trkpt lat="48.2358350" lon="7.4804820">
    <ele>171.9</ele>
    <time>2024-04-21T09:44:53Z</time>
   </trkpt>
   <trkpt lat="48.2358930" lon="7.4804280">
    <ele>172.0</ele>
    <time>2024-04-21T09:44:54Z</time>
   </trkpt>
   <trkpt lat="48.2359480" lon="7.4803740">
    <ele>172.0</ele>
    <time>2024-04-21T09:44:55Z</time>
   </trkpt>
   <trkpt lat="48.2360030" lon="7.4803210">
    <ele>172.1</ele>
    <time>2024-04-21T09:44:56Z</time>
   </trkpt>
   <trkpt lat="48.2360620" lon="7.4802670">
    <ele>172.1</ele>
    <time>2024-04-21T09:44:57Z</time>
   </trkpt>
   <trkpt lat="48.2361200" lon="7.4802130">
    <ele>172.1</ele>
    <time>2024-04-21T09:44:58Z</time>
   </trkpt>
   <trkpt lat="48.2361780" lon="7.4801570">
    <ele>172.1</ele>
    <time>2024-04-21T09:44:59Z</time>
   </trkpt>
   <trkpt lat="48.2362360" lon="7.4801010">
    <ele>172.1</ele>
    <time>2024-04-21T09:45:00Z</time>
   </trkpt>
   <trkpt lat="48.2362940" lon="7.4800500">
    <ele>172.1</ele>
    <time>2024-04-21T09:45:01Z</time>
   </trkpt>
   <trkpt lat="48.2363530" lon="7.4799950">
    <ele>172.1</ele>
    <time>2024-04-21T09:45:02Z</time>
   </trkpt>
   <trkpt lat="48.2364100" lon="7.4799380">
    <ele>172.2</ele>
    <time>2024-04-21T09:45:03Z</time>
   </trkpt>
   <trkpt lat="48.2364650" lon="7.4798820">
    <ele>172.2</ele>
    <time>2024-04-21T09:45:04Z</time>
   </trkpt>
   <trkpt lat="48.2365230" lon="7.4798250">
    <ele>172.2</ele>
    <time>2024-04-21T09:45:05Z</time>
   </trkpt>
   <trkpt lat="48.2365800" lon="7.4797670">
    <ele>172.2</ele>
    <time>2024-04-21T09:45:06Z</time>
   </trkpt>
   <trkpt lat="48.2366370" lon="7.4797120">
    <ele>172.2</ele>
    <time>2024-04-21T09:45:07Z</time>
   </trkpt>
   <trkpt lat="48.2366930" lon="7.4796590">
    <ele>172.2</ele>
    <time>2024-04-21T09:45:08Z</time>
   </trkpt>
   <trkpt lat="48.2367510" lon="7.4796060">
    <ele>172.2</ele>
    <time>2024-04-21T09:45:09Z</time>
   </trkpt>
   <trkpt lat="48.2368090" lon="7.4795540">
    <ele>172.2</ele>
    <time>2024-04-21T09:45:10Z</time>
   </trkpt>
   <trkpt lat="48.2368660" lon="7.4795040">
    <ele>172.2</ele>
    <time>2024-04-21T09:45:11Z</time>
   </trkpt>
   <trkpt lat="48.2369260" lon="7.4794500">
    <ele>172.2</ele>
    <time>2024-04-21T09:45:12Z</time>
   </trkpt>
   <trkpt lat="48.2369850" lon="7.4793970">
    <ele>172.3</ele>
    <time>2024-04-21T09:45:13Z</time>
   </trkpt>
   <trkpt lat="48.2370430" lon="7.4793440">
    <ele>172.3</ele>
    <time>2024-04-21T09:45:14Z</time>
   </trkpt>
   <trkpt lat="48.2371010" lon="7.4792920">
    <ele>172.3</ele>
    <time>2024-04-21T09:45:15Z</time>
   </trkpt>
   <trkpt lat="48.2371590" lon="7.4792400">
    <ele>172.3</ele>
    <time>2024-04-21T09:45:16Z</time>
   </trkpt>
   <trkpt lat="48.2372170" lon="7.4791880">
    <ele>172.3</ele>
    <time>2024-04-21T09:45:17Z</time>
   </trkpt>
   <trkpt lat="48.2372750" lon="7.4791370">
    <ele>172.3</ele>
    <time>2024-04-21T09:45:18Z</time>
   </trkpt>
   <trkpt lat="48.2373320" lon="7.4790840">
    <ele>172.3</ele>
    <time>2024-04-21T09:45:19Z</time>
   </trkpt>
   <trkpt lat="48.2373920" lon="7.4790330">
    <ele>172.3</ele>
    <time>2024-04-21T09:45:20Z</time>
   </trkpt>
   <trkpt lat="48.2374510" lon="7.4789820">
    <ele>172.3</ele>
    <time>2024-04-21T09:45:21Z</time>
   </trkpt>
   <trkpt lat="48.2375100" lon="7.4789290">
    <ele>172.3</ele>
    <time>2024-04-21T09:45:22Z</time>
   </trkpt>
   <trkpt lat="48.2375700" lon="7.4788780">
    <ele>172.3</ele>
    <time>2024-04-21T09:45:23Z</time>
   </trkpt>
   <trkpt lat="48.2376310" lon="7.4788250">
    <ele>172.3</ele>
    <time>2024-04-21T09:45:24Z</time>
   </trkpt>
   <trkpt lat="48.2376900" lon="7.4787740">
    <ele>172.3</ele>
    <time>2024-04-21T09:45:25Z</time>
   </trkpt>
   <trkpt lat="48.2377510" lon="7.4787240">
    <ele>172.3</ele>
    <time>2024-04-21T09:45:26Z</time>
   </trkpt>
   <trkpt lat="48.2378120" lon="7.4786730">
    <ele>172.3</ele>
    <time>2024-04-21T09:45:27Z</time>
   </trkpt>
   <trkpt lat="48.2378730" lon="7.4786170">
    <ele>172.3</ele>
    <time>2024-04-21T09:45:28Z</time>
   </trkpt>
   <trkpt lat="48.2379360" lon="7.4785700">
    <ele>172.2</ele>
    <time>2024-04-21T09:45:29Z</time>
   </trkpt>
   <trkpt lat="48.2379980" lon="7.4785180">
    <ele>172.1</ele>
    <time>2024-04-21T09:45:30Z</time>
   </trkpt>
   <trkpt lat="48.2380580" lon="7.4784680">
    <ele>172.1</ele>
    <time>2024-04-21T09:45:31Z</time>
   </trkpt>
   <trkpt lat="48.2381200" lon="7.4784190">
    <ele>172.0</ele>
    <time>2024-04-21T09:45:32Z</time>
   </trkpt>
   <trkpt lat="48.2381810" lon="7.4783690">
    <ele>172.0</ele>
    <time>2024-04-21T09:45:33Z</time>
   </trkpt>
   <trkpt lat="48.2382420" lon="7.4783190">
    <ele>172.0</ele>
    <time>2024-04-21T09:45:34Z</time>
   </trkpt>
   <trkpt lat="48.2383040" lon="7.4782700">
    <ele>171.9</ele>
    <time>2024-04-21T09:45:35Z</time>
   </trkpt>
   <trkpt lat="48.2383650" lon="7.4782190">
    <ele>171.9</ele>
    <time>2024-04-21T09:45:36Z</time>
   </trkpt>
   <trkpt lat="48.2384270" lon="7.4781690">
    <ele>171.9</ele>
    <time>2024-04-21T09:45:37Z</time>
   </trkpt>
   <trkpt lat="48.2384900" lon="7.4781190">
    <ele>171.9</ele>
    <time>2024-04-21T09:45:38Z</time>
   </trkpt>
   <trkpt lat="48.2385510" lon="7.4780680">
    <ele>171.9</ele>
    <time>2024-04-21T09:45:39Z</time>
   </trkpt>
   <trkpt lat="48.2386120" lon="7.4780190">
    <ele>171.9</ele>
    <time>2024-04-21T09:45:40Z</time>
   </trkpt>
   <trkpt lat="48.2386730" lon="7.4779710">
    <ele>172.0</ele>
    <time>2024-04-21T09:45:41Z</time>
   </trkpt>
   <trkpt lat="48.2387340" lon="7.4779230">
    <ele>172.0</ele>
    <time>2024-04-21T09:45:42Z</time>
   </trkpt>
   <trkpt lat="48.2387930" lon="7.4778750">
    <ele>172.0</ele>
    <time>2024-04-21T09:45:43Z</time>
   </trkpt>
   <trkpt lat="48.2388550" lon="7.4778290">
    <ele>172.0</ele>
    <time>2024-04-21T09:45:44Z</time>
   </trkpt>
   <trkpt lat="48.2389150" lon="7.4777800">
    <ele>172.0</ele>
    <time>2024-04-21T09:45:45Z</time>
   </trkpt>
   <trkpt lat="48.2389770" lon="7.4777330">
    <ele>172.0</ele>
    <time>2024-04-21T09:45:46Z</time>
   </trkpt>
   <trkpt lat="48.2390380" lon="7.4776870">
    <ele>171.9</ele>
    <time>2024-04-21T09:45:47Z</time>
   </trkpt>
   <trkpt lat="48.2390960" lon="7.4776380">
    <ele>171.9</ele>
    <time>2024-04-21T09:45:48Z</time>
   </trkpt>
   <trkpt lat="48.2391580" lon="7.4775910">
    <ele>171.9</ele>
    <time>2024-04-21T09:45:49Z</time>
   </trkpt>
   <trkpt lat="48.2392190" lon="7.4775440">
    <ele>171.9</ele>
    <time>2024-04-21T09:45:50Z</time>
   </trkpt>
   <trkpt lat="48.2392780" lon="7.4774940">
    <ele>171.9</ele>
    <time>2024-04-21T09:45:51Z</time>
   </trkpt>
   <trkpt lat="48.2393360" lon="7.4774470">
    <ele>171.9</ele>
    <time>2024-04-21T09:45:52Z</time>
   </trkpt>
   <trkpt lat="48.2393930" lon="7.4774010">
    <ele>171.9</ele>
    <time>2024-04-21T09:45:53Z</time>
   </trkpt>
   <trkpt lat="48.2394530" lon="7.4773510">
    <ele>171.9</ele>
    <time>2024-04-21T09:45:54Z</time>
   </trkpt>
   <trkpt lat="48.2395100" lon="7.4773050">
    <ele>171.9</ele>
    <time>2024-04-21T09:45:55Z</time>
   </trkpt>
   <trkpt lat="48.2395680" lon="7.4772550">
    <ele>171.9</ele>
    <time>2024-04-21T09:45:56Z</time>
   </trkpt>
   <trkpt lat="48.2396240" lon="7.4772060">
    <ele>171.9</ele>
    <time>2024-04-21T09:45:57Z</time>
   </trkpt>
   <trkpt lat="48.2396820" lon="7.4771600">
    <ele>171.9</ele>
    <time>2024-04-21T09:45:58Z</time>
   </trkpt>
   <trkpt lat="48.2397390" lon="7.4771130">
    <ele>171.9</ele>
    <time>2024-04-21T09:45:59Z</time>
   </trkpt>
   <trkpt lat="48.2397950" lon="7.4770600">
    <ele>171.9</ele>
    <time>2024-04-21T09:46:00Z</time>
   </trkpt>
   <trkpt lat="48.2398510" lon="7.4770040">
    <ele>171.8</ele>
    <time>2024-04-21T09:46:01Z</time>
   </trkpt>
   <trkpt lat="48.2399070" lon="7.4769500">
    <ele>171.8</ele>
    <time>2024-04-21T09:46:02Z</time>
   </trkpt>
   <trkpt lat="48.2399600" lon="7.4768920">
    <ele>171.8</ele>
    <time>2024-04-21T09:46:03Z</time>
   </trkpt>
   <trkpt lat="48.2400120" lon="7.4768290">
    <ele>171.8</ele>
    <time>2024-04-21T09:46:04Z</time>
   </trkpt>
   <trkpt lat="48.2400650" lon="7.4767630">
    <ele>171.8</ele>
    <time>2024-04-21T09:46:05Z</time>
   </trkpt>
   <trkpt lat="48.2401190" lon="7.4766960">
    <ele>171.8</ele>
    <time>2024-04-21T09:46:06Z</time>
   </trkpt>
   <trkpt lat="48.2401710" lon="7.4766250">
    <ele>171.8</ele>
    <time>2024-04-21T09:46:07Z</time>
   </trkpt>
   <trkpt lat="48.2402250" lon="7.4765530">
    <ele>171.7</ele>
    <time>2024-04-21T09:46:08Z</time>
   </trkpt>
   <trkpt lat="48.2402770" lon="7.4764830">
    <ele>171.7</ele>
    <time>2024-04-21T09:46:09Z</time>
   </trkpt>
   <trkpt lat="48.2403270" lon="7.4764090">
    <ele>171.6</ele>
    <time>2024-04-21T09:46:10Z</time>
   </trkpt>
   <trkpt lat="48.2403750" lon="7.4763300">
    <ele>171.6</ele>
    <time>2024-04-21T09:46:11Z</time>
   </trkpt>
   <trkpt lat="48.2404200" lon="7.4762490">
    <ele>171.6</ele>
    <time>2024-04-21T09:46:12Z</time>
   </trkpt>
   <trkpt lat="48.2404660" lon="7.4761660">
    <ele>171.6</ele>
    <time>2024-04-21T09:46:13Z</time>
   </trkpt>
   <trkpt lat="48.2405100" lon="7.4760790">
    <ele>171.5</ele>
    <time>2024-04-21T09:46:14Z</time>
   </trkpt>
   <trkpt lat="48.2405490" lon="7.4759890">
    <ele>171.5</ele>
    <time>2024-04-21T09:46:15Z</time>
   </trkpt>
   <trkpt lat="48.2405880" lon="7.4758990">
    <ele>171.5</ele>
    <time>2024-04-21T09:46:16Z</time>
   </trkpt>
   <trkpt lat="48.2406270" lon="7.4758070">
    <ele>171.5</ele>
    <time>2024-04-21T09:46:17Z</time>
   </trkpt>
   <trkpt lat="48.2406650" lon="7.4757160">
    <ele>171.5</ele>
    <time>2024-04-21T09:46:18Z</time>
   </trkpt>
   <trkpt lat="48.2407040" lon="7.4756270">
    <ele>171.6</ele>
    <time>2024-04-21T09:46:19Z</time>
   </trkpt>
   <trkpt lat="48.2407410" lon="7.4755360">
    <ele>171.6</ele>
    <time>2024-04-21T09:46:20Z</time>
   </trkpt>
   <trkpt lat="48.2407760" lon="7.4754420">
    <ele>171.6</ele>
    <time>2024-04-21T09:46:21Z</time>
   </trkpt>
   <trkpt lat="48.2408110" lon="7.4753490">
    <ele>171.6</ele>
    <time>2024-04-21T09:46:22Z</time>
   </trkpt>
   <trkpt lat="48.2408440" lon="7.4752580">
    <ele>171.7</ele>
    <time>2024-04-21T09:46:23Z</time>
   </trkpt>
   <trkpt lat="48.2408800" lon="7.4751670">
    <ele>171.7</ele>
    <time>2024-04-21T09:46:24Z</time>
   </trkpt>
   <trkpt lat="48.2409170" lon="7.4750770">
    <ele>171.7</ele>
    <time>2024-04-21T09:46:25Z</time>
   </trkpt>
   <trkpt lat="48.2409480" lon="7.4749850">
    <ele>171.7</ele>
    <time>2024-04-21T09:46:26Z</time>
   </trkpt>
   <trkpt lat="48.2409790" lon="7.4748950">
    <ele>171.7</ele>
    <time>2024-04-21T09:46:27Z</time>
   </trkpt>
   <trkpt lat="48.2410110" lon="7.4748080">
    <ele>171.7</ele>
    <time>2024-04-21T09:46:28Z</time>
   </trkpt>
   <trkpt lat="48.2410430" lon="7.4747220">
    <ele>171.8</ele>
    <time>2024-04-21T09:46:29Z</time>
   </trkpt>
   <trkpt lat="48.2410750" lon="7.4746320">
    <ele>171.8</ele>
    <time>2024-04-21T09:46:30Z</time>
   </trkpt>
   <trkpt lat="48.2411080" lon="7.4745450">
    <ele>171.8</ele>
    <time>2024-04-21T09:46:31Z</time>
   </trkpt>
   <trkpt lat="48.2411390" lon="7.4744590">
    <ele>171.9</ele>
    <time>2024-04-21T09:46:32Z</time>
   </trkpt>
   <trkpt lat="48.2411730" lon="7.4743750">
    <ele>171.9</ele>
    <time>2024-04-21T09:46:33Z</time>
   </trkpt>
   <trkpt lat="48.2412080" lon="7.4742880">
    <ele>172.0</ele>
    <time>2024-04-21T09:46:34Z</time>
   </trkpt>
   <trkpt lat="48.2412380" lon="7.4741960">
    <ele>172.0</ele>
    <time>2024-04-21T09:46:35Z</time>
   </trkpt>
   <trkpt lat="48.2412720" lon="7.4741080">
    <ele>172.0</ele>
    <time>2024-04-21T09:46:36Z</time>
   </trkpt>
   <trkpt lat="48.2413070" lon="7.4740200">
    <ele>172.1</ele>
    <time>2024-04-21T09:46:37Z</time>
   </trkpt>
   <trkpt lat="48.2413400" lon="7.4739280">
    <ele>172.1</ele>
    <time>2024-04-21T09:46:38Z</time>
   </trkpt>
   <trkpt lat="48.2413750" lon="7.4738360">
    <ele>172.1</ele>
    <time>2024-04-21T09:46:39Z</time>
   </trkpt>
   <trkpt lat="48.2414090" lon="7.4737430">
    <ele>172.2</ele>
    <time>2024-04-21T09:46:40Z</time>
   </trkpt>
   <trkpt lat="48.2414430" lon="7.4736500">
    <ele>172.2</ele>
    <time>2024-04-21T09:46:41Z</time>
   </trkpt>
   <trkpt lat="48.2414800" lon="7.4735610">
    <ele>172.2</ele>
    <time>2024-04-21T09:46:42Z</time>
   </trkpt>
   <trkpt lat="48.2415130" lon="7.4734650">
    <ele>172.2</ele>
    <time>2024-04-21T09:46:43Z</time>
   </trkpt>
   <trkpt lat="48.2415450" lon="7.4733680">
    <ele>172.2</ele>
    <time>2024-04-21T09:46:44Z</time>
   </trkpt>
   <trkpt lat="48.2415790" lon="7.4732750">
    <ele>172.2</ele>
    <time>2024-04-21T09:46:45Z</time>
   </trkpt>
   <trkpt lat="48.2416150" lon="7.4731820">
    <ele>172.2</ele>
    <time>2024-04-21T09:46:46Z</time>
   </trkpt>
   <trkpt lat="48.2416490" lon="7.4730890">
    <ele>172.2</ele>
    <time>2024-04-21T09:46:47Z</time>
   </trkpt>
   <trkpt lat="48.2416820" lon="7.4729960">
    <ele>172.1</ele>
    <time>2024-04-21T09:46:48Z</time>
   </trkpt>
   <trkpt lat="48.2417160" lon="7.4728980">
    <ele>172.1</ele>
    <time>2024-04-21T09:46:49Z</time>
   </trkpt>
   <trkpt lat="48.2417510" lon="7.4728060">
    <ele>172.1</ele>
    <time>2024-04-21T09:46:50Z</time>
   </trkpt>
   <trkpt lat="48.2417870" lon="7.4727120">
    <ele>172.1</ele>
    <time>2024-04-21T09:46:51Z</time>
   </trkpt>
   <trkpt lat="48.2418220" lon="7.4726210">
    <ele>172.1</ele>
    <time>2024-04-21T09:46:52Z</time>
   </trkpt>
   <trkpt lat="48.2418560" lon="7.4725300">
    <ele>172.1</ele>
    <time>2024-04-21T09:46:53Z</time>
   </trkpt>
   <trkpt lat="48.2418910" lon="7.4724390">
    <ele>172.2</ele>
    <time>2024-04-21T09:46:54Z</time>
   </trkpt>
   <trkpt lat="48.2419260" lon="7.4723450">
    <ele>172.2</ele>
    <time>2024-04-21T09:46:55Z</time>
   </trkpt>
   <trkpt lat="48.2419600" lon="7.4722510">
    <ele>172.1</ele>
    <time>2024-04-21T09:46:56Z</time>
   </trkpt>
   <trkpt lat="48.2419950" lon="7.4721570">
    <ele>172.1</ele>
    <time>2024-04-21T09:46:57Z</time>
   </trkpt>
   <trkpt lat="48.2420310" lon="7.4720640">
    <ele>172.1</ele>
    <time>2024-04-21T09:46:58Z</time>
   </trkpt>
   <trkpt lat="48.2420650" lon="7.4719680">
    <ele>172.1</ele>
    <time>2024-04-21T09:46:59Z</time>
   </trkpt>
   <trkpt lat="48.2420990" lon="7.4718730">
    <ele>172.1</ele>
    <time>2024-04-21T09:47:00Z</time>
   </trkpt>
   <trkpt lat="48.2421340" lon="7.4717760">
    <ele>172.1</ele>
    <time>2024-04-21T09:47:01Z</time>
   </trkpt>
   <trkpt lat="48.2421670" lon="7.4716790">
    <ele>172.1</ele>
    <time>2024-04-21T09:47:02Z</time>
   </trkpt>
   <trkpt lat="48.2422040" lon="7.4715830">
    <ele>172.1</ele>
    <time>2024-04-21T09:47:03Z</time>
   </trkpt>
   <trkpt lat="48.2422390" lon="7.4714830">
    <ele>172.0</ele>
    <time>2024-04-21T09:47:04Z</time>
   </trkpt>
   <trkpt lat="48.2422770" lon="7.4713850">
    <ele>172.0</ele>
    <time>2024-04-21T09:47:05Z</time>
   </trkpt>
   <trkpt lat="48.2423120" lon="7.4712850">
    <ele>172.0</ele>
    <time>2024-04-21T09:47:06Z</time>
   </trkpt>
   <trkpt lat="48.2423490" lon="7.4711860">
    <ele>172.0</ele>
    <time>2024-04-21T09:47:07Z</time>
   </trkpt>
   <trkpt lat="48.2423870" lon="7.4710840">
    <ele>172.0</ele>
    <time>2024-04-21T09:47:08Z</time>
   </trkpt>
   <trkpt lat="48.2424250" lon="7.4709840">
    <ele>172.0</ele>
    <time>2024-04-21T09:47:09Z</time>
   </trkpt>
   <trkpt lat="48.2424610" lon="7.4708840">
    <ele>172.0</ele>
    <time>2024-04-21T09:47:10Z</time>
   </trkpt>
   <trkpt lat="48.2424960" lon="7.4707830">
    <ele>171.9</ele>
    <time>2024-04-21T09:47:11Z</time>
   </trkpt>
   <trkpt lat="48.2425340" lon="7.4706810">
    <ele>171.9</ele>
    <time>2024-04-21T09:47:12Z</time>
   </trkpt>
   <trkpt lat="48.2425710" lon="7.4705800">
    <ele>171.9</ele>
    <time>2024-04-21T09:47:13Z</time>
   </trkpt>
   <trkpt lat="48.2426090" lon="7.4704820">
    <ele>171.9</ele>
    <time>2024-04-21T09:47:14Z</time>
   </trkpt>
   <trkpt lat="48.2426450" lon="7.4703830">
    <ele>171.9</ele>
    <time>2024-04-21T09:47:15Z</time>
   </trkpt>
   <trkpt lat="48.2426820" lon="7.4702820">
    <ele>171.9</ele>
    <time>2024-04-21T09:47:16Z</time>
   </trkpt>
   <trkpt lat="48.2427180" lon="7.4701840">
    <ele>171.9</ele>
    <time>2024-04-21T09:47:17Z</time>
   </trkpt>
   <trkpt lat="48.2427540" lon="7.4700880">
    <ele>172.0</ele>
    <time>2024-04-21T09:47:18Z</time>
   </trkpt>
   <trkpt lat="48.2427910" lon="7.4699900">
    <ele>172.0</ele>
    <time>2024-04-21T09:47:19Z</time>
   </trkpt>
   <trkpt lat="48.2428260" lon="7.4698950">
    <ele>172.0</ele>
    <time>2024-04-21T09:47:20Z</time>
   </trkpt>
   <trkpt lat="48.2428590" lon="7.4697970">
    <ele>172.0</ele>
    <time>2024-04-21T09:47:21Z</time>
   </trkpt>
   <trkpt lat="48.2428970" lon="7.4697000">
    <ele>172.0</ele>
    <time>2024-04-21T09:47:22Z</time>
   </trkpt>
   <trkpt lat="48.2429320" lon="7.4696020">
    <ele>172.0</ele>
    <time>2024-04-21T09:47:23Z</time>
   </trkpt>
   <trkpt lat="48.2429660" lon="7.4695040">
    <ele>172.0</ele>
    <time>2024-04-21T09:47:24Z</time>
   </trkpt>
   <trkpt lat="48.2430010" lon="7.4694080">
    <ele>172.0</ele>
    <time>2024-04-21T09:47:25Z</time>
   </trkpt>
   <trkpt lat="48.2430340" lon="7.4693100">
    <ele>172.0</ele>
    <time>2024-04-21T09:47:26Z</time>
   </trkpt>
   <trkpt lat="48.2430710" lon="7.4692130">
    <ele>172.0</ele>
    <time>2024-04-21T09:47:27Z</time>
   </trkpt>
   <trkpt lat="48.2431040" lon="7.4691150">
    <ele>172.0</ele>
    <time>2024-04-21T09:47:28Z</time>
   </trkpt>
   <trkpt lat="48.2431380" lon="7.4690140">
    <ele>172.0</ele>
    <time>2024-04-21T09:47:29Z</time>
   </trkpt>
   <trkpt lat="48.2431740" lon="7.4689160">
    <ele>172.0</ele>
    <time>2024-04-21T09:47:30Z</time>
   </trkpt>
   <trkpt lat="48.2432090" lon="7.4688160">
    <ele>172.0</ele>
    <time>2024-04-21T09:47:31Z</time>
   </trkpt>
   <trkpt lat="48.2432450" lon="7.4687140">
    <ele>172.0</ele>
    <time>2024-04-21T09:47:32Z</time>
   </trkpt>
   <trkpt lat="48.2432780" lon="7.4686130">
    <ele>172.0</ele>
    <time>2024-04-21T09:47:33Z</time>
   </trkpt>
   <trkpt lat="48.2433150" lon="7.4685200">
    <ele>172.1</ele>
    <time>2024-04-21T09:47:34Z</time>
   </trkpt>
   <trkpt lat="48.2433480" lon="7.4684190">
    <ele>172.1</ele>
    <time>2024-04-21T09:47:35Z</time>
   </trkpt>
   <trkpt lat="48.2433840" lon="7.4683220">
    <ele>172.1</ele>
    <time>2024-04-21T09:47:36Z</time>
   </trkpt>
   <trkpt lat="48.2434150" lon="7.4682200">
    <ele>172.2</ele>
    <time>2024-04-21T09:47:37Z</time>
   </trkpt>
   <trkpt lat="48.2434500" lon="7.4681220">
    <ele>172.2</ele>
    <time>2024-04-21T09:47:38Z</time>
   </trkpt>
   <trkpt lat="48.2434870" lon="7.4680250">
    <ele>172.2</ele>
    <time>2024-04-21T09:47:39Z</time>
   </trkpt>
   <trkpt lat="48.2435220" lon="7.4679280">
    <ele>172.2</ele>
    <time>2024-04-21T09:47:40Z</time>
   </trkpt>
   <trkpt lat="48.2435550" lon="7.4678300">
    <ele>172.1</ele>
    <time>2024-04-21T09:47:41Z</time>
   </trkpt>
   <trkpt lat="48.2435880" lon="7.4677320">
    <ele>172.1</ele>
    <time>2024-04-21T09:47:42Z</time>
   </trkpt>
   <trkpt lat="48.2436230" lon="7.4676370">
    <ele>172.0</ele>
    <time>2024-04-21T09:47:43Z</time>
   </trkpt>
   <trkpt lat="48.2436560" lon="7.4675370">
    <ele>172.0</ele>
    <time>2024-04-21T09:47:44Z</time>
   </trkpt>
   <trkpt lat="48.2436920" lon="7.4674400">
    <ele>172.0</ele>
    <time>2024-04-21T09:47:45Z</time>
   </trkpt>
   <trkpt lat="48.2437250" lon="7.4673430">
    <ele>172.0</ele>
    <time>2024-04-21T09:47:46Z</time>
   </trkpt>
   <trkpt lat="48.2437570" lon="7.4672430">
    <ele>172.0</ele>
    <time>2024-04-21T09:47:47Z</time>
   </trkpt>
   <trkpt lat="48.2437940" lon="7.4671440">
    <ele>172.1</ele>
    <time>2024-04-21T09:47:48Z</time>
   </trkpt>
   <trkpt lat="48.2438280" lon="7.4670470">
    <ele>172.1</ele>
    <time>2024-04-21T09:47:49Z</time>
   </trkpt>
   <trkpt lat="48.2438640" lon="7.4669520">
    <ele>172.1</ele>
    <time>2024-04-21T09:47:50Z</time>
   </trkpt>
   <trkpt lat="48.2438980" lon="7.4668550">
    <ele>172.2</ele>
    <time>2024-04-21T09:47:51Z</time>
   </trkpt>
   <trkpt lat="48.2439300" lon="7.4667590">
    <ele>172.2</ele>
    <time>2024-04-21T09:47:52Z</time>
   </trkpt>
   <trkpt lat="48.2439630" lon="7.4666590">
    <ele>172.2</ele>
    <time>2024-04-21T09:47:53Z</time>
   </trkpt>
   <trkpt lat="48.2439970" lon="7.4665640">
    <ele>172.2</ele>
    <time>2024-04-21T09:47:54Z</time>
   </trkpt>
   <trkpt lat="48.2440310" lon="7.4664660">
    <ele>172.1</ele>
    <time>2024-04-21T09:47:55Z</time>
   </trkpt>
   <trkpt lat="48.2440630" lon="7.4663690">
    <ele>172.1</ele>
    <time>2024-04-21T09:47:56Z</time>
   </trkpt>
   <trkpt lat="48.2440970" lon="7.4662750">
    <ele>172.1</ele>
    <time>2024-04-21T09:47:57Z</time>
   </trkpt>
   <trkpt lat="48.2441340" lon="7.4661830">
    <ele>172.1</ele>
    <time>2024-04-21T09:47:58Z</time>
   </trkpt>
   <trkpt lat="48.2441670" lon="7.4660830">
    <ele>172.1</ele>
    <time>2024-04-21T09:47:59Z</time>
   </trkpt>
   <trkpt lat="48.2442040" lon="7.4659810">
    <ele>172.1</ele>
    <time>2024-04-21T09:48:00Z</time>
   </trkpt>
   <trkpt lat="48.2442360" lon="7.4658820">
    <ele>172.0</ele>
    <time>2024-04-21T09:48:01Z</time>
   </trkpt>
   <trkpt lat="48.2442710" lon="7.4657860">
    <ele>172.0</ele>
    <time>2024-04-21T09:48:02Z</time>
   </trkpt>
   <trkpt lat="48.2443030" lon="7.4656880">
    <ele>172.0</ele>
    <time>2024-04-21T09:48:03Z</time>
   </trkpt>
   <trkpt lat="48.2443370" lon="7.4655910">
    <ele>172.1</ele>
    <time>2024-04-21T09:48:04Z</time>
   </trkpt>
   <trkpt lat="48.2443700" lon="7.4654960">
    <ele>172.1</ele>
    <time>2024-04-21T09:48:05Z</time>
   </trkpt>
   <trkpt lat="48.2444030" lon="7.4654030">
    <ele>172.1</ele>
    <time>2024-04-21T09:48:06Z</time>
   </trkpt>
   <trkpt lat="48.2444380" lon="7.4653090">
    <ele>172.1</ele>
    <time>2024-04-21T09:48:07Z</time>
   </trkpt>
   <trkpt lat="48.2444700" lon="7.4652120">
    <ele>172.1</ele>
    <time>2024-04-21T09:48:08Z</time>
   </trkpt>
   <trkpt lat="48.2445010" lon="7.4651140">
    <ele>172.1</ele>
    <time>2024-04-21T09:48:09Z</time>
   </trkpt>
   <trkpt lat="48.2445350" lon="7.4650170">
    <ele>172.1</ele>
    <time>2024-04-21T09:48:10Z</time>
   </trkpt>
   <trkpt lat="48.2445680" lon="7.4649170">
    <ele>172.2</ele>
    <time>2024-04-21T09:48:11Z</time>
   </trkpt>
   <trkpt lat="48.2446010" lon="7.4648240">
    <ele>172.2</ele>
    <time>2024-04-21T09:48:12Z</time>
   </trkpt>
   <trkpt lat="48.2446360" lon="7.4647230">
    <ele>172.2</ele>
    <time>2024-04-21T09:48:13Z</time>
   </trkpt>
   <trkpt lat="48.2446740" lon="7.4646200">
    <ele>172.3</ele>
    <time>2024-04-21T09:48:14Z</time>
   </trkpt>
   <trkpt lat="48.2447090" lon="7.4645170">
    <ele>172.3</ele>
    <time>2024-04-21T09:48:15Z</time>
   </trkpt>
   <trkpt lat="48.2447480" lon="7.4644160">
    <ele>172.2</ele>
    <time>2024-04-21T09:48:16Z</time>
   </trkpt>
   <trkpt lat="48.2447840" lon="7.4643120">
    <ele>172.2</ele>
    <time>2024-04-21T09:48:17Z</time>
   </trkpt>
   <trkpt lat="48.2448210" lon="7.4642120">
    <ele>172.1</ele>
    <time>2024-04-21T09:48:18Z</time>
   </trkpt>
   <trkpt lat="48.2448590" lon="7.4641100">
    <ele>172.1</ele>
    <time>2024-04-21T09:48:19Z</time>
   </trkpt>
   <trkpt lat="48.2448970" lon="7.4640070">
    <ele>172.1</ele>
    <time>2024-04-21T09:48:20Z</time>
   </trkpt>
   <trkpt lat="48.2449330" lon="7.4639010">
    <ele>172.0</ele>
    <time>2024-04-21T09:48:21Z</time>
   </trkpt>
   <trkpt lat="48.2449680" lon="7.4637990">
    <ele>172.0</ele>
    <time>2024-04-21T09:48:22Z</time>
   </trkpt>
   <trkpt lat="48.2450010" lon="7.4636960">
    <ele>172.0</ele>
    <time>2024-04-21T09:48:23Z</time>
   </trkpt>
   <trkpt lat="48.2450400" lon="7.4635930">
    <ele>172.0</ele>
    <time>2024-04-21T09:48:24Z</time>
   </trkpt>
   <trkpt lat="48.2450780" lon="7.4634920">
    <ele>172.0</ele>
    <time>2024-04-21T09:48:25Z</time>
   </trkpt>
   <trkpt lat="48.2451230" lon="7.4634000">
    <ele>171.9</ele>
    <time>2024-04-21T09:48:26Z</time>
   </trkpt>
   <trkpt lat="48.2451710" lon="7.4633050">
    <ele>171.8</ele>
    <time>2024-04-21T09:48:27Z</time>
   </trkpt>
   <trkpt lat="48.2452230" lon="7.4632160">
    <ele>171.7</ele>
    <time>2024-04-21T09:48:28Z</time>
   </trkpt>
   <trkpt lat="48.2452760" lon="7.4631290">
    <ele>171.6</ele>
    <time>2024-04-21T09:48:29Z</time>
   </trkpt>
   <trkpt lat="48.2453310" lon="7.4630470">
    <ele>171.5</ele>
    <time>2024-04-21T09:48:30Z</time>
   </trkpt>
   <trkpt lat="48.2453810" lon="7.4629610">
    <ele>171.3</ele>
    <time>2024-04-21T09:48:31Z</time>
   </trkpt>
   <trkpt lat="48.2454320" lon="7.4628790">
    <ele>171.2</ele>
    <time>2024-04-21T09:48:32Z</time>
   </trkpt>
   <trkpt lat="48.2454860" lon="7.4627990">
    <ele>171.1</ele>
    <time>2024-04-21T09:48:33Z</time>
   </trkpt>
   <trkpt lat="48.2455420" lon="7.4627160">
    <ele>171.2</ele>
    <time>2024-04-21T09:48:34Z</time>
   </trkpt>
   <trkpt lat="48.2455930" lon="7.4626310">
    <ele>171.3</ele>
    <time>2024-04-21T09:48:35Z</time>
   </trkpt>
   <trkpt lat="48.2456440" lon="7.4625520">
    <ele>171.4</ele>
    <time>2024-04-21T09:48:36Z</time>
   </trkpt>
   <trkpt lat="48.2456990" lon="7.4624810">
    <ele>171.4</ele>
    <time>2024-04-21T09:48:37Z</time>
   </trkpt>
   <trkpt lat="48.2457510" lon="7.4624040">
    <ele>171.4</ele>
    <time>2024-04-21T09:48:38Z</time>
   </trkpt>
   <trkpt lat="48.2458060" lon="7.4623320">
    <ele>171.5</ele>
    <time>2024-04-21T09:48:39Z</time>
   </trkpt>
   <trkpt lat="48.2458590" lon="7.4622550">
    <ele>171.5</ele>
    <time>2024-04-21T09:48:40Z</time>
   </trkpt>
   <trkpt lat="48.2459150" lon="7.4621860">
    <ele>171.5</ele>
    <time>2024-04-21T09:48:41Z</time>
   </trkpt>
   <trkpt lat="48.2459690" lon="7.4621190">
    <ele>171.5</ele>
    <time>2024-04-21T09:48:42Z</time>
   </trkpt>
   <trkpt lat="48.2460230" lon="7.4620440">
    <ele>171.5</ele>
    <time>2024-04-21T09:48:43Z</time>
   </trkpt>
   <trkpt lat="48.2460810" lon="7.4619740">
    <ele>171.5</ele>
    <time>2024-04-21T09:48:44Z</time>
   </trkpt>
   <trkpt lat="48.2461380" lon="7.4619010">
    <ele>171.4</ele>
    <time>2024-04-21T09:48:45Z</time>
   </trkpt>
   <trkpt lat="48.2461980" lon="7.4618310">
    <ele>171.4</ele>
    <time>2024-04-21T09:48:46Z</time>
   </trkpt>
   <trkpt lat="48.2462550" lon="7.4617590">
    <ele>171.3</ele>
    <time>2024-04-21T09:48:47Z</time>
   </trkpt>
   <trkpt lat="48.2463140" lon="7.4616940">
    <ele>171.3</ele>
    <time>2024-04-21T09:48:48Z</time>
   </trkpt>
   <trkpt lat="48.2463730" lon="7.4616350">
    <ele>171.3</ele>
    <time>2024-04-21T09:48:49Z</time>
   </trkpt>
   <trkpt lat="48.2464230" lon="7.4615570">
    <ele>171.2</ele>
    <time>2024-04-21T09:48:50Z</time>
   </trkpt>
   <trkpt lat="48.2464760" lon="7.4614800">
    <ele>171.2</ele>
    <time>2024-04-21T09:48:51Z</time>
   </trkpt>
   <trkpt lat="48.2465310" lon="7.4614000">
    <ele>171.2</ele>
    <time>2024-04-21T09:48:52Z</time>
   </trkpt>
   <trkpt lat="48.2465890" lon="7.4613240">
    <ele>171.2</ele>
    <time>2024-04-21T09:48:53Z</time>
   </trkpt>
   <trkpt lat="48.2466440" lon="7.4612530">
    <ele>171.2</ele>
    <time>2024-04-21T09:48:54Z</time>
   </trkpt>
   <trkpt lat="48.2467020" lon="7.4611900">
    <ele>171.2</ele>
    <time>2024-04-21T09:48:55Z</time>
   </trkpt>
   <trkpt lat="48.2467570" lon="7.4611210">
    <ele>171.2</ele>
    <time>2024-04-21T09:48:56Z</time>
   </trkpt>
   <trkpt lat="48.2468080" lon="7.4610430">
    <ele>171.2</ele>
    <time>2024-04-21T09:48:57Z</time>
   </trkpt>
   <trkpt lat="48.2468620" lon="7.4609690">
    <ele>171.2</ele>
    <time>2024-04-21T09:48:58Z</time>
   </trkpt>
   <trkpt lat="48.2469160" lon="7.4608980">
    <ele>171.2</ele>
    <time>2024-04-21T09:48:59Z</time>
   </trkpt>
   <trkpt lat="48.2469700" lon="7.4608300">
    <ele>171.2</ele>
    <time>2024-04-21T09:49:00Z</time>
   </trkpt>
   <trkpt lat="48.2470230" lon="7.4607650">
    <ele>171.2</ele>
    <time>2024-04-21T09:49:01Z</time>
   </trkpt>
   <trkpt lat="48.2470730" lon="7.4606950">
    <ele>171.3</ele>
    <time>2024-04-21T09:49:02Z</time>
   </trkpt>
   <trkpt lat="48.2471230" lon="7.4606320">
    <ele>171.3</ele>
    <time>2024-04-21T09:49:03Z</time>
   </trkpt>
   <trkpt lat="48.2471720" lon="7.4605740">
    <ele>171.3</ele>
    <time>2024-04-21T09:49:04Z</time>
   </trkpt>
   <trkpt lat="48.2472260" lon="7.4605220">
    <ele>171.3</ele>
    <time>2024-04-21T09:49:05Z</time>
   </trkpt>
   <trkpt lat="48.2472880" lon="7.4605010">
    <ele>171.3</ele>
    <time>2024-04-21T09:49:06Z</time>
   </trkpt>
   <trkpt lat="48.2473420" lon="7.4604910">
    <ele>171.3</ele>
    <time>2024-04-21T09:49:07Z</time>
   </trkpt>
   <trkpt lat="48.2473790" lon="7.4604440">
    <ele>171.3</ele>
    <time>2024-04-21T09:49:08Z</time>
   </trkpt>
   <trkpt lat="48.2474070" lon="7.4603920">
    <ele>171.4</ele>
    <time>2024-04-21T09:49:09Z</time>
   </trkpt>
   <trkpt lat="48.2474250" lon="7.4603380">
    <ele>171.4</ele>
    <time>2024-04-21T09:49:10Z</time>
   </trkpt>
   <trkpt lat="48.2474310" lon="7.4602720">
    <ele>171.4</ele>
    <time>2024-04-21T09:49:11Z</time>
   </trkpt>
   <trkpt lat="48.2474340" lon="7.4602020">
    <ele>171.4</ele>
    <time>2024-04-21T09:49:12Z</time>
   </trkpt>
   <trkpt lat="48.2474390" lon="7.4601360">
    <ele>171.4</ele>
    <time>2024-04-21T09:49:13Z</time>
   </trkpt>
   <trkpt lat="48.2474510" lon="7.4600760">
    <ele>171.4</ele>
    <time>2024-04-21T09:49:14Z</time>
   </trkpt>
   <trkpt lat="48.2474910" lon="7.4600300">
    <ele>171.5</ele>
    <time>2024-04-21T09:49:15Z</time>
   </trkpt>
   <trkpt lat="48.2475410" lon="7.4600010">
    <ele>171.5</ele>
    <time>2024-04-21T09:49:16Z</time>
   </trkpt>
   <trkpt lat="48.2475960" lon="7.4599720">
    <ele>171.5</ele>
    <time>2024-04-21T09:49:17Z</time>
   </trkpt>
   <trkpt lat="48.2476510" lon="7.4599320">
    <ele>171.5</ele>
    <time>2024-04-21T09:49:18Z</time>
   </trkpt>
   <trkpt lat="48.2477050" lon="7.4598850">
    <ele>171.6</ele>
    <time>2024-04-21T09:49:19Z</time>
   </trkpt>
   <trkpt lat="48.2477590" lon="7.4598350">
    <ele>171.7</ele>
    <time>2024-04-21T09:49:20Z</time>
   </trkpt>
   <trkpt lat="48.2478150" lon="7.4597860">
    <ele>171.7</ele>
    <time>2024-04-21T09:49:21Z</time>
   </trkpt>
   <trkpt lat="48.2478690" lon="7.4597340">
    <ele>171.7</ele>
    <time>2024-04-21T09:49:22Z</time>
   </trkpt>
   <trkpt lat="48.2479230" lon="7.4596820">
    <ele>171.8</ele>
    <time>2024-04-21T09:49:23Z</time>
   </trkpt>
   <trkpt lat="48.2479740" lon="7.4596280">
    <ele>171.8</ele>
    <time>2024-04-21T09:49:24Z</time>
   </trkpt>
   <trkpt lat="48.2480260" lon="7.4595760">
    <ele>171.8</ele>
    <time>2024-04-21T09:49:25Z</time>
   </trkpt>
   <trkpt lat="48.2480780" lon="7.4595200">
    <ele>171.9</ele>
    <time>2024-04-21T09:49:26Z</time>
   </trkpt>
   <trkpt lat="48.2481310" lon="7.4594730">
    <ele>171.9</ele>
    <time>2024-04-21T09:49:27Z</time>
   </trkpt>
   <trkpt lat="48.2481830" lon="7.4594270">
    <ele>171.9</ele>
    <time>2024-04-21T09:49:28Z</time>
   </trkpt>
   <trkpt lat="48.2482300" lon="7.4593810">
    <ele>171.9</ele>
    <time>2024-04-21T09:49:29Z</time>
   </trkpt>
   <trkpt lat="48.2482810" lon="7.4593310">
    <ele>171.9</ele>
    <time>2024-04-21T09:49:30Z</time>
   </trkpt>
   <trkpt lat="48.2483350" lon="7.4592800">
    <ele>171.9</ele>
    <time>2024-04-21T09:49:31Z</time>
   </trkpt>
   <trkpt lat="48.2483930" lon="7.4592280">
    <ele>171.9</ele>
    <time>2024-04-21T09:49:32Z</time>
   </trkpt>
   <trkpt lat="48.2484530" lon="7.4591750">
    <ele>171.9</ele>
    <time>2024-04-21T09:49:33Z</time>
   </trkpt>
   <trkpt lat="48.2485130" lon="7.4591240">
    <ele>171.8</ele>
    <time>2024-04-21T09:49:34Z</time>
   </trkpt>
   <trkpt lat="48.2485770" lon="7.4590750">
    <ele>171.7</ele>
    <time>2024-04-21T09:49:35Z</time>
   </trkpt>
   <trkpt lat="48.2486410" lon="7.4590280">
    <ele>171.7</ele>
    <time>2024-04-21T09:49:36Z</time>
   </trkpt>
   <trkpt lat="48.2487110" lon="7.4589940">
    <ele>171.6</ele>
    <time>2024-04-21T09:49:37Z</time>
   </trkpt>
   <trkpt lat="48.2487790" lon="7.4589640">
    <ele>171.5</ele>
    <time>2024-04-21T09:49:38Z</time>
   </trkpt>
   <trkpt lat="48.2488470" lon="7.4589320">
    <ele>171.5</ele>
    <time>2024-04-21T09:49:39Z</time>
   </trkpt>
   <trkpt lat="48.2489180" lon="7.4589040">
    <ele>171.4</ele>
    <time>2024-04-21T09:49:40Z</time>
   </trkpt>
   <trkpt lat="48.2489880" lon="7.4588760">
    <ele>171.3</ele>
    <time>2024-04-21T09:49:41Z</time>
   </trkpt>
   <trkpt lat="48.2490580" lon="7.4588450">
    <ele>171.3</ele>
    <time>2024-04-21T09:49:42Z</time>
   </trkpt>
   <trkpt lat="48.2491250" lon="7.4588210">
    <ele>171.3</ele>
    <time>2024-04-21T09:49:43Z</time>
   </trkpt>
   <trkpt lat="48.2491930" lon="7.4587970">
    <ele>171.2</ele>
    <time>2024-04-21T09:49:44Z</time>
   </trkpt>
   <trkpt lat="48.2492630" lon="7.4587740">
    <ele>171.2</ele>
    <time>2024-04-21T09:49:45Z</time>
   </trkpt>
   <trkpt lat="48.2493320" lon="7.4587510">
    <ele>171.1</ele>
    <time>2024-04-21T09:49:46Z</time>
   </trkpt>
   <trkpt lat="48.2494010" lon="7.4587350">
    <ele>171.1</ele>
    <time>2024-04-21T09:49:47Z</time>
   </trkpt>
   <trkpt lat="48.2494700" lon="7.4587300">
    <ele>171.1</ele>
    <time>2024-04-21T09:49:48Z</time>
   </trkpt>
   <trkpt lat="48.2495390" lon="7.4587220">
    <ele>171.1</ele>
    <time>2024-04-21T09:49:49Z</time>
   </trkpt>
   <trkpt lat="48.2496080" lon="7.4587010">
    <ele>171.0</ele>
    <time>2024-04-21T09:49:50Z</time>
   </trkpt>
   <trkpt lat="48.2496750" lon="7.4586740">
    <ele>171.0</ele>
    <time>2024-04-21T09:49:51Z</time>
   </trkpt>
   <trkpt lat="48.2497470" lon="7.4586550">
    <ele>171.0</ele>
    <time>2024-04-21T09:49:52Z</time>
   </trkpt>
   <trkpt lat="48.2498150" lon="7.4586290">
    <ele>171.0</ele>
    <time>2024-04-21T09:49:53Z</time>
   </trkpt>
   <trkpt lat="48.2498840" lon="7.4586100">
    <ele>171.0</ele>
    <time>2024-04-21T09:49:54Z</time>
   </trkpt>
   <trkpt lat="48.2499510" lon="7.4585920">
    <ele>171.0</ele>
    <time>2024-04-21T09:49:55Z</time>
   </trkpt>
   <trkpt lat="48.2500180" lon="7.4585710">
    <ele>171.0</ele>
    <time>2024-04-21T09:49:56Z</time>
   </trkpt>
   <trkpt lat="48.2500850" lon="7.4585510">
    <ele>171.0</ele>
    <time>2024-04-21T09:49:57Z</time>
   </trkpt>
   <trkpt lat="48.2501510" lon="7.4585280">
    <ele>171.1</ele>
    <time>2024-04-21T09:49:58Z</time>
   </trkpt>
   <trkpt lat="48.2502160" lon="7.4585030">
    <ele>171.1</ele>
    <time>2024-04-21T09:49:59Z</time>
   </trkpt>
   <trkpt lat="48.2502810" lon="7.4584770">
    <ele>171.1</ele>
    <time>2024-04-21T09:50:00Z</time>
   </trkpt>
   <trkpt lat="48.2503450" lon="7.4584500">
    <ele>171.1</ele>
    <time>2024-04-21T09:50:01Z</time>
   </trkpt>
   <trkpt lat="48.2504110" lon="7.4584220">
    <ele>171.1</ele>
    <time>2024-04-21T09:50:02Z</time>
   </trkpt>
   <trkpt lat="48.2504770" lon="7.4583970">
    <ele>171.1</ele>
    <time>2024-04-21T09:50:03Z</time>
   </trkpt>
   <trkpt lat="48.2505410" lon="7.4583740">
    <ele>171.1</ele>
    <time>2024-04-21T09:50:04Z</time>
   </trkpt>
   <trkpt lat="48.2506080" lon="7.4583510">
    <ele>171.1</ele>
    <time>2024-04-21T09:50:05Z</time>
   </trkpt>
   <trkpt lat="48.2506740" lon="7.4583310">
    <ele>171.1</ele>
    <time>2024-04-21T09:50:06Z</time>
   </trkpt>
   <trkpt lat="48.2507400" lon="7.4583140">
    <ele>171.1</ele>
    <time>2024-04-21T09:50:07Z</time>
   </trkpt>
   <trkpt lat="48.2508070" lon="7.4582960">
    <ele>171.1</ele>
    <time>2024-04-21T09:50:08Z</time>
   </trkpt>
   <trkpt lat="48.2508780" lon="7.4582780">
    <ele>171.1</ele>
    <time>2024-04-21T09:50:09Z</time>
   </trkpt>
   <trkpt lat="48.2509450" lon="7.4582540">
    <ele>171.1</ele>
    <time>2024-04-21T09:50:10Z</time>
   </trkpt>
   <trkpt lat="48.2510120" lon="7.4582200">
    <ele>171.1</ele>
    <time>2024-04-21T09:50:11Z</time>
   </trkpt>
   <trkpt lat="48.2510790" lon="7.4581920">
    <ele>171.1</ele>
    <time>2024-04-21T09:50:12Z</time>
   </trkpt>
   <trkpt lat="48.2511460" lon="7.4581670">
    <ele>171.1</ele>
    <time>2024-04-21T09:50:13Z</time>
   </trkpt>
   <trkpt lat="48.2512110" lon="7.4581430">
    <ele>171.1</ele>
    <time>2024-04-21T09:50:14Z</time>
   </trkpt>
   <trkpt lat="48.2512770" lon="7.4581210">
    <ele>171.1</ele>
    <time>2024-04-21T09:50:15Z</time>
   </trkpt>
   <trkpt lat="48.2513450" lon="7.4581010">
    <ele>171.1</ele>
    <time>2024-04-21T09:50:16Z</time>
   </trkpt>
   <trkpt lat="48.2514120" lon="7.4580830">
    <ele>171.1</ele>
    <time>2024-04-21T09:50:17Z</time>
   </trkpt>
   <trkpt lat="48.2514790" lon="7.4580700">
    <ele>171.1</ele>
    <time>2024-04-21T09:50:18Z</time>
   </trkpt>
   <trkpt lat="48.2515480" lon="7.4580550">
    <ele>171.1</ele>
    <time>2024-04-21T09:50:19Z</time>
   </trkpt>
   <trkpt lat="48.2516170" lon="7.4580370">
    <ele>171.1</ele>
    <time>2024-04-21T09:50:20Z</time>
   </trkpt>
   <trkpt lat="48.2516880" lon="7.4580190">
    <ele>171.2</ele>
    <time>2024-04-21T09:50:21Z</time>
   </trkpt>
   <trkpt lat="48.2517580" lon="7.4580010">
    <ele>171.2</ele>
    <time>2024-04-21T09:50:22Z</time>
   </trkpt>
   <trkpt lat="48.2518270" lon="7.4579810">
    <ele>171.2</ele>
    <time>2024-04-21T09:50:23Z</time>
   </trkpt>
   <trkpt lat="48.2518920" lon="7.4579570">
    <ele>171.2</ele>
    <time>2024-04-21T09:50:24Z</time>
   </trkpt>
   <trkpt lat="48.2519570" lon="7.4579390">
    <ele>171.3</ele>
    <time>2024-04-21T09:50:25Z</time>
   </trkpt>
   <trkpt lat="48.2520220" lon="7.4579150">
    <ele>171.3</ele>
    <time>2024-04-21T09:50:26Z</time>
   </trkpt>
   <trkpt lat="48.2520900" lon="7.4578920">
    <ele>171.3</ele>
    <time>2024-04-21T09:50:27Z</time>
   </trkpt>
   <trkpt lat="48.2521560" lon="7.4578770">
    <ele>171.3</ele>
    <time>2024-04-21T09:50:28Z</time>
   </trkpt>
   <trkpt lat="48.2522200" lon="7.4578610">
    <ele>171.3</ele>
    <time>2024-04-21T09:50:29Z</time>
   </trkpt>
   <trkpt lat="48.2522860" lon="7.4578480">
    <ele>171.4</ele>
    <time>2024-04-21T09:50:30Z</time>
   </trkpt>
   <trkpt lat="48.2523510" lon="7.4578370">
    <ele>171.4</ele>
    <time>2024-04-21T09:50:31Z</time>
   </trkpt>
   <trkpt lat="48.2524120" lon="7.4578280">
    <ele>171.5</ele>
    <time>2024-04-21T09:50:32Z</time>
   </trkpt>
   <trkpt lat="48.2524710" lon="7.4578130">
    <ele>171.6</ele>
    <time>2024-04-21T09:50:33Z</time>
   </trkpt>
   <trkpt lat="48.2525300" lon="7.4577960">
    <ele>171.6</ele>
    <time>2024-04-21T09:50:34Z</time>
   </trkpt>
   <trkpt lat="48.2525860" lon="7.4577680">
    <ele>171.6</ele>
    <time>2024-04-21T09:50:35Z</time>
   </trkpt>
   <trkpt lat="48.2526380" lon="7.4577270">
    <ele>171.6</ele>
    <time>2024-04-21T09:50:36Z</time>
   </trkpt>
   <trkpt lat="48.2526890" lon="7.4576800">
    <ele>171.6</ele>
    <time>2024-04-21T09:50:37Z</time>
   </trkpt>
   <trkpt lat="48.2527400" lon="7.4576390">
    <ele>171.7</ele>
    <time>2024-04-21T09:50:38Z</time>
   </trkpt>
   <trkpt lat="48.2527970" lon="7.4576180">
    <ele>171.7</ele>
    <time>2024-04-21T09:50:39Z</time>
   </trkpt>
   <trkpt lat="48.2528570" lon="7.4576090">
    <ele>171.7</ele>
    <time>2024-04-21T09:50:40Z</time>
   </trkpt>
   <trkpt lat="48.2529170" lon="7.4575990">
    <ele>171.7</ele>
    <time>2024-04-21T09:50:41Z</time>
   </trkpt>
   <trkpt lat="48.2529790" lon="7.4575940">
    <ele>171.7</ele>
    <time>2024-04-21T09:50:42Z</time>
   </trkpt>
   <trkpt lat="48.2530430" lon="7.4575850">
    <ele>171.7</ele>
    <time>2024-04-21T09:50:43Z</time>
   </trkpt>
   <trkpt lat="48.2531080" lon="7.4575720">
    <ele>171.6</ele>
    <time>2024-04-21T09:50:44Z</time>
   </trkpt>
   <trkpt lat="48.2531770" lon="7.4575530">
    <ele>171.6</ele>
    <time>2024-04-21T09:50:45Z</time>
   </trkpt>
   <trkpt lat="48.2532480" lon="7.4575400">
    <ele>171.6</ele>
    <time>2024-04-21T09:50:46Z</time>
   </trkpt>
   <trkpt lat="48.2533210" lon="7.4575210">
    <ele>171.6</ele>
    <time>2024-04-21T09:50:47Z</time>
   </trkpt>
   <trkpt lat="48.2533920" lon="7.4575020">
    <ele>171.6</ele>
    <time>2024-04-21T09:50:48Z</time>
   </trkpt>
   <trkpt lat="48.2534640" lon="7.4574860">
    <ele>171.6</ele>
    <time>2024-04-21T09:50:49Z</time>
   </trkpt>
   <trkpt lat="48.2535360" lon="7.4574630">
    <ele>171.6</ele>
    <time>2024-04-21T09:50:50Z</time>
   </trkpt>
   <trkpt lat="48.2536100" lon="7.4574490">
    <ele>171.6</ele>
    <time>2024-04-21T09:50:51Z</time>
   </trkpt>
   <trkpt lat="48.2536850" lon="7.4574310">
    <ele>171.5</ele>
    <time>2024-04-21T09:50:52Z</time>
   </trkpt>
   <trkpt lat="48.2537580" lon="7.4574120">
    <ele>171.5</ele>
    <time>2024-04-21T09:50:53Z</time>
   </trkpt>
   <trkpt lat="48.2538350" lon="7.4573970">
    <ele>171.5</ele>
    <time>2024-04-21T09:50:54Z</time>
   </trkpt>
   <trkpt lat="48.2539080" lon="7.4573770">
    <ele>171.5</ele>
    <time>2024-04-21T09:50:55Z</time>
   </trkpt>
   <trkpt lat="48.2539850" lon="7.4573600">
    <ele>171.4</ele>
    <time>2024-04-21T09:50:56Z</time>
   </trkpt>
   <trkpt lat="48.2540590" lon="7.4573440">
    <ele>171.4</ele>
    <time>2024-04-21T09:50:57Z</time>
   </trkpt>
   <trkpt lat="48.2541300" lon="7.4573240">
    <ele>171.4</ele>
    <time>2024-04-21T09:50:58Z</time>
   </trkpt>
   <trkpt lat="48.2542040" lon="7.4573060">
    <ele>171.4</ele>
    <time>2024-04-21T09:50:59Z</time>
   </trkpt>
   <trkpt lat="48.2542780" lon="7.4572900">
    <ele>171.5</ele>
    <time>2024-04-21T09:51:00Z</time>
   </trkpt>
   <trkpt lat="48.2543520" lon="7.4572730">
    <ele>171.5</ele>
    <time>2024-04-21T09:51:01Z</time>
   </trkpt>
   <trkpt lat="48.2544250" lon="7.4572540">
    <ele>171.6</ele>
    <time>2024-04-21T09:51:02Z</time>
   </trkpt>
   <trkpt lat="48.2544980" lon="7.4572300">
    <ele>171.6</ele>
    <time>2024-04-21T09:51:03Z</time>
   </trkpt>
   <trkpt lat="48.2545690" lon="7.4572040">
    <ele>171.7</ele>
    <time>2024-04-21T09:51:04Z</time>
   </trkpt>
   <trkpt lat="48.2546380" lon="7.4571810">
    <ele>171.7</ele>
    <time>2024-04-21T09:51:05Z</time>
   </trkpt>
   <trkpt lat="48.2547090" lon="7.4571560">
    <ele>171.8</ele>
    <time>2024-04-21T09:51:06Z</time>
   </trkpt>
   <trkpt lat="48.2547790" lon="7.4571280">
    <ele>171.9</ele>
    <time>2024-04-21T09:51:07Z</time>
   </trkpt>
   <trkpt lat="48.2548470" lon="7.4571010">
    <ele>171.9</ele>
    <time>2024-04-21T09:51:08Z</time>
   </trkpt>
   <trkpt lat="48.2549160" lon="7.4570820">
    <ele>172.0</ele>
    <time>2024-04-21T09:51:09Z</time>
   </trkpt>
   <trkpt lat="48.2549850" lon="7.4570670">
    <ele>172.0</ele>
    <time>2024-04-21T09:51:10Z</time>
   </trkpt>
   <trkpt lat="48.2550540" lon="7.4570460">
    <ele>172.1</ele>
    <time>2024-04-21T09:51:11Z</time>
   </trkpt>
   <trkpt lat="48.2551220" lon="7.4570220">
    <ele>172.2</ele>
    <time>2024-04-21T09:51:12Z</time>
   </trkpt>
   <trkpt lat="48.2551900" lon="7.4570040">
    <ele>172.3</ele>
    <time>2024-04-21T09:51:13Z</time>
   </trkpt>
   <trkpt lat="48.2552590" lon="7.4569870">
    <ele>172.3</ele>
    <time>2024-04-21T09:51:14Z</time>
   </trkpt>
   <trkpt lat="48.2553260" lon="7.4569690">
    <ele>172.4</ele>
    <time>2024-04-21T09:51:15Z</time>
   </trkpt>
   <trkpt lat="48.2553910" lon="7.4569480">
    <ele>172.5</ele>
    <time>2024-04-21T09:51:16Z</time>
   </trkpt>
   <trkpt lat="48.2554570" lon="7.4569240">
    <ele>172.5</ele>
    <time>2024-04-21T09:51:17Z</time>
   </trkpt>
   <trkpt lat="48.2555220" lon="7.4568960">
    <ele>172.6</ele>
    <time>2024-04-21T09:51:18Z</time>
   </trkpt>
   <trkpt lat="48.2555880" lon="7.4568770">
    <ele>172.7</ele>
    <time>2024-04-21T09:51:19Z</time>
   </trkpt>
   <trkpt lat="48.2556540" lon="7.4568590">
    <ele>172.7</ele>
    <time>2024-04-21T09:51:20Z</time>
   </trkpt>
   <trkpt lat="48.2557170" lon="7.4568350">
    <ele>172.8</ele>
    <time>2024-04-21T09:51:21Z</time>
   </trkpt>
   <trkpt lat="48.2557850" lon="7.4568190">
    <ele>172.9</ele>
    <time>2024-04-21T09:51:22Z</time>
   </trkpt>
   <trkpt lat="48.2558530" lon="7.4567980">
    <ele>172.9</ele>
    <time>2024-04-21T09:51:23Z</time>
   </trkpt>
   <trkpt lat="48.2559160" lon="7.4567750">
    <ele>172.9</ele>
    <time>2024-04-21T09:51:24Z</time>
   </trkpt>
   <trkpt lat="48.2559820" lon="7.4567680">
    <ele>173.0</ele>
    <time>2024-04-21T09:51:25Z</time>
   </trkpt>
   <trkpt lat="48.2560470" lon="7.4567550">
    <ele>173.0</ele>
    <time>2024-04-21T09:51:26Z</time>
   </trkpt>
   <trkpt lat="48.2561090" lon="7.4567250">
    <ele>173.0</ele>
    <time>2024-04-21T09:51:27Z</time>
   </trkpt>
   <trkpt lat="48.2561640" lon="7.4566830">
    <ele>173.1</ele>
    <time>2024-04-21T09:51:28Z</time>
   </trkpt>
   <trkpt lat="48.2562090" lon="7.4566270">
    <ele>173.1</ele>
    <time>2024-04-21T09:51:29Z</time>
   </trkpt>
   <trkpt lat="48.2562470" lon="7.4565720">
    <ele>173.1</ele>
    <time>2024-04-21T09:51:30Z</time>
   </trkpt>
   <trkpt lat="48.2562880" lon="7.4565230">
    <ele>173.1</ele>
    <time>2024-04-21T09:51:31Z</time>
   </trkpt>
   <trkpt lat="48.2563300" lon="7.4564790">
    <ele>173.0</ele>
    <time>2024-04-21T09:51:32Z</time>
   </trkpt>
   <trkpt lat="48.2563740" lon="7.4564390">
    <ele>173.0</ele>
    <time>2024-04-21T09:51:33Z</time>
   </trkpt>
   <trkpt lat="48.2564140" lon="7.4563980">
    <ele>173.0</ele>
    <time>2024-04-21T09:51:34Z</time>
   </trkpt>
   <trkpt lat="48.2564520" lon="7.4563640">
    <ele>173.0</ele>
    <time>2024-04-21T09:51:35Z</time>
   </trkpt>
   <trkpt lat="48.2564870" lon="7.4563420">
    <ele>172.9</ele>
    <time>2024-04-21T09:51:36Z</time>
   </trkpt>
   <trkpt lat="48.2565210" lon="7.4563650">
    <ele>172.8</ele>
    <time>2024-04-21T09:51:37Z</time>
   </trkpt>
   <trkpt lat="48.2565430" lon="7.4564200">
    <ele>172.6</ele>
    <time>2024-04-21T09:51:38Z</time>
   </trkpt>
   <trkpt lat="48.2565560" lon="7.4564890">
    <ele>172.5</ele>
    <time>2024-04-21T09:51:39Z</time>
   </trkpt>
   <trkpt lat="48.2565760" lon="7.4565610">
    <ele>172.5</ele>
    <time>2024-04-21T09:51:40Z</time>
   </trkpt>
   <trkpt lat="48.2565860" lon="7.4566390">
    <ele>172.4</ele>
    <time>2024-04-21T09:51:41Z</time>
   </trkpt>
   <trkpt lat="48.2565860" lon="7.4567210">
    <ele>172.3</ele>
    <time>2024-04-21T09:51:42Z</time>
   </trkpt>
   <trkpt lat="48.2565830" lon="7.4568060">
    <ele>172.3</ele>
    <time>2024-04-21T09:51:43Z</time>
   </trkpt>
   <trkpt lat="48.2565750" lon="7.4568930">
    <ele>172.2</ele>
    <time>2024-04-21T09:51:44Z</time>
   </trkpt>
   <trkpt lat="48.2565650" lon="7.4569810">
    <ele>172.1</ele>
    <time>2024-04-21T09:51:45Z</time>
   </trkpt>
   <trkpt lat="48.2565550" lon="7.4570700">
    <ele>172.1</ele>
    <time>2024-04-21T09:51:46Z</time>
   </trkpt>
   <trkpt lat="48.2565470" lon="7.4571590">
    <ele>172.0</ele>
    <time>2024-04-21T09:51:47Z</time>
   </trkpt>
   <trkpt lat="48.2565440" lon="7.4572490">
    <ele>172.0</ele>
    <time>2024-04-21T09:51:48Z</time>
   </trkpt>
   <trkpt lat="48.2565340" lon="7.4573400">
    <ele>172.0</ele>
    <time>2024-04-21T09:51:49Z</time>
   </trkpt>
   <trkpt lat="48.2565220" lon="7.4574300">
    <ele>172.0</ele>
    <time>2024-04-21T09:51:50Z</time>
   </trkpt>
   <trkpt lat="48.2565120" lon="7.4575170">
    <ele>172.0</ele>
    <time>2024-04-21T09:51:51Z</time>
   </trkpt>
   <trkpt lat="48.2565100" lon="7.4576030">
    <ele>171.9</ele>
    <time>2024-04-21T09:51:52Z</time>
   </trkpt>
   <trkpt lat="48.2565160" lon="7.4576920">
    <ele>171.9</ele>
    <time>2024-04-21T09:51:53Z</time>
   </trkpt>
   <trkpt lat="48.2565290" lon="7.4577790">
    <ele>172.0</ele>
    <time>2024-04-21T09:51:54Z</time>
   </trkpt>
   <trkpt lat="48.2565490" lon="7.4578620">
    <ele>171.9</ele>
    <time>2024-04-21T09:51:55Z</time>
   </trkpt>
   <trkpt lat="48.2565790" lon="7.4579370">
    <ele>171.7</ele>
    <time>2024-04-21T09:51:56Z</time>
   </trkpt>
   <trkpt lat="48.2566170" lon="7.4580080">
    <ele>171.7</ele>
    <time>2024-04-21T09:51:57Z</time>
   </trkpt>
   <trkpt lat="48.2566580" lon="7.4580770">
    <ele>171.7</ele>
    <time>2024-04-21T09:51:58Z</time>
   </trkpt>
   <trkpt lat="48.2567050" lon="7.4581410">
    <ele>171.7</ele>
    <time>2024-04-21T09:51:59Z</time>
   </trkpt>
   <trkpt lat="48.2567560" lon="7.4582000">
    <ele>171.6</ele>
    <time>2024-04-21T09:52:00Z</time>
   </trkpt>
   <trkpt lat="48.2568080" lon="7.4582560">
    <ele>171.6</ele>
    <time>2024-04-21T09:52:01Z</time>
   </trkpt>
   <trkpt lat="48.2568620" lon="7.4583090">
    <ele>171.6</ele>
    <time>2024-04-21T09:52:02Z</time>
   </trkpt>
   <trkpt lat="48.2569190" lon="7.4583540">
    <ele>171.6</ele>
    <time>2024-04-21T09:52:03Z</time>
   </trkpt>
   <trkpt lat="48.2569790" lon="7.4583970">
    <ele>171.6</ele>
    <time>2024-04-21T09:52:04Z</time>
   </trkpt>
   <trkpt lat="48.2570420" lon="7.4584260">
    <ele>171.5</ele>
    <time>2024-04-21T09:52:05Z</time>
   </trkpt>
   <trkpt lat="48.2571070" lon="7.4584540">
    <ele>171.5</ele>
    <time>2024-04-21T09:52:06Z</time>
   </trkpt>
   <trkpt lat="48.2571740" lon="7.4584800">
    <ele>171.5</ele>
    <time>2024-04-21T09:52:07Z</time>
   </trkpt>
   <trkpt lat="48.2572400" lon="7.4585070">
    <ele>171.4</ele>
    <time>2024-04-21T09:52:08Z</time>
   </trkpt>
   <trkpt lat="48.2573080" lon="7.4585350">
    <ele>171.4</ele>
    <time>2024-04-21T09:52:09Z</time>
   </trkpt>
   <trkpt lat="48.2573760" lon="7.4585620">
    <ele>171.3</ele>
    <time>2024-04-21T09:52:10Z</time>
   </trkpt>
   <trkpt lat="48.2574420" lon="7.4585940">
    <ele>171.3</ele>
    <time>2024-04-21T09:52:11Z</time>
   </trkpt>
   <trkpt lat="48.2575070" lon="7.4586320">
    <ele>171.2</ele>
    <time>2024-04-21T09:52:12Z</time>
   </trkpt>
   <trkpt lat="48.2575710" lon="7.4586660">
    <ele>171.2</ele>
    <time>2024-04-21T09:52:13Z</time>
   </trkpt>
   <trkpt lat="48.2576380" lon="7.4586950">
    <ele>171.1</ele>
    <time>2024-04-21T09:52:14Z</time>
   </trkpt>
   <trkpt lat="48.2577010" lon="7.4587350">
    <ele>171.1</ele>
    <time>2024-04-21T09:52:15Z</time>
   </trkpt>
   <trkpt lat="48.2577600" lon="7.4587790">
    <ele>171.1</ele>
    <time>2024-04-21T09:52:16Z</time>
   </trkpt>
   <trkpt lat="48.2578230" lon="7.4588150">
    <ele>171.1</ele>
    <time>2024-04-21T09:52:17Z</time>
   </trkpt>
   <trkpt lat="48.2578890" lon="7.4588410">
    <ele>171.1</ele>
    <time>2024-04-21T09:52:18Z</time>
   </trkpt>
   <trkpt lat="48.2579540" lon="7.4588670">
    <ele>171.1</ele>
    <time>2024-04-21T09:52:19Z</time>
   </trkpt>
   <trkpt lat="48.2580210" lon="7.4588820">
    <ele>171.1</ele>
    <time>2024-04-21T09:52:20Z</time>
   </trkpt>
   <trkpt lat="48.2580860" lon="7.4589040">
    <ele>171.1</ele>
    <time>2024-04-21T09:52:21Z</time>
   </trkpt>
   <trkpt lat="48.2581480" lon="7.4589270">
    <ele>171.1</ele>
    <time>2024-04-21T09:52:22Z</time>
   </trkpt>
   <trkpt lat="48.2582100" lon="7.4589480">
    <ele>171.2</ele>
    <time>2024-04-21T09:52:23Z</time>
   </trkpt>
   <trkpt lat="48.2582720" lon="7.4589660">
    <ele>171.2</ele>
    <time>2024-04-21T09:52:24Z</time>
   </trkpt>
   <trkpt lat="48.2583340" lon="7.4589920">
    <ele>171.2</ele>
    <time>2024-04-21T09:52:25Z</time>
   </trkpt>
   <trkpt lat="48.2583970" lon="7.4590160">
    <ele>171.3</ele>
    <time>2024-04-21T09:52:26Z</time>
   </trkpt>
   <trkpt lat="48.2584570" lon="7.4590400">
    <ele>171.3</ele>
    <time>2024-04-21T09:52:27Z</time>
   </trkpt>
   <trkpt lat="48.2585200" lon="7.4590640">
    <ele>171.3</ele>
    <time>2024-04-21T09:52:28Z</time>
   </trkpt>
   <trkpt lat="48.2585830" lon="7.4590950">
    <ele>171.3</ele>
    <time>2024-04-21T09:52:29Z</time>
   </trkpt>
   <trkpt lat="48.2586400" lon="7.4591090">
    <ele>171.4</ele>
    <time>2024-04-21T09:52:30Z</time>
   </trkpt>
   <trkpt lat="48.2587050" lon="7.4591270">
    <ele>171.4</ele>
    <time>2024-04-21T09:52:31Z</time>
   </trkpt>
   <trkpt lat="48.2587690" lon="7.4591490">
    <ele>171.4</ele>
    <time>2024-04-21T09:52:32Z</time>
   </trkpt>
   <trkpt lat="48.2588330" lon="7.4591540">
    <ele>171.5</ele>
    <time>2024-04-21T09:52:33Z</time>
   </trkpt>
   <trkpt lat="48.2588950" lon="7.4591510">
    <ele>171.5</ele>
    <time>2024-04-21T09:52:34Z</time>
   </trkpt>
   <trkpt lat="48.2589530" lon="7.4591360">
    <ele>171.5</ele>
    <time>2024-04-21T09:52:35Z</time>
   </trkpt>
   <trkpt lat="48.2590140" lon="7.4591070">
    <ele>171.5</ele>
    <time>2024-04-21T09:52:36Z</time>
   </trkpt>
   <trkpt lat="48.2590770" lon="7.4590880">
    <ele>171.6</ele>
    <time>2024-04-21T09:52:37Z</time>
   </trkpt>
   <trkpt lat="48.2591370" lon="7.4590640">
    <ele>171.6</ele>
    <time>2024-04-21T09:52:38Z</time>
   </trkpt>
   <trkpt lat="48.2591990" lon="7.4590440">
    <ele>171.6</ele>
    <time>2024-04-21T09:52:39Z</time>
   </trkpt>
   <trkpt lat="48.2592590" lon="7.4590190">
    <ele>171.7</ele>
    <time>2024-04-21T09:52:40Z</time>
   </trkpt>
   <trkpt lat="48.2593200" lon="7.4590000">
    <ele>171.7</ele>
    <time>2024-04-21T09:52:41Z</time>
   </trkpt>
   <trkpt lat="48.2593800" lon="7.4589820">
    <ele>171.7</ele>
    <time>2024-04-21T09:52:42Z</time>
   </trkpt>
   <trkpt lat="48.2594420" lon="7.4589640">
    <ele>171.8</ele>
    <time>2024-04-21T09:52:43Z</time>
   </trkpt>
   <trkpt lat="48.2595010" lon="7.4589430">
    <ele>171.8</ele>
    <time>2024-04-21T09:52:44Z</time>
   </trkpt>
   <trkpt lat="48.2595560" lon="7.4589210">
    <ele>171.8</ele>
    <time>2024-04-21T09:52:45Z</time>
   </trkpt>
   <trkpt lat="48.2596090" lon="7.4589030">
    <ele>171.9</ele>
    <time>2024-04-21T09:52:46Z</time>
   </trkpt>
   <trkpt lat="48.2596600" lon="7.4588860">
    <ele>171.9</ele>
    <time>2024-04-21T09:52:47Z</time>
   </trkpt>
   <trkpt lat="48.2597090" lon="7.4588710">
    <ele>171.9</ele>
    <time>2024-04-21T09:52:48Z</time>
   </trkpt>
   <trkpt lat="48.2597550" lon="7.4588520">
    <ele>171.9</ele>
    <time>2024-04-21T09:52:49Z</time>
   </trkpt>
   <trkpt lat="48.2598050" lon="7.4588560">
    <ele>171.9</ele>
    <time>2024-04-21T09:52:50Z</time>
   </trkpt>
   <trkpt lat="48.2598500" lon="7.4588890">
    <ele>171.9</ele>
    <time>2024-04-21T09:52:51Z</time>
   </trkpt>
   <trkpt lat="48.2598860" lon="7.4589530">
    <ele>171.9</ele>
    <time>2024-04-21T09:52:52Z</time>
   </trkpt>
   <trkpt lat="48.2599220" lon="7.4590240">
    <ele>171.9</ele>
    <time>2024-04-21T09:52:53Z</time>
   </trkpt>
   <trkpt lat="48.2599690" lon="7.4590780">
    <ele>171.8</ele>
    <time>2024-04-21T09:52:54Z</time>
   </trkpt>
   <trkpt lat="48.2600240" lon="7.4591190">
    <ele>171.8</ele>
    <time>2024-04-21T09:52:55Z</time>
   </trkpt>
   <trkpt lat="48.2600840" lon="7.4591440">
    <ele>171.8</ele>
    <time>2024-04-21T09:52:56Z</time>
   </trkpt>
   <trkpt lat="48.2601440" lon="7.4591700">
    <ele>171.8</ele>
    <time>2024-04-21T09:52:57Z</time>
   </trkpt>
   <trkpt lat="48.2602060" lon="7.4591830">
    <ele>171.9</ele>
    <time>2024-04-21T09:52:58Z</time>
   </trkpt>
   <trkpt lat="48.2602660" lon="7.4591800">
    <ele>172.1</ele>
    <time>2024-04-21T09:52:59Z</time>
   </trkpt>
   <trkpt lat="48.2603260" lon="7.4591720">
    <ele>172.2</ele>
    <time>2024-04-21T09:53:00Z</time>
   </trkpt>
   <trkpt lat="48.2603840" lon="7.4591490">
    <ele>172.3</ele>
    <time>2024-04-21T09:53:01Z</time>
   </trkpt>
   <trkpt lat="48.2604400" lon="7.4591170">
    <ele>172.3</ele>
    <time>2024-04-21T09:53:02Z</time>
   </trkpt>
   <trkpt lat="48.2604950" lon="7.4590770">
    <ele>172.3</ele>
    <time>2024-04-21T09:53:03Z</time>
   </trkpt>
   <trkpt lat="48.2605480" lon="7.4590310">
    <ele>172.3</ele>
    <time>2024-04-21T09:53:04Z</time>
   </trkpt>
   <trkpt lat="48.2605970" lon="7.4589810">
    <ele>172.3</ele>
    <time>2024-04-21T09:53:05Z</time>
   </trkpt>
   <trkpt lat="48.2606360" lon="7.4589160">
    <ele>172.3</ele>
    <time>2024-04-21T09:53:06Z</time>
   </trkpt>
   <trkpt lat="48.2606730" lon="7.4588460">
    <ele>172.4</ele>
    <time>2024-04-21T09:53:07Z</time>
   </trkpt>
   <trkpt lat="48.2607070" lon="7.4587730">
    <ele>172.4</ele>
    <time>2024-04-21T09:53:08Z</time>
   </trkpt>
   <trkpt lat="48.2607350" lon="7.4586970">
    <ele>172.4</ele>
    <time>2024-04-21T09:53:09Z</time>
   </trkpt>
   <trkpt lat="48.2607530" lon="7.4586110">
    <ele>172.4</ele>
    <time>2024-04-21T09:53:10Z</time>
   </trkpt>
   <trkpt lat="48.2607860" lon="7.4585560">
    <ele>172.4</ele>
    <time>2024-04-21T09:53:11Z</time>
   </trkpt>
   <trkpt lat="48.2608280" lon="7.4585220">
    <ele>172.4</ele>
    <time>2024-04-21T09:53:12Z</time>
   </trkpt>
   <trkpt lat="48.2608810" lon="7.4585500">
    <ele>172.4</ele>
    <time>2024-04-21T09:53:13Z</time>
   </trkpt>
   <trkpt lat="48.2609310" lon="7.4585860">
    <ele>172.5</ele>
    <time>2024-04-21T09:53:14Z</time>
   </trkpt>
   <trkpt lat="48.2609870" lon="7.4586100">
    <ele>172.5</ele>
    <time>2024-04-21T09:53:15Z</time>
   </trkpt>
   <trkpt lat="48.2610450" lon="7.4586300">
    <ele>172.5</ele>
    <time>2024-04-21T09:53:16Z</time>
   </trkpt>
   <trkpt lat="48.2611000" lon="7.4586380">
    <ele>172.6</ele>
    <time>2024-04-21T09:53:17Z</time>
   </trkpt>
   <trkpt lat="48.2611600" lon="7.4586530">
    <ele>172.6</ele>
    <time>2024-04-21T09:53:18Z</time>
   </trkpt>
   <trkpt lat="48.2612200" lon="7.4586640">
    <ele>172.6</ele>
    <time>2024-04-21T09:53:19Z</time>
   </trkpt>
   <trkpt lat="48.2612840" lon="7.4586730">
    <ele>172.6</ele>
    <time>2024-04-21T09:53:20Z</time>
   </trkpt>
   <trkpt lat="48.2613510" lon="7.4586880">
    <ele>172.6</ele>
    <time>2024-04-21T09:53:21Z</time>
   </trkpt>
   <trkpt lat="48.2614110" lon="7.4587150">
    <ele>172.6</ele>
    <time>2024-04-21T09:53:22Z</time>
   </trkpt>
   <trkpt lat="48.2614720" lon="7.4587310">
    <ele>172.6</ele>
    <time>2024-04-21T09:53:23Z</time>
   </trkpt>
   <trkpt lat="48.2615350" lon="7.4587440">
    <ele>172.6</ele>
    <time>2024-04-21T09:53:24Z</time>
   </trkpt>
   <trkpt lat="48.2615980" lon="7.4587530">
    <ele>172.6</ele>
    <time>2024-04-21T09:53:25Z</time>
   </trkpt>
   <trkpt lat="48.2616620" lon="7.4587650">
    <ele>172.6</ele>
    <time>2024-04-21T09:53:26Z</time>
   </trkpt>
   <trkpt lat="48.2617240" lon="7.4587810">
    <ele>172.7</ele>
    <time>2024-04-21T09:53:27Z</time>
   </trkpt>
   <trkpt lat="48.2617850" lon="7.4587840">
    <ele>172.7</ele>
    <time>2024-04-21T09:53:28Z</time>
   </trkpt>
   <trkpt lat="48.2618460" lon="7.4587910">
    <ele>172.7</ele>
    <time>2024-04-21T09:53:29Z</time>
   </trkpt>
   <trkpt lat="48.2619060" lon="7.4588170">
    <ele>172.7</ele>
    <time>2024-04-21T09:53:30Z</time>
   </trkpt>
   <trkpt lat="48.2619650" lon="7.4588370">
    <ele>172.8</ele>
    <time>2024-04-21T09:53:31Z</time>
   </trkpt>
   <trkpt lat="48.2620260" lon="7.4588530">
    <ele>172.8</ele>
    <time>2024-04-21T09:53:32Z</time>
   </trkpt>
   <trkpt lat="48.2620870" lon="7.4588610">
    <ele>172.8</ele>
    <time>2024-04-21T09:53:33Z</time>
   </trkpt>
   <trkpt lat="48.2621450" lon="7.4588670">
    <ele>172.8</ele>
    <time>2024-04-21T09:53:34Z</time>
   </trkpt>
   <trkpt lat="48.2622030" lon="7.4588760">
    <ele>172.8</ele>
    <time>2024-04-21T09:53:35Z</time>
   </trkpt>
   <trkpt lat="48.2622590" lon="7.4588830">
    <ele>172.8</ele>
    <time>2024-04-21T09:53:36Z</time>
   </trkpt>
   <trkpt lat="48.2623140" lon="7.4588960">
    <ele>172.8</ele>
    <time>2024-04-21T09:53:37Z</time>
   </trkpt>
   <trkpt lat="48.2623640" lon="7.4589230">
    <ele>172.8</ele>
    <time>2024-04-21T09:53:38Z</time>
   </trkpt>
   <trkpt lat="48.2624150" lon="7.4589240">
    <ele>172.8</ele>
    <time>2024-04-21T09:53:39Z</time>
   </trkpt>
   <trkpt lat="48.2624620" lon="7.4589000">
    <ele>172.8</ele>
    <time>2024-04-21T09:53:40Z</time>
   </trkpt>
   <trkpt lat="48.2625110" lon="7.4588900">
    <ele>172.8</ele>
    <time>2024-04-21T09:53:41Z</time>
   </trkpt>
   <trkpt lat="48.2625680" lon="7.4589070">
    <ele>172.8</ele>
    <time>2024-04-21T09:53:42Z</time>
   </trkpt>
   <trkpt lat="48.2626300" lon="7.4589210">
    <ele>172.8</ele>
    <time>2024-04-21T09:53:43Z</time>
   </trkpt>
   <trkpt lat="48.2626950" lon="7.4589360">
    <ele>172.8</ele>
    <time>2024-04-21T09:53:44Z</time>
   </trkpt>
   <trkpt lat="48.2627620" lon="7.4589520">
    <ele>172.8</ele>
    <time>2024-04-21T09:53:45Z</time>
   </trkpt>
   <trkpt lat="48.2628260" lon="7.4589690">
    <ele>172.8</ele>
    <time>2024-04-21T09:53:46Z</time>
   </trkpt>
   <trkpt lat="48.2628900" lon="7.4589940">
    <ele>172.8</ele>
    <time>2024-04-21T09:53:47Z</time>
   </trkpt>
   <trkpt lat="48.2629570" lon="7.4590090">
    <ele>172.8</ele>
    <time>2024-04-21T09:53:48Z</time>
   </trkpt>
   <trkpt lat="48.2630240" lon="7.4590220">
    <ele>172.8</ele>
    <time>2024-04-21T09:53:49Z</time>
   </trkpt>
   <trkpt lat="48.2630910" lon="7.4590350">
    <ele>172.8</ele>
    <time>2024-04-21T09:53:50Z</time>
   </trkpt>
   <trkpt lat="48.2631590" lon="7.4590370">
    <ele>172.8</ele>
    <time>2024-04-21T09:53:51Z</time>
   </trkpt>
   <trkpt lat="48.2632290" lon="7.4590510">
    <ele>172.8</ele>
    <time>2024-04-21T09:53:52Z</time>
   </trkpt>
   <trkpt lat="48.2632990" lon="7.4590680">
    <ele>172.9</ele>
    <time>2024-04-21T09:53:53Z</time>
   </trkpt>
   <trkpt lat="48.2633690" lon="7.4590830">
    <ele>172.9</ele>
    <time>2024-04-21T09:53:54Z</time>
   </trkpt>
   <trkpt lat="48.2634390" lon="7.4590960">
    <ele>172.9</ele>
    <time>2024-04-21T09:53:55Z</time>
   </trkpt>
   <trkpt lat="48.2635080" lon="7.4591090">
    <ele>172.9</ele>
    <time>2024-04-21T09:53:56Z</time>
   </trkpt>
   <trkpt lat="48.2635740" lon="7.4591210">
    <ele>173.0</ele>
    <time>2024-04-21T09:53:57Z</time>
   </trkpt>
   <trkpt lat="48.2636400" lon="7.4591330">
    <ele>173.0</ele>
    <time>2024-04-21T09:53:58Z</time>
   </trkpt>
   <trkpt lat="48.2637050" lon="7.4591480">
    <ele>173.0</ele>
    <time>2024-04-21T09:53:59Z</time>
   </trkpt>
   <trkpt lat="48.2637680" lon="7.4591600">
    <ele>173.0</ele>
    <time>2024-04-21T09:54:00Z</time>
   </trkpt>
   <trkpt lat="48.2638260" lon="7.4591650">
    <ele>173.1</ele>
    <time>2024-04-21T09:54:01Z</time>
   </trkpt>
   <trkpt lat="48.2638800" lon="7.4591580">
    <ele>173.1</ele>
    <time>2024-04-21T09:54:02Z</time>
   </trkpt>
   <trkpt lat="48.2639360" lon="7.4591460">
    <ele>173.1</ele>
    <time>2024-04-21T09:54:03Z</time>
   </trkpt>
   <trkpt lat="48.2639900" lon="7.4591310">
    <ele>173.1</ele>
    <time>2024-04-21T09:54:04Z</time>
   </trkpt>
   <trkpt lat="48.2640440" lon="7.4591370">
    <ele>173.1</ele>
    <time>2024-04-21T09:54:05Z</time>
   </trkpt>
   <trkpt lat="48.2641000" lon="7.4591570">
    <ele>173.2</ele>
    <time>2024-04-21T09:54:06Z</time>
   </trkpt>
   <trkpt lat="48.2641540" lon="7.4591880">
    <ele>173.2</ele>
    <time>2024-04-21T09:54:07Z</time>
   </trkpt>
   <trkpt lat="48.2642020" lon="7.4592350">
    <ele>173.3</ele>
    <time>2024-04-21T09:54:08Z</time>
   </trkpt>
   <trkpt lat="48.2642500" lon="7.4592830">
    <ele>173.4</ele>
    <time>2024-04-21T09:54:09Z</time>
   </trkpt>
   <trkpt lat="48.2643080" lon="7.4592940">
    <ele>173.5</ele>
    <time>2024-04-21T09:54:10Z</time>
   </trkpt>
   <trkpt lat="48.2643690" lon="7.4592780">
    <ele>173.5</ele>
    <time>2024-04-21T09:54:11Z</time>
   </trkpt>
   <trkpt lat="48.2644310" lon="7.4592680">
    <ele>173.2</ele>
    <time>2024-04-21T09:54:12Z</time>
   </trkpt>
   <trkpt lat="48.2644940" lon="7.4592820">
    <ele>173.2</ele>
    <time>2024-04-21T09:54:13Z</time>
   </trkpt>
   <trkpt lat="48.2645570" lon="7.4593130">
    <ele>173.1</ele>
    <time>2024-04-21T09:54:14Z</time>
   </trkpt>
   <trkpt lat="48.2646220" lon="7.4593250">
    <ele>173.1</ele>
    <time>2024-04-21T09:54:15Z</time>
   </trkpt>
   <trkpt lat="48.2646880" lon="7.4593390">
    <ele>173.1</ele>
    <time>2024-04-21T09:54:16Z</time>
   </trkpt>
   <trkpt lat="48.2647530" lon="7.4593510">
    <ele>173.1</ele>
    <time>2024-04-21T09:54:17Z</time>
   </trkpt>
   <trkpt lat="48.2648200" lon="7.4593620">
    <ele>173.1</ele>
    <time>2024-04-21T09:54:18Z</time>
   </trkpt>
   <trkpt lat="48.2648870" lon="7.4593780">
    <ele>173.1</ele>
    <time>2024-04-21T09:54:19Z</time>
   </trkpt>
   <trkpt lat="48.2649510" lon="7.4593910">
    <ele>173.1</ele>
    <time>2024-04-21T09:54:20Z</time>
   </trkpt>
   <trkpt lat="48.2650180" lon="7.4593950">
    <ele>173.0</ele>
    <time>2024-04-21T09:54:21Z</time>
   </trkpt>
   <trkpt lat="48.2650830" lon="7.4594070">
    <ele>173.0</ele>
    <time>2024-04-21T09:54:22Z</time>
   </trkpt>
   <trkpt lat="48.2651510" lon="7.4594190">
    <ele>172.9</ele>
    <time>2024-04-21T09:54:23Z</time>
   </trkpt>
   <trkpt lat="48.2652180" lon="7.4594260">
    <ele>172.9</ele>
    <time>2024-04-21T09:54:24Z</time>
   </trkpt>
   <trkpt lat="48.2652840" lon="7.4594400">
    <ele>172.9</ele>
    <time>2024-04-21T09:54:25Z</time>
   </trkpt>
   <trkpt lat="48.2653520" lon="7.4594530">
    <ele>172.8</ele>
    <time>2024-04-21T09:54:26Z</time>
   </trkpt>
   <trkpt lat="48.2654200" lon="7.4594650">
    <ele>172.8</ele>
    <time>2024-04-21T09:54:27Z</time>
   </trkpt>
   <trkpt lat="48.2654860" lon="7.4594760">
    <ele>172.8</ele>
    <time>2024-04-21T09:54:28Z</time>
   </trkpt>
   <trkpt lat="48.2655570" lon="7.4594870">
    <ele>172.8</ele>
    <time>2024-04-21T09:54:29Z</time>
   </trkpt>
   <trkpt lat="48.2656250" lon="7.4595000">
    <ele>172.9</ele>
    <time>2024-04-21T09:54:30Z</time>
   </trkpt>
   <trkpt lat="48.2656930" lon="7.4595100">
    <ele>172.9</ele>
    <time>2024-04-21T09:54:31Z</time>
   </trkpt>
   <trkpt lat="48.2657600" lon="7.4595240">
    <ele>172.9</ele>
    <time>2024-04-21T09:54:32Z</time>
   </trkpt>
   <trkpt lat="48.2658260" lon="7.4595380">
    <ele>172.9</ele>
    <time>2024-04-21T09:54:33Z</time>
   </trkpt>
   <trkpt lat="48.2658910" lon="7.4595470">
    <ele>173.0</ele>
    <time>2024-04-21T09:54:34Z</time>
   </trkpt>
   <trkpt lat="48.2659540" lon="7.4595600">
    <ele>173.0</ele>
    <time>2024-04-21T09:54:35Z</time>
   </trkpt>
   <trkpt lat="48.2660180" lon="7.4595530">
    <ele>173.0</ele>
    <time>2024-04-21T09:54:36Z</time>
   </trkpt>
   <trkpt lat="48.2660810" lon="7.4595540">
    <ele>173.1</ele>
    <time>2024-04-21T09:54:37Z</time>
   </trkpt>
   <trkpt lat="48.2661440" lon="7.4595780">
    <ele>173.1</ele>
    <time>2024-04-21T09:54:38Z</time>
   </trkpt>
   <trkpt lat="48.2662070" lon="7.4595950">
    <ele>173.2</ele>
    <time>2024-04-21T09:54:39Z</time>
   </trkpt>
   <trkpt lat="48.2662690" lon="7.4596010">
    <ele>173.2</ele>
    <time>2024-04-21T09:54:40Z</time>
   </trkpt>
   <trkpt lat="48.2663290" lon="7.4596010">
    <ele>173.2</ele>
    <time>2024-04-21T09:54:41Z</time>
   </trkpt>
   <trkpt lat="48.2663900" lon="7.4596040">
    <ele>173.2</ele>
    <time>2024-04-21T09:54:42Z</time>
   </trkpt>
   <trkpt lat="48.2664520" lon="7.4596110">
    <ele>173.3</ele>
    <time>2024-04-21T09:54:43Z</time>
   </trkpt>
   <trkpt lat="48.2665140" lon="7.4596250">
    <ele>173.3</ele>
    <time>2024-04-21T09:54:44Z</time>
   </trkpt>
   <trkpt lat="48.2665750" lon="7.4596320">
    <ele>173.2</ele>
    <time>2024-04-21T09:54:45Z</time>
   </trkpt>
   <trkpt lat="48.2666370" lon="7.4596350">
    <ele>173.2</ele>
    <time>2024-04-21T09:54:46Z</time>
   </trkpt>
   <trkpt lat="48.2666990" lon="7.4596400">
    <ele>173.2</ele>
    <time>2024-04-21T09:54:47Z</time>
   </trkpt>
   <trkpt lat="48.2667620" lon="7.4596440">
    <ele>173.2</ele>
    <time>2024-04-21T09:54:48Z</time>
   </trkpt>
   <trkpt lat="48.2668250" lon="7.4596500">
    <ele>173.2</ele>
    <time>2024-04-21T09:54:49Z</time>
   </trkpt>
   <trkpt lat="48.2668880" lon="7.4596530">
    <ele>173.2</ele>
    <time>2024-04-21T09:54:50Z</time>
   </trkpt>
   <trkpt lat="48.2669520" lon="7.4596580">
    <ele>173.2</ele>
    <time>2024-04-21T09:54:51Z</time>
   </trkpt>
   <trkpt lat="48.2670160" lon="7.4596710">
    <ele>173.2</ele>
    <time>2024-04-21T09:54:52Z</time>
   </trkpt>
   <trkpt lat="48.2670790" lon="7.4596870">
    <ele>173.2</ele>
    <time>2024-04-21T09:54:53Z</time>
   </trkpt>
   <trkpt lat="48.2671440" lon="7.4596970">
    <ele>173.2</ele>
    <time>2024-04-21T09:54:54Z</time>
   </trkpt>
   <trkpt lat="48.2672090" lon="7.4597050">
    <ele>173.1</ele>
    <time>2024-04-21T09:54:55Z</time>
   </trkpt>
   <trkpt lat="48.2672710" lon="7.4597210">
    <ele>173.2</ele>
    <time>2024-04-21T09:54:56Z</time>
   </trkpt>
   <trkpt lat="48.2673350" lon="7.4597340">
    <ele>173.2</ele>
    <time>2024-04-21T09:54:57Z</time>
   </trkpt>
   <trkpt lat="48.2673990" lon="7.4597450">
    <ele>173.2</ele>
    <time>2024-04-21T09:54:58Z</time>
   </trkpt>
   <trkpt lat="48.2674630" lon="7.4597530">
    <ele>173.2</ele>
    <time>2024-04-21T09:54:59Z</time>
   </trkpt>
   <trkpt lat="48.2675270" lon="7.4597480">
    <ele>173.3</ele>
    <time>2024-04-21T09:55:00Z</time>
   </trkpt>
   <trkpt lat="48.2675910" lon="7.4597550">
    <ele>173.3</ele>
    <time>2024-04-21T09:55:01Z</time>
   </trkpt>
   <trkpt lat="48.2676530" lon="7.4597690">
    <ele>173.3</ele>
    <time>2024-04-21T09:55:02Z</time>
   </trkpt>
   <trkpt lat="48.2677150" lon="7.4597750">
    <ele>173.4</ele>
    <time>2024-04-21T09:55:03Z</time>
   </trkpt>
   <trkpt lat="48.2677750" lon="7.4597750">
    <ele>173.4</ele>
    <time>2024-04-21T09:55:04Z</time>
   </trkpt>
   <trkpt lat="48.2678320" lon="7.4597880">
    <ele>173.5</ele>
    <time>2024-04-21T09:55:05Z</time>
   </trkpt>
   <trkpt lat="48.2678900" lon="7.4597990">
    <ele>173.5</ele>
    <time>2024-04-21T09:55:06Z</time>
   </trkpt>
   <trkpt lat="48.2679490" lon="7.4598160">
    <ele>173.5</ele>
    <time>2024-04-21T09:55:07Z</time>
   </trkpt>
   <trkpt lat="48.2680070" lon="7.4598230">
    <ele>173.6</ele>
    <time>2024-04-21T09:55:08Z</time>
   </trkpt>
   <trkpt lat="48.2680660" lon="7.4598270">
    <ele>173.5</ele>
    <time>2024-04-21T09:55:09Z</time>
   </trkpt>
   <trkpt lat="48.2681250" lon="7.4598280">
    <ele>173.5</ele>
    <time>2024-04-21T09:55:10Z</time>
   </trkpt>
   <trkpt lat="48.2681850" lon="7.4598280">
    <ele>173.5</ele>
    <time>2024-04-21T09:55:11Z</time>
   </trkpt>
   <trkpt lat="48.2682450" lon="7.4598310">
    <ele>173.5</ele>
    <time>2024-04-21T09:55:12Z</time>
   </trkpt>
   <trkpt lat="48.2683090" lon="7.4598370">
    <ele>173.5</ele>
    <time>2024-04-21T09:55:13Z</time>
   </trkpt>
   <trkpt lat="48.2683710" lon="7.4598400">
    <ele>173.5</ele>
    <time>2024-04-21T09:55:14Z</time>
   </trkpt>
   <trkpt lat="48.2684350" lon="7.4598390">
    <ele>173.5</ele>
    <time>2024-04-21T09:55:15Z</time>
   </trkpt>
   <trkpt lat="48.2684950" lon="7.4598340">
    <ele>173.5</ele>
    <time>2024-04-21T09:55:16Z</time>
   </trkpt>
   <trkpt lat="48.2685540" lon="7.4598240">
    <ele>173.5</ele>
    <time>2024-04-21T09:55:17Z</time>
   </trkpt>
   <trkpt lat="48.2686140" lon="7.4598110">
    <ele>173.5</ele>
    <time>2024-04-21T09:55:18Z</time>
   </trkpt>
   <trkpt lat="48.2686750" lon="7.4597970">
    <ele>173.4</ele>
    <time>2024-04-21T09:55:19Z</time>
   </trkpt>
   <trkpt lat="48.2687400" lon="7.4597950">
    <ele>173.4</ele>
    <time>2024-04-21T09:55:20Z</time>
   </trkpt>
   <trkpt lat="48.2688030" lon="7.4597950">
    <ele>173.4</ele>
    <time>2024-04-21T09:55:21Z</time>
   </trkpt>
   <trkpt lat="48.2688640" lon="7.4597800">
    <ele>173.3</ele>
    <time>2024-04-21T09:55:22Z</time>
   </trkpt>
   <trkpt lat="48.2689230" lon="7.4597630">
    <ele>173.3</ele>
    <time>2024-04-21T09:55:23Z</time>
   </trkpt>
   <trkpt lat="48.2689840" lon="7.4597510">
    <ele>173.3</ele>
    <time>2024-04-21T09:55:24Z</time>
   </trkpt>
   <trkpt lat="48.2690440" lon="7.4597540">
    <ele>173.3</ele>
    <time>2024-04-21T09:55:25Z</time>
   </trkpt>
   <trkpt lat="48.2691020" lon="7.4597400">
    <ele>173.3</ele>
    <time>2024-04-21T09:55:26Z</time>
   </trkpt>
   <trkpt lat="48.2691600" lon="7.4597270">
    <ele>173.3</ele>
    <time>2024-04-21T09:55:27Z</time>
   </trkpt>
   <trkpt lat="48.2692190" lon="7.4597070">
    <ele>173.3</ele>
    <time>2024-04-21T09:55:28Z</time>
   </trkpt>
   <trkpt lat="48.2692780" lon="7.4596870">
    <ele>173.3</ele>
    <time>2024-04-21T09:55:29Z</time>
   </trkpt>
   <trkpt lat="48.2693390" lon="7.4596830">
    <ele>173.4</ele>
    <time>2024-04-21T09:55:30Z</time>
   </trkpt>
   <trkpt lat="48.2694030" lon="7.4596830">
    <ele>173.4</ele>
    <time>2024-04-21T09:55:31Z</time>
   </trkpt>
   <trkpt lat="48.2694630" lon="7.4596660">
    <ele>173.4</ele>
    <time>2024-04-21T09:55:32Z</time>
   </trkpt>
   <trkpt lat="48.2695260" lon="7.4596560">
    <ele>173.4</ele>
    <time>2024-04-21T09:55:33Z</time>
   </trkpt>
   <trkpt lat="48.2695900" lon="7.4596500">
    <ele>173.4</ele>
    <time>2024-04-21T09:55:34Z</time>
   </trkpt>
   <trkpt lat="48.2696550" lon="7.4596470">
    <ele>173.4</ele>
    <time>2024-04-21T09:55:35Z</time>
   </trkpt>
   <trkpt lat="48.2697170" lon="7.4596440">
    <ele>173.4</ele>
    <time>2024-04-21T09:55:36Z</time>
   </trkpt>
   <trkpt lat="48.2697800" lon="7.4596360">
    <ele>173.5</ele>
    <time>2024-04-21T09:55:37Z</time>
   </trkpt>
   <trkpt lat="48.2698410" lon="7.4596260">
    <ele>173.5</ele>
    <time>2024-04-21T09:55:38Z</time>
   </trkpt>
   <trkpt lat="48.2699030" lon="7.4596210">
    <ele>173.5</ele>
    <time>2024-04-21T09:55:39Z</time>
   </trkpt>
   <trkpt lat="48.2699650" lon="7.4596100">
    <ele>173.5</ele>
    <time>2024-04-21T09:55:40Z</time>
   </trkpt>
   <trkpt lat="48.2700300" lon="7.4596150">
    <ele>173.5</ele>
    <time>2024-04-21T09:55:41Z</time>
   </trkpt>
   <trkpt lat="48.2700940" lon="7.4596290">
    <ele>173.5</ele>
    <time>2024-04-21T09:55:42Z</time>
   </trkpt>
   <trkpt lat="48.2701540" lon="7.4596290">
    <ele>173.5</ele>
    <time>2024-04-21T09:55:43Z</time>
   </trkpt>
   <trkpt lat="48.2702150" lon="7.4596340">
    <ele>173.6</ele>
    <time>2024-04-21T09:55:44Z</time>
   </trkpt>
   <trkpt lat="48.2702750" lon="7.4596350">
    <ele>173.6</ele>
    <time>2024-04-21T09:55:45Z</time>
   </trkpt>
   <trkpt lat="48.2703330" lon="7.4596430">
    <ele>173.6</ele>
    <time>2024-04-21T09:55:46Z</time>
   </trkpt>
   <trkpt lat="48.2703940" lon="7.4596490">
    <ele>173.7</ele>
    <time>2024-04-21T09:55:47Z</time>
   </trkpt>
   <trkpt lat="48.2704580" lon="7.4596490">
    <ele>173.7</ele>
    <time>2024-04-21T09:55:48Z</time>
   </trkpt>
   <trkpt lat="48.2705210" lon="7.4596570">
    <ele>173.8</ele>
    <time>2024-04-21T09:55:49Z</time>
   </trkpt>
   <trkpt lat="48.2705840" lon="7.4596750">
    <ele>173.8</ele>
    <time>2024-04-21T09:55:50Z</time>
   </trkpt>
   <trkpt lat="48.2706480" lon="7.4596840">
    <ele>173.8</ele>
    <time>2024-04-21T09:55:51Z</time>
   </trkpt>
   <trkpt lat="48.2707110" lon="7.4596800">
    <ele>173.8</ele>
    <time>2024-04-21T09:55:52Z</time>
   </trkpt>
   <trkpt lat="48.2707740" lon="7.4596790">
    <ele>173.8</ele>
    <time>2024-04-21T09:55:53Z</time>
   </trkpt>
   <trkpt lat="48.2708360" lon="7.4596860">
    <ele>173.9</ele>
    <time>2024-04-21T09:55:54Z</time>
   </trkpt>
   <trkpt lat="48.2708980" lon="7.4596920">
    <ele>173.9</ele>
    <time>2024-04-21T09:55:55Z</time>
   </trkpt>
   <trkpt lat="48.2709590" lon="7.4596960">
    <ele>173.9</ele>
    <time>2024-04-21T09:55:56Z</time>
   </trkpt>
   <trkpt lat="48.2710220" lon="7.4597060">
    <ele>174.0</ele>
    <time>2024-04-21T09:55:57Z</time>
   </trkpt>
   <trkpt lat="48.2710850" lon="7.4597160">
    <ele>174.0</ele>
    <time>2024-04-21T09:55:58Z</time>
   </trkpt>
   <trkpt lat="48.2711470" lon="7.4597230">
    <ele>174.1</ele>
    <time>2024-04-21T09:55:59Z</time>
   </trkpt>
   <trkpt lat="48.2712080" lon="7.4597220">
    <ele>174.1</ele>
    <time>2024-04-21T09:56:00Z</time>
   </trkpt>
   <trkpt lat="48.2712680" lon="7.4597250">
    <ele>174.1</ele>
    <time>2024-04-21T09:56:01Z</time>
   </trkpt>
   <trkpt lat="48.2713310" lon="7.4597310">
    <ele>174.2</ele>
    <time>2024-04-21T09:56:02Z</time>
   </trkpt>
   <trkpt lat="48.2713910" lon="7.4597370">
    <ele>174.2</ele>
    <time>2024-04-21T09:56:03Z</time>
   </trkpt>
   <trkpt lat="48.2714480" lon="7.4597400">
    <ele>174.3</ele>
    <time>2024-04-21T09:56:04Z</time>
   </trkpt>
   <trkpt lat="48.2715030" lon="7.4597350">
    <ele>174.4</ele>
    <time>2024-04-21T09:56:05Z</time>
   </trkpt>
   <trkpt lat="48.2715570" lon="7.4597380">
    <ele>174.5</ele>
    <time>2024-04-21T09:56:06Z</time>
   </trkpt>
   <trkpt lat="48.2716080" lon="7.4597470">
    <ele>174.5</ele>
    <time>2024-04-21T09:56:07Z</time>
   </trkpt>
   <trkpt lat="48.2716550" lon="7.4597490">
    <ele>174.6</ele>
    <time>2024-04-21T09:56:08Z</time>
   </trkpt>
   <trkpt lat="48.2716950" lon="7.4597270">
    <ele>174.7</ele>
    <time>2024-04-21T09:56:09Z</time>
   </trkpt>
   <trkpt lat="48.2717280" lon="7.4596930">
    <ele>174.8</ele>
    <time>2024-04-21T09:56:10Z</time>
   </trkpt>
   <trkpt lat="48.2717500" lon="7.4596370">
    <ele>174.9</ele>
    <time>2024-04-21T09:56:11Z</time>
   </trkpt>
   <trkpt lat="48.2717640" lon="7.4595860">
    <ele>175.0</ele>
    <time>2024-04-21T09:56:12Z</time>
   </trkpt>
   <trkpt lat="48.2717770" lon="7.4595460">
    <ele>175.0</ele>
    <time>2024-04-21T09:56:13Z</time>
   </trkpt>
   <trkpt lat="48.2718020" lon="7.4595280">
    <ele>175.1</ele>
    <time>2024-04-21T09:56:14Z</time>
   </trkpt>
   <trkpt lat="48.2718330" lon="7.4595480">
    <ele>175.1</ele>
    <time>2024-04-21T09:56:15Z</time>
   </trkpt>
   <trkpt lat="48.2718640" lon="7.4595750">
    <ele>175.2</ele>
    <time>2024-04-21T09:56:16Z</time>
   </trkpt>
   <trkpt lat="48.2718980" lon="7.4596070">
    <ele>175.2</ele>
    <time>2024-04-21T09:56:17Z</time>
   </trkpt>
   <trkpt lat="48.2719360" lon="7.4596440">
    <ele>175.2</ele>
    <time>2024-04-21T09:56:18Z</time>
   </trkpt>
   <trkpt lat="48.2719760" lon="7.4596800">
    <ele>175.2</ele>
    <time>2024-04-21T09:56:19Z</time>
   </trkpt>
   <trkpt lat="48.2720200" lon="7.4597190">
    <ele>175.2</ele>
    <time>2024-04-21T09:56:20Z</time>
   </trkpt>
   <trkpt lat="48.2720650" lon="7.4597610">
    <ele>175.2</ele>
    <time>2024-04-21T09:56:21Z</time>
   </trkpt>
   <trkpt lat="48.2721110" lon="7.4598080">
    <ele>175.2</ele>
    <time>2024-04-21T09:56:22Z</time>
   </trkpt>
   <trkpt lat="48.2721560" lon="7.4598550">
    <ele>175.2</ele>
    <time>2024-04-21T09:56:23Z</time>
   </trkpt>
   <trkpt lat="48.2722070" lon="7.4598990">
    <ele>175.2</ele>
    <time>2024-04-21T09:56:24Z</time>
   </trkpt>
   <trkpt lat="48.2722620" lon="7.4599400">
    <ele>175.2</ele>
    <time>2024-04-21T09:56:25Z</time>
   </trkpt>
   <trkpt lat="48.2723180" lon="7.4599820">
    <ele>175.1</ele>
    <time>2024-04-21T09:56:26Z</time>
   </trkpt>
   <trkpt lat="48.2723740" lon="7.4600310">
    <ele>175.1</ele>
    <time>2024-04-21T09:56:27Z</time>
   </trkpt>
   <trkpt lat="48.2724310" lon="7.4600830">
    <ele>175.0</ele>
    <time>2024-04-21T09:56:28Z</time>
   </trkpt>
   <trkpt lat="48.2724870" lon="7.4601390">
    <ele>174.9</ele>
    <time>2024-04-21T09:56:29Z</time>
   </trkpt>
   <trkpt lat="48.2725440" lon="7.4601970">
    <ele>174.8</ele>
    <time>2024-04-21T09:56:30Z</time>
   </trkpt>
   <trkpt lat="48.2726030" lon="7.4602510">
    <ele>174.7</ele>
    <time>2024-04-21T09:56:31Z</time>
   </trkpt>
   <trkpt lat="48.2726640" lon="7.4602990">
    <ele>174.7</ele>
    <time>2024-04-21T09:56:32Z</time>
   </trkpt>
   <trkpt lat="48.2727220" lon="7.4603550">
    <ele>174.6</ele>
    <time>2024-04-21T09:56:33Z</time>
   </trkpt>
   <trkpt lat="48.2727810" lon="7.4604100">
    <ele>174.5</ele>
    <time>2024-04-21T09:56:34Z</time>
   </trkpt>
   <trkpt lat="48.2728400" lon="7.4604650">
    <ele>174.5</ele>
    <time>2024-04-21T09:56:35Z</time>
   </trkpt>
   <trkpt lat="48.2729020" lon="7.4605130">
    <ele>174.4</ele>
    <time>2024-04-21T09:56:36Z</time>
   </trkpt>
   <trkpt lat="48.2729670" lon="7.4605560">
    <ele>174.4</ele>
    <time>2024-04-21T09:56:37Z</time>
   </trkpt>
   <trkpt lat="48.2730290" lon="7.4606060">
    <ele>174.3</ele>
    <time>2024-04-21T09:56:38Z</time>
   </trkpt>
   <trkpt lat="48.2730890" lon="7.4606580">
    <ele>174.3</ele>
    <time>2024-04-21T09:56:39Z</time>
   </trkpt>
   <trkpt lat="48.2731500" lon="7.4607070">
    <ele>174.3</ele>
    <time>2024-04-21T09:56:40Z</time>
   </trkpt>
   <trkpt lat="48.2732110" lon="7.4607580">
    <ele>174.2</ele>
    <time>2024-04-21T09:56:41Z</time>
   </trkpt>
   <trkpt lat="48.2732740" lon="7.4608050">
    <ele>174.1</ele>
    <time>2024-04-21T09:56:42Z</time>
   </trkpt>
   <trkpt lat="48.2733350" lon="7.4608550">
    <ele>174.1</ele>
    <time>2024-04-21T09:56:43Z</time>
   </trkpt>
   <trkpt lat="48.2733970" lon="7.4609080">
    <ele>174.0</ele>
    <time>2024-04-21T09:56:44Z</time>
   </trkpt>
   <trkpt lat="48.2734590" lon="7.4609610">
    <ele>174.0</ele>
    <time>2024-04-21T09:56:45Z</time>
   </trkpt>
   <trkpt lat="48.2735220" lon="7.4610200">
    <ele>174.0</ele>
    <time>2024-04-21T09:56:46Z</time>
   </trkpt>
   <trkpt lat="48.2735890" lon="7.4610770">
    <ele>174.0</ele>
    <time>2024-04-21T09:56:47Z</time>
   </trkpt>
   <trkpt lat="48.2736540" lon="7.4611290">
    <ele>173.9</ele>
    <time>2024-04-21T09:56:48Z</time>
   </trkpt>
   <trkpt lat="48.2737180" lon="7.4611900">
    <ele>173.9</ele>
    <time>2024-04-21T09:56:49Z</time>
   </trkpt>
   <trkpt lat="48.2737830" lon="7.4612470">
    <ele>173.9</ele>
    <time>2024-04-21T09:56:50Z</time>
   </trkpt>
   <trkpt lat="48.2738490" lon="7.4613060">
    <ele>173.8</ele>
    <time>2024-04-21T09:56:51Z</time>
   </trkpt>
   <trkpt lat="48.2739180" lon="7.4613610">
    <ele>173.8</ele>
    <time>2024-04-21T09:56:52Z</time>
   </trkpt>
   <trkpt lat="48.2739850" lon="7.4614180">
    <ele>173.7</ele>
    <time>2024-04-21T09:56:53Z</time>
   </trkpt>
   <trkpt lat="48.2740510" lon="7.4614790">
    <ele>173.6</ele>
    <time>2024-04-21T09:56:54Z</time>
   </trkpt>
   <trkpt lat="48.2741170" lon="7.4615400">
    <ele>173.6</ele>
    <time>2024-04-21T09:56:55Z</time>
   </trkpt>
   <trkpt lat="48.2741830" lon="7.4616010">
    <ele>173.6</ele>
    <time>2024-04-21T09:56:56Z</time>
   </trkpt>
   <trkpt lat="48.2742490" lon="7.4616550">
    <ele>173.7</ele>
    <time>2024-04-21T09:56:57Z</time>
   </trkpt>
   <trkpt lat="48.2743160" lon="7.4617090">
    <ele>173.7</ele>
    <time>2024-04-21T09:56:58Z</time>
   </trkpt>
   <trkpt lat="48.2743830" lon="7.4617670">
    <ele>173.8</ele>
    <time>2024-04-21T09:56:59Z</time>
   </trkpt>
   <trkpt lat="48.2744450" lon="7.4618270">
    <ele>173.8</ele>
    <time>2024-04-21T09:57:00Z</time>
   </trkpt>
   <trkpt lat="48.2745090" lon="7.4618850">
    <ele>173.8</ele>
    <time>2024-04-21T09:57:01Z</time>
   </trkpt>
   <trkpt lat="48.2745760" lon="7.4619400">
    <ele>173.8</ele>
    <time>2024-04-21T09:57:02Z</time>
   </trkpt>
   <trkpt lat="48.2746410" lon="7.4620000">
    <ele>173.8</ele>
    <time>2024-04-21T09:57:03Z</time>
   </trkpt>
   <trkpt lat="48.2747050" lon="7.4620620">
    <ele>173.8</ele>
    <time>2024-04-21T09:57:04Z</time>
   </trkpt>
   <trkpt lat="48.2747720" lon="7.4621150">
    <ele>173.8</ele>
    <time>2024-04-21T09:57:05Z</time>
   </trkpt>
   <trkpt lat="48.2748360" lon="7.4621710">
    <ele>173.8</ele>
    <time>2024-04-21T09:57:06Z</time>
   </trkpt>
   <trkpt lat="48.2749010" lon="7.4622230">
    <ele>173.8</ele>
    <time>2024-04-21T09:57:07Z</time>
   </trkpt>
   <trkpt lat="48.2749620" lon="7.4622800">
    <ele>173.8</ele>
    <time>2024-04-21T09:57:08Z</time>
   </trkpt>
   <trkpt lat="48.2750240" lon="7.4623420">
    <ele>173.8</ele>
    <time>2024-04-21T09:57:09Z</time>
   </trkpt>
   <trkpt lat="48.2750850" lon="7.4624010">
    <ele>173.8</ele>
    <time>2024-04-21T09:57:10Z</time>
   </trkpt>
   <trkpt lat="48.2751480" lon="7.4624570">
    <ele>173.8</ele>
    <time>2024-04-21T09:57:11Z</time>
   </trkpt>
   <trkpt lat="48.2752090" lon="7.4625130">
    <ele>173.8</ele>
    <time>2024-04-21T09:57:12Z</time>
   </trkpt>
   <trkpt lat="48.2752660" lon="7.4625830">
    <ele>173.8</ele>
    <time>2024-04-21T09:57:13Z</time>
   </trkpt>
   <trkpt lat="48.2753190" lon="7.4626580">
    <ele>173.8</ele>
    <time>2024-04-21T09:57:14Z</time>
   </trkpt>
   <trkpt lat="48.2753730" lon="7.4627310">
    <ele>173.8</ele>
    <time>2024-04-21T09:57:15Z</time>
   </trkpt>
   <trkpt lat="48.2754400" lon="7.4627750">
    <ele>173.8</ele>
    <time>2024-04-21T09:57:16Z</time>
   </trkpt>
   <trkpt lat="48.2755000" lon="7.4628260">
    <ele>173.8</ele>
    <time>2024-04-21T09:57:17Z</time>
   </trkpt>
   <trkpt lat="48.2755540" lon="7.4628910">
    <ele>173.8</ele>
    <time>2024-04-21T09:57:18Z</time>
   </trkpt>
   <trkpt lat="48.2756030" lon="7.4629610">
    <ele>173.8</ele>
    <time>2024-04-21T09:57:19Z</time>
   </trkpt>
   <trkpt lat="48.2756490" lon="7.4630260">
    <ele>173.8</ele>
    <time>2024-04-21T09:57:20Z</time>
   </trkpt>
   <trkpt lat="48.2757090" lon="7.4630490">
    <ele>173.9</ele>
    <time>2024-04-21T09:57:21Z</time>
   </trkpt>
   <trkpt lat="48.2757630" lon="7.4630690">
    <ele>173.9</ele>
    <time>2024-04-21T09:57:22Z</time>
   </trkpt>
   <trkpt lat="48.2757950" lon="7.4631400">
    <ele>173.9</ele>
    <time>2024-04-21T09:57:23Z</time>
   </trkpt>
   <trkpt lat="48.2758100" lon="7.4632290">
    <ele>173.8</ele>
    <time>2024-04-21T09:57:24Z</time>
   </trkpt>
   <trkpt lat="48.2758180" lon="7.4633130">
    <ele>173.8</ele>
    <time>2024-04-21T09:57:25Z</time>
   </trkpt>
   <trkpt lat="48.2758400" lon="7.4633900">
    <ele>173.8</ele>
    <time>2024-04-21T09:57:26Z</time>
   </trkpt>
   <trkpt lat="48.2758770" lon="7.4634540">
    <ele>173.8</ele>
    <time>2024-04-21T09:57:27Z</time>
   </trkpt>
   <trkpt lat="48.2759220" lon="7.4635050">
    <ele>173.8</ele>
    <time>2024-04-21T09:57:28Z</time>
   </trkpt>
   <trkpt lat="48.2759710" lon="7.4635490">
    <ele>173.9</ele>
    <time>2024-04-21T09:57:29Z</time>
   </trkpt>
   <trkpt lat="48.2760240" lon="7.4635820">
    <ele>173.9</ele>
    <time>2024-04-21T09:57:30Z</time>
   </trkpt>
   <trkpt lat="48.2760850" lon="7.4635890">
    <ele>173.9</ele>
    <time>2024-04-21T09:57:31Z</time>
   </trkpt>
   <trkpt lat="48.2761460" lon="7.4635820">
    <ele>173.9</ele>
    <time>2024-04-21T09:57:32Z</time>
   </trkpt>
   <trkpt lat="48.2762060" lon="7.4635630">
    <ele>173.9</ele>
    <time>2024-04-21T09:57:33Z</time>
   </trkpt>
   <trkpt lat="48.2762660" lon="7.4635430">
    <ele>173.8</ele>
    <time>2024-04-21T09:57:34Z</time>
   </trkpt>
   <trkpt lat="48.2763270" lon="7.4635550">
    <ele>173.8</ele>
    <time>2024-04-21T09:57:35Z</time>
   </trkpt>
   <trkpt lat="48.2763840" lon="7.4636030">
    <ele>173.7</ele>
    <time>2024-04-21T09:57:36Z</time>
   </trkpt>
   <trkpt lat="48.2764380" lon="7.4636500">
    <ele>173.6</ele>
    <time>2024-04-21T09:57:37Z</time>
   </trkpt>
   <trkpt lat="48.2764950" lon="7.4636920">
    <ele>173.6</ele>
    <time>2024-04-21T09:57:38Z</time>
   </trkpt>
   <trkpt lat="48.2765510" lon="7.4637340">
    <ele>173.5</ele>
    <time>2024-04-21T09:57:39Z</time>
   </trkpt>
   <trkpt lat="48.2766080" lon="7.4637690">
    <ele>173.4</ele>
    <time>2024-04-21T09:57:40Z</time>
   </trkpt>
   <trkpt lat="48.2766650" lon="7.4638040">
    <ele>173.4</ele>
    <time>2024-04-21T09:57:41Z</time>
   </trkpt>
   <trkpt lat="48.2767180" lon="7.4638470">
    <ele>173.4</ele>
    <time>2024-04-21T09:57:42Z</time>
   </trkpt>
   <trkpt lat="48.2767680" lon="7.4638920">
    <ele>173.3</ele>
    <time>2024-04-21T09:57:43Z</time>
   </trkpt>
   <trkpt lat="48.2768180" lon="7.4639340">
    <ele>173.3</ele>
    <time>2024-04-21T09:57:44Z</time>
   </trkpt>
   <trkpt lat="48.2768660" lon="7.4639720">
    <ele>173.3</ele>
    <time>2024-04-21T09:57:45Z</time>
   </trkpt>
   <trkpt lat="48.2769120" lon="7.4640180">
    <ele>173.2</ele>
    <time>2024-04-21T09:57:46Z</time>
   </trkpt>
   <trkpt lat="48.2769580" lon="7.4640630">
    <ele>173.3</ele>
    <time>2024-04-21T09:57:47Z</time>
   </trkpt>
   <trkpt lat="48.2770060" lon="7.4641010">
    <ele>173.3</ele>
    <time>2024-04-21T09:57:48Z</time>
   </trkpt>
   <trkpt lat="48.2770510" lon="7.4641410">
    <ele>173.4</ele>
    <time>2024-04-21T09:57:49Z</time>
   </trkpt>
   <trkpt lat="48.2770960" lon="7.4641740">
    <ele>173.4</ele>
    <time>2024-04-21T09:57:50Z</time>
   </trkpt>
   <trkpt lat="48.2771370" lon="7.4642140">
    <ele>173.5</ele>
    <time>2024-04-21T09:57:51Z</time>
   </trkpt>
   <trkpt lat="48.2771750" lon="7.4642540">
    <ele>173.6</ele>
    <time>2024-04-21T09:57:52Z</time>
   </trkpt>
   <trkpt lat="48.2772160" lon="7.4642860">
    <ele>173.7</ele>
    <time>2024-04-21T09:57:53Z</time>
   </trkpt>
   <trkpt lat="48.2772610" lon="7.4642810">
    <ele>173.7</ele>
    <time>2024-04-21T09:57:54Z</time>
   </trkpt>
   <trkpt lat="48.2773000" lon="7.4642340">
    <ele>173.6</ele>
    <time>2024-04-21T09:57:55Z</time>
   </trkpt>
   <trkpt lat="48.2773370" lon="7.4641880">
    <ele>173.6</ele>
    <time>2024-04-21T09:57:56Z</time>
   </trkpt>
   <trkpt lat="48.2773870" lon="7.4641790">
    <ele>173.5</ele>
    <time>2024-04-21T09:57:57Z</time>
   </trkpt>
   <trkpt lat="48.2774330" lon="7.4642100">
    <ele>173.4</ele>
    <time>2024-04-21T09:57:58Z</time>
   </trkpt>
   <trkpt lat="48.2774760" lon="7.4642620">
    <ele>173.4</ele>
    <time>2024-04-21T09:57:59Z</time>
   </trkpt>
   <trkpt lat="48.2775250" lon="7.4643080">
    <ele>173.4</ele>
    <time>2024-04-21T09:58:00Z</time>
   </trkpt>
   <trkpt lat="48.2775810" lon="7.4643460">
    <ele>173.3</ele>
    <time>2024-04-21T09:58:01Z</time>
   </trkpt>
   <trkpt lat="48.2776360" lon="7.4643890">
    <ele>173.3</ele>
    <time>2024-04-21T09:58:02Z</time>
   </trkpt>
   <trkpt lat="48.2776920" lon="7.4644360">
    <ele>173.3</ele>
    <time>2024-04-21T09:58:03Z</time>
   </trkpt>
   <trkpt lat="48.2777490" lon="7.4644840">
    <ele>173.3</ele>
    <time>2024-04-21T09:58:04Z</time>
   </trkpt>
   <trkpt lat="48.2778060" lon="7.4645330">
    <ele>173.3</ele>
    <time>2024-04-21T09:58:05Z</time>
   </trkpt>
   <trkpt lat="48.2778640" lon="7.4645800">
    <ele>173.3</ele>
    <time>2024-04-21T09:58:06Z</time>
   </trkpt>
   <trkpt lat="48.2779230" lon="7.4646250">
    <ele>173.3</ele>
    <time>2024-04-21T09:58:07Z</time>
   </trkpt>
   <trkpt lat="48.2779810" lon="7.4646720">
    <ele>173.3</ele>
    <time>2024-04-21T09:58:08Z</time>
   </trkpt>
   <trkpt lat="48.2780390" lon="7.4647210">
    <ele>173.3</ele>
    <time>2024-04-21T09:58:09Z</time>
   </trkpt>
   <trkpt lat="48.2780960" lon="7.4647700">
    <ele>173.3</ele>
    <time>2024-04-21T09:58:10Z</time>
   </trkpt>
   <trkpt lat="48.2781540" lon="7.4648170">
    <ele>173.3</ele>
    <time>2024-04-21T09:58:11Z</time>
   </trkpt>
   <trkpt lat="48.2782100" lon="7.4648610">
    <ele>173.3</ele>
    <time>2024-04-21T09:58:12Z</time>
   </trkpt>
   <trkpt lat="48.2782670" lon="7.4649090">
    <ele>173.3</ele>
    <time>2024-04-21T09:58:13Z</time>
   </trkpt>
   <trkpt lat="48.2783250" lon="7.4649530">
    <ele>173.3</ele>
    <time>2024-04-21T09:58:14Z</time>
   </trkpt>
   <trkpt lat="48.2783830" lon="7.4649960">
    <ele>173.3</ele>
    <time>2024-04-21T09:58:15Z</time>
   </trkpt>
   <trkpt lat="48.2784430" lon="7.4650320">
    <ele>173.2</ele>
    <time>2024-04-21T09:58:16Z</time>
   </trkpt>
   <trkpt lat="48.2785030" lon="7.4650640">
    <ele>173.2</ele>
    <time>2024-04-21T09:58:17Z</time>
   </trkpt>
   <trkpt lat="48.2785640" lon="7.4650870">
    <ele>173.2</ele>
    <time>2024-04-21T09:58:18Z</time>
   </trkpt>
   <trkpt lat="48.2786230" lon="7.4651100">
    <ele>173.3</ele>
    <time>2024-04-21T09:58:19Z</time>
   </trkpt>
   <trkpt lat="48.2786840" lon="7.4651280">
    <ele>173.3</ele>
    <time>2024-04-21T09:58:20Z</time>
   </trkpt>
   <trkpt lat="48.2787480" lon="7.4651130">
    <ele>173.2</ele>
    <time>2024-04-21T09:58:21Z</time>
   </trkpt>
   <trkpt lat="48.2788100" lon="7.4650800">
    <ele>173.1</ele>
    <time>2024-04-21T09:58:22Z</time>
   </trkpt>
   <trkpt lat="48.2788680" lon="7.4650300">
    <ele>173.0</ele>
    <time>2024-04-21T09:58:23Z</time>
   </trkpt>
   <trkpt lat="48.2789240" lon="7.4649650">
    <ele>172.8</ele>
    <time>2024-04-21T09:58:24Z</time>
   </trkpt>
   <trkpt lat="48.2789780" lon="7.4648960">
    <ele>172.7</ele>
    <time>2024-04-21T09:58:25Z</time>
   </trkpt>
   <trkpt lat="48.2790260" lon="7.4648190">
    <ele>172.6</ele>
    <time>2024-04-21T09:58:26Z</time>
   </trkpt>
   <trkpt lat="48.2790730" lon="7.4647400">
    <ele>172.5</ele>
    <time>2024-04-21T09:58:27Z</time>
   </trkpt>
   <trkpt lat="48.2791180" lon="7.4646560">
    <ele>172.4</ele>
    <time>2024-04-21T09:58:28Z</time>
   </trkpt>
   <trkpt lat="48.2791670" lon="7.4645860">
    <ele>172.4</ele>
    <time>2024-04-21T09:58:29Z</time>
   </trkpt>
   <trkpt lat="48.2792160" lon="7.4645300">
    <ele>172.3</ele>
    <time>2024-04-21T09:58:30Z</time>
   </trkpt>
   <trkpt lat="48.2792590" lon="7.4644700">
    <ele>172.2</ele>
    <time>2024-04-21T09:58:31Z</time>
   </trkpt>
   <trkpt lat="48.2792800" lon="7.4644080">
    <ele>172.2</ele>
    <time>2024-04-21T09:58:32Z</time>
   </trkpt>
   <trkpt lat="48.2792820" lon="7.4643600">
    <ele>172.1</ele>
    <time>2024-04-21T09:58:33Z</time>
   </trkpt>
   <trkpt lat="48.2792810" lon="7.4643130">
    <ele>172.1</ele>
    <time>2024-04-21T09:58:34Z</time>
   </trkpt>
   <trkpt lat="48.2792720" lon="7.4642580">
    <ele>172.1</ele>
    <time>2024-04-21T09:58:35Z</time>
   </trkpt>
   <trkpt lat="48.2792670" lon="7.4642400">
    <ele>172.1</ele>
    <time>2024-04-21T09:58:36Z</time>
   </trkpt>
   <trkpt lat="48.2792500" lon="7.4641940">
    <ele>172.1</ele>
    <time>2024-04-21T09:58:37Z</time>
   </trkpt>
   <trkpt lat="48.2792430" lon="7.4641790">
    <ele>172.1</ele>
    <time>2024-04-21T09:58:38Z</time>
   </trkpt>
   <trkpt lat="48.2792240" lon="7.4641430">
    <ele>172.1</ele>
    <time>2024-04-21T09:58:39Z</time>
   </trkpt>
   <trkpt lat="48.2792180" lon="7.4641310">
    <ele>172.2</ele>
    <time>2024-04-21T09:58:40Z</time>
   </trkpt>
   <trkpt lat="48.2792030" lon="7.4641120">
    <ele>172.2</ele>
    <time>2024-04-21T09:58:41Z</time>
   </trkpt>
   <trkpt lat="48.2791940" lon="7.4641100">
    <ele>172.2</ele>
    <time>2024-04-21T09:58:42Z</time>
   </trkpt>
   <trkpt lat="48.2791840" lon="7.4641080">
    <ele>172.2</ele>
    <time>2024-04-21T09:58:43Z</time>
   </trkpt>
   <trkpt lat="48.2791690" lon="7.4641090">
    <ele>172.2</ele>
    <time>2024-04-21T09:58:44Z</time>
   </trkpt>
   <trkpt lat="48.2791570" lon="7.4641080">
    <ele>172.2</ele>
    <time>2024-04-21T09:58:45Z</time>
   </trkpt>
   <trkpt lat="48.2791470" lon="7.4641070">
    <ele>172.2</ele>
    <time>2024-04-21T09:58:46Z</time>
   </trkpt>
   <trkpt lat="48.2791370" lon="7.4641080">
    <ele>172.2</ele>
    <time>2024-04-21T09:58:47Z</time>
   </trkpt>
   <trkpt lat="48.2791240" lon="7.4641170">
    <ele>172.2</ele>
    <time>2024-04-21T09:58:48Z</time>
   </trkpt>
   <trkpt lat="48.2791030" lon="7.4641660">
    <ele>172.2</ele>
    <time>2024-04-21T09:58:49Z</time>
   </trkpt>
   <trkpt lat="48.2790950" lon="7.4641850">
    <ele>172.2</ele>
    <time>2024-04-21T09:58:50Z</time>
   </trkpt>
   <trkpt lat="48.2790700" lon="7.4642210">
    <ele>172.2</ele>
    <time>2024-04-21T09:58:51Z</time>
   </trkpt>
   <trkpt lat="48.2790370" lon="7.4642410">
    <ele>172.3</ele>
    <time>2024-04-21T09:58:52Z</time>
   </trkpt>
   <trkpt lat="48.2790070" lon="7.4642530">
    <ele>172.3</ele>
    <time>2024-04-21T09:58:53Z</time>
   </trkpt>
   <trkpt lat="48.2789780" lon="7.4642690">
    <ele>172.3</ele>
    <time>2024-04-21T09:58:54Z</time>
   </trkpt>
   <trkpt lat="48.2789510" lon="7.4642890">
    <ele>172.3</ele>
    <time>2024-04-21T09:58:55Z</time>
   </trkpt>
   <trkpt lat="48.2789250" lon="7.4643020">
    <ele>172.3</ele>
    <time>2024-04-21T09:58:56Z</time>
   </trkpt>
   <trkpt lat="48.2788890" lon="7.4642830">
    <ele>172.3</ele>
    <time>2024-04-21T09:58:57Z</time>
   </trkpt>
   <trkpt lat="48.2788800" lon="7.4642690">
    <ele>172.4</ele>
    <time>2024-04-21T09:58:58Z</time>
   </trkpt>
   <trkpt lat="48.2788730" lon="7.4642230">
    <ele>172.4</ele>
    <time>2024-04-21T09:58:59Z</time>
   </trkpt>
   <trkpt lat="48.2788730" lon="7.4642100">
    <ele>172.4</ele>
    <time>2024-04-21T09:59:00Z</time>
   </trkpt>
   <trkpt lat="48.2788780" lon="7.4641990">
    <ele>172.4</ele>
    <time>2024-04-21T09:59:01Z</time>
   </trkpt>
   <trkpt lat="48.2788930" lon="7.4642060">
    <ele>172.4</ele>
    <time>2024-04-21T09:59:02Z</time>
   </trkpt>
   <trkpt lat="48.2789050" lon="7.4642150">
    <ele>172.4</ele>
    <time>2024-04-21T09:59:03Z</time>
   </trkpt>
   <trkpt lat="48.2789140" lon="7.4642230">
    <ele>172.4</ele>
    <time>2024-04-21T09:59:04Z</time>
   </trkpt>
   <trkpt lat="48.2789190" lon="7.4642300">
    <ele>172.4</ele>
    <time>2024-04-21T09:59:05Z</time>
   </trkpt>
   <trkpt lat="48.2789200" lon="7.4642360">
    <ele>172.4</ele>
    <time>2024-04-21T09:59:06Z</time>
   </trkpt>
   <trkpt lat="48.2789210" lon="7.4642400">
    <ele>172.4</ele>
    <time>2024-04-21T09:59:07Z</time>
   </trkpt>
   <trkpt lat="48.2789220" lon="7.4642420">
    <ele>172.4</ele>
    <time>2024-04-21T09:59:08Z</time>
   </trkpt>
   <trkpt lat="48.2789220" lon="7.4642440">
    <ele>172.4</ele>
    <time>2024-04-21T09:59:09Z</time>
   </trkpt>
   <trkpt lat="48.2789220" lon="7.4642460">
    <ele>172.4</ele>
    <time>2024-04-21T09:59:10Z</time>
   </trkpt>
  </trkseg>
 </trk>
</gpx>
