<?xml version="1.0" encoding="UTF-8"?>
<gpx xmlns:xsi="http://www.w3.org/2001/XMLSchema-instance" xsi:schemaLocation="http://www.topografix.com/GPX/1/1 http://www.topografix.com/GPX/1/1/gpx.xsd" creator="StravaGPX" version="1.1" xmlns="http://www.topografix.com/GPX/1/1">
 <metadata>
  <time>2024-04-26T13:21:30Z</time>
 </metadata>
 <trk>
  <name>Strava didn't work today...</name>
  <type>cycling</type>
  <trkseg>
   <trkpt lat="48.2378050" lon="6.9524310">
    <ele>391.0</ele>
    <time>2024-04-26T13:21:30Z</time>
   </trkpt>
   <trkpt lat="48.2378250" lon="6.9522860">
    <ele>391.2</ele>
    <time>2024-04-26T13:21:33Z</time>
   </trkpt>
   <trkpt lat="48.2378270" lon="6.9521980">
    <ele>391.3</ele>
    <time>2024-04-26T13:21:34Z</time>
   </trkpt>
   <trkpt lat="48.2378260" lon="6.9521920">
    <ele>391.3</ele>
    <time>2024-04-26T13:21:35Z</time>
   </trkpt>
   <trkpt lat="48.2378260" lon="6.9522080">
    <ele>391.3</ele>
    <time>2024-04-26T13:21:36Z</time>
   </trkpt>
   <trkpt lat="48.2378240" lon="6.9522090">
    <ele>391.3</ele>
    <time>2024-04-26T13:21:37Z</time>
   </trkpt>
   <trkpt lat="48.2378250" lon="6.9522100">
    <ele>391.3</ele>
    <time>2024-04-26T13:21:38Z</time>
   </trkpt>
   <trkpt lat="48.2378280" lon="6.9522130">
    <ele>391.3</ele>
    <time>2024-04-26T13:21:39Z</time>
   </trkpt>
   <trkpt lat="48.2378300" lon="6.9522140">
    <ele>391.3</ele>
    <time>2024-04-26T13:21:40Z</time>
   </trkpt>
   <trkpt lat="48.2378330" lon="6.9522090">
    <ele>391.3</ele>
    <time>2024-04-26T13:21:41Z</time>
   </trkpt>
   <trkpt lat="48.2378340" lon="6.9522030">
    <ele>391.4</ele>
    <time>2024-04-26T13:21:42Z</time>
   </trkpt>
   <trkpt lat="48.2378350" lon="6.9521990">
    <ele>391.4</ele>
    <time>2024-04-26T13:21:43Z</time>
   </trkpt>
   <trkpt lat="48.2378360" lon="6.9521970">
    <ele>391.4</ele>
    <time>2024-04-26T13:21:44Z</time>
   </trkpt>
   <trkpt lat="48.2378370" lon="6.9521960">
    <ele>391.4</ele>
    <time>2024-04-26T13:21:45Z</time>
   </trkpt>
   <trkpt lat="48.2378380" lon="6.9521950">
    <ele>391.4</ele>
    <time>2024-04-26T13:21:46Z</time>
   </trkpt>
   <trkpt lat="48.2378380" lon="6.9521950">
    <ele>391.4</ele>
    <time>2024-04-26T13:21:47Z</time>
   </trkpt>
   <trkpt lat="48.2378380" lon="6.9521950">
    <ele>391.4</ele>
    <time>2024-04-26T13:21:48Z</time>
   </trkpt>
   <trkpt lat="48.2378380" lon="6.9521950">
    <ele>391.4</ele>
    <time>2024-04-26T13:21:49Z</time>
   </trkpt>
   <trkpt lat="48.2378380" lon="6.9521940">
    <ele>391.4</ele>
    <time>2024-04-26T13:21:50Z</time>
   </trkpt>
   <trkpt lat="48.2378380" lon="6.9521930">
    <ele>391.4</ele>
    <time>2024-04-26T13:21:51Z</time>
   </trkpt>
   <trkpt lat="48.2378390" lon="6.9521910">
    <ele>391.4</ele>
    <time>2024-04-26T13:21:52Z</time>
   </trkpt>
   <trkpt lat="48.2378530" lon="6.9521800">
    <ele>391.4</ele>
    <time>2024-04-26T13:22:04Z</time>
   </trkpt>
   <trkpt lat="48.2378610" lon="6.9521840">
    <ele>391.4</ele>
    <time>2024-04-26T13:22:05Z</time>
   </trkpt>
   <trkpt lat="48.2378690" lon="6.9521800">
    <ele>391.4</ele>
    <time>2024-04-26T13:22:06Z</time>
   </trkpt>
   <trkpt lat="48.2378730" lon="6.9521770">
    <ele>391.4</ele>
    <time>2024-04-26T13:22:07Z</time>
   </trkpt>
   <trkpt lat="48.2378640" lon="6.9521820">
    <ele>391.4</ele>
    <time>2024-04-26T13:22:08Z</time>
   </trkpt>
   <trkpt lat="48.2378440" lon="6.9521930">
    <ele>391.5</ele>
    <time>2024-04-26T13:22:09Z</time>
   </trkpt>
   <trkpt lat="48.2378280" lon="6.9521950">
    <ele>391.5</ele>
    <time>2024-04-26T13:22:10Z</time>
   </trkpt>
   <trkpt lat="48.2378100" lon="6.9521960">
    <ele>391.5</ele>
    <time>2024-04-26T13:22:11Z</time>
   </trkpt>
   <trkpt lat="48.2377920" lon="6.9521950">
    <ele>391.6</ele>
    <time>2024-04-26T13:22:12Z</time>
   </trkpt>
   <trkpt lat="48.2377760" lon="6.9521870">
    <ele>391.6</ele>
    <time>2024-04-26T13:22:13Z</time>
   </trkpt>
   <trkpt lat="48.2377590" lon="6.9521750">
    <ele>391.6</ele>
    <time>2024-04-26T13:22:14Z</time>
   </trkpt>
   <trkpt lat="48.2377460" lon="6.9521620">
    <ele>391.6</ele>
    <time>2024-04-26T13:22:15Z</time>
   </trkpt>
   <trkpt lat="48.2377330" lon="6.9521510">
    <ele>391.7</ele>
    <time>2024-04-26T13:22:16Z</time>
   </trkpt>
   <trkpt lat="48.2377200" lon="6.9521460">
    <ele>391.7</ele>
    <time>2024-04-26T13:22:17Z</time>
   </trkpt>
   <trkpt lat="48.2377050" lon="6.9521450">
    <ele>391.7</ele>
    <time>2024-04-26T13:22:18Z</time>
   </trkpt>
   <trkpt lat="48.2376890" lon="6.9521460">
    <ele>391.7</ele>
    <time>2024-04-26T13:22:19Z</time>
   </trkpt>
   <trkpt lat="48.2376750" lon="6.9521470">
    <ele>391.8</ele>
    <time>2024-04-26T13:22:20Z</time>
   </trkpt>
   <trkpt lat="48.2376640" lon="6.9521470">
    <ele>391.8</ele>
    <time>2024-04-26T13:22:21Z</time>
   </trkpt>
   <trkpt lat="48.2376550" lon="6.9521460">
    <ele>391.8</ele>
    <time>2024-04-26T13:22:22Z</time>
   </trkpt>
   <trkpt lat="48.2376480" lon="6.9521440">
    <ele>391.8</ele>
    <time>2024-04-26T13:22:23Z</time>
   </trkpt>
   <trkpt lat="48.2376420" lon="6.9521410">
    <ele>391.8</ele>
    <time>2024-04-26T13:22:24Z</time>
   </trkpt>
   <trkpt lat="48.2376350" lon="6.9521380">
    <ele>391.8</ele>
    <time>2024-04-26T13:22:25Z</time>
   </trkpt>
   <trkpt lat="48.2376300" lon="6.9521350">
    <ele>391.9</ele>
    <time>2024-04-26T13:22:26Z</time>
   </trkpt>
   <trkpt lat="48.2376250" lon="6.9521250">
    <ele>391.9</ele>
    <time>2024-04-26T13:22:27Z</time>
   </trkpt>
   <trkpt lat="48.2376220" lon="6.9521060">
    <ele>391.9</ele>
    <time>2024-04-26T13:22:28Z</time>
   </trkpt>
   <trkpt lat="48.2376280" lon="6.9520800">
    <ele>391.9</ele>
    <time>2024-04-26T13:22:29Z</time>
   </trkpt>
   <trkpt lat="48.2376330" lon="6.9520690">
    <ele>391.9</ele>
    <time>2024-04-26T13:22:30Z</time>
   </trkpt>
   <trkpt lat="48.2376380" lon="6.9520580">
    <ele>391.9</ele>
    <time>2024-04-26T13:22:31Z</time>
   </trkpt>
   <trkpt lat="48.2376430" lon="6.9520480">
    <ele>391.9</ele>
    <time>2024-04-26T13:22:32Z</time>
   </trkpt>
   <trkpt lat="48.2376470" lon="6.9520020">
    <ele>391.9</ele>
    <time>2024-04-26T13:22:33Z</time>
   </trkpt>
   <trkpt lat="48.2376460" lon="6.9519870">
    <ele>391.9</ele>
    <time>2024-04-26T13:22:34Z</time>
   </trkpt>
   <trkpt lat="48.2376300" lon="6.9519470">
    <ele>392.0</ele>
    <time>2024-04-26T13:22:35Z</time>
   </trkpt>
   <trkpt lat="48.2376230" lon="6.9519360">
    <ele>392.0</ele>
    <time>2024-04-26T13:22:36Z</time>
   </trkpt>
   <trkpt lat="48.2375970" lon="6.9519110">
    <ele>392.1</ele>
    <time>2024-04-26T13:22:37Z</time>
   </trkpt>
   <trkpt lat="48.2375880" lon="6.9519020">
    <ele>392.1</ele>
    <time>2024-04-26T13:22:38Z</time>
   </trkpt>
   <trkpt lat="48.2375590" lon="6.9518620">
    <ele>392.1</ele>
    <time>2024-04-26T13:22:39Z</time>
   </trkpt>
   <trkpt lat="48.2375490" lon="6.9518480">
    <ele>392.2</ele>
    <time>2024-04-26T13:22:40Z</time>
   </trkpt>
   <trkpt lat="48.2375330" lon="6.9517920">
    <ele>392.2</ele>
    <time>2024-04-26T13:22:41Z</time>
   </trkpt>
   <trkpt lat="48.2375300" lon="6.9517720">
    <ele>392.2</ele>
    <time>2024-04-26T13:22:42Z</time>
   </trkpt>
   <trkpt lat="48.2375330" lon="6.9517270">
    <ele>392.2</ele>
    <time>2024-04-26T13:22:43Z</time>
   </trkpt>
   <trkpt lat="48.2375420" lon="6.9516840">
    <ele>392.2</ele>
    <time>2024-04-26T13:22:44Z</time>
   </trkpt>
   <trkpt lat="48.2375540" lon="6.9516440">
    <ele>392.2</ele>
    <time>2024-04-26T13:22:45Z</time>
   </trkpt>
   <trkpt lat="48.2375660" lon="6.9516040">
    <ele>392.2</ele>
    <time>2024-04-26T13:22:46Z</time>
   </trkpt>
   <trkpt lat="48.2375770" lon="6.9515650">
    <ele>392.2</ele>
    <time>2024-04-26T13:22:47Z</time>
   </trkpt>
   <trkpt lat="48.2375860" lon="6.9515230">
    <ele>392.2</ele>
    <time>2024-04-26T13:22:48Z</time>
   </trkpt>
   <trkpt lat="48.2375930" lon="6.9514810">
    <ele>392.3</ele>
    <time>2024-04-26T13:22:49Z</time>
   </trkpt>
   <trkpt lat="48.2376030" lon="6.9514340">
    <ele>392.3</ele>
    <time>2024-04-26T13:22:50Z</time>
   </trkpt>
   <trkpt lat="48.2376130" lon="6.9513830">
    <ele>392.3</ele>
    <time>2024-04-26T13:22:51Z</time>
   </trkpt>
   <trkpt lat="48.2376210" lon="6.9513290">
    <ele>392.3</ele>
    <time>2024-04-26T13:22:52Z</time>
   </trkpt>
   <trkpt lat="48.2376160" lon="6.9512720">
    <ele>392.3</ele>
    <time>2024-04-26T13:22:53Z</time>
   </trkpt>
   <trkpt lat="48.2375960" lon="6.9512230">
    <ele>392.3</ele>
    <time>2024-04-26T13:22:54Z</time>
   </trkpt>
   <trkpt lat="48.2375620" lon="6.9511910">
    <ele>392.3</ele>
    <time>2024-04-26T13:22:55Z</time>
   </trkpt>
   <trkpt lat="48.2375220" lon="6.9511760">
    <ele>392.3</ele>
    <time>2024-04-26T13:22:56Z</time>
   </trkpt>
   <trkpt lat="48.2374820" lon="6.9511690">
    <ele>392.4</ele>
    <time>2024-04-26T13:22:57Z</time>
   </trkpt>
   <trkpt lat="48.2374420" lon="6.9511650">
    <ele>392.4</ele>
    <time>2024-04-26T13:22:58Z</time>
   </trkpt>
   <trkpt lat="48.2374020" lon="6.9511590">
    <ele>392.4</ele>
    <time>2024-04-26T13:22:59Z</time>
   </trkpt>
   <trkpt lat="48.2373610" lon="6.9511490">
    <ele>392.5</ele>
    <time>2024-04-26T13:23:00Z</time>
   </trkpt>
   <trkpt lat="48.2373210" lon="6.9511360">
    <ele>392.5</ele>
    <time>2024-04-26T13:23:01Z</time>
   </trkpt>
   <trkpt lat="48.2372800" lon="6.9511200">
    <ele>392.5</ele>
    <time>2024-04-26T13:23:02Z</time>
   </trkpt>
   <trkpt lat="48.2372400" lon="6.9511030">
    <ele>392.6</ele>
    <time>2024-04-26T13:23:03Z</time>
   </trkpt>
   <trkpt lat="48.2371990" lon="6.9510870">
    <ele>392.6</ele>
    <time>2024-04-26T13:23:04Z</time>
   </trkpt>
   <trkpt lat="48.2371570" lon="6.9510740">
    <ele>392.7</ele>
    <time>2024-04-26T13:23:05Z</time>
   </trkpt>
   <trkpt lat="48.2371160" lon="6.9510620">
    <ele>392.7</ele>
    <time>2024-04-26T13:23:06Z</time>
   </trkpt>
   <trkpt lat="48.2370740" lon="6.9510500">
    <ele>392.8</ele>
    <time>2024-04-26T13:23:07Z</time>
   </trkpt>
   <trkpt lat="48.2370320" lon="6.9510350">
    <ele>392.9</ele>
    <time>2024-04-26T13:23:08Z</time>
   </trkpt>
   <trkpt lat="48.2369910" lon="6.9510160">
    <ele>392.9</ele>
    <time>2024-04-26T13:23:09Z</time>
   </trkpt>
   <trkpt lat="48.2369510" lon="6.9509940">
    <ele>393.0</ele>
    <time>2024-04-26T13:23:10Z</time>
   </trkpt>
   <trkpt lat="48.2369110" lon="6.9509720">
    <ele>393.0</ele>
    <time>2024-04-26T13:23:11Z</time>
   </trkpt>
   <trkpt lat="48.2368690" lon="6.9509520">
    <ele>393.1</ele>
    <time>2024-04-26T13:23:12Z</time>
   </trkpt>
   <trkpt lat="48.2368280" lon="6.9509350">
    <ele>393.2</ele>
    <time>2024-04-26T13:23:13Z</time>
   </trkpt>
   <trkpt lat="48.2367860" lon="6.9509180">
    <ele>393.3</ele>
    <time>2024-04-26T13:23:14Z</time>
   </trkpt>
   <trkpt lat="48.2367440" lon="6.9509020">
    <ele>393.3</ele>
    <time>2024-04-26T13:23:15Z</time>
   </trkpt>
   <trkpt lat="48.2367030" lon="6.9508880">
    <ele>393.4</ele>
    <time>2024-04-26T13:23:16Z</time>
   </trkpt>
   <trkpt lat="48.2366620" lon="6.9508760">
    <ele>393.5</ele>
    <time>2024-04-26T13:23:17Z</time>
   </trkpt>
   <trkpt lat="48.2366200" lon="6.9508630">
    <ele>393.6</ele>
    <time>2024-04-26T13:23:18Z</time>
   </trkpt>
   <trkpt lat="48.2365770" lon="6.9508490">
    <ele>393.6</ele>
    <time>2024-04-26T13:23:19Z</time>
   </trkpt>
   <trkpt lat="48.2365350" lon="6.9508340">
    <ele>393.7</ele>
    <time>2024-04-26T13:23:20Z</time>
   </trkpt>
   <trkpt lat="48.2364920" lon="6.9508210">
    <ele>393.7</ele>
    <time>2024-04-26T13:23:21Z</time>
   </trkpt>
   <trkpt lat="48.2364500" lon="6.9508070">
    <ele>393.8</ele>
    <time>2024-04-26T13:23:22Z</time>
   </trkpt>
   <trkpt lat="48.2364070" lon="6.9507910">
    <ele>393.9</ele>
    <time>2024-04-26T13:23:23Z</time>
   </trkpt>
   <trkpt lat="48.2363660" lon="6.9507720">
    <ele>393.9</ele>
    <time>2024-04-26T13:23:24Z</time>
   </trkpt>
   <trkpt lat="48.2363260" lon="6.9507500">
    <ele>394.0</ele>
    <time>2024-04-26T13:23:25Z</time>
   </trkpt>
   <trkpt lat="48.2362860" lon="6.9507290">
    <ele>394.0</ele>
    <time>2024-04-26T13:23:26Z</time>
   </trkpt>
   <trkpt lat="48.2362450" lon="6.9507100">
    <ele>394.1</ele>
    <time>2024-04-26T13:23:27Z</time>
   </trkpt>
   <trkpt lat="48.2362030" lon="6.9506950">
    <ele>394.2</ele>
    <time>2024-04-26T13:23:28Z</time>
   </trkpt>
   <trkpt lat="48.2361610" lon="6.9506820">
    <ele>394.2</ele>
    <time>2024-04-26T13:23:29Z</time>
   </trkpt>
   <trkpt lat="48.2361190" lon="6.9506690">
    <ele>394.3</ele>
    <time>2024-04-26T13:23:30Z</time>
   </trkpt>
   <trkpt lat="48.2360770" lon="6.9506540">
    <ele>394.4</ele>
    <time>2024-04-26T13:23:31Z</time>
   </trkpt>
   <trkpt lat="48.2360350" lon="6.9506380">
    <ele>394.4</ele>
    <time>2024-04-26T13:23:32Z</time>
   </trkpt>
   <trkpt lat="48.2359930" lon="6.9506220">
    <ele>394.5</ele>
    <time>2024-04-26T13:23:33Z</time>
   </trkpt>
   <trkpt lat="48.2359510" lon="6.9506060">
    <ele>394.5</ele>
    <time>2024-04-26T13:23:34Z</time>
   </trkpt>
   <trkpt lat="48.2359090" lon="6.9505910">
    <ele>394.6</ele>
    <time>2024-04-26T13:23:35Z</time>
   </trkpt>
   <trkpt lat="48.2358680" lon="6.9505760">
    <ele>394.6</ele>
    <time>2024-04-26T13:23:36Z</time>
   </trkpt>
   <trkpt lat="48.2358250" lon="6.9505600">
    <ele>394.7</ele>
    <time>2024-04-26T13:23:37Z</time>
   </trkpt>
   <trkpt lat="48.2357820" lon="6.9505440">
    <ele>394.7</ele>
    <time>2024-04-26T13:23:38Z</time>
   </trkpt>
   <trkpt lat="48.2357390" lon="6.9505290">
    <ele>394.8</ele>
    <time>2024-04-26T13:23:39Z</time>
   </trkpt>
   <trkpt lat="48.2356960" lon="6.9505150">
    <ele>394.8</ele>
    <time>2024-04-26T13:23:40Z</time>
   </trkpt>
   <trkpt lat="48.2356540" lon="6.9505000">
    <ele>394.9</ele>
    <time>2024-04-26T13:23:41Z</time>
   </trkpt>
   <trkpt lat="48.2356120" lon="6.9504830">
    <ele>394.9</ele>
    <time>2024-04-26T13:23:42Z</time>
   </trkpt>
   <trkpt lat="48.2355710" lon="6.9504650">
    <ele>395.0</ele>
    <time>2024-04-26T13:23:43Z</time>
   </trkpt>
   <trkpt lat="48.2355300" lon="6.9504460">
    <ele>395.0</ele>
    <time>2024-04-26T13:23:44Z</time>
   </trkpt>
   <trkpt lat="48.2354890" lon="6.9504280">
    <ele>395.1</ele>
    <time>2024-04-26T13:23:45Z</time>
   </trkpt>
   <trkpt lat="48.2354470" lon="6.9504120">
    <ele>395.2</ele>
    <time>2024-04-26T13:23:46Z</time>
   </trkpt>
   <trkpt lat="48.2354050" lon="6.9503960">
    <ele>395.2</ele>
    <time>2024-04-26T13:23:47Z</time>
   </trkpt>
   <trkpt lat="48.2353630" lon="6.9503780">
    <ele>395.3</ele>
    <time>2024-04-26T13:23:48Z</time>
   </trkpt>
   <trkpt lat="48.2353220" lon="6.9503590">
    <ele>395.3</ele>
    <time>2024-04-26T13:23:49Z</time>
   </trkpt>
   <trkpt lat="48.2352820" lon="6.9503410">
    <ele>395.4</ele>
    <time>2024-04-26T13:23:50Z</time>
   </trkpt>
   <trkpt lat="48.2352410" lon="6.9503250">
    <ele>395.5</ele>
    <time>2024-04-26T13:23:51Z</time>
   </trkpt>
   <trkpt lat="48.2352010" lon="6.9503060">
    <ele>395.5</ele>
    <time>2024-04-26T13:23:52Z</time>
   </trkpt>
   <trkpt lat="48.2351630" lon="6.9502800">
    <ele>395.6</ele>
    <time>2024-04-26T13:23:53Z</time>
   </trkpt>
   <trkpt lat="48.2351260" lon="6.9502480">
    <ele>395.7</ele>
    <time>2024-04-26T13:23:54Z</time>
   </trkpt>
   <trkpt lat="48.2350910" lon="6.9502140">
    <ele>395.7</ele>
    <time>2024-04-26T13:23:55Z</time>
   </trkpt>
   <trkpt lat="48.2350550" lon="6.9501780">
    <ele>395.8</ele>
    <time>2024-04-26T13:23:56Z</time>
   </trkpt>
   <trkpt lat="48.2350210" lon="6.9501410">
    <ele>395.9</ele>
    <time>2024-04-26T13:23:57Z</time>
   </trkpt>
   <trkpt lat="48.2349890" lon="6.9501030">
    <ele>395.9</ele>
    <time>2024-04-26T13:23:58Z</time>
   </trkpt>
   <trkpt lat="48.2349560" lon="6.9500640">
    <ele>396.0</ele>
    <time>2024-04-26T13:23:59Z</time>
   </trkpt>
   <trkpt lat="48.2349240" lon="6.9500250">
    <ele>396.1</ele>
    <time>2024-04-26T13:24:00Z</time>
   </trkpt>
   <trkpt lat="48.2348910" lon="6.9499870">
    <ele>396.1</ele>
    <time>2024-04-26T13:24:01Z</time>
   </trkpt>
   <trkpt lat="48.2348560" lon="6.9499510">
    <ele>396.2</ele>
    <time>2024-04-26T13:24:02Z</time>
   </trkpt>
   <trkpt lat="48.2348180" lon="6.9499170">
    <ele>396.3</ele>
    <time>2024-04-26T13:24:03Z</time>
   </trkpt>
   <trkpt lat="48.2347800" lon="6.9498860">
    <ele>396.4</ele>
    <time>2024-04-26T13:24:04Z</time>
   </trkpt>
   <trkpt lat="48.2347400" lon="6.9498590">
    <ele>396.5</ele>
    <time>2024-04-26T13:24:05Z</time>
   </trkpt>
   <trkpt lat="48.2346990" lon="6.9498360">
    <ele>396.5</ele>
    <time>2024-04-26T13:24:06Z</time>
   </trkpt>
   <trkpt lat="48.2346570" lon="6.9498160">
    <ele>396.6</ele>
    <time>2024-04-26T13:24:07Z</time>
   </trkpt>
   <trkpt lat="48.2346150" lon="6.9497960">
    <ele>396.7</ele>
    <time>2024-04-26T13:24:08Z</time>
   </trkpt>
   <trkpt lat="48.2345740" lon="6.9497760">
    <ele>396.8</ele>
    <time>2024-04-26T13:24:09Z</time>
   </trkpt>
   <trkpt lat="48.2345330" lon="6.9497550">
    <ele>396.9</ele>
    <time>2024-04-26T13:24:10Z</time>
   </trkpt>
   <trkpt lat="48.2344920" lon="6.9497330">
    <ele>397.0</ele>
    <time>2024-04-26T13:24:11Z</time>
   </trkpt>
   <trkpt lat="48.2344520" lon="6.9497130">
    <ele>397.0</ele>
    <time>2024-04-26T13:24:12Z</time>
   </trkpt>
   <trkpt lat="48.2344120" lon="6.9496940">
    <ele>397.1</ele>
    <time>2024-04-26T13:24:13Z</time>
   </trkpt>
   <trkpt lat="48.2343720" lon="6.9496740">
    <ele>397.2</ele>
    <time>2024-04-26T13:24:14Z</time>
   </trkpt>
   <trkpt lat="48.2343330" lon="6.9496540">
    <ele>397.3</ele>
    <time>2024-04-26T13:24:15Z</time>
   </trkpt>
   <trkpt lat="48.2342940" lon="6.9496330">
    <ele>397.4</ele>
    <time>2024-04-26T13:24:16Z</time>
   </trkpt>
   <trkpt lat="48.2342560" lon="6.9496110">
    <ele>397.4</ele>
    <time>2024-04-26T13:24:17Z</time>
   </trkpt>
   <trkpt lat="48.2342190" lon="6.9495810">
    <ele>397.4</ele>
    <time>2024-04-26T13:24:18Z</time>
   </trkpt>
   <trkpt lat="48.2341920" lon="6.9495260">
    <ele>397.5</ele>
    <time>2024-04-26T13:24:19Z</time>
   </trkpt>
   <trkpt lat="48.2341690" lon="6.9494700">
    <ele>397.5</ele>
    <time>2024-04-26T13:24:20Z</time>
   </trkpt>
   <trkpt lat="48.2341470" lon="6.9494140">
    <ele>397.6</ele>
    <time>2024-04-26T13:24:21Z</time>
   </trkpt>
   <trkpt lat="48.2341270" lon="6.9493560">
    <ele>397.6</ele>
    <time>2024-04-26T13:24:22Z</time>
   </trkpt>
   <trkpt lat="48.2341050" lon="6.9493020">
    <ele>397.7</ele>
    <time>2024-04-26T13:24:23Z</time>
   </trkpt>
   <trkpt lat="48.2340810" lon="6.9492540">
    <ele>397.7</ele>
    <time>2024-04-26T13:24:24Z</time>
   </trkpt>
   <trkpt lat="48.2340510" lon="6.9492190">
    <ele>397.8</ele>
    <time>2024-04-26T13:24:25Z</time>
   </trkpt>
   <trkpt lat="48.2340210" lon="6.9491890">
    <ele>397.8</ele>
    <time>2024-04-26T13:24:26Z</time>
   </trkpt>
   <trkpt lat="48.2339910" lon="6.9491630">
    <ele>397.9</ele>
    <time>2024-04-26T13:24:27Z</time>
   </trkpt>
   <trkpt lat="48.2339610" lon="6.9491400">
    <ele>397.9</ele>
    <time>2024-04-26T13:24:28Z</time>
   </trkpt>
   <trkpt lat="48.2339310" lon="6.9491170">
    <ele>398.0</ele>
    <time>2024-04-26T13:24:29Z</time>
   </trkpt>
   <trkpt lat="48.2339010" lon="6.9490930">
    <ele>398.1</ele>
    <time>2024-04-26T13:24:30Z</time>
   </trkpt>
   <trkpt lat="48.2338710" lon="6.9490680">
    <ele>398.2</ele>
    <time>2024-04-26T13:24:31Z</time>
   </trkpt>
   <trkpt lat="48.2338410" lon="6.9490420">
    <ele>398.3</ele>
    <time>2024-04-26T13:24:32Z</time>
   </trkpt>
   <trkpt lat="48.2338100" lon="6.9490180">
    <ele>398.4</ele>
    <time>2024-04-26T13:24:33Z</time>
   </trkpt>
   <trkpt lat="48.2337790" lon="6.9489980">
    <ele>398.5</ele>
    <time>2024-04-26T13:24:34Z</time>
   </trkpt>
   <trkpt lat="48.2337470" lon="6.9489810">
    <ele>398.7</ele>
    <time>2024-04-26T13:24:35Z</time>
   </trkpt>
   <trkpt lat="48.2337160" lon="6.9489650">
    <ele>398.8</ele>
    <time>2024-04-26T13:24:36Z</time>
   </trkpt>
   <trkpt lat="48.2336840" lon="6.9489490">
    <ele>399.0</ele>
    <time>2024-04-26T13:24:37Z</time>
   </trkpt>
   <trkpt lat="48.2336530" lon="6.9489330">
    <ele>399.2</ele>
    <time>2024-04-26T13:24:38Z</time>
   </trkpt>
   <trkpt lat="48.2336230" lon="6.9489190">
    <ele>399.4</ele>
    <time>2024-04-26T13:24:39Z</time>
   </trkpt>
   <trkpt lat="48.2335900" lon="6.9489080">
    <ele>399.6</ele>
    <time>2024-04-26T13:24:40Z</time>
   </trkpt>
   <trkpt lat="48.2335580" lon="6.9488970">
    <ele>399.9</ele>
    <time>2024-04-26T13:24:41Z</time>
   </trkpt>
   <trkpt lat="48.2335270" lon="6.9488850">
    <ele>400.1</ele>
    <time>2024-04-26T13:24:42Z</time>
   </trkpt>
   <trkpt lat="48.2334970" lon="6.9488700">
    <ele>400.4</ele>
    <time>2024-04-26T13:24:43Z</time>
   </trkpt>
   <trkpt lat="48.2334680" lon="6.9488530">
    <ele>400.6</ele>
    <time>2024-04-26T13:24:44Z</time>
   </trkpt>
   <trkpt lat="48.2334400" lon="6.9488370">
    <ele>400.9</ele>
    <time>2024-04-26T13:24:45Z</time>
   </trkpt>
   <trkpt lat="48.2334050" lon="6.9488160">
    <ele>401.2</ele>
    <time>2024-04-26T13:24:46Z</time>
   </trkpt>
   <trkpt lat="48.2333940" lon="6.9488100">
    <ele>401.3</ele>
    <time>2024-04-26T13:24:47Z</time>
   </trkpt>
   <trkpt lat="48.2333600" lon="6.9487910">
    <ele>401.6</ele>
    <time>2024-04-26T13:24:48Z</time>
   </trkpt>
   <trkpt lat="48.2333490" lon="6.9487840">
    <ele>401.7</ele>
    <time>2024-04-26T13:24:49Z</time>
   </trkpt>
   <trkpt lat="48.2333170" lon="6.9487620">
    <ele>402.0</ele>
    <time>2024-04-26T13:24:50Z</time>
   </trkpt>
   <trkpt lat="48.2333060" lon="6.9487550">
    <ele>402.1</ele>
    <time>2024-04-26T13:24:51Z</time>
   </trkpt>
   <trkpt lat="48.2332730" lon="6.9487360">
    <ele>402.4</ele>
    <time>2024-04-26T13:24:52Z</time>
   </trkpt>
   <trkpt lat="48.2332620" lon="6.9487310">
    <ele>402.5</ele>
    <time>2024-04-26T13:24:53Z</time>
   </trkpt>
   <trkpt lat="48.2332290" lon="6.9487140">
    <ele>402.7</ele>
    <time>2024-04-26T13:24:54Z</time>
   </trkpt>
   <trkpt lat="48.2332180" lon="6.9487080">
    <ele>402.8</ele>
    <time>2024-04-26T13:24:55Z</time>
   </trkpt>
   <trkpt lat="48.2331850" lon="6.9486890">
    <ele>403.1</ele>
    <time>2024-04-26T13:24:56Z</time>
   </trkpt>
   <trkpt lat="48.2331750" lon="6.9486820">
    <ele>403.2</ele>
    <time>2024-04-26T13:24:57Z</time>
   </trkpt>
   <trkpt lat="48.2331440" lon="6.9486660">
    <ele>403.4</ele>
    <time>2024-04-26T13:24:58Z</time>
   </trkpt>
   <trkpt lat="48.2331340" lon="6.9486600">
    <ele>403.5</ele>
    <time>2024-04-26T13:24:59Z</time>
   </trkpt>
   <trkpt lat="48.2331050" lon="6.9486420">
    <ele>403.7</ele>
    <time>2024-04-26T13:25:00Z</time>
   </trkpt>
   <trkpt lat="48.2330950" lon="6.9486350">
    <ele>403.8</ele>
    <time>2024-04-26T13:25:01Z</time>
   </trkpt>
   <trkpt lat="48.2330630" lon="6.9486140">
    <ele>404.0</ele>
    <time>2024-04-26T13:25:02Z</time>
   </trkpt>
   <trkpt lat="48.2330520" lon="6.9486070">
    <ele>404.0</ele>
    <time>2024-04-26T13:25:03Z</time>
   </trkpt>
   <trkpt lat="48.2330150" lon="6.9485870">
    <ele>404.2</ele>
    <time>2024-04-26T13:25:04Z</time>
   </trkpt>
   <trkpt lat="48.2330020" lon="6.9485800">
    <ele>404.2</ele>
    <time>2024-04-26T13:25:05Z</time>
   </trkpt>
   <trkpt lat="48.2329750" lon="6.9485660">
    <ele>404.3</ele>
    <time>2024-04-26T13:25:06Z</time>
   </trkpt>
   <trkpt lat="48.2329440" lon="6.9485510">
    <ele>404.4</ele>
    <time>2024-04-26T13:25:07Z</time>
   </trkpt>
   <trkpt lat="48.2329100" lon="6.9485370">
    <ele>404.5</ele>
    <time>2024-04-26T13:25:08Z</time>
   </trkpt>
   <trkpt lat="48.2328750" lon="6.9485220">
    <ele>404.5</ele>
    <time>2024-04-26T13:25:09Z</time>
   </trkpt>
   <trkpt lat="48.2328380" lon="6.9485060">
    <ele>404.6</ele>
    <time>2024-04-26T13:25:10Z</time>
   </trkpt>
   <trkpt lat="48.2328000" lon="6.9484890">
    <ele>404.7</ele>
    <time>2024-04-26T13:25:11Z</time>
   </trkpt>
   <trkpt lat="48.2327610" lon="6.9484750">
    <ele>404.7</ele>
    <time>2024-04-26T13:25:12Z</time>
   </trkpt>
   <trkpt lat="48.2327210" lon="6.9484620">
    <ele>404.8</ele>
    <time>2024-04-26T13:25:13Z</time>
   </trkpt>
   <trkpt lat="48.2326820" lon="6.9484490">
    <ele>404.9</ele>
    <time>2024-04-26T13:25:14Z</time>
   </trkpt>
   <trkpt lat="48.2326450" lon="6.9484360">
    <ele>405.1</ele>
    <time>2024-04-26T13:25:15Z</time>
   </trkpt>
   <trkpt lat="48.2326120" lon="6.9484240">
    <ele>405.2</ele>
    <time>2024-04-26T13:25:16Z</time>
   </trkpt>
   <trkpt lat="48.2325810" lon="6.9484140">
    <ele>405.4</ele>
    <time>2024-04-26T13:25:17Z</time>
   </trkpt>
   <trkpt lat="48.2325500" lon="6.9484040">
    <ele>405.6</ele>
    <time>2024-04-26T13:25:18Z</time>
   </trkpt>
   <trkpt lat="48.2325210" lon="6.9483960">
    <ele>405.8</ele>
    <time>2024-04-26T13:25:19Z</time>
   </trkpt>
   <trkpt lat="48.2324940" lon="6.9483890">
    <ele>406.0</ele>
    <time>2024-04-26T13:25:20Z</time>
   </trkpt>
   <trkpt lat="48.2324570" lon="6.9483770">
    <ele>406.3</ele>
    <time>2024-04-26T13:25:21Z</time>
   </trkpt>
   <trkpt lat="48.2324450" lon="6.9483720">
    <ele>406.4</ele>
    <time>2024-04-26T13:25:22Z</time>
   </trkpt>
   <trkpt lat="48.2324130" lon="6.9483570">
    <ele>406.6</ele>
    <time>2024-04-26T13:25:23Z</time>
   </trkpt>
   <trkpt lat="48.2324020" lon="6.9483520">
    <ele>406.7</ele>
    <time>2024-04-26T13:25:24Z</time>
   </trkpt>
   <trkpt lat="48.2323700" lon="6.9483370">
    <ele>406.9</ele>
    <time>2024-04-26T13:25:25Z</time>
   </trkpt>
   <trkpt lat="48.2323590" lon="6.9483320">
    <ele>407.0</ele>
    <time>2024-04-26T13:25:26Z</time>
   </trkpt>
   <trkpt lat="48.2323260" lon="6.9483160">
    <ele>407.1</ele>
    <time>2024-04-26T13:25:27Z</time>
   </trkpt>
   <trkpt lat="48.2323150" lon="6.9483110">
    <ele>407.2</ele>
    <time>2024-04-26T13:25:28Z</time>
   </trkpt>
   <trkpt lat="48.2322770" lon="6.9482950">
    <ele>407.3</ele>
    <time>2024-04-26T13:25:29Z</time>
   </trkpt>
   <trkpt lat="48.2322640" lon="6.9482880">
    <ele>407.4</ele>
    <time>2024-04-26T13:25:30Z</time>
   </trkpt>
   <trkpt lat="48.2322340" lon="6.9482730">
    <ele>407.5</ele>
    <time>2024-04-26T13:25:31Z</time>
   </trkpt>
   <trkpt lat="48.2322040" lon="6.9482580">
    <ele>407.5</ele>
    <time>2024-04-26T13:25:32Z</time>
   </trkpt>
   <trkpt lat="48.2321710" lon="6.9482420">
    <ele>407.5</ele>
    <time>2024-04-26T13:25:33Z</time>
   </trkpt>
   <trkpt lat="48.2321370" lon="6.9482240">
    <ele>407.5</ele>
    <time>2024-04-26T13:25:34Z</time>
   </trkpt>
   <trkpt lat="48.2321020" lon="6.9482020">
    <ele>407.5</ele>
    <time>2024-04-26T13:25:35Z</time>
   </trkpt>
   <trkpt lat="48.2320620" lon="6.9481760">
    <ele>407.5</ele>
    <time>2024-04-26T13:25:36Z</time>
   </trkpt>
   <trkpt lat="48.2320210" lon="6.9481500">
    <ele>407.4</ele>
    <time>2024-04-26T13:25:37Z</time>
   </trkpt>
   <trkpt lat="48.2319810" lon="6.9481250">
    <ele>407.4</ele>
    <time>2024-04-26T13:25:38Z</time>
   </trkpt>
   <trkpt lat="48.2319400" lon="6.9480990">
    <ele>407.4</ele>
    <time>2024-04-26T13:25:39Z</time>
   </trkpt>
   <trkpt lat="48.2319000" lon="6.9480730">
    <ele>407.3</ele>
    <time>2024-04-26T13:25:40Z</time>
   </trkpt>
   <trkpt lat="48.2318580" lon="6.9480490">
    <ele>407.3</ele>
    <time>2024-04-26T13:25:41Z</time>
   </trkpt>
   <trkpt lat="48.2318160" lon="6.9480260">
    <ele>407.3</ele>
    <time>2024-04-26T13:25:42Z</time>
   </trkpt>
   <trkpt lat="48.2317730" lon="6.9480100">
    <ele>407.3</ele>
    <time>2024-04-26T13:25:43Z</time>
   </trkpt>
   <trkpt lat="48.2317280" lon="6.9479920">
    <ele>407.3</ele>
    <time>2024-04-26T13:25:44Z</time>
   </trkpt>
   <trkpt lat="48.2316830" lon="6.9479800">
    <ele>407.3</ele>
    <time>2024-04-26T13:25:45Z</time>
   </trkpt>
   <trkpt lat="48.2316370" lon="6.9479680">
    <ele>407.3</ele>
    <time>2024-04-26T13:25:46Z</time>
   </trkpt>
   <trkpt lat="48.2315900" lon="6.9479560">
    <ele>407.2</ele>
    <time>2024-04-26T13:25:47Z</time>
   </trkpt>
   <trkpt lat="48.2315420" lon="6.9479490">
    <ele>407.2</ele>
    <time>2024-04-26T13:25:48Z</time>
   </trkpt>
   <trkpt lat="48.2314960" lon="6.9479380">
    <ele>407.2</ele>
    <time>2024-04-26T13:25:49Z</time>
   </trkpt>
   <trkpt lat="48.2314500" lon="6.9479240">
    <ele>407.1</ele>
    <time>2024-04-26T13:25:50Z</time>
   </trkpt>
   <trkpt lat="48.2314060" lon="6.9479140">
    <ele>407.0</ele>
    <time>2024-04-26T13:25:51Z</time>
   </trkpt>
   <trkpt lat="48.2313620" lon="6.9479030">
    <ele>406.9</ele>
    <time>2024-04-26T13:25:52Z</time>
   </trkpt>
   <trkpt lat="48.2313200" lon="6.9478820">
    <ele>406.8</ele>
    <time>2024-04-26T13:25:53Z</time>
   </trkpt>
   <trkpt lat="48.2312770" lon="6.9478610">
    <ele>406.7</ele>
    <time>2024-04-26T13:25:54Z</time>
   </trkpt>
   <trkpt lat="48.2312320" lon="6.9478470">
    <ele>406.5</ele>
    <time>2024-04-26T13:25:55Z</time>
   </trkpt>
   <trkpt lat="48.2311860" lon="6.9478350">
    <ele>406.4</ele>
    <time>2024-04-26T13:25:56Z</time>
   </trkpt>
   <trkpt lat="48.2311410" lon="6.9478150">
    <ele>406.1</ele>
    <time>2024-04-26T13:25:57Z</time>
   </trkpt>
   <trkpt lat="48.2310910" lon="6.9477990">
    <ele>405.8</ele>
    <time>2024-04-26T13:25:58Z</time>
   </trkpt>
   <trkpt lat="48.2310380" lon="6.9477680">
    <ele>405.5</ele>
    <time>2024-04-26T13:25:59Z</time>
   </trkpt>
   <trkpt lat="48.2309830" lon="6.9477260">
    <ele>405.0</ele>
    <time>2024-04-26T13:26:00Z</time>
   </trkpt>
   <trkpt lat="48.2309250" lon="6.9476820">
    <ele>404.6</ele>
    <time>2024-04-26T13:26:01Z</time>
   </trkpt>
   <trkpt lat="48.2308660" lon="6.9476360">
    <ele>404.1</ele>
    <time>2024-04-26T13:26:02Z</time>
   </trkpt>
   <trkpt lat="48.2308090" lon="6.9475860">
    <ele>403.7</ele>
    <time>2024-04-26T13:26:03Z</time>
   </trkpt>
   <trkpt lat="48.2307530" lon="6.9475210">
    <ele>403.3</ele>
    <time>2024-04-26T13:26:04Z</time>
   </trkpt>
   <trkpt lat="48.2306970" lon="6.9474590">
    <ele>402.9</ele>
    <time>2024-04-26T13:26:05Z</time>
   </trkpt>
   <trkpt lat="48.2306390" lon="6.9473950">
    <ele>402.6</ele>
    <time>2024-04-26T13:26:06Z</time>
   </trkpt>
   <trkpt lat="48.2305820" lon="6.9473320">
    <ele>402.3</ele>
    <time>2024-04-26T13:26:07Z</time>
   </trkpt>
   <trkpt lat="48.2305260" lon="6.9472700">
    <ele>402.0</ele>
    <time>2024-04-26T13:26:08Z</time>
   </trkpt>
   <trkpt lat="48.2304720" lon="6.9472080">
    <ele>401.7</ele>
    <time>2024-04-26T13:26:09Z</time>
   </trkpt>
   <trkpt lat="48.2304180" lon="6.9471560">
    <ele>401.5</ele>
    <time>2024-04-26T13:26:10Z</time>
   </trkpt>
   <trkpt lat="48.2303680" lon="6.9471170">
    <ele>401.4</ele>
    <time>2024-04-26T13:26:11Z</time>
   </trkpt>
   <trkpt lat="48.2303170" lon="6.9470800">
    <ele>401.2</ele>
    <time>2024-04-26T13:26:12Z</time>
   </trkpt>
   <trkpt lat="48.2302700" lon="6.9470340">
    <ele>401.0</ele>
    <time>2024-04-26T13:26:13Z</time>
   </trkpt>
   <trkpt lat="48.2302330" lon="6.9469660">
    <ele>400.8</ele>
    <time>2024-04-26T13:26:14Z</time>
   </trkpt>
   <trkpt lat="48.2302090" lon="6.9468880">
    <ele>400.8</ele>
    <time>2024-04-26T13:26:15Z</time>
   </trkpt>
   <trkpt lat="48.2301700" lon="6.9468310">
    <ele>400.9</ele>
    <time>2024-04-26T13:26:16Z</time>
   </trkpt>
   <trkpt lat="48.2301160" lon="6.9467970">
    <ele>400.9</ele>
    <time>2024-04-26T13:26:17Z</time>
   </trkpt>
   <trkpt lat="48.2300630" lon="6.9467610">
    <ele>401.0</ele>
    <time>2024-04-26T13:26:18Z</time>
   </trkpt>
   <trkpt lat="48.2300100" lon="6.9467260">
    <ele>401.1</ele>
    <time>2024-04-26T13:26:19Z</time>
   </trkpt>
   <trkpt lat="48.2299560" lon="6.9467040">
    <ele>401.1</ele>
    <time>2024-04-26T13:26:20Z</time>
   </trkpt>
   <trkpt lat="48.2299030" lon="6.9466860">
    <ele>401.3</ele>
    <time>2024-04-26T13:26:21Z</time>
   </trkpt>
   <trkpt lat="48.2298520" lon="6.9466690">
    <ele>401.4</ele>
    <time>2024-04-26T13:26:22Z</time>
   </trkpt>
   <trkpt lat="48.2298020" lon="6.9466490">
    <ele>401.6</ele>
    <time>2024-04-26T13:26:23Z</time>
   </trkpt>
   <trkpt lat="48.2297550" lon="6.9466360">
    <ele>401.7</ele>
    <time>2024-04-26T13:26:24Z</time>
   </trkpt>
   <trkpt lat="48.2297080" lon="6.9466230">
    <ele>401.9</ele>
    <time>2024-04-26T13:26:25Z</time>
   </trkpt>
   <trkpt lat="48.2296660" lon="6.9466090">
    <ele>402.1</ele>
    <time>2024-04-26T13:26:26Z</time>
   </trkpt>
   <trkpt lat="48.2296300" lon="6.9465920">
    <ele>402.3</ele>
    <time>2024-04-26T13:26:27Z</time>
   </trkpt>
   <trkpt lat="48.2295930" lon="6.9465850">
    <ele>402.6</ele>
    <time>2024-04-26T13:26:28Z</time>
   </trkpt>
   <trkpt lat="48.2295600" lon="6.9465850">
    <ele>402.8</ele>
    <time>2024-04-26T13:26:29Z</time>
   </trkpt>
   <trkpt lat="48.2295270" lon="6.9465790">
    <ele>403.1</ele>
    <time>2024-04-26T13:26:30Z</time>
   </trkpt>
   <trkpt lat="48.2294960" lon="6.9465700">
    <ele>403.3</ele>
    <time>2024-04-26T13:26:31Z</time>
   </trkpt>
   <trkpt lat="48.2294690" lon="6.9465600">
    <ele>403.5</ele>
    <time>2024-04-26T13:26:32Z</time>
   </trkpt>
   <trkpt lat="48.2294350" lon="6.9465500">
    <ele>403.8</ele>
    <time>2024-04-26T13:26:33Z</time>
   </trkpt>
   <trkpt lat="48.2294240" lon="6.9465460">
    <ele>403.9</ele>
    <time>2024-04-26T13:26:34Z</time>
   </trkpt>
   <trkpt lat="48.2293900" lon="6.9465390">
    <ele>404.3</ele>
    <time>2024-04-26T13:26:35Z</time>
   </trkpt>
   <trkpt lat="48.2293790" lon="6.9465370">
    <ele>404.4</ele>
    <time>2024-04-26T13:26:36Z</time>
   </trkpt>
   <trkpt lat="48.2293480" lon="6.9465340">
    <ele>404.6</ele>
    <time>2024-04-26T13:26:37Z</time>
   </trkpt>
   <trkpt lat="48.2293380" lon="6.9465330">
    <ele>404.7</ele>
    <time>2024-04-26T13:26:38Z</time>
   </trkpt>
   <trkpt lat="48.2293090" lon="6.9465230">
    <ele>405.0</ele>
    <time>2024-04-26T13:26:39Z</time>
   </trkpt>
   <trkpt lat="48.2293000" lon="6.9465190">
    <ele>405.1</ele>
    <time>2024-04-26T13:26:40Z</time>
   </trkpt>
   <trkpt lat="48.2292720" lon="6.9465100">
    <ele>405.4</ele>
    <time>2024-04-26T13:26:41Z</time>
   </trkpt>
   <trkpt lat="48.2292630" lon="6.9465070">
    <ele>405.5</ele>
    <time>2024-04-26T13:26:42Z</time>
   </trkpt>
   <trkpt lat="48.2292360" lon="6.9465020">
    <ele>405.7</ele>
    <time>2024-04-26T13:26:43Z</time>
   </trkpt>
   <trkpt lat="48.2292260" lon="6.9465020">
    <ele>405.8</ele>
    <time>2024-04-26T13:26:44Z</time>
   </trkpt>
   <trkpt lat="48.2291970" lon="6.9464970">
    <ele>406.1</ele>
    <time>2024-04-26T13:26:45Z</time>
   </trkpt>
   <trkpt lat="48.2291870" lon="6.9464950">
    <ele>406.2</ele>
    <time>2024-04-26T13:26:46Z</time>
   </trkpt>
   <trkpt lat="48.2291540" lon="6.9464920">
    <ele>406.5</ele>
    <time>2024-04-26T13:26:47Z</time>
   </trkpt>
   <trkpt lat="48.2291430" lon="6.9464910">
    <ele>406.6</ele>
    <time>2024-04-26T13:26:48Z</time>
   </trkpt>
   <trkpt lat="48.2291120" lon="6.9464870">
    <ele>406.8</ele>
    <time>2024-04-26T13:26:49Z</time>
   </trkpt>
   <trkpt lat="48.2291020" lon="6.9464860">
    <ele>406.9</ele>
    <time>2024-04-26T13:26:50Z</time>
   </trkpt>
   <trkpt lat="48.2290740" lon="6.9464780">
    <ele>407.2</ele>
    <time>2024-04-26T13:26:51Z</time>
   </trkpt>
   <trkpt lat="48.2290650" lon="6.9464740">
    <ele>407.3</ele>
    <time>2024-04-26T13:26:52Z</time>
   </trkpt>
   <trkpt lat="48.2290340" lon="6.9464590">
    <ele>407.5</ele>
    <time>2024-04-26T13:26:53Z</time>
   </trkpt>
   <trkpt lat="48.2290240" lon="6.9464550">
    <ele>407.6</ele>
    <time>2024-04-26T13:26:54Z</time>
   </trkpt>
   <trkpt lat="48.2289920" lon="6.9464480">
    <ele>407.9</ele>
    <time>2024-04-26T13:26:55Z</time>
   </trkpt>
   <trkpt lat="48.2289820" lon="6.9464460">
    <ele>408.0</ele>
    <time>2024-04-26T13:26:56Z</time>
   </trkpt>
   <trkpt lat="48.2289500" lon="6.9464420">
    <ele>408.3</ele>
    <time>2024-04-26T13:26:57Z</time>
   </trkpt>
   <trkpt lat="48.2289400" lon="6.9464410">
    <ele>408.4</ele>
    <time>2024-04-26T13:26:58Z</time>
   </trkpt>
   <trkpt lat="48.2289120" lon="6.9464390">
    <ele>408.6</ele>
    <time>2024-04-26T13:26:59Z</time>
   </trkpt>
   <trkpt lat="48.2289040" lon="6.9464380">
    <ele>408.7</ele>
    <time>2024-04-26T13:27:00Z</time>
   </trkpt>
   <trkpt lat="48.2288880" lon="6.9464330">
    <ele>408.8</ele>
    <time>2024-04-26T13:27:01Z</time>
   </trkpt>
   <trkpt lat="48.2288750" lon="6.9464280">
    <ele>409.0</ele>
    <time>2024-04-26T13:27:02Z</time>
   </trkpt>
   <trkpt lat="48.2288550" lon="6.9464180">
    <ele>409.1</ele>
    <time>2024-04-26T13:27:03Z</time>
   </trkpt>
   <trkpt lat="48.2288480" lon="6.9464140">
    <ele>409.2</ele>
    <time>2024-04-26T13:27:04Z</time>
   </trkpt>
   <trkpt lat="48.2288410" lon="6.9464090">
    <ele>409.3</ele>
    <time>2024-04-26T13:27:05Z</time>
   </trkpt>
   <trkpt lat="48.2288170" lon="6.9463860">
    <ele>409.5</ele>
    <time>2024-04-26T13:27:06Z</time>
   </trkpt>
   <trkpt lat="48.2288080" lon="6.9463790">
    <ele>409.6</ele>
    <time>2024-04-26T13:27:07Z</time>
   </trkpt>
   <trkpt lat="48.2287840" lon="6.9463600">
    <ele>409.9</ele>
    <time>2024-04-26T13:27:08Z</time>
   </trkpt>
   <trkpt lat="48.2287750" lon="6.9463540">
    <ele>410.0</ele>
    <time>2024-04-26T13:27:09Z</time>
   </trkpt>
   <trkpt lat="48.2287450" lon="6.9463380">
    <ele>410.3</ele>
    <time>2024-04-26T13:27:10Z</time>
   </trkpt>
   <trkpt lat="48.2287350" lon="6.9463330">
    <ele>410.4</ele>
    <time>2024-04-26T13:27:11Z</time>
   </trkpt>
   <trkpt lat="48.2287070" lon="6.9463250">
    <ele>410.7</ele>
    <time>2024-04-26T13:27:12Z</time>
   </trkpt>
   <trkpt lat="48.2286980" lon="6.9463230">
    <ele>410.7</ele>
    <time>2024-04-26T13:27:13Z</time>
   </trkpt>
   <trkpt lat="48.2286700" lon="6.9463150">
    <ele>411.0</ele>
    <time>2024-04-26T13:27:14Z</time>
   </trkpt>
   <trkpt lat="48.2286600" lon="6.9463150">
    <ele>411.1</ele>
    <time>2024-04-26T13:27:15Z</time>
   </trkpt>
   <trkpt lat="48.2286300" lon="6.9463070">
    <ele>411.4</ele>
    <time>2024-04-26T13:27:16Z</time>
   </trkpt>
   <trkpt lat="48.2286210" lon="6.9463030">
    <ele>411.5</ele>
    <time>2024-04-26T13:27:17Z</time>
   </trkpt>
   <trkpt lat="48.2286030" lon="6.9463000">
    <ele>411.7</ele>
    <time>2024-04-26T13:27:18Z</time>
   </trkpt>
   <trkpt lat="48.2285860" lon="6.9462930">
    <ele>411.9</ele>
    <time>2024-04-26T13:27:19Z</time>
   </trkpt>
   <trkpt lat="48.2285580" lon="6.9462770">
    <ele>412.3</ele>
    <time>2024-04-26T13:27:20Z</time>
   </trkpt>
   <trkpt lat="48.2285470" lon="6.9462720">
    <ele>412.4</ele>
    <time>2024-04-26T13:27:21Z</time>
   </trkpt>
   <trkpt lat="48.2285160" lon="6.9462560">
    <ele>412.9</ele>
    <time>2024-04-26T13:27:22Z</time>
   </trkpt>
   <trkpt lat="48.2285080" lon="6.9462520">
    <ele>413.0</ele>
    <time>2024-04-26T13:27:23Z</time>
   </trkpt>
   <trkpt lat="48.2284970" lon="6.9462470">
    <ele>413.1</ele>
    <time>2024-04-26T13:27:24Z</time>
   </trkpt>
   <trkpt lat="48.2284820" lon="6.9462370">
    <ele>413.4</ele>
    <time>2024-04-26T13:27:25Z</time>
   </trkpt>
   <trkpt lat="48.2284670" lon="6.9462290">
    <ele>413.6</ele>
    <time>2024-04-26T13:27:26Z</time>
   </trkpt>
   <trkpt lat="48.2284530" lon="6.9462230">
    <ele>413.8</ele>
    <time>2024-04-26T13:27:27Z</time>
   </trkpt>
   <trkpt lat="48.2284380" lon="6.9462170">
    <ele>414.1</ele>
    <time>2024-04-26T13:27:28Z</time>
   </trkpt>
   <trkpt lat="48.2284260" lon="6.9462120">
    <ele>414.3</ele>
    <time>2024-04-26T13:27:29Z</time>
   </trkpt>
   <trkpt lat="48.2284180" lon="6.9462100">
    <ele>414.4</ele>
    <time>2024-04-26T13:27:30Z</time>
   </trkpt>
   <trkpt lat="48.2284170" lon="6.9462100">
    <ele>414.4</ele>
    <time>2024-04-26T13:27:31Z</time>
   </trkpt>
   <trkpt lat="48.2284180" lon="6.9462090">
    <ele>414.4</ele>
    <time>2024-04-26T13:27:32Z</time>
   </trkpt>
   <trkpt lat="48.2284170" lon="6.9462060">
    <ele>414.5</ele>
    <time>2024-04-26T13:27:33Z</time>
   </trkpt>
   <trkpt lat="48.2284090" lon="6.9462020">
    <ele>414.6</ele>
    <time>2024-04-26T13:27:34Z</time>
   </trkpt>
   <trkpt lat="48.2283990" lon="6.9461930">
    <ele>414.8</ele>
    <time>2024-04-26T13:27:35Z</time>
   </trkpt>
   <trkpt lat="48.2283890" lon="6.9461840">
    <ele>414.9</ele>
    <time>2024-04-26T13:27:36Z</time>
   </trkpt>
   <trkpt lat="48.2283790" lon="6.9461770">
    <ele>415.1</ele>
    <time>2024-04-26T13:27:37Z</time>
   </trkpt>
   <trkpt lat="48.2283680" lon="6.9461690">
    <ele>415.3</ele>
    <time>2024-04-26T13:27:38Z</time>
   </trkpt>
   <trkpt lat="48.2283590" lon="6.9461630">
    <ele>415.4</ele>
    <time>2024-04-26T13:27:39Z</time>
   </trkpt>
   <trkpt lat="48.2283520" lon="6.9461600">
    <ele>415.6</ele>
    <time>2024-04-26T13:27:40Z</time>
   </trkpt>
   <trkpt lat="48.2283440" lon="6.9461560">
    <ele>415.7</ele>
    <time>2024-04-26T13:27:41Z</time>
   </trkpt>
   <trkpt lat="48.2283350" lon="6.9461530">
    <ele>415.8</ele>
    <time>2024-04-26T13:27:42Z</time>
   </trkpt>
   <trkpt lat="48.2283260" lon="6.9461470">
    <ele>416.0</ele>
    <time>2024-04-26T13:27:43Z</time>
   </trkpt>
   <trkpt lat="48.2283170" lon="6.9461410">
    <ele>416.1</ele>
    <time>2024-04-26T13:27:44Z</time>
   </trkpt>
   <trkpt lat="48.2283070" lon="6.9461370">
    <ele>416.3</ele>
    <time>2024-04-26T13:27:45Z</time>
   </trkpt>
   <trkpt lat="48.2282960" lon="6.9461330">
    <ele>416.4</ele>
    <time>2024-04-26T13:27:46Z</time>
   </trkpt>
   <trkpt lat="48.2282850" lon="6.9461280">
    <ele>416.6</ele>
    <time>2024-04-26T13:27:47Z</time>
   </trkpt>
   <trkpt lat="48.2282770" lon="6.9461230">
    <ele>416.7</ele>
    <time>2024-04-26T13:27:48Z</time>
   </trkpt>
   <trkpt lat="48.2282700" lon="6.9461190">
    <ele>416.8</ele>
    <time>2024-04-26T13:27:49Z</time>
   </trkpt>
   <trkpt lat="48.2282610" lon="6.9461120">
    <ele>417.0</ele>
    <time>2024-04-26T13:27:50Z</time>
   </trkpt>
   <trkpt lat="48.2282510" lon="6.9461050">
    <ele>417.1</ele>
    <time>2024-04-26T13:27:51Z</time>
   </trkpt>
   <trkpt lat="48.2282410" lon="6.9461000">
    <ele>417.2</ele>
    <time>2024-04-26T13:27:52Z</time>
   </trkpt>
   <trkpt lat="48.2282290" lon="6.9460960">
    <ele>417.4</ele>
    <time>2024-04-26T13:27:53Z</time>
   </trkpt>
   <trkpt lat="48.2282180" lon="6.9460950">
    <ele>417.5</ele>
    <time>2024-04-26T13:27:54Z</time>
   </trkpt>
   <trkpt lat="48.2282080" lon="6.9460950">
    <ele>417.6</ele>
    <time>2024-04-26T13:27:55Z</time>
   </trkpt>
   <trkpt lat="48.2282000" lon="6.9460960">
    <ele>417.7</ele>
    <time>2024-04-26T13:27:56Z</time>
   </trkpt>
   <trkpt lat="48.2281920" lon="6.9460950">
    <ele>417.7</ele>
    <time>2024-04-26T13:27:57Z</time>
   </trkpt>
   <trkpt lat="48.2281830" lon="6.9460930">
    <ele>417.8</ele>
    <time>2024-04-26T13:27:58Z</time>
   </trkpt>
   <trkpt lat="48.2281710" lon="6.9460910">
    <ele>417.9</ele>
    <time>2024-04-26T13:27:59Z</time>
   </trkpt>
   <trkpt lat="48.2281670" lon="6.9460900">
    <ele>418.0</ele>
    <time>2024-04-26T13:28:00Z</time>
   </trkpt>
   <trkpt lat="48.2281620" lon="6.9460890">
    <ele>418.0</ele>
    <time>2024-04-26T13:28:01Z</time>
   </trkpt>
   <trkpt lat="48.2281580" lon="6.9460880">
    <ele>418.1</ele>
    <time>2024-04-26T13:28:02Z</time>
   </trkpt>
   <trkpt lat="48.2281540" lon="6.9460870">
    <ele>418.1</ele>
    <time>2024-04-26T13:28:03Z</time>
   </trkpt>
   <trkpt lat="48.2281500" lon="6.9460860">
    <ele>418.1</ele>
    <time>2024-04-26T13:28:04Z</time>
   </trkpt>
   <trkpt lat="48.2281460" lon="6.9460850">
    <ele>418.2</ele>
    <time>2024-04-26T13:28:05Z</time>
   </trkpt>
   <trkpt lat="48.2281420" lon="6.9460830">
    <ele>418.2</ele>
    <time>2024-04-26T13:28:06Z</time>
   </trkpt>
   <trkpt lat="48.2281380" lon="6.9460820">
    <ele>418.2</ele>
    <time>2024-04-26T13:28:07Z</time>
   </trkpt>
   <trkpt lat="48.2281340" lon="6.9460810">
    <ele>418.3</ele>
    <time>2024-04-26T13:28:08Z</time>
   </trkpt>
   <trkpt lat="48.2281290" lon="6.9460800">
    <ele>418.3</ele>
    <time>2024-04-26T13:28:09Z</time>
   </trkpt>
   <trkpt lat="48.2281250" lon="6.9460790">
    <ele>418.4</ele>
    <time>2024-04-26T13:28:10Z</time>
   </trkpt>
   <trkpt lat="48.2281210" lon="6.9460780">
    <ele>418.4</ele>
    <time>2024-04-26T13:28:20Z</time>
   </trkpt>
   <trkpt lat="48.2281170" lon="6.9460770">
    <ele>418.4</ele>
    <time>2024-04-26T13:28:21Z</time>
   </trkpt>
   <trkpt lat="48.2281130" lon="6.9460760">
    <ele>418.5</ele>
    <time>2024-04-26T13:28:22Z</time>
   </trkpt>
   <trkpt lat="48.2280810" lon="6.9460740">
    <ele>418.7</ele>
    <time>2024-04-26T13:28:23Z</time>
   </trkpt>
   <trkpt lat="48.2280700" lon="6.9460740">
    <ele>418.8</ele>
    <time>2024-04-26T13:28:24Z</time>
   </trkpt>
   <trkpt lat="48.2280380" lon="6.9460750">
    <ele>419.0</ele>
    <time>2024-04-26T13:28:25Z</time>
   </trkpt>
   <trkpt lat="48.2280280" lon="6.9460750">
    <ele>419.1</ele>
    <time>2024-04-26T13:28:26Z</time>
   </trkpt>
   <trkpt lat="48.2279940" lon="6.9460820">
    <ele>419.3</ele>
    <time>2024-04-26T13:28:27Z</time>
   </trkpt>
   <trkpt lat="48.2279830" lon="6.9460860">
    <ele>419.4</ele>
    <time>2024-04-26T13:28:28Z</time>
   </trkpt>
   <trkpt lat="48.2279650" lon="6.9460880">
    <ele>419.5</ele>
    <time>2024-04-26T13:28:29Z</time>
   </trkpt>
   <trkpt lat="48.2279480" lon="6.9460820">
    <ele>419.6</ele>
    <time>2024-04-26T13:28:30Z</time>
   </trkpt>
   <trkpt lat="48.2279330" lon="6.9460720">
    <ele>419.7</ele>
    <time>2024-04-26T13:28:31Z</time>
   </trkpt>
   <trkpt lat="48.2279170" lon="6.9460610">
    <ele>419.8</ele>
    <time>2024-04-26T13:28:32Z</time>
   </trkpt>
   <trkpt lat="48.2279010" lon="6.9460490">
    <ele>419.9</ele>
    <time>2024-04-26T13:28:33Z</time>
   </trkpt>
   <trkpt lat="48.2278850" lon="6.9460380">
    <ele>420.0</ele>
    <time>2024-04-26T13:28:34Z</time>
   </trkpt>
   <trkpt lat="48.2278580" lon="6.9460230">
    <ele>420.2</ele>
    <time>2024-04-26T13:28:35Z</time>
   </trkpt>
   <trkpt lat="48.2278480" lon="6.9460210">
    <ele>420.2</ele>
    <time>2024-04-26T13:28:36Z</time>
   </trkpt>
   <trkpt lat="48.2278170" lon="6.9460240">
    <ele>420.4</ele>
    <time>2024-04-26T13:28:37Z</time>
   </trkpt>
   <trkpt lat="48.2278070" lon="6.9460260">
    <ele>420.5</ele>
    <time>2024-04-26T13:28:38Z</time>
   </trkpt>
   <trkpt lat="48.2277790" lon="6.9460220">
    <ele>420.6</ele>
    <time>2024-04-26T13:28:39Z</time>
   </trkpt>
   <trkpt lat="48.2277700" lon="6.9460210">
    <ele>420.7</ele>
    <time>2024-04-26T13:28:40Z</time>
   </trkpt>
   <trkpt lat="48.2277540" lon="6.9460190">
    <ele>420.8</ele>
    <time>2024-04-26T13:28:41Z</time>
   </trkpt>
   <trkpt lat="48.2277360" lon="6.9460180">
    <ele>420.9</ele>
    <time>2024-04-26T13:28:42Z</time>
   </trkpt>
   <trkpt lat="48.2277060" lon="6.9460130">
    <ele>421.1</ele>
    <time>2024-04-26T13:28:43Z</time>
   </trkpt>
   <trkpt lat="48.2276950" lon="6.9460090">
    <ele>421.2</ele>
    <time>2024-04-26T13:28:44Z</time>
   </trkpt>
   <trkpt lat="48.2276690" lon="6.9459950">
    <ele>421.3</ele>
    <time>2024-04-26T13:28:45Z</time>
   </trkpt>
   <trkpt lat="48.2276610" lon="6.9459900">
    <ele>421.4</ele>
    <time>2024-04-26T13:28:46Z</time>
   </trkpt>
   <trkpt lat="48.2276300" lon="6.9459710">
    <ele>421.6</ele>
    <time>2024-04-26T13:28:47Z</time>
   </trkpt>
   <trkpt lat="48.2276200" lon="6.9459650">
    <ele>421.7</ele>
    <time>2024-04-26T13:28:48Z</time>
   </trkpt>
   <trkpt lat="48.2275930" lon="6.9459420">
    <ele>422.0</ele>
    <time>2024-04-26T13:28:49Z</time>
   </trkpt>
   <trkpt lat="48.2275850" lon="6.9459330">
    <ele>422.0</ele>
    <time>2024-04-26T13:28:50Z</time>
   </trkpt>
   <trkpt lat="48.2275600" lon="6.9459050">
    <ele>422.3</ele>
    <time>2024-04-26T13:28:51Z</time>
   </trkpt>
   <trkpt lat="48.2275530" lon="6.9458950">
    <ele>422.4</ele>
    <time>2024-04-26T13:28:52Z</time>
   </trkpt>
   <trkpt lat="48.2275320" lon="6.9458650">
    <ele>422.6</ele>
    <time>2024-04-26T13:28:53Z</time>
   </trkpt>
   <trkpt lat="48.2275240" lon="6.9458560">
    <ele>422.7</ele>
    <time>2024-04-26T13:28:54Z</time>
   </trkpt>
   <trkpt lat="48.2274970" lon="6.9458420">
    <ele>422.9</ele>
    <time>2024-04-26T13:28:55Z</time>
   </trkpt>
   <trkpt lat="48.2274880" lon="6.9458410">
    <ele>423.0</ele>
    <time>2024-04-26T13:28:56Z</time>
   </trkpt>
   <trkpt lat="48.2274720" lon="6.9458360">
    <ele>423.1</ele>
    <time>2024-04-26T13:28:57Z</time>
   </trkpt>
   <trkpt lat="48.2274610" lon="6.9458330">
    <ele>423.2</ele>
    <time>2024-04-26T13:28:58Z</time>
   </trkpt>
   <trkpt lat="48.2274490" lon="6.9458270">
    <ele>423.3</ele>
    <time>2024-04-26T13:28:59Z</time>
   </trkpt>
   <trkpt lat="48.2274340" lon="6.9458160">
    <ele>423.5</ele>
    <time>2024-04-26T13:29:00Z</time>
   </trkpt>
   <trkpt lat="48.2274200" lon="6.9458030">
    <ele>423.6</ele>
    <time>2024-04-26T13:29:01Z</time>
   </trkpt>
   <trkpt lat="48.2274060" lon="6.9457890">
    <ele>423.8</ele>
    <time>2024-04-26T13:29:02Z</time>
   </trkpt>
   <trkpt lat="48.2273790" lon="6.9457660">
    <ele>424.0</ele>
    <time>2024-04-26T13:29:03Z</time>
   </trkpt>
   <trkpt lat="48.2273700" lon="6.9457580">
    <ele>424.1</ele>
    <time>2024-04-26T13:29:04Z</time>
   </trkpt>
   <trkpt lat="48.2273470" lon="6.9457370">
    <ele>424.3</ele>
    <time>2024-04-26T13:29:05Z</time>
   </trkpt>
   <trkpt lat="48.2273390" lon="6.9457300">
    <ele>424.4</ele>
    <time>2024-04-26T13:29:06Z</time>
   </trkpt>
   <trkpt lat="48.2273240" lon="6.9457150">
    <ele>424.6</ele>
    <time>2024-04-26T13:29:07Z</time>
   </trkpt>
   <trkpt lat="48.2273100" lon="6.9457000">
    <ele>424.7</ele>
    <time>2024-04-26T13:29:08Z</time>
   </trkpt>
   <trkpt lat="48.2272970" lon="6.9456850">
    <ele>424.8</ele>
    <time>2024-04-26T13:29:09Z</time>
   </trkpt>
   <trkpt lat="48.2272830" lon="6.9456660">
    <ele>425.0</ele>
    <time>2024-04-26T13:29:10Z</time>
   </trkpt>
   <trkpt lat="48.2272610" lon="6.9456320">
    <ele>425.3</ele>
    <time>2024-04-26T13:29:11Z</time>
   </trkpt>
   <trkpt lat="48.2272540" lon="6.9456210">
    <ele>425.4</ele>
    <time>2024-04-26T13:29:12Z</time>
   </trkpt>
   <trkpt lat="48.2272310" lon="6.9455870">
    <ele>425.7</ele>
    <time>2024-04-26T13:29:13Z</time>
   </trkpt>
   <trkpt lat="48.2272230" lon="6.9455770">
    <ele>425.8</ele>
    <time>2024-04-26T13:29:14Z</time>
   </trkpt>
   <trkpt lat="48.2271990" lon="6.9455430">
    <ele>426.2</ele>
    <time>2024-04-26T13:29:15Z</time>
   </trkpt>
   <trkpt lat="48.2271910" lon="6.9455310">
    <ele>426.3</ele>
    <time>2024-04-26T13:29:16Z</time>
   </trkpt>
   <trkpt lat="48.2271690" lon="6.9455020">
    <ele>426.6</ele>
    <time>2024-04-26T13:29:17Z</time>
   </trkpt>
   <trkpt lat="48.2271620" lon="6.9454940">
    <ele>426.7</ele>
    <time>2024-04-26T13:29:18Z</time>
   </trkpt>
   <trkpt lat="48.2271490" lon="6.9454810">
    <ele>426.9</ele>
    <time>2024-04-26T13:29:19Z</time>
   </trkpt>
   <trkpt lat="48.2271360" lon="6.9454680">
    <ele>427.0</ele>
    <time>2024-04-26T13:29:20Z</time>
   </trkpt>
   <trkpt lat="48.2271220" lon="6.9454530">
    <ele>427.2</ele>
    <time>2024-04-26T13:29:21Z</time>
   </trkpt>
   <trkpt lat="48.2271070" lon="6.9454390">
    <ele>427.4</ele>
    <time>2024-04-26T13:29:22Z</time>
   </trkpt>
   <trkpt lat="48.2270940" lon="6.9454300">
    <ele>427.4</ele>
    <time>2024-04-26T13:29:23Z</time>
   </trkpt>
   <trkpt lat="48.2270790" lon="6.9454210">
    <ele>427.5</ele>
    <time>2024-04-26T13:29:24Z</time>
   </trkpt>
   <trkpt lat="48.2270650" lon="6.9454140">
    <ele>427.5</ele>
    <time>2024-04-26T13:29:25Z</time>
   </trkpt>
   <trkpt lat="48.2270520" lon="6.9454080">
    <ele>427.5</ele>
    <time>2024-04-26T13:29:26Z</time>
   </trkpt>
   <trkpt lat="48.2270330" lon="6.9453960">
    <ele>427.5</ele>
    <time>2024-04-26T13:29:27Z</time>
   </trkpt>
   <trkpt lat="48.2270260" lon="6.9453910">
    <ele>427.5</ele>
    <time>2024-04-26T13:29:28Z</time>
   </trkpt>
   <trkpt lat="48.2270180" lon="6.9453860">
    <ele>427.5</ele>
    <time>2024-04-26T13:29:29Z</time>
   </trkpt>
   <trkpt lat="48.2270060" lon="6.9453800">
    <ele>427.5</ele>
    <time>2024-04-26T13:29:30Z</time>
   </trkpt>
   <trkpt lat="48.2269890" lon="6.9453730">
    <ele>427.5</ele>
    <time>2024-04-26T13:29:31Z</time>
   </trkpt>
   <trkpt lat="48.2269600" lon="6.9453570">
    <ele>427.5</ele>
    <time>2024-04-26T13:29:32Z</time>
   </trkpt>
   <trkpt lat="48.2269500" lon="6.9453510">
    <ele>427.4</ele>
    <time>2024-04-26T13:29:33Z</time>
   </trkpt>
   <trkpt lat="48.2269220" lon="6.9453360">
    <ele>427.4</ele>
    <time>2024-04-26T13:29:34Z</time>
   </trkpt>
   <trkpt lat="48.2268900" lon="6.9453150">
    <ele>427.2</ele>
    <time>2024-04-26T13:29:35Z</time>
   </trkpt>
   <trkpt lat="48.2268530" lon="6.9452900">
    <ele>427.1</ele>
    <time>2024-04-26T13:29:36Z</time>
   </trkpt>
   <trkpt lat="48.2268160" lon="6.9452570">
    <ele>426.9</ele>
    <time>2024-04-26T13:29:37Z</time>
   </trkpt>
   <trkpt lat="48.2267830" lon="6.9452230">
    <ele>426.7</ele>
    <time>2024-04-26T13:29:38Z</time>
   </trkpt>
   <trkpt lat="48.2267500" lon="6.9451890">
    <ele>426.5</ele>
    <time>2024-04-26T13:29:39Z</time>
   </trkpt>
   <trkpt lat="48.2267170" lon="6.9451550">
    <ele>426.3</ele>
    <time>2024-04-26T13:29:40Z</time>
   </trkpt>
   <trkpt lat="48.2266850" lon="6.9451230">
    <ele>426.2</ele>
    <time>2024-04-26T13:29:41Z</time>
   </trkpt>
   <trkpt lat="48.2266530" lon="6.9450920">
    <ele>426.0</ele>
    <time>2024-04-26T13:29:42Z</time>
   </trkpt>
   <trkpt lat="48.2266150" lon="6.9450590">
    <ele>425.9</ele>
    <time>2024-04-26T13:29:43Z</time>
   </trkpt>
   <trkpt lat="48.2265770" lon="6.9450160">
    <ele>425.7</ele>
    <time>2024-04-26T13:29:44Z</time>
   </trkpt>
   <trkpt lat="48.2265370" lon="6.9449820">
    <ele>425.6</ele>
    <time>2024-04-26T13:29:45Z</time>
   </trkpt>
   <trkpt lat="48.2265020" lon="6.9449490">
    <ele>425.5</ele>
    <time>2024-04-26T13:29:46Z</time>
   </trkpt>
   <trkpt lat="48.2264700" lon="6.9449190">
    <ele>425.4</ele>
    <time>2024-04-26T13:29:47Z</time>
   </trkpt>
   <trkpt lat="48.2264410" lon="6.9448880">
    <ele>425.4</ele>
    <time>2024-04-26T13:29:48Z</time>
   </trkpt>
   <trkpt lat="48.2264080" lon="6.9448520">
    <ele>425.3</ele>
    <time>2024-04-26T13:29:49Z</time>
   </trkpt>
   <trkpt lat="48.2263730" lon="6.9448190">
    <ele>425.2</ele>
    <time>2024-04-26T13:29:50Z</time>
   </trkpt>
   <trkpt lat="48.2263360" lon="6.9447830">
    <ele>425.1</ele>
    <time>2024-04-26T13:29:51Z</time>
   </trkpt>
   <trkpt lat="48.2262930" lon="6.9447480">
    <ele>425.1</ele>
    <time>2024-04-26T13:29:52Z</time>
   </trkpt>
   <trkpt lat="48.2262510" lon="6.9447150">
    <ele>425.0</ele>
    <time>2024-04-26T13:29:53Z</time>
   </trkpt>
   <trkpt lat="48.2262080" lon="6.9446730">
    <ele>424.9</ele>
    <time>2024-04-26T13:29:54Z</time>
   </trkpt>
   <trkpt lat="48.2261690" lon="6.9446300">
    <ele>424.9</ele>
    <time>2024-04-26T13:29:55Z</time>
   </trkpt>
   <trkpt lat="48.2261320" lon="6.9445980">
    <ele>424.8</ele>
    <time>2024-04-26T13:29:56Z</time>
   </trkpt>
   <trkpt lat="48.2260970" lon="6.9445620">
    <ele>424.8</ele>
    <time>2024-04-26T13:29:57Z</time>
   </trkpt>
   <trkpt lat="48.2260600" lon="6.9445230">
    <ele>424.8</ele>
    <time>2024-04-26T13:29:58Z</time>
   </trkpt>
   <trkpt lat="48.2260240" lon="6.9444870">
    <ele>424.7</ele>
    <time>2024-04-26T13:29:59Z</time>
   </trkpt>
   <trkpt lat="48.2259880" lon="6.9444600">
    <ele>424.7</ele>
    <time>2024-04-26T13:30:00Z</time>
   </trkpt>
   <trkpt lat="48.2259460" lon="6.9444250">
    <ele>424.7</ele>
    <time>2024-04-26T13:30:01Z</time>
   </trkpt>
   <trkpt lat="48.2259070" lon="6.9443980">
    <ele>424.7</ele>
    <time>2024-04-26T13:30:02Z</time>
   </trkpt>
   <trkpt lat="48.2258640" lon="6.9443670">
    <ele>424.7</ele>
    <time>2024-04-26T13:30:03Z</time>
   </trkpt>
   <trkpt lat="48.2258250" lon="6.9443360">
    <ele>424.7</ele>
    <time>2024-04-26T13:30:04Z</time>
   </trkpt>
   <trkpt lat="48.2257860" lon="6.9443070">
    <ele>424.6</ele>
    <time>2024-04-26T13:30:05Z</time>
   </trkpt>
   <trkpt lat="48.2257470" lon="6.9442850">
    <ele>424.6</ele>
    <time>2024-04-26T13:30:06Z</time>
   </trkpt>
   <trkpt lat="48.2257050" lon="6.9442580">
    <ele>424.6</ele>
    <time>2024-04-26T13:30:07Z</time>
   </trkpt>
   <trkpt lat="48.2256620" lon="6.9442310">
    <ele>424.6</ele>
    <time>2024-04-26T13:30:08Z</time>
   </trkpt>
   <trkpt lat="48.2256220" lon="6.9442040">
    <ele>424.6</ele>
    <time>2024-04-26T13:30:09Z</time>
   </trkpt>
   <trkpt lat="48.2255840" lon="6.9441840">
    <ele>424.6</ele>
    <time>2024-04-26T13:30:10Z</time>
   </trkpt>
   <trkpt lat="48.2255440" lon="6.9441670">
    <ele>424.6</ele>
    <time>2024-04-26T13:30:11Z</time>
   </trkpt>
   <trkpt lat="48.2255050" lon="6.9441460">
    <ele>424.6</ele>
    <time>2024-04-26T13:30:12Z</time>
   </trkpt>
   <trkpt lat="48.2254650" lon="6.9441270">
    <ele>424.6</ele>
    <time>2024-04-26T13:30:13Z</time>
   </trkpt>
   <trkpt lat="48.2254270" lon="6.9441160">
    <ele>424.6</ele>
    <time>2024-04-26T13:30:14Z</time>
   </trkpt>
   <trkpt lat="48.2253910" lon="6.9441140">
    <ele>424.5</ele>
    <time>2024-04-26T13:30:15Z</time>
   </trkpt>
   <trkpt lat="48.2253510" lon="6.9441130">
    <ele>424.5</ele>
    <time>2024-04-26T13:30:16Z</time>
   </trkpt>
   <trkpt lat="48.2253150" lon="6.9441160">
    <ele>424.5</ele>
    <time>2024-04-26T13:30:17Z</time>
   </trkpt>
   <trkpt lat="48.2252850" lon="6.9441120">
    <ele>424.5</ele>
    <time>2024-04-26T13:30:18Z</time>
   </trkpt>
   <trkpt lat="48.2252550" lon="6.9440970">
    <ele>424.5</ele>
    <time>2024-04-26T13:30:19Z</time>
   </trkpt>
   <trkpt lat="48.2252240" lon="6.9440820">
    <ele>424.4</ele>
    <time>2024-04-26T13:30:20Z</time>
   </trkpt>
   <trkpt lat="48.2251910" lon="6.9440680">
    <ele>424.4</ele>
    <time>2024-04-26T13:30:21Z</time>
   </trkpt>
   <trkpt lat="48.2251510" lon="6.9440530">
    <ele>424.3</ele>
    <time>2024-04-26T13:30:22Z</time>
   </trkpt>
   <trkpt lat="48.2251080" lon="6.9440480">
    <ele>424.3</ele>
    <time>2024-04-26T13:30:23Z</time>
   </trkpt>
   <trkpt lat="48.2250650" lon="6.9440400">
    <ele>424.2</ele>
    <time>2024-04-26T13:30:24Z</time>
   </trkpt>
   <trkpt lat="48.2250230" lon="6.9440360">
    <ele>424.2</ele>
    <time>2024-04-26T13:30:25Z</time>
   </trkpt>
   <trkpt lat="48.2249800" lon="6.9440220">
    <ele>424.1</ele>
    <time>2024-04-26T13:30:26Z</time>
   </trkpt>
   <trkpt lat="48.2249410" lon="6.9439980">
    <ele>424.1</ele>
    <time>2024-04-26T13:30:27Z</time>
   </trkpt>
   <trkpt lat="48.2249020" lon="6.9439780">
    <ele>424.0</ele>
    <time>2024-04-26T13:30:28Z</time>
   </trkpt>
   <trkpt lat="48.2248620" lon="6.9439660">
    <ele>424.0</ele>
    <time>2024-04-26T13:30:29Z</time>
   </trkpt>
   <trkpt lat="48.2248220" lon="6.9439480">
    <ele>423.9</ele>
    <time>2024-04-26T13:30:30Z</time>
   </trkpt>
   <trkpt lat="48.2247860" lon="6.9439260">
    <ele>423.8</ele>
    <time>2024-04-26T13:30:31Z</time>
   </trkpt>
   <trkpt lat="48.2247500" lon="6.9439060">
    <ele>423.7</ele>
    <time>2024-04-26T13:30:32Z</time>
   </trkpt>
   <trkpt lat="48.2247140" lon="6.9438820">
    <ele>423.6</ele>
    <time>2024-04-26T13:30:33Z</time>
   </trkpt>
   <trkpt lat="48.2246760" lon="6.9438590">
    <ele>423.4</ele>
    <time>2024-04-26T13:30:34Z</time>
   </trkpt>
   <trkpt lat="48.2246350" lon="6.9438330">
    <ele>423.3</ele>
    <time>2024-04-26T13:30:35Z</time>
   </trkpt>
   <trkpt lat="48.2245920" lon="6.9437980">
    <ele>423.1</ele>
    <time>2024-04-26T13:30:36Z</time>
   </trkpt>
   <trkpt lat="48.2245490" lon="6.9437620">
    <ele>422.9</ele>
    <time>2024-04-26T13:30:37Z</time>
   </trkpt>
   <trkpt lat="48.2245040" lon="6.9437240">
    <ele>422.6</ele>
    <time>2024-04-26T13:30:38Z</time>
   </trkpt>
   <trkpt lat="48.2244610" lon="6.9436780">
    <ele>422.4</ele>
    <time>2024-04-26T13:30:39Z</time>
   </trkpt>
   <trkpt lat="48.2244180" lon="6.9436350">
    <ele>422.1</ele>
    <time>2024-04-26T13:30:40Z</time>
   </trkpt>
   <trkpt lat="48.2243760" lon="6.9435880">
    <ele>421.9</ele>
    <time>2024-04-26T13:30:41Z</time>
   </trkpt>
   <trkpt lat="48.2243350" lon="6.9435410">
    <ele>421.6</ele>
    <time>2024-04-26T13:30:42Z</time>
   </trkpt>
   <trkpt lat="48.2242920" lon="6.9434930">
    <ele>421.3</ele>
    <time>2024-04-26T13:30:43Z</time>
   </trkpt>
   <trkpt lat="48.2242490" lon="6.9434390">
    <ele>421.0</ele>
    <time>2024-04-26T13:30:44Z</time>
   </trkpt>
   <trkpt lat="48.2242080" lon="6.9433800">
    <ele>420.6</ele>
    <time>2024-04-26T13:30:45Z</time>
   </trkpt>
   <trkpt lat="48.2241610" lon="6.9433260">
    <ele>420.3</ele>
    <time>2024-04-26T13:30:46Z</time>
   </trkpt>
   <trkpt lat="48.2241120" lon="6.9432690">
    <ele>419.9</ele>
    <time>2024-04-26T13:30:47Z</time>
   </trkpt>
   <trkpt lat="48.2240690" lon="6.9431950">
    <ele>419.4</ele>
    <time>2024-04-26T13:30:48Z</time>
   </trkpt>
   <trkpt lat="48.2240120" lon="6.9431360">
    <ele>418.9</ele>
    <time>2024-04-26T13:30:49Z</time>
   </trkpt>
   <trkpt lat="48.2239640" lon="6.9430560">
    <ele>418.5</ele>
    <time>2024-04-26T13:30:50Z</time>
   </trkpt>
   <trkpt lat="48.2239030" lon="6.9429910">
    <ele>418.0</ele>
    <time>2024-04-26T13:30:51Z</time>
   </trkpt>
   <trkpt lat="48.2238540" lon="6.9429100">
    <ele>417.6</ele>
    <time>2024-04-26T13:30:52Z</time>
   </trkpt>
   <trkpt lat="48.2237930" lon="6.9428460">
    <ele>417.2</ele>
    <time>2024-04-26T13:30:53Z</time>
   </trkpt>
   <trkpt lat="48.2237330" lon="6.9427800">
    <ele>416.9</ele>
    <time>2024-04-26T13:30:54Z</time>
   </trkpt>
   <trkpt lat="48.2236860" lon="6.9427000">
    <ele>416.6</ele>
    <time>2024-04-26T13:30:55Z</time>
   </trkpt>
   <trkpt lat="48.2236290" lon="6.9426410">
    <ele>416.4</ele>
    <time>2024-04-26T13:30:56Z</time>
   </trkpt>
   <trkpt lat="48.2235690" lon="6.9425990">
    <ele>416.2</ele>
    <time>2024-04-26T13:30:57Z</time>
   </trkpt>
   <trkpt lat="48.2235070" lon="6.9425580">
    <ele>416.1</ele>
    <time>2024-04-26T13:30:58Z</time>
   </trkpt>
   <trkpt lat="48.2234480" lon="6.9425210">
    <ele>415.9</ele>
    <time>2024-04-26T13:30:59Z</time>
   </trkpt>
   <trkpt lat="48.2233850" lon="6.9424940">
    <ele>415.8</ele>
    <time>2024-04-26T13:31:00Z</time>
   </trkpt>
   <trkpt lat="48.2233240" lon="6.9424650">
    <ele>415.7</ele>
    <time>2024-04-26T13:31:01Z</time>
   </trkpt>
   <trkpt lat="48.2232640" lon="6.9424250">
    <ele>415.6</ele>
    <time>2024-04-26T13:31:02Z</time>
   </trkpt>
   <trkpt lat="48.2232080" lon="6.9423710">
    <ele>415.5</ele>
    <time>2024-04-26T13:31:03Z</time>
   </trkpt>
   <trkpt lat="48.2231580" lon="6.9423020">
    <ele>415.5</ele>
    <time>2024-04-26T13:31:04Z</time>
   </trkpt>
   <trkpt lat="48.2231100" lon="6.9422380">
    <ele>415.4</ele>
    <time>2024-04-26T13:31:05Z</time>
   </trkpt>
   <trkpt lat="48.2230630" lon="6.9421750">
    <ele>415.4</ele>
    <time>2024-04-26T13:31:06Z</time>
   </trkpt>
   <trkpt lat="48.2230190" lon="6.9421130">
    <ele>415.3</ele>
    <time>2024-04-26T13:31:07Z</time>
   </trkpt>
   <trkpt lat="48.2229630" lon="6.9420820">
    <ele>415.3</ele>
    <time>2024-04-26T13:31:08Z</time>
   </trkpt>
   <trkpt lat="48.2228990" lon="6.9420690">
    <ele>415.2</ele>
    <time>2024-04-26T13:31:09Z</time>
   </trkpt>
   <trkpt lat="48.2228340" lon="6.9420650">
    <ele>415.0</ele>
    <time>2024-04-26T13:31:10Z</time>
   </trkpt>
   <trkpt lat="48.2227700" lon="6.9420590">
    <ele>414.8</ele>
    <time>2024-04-26T13:31:11Z</time>
   </trkpt>
   <trkpt lat="48.2227060" lon="6.9420560">
    <ele>414.6</ele>
    <time>2024-04-26T13:31:12Z</time>
   </trkpt>
   <trkpt lat="48.2226410" lon="6.9420640">
    <ele>414.4</ele>
    <time>2024-04-26T13:31:13Z</time>
   </trkpt>
   <trkpt lat="48.2225760" lon="6.9420740">
    <ele>414.2</ele>
    <time>2024-04-26T13:31:14Z</time>
   </trkpt>
   <trkpt lat="48.2225130" lon="6.9420820">
    <ele>414.0</ele>
    <time>2024-04-26T13:31:15Z</time>
   </trkpt>
   <trkpt lat="48.2224510" lon="6.9420970">
    <ele>413.8</ele>
    <time>2024-04-26T13:31:16Z</time>
   </trkpt>
   <trkpt lat="48.2223900" lon="6.9421080">
    <ele>413.7</ele>
    <time>2024-04-26T13:31:17Z</time>
   </trkpt>
   <trkpt lat="48.2223280" lon="6.9421210">
    <ele>413.5</ele>
    <time>2024-04-26T13:31:18Z</time>
   </trkpt>
   <trkpt lat="48.2222650" lon="6.9421300">
    <ele>413.4</ele>
    <time>2024-04-26T13:31:19Z</time>
   </trkpt>
   <trkpt lat="48.2222040" lon="6.9421490">
    <ele>413.2</ele>
    <time>2024-04-26T13:31:20Z</time>
   </trkpt>
   <trkpt lat="48.2221440" lon="6.9421820">
    <ele>413.1</ele>
    <time>2024-04-26T13:31:21Z</time>
   </trkpt>
   <trkpt lat="48.2220880" lon="6.9422260">
    <ele>413.0</ele>
    <time>2024-04-26T13:31:22Z</time>
   </trkpt>
   <trkpt lat="48.2220300" lon="6.9422680">
    <ele>412.9</ele>
    <time>2024-04-26T13:31:23Z</time>
   </trkpt>
   <trkpt lat="48.2219710" lon="6.9423130">
    <ele>412.7</ele>
    <time>2024-04-26T13:31:24Z</time>
   </trkpt>
   <trkpt lat="48.2219170" lon="6.9423760">
    <ele>412.6</ele>
    <time>2024-04-26T13:31:25Z</time>
   </trkpt>
   <trkpt lat="48.2218570" lon="6.9424240">
    <ele>412.5</ele>
    <time>2024-04-26T13:31:26Z</time>
   </trkpt>
   <trkpt lat="48.2217950" lon="6.9424700">
    <ele>412.4</ele>
    <time>2024-04-26T13:31:27Z</time>
   </trkpt>
   <trkpt lat="48.2217360" lon="6.9425220">
    <ele>412.3</ele>
    <time>2024-04-26T13:31:28Z</time>
   </trkpt>
   <trkpt lat="48.2216760" lon="6.9425770">
    <ele>412.2</ele>
    <time>2024-04-26T13:31:29Z</time>
   </trkpt>
   <trkpt lat="48.2216170" lon="6.9426300">
    <ele>412.1</ele>
    <time>2024-04-26T13:31:30Z</time>
   </trkpt>
   <trkpt lat="48.2215550" lon="6.9426760">
    <ele>412.1</ele>
    <time>2024-04-26T13:31:31Z</time>
   </trkpt>
   <trkpt lat="48.2214920" lon="6.9427160">
    <ele>412.0</ele>
    <time>2024-04-26T13:31:32Z</time>
   </trkpt>
   <trkpt lat="48.2214360" lon="6.9427750">
    <ele>412.0</ele>
    <time>2024-04-26T13:31:33Z</time>
   </trkpt>
   <trkpt lat="48.2213890" lon="6.9428500">
    <ele>411.9</ele>
    <time>2024-04-26T13:31:34Z</time>
   </trkpt>
   <trkpt lat="48.2213490" lon="6.9429350">
    <ele>411.8</ele>
    <time>2024-04-26T13:31:35Z</time>
   </trkpt>
   <trkpt lat="48.2213210" lon="6.9430290">
    <ele>411.8</ele>
    <time>2024-04-26T13:31:36Z</time>
   </trkpt>
   <trkpt lat="48.2213040" lon="6.9431260">
    <ele>411.8</ele>
    <time>2024-04-26T13:31:37Z</time>
   </trkpt>
   <trkpt lat="48.2212890" lon="6.9432230">
    <ele>411.7</ele>
    <time>2024-04-26T13:31:38Z</time>
   </trkpt>
   <trkpt lat="48.2212760" lon="6.9433240">
    <ele>411.7</ele>
    <time>2024-04-26T13:31:39Z</time>
   </trkpt>
   <trkpt lat="48.2212670" lon="6.9434250">
    <ele>411.7</ele>
    <time>2024-04-26T13:31:40Z</time>
   </trkpt>
   <trkpt lat="48.2212640" lon="6.9435240">
    <ele>411.8</ele>
    <time>2024-04-26T13:31:41Z</time>
   </trkpt>
   <trkpt lat="48.2212510" lon="6.9436200">
    <ele>411.8</ele>
    <time>2024-04-26T13:31:42Z</time>
   </trkpt>
   <trkpt lat="48.2212520" lon="6.9437170">
    <ele>411.9</ele>
    <time>2024-04-26T13:31:43Z</time>
   </trkpt>
   <trkpt lat="48.2212540" lon="6.9438120">
    <ele>412.0</ele>
    <time>2024-04-26T13:31:44Z</time>
   </trkpt>
   <trkpt lat="48.2212520" lon="6.9439030">
    <ele>412.0</ele>
    <time>2024-04-26T13:31:45Z</time>
   </trkpt>
   <trkpt lat="48.2212530" lon="6.9439910">
    <ele>412.1</ele>
    <time>2024-04-26T13:31:46Z</time>
   </trkpt>
   <trkpt lat="48.2212550" lon="6.9440750">
    <ele>412.2</ele>
    <time>2024-04-26T13:31:47Z</time>
   </trkpt>
   <trkpt lat="48.2212470" lon="6.9441530">
    <ele>412.3</ele>
    <time>2024-04-26T13:31:48Z</time>
   </trkpt>
   <trkpt lat="48.2212270" lon="6.9442210">
    <ele>412.1</ele>
    <time>2024-04-26T13:31:49Z</time>
   </trkpt>
   <trkpt lat="48.2212160" lon="6.9442940">
    <ele>412.0</ele>
    <time>2024-04-26T13:31:50Z</time>
   </trkpt>
   <trkpt lat="48.2212170" lon="6.9443710">
    <ele>411.8</ele>
    <time>2024-04-26T13:31:51Z</time>
   </trkpt>
   <trkpt lat="48.2212110" lon="6.9444470">
    <ele>411.6</ele>
    <time>2024-04-26T13:31:52Z</time>
   </trkpt>
   <trkpt lat="48.2212020" lon="6.9445240">
    <ele>411.4</ele>
    <time>2024-04-26T13:31:53Z</time>
   </trkpt>
   <trkpt lat="48.2212000" lon="6.9446050">
    <ele>411.2</ele>
    <time>2024-04-26T13:31:54Z</time>
   </trkpt>
   <trkpt lat="48.2211950" lon="6.9446890">
    <ele>411.1</ele>
    <time>2024-04-26T13:31:55Z</time>
   </trkpt>
   <trkpt lat="48.2211890" lon="6.9447760">
    <ele>410.9</ele>
    <time>2024-04-26T13:31:56Z</time>
   </trkpt>
   <trkpt lat="48.2211830" lon="6.9448570">
    <ele>410.8</ele>
    <time>2024-04-26T13:31:57Z</time>
   </trkpt>
   <trkpt lat="48.2211770" lon="6.9449180">
    <ele>410.7</ele>
    <time>2024-04-26T13:31:58Z</time>
   </trkpt>
   <trkpt lat="48.2211750" lon="6.9449610">
    <ele>410.6</ele>
    <time>2024-04-26T13:31:59Z</time>
   </trkpt>
   <trkpt lat="48.2211770" lon="6.9449730">
    <ele>410.6</ele>
    <time>2024-04-26T13:32:00Z</time>
   </trkpt>
   <trkpt lat="48.2211850" lon="6.9449850">
    <ele>410.6</ele>
    <time>2024-04-26T13:32:01Z</time>
   </trkpt>
   <trkpt lat="48.2211880" lon="6.9449950">
    <ele>410.6</ele>
    <time>2024-04-26T13:32:02Z</time>
   </trkpt>
   <trkpt lat="48.2211820" lon="6.9450030">
    <ele>410.5</ele>
    <time>2024-04-26T13:32:03Z</time>
   </trkpt>
   <trkpt lat="48.2211730" lon="6.9450050">
    <ele>410.5</ele>
    <time>2024-04-26T13:32:04Z</time>
   </trkpt>
   <trkpt lat="48.2211660" lon="6.9450060">
    <ele>410.5</ele>
    <time>2024-04-26T13:32:05Z</time>
   </trkpt>
   <trkpt lat="48.2211580" lon="6.9450090">
    <ele>410.5</ele>
    <time>2024-04-26T13:32:06Z</time>
   </trkpt>
   <trkpt lat="48.2211460" lon="6.9450140">
    <ele>410.5</ele>
    <time>2024-04-26T13:32:07Z</time>
   </trkpt>
   <trkpt lat="48.2211270" lon="6.9450230">
    <ele>410.4</ele>
    <time>2024-04-26T13:32:08Z</time>
   </trkpt>
   <trkpt lat="48.2210960" lon="6.9450260">
    <ele>410.4</ele>
    <time>2024-04-26T13:32:09Z</time>
   </trkpt>
   <trkpt lat="48.2210590" lon="6.9450150">
    <ele>410.5</ele>
    <time>2024-04-26T13:32:10Z</time>
   </trkpt>
   <trkpt lat="48.2210190" lon="6.9450010">
    <ele>410.5</ele>
    <time>2024-04-26T13:32:11Z</time>
   </trkpt>
   <trkpt lat="48.2209790" lon="6.9449790">
    <ele>410.5</ele>
    <time>2024-04-26T13:32:12Z</time>
   </trkpt>
   <trkpt lat="48.2209380" lon="6.9449490">
    <ele>410.5</ele>
    <time>2024-04-26T13:32:13Z</time>
   </trkpt>
   <trkpt lat="48.2208910" lon="6.9449300">
    <ele>410.6</ele>
    <time>2024-04-26T13:32:14Z</time>
   </trkpt>
   <trkpt lat="48.2208440" lon="6.9449120">
    <ele>410.6</ele>
    <time>2024-04-26T13:32:15Z</time>
   </trkpt>
   <trkpt lat="48.2207940" lon="6.9448930">
    <ele>410.7</ele>
    <time>2024-04-26T13:32:16Z</time>
   </trkpt>
   <trkpt lat="48.2207430" lon="6.9448720">
    <ele>410.8</ele>
    <time>2024-04-26T13:32:17Z</time>
   </trkpt>
   <trkpt lat="48.2206910" lon="6.9448490">
    <ele>410.8</ele>
    <time>2024-04-26T13:32:18Z</time>
   </trkpt>
   <trkpt lat="48.2206400" lon="6.9448260">
    <ele>410.9</ele>
    <time>2024-04-26T13:32:19Z</time>
   </trkpt>
   <trkpt lat="48.2205880" lon="6.9448060">
    <ele>411.0</ele>
    <time>2024-04-26T13:32:20Z</time>
   </trkpt>
   <trkpt lat="48.2205360" lon="6.9447870">
    <ele>411.0</ele>
    <time>2024-04-26T13:32:21Z</time>
   </trkpt>
   <trkpt lat="48.2204850" lon="6.9447680">
    <ele>411.1</ele>
    <time>2024-04-26T13:32:22Z</time>
   </trkpt>
   <trkpt lat="48.2204340" lon="6.9447470">
    <ele>411.1</ele>
    <time>2024-04-26T13:32:23Z</time>
   </trkpt>
   <trkpt lat="48.2203840" lon="6.9447280">
    <ele>411.2</ele>
    <time>2024-04-26T13:32:24Z</time>
   </trkpt>
   <trkpt lat="48.2203330" lon="6.9447080">
    <ele>411.2</ele>
    <time>2024-04-26T13:32:25Z</time>
   </trkpt>
   <trkpt lat="48.2202830" lon="6.9446860">
    <ele>411.3</ele>
    <time>2024-04-26T13:32:26Z</time>
   </trkpt>
   <trkpt lat="48.2202310" lon="6.9446640">
    <ele>411.4</ele>
    <time>2024-04-26T13:32:27Z</time>
   </trkpt>
   <trkpt lat="48.2201780" lon="6.9446430">
    <ele>411.5</ele>
    <time>2024-04-26T13:32:28Z</time>
   </trkpt>
   <trkpt lat="48.2201250" lon="6.9446210">
    <ele>411.6</ele>
    <time>2024-04-26T13:32:29Z</time>
   </trkpt>
   <trkpt lat="48.2200710" lon="6.9446010">
    <ele>411.7</ele>
    <time>2024-04-26T13:32:30Z</time>
   </trkpt>
   <trkpt lat="48.2200160" lon="6.9445800">
    <ele>411.8</ele>
    <time>2024-04-26T13:32:31Z</time>
   </trkpt>
   <trkpt lat="48.2199600" lon="6.9445570">
    <ele>411.9</ele>
    <time>2024-04-26T13:32:32Z</time>
   </trkpt>
   <trkpt lat="48.2199050" lon="6.9445360">
    <ele>412.0</ele>
    <time>2024-04-26T13:32:33Z</time>
   </trkpt>
   <trkpt lat="48.2198490" lon="6.9445130">
    <ele>412.0</ele>
    <time>2024-04-26T13:32:34Z</time>
   </trkpt>
   <trkpt lat="48.2197940" lon="6.9444920">
    <ele>412.1</ele>
    <time>2024-04-26T13:32:35Z</time>
   </trkpt>
   <trkpt lat="48.2197420" lon="6.9444660">
    <ele>412.2</ele>
    <time>2024-04-26T13:32:36Z</time>
   </trkpt>
   <trkpt lat="48.2196880" lon="6.9444450">
    <ele>412.2</ele>
    <time>2024-04-26T13:32:37Z</time>
   </trkpt>
   <trkpt lat="48.2196330" lon="6.9444260">
    <ele>412.3</ele>
    <time>2024-04-26T13:32:38Z</time>
   </trkpt>
   <trkpt lat="48.2195770" lon="6.9444040">
    <ele>412.4</ele>
    <time>2024-04-26T13:32:39Z</time>
   </trkpt>
   <trkpt lat="48.2195200" lon="6.9443810">
    <ele>412.4</ele>
    <time>2024-04-26T13:32:40Z</time>
   </trkpt>
   <trkpt lat="48.2194630" lon="6.9443620">
    <ele>412.5</ele>
    <time>2024-04-26T13:32:41Z</time>
   </trkpt>
   <trkpt lat="48.2194070" lon="6.9443400">
    <ele>412.5</ele>
    <time>2024-04-26T13:32:42Z</time>
   </trkpt>
   <trkpt lat="48.2193530" lon="6.9443200">
    <ele>412.6</ele>
    <time>2024-04-26T13:32:43Z</time>
   </trkpt>
   <trkpt lat="48.2192980" lon="6.9442980">
    <ele>412.6</ele>
    <time>2024-04-26T13:32:44Z</time>
   </trkpt>
   <trkpt lat="48.2192410" lon="6.9442700">
    <ele>412.7</ele>
    <time>2024-04-26T13:32:45Z</time>
   </trkpt>
   <trkpt lat="48.2191870" lon="6.9442460">
    <ele>412.7</ele>
    <time>2024-04-26T13:32:46Z</time>
   </trkpt>
   <trkpt lat="48.2191310" lon="6.9442220">
    <ele>412.8</ele>
    <time>2024-04-26T13:32:47Z</time>
   </trkpt>
   <trkpt lat="48.2190740" lon="6.9441970">
    <ele>412.9</ele>
    <time>2024-04-26T13:32:48Z</time>
   </trkpt>
   <trkpt lat="48.2190180" lon="6.9441750">
    <ele>413.0</ele>
    <time>2024-04-26T13:32:49Z</time>
   </trkpt>
   <trkpt lat="48.2189630" lon="6.9441510">
    <ele>413.0</ele>
    <time>2024-04-26T13:32:50Z</time>
   </trkpt>
   <trkpt lat="48.2189060" lon="6.9441290">
    <ele>413.1</ele>
    <time>2024-04-26T13:32:51Z</time>
   </trkpt>
   <trkpt lat="48.2188510" lon="6.9441030">
    <ele>413.2</ele>
    <time>2024-04-26T13:32:52Z</time>
   </trkpt>
   <trkpt lat="48.2187960" lon="6.9440780">
    <ele>413.2</ele>
    <time>2024-04-26T13:32:53Z</time>
   </trkpt>
   <trkpt lat="48.2187400" lon="6.9440580">
    <ele>413.3</ele>
    <time>2024-04-26T13:32:54Z</time>
   </trkpt>
   <trkpt lat="48.2186840" lon="6.9440350">
    <ele>413.4</ele>
    <time>2024-04-26T13:32:55Z</time>
   </trkpt>
   <trkpt lat="48.2186300" lon="6.9440120">
    <ele>413.4</ele>
    <time>2024-04-26T13:32:56Z</time>
   </trkpt>
   <trkpt lat="48.2185740" lon="6.9439910">
    <ele>413.5</ele>
    <time>2024-04-26T13:32:57Z</time>
   </trkpt>
   <trkpt lat="48.2185190" lon="6.9439670">
    <ele>413.5</ele>
    <time>2024-04-26T13:32:58Z</time>
   </trkpt>
   <trkpt lat="48.2184650" lon="6.9439420">
    <ele>413.6</ele>
    <time>2024-04-26T13:32:59Z</time>
   </trkpt>
   <trkpt lat="48.2184090" lon="6.9439170">
    <ele>413.6</ele>
    <time>2024-04-26T13:33:00Z</time>
   </trkpt>
   <trkpt lat="48.2183510" lon="6.9438940">
    <ele>413.6</ele>
    <time>2024-04-26T13:33:01Z</time>
   </trkpt>
   <trkpt lat="48.2182950" lon="6.9438700">
    <ele>413.7</ele>
    <time>2024-04-26T13:33:02Z</time>
   </trkpt>
   <trkpt lat="48.2182390" lon="6.9438450">
    <ele>413.8</ele>
    <time>2024-04-26T13:33:03Z</time>
   </trkpt>
   <trkpt lat="48.2181820" lon="6.9438250">
    <ele>413.8</ele>
    <time>2024-04-26T13:33:04Z</time>
   </trkpt>
   <trkpt lat="48.2181260" lon="6.9438020">
    <ele>413.9</ele>
    <time>2024-04-26T13:33:05Z</time>
   </trkpt>
   <trkpt lat="48.2180690" lon="6.9437770">
    <ele>413.9</ele>
    <time>2024-04-26T13:33:06Z</time>
   </trkpt>
   <trkpt lat="48.2180130" lon="6.9437500">
    <ele>414.0</ele>
    <time>2024-04-26T13:33:07Z</time>
   </trkpt>
   <trkpt lat="48.2179550" lon="6.9437250">
    <ele>414.1</ele>
    <time>2024-04-26T13:33:08Z</time>
   </trkpt>
   <trkpt lat="48.2178960" lon="6.9437020">
    <ele>414.2</ele>
    <time>2024-04-26T13:33:09Z</time>
   </trkpt>
   <trkpt lat="48.2178370" lon="6.9436770">
    <ele>414.2</ele>
    <time>2024-04-26T13:33:10Z</time>
   </trkpt>
   <trkpt lat="48.2177780" lon="6.9436510">
    <ele>414.3</ele>
    <time>2024-04-26T13:33:11Z</time>
   </trkpt>
   <trkpt lat="48.2177210" lon="6.9436260">
    <ele>414.4</ele>
    <time>2024-04-26T13:33:12Z</time>
   </trkpt>
   <trkpt lat="48.2176610" lon="6.9436010">
    <ele>414.4</ele>
    <time>2024-04-26T13:33:13Z</time>
   </trkpt>
   <trkpt lat="48.2176030" lon="6.9435770">
    <ele>414.5</ele>
    <time>2024-04-26T13:33:14Z</time>
   </trkpt>
   <trkpt lat="48.2175450" lon="6.9435530">
    <ele>414.6</ele>
    <time>2024-04-26T13:33:15Z</time>
   </trkpt>
   <trkpt lat="48.2174880" lon="6.9435290">
    <ele>414.6</ele>
    <time>2024-04-26T13:33:16Z</time>
   </trkpt>
   <trkpt lat="48.2174310" lon="6.9435070">
    <ele>414.7</ele>
    <time>2024-04-26T13:33:17Z</time>
   </trkpt>
   <trkpt lat="48.2173750" lon="6.9434860">
    <ele>414.8</ele>
    <time>2024-04-26T13:33:18Z</time>
   </trkpt>
   <trkpt lat="48.2173210" lon="6.9434600">
    <ele>414.9</ele>
    <time>2024-04-26T13:33:19Z</time>
   </trkpt>
   <trkpt lat="48.2172640" lon="6.9434330">
    <ele>414.9</ele>
    <time>2024-04-26T13:33:20Z</time>
   </trkpt>
   <trkpt lat="48.2172070" lon="6.9434060">
    <ele>415.0</ele>
    <time>2024-04-26T13:33:21Z</time>
   </trkpt>
   <trkpt lat="48.2171510" lon="6.9433780">
    <ele>415.1</ele>
    <time>2024-04-26T13:33:22Z</time>
   </trkpt>
   <trkpt lat="48.2170960" lon="6.9433500">
    <ele>415.1</ele>
    <time>2024-04-26T13:33:23Z</time>
   </trkpt>
   <trkpt lat="48.2170400" lon="6.9433250">
    <ele>415.1</ele>
    <time>2024-04-26T13:33:24Z</time>
   </trkpt>
   <trkpt lat="48.2169830" lon="6.9432980">
    <ele>415.2</ele>
    <time>2024-04-26T13:33:25Z</time>
   </trkpt>
   <trkpt lat="48.2169280" lon="6.9432710">
    <ele>415.2</ele>
    <time>2024-04-26T13:33:26Z</time>
   </trkpt>
   <trkpt lat="48.2168720" lon="6.9432460">
    <ele>415.3</ele>
    <time>2024-04-26T13:33:27Z</time>
   </trkpt>
   <trkpt lat="48.2168170" lon="6.9432230">
    <ele>415.3</ele>
    <time>2024-04-26T13:33:28Z</time>
   </trkpt>
   <trkpt lat="48.2167620" lon="6.9431990">
    <ele>415.4</ele>
    <time>2024-04-26T13:33:29Z</time>
   </trkpt>
   <trkpt lat="48.2167050" lon="6.9431800">
    <ele>415.4</ele>
    <time>2024-04-26T13:33:30Z</time>
   </trkpt>
   <trkpt lat="48.2166480" lon="6.9431620">
    <ele>415.5</ele>
    <time>2024-04-26T13:33:31Z</time>
   </trkpt>
   <trkpt lat="48.2165920" lon="6.9431410">
    <ele>415.5</ele>
    <time>2024-04-26T13:33:32Z</time>
   </trkpt>
   <trkpt lat="48.2165370" lon="6.9431230">
    <ele>415.6</ele>
    <time>2024-04-26T13:33:33Z</time>
   </trkpt>
   <trkpt lat="48.2164850" lon="6.9431130">
    <ele>415.7</ele>
    <time>2024-04-26T13:33:34Z</time>
   </trkpt>
   <trkpt lat="48.2164360" lon="6.9430980">
    <ele>415.8</ele>
    <time>2024-04-26T13:33:35Z</time>
   </trkpt>
   <trkpt lat="48.2163880" lon="6.9430850">
    <ele>415.9</ele>
    <time>2024-04-26T13:33:36Z</time>
   </trkpt>
   <trkpt lat="48.2163430" lon="6.9430670">
    <ele>416.0</ele>
    <time>2024-04-26T13:33:37Z</time>
   </trkpt>
   <trkpt lat="48.2162990" lon="6.9430480">
    <ele>416.1</ele>
    <time>2024-04-26T13:33:38Z</time>
   </trkpt>
   <trkpt lat="48.2162550" lon="6.9430250">
    <ele>416.2</ele>
    <time>2024-04-26T13:33:39Z</time>
   </trkpt>
   <trkpt lat="48.2162130" lon="6.9429880">
    <ele>416.3</ele>
    <time>2024-04-26T13:33:40Z</time>
   </trkpt>
   <trkpt lat="48.2161790" lon="6.9429290">
    <ele>416.4</ele>
    <time>2024-04-26T13:33:41Z</time>
   </trkpt>
   <trkpt lat="48.2161410" lon="6.9428750">
    <ele>416.4</ele>
    <time>2024-04-26T13:33:42Z</time>
   </trkpt>
   <trkpt lat="48.2160960" lon="6.9428360">
    <ele>416.5</ele>
    <time>2024-04-26T13:33:43Z</time>
   </trkpt>
   <trkpt lat="48.2160460" lon="6.9428150">
    <ele>416.6</ele>
    <time>2024-04-26T13:33:44Z</time>
   </trkpt>
   <trkpt lat="48.2159890" lon="6.9428250">
    <ele>416.6</ele>
    <time>2024-04-26T13:33:45Z</time>
   </trkpt>
   <trkpt lat="48.2159330" lon="6.9428430">
    <ele>416.7</ele>
    <time>2024-04-26T13:33:46Z</time>
   </trkpt>
   <trkpt lat="48.2158750" lon="6.9428340">
    <ele>416.6</ele>
    <time>2024-04-26T13:33:47Z</time>
   </trkpt>
   <trkpt lat="48.2158190" lon="6.9428100">
    <ele>416.6</ele>
    <time>2024-04-26T13:33:48Z</time>
   </trkpt>
   <trkpt lat="48.2157620" lon="6.9427830">
    <ele>416.5</ele>
    <time>2024-04-26T13:33:49Z</time>
   </trkpt>
   <trkpt lat="48.2157070" lon="6.9427550">
    <ele>416.5</ele>
    <time>2024-04-26T13:33:50Z</time>
   </trkpt>
   <trkpt lat="48.2156510" lon="6.9427300">
    <ele>416.5</ele>
    <time>2024-04-26T13:33:51Z</time>
   </trkpt>
   <trkpt lat="48.2155930" lon="6.9427060">
    <ele>416.6</ele>
    <time>2024-04-26T13:33:52Z</time>
   </trkpt>
   <trkpt lat="48.2155340" lon="6.9426830">
    <ele>416.6</ele>
    <time>2024-04-26T13:33:53Z</time>
   </trkpt>
   <trkpt lat="48.2154770" lon="6.9426580">
    <ele>416.7</ele>
    <time>2024-04-26T13:33:54Z</time>
   </trkpt>
   <trkpt lat="48.2154190" lon="6.9426350">
    <ele>416.7</ele>
    <time>2024-04-26T13:33:55Z</time>
   </trkpt>
   <trkpt lat="48.2153620" lon="6.9426170">
    <ele>416.8</ele>
    <time>2024-04-26T13:33:56Z</time>
   </trkpt>
   <trkpt lat="48.2153080" lon="6.9425980">
    <ele>416.8</ele>
    <time>2024-04-26T13:33:57Z</time>
   </trkpt>
   <trkpt lat="48.2152530" lon="6.9425740">
    <ele>416.9</ele>
    <time>2024-04-26T13:33:58Z</time>
   </trkpt>
   <trkpt lat="48.2151980" lon="6.9425540">
    <ele>417.0</ele>
    <time>2024-04-26T13:33:59Z</time>
   </trkpt>
   <trkpt lat="48.2151420" lon="6.9425300">
    <ele>417.1</ele>
    <time>2024-04-26T13:34:00Z</time>
   </trkpt>
   <trkpt lat="48.2150840" lon="6.9425100">
    <ele>417.1</ele>
    <time>2024-04-26T13:34:01Z</time>
   </trkpt>
   <trkpt lat="48.2150280" lon="6.9424900">
    <ele>417.2</ele>
    <time>2024-04-26T13:34:02Z</time>
   </trkpt>
   <trkpt lat="48.2149730" lon="6.9424670">
    <ele>417.3</ele>
    <time>2024-04-26T13:34:03Z</time>
   </trkpt>
   <trkpt lat="48.2149190" lon="6.9424460">
    <ele>417.3</ele>
    <time>2024-04-26T13:34:04Z</time>
   </trkpt>
   <trkpt lat="48.2148620" lon="6.9424280">
    <ele>417.4</ele>
    <time>2024-04-26T13:34:05Z</time>
   </trkpt>
   <trkpt lat="48.2148080" lon="6.9424110">
    <ele>417.5</ele>
    <time>2024-04-26T13:34:06Z</time>
   </trkpt>
   <trkpt lat="48.2147550" lon="6.9423920">
    <ele>417.5</ele>
    <time>2024-04-26T13:34:07Z</time>
   </trkpt>
   <trkpt lat="48.2147000" lon="6.9423730">
    <ele>417.6</ele>
    <time>2024-04-26T13:34:08Z</time>
   </trkpt>
   <trkpt lat="48.2146450" lon="6.9423510">
    <ele>417.7</ele>
    <time>2024-04-26T13:34:09Z</time>
   </trkpt>
   <trkpt lat="48.2145920" lon="6.9423310">
    <ele>417.8</ele>
    <time>2024-04-26T13:34:10Z</time>
   </trkpt>
   <trkpt lat="48.2145400" lon="6.9423070">
    <ele>417.9</ele>
    <time>2024-04-26T13:34:11Z</time>
   </trkpt>
   <trkpt lat="48.2144890" lon="6.9422870">
    <ele>418.0</ele>
    <time>2024-04-26T13:34:12Z</time>
   </trkpt>
   <trkpt lat="48.2144360" lon="6.9422670">
    <ele>418.1</ele>
    <time>2024-04-26T13:34:13Z</time>
   </trkpt>
   <trkpt lat="48.2143830" lon="6.9422470">
    <ele>418.2</ele>
    <time>2024-04-26T13:34:14Z</time>
   </trkpt>
   <trkpt lat="48.2143320" lon="6.9422260">
    <ele>418.3</ele>
    <time>2024-04-26T13:34:15Z</time>
   </trkpt>
   <trkpt lat="48.2142790" lon="6.9422050">
    <ele>418.4</ele>
    <time>2024-04-26T13:34:16Z</time>
   </trkpt>
   <trkpt lat="48.2142270" lon="6.9421790">
    <ele>418.5</ele>
    <time>2024-04-26T13:34:17Z</time>
   </trkpt>
   <trkpt lat="48.2141760" lon="6.9421590">
    <ele>418.6</ele>
    <time>2024-04-26T13:34:18Z</time>
   </trkpt>
   <trkpt lat="48.2141250" lon="6.9421370">
    <ele>418.7</ele>
    <time>2024-04-26T13:34:19Z</time>
   </trkpt>
   <trkpt lat="48.2140730" lon="6.9421210">
    <ele>418.8</ele>
    <time>2024-04-26T13:34:20Z</time>
   </trkpt>
   <trkpt lat="48.2140210" lon="6.9421030">
    <ele>418.9</ele>
    <time>2024-04-26T13:34:21Z</time>
   </trkpt>
   <trkpt lat="48.2139690" lon="6.9420910">
    <ele>419.0</ele>
    <time>2024-04-26T13:34:22Z</time>
   </trkpt>
   <trkpt lat="48.2139160" lon="6.9420820">
    <ele>419.1</ele>
    <time>2024-04-26T13:34:23Z</time>
   </trkpt>
   <trkpt lat="48.2138630" lon="6.9420730">
    <ele>419.2</ele>
    <time>2024-04-26T13:34:24Z</time>
   </trkpt>
   <trkpt lat="48.2138080" lon="6.9420610">
    <ele>419.2</ele>
    <time>2024-04-26T13:34:25Z</time>
   </trkpt>
   <trkpt lat="48.2137510" lon="6.9420530">
    <ele>419.3</ele>
    <time>2024-04-26T13:34:26Z</time>
   </trkpt>
   <trkpt lat="48.2136940" lon="6.9420490">
    <ele>419.3</ele>
    <time>2024-04-26T13:34:27Z</time>
   </trkpt>
   <trkpt lat="48.2136390" lon="6.9420480">
    <ele>419.4</ele>
    <time>2024-04-26T13:34:28Z</time>
   </trkpt>
   <trkpt lat="48.2135840" lon="6.9420450">
    <ele>419.5</ele>
    <time>2024-04-26T13:34:29Z</time>
   </trkpt>
   <trkpt lat="48.2135260" lon="6.9420470">
    <ele>419.6</ele>
    <time>2024-04-26T13:34:30Z</time>
   </trkpt>
   <trkpt lat="48.2134690" lon="6.9420460">
    <ele>419.7</ele>
    <time>2024-04-26T13:34:31Z</time>
   </trkpt>
   <trkpt lat="48.2134120" lon="6.9420470">
    <ele>419.8</ele>
    <time>2024-04-26T13:34:32Z</time>
   </trkpt>
   <trkpt lat="48.2133560" lon="6.9420580">
    <ele>419.9</ele>
    <time>2024-04-26T13:34:33Z</time>
   </trkpt>
   <trkpt lat="48.2132990" lon="6.9420660">
    <ele>420.0</ele>
    <time>2024-04-26T13:34:34Z</time>
   </trkpt>
   <trkpt lat="48.2132430" lon="6.9420800">
    <ele>420.1</ele>
    <time>2024-04-26T13:34:35Z</time>
   </trkpt>
   <trkpt lat="48.2131850" lon="6.9420950">
    <ele>420.2</ele>
    <time>2024-04-26T13:34:36Z</time>
   </trkpt>
   <trkpt lat="48.2131290" lon="6.9421100">
    <ele>420.3</ele>
    <time>2024-04-26T13:34:37Z</time>
   </trkpt>
   <trkpt lat="48.2130720" lon="6.9421260">
    <ele>420.3</ele>
    <time>2024-04-26T13:34:38Z</time>
   </trkpt>
   <trkpt lat="48.2130150" lon="6.9421440">
    <ele>420.4</ele>
    <time>2024-04-26T13:34:39Z</time>
   </trkpt>
   <trkpt lat="48.2129570" lon="6.9421630">
    <ele>420.5</ele>
    <time>2024-04-26T13:34:40Z</time>
   </trkpt>
   <trkpt lat="48.2129000" lon="6.9421800">
    <ele>420.5</ele>
    <time>2024-04-26T13:34:41Z</time>
   </trkpt>
   <trkpt lat="48.2128430" lon="6.9421960">
    <ele>420.6</ele>
    <time>2024-04-26T13:34:42Z</time>
   </trkpt>
   <trkpt lat="48.2127870" lon="6.9422150">
    <ele>420.7</ele>
    <time>2024-04-26T13:34:43Z</time>
   </trkpt>
   <trkpt lat="48.2127300" lon="6.9422350">
    <ele>420.7</ele>
    <time>2024-04-26T13:34:44Z</time>
   </trkpt>
   <trkpt lat="48.2126730" lon="6.9422500">
    <ele>420.8</ele>
    <time>2024-04-26T13:34:45Z</time>
   </trkpt>
   <trkpt lat="48.2126150" lon="6.9422640">
    <ele>420.9</ele>
    <time>2024-04-26T13:34:46Z</time>
   </trkpt>
   <trkpt lat="48.2125570" lon="6.9422780">
    <ele>420.9</ele>
    <time>2024-04-26T13:34:47Z</time>
   </trkpt>
   <trkpt lat="48.2125000" lon="6.9422970">
    <ele>421.0</ele>
    <time>2024-04-26T13:34:48Z</time>
   </trkpt>
   <trkpt lat="48.2124420" lon="6.9423130">
    <ele>421.0</ele>
    <time>2024-04-26T13:34:49Z</time>
   </trkpt>
   <trkpt lat="48.2123830" lon="6.9423280">
    <ele>421.1</ele>
    <time>2024-04-26T13:34:50Z</time>
   </trkpt>
   <trkpt lat="48.2123280" lon="6.9423420">
    <ele>421.1</ele>
    <time>2024-04-26T13:34:51Z</time>
   </trkpt>
   <trkpt lat="48.2122720" lon="6.9423570">
    <ele>421.2</ele>
    <time>2024-04-26T13:34:52Z</time>
   </trkpt>
   <trkpt lat="48.2122180" lon="6.9423710">
    <ele>421.2</ele>
    <time>2024-04-26T13:34:53Z</time>
   </trkpt>
   <trkpt lat="48.2121640" lon="6.9423850">
    <ele>421.2</ele>
    <time>2024-04-26T13:34:54Z</time>
   </trkpt>
   <trkpt lat="48.2121130" lon="6.9423990">
    <ele>421.3</ele>
    <time>2024-04-26T13:34:55Z</time>
   </trkpt>
   <trkpt lat="48.2120620" lon="6.9424180">
    <ele>421.3</ele>
    <time>2024-04-26T13:34:56Z</time>
   </trkpt>
   <trkpt lat="48.2120090" lon="6.9424330">
    <ele>421.4</ele>
    <time>2024-04-26T13:34:57Z</time>
   </trkpt>
   <trkpt lat="48.2119560" lon="6.9424370">
    <ele>421.5</ele>
    <time>2024-04-26T13:34:58Z</time>
   </trkpt>
   <trkpt lat="48.2119030" lon="6.9424490">
    <ele>421.6</ele>
    <time>2024-04-26T13:34:59Z</time>
   </trkpt>
   <trkpt lat="48.2118520" lon="6.9424670">
    <ele>421.7</ele>
    <time>2024-04-26T13:35:00Z</time>
   </trkpt>
   <trkpt lat="48.2118060" lon="6.9424910">
    <ele>421.7</ele>
    <time>2024-04-26T13:35:01Z</time>
   </trkpt>
   <trkpt lat="48.2117530" lon="6.9425050">
    <ele>421.8</ele>
    <time>2024-04-26T13:35:02Z</time>
   </trkpt>
   <trkpt lat="48.2117030" lon="6.9425200">
    <ele>421.9</ele>
    <time>2024-04-26T13:35:03Z</time>
   </trkpt>
   <trkpt lat="48.2116530" lon="6.9425330">
    <ele>422.0</ele>
    <time>2024-04-26T13:35:04Z</time>
   </trkpt>
   <trkpt lat="48.2116010" lon="6.9425440">
    <ele>422.1</ele>
    <time>2024-04-26T13:35:05Z</time>
   </trkpt>
   <trkpt lat="48.2115490" lon="6.9425590">
    <ele>422.2</ele>
    <time>2024-04-26T13:35:06Z</time>
   </trkpt>
   <trkpt lat="48.2114980" lon="6.9425720">
    <ele>422.3</ele>
    <time>2024-04-26T13:35:07Z</time>
   </trkpt>
   <trkpt lat="48.2114450" lon="6.9425840">
    <ele>422.4</ele>
    <time>2024-04-26T13:35:08Z</time>
   </trkpt>
   <trkpt lat="48.2113920" lon="6.9425930">
    <ele>422.5</ele>
    <time>2024-04-26T13:35:09Z</time>
   </trkpt>
   <trkpt lat="48.2113380" lon="6.9426060">
    <ele>422.6</ele>
    <time>2024-04-26T13:35:10Z</time>
   </trkpt>
   <trkpt lat="48.2112850" lon="6.9426230">
    <ele>422.6</ele>
    <time>2024-04-26T13:35:11Z</time>
   </trkpt>
   <trkpt lat="48.2112310" lon="6.9426410">
    <ele>422.7</ele>
    <time>2024-04-26T13:35:12Z</time>
   </trkpt>
   <trkpt lat="48.2111780" lon="6.9426540">
    <ele>422.8</ele>
    <time>2024-04-26T13:35:13Z</time>
   </trkpt>
   <trkpt lat="48.2111240" lon="6.9426670">
    <ele>422.9</ele>
    <time>2024-04-26T13:35:14Z</time>
   </trkpt>
   <trkpt lat="48.2110700" lon="6.9426820">
    <ele>423.0</ele>
    <time>2024-04-26T13:35:15Z</time>
   </trkpt>
   <trkpt lat="48.2110160" lon="6.9426960">
    <ele>423.0</ele>
    <time>2024-04-26T13:35:16Z</time>
   </trkpt>
   <trkpt lat="48.2109590" lon="6.9427050">
    <ele>423.1</ele>
    <time>2024-04-26T13:35:17Z</time>
   </trkpt>
   <trkpt lat="48.2109040" lon="6.9427170">
    <ele>423.2</ele>
    <time>2024-04-26T13:35:18Z</time>
   </trkpt>
   <trkpt lat="48.2108470" lon="6.9427330">
    <ele>423.3</ele>
    <time>2024-04-26T13:35:19Z</time>
   </trkpt>
   <trkpt lat="48.2107910" lon="6.9427480">
    <ele>423.4</ele>
    <time>2024-04-26T13:35:20Z</time>
   </trkpt>
   <trkpt lat="48.2107330" lon="6.9427600">
    <ele>423.5</ele>
    <time>2024-04-26T13:35:21Z</time>
   </trkpt>
   <trkpt lat="48.2106780" lon="6.9427780">
    <ele>423.6</ele>
    <time>2024-04-26T13:35:22Z</time>
   </trkpt>
   <trkpt lat="48.2106240" lon="6.9427930">
    <ele>423.7</ele>
    <time>2024-04-26T13:35:23Z</time>
   </trkpt>
   <trkpt lat="48.2105690" lon="6.9428110">
    <ele>423.8</ele>
    <time>2024-04-26T13:35:24Z</time>
   </trkpt>
   <trkpt lat="48.2105110" lon="6.9428190">
    <ele>423.9</ele>
    <time>2024-04-26T13:35:25Z</time>
   </trkpt>
   <trkpt lat="48.2104560" lon="6.9428290">
    <ele>424.0</ele>
    <time>2024-04-26T13:35:26Z</time>
   </trkpt>
   <trkpt lat="48.2104040" lon="6.9428430">
    <ele>424.1</ele>
    <time>2024-04-26T13:35:27Z</time>
   </trkpt>
   <trkpt lat="48.2103510" lon="6.9428610">
    <ele>424.2</ele>
    <time>2024-04-26T13:35:28Z</time>
   </trkpt>
   <trkpt lat="48.2103000" lon="6.9428720">
    <ele>424.3</ele>
    <time>2024-04-26T13:35:29Z</time>
   </trkpt>
   <trkpt lat="48.2102480" lon="6.9428860">
    <ele>424.4</ele>
    <time>2024-04-26T13:35:30Z</time>
   </trkpt>
   <trkpt lat="48.2101980" lon="6.9429000">
    <ele>424.4</ele>
    <time>2024-04-26T13:35:31Z</time>
   </trkpt>
   <trkpt lat="48.2101470" lon="6.9429150">
    <ele>424.5</ele>
    <time>2024-04-26T13:35:32Z</time>
   </trkpt>
   <trkpt lat="48.2100960" lon="6.9429320">
    <ele>424.6</ele>
    <time>2024-04-26T13:35:33Z</time>
   </trkpt>
   <trkpt lat="48.2100450" lon="6.9429470">
    <ele>424.6</ele>
    <time>2024-04-26T13:35:34Z</time>
   </trkpt>
   <trkpt lat="48.2099910" lon="6.9429600">
    <ele>424.7</ele>
    <time>2024-04-26T13:35:35Z</time>
   </trkpt>
   <trkpt lat="48.2099370" lon="6.9429740">
    <ele>424.7</ele>
    <time>2024-04-26T13:35:36Z</time>
   </trkpt>
   <trkpt lat="48.2098840" lon="6.9429870">
    <ele>424.8</ele>
    <time>2024-04-26T13:35:37Z</time>
   </trkpt>
   <trkpt lat="48.2098330" lon="6.9430030">
    <ele>424.8</ele>
    <time>2024-04-26T13:35:38Z</time>
   </trkpt>
   <trkpt lat="48.2097810" lon="6.9430160">
    <ele>424.9</ele>
    <time>2024-04-26T13:35:39Z</time>
   </trkpt>
   <trkpt lat="48.2097280" lon="6.9430280">
    <ele>424.9</ele>
    <time>2024-04-26T13:35:40Z</time>
   </trkpt>
   <trkpt lat="48.2096740" lon="6.9430460">
    <ele>425.0</ele>
    <time>2024-04-26T13:35:41Z</time>
   </trkpt>
   <trkpt lat="48.2096170" lon="6.9430610">
    <ele>425.0</ele>
    <time>2024-04-26T13:35:42Z</time>
   </trkpt>
   <trkpt lat="48.2095600" lon="6.9430760">
    <ele>425.0</ele>
    <time>2024-04-26T13:35:43Z</time>
   </trkpt>
   <trkpt lat="48.2095030" lon="6.9430890">
    <ele>425.1</ele>
    <time>2024-04-26T13:35:44Z</time>
   </trkpt>
   <trkpt lat="48.2094460" lon="6.9431010">
    <ele>425.1</ele>
    <time>2024-04-26T13:35:45Z</time>
   </trkpt>
   <trkpt lat="48.2093880" lon="6.9431180">
    <ele>425.2</ele>
    <time>2024-04-26T13:35:46Z</time>
   </trkpt>
   <trkpt lat="48.2093300" lon="6.9431350">
    <ele>425.2</ele>
    <time>2024-04-26T13:35:47Z</time>
   </trkpt>
   <trkpt lat="48.2092750" lon="6.9431500">
    <ele>425.3</ele>
    <time>2024-04-26T13:35:48Z</time>
   </trkpt>
   <trkpt lat="48.2092180" lon="6.9431640">
    <ele>425.4</ele>
    <time>2024-04-26T13:35:49Z</time>
   </trkpt>
   <trkpt lat="48.2091590" lon="6.9431780">
    <ele>425.4</ele>
    <time>2024-04-26T13:35:50Z</time>
   </trkpt>
   <trkpt lat="48.2091010" lon="6.9431900">
    <ele>425.5</ele>
    <time>2024-04-26T13:35:51Z</time>
   </trkpt>
   <trkpt lat="48.2090410" lon="6.9431960">
    <ele>425.5</ele>
    <time>2024-04-26T13:35:52Z</time>
   </trkpt>
   <trkpt lat="48.2089840" lon="6.9432100">
    <ele>425.6</ele>
    <time>2024-04-26T13:35:53Z</time>
   </trkpt>
   <trkpt lat="48.2089240" lon="6.9432270">
    <ele>425.7</ele>
    <time>2024-04-26T13:35:54Z</time>
   </trkpt>
   <trkpt lat="48.2088650" lon="6.9432440">
    <ele>425.7</ele>
    <time>2024-04-26T13:35:55Z</time>
   </trkpt>
   <trkpt lat="48.2088060" lon="6.9432600">
    <ele>425.8</ele>
    <time>2024-04-26T13:35:56Z</time>
   </trkpt>
   <trkpt lat="48.2087500" lon="6.9432790">
    <ele>425.8</ele>
    <time>2024-04-26T13:35:57Z</time>
   </trkpt>
   <trkpt lat="48.2086940" lon="6.9432920">
    <ele>425.9</ele>
    <time>2024-04-26T13:35:58Z</time>
   </trkpt>
   <trkpt lat="48.2086390" lon="6.9433070">
    <ele>426.0</ele>
    <time>2024-04-26T13:35:59Z</time>
   </trkpt>
   <trkpt lat="48.2085830" lon="6.9433250">
    <ele>426.0</ele>
    <time>2024-04-26T13:36:00Z</time>
   </trkpt>
   <trkpt lat="48.2085260" lon="6.9433400">
    <ele>426.1</ele>
    <time>2024-04-26T13:36:01Z</time>
   </trkpt>
   <trkpt lat="48.2084700" lon="6.9433550">
    <ele>426.2</ele>
    <time>2024-04-26T13:36:02Z</time>
   </trkpt>
   <trkpt lat="48.2084120" lon="6.9433720">
    <ele>426.2</ele>
    <time>2024-04-26T13:36:03Z</time>
   </trkpt>
   <trkpt lat="48.2083550" lon="6.9433880">
    <ele>426.3</ele>
    <time>2024-04-26T13:36:04Z</time>
   </trkpt>
   <trkpt lat="48.2082980" lon="6.9434010">
    <ele>426.4</ele>
    <time>2024-04-26T13:36:05Z</time>
   </trkpt>
   <trkpt lat="48.2082430" lon="6.9434210">
    <ele>426.5</ele>
    <time>2024-04-26T13:36:06Z</time>
   </trkpt>
   <trkpt lat="48.2081880" lon="6.9434370">
    <ele>426.6</ele>
    <time>2024-04-26T13:36:07Z</time>
   </trkpt>
   <trkpt lat="48.2081320" lon="6.9434500">
    <ele>426.7</ele>
    <time>2024-04-26T13:36:08Z</time>
   </trkpt>
   <trkpt lat="48.2080770" lon="6.9434670">
    <ele>426.8</ele>
    <time>2024-04-26T13:36:09Z</time>
   </trkpt>
   <trkpt lat="48.2080220" lon="6.9434840">
    <ele>426.9</ele>
    <time>2024-04-26T13:36:10Z</time>
   </trkpt>
   <trkpt lat="48.2079680" lon="6.9434930">
    <ele>427.0</ele>
    <time>2024-04-26T13:36:11Z</time>
   </trkpt>
   <trkpt lat="48.2079130" lon="6.9435070">
    <ele>427.1</ele>
    <time>2024-04-26T13:36:12Z</time>
   </trkpt>
   <trkpt lat="48.2078590" lon="6.9435180">
    <ele>427.2</ele>
    <time>2024-04-26T13:36:13Z</time>
   </trkpt>
   <trkpt lat="48.2078060" lon="6.9435320">
    <ele>427.3</ele>
    <time>2024-04-26T13:36:14Z</time>
   </trkpt>
   <trkpt lat="48.2077540" lon="6.9435520">
    <ele>427.4</ele>
    <time>2024-04-26T13:36:15Z</time>
   </trkpt>
   <trkpt lat="48.2077020" lon="6.9435670">
    <ele>427.5</ele>
    <time>2024-04-26T13:36:16Z</time>
   </trkpt>
   <trkpt lat="48.2076510" lon="6.9435880">
    <ele>427.5</ele>
    <time>2024-04-26T13:36:17Z</time>
   </trkpt>
   <trkpt lat="48.2075990" lon="6.9436000">
    <ele>427.6</ele>
    <time>2024-04-26T13:36:18Z</time>
   </trkpt>
   <trkpt lat="48.2075480" lon="6.9436190">
    <ele>427.7</ele>
    <time>2024-04-26T13:36:19Z</time>
   </trkpt>
   <trkpt lat="48.2074960" lon="6.9436360">
    <ele>427.7</ele>
    <time>2024-04-26T13:36:20Z</time>
   </trkpt>
   <trkpt lat="48.2074430" lon="6.9436570">
    <ele>427.8</ele>
    <time>2024-04-26T13:36:21Z</time>
   </trkpt>
   <trkpt lat="48.2073880" lon="6.9436710">
    <ele>427.9</ele>
    <time>2024-04-26T13:36:22Z</time>
   </trkpt>
   <trkpt lat="48.2073320" lon="6.9436860">
    <ele>427.9</ele>
    <time>2024-04-26T13:36:23Z</time>
   </trkpt>
   <trkpt lat="48.2072770" lon="6.9437000">
    <ele>428.0</ele>
    <time>2024-04-26T13:36:24Z</time>
   </trkpt>
   <trkpt lat="48.2072230" lon="6.9437140">
    <ele>428.1</ele>
    <time>2024-04-26T13:36:25Z</time>
   </trkpt>
   <trkpt lat="48.2071670" lon="6.9437260">
    <ele>428.2</ele>
    <time>2024-04-26T13:36:26Z</time>
   </trkpt>
   <trkpt lat="48.2071110" lon="6.9437360">
    <ele>428.3</ele>
    <time>2024-04-26T13:36:27Z</time>
   </trkpt>
   <trkpt lat="48.2070570" lon="6.9437500">
    <ele>428.4</ele>
    <time>2024-04-26T13:36:28Z</time>
   </trkpt>
   <trkpt lat="48.2070010" lon="6.9437620">
    <ele>428.5</ele>
    <time>2024-04-26T13:36:29Z</time>
   </trkpt>
   <trkpt lat="48.2069460" lon="6.9437610">
    <ele>428.6</ele>
    <time>2024-04-26T13:36:30Z</time>
   </trkpt>
   <trkpt lat="48.2068940" lon="6.9437450">
    <ele>428.6</ele>
    <time>2024-04-26T13:36:31Z</time>
   </trkpt>
   <trkpt lat="48.2068500" lon="6.9437160">
    <ele>428.6</ele>
    <time>2024-04-26T13:36:32Z</time>
   </trkpt>
   <trkpt lat="48.2068090" lon="6.9436770">
    <ele>428.6</ele>
    <time>2024-04-26T13:36:33Z</time>
   </trkpt>
   <trkpt lat="48.2067710" lon="6.9436410">
    <ele>428.6</ele>
    <time>2024-04-26T13:36:34Z</time>
   </trkpt>
   <trkpt lat="48.2067390" lon="6.9436030">
    <ele>428.7</ele>
    <time>2024-04-26T13:36:35Z</time>
   </trkpt>
   <trkpt lat="48.2067100" lon="6.9435570">
    <ele>428.8</ele>
    <time>2024-04-26T13:36:36Z</time>
   </trkpt>
   <trkpt lat="48.2066860" lon="6.9435030">
    <ele>428.8</ele>
    <time>2024-04-26T13:36:37Z</time>
   </trkpt>
   <trkpt lat="48.2066670" lon="6.9434440">
    <ele>428.9</ele>
    <time>2024-04-26T13:36:38Z</time>
   </trkpt>
   <trkpt lat="48.2066460" lon="6.9433840">
    <ele>429.0</ele>
    <time>2024-04-26T13:36:39Z</time>
   </trkpt>
   <trkpt lat="48.2066250" lon="6.9433260">
    <ele>429.1</ele>
    <time>2024-04-26T13:36:40Z</time>
   </trkpt>
   <trkpt lat="48.2066040" lon="6.9432640">
    <ele>429.1</ele>
    <time>2024-04-26T13:36:41Z</time>
   </trkpt>
   <trkpt lat="48.2065830" lon="6.9432020">
    <ele>429.1</ele>
    <time>2024-04-26T13:36:42Z</time>
   </trkpt>
   <trkpt lat="48.2065630" lon="6.9431370">
    <ele>429.2</ele>
    <time>2024-04-26T13:36:43Z</time>
   </trkpt>
   <trkpt lat="48.2065420" lon="6.9430690">
    <ele>429.2</ele>
    <time>2024-04-26T13:36:44Z</time>
   </trkpt>
   <trkpt lat="48.2065210" lon="6.9430010">
    <ele>429.2</ele>
    <time>2024-04-26T13:36:45Z</time>
   </trkpt>
   <trkpt lat="48.2065080" lon="6.9429300">
    <ele>429.2</ele>
    <time>2024-04-26T13:36:46Z</time>
   </trkpt>
   <trkpt lat="48.2064950" lon="6.9428580">
    <ele>429.2</ele>
    <time>2024-04-26T13:36:47Z</time>
   </trkpt>
   <trkpt lat="48.2064810" lon="6.9427830">
    <ele>429.3</ele>
    <time>2024-04-26T13:36:48Z</time>
   </trkpt>
   <trkpt lat="48.2064650" lon="6.9427080">
    <ele>429.3</ele>
    <time>2024-04-26T13:36:49Z</time>
   </trkpt>
   <trkpt lat="48.2064470" lon="6.9426300">
    <ele>429.3</ele>
    <time>2024-04-26T13:36:50Z</time>
   </trkpt>
   <trkpt lat="48.2064320" lon="6.9425510">
    <ele>429.3</ele>
    <time>2024-04-26T13:36:51Z</time>
   </trkpt>
   <trkpt lat="48.2064130" lon="6.9424720">
    <ele>429.3</ele>
    <time>2024-04-26T13:36:52Z</time>
   </trkpt>
   <trkpt lat="48.2063970" lon="6.9423930">
    <ele>429.3</ele>
    <time>2024-04-26T13:36:53Z</time>
   </trkpt>
   <trkpt lat="48.2063800" lon="6.9423110">
    <ele>429.2</ele>
    <time>2024-04-26T13:36:54Z</time>
   </trkpt>
   <trkpt lat="48.2063620" lon="6.9422310">
    <ele>429.2</ele>
    <time>2024-04-26T13:36:55Z</time>
   </trkpt>
   <trkpt lat="48.2063460" lon="6.9421490">
    <ele>429.2</ele>
    <time>2024-04-26T13:36:56Z</time>
   </trkpt>
   <trkpt lat="48.2063300" lon="6.9420670">
    <ele>429.2</ele>
    <time>2024-04-26T13:36:57Z</time>
   </trkpt>
   <trkpt lat="48.2063110" lon="6.9419870">
    <ele>429.2</ele>
    <time>2024-04-26T13:36:58Z</time>
   </trkpt>
   <trkpt lat="48.2062950" lon="6.9419070">
    <ele>429.2</ele>
    <time>2024-04-26T13:36:59Z</time>
   </trkpt>
   <trkpt lat="48.2062810" lon="6.9418270">
    <ele>429.2</ele>
    <time>2024-04-26T13:37:00Z</time>
   </trkpt>
   <trkpt lat="48.2062670" lon="6.9417500">
    <ele>429.2</ele>
    <time>2024-04-26T13:37:01Z</time>
   </trkpt>
   <trkpt lat="48.2062500" lon="6.9416750">
    <ele>429.3</ele>
    <time>2024-04-26T13:37:02Z</time>
   </trkpt>
   <trkpt lat="48.2062370" lon="6.9416020">
    <ele>429.3</ele>
    <time>2024-04-26T13:37:03Z</time>
   </trkpt>
   <trkpt lat="48.2062190" lon="6.9415340">
    <ele>429.3</ele>
    <time>2024-04-26T13:37:04Z</time>
   </trkpt>
   <trkpt lat="48.2062100" lon="6.9414660">
    <ele>429.3</ele>
    <time>2024-04-26T13:37:05Z</time>
   </trkpt>
   <trkpt lat="48.2061970" lon="6.9414000">
    <ele>429.3</ele>
    <time>2024-04-26T13:37:06Z</time>
   </trkpt>
   <trkpt lat="48.2061890" lon="6.9413340">
    <ele>429.3</ele>
    <time>2024-04-26T13:37:07Z</time>
   </trkpt>
   <trkpt lat="48.2061870" lon="6.9412680">
    <ele>429.2</ele>
    <time>2024-04-26T13:37:08Z</time>
   </trkpt>
   <trkpt lat="48.2061640" lon="6.9412200">
    <ele>429.1</ele>
    <time>2024-04-26T13:37:09Z</time>
   </trkpt>
   <trkpt lat="48.2061270" lon="6.9412020">
    <ele>429.1</ele>
    <time>2024-04-26T13:37:10Z</time>
   </trkpt>
   <trkpt lat="48.2060900" lon="6.9412120">
    <ele>429.1</ele>
    <time>2024-04-26T13:37:11Z</time>
   </trkpt>
   <trkpt lat="48.2060570" lon="6.9412350">
    <ele>429.1</ele>
    <time>2024-04-26T13:37:12Z</time>
   </trkpt>
   <trkpt lat="48.2060280" lon="6.9412650">
    <ele>429.1</ele>
    <time>2024-04-26T13:37:13Z</time>
   </trkpt>
   <trkpt lat="48.2059990" lon="6.9412800">
    <ele>429.2</ele>
    <time>2024-04-26T13:37:14Z</time>
   </trkpt>
   <trkpt lat="48.2059720" lon="6.9412960">
    <ele>429.2</ele>
    <time>2024-04-26T13:37:15Z</time>
   </trkpt>
   <trkpt lat="48.2059390" lon="6.9413150">
    <ele>429.2</ele>
    <time>2024-04-26T13:37:16Z</time>
   </trkpt>
   <trkpt lat="48.2059010" lon="6.9413370">
    <ele>429.2</ele>
    <time>2024-04-26T13:37:17Z</time>
   </trkpt>
   <trkpt lat="48.2058570" lon="6.9413620">
    <ele>429.2</ele>
    <time>2024-04-26T13:37:18Z</time>
   </trkpt>
   <trkpt lat="48.2058090" lon="6.9413810">
    <ele>429.3</ele>
    <time>2024-04-26T13:37:19Z</time>
   </trkpt>
   <trkpt lat="48.2057640" lon="6.9414060">
    <ele>429.3</ele>
    <time>2024-04-26T13:37:20Z</time>
   </trkpt>
   <trkpt lat="48.2057200" lon="6.9414200">
    <ele>429.4</ele>
    <time>2024-04-26T13:37:21Z</time>
   </trkpt>
   <trkpt lat="48.2056730" lon="6.9414310">
    <ele>429.4</ele>
    <time>2024-04-26T13:37:22Z</time>
   </trkpt>
   <trkpt lat="48.2056280" lon="6.9414420">
    <ele>429.5</ele>
    <time>2024-04-26T13:37:23Z</time>
   </trkpt>
   <trkpt lat="48.2055820" lon="6.9414540">
    <ele>429.5</ele>
    <time>2024-04-26T13:37:24Z</time>
   </trkpt>
   <trkpt lat="48.2055330" lon="6.9414650">
    <ele>429.6</ele>
    <time>2024-04-26T13:37:25Z</time>
   </trkpt>
   <trkpt lat="48.2054870" lon="6.9414720">
    <ele>429.6</ele>
    <time>2024-04-26T13:37:26Z</time>
   </trkpt>
   <trkpt lat="48.2054370" lon="6.9414710">
    <ele>429.7</ele>
    <time>2024-04-26T13:37:27Z</time>
   </trkpt>
   <trkpt lat="48.2053870" lon="6.9414670">
    <ele>429.8</ele>
    <time>2024-04-26T13:37:28Z</time>
   </trkpt>
   <trkpt lat="48.2053360" lon="6.9414650">
    <ele>429.9</ele>
    <time>2024-04-26T13:37:29Z</time>
   </trkpt>
   <trkpt lat="48.2052860" lon="6.9414600">
    <ele>429.9</ele>
    <time>2024-04-26T13:37:30Z</time>
   </trkpt>
   <trkpt lat="48.2052350" lon="6.9414600">
    <ele>430.0</ele>
    <time>2024-04-26T13:37:31Z</time>
   </trkpt>
   <trkpt lat="48.2051880" lon="6.9414650">
    <ele>430.1</ele>
    <time>2024-04-26T13:37:32Z</time>
   </trkpt>
   <trkpt lat="48.2051420" lon="6.9414720">
    <ele>430.1</ele>
    <time>2024-04-26T13:37:33Z</time>
   </trkpt>
   <trkpt lat="48.2050940" lon="6.9414690">
    <ele>430.2</ele>
    <time>2024-04-26T13:37:34Z</time>
   </trkpt>
   <trkpt lat="48.2050480" lon="6.9414670">
    <ele>430.2</ele>
    <time>2024-04-26T13:37:35Z</time>
   </trkpt>
   <trkpt lat="48.2050010" lon="6.9414650">
    <ele>430.3</ele>
    <time>2024-04-26T13:37:36Z</time>
   </trkpt>
   <trkpt lat="48.2049530" lon="6.9414650">
    <ele>430.3</ele>
    <time>2024-04-26T13:37:37Z</time>
   </trkpt>
   <trkpt lat="48.2049070" lon="6.9414700">
    <ele>430.4</ele>
    <time>2024-04-26T13:37:38Z</time>
   </trkpt>
   <trkpt lat="48.2048590" lon="6.9414770">
    <ele>430.5</ele>
    <time>2024-04-26T13:37:39Z</time>
   </trkpt>
   <trkpt lat="48.2048120" lon="6.9414730">
    <ele>430.5</ele>
    <time>2024-04-26T13:37:40Z</time>
   </trkpt>
   <trkpt lat="48.2047640" lon="6.9414720">
    <ele>430.6</ele>
    <time>2024-04-26T13:37:41Z</time>
   </trkpt>
   <trkpt lat="48.2047170" lon="6.9414750">
    <ele>430.7</ele>
    <time>2024-04-26T13:37:42Z</time>
   </trkpt>
   <trkpt lat="48.2046720" lon="6.9414740">
    <ele>430.7</ele>
    <time>2024-04-26T13:37:43Z</time>
   </trkpt>
   <trkpt lat="48.2046240" lon="6.9414680">
    <ele>430.8</ele>
    <time>2024-04-26T13:37:44Z</time>
   </trkpt>
   <trkpt lat="48.2045750" lon="6.9414630">
    <ele>430.9</ele>
    <time>2024-04-26T13:37:45Z</time>
   </trkpt>
   <trkpt lat="48.2045270" lon="6.9414550">
    <ele>430.9</ele>
    <time>2024-04-26T13:37:46Z</time>
   </trkpt>
   <trkpt lat="48.2044810" lon="6.9414550">
    <ele>431.0</ele>
    <time>2024-04-26T13:37:47Z</time>
   </trkpt>
   <trkpt lat="48.2044350" lon="6.9414550">
    <ele>431.0</ele>
    <time>2024-04-26T13:37:48Z</time>
   </trkpt>
   <trkpt lat="48.2043890" lon="6.9414450">
    <ele>431.1</ele>
    <time>2024-04-26T13:37:49Z</time>
   </trkpt>
   <trkpt lat="48.2043450" lon="6.9414340">
    <ele>431.1</ele>
    <time>2024-04-26T13:37:50Z</time>
   </trkpt>
   <trkpt lat="48.2043040" lon="6.9414240">
    <ele>431.2</ele>
    <time>2024-04-26T13:37:51Z</time>
   </trkpt>
   <trkpt lat="48.2042680" lon="6.9414080">
    <ele>431.2</ele>
    <time>2024-04-26T13:37:52Z</time>
   </trkpt>
   <trkpt lat="48.2042340" lon="6.9413910">
    <ele>431.2</ele>
    <time>2024-04-26T13:37:53Z</time>
   </trkpt>
   <trkpt lat="48.2042010" lon="6.9413780">
    <ele>431.3</ele>
    <time>2024-04-26T13:37:54Z</time>
   </trkpt>
   <trkpt lat="48.2041710" lon="6.9413660">
    <ele>431.3</ele>
    <time>2024-04-26T13:37:55Z</time>
   </trkpt>
   <trkpt lat="48.2041430" lon="6.9413550">
    <ele>431.3</ele>
    <time>2024-04-26T13:37:56Z</time>
   </trkpt>
   <trkpt lat="48.2041070" lon="6.9413390">
    <ele>431.3</ele>
    <time>2024-04-26T13:37:57Z</time>
   </trkpt>
   <trkpt lat="48.2040960" lon="6.9413330">
    <ele>431.4</ele>
    <time>2024-04-26T13:37:58Z</time>
   </trkpt>
   <trkpt lat="48.2040690" lon="6.9413120">
    <ele>431.4</ele>
    <time>2024-04-26T13:37:59Z</time>
   </trkpt>
   <trkpt lat="48.2040620" lon="6.9413080">
    <ele>431.4</ele>
    <time>2024-04-26T13:38:00Z</time>
   </trkpt>
   <trkpt lat="48.2040570" lon="6.9413070">
    <ele>431.4</ele>
    <time>2024-04-26T13:38:01Z</time>
   </trkpt>
   <trkpt lat="48.2040600" lon="6.9413090">
    <ele>431.4</ele>
    <time>2024-04-26T13:38:02Z</time>
   </trkpt>
   <trkpt lat="48.2040610" lon="6.9413100">
    <ele>431.4</ele>
    <time>2024-04-26T13:38:03Z</time>
   </trkpt>
   <trkpt lat="48.2040620" lon="6.9413110">
    <ele>431.4</ele>
    <time>2024-04-26T13:38:04Z</time>
   </trkpt>
   <trkpt lat="48.2040630" lon="6.9413100">
    <ele>431.4</ele>
    <time>2024-04-26T13:38:05Z</time>
   </trkpt>
   <trkpt lat="48.2040610" lon="6.9413060">
    <ele>431.4</ele>
    <time>2024-04-26T13:38:06Z</time>
   </trkpt>
   <trkpt lat="48.2040590" lon="6.9413030">
    <ele>431.4</ele>
    <time>2024-04-26T13:38:07Z</time>
   </trkpt>
   <trkpt lat="48.2040580" lon="6.9413020">
    <ele>431.4</ele>
    <time>2024-04-26T13:38:08Z</time>
   </trkpt>
   <trkpt lat="48.2040570" lon="6.9413020">
    <ele>431.4</ele>
    <time>2024-04-26T13:38:09Z</time>
   </trkpt>
   <trkpt lat="48.2040570" lon="6.9413010">
    <ele>431.4</ele>
    <time>2024-04-26T13:38:10Z</time>
   </trkpt>
   <trkpt lat="48.2040570" lon="6.9413000">
    <ele>431.4</ele>
    <time>2024-04-26T13:38:11Z</time>
   </trkpt>
   <trkpt lat="48.2040560" lon="6.9413000">
    <ele>431.4</ele>
    <time>2024-04-26T13:38:12Z</time>
   </trkpt>
   <trkpt lat="48.2040340" lon="6.9413170">
    <ele>431.4</ele>
    <time>2024-04-26T13:42:51Z</time>
   </trkpt>
   <trkpt lat="48.2040290" lon="6.9413190">
    <ele>431.4</ele>
    <time>2024-04-26T13:42:52Z</time>
   </trkpt>
   <trkpt lat="48.2040270" lon="6.9413200">
    <ele>431.4</ele>
    <time>2024-04-26T13:42:53Z</time>
   </trkpt>
   <trkpt lat="48.2040280" lon="6.9413220">
    <ele>431.4</ele>
    <time>2024-04-26T13:42:54Z</time>
   </trkpt>
   <trkpt lat="48.2040300" lon="6.9413250">
    <ele>431.4</ele>
    <time>2024-04-26T13:42:55Z</time>
   </trkpt>
   <trkpt lat="48.2040320" lon="6.9413260">
    <ele>431.4</ele>
    <time>2024-04-26T13:42:56Z</time>
   </trkpt>
   <trkpt lat="48.2040330" lon="6.9413260">
    <ele>431.4</ele>
    <time>2024-04-26T13:42:57Z</time>
   </trkpt>
   <trkpt lat="48.2040340" lon="6.9413260">
    <ele>431.4</ele>
    <time>2024-04-26T13:42:58Z</time>
   </trkpt>
   <trkpt lat="48.2040340" lon="6.9413260">
    <ele>431.4</ele>
    <time>2024-04-26T13:42:59Z</time>
   </trkpt>
   <trkpt lat="48.2040340" lon="6.9413260">
    <ele>431.4</ele>
    <time>2024-04-26T13:43:00Z</time>
   </trkpt>
   <trkpt lat="48.2040340" lon="6.9413250">
    <ele>431.4</ele>
    <time>2024-04-26T13:43:01Z</time>
   </trkpt>
   <trkpt lat="48.2040330" lon="6.9413250">
    <ele>431.4</ele>
    <time>2024-04-26T13:43:02Z</time>
   </trkpt>
   <trkpt lat="48.2040330" lon="6.9413250">
    <ele>431.4</ele>
    <time>2024-04-26T13:43:03Z</time>
   </trkpt>
   <trkpt lat="48.2039990" lon="6.9413140">
    <ele>431.5</ele>
    <time>2024-04-26T13:43:11Z</time>
   </trkpt>
   <trkpt lat="48.2039820" lon="6.9413070">
    <ele>431.5</ele>
    <time>2024-04-26T13:43:12Z</time>
   </trkpt>
   <trkpt lat="48.2039650" lon="6.9413010">
    <ele>431.5</ele>
    <time>2024-04-26T13:43:13Z</time>
   </trkpt>
   <trkpt lat="48.2039330" lon="6.9412950">
    <ele>431.5</ele>
    <time>2024-04-26T13:43:14Z</time>
   </trkpt>
   <trkpt lat="48.2039220" lon="6.9412920">
    <ele>431.5</ele>
    <time>2024-04-26T13:43:15Z</time>
   </trkpt>
   <trkpt lat="48.2038850" lon="6.9412800">
    <ele>431.5</ele>
    <time>2024-04-26T13:43:16Z</time>
   </trkpt>
   <trkpt lat="48.2038720" lon="6.9412750">
    <ele>431.6</ele>
    <time>2024-04-26T13:43:17Z</time>
   </trkpt>
   <trkpt lat="48.2038440" lon="6.9412610">
    <ele>431.6</ele>
    <time>2024-04-26T13:43:18Z</time>
   </trkpt>
   <trkpt lat="48.2038160" lon="6.9412450">
    <ele>431.6</ele>
    <time>2024-04-26T13:43:19Z</time>
   </trkpt>
   <trkpt lat="48.2037890" lon="6.9412300">
    <ele>431.6</ele>
    <time>2024-04-26T13:43:20Z</time>
   </trkpt>
   <trkpt lat="48.2037590" lon="6.9412150">
    <ele>431.6</ele>
    <time>2024-04-26T13:43:21Z</time>
   </trkpt>
   <trkpt lat="48.2037250" lon="6.9412010">
    <ele>431.6</ele>
    <time>2024-04-26T13:43:22Z</time>
   </trkpt>
   <trkpt lat="48.2036870" lon="6.9411860">
    <ele>431.7</ele>
    <time>2024-04-26T13:43:23Z</time>
   </trkpt>
   <trkpt lat="48.2036480" lon="6.9411700">
    <ele>431.7</ele>
    <time>2024-04-26T13:43:24Z</time>
   </trkpt>
   <trkpt lat="48.2036060" lon="6.9411520">
    <ele>431.7</ele>
    <time>2024-04-26T13:43:25Z</time>
   </trkpt>
   <trkpt lat="48.2035640" lon="6.9411320">
    <ele>431.7</ele>
    <time>2024-04-26T13:43:26Z</time>
   </trkpt>
   <trkpt lat="48.2035230" lon="6.9411140">
    <ele>431.7</ele>
    <time>2024-04-26T13:43:27Z</time>
   </trkpt>
   <trkpt lat="48.2034800" lon="6.9410960">
    <ele>431.8</ele>
    <time>2024-04-26T13:43:28Z</time>
   </trkpt>
   <trkpt lat="48.2034370" lon="6.9410770">
    <ele>431.8</ele>
    <time>2024-04-26T13:43:29Z</time>
   </trkpt>
   <trkpt lat="48.2033920" lon="6.9410590">
    <ele>431.9</ele>
    <time>2024-04-26T13:43:30Z</time>
   </trkpt>
   <trkpt lat="48.2033460" lon="6.9410420">
    <ele>431.9</ele>
    <time>2024-04-26T13:43:31Z</time>
   </trkpt>
   <trkpt lat="48.2033000" lon="6.9410250">
    <ele>431.9</ele>
    <time>2024-04-26T13:43:32Z</time>
   </trkpt>
   <trkpt lat="48.2032550" lon="6.9410020">
    <ele>432.0</ele>
    <time>2024-04-26T13:43:33Z</time>
   </trkpt>
   <trkpt lat="48.2032090" lon="6.9409810">
    <ele>432.0</ele>
    <time>2024-04-26T13:43:34Z</time>
   </trkpt>
   <trkpt lat="48.2031610" lon="6.9409660">
    <ele>432.1</ele>
    <time>2024-04-26T13:43:35Z</time>
   </trkpt>
   <trkpt lat="48.2031130" lon="6.9409480">
    <ele>432.1</ele>
    <time>2024-04-26T13:43:36Z</time>
   </trkpt>
   <trkpt lat="48.2030640" lon="6.9409280">
    <ele>432.2</ele>
    <time>2024-04-26T13:43:37Z</time>
   </trkpt>
   <trkpt lat="48.2030140" lon="6.9409130">
    <ele>432.2</ele>
    <time>2024-04-26T13:43:38Z</time>
   </trkpt>
   <trkpt lat="48.2029650" lon="6.9408950">
    <ele>432.3</ele>
    <time>2024-04-26T13:43:39Z</time>
   </trkpt>
   <trkpt lat="48.2029180" lon="6.9408750">
    <ele>432.3</ele>
    <time>2024-04-26T13:43:40Z</time>
   </trkpt>
   <trkpt lat="48.2028700" lon="6.9408550">
    <ele>432.3</ele>
    <time>2024-04-26T13:43:41Z</time>
   </trkpt>
   <trkpt lat="48.2028220" lon="6.9408330">
    <ele>432.4</ele>
    <time>2024-04-26T13:43:42Z</time>
   </trkpt>
   <trkpt lat="48.2027770" lon="6.9408120">
    <ele>432.4</ele>
    <time>2024-04-26T13:43:43Z</time>
   </trkpt>
   <trkpt lat="48.2027320" lon="6.9407880">
    <ele>432.5</ele>
    <time>2024-04-26T13:43:44Z</time>
   </trkpt>
   <trkpt lat="48.2026880" lon="6.9407650">
    <ele>432.5</ele>
    <time>2024-04-26T13:43:45Z</time>
   </trkpt>
   <trkpt lat="48.2026400" lon="6.9407450">
    <ele>432.6</ele>
    <time>2024-04-26T13:43:46Z</time>
   </trkpt>
   <trkpt lat="48.2025920" lon="6.9407280">
    <ele>432.6</ele>
    <time>2024-04-26T13:43:47Z</time>
   </trkpt>
   <trkpt lat="48.2025470" lon="6.9407080">
    <ele>432.7</ele>
    <time>2024-04-26T13:43:48Z</time>
   </trkpt>
   <trkpt lat="48.2025020" lon="6.9406850">
    <ele>432.8</ele>
    <time>2024-04-26T13:43:49Z</time>
   </trkpt>
   <trkpt lat="48.2024570" lon="6.9406650">
    <ele>432.9</ele>
    <time>2024-04-26T13:43:50Z</time>
   </trkpt>
   <trkpt lat="48.2024100" lon="6.9406430">
    <ele>432.9</ele>
    <time>2024-04-26T13:43:51Z</time>
   </trkpt>
   <trkpt lat="48.2023630" lon="6.9406240">
    <ele>433.0</ele>
    <time>2024-04-26T13:43:52Z</time>
   </trkpt>
   <trkpt lat="48.2023160" lon="6.9406070">
    <ele>433.1</ele>
    <time>2024-04-26T13:43:53Z</time>
   </trkpt>
   <trkpt lat="48.2022730" lon="6.9405830">
    <ele>433.1</ele>
    <time>2024-04-26T13:43:54Z</time>
   </trkpt>
   <trkpt lat="48.2022280" lon="6.9405590">
    <ele>433.2</ele>
    <time>2024-04-26T13:43:55Z</time>
   </trkpt>
   <trkpt lat="48.2021800" lon="6.9405410">
    <ele>433.2</ele>
    <time>2024-04-26T13:43:56Z</time>
   </trkpt>
   <trkpt lat="48.2021340" lon="6.9405260">
    <ele>433.3</ele>
    <time>2024-04-26T13:43:57Z</time>
   </trkpt>
   <trkpt lat="48.2020870" lon="6.9405080">
    <ele>433.3</ele>
    <time>2024-04-26T13:43:58Z</time>
   </trkpt>
   <trkpt lat="48.2020410" lon="6.9404920">
    <ele>433.3</ele>
    <time>2024-04-26T13:43:59Z</time>
   </trkpt>
   <trkpt lat="48.2019960" lon="6.9404740">
    <ele>433.4</ele>
    <time>2024-04-26T13:44:00Z</time>
   </trkpt>
   <trkpt lat="48.2019500" lon="6.9404540">
    <ele>433.4</ele>
    <time>2024-04-26T13:44:01Z</time>
   </trkpt>
   <trkpt lat="48.2019060" lon="6.9404310">
    <ele>433.4</ele>
    <time>2024-04-26T13:44:02Z</time>
   </trkpt>
   <trkpt lat="48.2018620" lon="6.9404060">
    <ele>433.5</ele>
    <time>2024-04-26T13:44:03Z</time>
   </trkpt>
   <trkpt lat="48.2018160" lon="6.9403850">
    <ele>433.5</ele>
    <time>2024-04-26T13:44:04Z</time>
   </trkpt>
   <trkpt lat="48.2017700" lon="6.9403670">
    <ele>433.5</ele>
    <time>2024-04-26T13:44:05Z</time>
   </trkpt>
   <trkpt lat="48.2017280" lon="6.9403370">
    <ele>433.6</ele>
    <time>2024-04-26T13:44:06Z</time>
   </trkpt>
   <trkpt lat="48.2016860" lon="6.9403040">
    <ele>433.6</ele>
    <time>2024-04-26T13:44:07Z</time>
   </trkpt>
   <trkpt lat="48.2016430" lon="6.9402660">
    <ele>433.7</ele>
    <time>2024-04-26T13:44:08Z</time>
   </trkpt>
   <trkpt lat="48.2016010" lon="6.9402310">
    <ele>433.7</ele>
    <time>2024-04-26T13:44:09Z</time>
   </trkpt>
   <trkpt lat="48.2015600" lon="6.9401960">
    <ele>433.8</ele>
    <time>2024-04-26T13:44:10Z</time>
   </trkpt>
   <trkpt lat="48.2015200" lon="6.9401610">
    <ele>433.8</ele>
    <time>2024-04-26T13:44:11Z</time>
   </trkpt>
   <trkpt lat="48.2014800" lon="6.9401280">
    <ele>433.8</ele>
    <time>2024-04-26T13:44:12Z</time>
   </trkpt>
   <trkpt lat="48.2014390" lon="6.9400970">
    <ele>433.8</ele>
    <time>2024-04-26T13:44:13Z</time>
   </trkpt>
   <trkpt lat="48.2013970" lon="6.9400610">
    <ele>433.9</ele>
    <time>2024-04-26T13:44:14Z</time>
   </trkpt>
   <trkpt lat="48.2013570" lon="6.9400270">
    <ele>433.9</ele>
    <time>2024-04-26T13:44:15Z</time>
   </trkpt>
   <trkpt lat="48.2013180" lon="6.9399890">
    <ele>433.9</ele>
    <time>2024-04-26T13:44:16Z</time>
   </trkpt>
   <trkpt lat="48.2012750" lon="6.9399530">
    <ele>434.0</ele>
    <time>2024-04-26T13:44:17Z</time>
   </trkpt>
   <trkpt lat="48.2012310" lon="6.9399180">
    <ele>434.0</ele>
    <time>2024-04-26T13:44:18Z</time>
   </trkpt>
   <trkpt lat="48.2011860" lon="6.9398850">
    <ele>434.0</ele>
    <time>2024-04-26T13:44:19Z</time>
   </trkpt>
   <trkpt lat="48.2011420" lon="6.9398570">
    <ele>434.1</ele>
    <time>2024-04-26T13:44:20Z</time>
   </trkpt>
   <trkpt lat="48.2010970" lon="6.9398320">
    <ele>434.1</ele>
    <time>2024-04-26T13:44:21Z</time>
   </trkpt>
   <trkpt lat="48.2010510" lon="6.9398060">
    <ele>434.2</ele>
    <time>2024-04-26T13:44:22Z</time>
   </trkpt>
   <trkpt lat="48.2010060" lon="6.9397820">
    <ele>434.2</ele>
    <time>2024-04-26T13:44:23Z</time>
   </trkpt>
   <trkpt lat="48.2009610" lon="6.9397600">
    <ele>434.2</ele>
    <time>2024-04-26T13:44:24Z</time>
   </trkpt>
   <trkpt lat="48.2009130" lon="6.9397440">
    <ele>434.3</ele>
    <time>2024-04-26T13:44:25Z</time>
   </trkpt>
   <trkpt lat="48.2008650" lon="6.9397300">
    <ele>434.3</ele>
    <time>2024-04-26T13:44:26Z</time>
   </trkpt>
   <trkpt lat="48.2008160" lon="6.9397180">
    <ele>434.3</ele>
    <time>2024-04-26T13:44:27Z</time>
   </trkpt>
   <trkpt lat="48.2007690" lon="6.9397060">
    <ele>434.4</ele>
    <time>2024-04-26T13:44:28Z</time>
   </trkpt>
   <trkpt lat="48.2007190" lon="6.9396980">
    <ele>434.4</ele>
    <time>2024-04-26T13:44:29Z</time>
   </trkpt>
   <trkpt lat="48.2006710" lon="6.9396980">
    <ele>434.4</ele>
    <time>2024-04-26T13:44:30Z</time>
   </trkpt>
   <trkpt lat="48.2006220" lon="6.9397040">
    <ele>434.4</ele>
    <time>2024-04-26T13:44:31Z</time>
   </trkpt>
   <trkpt lat="48.2005750" lon="6.9397170">
    <ele>434.5</ele>
    <time>2024-04-26T13:44:32Z</time>
   </trkpt>
   <trkpt lat="48.2005270" lon="6.9397270">
    <ele>434.5</ele>
    <time>2024-04-26T13:44:33Z</time>
   </trkpt>
   <trkpt lat="48.2004800" lon="6.9397310">
    <ele>434.5</ele>
    <time>2024-04-26T13:44:34Z</time>
   </trkpt>
   <trkpt lat="48.2004320" lon="6.9397350">
    <ele>434.6</ele>
    <time>2024-04-26T13:44:35Z</time>
   </trkpt>
   <trkpt lat="48.2003850" lon="6.9397430">
    <ele>434.6</ele>
    <time>2024-04-26T13:44:36Z</time>
   </trkpt>
   <trkpt lat="48.2003410" lon="6.9397510">
    <ele>434.6</ele>
    <time>2024-04-26T13:44:37Z</time>
   </trkpt>
   <trkpt lat="48.2002990" lon="6.9397640">
    <ele>434.6</ele>
    <time>2024-04-26T13:44:38Z</time>
   </trkpt>
   <trkpt lat="48.2002560" lon="6.9397680">
    <ele>434.7</ele>
    <time>2024-04-26T13:44:39Z</time>
   </trkpt>
   <trkpt lat="48.2002120" lon="6.9397760">
    <ele>434.7</ele>
    <time>2024-04-26T13:44:40Z</time>
   </trkpt>
   <trkpt lat="48.2001710" lon="6.9398000">
    <ele>434.7</ele>
    <time>2024-04-26T13:44:41Z</time>
   </trkpt>
   <trkpt lat="48.2001300" lon="6.9398240">
    <ele>434.7</ele>
    <time>2024-04-26T13:44:42Z</time>
   </trkpt>
   <trkpt lat="48.2000860" lon="6.9398410">
    <ele>434.8</ele>
    <time>2024-04-26T13:44:43Z</time>
   </trkpt>
   <trkpt lat="48.2000390" lon="6.9398580">
    <ele>434.8</ele>
    <time>2024-04-26T13:44:44Z</time>
   </trkpt>
   <trkpt lat="48.1999930" lon="6.9398770">
    <ele>434.8</ele>
    <time>2024-04-26T13:44:45Z</time>
   </trkpt>
   <trkpt lat="48.1999470" lon="6.9399000">
    <ele>434.9</ele>
    <time>2024-04-26T13:44:46Z</time>
   </trkpt>
   <trkpt lat="48.1999010" lon="6.9399240">
    <ele>434.9</ele>
    <time>2024-04-26T13:44:47Z</time>
   </trkpt>
   <trkpt lat="48.1998550" lon="6.9399440">
    <ele>434.9</ele>
    <time>2024-04-26T13:44:48Z</time>
   </trkpt>
   <trkpt lat="48.1998080" lon="6.9399620">
    <ele>435.0</ele>
    <time>2024-04-26T13:44:49Z</time>
   </trkpt>
   <trkpt lat="48.1997630" lon="6.9399820">
    <ele>435.0</ele>
    <time>2024-04-26T13:44:50Z</time>
   </trkpt>
   <trkpt lat="48.1997170" lon="6.9400050">
    <ele>435.1</ele>
    <time>2024-04-26T13:44:51Z</time>
   </trkpt>
   <trkpt lat="48.1996710" lon="6.9400240">
    <ele>435.1</ele>
    <time>2024-04-26T13:44:52Z</time>
   </trkpt>
   <trkpt lat="48.1996250" lon="6.9400450">
    <ele>435.2</ele>
    <time>2024-04-26T13:44:53Z</time>
   </trkpt>
   <trkpt lat="48.1995790" lon="6.9400660">
    <ele>435.2</ele>
    <time>2024-04-26T13:44:54Z</time>
   </trkpt>
   <trkpt lat="48.1995340" lon="6.9400890">
    <ele>435.3</ele>
    <time>2024-04-26T13:44:55Z</time>
   </trkpt>
   <trkpt lat="48.1994900" lon="6.9401140">
    <ele>435.4</ele>
    <time>2024-04-26T13:44:56Z</time>
   </trkpt>
   <trkpt lat="48.1994450" lon="6.9401370">
    <ele>435.4</ele>
    <time>2024-04-26T13:44:57Z</time>
   </trkpt>
   <trkpt lat="48.1993980" lon="6.9401520">
    <ele>435.5</ele>
    <time>2024-04-26T13:44:58Z</time>
   </trkpt>
   <trkpt lat="48.1993530" lon="6.9401730">
    <ele>435.5</ele>
    <time>2024-04-26T13:44:59Z</time>
   </trkpt>
   <trkpt lat="48.1993080" lon="6.9401950">
    <ele>435.6</ele>
    <time>2024-04-26T13:45:00Z</time>
   </trkpt>
   <trkpt lat="48.1992640" lon="6.9402150">
    <ele>435.6</ele>
    <time>2024-04-26T13:45:01Z</time>
   </trkpt>
   <trkpt lat="48.1992200" lon="6.9402390">
    <ele>435.7</ele>
    <time>2024-04-26T13:45:02Z</time>
   </trkpt>
   <trkpt lat="48.1991760" lon="6.9402620">
    <ele>435.7</ele>
    <time>2024-04-26T13:45:03Z</time>
   </trkpt>
   <trkpt lat="48.1991290" lon="6.9402770">
    <ele>435.8</ele>
    <time>2024-04-26T13:45:04Z</time>
   </trkpt>
   <trkpt lat="48.1990820" lon="6.9402990">
    <ele>435.8</ele>
    <time>2024-04-26T13:45:05Z</time>
   </trkpt>
   <trkpt lat="48.1990360" lon="6.9403290">
    <ele>435.9</ele>
    <time>2024-04-26T13:45:06Z</time>
   </trkpt>
   <trkpt lat="48.1989920" lon="6.9403510">
    <ele>436.0</ele>
    <time>2024-04-26T13:45:07Z</time>
   </trkpt>
   <trkpt lat="48.1989460" lon="6.9403740">
    <ele>436.0</ele>
    <time>2024-04-26T13:45:08Z</time>
   </trkpt>
   <trkpt lat="48.1988990" lon="6.9404010">
    <ele>436.1</ele>
    <time>2024-04-26T13:45:09Z</time>
   </trkpt>
   <trkpt lat="48.1988510" lon="6.9404260">
    <ele>436.1</ele>
    <time>2024-04-26T13:45:10Z</time>
   </trkpt>
   <trkpt lat="48.1988030" lon="6.9404470">
    <ele>436.2</ele>
    <time>2024-04-26T13:45:11Z</time>
   </trkpt>
   <trkpt lat="48.1987560" lon="6.9404690">
    <ele>436.2</ele>
    <time>2024-04-26T13:45:12Z</time>
   </trkpt>
   <trkpt lat="48.1987100" lon="6.9404940">
    <ele>436.3</ele>
    <time>2024-04-26T13:45:13Z</time>
   </trkpt>
   <trkpt lat="48.1986640" lon="6.9405140">
    <ele>436.3</ele>
    <time>2024-04-26T13:45:14Z</time>
   </trkpt>
   <trkpt lat="48.1986170" lon="6.9405360">
    <ele>436.4</ele>
    <time>2024-04-26T13:45:15Z</time>
   </trkpt>
   <trkpt lat="48.1985690" lon="6.9405570">
    <ele>436.4</ele>
    <time>2024-04-26T13:45:16Z</time>
   </trkpt>
   <trkpt lat="48.1985220" lon="6.9405790">
    <ele>436.4</ele>
    <time>2024-04-26T13:45:17Z</time>
   </trkpt>
   <trkpt lat="48.1984730" lon="6.9405920">
    <ele>436.4</ele>
    <time>2024-04-26T13:45:18Z</time>
   </trkpt>
   <trkpt lat="48.1984260" lon="6.9406060">
    <ele>436.4</ele>
    <time>2024-04-26T13:45:19Z</time>
   </trkpt>
   <trkpt lat="48.1983790" lon="6.9406240">
    <ele>436.5</ele>
    <time>2024-04-26T13:45:20Z</time>
   </trkpt>
   <trkpt lat="48.1983310" lon="6.9406360">
    <ele>436.5</ele>
    <time>2024-04-26T13:45:21Z</time>
   </trkpt>
   <trkpt lat="48.1982820" lon="6.9406480">
    <ele>436.6</ele>
    <time>2024-04-26T13:45:22Z</time>
   </trkpt>
   <trkpt lat="48.1982340" lon="6.9406630">
    <ele>436.6</ele>
    <time>2024-04-26T13:45:23Z</time>
   </trkpt>
   <trkpt lat="48.1981860" lon="6.9406810">
    <ele>436.6</ele>
    <time>2024-04-26T13:45:24Z</time>
   </trkpt>
   <trkpt lat="48.1981380" lon="6.9406980">
    <ele>436.7</ele>
    <time>2024-04-26T13:45:25Z</time>
   </trkpt>
   <trkpt lat="48.1980890" lon="6.9407160">
    <ele>436.7</ele>
    <time>2024-04-26T13:45:26Z</time>
   </trkpt>
   <trkpt lat="48.1980430" lon="6.9407310">
    <ele>436.8</ele>
    <time>2024-04-26T13:45:27Z</time>
   </trkpt>
   <trkpt lat="48.1979940" lon="6.9407410">
    <ele>436.8</ele>
    <time>2024-04-26T13:45:28Z</time>
   </trkpt>
   <trkpt lat="48.1979440" lon="6.9407460">
    <ele>436.9</ele>
    <time>2024-04-26T13:45:29Z</time>
   </trkpt>
   <trkpt lat="48.1978950" lon="6.9407520">
    <ele>436.9</ele>
    <time>2024-04-26T13:45:30Z</time>
   </trkpt>
   <trkpt lat="48.1978450" lon="6.9407540">
    <ele>437.0</ele>
    <time>2024-04-26T13:45:31Z</time>
   </trkpt>
   <trkpt lat="48.1977950" lon="6.9407570">
    <ele>437.0</ele>
    <time>2024-04-26T13:45:32Z</time>
   </trkpt>
   <trkpt lat="48.1977470" lon="6.9407620">
    <ele>437.1</ele>
    <time>2024-04-26T13:45:33Z</time>
   </trkpt>
   <trkpt lat="48.1977010" lon="6.9407700">
    <ele>437.1</ele>
    <time>2024-04-26T13:45:34Z</time>
   </trkpt>
   <trkpt lat="48.1976540" lon="6.9407770">
    <ele>437.2</ele>
    <time>2024-04-26T13:45:35Z</time>
   </trkpt>
   <trkpt lat="48.1976060" lon="6.9407800">
    <ele>437.2</ele>
    <time>2024-04-26T13:45:36Z</time>
   </trkpt>
   <trkpt lat="48.1975590" lon="6.9407880">
    <ele>437.2</ele>
    <time>2024-04-26T13:45:37Z</time>
   </trkpt>
   <trkpt lat="48.1975130" lon="6.9407950">
    <ele>437.3</ele>
    <time>2024-04-26T13:45:38Z</time>
   </trkpt>
   <trkpt lat="48.1974680" lon="6.9407980">
    <ele>437.3</ele>
    <time>2024-04-26T13:45:39Z</time>
   </trkpt>
   <trkpt lat="48.1974210" lon="6.9408000">
    <ele>437.3</ele>
    <time>2024-04-26T13:45:40Z</time>
   </trkpt>
   <trkpt lat="48.1973740" lon="6.9408070">
    <ele>437.4</ele>
    <time>2024-04-26T13:45:41Z</time>
   </trkpt>
   <trkpt lat="48.1973260" lon="6.9408100">
    <ele>437.4</ele>
    <time>2024-04-26T13:45:42Z</time>
   </trkpt>
   <trkpt lat="48.1972770" lon="6.9408160">
    <ele>437.5</ele>
    <time>2024-04-26T13:45:43Z</time>
   </trkpt>
   <trkpt lat="48.1972280" lon="6.9408210">
    <ele>437.5</ele>
    <time>2024-04-26T13:45:44Z</time>
   </trkpt>
   <trkpt lat="48.1971790" lon="6.9408230">
    <ele>437.5</ele>
    <time>2024-04-26T13:45:45Z</time>
   </trkpt>
   <trkpt lat="48.1971270" lon="6.9408240">
    <ele>437.6</ele>
    <time>2024-04-26T13:45:46Z</time>
   </trkpt>
   <trkpt lat="48.1970790" lon="6.9408300">
    <ele>437.6</ele>
    <time>2024-04-26T13:45:47Z</time>
   </trkpt>
   <trkpt lat="48.1970320" lon="6.9408340">
    <ele>437.7</ele>
    <time>2024-04-26T13:45:48Z</time>
   </trkpt>
   <trkpt lat="48.1969840" lon="6.9408390">
    <ele>437.7</ele>
    <time>2024-04-26T13:45:49Z</time>
   </trkpt>
   <trkpt lat="48.1969330" lon="6.9408430">
    <ele>437.8</ele>
    <time>2024-04-26T13:45:50Z</time>
   </trkpt>
   <trkpt lat="48.1968840" lon="6.9408480">
    <ele>437.9</ele>
    <time>2024-04-26T13:45:51Z</time>
   </trkpt>
   <trkpt lat="48.1968370" lon="6.9408580">
    <ele>437.9</ele>
    <time>2024-04-26T13:45:52Z</time>
   </trkpt>
   <trkpt lat="48.1967900" lon="6.9408670">
    <ele>438.0</ele>
    <time>2024-04-26T13:45:53Z</time>
   </trkpt>
   <trkpt lat="48.1967440" lon="6.9408740">
    <ele>438.0</ele>
    <time>2024-04-26T13:45:54Z</time>
   </trkpt>
   <trkpt lat="48.1966980" lon="6.9408870">
    <ele>438.1</ele>
    <time>2024-04-26T13:45:55Z</time>
   </trkpt>
   <trkpt lat="48.1966520" lon="6.9408950">
    <ele>438.2</ele>
    <time>2024-04-26T13:45:56Z</time>
   </trkpt>
   <trkpt lat="48.1966080" lon="6.9408950">
    <ele>438.2</ele>
    <time>2024-04-26T13:45:57Z</time>
   </trkpt>
   <trkpt lat="48.1965610" lon="6.9408950">
    <ele>438.3</ele>
    <time>2024-04-26T13:45:58Z</time>
   </trkpt>
   <trkpt lat="48.1965130" lon="6.9408980">
    <ele>438.4</ele>
    <time>2024-04-26T13:45:59Z</time>
   </trkpt>
   <trkpt lat="48.1964660" lon="6.9409040">
    <ele>438.4</ele>
    <time>2024-04-26T13:46:00Z</time>
   </trkpt>
   <trkpt lat="48.1964190" lon="6.9409130">
    <ele>438.5</ele>
    <time>2024-04-26T13:46:01Z</time>
   </trkpt>
   <trkpt lat="48.1963740" lon="6.9409210">
    <ele>438.5</ele>
    <time>2024-04-26T13:46:02Z</time>
   </trkpt>
   <trkpt lat="48.1963270" lon="6.9409320">
    <ele>438.6</ele>
    <time>2024-04-26T13:46:03Z</time>
   </trkpt>
   <trkpt lat="48.1962800" lon="6.9409430">
    <ele>438.6</ele>
    <time>2024-04-26T13:46:04Z</time>
   </trkpt>
   <trkpt lat="48.1962320" lon="6.9409520">
    <ele>438.6</ele>
    <time>2024-04-26T13:46:05Z</time>
   </trkpt>
   <trkpt lat="48.1961850" lon="6.9409680">
    <ele>438.7</ele>
    <time>2024-04-26T13:46:06Z</time>
   </trkpt>
   <trkpt lat="48.1961370" lon="6.9409820">
    <ele>438.7</ele>
    <time>2024-04-26T13:46:07Z</time>
   </trkpt>
   <trkpt lat="48.1960900" lon="6.9409880">
    <ele>438.8</ele>
    <time>2024-04-26T13:46:08Z</time>
   </trkpt>
   <trkpt lat="48.1960410" lon="6.9409990">
    <ele>438.8</ele>
    <time>2024-04-26T13:46:09Z</time>
   </trkpt>
   <trkpt lat="48.1959910" lon="6.9410110">
    <ele>438.9</ele>
    <time>2024-04-26T13:46:10Z</time>
   </trkpt>
   <trkpt lat="48.1959410" lon="6.9410220">
    <ele>438.9</ele>
    <time>2024-04-26T13:46:11Z</time>
   </trkpt>
   <trkpt lat="48.1958920" lon="6.9410360">
    <ele>439.0</ele>
    <time>2024-04-26T13:46:12Z</time>
   </trkpt>
   <trkpt lat="48.1958440" lon="6.9410500">
    <ele>439.0</ele>
    <time>2024-04-26T13:46:13Z</time>
   </trkpt>
   <trkpt lat="48.1957980" lon="6.9410660">
    <ele>439.1</ele>
    <time>2024-04-26T13:46:14Z</time>
   </trkpt>
   <trkpt lat="48.1957520" lon="6.9410790">
    <ele>439.1</ele>
    <time>2024-04-26T13:46:15Z</time>
   </trkpt>
   <trkpt lat="48.1957060" lon="6.9410970">
    <ele>439.2</ele>
    <time>2024-04-26T13:46:16Z</time>
   </trkpt>
   <trkpt lat="48.1956610" lon="6.9411140">
    <ele>439.2</ele>
    <time>2024-04-26T13:46:17Z</time>
   </trkpt>
   <trkpt lat="48.1956140" lon="6.9411330">
    <ele>439.3</ele>
    <time>2024-04-26T13:46:18Z</time>
   </trkpt>
   <trkpt lat="48.1955700" lon="6.9411480">
    <ele>439.4</ele>
    <time>2024-04-26T13:46:19Z</time>
   </trkpt>
   <trkpt lat="48.1955270" lon="6.9411710">
    <ele>439.4</ele>
    <time>2024-04-26T13:46:20Z</time>
   </trkpt>
   <trkpt lat="48.1954830" lon="6.9411970">
    <ele>439.4</ele>
    <time>2024-04-26T13:46:21Z</time>
   </trkpt>
   <trkpt lat="48.1954420" lon="6.9412270">
    <ele>439.4</ele>
    <time>2024-04-26T13:46:22Z</time>
   </trkpt>
   <trkpt lat="48.1954020" lon="6.9412550">
    <ele>439.5</ele>
    <time>2024-04-26T13:46:23Z</time>
   </trkpt>
   <trkpt lat="48.1953580" lon="6.9412800">
    <ele>439.5</ele>
    <time>2024-04-26T13:46:24Z</time>
   </trkpt>
   <trkpt lat="48.1953150" lon="6.9412970">
    <ele>439.5</ele>
    <time>2024-04-26T13:46:25Z</time>
   </trkpt>
   <trkpt lat="48.1952730" lon="6.9413270">
    <ele>439.6</ele>
    <time>2024-04-26T13:46:26Z</time>
   </trkpt>
   <trkpt lat="48.1952310" lon="6.9413540">
    <ele>439.6</ele>
    <time>2024-04-26T13:46:27Z</time>
   </trkpt>
   <trkpt lat="48.1951880" lon="6.9413810">
    <ele>439.7</ele>
    <time>2024-04-26T13:46:28Z</time>
   </trkpt>
   <trkpt lat="48.1951450" lon="6.9413990">
    <ele>439.8</ele>
    <time>2024-04-26T13:46:29Z</time>
   </trkpt>
   <trkpt lat="48.1951040" lon="6.9414260">
    <ele>439.8</ele>
    <time>2024-04-26T13:46:30Z</time>
   </trkpt>
   <trkpt lat="48.1950630" lon="6.9414550">
    <ele>439.9</ele>
    <time>2024-04-26T13:46:31Z</time>
   </trkpt>
   <trkpt lat="48.1950190" lon="6.9414790">
    <ele>439.9</ele>
    <time>2024-04-26T13:46:32Z</time>
   </trkpt>
   <trkpt lat="48.1949750" lon="6.9415090">
    <ele>440.0</ele>
    <time>2024-04-26T13:46:33Z</time>
   </trkpt>
   <trkpt lat="48.1949330" lon="6.9415420">
    <ele>440.0</ele>
    <time>2024-04-26T13:46:34Z</time>
   </trkpt>
   <trkpt lat="48.1948900" lon="6.9415720">
    <ele>440.1</ele>
    <time>2024-04-26T13:46:35Z</time>
   </trkpt>
   <trkpt lat="48.1948460" lon="6.9416010">
    <ele>440.1</ele>
    <time>2024-04-26T13:46:36Z</time>
   </trkpt>
   <trkpt lat="48.1948010" lon="6.9416300">
    <ele>440.2</ele>
    <time>2024-04-26T13:46:37Z</time>
   </trkpt>
   <trkpt lat="48.1947560" lon="6.9416580">
    <ele>440.2</ele>
    <time>2024-04-26T13:46:38Z</time>
   </trkpt>
   <trkpt lat="48.1947110" lon="6.9416840">
    <ele>440.3</ele>
    <time>2024-04-26T13:46:39Z</time>
   </trkpt>
   <trkpt lat="48.1946650" lon="6.9417100">
    <ele>440.3</ele>
    <time>2024-04-26T13:46:40Z</time>
   </trkpt>
   <trkpt lat="48.1946220" lon="6.9417430">
    <ele>440.4</ele>
    <time>2024-04-26T13:46:41Z</time>
   </trkpt>
   <trkpt lat="48.1945810" lon="6.9417750">
    <ele>440.4</ele>
    <time>2024-04-26T13:46:42Z</time>
   </trkpt>
   <trkpt lat="48.1945390" lon="6.9418080">
    <ele>440.5</ele>
    <time>2024-04-26T13:46:43Z</time>
   </trkpt>
   <trkpt lat="48.1944990" lon="6.9418430">
    <ele>440.5</ele>
    <time>2024-04-26T13:46:44Z</time>
   </trkpt>
   <trkpt lat="48.1944580" lon="6.9418750">
    <ele>440.6</ele>
    <time>2024-04-26T13:46:45Z</time>
   </trkpt>
   <trkpt lat="48.1944190" lon="6.9419100">
    <ele>440.6</ele>
    <time>2024-04-26T13:46:46Z</time>
   </trkpt>
   <trkpt lat="48.1943790" lon="6.9419460">
    <ele>440.7</ele>
    <time>2024-04-26T13:46:47Z</time>
   </trkpt>
   <trkpt lat="48.1943370" lon="6.9419810">
    <ele>440.7</ele>
    <time>2024-04-26T13:46:48Z</time>
   </trkpt>
   <trkpt lat="48.1942930" lon="6.9420050">
    <ele>440.8</ele>
    <time>2024-04-26T13:46:49Z</time>
   </trkpt>
   <trkpt lat="48.1942470" lon="6.9420280">
    <ele>440.9</ele>
    <time>2024-04-26T13:46:50Z</time>
   </trkpt>
   <trkpt lat="48.1942030" lon="6.9420550">
    <ele>441.0</ele>
    <time>2024-04-26T13:46:51Z</time>
   </trkpt>
   <trkpt lat="48.1941600" lon="6.9420870">
    <ele>441.0</ele>
    <time>2024-04-26T13:46:52Z</time>
   </trkpt>
   <trkpt lat="48.1941200" lon="6.9421270">
    <ele>441.1</ele>
    <time>2024-04-26T13:46:53Z</time>
   </trkpt>
   <trkpt lat="48.1940790" lon="6.9421660">
    <ele>441.1</ele>
    <time>2024-04-26T13:46:54Z</time>
   </trkpt>
   <trkpt lat="48.1940360" lon="6.9422040">
    <ele>441.2</ele>
    <time>2024-04-26T13:46:55Z</time>
   </trkpt>
   <trkpt lat="48.1939930" lon="6.9422380">
    <ele>441.3</ele>
    <time>2024-04-26T13:46:56Z</time>
   </trkpt>
   <trkpt lat="48.1939500" lon="6.9422730">
    <ele>441.3</ele>
    <time>2024-04-26T13:46:57Z</time>
   </trkpt>
   <trkpt lat="48.1939040" lon="6.9423070">
    <ele>441.4</ele>
    <time>2024-04-26T13:46:58Z</time>
   </trkpt>
   <trkpt lat="48.1938600" lon="6.9423450">
    <ele>441.4</ele>
    <time>2024-04-26T13:46:59Z</time>
   </trkpt>
   <trkpt lat="48.1938180" lon="6.9423850">
    <ele>441.5</ele>
    <time>2024-04-26T13:47:00Z</time>
   </trkpt>
   <trkpt lat="48.1937760" lon="6.9424240">
    <ele>441.5</ele>
    <time>2024-04-26T13:47:01Z</time>
   </trkpt>
   <trkpt lat="48.1937360" lon="6.9424630">
    <ele>441.6</ele>
    <time>2024-04-26T13:47:02Z</time>
   </trkpt>
   <trkpt lat="48.1936920" lon="6.9425000">
    <ele>441.6</ele>
    <time>2024-04-26T13:47:03Z</time>
   </trkpt>
   <trkpt lat="48.1936500" lon="6.9425360">
    <ele>441.7</ele>
    <time>2024-04-26T13:47:04Z</time>
   </trkpt>
   <trkpt lat="48.1936090" lon="6.9425760">
    <ele>441.7</ele>
    <time>2024-04-26T13:47:05Z</time>
   </trkpt>
   <trkpt lat="48.1935690" lon="6.9426160">
    <ele>441.8</ele>
    <time>2024-04-26T13:47:06Z</time>
   </trkpt>
   <trkpt lat="48.1935270" lon="6.9426510">
    <ele>441.8</ele>
    <time>2024-04-26T13:47:07Z</time>
   </trkpt>
   <trkpt lat="48.1934840" lon="6.9426850">
    <ele>441.9</ele>
    <time>2024-04-26T13:47:08Z</time>
   </trkpt>
   <trkpt lat="48.1934420" lon="6.9427210">
    <ele>441.9</ele>
    <time>2024-04-26T13:47:09Z</time>
   </trkpt>
   <trkpt lat="48.1934000" lon="6.9427540">
    <ele>441.9</ele>
    <time>2024-04-26T13:47:10Z</time>
   </trkpt>
   <trkpt lat="48.1933610" lon="6.9427920">
    <ele>442.0</ele>
    <time>2024-04-26T13:47:11Z</time>
   </trkpt>
   <trkpt lat="48.1933200" lon="6.9428310">
    <ele>442.0</ele>
    <time>2024-04-26T13:47:12Z</time>
   </trkpt>
   <trkpt lat="48.1932770" lon="6.9428700">
    <ele>442.1</ele>
    <time>2024-04-26T13:47:13Z</time>
   </trkpt>
   <trkpt lat="48.1932360" lon="6.9429040">
    <ele>442.1</ele>
    <time>2024-04-26T13:47:14Z</time>
   </trkpt>
   <trkpt lat="48.1931950" lon="6.9429400">
    <ele>442.2</ele>
    <time>2024-04-26T13:47:15Z</time>
   </trkpt>
   <trkpt lat="48.1931520" lon="6.9429740">
    <ele>442.2</ele>
    <time>2024-04-26T13:47:16Z</time>
   </trkpt>
   <trkpt lat="48.1931090" lon="6.9430120">
    <ele>442.3</ele>
    <time>2024-04-26T13:47:17Z</time>
   </trkpt>
   <trkpt lat="48.1930680" lon="6.9430460">
    <ele>442.3</ele>
    <time>2024-04-26T13:47:18Z</time>
   </trkpt>
   <trkpt lat="48.1930260" lon="6.9430840">
    <ele>442.3</ele>
    <time>2024-04-26T13:47:19Z</time>
   </trkpt>
   <trkpt lat="48.1929850" lon="6.9431200">
    <ele>442.3</ele>
    <time>2024-04-26T13:47:20Z</time>
   </trkpt>
   <trkpt lat="48.1929440" lon="6.9431570">
    <ele>442.4</ele>
    <time>2024-04-26T13:47:21Z</time>
   </trkpt>
   <trkpt lat="48.1929010" lon="6.9431960">
    <ele>442.4</ele>
    <time>2024-04-26T13:47:22Z</time>
   </trkpt>
   <trkpt lat="48.1928560" lon="6.9432260">
    <ele>442.5</ele>
    <time>2024-04-26T13:47:23Z</time>
   </trkpt>
   <trkpt lat="48.1928080" lon="6.9432540">
    <ele>442.6</ele>
    <time>2024-04-26T13:47:24Z</time>
   </trkpt>
   <trkpt lat="48.1927610" lon="6.9432880">
    <ele>442.6</ele>
    <time>2024-04-26T13:47:25Z</time>
   </trkpt>
   <trkpt lat="48.1927170" lon="6.9433270">
    <ele>442.7</ele>
    <time>2024-04-26T13:47:26Z</time>
   </trkpt>
   <trkpt lat="48.1926700" lon="6.9433660">
    <ele>442.7</ele>
    <time>2024-04-26T13:47:27Z</time>
   </trkpt>
   <trkpt lat="48.1926220" lon="6.9433990">
    <ele>442.8</ele>
    <time>2024-04-26T13:47:28Z</time>
   </trkpt>
   <trkpt lat="48.1925760" lon="6.9434270">
    <ele>442.8</ele>
    <time>2024-04-26T13:47:29Z</time>
   </trkpt>
   <trkpt lat="48.1925260" lon="6.9434590">
    <ele>442.8</ele>
    <time>2024-04-26T13:47:30Z</time>
   </trkpt>
   <trkpt lat="48.1924820" lon="6.9435040">
    <ele>442.9</ele>
    <time>2024-04-26T13:47:31Z</time>
   </trkpt>
   <trkpt lat="48.1924370" lon="6.9435440">
    <ele>443.0</ele>
    <time>2024-04-26T13:47:32Z</time>
   </trkpt>
   <trkpt lat="48.1923920" lon="6.9435820">
    <ele>443.0</ele>
    <time>2024-04-26T13:47:33Z</time>
   </trkpt>
   <trkpt lat="48.1923480" lon="6.9436190">
    <ele>443.1</ele>
    <time>2024-04-26T13:47:34Z</time>
   </trkpt>
   <trkpt lat="48.1923020" lon="6.9436560">
    <ele>443.1</ele>
    <time>2024-04-26T13:47:35Z</time>
   </trkpt>
   <trkpt lat="48.1922590" lon="6.9436990">
    <ele>443.2</ele>
    <time>2024-04-26T13:47:36Z</time>
   </trkpt>
   <trkpt lat="48.1922180" lon="6.9437440">
    <ele>443.3</ele>
    <time>2024-04-26T13:47:37Z</time>
   </trkpt>
   <trkpt lat="48.1921800" lon="6.9437920">
    <ele>443.4</ele>
    <time>2024-04-26T13:47:38Z</time>
   </trkpt>
   <trkpt lat="48.1921490" lon="6.9438520">
    <ele>443.5</ele>
    <time>2024-04-26T13:47:39Z</time>
   </trkpt>
   <trkpt lat="48.1921180" lon="6.9439040">
    <ele>443.6</ele>
    <time>2024-04-26T13:47:40Z</time>
   </trkpt>
   <trkpt lat="48.1920820" lon="6.9439460">
    <ele>443.6</ele>
    <time>2024-04-26T13:47:41Z</time>
   </trkpt>
   <trkpt lat="48.1920450" lon="6.9439950">
    <ele>443.6</ele>
    <time>2024-04-26T13:47:42Z</time>
   </trkpt>
   <trkpt lat="48.1920050" lon="6.9440400">
    <ele>443.6</ele>
    <time>2024-04-26T13:47:43Z</time>
   </trkpt>
   <trkpt lat="48.1919620" lon="6.9440740">
    <ele>443.6</ele>
    <time>2024-04-26T13:47:44Z</time>
   </trkpt>
   <trkpt lat="48.1919200" lon="6.9441110">
    <ele>443.7</ele>
    <time>2024-04-26T13:47:45Z</time>
   </trkpt>
   <trkpt lat="48.1918790" lon="6.9441520">
    <ele>443.7</ele>
    <time>2024-04-26T13:47:46Z</time>
   </trkpt>
   <trkpt lat="48.1918360" lon="6.9441920">
    <ele>443.7</ele>
    <time>2024-04-26T13:47:47Z</time>
   </trkpt>
   <trkpt lat="48.1917950" lon="6.9442290">
    <ele>443.8</ele>
    <time>2024-04-26T13:47:48Z</time>
   </trkpt>
   <trkpt lat="48.1917540" lon="6.9442690">
    <ele>443.8</ele>
    <time>2024-04-26T13:47:49Z</time>
   </trkpt>
   <trkpt lat="48.1917110" lon="6.9443030">
    <ele>443.9</ele>
    <time>2024-04-26T13:47:50Z</time>
   </trkpt>
   <trkpt lat="48.1916690" lon="6.9443360">
    <ele>443.9</ele>
    <time>2024-04-26T13:47:51Z</time>
   </trkpt>
   <trkpt lat="48.1916230" lon="6.9443660">
    <ele>444.0</ele>
    <time>2024-04-26T13:47:52Z</time>
   </trkpt>
   <trkpt lat="48.1915770" lon="6.9443920">
    <ele>444.0</ele>
    <time>2024-04-26T13:47:53Z</time>
   </trkpt>
   <trkpt lat="48.1915260" lon="6.9444120">
    <ele>444.1</ele>
    <time>2024-04-26T13:47:54Z</time>
   </trkpt>
   <trkpt lat="48.1914740" lon="6.9444260">
    <ele>444.1</ele>
    <time>2024-04-26T13:47:55Z</time>
   </trkpt>
   <trkpt lat="48.1914240" lon="6.9444280">
    <ele>444.1</ele>
    <time>2024-04-26T13:47:56Z</time>
   </trkpt>
   <trkpt lat="48.1913730" lon="6.9444200">
    <ele>444.2</ele>
    <time>2024-04-26T13:47:57Z</time>
   </trkpt>
   <trkpt lat="48.1913210" lon="6.9444150">
    <ele>444.2</ele>
    <time>2024-04-26T13:47:58Z</time>
   </trkpt>
   <trkpt lat="48.1912700" lon="6.9444120">
    <ele>444.3</ele>
    <time>2024-04-26T13:47:59Z</time>
   </trkpt>
   <trkpt lat="48.1912190" lon="6.9444110">
    <ele>444.3</ele>
    <time>2024-04-26T13:48:00Z</time>
   </trkpt>
   <trkpt lat="48.1911680" lon="6.9444040">
    <ele>444.3</ele>
    <time>2024-04-26T13:48:01Z</time>
   </trkpt>
   <trkpt lat="48.1911180" lon="6.9444000">
    <ele>444.4</ele>
    <time>2024-04-26T13:48:02Z</time>
   </trkpt>
   <trkpt lat="48.1910680" lon="6.9443980">
    <ele>444.4</ele>
    <time>2024-04-26T13:48:03Z</time>
   </trkpt>
   <trkpt lat="48.1910170" lon="6.9443980">
    <ele>444.4</ele>
    <time>2024-04-26T13:48:04Z</time>
   </trkpt>
   <trkpt lat="48.1909670" lon="6.9443920">
    <ele>444.4</ele>
    <time>2024-04-26T13:48:05Z</time>
   </trkpt>
   <trkpt lat="48.1909180" lon="6.9443820">
    <ele>444.4</ele>
    <time>2024-04-26T13:48:06Z</time>
   </trkpt>
   <trkpt lat="48.1908670" lon="6.9443730">
    <ele>444.5</ele>
    <time>2024-04-26T13:48:07Z</time>
   </trkpt>
   <trkpt lat="48.1908170" lon="6.9443730">
    <ele>444.5</ele>
    <time>2024-04-26T13:48:08Z</time>
   </trkpt>
   <trkpt lat="48.1907670" lon="6.9443750">
    <ele>444.6</ele>
    <time>2024-04-26T13:48:09Z</time>
   </trkpt>
   <trkpt lat="48.1907150" lon="6.9443760">
    <ele>444.6</ele>
    <time>2024-04-26T13:48:10Z</time>
   </trkpt>
   <trkpt lat="48.1906640" lon="6.9443730">
    <ele>444.6</ele>
    <time>2024-04-26T13:48:11Z</time>
   </trkpt>
   <trkpt lat="48.1906130" lon="6.9443670">
    <ele>444.7</ele>
    <time>2024-04-26T13:48:12Z</time>
   </trkpt>
   <trkpt lat="48.1905640" lon="6.9443590">
    <ele>444.7</ele>
    <time>2024-04-26T13:48:13Z</time>
   </trkpt>
   <trkpt lat="48.1905160" lon="6.9443500">
    <ele>444.7</ele>
    <time>2024-04-26T13:48:14Z</time>
   </trkpt>
   <trkpt lat="48.1904660" lon="6.9443480">
    <ele>444.7</ele>
    <time>2024-04-26T13:48:15Z</time>
   </trkpt>
   <trkpt lat="48.1904160" lon="6.9443430">
    <ele>444.8</ele>
    <time>2024-04-26T13:48:16Z</time>
   </trkpt>
   <trkpt lat="48.1903660" lon="6.9443330">
    <ele>444.8</ele>
    <time>2024-04-26T13:48:17Z</time>
   </trkpt>
   <trkpt lat="48.1903150" lon="6.9443240">
    <ele>444.8</ele>
    <time>2024-04-26T13:48:18Z</time>
   </trkpt>
   <trkpt lat="48.1902630" lon="6.9443220">
    <ele>444.9</ele>
    <time>2024-04-26T13:48:19Z</time>
   </trkpt>
   <trkpt lat="48.1902120" lon="6.9443170">
    <ele>444.9</ele>
    <time>2024-04-26T13:48:20Z</time>
   </trkpt>
   <trkpt lat="48.1901600" lon="6.9443120">
    <ele>444.9</ele>
    <time>2024-04-26T13:48:21Z</time>
   </trkpt>
   <trkpt lat="48.1901090" lon="6.9443040">
    <ele>444.9</ele>
    <time>2024-04-26T13:48:22Z</time>
   </trkpt>
   <trkpt lat="48.1900570" lon="6.9442940">
    <ele>445.0</ele>
    <time>2024-04-26T13:48:23Z</time>
   </trkpt>
   <trkpt lat="48.1900050" lon="6.9442880">
    <ele>445.0</ele>
    <time>2024-04-26T13:48:24Z</time>
   </trkpt>
   <trkpt lat="48.1899540" lon="6.9442830">
    <ele>445.0</ele>
    <time>2024-04-26T13:48:25Z</time>
   </trkpt>
   <trkpt lat="48.1899040" lon="6.9442780">
    <ele>445.0</ele>
    <time>2024-04-26T13:48:26Z</time>
   </trkpt>
   <trkpt lat="48.1898530" lon="6.9442740">
    <ele>445.1</ele>
    <time>2024-04-26T13:48:27Z</time>
   </trkpt>
   <trkpt lat="48.1898010" lon="6.9442710">
    <ele>445.1</ele>
    <time>2024-04-26T13:48:28Z</time>
   </trkpt>
   <trkpt lat="48.1897520" lon="6.9442660">
    <ele>445.1</ele>
    <time>2024-04-26T13:48:29Z</time>
   </trkpt>
   <trkpt lat="48.1897040" lon="6.9442570">
    <ele>445.1</ele>
    <time>2024-04-26T13:48:30Z</time>
   </trkpt>
   <trkpt lat="48.1896550" lon="6.9442480">
    <ele>445.2</ele>
    <time>2024-04-26T13:48:31Z</time>
   </trkpt>
   <trkpt lat="48.1896040" lon="6.9442410">
    <ele>445.2</ele>
    <time>2024-04-26T13:48:32Z</time>
   </trkpt>
   <trkpt lat="48.1895560" lon="6.9442390">
    <ele>445.3</ele>
    <time>2024-04-26T13:48:33Z</time>
   </trkpt>
   <trkpt lat="48.1895070" lon="6.9442380">
    <ele>445.3</ele>
    <time>2024-04-26T13:48:34Z</time>
   </trkpt>
   <trkpt lat="48.1894580" lon="6.9442360">
    <ele>445.4</ele>
    <time>2024-04-26T13:48:35Z</time>
   </trkpt>
   <trkpt lat="48.1894070" lon="6.9442340">
    <ele>445.4</ele>
    <time>2024-04-26T13:48:36Z</time>
   </trkpt>
   <trkpt lat="48.1893560" lon="6.9442330">
    <ele>445.5</ele>
    <time>2024-04-26T13:48:37Z</time>
   </trkpt>
   <trkpt lat="48.1893070" lon="6.9442250">
    <ele>445.5</ele>
    <time>2024-04-26T13:48:38Z</time>
   </trkpt>
   <trkpt lat="48.1892570" lon="6.9442120">
    <ele>445.5</ele>
    <time>2024-04-26T13:48:39Z</time>
   </trkpt>
   <trkpt lat="48.1892080" lon="6.9442010">
    <ele>445.6</ele>
    <time>2024-04-26T13:48:40Z</time>
   </trkpt>
   <trkpt lat="48.1891570" lon="6.9441930">
    <ele>445.6</ele>
    <time>2024-04-26T13:48:41Z</time>
   </trkpt>
   <trkpt lat="48.1891060" lon="6.9441850">
    <ele>445.7</ele>
    <time>2024-04-26T13:48:42Z</time>
   </trkpt>
   <trkpt lat="48.1890540" lon="6.9441820">
    <ele>445.8</ele>
    <time>2024-04-26T13:48:43Z</time>
   </trkpt>
   <trkpt lat="48.1890040" lon="6.9441750">
    <ele>445.9</ele>
    <time>2024-04-26T13:48:44Z</time>
   </trkpt>
   <trkpt lat="48.1889550" lon="6.9441710">
    <ele>446.0</ele>
    <time>2024-04-26T13:48:45Z</time>
   </trkpt>
   <trkpt lat="48.1889060" lon="6.9441730">
    <ele>446.2</ele>
    <time>2024-04-26T13:48:46Z</time>
   </trkpt>
   <trkpt lat="48.1888600" lon="6.9441760">
    <ele>446.3</ele>
    <time>2024-04-26T13:48:47Z</time>
   </trkpt>
   <trkpt lat="48.1888180" lon="6.9441770">
    <ele>446.4</ele>
    <time>2024-04-26T13:48:48Z</time>
   </trkpt>
   <trkpt lat="48.1887810" lon="6.9441700">
    <ele>446.5</ele>
    <time>2024-04-26T13:48:49Z</time>
   </trkpt>
   <trkpt lat="48.1887470" lon="6.9441420">
    <ele>446.6</ele>
    <time>2024-04-26T13:48:50Z</time>
   </trkpt>
   <trkpt lat="48.1887190" lon="6.9441050">
    <ele>446.6</ele>
    <time>2024-04-26T13:48:51Z</time>
   </trkpt>
   <trkpt lat="48.1886970" lon="6.9440660">
    <ele>446.7</ele>
    <time>2024-04-26T13:48:52Z</time>
   </trkpt>
   <trkpt lat="48.1886740" lon="6.9440270">
    <ele>446.8</ele>
    <time>2024-04-26T13:48:53Z</time>
   </trkpt>
   <trkpt lat="48.1886450" lon="6.9439920">
    <ele>446.8</ele>
    <time>2024-04-26T13:48:54Z</time>
   </trkpt>
   <trkpt lat="48.1886140" lon="6.9439480">
    <ele>446.9</ele>
    <time>2024-04-26T13:48:55Z</time>
   </trkpt>
   <trkpt lat="48.1885920" lon="6.9438910">
    <ele>446.9</ele>
    <time>2024-04-26T13:48:56Z</time>
   </trkpt>
   <trkpt lat="48.1885830" lon="6.9438280">
    <ele>447.0</ele>
    <time>2024-04-26T13:48:57Z</time>
   </trkpt>
   <trkpt lat="48.1885810" lon="6.9437630">
    <ele>447.0</ele>
    <time>2024-04-26T13:48:58Z</time>
   </trkpt>
   <trkpt lat="48.1885790" lon="6.9436970">
    <ele>447.1</ele>
    <time>2024-04-26T13:48:59Z</time>
   </trkpt>
   <trkpt lat="48.1885760" lon="6.9436320">
    <ele>447.0</ele>
    <time>2024-04-26T13:49:00Z</time>
   </trkpt>
   <trkpt lat="48.1885680" lon="6.9435660">
    <ele>447.0</ele>
    <time>2024-04-26T13:49:01Z</time>
   </trkpt>
   <trkpt lat="48.1885450" lon="6.9435090">
    <ele>447.0</ele>
    <time>2024-04-26T13:49:02Z</time>
   </trkpt>
   <trkpt lat="48.1885150" lon="6.9434540">
    <ele>447.0</ele>
    <time>2024-04-26T13:49:03Z</time>
   </trkpt>
   <trkpt lat="48.1884810" lon="6.9434050">
    <ele>447.0</ele>
    <time>2024-04-26T13:49:04Z</time>
   </trkpt>
   <trkpt lat="48.1884420" lon="6.9433640">
    <ele>447.0</ele>
    <time>2024-04-26T13:49:05Z</time>
   </trkpt>
   <trkpt lat="48.1884000" lon="6.9433270">
    <ele>447.0</ele>
    <time>2024-04-26T13:49:06Z</time>
   </trkpt>
   <trkpt lat="48.1883590" lon="6.9432860">
    <ele>447.0</ele>
    <time>2024-04-26T13:49:07Z</time>
   </trkpt>
   <trkpt lat="48.1883170" lon="6.9432480">
    <ele>447.0</ele>
    <time>2024-04-26T13:49:08Z</time>
   </trkpt>
   <trkpt lat="48.1882750" lon="6.9432100">
    <ele>447.0</ele>
    <time>2024-04-26T13:49:09Z</time>
   </trkpt>
   <trkpt lat="48.1882340" lon="6.9431720">
    <ele>447.0</ele>
    <time>2024-04-26T13:49:10Z</time>
   </trkpt>
   <trkpt lat="48.1881920" lon="6.9431320">
    <ele>447.1</ele>
    <time>2024-04-26T13:49:11Z</time>
   </trkpt>
   <trkpt lat="48.1881510" lon="6.9430910">
    <ele>447.1</ele>
    <time>2024-04-26T13:49:12Z</time>
   </trkpt>
   <trkpt lat="48.1881100" lon="6.9430500">
    <ele>447.2</ele>
    <time>2024-04-26T13:49:13Z</time>
   </trkpt>
   <trkpt lat="48.1880700" lon="6.9430100">
    <ele>447.2</ele>
    <time>2024-04-26T13:49:14Z</time>
   </trkpt>
   <trkpt lat="48.1880290" lon="6.9429700">
    <ele>447.3</ele>
    <time>2024-04-26T13:49:15Z</time>
   </trkpt>
   <trkpt lat="48.1879880" lon="6.9429280">
    <ele>447.4</ele>
    <time>2024-04-26T13:49:16Z</time>
   </trkpt>
   <trkpt lat="48.1879450" lon="6.9428880">
    <ele>447.4</ele>
    <time>2024-04-26T13:49:17Z</time>
   </trkpt>
   <trkpt lat="48.1879010" lon="6.9428490">
    <ele>447.5</ele>
    <time>2024-04-26T13:49:18Z</time>
   </trkpt>
   <trkpt lat="48.1878590" lon="6.9428060">
    <ele>447.5</ele>
    <time>2024-04-26T13:49:19Z</time>
   </trkpt>
   <trkpt lat="48.1878150" lon="6.9427680">
    <ele>447.6</ele>
    <time>2024-04-26T13:49:20Z</time>
   </trkpt>
   <trkpt lat="48.1877730" lon="6.9427270">
    <ele>447.6</ele>
    <time>2024-04-26T13:49:21Z</time>
   </trkpt>
   <trkpt lat="48.1877310" lon="6.9426860">
    <ele>447.7</ele>
    <time>2024-04-26T13:49:22Z</time>
   </trkpt>
   <trkpt lat="48.1876860" lon="6.9426500">
    <ele>447.7</ele>
    <time>2024-04-26T13:49:23Z</time>
   </trkpt>
   <trkpt lat="48.1876440" lon="6.9426110">
    <ele>447.8</ele>
    <time>2024-04-26T13:49:24Z</time>
   </trkpt>
   <trkpt lat="48.1876000" lon="6.9425720">
    <ele>447.8</ele>
    <time>2024-04-26T13:49:25Z</time>
   </trkpt>
   <trkpt lat="48.1875580" lon="6.9425330">
    <ele>447.9</ele>
    <time>2024-04-26T13:49:26Z</time>
   </trkpt>
   <trkpt lat="48.1875170" lon="6.9424910">
    <ele>448.0</ele>
    <time>2024-04-26T13:49:27Z</time>
   </trkpt>
   <trkpt lat="48.1874760" lon="6.9424540">
    <ele>448.1</ele>
    <time>2024-04-26T13:49:28Z</time>
   </trkpt>
   <trkpt lat="48.1874360" lon="6.9424150">
    <ele>448.1</ele>
    <time>2024-04-26T13:49:29Z</time>
   </trkpt>
   <trkpt lat="48.1873960" lon="6.9423720">
    <ele>448.2</ele>
    <time>2024-04-26T13:49:30Z</time>
   </trkpt>
   <trkpt lat="48.1873530" lon="6.9423320">
    <ele>448.3</ele>
    <time>2024-04-26T13:49:31Z</time>
   </trkpt>
   <trkpt lat="48.1873100" lon="6.9422950">
    <ele>448.4</ele>
    <time>2024-04-26T13:49:32Z</time>
   </trkpt>
   <trkpt lat="48.1872680" lon="6.9422580">
    <ele>448.5</ele>
    <time>2024-04-26T13:49:33Z</time>
   </trkpt>
   <trkpt lat="48.1872270" lon="6.9422190">
    <ele>448.6</ele>
    <time>2024-04-26T13:49:34Z</time>
   </trkpt>
   <trkpt lat="48.1871870" lon="6.9421780">
    <ele>448.7</ele>
    <time>2024-04-26T13:49:35Z</time>
   </trkpt>
   <trkpt lat="48.1871490" lon="6.9421320">
    <ele>448.8</ele>
    <time>2024-04-26T13:49:36Z</time>
   </trkpt>
   <trkpt lat="48.1871080" lon="6.9420920">
    <ele>448.9</ele>
    <time>2024-04-26T13:49:37Z</time>
   </trkpt>
   <trkpt lat="48.1870670" lon="6.9420510">
    <ele>448.9</ele>
    <time>2024-04-26T13:49:38Z</time>
   </trkpt>
   <trkpt lat="48.1870300" lon="6.9420080">
    <ele>449.0</ele>
    <time>2024-04-26T13:49:39Z</time>
   </trkpt>
   <trkpt lat="48.1869940" lon="6.9419610">
    <ele>449.1</ele>
    <time>2024-04-26T13:49:40Z</time>
   </trkpt>
   <trkpt lat="48.1869590" lon="6.9419120">
    <ele>449.2</ele>
    <time>2024-04-26T13:49:41Z</time>
   </trkpt>
   <trkpt lat="48.1869250" lon="6.9418610">
    <ele>449.3</ele>
    <time>2024-04-26T13:49:42Z</time>
   </trkpt>
   <trkpt lat="48.1868920" lon="6.9418100">
    <ele>449.4</ele>
    <time>2024-04-26T13:49:43Z</time>
   </trkpt>
   <trkpt lat="48.1868620" lon="6.9417570">
    <ele>449.5</ele>
    <time>2024-04-26T13:49:44Z</time>
   </trkpt>
   <trkpt lat="48.1868330" lon="6.9417020">
    <ele>449.6</ele>
    <time>2024-04-26T13:49:45Z</time>
   </trkpt>
   <trkpt lat="48.1868020" lon="6.9416460">
    <ele>449.7</ele>
    <time>2024-04-26T13:49:46Z</time>
   </trkpt>
   <trkpt lat="48.1867730" lon="6.9415920">
    <ele>449.8</ele>
    <time>2024-04-26T13:49:47Z</time>
   </trkpt>
   <trkpt lat="48.1867430" lon="6.9415380">
    <ele>449.9</ele>
    <time>2024-04-26T13:49:48Z</time>
   </trkpt>
   <trkpt lat="48.1867100" lon="6.9414880">
    <ele>449.9</ele>
    <time>2024-04-26T13:49:49Z</time>
   </trkpt>
   <trkpt lat="48.1866850" lon="6.9414320">
    <ele>450.0</ele>
    <time>2024-04-26T13:49:50Z</time>
   </trkpt>
   <trkpt lat="48.1866570" lon="6.9413750">
    <ele>450.1</ele>
    <time>2024-04-26T13:49:51Z</time>
   </trkpt>
   <trkpt lat="48.1866270" lon="6.9413210">
    <ele>450.2</ele>
    <time>2024-04-26T13:49:52Z</time>
   </trkpt>
   <trkpt lat="48.1865980" lon="6.9412650">
    <ele>450.3</ele>
    <time>2024-04-26T13:49:53Z</time>
   </trkpt>
   <trkpt lat="48.1865690" lon="6.9412090">
    <ele>450.4</ele>
    <time>2024-04-26T13:49:54Z</time>
   </trkpt>
   <trkpt lat="48.1865400" lon="6.9411530">
    <ele>450.5</ele>
    <time>2024-04-26T13:49:55Z</time>
   </trkpt>
   <trkpt lat="48.1865080" lon="6.9411020">
    <ele>450.6</ele>
    <time>2024-04-26T13:49:56Z</time>
   </trkpt>
   <trkpt lat="48.1864770" lon="6.9410540">
    <ele>450.7</ele>
    <time>2024-04-26T13:49:57Z</time>
   </trkpt>
   <trkpt lat="48.1864480" lon="6.9410060">
    <ele>450.8</ele>
    <time>2024-04-26T13:49:58Z</time>
   </trkpt>
   <trkpt lat="48.1864170" lon="6.9409600">
    <ele>450.9</ele>
    <time>2024-04-26T13:49:59Z</time>
   </trkpt>
   <trkpt lat="48.1863840" lon="6.9409150">
    <ele>451.0</ele>
    <time>2024-04-26T13:50:00Z</time>
   </trkpt>
   <trkpt lat="48.1863550" lon="6.9408690">
    <ele>451.1</ele>
    <time>2024-04-26T13:50:01Z</time>
   </trkpt>
   <trkpt lat="48.1863250" lon="6.9408260">
    <ele>451.2</ele>
    <time>2024-04-26T13:50:02Z</time>
   </trkpt>
   <trkpt lat="48.1862930" lon="6.9407870">
    <ele>451.3</ele>
    <time>2024-04-26T13:50:03Z</time>
   </trkpt>
   <trkpt lat="48.1862610" lon="6.9407480">
    <ele>451.4</ele>
    <time>2024-04-26T13:50:04Z</time>
   </trkpt>
   <trkpt lat="48.1862300" lon="6.9407010">
    <ele>451.5</ele>
    <time>2024-04-26T13:50:05Z</time>
   </trkpt>
   <trkpt lat="48.1861980" lon="6.9406560">
    <ele>451.6</ele>
    <time>2024-04-26T13:50:06Z</time>
   </trkpt>
   <trkpt lat="48.1861640" lon="6.9406170">
    <ele>451.6</ele>
    <time>2024-04-26T13:50:07Z</time>
   </trkpt>
   <trkpt lat="48.1861300" lon="6.9405780">
    <ele>451.7</ele>
    <time>2024-04-26T13:50:08Z</time>
   </trkpt>
   <trkpt lat="48.1860980" lon="6.9405380">
    <ele>451.8</ele>
    <time>2024-04-26T13:50:09Z</time>
   </trkpt>
   <trkpt lat="48.1860640" lon="6.9405030">
    <ele>451.9</ele>
    <time>2024-04-26T13:50:10Z</time>
   </trkpt>
   <trkpt lat="48.1860280" lon="6.9404680">
    <ele>452.0</ele>
    <time>2024-04-26T13:50:11Z</time>
   </trkpt>
   <trkpt lat="48.1859930" lon="6.9404350">
    <ele>452.1</ele>
    <time>2024-04-26T13:50:12Z</time>
   </trkpt>
   <trkpt lat="48.1859570" lon="6.9404020">
    <ele>452.2</ele>
    <time>2024-04-26T13:50:13Z</time>
   </trkpt>
   <trkpt lat="48.1859210" lon="6.9403710">
    <ele>452.3</ele>
    <time>2024-04-26T13:50:14Z</time>
   </trkpt>
   <trkpt lat="48.1858850" lon="6.9403420">
    <ele>452.4</ele>
    <time>2024-04-26T13:50:15Z</time>
   </trkpt>
   <trkpt lat="48.1858510" lon="6.9403090">
    <ele>452.5</ele>
    <time>2024-04-26T13:50:16Z</time>
   </trkpt>
   <trkpt lat="48.1858170" lon="6.9402740">
    <ele>452.6</ele>
    <time>2024-04-26T13:50:17Z</time>
   </trkpt>
   <trkpt lat="48.1857830" lon="6.9402400">
    <ele>452.7</ele>
    <time>2024-04-26T13:50:18Z</time>
   </trkpt>
   <trkpt lat="48.1857490" lon="6.9402070">
    <ele>452.9</ele>
    <time>2024-04-26T13:50:19Z</time>
   </trkpt>
   <trkpt lat="48.1857160" lon="6.9401730">
    <ele>453.0</ele>
    <time>2024-04-26T13:50:20Z</time>
   </trkpt>
   <trkpt lat="48.1856840" lon="6.9401430">
    <ele>453.1</ele>
    <time>2024-04-26T13:50:21Z</time>
   </trkpt>
   <trkpt lat="48.1856490" lon="6.9401170">
    <ele>453.2</ele>
    <time>2024-04-26T13:50:22Z</time>
   </trkpt>
   <trkpt lat="48.1856150" lon="6.9400910">
    <ele>453.4</ele>
    <time>2024-04-26T13:50:23Z</time>
   </trkpt>
   <trkpt lat="48.1855810" lon="6.9400630">
    <ele>453.5</ele>
    <time>2024-04-26T13:50:24Z</time>
   </trkpt>
   <trkpt lat="48.1855500" lon="6.9400330">
    <ele>453.6</ele>
    <time>2024-04-26T13:50:25Z</time>
   </trkpt>
   <trkpt lat="48.1855190" lon="6.9400060">
    <ele>453.8</ele>
    <time>2024-04-26T13:50:26Z</time>
   </trkpt>
   <trkpt lat="48.1854900" lon="6.9399800">
    <ele>453.9</ele>
    <time>2024-04-26T13:50:27Z</time>
   </trkpt>
   <trkpt lat="48.1854610" lon="6.9399560">
    <ele>454.1</ele>
    <time>2024-04-26T13:50:28Z</time>
   </trkpt>
   <trkpt lat="48.1854300" lon="6.9399330">
    <ele>454.2</ele>
    <time>2024-04-26T13:50:29Z</time>
   </trkpt>
   <trkpt lat="48.1853990" lon="6.9399130">
    <ele>454.3</ele>
    <time>2024-04-26T13:50:30Z</time>
   </trkpt>
   <trkpt lat="48.1853670" lon="6.9398930">
    <ele>454.5</ele>
    <time>2024-04-26T13:50:31Z</time>
   </trkpt>
   <trkpt lat="48.1853360" lon="6.9398740">
    <ele>454.6</ele>
    <time>2024-04-26T13:50:32Z</time>
   </trkpt>
   <trkpt lat="48.1853040" lon="6.9398580">
    <ele>454.8</ele>
    <time>2024-04-26T13:50:33Z</time>
   </trkpt>
   <trkpt lat="48.1852740" lon="6.9398420">
    <ele>454.9</ele>
    <time>2024-04-26T13:50:34Z</time>
   </trkpt>
   <trkpt lat="48.1852440" lon="6.9398280">
    <ele>455.0</ele>
    <time>2024-04-26T13:50:35Z</time>
   </trkpt>
   <trkpt lat="48.1852120" lon="6.9398190">
    <ele>455.2</ele>
    <time>2024-04-26T13:50:36Z</time>
   </trkpt>
   <trkpt lat="48.1851810" lon="6.9398090">
    <ele>455.3</ele>
    <time>2024-04-26T13:50:37Z</time>
   </trkpt>
   <trkpt lat="48.1851490" lon="6.9398030">
    <ele>455.5</ele>
    <time>2024-04-26T13:50:38Z</time>
   </trkpt>
   <trkpt lat="48.1851160" lon="6.9398040">
    <ele>455.6</ele>
    <time>2024-04-26T13:50:39Z</time>
   </trkpt>
   <trkpt lat="48.1850820" lon="6.9398070">
    <ele>455.7</ele>
    <time>2024-04-26T13:50:40Z</time>
   </trkpt>
   <trkpt lat="48.1850480" lon="6.9398040">
    <ele>455.9</ele>
    <time>2024-04-26T13:50:41Z</time>
   </trkpt>
   <trkpt lat="48.1850150" lon="6.9398070">
    <ele>456.0</ele>
    <time>2024-04-26T13:50:42Z</time>
   </trkpt>
   <trkpt lat="48.1849830" lon="6.9398200">
    <ele>456.2</ele>
    <time>2024-04-26T13:50:43Z</time>
   </trkpt>
   <trkpt lat="48.1849500" lon="6.9398330">
    <ele>456.3</ele>
    <time>2024-04-26T13:50:44Z</time>
   </trkpt>
   <trkpt lat="48.1849160" lon="6.9398380">
    <ele>456.5</ele>
    <time>2024-04-26T13:50:45Z</time>
   </trkpt>
   <trkpt lat="48.1848830" lon="6.9398490">
    <ele>456.6</ele>
    <time>2024-04-26T13:50:46Z</time>
   </trkpt>
   <trkpt lat="48.1848510" lon="6.9398650">
    <ele>456.8</ele>
    <time>2024-04-26T13:50:47Z</time>
   </trkpt>
   <trkpt lat="48.1848180" lon="6.9398820">
    <ele>456.9</ele>
    <time>2024-04-26T13:50:48Z</time>
   </trkpt>
   <trkpt lat="48.1847860" lon="6.9398970">
    <ele>457.1</ele>
    <time>2024-04-26T13:50:49Z</time>
   </trkpt>
   <trkpt lat="48.1847530" lon="6.9399110">
    <ele>457.2</ele>
    <time>2024-04-26T13:50:50Z</time>
   </trkpt>
   <trkpt lat="48.1847220" lon="6.9399250">
    <ele>457.3</ele>
    <time>2024-04-26T13:50:51Z</time>
   </trkpt>
   <trkpt lat="48.1846900" lon="6.9399390">
    <ele>457.5</ele>
    <time>2024-04-26T13:50:52Z</time>
   </trkpt>
   <trkpt lat="48.1846600" lon="6.9399540">
    <ele>457.6</ele>
    <time>2024-04-26T13:50:53Z</time>
   </trkpt>
   <trkpt lat="48.1846280" lon="6.9399650">
    <ele>457.7</ele>
    <time>2024-04-26T13:50:54Z</time>
   </trkpt>
   <trkpt lat="48.1845970" lon="6.9399730">
    <ele>457.9</ele>
    <time>2024-04-26T13:50:55Z</time>
   </trkpt>
   <trkpt lat="48.1845660" lon="6.9399790">
    <ele>458.0</ele>
    <time>2024-04-26T13:50:56Z</time>
   </trkpt>
   <trkpt lat="48.1845350" lon="6.9399800">
    <ele>458.1</ele>
    <time>2024-04-26T13:50:57Z</time>
   </trkpt>
   <trkpt lat="48.1845040" lon="6.9399790">
    <ele>458.3</ele>
    <time>2024-04-26T13:50:58Z</time>
   </trkpt>
   <trkpt lat="48.1844750" lon="6.9399760">
    <ele>458.4</ele>
    <time>2024-04-26T13:50:59Z</time>
   </trkpt>
   <trkpt lat="48.1844460" lon="6.9399710">
    <ele>458.5</ele>
    <time>2024-04-26T13:51:00Z</time>
   </trkpt>
   <trkpt lat="48.1844180" lon="6.9399640">
    <ele>458.7</ele>
    <time>2024-04-26T13:51:01Z</time>
   </trkpt>
   <trkpt lat="48.1843910" lon="6.9399540">
    <ele>458.8</ele>
    <time>2024-04-26T13:51:02Z</time>
   </trkpt>
   <trkpt lat="48.1843550" lon="6.9399400">
    <ele>459.0</ele>
    <time>2024-04-26T13:51:03Z</time>
   </trkpt>
   <trkpt lat="48.1843440" lon="6.9399330">
    <ele>459.0</ele>
    <time>2024-04-26T13:51:04Z</time>
   </trkpt>
   <trkpt lat="48.1843160" lon="6.9399160">
    <ele>459.2</ele>
    <time>2024-04-26T13:51:05Z</time>
   </trkpt>
   <trkpt lat="48.1843070" lon="6.9399110">
    <ele>459.2</ele>
    <time>2024-04-26T13:51:06Z</time>
   </trkpt>
   <trkpt lat="48.1842900" lon="6.9399080">
    <ele>459.3</ele>
    <time>2024-04-26T13:51:07Z</time>
   </trkpt>
   <trkpt lat="48.1842730" lon="6.9398970">
    <ele>459.4</ele>
    <time>2024-04-26T13:51:08Z</time>
   </trkpt>
   <trkpt lat="48.1842470" lon="6.9398780">
    <ele>459.6</ele>
    <time>2024-04-26T13:51:09Z</time>
   </trkpt>
   <trkpt lat="48.1842390" lon="6.9398720">
    <ele>459.6</ele>
    <time>2024-04-26T13:51:10Z</time>
   </trkpt>
   <trkpt lat="48.1842250" lon="6.9398590">
    <ele>459.7</ele>
    <time>2024-04-26T13:51:11Z</time>
   </trkpt>
   <trkpt lat="48.1842120" lon="6.9398470">
    <ele>459.8</ele>
    <time>2024-04-26T13:51:12Z</time>
   </trkpt>
   <trkpt lat="48.1841990" lon="6.9398380">
    <ele>459.9</ele>
    <time>2024-04-26T13:51:13Z</time>
   </trkpt>
   <trkpt lat="48.1841910" lon="6.9398330">
    <ele>459.9</ele>
    <time>2024-04-26T13:51:14Z</time>
   </trkpt>
   <trkpt lat="48.1841900" lon="6.9398330">
    <ele>459.9</ele>
    <time>2024-04-26T13:51:15Z</time>
   </trkpt>
   <trkpt lat="48.1841940" lon="6.9398350">
    <ele>460.0</ele>
    <time>2024-04-26T13:51:16Z</time>
   </trkpt>
   <trkpt lat="48.1841970" lon="6.9398360">
    <ele>460.0</ele>
    <time>2024-04-26T13:51:17Z</time>
   </trkpt>
   <trkpt lat="48.1841980" lon="6.9398370">
    <ele>460.0</ele>
    <time>2024-04-26T13:51:18Z</time>
   </trkpt>
   <trkpt lat="48.1841980" lon="6.9398380">
    <ele>460.0</ele>
    <time>2024-04-26T13:51:19Z</time>
   </trkpt>
   <trkpt lat="48.1841980" lon="6.9398400">
    <ele>460.0</ele>
    <time>2024-04-26T13:51:20Z</time>
   </trkpt>
   <trkpt lat="48.1842010" lon="6.9398400">
    <ele>460.0</ele>
    <time>2024-04-26T13:51:21Z</time>
   </trkpt>
   <trkpt lat="48.1842030" lon="6.9398330">
    <ele>460.0</ele>
    <time>2024-04-26T13:51:22Z</time>
   </trkpt>
   <trkpt lat="48.1842030" lon="6.9398200">
    <ele>460.1</ele>
    <time>2024-04-26T13:51:23Z</time>
   </trkpt>
   <trkpt lat="48.1842000" lon="6.9398140">
    <ele>460.1</ele>
    <time>2024-04-26T13:51:24Z</time>
   </trkpt>
   <trkpt lat="48.1841990" lon="6.9398100">
    <ele>460.1</ele>
    <time>2024-04-26T13:51:25Z</time>
   </trkpt>
   <trkpt lat="48.1841970" lon="6.9398070">
    <ele>460.1</ele>
    <time>2024-04-26T13:51:26Z</time>
   </trkpt>
   <trkpt lat="48.1841970" lon="6.9398060">
    <ele>460.1</ele>
    <time>2024-04-26T13:51:27Z</time>
   </trkpt>
   <trkpt lat="48.1841970" lon="6.9398060">
    <ele>460.1</ele>
    <time>2024-04-26T13:51:28Z</time>
   </trkpt>
   <trkpt lat="48.1841970" lon="6.9398060">
    <ele>460.1</ele>
    <time>2024-04-26T13:51:29Z</time>
   </trkpt>
   <trkpt lat="48.1841970" lon="6.9398050">
    <ele>460.1</ele>
    <time>2024-04-26T13:51:30Z</time>
   </trkpt>
   <trkpt lat="48.1841970" lon="6.9398040">
    <ele>460.1</ele>
    <time>2024-04-26T13:51:31Z</time>
   </trkpt>
   <trkpt lat="48.1841970" lon="6.9398030">
    <ele>460.2</ele>
    <time>2024-04-26T13:51:32Z</time>
   </trkpt>
   <trkpt lat="48.1841970" lon="6.9398030">
    <ele>460.2</ele>
    <time>2024-04-26T13:51:33Z</time>
   </trkpt>
   <trkpt lat="48.1841740" lon="6.9398310">
    <ele>460.3</ele>
    <time>2024-04-26T13:55:24Z</time>
   </trkpt>
   <trkpt lat="48.1841670" lon="6.9398320">
    <ele>460.3</ele>
    <time>2024-04-26T13:55:25Z</time>
   </trkpt>
   <trkpt lat="48.1841600" lon="6.9398320">
    <ele>460.4</ele>
    <time>2024-04-26T13:55:26Z</time>
   </trkpt>
   <trkpt lat="48.1841540" lon="6.9398300">
    <ele>460.4</ele>
    <time>2024-04-26T13:55:27Z</time>
   </trkpt>
   <trkpt lat="48.1841500" lon="6.9398280">
    <ele>460.5</ele>
    <time>2024-04-26T13:55:28Z</time>
   </trkpt>
   <trkpt lat="48.1841490" lon="6.9398270">
    <ele>460.5</ele>
    <time>2024-04-26T13:55:29Z</time>
   </trkpt>
   <trkpt lat="48.1841470" lon="6.9398260">
    <ele>460.5</ele>
    <time>2024-04-26T13:55:30Z</time>
   </trkpt>
   <trkpt lat="48.1841470" lon="6.9398260">
    <ele>460.5</ele>
    <time>2024-04-26T13:55:31Z</time>
   </trkpt>
   <trkpt lat="48.1841470" lon="6.9398250">
    <ele>460.5</ele>
    <time>2024-04-26T13:55:32Z</time>
   </trkpt>
   <trkpt lat="48.1841460" lon="6.9398250">
    <ele>460.5</ele>
    <time>2024-04-26T13:55:33Z</time>
   </trkpt>
   <trkpt lat="48.1841440" lon="6.9398250">
    <ele>460.5</ele>
    <time>2024-04-26T13:55:34Z</time>
   </trkpt>
   <trkpt lat="48.1841430" lon="6.9398250">
    <ele>460.5</ele>
    <time>2024-04-26T13:55:35Z</time>
   </trkpt>
   <trkpt lat="48.1841420" lon="6.9398240">
    <ele>460.5</ele>
    <time>2024-04-26T13:55:36Z</time>
   </trkpt>
   <trkpt lat="48.1841420" lon="6.9398240">
    <ele>460.5</ele>
    <time>2024-04-26T13:55:37Z</time>
   </trkpt>
   <trkpt lat="48.1841100" lon="6.9398150">
    <ele>460.7</ele>
    <time>2024-04-26T13:55:46Z</time>
   </trkpt>
   <trkpt lat="48.1840960" lon="6.9398180">
    <ele>460.8</ele>
    <time>2024-04-26T13:55:47Z</time>
   </trkpt>
   <trkpt lat="48.1840830" lon="6.9398300">
    <ele>460.9</ele>
    <time>2024-04-26T13:55:48Z</time>
   </trkpt>
   <trkpt lat="48.1840790" lon="6.9398480">
    <ele>461.0</ele>
    <time>2024-04-26T13:55:49Z</time>
   </trkpt>
   <trkpt lat="48.1840750" lon="6.9398710">
    <ele>461.1</ele>
    <time>2024-04-26T13:55:50Z</time>
   </trkpt>
   <trkpt lat="48.1840680" lon="6.9398960">
    <ele>461.2</ele>
    <time>2024-04-26T13:55:51Z</time>
   </trkpt>
   <trkpt lat="48.1840540" lon="6.9399140">
    <ele>461.4</ele>
    <time>2024-04-26T13:55:52Z</time>
   </trkpt>
   <trkpt lat="48.1840230" lon="6.9399170">
    <ele>461.6</ele>
    <time>2024-04-26T13:55:53Z</time>
   </trkpt>
   <trkpt lat="48.1840120" lon="6.9399140">
    <ele>461.7</ele>
    <time>2024-04-26T13:55:54Z</time>
   </trkpt>
   <trkpt lat="48.1839840" lon="6.9398910">
    <ele>461.9</ele>
    <time>2024-04-26T13:55:55Z</time>
   </trkpt>
   <trkpt lat="48.1839740" lon="6.9398840">
    <ele>462.0</ele>
    <time>2024-04-26T13:55:56Z</time>
   </trkpt>
   <trkpt lat="48.1839420" lon="6.9398700">
    <ele>462.2</ele>
    <time>2024-04-26T13:55:57Z</time>
   </trkpt>
   <trkpt lat="48.1839300" lon="6.9398670">
    <ele>462.3</ele>
    <time>2024-04-26T13:55:58Z</time>
   </trkpt>
   <trkpt lat="48.1838960" lon="6.9398580">
    <ele>462.6</ele>
    <time>2024-04-26T13:55:59Z</time>
   </trkpt>
   <trkpt lat="48.1838840" lon="6.9398540">
    <ele>462.7</ele>
    <time>2024-04-26T13:56:00Z</time>
   </trkpt>
   <trkpt lat="48.1838490" lon="6.9398430">
    <ele>463.0</ele>
    <time>2024-04-26T13:56:01Z</time>
   </trkpt>
   <trkpt lat="48.1838380" lon="6.9398390">
    <ele>463.1</ele>
    <time>2024-04-26T13:56:02Z</time>
   </trkpt>
   <trkpt lat="48.1838040" lon="6.9398300">
    <ele>463.4</ele>
    <time>2024-04-26T13:56:03Z</time>
   </trkpt>
   <trkpt lat="48.1837920" lon="6.9398270">
    <ele>463.5</ele>
    <time>2024-04-26T13:56:04Z</time>
   </trkpt>
   <trkpt lat="48.1837580" lon="6.9398210">
    <ele>463.8</ele>
    <time>2024-04-26T13:56:05Z</time>
   </trkpt>
   <trkpt lat="48.1837470" lon="6.9398190">
    <ele>463.9</ele>
    <time>2024-04-26T13:56:06Z</time>
   </trkpt>
   <trkpt lat="48.1837150" lon="6.9398160">
    <ele>464.2</ele>
    <time>2024-04-26T13:56:07Z</time>
   </trkpt>
   <trkpt lat="48.1837040" lon="6.9398160">
    <ele>464.3</ele>
    <time>2024-04-26T13:56:08Z</time>
   </trkpt>
   <trkpt lat="48.1836720" lon="6.9398160">
    <ele>464.6</ele>
    <time>2024-04-26T13:56:09Z</time>
   </trkpt>
   <trkpt lat="48.1836610" lon="6.9398150">
    <ele>464.7</ele>
    <time>2024-04-26T13:56:10Z</time>
   </trkpt>
   <trkpt lat="48.1836300" lon="6.9398100">
    <ele>464.9</ele>
    <time>2024-04-26T13:56:11Z</time>
   </trkpt>
   <trkpt lat="48.1836200" lon="6.9398110">
    <ele>465.0</ele>
    <time>2024-04-26T13:56:12Z</time>
   </trkpt>
   <trkpt lat="48.1835880" lon="6.9398160">
    <ele>465.3</ele>
    <time>2024-04-26T13:56:13Z</time>
   </trkpt>
   <trkpt lat="48.1835770" lon="6.9398180">
    <ele>465.4</ele>
    <time>2024-04-26T13:56:14Z</time>
   </trkpt>
   <trkpt lat="48.1835450" lon="6.9398250">
    <ele>465.7</ele>
    <time>2024-04-26T13:56:15Z</time>
   </trkpt>
   <trkpt lat="48.1835350" lon="6.9398280">
    <ele>465.8</ele>
    <time>2024-04-26T13:56:16Z</time>
   </trkpt>
   <trkpt lat="48.1835030" lon="6.9398370">
    <ele>466.1</ele>
    <time>2024-04-26T13:56:17Z</time>
   </trkpt>
   <trkpt lat="48.1834920" lon="6.9398410">
    <ele>466.2</ele>
    <time>2024-04-26T13:56:18Z</time>
   </trkpt>
   <trkpt lat="48.1834590" lon="6.9398550">
    <ele>466.6</ele>
    <time>2024-04-26T13:56:19Z</time>
   </trkpt>
   <trkpt lat="48.1834480" lon="6.9398590">
    <ele>466.7</ele>
    <time>2024-04-26T13:56:20Z</time>
   </trkpt>
   <trkpt lat="48.1834160" lon="6.9398770">
    <ele>466.9</ele>
    <time>2024-04-26T13:56:21Z</time>
   </trkpt>
   <trkpt lat="48.1834050" lon="6.9398820">
    <ele>467.0</ele>
    <time>2024-04-26T13:56:22Z</time>
   </trkpt>
   <trkpt lat="48.1833750" lon="6.9399020">
    <ele>467.3</ele>
    <time>2024-04-26T13:56:23Z</time>
   </trkpt>
   <trkpt lat="48.1833660" lon="6.9399100">
    <ele>467.4</ele>
    <time>2024-04-26T13:56:24Z</time>
   </trkpt>
   <trkpt lat="48.1833330" lon="6.9399250">
    <ele>467.7</ele>
    <time>2024-04-26T13:56:25Z</time>
   </trkpt>
   <trkpt lat="48.1833220" lon="6.9399290">
    <ele>467.8</ele>
    <time>2024-04-26T13:56:26Z</time>
   </trkpt>
   <trkpt lat="48.1832880" lon="6.9399440">
    <ele>468.1</ele>
    <time>2024-04-26T13:56:27Z</time>
   </trkpt>
   <trkpt lat="48.1832770" lon="6.9399480">
    <ele>468.2</ele>
    <time>2024-04-26T13:56:28Z</time>
   </trkpt>
   <trkpt lat="48.1832420" lon="6.9399480">
    <ele>468.5</ele>
    <time>2024-04-26T13:56:29Z</time>
   </trkpt>
   <trkpt lat="48.1832310" lon="6.9399470">
    <ele>468.6</ele>
    <time>2024-04-26T13:56:30Z</time>
   </trkpt>
   <trkpt lat="48.1832150" lon="6.9399360">
    <ele>468.7</ele>
    <time>2024-04-26T13:56:31Z</time>
   </trkpt>
   <trkpt lat="48.1832120" lon="6.9399340">
    <ele>468.7</ele>
    <time>2024-04-26T13:56:32Z</time>
   </trkpt>
   <trkpt lat="48.1832080" lon="6.9399320">
    <ele>468.8</ele>
    <time>2024-04-26T13:56:33Z</time>
   </trkpt>
   <trkpt lat="48.1832050" lon="6.9399300">
    <ele>468.8</ele>
    <time>2024-04-26T13:56:34Z</time>
   </trkpt>
   <trkpt lat="48.1832020" lon="6.9399270">
    <ele>468.8</ele>
    <time>2024-04-26T13:56:35Z</time>
   </trkpt>
   <trkpt lat="48.1831980" lon="6.9399250">
    <ele>468.9</ele>
    <time>2024-04-26T13:56:36Z</time>
   </trkpt>
   <trkpt lat="48.1831950" lon="6.9399230">
    <ele>468.9</ele>
    <time>2024-04-26T13:56:37Z</time>
   </trkpt>
   <trkpt lat="48.1831910" lon="6.9399210">
    <ele>468.9</ele>
    <time>2024-04-26T13:56:38Z</time>
   </trkpt>
   <trkpt lat="48.1831880" lon="6.9399190">
    <ele>468.9</ele>
    <time>2024-04-26T13:56:39Z</time>
   </trkpt>
   <trkpt lat="48.1831850" lon="6.9399160">
    <ele>468.9</ele>
    <time>2024-04-26T13:56:40Z</time>
   </trkpt>
   <trkpt lat="48.1831810" lon="6.9399140">
    <ele>469.0</ele>
    <time>2024-04-26T13:56:41Z</time>
   </trkpt>
   <trkpt lat="48.1831780" lon="6.9399120">
    <ele>469.0</ele>
    <time>2024-04-26T13:56:42Z</time>
   </trkpt>
   <trkpt lat="48.1831740" lon="6.9399100">
    <ele>469.0</ele>
    <time>2024-04-26T13:57:01Z</time>
   </trkpt>
   <trkpt lat="48.1831710" lon="6.9399080">
    <ele>469.0</ele>
    <time>2024-04-26T13:57:02Z</time>
   </trkpt>
   <trkpt lat="48.1831670" lon="6.9399050">
    <ele>469.0</ele>
    <time>2024-04-26T13:57:03Z</time>
   </trkpt>
   <trkpt lat="48.1831490" lon="6.9398760">
    <ele>469.1</ele>
    <time>2024-04-26T13:57:04Z</time>
   </trkpt>
   <trkpt lat="48.1831290" lon="6.9398390">
    <ele>469.3</ele>
    <time>2024-04-26T13:57:05Z</time>
   </trkpt>
   <trkpt lat="48.1831120" lon="6.9397980">
    <ele>469.4</ele>
    <time>2024-04-26T13:57:06Z</time>
   </trkpt>
   <trkpt lat="48.1830940" lon="6.9397550">
    <ele>469.6</ele>
    <time>2024-04-26T13:57:07Z</time>
   </trkpt>
   <trkpt lat="48.1830750" lon="6.9397080">
    <ele>469.7</ele>
    <time>2024-04-26T13:57:08Z</time>
   </trkpt>
   <trkpt lat="48.1830560" lon="6.9396590">
    <ele>469.8</ele>
    <time>2024-04-26T13:57:09Z</time>
   </trkpt>
   <trkpt lat="48.1830380" lon="6.9396070">
    <ele>470.0</ele>
    <time>2024-04-26T13:57:10Z</time>
   </trkpt>
   <trkpt lat="48.1830210" lon="6.9395530">
    <ele>470.2</ele>
    <time>2024-04-26T13:57:11Z</time>
   </trkpt>
   <trkpt lat="48.1830060" lon="6.9394970">
    <ele>470.3</ele>
    <time>2024-04-26T13:57:12Z</time>
   </trkpt>
   <trkpt lat="48.1829890" lon="6.9394420">
    <ele>470.5</ele>
    <time>2024-04-26T13:57:13Z</time>
   </trkpt>
   <trkpt lat="48.1829720" lon="6.9393890">
    <ele>470.6</ele>
    <time>2024-04-26T13:57:14Z</time>
   </trkpt>
   <trkpt lat="48.1829560" lon="6.9393350">
    <ele>470.8</ele>
    <time>2024-04-26T13:57:15Z</time>
   </trkpt>
   <trkpt lat="48.1829410" lon="6.9392800">
    <ele>470.9</ele>
    <time>2024-04-26T13:57:16Z</time>
   </trkpt>
   <trkpt lat="48.1829260" lon="6.9392250">
    <ele>471.1</ele>
    <time>2024-04-26T13:57:17Z</time>
   </trkpt>
   <trkpt lat="48.1829090" lon="6.9391710">
    <ele>471.2</ele>
    <time>2024-04-26T13:57:18Z</time>
   </trkpt>
   <trkpt lat="48.1828920" lon="6.9391170">
    <ele>471.4</ele>
    <time>2024-04-26T13:57:19Z</time>
   </trkpt>
   <trkpt lat="48.1828770" lon="6.9390630">
    <ele>471.5</ele>
    <time>2024-04-26T13:57:20Z</time>
   </trkpt>
   <trkpt lat="48.1828610" lon="6.9390070">
    <ele>471.7</ele>
    <time>2024-04-26T13:57:21Z</time>
   </trkpt>
   <trkpt lat="48.1828420" lon="6.9389530">
    <ele>471.8</ele>
    <time>2024-04-26T13:57:22Z</time>
   </trkpt>
   <trkpt lat="48.1828220" lon="6.9389000">
    <ele>472.0</ele>
    <time>2024-04-26T13:57:23Z</time>
   </trkpt>
   <trkpt lat="48.1828010" lon="6.9388470">
    <ele>472.1</ele>
    <time>2024-04-26T13:57:24Z</time>
   </trkpt>
   <trkpt lat="48.1827810" lon="6.9387930">
    <ele>472.3</ele>
    <time>2024-04-26T13:57:25Z</time>
   </trkpt>
   <trkpt lat="48.1827590" lon="6.9387410">
    <ele>472.4</ele>
    <time>2024-04-26T13:57:26Z</time>
   </trkpt>
   <trkpt lat="48.1827350" lon="6.9386900">
    <ele>472.6</ele>
    <time>2024-04-26T13:57:27Z</time>
   </trkpt>
   <trkpt lat="48.1827100" lon="6.9386410">
    <ele>472.7</ele>
    <time>2024-04-26T13:57:28Z</time>
   </trkpt>
   <trkpt lat="48.1826820" lon="6.9385930">
    <ele>472.9</ele>
    <time>2024-04-26T13:57:29Z</time>
   </trkpt>
   <trkpt lat="48.1826550" lon="6.9385450">
    <ele>473.0</ele>
    <time>2024-04-26T13:57:30Z</time>
   </trkpt>
   <trkpt lat="48.1826280" lon="6.9384970">
    <ele>473.2</ele>
    <time>2024-04-26T13:57:31Z</time>
   </trkpt>
   <trkpt lat="48.1826010" lon="6.9384500">
    <ele>473.3</ele>
    <time>2024-04-26T13:57:32Z</time>
   </trkpt>
   <trkpt lat="48.1825740" lon="6.9384030">
    <ele>473.4</ele>
    <time>2024-04-26T13:57:33Z</time>
   </trkpt>
   <trkpt lat="48.1825460" lon="6.9383570">
    <ele>473.6</ele>
    <time>2024-04-26T13:57:34Z</time>
   </trkpt>
   <trkpt lat="48.1825160" lon="6.9383140">
    <ele>473.7</ele>
    <time>2024-04-26T13:57:35Z</time>
   </trkpt>
   <trkpt lat="48.1824850" lon="6.9382720">
    <ele>473.9</ele>
    <time>2024-04-26T13:57:36Z</time>
   </trkpt>
   <trkpt lat="48.1824540" lon="6.9382320">
    <ele>474.0</ele>
    <time>2024-04-26T13:57:37Z</time>
   </trkpt>
   <trkpt lat="48.1824210" lon="6.9381940">
    <ele>474.2</ele>
    <time>2024-04-26T13:57:38Z</time>
   </trkpt>
   <trkpt lat="48.1823880" lon="6.9381570">
    <ele>474.3</ele>
    <time>2024-04-26T13:57:39Z</time>
   </trkpt>
   <trkpt lat="48.1823550" lon="6.9381220">
    <ele>474.5</ele>
    <time>2024-04-26T13:57:40Z</time>
   </trkpt>
   <trkpt lat="48.1823200" lon="6.9380880">
    <ele>474.6</ele>
    <time>2024-04-26T13:57:41Z</time>
   </trkpt>
   <trkpt lat="48.1822860" lon="6.9380530">
    <ele>474.8</ele>
    <time>2024-04-26T13:57:42Z</time>
   </trkpt>
   <trkpt lat="48.1822520" lon="6.9380190">
    <ele>474.9</ele>
    <time>2024-04-26T13:57:43Z</time>
   </trkpt>
   <trkpt lat="48.1822170" lon="6.9379870">
    <ele>475.0</ele>
    <time>2024-04-26T13:57:44Z</time>
   </trkpt>
   <trkpt lat="48.1821810" lon="6.9379580">
    <ele>475.1</ele>
    <time>2024-04-26T13:57:45Z</time>
   </trkpt>
   <trkpt lat="48.1821450" lon="6.9379270">
    <ele>475.3</ele>
    <time>2024-04-26T13:57:46Z</time>
   </trkpt>
   <trkpt lat="48.1821100" lon="6.9378980">
    <ele>475.4</ele>
    <time>2024-04-26T13:57:47Z</time>
   </trkpt>
   <trkpt lat="48.1820730" lon="6.9378690">
    <ele>475.5</ele>
    <time>2024-04-26T13:57:48Z</time>
   </trkpt>
   <trkpt lat="48.1820370" lon="6.9378400">
    <ele>475.7</ele>
    <time>2024-04-26T13:57:49Z</time>
   </trkpt>
   <trkpt lat="48.1820010" lon="6.9378100">
    <ele>475.8</ele>
    <time>2024-04-26T13:57:50Z</time>
   </trkpt>
   <trkpt lat="48.1819640" lon="6.9377820">
    <ele>475.9</ele>
    <time>2024-04-26T13:57:51Z</time>
   </trkpt>
   <trkpt lat="48.1819270" lon="6.9377550">
    <ele>476.1</ele>
    <time>2024-04-26T13:57:52Z</time>
   </trkpt>
   <trkpt lat="48.1818900" lon="6.9377280">
    <ele>476.2</ele>
    <time>2024-04-26T13:57:53Z</time>
   </trkpt>
   <trkpt lat="48.1818530" lon="6.9377010">
    <ele>476.3</ele>
    <time>2024-04-26T13:57:54Z</time>
   </trkpt>
   <trkpt lat="48.1818160" lon="6.9376720">
    <ele>476.5</ele>
    <time>2024-04-26T13:57:55Z</time>
   </trkpt>
   <trkpt lat="48.1817790" lon="6.9376440">
    <ele>476.6</ele>
    <time>2024-04-26T13:57:56Z</time>
   </trkpt>
   <trkpt lat="48.1817420" lon="6.9376160">
    <ele>476.7</ele>
    <time>2024-04-26T13:57:57Z</time>
   </trkpt>
   <trkpt lat="48.1817040" lon="6.9375900">
    <ele>476.9</ele>
    <time>2024-04-26T13:57:58Z</time>
   </trkpt>
   <trkpt lat="48.1816660" lon="6.9375650">
    <ele>477.0</ele>
    <time>2024-04-26T13:57:59Z</time>
   </trkpt>
   <trkpt lat="48.1816280" lon="6.9375390">
    <ele>477.1</ele>
    <time>2024-04-26T13:58:00Z</time>
   </trkpt>
   <trkpt lat="48.1815910" lon="6.9375130">
    <ele>477.3</ele>
    <time>2024-04-26T13:58:01Z</time>
   </trkpt>
   <trkpt lat="48.1815540" lon="6.9374890">
    <ele>477.4</ele>
    <time>2024-04-26T13:58:02Z</time>
   </trkpt>
   <trkpt lat="48.1815180" lon="6.9374650">
    <ele>477.6</ele>
    <time>2024-04-26T13:58:03Z</time>
   </trkpt>
   <trkpt lat="48.1814810" lon="6.9374410">
    <ele>477.7</ele>
    <time>2024-04-26T13:58:04Z</time>
   </trkpt>
   <trkpt lat="48.1814440" lon="6.9374200">
    <ele>477.8</ele>
    <time>2024-04-26T13:58:05Z</time>
   </trkpt>
   <trkpt lat="48.1814080" lon="6.9373970">
    <ele>477.9</ele>
    <time>2024-04-26T13:58:06Z</time>
   </trkpt>
   <trkpt lat="48.1813710" lon="6.9373780">
    <ele>478.1</ele>
    <time>2024-04-26T13:58:07Z</time>
   </trkpt>
   <trkpt lat="48.1813350" lon="6.9373600">
    <ele>478.2</ele>
    <time>2024-04-26T13:58:08Z</time>
   </trkpt>
   <trkpt lat="48.1812980" lon="6.9373430">
    <ele>478.3</ele>
    <time>2024-04-26T13:58:09Z</time>
   </trkpt>
   <trkpt lat="48.1812610" lon="6.9373250">
    <ele>478.5</ele>
    <time>2024-04-26T13:58:10Z</time>
   </trkpt>
   <trkpt lat="48.1812230" lon="6.9373090">
    <ele>478.6</ele>
    <time>2024-04-26T13:58:11Z</time>
   </trkpt>
   <trkpt lat="48.1811840" lon="6.9372950">
    <ele>478.7</ele>
    <time>2024-04-26T13:58:12Z</time>
   </trkpt>
   <trkpt lat="48.1811460" lon="6.9372820">
    <ele>478.9</ele>
    <time>2024-04-26T13:58:13Z</time>
   </trkpt>
   <trkpt lat="48.1811060" lon="6.9372690">
    <ele>479.0</ele>
    <time>2024-04-26T13:58:14Z</time>
   </trkpt>
   <trkpt lat="48.1810670" lon="6.9372570">
    <ele>479.2</ele>
    <time>2024-04-26T13:58:15Z</time>
   </trkpt>
   <trkpt lat="48.1810260" lon="6.9372470">
    <ele>479.3</ele>
    <time>2024-04-26T13:58:16Z</time>
   </trkpt>
   <trkpt lat="48.1809860" lon="6.9372400">
    <ele>479.5</ele>
    <time>2024-04-26T13:58:17Z</time>
   </trkpt>
   <trkpt lat="48.1809450" lon="6.9372330">
    <ele>479.6</ele>
    <time>2024-04-26T13:58:18Z</time>
   </trkpt>
   <trkpt lat="48.1809050" lon="6.9372260">
    <ele>479.8</ele>
    <time>2024-04-26T13:58:19Z</time>
   </trkpt>
   <trkpt lat="48.1808640" lon="6.9372190">
    <ele>480.0</ele>
    <time>2024-04-26T13:58:20Z</time>
   </trkpt>
   <trkpt lat="48.1808240" lon="6.9372130">
    <ele>480.0</ele>
    <time>2024-04-26T13:58:21Z</time>
   </trkpt>
   <trkpt lat="48.1807830" lon="6.9372080">
    <ele>479.9</ele>
    <time>2024-04-26T13:58:22Z</time>
   </trkpt>
   <trkpt lat="48.1807420" lon="6.9372030">
    <ele>479.9</ele>
    <time>2024-04-26T13:58:23Z</time>
   </trkpt>
   <trkpt lat="48.1807020" lon="6.9371970">
    <ele>480.0</ele>
    <time>2024-04-26T13:58:24Z</time>
   </trkpt>
   <trkpt lat="48.1806610" lon="6.9371910">
    <ele>480.1</ele>
    <time>2024-04-26T13:58:25Z</time>
   </trkpt>
   <trkpt lat="48.1806210" lon="6.9371830">
    <ele>480.2</ele>
    <time>2024-04-26T13:58:26Z</time>
   </trkpt>
   <trkpt lat="48.1805800" lon="6.9371770">
    <ele>480.4</ele>
    <time>2024-04-26T13:58:27Z</time>
   </trkpt>
   <trkpt lat="48.1805400" lon="6.9371730">
    <ele>480.5</ele>
    <time>2024-04-26T13:58:28Z</time>
   </trkpt>
   <trkpt lat="48.1805000" lon="6.9371700">
    <ele>480.6</ele>
    <time>2024-04-26T13:58:29Z</time>
   </trkpt>
   <trkpt lat="48.1804610" lon="6.9371650">
    <ele>480.8</ele>
    <time>2024-04-26T13:58:30Z</time>
   </trkpt>
   <trkpt lat="48.1804220" lon="6.9371610">
    <ele>480.9</ele>
    <time>2024-04-26T13:58:31Z</time>
   </trkpt>
   <trkpt lat="48.1803830" lon="6.9371550">
    <ele>481.0</ele>
    <time>2024-04-26T13:58:32Z</time>
   </trkpt>
   <trkpt lat="48.1803430" lon="6.9371500">
    <ele>481.2</ele>
    <time>2024-04-26T13:58:33Z</time>
   </trkpt>
   <trkpt lat="48.1803030" lon="6.9371440">
    <ele>481.3</ele>
    <time>2024-04-26T13:58:34Z</time>
   </trkpt>
   <trkpt lat="48.1802630" lon="6.9371370">
    <ele>481.4</ele>
    <time>2024-04-26T13:58:35Z</time>
   </trkpt>
   <trkpt lat="48.1802240" lon="6.9371300">
    <ele>481.6</ele>
    <time>2024-04-26T13:58:36Z</time>
   </trkpt>
   <trkpt lat="48.1801860" lon="6.9371230">
    <ele>481.7</ele>
    <time>2024-04-26T13:58:37Z</time>
   </trkpt>
   <trkpt lat="48.1801480" lon="6.9371130">
    <ele>481.9</ele>
    <time>2024-04-26T13:58:38Z</time>
   </trkpt>
   <trkpt lat="48.1801100" lon="6.9371040">
    <ele>482.1</ele>
    <time>2024-04-26T13:58:39Z</time>
   </trkpt>
   <trkpt lat="48.1800720" lon="6.9370940">
    <ele>482.2</ele>
    <time>2024-04-26T13:58:40Z</time>
   </trkpt>
   <trkpt lat="48.1800350" lon="6.9370820">
    <ele>482.4</ele>
    <time>2024-04-26T13:58:41Z</time>
   </trkpt>
   <trkpt lat="48.1799980" lon="6.9370690">
    <ele>482.6</ele>
    <time>2024-04-26T13:58:42Z</time>
   </trkpt>
   <trkpt lat="48.1799610" lon="6.9370540">
    <ele>482.8</ele>
    <time>2024-04-26T13:58:43Z</time>
   </trkpt>
   <trkpt lat="48.1799250" lon="6.9370390">
    <ele>483.0</ele>
    <time>2024-04-26T13:58:44Z</time>
   </trkpt>
   <trkpt lat="48.1798900" lon="6.9370240">
    <ele>483.1</ele>
    <time>2024-04-26T13:58:45Z</time>
   </trkpt>
   <trkpt lat="48.1798550" lon="6.9370070">
    <ele>483.2</ele>
    <time>2024-04-26T13:58:46Z</time>
   </trkpt>
   <trkpt lat="48.1798210" lon="6.9369920">
    <ele>483.3</ele>
    <time>2024-04-26T13:58:47Z</time>
   </trkpt>
   <trkpt lat="48.1797870" lon="6.9369740">
    <ele>483.4</ele>
    <time>2024-04-26T13:58:48Z</time>
   </trkpt>
   <trkpt lat="48.1797540" lon="6.9369540">
    <ele>483.5</ele>
    <time>2024-04-26T13:58:49Z</time>
   </trkpt>
   <trkpt lat="48.1797230" lon="6.9369330">
    <ele>483.6</ele>
    <time>2024-04-26T13:58:50Z</time>
   </trkpt>
   <trkpt lat="48.1796920" lon="6.9369100">
    <ele>483.7</ele>
    <time>2024-04-26T13:58:51Z</time>
   </trkpt>
   <trkpt lat="48.1796630" lon="6.9368880">
    <ele>483.8</ele>
    <time>2024-04-26T13:58:52Z</time>
   </trkpt>
   <trkpt lat="48.1796340" lon="6.9368670">
    <ele>483.9</ele>
    <time>2024-04-26T13:58:53Z</time>
   </trkpt>
   <trkpt lat="48.1796060" lon="6.9368430">
    <ele>484.0</ele>
    <time>2024-04-26T13:58:54Z</time>
   </trkpt>
   <trkpt lat="48.1795750" lon="6.9368250">
    <ele>484.2</ele>
    <time>2024-04-26T13:58:55Z</time>
   </trkpt>
   <trkpt lat="48.1795440" lon="6.9368080">
    <ele>484.4</ele>
    <time>2024-04-26T13:58:56Z</time>
   </trkpt>
   <trkpt lat="48.1795160" lon="6.9367800">
    <ele>484.6</ele>
    <time>2024-04-26T13:58:57Z</time>
   </trkpt>
   <trkpt lat="48.1794900" lon="6.9367520">
    <ele>484.8</ele>
    <time>2024-04-26T13:58:58Z</time>
   </trkpt>
   <trkpt lat="48.1794640" lon="6.9367230">
    <ele>485.0</ele>
    <time>2024-04-26T13:58:59Z</time>
   </trkpt>
   <trkpt lat="48.1794410" lon="6.9366940">
    <ele>485.1</ele>
    <time>2024-04-26T13:59:00Z</time>
   </trkpt>
   <trkpt lat="48.1794170" lon="6.9366680">
    <ele>485.3</ele>
    <time>2024-04-26T13:59:01Z</time>
   </trkpt>
   <trkpt lat="48.1793900" lon="6.9366440">
    <ele>485.5</ele>
    <time>2024-04-26T13:59:02Z</time>
   </trkpt>
   <trkpt lat="48.1793660" lon="6.9366170">
    <ele>485.7</ele>
    <time>2024-04-26T13:59:03Z</time>
   </trkpt>
   <trkpt lat="48.1793420" lon="6.9365880">
    <ele>485.9</ele>
    <time>2024-04-26T13:59:04Z</time>
   </trkpt>
   <trkpt lat="48.1793190" lon="6.9365580">
    <ele>486.1</ele>
    <time>2024-04-26T13:59:05Z</time>
   </trkpt>
   <trkpt lat="48.1792970" lon="6.9365280">
    <ele>486.3</ele>
    <time>2024-04-26T13:59:06Z</time>
   </trkpt>
   <trkpt lat="48.1792750" lon="6.9364980">
    <ele>486.4</ele>
    <time>2024-04-26T13:59:07Z</time>
   </trkpt>
   <trkpt lat="48.1792530" lon="6.9364680">
    <ele>486.6</ele>
    <time>2024-04-26T13:59:08Z</time>
   </trkpt>
   <trkpt lat="48.1792310" lon="6.9364360">
    <ele>486.8</ele>
    <time>2024-04-26T13:59:09Z</time>
   </trkpt>
   <trkpt lat="48.1792080" lon="6.9364040">
    <ele>487.0</ele>
    <time>2024-04-26T13:59:10Z</time>
   </trkpt>
   <trkpt lat="48.1791860" lon="6.9363700">
    <ele>487.2</ele>
    <time>2024-04-26T13:59:11Z</time>
   </trkpt>
   <trkpt lat="48.1791640" lon="6.9363360">
    <ele>487.4</ele>
    <time>2024-04-26T13:59:12Z</time>
   </trkpt>
   <trkpt lat="48.1791420" lon="6.9363010">
    <ele>487.6</ele>
    <time>2024-04-26T13:59:13Z</time>
   </trkpt>
   <trkpt lat="48.1791210" lon="6.9362650">
    <ele>487.8</ele>
    <time>2024-04-26T13:59:14Z</time>
   </trkpt>
   <trkpt lat="48.1791000" lon="6.9362280">
    <ele>488.0</ele>
    <time>2024-04-26T13:59:15Z</time>
   </trkpt>
   <trkpt lat="48.1790790" lon="6.9361910">
    <ele>488.2</ele>
    <time>2024-04-26T13:59:16Z</time>
   </trkpt>
   <trkpt lat="48.1790570" lon="6.9361550">
    <ele>488.4</ele>
    <time>2024-04-26T13:59:17Z</time>
   </trkpt>
   <trkpt lat="48.1790370" lon="6.9361180">
    <ele>488.6</ele>
    <time>2024-04-26T13:59:18Z</time>
   </trkpt>
   <trkpt lat="48.1790180" lon="6.9360800">
    <ele>488.8</ele>
    <time>2024-04-26T13:59:19Z</time>
   </trkpt>
   <trkpt lat="48.1790000" lon="6.9360420">
    <ele>489.0</ele>
    <time>2024-04-26T13:59:20Z</time>
   </trkpt>
   <trkpt lat="48.1789830" lon="6.9360030">
    <ele>489.2</ele>
    <time>2024-04-26T13:59:21Z</time>
   </trkpt>
   <trkpt lat="48.1789660" lon="6.9359630">
    <ele>489.4</ele>
    <time>2024-04-26T13:59:22Z</time>
   </trkpt>
   <trkpt lat="48.1789470" lon="6.9359240">
    <ele>489.6</ele>
    <time>2024-04-26T13:59:23Z</time>
   </trkpt>
   <trkpt lat="48.1789310" lon="6.9358840">
    <ele>489.8</ele>
    <time>2024-04-26T13:59:24Z</time>
   </trkpt>
   <trkpt lat="48.1789160" lon="6.9358420">
    <ele>490.0</ele>
    <time>2024-04-26T13:59:25Z</time>
   </trkpt>
   <trkpt lat="48.1789020" lon="6.9358000">
    <ele>490.2</ele>
    <time>2024-04-26T13:59:26Z</time>
   </trkpt>
   <trkpt lat="48.1788880" lon="6.9357570">
    <ele>490.4</ele>
    <time>2024-04-26T13:59:27Z</time>
   </trkpt>
   <trkpt lat="48.1788730" lon="6.9357160">
    <ele>490.6</ele>
    <time>2024-04-26T13:59:28Z</time>
   </trkpt>
   <trkpt lat="48.1788580" lon="6.9356740">
    <ele>490.8</ele>
    <time>2024-04-26T13:59:29Z</time>
   </trkpt>
   <trkpt lat="48.1788440" lon="6.9356330">
    <ele>491.0</ele>
    <time>2024-04-26T13:59:30Z</time>
   </trkpt>
   <trkpt lat="48.1788320" lon="6.9355910">
    <ele>491.2</ele>
    <time>2024-04-26T13:59:31Z</time>
   </trkpt>
   <trkpt lat="48.1788190" lon="6.9355490">
    <ele>491.4</ele>
    <time>2024-04-26T13:59:32Z</time>
   </trkpt>
   <trkpt lat="48.1788070" lon="6.9355070">
    <ele>491.6</ele>
    <time>2024-04-26T13:59:33Z</time>
   </trkpt>
   <trkpt lat="48.1787970" lon="6.9354640">
    <ele>491.8</ele>
    <time>2024-04-26T13:59:34Z</time>
   </trkpt>
   <trkpt lat="48.1787870" lon="6.9354220">
    <ele>492.0</ele>
    <time>2024-04-26T13:59:35Z</time>
   </trkpt>
   <trkpt lat="48.1787760" lon="6.9353800">
    <ele>492.2</ele>
    <time>2024-04-26T13:59:36Z</time>
   </trkpt>
   <trkpt lat="48.1787650" lon="6.9353380">
    <ele>492.4</ele>
    <time>2024-04-26T13:59:37Z</time>
   </trkpt>
   <trkpt lat="48.1787550" lon="6.9352960">
    <ele>492.6</ele>
    <time>2024-04-26T13:59:38Z</time>
   </trkpt>
   <trkpt lat="48.1787460" lon="6.9352520">
    <ele>492.8</ele>
    <time>2024-04-26T13:59:39Z</time>
   </trkpt>
   <trkpt lat="48.1787390" lon="6.9352080">
    <ele>493.0</ele>
    <time>2024-04-26T13:59:40Z</time>
   </trkpt>
   <trkpt lat="48.1787310" lon="6.9351630">
    <ele>493.2</ele>
    <time>2024-04-26T13:59:41Z</time>
   </trkpt>
   <trkpt lat="48.1787230" lon="6.9351190">
    <ele>493.4</ele>
    <time>2024-04-26T13:59:42Z</time>
   </trkpt>
   <trkpt lat="48.1787140" lon="6.9350760">
    <ele>493.6</ele>
    <time>2024-04-26T13:59:43Z</time>
   </trkpt>
   <trkpt lat="48.1787080" lon="6.9350330">
    <ele>493.7</ele>
    <time>2024-04-26T13:59:44Z</time>
   </trkpt>
   <trkpt lat="48.1787040" lon="6.9349890">
    <ele>493.9</ele>
    <time>2024-04-26T13:59:45Z</time>
   </trkpt>
   <trkpt lat="48.1787000" lon="6.9349450">
    <ele>494.1</ele>
    <time>2024-04-26T13:59:46Z</time>
   </trkpt>
   <trkpt lat="48.1786970" lon="6.9349020">
    <ele>494.3</ele>
    <time>2024-04-26T13:59:47Z</time>
   </trkpt>
   <trkpt lat="48.1786940" lon="6.9348580">
    <ele>494.5</ele>
    <time>2024-04-26T13:59:48Z</time>
   </trkpt>
   <trkpt lat="48.1786890" lon="6.9348140">
    <ele>494.6</ele>
    <time>2024-04-26T13:59:49Z</time>
   </trkpt>
   <trkpt lat="48.1786860" lon="6.9347690">
    <ele>494.8</ele>
    <time>2024-04-26T13:59:50Z</time>
   </trkpt>
   <trkpt lat="48.1786840" lon="6.9347240">
    <ele>495.0</ele>
    <time>2024-04-26T13:59:51Z</time>
   </trkpt>
   <trkpt lat="48.1786810" lon="6.9346790">
    <ele>495.2</ele>
    <time>2024-04-26T13:59:52Z</time>
   </trkpt>
   <trkpt lat="48.1786770" lon="6.9346330">
    <ele>495.3</ele>
    <time>2024-04-26T13:59:53Z</time>
   </trkpt>
   <trkpt lat="48.1786750" lon="6.9345880">
    <ele>495.5</ele>
    <time>2024-04-26T13:59:54Z</time>
   </trkpt>
   <trkpt lat="48.1786740" lon="6.9345430">
    <ele>495.7</ele>
    <time>2024-04-26T13:59:55Z</time>
   </trkpt>
   <trkpt lat="48.1786710" lon="6.9344970">
    <ele>495.8</ele>
    <time>2024-04-26T13:59:56Z</time>
   </trkpt>
   <trkpt lat="48.1786680" lon="6.9344510">
    <ele>496.0</ele>
    <time>2024-04-26T13:59:57Z</time>
   </trkpt>
   <trkpt lat="48.1786670" lon="6.9344050">
    <ele>496.2</ele>
    <time>2024-04-26T13:59:58Z</time>
   </trkpt>
   <trkpt lat="48.1786640" lon="6.9343590">
    <ele>496.3</ele>
    <time>2024-04-26T13:59:59Z</time>
   </trkpt>
   <trkpt lat="48.1786590" lon="6.9343140">
    <ele>496.5</ele>
    <time>2024-04-26T14:00:00Z</time>
   </trkpt>
   <trkpt lat="48.1786590" lon="6.9342670">
    <ele>496.7</ele>
    <time>2024-04-26T14:00:01Z</time>
   </trkpt>
   <trkpt lat="48.1786580" lon="6.9342200">
    <ele>496.8</ele>
    <time>2024-04-26T14:00:02Z</time>
   </trkpt>
   <trkpt lat="48.1786580" lon="6.9341750">
    <ele>497.0</ele>
    <time>2024-04-26T14:00:03Z</time>
   </trkpt>
   <trkpt lat="48.1786580" lon="6.9341290">
    <ele>497.2</ele>
    <time>2024-04-26T14:00:04Z</time>
   </trkpt>
   <trkpt lat="48.1786590" lon="6.9340840">
    <ele>497.3</ele>
    <time>2024-04-26T14:00:05Z</time>
   </trkpt>
   <trkpt lat="48.1786570" lon="6.9340390">
    <ele>497.5</ele>
    <time>2024-04-26T14:00:06Z</time>
   </trkpt>
   <trkpt lat="48.1786540" lon="6.9339940">
    <ele>497.7</ele>
    <time>2024-04-26T14:00:07Z</time>
   </trkpt>
   <trkpt lat="48.1786530" lon="6.9339500">
    <ele>497.9</ele>
    <time>2024-04-26T14:00:08Z</time>
   </trkpt>
   <trkpt lat="48.1786510" lon="6.9339050">
    <ele>498.0</ele>
    <time>2024-04-26T14:00:09Z</time>
   </trkpt>
   <trkpt lat="48.1786490" lon="6.9338600">
    <ele>498.2</ele>
    <time>2024-04-26T14:00:10Z</time>
   </trkpt>
   <trkpt lat="48.1786490" lon="6.9338140">
    <ele>498.4</ele>
    <time>2024-04-26T14:00:11Z</time>
   </trkpt>
   <trkpt lat="48.1786480" lon="6.9337690">
    <ele>498.6</ele>
    <time>2024-04-26T14:00:12Z</time>
   </trkpt>
   <trkpt lat="48.1786470" lon="6.9337240">
    <ele>498.7</ele>
    <time>2024-04-26T14:00:13Z</time>
   </trkpt>
   <trkpt lat="48.1786460" lon="6.9336780">
    <ele>498.9</ele>
    <time>2024-04-26T14:00:14Z</time>
   </trkpt>
   <trkpt lat="48.1786440" lon="6.9336330">
    <ele>499.1</ele>
    <time>2024-04-26T14:00:15Z</time>
   </trkpt>
   <trkpt lat="48.1786400" lon="6.9335870">
    <ele>499.3</ele>
    <time>2024-04-26T14:00:16Z</time>
   </trkpt>
   <trkpt lat="48.1786380" lon="6.9335410">
    <ele>499.5</ele>
    <time>2024-04-26T14:00:17Z</time>
   </trkpt>
   <trkpt lat="48.1786360" lon="6.9334950">
    <ele>499.6</ele>
    <time>2024-04-26T14:00:18Z</time>
   </trkpt>
   <trkpt lat="48.1786340" lon="6.9334480">
    <ele>499.8</ele>
    <time>2024-04-26T14:00:19Z</time>
   </trkpt>
   <trkpt lat="48.1786310" lon="6.9334000">
    <ele>500.0</ele>
    <time>2024-04-26T14:00:20Z</time>
   </trkpt>
   <trkpt lat="48.1786280" lon="6.9333530">
    <ele>500.2</ele>
    <time>2024-04-26T14:00:21Z</time>
   </trkpt>
   <trkpt lat="48.1786260" lon="6.9333060">
    <ele>500.3</ele>
    <time>2024-04-26T14:00:22Z</time>
   </trkpt>
   <trkpt lat="48.1786230" lon="6.9332580">
    <ele>500.5</ele>
    <time>2024-04-26T14:00:23Z</time>
   </trkpt>
   <trkpt lat="48.1786210" lon="6.9332110">
    <ele>500.7</ele>
    <time>2024-04-26T14:00:24Z</time>
   </trkpt>
   <trkpt lat="48.1786220" lon="6.9331650">
    <ele>500.9</ele>
    <time>2024-04-26T14:00:25Z</time>
   </trkpt>
   <trkpt lat="48.1786220" lon="6.9331180">
    <ele>501.1</ele>
    <time>2024-04-26T14:00:26Z</time>
   </trkpt>
   <trkpt lat="48.1786190" lon="6.9330720">
    <ele>501.3</ele>
    <time>2024-04-26T14:00:27Z</time>
   </trkpt>
   <trkpt lat="48.1786170" lon="6.9330270">
    <ele>501.5</ele>
    <time>2024-04-26T14:00:28Z</time>
   </trkpt>
   <trkpt lat="48.1786150" lon="6.9329810">
    <ele>501.7</ele>
    <time>2024-04-26T14:00:29Z</time>
   </trkpt>
   <trkpt lat="48.1786130" lon="6.9329360">
    <ele>501.8</ele>
    <time>2024-04-26T14:00:30Z</time>
   </trkpt>
   <trkpt lat="48.1786110" lon="6.9328900">
    <ele>502.0</ele>
    <time>2024-04-26T14:00:31Z</time>
   </trkpt>
   <trkpt lat="48.1786090" lon="6.9328430">
    <ele>502.2</ele>
    <time>2024-04-26T14:00:32Z</time>
   </trkpt>
   <trkpt lat="48.1786070" lon="6.9327970">
    <ele>502.4</ele>
    <time>2024-04-26T14:00:33Z</time>
   </trkpt>
   <trkpt lat="48.1786070" lon="6.9327510">
    <ele>502.5</ele>
    <time>2024-04-26T14:00:34Z</time>
   </trkpt>
   <trkpt lat="48.1786040" lon="6.9327040">
    <ele>502.7</ele>
    <time>2024-04-26T14:00:35Z</time>
   </trkpt>
   <trkpt lat="48.1786020" lon="6.9326580">
    <ele>502.9</ele>
    <time>2024-04-26T14:00:36Z</time>
   </trkpt>
   <trkpt lat="48.1786000" lon="6.9326100">
    <ele>503.1</ele>
    <time>2024-04-26T14:00:37Z</time>
   </trkpt>
   <trkpt lat="48.1785980" lon="6.9325630">
    <ele>503.3</ele>
    <time>2024-04-26T14:00:38Z</time>
   </trkpt>
   <trkpt lat="48.1785960" lon="6.9325160">
    <ele>503.4</ele>
    <time>2024-04-26T14:00:39Z</time>
   </trkpt>
   <trkpt lat="48.1785940" lon="6.9324700">
    <ele>503.6</ele>
    <time>2024-04-26T14:00:40Z</time>
   </trkpt>
   <trkpt lat="48.1785910" lon="6.9324240">
    <ele>503.8</ele>
    <time>2024-04-26T14:00:41Z</time>
   </trkpt>
   <trkpt lat="48.1785890" lon="6.9323770">
    <ele>504.0</ele>
    <time>2024-04-26T14:00:42Z</time>
   </trkpt>
   <trkpt lat="48.1785880" lon="6.9323310">
    <ele>504.1</ele>
    <time>2024-04-26T14:00:43Z</time>
   </trkpt>
   <trkpt lat="48.1785860" lon="6.9322860">
    <ele>504.3</ele>
    <time>2024-04-26T14:00:44Z</time>
   </trkpt>
   <trkpt lat="48.1785850" lon="6.9322420">
    <ele>504.5</ele>
    <time>2024-04-26T14:00:45Z</time>
   </trkpt>
   <trkpt lat="48.1785850" lon="6.9321980">
    <ele>504.7</ele>
    <time>2024-04-26T14:00:46Z</time>
   </trkpt>
   <trkpt lat="48.1785810" lon="6.9321550">
    <ele>504.8</ele>
    <time>2024-04-26T14:00:47Z</time>
   </trkpt>
   <trkpt lat="48.1785780" lon="6.9321110">
    <ele>505.0</ele>
    <time>2024-04-26T14:00:48Z</time>
   </trkpt>
   <trkpt lat="48.1785750" lon="6.9320660">
    <ele>505.2</ele>
    <time>2024-04-26T14:00:49Z</time>
   </trkpt>
   <trkpt lat="48.1785710" lon="6.9320210">
    <ele>505.4</ele>
    <time>2024-04-26T14:00:50Z</time>
   </trkpt>
   <trkpt lat="48.1785620" lon="6.9319770">
    <ele>505.6</ele>
    <time>2024-04-26T14:00:51Z</time>
   </trkpt>
   <trkpt lat="48.1785570" lon="6.9319300">
    <ele>505.8</ele>
    <time>2024-04-26T14:00:52Z</time>
   </trkpt>
   <trkpt lat="48.1785530" lon="6.9318840">
    <ele>506.0</ele>
    <time>2024-04-26T14:00:53Z</time>
   </trkpt>
   <trkpt lat="48.1785470" lon="6.9318380">
    <ele>506.2</ele>
    <time>2024-04-26T14:00:54Z</time>
   </trkpt>
   <trkpt lat="48.1785410" lon="6.9317920">
    <ele>506.3</ele>
    <time>2024-04-26T14:00:55Z</time>
   </trkpt>
   <trkpt lat="48.1785340" lon="6.9317470">
    <ele>506.5</ele>
    <time>2024-04-26T14:00:56Z</time>
   </trkpt>
   <trkpt lat="48.1785280" lon="6.9317030">
    <ele>506.7</ele>
    <time>2024-04-26T14:00:57Z</time>
   </trkpt>
   <trkpt lat="48.1785210" lon="6.9316600">
    <ele>506.9</ele>
    <time>2024-04-26T14:00:58Z</time>
   </trkpt>
   <trkpt lat="48.1785110" lon="6.9316180">
    <ele>507.1</ele>
    <time>2024-04-26T14:00:59Z</time>
   </trkpt>
   <trkpt lat="48.1785010" lon="6.9315760">
    <ele>507.2</ele>
    <time>2024-04-26T14:01:00Z</time>
   </trkpt>
   <trkpt lat="48.1784900" lon="6.9315340">
    <ele>507.4</ele>
    <time>2024-04-26T14:01:01Z</time>
   </trkpt>
   <trkpt lat="48.1784790" lon="6.9314920">
    <ele>507.6</ele>
    <time>2024-04-26T14:01:02Z</time>
   </trkpt>
   <trkpt lat="48.1784680" lon="6.9314500">
    <ele>507.7</ele>
    <time>2024-04-26T14:01:03Z</time>
   </trkpt>
   <trkpt lat="48.1784560" lon="6.9314070">
    <ele>507.9</ele>
    <time>2024-04-26T14:01:04Z</time>
   </trkpt>
   <trkpt lat="48.1784420" lon="6.9313660">
    <ele>508.1</ele>
    <time>2024-04-26T14:01:05Z</time>
   </trkpt>
   <trkpt lat="48.1784250" lon="6.9313280">
    <ele>508.2</ele>
    <time>2024-04-26T14:01:06Z</time>
   </trkpt>
   <trkpt lat="48.1784090" lon="6.9312890">
    <ele>508.4</ele>
    <time>2024-04-26T14:01:07Z</time>
   </trkpt>
   <trkpt lat="48.1783950" lon="6.9312460">
    <ele>508.6</ele>
    <time>2024-04-26T14:01:08Z</time>
   </trkpt>
   <trkpt lat="48.1783800" lon="6.9312060">
    <ele>508.8</ele>
    <time>2024-04-26T14:01:09Z</time>
   </trkpt>
   <trkpt lat="48.1783640" lon="6.9311650">
    <ele>508.9</ele>
    <time>2024-04-26T14:01:10Z</time>
   </trkpt>
   <trkpt lat="48.1783480" lon="6.9311240">
    <ele>509.1</ele>
    <time>2024-04-26T14:01:11Z</time>
   </trkpt>
   <trkpt lat="48.1783320" lon="6.9310840">
    <ele>509.3</ele>
    <time>2024-04-26T14:01:12Z</time>
   </trkpt>
   <trkpt lat="48.1783160" lon="6.9310450">
    <ele>509.4</ele>
    <time>2024-04-26T14:01:13Z</time>
   </trkpt>
   <trkpt lat="48.1782970" lon="6.9310090">
    <ele>509.6</ele>
    <time>2024-04-26T14:01:14Z</time>
   </trkpt>
   <trkpt lat="48.1782800" lon="6.9309710">
    <ele>509.8</ele>
    <time>2024-04-26T14:01:15Z</time>
   </trkpt>
   <trkpt lat="48.1782630" lon="6.9309330">
    <ele>510.0</ele>
    <time>2024-04-26T14:01:16Z</time>
   </trkpt>
   <trkpt lat="48.1782450" lon="6.9308950">
    <ele>510.2</ele>
    <time>2024-04-26T14:01:17Z</time>
   </trkpt>
   <trkpt lat="48.1782280" lon="6.9308560">
    <ele>510.4</ele>
    <time>2024-04-26T14:01:18Z</time>
   </trkpt>
   <trkpt lat="48.1782080" lon="6.9308190">
    <ele>510.5</ele>
    <time>2024-04-26T14:01:19Z</time>
   </trkpt>
   <trkpt lat="48.1781890" lon="6.9307820">
    <ele>510.7</ele>
    <time>2024-04-26T14:01:20Z</time>
   </trkpt>
   <trkpt lat="48.1781710" lon="6.9307440">
    <ele>510.9</ele>
    <time>2024-04-26T14:01:21Z</time>
   </trkpt>
   <trkpt lat="48.1781520" lon="6.9307070">
    <ele>511.1</ele>
    <time>2024-04-26T14:01:22Z</time>
   </trkpt>
   <trkpt lat="48.1781340" lon="6.9306680">
    <ele>511.3</ele>
    <time>2024-04-26T14:01:23Z</time>
   </trkpt>
   <trkpt lat="48.1781160" lon="6.9306290">
    <ele>511.5</ele>
    <time>2024-04-26T14:01:24Z</time>
   </trkpt>
   <trkpt lat="48.1780970" lon="6.9305910">
    <ele>511.7</ele>
    <time>2024-04-26T14:01:25Z</time>
   </trkpt>
   <trkpt lat="48.1780780" lon="6.9305520">
    <ele>511.8</ele>
    <time>2024-04-26T14:01:26Z</time>
   </trkpt>
   <trkpt lat="48.1780570" lon="6.9305150">
    <ele>512.0</ele>
    <time>2024-04-26T14:01:27Z</time>
   </trkpt>
   <trkpt lat="48.1780370" lon="6.9304780">
    <ele>512.2</ele>
    <time>2024-04-26T14:01:28Z</time>
   </trkpt>
   <trkpt lat="48.1780180" lon="6.9304380">
    <ele>512.4</ele>
    <time>2024-04-26T14:01:29Z</time>
   </trkpt>
   <trkpt lat="48.1780000" lon="6.9303990">
    <ele>512.6</ele>
    <time>2024-04-26T14:01:30Z</time>
   </trkpt>
   <trkpt lat="48.1779810" lon="6.9303600">
    <ele>512.7</ele>
    <time>2024-04-26T14:01:31Z</time>
   </trkpt>
   <trkpt lat="48.1779620" lon="6.9303220">
    <ele>512.9</ele>
    <time>2024-04-26T14:01:32Z</time>
   </trkpt>
   <trkpt lat="48.1779430" lon="6.9302840">
    <ele>513.1</ele>
    <time>2024-04-26T14:01:33Z</time>
   </trkpt>
   <trkpt lat="48.1779260" lon="6.9302450">
    <ele>513.3</ele>
    <time>2024-04-26T14:01:34Z</time>
   </trkpt>
   <trkpt lat="48.1779090" lon="6.9302050">
    <ele>513.5</ele>
    <time>2024-04-26T14:01:35Z</time>
   </trkpt>
   <trkpt lat="48.1778900" lon="6.9301670">
    <ele>513.7</ele>
    <time>2024-04-26T14:01:36Z</time>
   </trkpt>
   <trkpt lat="48.1778700" lon="6.9301290">
    <ele>513.9</ele>
    <time>2024-04-26T14:01:37Z</time>
   </trkpt>
   <trkpt lat="48.1778510" lon="6.9300910">
    <ele>514.1</ele>
    <time>2024-04-26T14:01:38Z</time>
   </trkpt>
   <trkpt lat="48.1778320" lon="6.9300540">
    <ele>514.3</ele>
    <time>2024-04-26T14:01:39Z</time>
   </trkpt>
   <trkpt lat="48.1778130" lon="6.9300170">
    <ele>514.5</ele>
    <time>2024-04-26T14:01:40Z</time>
   </trkpt>
   <trkpt lat="48.1777960" lon="6.9299780">
    <ele>514.7</ele>
    <time>2024-04-26T14:01:41Z</time>
   </trkpt>
   <trkpt lat="48.1777790" lon="6.9299390">
    <ele>514.8</ele>
    <time>2024-04-26T14:01:42Z</time>
   </trkpt>
   <trkpt lat="48.1777620" lon="6.9299030">
    <ele>515.0</ele>
    <time>2024-04-26T14:01:43Z</time>
   </trkpt>
   <trkpt lat="48.1777430" lon="6.9298670">
    <ele>515.2</ele>
    <time>2024-04-26T14:01:44Z</time>
   </trkpt>
   <trkpt lat="48.1777260" lon="6.9298310">
    <ele>515.4</ele>
    <time>2024-04-26T14:01:45Z</time>
   </trkpt>
   <trkpt lat="48.1777080" lon="6.9297970">
    <ele>515.6</ele>
    <time>2024-04-26T14:01:46Z</time>
   </trkpt>
   <trkpt lat="48.1776880" lon="6.9297650">
    <ele>515.8</ele>
    <time>2024-04-26T14:01:47Z</time>
   </trkpt>
   <trkpt lat="48.1776700" lon="6.9297320">
    <ele>515.9</ele>
    <time>2024-04-26T14:01:48Z</time>
   </trkpt>
   <trkpt lat="48.1776520" lon="6.9296990">
    <ele>516.1</ele>
    <time>2024-04-26T14:01:49Z</time>
   </trkpt>
   <trkpt lat="48.1776340" lon="6.9296670">
    <ele>516.3</ele>
    <time>2024-04-26T14:01:50Z</time>
   </trkpt>
   <trkpt lat="48.1776150" lon="6.9296350">
    <ele>516.5</ele>
    <time>2024-04-26T14:01:51Z</time>
   </trkpt>
   <trkpt lat="48.1775960" lon="6.9296040">
    <ele>516.6</ele>
    <time>2024-04-26T14:01:52Z</time>
   </trkpt>
   <trkpt lat="48.1775760" lon="6.9295750">
    <ele>516.8</ele>
    <time>2024-04-26T14:01:53Z</time>
   </trkpt>
   <trkpt lat="48.1775560" lon="6.9295460">
    <ele>517.0</ele>
    <time>2024-04-26T14:01:54Z</time>
   </trkpt>
   <trkpt lat="48.1775360" lon="6.9295150">
    <ele>517.2</ele>
    <time>2024-04-26T14:01:55Z</time>
   </trkpt>
   <trkpt lat="48.1775150" lon="6.9294850">
    <ele>517.3</ele>
    <time>2024-04-26T14:01:56Z</time>
   </trkpt>
   <trkpt lat="48.1774930" lon="6.9294560">
    <ele>517.5</ele>
    <time>2024-04-26T14:01:57Z</time>
   </trkpt>
   <trkpt lat="48.1774700" lon="6.9294270">
    <ele>517.7</ele>
    <time>2024-04-26T14:01:58Z</time>
   </trkpt>
   <trkpt lat="48.1774480" lon="6.9293970">
    <ele>517.9</ele>
    <time>2024-04-26T14:01:59Z</time>
   </trkpt>
   <trkpt lat="48.1774250" lon="6.9293670">
    <ele>518.1</ele>
    <time>2024-04-26T14:02:00Z</time>
   </trkpt>
   <trkpt lat="48.1774030" lon="6.9293380">
    <ele>518.3</ele>
    <time>2024-04-26T14:02:01Z</time>
   </trkpt>
   <trkpt lat="48.1773800" lon="6.9293090">
    <ele>518.5</ele>
    <time>2024-04-26T14:02:02Z</time>
   </trkpt>
   <trkpt lat="48.1773580" lon="6.9292800">
    <ele>518.7</ele>
    <time>2024-04-26T14:02:03Z</time>
   </trkpt>
   <trkpt lat="48.1773330" lon="6.9292520">
    <ele>518.9</ele>
    <time>2024-04-26T14:02:04Z</time>
   </trkpt>
   <trkpt lat="48.1773090" lon="6.9292240">
    <ele>519.1</ele>
    <time>2024-04-26T14:02:05Z</time>
   </trkpt>
   <trkpt lat="48.1772830" lon="6.9291970">
    <ele>519.3</ele>
    <time>2024-04-26T14:02:06Z</time>
   </trkpt>
   <trkpt lat="48.1772570" lon="6.9291710">
    <ele>519.5</ele>
    <time>2024-04-26T14:02:07Z</time>
   </trkpt>
   <trkpt lat="48.1772320" lon="6.9291450">
    <ele>519.7</ele>
    <time>2024-04-26T14:02:08Z</time>
   </trkpt>
   <trkpt lat="48.1772060" lon="6.9291200">
    <ele>519.9</ele>
    <time>2024-04-26T14:02:09Z</time>
   </trkpt>
   <trkpt lat="48.1771790" lon="6.9290960">
    <ele>520.1</ele>
    <time>2024-04-26T14:02:10Z</time>
   </trkpt>
   <trkpt lat="48.1771530" lon="6.9290720">
    <ele>520.3</ele>
    <time>2024-04-26T14:02:11Z</time>
   </trkpt>
   <trkpt lat="48.1771250" lon="6.9290510">
    <ele>520.5</ele>
    <time>2024-04-26T14:02:12Z</time>
   </trkpt>
   <trkpt lat="48.1770980" lon="6.9290320">
    <ele>520.7</ele>
    <time>2024-04-26T14:02:13Z</time>
   </trkpt>
   <trkpt lat="48.1770720" lon="6.9290110">
    <ele>520.9</ele>
    <time>2024-04-26T14:02:14Z</time>
   </trkpt>
   <trkpt lat="48.1770450" lon="6.9289920">
    <ele>521.1</ele>
    <time>2024-04-26T14:02:15Z</time>
   </trkpt>
   <trkpt lat="48.1770180" lon="6.9289730">
    <ele>521.3</ele>
    <time>2024-04-26T14:02:16Z</time>
   </trkpt>
   <trkpt lat="48.1769900" lon="6.9289530">
    <ele>521.5</ele>
    <time>2024-04-26T14:02:17Z</time>
   </trkpt>
   <trkpt lat="48.1769620" lon="6.9289340">
    <ele>521.7</ele>
    <time>2024-04-26T14:02:18Z</time>
   </trkpt>
   <trkpt lat="48.1769340" lon="6.9289180">
    <ele>521.9</ele>
    <time>2024-04-26T14:02:19Z</time>
   </trkpt>
   <trkpt lat="48.1769070" lon="6.9289010">
    <ele>522.1</ele>
    <time>2024-04-26T14:02:20Z</time>
   </trkpt>
   <trkpt lat="48.1768800" lon="6.9288850">
    <ele>522.3</ele>
    <time>2024-04-26T14:02:21Z</time>
   </trkpt>
   <trkpt lat="48.1768540" lon="6.9288710">
    <ele>522.5</ele>
    <time>2024-04-26T14:02:22Z</time>
   </trkpt>
   <trkpt lat="48.1768280" lon="6.9288560">
    <ele>522.6</ele>
    <time>2024-04-26T14:02:23Z</time>
   </trkpt>
   <trkpt lat="48.1768010" lon="6.9288450">
    <ele>522.8</ele>
    <time>2024-04-26T14:02:24Z</time>
   </trkpt>
   <trkpt lat="48.1767750" lon="6.9288330">
    <ele>523.0</ele>
    <time>2024-04-26T14:02:25Z</time>
   </trkpt>
   <trkpt lat="48.1767490" lon="6.9288190">
    <ele>523.2</ele>
    <time>2024-04-26T14:02:26Z</time>
   </trkpt>
   <trkpt lat="48.1767230" lon="6.9288050">
    <ele>523.4</ele>
    <time>2024-04-26T14:02:27Z</time>
   </trkpt>
   <trkpt lat="48.1766970" lon="6.9287940">
    <ele>523.6</ele>
    <time>2024-04-26T14:02:28Z</time>
   </trkpt>
   <trkpt lat="48.1766700" lon="6.9287820">
    <ele>523.7</ele>
    <time>2024-04-26T14:02:29Z</time>
   </trkpt>
   <trkpt lat="48.1766440" lon="6.9287670">
    <ele>523.9</ele>
    <time>2024-04-26T14:02:30Z</time>
   </trkpt>
   <trkpt lat="48.1766160" lon="6.9287550">
    <ele>524.1</ele>
    <time>2024-04-26T14:02:31Z</time>
   </trkpt>
   <trkpt lat="48.1765870" lon="6.9287450">
    <ele>524.3</ele>
    <time>2024-04-26T14:02:32Z</time>
   </trkpt>
   <trkpt lat="48.1765570" lon="6.9287360">
    <ele>524.5</ele>
    <time>2024-04-26T14:02:33Z</time>
   </trkpt>
   <trkpt lat="48.1765280" lon="6.9287270">
    <ele>524.7</ele>
    <time>2024-04-26T14:02:34Z</time>
   </trkpt>
   <trkpt lat="48.1764980" lon="6.9287170">
    <ele>524.9</ele>
    <time>2024-04-26T14:02:35Z</time>
   </trkpt>
   <trkpt lat="48.1764670" lon="6.9287090">
    <ele>525.1</ele>
    <time>2024-04-26T14:02:36Z</time>
   </trkpt>
   <trkpt lat="48.1764360" lon="6.9287050">
    <ele>525.3</ele>
    <time>2024-04-26T14:02:37Z</time>
   </trkpt>
   <trkpt lat="48.1764050" lon="6.9286990">
    <ele>525.5</ele>
    <time>2024-04-26T14:02:38Z</time>
   </trkpt>
   <trkpt lat="48.1763740" lon="6.9286940">
    <ele>525.7</ele>
    <time>2024-04-26T14:02:39Z</time>
   </trkpt>
   <trkpt lat="48.1763430" lon="6.9286890">
    <ele>525.9</ele>
    <time>2024-04-26T14:02:40Z</time>
   </trkpt>
   <trkpt lat="48.1763120" lon="6.9286850">
    <ele>526.1</ele>
    <time>2024-04-26T14:02:41Z</time>
   </trkpt>
   <trkpt lat="48.1762820" lon="6.9286830">
    <ele>526.3</ele>
    <time>2024-04-26T14:02:42Z</time>
   </trkpt>
   <trkpt lat="48.1762510" lon="6.9286810">
    <ele>526.5</ele>
    <time>2024-04-26T14:02:43Z</time>
   </trkpt>
   <trkpt lat="48.1762200" lon="6.9286800">
    <ele>526.7</ele>
    <time>2024-04-26T14:02:44Z</time>
   </trkpt>
   <trkpt lat="48.1761890" lon="6.9286750">
    <ele>526.9</ele>
    <time>2024-04-26T14:02:45Z</time>
   </trkpt>
   <trkpt lat="48.1761580" lon="6.9286700">
    <ele>527.1</ele>
    <time>2024-04-26T14:02:46Z</time>
   </trkpt>
   <trkpt lat="48.1761280" lon="6.9286690">
    <ele>527.3</ele>
    <time>2024-04-26T14:02:47Z</time>
   </trkpt>
   <trkpt lat="48.1760970" lon="6.9286700">
    <ele>527.5</ele>
    <time>2024-04-26T14:02:48Z</time>
   </trkpt>
   <trkpt lat="48.1760670" lon="6.9286690">
    <ele>527.7</ele>
    <time>2024-04-26T14:02:49Z</time>
   </trkpt>
   <trkpt lat="48.1760380" lon="6.9286650">
    <ele>527.9</ele>
    <time>2024-04-26T14:02:50Z</time>
   </trkpt>
   <trkpt lat="48.1760080" lon="6.9286630">
    <ele>528.1</ele>
    <time>2024-04-26T14:02:51Z</time>
   </trkpt>
   <trkpt lat="48.1759790" lon="6.9286640">
    <ele>528.3</ele>
    <time>2024-04-26T14:02:52Z</time>
   </trkpt>
   <trkpt lat="48.1759500" lon="6.9286620">
    <ele>528.5</ele>
    <time>2024-04-26T14:02:53Z</time>
   </trkpt>
   <trkpt lat="48.1759220" lon="6.9286600">
    <ele>528.7</ele>
    <time>2024-04-26T14:02:54Z</time>
   </trkpt>
   <trkpt lat="48.1758940" lon="6.9286600">
    <ele>528.9</ele>
    <time>2024-04-26T14:02:55Z</time>
   </trkpt>
   <trkpt lat="48.1758650" lon="6.9286590">
    <ele>529.1</ele>
    <time>2024-04-26T14:02:56Z</time>
   </trkpt>
   <trkpt lat="48.1758360" lon="6.9286550">
    <ele>529.3</ele>
    <time>2024-04-26T14:02:57Z</time>
   </trkpt>
   <trkpt lat="48.1758070" lon="6.9286540">
    <ele>529.5</ele>
    <time>2024-04-26T14:02:58Z</time>
   </trkpt>
   <trkpt lat="48.1757790" lon="6.9286530">
    <ele>529.6</ele>
    <time>2024-04-26T14:02:59Z</time>
   </trkpt>
   <trkpt lat="48.1757510" lon="6.9286530">
    <ele>529.8</ele>
    <time>2024-04-26T14:03:00Z</time>
   </trkpt>
   <trkpt lat="48.1757240" lon="6.9286510">
    <ele>530.0</ele>
    <time>2024-04-26T14:03:01Z</time>
   </trkpt>
   <trkpt lat="48.1756960" lon="6.9286490">
    <ele>530.2</ele>
    <time>2024-04-26T14:03:02Z</time>
   </trkpt>
   <trkpt lat="48.1756690" lon="6.9286490">
    <ele>530.4</ele>
    <time>2024-04-26T14:03:03Z</time>
   </trkpt>
   <trkpt lat="48.1756420" lon="6.9286530">
    <ele>530.5</ele>
    <time>2024-04-26T14:03:04Z</time>
   </trkpt>
   <trkpt lat="48.1756150" lon="6.9286540">
    <ele>530.7</ele>
    <time>2024-04-26T14:03:05Z</time>
   </trkpt>
   <trkpt lat="48.1755750" lon="6.9286470">
    <ele>531.0</ele>
    <time>2024-04-26T14:03:06Z</time>
   </trkpt>
   <trkpt lat="48.1755610" lon="6.9286450">
    <ele>531.1</ele>
    <time>2024-04-26T14:03:07Z</time>
   </trkpt>
   <trkpt lat="48.1755340" lon="6.9286440">
    <ele>531.2</ele>
    <time>2024-04-26T14:03:08Z</time>
   </trkpt>
   <trkpt lat="48.1755060" lon="6.9286450">
    <ele>531.4</ele>
    <time>2024-04-26T14:03:09Z</time>
   </trkpt>
   <trkpt lat="48.1754770" lon="6.9286430">
    <ele>531.6</ele>
    <time>2024-04-26T14:03:10Z</time>
   </trkpt>
   <trkpt lat="48.1754480" lon="6.9286440">
    <ele>531.8</ele>
    <time>2024-04-26T14:03:11Z</time>
   </trkpt>
   <trkpt lat="48.1754190" lon="6.9286440">
    <ele>531.9</ele>
    <time>2024-04-26T14:03:12Z</time>
   </trkpt>
   <trkpt lat="48.1753900" lon="6.9286450">
    <ele>532.1</ele>
    <time>2024-04-26T14:03:13Z</time>
   </trkpt>
   <trkpt lat="48.1753620" lon="6.9286450">
    <ele>532.3</ele>
    <time>2024-04-26T14:03:14Z</time>
   </trkpt>
   <trkpt lat="48.1753330" lon="6.9286430">
    <ele>532.5</ele>
    <time>2024-04-26T14:03:15Z</time>
   </trkpt>
   <trkpt lat="48.1753040" lon="6.9286410">
    <ele>532.7</ele>
    <time>2024-04-26T14:03:16Z</time>
   </trkpt>
   <trkpt lat="48.1752760" lon="6.9286390">
    <ele>532.9</ele>
    <time>2024-04-26T14:03:17Z</time>
   </trkpt>
   <trkpt lat="48.1752460" lon="6.9286360">
    <ele>533.1</ele>
    <time>2024-04-26T14:03:18Z</time>
   </trkpt>
   <trkpt lat="48.1752170" lon="6.9286360">
    <ele>533.2</ele>
    <time>2024-04-26T14:03:19Z</time>
   </trkpt>
   <trkpt lat="48.1751870" lon="6.9286340">
    <ele>533.4</ele>
    <time>2024-04-26T14:03:20Z</time>
   </trkpt>
   <trkpt lat="48.1751570" lon="6.9286320">
    <ele>533.6</ele>
    <time>2024-04-26T14:03:21Z</time>
   </trkpt>
   <trkpt lat="48.1751270" lon="6.9286290">
    <ele>533.8</ele>
    <time>2024-04-26T14:03:22Z</time>
   </trkpt>
   <trkpt lat="48.1750970" lon="6.9286260">
    <ele>534.0</ele>
    <time>2024-04-26T14:03:23Z</time>
   </trkpt>
   <trkpt lat="48.1750670" lon="6.9286240">
    <ele>534.2</ele>
    <time>2024-04-26T14:03:24Z</time>
   </trkpt>
   <trkpt lat="48.1750370" lon="6.9286220">
    <ele>534.4</ele>
    <time>2024-04-26T14:03:25Z</time>
   </trkpt>
   <trkpt lat="48.1750080" lon="6.9286180">
    <ele>534.6</ele>
    <time>2024-04-26T14:03:26Z</time>
   </trkpt>
   <trkpt lat="48.1749780" lon="6.9286130">
    <ele>534.8</ele>
    <time>2024-04-26T14:03:27Z</time>
   </trkpt>
   <trkpt lat="48.1749490" lon="6.9286060">
    <ele>535.0</ele>
    <time>2024-04-26T14:03:28Z</time>
   </trkpt>
   <trkpt lat="48.1749210" lon="6.9285980">
    <ele>535.2</ele>
    <time>2024-04-26T14:03:29Z</time>
   </trkpt>
   <trkpt lat="48.1748920" lon="6.9285930">
    <ele>535.4</ele>
    <time>2024-04-26T14:03:30Z</time>
   </trkpt>
   <trkpt lat="48.1748640" lon="6.9285850">
    <ele>535.6</ele>
    <time>2024-04-26T14:03:31Z</time>
   </trkpt>
   <trkpt lat="48.1748360" lon="6.9285760">
    <ele>535.8</ele>
    <time>2024-04-26T14:03:32Z</time>
   </trkpt>
   <trkpt lat="48.1748080" lon="6.9285660">
    <ele>536.0</ele>
    <time>2024-04-26T14:03:33Z</time>
   </trkpt>
   <trkpt lat="48.1747810" lon="6.9285550">
    <ele>536.2</ele>
    <time>2024-04-26T14:03:34Z</time>
   </trkpt>
   <trkpt lat="48.1747540" lon="6.9285470">
    <ele>536.4</ele>
    <time>2024-04-26T14:03:35Z</time>
   </trkpt>
   <trkpt lat="48.1747270" lon="6.9285360">
    <ele>536.6</ele>
    <time>2024-04-26T14:03:36Z</time>
   </trkpt>
   <trkpt lat="48.1747000" lon="6.9285260">
    <ele>536.8</ele>
    <time>2024-04-26T14:03:37Z</time>
   </trkpt>
   <trkpt lat="48.1746730" lon="6.9285140">
    <ele>537.0</ele>
    <time>2024-04-26T14:03:38Z</time>
   </trkpt>
   <trkpt lat="48.1746460" lon="6.9285050">
    <ele>537.2</ele>
    <time>2024-04-26T14:03:39Z</time>
   </trkpt>
   <trkpt lat="48.1746190" lon="6.9284990">
    <ele>537.3</ele>
    <time>2024-04-26T14:03:40Z</time>
   </trkpt>
   <trkpt lat="48.1745920" lon="6.9284890">
    <ele>537.5</ele>
    <time>2024-04-26T14:03:41Z</time>
   </trkpt>
   <trkpt lat="48.1745660" lon="6.9284770">
    <ele>537.7</ele>
    <time>2024-04-26T14:03:42Z</time>
   </trkpt>
   <trkpt lat="48.1745390" lon="6.9284670">
    <ele>537.9</ele>
    <time>2024-04-26T14:03:43Z</time>
   </trkpt>
   <trkpt lat="48.1745130" lon="6.9284560">
    <ele>538.1</ele>
    <time>2024-04-26T14:03:44Z</time>
   </trkpt>
   <trkpt lat="48.1744870" lon="6.9284440">
    <ele>538.3</ele>
    <time>2024-04-26T14:03:45Z</time>
   </trkpt>
   <trkpt lat="48.1744610" lon="6.9284320">
    <ele>538.5</ele>
    <time>2024-04-26T14:03:46Z</time>
   </trkpt>
   <trkpt lat="48.1744340" lon="6.9284220">
    <ele>538.7</ele>
    <time>2024-04-26T14:03:47Z</time>
   </trkpt>
   <trkpt lat="48.1744080" lon="6.9284110">
    <ele>538.9</ele>
    <time>2024-04-26T14:03:48Z</time>
   </trkpt>
   <trkpt lat="48.1743710" lon="6.9283960">
    <ele>539.1</ele>
    <time>2024-04-26T14:03:49Z</time>
   </trkpt>
   <trkpt lat="48.1743600" lon="6.9283910">
    <ele>539.2</ele>
    <time>2024-04-26T14:03:50Z</time>
   </trkpt>
   <trkpt lat="48.1743250" lon="6.9283720">
    <ele>539.4</ele>
    <time>2024-04-26T14:03:51Z</time>
   </trkpt>
   <trkpt lat="48.1743130" lon="6.9283660">
    <ele>539.5</ele>
    <time>2024-04-26T14:03:52Z</time>
   </trkpt>
   <trkpt lat="48.1742790" lon="6.9283490">
    <ele>539.7</ele>
    <time>2024-04-26T14:03:53Z</time>
   </trkpt>
   <trkpt lat="48.1742670" lon="6.9283410">
    <ele>539.8</ele>
    <time>2024-04-26T14:03:54Z</time>
   </trkpt>
   <trkpt lat="48.1742320" lon="6.9283270">
    <ele>540.0</ele>
    <time>2024-04-26T14:03:55Z</time>
   </trkpt>
   <trkpt lat="48.1742210" lon="6.9283230">
    <ele>540.1</ele>
    <time>2024-04-26T14:03:56Z</time>
   </trkpt>
   <trkpt lat="48.1741860" lon="6.9283090">
    <ele>540.3</ele>
    <time>2024-04-26T14:03:57Z</time>
   </trkpt>
   <trkpt lat="48.1741750" lon="6.9283050">
    <ele>540.4</ele>
    <time>2024-04-26T14:03:58Z</time>
   </trkpt>
   <trkpt lat="48.1741410" lon="6.9282920">
    <ele>540.6</ele>
    <time>2024-04-26T14:03:59Z</time>
   </trkpt>
   <trkpt lat="48.1741300" lon="6.9282890">
    <ele>540.7</ele>
    <time>2024-04-26T14:04:00Z</time>
   </trkpt>
   <trkpt lat="48.1740970" lon="6.9282730">
    <ele>540.9</ele>
    <time>2024-04-26T14:04:01Z</time>
   </trkpt>
   <trkpt lat="48.1740860" lon="6.9282670">
    <ele>540.9</ele>
    <time>2024-04-26T14:04:02Z</time>
   </trkpt>
   <trkpt lat="48.1740530" lon="6.9282530">
    <ele>541.1</ele>
    <time>2024-04-26T14:04:03Z</time>
   </trkpt>
   <trkpt lat="48.1740420" lon="6.9282470">
    <ele>541.2</ele>
    <time>2024-04-26T14:04:04Z</time>
   </trkpt>
   <trkpt lat="48.1740090" lon="6.9282360">
    <ele>541.4</ele>
    <time>2024-04-26T14:04:05Z</time>
   </trkpt>
   <trkpt lat="48.1739970" lon="6.9282340">
    <ele>541.5</ele>
    <time>2024-04-26T14:04:06Z</time>
   </trkpt>
   <trkpt lat="48.1739640" lon="6.9282170">
    <ele>541.7</ele>
    <time>2024-04-26T14:04:07Z</time>
   </trkpt>
   <trkpt lat="48.1739530" lon="6.9282120">
    <ele>541.8</ele>
    <time>2024-04-26T14:04:08Z</time>
   </trkpt>
   <trkpt lat="48.1739220" lon="6.9281950">
    <ele>542.0</ele>
    <time>2024-04-26T14:04:09Z</time>
   </trkpt>
   <trkpt lat="48.1739120" lon="6.9281890">
    <ele>542.0</ele>
    <time>2024-04-26T14:04:10Z</time>
   </trkpt>
   <trkpt lat="48.1738790" lon="6.9281790">
    <ele>542.2</ele>
    <time>2024-04-26T14:04:11Z</time>
   </trkpt>
   <trkpt lat="48.1738690" lon="6.9281730">
    <ele>542.3</ele>
    <time>2024-04-26T14:04:12Z</time>
   </trkpt>
   <trkpt lat="48.1738370" lon="6.9281560">
    <ele>542.5</ele>
    <time>2024-04-26T14:04:13Z</time>
   </trkpt>
   <trkpt lat="48.1738260" lon="6.9281520">
    <ele>542.6</ele>
    <time>2024-04-26T14:04:14Z</time>
   </trkpt>
   <trkpt lat="48.1737930" lon="6.9281400">
    <ele>542.8</ele>
    <time>2024-04-26T14:04:15Z</time>
   </trkpt>
   <trkpt lat="48.1737820" lon="6.9281370">
    <ele>542.9</ele>
    <time>2024-04-26T14:04:16Z</time>
   </trkpt>
   <trkpt lat="48.1737510" lon="6.9281220">
    <ele>543.1</ele>
    <time>2024-04-26T14:04:17Z</time>
   </trkpt>
   <trkpt lat="48.1737400" lon="6.9281150">
    <ele>543.1</ele>
    <time>2024-04-26T14:04:18Z</time>
   </trkpt>
   <trkpt lat="48.1737060" lon="6.9281000">
    <ele>543.4</ele>
    <time>2024-04-26T14:04:19Z</time>
   </trkpt>
   <trkpt lat="48.1736950" lon="6.9280930">
    <ele>543.4</ele>
    <time>2024-04-26T14:04:20Z</time>
   </trkpt>
   <trkpt lat="48.1736600" lon="6.9280760">
    <ele>543.7</ele>
    <time>2024-04-26T14:04:21Z</time>
   </trkpt>
   <trkpt lat="48.1736480" lon="6.9280730">
    <ele>543.7</ele>
    <time>2024-04-26T14:04:22Z</time>
   </trkpt>
   <trkpt lat="48.1736120" lon="6.9280630">
    <ele>544.0</ele>
    <time>2024-04-26T14:04:23Z</time>
   </trkpt>
   <trkpt lat="48.1736010" lon="6.9280570">
    <ele>544.1</ele>
    <time>2024-04-26T14:04:24Z</time>
   </trkpt>
   <trkpt lat="48.1735660" lon="6.9280430">
    <ele>544.3</ele>
    <time>2024-04-26T14:04:25Z</time>
   </trkpt>
   <trkpt lat="48.1735540" lon="6.9280370">
    <ele>544.4</ele>
    <time>2024-04-26T14:04:26Z</time>
   </trkpt>
   <trkpt lat="48.1735210" lon="6.9280180">
    <ele>544.6</ele>
    <time>2024-04-26T14:04:27Z</time>
   </trkpt>
   <trkpt lat="48.1735100" lon="6.9280110">
    <ele>544.7</ele>
    <time>2024-04-26T14:04:28Z</time>
   </trkpt>
   <trkpt lat="48.1734740" lon="6.9279960">
    <ele>544.9</ele>
    <time>2024-04-26T14:04:29Z</time>
   </trkpt>
   <trkpt lat="48.1734620" lon="6.9279920">
    <ele>545.0</ele>
    <time>2024-04-26T14:04:30Z</time>
   </trkpt>
   <trkpt lat="48.1734260" lon="6.9279800">
    <ele>545.2</ele>
    <time>2024-04-26T14:04:31Z</time>
   </trkpt>
   <trkpt lat="48.1734140" lon="6.9279740">
    <ele>545.3</ele>
    <time>2024-04-26T14:04:32Z</time>
   </trkpt>
   <trkpt lat="48.1733790" lon="6.9279580">
    <ele>545.5</ele>
    <time>2024-04-26T14:04:33Z</time>
   </trkpt>
   <trkpt lat="48.1733680" lon="6.9279520">
    <ele>545.6</ele>
    <time>2024-04-26T14:04:34Z</time>
   </trkpt>
   <trkpt lat="48.1733310" lon="6.9279390">
    <ele>545.9</ele>
    <time>2024-04-26T14:04:35Z</time>
   </trkpt>
   <trkpt lat="48.1733180" lon="6.9279340">
    <ele>545.9</ele>
    <time>2024-04-26T14:04:36Z</time>
   </trkpt>
   <trkpt lat="48.1732820" lon="6.9279180">
    <ele>546.2</ele>
    <time>2024-04-26T14:04:37Z</time>
   </trkpt>
   <trkpt lat="48.1732690" lon="6.9279120">
    <ele>546.3</ele>
    <time>2024-04-26T14:04:38Z</time>
   </trkpt>
   <trkpt lat="48.1732340" lon="6.9278950">
    <ele>546.5</ele>
    <time>2024-04-26T14:04:39Z</time>
   </trkpt>
   <trkpt lat="48.1732220" lon="6.9278900">
    <ele>546.6</ele>
    <time>2024-04-26T14:04:40Z</time>
   </trkpt>
   <trkpt lat="48.1731860" lon="6.9278760">
    <ele>546.8</ele>
    <time>2024-04-26T14:04:41Z</time>
   </trkpt>
   <trkpt lat="48.1731750" lon="6.9278700">
    <ele>546.9</ele>
    <time>2024-04-26T14:04:42Z</time>
   </trkpt>
   <trkpt lat="48.1731400" lon="6.9278570">
    <ele>547.1</ele>
    <time>2024-04-26T14:04:43Z</time>
   </trkpt>
   <trkpt lat="48.1731290" lon="6.9278530">
    <ele>547.2</ele>
    <time>2024-04-26T14:04:44Z</time>
   </trkpt>
   <trkpt lat="48.1730950" lon="6.9278390">
    <ele>547.4</ele>
    <time>2024-04-26T14:04:45Z</time>
   </trkpt>
   <trkpt lat="48.1730830" lon="6.9278340">
    <ele>547.5</ele>
    <time>2024-04-26T14:04:46Z</time>
   </trkpt>
   <trkpt lat="48.1730490" lon="6.9278190">
    <ele>547.7</ele>
    <time>2024-04-26T14:04:47Z</time>
   </trkpt>
   <trkpt lat="48.1730380" lon="6.9278150">
    <ele>547.8</ele>
    <time>2024-04-26T14:04:48Z</time>
   </trkpt>
   <trkpt lat="48.1730030" lon="6.9278000">
    <ele>548.0</ele>
    <time>2024-04-26T14:04:49Z</time>
   </trkpt>
   <trkpt lat="48.1729920" lon="6.9277960">
    <ele>548.1</ele>
    <time>2024-04-26T14:04:50Z</time>
   </trkpt>
   <trkpt lat="48.1729560" lon="6.9277810">
    <ele>548.4</ele>
    <time>2024-04-26T14:04:51Z</time>
   </trkpt>
   <trkpt lat="48.1729440" lon="6.9277760">
    <ele>548.4</ele>
    <time>2024-04-26T14:04:52Z</time>
   </trkpt>
   <trkpt lat="48.1729090" lon="6.9277610">
    <ele>548.7</ele>
    <time>2024-04-26T14:04:53Z</time>
   </trkpt>
   <trkpt lat="48.1728960" lon="6.9277570">
    <ele>548.8</ele>
    <time>2024-04-26T14:04:54Z</time>
   </trkpt>
   <trkpt lat="48.1728610" lon="6.9277420">
    <ele>549.0</ele>
    <time>2024-04-26T14:04:55Z</time>
   </trkpt>
   <trkpt lat="48.1728500" lon="6.9277370">
    <ele>549.1</ele>
    <time>2024-04-26T14:04:56Z</time>
   </trkpt>
   <trkpt lat="48.1728160" lon="6.9277190">
    <ele>549.3</ele>
    <time>2024-04-26T14:04:57Z</time>
   </trkpt>
   <trkpt lat="48.1728040" lon="6.9277130">
    <ele>549.4</ele>
    <time>2024-04-26T14:04:58Z</time>
   </trkpt>
   <trkpt lat="48.1727690" lon="6.9276980">
    <ele>549.6</ele>
    <time>2024-04-26T14:04:59Z</time>
   </trkpt>
   <trkpt lat="48.1727560" lon="6.9276940">
    <ele>549.7</ele>
    <time>2024-04-26T14:05:00Z</time>
   </trkpt>
   <trkpt lat="48.1727180" lon="6.9276800">
    <ele>550.0</ele>
    <time>2024-04-26T14:05:01Z</time>
   </trkpt>
   <trkpt lat="48.1727050" lon="6.9276740">
    <ele>550.1</ele>
    <time>2024-04-26T14:05:02Z</time>
   </trkpt>
   <trkpt lat="48.1726670" lon="6.9276570">
    <ele>550.3</ele>
    <time>2024-04-26T14:05:03Z</time>
   </trkpt>
   <trkpt lat="48.1726550" lon="6.9276510">
    <ele>550.4</ele>
    <time>2024-04-26T14:05:04Z</time>
   </trkpt>
   <trkpt lat="48.1726170" lon="6.9276400">
    <ele>550.7</ele>
    <time>2024-04-26T14:05:05Z</time>
   </trkpt>
   <trkpt lat="48.1726040" lon="6.9276370">
    <ele>550.8</ele>
    <time>2024-04-26T14:05:06Z</time>
   </trkpt>
   <trkpt lat="48.1725670" lon="6.9276220">
    <ele>551.0</ele>
    <time>2024-04-26T14:05:07Z</time>
   </trkpt>
   <trkpt lat="48.1725550" lon="6.9276160">
    <ele>551.1</ele>
    <time>2024-04-26T14:05:08Z</time>
   </trkpt>
   <trkpt lat="48.1725170" lon="6.9276000">
    <ele>551.4</ele>
    <time>2024-04-26T14:05:09Z</time>
   </trkpt>
   <trkpt lat="48.1725040" lon="6.9275940">
    <ele>551.5</ele>
    <time>2024-04-26T14:05:10Z</time>
   </trkpt>
   <trkpt lat="48.1724660" lon="6.9275780">
    <ele>551.7</ele>
    <time>2024-04-26T14:05:11Z</time>
   </trkpt>
   <trkpt lat="48.1724540" lon="6.9275720">
    <ele>551.8</ele>
    <time>2024-04-26T14:05:12Z</time>
   </trkpt>
   <trkpt lat="48.1724160" lon="6.9275570">
    <ele>552.1</ele>
    <time>2024-04-26T14:05:13Z</time>
   </trkpt>
   <trkpt lat="48.1724030" lon="6.9275520">
    <ele>552.2</ele>
    <time>2024-04-26T14:05:14Z</time>
   </trkpt>
   <trkpt lat="48.1723660" lon="6.9275360">
    <ele>552.4</ele>
    <time>2024-04-26T14:05:15Z</time>
   </trkpt>
   <trkpt lat="48.1723540" lon="6.9275300">
    <ele>552.5</ele>
    <time>2024-04-26T14:05:16Z</time>
   </trkpt>
   <trkpt lat="48.1723160" lon="6.9275130">
    <ele>552.8</ele>
    <time>2024-04-26T14:05:17Z</time>
   </trkpt>
   <trkpt lat="48.1723040" lon="6.9275080">
    <ele>552.8</ele>
    <time>2024-04-26T14:05:18Z</time>
   </trkpt>
   <trkpt lat="48.1722660" lon="6.9274910">
    <ele>553.1</ele>
    <time>2024-04-26T14:05:19Z</time>
   </trkpt>
   <trkpt lat="48.1722540" lon="6.9274860">
    <ele>553.2</ele>
    <time>2024-04-26T14:05:20Z</time>
   </trkpt>
   <trkpt lat="48.1722170" lon="6.9274690">
    <ele>553.4</ele>
    <time>2024-04-26T14:05:21Z</time>
   </trkpt>
   <trkpt lat="48.1722040" lon="6.9274630">
    <ele>553.5</ele>
    <time>2024-04-26T14:05:22Z</time>
   </trkpt>
   <trkpt lat="48.1721680" lon="6.9274450">
    <ele>553.8</ele>
    <time>2024-04-26T14:05:23Z</time>
   </trkpt>
   <trkpt lat="48.1721560" lon="6.9274400">
    <ele>553.9</ele>
    <time>2024-04-26T14:05:24Z</time>
   </trkpt>
   <trkpt lat="48.1721190" lon="6.9274230">
    <ele>554.2</ele>
    <time>2024-04-26T14:05:25Z</time>
   </trkpt>
   <trkpt lat="48.1721070" lon="6.9274170">
    <ele>554.2</ele>
    <time>2024-04-26T14:05:26Z</time>
   </trkpt>
   <trkpt lat="48.1720690" lon="6.9274020">
    <ele>554.5</ele>
    <time>2024-04-26T14:05:27Z</time>
   </trkpt>
   <trkpt lat="48.1720560" lon="6.9273970">
    <ele>554.6</ele>
    <time>2024-04-26T14:05:28Z</time>
   </trkpt>
   <trkpt lat="48.1720190" lon="6.9273790">
    <ele>554.9</ele>
    <time>2024-04-26T14:05:29Z</time>
   </trkpt>
   <trkpt lat="48.1720060" lon="6.9273730">
    <ele>555.0</ele>
    <time>2024-04-26T14:05:30Z</time>
   </trkpt>
   <trkpt lat="48.1719690" lon="6.9273530">
    <ele>555.2</ele>
    <time>2024-04-26T14:05:31Z</time>
   </trkpt>
   <trkpt lat="48.1719570" lon="6.9273480">
    <ele>555.3</ele>
    <time>2024-04-26T14:05:32Z</time>
   </trkpt>
   <trkpt lat="48.1719190" lon="6.9273310">
    <ele>555.6</ele>
    <time>2024-04-26T14:05:33Z</time>
   </trkpt>
   <trkpt lat="48.1719070" lon="6.9273250">
    <ele>555.7</ele>
    <time>2024-04-26T14:05:34Z</time>
   </trkpt>
   <trkpt lat="48.1718720" lon="6.9273040">
    <ele>556.0</ele>
    <time>2024-04-26T14:05:35Z</time>
   </trkpt>
   <trkpt lat="48.1718600" lon="6.9272970">
    <ele>556.1</ele>
    <time>2024-04-26T14:05:36Z</time>
   </trkpt>
   <trkpt lat="48.1718250" lon="6.9272800">
    <ele>556.3</ele>
    <time>2024-04-26T14:05:37Z</time>
   </trkpt>
   <trkpt lat="48.1718130" lon="6.9272740">
    <ele>556.4</ele>
    <time>2024-04-26T14:05:38Z</time>
   </trkpt>
   <trkpt lat="48.1717790" lon="6.9272530">
    <ele>556.7</ele>
    <time>2024-04-26T14:05:39Z</time>
   </trkpt>
   <trkpt lat="48.1717670" lon="6.9272450">
    <ele>556.7</ele>
    <time>2024-04-26T14:05:40Z</time>
   </trkpt>
   <trkpt lat="48.1717330" lon="6.9272230">
    <ele>557.0</ele>
    <time>2024-04-26T14:05:41Z</time>
   </trkpt>
   <trkpt lat="48.1717210" lon="6.9272160">
    <ele>557.1</ele>
    <time>2024-04-26T14:05:42Z</time>
   </trkpt>
   <trkpt lat="48.1716840" lon="6.9271980">
    <ele>557.4</ele>
    <time>2024-04-26T14:05:43Z</time>
   </trkpt>
   <trkpt lat="48.1716720" lon="6.9271930">
    <ele>557.5</ele>
    <time>2024-04-26T14:05:44Z</time>
   </trkpt>
   <trkpt lat="48.1716360" lon="6.9271700">
    <ele>557.7</ele>
    <time>2024-04-26T14:05:45Z</time>
   </trkpt>
   <trkpt lat="48.1716240" lon="6.9271620">
    <ele>557.8</ele>
    <time>2024-04-26T14:05:46Z</time>
   </trkpt>
   <trkpt lat="48.1715880" lon="6.9271370">
    <ele>558.1</ele>
    <time>2024-04-26T14:05:47Z</time>
   </trkpt>
   <trkpt lat="48.1715750" lon="6.9271290">
    <ele>558.2</ele>
    <time>2024-04-26T14:05:48Z</time>
   </trkpt>
   <trkpt lat="48.1715400" lon="6.9271050">
    <ele>558.5</ele>
    <time>2024-04-26T14:05:49Z</time>
   </trkpt>
   <trkpt lat="48.1715290" lon="6.9270960">
    <ele>558.5</ele>
    <time>2024-04-26T14:05:50Z</time>
   </trkpt>
   <trkpt lat="48.1714960" lon="6.9270640">
    <ele>558.8</ele>
    <time>2024-04-26T14:05:51Z</time>
   </trkpt>
   <trkpt lat="48.1714840" lon="6.9270540">
    <ele>558.9</ele>
    <time>2024-04-26T14:05:52Z</time>
   </trkpt>
   <trkpt lat="48.1714480" lon="6.9270270">
    <ele>559.2</ele>
    <time>2024-04-26T14:05:53Z</time>
   </trkpt>
   <trkpt lat="48.1714360" lon="6.9270190">
    <ele>559.2</ele>
    <time>2024-04-26T14:05:54Z</time>
   </trkpt>
   <trkpt lat="48.1714020" lon="6.9269930">
    <ele>559.5</ele>
    <time>2024-04-26T14:05:55Z</time>
   </trkpt>
   <trkpt lat="48.1713910" lon="6.9269850">
    <ele>559.6</ele>
    <time>2024-04-26T14:05:56Z</time>
   </trkpt>
   <trkpt lat="48.1713590" lon="6.9269580">
    <ele>559.8</ele>
    <time>2024-04-26T14:05:57Z</time>
   </trkpt>
   <trkpt lat="48.1713490" lon="6.9269480">
    <ele>559.9</ele>
    <time>2024-04-26T14:05:58Z</time>
   </trkpt>
   <trkpt lat="48.1713170" lon="6.9269230">
    <ele>560.1</ele>
    <time>2024-04-26T14:05:59Z</time>
   </trkpt>
   <trkpt lat="48.1713060" lon="6.9269150">
    <ele>560.2</ele>
    <time>2024-04-26T14:06:00Z</time>
   </trkpt>
   <trkpt lat="48.1712790" lon="6.9268860">
    <ele>560.4</ele>
    <time>2024-04-26T14:06:01Z</time>
   </trkpt>
   <trkpt lat="48.1712700" lon="6.9268770">
    <ele>560.5</ele>
    <time>2024-04-26T14:06:02Z</time>
   </trkpt>
   <trkpt lat="48.1712460" lon="6.9268440">
    <ele>560.7</ele>
    <time>2024-04-26T14:06:03Z</time>
   </trkpt>
   <trkpt lat="48.1712380" lon="6.9268330">
    <ele>560.8</ele>
    <time>2024-04-26T14:06:04Z</time>
   </trkpt>
   <trkpt lat="48.1712120" lon="6.9268020">
    <ele>561.0</ele>
    <time>2024-04-26T14:06:05Z</time>
   </trkpt>
   <trkpt lat="48.1712030" lon="6.9267930">
    <ele>561.1</ele>
    <time>2024-04-26T14:06:06Z</time>
   </trkpt>
   <trkpt lat="48.1711790" lon="6.9267650">
    <ele>561.3</ele>
    <time>2024-04-26T14:06:07Z</time>
   </trkpt>
   <trkpt lat="48.1711710" lon="6.9267560">
    <ele>561.4</ele>
    <time>2024-04-26T14:06:08Z</time>
   </trkpt>
   <trkpt lat="48.1711460" lon="6.9267270">
    <ele>561.6</ele>
    <time>2024-04-26T14:06:09Z</time>
   </trkpt>
   <trkpt lat="48.1711380" lon="6.9267180">
    <ele>561.7</ele>
    <time>2024-04-26T14:06:10Z</time>
   </trkpt>
   <trkpt lat="48.1711140" lon="6.9266900">
    <ele>561.9</ele>
    <time>2024-04-26T14:06:11Z</time>
   </trkpt>
   <trkpt lat="48.1711050" lon="6.9266810">
    <ele>562.0</ele>
    <time>2024-04-26T14:06:12Z</time>
   </trkpt>
   <trkpt lat="48.1710810" lon="6.9266520">
    <ele>562.2</ele>
    <time>2024-04-26T14:06:13Z</time>
   </trkpt>
   <trkpt lat="48.1710730" lon="6.9266410">
    <ele>562.3</ele>
    <time>2024-04-26T14:06:14Z</time>
   </trkpt>
   <trkpt lat="48.1710500" lon="6.9266090">
    <ele>562.5</ele>
    <time>2024-04-26T14:06:15Z</time>
   </trkpt>
   <trkpt lat="48.1710410" lon="6.9266000">
    <ele>562.6</ele>
    <time>2024-04-26T14:06:16Z</time>
   </trkpt>
   <trkpt lat="48.1710130" lon="6.9265770">
    <ele>562.8</ele>
    <time>2024-04-26T14:06:17Z</time>
   </trkpt>
   <trkpt lat="48.1710030" lon="6.9265690">
    <ele>562.9</ele>
    <time>2024-04-26T14:06:18Z</time>
   </trkpt>
   <trkpt lat="48.1709790" lon="6.9265360">
    <ele>563.1</ele>
    <time>2024-04-26T14:06:19Z</time>
   </trkpt>
   <trkpt lat="48.1709720" lon="6.9265240">
    <ele>563.2</ele>
    <time>2024-04-26T14:06:20Z</time>
   </trkpt>
   <trkpt lat="48.1709500" lon="6.9264830">
    <ele>563.5</ele>
    <time>2024-04-26T14:06:21Z</time>
   </trkpt>
   <trkpt lat="48.1709430" lon="6.9264700">
    <ele>563.5</ele>
    <time>2024-04-26T14:06:22Z</time>
   </trkpt>
   <trkpt lat="48.1709210" lon="6.9264310">
    <ele>563.8</ele>
    <time>2024-04-26T14:06:23Z</time>
   </trkpt>
   <trkpt lat="48.1709130" lon="6.9264180">
    <ele>563.9</ele>
    <time>2024-04-26T14:06:24Z</time>
   </trkpt>
   <trkpt lat="48.1708910" lon="6.9263780">
    <ele>564.2</ele>
    <time>2024-04-26T14:06:25Z</time>
   </trkpt>
   <trkpt lat="48.1708840" lon="6.9263650">
    <ele>564.2</ele>
    <time>2024-04-26T14:06:26Z</time>
   </trkpt>
   <trkpt lat="48.1708640" lon="6.9263230">
    <ele>564.5</ele>
    <time>2024-04-26T14:06:27Z</time>
   </trkpt>
   <trkpt lat="48.1708570" lon="6.9263090">
    <ele>564.6</ele>
    <time>2024-04-26T14:06:28Z</time>
   </trkpt>
   <trkpt lat="48.1708410" lon="6.9262640">
    <ele>564.9</ele>
    <time>2024-04-26T14:06:29Z</time>
   </trkpt>
   <trkpt lat="48.1708350" lon="6.9262490">
    <ele>564.9</ele>
    <time>2024-04-26T14:06:30Z</time>
   </trkpt>
   <trkpt lat="48.1708180" lon="6.9262050">
    <ele>565.2</ele>
    <time>2024-04-26T14:06:31Z</time>
   </trkpt>
   <trkpt lat="48.1708130" lon="6.9261900">
    <ele>565.3</ele>
    <time>2024-04-26T14:06:32Z</time>
   </trkpt>
   <trkpt lat="48.1707970" lon="6.9261440">
    <ele>565.6</ele>
    <time>2024-04-26T14:06:33Z</time>
   </trkpt>
   <trkpt lat="48.1707920" lon="6.9261290">
    <ele>565.7</ele>
    <time>2024-04-26T14:06:34Z</time>
   </trkpt>
   <trkpt lat="48.1707750" lon="6.9260840">
    <ele>566.0</ele>
    <time>2024-04-26T14:06:35Z</time>
   </trkpt>
   <trkpt lat="48.1707700" lon="6.9260680">
    <ele>566.0</ele>
    <time>2024-04-26T14:06:36Z</time>
   </trkpt>
   <trkpt lat="48.1707530" lon="6.9260220">
    <ele>566.3</ele>
    <time>2024-04-26T14:06:37Z</time>
   </trkpt>
   <trkpt lat="48.1707470" lon="6.9260070">
    <ele>566.4</ele>
    <time>2024-04-26T14:06:38Z</time>
   </trkpt>
   <trkpt lat="48.1707330" lon="6.9259590">
    <ele>566.7</ele>
    <time>2024-04-26T14:06:39Z</time>
   </trkpt>
   <trkpt lat="48.1707280" lon="6.9259430">
    <ele>566.8</ele>
    <time>2024-04-26T14:06:40Z</time>
   </trkpt>
   <trkpt lat="48.1707130" lon="6.9258980">
    <ele>567.0</ele>
    <time>2024-04-26T14:06:41Z</time>
   </trkpt>
   <trkpt lat="48.1707080" lon="6.9258840">
    <ele>567.1</ele>
    <time>2024-04-26T14:06:42Z</time>
   </trkpt>
   <trkpt lat="48.1706940" lon="6.9258390">
    <ele>567.3</ele>
    <time>2024-04-26T14:06:43Z</time>
   </trkpt>
   <trkpt lat="48.1706890" lon="6.9258230">
    <ele>567.4</ele>
    <time>2024-04-26T14:06:44Z</time>
   </trkpt>
   <trkpt lat="48.1706730" lon="6.9257790">
    <ele>567.7</ele>
    <time>2024-04-26T14:06:45Z</time>
   </trkpt>
   <trkpt lat="48.1706670" lon="6.9257640">
    <ele>567.7</ele>
    <time>2024-04-26T14:06:46Z</time>
   </trkpt>
   <trkpt lat="48.1706540" lon="6.9257160">
    <ele>568.0</ele>
    <time>2024-04-26T14:06:47Z</time>
   </trkpt>
   <trkpt lat="48.1706500" lon="6.9256990">
    <ele>568.1</ele>
    <time>2024-04-26T14:06:48Z</time>
   </trkpt>
   <trkpt lat="48.1706360" lon="6.9256520">
    <ele>568.3</ele>
    <time>2024-04-26T14:06:49Z</time>
   </trkpt>
   <trkpt lat="48.1706310" lon="6.9256360">
    <ele>568.4</ele>
    <time>2024-04-26T14:06:50Z</time>
   </trkpt>
   <trkpt lat="48.1706170" lon="6.9255880">
    <ele>568.7</ele>
    <time>2024-04-26T14:06:51Z</time>
   </trkpt>
   <trkpt lat="48.1706130" lon="6.9255720">
    <ele>568.8</ele>
    <time>2024-04-26T14:06:52Z</time>
   </trkpt>
   <trkpt lat="48.1706010" lon="6.9255230">
    <ele>569.0</ele>
    <time>2024-04-26T14:06:53Z</time>
   </trkpt>
   <trkpt lat="48.1705980" lon="6.9255070">
    <ele>569.1</ele>
    <time>2024-04-26T14:06:54Z</time>
   </trkpt>
   <trkpt lat="48.1705850" lon="6.9254580">
    <ele>569.4</ele>
    <time>2024-04-26T14:06:55Z</time>
   </trkpt>
   <trkpt lat="48.1705800" lon="6.9254420">
    <ele>569.5</ele>
    <time>2024-04-26T14:06:56Z</time>
   </trkpt>
   <trkpt lat="48.1705680" lon="6.9253950">
    <ele>569.8</ele>
    <time>2024-04-26T14:06:57Z</time>
   </trkpt>
   <trkpt lat="48.1705640" lon="6.9253790">
    <ele>569.8</ele>
    <time>2024-04-26T14:06:58Z</time>
   </trkpt>
   <trkpt lat="48.1705530" lon="6.9253300">
    <ele>570.1</ele>
    <time>2024-04-26T14:06:59Z</time>
   </trkpt>
   <trkpt lat="48.1705500" lon="6.9253140">
    <ele>570.2</ele>
    <time>2024-04-26T14:07:00Z</time>
   </trkpt>
   <trkpt lat="48.1705390" lon="6.9252650">
    <ele>570.5</ele>
    <time>2024-04-26T14:07:01Z</time>
   </trkpt>
   <trkpt lat="48.1705360" lon="6.9252490">
    <ele>570.6</ele>
    <time>2024-04-26T14:07:02Z</time>
   </trkpt>
   <trkpt lat="48.1705260" lon="6.9252010">
    <ele>570.8</ele>
    <time>2024-04-26T14:07:03Z</time>
   </trkpt>
   <trkpt lat="48.1705220" lon="6.9251850">
    <ele>570.9</ele>
    <time>2024-04-26T14:07:04Z</time>
   </trkpt>
   <trkpt lat="48.1705120" lon="6.9251380">
    <ele>571.2</ele>
    <time>2024-04-26T14:07:05Z</time>
   </trkpt>
   <trkpt lat="48.1705090" lon="6.9251230">
    <ele>571.3</ele>
    <time>2024-04-26T14:07:06Z</time>
   </trkpt>
   <trkpt lat="48.1704990" lon="6.9250760">
    <ele>571.5</ele>
    <time>2024-04-26T14:07:07Z</time>
   </trkpt>
   <trkpt lat="48.1704960" lon="6.9250600">
    <ele>571.6</ele>
    <time>2024-04-26T14:07:08Z</time>
   </trkpt>
   <trkpt lat="48.1704860" lon="6.9250110">
    <ele>571.9</ele>
    <time>2024-04-26T14:07:09Z</time>
   </trkpt>
   <trkpt lat="48.1704840" lon="6.9249950">
    <ele>572.0</ele>
    <time>2024-04-26T14:07:10Z</time>
   </trkpt>
   <trkpt lat="48.1704740" lon="6.9249470">
    <ele>572.3</ele>
    <time>2024-04-26T14:07:11Z</time>
   </trkpt>
   <trkpt lat="48.1704710" lon="6.9249310">
    <ele>572.3</ele>
    <time>2024-04-26T14:07:12Z</time>
   </trkpt>
   <trkpt lat="48.1704630" lon="6.9248830">
    <ele>572.6</ele>
    <time>2024-04-26T14:07:13Z</time>
   </trkpt>
   <trkpt lat="48.1704610" lon="6.9248670">
    <ele>572.7</ele>
    <time>2024-04-26T14:07:14Z</time>
   </trkpt>
   <trkpt lat="48.1704510" lon="6.9248180">
    <ele>573.0</ele>
    <time>2024-04-26T14:07:15Z</time>
   </trkpt>
   <trkpt lat="48.1704480" lon="6.9248020">
    <ele>573.1</ele>
    <time>2024-04-26T14:07:16Z</time>
   </trkpt>
   <trkpt lat="48.1704380" lon="6.9247510">
    <ele>573.4</ele>
    <time>2024-04-26T14:07:17Z</time>
   </trkpt>
   <trkpt lat="48.1704350" lon="6.9247350">
    <ele>573.4</ele>
    <time>2024-04-26T14:07:18Z</time>
   </trkpt>
   <trkpt lat="48.1704250" lon="6.9246850">
    <ele>573.7</ele>
    <time>2024-04-26T14:07:19Z</time>
   </trkpt>
   <trkpt lat="48.1704210" lon="6.9246680">
    <ele>573.8</ele>
    <time>2024-04-26T14:07:20Z</time>
   </trkpt>
   <trkpt lat="48.1704130" lon="6.9246200">
    <ele>574.1</ele>
    <time>2024-04-26T14:07:21Z</time>
   </trkpt>
   <trkpt lat="48.1704110" lon="6.9246030">
    <ele>574.2</ele>
    <time>2024-04-26T14:07:22Z</time>
   </trkpt>
   <trkpt lat="48.1704010" lon="6.9245550">
    <ele>574.4</ele>
    <time>2024-04-26T14:07:23Z</time>
   </trkpt>
   <trkpt lat="48.1703980" lon="6.9245390">
    <ele>574.5</ele>
    <time>2024-04-26T14:07:24Z</time>
   </trkpt>
   <trkpt lat="48.1703900" lon="6.9244900">
    <ele>574.8</ele>
    <time>2024-04-26T14:07:25Z</time>
   </trkpt>
   <trkpt lat="48.1703870" lon="6.9244730">
    <ele>574.9</ele>
    <time>2024-04-26T14:07:26Z</time>
   </trkpt>
   <trkpt lat="48.1703770" lon="6.9244230">
    <ele>575.1</ele>
    <time>2024-04-26T14:07:27Z</time>
   </trkpt>
   <trkpt lat="48.1703730" lon="6.9244060">
    <ele>575.2</ele>
    <time>2024-04-26T14:07:28Z</time>
   </trkpt>
   <trkpt lat="48.1703660" lon="6.9243540">
    <ele>575.5</ele>
    <time>2024-04-26T14:07:29Z</time>
   </trkpt>
   <trkpt lat="48.1703630" lon="6.9243370">
    <ele>575.6</ele>
    <time>2024-04-26T14:07:30Z</time>
   </trkpt>
   <trkpt lat="48.1703560" lon="6.9242860">
    <ele>575.8</ele>
    <time>2024-04-26T14:07:31Z</time>
   </trkpt>
   <trkpt lat="48.1703530" lon="6.9242680">
    <ele>575.9</ele>
    <time>2024-04-26T14:07:32Z</time>
   </trkpt>
   <trkpt lat="48.1703460" lon="6.9242170">
    <ele>576.2</ele>
    <time>2024-04-26T14:07:33Z</time>
   </trkpt>
   <trkpt lat="48.1703430" lon="6.9242000">
    <ele>576.3</ele>
    <time>2024-04-26T14:07:34Z</time>
   </trkpt>
   <trkpt lat="48.1703340" lon="6.9241500">
    <ele>576.5</ele>
    <time>2024-04-26T14:07:35Z</time>
   </trkpt>
   <trkpt lat="48.1703320" lon="6.9241330">
    <ele>576.6</ele>
    <time>2024-04-26T14:07:36Z</time>
   </trkpt>
   <trkpt lat="48.1703250" lon="6.9240810">
    <ele>576.9</ele>
    <time>2024-04-26T14:07:37Z</time>
   </trkpt>
   <trkpt lat="48.1703210" lon="6.9240640">
    <ele>577.0</ele>
    <time>2024-04-26T14:07:38Z</time>
   </trkpt>
   <trkpt lat="48.1703150" lon="6.9240130">
    <ele>577.2</ele>
    <time>2024-04-26T14:07:39Z</time>
   </trkpt>
   <trkpt lat="48.1703130" lon="6.9239950">
    <ele>577.3</ele>
    <time>2024-04-26T14:07:40Z</time>
   </trkpt>
   <trkpt lat="48.1703060" lon="6.9239440">
    <ele>577.6</ele>
    <time>2024-04-26T14:07:41Z</time>
   </trkpt>
   <trkpt lat="48.1703030" lon="6.9239280">
    <ele>577.7</ele>
    <time>2024-04-26T14:07:42Z</time>
   </trkpt>
   <trkpt lat="48.1702930" lon="6.9238770">
    <ele>577.9</ele>
    <time>2024-04-26T14:07:43Z</time>
   </trkpt>
   <trkpt lat="48.1702900" lon="6.9238610">
    <ele>578.0</ele>
    <time>2024-04-26T14:07:44Z</time>
   </trkpt>
   <trkpt lat="48.1702820" lon="6.9238110">
    <ele>578.2</ele>
    <time>2024-04-26T14:07:45Z</time>
   </trkpt>
   <trkpt lat="48.1702790" lon="6.9237950">
    <ele>578.3</ele>
    <time>2024-04-26T14:07:46Z</time>
   </trkpt>
   <trkpt lat="48.1702710" lon="6.9237430">
    <ele>578.6</ele>
    <time>2024-04-26T14:07:47Z</time>
   </trkpt>
   <trkpt lat="48.1702680" lon="6.9237260">
    <ele>578.7</ele>
    <time>2024-04-26T14:07:48Z</time>
   </trkpt>
   <trkpt lat="48.1702610" lon="6.9236750">
    <ele>578.9</ele>
    <time>2024-04-26T14:07:49Z</time>
   </trkpt>
   <trkpt lat="48.1702590" lon="6.9236570">
    <ele>579.0</ele>
    <time>2024-04-26T14:07:50Z</time>
   </trkpt>
   <trkpt lat="48.1702500" lon="6.9236060">
    <ele>579.3</ele>
    <time>2024-04-26T14:07:51Z</time>
   </trkpt>
   <trkpt lat="48.1702470" lon="6.9235890">
    <ele>579.4</ele>
    <time>2024-04-26T14:07:52Z</time>
   </trkpt>
   <trkpt lat="48.1702380" lon="6.9235380">
    <ele>579.6</ele>
    <time>2024-04-26T14:07:53Z</time>
   </trkpt>
   <trkpt lat="48.1702360" lon="6.9235210">
    <ele>579.7</ele>
    <time>2024-04-26T14:07:54Z</time>
   </trkpt>
   <trkpt lat="48.1702290" lon="6.9234690">
    <ele>580.0</ele>
    <time>2024-04-26T14:07:55Z</time>
   </trkpt>
   <trkpt lat="48.1702260" lon="6.9234520">
    <ele>580.1</ele>
    <time>2024-04-26T14:07:56Z</time>
   </trkpt>
   <trkpt lat="48.1702170" lon="6.9234000">
    <ele>580.3</ele>
    <time>2024-04-26T14:07:57Z</time>
   </trkpt>
   <trkpt lat="48.1702130" lon="6.9233840">
    <ele>580.4</ele>
    <time>2024-04-26T14:07:58Z</time>
   </trkpt>
   <trkpt lat="48.1702040" lon="6.9233340">
    <ele>580.7</ele>
    <time>2024-04-26T14:07:59Z</time>
   </trkpt>
   <trkpt lat="48.1702010" lon="6.9233170">
    <ele>580.8</ele>
    <time>2024-04-26T14:08:00Z</time>
   </trkpt>
   <trkpt lat="48.1701930" lon="6.9232690">
    <ele>581.0</ele>
    <time>2024-04-26T14:08:01Z</time>
   </trkpt>
   <trkpt lat="48.1701900" lon="6.9232520">
    <ele>581.1</ele>
    <time>2024-04-26T14:08:02Z</time>
   </trkpt>
   <trkpt lat="48.1701800" lon="6.9232050">
    <ele>581.3</ele>
    <time>2024-04-26T14:08:03Z</time>
   </trkpt>
   <trkpt lat="48.1701770" lon="6.9231890">
    <ele>581.4</ele>
    <time>2024-04-26T14:08:04Z</time>
   </trkpt>
   <trkpt lat="48.1701680" lon="6.9231410">
    <ele>581.7</ele>
    <time>2024-04-26T14:08:05Z</time>
   </trkpt>
   <trkpt lat="48.1701650" lon="6.9231240">
    <ele>581.8</ele>
    <time>2024-04-26T14:08:06Z</time>
   </trkpt>
   <trkpt lat="48.1701560" lon="6.9230760">
    <ele>582.0</ele>
    <time>2024-04-26T14:08:07Z</time>
   </trkpt>
   <trkpt lat="48.1701540" lon="6.9230590">
    <ele>582.1</ele>
    <time>2024-04-26T14:08:08Z</time>
   </trkpt>
   <trkpt lat="48.1701440" lon="6.9230130">
    <ele>582.3</ele>
    <time>2024-04-26T14:08:09Z</time>
   </trkpt>
   <trkpt lat="48.1701410" lon="6.9229970">
    <ele>582.4</ele>
    <time>2024-04-26T14:08:10Z</time>
   </trkpt>
   <trkpt lat="48.1701350" lon="6.9229470">
    <ele>582.7</ele>
    <time>2024-04-26T14:08:11Z</time>
   </trkpt>
   <trkpt lat="48.1701310" lon="6.9229310">
    <ele>582.8</ele>
    <time>2024-04-26T14:08:12Z</time>
   </trkpt>
   <trkpt lat="48.1701230" lon="6.9228810">
    <ele>583.0</ele>
    <time>2024-04-26T14:08:13Z</time>
   </trkpt>
   <trkpt lat="48.1701200" lon="6.9228650">
    <ele>583.1</ele>
    <time>2024-04-26T14:08:14Z</time>
   </trkpt>
   <trkpt lat="48.1701130" lon="6.9228140">
    <ele>583.4</ele>
    <time>2024-04-26T14:08:15Z</time>
   </trkpt>
   <trkpt lat="48.1701100" lon="6.9227970">
    <ele>583.5</ele>
    <time>2024-04-26T14:08:16Z</time>
   </trkpt>
   <trkpt lat="48.1701000" lon="6.9227470">
    <ele>583.7</ele>
    <time>2024-04-26T14:08:17Z</time>
   </trkpt>
   <trkpt lat="48.1700970" lon="6.9227310">
    <ele>583.8</ele>
    <time>2024-04-26T14:08:18Z</time>
   </trkpt>
   <trkpt lat="48.1700890" lon="6.9226820">
    <ele>584.1</ele>
    <time>2024-04-26T14:08:19Z</time>
   </trkpt>
   <trkpt lat="48.1700860" lon="6.9226660">
    <ele>584.1</ele>
    <time>2024-04-26T14:08:20Z</time>
   </trkpt>
   <trkpt lat="48.1700770" lon="6.9226170">
    <ele>584.4</ele>
    <time>2024-04-26T14:08:21Z</time>
   </trkpt>
   <trkpt lat="48.1700740" lon="6.9226000">
    <ele>584.5</ele>
    <time>2024-04-26T14:08:22Z</time>
   </trkpt>
   <trkpt lat="48.1700640" lon="6.9225510">
    <ele>584.7</ele>
    <time>2024-04-26T14:08:23Z</time>
   </trkpt>
   <trkpt lat="48.1700610" lon="6.9225350">
    <ele>584.8</ele>
    <time>2024-04-26T14:08:24Z</time>
   </trkpt>
   <trkpt lat="48.1700510" lon="6.9224850">
    <ele>585.0</ele>
    <time>2024-04-26T14:08:25Z</time>
   </trkpt>
   <trkpt lat="48.1700480" lon="6.9224690">
    <ele>585.1</ele>
    <time>2024-04-26T14:08:26Z</time>
   </trkpt>
   <trkpt lat="48.1700390" lon="6.9224190">
    <ele>585.3</ele>
    <time>2024-04-26T14:08:27Z</time>
   </trkpt>
   <trkpt lat="48.1700360" lon="6.9224020">
    <ele>585.4</ele>
    <time>2024-04-26T14:08:28Z</time>
   </trkpt>
   <trkpt lat="48.1700260" lon="6.9223510">
    <ele>585.7</ele>
    <time>2024-04-26T14:08:29Z</time>
   </trkpt>
   <trkpt lat="48.1700210" lon="6.9223350">
    <ele>585.7</ele>
    <time>2024-04-26T14:08:30Z</time>
   </trkpt>
   <trkpt lat="48.1700100" lon="6.9222850">
    <ele>586.0</ele>
    <time>2024-04-26T14:08:31Z</time>
   </trkpt>
   <trkpt lat="48.1700080" lon="6.9222680">
    <ele>586.1</ele>
    <time>2024-04-26T14:08:32Z</time>
   </trkpt>
   <trkpt lat="48.1699970" lon="6.9222140">
    <ele>586.3</ele>
    <time>2024-04-26T14:08:33Z</time>
   </trkpt>
   <trkpt lat="48.1699930" lon="6.9221950">
    <ele>586.4</ele>
    <time>2024-04-26T14:08:34Z</time>
   </trkpt>
   <trkpt lat="48.1699830" lon="6.9221460">
    <ele>586.6</ele>
    <time>2024-04-26T14:08:35Z</time>
   </trkpt>
   <trkpt lat="48.1699800" lon="6.9221290">
    <ele>586.7</ele>
    <time>2024-04-26T14:08:36Z</time>
   </trkpt>
   <trkpt lat="48.1699720" lon="6.9220910">
    <ele>586.8</ele>
    <time>2024-04-26T14:08:37Z</time>
   </trkpt>
   <trkpt lat="48.1699590" lon="6.9220360">
    <ele>587.1</ele>
    <time>2024-04-26T14:08:38Z</time>
   </trkpt>
   <trkpt lat="48.1699550" lon="6.9220170">
    <ele>587.1</ele>
    <time>2024-04-26T14:08:39Z</time>
   </trkpt>
   <trkpt lat="48.1699390" lon="6.9219620">
    <ele>587.4</ele>
    <time>2024-04-26T14:08:40Z</time>
   </trkpt>
   <trkpt lat="48.1699330" lon="6.9219440">
    <ele>587.4</ele>
    <time>2024-04-26T14:08:41Z</time>
   </trkpt>
   <trkpt lat="48.1699210" lon="6.9218870">
    <ele>587.7</ele>
    <time>2024-04-26T14:08:42Z</time>
   </trkpt>
   <trkpt lat="48.1699170" lon="6.9218680">
    <ele>587.7</ele>
    <time>2024-04-26T14:08:43Z</time>
   </trkpt>
   <trkpt lat="48.1699030" lon="6.9218150">
    <ele>588.0</ele>
    <time>2024-04-26T14:08:44Z</time>
   </trkpt>
   <trkpt lat="48.1699000" lon="6.9217960">
    <ele>588.0</ele>
    <time>2024-04-26T14:08:45Z</time>
   </trkpt>
   <trkpt lat="48.1698910" lon="6.9217400">
    <ele>588.3</ele>
    <time>2024-04-26T14:08:46Z</time>
   </trkpt>
   <trkpt lat="48.1698870" lon="6.9217220">
    <ele>588.3</ele>
    <time>2024-04-26T14:08:47Z</time>
   </trkpt>
   <trkpt lat="48.1698740" lon="6.9216700">
    <ele>588.6</ele>
    <time>2024-04-26T14:08:48Z</time>
   </trkpt>
   <trkpt lat="48.1698680" lon="6.9216530">
    <ele>588.6</ele>
    <time>2024-04-26T14:08:49Z</time>
   </trkpt>
   <trkpt lat="48.1698540" lon="6.9216010">
    <ele>588.9</ele>
    <time>2024-04-26T14:08:50Z</time>
   </trkpt>
   <trkpt lat="48.1698490" lon="6.9215830">
    <ele>588.9</ele>
    <time>2024-04-26T14:08:51Z</time>
   </trkpt>
   <trkpt lat="48.1698340" lon="6.9215320">
    <ele>589.2</ele>
    <time>2024-04-26T14:08:52Z</time>
   </trkpt>
   <trkpt lat="48.1698280" lon="6.9215150">
    <ele>589.3</ele>
    <time>2024-04-26T14:08:53Z</time>
   </trkpt>
   <trkpt lat="48.1698130" lon="6.9214650">
    <ele>589.5</ele>
    <time>2024-04-26T14:08:54Z</time>
   </trkpt>
   <trkpt lat="48.1698080" lon="6.9214480">
    <ele>589.6</ele>
    <time>2024-04-26T14:08:55Z</time>
   </trkpt>
   <trkpt lat="48.1697910" lon="6.9213990">
    <ele>589.8</ele>
    <time>2024-04-26T14:08:56Z</time>
   </trkpt>
   <trkpt lat="48.1697850" lon="6.9213820">
    <ele>589.9</ele>
    <time>2024-04-26T14:08:57Z</time>
   </trkpt>
   <trkpt lat="48.1697660" lon="6.9213360">
    <ele>590.1</ele>
    <time>2024-04-26T14:08:58Z</time>
   </trkpt>
   <trkpt lat="48.1697590" lon="6.9213210">
    <ele>590.2</ele>
    <time>2024-04-26T14:08:59Z</time>
   </trkpt>
   <trkpt lat="48.1697400" lon="6.9212760">
    <ele>590.5</ele>
    <time>2024-04-26T14:09:00Z</time>
   </trkpt>
   <trkpt lat="48.1697330" lon="6.9212620">
    <ele>590.5</ele>
    <time>2024-04-26T14:09:01Z</time>
   </trkpt>
   <trkpt lat="48.1697120" lon="6.9212200">
    <ele>590.8</ele>
    <time>2024-04-26T14:09:02Z</time>
   </trkpt>
   <trkpt lat="48.1697060" lon="6.9212050">
    <ele>590.8</ele>
    <time>2024-04-26T14:09:03Z</time>
   </trkpt>
   <trkpt lat="48.1696830" lon="6.9211650">
    <ele>591.1</ele>
    <time>2024-04-26T14:09:04Z</time>
   </trkpt>
   <trkpt lat="48.1696750" lon="6.9211520">
    <ele>591.2</ele>
    <time>2024-04-26T14:09:05Z</time>
   </trkpt>
   <trkpt lat="48.1696520" lon="6.9211100">
    <ele>591.4</ele>
    <time>2024-04-26T14:09:06Z</time>
   </trkpt>
   <trkpt lat="48.1696440" lon="6.9210960">
    <ele>591.5</ele>
    <time>2024-04-26T14:09:07Z</time>
   </trkpt>
   <trkpt lat="48.1696170" lon="6.9210540">
    <ele>591.7</ele>
    <time>2024-04-26T14:09:08Z</time>
   </trkpt>
   <trkpt lat="48.1696080" lon="6.9210400">
    <ele>591.8</ele>
    <time>2024-04-26T14:09:09Z</time>
   </trkpt>
   <trkpt lat="48.1695890" lon="6.9210110">
    <ele>592.0</ele>
    <time>2024-04-26T14:09:10Z</time>
   </trkpt>
   <trkpt lat="48.1695690" lon="6.9209820">
    <ele>592.2</ele>
    <time>2024-04-26T14:09:11Z</time>
   </trkpt>
   <trkpt lat="48.1695510" lon="6.9209520">
    <ele>592.3</ele>
    <time>2024-04-26T14:09:12Z</time>
   </trkpt>
   <trkpt lat="48.1695300" lon="6.9209250">
    <ele>592.5</ele>
    <time>2024-04-26T14:09:13Z</time>
   </trkpt>
   <trkpt lat="48.1695110" lon="6.9208970">
    <ele>592.7</ele>
    <time>2024-04-26T14:09:14Z</time>
   </trkpt>
   <trkpt lat="48.1694820" lon="6.9208560">
    <ele>592.9</ele>
    <time>2024-04-26T14:09:15Z</time>
   </trkpt>
   <trkpt lat="48.1694720" lon="6.9208430">
    <ele>593.0</ele>
    <time>2024-04-26T14:09:16Z</time>
   </trkpt>
   <trkpt lat="48.1694450" lon="6.9208010">
    <ele>593.2</ele>
    <time>2024-04-26T14:09:17Z</time>
   </trkpt>
   <trkpt lat="48.1694360" lon="6.9207870">
    <ele>593.3</ele>
    <time>2024-04-26T14:09:18Z</time>
   </trkpt>
   <trkpt lat="48.1694060" lon="6.9207500">
    <ele>593.6</ele>
    <time>2024-04-26T14:09:19Z</time>
   </trkpt>
   <trkpt lat="48.1693960" lon="6.9207380">
    <ele>593.6</ele>
    <time>2024-04-26T14:09:20Z</time>
   </trkpt>
   <trkpt lat="48.1693680" lon="6.9206980">
    <ele>593.9</ele>
    <time>2024-04-26T14:09:21Z</time>
   </trkpt>
   <trkpt lat="48.1693590" lon="6.9206840">
    <ele>593.9</ele>
    <time>2024-04-26T14:09:22Z</time>
   </trkpt>
   <trkpt lat="48.1693330" lon="6.9206410">
    <ele>594.2</ele>
    <time>2024-04-26T14:09:23Z</time>
   </trkpt>
   <trkpt lat="48.1693240" lon="6.9206270">
    <ele>594.3</ele>
    <time>2024-04-26T14:09:24Z</time>
   </trkpt>
   <trkpt lat="48.1692970" lon="6.9205840">
    <ele>594.5</ele>
    <time>2024-04-26T14:09:25Z</time>
   </trkpt>
   <trkpt lat="48.1692880" lon="6.9205690">
    <ele>594.6</ele>
    <time>2024-04-26T14:09:26Z</time>
   </trkpt>
   <trkpt lat="48.1692610" lon="6.9205260">
    <ele>594.9</ele>
    <time>2024-04-26T14:09:27Z</time>
   </trkpt>
   <trkpt lat="48.1692520" lon="6.9205120">
    <ele>595.0</ele>
    <time>2024-04-26T14:09:28Z</time>
   </trkpt>
   <trkpt lat="48.1692220" lon="6.9204710">
    <ele>595.2</ele>
    <time>2024-04-26T14:09:29Z</time>
   </trkpt>
   <trkpt lat="48.1692130" lon="6.9204570">
    <ele>595.3</ele>
    <time>2024-04-26T14:09:30Z</time>
   </trkpt>
   <trkpt lat="48.1691850" lon="6.9204150">
    <ele>595.6</ele>
    <time>2024-04-26T14:09:31Z</time>
   </trkpt>
   <trkpt lat="48.1691750" lon="6.9204010">
    <ele>595.6</ele>
    <time>2024-04-26T14:09:32Z</time>
   </trkpt>
   <trkpt lat="48.1691550" lon="6.9203730">
    <ele>595.8</ele>
    <time>2024-04-26T14:09:33Z</time>
   </trkpt>
   <trkpt lat="48.1691250" lon="6.9203330">
    <ele>596.1</ele>
    <time>2024-04-26T14:09:34Z</time>
   </trkpt>
   <trkpt lat="48.1691150" lon="6.9203190">
    <ele>596.2</ele>
    <time>2024-04-26T14:09:35Z</time>
   </trkpt>
   <trkpt lat="48.1690860" lon="6.9202780">
    <ele>596.4</ele>
    <time>2024-04-26T14:09:36Z</time>
   </trkpt>
   <trkpt lat="48.1690770" lon="6.9202640">
    <ele>596.5</ele>
    <time>2024-04-26T14:09:37Z</time>
   </trkpt>
   <trkpt lat="48.1690490" lon="6.9202230">
    <ele>596.7</ele>
    <time>2024-04-26T14:09:38Z</time>
   </trkpt>
   <trkpt lat="48.1690390" lon="6.9202100">
    <ele>596.8</ele>
    <time>2024-04-26T14:09:39Z</time>
   </trkpt>
   <trkpt lat="48.1690110" lon="6.9201700">
    <ele>597.1</ele>
    <time>2024-04-26T14:09:40Z</time>
   </trkpt>
   <trkpt lat="48.1690010" lon="6.9201560">
    <ele>597.1</ele>
    <time>2024-04-26T14:09:41Z</time>
   </trkpt>
   <trkpt lat="48.1689730" lon="6.9201150">
    <ele>597.4</ele>
    <time>2024-04-26T14:09:42Z</time>
   </trkpt>
   <trkpt lat="48.1689630" lon="6.9201010">
    <ele>597.5</ele>
    <time>2024-04-26T14:09:43Z</time>
   </trkpt>
   <trkpt lat="48.1689320" lon="6.9200630">
    <ele>597.7</ele>
    <time>2024-04-26T14:09:44Z</time>
   </trkpt>
   <trkpt lat="48.1689220" lon="6.9200500">
    <ele>597.8</ele>
    <time>2024-04-26T14:09:45Z</time>
   </trkpt>
   <trkpt lat="48.1689000" lon="6.9200260">
    <ele>598.0</ele>
    <time>2024-04-26T14:09:46Z</time>
   </trkpt>
   <trkpt lat="48.1688770" lon="6.9200030">
    <ele>598.2</ele>
    <time>2024-04-26T14:09:47Z</time>
   </trkpt>
   <trkpt lat="48.1688490" lon="6.9199620">
    <ele>598.4</ele>
    <time>2024-04-26T14:09:48Z</time>
   </trkpt>
   <trkpt lat="48.1688410" lon="6.9199460">
    <ele>598.5</ele>
    <time>2024-04-26T14:09:49Z</time>
   </trkpt>
   <trkpt lat="48.1688200" lon="6.9199190">
    <ele>598.7</ele>
    <time>2024-04-26T14:09:50Z</time>
   </trkpt>
   <trkpt lat="48.1687970" lon="6.9198950">
    <ele>598.9</ele>
    <time>2024-04-26T14:09:51Z</time>
   </trkpt>
   <trkpt lat="48.1687740" lon="6.9198710">
    <ele>599.0</ele>
    <time>2024-04-26T14:09:52Z</time>
   </trkpt>
   <trkpt lat="48.1687530" lon="6.9198470">
    <ele>599.2</ele>
    <time>2024-04-26T14:09:53Z</time>
   </trkpt>
   <trkpt lat="48.1687290" lon="6.9198250">
    <ele>599.4</ele>
    <time>2024-04-26T14:09:54Z</time>
   </trkpt>
   <trkpt lat="48.1687060" lon="6.9198020">
    <ele>599.5</ele>
    <time>2024-04-26T14:09:55Z</time>
   </trkpt>
   <trkpt lat="48.1686840" lon="6.9197790">
    <ele>599.7</ele>
    <time>2024-04-26T14:09:56Z</time>
   </trkpt>
   <trkpt lat="48.1686610" lon="6.9197560">
    <ele>599.9</ele>
    <time>2024-04-26T14:09:57Z</time>
   </trkpt>
   <trkpt lat="48.1686290" lon="6.9197220">
    <ele>600.1</ele>
    <time>2024-04-26T14:09:58Z</time>
   </trkpt>
   <trkpt lat="48.1686180" lon="6.9197110">
    <ele>600.2</ele>
    <time>2024-04-26T14:09:59Z</time>
   </trkpt>
   <trkpt lat="48.1685850" lon="6.9196790">
    <ele>600.4</ele>
    <time>2024-04-26T14:10:00Z</time>
   </trkpt>
   <trkpt lat="48.1685740" lon="6.9196690">
    <ele>600.5</ele>
    <time>2024-04-26T14:10:01Z</time>
   </trkpt>
   <trkpt lat="48.1685410" lon="6.9196390">
    <ele>600.7</ele>
    <time>2024-04-26T14:10:02Z</time>
   </trkpt>
   <trkpt lat="48.1685300" lon="6.9196280">
    <ele>600.8</ele>
    <time>2024-04-26T14:10:03Z</time>
   </trkpt>
   <trkpt lat="48.1684950" lon="6.9195990">
    <ele>601.0</ele>
    <time>2024-04-26T14:10:04Z</time>
   </trkpt>
   <trkpt lat="48.1684830" lon="6.9195890">
    <ele>601.1</ele>
    <time>2024-04-26T14:10:05Z</time>
   </trkpt>
   <trkpt lat="48.1684490" lon="6.9195580">
    <ele>601.3</ele>
    <time>2024-04-26T14:10:06Z</time>
   </trkpt>
   <trkpt lat="48.1684370" lon="6.9195500">
    <ele>601.4</ele>
    <time>2024-04-26T14:10:07Z</time>
   </trkpt>
   <trkpt lat="48.1684040" lon="6.9195160">
    <ele>601.6</ele>
    <time>2024-04-26T14:10:08Z</time>
   </trkpt>
   <trkpt lat="48.1683930" lon="6.9195040">
    <ele>601.7</ele>
    <time>2024-04-26T14:10:09Z</time>
   </trkpt>
   <trkpt lat="48.1683680" lon="6.9194860">
    <ele>601.9</ele>
    <time>2024-04-26T14:10:10Z</time>
   </trkpt>
   <trkpt lat="48.1683440" lon="6.9194680">
    <ele>602.0</ele>
    <time>2024-04-26T14:10:11Z</time>
   </trkpt>
   <trkpt lat="48.1683070" lon="6.9194430">
    <ele>602.2</ele>
    <time>2024-04-26T14:10:12Z</time>
   </trkpt>
   <trkpt lat="48.1682950" lon="6.9194350">
    <ele>602.3</ele>
    <time>2024-04-26T14:10:13Z</time>
   </trkpt>
   <trkpt lat="48.1682580" lon="6.9194100">
    <ele>602.6</ele>
    <time>2024-04-26T14:10:14Z</time>
   </trkpt>
   <trkpt lat="48.1682450" lon="6.9194010">
    <ele>602.7</ele>
    <time>2024-04-26T14:10:15Z</time>
   </trkpt>
   <trkpt lat="48.1682200" lon="6.9193870">
    <ele>602.8</ele>
    <time>2024-04-26T14:10:16Z</time>
   </trkpt>
   <trkpt lat="48.1681940" lon="6.9193720">
    <ele>603.0</ele>
    <time>2024-04-26T14:10:17Z</time>
   </trkpt>
   <trkpt lat="48.1681670" lon="6.9193580">
    <ele>603.2</ele>
    <time>2024-04-26T14:10:18Z</time>
   </trkpt>
   <trkpt lat="48.1681410" lon="6.9193440">
    <ele>603.3</ele>
    <time>2024-04-26T14:10:19Z</time>
   </trkpt>
   <trkpt lat="48.1681150" lon="6.9193300">
    <ele>603.5</ele>
    <time>2024-04-26T14:10:20Z</time>
   </trkpt>
   <trkpt lat="48.1680780" lon="6.9193080">
    <ele>603.7</ele>
    <time>2024-04-26T14:10:21Z</time>
   </trkpt>
   <trkpt lat="48.1680660" lon="6.9193010">
    <ele>603.8</ele>
    <time>2024-04-26T14:10:22Z</time>
   </trkpt>
   <trkpt lat="48.1680400" lon="6.9192890">
    <ele>604.0</ele>
    <time>2024-04-26T14:10:23Z</time>
   </trkpt>
   <trkpt lat="48.1680140" lon="6.9192800">
    <ele>604.1</ele>
    <time>2024-04-26T14:10:24Z</time>
   </trkpt>
   <trkpt lat="48.1679870" lon="6.9192720">
    <ele>604.3</ele>
    <time>2024-04-26T14:10:25Z</time>
   </trkpt>
   <trkpt lat="48.1679600" lon="6.9192620">
    <ele>604.5</ele>
    <time>2024-04-26T14:10:26Z</time>
   </trkpt>
   <trkpt lat="48.1679220" lon="6.9192460">
    <ele>604.7</ele>
    <time>2024-04-26T14:10:27Z</time>
   </trkpt>
   <trkpt lat="48.1679090" lon="6.9192410">
    <ele>604.8</ele>
    <time>2024-04-26T14:10:28Z</time>
   </trkpt>
   <trkpt lat="48.1678700" lon="6.9192270">
    <ele>605.0</ele>
    <time>2024-04-26T14:10:29Z</time>
   </trkpt>
   <trkpt lat="48.1678570" lon="6.9192230">
    <ele>605.1</ele>
    <time>2024-04-26T14:10:30Z</time>
   </trkpt>
   <trkpt lat="48.1678300" lon="6.9192140">
    <ele>605.3</ele>
    <time>2024-04-26T14:10:31Z</time>
   </trkpt>
   <trkpt lat="48.1678030" lon="6.9192060">
    <ele>605.4</ele>
    <time>2024-04-26T14:10:32Z</time>
   </trkpt>
   <trkpt lat="48.1677770" lon="6.9191990">
    <ele>605.6</ele>
    <time>2024-04-26T14:10:33Z</time>
   </trkpt>
   <trkpt lat="48.1677500" lon="6.9191920">
    <ele>605.7</ele>
    <time>2024-04-26T14:10:34Z</time>
   </trkpt>
   <trkpt lat="48.1677100" lon="6.9191850">
    <ele>606.0</ele>
    <time>2024-04-26T14:10:35Z</time>
   </trkpt>
   <trkpt lat="48.1676960" lon="6.9191830">
    <ele>606.1</ele>
    <time>2024-04-26T14:10:36Z</time>
   </trkpt>
   <trkpt lat="48.1676690" lon="6.9191780">
    <ele>606.2</ele>
    <time>2024-04-26T14:10:37Z</time>
   </trkpt>
   <trkpt lat="48.1676410" lon="6.9191740">
    <ele>606.4</ele>
    <time>2024-04-26T14:10:38Z</time>
   </trkpt>
   <trkpt lat="48.1676140" lon="6.9191700">
    <ele>606.5</ele>
    <time>2024-04-26T14:10:39Z</time>
   </trkpt>
   <trkpt lat="48.1675860" lon="6.9191650">
    <ele>606.7</ele>
    <time>2024-04-26T14:10:40Z</time>
   </trkpt>
   <trkpt lat="48.1675590" lon="6.9191670">
    <ele>606.9</ele>
    <time>2024-04-26T14:10:41Z</time>
   </trkpt>
   <trkpt lat="48.1675310" lon="6.9191670">
    <ele>607.0</ele>
    <time>2024-04-26T14:10:42Z</time>
   </trkpt>
   <trkpt lat="48.1675040" lon="6.9191650">
    <ele>607.2</ele>
    <time>2024-04-26T14:10:43Z</time>
   </trkpt>
   <trkpt lat="48.1674750" lon="6.9191660">
    <ele>607.4</ele>
    <time>2024-04-26T14:10:44Z</time>
   </trkpt>
   <trkpt lat="48.1674470" lon="6.9191680">
    <ele>607.5</ele>
    <time>2024-04-26T14:10:45Z</time>
   </trkpt>
   <trkpt lat="48.1674180" lon="6.9191700">
    <ele>607.7</ele>
    <time>2024-04-26T14:10:46Z</time>
   </trkpt>
   <trkpt lat="48.1673900" lon="6.9191720">
    <ele>607.9</ele>
    <time>2024-04-26T14:10:47Z</time>
   </trkpt>
   <trkpt lat="48.1673610" lon="6.9191710">
    <ele>608.0</ele>
    <time>2024-04-26T14:10:48Z</time>
   </trkpt>
   <trkpt lat="48.1673330" lon="6.9191690">
    <ele>608.2</ele>
    <time>2024-04-26T14:10:49Z</time>
   </trkpt>
   <trkpt lat="48.1673050" lon="6.9191710">
    <ele>608.3</ele>
    <time>2024-04-26T14:10:50Z</time>
   </trkpt>
   <trkpt lat="48.1672780" lon="6.9191710">
    <ele>608.5</ele>
    <time>2024-04-26T14:10:51Z</time>
   </trkpt>
   <trkpt lat="48.1672380" lon="6.9191750">
    <ele>608.7</ele>
    <time>2024-04-26T14:10:52Z</time>
   </trkpt>
   <trkpt lat="48.1672250" lon="6.9191750">
    <ele>608.8</ele>
    <time>2024-04-26T14:10:53Z</time>
   </trkpt>
   <trkpt lat="48.1671850" lon="6.9191770">
    <ele>609.0</ele>
    <time>2024-04-26T14:10:54Z</time>
   </trkpt>
   <trkpt lat="48.1671710" lon="6.9191780">
    <ele>609.1</ele>
    <time>2024-04-26T14:10:55Z</time>
   </trkpt>
   <trkpt lat="48.1671440" lon="6.9191760">
    <ele>609.2</ele>
    <time>2024-04-26T14:10:56Z</time>
   </trkpt>
   <trkpt lat="48.1671050" lon="6.9191760">
    <ele>609.4</ele>
    <time>2024-04-26T14:10:57Z</time>
   </trkpt>
   <trkpt lat="48.1670920" lon="6.9191770">
    <ele>609.5</ele>
    <time>2024-04-26T14:10:58Z</time>
   </trkpt>
   <trkpt lat="48.1670640" lon="6.9191780">
    <ele>609.6</ele>
    <time>2024-04-26T14:10:59Z</time>
   </trkpt>
   <trkpt lat="48.1670370" lon="6.9191790">
    <ele>609.8</ele>
    <time>2024-04-26T14:11:00Z</time>
   </trkpt>
   <trkpt lat="48.1670100" lon="6.9191780">
    <ele>609.9</ele>
    <time>2024-04-26T14:11:01Z</time>
   </trkpt>
   <trkpt lat="48.1669830" lon="6.9191770">
    <ele>610.0</ele>
    <time>2024-04-26T14:11:02Z</time>
   </trkpt>
   <trkpt lat="48.1669550" lon="6.9191790">
    <ele>610.2</ele>
    <time>2024-04-26T14:11:03Z</time>
   </trkpt>
   <trkpt lat="48.1669270" lon="6.9191810">
    <ele>610.3</ele>
    <time>2024-04-26T14:11:04Z</time>
   </trkpt>
   <trkpt lat="48.1669000" lon="6.9191840">
    <ele>610.5</ele>
    <time>2024-04-26T14:11:05Z</time>
   </trkpt>
   <trkpt lat="48.1668730" lon="6.9191860">
    <ele>610.6</ele>
    <time>2024-04-26T14:11:06Z</time>
   </trkpt>
   <trkpt lat="48.1668460" lon="6.9191880">
    <ele>610.8</ele>
    <time>2024-04-26T14:11:07Z</time>
   </trkpt>
   <trkpt lat="48.1668180" lon="6.9191880">
    <ele>610.9</ele>
    <time>2024-04-26T14:11:08Z</time>
   </trkpt>
   <trkpt lat="48.1667890" lon="6.9191900">
    <ele>611.0</ele>
    <time>2024-04-26T14:11:09Z</time>
   </trkpt>
   <trkpt lat="48.1667610" lon="6.9191900">
    <ele>611.2</ele>
    <time>2024-04-26T14:11:10Z</time>
   </trkpt>
   <trkpt lat="48.1667330" lon="6.9191910">
    <ele>611.3</ele>
    <time>2024-04-26T14:11:11Z</time>
   </trkpt>
   <trkpt lat="48.1667060" lon="6.9191910">
    <ele>611.5</ele>
    <time>2024-04-26T14:11:12Z</time>
   </trkpt>
   <trkpt lat="48.1666790" lon="6.9191900">
    <ele>611.6</ele>
    <time>2024-04-26T14:11:13Z</time>
   </trkpt>
   <trkpt lat="48.1666520" lon="6.9191900">
    <ele>611.7</ele>
    <time>2024-04-26T14:11:14Z</time>
   </trkpt>
   <trkpt lat="48.1666110" lon="6.9191850">
    <ele>612.0</ele>
    <time>2024-04-26T14:11:15Z</time>
   </trkpt>
   <trkpt lat="48.1665980" lon="6.9191830">
    <ele>612.0</ele>
    <time>2024-04-26T14:11:16Z</time>
   </trkpt>
   <trkpt lat="48.1665710" lon="6.9191770">
    <ele>612.2</ele>
    <time>2024-04-26T14:11:17Z</time>
   </trkpt>
   <trkpt lat="48.1665440" lon="6.9191710">
    <ele>612.3</ele>
    <time>2024-04-26T14:11:18Z</time>
   </trkpt>
   <trkpt lat="48.1665160" lon="6.9191660">
    <ele>612.4</ele>
    <time>2024-04-26T14:11:19Z</time>
   </trkpt>
   <trkpt lat="48.1664890" lon="6.9191610">
    <ele>612.6</ele>
    <time>2024-04-26T14:11:20Z</time>
   </trkpt>
   <trkpt lat="48.1664610" lon="6.9191550">
    <ele>612.7</ele>
    <time>2024-04-26T14:11:21Z</time>
   </trkpt>
   <trkpt lat="48.1664340" lon="6.9191480">
    <ele>612.9</ele>
    <time>2024-04-26T14:11:22Z</time>
   </trkpt>
   <trkpt lat="48.1664060" lon="6.9191410">
    <ele>613.1</ele>
    <time>2024-04-26T14:11:23Z</time>
   </trkpt>
   <trkpt lat="48.1663790" lon="6.9191360">
    <ele>613.2</ele>
    <time>2024-04-26T14:11:24Z</time>
   </trkpt>
   <trkpt lat="48.1663510" lon="6.9191300">
    <ele>613.4</ele>
    <time>2024-04-26T14:11:25Z</time>
   </trkpt>
   <trkpt lat="48.1663230" lon="6.9191230">
    <ele>613.6</ele>
    <time>2024-04-26T14:11:26Z</time>
   </trkpt>
   <trkpt lat="48.1662950" lon="6.9191170">
    <ele>613.8</ele>
    <time>2024-04-26T14:11:27Z</time>
   </trkpt>
   <trkpt lat="48.1662680" lon="6.9191120">
    <ele>613.9</ele>
    <time>2024-04-26T14:11:28Z</time>
   </trkpt>
   <trkpt lat="48.1662410" lon="6.9191100">
    <ele>614.1</ele>
    <time>2024-04-26T14:11:29Z</time>
   </trkpt>
   <trkpt lat="48.1662140" lon="6.9191060">
    <ele>614.2</ele>
    <time>2024-04-26T14:11:30Z</time>
   </trkpt>
   <trkpt lat="48.1661870" lon="6.9190980">
    <ele>614.3</ele>
    <time>2024-04-26T14:11:31Z</time>
   </trkpt>
   <trkpt lat="48.1661610" lon="6.9190870">
    <ele>614.3</ele>
    <time>2024-04-26T14:11:32Z</time>
   </trkpt>
   <trkpt lat="48.1661340" lon="6.9190780">
    <ele>614.3</ele>
    <time>2024-04-26T14:11:33Z</time>
   </trkpt>
   <trkpt lat="48.1661070" lon="6.9190650">
    <ele>614.4</ele>
    <time>2024-04-26T14:11:34Z</time>
   </trkpt>
   <trkpt lat="48.1660710" lon="6.9190430">
    <ele>614.7</ele>
    <time>2024-04-26T14:11:35Z</time>
   </trkpt>
   <trkpt lat="48.1660590" lon="6.9190350">
    <ele>614.7</ele>
    <time>2024-04-26T14:11:36Z</time>
   </trkpt>
   <trkpt lat="48.1660230" lon="6.9190180">
    <ele>615.0</ele>
    <time>2024-04-26T14:11:37Z</time>
   </trkpt>
   <trkpt lat="48.1660100" lon="6.9190130">
    <ele>615.1</ele>
    <time>2024-04-26T14:11:38Z</time>
   </trkpt>
   <trkpt lat="48.1659720" lon="6.9189960">
    <ele>615.3</ele>
    <time>2024-04-26T14:11:39Z</time>
   </trkpt>
   <trkpt lat="48.1659590" lon="6.9189900">
    <ele>615.4</ele>
    <time>2024-04-26T14:11:40Z</time>
   </trkpt>
   <trkpt lat="48.1659210" lon="6.9189700">
    <ele>615.7</ele>
    <time>2024-04-26T14:11:41Z</time>
   </trkpt>
   <trkpt lat="48.1659090" lon="6.9189640">
    <ele>615.7</ele>
    <time>2024-04-26T14:11:42Z</time>
   </trkpt>
   <trkpt lat="48.1658830" lon="6.9189500">
    <ele>615.9</ele>
    <time>2024-04-26T14:11:43Z</time>
   </trkpt>
   <trkpt lat="48.1658470" lon="6.9189260">
    <ele>616.2</ele>
    <time>2024-04-26T14:11:44Z</time>
   </trkpt>
   <trkpt lat="48.1658350" lon="6.9189180">
    <ele>616.3</ele>
    <time>2024-04-26T14:11:45Z</time>
   </trkpt>
   <trkpt lat="48.1657990" lon="6.9189000">
    <ele>616.5</ele>
    <time>2024-04-26T14:11:46Z</time>
   </trkpt>
   <trkpt lat="48.1657860" lon="6.9188930">
    <ele>616.6</ele>
    <time>2024-04-26T14:11:47Z</time>
   </trkpt>
   <trkpt lat="48.1657490" lon="6.9188730">
    <ele>616.9</ele>
    <time>2024-04-26T14:11:48Z</time>
   </trkpt>
   <trkpt lat="48.1657360" lon="6.9188650">
    <ele>617.0</ele>
    <time>2024-04-26T14:11:49Z</time>
   </trkpt>
   <trkpt lat="48.1657110" lon="6.9188490">
    <ele>617.2</ele>
    <time>2024-04-26T14:11:50Z</time>
   </trkpt>
   <trkpt lat="48.1656730" lon="6.9188300">
    <ele>617.5</ele>
    <time>2024-04-26T14:11:51Z</time>
   </trkpt>
   <trkpt lat="48.1656600" lon="6.9188230">
    <ele>617.5</ele>
    <time>2024-04-26T14:11:52Z</time>
   </trkpt>
   <trkpt lat="48.1656220" lon="6.9188030">
    <ele>617.8</ele>
    <time>2024-04-26T14:11:53Z</time>
   </trkpt>
   <trkpt lat="48.1656090" lon="6.9187960">
    <ele>617.9</ele>
    <time>2024-04-26T14:11:54Z</time>
   </trkpt>
   <trkpt lat="48.1655840" lon="6.9187820">
    <ele>618.1</ele>
    <time>2024-04-26T14:11:55Z</time>
   </trkpt>
   <trkpt lat="48.1655470" lon="6.9187610">
    <ele>618.4</ele>
    <time>2024-04-26T14:11:56Z</time>
   </trkpt>
   <trkpt lat="48.1655350" lon="6.9187540">
    <ele>618.5</ele>
    <time>2024-04-26T14:11:57Z</time>
   </trkpt>
   <trkpt lat="48.1654990" lon="6.9187300">
    <ele>618.7</ele>
    <time>2024-04-26T14:11:58Z</time>
   </trkpt>
   <trkpt lat="48.1654870" lon="6.9187220">
    <ele>618.8</ele>
    <time>2024-04-26T14:11:59Z</time>
   </trkpt>
   <trkpt lat="48.1654510" lon="6.9187010">
    <ele>619.1</ele>
    <time>2024-04-26T14:12:00Z</time>
   </trkpt>
   <trkpt lat="48.1654390" lon="6.9186930">
    <ele>619.2</ele>
    <time>2024-04-26T14:12:01Z</time>
   </trkpt>
   <trkpt lat="48.1654050" lon="6.9186740">
    <ele>619.4</ele>
    <time>2024-04-26T14:12:02Z</time>
   </trkpt>
   <trkpt lat="48.1653930" lon="6.9186690">
    <ele>619.5</ele>
    <time>2024-04-26T14:12:03Z</time>
   </trkpt>
   <trkpt lat="48.1653590" lon="6.9186470">
    <ele>619.8</ele>
    <time>2024-04-26T14:12:04Z</time>
   </trkpt>
   <trkpt lat="48.1653480" lon="6.9186400">
    <ele>619.8</ele>
    <time>2024-04-26T14:12:05Z</time>
   </trkpt>
   <trkpt lat="48.1653140" lon="6.9186200">
    <ele>620.1</ele>
    <time>2024-04-26T14:12:06Z</time>
   </trkpt>
   <trkpt lat="48.1653020" lon="6.9186140">
    <ele>620.1</ele>
    <time>2024-04-26T14:12:07Z</time>
   </trkpt>
   <trkpt lat="48.1652680" lon="6.9186000">
    <ele>620.4</ele>
    <time>2024-04-26T14:12:08Z</time>
   </trkpt>
   <trkpt lat="48.1652560" lon="6.9185960">
    <ele>620.4</ele>
    <time>2024-04-26T14:12:09Z</time>
   </trkpt>
   <trkpt lat="48.1652210" lon="6.9185790">
    <ele>620.7</ele>
    <time>2024-04-26T14:12:10Z</time>
   </trkpt>
   <trkpt lat="48.1652100" lon="6.9185740">
    <ele>620.7</ele>
    <time>2024-04-26T14:12:11Z</time>
   </trkpt>
   <trkpt lat="48.1651760" lon="6.9185550">
    <ele>621.0</ele>
    <time>2024-04-26T14:12:12Z</time>
   </trkpt>
   <trkpt lat="48.1651650" lon="6.9185490">
    <ele>621.0</ele>
    <time>2024-04-26T14:12:13Z</time>
   </trkpt>
   <trkpt lat="48.1651300" lon="6.9185330">
    <ele>621.3</ele>
    <time>2024-04-26T14:12:14Z</time>
   </trkpt>
   <trkpt lat="48.1651190" lon="6.9185270">
    <ele>621.3</ele>
    <time>2024-04-26T14:12:15Z</time>
   </trkpt>
   <trkpt lat="48.1650860" lon="6.9185100">
    <ele>621.6</ele>
    <time>2024-04-26T14:12:16Z</time>
   </trkpt>
   <trkpt lat="48.1650750" lon="6.9185040">
    <ele>621.6</ele>
    <time>2024-04-26T14:12:17Z</time>
   </trkpt>
   <trkpt lat="48.1650420" lon="6.9184830">
    <ele>621.9</ele>
    <time>2024-04-26T14:12:18Z</time>
   </trkpt>
   <trkpt lat="48.1650310" lon="6.9184760">
    <ele>622.0</ele>
    <time>2024-04-26T14:12:19Z</time>
   </trkpt>
   <trkpt lat="48.1649960" lon="6.9184580">
    <ele>622.2</ele>
    <time>2024-04-26T14:12:20Z</time>
   </trkpt>
   <trkpt lat="48.1649850" lon="6.9184520">
    <ele>622.3</ele>
    <time>2024-04-26T14:12:21Z</time>
   </trkpt>
   <trkpt lat="48.1649520" lon="6.9184290">
    <ele>622.5</ele>
    <time>2024-04-26T14:12:22Z</time>
   </trkpt>
   <trkpt lat="48.1649410" lon="6.9184210">
    <ele>622.6</ele>
    <time>2024-04-26T14:12:23Z</time>
   </trkpt>
   <trkpt lat="48.1649060" lon="6.9184020">
    <ele>622.9</ele>
    <time>2024-04-26T14:12:24Z</time>
   </trkpt>
   <trkpt lat="48.1648950" lon="6.9183950">
    <ele>623.0</ele>
    <time>2024-04-26T14:12:25Z</time>
   </trkpt>
   <trkpt lat="48.1648600" lon="6.9183760">
    <ele>623.2</ele>
    <time>2024-04-26T14:12:26Z</time>
   </trkpt>
   <trkpt lat="48.1648490" lon="6.9183710">
    <ele>623.3</ele>
    <time>2024-04-26T14:12:27Z</time>
   </trkpt>
   <trkpt lat="48.1648150" lon="6.9183500">
    <ele>623.6</ele>
    <time>2024-04-26T14:12:28Z</time>
   </trkpt>
   <trkpt lat="48.1648040" lon="6.9183430">
    <ele>623.7</ele>
    <time>2024-04-26T14:12:29Z</time>
   </trkpt>
   <trkpt lat="48.1647700" lon="6.9183250">
    <ele>624.0</ele>
    <time>2024-04-26T14:12:30Z</time>
   </trkpt>
   <trkpt lat="48.1647580" lon="6.9183180">
    <ele>624.0</ele>
    <time>2024-04-26T14:12:31Z</time>
   </trkpt>
   <trkpt lat="48.1647240" lon="6.9182990">
    <ele>624.3</ele>
    <time>2024-04-26T14:12:32Z</time>
   </trkpt>
   <trkpt lat="48.1647120" lon="6.9182930">
    <ele>624.4</ele>
    <time>2024-04-26T14:12:33Z</time>
   </trkpt>
   <trkpt lat="48.1646760" lon="6.9182750">
    <ele>624.7</ele>
    <time>2024-04-26T14:12:34Z</time>
   </trkpt>
   <trkpt lat="48.1646640" lon="6.9182690">
    <ele>624.8</ele>
    <time>2024-04-26T14:12:35Z</time>
   </trkpt>
   <trkpt lat="48.1646300" lon="6.9182460">
    <ele>625.0</ele>
    <time>2024-04-26T14:12:36Z</time>
   </trkpt>
   <trkpt lat="48.1646180" lon="6.9182390">
    <ele>625.1</ele>
    <time>2024-04-26T14:12:37Z</time>
   </trkpt>
   <trkpt lat="48.1645820" lon="6.9182210">
    <ele>625.3</ele>
    <time>2024-04-26T14:12:38Z</time>
   </trkpt>
   <trkpt lat="48.1645700" lon="6.9182140">
    <ele>625.4</ele>
    <time>2024-04-26T14:12:39Z</time>
   </trkpt>
   <trkpt lat="48.1645330" lon="6.9181900">
    <ele>625.7</ele>
    <time>2024-04-26T14:12:40Z</time>
   </trkpt>
   <trkpt lat="48.1645210" lon="6.9181820">
    <ele>625.8</ele>
    <time>2024-04-26T14:12:41Z</time>
   </trkpt>
   <trkpt lat="48.1644960" lon="6.9181680">
    <ele>625.9</ele>
    <time>2024-04-26T14:12:42Z</time>
   </trkpt>
   <trkpt lat="48.1644700" lon="6.9181530">
    <ele>626.1</ele>
    <time>2024-04-26T14:12:43Z</time>
   </trkpt>
   <trkpt lat="48.1644450" lon="6.9181400">
    <ele>626.2</ele>
    <time>2024-04-26T14:12:44Z</time>
   </trkpt>
   <trkpt lat="48.1644080" lon="6.9181170">
    <ele>626.5</ele>
    <time>2024-04-26T14:12:45Z</time>
   </trkpt>
   <trkpt lat="48.1643950" lon="6.9181100">
    <ele>626.6</ele>
    <time>2024-04-26T14:12:46Z</time>
   </trkpt>
   <trkpt lat="48.1643690" lon="6.9180970">
    <ele>626.7</ele>
    <time>2024-04-26T14:12:47Z</time>
   </trkpt>
   <trkpt lat="48.1643320" lon="6.9180770">
    <ele>626.9</ele>
    <time>2024-04-26T14:12:48Z</time>
   </trkpt>
   <trkpt lat="48.1643190" lon="6.9180690">
    <ele>627.0</ele>
    <time>2024-04-26T14:12:49Z</time>
   </trkpt>
   <trkpt lat="48.1642810" lon="6.9180530">
    <ele>627.2</ele>
    <time>2024-04-26T14:12:50Z</time>
   </trkpt>
   <trkpt lat="48.1642680" lon="6.9180490">
    <ele>627.3</ele>
    <time>2024-04-26T14:12:51Z</time>
   </trkpt>
   <trkpt lat="48.1642430" lon="6.9180330">
    <ele>627.4</ele>
    <time>2024-04-26T14:12:52Z</time>
   </trkpt>
   <trkpt lat="48.1642170" lon="6.9180170">
    <ele>627.5</ele>
    <time>2024-04-26T14:12:53Z</time>
   </trkpt>
   <trkpt lat="48.1641920" lon="6.9179980">
    <ele>627.7</ele>
    <time>2024-04-26T14:12:54Z</time>
   </trkpt>
   <trkpt lat="48.1641650" lon="6.9179820">
    <ele>627.8</ele>
    <time>2024-04-26T14:12:55Z</time>
   </trkpt>
   <trkpt lat="48.1641370" lon="6.9179650">
    <ele>627.9</ele>
    <time>2024-04-26T14:12:56Z</time>
   </trkpt>
   <trkpt lat="48.1641090" lon="6.9179470">
    <ele>628.1</ele>
    <time>2024-04-26T14:12:57Z</time>
   </trkpt>
   <trkpt lat="48.1640800" lon="6.9179300">
    <ele>628.2</ele>
    <time>2024-04-26T14:12:58Z</time>
   </trkpt>
   <trkpt lat="48.1640520" lon="6.9179100">
    <ele>628.4</ele>
    <time>2024-04-26T14:12:59Z</time>
   </trkpt>
   <trkpt lat="48.1640230" lon="6.9178930">
    <ele>628.5</ele>
    <time>2024-04-26T14:13:00Z</time>
   </trkpt>
   <trkpt lat="48.1639930" lon="6.9178780">
    <ele>628.6</ele>
    <time>2024-04-26T14:13:01Z</time>
   </trkpt>
   <trkpt lat="48.1639630" lon="6.9178630">
    <ele>628.7</ele>
    <time>2024-04-26T14:13:02Z</time>
   </trkpt>
   <trkpt lat="48.1639340" lon="6.9178440">
    <ele>628.8</ele>
    <time>2024-04-26T14:13:03Z</time>
   </trkpt>
   <trkpt lat="48.1639040" lon="6.9178270">
    <ele>629.0</ele>
    <time>2024-04-26T14:13:04Z</time>
   </trkpt>
   <trkpt lat="48.1638740" lon="6.9178120">
    <ele>629.1</ele>
    <time>2024-04-26T14:13:05Z</time>
   </trkpt>
   <trkpt lat="48.1638440" lon="6.9177940">
    <ele>629.2</ele>
    <time>2024-04-26T14:13:06Z</time>
   </trkpt>
   <trkpt lat="48.1638140" lon="6.9177730">
    <ele>629.2</ele>
    <time>2024-04-26T14:13:07Z</time>
   </trkpt>
   <trkpt lat="48.1637830" lon="6.9177490">
    <ele>629.3</ele>
    <time>2024-04-26T14:13:08Z</time>
   </trkpt>
   <trkpt lat="48.1637500" lon="6.9177300">
    <ele>629.4</ele>
    <time>2024-04-26T14:13:09Z</time>
   </trkpt>
   <trkpt lat="48.1637170" lon="6.9177130">
    <ele>629.5</ele>
    <time>2024-04-26T14:13:10Z</time>
   </trkpt>
   <trkpt lat="48.1636820" lon="6.9176960">
    <ele>629.6</ele>
    <time>2024-04-26T14:13:11Z</time>
   </trkpt>
   <trkpt lat="48.1636480" lon="6.9176760">
    <ele>629.6</ele>
    <time>2024-04-26T14:13:12Z</time>
   </trkpt>
   <trkpt lat="48.1636130" lon="6.9176550">
    <ele>629.7</ele>
    <time>2024-04-26T14:13:13Z</time>
   </trkpt>
   <trkpt lat="48.1635790" lon="6.9176360">
    <ele>629.8</ele>
    <time>2024-04-26T14:13:14Z</time>
   </trkpt>
   <trkpt lat="48.1635440" lon="6.9176160">
    <ele>629.9</ele>
    <time>2024-04-26T14:13:15Z</time>
   </trkpt>
   <trkpt lat="48.1635080" lon="6.9175940">
    <ele>629.9</ele>
    <time>2024-04-26T14:13:16Z</time>
   </trkpt>
   <trkpt lat="48.1634710" lon="6.9175730">
    <ele>630.0</ele>
    <time>2024-04-26T14:13:17Z</time>
   </trkpt>
   <trkpt lat="48.1634320" lon="6.9175530">
    <ele>630.0</ele>
    <time>2024-04-26T14:13:18Z</time>
   </trkpt>
   <trkpt lat="48.1633920" lon="6.9175310">
    <ele>630.1</ele>
    <time>2024-04-26T14:13:19Z</time>
   </trkpt>
   <trkpt lat="48.1633530" lon="6.9175080">
    <ele>630.1</ele>
    <time>2024-04-26T14:13:20Z</time>
   </trkpt>
   <trkpt lat="48.1633120" lon="6.9174840">
    <ele>630.2</ele>
    <time>2024-04-26T14:13:21Z</time>
   </trkpt>
   <trkpt lat="48.1632670" lon="6.9174610">
    <ele>630.2</ele>
    <time>2024-04-26T14:13:22Z</time>
   </trkpt>
   <trkpt lat="48.1632230" lon="6.9174380">
    <ele>630.3</ele>
    <time>2024-04-26T14:13:23Z</time>
   </trkpt>
   <trkpt lat="48.1631780" lon="6.9174160">
    <ele>630.3</ele>
    <time>2024-04-26T14:13:24Z</time>
   </trkpt>
   <trkpt lat="48.1631340" lon="6.9173960">
    <ele>630.3</ele>
    <time>2024-04-26T14:13:25Z</time>
   </trkpt>
   <trkpt lat="48.1630870" lon="6.9173800">
    <ele>630.4</ele>
    <time>2024-04-26T14:13:26Z</time>
   </trkpt>
   <trkpt lat="48.1630400" lon="6.9173670">
    <ele>630.4</ele>
    <time>2024-04-26T14:13:27Z</time>
   </trkpt>
   <trkpt lat="48.1629920" lon="6.9173540">
    <ele>630.4</ele>
    <time>2024-04-26T14:13:28Z</time>
   </trkpt>
   <trkpt lat="48.1629450" lon="6.9173410">
    <ele>630.4</ele>
    <time>2024-04-26T14:13:29Z</time>
   </trkpt>
   <trkpt lat="48.1628960" lon="6.9173300">
    <ele>630.4</ele>
    <time>2024-04-26T14:13:30Z</time>
   </trkpt>
   <trkpt lat="48.1628470" lon="6.9173210">
    <ele>630.4</ele>
    <time>2024-04-26T14:13:31Z</time>
   </trkpt>
   <trkpt lat="48.1627990" lon="6.9173060">
    <ele>630.5</ele>
    <time>2024-04-26T14:13:32Z</time>
   </trkpt>
   <trkpt lat="48.1627490" lon="6.9172960">
    <ele>630.5</ele>
    <time>2024-04-26T14:13:33Z</time>
   </trkpt>
   <trkpt lat="48.1626990" lon="6.9172900">
    <ele>630.6</ele>
    <time>2024-04-26T14:13:34Z</time>
   </trkpt>
   <trkpt lat="48.1626490" lon="6.9172810">
    <ele>630.6</ele>
    <time>2024-04-26T14:13:35Z</time>
   </trkpt>
   <trkpt lat="48.1625970" lon="6.9172760">
    <ele>630.7</ele>
    <time>2024-04-26T14:13:36Z</time>
   </trkpt>
   <trkpt lat="48.1625470" lon="6.9172720">
    <ele>630.7</ele>
    <time>2024-04-26T14:13:37Z</time>
   </trkpt>
   <trkpt lat="48.1624960" lon="6.9172690">
    <ele>630.8</ele>
    <time>2024-04-26T14:13:38Z</time>
   </trkpt>
   <trkpt lat="48.1624450" lon="6.9172660">
    <ele>630.9</ele>
    <time>2024-04-26T14:13:39Z</time>
   </trkpt>
   <trkpt lat="48.1623930" lon="6.9172640">
    <ele>630.9</ele>
    <time>2024-04-26T14:13:40Z</time>
   </trkpt>
   <trkpt lat="48.1623420" lon="6.9172620">
    <ele>631.0</ele>
    <time>2024-04-26T14:13:41Z</time>
   </trkpt>
   <trkpt lat="48.1622900" lon="6.9172600">
    <ele>631.0</ele>
    <time>2024-04-26T14:13:42Z</time>
   </trkpt>
   <trkpt lat="48.1622360" lon="6.9172570">
    <ele>631.1</ele>
    <time>2024-04-26T14:13:43Z</time>
   </trkpt>
   <trkpt lat="48.1621840" lon="6.9172540">
    <ele>631.2</ele>
    <time>2024-04-26T14:13:44Z</time>
   </trkpt>
   <trkpt lat="48.1621320" lon="6.9172550">
    <ele>631.3</ele>
    <time>2024-04-26T14:13:45Z</time>
   </trkpt>
   <trkpt lat="48.1620800" lon="6.9172540">
    <ele>631.4</ele>
    <time>2024-04-26T14:13:46Z</time>
   </trkpt>
   <trkpt lat="48.1620290" lon="6.9172550">
    <ele>631.5</ele>
    <time>2024-04-26T14:13:47Z</time>
   </trkpt>
   <trkpt lat="48.1619770" lon="6.9172550">
    <ele>631.5</ele>
    <time>2024-04-26T14:13:48Z</time>
   </trkpt>
   <trkpt lat="48.1619250" lon="6.9172540">
    <ele>631.6</ele>
    <time>2024-04-26T14:13:49Z</time>
   </trkpt>
   <trkpt lat="48.1618760" lon="6.9172530">
    <ele>631.7</ele>
    <time>2024-04-26T14:13:50Z</time>
   </trkpt>
   <trkpt lat="48.1618250" lon="6.9172560">
    <ele>631.9</ele>
    <time>2024-04-26T14:13:51Z</time>
   </trkpt>
   <trkpt lat="48.1617760" lon="6.9172540">
    <ele>632.0</ele>
    <time>2024-04-26T14:13:52Z</time>
   </trkpt>
   <trkpt lat="48.1617280" lon="6.9172540">
    <ele>632.1</ele>
    <time>2024-04-26T14:13:53Z</time>
   </trkpt>
   <trkpt lat="48.1616810" lon="6.9172580">
    <ele>632.2</ele>
    <time>2024-04-26T14:13:54Z</time>
   </trkpt>
   <trkpt lat="48.1616360" lon="6.9172600">
    <ele>632.3</ele>
    <time>2024-04-26T14:13:55Z</time>
   </trkpt>
   <trkpt lat="48.1615890" lon="6.9172630">
    <ele>632.5</ele>
    <time>2024-04-26T14:13:56Z</time>
   </trkpt>
   <trkpt lat="48.1615440" lon="6.9172650">
    <ele>632.6</ele>
    <time>2024-04-26T14:13:57Z</time>
   </trkpt>
   <trkpt lat="48.1615000" lon="6.9172710">
    <ele>632.7</ele>
    <time>2024-04-26T14:13:58Z</time>
   </trkpt>
   <trkpt lat="48.1614570" lon="6.9172740">
    <ele>632.9</ele>
    <time>2024-04-26T14:13:59Z</time>
   </trkpt>
   <trkpt lat="48.1614130" lon="6.9172780">
    <ele>633.0</ele>
    <time>2024-04-26T14:14:00Z</time>
   </trkpt>
   <trkpt lat="48.1613710" lon="6.9172830">
    <ele>633.1</ele>
    <time>2024-04-26T14:14:01Z</time>
   </trkpt>
   <trkpt lat="48.1613280" lon="6.9172950">
    <ele>633.3</ele>
    <time>2024-04-26T14:14:02Z</time>
   </trkpt>
   <trkpt lat="48.1612870" lon="6.9173080">
    <ele>633.4</ele>
    <time>2024-04-26T14:14:03Z</time>
   </trkpt>
   <trkpt lat="48.1612480" lon="6.9173220">
    <ele>633.6</ele>
    <time>2024-04-26T14:14:04Z</time>
   </trkpt>
   <trkpt lat="48.1612070" lon="6.9173380">
    <ele>633.8</ele>
    <time>2024-04-26T14:14:05Z</time>
   </trkpt>
   <trkpt lat="48.1611670" lon="6.9173550">
    <ele>634.0</ele>
    <time>2024-04-26T14:14:06Z</time>
   </trkpt>
   <trkpt lat="48.1611270" lon="6.9173720">
    <ele>634.1</ele>
    <time>2024-04-26T14:14:07Z</time>
   </trkpt>
   <trkpt lat="48.1610880" lon="6.9173900">
    <ele>634.3</ele>
    <time>2024-04-26T14:14:08Z</time>
   </trkpt>
   <trkpt lat="48.1610490" lon="6.9174070">
    <ele>634.5</ele>
    <time>2024-04-26T14:14:09Z</time>
   </trkpt>
   <trkpt lat="48.1610110" lon="6.9174270">
    <ele>634.6</ele>
    <time>2024-04-26T14:14:10Z</time>
   </trkpt>
   <trkpt lat="48.1609730" lon="6.9174470">
    <ele>634.8</ele>
    <time>2024-04-26T14:14:11Z</time>
   </trkpt>
   <trkpt lat="48.1609350" lon="6.9174680">
    <ele>634.9</ele>
    <time>2024-04-26T14:14:12Z</time>
   </trkpt>
   <trkpt lat="48.1608970" lon="6.9174950">
    <ele>635.1</ele>
    <time>2024-04-26T14:14:13Z</time>
   </trkpt>
   <trkpt lat="48.1608590" lon="6.9175220">
    <ele>635.2</ele>
    <time>2024-04-26T14:14:14Z</time>
   </trkpt>
   <trkpt lat="48.1608210" lon="6.9175490">
    <ele>635.4</ele>
    <time>2024-04-26T14:14:15Z</time>
   </trkpt>
   <trkpt lat="48.1607830" lon="6.9175770">
    <ele>635.6</ele>
    <time>2024-04-26T14:14:16Z</time>
   </trkpt>
   <trkpt lat="48.1607470" lon="6.9176080">
    <ele>635.7</ele>
    <time>2024-04-26T14:14:17Z</time>
   </trkpt>
   <trkpt lat="48.1607120" lon="6.9176400">
    <ele>635.8</ele>
    <time>2024-04-26T14:14:18Z</time>
   </trkpt>
   <trkpt lat="48.1606770" lon="6.9176710">
    <ele>636.0</ele>
    <time>2024-04-26T14:14:19Z</time>
   </trkpt>
   <trkpt lat="48.1606420" lon="6.9177030">
    <ele>636.1</ele>
    <time>2024-04-26T14:14:20Z</time>
   </trkpt>
   <trkpt lat="48.1606080" lon="6.9177360">
    <ele>636.2</ele>
    <time>2024-04-26T14:14:21Z</time>
   </trkpt>
   <trkpt lat="48.1605750" lon="6.9177700">
    <ele>636.4</ele>
    <time>2024-04-26T14:14:22Z</time>
   </trkpt>
   <trkpt lat="48.1605440" lon="6.9178080">
    <ele>636.5</ele>
    <time>2024-04-26T14:14:23Z</time>
   </trkpt>
   <trkpt lat="48.1605130" lon="6.9178470">
    <ele>636.6</ele>
    <time>2024-04-26T14:14:24Z</time>
   </trkpt>
   <trkpt lat="48.1604790" lon="6.9178830">
    <ele>636.7</ele>
    <time>2024-04-26T14:14:25Z</time>
   </trkpt>
   <trkpt lat="48.1604470" lon="6.9179240">
    <ele>636.8</ele>
    <time>2024-04-26T14:14:26Z</time>
   </trkpt>
   <trkpt lat="48.1604160" lon="6.9179680">
    <ele>636.9</ele>
    <time>2024-04-26T14:14:27Z</time>
   </trkpt>
   <trkpt lat="48.1603860" lon="6.9180130">
    <ele>637.1</ele>
    <time>2024-04-26T14:14:28Z</time>
   </trkpt>
   <trkpt lat="48.1603560" lon="6.9180590">
    <ele>637.2</ele>
    <time>2024-04-26T14:14:29Z</time>
   </trkpt>
   <trkpt lat="48.1603280" lon="6.9181070">
    <ele>637.3</ele>
    <time>2024-04-26T14:14:30Z</time>
   </trkpt>
   <trkpt lat="48.1602990" lon="6.9181570">
    <ele>637.4</ele>
    <time>2024-04-26T14:14:31Z</time>
   </trkpt>
   <trkpt lat="48.1602690" lon="6.9182060">
    <ele>637.5</ele>
    <time>2024-04-26T14:14:32Z</time>
   </trkpt>
   <trkpt lat="48.1602390" lon="6.9182580">
    <ele>637.6</ele>
    <time>2024-04-26T14:14:33Z</time>
   </trkpt>
   <trkpt lat="48.1602110" lon="6.9183150">
    <ele>637.7</ele>
    <time>2024-04-26T14:14:34Z</time>
   </trkpt>
   <trkpt lat="48.1601840" lon="6.9183680">
    <ele>637.8</ele>
    <time>2024-04-26T14:14:35Z</time>
   </trkpt>
   <trkpt lat="48.1601560" lon="6.9184220">
    <ele>637.9</ele>
    <time>2024-04-26T14:14:36Z</time>
   </trkpt>
   <trkpt lat="48.1601310" lon="6.9184810">
    <ele>637.9</ele>
    <time>2024-04-26T14:14:37Z</time>
   </trkpt>
   <trkpt lat="48.1601060" lon="6.9185410">
    <ele>638.0</ele>
    <time>2024-04-26T14:14:38Z</time>
   </trkpt>
   <trkpt lat="48.1600810" lon="6.9186020">
    <ele>638.0</ele>
    <time>2024-04-26T14:14:39Z</time>
   </trkpt>
   <trkpt lat="48.1600560" lon="6.9186600">
    <ele>638.1</ele>
    <time>2024-04-26T14:14:40Z</time>
   </trkpt>
   <trkpt lat="48.1600320" lon="6.9187210">
    <ele>638.1</ele>
    <time>2024-04-26T14:14:41Z</time>
   </trkpt>
   <trkpt lat="48.1600110" lon="6.9187840">
    <ele>638.2</ele>
    <time>2024-04-26T14:14:42Z</time>
   </trkpt>
   <trkpt lat="48.1599880" lon="6.9188450">
    <ele>638.3</ele>
    <time>2024-04-26T14:14:43Z</time>
   </trkpt>
   <trkpt lat="48.1599650" lon="6.9189060">
    <ele>638.4</ele>
    <time>2024-04-26T14:14:44Z</time>
   </trkpt>
   <trkpt lat="48.1599430" lon="6.9189670">
    <ele>638.4</ele>
    <time>2024-04-26T14:14:45Z</time>
   </trkpt>
   <trkpt lat="48.1599210" lon="6.9190320">
    <ele>638.5</ele>
    <time>2024-04-26T14:14:46Z</time>
   </trkpt>
   <trkpt lat="48.1598960" lon="6.9190950">
    <ele>638.6</ele>
    <time>2024-04-26T14:14:47Z</time>
   </trkpt>
   <trkpt lat="48.1598740" lon="6.9191590">
    <ele>638.7</ele>
    <time>2024-04-26T14:14:48Z</time>
   </trkpt>
   <trkpt lat="48.1598520" lon="6.9192210">
    <ele>638.7</ele>
    <time>2024-04-26T14:14:49Z</time>
   </trkpt>
   <trkpt lat="48.1598270" lon="6.9192810">
    <ele>638.8</ele>
    <time>2024-04-26T14:14:50Z</time>
   </trkpt>
   <trkpt lat="48.1598000" lon="6.9193420">
    <ele>638.9</ele>
    <time>2024-04-26T14:14:51Z</time>
   </trkpt>
   <trkpt lat="48.1597770" lon="6.9194080">
    <ele>639.0</ele>
    <time>2024-04-26T14:14:52Z</time>
   </trkpt>
   <trkpt lat="48.1597550" lon="6.9194760">
    <ele>639.0</ele>
    <time>2024-04-26T14:14:53Z</time>
   </trkpt>
   <trkpt lat="48.1597320" lon="6.9195440">
    <ele>639.1</ele>
    <time>2024-04-26T14:14:54Z</time>
   </trkpt>
   <trkpt lat="48.1597080" lon="6.9196090">
    <ele>639.2</ele>
    <time>2024-04-26T14:14:55Z</time>
   </trkpt>
   <trkpt lat="48.1596850" lon="6.9196750">
    <ele>639.3</ele>
    <time>2024-04-26T14:14:56Z</time>
   </trkpt>
   <trkpt lat="48.1596620" lon="6.9197440">
    <ele>639.4</ele>
    <time>2024-04-26T14:14:57Z</time>
   </trkpt>
   <trkpt lat="48.1596360" lon="6.9198110">
    <ele>639.5</ele>
    <time>2024-04-26T14:14:58Z</time>
   </trkpt>
   <trkpt lat="48.1596110" lon="6.9198770">
    <ele>639.5</ele>
    <time>2024-04-26T14:14:59Z</time>
   </trkpt>
   <trkpt lat="48.1595870" lon="6.9199450">
    <ele>639.6</ele>
    <time>2024-04-26T14:15:00Z</time>
   </trkpt>
   <trkpt lat="48.1595630" lon="6.9200110">
    <ele>639.7</ele>
    <time>2024-04-26T14:15:01Z</time>
   </trkpt>
   <trkpt lat="48.1595380" lon="6.9200770">
    <ele>639.8</ele>
    <time>2024-04-26T14:15:02Z</time>
   </trkpt>
   <trkpt lat="48.1595130" lon="6.9201440">
    <ele>639.9</ele>
    <time>2024-04-26T14:15:03Z</time>
   </trkpt>
   <trkpt lat="48.1594860" lon="6.9202070">
    <ele>640.0</ele>
    <time>2024-04-26T14:15:04Z</time>
   </trkpt>
   <trkpt lat="48.1594580" lon="6.9202710">
    <ele>640.1</ele>
    <time>2024-04-26T14:15:05Z</time>
   </trkpt>
   <trkpt lat="48.1594270" lon="6.9203350">
    <ele>640.2</ele>
    <time>2024-04-26T14:15:06Z</time>
   </trkpt>
   <trkpt lat="48.1593960" lon="6.9203970">
    <ele>640.3</ele>
    <time>2024-04-26T14:15:07Z</time>
   </trkpt>
   <trkpt lat="48.1593620" lon="6.9204550">
    <ele>640.3</ele>
    <time>2024-04-26T14:15:08Z</time>
   </trkpt>
   <trkpt lat="48.1593260" lon="6.9205130">
    <ele>640.4</ele>
    <time>2024-04-26T14:15:09Z</time>
   </trkpt>
   <trkpt lat="48.1592900" lon="6.9205740">
    <ele>640.5</ele>
    <time>2024-04-26T14:15:10Z</time>
   </trkpt>
   <trkpt lat="48.1592530" lon="6.9206310">
    <ele>640.5</ele>
    <time>2024-04-26T14:15:11Z</time>
   </trkpt>
   <trkpt lat="48.1592160" lon="6.9206870">
    <ele>640.6</ele>
    <time>2024-04-26T14:15:12Z</time>
   </trkpt>
   <trkpt lat="48.1591800" lon="6.9207440">
    <ele>640.7</ele>
    <time>2024-04-26T14:15:13Z</time>
   </trkpt>
   <trkpt lat="48.1591400" lon="6.9207970">
    <ele>640.7</ele>
    <time>2024-04-26T14:15:14Z</time>
   </trkpt>
   <trkpt lat="48.1591020" lon="6.9208490">
    <ele>640.8</ele>
    <time>2024-04-26T14:15:15Z</time>
   </trkpt>
   <trkpt lat="48.1590630" lon="6.9209000">
    <ele>640.8</ele>
    <time>2024-04-26T14:15:16Z</time>
   </trkpt>
   <trkpt lat="48.1590210" lon="6.9209500">
    <ele>640.9</ele>
    <time>2024-04-26T14:15:17Z</time>
   </trkpt>
   <trkpt lat="48.1589790" lon="6.9210000">
    <ele>641.0</ele>
    <time>2024-04-26T14:15:18Z</time>
   </trkpt>
   <trkpt lat="48.1589360" lon="6.9210480">
    <ele>641.0</ele>
    <time>2024-04-26T14:15:19Z</time>
   </trkpt>
   <trkpt lat="48.1588910" lon="6.9210910">
    <ele>641.1</ele>
    <time>2024-04-26T14:15:20Z</time>
   </trkpt>
   <trkpt lat="48.1588470" lon="6.9211330">
    <ele>641.2</ele>
    <time>2024-04-26T14:15:21Z</time>
   </trkpt>
   <trkpt lat="48.1588040" lon="6.9211760">
    <ele>641.2</ele>
    <time>2024-04-26T14:15:22Z</time>
   </trkpt>
   <trkpt lat="48.1587570" lon="6.9212160">
    <ele>641.3</ele>
    <time>2024-04-26T14:15:23Z</time>
   </trkpt>
   <trkpt lat="48.1587110" lon="6.9212540">
    <ele>641.4</ele>
    <time>2024-04-26T14:15:24Z</time>
   </trkpt>
   <trkpt lat="48.1586650" lon="6.9212900">
    <ele>641.5</ele>
    <time>2024-04-26T14:15:25Z</time>
   </trkpt>
   <trkpt lat="48.1586160" lon="6.9213230">
    <ele>641.5</ele>
    <time>2024-04-26T14:15:26Z</time>
   </trkpt>
   <trkpt lat="48.1585630" lon="6.9213550">
    <ele>641.6</ele>
    <time>2024-04-26T14:15:27Z</time>
   </trkpt>
   <trkpt lat="48.1585090" lon="6.9213820">
    <ele>641.7</ele>
    <time>2024-04-26T14:15:28Z</time>
   </trkpt>
   <trkpt lat="48.1584560" lon="6.9214100">
    <ele>641.7</ele>
    <time>2024-04-26T14:15:29Z</time>
   </trkpt>
   <trkpt lat="48.1584030" lon="6.9214320">
    <ele>641.8</ele>
    <time>2024-04-26T14:15:30Z</time>
   </trkpt>
   <trkpt lat="48.1583490" lon="6.9214540">
    <ele>641.8</ele>
    <time>2024-04-26T14:15:31Z</time>
   </trkpt>
   <trkpt lat="48.1582980" lon="6.9214770">
    <ele>641.9</ele>
    <time>2024-04-26T14:15:32Z</time>
   </trkpt>
   <trkpt lat="48.1582470" lon="6.9215000">
    <ele>641.9</ele>
    <time>2024-04-26T14:15:33Z</time>
   </trkpt>
   <trkpt lat="48.1581950" lon="6.9215240">
    <ele>642.0</ele>
    <time>2024-04-26T14:15:34Z</time>
   </trkpt>
   <trkpt lat="48.1581400" lon="6.9215390">
    <ele>642.1</ele>
    <time>2024-04-26T14:15:35Z</time>
   </trkpt>
   <trkpt lat="48.1580880" lon="6.9215510">
    <ele>642.1</ele>
    <time>2024-04-26T14:15:36Z</time>
   </trkpt>
   <trkpt lat="48.1580360" lon="6.9215580">
    <ele>642.1</ele>
    <time>2024-04-26T14:15:37Z</time>
   </trkpt>
   <trkpt lat="48.1579830" lon="6.9215650">
    <ele>642.2</ele>
    <time>2024-04-26T14:15:38Z</time>
   </trkpt>
   <trkpt lat="48.1579310" lon="6.9215680">
    <ele>642.2</ele>
    <time>2024-04-26T14:15:39Z</time>
   </trkpt>
   <trkpt lat="48.1578760" lon="6.9215750">
    <ele>642.2</ele>
    <time>2024-04-26T14:15:40Z</time>
   </trkpt>
   <trkpt lat="48.1578240" lon="6.9215810">
    <ele>642.3</ele>
    <time>2024-04-26T14:15:41Z</time>
   </trkpt>
   <trkpt lat="48.1577710" lon="6.9215780">
    <ele>642.3</ele>
    <time>2024-04-26T14:15:42Z</time>
   </trkpt>
   <trkpt lat="48.1577200" lon="6.9215740">
    <ele>642.3</ele>
    <time>2024-04-26T14:15:43Z</time>
   </trkpt>
   <trkpt lat="48.1576700" lon="6.9215710">
    <ele>642.3</ele>
    <time>2024-04-26T14:15:44Z</time>
   </trkpt>
   <trkpt lat="48.1576220" lon="6.9215700">
    <ele>642.3</ele>
    <time>2024-04-26T14:15:45Z</time>
   </trkpt>
   <trkpt lat="48.1575760" lon="6.9215630">
    <ele>642.3</ele>
    <time>2024-04-26T14:15:46Z</time>
   </trkpt>
   <trkpt lat="48.1575320" lon="6.9215560">
    <ele>642.3</ele>
    <time>2024-04-26T14:15:47Z</time>
   </trkpt>
   <trkpt lat="48.1574870" lon="6.9215490">
    <ele>642.3</ele>
    <time>2024-04-26T14:15:48Z</time>
   </trkpt>
   <trkpt lat="48.1574430" lon="6.9215470">
    <ele>642.3</ele>
    <time>2024-04-26T14:15:49Z</time>
   </trkpt>
   <trkpt lat="48.1573980" lon="6.9215480">
    <ele>642.3</ele>
    <time>2024-04-26T14:15:50Z</time>
   </trkpt>
   <trkpt lat="48.1573530" lon="6.9215400">
    <ele>642.2</ele>
    <time>2024-04-26T14:15:51Z</time>
   </trkpt>
   <trkpt lat="48.1573030" lon="6.9215330">
    <ele>642.2</ele>
    <time>2024-04-26T14:15:52Z</time>
   </trkpt>
   <trkpt lat="48.1572540" lon="6.9215270">
    <ele>642.1</ele>
    <time>2024-04-26T14:15:53Z</time>
   </trkpt>
   <trkpt lat="48.1572020" lon="6.9215170">
    <ele>642.0</ele>
    <time>2024-04-26T14:15:54Z</time>
   </trkpt>
   <trkpt lat="48.1571470" lon="6.9215090">
    <ele>641.8</ele>
    <time>2024-04-26T14:15:55Z</time>
   </trkpt>
   <trkpt lat="48.1570890" lon="6.9215110">
    <ele>641.6</ele>
    <time>2024-04-26T14:15:56Z</time>
   </trkpt>
   <trkpt lat="48.1570330" lon="6.9215080">
    <ele>641.4</ele>
    <time>2024-04-26T14:15:57Z</time>
   </trkpt>
   <trkpt lat="48.1569760" lon="6.9215040">
    <ele>641.2</ele>
    <time>2024-04-26T14:15:58Z</time>
   </trkpt>
   <trkpt lat="48.1569190" lon="6.9215020">
    <ele>640.9</ele>
    <time>2024-04-26T14:15:59Z</time>
   </trkpt>
   <trkpt lat="48.1568580" lon="6.9214970">
    <ele>640.6</ele>
    <time>2024-04-26T14:16:00Z</time>
   </trkpt>
   <trkpt lat="48.1567960" lon="6.9214960">
    <ele>640.3</ele>
    <time>2024-04-26T14:16:01Z</time>
   </trkpt>
   <trkpt lat="48.1567320" lon="6.9214970">
    <ele>640.0</ele>
    <time>2024-04-26T14:16:02Z</time>
   </trkpt>
   <trkpt lat="48.1566660" lon="6.9214930">
    <ele>639.7</ele>
    <time>2024-04-26T14:16:03Z</time>
   </trkpt>
   <trkpt lat="48.1565970" lon="6.9214910">
    <ele>639.3</ele>
    <time>2024-04-26T14:16:04Z</time>
   </trkpt>
   <trkpt lat="48.1565270" lon="6.9214870">
    <ele>638.9</ele>
    <time>2024-04-26T14:16:05Z</time>
   </trkpt>
   <trkpt lat="48.1564570" lon="6.9214850">
    <ele>638.5</ele>
    <time>2024-04-26T14:16:06Z</time>
   </trkpt>
   <trkpt lat="48.1563830" lon="6.9214870">
    <ele>638.1</ele>
    <time>2024-04-26T14:16:07Z</time>
   </trkpt>
   <trkpt lat="48.1563080" lon="6.9214850">
    <ele>637.6</ele>
    <time>2024-04-26T14:16:08Z</time>
   </trkpt>
   <trkpt lat="48.1562300" lon="6.9214820">
    <ele>637.2</ele>
    <time>2024-04-26T14:16:09Z</time>
   </trkpt>
   <trkpt lat="48.1561520" lon="6.9214780">
    <ele>636.7</ele>
    <time>2024-04-26T14:16:10Z</time>
   </trkpt>
   <trkpt lat="48.1560700" lon="6.9214760">
    <ele>636.4</ele>
    <time>2024-04-26T14:16:11Z</time>
   </trkpt>
   <trkpt lat="48.1559860" lon="6.9214740">
    <ele>636.0</ele>
    <time>2024-04-26T14:16:12Z</time>
   </trkpt>
   <trkpt lat="48.1559010" lon="6.9214710">
    <ele>635.6</ele>
    <time>2024-04-26T14:16:13Z</time>
   </trkpt>
   <trkpt lat="48.1558160" lon="6.9214680">
    <ele>635.1</ele>
    <time>2024-04-26T14:16:14Z</time>
   </trkpt>
   <trkpt lat="48.1557260" lon="6.9214690">
    <ele>634.5</ele>
    <time>2024-04-26T14:16:15Z</time>
   </trkpt>
   <trkpt lat="48.1556350" lon="6.9214720">
    <ele>633.9</ele>
    <time>2024-04-26T14:16:16Z</time>
   </trkpt>
   <trkpt lat="48.1555410" lon="6.9214700">
    <ele>633.3</ele>
    <time>2024-04-26T14:16:17Z</time>
   </trkpt>
   <trkpt lat="48.1554460" lon="6.9214700">
    <ele>632.6</ele>
    <time>2024-04-26T14:16:18Z</time>
   </trkpt>
   <trkpt lat="48.1553520" lon="6.9214670">
    <ele>632.0</ele>
    <time>2024-04-26T14:16:19Z</time>
   </trkpt>
   <trkpt lat="48.1552580" lon="6.9214640">
    <ele>631.3</ele>
    <time>2024-04-26T14:16:20Z</time>
   </trkpt>
   <trkpt lat="48.1551630" lon="6.9214580">
    <ele>630.7</ele>
    <time>2024-04-26T14:16:21Z</time>
   </trkpt>
   <trkpt lat="48.1550690" lon="6.9214570">
    <ele>630.2</ele>
    <time>2024-04-26T14:16:22Z</time>
   </trkpt>
   <trkpt lat="48.1549710" lon="6.9214510">
    <ele>629.6</ele>
    <time>2024-04-26T14:16:23Z</time>
   </trkpt>
   <trkpt lat="48.1548730" lon="6.9214470">
    <ele>629.0</ele>
    <time>2024-04-26T14:16:24Z</time>
   </trkpt>
   <trkpt lat="48.1547720" lon="6.9214400">
    <ele>628.5</ele>
    <time>2024-04-26T14:16:25Z</time>
   </trkpt>
   <trkpt lat="48.1546690" lon="6.9214350">
    <ele>628.0</ele>
    <time>2024-04-26T14:16:26Z</time>
   </trkpt>
   <trkpt lat="48.1545620" lon="6.9214310">
    <ele>627.5</ele>
    <time>2024-04-26T14:16:27Z</time>
   </trkpt>
   <trkpt lat="48.1544540" lon="6.9214280">
    <ele>627.2</ele>
    <time>2024-04-26T14:16:28Z</time>
   </trkpt>
   <trkpt lat="48.1543470" lon="6.9214280">
    <ele>626.8</ele>
    <time>2024-04-26T14:16:29Z</time>
   </trkpt>
   <trkpt lat="48.1542380" lon="6.9214240">
    <ele>626.5</ele>
    <time>2024-04-26T14:16:30Z</time>
   </trkpt>
   <trkpt lat="48.1541270" lon="6.9214210">
    <ele>626.2</ele>
    <time>2024-04-26T14:16:31Z</time>
   </trkpt>
   <trkpt lat="48.1540180" lon="6.9214160">
    <ele>626.0</ele>
    <time>2024-04-26T14:16:32Z</time>
   </trkpt>
   <trkpt lat="48.1539090" lon="6.9214080">
    <ele>625.8</ele>
    <time>2024-04-26T14:16:33Z</time>
   </trkpt>
   <trkpt lat="48.1538000" lon="6.9214010">
    <ele>625.5</ele>
    <time>2024-04-26T14:16:34Z</time>
   </trkpt>
   <trkpt lat="48.1536930" lon="6.9213950">
    <ele>625.2</ele>
    <time>2024-04-26T14:16:35Z</time>
   </trkpt>
   <trkpt lat="48.1535890" lon="6.9213860">
    <ele>624.9</ele>
    <time>2024-04-26T14:16:36Z</time>
   </trkpt>
   <trkpt lat="48.1534860" lon="6.9213810">
    <ele>624.6</ele>
    <time>2024-04-26T14:16:37Z</time>
   </trkpt>
   <trkpt lat="48.1533840" lon="6.9213730">
    <ele>624.5</ele>
    <time>2024-04-26T14:16:38Z</time>
   </trkpt>
   <trkpt lat="48.1532850" lon="6.9213650">
    <ele>624.4</ele>
    <time>2024-04-26T14:16:39Z</time>
   </trkpt>
   <trkpt lat="48.1531860" lon="6.9213570">
    <ele>624.4</ele>
    <time>2024-04-26T14:16:40Z</time>
   </trkpt>
   <trkpt lat="48.1530850" lon="6.9213530">
    <ele>624.3</ele>
    <time>2024-04-26T14:16:41Z</time>
   </trkpt>
   <trkpt lat="48.1529890" lon="6.9213440">
    <ele>624.4</ele>
    <time>2024-04-26T14:16:42Z</time>
   </trkpt>
   <trkpt lat="48.1528950" lon="6.9213410">
    <ele>624.4</ele>
    <time>2024-04-26T14:16:43Z</time>
   </trkpt>
   <trkpt lat="48.1528000" lon="6.9213410">
    <ele>624.4</ele>
    <time>2024-04-26T14:16:44Z</time>
   </trkpt>
   <trkpt lat="48.1527050" lon="6.9213450">
    <ele>624.3</ele>
    <time>2024-04-26T14:16:45Z</time>
   </trkpt>
   <trkpt lat="48.1526080" lon="6.9213480">
    <ele>624.1</ele>
    <time>2024-04-26T14:16:46Z</time>
   </trkpt>
   <trkpt lat="48.1525100" lon="6.9213480">
    <ele>623.9</ele>
    <time>2024-04-26T14:16:47Z</time>
   </trkpt>
   <trkpt lat="48.1524110" lon="6.9213480">
    <ele>623.6</ele>
    <time>2024-04-26T14:16:48Z</time>
   </trkpt>
   <trkpt lat="48.1523130" lon="6.9213490">
    <ele>623.4</ele>
    <time>2024-04-26T14:16:49Z</time>
   </trkpt>
   <trkpt lat="48.1522110" lon="6.9213510">
    <ele>623.1</ele>
    <time>2024-04-26T14:16:50Z</time>
   </trkpt>
   <trkpt lat="48.1521130" lon="6.9213550">
    <ele>623.0</ele>
    <time>2024-04-26T14:16:51Z</time>
   </trkpt>
   <trkpt lat="48.1520150" lon="6.9213560">
    <ele>622.8</ele>
    <time>2024-04-26T14:16:52Z</time>
   </trkpt>
   <trkpt lat="48.1519150" lon="6.9213590">
    <ele>622.7</ele>
    <time>2024-04-26T14:16:53Z</time>
   </trkpt>
   <trkpt lat="48.1518150" lon="6.9213600">
    <ele>622.6</ele>
    <time>2024-04-26T14:16:54Z</time>
   </trkpt>
   <trkpt lat="48.1517170" lon="6.9213680">
    <ele>622.5</ele>
    <time>2024-04-26T14:16:55Z</time>
   </trkpt>
   <trkpt lat="48.1516220" lon="6.9213770">
    <ele>622.6</ele>
    <time>2024-04-26T14:16:56Z</time>
   </trkpt>
   <trkpt lat="48.1515310" lon="6.9213790">
    <ele>622.7</ele>
    <time>2024-04-26T14:16:57Z</time>
   </trkpt>
   <trkpt lat="48.1514430" lon="6.9213730">
    <ele>622.8</ele>
    <time>2024-04-26T14:16:58Z</time>
   </trkpt>
   <trkpt lat="48.1513570" lon="6.9213600">
    <ele>623.0</ele>
    <time>2024-04-26T14:16:59Z</time>
   </trkpt>
   <trkpt lat="48.1512760" lon="6.9213540">
    <ele>623.1</ele>
    <time>2024-04-26T14:17:00Z</time>
   </trkpt>
   <trkpt lat="48.1511940" lon="6.9213470">
    <ele>623.4</ele>
    <time>2024-04-26T14:17:01Z</time>
   </trkpt>
   <trkpt lat="48.1511160" lon="6.9213420">
    <ele>623.6</ele>
    <time>2024-04-26T14:17:02Z</time>
   </trkpt>
   <trkpt lat="48.1510400" lon="6.9213420">
    <ele>623.9</ele>
    <time>2024-04-26T14:17:03Z</time>
   </trkpt>
   <trkpt lat="48.1509660" lon="6.9213420">
    <ele>624.1</ele>
    <time>2024-04-26T14:17:04Z</time>
   </trkpt>
   <trkpt lat="48.1508960" lon="6.9213430">
    <ele>624.3</ele>
    <time>2024-04-26T14:17:05Z</time>
   </trkpt>
   <trkpt lat="48.1508270" lon="6.9213420">
    <ele>624.6</ele>
    <time>2024-04-26T14:17:06Z</time>
   </trkpt>
   <trkpt lat="48.1507610" lon="6.9213370">
    <ele>624.8</ele>
    <time>2024-04-26T14:17:07Z</time>
   </trkpt>
   <trkpt lat="48.1506990" lon="6.9213330">
    <ele>625.1</ele>
    <time>2024-04-26T14:17:08Z</time>
   </trkpt>
   <trkpt lat="48.1506390" lon="6.9213320">
    <ele>625.3</ele>
    <time>2024-04-26T14:17:09Z</time>
   </trkpt>
   <trkpt lat="48.1505800" lon="6.9213320">
    <ele>625.6</ele>
    <time>2024-04-26T14:17:10Z</time>
   </trkpt>
   <trkpt lat="48.1505250" lon="6.9213280">
    <ele>625.8</ele>
    <time>2024-04-26T14:17:11Z</time>
   </trkpt>
   <trkpt lat="48.1504720" lon="6.9213230">
    <ele>626.1</ele>
    <time>2024-04-26T14:17:12Z</time>
   </trkpt>
   <trkpt lat="48.1504210" lon="6.9213190">
    <ele>626.3</ele>
    <time>2024-04-26T14:17:13Z</time>
   </trkpt>
   <trkpt lat="48.1503740" lon="6.9213200">
    <ele>626.5</ele>
    <time>2024-04-26T14:17:14Z</time>
   </trkpt>
   <trkpt lat="48.1503300" lon="6.9213170">
    <ele>626.7</ele>
    <time>2024-04-26T14:17:15Z</time>
   </trkpt>
   <trkpt lat="48.1502860" lon="6.9213150">
    <ele>626.9</ele>
    <time>2024-04-26T14:17:16Z</time>
   </trkpt>
   <trkpt lat="48.1502440" lon="6.9213100">
    <ele>627.1</ele>
    <time>2024-04-26T14:17:17Z</time>
   </trkpt>
   <trkpt lat="48.1502000" lon="6.9213060">
    <ele>627.3</ele>
    <time>2024-04-26T14:17:18Z</time>
   </trkpt>
   <trkpt lat="48.1501590" lon="6.9213010">
    <ele>627.5</ele>
    <time>2024-04-26T14:17:19Z</time>
   </trkpt>
   <trkpt lat="48.1501210" lon="6.9212980">
    <ele>627.7</ele>
    <time>2024-04-26T14:17:20Z</time>
   </trkpt>
   <trkpt lat="48.1500820" lon="6.9212890">
    <ele>627.9</ele>
    <time>2024-04-26T14:17:21Z</time>
   </trkpt>
   <trkpt lat="48.1500460" lon="6.9212810">
    <ele>628.1</ele>
    <time>2024-04-26T14:17:22Z</time>
   </trkpt>
   <trkpt lat="48.1500110" lon="6.9212660">
    <ele>628.2</ele>
    <time>2024-04-26T14:17:23Z</time>
   </trkpt>
   <trkpt lat="48.1499770" lon="6.9212710">
    <ele>628.3</ele>
    <time>2024-04-26T14:17:24Z</time>
   </trkpt>
   <trkpt lat="48.1499430" lon="6.9212780">
    <ele>628.3</ele>
    <time>2024-04-26T14:17:25Z</time>
   </trkpt>
   <trkpt lat="48.1499080" lon="6.9212810">
    <ele>628.4</ele>
    <time>2024-04-26T14:17:26Z</time>
   </trkpt>
   <trkpt lat="48.1498730" lon="6.9212830">
    <ele>628.5</ele>
    <time>2024-04-26T14:17:27Z</time>
   </trkpt>
   <trkpt lat="48.1498370" lon="6.9212860">
    <ele>628.5</ele>
    <time>2024-04-26T14:17:28Z</time>
   </trkpt>
   <trkpt lat="48.1498020" lon="6.9212900">
    <ele>628.6</ele>
    <time>2024-04-26T14:17:29Z</time>
   </trkpt>
   <trkpt lat="48.1497660" lon="6.9212920">
    <ele>628.7</ele>
    <time>2024-04-26T14:17:30Z</time>
   </trkpt>
   <trkpt lat="48.1497300" lon="6.9212930">
    <ele>628.8</ele>
    <time>2024-04-26T14:17:31Z</time>
   </trkpt>
   <trkpt lat="48.1496930" lon="6.9212890">
    <ele>628.9</ele>
    <time>2024-04-26T14:17:32Z</time>
   </trkpt>
   <trkpt lat="48.1496580" lon="6.9212800">
    <ele>629.1</ele>
    <time>2024-04-26T14:17:33Z</time>
   </trkpt>
   <trkpt lat="48.1496240" lon="6.9212690">
    <ele>629.3</ele>
    <time>2024-04-26T14:17:34Z</time>
   </trkpt>
   <trkpt lat="48.1495890" lon="6.9212580">
    <ele>629.5</ele>
    <time>2024-04-26T14:17:35Z</time>
   </trkpt>
   <trkpt lat="48.1495560" lon="6.9212460">
    <ele>629.7</ele>
    <time>2024-04-26T14:17:36Z</time>
   </trkpt>
   <trkpt lat="48.1495230" lon="6.9212320">
    <ele>629.9</ele>
    <time>2024-04-26T14:17:37Z</time>
   </trkpt>
   <trkpt lat="48.1494910" lon="6.9212160">
    <ele>630.1</ele>
    <time>2024-04-26T14:17:38Z</time>
   </trkpt>
   <trkpt lat="48.1494590" lon="6.9212000">
    <ele>630.3</ele>
    <time>2024-04-26T14:17:39Z</time>
   </trkpt>
   <trkpt lat="48.1494270" lon="6.9211840">
    <ele>630.4</ele>
    <time>2024-04-26T14:17:40Z</time>
   </trkpt>
   <trkpt lat="48.1493970" lon="6.9211650">
    <ele>630.6</ele>
    <time>2024-04-26T14:17:41Z</time>
   </trkpt>
   <trkpt lat="48.1493670" lon="6.9211470">
    <ele>630.8</ele>
    <time>2024-04-26T14:17:42Z</time>
   </trkpt>
   <trkpt lat="48.1493390" lon="6.9211290">
    <ele>631.0</ele>
    <time>2024-04-26T14:17:43Z</time>
   </trkpt>
   <trkpt lat="48.1493100" lon="6.9211070">
    <ele>631.2</ele>
    <time>2024-04-26T14:17:44Z</time>
   </trkpt>
   <trkpt lat="48.1492830" lon="6.9210820">
    <ele>631.3</ele>
    <time>2024-04-26T14:17:45Z</time>
   </trkpt>
   <trkpt lat="48.1492570" lon="6.9210560">
    <ele>631.4</ele>
    <time>2024-04-26T14:17:46Z</time>
   </trkpt>
   <trkpt lat="48.1492300" lon="6.9210300">
    <ele>631.5</ele>
    <time>2024-04-26T14:17:47Z</time>
   </trkpt>
   <trkpt lat="48.1492040" lon="6.9210000">
    <ele>631.7</ele>
    <time>2024-04-26T14:17:48Z</time>
   </trkpt>
   <trkpt lat="48.1491760" lon="6.9209740">
    <ele>631.8</ele>
    <time>2024-04-26T14:17:49Z</time>
   </trkpt>
   <trkpt lat="48.1491490" lon="6.9209470">
    <ele>631.9</ele>
    <time>2024-04-26T14:17:50Z</time>
   </trkpt>
   <trkpt lat="48.1491230" lon="6.9209170">
    <ele>632.0</ele>
    <time>2024-04-26T14:17:51Z</time>
   </trkpt>
   <trkpt lat="48.1490970" lon="6.9208880">
    <ele>632.2</ele>
    <time>2024-04-26T14:17:52Z</time>
   </trkpt>
   <trkpt lat="48.1490700" lon="6.9208580">
    <ele>632.3</ele>
    <time>2024-04-26T14:17:53Z</time>
   </trkpt>
   <trkpt lat="48.1490440" lon="6.9208260">
    <ele>632.4</ele>
    <time>2024-04-26T14:17:54Z</time>
   </trkpt>
   <trkpt lat="48.1490160" lon="6.9207960">
    <ele>632.6</ele>
    <time>2024-04-26T14:17:55Z</time>
   </trkpt>
   <trkpt lat="48.1489870" lon="6.9207670">
    <ele>632.7</ele>
    <time>2024-04-26T14:17:56Z</time>
   </trkpt>
   <trkpt lat="48.1489580" lon="6.9207370">
    <ele>632.8</ele>
    <time>2024-04-26T14:17:57Z</time>
   </trkpt>
   <trkpt lat="48.1489300" lon="6.9207060">
    <ele>632.9</ele>
    <time>2024-04-26T14:17:58Z</time>
   </trkpt>
   <trkpt lat="48.1489000" lon="6.9206770">
    <ele>633.1</ele>
    <time>2024-04-26T14:17:59Z</time>
   </trkpt>
   <trkpt lat="48.1488690" lon="6.9206510">
    <ele>633.2</ele>
    <time>2024-04-26T14:18:00Z</time>
   </trkpt>
   <trkpt lat="48.1488380" lon="6.9206280">
    <ele>633.3</ele>
    <time>2024-04-26T14:18:01Z</time>
   </trkpt>
   <trkpt lat="48.1488090" lon="6.9206000">
    <ele>633.4</ele>
    <time>2024-04-26T14:18:02Z</time>
   </trkpt>
   <trkpt lat="48.1487800" lon="6.9205720">
    <ele>633.5</ele>
    <time>2024-04-26T14:18:03Z</time>
   </trkpt>
   <trkpt lat="48.1487520" lon="6.9205450">
    <ele>633.6</ele>
    <time>2024-04-26T14:18:04Z</time>
   </trkpt>
   <trkpt lat="48.1487230" lon="6.9205180">
    <ele>633.8</ele>
    <time>2024-04-26T14:18:05Z</time>
   </trkpt>
   <trkpt lat="48.1486950" lon="6.9204910">
    <ele>633.9</ele>
    <time>2024-04-26T14:18:06Z</time>
   </trkpt>
   <trkpt lat="48.1486680" lon="6.9204630">
    <ele>634.0</ele>
    <time>2024-04-26T14:18:07Z</time>
   </trkpt>
   <trkpt lat="48.1486400" lon="6.9204370">
    <ele>634.1</ele>
    <time>2024-04-26T14:18:08Z</time>
   </trkpt>
   <trkpt lat="48.1486120" lon="6.9204110">
    <ele>634.2</ele>
    <time>2024-04-26T14:18:09Z</time>
   </trkpt>
   <trkpt lat="48.1485850" lon="6.9203830">
    <ele>634.3</ele>
    <time>2024-04-26T14:18:10Z</time>
   </trkpt>
   <trkpt lat="48.1485560" lon="6.9203610">
    <ele>634.4</ele>
    <time>2024-04-26T14:18:11Z</time>
   </trkpt>
   <trkpt lat="48.1485270" lon="6.9203380">
    <ele>634.5</ele>
    <time>2024-04-26T14:18:12Z</time>
   </trkpt>
   <trkpt lat="48.1484990" lon="6.9203150">
    <ele>634.6</ele>
    <time>2024-04-26T14:18:13Z</time>
   </trkpt>
   <trkpt lat="48.1484700" lon="6.9202940">
    <ele>634.7</ele>
    <time>2024-04-26T14:18:14Z</time>
   </trkpt>
   <trkpt lat="48.1484400" lon="6.9202760">
    <ele>634.8</ele>
    <time>2024-04-26T14:18:15Z</time>
   </trkpt>
   <trkpt lat="48.1484110" lon="6.9202540">
    <ele>634.9</ele>
    <time>2024-04-26T14:18:16Z</time>
   </trkpt>
   <trkpt lat="48.1483800" lon="6.9202330">
    <ele>635.0</ele>
    <time>2024-04-26T14:18:17Z</time>
   </trkpt>
   <trkpt lat="48.1483490" lon="6.9202100">
    <ele>635.0</ele>
    <time>2024-04-26T14:18:18Z</time>
   </trkpt>
   <trkpt lat="48.1483180" lon="6.9201870">
    <ele>635.1</ele>
    <time>2024-04-26T14:18:19Z</time>
   </trkpt>
   <trkpt lat="48.1482870" lon="6.9201660">
    <ele>635.2</ele>
    <time>2024-04-26T14:18:20Z</time>
   </trkpt>
   <trkpt lat="48.1482570" lon="6.9201450">
    <ele>635.3</ele>
    <time>2024-04-26T14:18:21Z</time>
   </trkpt>
   <trkpt lat="48.1482240" lon="6.9201280">
    <ele>635.3</ele>
    <time>2024-04-26T14:18:22Z</time>
   </trkpt>
   <trkpt lat="48.1481910" lon="6.9201110">
    <ele>635.4</ele>
    <time>2024-04-26T14:18:23Z</time>
   </trkpt>
   <trkpt lat="48.1481590" lon="6.9200930">
    <ele>635.4</ele>
    <time>2024-04-26T14:18:24Z</time>
   </trkpt>
   <trkpt lat="48.1481270" lon="6.9200760">
    <ele>635.5</ele>
    <time>2024-04-26T14:18:25Z</time>
   </trkpt>
   <trkpt lat="48.1480940" lon="6.9200570">
    <ele>635.5</ele>
    <time>2024-04-26T14:18:26Z</time>
   </trkpt>
   <trkpt lat="48.1480610" lon="6.9200360">
    <ele>635.6</ele>
    <time>2024-04-26T14:18:27Z</time>
   </trkpt>
   <trkpt lat="48.1480280" lon="6.9200130">
    <ele>635.6</ele>
    <time>2024-04-26T14:18:28Z</time>
   </trkpt>
   <trkpt lat="48.1479940" lon="6.9199920">
    <ele>635.7</ele>
    <time>2024-04-26T14:18:29Z</time>
   </trkpt>
   <trkpt lat="48.1479600" lon="6.9199740">
    <ele>635.8</ele>
    <time>2024-04-26T14:18:30Z</time>
   </trkpt>
   <trkpt lat="48.1479260" lon="6.9199550">
    <ele>635.8</ele>
    <time>2024-04-26T14:18:31Z</time>
   </trkpt>
   <trkpt lat="48.1478940" lon="6.9199340">
    <ele>635.9</ele>
    <time>2024-04-26T14:18:32Z</time>
   </trkpt>
   <trkpt lat="48.1478620" lon="6.9199110">
    <ele>635.9</ele>
    <time>2024-04-26T14:18:33Z</time>
   </trkpt>
   <trkpt lat="48.1478300" lon="6.9198880">
    <ele>636.0</ele>
    <time>2024-04-26T14:18:34Z</time>
   </trkpt>
   <trkpt lat="48.1477990" lon="6.9198660">
    <ele>636.0</ele>
    <time>2024-04-26T14:18:35Z</time>
   </trkpt>
   <trkpt lat="48.1477670" lon="6.9198450">
    <ele>636.1</ele>
    <time>2024-04-26T14:18:36Z</time>
   </trkpt>
   <trkpt lat="48.1477340" lon="6.9198220">
    <ele>636.1</ele>
    <time>2024-04-26T14:18:37Z</time>
   </trkpt>
   <trkpt lat="48.1477030" lon="6.9197980">
    <ele>636.2</ele>
    <time>2024-04-26T14:18:38Z</time>
   </trkpt>
   <trkpt lat="48.1476700" lon="6.9197740">
    <ele>636.2</ele>
    <time>2024-04-26T14:18:39Z</time>
   </trkpt>
   <trkpt lat="48.1476370" lon="6.9197550">
    <ele>636.3</ele>
    <time>2024-04-26T14:18:40Z</time>
   </trkpt>
   <trkpt lat="48.1476020" lon="6.9197370">
    <ele>636.4</ele>
    <time>2024-04-26T14:18:41Z</time>
   </trkpt>
   <trkpt lat="48.1475690" lon="6.9197170">
    <ele>636.4</ele>
    <time>2024-04-26T14:18:42Z</time>
   </trkpt>
   <trkpt lat="48.1475350" lon="6.9196980">
    <ele>636.5</ele>
    <time>2024-04-26T14:18:43Z</time>
   </trkpt>
   <trkpt lat="48.1475020" lon="6.9196780">
    <ele>636.5</ele>
    <time>2024-04-26T14:18:44Z</time>
   </trkpt>
   <trkpt lat="48.1474670" lon="6.9196620">
    <ele>636.6</ele>
    <time>2024-04-26T14:18:45Z</time>
   </trkpt>
   <trkpt lat="48.1474320" lon="6.9196450">
    <ele>636.7</ele>
    <time>2024-04-26T14:18:46Z</time>
   </trkpt>
   <trkpt lat="48.1473980" lon="6.9196280">
    <ele>636.8</ele>
    <time>2024-04-26T14:18:47Z</time>
   </trkpt>
   <trkpt lat="48.1473630" lon="6.9196100">
    <ele>636.9</ele>
    <time>2024-04-26T14:18:48Z</time>
   </trkpt>
   <trkpt lat="48.1473290" lon="6.9195940">
    <ele>637.0</ele>
    <time>2024-04-26T14:18:49Z</time>
   </trkpt>
   <trkpt lat="48.1472940" lon="6.9195770">
    <ele>637.1</ele>
    <time>2024-04-26T14:18:50Z</time>
   </trkpt>
   <trkpt lat="48.1472600" lon="6.9195620">
    <ele>637.2</ele>
    <time>2024-04-26T14:18:51Z</time>
   </trkpt>
   <trkpt lat="48.1472260" lon="6.9195470">
    <ele>637.3</ele>
    <time>2024-04-26T14:18:52Z</time>
   </trkpt>
   <trkpt lat="48.1471920" lon="6.9195320">
    <ele>637.4</ele>
    <time>2024-04-26T14:18:53Z</time>
   </trkpt>
   <trkpt lat="48.1471590" lon="6.9195150">
    <ele>637.5</ele>
    <time>2024-04-26T14:18:54Z</time>
   </trkpt>
   <trkpt lat="48.1471270" lon="6.9194960">
    <ele>637.6</ele>
    <time>2024-04-26T14:18:55Z</time>
   </trkpt>
   <trkpt lat="48.1470940" lon="6.9194770">
    <ele>637.7</ele>
    <time>2024-04-26T14:18:56Z</time>
   </trkpt>
   <trkpt lat="48.1470610" lon="6.9194600">
    <ele>637.8</ele>
    <time>2024-04-26T14:18:57Z</time>
   </trkpt>
   <trkpt lat="48.1470280" lon="6.9194500">
    <ele>638.0</ele>
    <time>2024-04-26T14:18:58Z</time>
   </trkpt>
   <trkpt lat="48.1469950" lon="6.9194380">
    <ele>638.1</ele>
    <time>2024-04-26T14:18:59Z</time>
   </trkpt>
   <trkpt lat="48.1469620" lon="6.9194240">
    <ele>638.2</ele>
    <time>2024-04-26T14:19:00Z</time>
   </trkpt>
   <trkpt lat="48.1469300" lon="6.9194110">
    <ele>638.4</ele>
    <time>2024-04-26T14:19:01Z</time>
   </trkpt>
   <trkpt lat="48.1468970" lon="6.9193980">
    <ele>638.5</ele>
    <time>2024-04-26T14:19:02Z</time>
   </trkpt>
   <trkpt lat="48.1468650" lon="6.9193820">
    <ele>638.7</ele>
    <time>2024-04-26T14:19:03Z</time>
   </trkpt>
   <trkpt lat="48.1468330" lon="6.9193700">
    <ele>638.8</ele>
    <time>2024-04-26T14:19:04Z</time>
   </trkpt>
   <trkpt lat="48.1468020" lon="6.9193600">
    <ele>638.9</ele>
    <time>2024-04-26T14:19:05Z</time>
   </trkpt>
   <trkpt lat="48.1467710" lon="6.9193500">
    <ele>639.1</ele>
    <time>2024-04-26T14:19:06Z</time>
   </trkpt>
   <trkpt lat="48.1467400" lon="6.9193390">
    <ele>639.2</ele>
    <time>2024-04-26T14:19:07Z</time>
   </trkpt>
   <trkpt lat="48.1467090" lon="6.9193290">
    <ele>639.4</ele>
    <time>2024-04-26T14:19:08Z</time>
   </trkpt>
   <trkpt lat="48.1466790" lon="6.9193180">
    <ele>639.5</ele>
    <time>2024-04-26T14:19:09Z</time>
   </trkpt>
   <trkpt lat="48.1466480" lon="6.9193080">
    <ele>639.7</ele>
    <time>2024-04-26T14:19:10Z</time>
   </trkpt>
   <trkpt lat="48.1466170" lon="6.9192980">
    <ele>639.8</ele>
    <time>2024-04-26T14:19:11Z</time>
   </trkpt>
   <trkpt lat="48.1465890" lon="6.9192860">
    <ele>640.0</ele>
    <time>2024-04-26T14:19:12Z</time>
   </trkpt>
   <trkpt lat="48.1465620" lon="6.9192750">
    <ele>640.1</ele>
    <time>2024-04-26T14:19:13Z</time>
   </trkpt>
   <trkpt lat="48.1465350" lon="6.9192690">
    <ele>640.3</ele>
    <time>2024-04-26T14:19:14Z</time>
   </trkpt>
   <trkpt lat="48.1465080" lon="6.9192630">
    <ele>640.4</ele>
    <time>2024-04-26T14:19:15Z</time>
   </trkpt>
   <trkpt lat="48.1464690" lon="6.9192510">
    <ele>640.6</ele>
    <time>2024-04-26T14:19:16Z</time>
   </trkpt>
   <trkpt lat="48.1464560" lon="6.9192470">
    <ele>640.7</ele>
    <time>2024-04-26T14:19:17Z</time>
   </trkpt>
   <trkpt lat="48.1464180" lon="6.9192350">
    <ele>640.9</ele>
    <time>2024-04-26T14:19:18Z</time>
   </trkpt>
   <trkpt lat="48.1464050" lon="6.9192310">
    <ele>641.0</ele>
    <time>2024-04-26T14:19:19Z</time>
   </trkpt>
   <trkpt lat="48.1463670" lon="6.9192180">
    <ele>641.2</ele>
    <time>2024-04-26T14:19:20Z</time>
   </trkpt>
   <trkpt lat="48.1463540" lon="6.9192150">
    <ele>641.2</ele>
    <time>2024-04-26T14:19:21Z</time>
   </trkpt>
   <trkpt lat="48.1463160" lon="6.9192030">
    <ele>641.4</ele>
    <time>2024-04-26T14:19:22Z</time>
   </trkpt>
   <trkpt lat="48.1463040" lon="6.9191990">
    <ele>641.5</ele>
    <time>2024-04-26T14:19:23Z</time>
   </trkpt>
   <trkpt lat="48.1462640" lon="6.9191860">
    <ele>641.7</ele>
    <time>2024-04-26T14:19:24Z</time>
   </trkpt>
   <trkpt lat="48.1462510" lon="6.9191830">
    <ele>641.8</ele>
    <time>2024-04-26T14:19:25Z</time>
   </trkpt>
   <trkpt lat="48.1462120" lon="6.9191740">
    <ele>642.0</ele>
    <time>2024-04-26T14:19:26Z</time>
   </trkpt>
   <trkpt lat="48.1461990" lon="6.9191690">
    <ele>642.1</ele>
    <time>2024-04-26T14:19:27Z</time>
   </trkpt>
   <trkpt lat="48.1461610" lon="6.9191570">
    <ele>642.3</ele>
    <time>2024-04-26T14:19:28Z</time>
   </trkpt>
   <trkpt lat="48.1461480" lon="6.9191530">
    <ele>642.4</ele>
    <time>2024-04-26T14:19:29Z</time>
   </trkpt>
   <trkpt lat="48.1461100" lon="6.9191410">
    <ele>642.6</ele>
    <time>2024-04-26T14:19:30Z</time>
   </trkpt>
   <trkpt lat="48.1460970" lon="6.9191380">
    <ele>642.7</ele>
    <time>2024-04-26T14:19:31Z</time>
   </trkpt>
   <trkpt lat="48.1460590" lon="6.9191260">
    <ele>642.9</ele>
    <time>2024-04-26T14:19:32Z</time>
   </trkpt>
   <trkpt lat="48.1460470" lon="6.9191230">
    <ele>643.0</ele>
    <time>2024-04-26T14:19:33Z</time>
   </trkpt>
   <trkpt lat="48.1460100" lon="6.9191130">
    <ele>643.2</ele>
    <time>2024-04-26T14:19:34Z</time>
   </trkpt>
   <trkpt lat="48.1459980" lon="6.9191100">
    <ele>643.2</ele>
    <time>2024-04-26T14:19:35Z</time>
   </trkpt>
   <trkpt lat="48.1459620" lon="6.9190990">
    <ele>643.4</ele>
    <time>2024-04-26T14:19:36Z</time>
   </trkpt>
   <trkpt lat="48.1459500" lon="6.9190950">
    <ele>643.5</ele>
    <time>2024-04-26T14:19:37Z</time>
   </trkpt>
   <trkpt lat="48.1459130" lon="6.9190840">
    <ele>643.6</ele>
    <time>2024-04-26T14:19:38Z</time>
   </trkpt>
   <trkpt lat="48.1459010" lon="6.9190800">
    <ele>643.7</ele>
    <time>2024-04-26T14:19:39Z</time>
   </trkpt>
   <trkpt lat="48.1458650" lon="6.9190680">
    <ele>643.8</ele>
    <time>2024-04-26T14:19:40Z</time>
   </trkpt>
   <trkpt lat="48.1458530" lon="6.9190650">
    <ele>643.9</ele>
    <time>2024-04-26T14:19:41Z</time>
   </trkpt>
   <trkpt lat="48.1458160" lon="6.9190540">
    <ele>644.1</ele>
    <time>2024-04-26T14:19:42Z</time>
   </trkpt>
   <trkpt lat="48.1458040" lon="6.9190500">
    <ele>644.2</ele>
    <time>2024-04-26T14:19:43Z</time>
   </trkpt>
   <trkpt lat="48.1457680" lon="6.9190400">
    <ele>644.3</ele>
    <time>2024-04-26T14:19:44Z</time>
   </trkpt>
   <trkpt lat="48.1457560" lon="6.9190360">
    <ele>644.4</ele>
    <time>2024-04-26T14:19:45Z</time>
   </trkpt>
   <trkpt lat="48.1457190" lon="6.9190240">
    <ele>644.6</ele>
    <time>2024-04-26T14:19:46Z</time>
   </trkpt>
   <trkpt lat="48.1457070" lon="6.9190210">
    <ele>644.6</ele>
    <time>2024-04-26T14:19:47Z</time>
   </trkpt>
   <trkpt lat="48.1456700" lon="6.9190100">
    <ele>644.8</ele>
    <time>2024-04-26T14:19:48Z</time>
   </trkpt>
   <trkpt lat="48.1456580" lon="6.9190060">
    <ele>644.9</ele>
    <time>2024-04-26T14:19:49Z</time>
   </trkpt>
   <trkpt lat="48.1456210" lon="6.9189960">
    <ele>645.2</ele>
    <time>2024-04-26T14:19:50Z</time>
   </trkpt>
   <trkpt lat="48.1456090" lon="6.9189910">
    <ele>645.3</ele>
    <time>2024-04-26T14:19:51Z</time>
   </trkpt>
   <trkpt lat="48.1455740" lon="6.9189770">
    <ele>645.6</ele>
    <time>2024-04-26T14:19:52Z</time>
   </trkpt>
   <trkpt lat="48.1455620" lon="6.9189720">
    <ele>645.7</ele>
    <time>2024-04-26T14:19:53Z</time>
   </trkpt>
   <trkpt lat="48.1455260" lon="6.9189580">
    <ele>646.0</ele>
    <time>2024-04-26T14:19:54Z</time>
   </trkpt>
   <trkpt lat="48.1455140" lon="6.9189530">
    <ele>646.1</ele>
    <time>2024-04-26T14:19:55Z</time>
   </trkpt>
   <trkpt lat="48.1454780" lon="6.9189360">
    <ele>646.4</ele>
    <time>2024-04-26T14:19:56Z</time>
   </trkpt>
   <trkpt lat="48.1454660" lon="6.9189300">
    <ele>646.5</ele>
    <time>2024-04-26T14:19:57Z</time>
   </trkpt>
   <trkpt lat="48.1454310" lon="6.9189100">
    <ele>646.9</ele>
    <time>2024-04-26T14:19:58Z</time>
   </trkpt>
   <trkpt lat="48.1454190" lon="6.9189040">
    <ele>647.0</ele>
    <time>2024-04-26T14:19:59Z</time>
   </trkpt>
   <trkpt lat="48.1453830" lon="6.9188880">
    <ele>647.3</ele>
    <time>2024-04-26T14:20:00Z</time>
   </trkpt>
   <trkpt lat="48.1453710" lon="6.9188840">
    <ele>647.4</ele>
    <time>2024-04-26T14:20:01Z</time>
   </trkpt>
   <trkpt lat="48.1453380" lon="6.9188650">
    <ele>647.7</ele>
    <time>2024-04-26T14:20:02Z</time>
   </trkpt>
   <trkpt lat="48.1453270" lon="6.9188570">
    <ele>647.8</ele>
    <time>2024-04-26T14:20:03Z</time>
   </trkpt>
   <trkpt lat="48.1452940" lon="6.9188360">
    <ele>648.1</ele>
    <time>2024-04-26T14:20:04Z</time>
   </trkpt>
   <trkpt lat="48.1452830" lon="6.9188300">
    <ele>648.2</ele>
    <time>2024-04-26T14:20:05Z</time>
   </trkpt>
   <trkpt lat="48.1452490" lon="6.9188110">
    <ele>648.5</ele>
    <time>2024-04-26T14:20:06Z</time>
   </trkpt>
   <trkpt lat="48.1452370" lon="6.9188050">
    <ele>648.6</ele>
    <time>2024-04-26T14:20:07Z</time>
   </trkpt>
   <trkpt lat="48.1452020" lon="6.9187870">
    <ele>648.9</ele>
    <time>2024-04-26T14:20:08Z</time>
   </trkpt>
   <trkpt lat="48.1451910" lon="6.9187800">
    <ele>649.0</ele>
    <time>2024-04-26T14:20:09Z</time>
   </trkpt>
   <trkpt lat="48.1451580" lon="6.9187530">
    <ele>649.4</ele>
    <time>2024-04-26T14:20:10Z</time>
   </trkpt>
   <trkpt lat="48.1451470" lon="6.9187450">
    <ele>649.5</ele>
    <time>2024-04-26T14:20:11Z</time>
   </trkpt>
   <trkpt lat="48.1451130" lon="6.9187220">
    <ele>649.8</ele>
    <time>2024-04-26T14:20:12Z</time>
   </trkpt>
   <trkpt lat="48.1451020" lon="6.9187150">
    <ele>649.9</ele>
    <time>2024-04-26T14:20:13Z</time>
   </trkpt>
   <trkpt lat="48.1450680" lon="6.9186940">
    <ele>650.3</ele>
    <time>2024-04-26T14:20:14Z</time>
   </trkpt>
   <trkpt lat="48.1450570" lon="6.9186860">
    <ele>650.4</ele>
    <time>2024-04-26T14:20:15Z</time>
   </trkpt>
   <trkpt lat="48.1450250" lon="6.9186640">
    <ele>650.7</ele>
    <time>2024-04-26T14:20:16Z</time>
   </trkpt>
   <trkpt lat="48.1450140" lon="6.9186560">
    <ele>650.8</ele>
    <time>2024-04-26T14:20:17Z</time>
   </trkpt>
   <trkpt lat="48.1449810" lon="6.9186360">
    <ele>651.1</ele>
    <time>2024-04-26T14:20:18Z</time>
   </trkpt>
   <trkpt lat="48.1449700" lon="6.9186300">
    <ele>651.2</ele>
    <time>2024-04-26T14:20:19Z</time>
   </trkpt>
   <trkpt lat="48.1449370" lon="6.9186110">
    <ele>651.6</ele>
    <time>2024-04-26T14:20:20Z</time>
   </trkpt>
   <trkpt lat="48.1449260" lon="6.9186050">
    <ele>651.7</ele>
    <time>2024-04-26T14:20:21Z</time>
   </trkpt>
   <trkpt lat="48.1448940" lon="6.9185810">
    <ele>652.0</ele>
    <time>2024-04-26T14:20:22Z</time>
   </trkpt>
   <trkpt lat="48.1448830" lon="6.9185730">
    <ele>652.1</ele>
    <time>2024-04-26T14:20:23Z</time>
   </trkpt>
   <trkpt lat="48.1448500" lon="6.9185510">
    <ele>652.4</ele>
    <time>2024-04-26T14:20:24Z</time>
   </trkpt>
   <trkpt lat="48.1448390" lon="6.9185440">
    <ele>652.5</ele>
    <time>2024-04-26T14:20:25Z</time>
   </trkpt>
   <trkpt lat="48.1448060" lon="6.9185220">
    <ele>652.8</ele>
    <time>2024-04-26T14:20:26Z</time>
   </trkpt>
   <trkpt lat="48.1447950" lon="6.9185140">
    <ele>652.9</ele>
    <time>2024-04-26T14:20:27Z</time>
   </trkpt>
   <trkpt lat="48.1447620" lon="6.9184930">
    <ele>653.1</ele>
    <time>2024-04-26T14:20:28Z</time>
   </trkpt>
   <trkpt lat="48.1447510" lon="6.9184860">
    <ele>653.0</ele>
    <time>2024-04-26T14:20:29Z</time>
   </trkpt>
   <trkpt lat="48.1447180" lon="6.9184650">
    <ele>653.0</ele>
    <time>2024-04-26T14:20:30Z</time>
   </trkpt>
   <trkpt lat="48.1447080" lon="6.9184580">
    <ele>652.9</ele>
    <time>2024-04-26T14:20:31Z</time>
   </trkpt>
   <trkpt lat="48.1446770" lon="6.9184350">
    <ele>653.1</ele>
    <time>2024-04-26T14:20:32Z</time>
   </trkpt>
   <trkpt lat="48.1446670" lon="6.9184270">
    <ele>653.2</ele>
    <time>2024-04-26T14:20:33Z</time>
   </trkpt>
   <trkpt lat="48.1446360" lon="6.9184080">
    <ele>653.4</ele>
    <time>2024-04-26T14:20:34Z</time>
   </trkpt>
   <trkpt lat="48.1446250" lon="6.9184020">
    <ele>653.5</ele>
    <time>2024-04-26T14:20:35Z</time>
   </trkpt>
   <trkpt lat="48.1445950" lon="6.9183800">
    <ele>653.7</ele>
    <time>2024-04-26T14:20:36Z</time>
   </trkpt>
   <trkpt lat="48.1445850" lon="6.9183720">
    <ele>653.7</ele>
    <time>2024-04-26T14:20:37Z</time>
   </trkpt>
   <trkpt lat="48.1445540" lon="6.9183550">
    <ele>654.0</ele>
    <time>2024-04-26T14:20:38Z</time>
   </trkpt>
   <trkpt lat="48.1445440" lon="6.9183490">
    <ele>654.0</ele>
    <time>2024-04-26T14:20:39Z</time>
   </trkpt>
   <trkpt lat="48.1445130" lon="6.9183280">
    <ele>654.2</ele>
    <time>2024-04-26T14:20:40Z</time>
   </trkpt>
   <trkpt lat="48.1445030" lon="6.9183210">
    <ele>654.3</ele>
    <time>2024-04-26T14:20:41Z</time>
   </trkpt>
   <trkpt lat="48.1444730" lon="6.9182990">
    <ele>654.5</ele>
    <time>2024-04-26T14:20:42Z</time>
   </trkpt>
   <trkpt lat="48.1444630" lon="6.9182920">
    <ele>654.6</ele>
    <time>2024-04-26T14:20:43Z</time>
   </trkpt>
   <trkpt lat="48.1444320" lon="6.9182710">
    <ele>654.8</ele>
    <time>2024-04-26T14:20:44Z</time>
   </trkpt>
   <trkpt lat="48.1444220" lon="6.9182650">
    <ele>654.9</ele>
    <time>2024-04-26T14:20:45Z</time>
   </trkpt>
   <trkpt lat="48.1443910" lon="6.9182440">
    <ele>655.2</ele>
    <time>2024-04-26T14:20:46Z</time>
   </trkpt>
   <trkpt lat="48.1443810" lon="6.9182360">
    <ele>655.2</ele>
    <time>2024-04-26T14:20:47Z</time>
   </trkpt>
   <trkpt lat="48.1443490" lon="6.9182160">
    <ele>655.5</ele>
    <time>2024-04-26T14:20:48Z</time>
   </trkpt>
   <trkpt lat="48.1443390" lon="6.9182100">
    <ele>655.5</ele>
    <time>2024-04-26T14:20:49Z</time>
   </trkpt>
   <trkpt lat="48.1443070" lon="6.9181890">
    <ele>655.8</ele>
    <time>2024-04-26T14:20:50Z</time>
   </trkpt>
   <trkpt lat="48.1442970" lon="6.9181820">
    <ele>655.8</ele>
    <time>2024-04-26T14:20:51Z</time>
   </trkpt>
   <trkpt lat="48.1442660" lon="6.9181600">
    <ele>656.1</ele>
    <time>2024-04-26T14:20:52Z</time>
   </trkpt>
   <trkpt lat="48.1442550" lon="6.9181530">
    <ele>656.2</ele>
    <time>2024-04-26T14:20:53Z</time>
   </trkpt>
   <trkpt lat="48.1442230" lon="6.9181300">
    <ele>656.4</ele>
    <time>2024-04-26T14:20:54Z</time>
   </trkpt>
   <trkpt lat="48.1442120" lon="6.9181230">
    <ele>656.5</ele>
    <time>2024-04-26T14:20:55Z</time>
   </trkpt>
   <trkpt lat="48.1441800" lon="6.9181020">
    <ele>656.7</ele>
    <time>2024-04-26T14:20:56Z</time>
   </trkpt>
   <trkpt lat="48.1441690" lon="6.9180950">
    <ele>656.8</ele>
    <time>2024-04-26T14:20:57Z</time>
   </trkpt>
   <trkpt lat="48.1441360" lon="6.9180740">
    <ele>657.0</ele>
    <time>2024-04-26T14:20:58Z</time>
   </trkpt>
   <trkpt lat="48.1441260" lon="6.9180670">
    <ele>657.1</ele>
    <time>2024-04-26T14:20:59Z</time>
   </trkpt>
   <trkpt lat="48.1440940" lon="6.9180440">
    <ele>657.3</ele>
    <time>2024-04-26T14:21:00Z</time>
   </trkpt>
   <trkpt lat="48.1440830" lon="6.9180360">
    <ele>657.4</ele>
    <time>2024-04-26T14:21:01Z</time>
   </trkpt>
   <trkpt lat="48.1440510" lon="6.9180140">
    <ele>657.6</ele>
    <time>2024-04-26T14:21:02Z</time>
   </trkpt>
   <trkpt lat="48.1440390" lon="6.9180070">
    <ele>657.7</ele>
    <time>2024-04-26T14:21:03Z</time>
   </trkpt>
   <trkpt lat="48.1440070" lon="6.9179860">
    <ele>657.9</ele>
    <time>2024-04-26T14:21:04Z</time>
   </trkpt>
   <trkpt lat="48.1439960" lon="6.9179790">
    <ele>658.0</ele>
    <time>2024-04-26T14:21:05Z</time>
   </trkpt>
   <trkpt lat="48.1439650" lon="6.9179570">
    <ele>658.3</ele>
    <time>2024-04-26T14:21:06Z</time>
   </trkpt>
   <trkpt lat="48.1439540" lon="6.9179500">
    <ele>658.3</ele>
    <time>2024-04-26T14:21:07Z</time>
   </trkpt>
   <trkpt lat="48.1439210" lon="6.9179290">
    <ele>658.6</ele>
    <time>2024-04-26T14:21:08Z</time>
   </trkpt>
   <trkpt lat="48.1439110" lon="6.9179220">
    <ele>658.6</ele>
    <time>2024-04-26T14:21:09Z</time>
   </trkpt>
   <trkpt lat="48.1438780" lon="6.9179020">
    <ele>658.9</ele>
    <time>2024-04-26T14:21:10Z</time>
   </trkpt>
   <trkpt lat="48.1438670" lon="6.9178960">
    <ele>658.9</ele>
    <time>2024-04-26T14:21:11Z</time>
   </trkpt>
   <trkpt lat="48.1438350" lon="6.9178730">
    <ele>659.2</ele>
    <time>2024-04-26T14:21:12Z</time>
   </trkpt>
   <trkpt lat="48.1438250" lon="6.9178650">
    <ele>659.2</ele>
    <time>2024-04-26T14:21:13Z</time>
   </trkpt>
   <trkpt lat="48.1437940" lon="6.9178400">
    <ele>659.4</ele>
    <time>2024-04-26T14:21:14Z</time>
   </trkpt>
   <trkpt lat="48.1437840" lon="6.9178320">
    <ele>659.5</ele>
    <time>2024-04-26T14:21:15Z</time>
   </trkpt>
   <trkpt lat="48.1437510" lon="6.9178100">
    <ele>659.7</ele>
    <time>2024-04-26T14:21:16Z</time>
   </trkpt>
   <trkpt lat="48.1437400" lon="6.9178020">
    <ele>659.8</ele>
    <time>2024-04-26T14:21:17Z</time>
   </trkpt>
   <trkpt lat="48.1437070" lon="6.9177820">
    <ele>660.0</ele>
    <time>2024-04-26T14:21:18Z</time>
   </trkpt>
   <trkpt lat="48.1436950" lon="6.9177750">
    <ele>660.1</ele>
    <time>2024-04-26T14:21:19Z</time>
   </trkpt>
   <trkpt lat="48.1436620" lon="6.9177520">
    <ele>660.3</ele>
    <time>2024-04-26T14:21:20Z</time>
   </trkpt>
   <trkpt lat="48.1436510" lon="6.9177440">
    <ele>660.4</ele>
    <time>2024-04-26T14:21:21Z</time>
   </trkpt>
   <trkpt lat="48.1436160" lon="6.9177240">
    <ele>660.7</ele>
    <time>2024-04-26T14:21:22Z</time>
   </trkpt>
   <trkpt lat="48.1436050" lon="6.9177170">
    <ele>660.7</ele>
    <time>2024-04-26T14:21:23Z</time>
   </trkpt>
   <trkpt lat="48.1435730" lon="6.9176960">
    <ele>661.0</ele>
    <time>2024-04-26T14:21:24Z</time>
   </trkpt>
   <trkpt lat="48.1435630" lon="6.9176880">
    <ele>661.0</ele>
    <time>2024-04-26T14:21:25Z</time>
   </trkpt>
   <trkpt lat="48.1435310" lon="6.9176670">
    <ele>661.3</ele>
    <time>2024-04-26T14:21:26Z</time>
   </trkpt>
   <trkpt lat="48.1435200" lon="6.9176610">
    <ele>661.4</ele>
    <time>2024-04-26T14:21:27Z</time>
   </trkpt>
   <trkpt lat="48.1434880" lon="6.9176360">
    <ele>661.6</ele>
    <time>2024-04-26T14:21:28Z</time>
   </trkpt>
   <trkpt lat="48.1434770" lon="6.9176290">
    <ele>661.7</ele>
    <time>2024-04-26T14:21:29Z</time>
   </trkpt>
   <trkpt lat="48.1434440" lon="6.9176060">
    <ele>661.9</ele>
    <time>2024-04-26T14:21:30Z</time>
   </trkpt>
   <trkpt lat="48.1434330" lon="6.9175980">
    <ele>662.0</ele>
    <time>2024-04-26T14:21:31Z</time>
   </trkpt>
   <trkpt lat="48.1434000" lon="6.9175800">
    <ele>662.2</ele>
    <time>2024-04-26T14:21:32Z</time>
   </trkpt>
   <trkpt lat="48.1433890" lon="6.9175740">
    <ele>662.3</ele>
    <time>2024-04-26T14:21:33Z</time>
   </trkpt>
   <trkpt lat="48.1433560" lon="6.9175560">
    <ele>662.5</ele>
    <time>2024-04-26T14:21:34Z</time>
   </trkpt>
   <trkpt lat="48.1433450" lon="6.9175480">
    <ele>662.6</ele>
    <time>2024-04-26T14:21:35Z</time>
   </trkpt>
   <trkpt lat="48.1433130" lon="6.9175270">
    <ele>662.8</ele>
    <time>2024-04-26T14:21:36Z</time>
   </trkpt>
   <trkpt lat="48.1433020" lon="6.9175200">
    <ele>662.9</ele>
    <time>2024-04-26T14:21:37Z</time>
   </trkpt>
   <trkpt lat="48.1432700" lon="6.9174980">
    <ele>663.1</ele>
    <time>2024-04-26T14:21:38Z</time>
   </trkpt>
   <trkpt lat="48.1432590" lon="6.9174910">
    <ele>663.2</ele>
    <time>2024-04-26T14:21:39Z</time>
   </trkpt>
   <trkpt lat="48.1432270" lon="6.9174680">
    <ele>663.4</ele>
    <time>2024-04-26T14:21:40Z</time>
   </trkpt>
   <trkpt lat="48.1432170" lon="6.9174600">
    <ele>663.5</ele>
    <time>2024-04-26T14:21:41Z</time>
   </trkpt>
   <trkpt lat="48.1431850" lon="6.9174360">
    <ele>663.7</ele>
    <time>2024-04-26T14:21:42Z</time>
   </trkpt>
   <trkpt lat="48.1431740" lon="6.9174280">
    <ele>663.8</ele>
    <time>2024-04-26T14:21:43Z</time>
   </trkpt>
   <trkpt lat="48.1431390" lon="6.9174070">
    <ele>664.0</ele>
    <time>2024-04-26T14:21:44Z</time>
   </trkpt>
   <trkpt lat="48.1431280" lon="6.9174010">
    <ele>664.1</ele>
    <time>2024-04-26T14:21:45Z</time>
   </trkpt>
   <trkpt lat="48.1430940" lon="6.9173790">
    <ele>664.3</ele>
    <time>2024-04-26T14:21:46Z</time>
   </trkpt>
   <trkpt lat="48.1430830" lon="6.9173720">
    <ele>664.4</ele>
    <time>2024-04-26T14:21:47Z</time>
   </trkpt>
   <trkpt lat="48.1430500" lon="6.9173510">
    <ele>664.7</ele>
    <time>2024-04-26T14:21:48Z</time>
   </trkpt>
   <trkpt lat="48.1430380" lon="6.9173440">
    <ele>664.7</ele>
    <time>2024-04-26T14:21:49Z</time>
   </trkpt>
   <trkpt lat="48.1430050" lon="6.9173210">
    <ele>665.0</ele>
    <time>2024-04-26T14:21:50Z</time>
   </trkpt>
   <trkpt lat="48.1429930" lon="6.9173140">
    <ele>665.1</ele>
    <time>2024-04-26T14:21:51Z</time>
   </trkpt>
   <trkpt lat="48.1429610" lon="6.9172920">
    <ele>665.3</ele>
    <time>2024-04-26T14:21:52Z</time>
   </trkpt>
   <trkpt lat="48.1429500" lon="6.9172840">
    <ele>665.4</ele>
    <time>2024-04-26T14:21:53Z</time>
   </trkpt>
   <trkpt lat="48.1429160" lon="6.9172650">
    <ele>665.6</ele>
    <time>2024-04-26T14:21:54Z</time>
   </trkpt>
   <trkpt lat="48.1429050" lon="6.9172580">
    <ele>665.7</ele>
    <time>2024-04-26T14:21:55Z</time>
   </trkpt>
   <trkpt lat="48.1428700" lon="6.9172390">
    <ele>665.9</ele>
    <time>2024-04-26T14:21:56Z</time>
   </trkpt>
   <trkpt lat="48.1428590" lon="6.9172320">
    <ele>666.0</ele>
    <time>2024-04-26T14:21:57Z</time>
   </trkpt>
   <trkpt lat="48.1428290" lon="6.9172070">
    <ele>666.2</ele>
    <time>2024-04-26T14:21:58Z</time>
   </trkpt>
   <trkpt lat="48.1428190" lon="6.9171990">
    <ele>666.2</ele>
    <time>2024-04-26T14:21:59Z</time>
   </trkpt>
   <trkpt lat="48.1427950" lon="6.9171780">
    <ele>666.4</ele>
    <time>2024-04-26T14:22:00Z</time>
   </trkpt>
   <trkpt lat="48.1427880" lon="6.9171730">
    <ele>666.5</ele>
    <time>2024-04-26T14:22:01Z</time>
   </trkpt>
   <trkpt lat="48.1427740" lon="6.9171660">
    <ele>666.5</ele>
    <time>2024-04-26T14:22:02Z</time>
   </trkpt>
   <trkpt lat="48.1427640" lon="6.9171580">
    <ele>666.6</ele>
    <time>2024-04-26T14:22:03Z</time>
   </trkpt>
   <trkpt lat="48.1427580" lon="6.9171450">
    <ele>666.7</ele>
    <time>2024-04-26T14:22:04Z</time>
   </trkpt>
   <trkpt lat="48.1427510" lon="6.9171330">
    <ele>666.7</ele>
    <time>2024-04-26T14:22:05Z</time>
   </trkpt>
   <trkpt lat="48.1427420" lon="6.9171250">
    <ele>666.8</ele>
    <time>2024-04-26T14:22:06Z</time>
   </trkpt>
   <trkpt lat="48.1427340" lon="6.9171220">
    <ele>666.8</ele>
    <time>2024-04-26T14:22:07Z</time>
   </trkpt>
   <trkpt lat="48.1427280" lon="6.9171210">
    <ele>666.9</ele>
    <time>2024-04-26T14:22:08Z</time>
   </trkpt>
   <trkpt lat="48.1427250" lon="6.9171250">
    <ele>666.9</ele>
    <time>2024-04-26T14:22:09Z</time>
   </trkpt>
   <trkpt lat="48.1427240" lon="6.9171280">
    <ele>666.9</ele>
    <time>2024-04-26T14:22:10Z</time>
   </trkpt>
   <trkpt lat="48.1427240" lon="6.9171300">
    <ele>666.9</ele>
    <time>2024-04-26T14:22:11Z</time>
   </trkpt>
   <trkpt lat="48.1427240" lon="6.9171320">
    <ele>666.9</ele>
    <time>2024-04-26T14:22:12Z</time>
   </trkpt>
   <trkpt lat="48.1427240" lon="6.9171320">
    <ele>666.9</ele>
    <time>2024-04-26T14:22:13Z</time>
   </trkpt>
   <trkpt lat="48.1427230" lon="6.9171320">
    <ele>666.9</ele>
    <time>2024-04-26T14:22:14Z</time>
   </trkpt>
   <trkpt lat="48.1427230" lon="6.9171330">
    <ele>666.9</ele>
    <time>2024-04-26T14:22:15Z</time>
   </trkpt>
   <trkpt lat="48.1427220" lon="6.9171330">
    <ele>666.9</ele>
    <time>2024-04-26T14:22:16Z</time>
   </trkpt>
   <trkpt lat="48.1427220" lon="6.9171330">
    <ele>666.9</ele>
    <time>2024-04-26T14:22:17Z</time>
   </trkpt>
   <trkpt lat="48.1427220" lon="6.9171330">
    <ele>666.9</ele>
    <time>2024-04-26T14:22:18Z</time>
   </trkpt>
   <trkpt lat="48.1427210" lon="6.9171330">
    <ele>666.9</ele>
    <time>2024-04-26T14:22:19Z</time>
   </trkpt>
   <trkpt lat="48.1426990" lon="6.9171480">
    <ele>667.1</ele>
    <time>2024-04-26T14:33:36Z</time>
   </trkpt>
   <trkpt lat="48.1426820" lon="6.9171490">
    <ele>667.2</ele>
    <time>2024-04-26T14:33:37Z</time>
   </trkpt>
   <trkpt lat="48.1426650" lon="6.9171450">
    <ele>667.3</ele>
    <time>2024-04-26T14:33:38Z</time>
   </trkpt>
   <trkpt lat="48.1426340" lon="6.9171260">
    <ele>667.5</ele>
    <time>2024-04-26T14:33:39Z</time>
   </trkpt>
   <trkpt lat="48.1426220" lon="6.9171190">
    <ele>667.5</ele>
    <time>2024-04-26T14:33:40Z</time>
   </trkpt>
   <trkpt lat="48.1425930" lon="6.9171020">
    <ele>667.7</ele>
    <time>2024-04-26T14:33:41Z</time>
   </trkpt>
   <trkpt lat="48.1425630" lon="6.9170880">
    <ele>667.8</ele>
    <time>2024-04-26T14:33:42Z</time>
   </trkpt>
   <trkpt lat="48.1425320" lon="6.9170740">
    <ele>668.0</ele>
    <time>2024-04-26T14:33:43Z</time>
   </trkpt>
   <trkpt lat="48.1425010" lon="6.9170590">
    <ele>668.1</ele>
    <time>2024-04-26T14:33:44Z</time>
   </trkpt>
   <trkpt lat="48.1424680" lon="6.9170450">
    <ele>668.3</ele>
    <time>2024-04-26T14:33:45Z</time>
   </trkpt>
   <trkpt lat="48.1424360" lon="6.9170340">
    <ele>668.4</ele>
    <time>2024-04-26T14:33:46Z</time>
   </trkpt>
   <trkpt lat="48.1424040" lon="6.9170230">
    <ele>668.5</ele>
    <time>2024-04-26T14:33:47Z</time>
   </trkpt>
   <trkpt lat="48.1423720" lon="6.9170130">
    <ele>668.6</ele>
    <time>2024-04-26T14:33:48Z</time>
   </trkpt>
   <trkpt lat="48.1423390" lon="6.9170040">
    <ele>668.7</ele>
    <time>2024-04-26T14:33:49Z</time>
   </trkpt>
   <trkpt lat="48.1423060" lon="6.9169960">
    <ele>668.9</ele>
    <time>2024-04-26T14:33:50Z</time>
   </trkpt>
   <trkpt lat="48.1422740" lon="6.9169880">
    <ele>669.0</ele>
    <time>2024-04-26T14:33:51Z</time>
   </trkpt>
   <trkpt lat="48.1422420" lon="6.9169790">
    <ele>669.1</ele>
    <time>2024-04-26T14:33:52Z</time>
   </trkpt>
   <trkpt lat="48.1422100" lon="6.9169700">
    <ele>669.2</ele>
    <time>2024-04-26T14:33:53Z</time>
   </trkpt>
   <trkpt lat="48.1421780" lon="6.9169620">
    <ele>669.3</ele>
    <time>2024-04-26T14:33:54Z</time>
   </trkpt>
   <trkpt lat="48.1421460" lon="6.9169540">
    <ele>669.5</ele>
    <time>2024-04-26T14:33:55Z</time>
   </trkpt>
   <trkpt lat="48.1421140" lon="6.9169460">
    <ele>669.6</ele>
    <time>2024-04-26T14:33:56Z</time>
   </trkpt>
   <trkpt lat="48.1420810" lon="6.9169370">
    <ele>669.7</ele>
    <time>2024-04-26T14:33:57Z</time>
   </trkpt>
   <trkpt lat="48.1420490" lon="6.9169290">
    <ele>669.8</ele>
    <time>2024-04-26T14:33:58Z</time>
   </trkpt>
   <trkpt lat="48.1420160" lon="6.9169210">
    <ele>669.9</ele>
    <time>2024-04-26T14:33:59Z</time>
   </trkpt>
   <trkpt lat="48.1419840" lon="6.9169120">
    <ele>670.0</ele>
    <time>2024-04-26T14:34:00Z</time>
   </trkpt>
   <trkpt lat="48.1419510" lon="6.9169040">
    <ele>670.1</ele>
    <time>2024-04-26T14:34:01Z</time>
   </trkpt>
   <trkpt lat="48.1419190" lon="6.9168960">
    <ele>670.2</ele>
    <time>2024-04-26T14:34:02Z</time>
   </trkpt>
   <trkpt lat="48.1418870" lon="6.9168880">
    <ele>670.4</ele>
    <time>2024-04-26T14:34:03Z</time>
   </trkpt>
   <trkpt lat="48.1418550" lon="6.9168800">
    <ele>670.5</ele>
    <time>2024-04-26T14:34:04Z</time>
   </trkpt>
   <trkpt lat="48.1418230" lon="6.9168720">
    <ele>670.6</ele>
    <time>2024-04-26T14:34:05Z</time>
   </trkpt>
   <trkpt lat="48.1417920" lon="6.9168640">
    <ele>670.7</ele>
    <time>2024-04-26T14:34:06Z</time>
   </trkpt>
   <trkpt lat="48.1417600" lon="6.9168570">
    <ele>670.8</ele>
    <time>2024-04-26T14:34:07Z</time>
   </trkpt>
   <trkpt lat="48.1417290" lon="6.9168480">
    <ele>670.9</ele>
    <time>2024-04-26T14:34:08Z</time>
   </trkpt>
   <trkpt lat="48.1416970" lon="6.9168380">
    <ele>671.0</ele>
    <time>2024-04-26T14:34:09Z</time>
   </trkpt>
   <trkpt lat="48.1416650" lon="6.9168280">
    <ele>671.2</ele>
    <time>2024-04-26T14:34:10Z</time>
   </trkpt>
   <trkpt lat="48.1416330" lon="6.9168190">
    <ele>671.3</ele>
    <time>2024-04-26T14:34:11Z</time>
   </trkpt>
   <trkpt lat="48.1416020" lon="6.9168100">
    <ele>671.4</ele>
    <time>2024-04-26T14:34:12Z</time>
   </trkpt>
   <trkpt lat="48.1415710" lon="6.9168020">
    <ele>671.6</ele>
    <time>2024-04-26T14:34:13Z</time>
   </trkpt>
   <trkpt lat="48.1415390" lon="6.9167930">
    <ele>671.7</ele>
    <time>2024-04-26T14:34:14Z</time>
   </trkpt>
   <trkpt lat="48.1415070" lon="6.9167850">
    <ele>671.8</ele>
    <time>2024-04-26T14:34:15Z</time>
   </trkpt>
   <trkpt lat="48.1414760" lon="6.9167760">
    <ele>672.0</ele>
    <time>2024-04-26T14:34:16Z</time>
   </trkpt>
   <trkpt lat="48.1414440" lon="6.9167680">
    <ele>672.1</ele>
    <time>2024-04-26T14:34:17Z</time>
   </trkpt>
   <trkpt lat="48.1414120" lon="6.9167580">
    <ele>672.2</ele>
    <time>2024-04-26T14:34:18Z</time>
   </trkpt>
   <trkpt lat="48.1413800" lon="6.9167480">
    <ele>672.4</ele>
    <time>2024-04-26T14:34:19Z</time>
   </trkpt>
   <trkpt lat="48.1413490" lon="6.9167390">
    <ele>672.5</ele>
    <time>2024-04-26T14:34:20Z</time>
   </trkpt>
   <trkpt lat="48.1413170" lon="6.9167310">
    <ele>672.6</ele>
    <time>2024-04-26T14:34:21Z</time>
   </trkpt>
   <trkpt lat="48.1412870" lon="6.9167230">
    <ele>672.8</ele>
    <time>2024-04-26T14:34:22Z</time>
   </trkpt>
   <trkpt lat="48.1412570" lon="6.9167150">
    <ele>672.9</ele>
    <time>2024-04-26T14:34:23Z</time>
   </trkpt>
   <trkpt lat="48.1412280" lon="6.9167060">
    <ele>673.0</ele>
    <time>2024-04-26T14:34:24Z</time>
   </trkpt>
   <trkpt lat="48.1411980" lon="6.9166980">
    <ele>673.2</ele>
    <time>2024-04-26T14:34:25Z</time>
   </trkpt>
   <trkpt lat="48.1411680" lon="6.9166890">
    <ele>673.3</ele>
    <time>2024-04-26T14:34:26Z</time>
   </trkpt>
   <trkpt lat="48.1411390" lon="6.9166800">
    <ele>673.4</ele>
    <time>2024-04-26T14:34:27Z</time>
   </trkpt>
   <trkpt lat="48.1411090" lon="6.9166720">
    <ele>673.6</ele>
    <time>2024-04-26T14:34:28Z</time>
   </trkpt>
   <trkpt lat="48.1410780" lon="6.9166630">
    <ele>673.7</ele>
    <time>2024-04-26T14:34:29Z</time>
   </trkpt>
   <trkpt lat="48.1410480" lon="6.9166550">
    <ele>673.9</ele>
    <time>2024-04-26T14:34:30Z</time>
   </trkpt>
   <trkpt lat="48.1410180" lon="6.9166450">
    <ele>674.0</ele>
    <time>2024-04-26T14:34:31Z</time>
   </trkpt>
   <trkpt lat="48.1409880" lon="6.9166360">
    <ele>674.1</ele>
    <time>2024-04-26T14:34:32Z</time>
   </trkpt>
   <trkpt lat="48.1409570" lon="6.9166280">
    <ele>674.3</ele>
    <time>2024-04-26T14:34:33Z</time>
   </trkpt>
   <trkpt lat="48.1409270" lon="6.9166200">
    <ele>674.4</ele>
    <time>2024-04-26T14:34:34Z</time>
   </trkpt>
   <trkpt lat="48.1408960" lon="6.9166130">
    <ele>674.5</ele>
    <time>2024-04-26T14:34:35Z</time>
   </trkpt>
   <trkpt lat="48.1408650" lon="6.9166040">
    <ele>674.7</ele>
    <time>2024-04-26T14:34:36Z</time>
   </trkpt>
   <trkpt lat="48.1408330" lon="6.9165970">
    <ele>674.8</ele>
    <time>2024-04-26T14:34:37Z</time>
   </trkpt>
   <trkpt lat="48.1408010" lon="6.9165900">
    <ele>675.0</ele>
    <time>2024-04-26T14:34:38Z</time>
   </trkpt>
   <trkpt lat="48.1407700" lon="6.9165840">
    <ele>675.1</ele>
    <time>2024-04-26T14:34:39Z</time>
   </trkpt>
   <trkpt lat="48.1407380" lon="6.9165770">
    <ele>675.3</ele>
    <time>2024-04-26T14:34:40Z</time>
   </trkpt>
   <trkpt lat="48.1407060" lon="6.9165700">
    <ele>675.4</ele>
    <time>2024-04-26T14:34:41Z</time>
   </trkpt>
   <trkpt lat="48.1406750" lon="6.9165630">
    <ele>675.5</ele>
    <time>2024-04-26T14:34:42Z</time>
   </trkpt>
   <trkpt lat="48.1406440" lon="6.9165560">
    <ele>675.7</ele>
    <time>2024-04-26T14:34:43Z</time>
   </trkpt>
   <trkpt lat="48.1406130" lon="6.9165500">
    <ele>675.8</ele>
    <time>2024-04-26T14:34:44Z</time>
   </trkpt>
   <trkpt lat="48.1405820" lon="6.9165430">
    <ele>676.0</ele>
    <time>2024-04-26T14:34:45Z</time>
   </trkpt>
   <trkpt lat="48.1405500" lon="6.9165400">
    <ele>676.1</ele>
    <time>2024-04-26T14:34:46Z</time>
   </trkpt>
   <trkpt lat="48.1405180" lon="6.9165360">
    <ele>676.3</ele>
    <time>2024-04-26T14:34:47Z</time>
   </trkpt>
   <trkpt lat="48.1404860" lon="6.9165330">
    <ele>676.4</ele>
    <time>2024-04-26T14:34:48Z</time>
   </trkpt>
   <trkpt lat="48.1404530" lon="6.9165310">
    <ele>676.5</ele>
    <time>2024-04-26T14:34:49Z</time>
   </trkpt>
   <trkpt lat="48.1404210" lon="6.9165270">
    <ele>676.7</ele>
    <time>2024-04-26T14:34:50Z</time>
   </trkpt>
   <trkpt lat="48.1403890" lon="6.9165240">
    <ele>676.8</ele>
    <time>2024-04-26T14:34:51Z</time>
   </trkpt>
   <trkpt lat="48.1403570" lon="6.9165210">
    <ele>676.9</ele>
    <time>2024-04-26T14:34:52Z</time>
   </trkpt>
   <trkpt lat="48.1403230" lon="6.9165210">
    <ele>677.1</ele>
    <time>2024-04-26T14:34:53Z</time>
   </trkpt>
   <trkpt lat="48.1402880" lon="6.9165210">
    <ele>677.2</ele>
    <time>2024-04-26T14:34:54Z</time>
   </trkpt>
   <trkpt lat="48.1402530" lon="6.9165230">
    <ele>677.3</ele>
    <time>2024-04-26T14:34:55Z</time>
   </trkpt>
   <trkpt lat="48.1402180" lon="6.9165230">
    <ele>677.5</ele>
    <time>2024-04-26T14:34:56Z</time>
   </trkpt>
   <trkpt lat="48.1401850" lon="6.9165230">
    <ele>677.6</ele>
    <time>2024-04-26T14:34:57Z</time>
   </trkpt>
   <trkpt lat="48.1401500" lon="6.9165220">
    <ele>677.7</ele>
    <time>2024-04-26T14:34:58Z</time>
   </trkpt>
   <trkpt lat="48.1401140" lon="6.9165240">
    <ele>677.9</ele>
    <time>2024-04-26T14:34:59Z</time>
   </trkpt>
   <trkpt lat="48.1400770" lon="6.9165250">
    <ele>678.0</ele>
    <time>2024-04-26T14:35:00Z</time>
   </trkpt>
   <trkpt lat="48.1400400" lon="6.9165270">
    <ele>678.2</ele>
    <time>2024-04-26T14:35:01Z</time>
   </trkpt>
   <trkpt lat="48.1400010" lon="6.9165290">
    <ele>678.3</ele>
    <time>2024-04-26T14:35:02Z</time>
   </trkpt>
   <trkpt lat="48.1399640" lon="6.9165320">
    <ele>678.5</ele>
    <time>2024-04-26T14:35:03Z</time>
   </trkpt>
   <trkpt lat="48.1399250" lon="6.9165360">
    <ele>678.6</ele>
    <time>2024-04-26T14:35:04Z</time>
   </trkpt>
   <trkpt lat="48.1398860" lon="6.9165400">
    <ele>678.8</ele>
    <time>2024-04-26T14:35:05Z</time>
   </trkpt>
   <trkpt lat="48.1398480" lon="6.9165440">
    <ele>678.9</ele>
    <time>2024-04-26T14:35:06Z</time>
   </trkpt>
   <trkpt lat="48.1398100" lon="6.9165500">
    <ele>679.1</ele>
    <time>2024-04-26T14:35:07Z</time>
   </trkpt>
   <trkpt lat="48.1397740" lon="6.9165560">
    <ele>679.2</ele>
    <time>2024-04-26T14:35:08Z</time>
   </trkpt>
   <trkpt lat="48.1397370" lon="6.9165610">
    <ele>679.3</ele>
    <time>2024-04-26T14:35:09Z</time>
   </trkpt>
   <trkpt lat="48.1397010" lon="6.9165660">
    <ele>679.5</ele>
    <time>2024-04-26T14:35:10Z</time>
   </trkpt>
   <trkpt lat="48.1396640" lon="6.9165720">
    <ele>679.6</ele>
    <time>2024-04-26T14:35:11Z</time>
   </trkpt>
   <trkpt lat="48.1396270" lon="6.9165790">
    <ele>679.8</ele>
    <time>2024-04-26T14:35:12Z</time>
   </trkpt>
   <trkpt lat="48.1395920" lon="6.9165860">
    <ele>679.9</ele>
    <time>2024-04-26T14:35:13Z</time>
   </trkpt>
   <trkpt lat="48.1395560" lon="6.9165940">
    <ele>680.0</ele>
    <time>2024-04-26T14:35:14Z</time>
   </trkpt>
   <trkpt lat="48.1395200" lon="6.9166020">
    <ele>680.1</ele>
    <time>2024-04-26T14:35:15Z</time>
   </trkpt>
   <trkpt lat="48.1394840" lon="6.9166120">
    <ele>680.3</ele>
    <time>2024-04-26T14:35:16Z</time>
   </trkpt>
   <trkpt lat="48.1394480" lon="6.9166220">
    <ele>680.4</ele>
    <time>2024-04-26T14:35:17Z</time>
   </trkpt>
   <trkpt lat="48.1394110" lon="6.9166320">
    <ele>680.5</ele>
    <time>2024-04-26T14:35:18Z</time>
   </trkpt>
   <trkpt lat="48.1393760" lon="6.9166410">
    <ele>680.6</ele>
    <time>2024-04-26T14:35:19Z</time>
   </trkpt>
   <trkpt lat="48.1393410" lon="6.9166500">
    <ele>680.8</ele>
    <time>2024-04-26T14:35:20Z</time>
   </trkpt>
   <trkpt lat="48.1393040" lon="6.9166620">
    <ele>680.9</ele>
    <time>2024-04-26T14:35:21Z</time>
   </trkpt>
   <trkpt lat="48.1392690" lon="6.9166740">
    <ele>681.0</ele>
    <time>2024-04-26T14:35:22Z</time>
   </trkpt>
   <trkpt lat="48.1392320" lon="6.9166850">
    <ele>681.2</ele>
    <time>2024-04-26T14:35:23Z</time>
   </trkpt>
   <trkpt lat="48.1391960" lon="6.9166980">
    <ele>681.3</ele>
    <time>2024-04-26T14:35:24Z</time>
   </trkpt>
   <trkpt lat="48.1391600" lon="6.9167100">
    <ele>681.5</ele>
    <time>2024-04-26T14:35:25Z</time>
   </trkpt>
   <trkpt lat="48.1391250" lon="6.9167220">
    <ele>681.6</ele>
    <time>2024-04-26T14:35:26Z</time>
   </trkpt>
   <trkpt lat="48.1390890" lon="6.9167350">
    <ele>681.8</ele>
    <time>2024-04-26T14:35:27Z</time>
   </trkpt>
   <trkpt lat="48.1390540" lon="6.9167480">
    <ele>681.9</ele>
    <time>2024-04-26T14:35:28Z</time>
   </trkpt>
   <trkpt lat="48.1390180" lon="6.9167610">
    <ele>682.1</ele>
    <time>2024-04-26T14:35:29Z</time>
   </trkpt>
   <trkpt lat="48.1389820" lon="6.9167750">
    <ele>682.2</ele>
    <time>2024-04-26T14:35:30Z</time>
   </trkpt>
   <trkpt lat="48.1389450" lon="6.9167870">
    <ele>682.4</ele>
    <time>2024-04-26T14:35:31Z</time>
   </trkpt>
   <trkpt lat="48.1389090" lon="6.9167980">
    <ele>682.5</ele>
    <time>2024-04-26T14:35:32Z</time>
   </trkpt>
   <trkpt lat="48.1388720" lon="6.9168100">
    <ele>682.7</ele>
    <time>2024-04-26T14:35:33Z</time>
   </trkpt>
   <trkpt lat="48.1388350" lon="6.9168220">
    <ele>682.9</ele>
    <time>2024-04-26T14:35:34Z</time>
   </trkpt>
   <trkpt lat="48.1387990" lon="6.9168360">
    <ele>683.0</ele>
    <time>2024-04-26T14:35:35Z</time>
   </trkpt>
   <trkpt lat="48.1387630" lon="6.9168490">
    <ele>683.2</ele>
    <time>2024-04-26T14:35:36Z</time>
   </trkpt>
   <trkpt lat="48.1387260" lon="6.9168610">
    <ele>683.3</ele>
    <time>2024-04-26T14:35:37Z</time>
   </trkpt>
   <trkpt lat="48.1386890" lon="6.9168740">
    <ele>683.4</ele>
    <time>2024-04-26T14:35:38Z</time>
   </trkpt>
   <trkpt lat="48.1386520" lon="6.9168850">
    <ele>683.6</ele>
    <time>2024-04-26T14:35:39Z</time>
   </trkpt>
   <trkpt lat="48.1386150" lon="6.9168970">
    <ele>683.7</ele>
    <time>2024-04-26T14:35:40Z</time>
   </trkpt>
   <trkpt lat="48.1385780" lon="6.9169090">
    <ele>683.9</ele>
    <time>2024-04-26T14:35:41Z</time>
   </trkpt>
   <trkpt lat="48.1385410" lon="6.9169210">
    <ele>684.0</ele>
    <time>2024-04-26T14:35:42Z</time>
   </trkpt>
   <trkpt lat="48.1385050" lon="6.9169330">
    <ele>684.2</ele>
    <time>2024-04-26T14:35:43Z</time>
   </trkpt>
   <trkpt lat="48.1384690" lon="6.9169420">
    <ele>684.3</ele>
    <time>2024-04-26T14:35:44Z</time>
   </trkpt>
   <trkpt lat="48.1384320" lon="6.9169500">
    <ele>684.4</ele>
    <time>2024-04-26T14:35:45Z</time>
   </trkpt>
   <trkpt lat="48.1383960" lon="6.9169570">
    <ele>684.6</ele>
    <time>2024-04-26T14:35:46Z</time>
   </trkpt>
   <trkpt lat="48.1383590" lon="6.9169620">
    <ele>684.7</ele>
    <time>2024-04-26T14:35:47Z</time>
   </trkpt>
   <trkpt lat="48.1383220" lon="6.9169660">
    <ele>684.9</ele>
    <time>2024-04-26T14:35:48Z</time>
   </trkpt>
   <trkpt lat="48.1382830" lon="6.9169690">
    <ele>685.0</ele>
    <time>2024-04-26T14:35:49Z</time>
   </trkpt>
   <trkpt lat="48.1382460" lon="6.9169710">
    <ele>685.2</ele>
    <time>2024-04-26T14:35:50Z</time>
   </trkpt>
   <trkpt lat="48.1382090" lon="6.9169730">
    <ele>685.3</ele>
    <time>2024-04-26T14:35:51Z</time>
   </trkpt>
   <trkpt lat="48.1381720" lon="6.9169730">
    <ele>685.5</ele>
    <time>2024-04-26T14:35:52Z</time>
   </trkpt>
   <trkpt lat="48.1381360" lon="6.9169680">
    <ele>685.6</ele>
    <time>2024-04-26T14:35:53Z</time>
   </trkpt>
   <trkpt lat="48.1380980" lon="6.9169620">
    <ele>685.8</ele>
    <time>2024-04-26T14:35:54Z</time>
   </trkpt>
   <trkpt lat="48.1380620" lon="6.9169560">
    <ele>685.9</ele>
    <time>2024-04-26T14:35:55Z</time>
   </trkpt>
   <trkpt lat="48.1380260" lon="6.9169520">
    <ele>686.1</ele>
    <time>2024-04-26T14:35:56Z</time>
   </trkpt>
   <trkpt lat="48.1379890" lon="6.9169470">
    <ele>686.2</ele>
    <time>2024-04-26T14:35:57Z</time>
   </trkpt>
   <trkpt lat="48.1379540" lon="6.9169410">
    <ele>686.4</ele>
    <time>2024-04-26T14:35:58Z</time>
   </trkpt>
   <trkpt lat="48.1379200" lon="6.9169330">
    <ele>686.5</ele>
    <time>2024-04-26T14:35:59Z</time>
   </trkpt>
   <trkpt lat="48.1378850" lon="6.9169240">
    <ele>686.7</ele>
    <time>2024-04-26T14:36:00Z</time>
   </trkpt>
   <trkpt lat="48.1378520" lon="6.9169150">
    <ele>686.8</ele>
    <time>2024-04-26T14:36:01Z</time>
   </trkpt>
   <trkpt lat="48.1378190" lon="6.9169050">
    <ele>687.0</ele>
    <time>2024-04-26T14:36:02Z</time>
   </trkpt>
   <trkpt lat="48.1377850" lon="6.9168960">
    <ele>687.1</ele>
    <time>2024-04-26T14:36:03Z</time>
   </trkpt>
   <trkpt lat="48.1377520" lon="6.9168860">
    <ele>687.3</ele>
    <time>2024-04-26T14:36:04Z</time>
   </trkpt>
   <trkpt lat="48.1377190" lon="6.9168760">
    <ele>687.5</ele>
    <time>2024-04-26T14:36:05Z</time>
   </trkpt>
   <trkpt lat="48.1376870" lon="6.9168670">
    <ele>687.6</ele>
    <time>2024-04-26T14:36:06Z</time>
   </trkpt>
   <trkpt lat="48.1376550" lon="6.9168560">
    <ele>687.8</ele>
    <time>2024-04-26T14:36:07Z</time>
   </trkpt>
   <trkpt lat="48.1376240" lon="6.9168450">
    <ele>688.0</ele>
    <time>2024-04-26T14:36:08Z</time>
   </trkpt>
   <trkpt lat="48.1375930" lon="6.9168330">
    <ele>688.1</ele>
    <time>2024-04-26T14:36:09Z</time>
   </trkpt>
   <trkpt lat="48.1375610" lon="6.9168200">
    <ele>688.3</ele>
    <time>2024-04-26T14:36:10Z</time>
   </trkpt>
   <trkpt lat="48.1375290" lon="6.9168060">
    <ele>688.4</ele>
    <time>2024-04-26T14:36:11Z</time>
   </trkpt>
   <trkpt lat="48.1374950" lon="6.9167920">
    <ele>688.6</ele>
    <time>2024-04-26T14:36:12Z</time>
   </trkpt>
   <trkpt lat="48.1374610" lon="6.9167780">
    <ele>688.8</ele>
    <time>2024-04-26T14:36:13Z</time>
   </trkpt>
   <trkpt lat="48.1374270" lon="6.9167640">
    <ele>688.9</ele>
    <time>2024-04-26T14:36:14Z</time>
   </trkpt>
   <trkpt lat="48.1373940" lon="6.9167510">
    <ele>689.1</ele>
    <time>2024-04-26T14:36:15Z</time>
   </trkpt>
   <trkpt lat="48.1373600" lon="6.9167370">
    <ele>689.3</ele>
    <time>2024-04-26T14:36:16Z</time>
   </trkpt>
   <trkpt lat="48.1373260" lon="6.9167220">
    <ele>689.4</ele>
    <time>2024-04-26T14:36:17Z</time>
   </trkpt>
   <trkpt lat="48.1372910" lon="6.9167090">
    <ele>689.6</ele>
    <time>2024-04-26T14:36:18Z</time>
   </trkpt>
   <trkpt lat="48.1372560" lon="6.9166950">
    <ele>689.8</ele>
    <time>2024-04-26T14:36:19Z</time>
   </trkpt>
   <trkpt lat="48.1372210" lon="6.9166800">
    <ele>689.9</ele>
    <time>2024-04-26T14:36:20Z</time>
   </trkpt>
   <trkpt lat="48.1371870" lon="6.9166650">
    <ele>690.1</ele>
    <time>2024-04-26T14:36:21Z</time>
   </trkpt>
   <trkpt lat="48.1371530" lon="6.9166510">
    <ele>690.3</ele>
    <time>2024-04-26T14:36:22Z</time>
   </trkpt>
   <trkpt lat="48.1371190" lon="6.9166380">
    <ele>690.5</ele>
    <time>2024-04-26T14:36:23Z</time>
   </trkpt>
   <trkpt lat="48.1370850" lon="6.9166260">
    <ele>690.6</ele>
    <time>2024-04-26T14:36:24Z</time>
   </trkpt>
   <trkpt lat="48.1370530" lon="6.9166180">
    <ele>690.8</ele>
    <time>2024-04-26T14:36:25Z</time>
   </trkpt>
   <trkpt lat="48.1370200" lon="6.9166090">
    <ele>690.9</ele>
    <time>2024-04-26T14:36:26Z</time>
   </trkpt>
   <trkpt lat="48.1369880" lon="6.9166010">
    <ele>691.1</ele>
    <time>2024-04-26T14:36:27Z</time>
   </trkpt>
   <trkpt lat="48.1369560" lon="6.9165910">
    <ele>691.2</ele>
    <time>2024-04-26T14:36:28Z</time>
   </trkpt>
   <trkpt lat="48.1369230" lon="6.9165810">
    <ele>691.3</ele>
    <time>2024-04-26T14:36:29Z</time>
   </trkpt>
   <trkpt lat="48.1368880" lon="6.9165730">
    <ele>691.5</ele>
    <time>2024-04-26T14:36:30Z</time>
   </trkpt>
   <trkpt lat="48.1368510" lon="6.9165660">
    <ele>691.7</ele>
    <time>2024-04-26T14:36:31Z</time>
   </trkpt>
   <trkpt lat="48.1368150" lon="6.9165590">
    <ele>691.8</ele>
    <time>2024-04-26T14:36:32Z</time>
   </trkpt>
   <trkpt lat="48.1367790" lon="6.9165510">
    <ele>692.0</ele>
    <time>2024-04-26T14:36:33Z</time>
   </trkpt>
   <trkpt lat="48.1367430" lon="6.9165420">
    <ele>692.1</ele>
    <time>2024-04-26T14:36:34Z</time>
   </trkpt>
   <trkpt lat="48.1367080" lon="6.9165360">
    <ele>692.2</ele>
    <time>2024-04-26T14:36:35Z</time>
   </trkpt>
   <trkpt lat="48.1366710" lon="6.9165300">
    <ele>692.4</ele>
    <time>2024-04-26T14:36:36Z</time>
   </trkpt>
   <trkpt lat="48.1366360" lon="6.9165240">
    <ele>692.5</ele>
    <time>2024-04-26T14:36:37Z</time>
   </trkpt>
   <trkpt lat="48.1366000" lon="6.9165190">
    <ele>692.7</ele>
    <time>2024-04-26T14:36:38Z</time>
   </trkpt>
   <trkpt lat="48.1365630" lon="6.9165140">
    <ele>692.9</ele>
    <time>2024-04-26T14:36:39Z</time>
   </trkpt>
   <trkpt lat="48.1365280" lon="6.9165090">
    <ele>693.0</ele>
    <time>2024-04-26T14:36:40Z</time>
   </trkpt>
   <trkpt lat="48.1364930" lon="6.9165050">
    <ele>693.2</ele>
    <time>2024-04-26T14:36:41Z</time>
   </trkpt>
   <trkpt lat="48.1364560" lon="6.9165000">
    <ele>693.3</ele>
    <time>2024-04-26T14:36:42Z</time>
   </trkpt>
   <trkpt lat="48.1364200" lon="6.9164940">
    <ele>693.5</ele>
    <time>2024-04-26T14:36:43Z</time>
   </trkpt>
   <trkpt lat="48.1363840" lon="6.9164890">
    <ele>693.7</ele>
    <time>2024-04-26T14:36:44Z</time>
   </trkpt>
   <trkpt lat="48.1363470" lon="6.9164840">
    <ele>693.8</ele>
    <time>2024-04-26T14:36:45Z</time>
   </trkpt>
   <trkpt lat="48.1363130" lon="6.9164810">
    <ele>694.0</ele>
    <time>2024-04-26T14:36:46Z</time>
   </trkpt>
   <trkpt lat="48.1362790" lon="6.9164790">
    <ele>694.1</ele>
    <time>2024-04-26T14:36:47Z</time>
   </trkpt>
   <trkpt lat="48.1362420" lon="6.9164760">
    <ele>694.2</ele>
    <time>2024-04-26T14:36:48Z</time>
   </trkpt>
   <trkpt lat="48.1362060" lon="6.9164730">
    <ele>694.4</ele>
    <time>2024-04-26T14:36:49Z</time>
   </trkpt>
   <trkpt lat="48.1361700" lon="6.9164700">
    <ele>694.5</ele>
    <time>2024-04-26T14:36:50Z</time>
   </trkpt>
   <trkpt lat="48.1361340" lon="6.9164670">
    <ele>694.6</ele>
    <time>2024-04-26T14:36:51Z</time>
   </trkpt>
   <trkpt lat="48.1360980" lon="6.9164640">
    <ele>694.8</ele>
    <time>2024-04-26T14:36:52Z</time>
   </trkpt>
   <trkpt lat="48.1360620" lon="6.9164610">
    <ele>694.9</ele>
    <time>2024-04-26T14:36:53Z</time>
   </trkpt>
   <trkpt lat="48.1360260" lon="6.9164590">
    <ele>695.0</ele>
    <time>2024-04-26T14:36:54Z</time>
   </trkpt>
   <trkpt lat="48.1359900" lon="6.9164580">
    <ele>695.2</ele>
    <time>2024-04-26T14:36:55Z</time>
   </trkpt>
   <trkpt lat="48.1359540" lon="6.9164560">
    <ele>695.3</ele>
    <time>2024-04-26T14:36:56Z</time>
   </trkpt>
   <trkpt lat="48.1359170" lon="6.9164540">
    <ele>695.4</ele>
    <time>2024-04-26T14:36:57Z</time>
   </trkpt>
   <trkpt lat="48.1358820" lon="6.9164520">
    <ele>695.6</ele>
    <time>2024-04-26T14:36:58Z</time>
   </trkpt>
   <trkpt lat="48.1358450" lon="6.9164490">
    <ele>695.7</ele>
    <time>2024-04-26T14:36:59Z</time>
   </trkpt>
   <trkpt lat="48.1358100" lon="6.9164470">
    <ele>695.8</ele>
    <time>2024-04-26T14:37:00Z</time>
   </trkpt>
   <trkpt lat="48.1357740" lon="6.9164450">
    <ele>696.0</ele>
    <time>2024-04-26T14:37:01Z</time>
   </trkpt>
   <trkpt lat="48.1357390" lon="6.9164440">
    <ele>696.1</ele>
    <time>2024-04-26T14:37:02Z</time>
   </trkpt>
   <trkpt lat="48.1357040" lon="6.9164420">
    <ele>696.2</ele>
    <time>2024-04-26T14:37:03Z</time>
   </trkpt>
   <trkpt lat="48.1356690" lon="6.9164400">
    <ele>696.4</ele>
    <time>2024-04-26T14:37:04Z</time>
   </trkpt>
   <trkpt lat="48.1356340" lon="6.9164380">
    <ele>696.5</ele>
    <time>2024-04-26T14:37:05Z</time>
   </trkpt>
   <trkpt lat="48.1356000" lon="6.9164370">
    <ele>696.7</ele>
    <time>2024-04-26T14:37:06Z</time>
   </trkpt>
   <trkpt lat="48.1355660" lon="6.9164360">
    <ele>696.8</ele>
    <time>2024-04-26T14:37:07Z</time>
   </trkpt>
   <trkpt lat="48.1355320" lon="6.9164330">
    <ele>697.0</ele>
    <time>2024-04-26T14:37:08Z</time>
   </trkpt>
   <trkpt lat="48.1354990" lon="6.9164300">
    <ele>697.1</ele>
    <time>2024-04-26T14:37:09Z</time>
   </trkpt>
   <trkpt lat="48.1354650" lon="6.9164260">
    <ele>697.2</ele>
    <time>2024-04-26T14:37:10Z</time>
   </trkpt>
   <trkpt lat="48.1354300" lon="6.9164240">
    <ele>697.4</ele>
    <time>2024-04-26T14:37:11Z</time>
   </trkpt>
   <trkpt lat="48.1353950" lon="6.9164220">
    <ele>697.5</ele>
    <time>2024-04-26T14:37:12Z</time>
   </trkpt>
   <trkpt lat="48.1353610" lon="6.9164200">
    <ele>697.7</ele>
    <time>2024-04-26T14:37:13Z</time>
   </trkpt>
   <trkpt lat="48.1353270" lon="6.9164180">
    <ele>697.8</ele>
    <time>2024-04-26T14:37:14Z</time>
   </trkpt>
   <trkpt lat="48.1352920" lon="6.9164170">
    <ele>697.9</ele>
    <time>2024-04-26T14:37:15Z</time>
   </trkpt>
   <trkpt lat="48.1352580" lon="6.9164150">
    <ele>698.1</ele>
    <time>2024-04-26T14:37:16Z</time>
   </trkpt>
   <trkpt lat="48.1352240" lon="6.9164120">
    <ele>698.2</ele>
    <time>2024-04-26T14:37:17Z</time>
   </trkpt>
   <trkpt lat="48.1351890" lon="6.9164090">
    <ele>698.4</ele>
    <time>2024-04-26T14:37:18Z</time>
   </trkpt>
   <trkpt lat="48.1351550" lon="6.9164060">
    <ele>698.5</ele>
    <time>2024-04-26T14:37:19Z</time>
   </trkpt>
   <trkpt lat="48.1351200" lon="6.9164050">
    <ele>698.6</ele>
    <time>2024-04-26T14:37:20Z</time>
   </trkpt>
   <trkpt lat="48.1350860" lon="6.9164040">
    <ele>698.8</ele>
    <time>2024-04-26T14:37:21Z</time>
   </trkpt>
   <trkpt lat="48.1350520" lon="6.9164020">
    <ele>698.9</ele>
    <time>2024-04-26T14:37:22Z</time>
   </trkpt>
   <trkpt lat="48.1350180" lon="6.9164000">
    <ele>699.1</ele>
    <time>2024-04-26T14:37:23Z</time>
   </trkpt>
   <trkpt lat="48.1349830" lon="6.9163960">
    <ele>699.2</ele>
    <time>2024-04-26T14:37:24Z</time>
   </trkpt>
   <trkpt lat="48.1349480" lon="6.9163930">
    <ele>699.4</ele>
    <time>2024-04-26T14:37:25Z</time>
   </trkpt>
   <trkpt lat="48.1349130" lon="6.9163900">
    <ele>699.5</ele>
    <time>2024-04-26T14:37:26Z</time>
   </trkpt>
   <trkpt lat="48.1348790" lon="6.9163900">
    <ele>699.7</ele>
    <time>2024-04-26T14:37:27Z</time>
   </trkpt>
   <trkpt lat="48.1348470" lon="6.9163900">
    <ele>699.8</ele>
    <time>2024-04-26T14:37:28Z</time>
   </trkpt>
   <trkpt lat="48.1348140" lon="6.9163910">
    <ele>699.9</ele>
    <time>2024-04-26T14:37:29Z</time>
   </trkpt>
   <trkpt lat="48.1347820" lon="6.9163920">
    <ele>700.1</ele>
    <time>2024-04-26T14:37:30Z</time>
   </trkpt>
   <trkpt lat="48.1347490" lon="6.9163920">
    <ele>700.2</ele>
    <time>2024-04-26T14:37:31Z</time>
   </trkpt>
   <trkpt lat="48.1347150" lon="6.9163910">
    <ele>700.3</ele>
    <time>2024-04-26T14:37:32Z</time>
   </trkpt>
   <trkpt lat="48.1346800" lon="6.9163880">
    <ele>700.5</ele>
    <time>2024-04-26T14:37:33Z</time>
   </trkpt>
   <trkpt lat="48.1346450" lon="6.9163840">
    <ele>700.6</ele>
    <time>2024-04-26T14:37:34Z</time>
   </trkpt>
   <trkpt lat="48.1346100" lon="6.9163790">
    <ele>700.8</ele>
    <time>2024-04-26T14:37:35Z</time>
   </trkpt>
   <trkpt lat="48.1345730" lon="6.9163740">
    <ele>700.9</ele>
    <time>2024-04-26T14:37:36Z</time>
   </trkpt>
   <trkpt lat="48.1345370" lon="6.9163700">
    <ele>701.1</ele>
    <time>2024-04-26T14:37:37Z</time>
   </trkpt>
   <trkpt lat="48.1345010" lon="6.9163650">
    <ele>701.2</ele>
    <time>2024-04-26T14:37:38Z</time>
   </trkpt>
   <trkpt lat="48.1344650" lon="6.9163590">
    <ele>701.4</ele>
    <time>2024-04-26T14:37:39Z</time>
   </trkpt>
   <trkpt lat="48.1344290" lon="6.9163530">
    <ele>701.5</ele>
    <time>2024-04-26T14:37:40Z</time>
   </trkpt>
   <trkpt lat="48.1343930" lon="6.9163450">
    <ele>701.7</ele>
    <time>2024-04-26T14:37:41Z</time>
   </trkpt>
   <trkpt lat="48.1343570" lon="6.9163360">
    <ele>701.8</ele>
    <time>2024-04-26T14:37:42Z</time>
   </trkpt>
   <trkpt lat="48.1343210" lon="6.9163270">
    <ele>702.0</ele>
    <time>2024-04-26T14:37:43Z</time>
   </trkpt>
   <trkpt lat="48.1342860" lon="6.9163170">
    <ele>702.1</ele>
    <time>2024-04-26T14:37:44Z</time>
   </trkpt>
   <trkpt lat="48.1342500" lon="6.9163070">
    <ele>702.3</ele>
    <time>2024-04-26T14:37:45Z</time>
   </trkpt>
   <trkpt lat="48.1342150" lon="6.9162970">
    <ele>702.4</ele>
    <time>2024-04-26T14:37:46Z</time>
   </trkpt>
   <trkpt lat="48.1341790" lon="6.9162850">
    <ele>702.6</ele>
    <time>2024-04-26T14:37:47Z</time>
   </trkpt>
   <trkpt lat="48.1341430" lon="6.9162720">
    <ele>702.7</ele>
    <time>2024-04-26T14:37:48Z</time>
   </trkpt>
   <trkpt lat="48.1341070" lon="6.9162590">
    <ele>702.9</ele>
    <time>2024-04-26T14:37:49Z</time>
   </trkpt>
   <trkpt lat="48.1340700" lon="6.9162460">
    <ele>703.1</ele>
    <time>2024-04-26T14:37:50Z</time>
   </trkpt>
   <trkpt lat="48.1340340" lon="6.9162350">
    <ele>703.2</ele>
    <time>2024-04-26T14:37:51Z</time>
   </trkpt>
   <trkpt lat="48.1339970" lon="6.9162230">
    <ele>703.4</ele>
    <time>2024-04-26T14:37:52Z</time>
   </trkpt>
   <trkpt lat="48.1339610" lon="6.9162110">
    <ele>703.5</ele>
    <time>2024-04-26T14:37:53Z</time>
   </trkpt>
   <trkpt lat="48.1339250" lon="6.9161980">
    <ele>703.7</ele>
    <time>2024-04-26T14:37:54Z</time>
   </trkpt>
   <trkpt lat="48.1338880" lon="6.9161850">
    <ele>703.9</ele>
    <time>2024-04-26T14:37:55Z</time>
   </trkpt>
   <trkpt lat="48.1338520" lon="6.9161710">
    <ele>704.0</ele>
    <time>2024-04-26T14:37:56Z</time>
   </trkpt>
   <trkpt lat="48.1338150" lon="6.9161570">
    <ele>704.2</ele>
    <time>2024-04-26T14:37:57Z</time>
   </trkpt>
   <trkpt lat="48.1337790" lon="6.9161420">
    <ele>704.3</ele>
    <time>2024-04-26T14:37:58Z</time>
   </trkpt>
   <trkpt lat="48.1337420" lon="6.9161290">
    <ele>704.5</ele>
    <time>2024-04-26T14:37:59Z</time>
   </trkpt>
   <trkpt lat="48.1337060" lon="6.9161160">
    <ele>704.6</ele>
    <time>2024-04-26T14:38:00Z</time>
   </trkpt>
   <trkpt lat="48.1336690" lon="6.9161040">
    <ele>704.8</ele>
    <time>2024-04-26T14:38:01Z</time>
   </trkpt>
   <trkpt lat="48.1336320" lon="6.9160920">
    <ele>704.9</ele>
    <time>2024-04-26T14:38:02Z</time>
   </trkpt>
   <trkpt lat="48.1335960" lon="6.9160800">
    <ele>705.1</ele>
    <time>2024-04-26T14:38:03Z</time>
   </trkpt>
   <trkpt lat="48.1335590" lon="6.9160680">
    <ele>705.2</ele>
    <time>2024-04-26T14:38:04Z</time>
   </trkpt>
   <trkpt lat="48.1335230" lon="6.9160540">
    <ele>705.4</ele>
    <time>2024-04-26T14:38:05Z</time>
   </trkpt>
   <trkpt lat="48.1334870" lon="6.9160410">
    <ele>705.5</ele>
    <time>2024-04-26T14:38:06Z</time>
   </trkpt>
   <trkpt lat="48.1334520" lon="6.9160290">
    <ele>705.7</ele>
    <time>2024-04-26T14:38:07Z</time>
   </trkpt>
   <trkpt lat="48.1334160" lon="6.9160190">
    <ele>705.8</ele>
    <time>2024-04-26T14:38:08Z</time>
   </trkpt>
   <trkpt lat="48.1333810" lon="6.9160090">
    <ele>706.0</ele>
    <time>2024-04-26T14:38:09Z</time>
   </trkpt>
   <trkpt lat="48.1333470" lon="6.9159980">
    <ele>706.1</ele>
    <time>2024-04-26T14:38:10Z</time>
   </trkpt>
   <trkpt lat="48.1333120" lon="6.9159870">
    <ele>706.3</ele>
    <time>2024-04-26T14:38:11Z</time>
   </trkpt>
   <trkpt lat="48.1332780" lon="6.9159760">
    <ele>706.4</ele>
    <time>2024-04-26T14:38:12Z</time>
   </trkpt>
   <trkpt lat="48.1332430" lon="6.9159660">
    <ele>706.6</ele>
    <time>2024-04-26T14:38:13Z</time>
   </trkpt>
   <trkpt lat="48.1332090" lon="6.9159550">
    <ele>706.7</ele>
    <time>2024-04-26T14:38:14Z</time>
   </trkpt>
   <trkpt lat="48.1331760" lon="6.9159450">
    <ele>706.8</ele>
    <time>2024-04-26T14:38:15Z</time>
   </trkpt>
   <trkpt lat="48.1331440" lon="6.9159340">
    <ele>707.0</ele>
    <time>2024-04-26T14:38:16Z</time>
   </trkpt>
   <trkpt lat="48.1331120" lon="6.9159240">
    <ele>707.1</ele>
    <time>2024-04-26T14:38:17Z</time>
   </trkpt>
   <trkpt lat="48.1330800" lon="6.9159140">
    <ele>707.2</ele>
    <time>2024-04-26T14:38:18Z</time>
   </trkpt>
   <trkpt lat="48.1330480" lon="6.9159060">
    <ele>707.4</ele>
    <time>2024-04-26T14:38:19Z</time>
   </trkpt>
   <trkpt lat="48.1330140" lon="6.9158990">
    <ele>707.5</ele>
    <time>2024-04-26T14:38:20Z</time>
   </trkpt>
   <trkpt lat="48.1329800" lon="6.9158920">
    <ele>707.7</ele>
    <time>2024-04-26T14:38:21Z</time>
   </trkpt>
   <trkpt lat="48.1329460" lon="6.9158840">
    <ele>707.8</ele>
    <time>2024-04-26T14:38:22Z</time>
   </trkpt>
   <trkpt lat="48.1329130" lon="6.9158780">
    <ele>708.0</ele>
    <time>2024-04-26T14:38:23Z</time>
   </trkpt>
   <trkpt lat="48.1328790" lon="6.9158720">
    <ele>708.1</ele>
    <time>2024-04-26T14:38:24Z</time>
   </trkpt>
   <trkpt lat="48.1328450" lon="6.9158680">
    <ele>708.3</ele>
    <time>2024-04-26T14:38:25Z</time>
   </trkpt>
   <trkpt lat="48.1328110" lon="6.9158640">
    <ele>708.4</ele>
    <time>2024-04-26T14:38:26Z</time>
   </trkpt>
   <trkpt lat="48.1327770" lon="6.9158630">
    <ele>708.6</ele>
    <time>2024-04-26T14:38:27Z</time>
   </trkpt>
   <trkpt lat="48.1327420" lon="6.9158620">
    <ele>708.7</ele>
    <time>2024-04-26T14:38:28Z</time>
   </trkpt>
   <trkpt lat="48.1327070" lon="6.9158620">
    <ele>708.9</ele>
    <time>2024-04-26T14:38:29Z</time>
   </trkpt>
   <trkpt lat="48.1326730" lon="6.9158620">
    <ele>709.0</ele>
    <time>2024-04-26T14:38:30Z</time>
   </trkpt>
   <trkpt lat="48.1326380" lon="6.9158630">
    <ele>709.2</ele>
    <time>2024-04-26T14:38:31Z</time>
   </trkpt>
   <trkpt lat="48.1326030" lon="6.9158660">
    <ele>709.3</ele>
    <time>2024-04-26T14:38:32Z</time>
   </trkpt>
   <trkpt lat="48.1325670" lon="6.9158680">
    <ele>709.5</ele>
    <time>2024-04-26T14:38:33Z</time>
   </trkpt>
   <trkpt lat="48.1325310" lon="6.9158710">
    <ele>709.6</ele>
    <time>2024-04-26T14:38:34Z</time>
   </trkpt>
   <trkpt lat="48.1324940" lon="6.9158730">
    <ele>709.8</ele>
    <time>2024-04-26T14:38:35Z</time>
   </trkpt>
   <trkpt lat="48.1324580" lon="6.9158770">
    <ele>709.9</ele>
    <time>2024-04-26T14:38:36Z</time>
   </trkpt>
   <trkpt lat="48.1324230" lon="6.9158830">
    <ele>710.0</ele>
    <time>2024-04-26T14:38:37Z</time>
   </trkpt>
   <trkpt lat="48.1323870" lon="6.9158890">
    <ele>710.2</ele>
    <time>2024-04-26T14:38:38Z</time>
   </trkpt>
   <trkpt lat="48.1323520" lon="6.9158970">
    <ele>710.3</ele>
    <time>2024-04-26T14:38:39Z</time>
   </trkpt>
   <trkpt lat="48.1323170" lon="6.9159060">
    <ele>710.4</ele>
    <time>2024-04-26T14:38:40Z</time>
   </trkpt>
   <trkpt lat="48.1322820" lon="6.9159170">
    <ele>710.6</ele>
    <time>2024-04-26T14:38:41Z</time>
   </trkpt>
   <trkpt lat="48.1322480" lon="6.9159280">
    <ele>710.7</ele>
    <time>2024-04-26T14:38:42Z</time>
   </trkpt>
   <trkpt lat="48.1322130" lon="6.9159390">
    <ele>710.8</ele>
    <time>2024-04-26T14:38:43Z</time>
   </trkpt>
   <trkpt lat="48.1321790" lon="6.9159500">
    <ele>711.0</ele>
    <time>2024-04-26T14:38:44Z</time>
   </trkpt>
   <trkpt lat="48.1321450" lon="6.9159610">
    <ele>711.1</ele>
    <time>2024-04-26T14:38:45Z</time>
   </trkpt>
   <trkpt lat="48.1321110" lon="6.9159730">
    <ele>711.2</ele>
    <time>2024-04-26T14:38:46Z</time>
   </trkpt>
   <trkpt lat="48.1320770" lon="6.9159840">
    <ele>711.4</ele>
    <time>2024-04-26T14:38:47Z</time>
   </trkpt>
   <trkpt lat="48.1320410" lon="6.9159950">
    <ele>711.5</ele>
    <time>2024-04-26T14:38:48Z</time>
   </trkpt>
   <trkpt lat="48.1320050" lon="6.9160060">
    <ele>711.7</ele>
    <time>2024-04-26T14:38:49Z</time>
   </trkpt>
   <trkpt lat="48.1319690" lon="6.9160200">
    <ele>711.8</ele>
    <time>2024-04-26T14:38:50Z</time>
   </trkpt>
   <trkpt lat="48.1319340" lon="6.9160360">
    <ele>712.0</ele>
    <time>2024-04-26T14:38:51Z</time>
   </trkpt>
   <trkpt lat="48.1318980" lon="6.9160540">
    <ele>712.1</ele>
    <time>2024-04-26T14:38:52Z</time>
   </trkpt>
   <trkpt lat="48.1318630" lon="6.9160690">
    <ele>712.2</ele>
    <time>2024-04-26T14:38:53Z</time>
   </trkpt>
   <trkpt lat="48.1318270" lon="6.9160830">
    <ele>712.4</ele>
    <time>2024-04-26T14:38:54Z</time>
   </trkpt>
   <trkpt lat="48.1317900" lon="6.9160980">
    <ele>712.5</ele>
    <time>2024-04-26T14:38:55Z</time>
   </trkpt>
   <trkpt lat="48.1317530" lon="6.9161130">
    <ele>712.7</ele>
    <time>2024-04-26T14:38:56Z</time>
   </trkpt>
   <trkpt lat="48.1317160" lon="6.9161260">
    <ele>712.8</ele>
    <time>2024-04-26T14:38:57Z</time>
   </trkpt>
   <trkpt lat="48.1316800" lon="6.9161390">
    <ele>712.9</ele>
    <time>2024-04-26T14:38:58Z</time>
   </trkpt>
   <trkpt lat="48.1316440" lon="6.9161520">
    <ele>713.0</ele>
    <time>2024-04-26T14:38:59Z</time>
   </trkpt>
   <trkpt lat="48.1316070" lon="6.9161670">
    <ele>713.2</ele>
    <time>2024-04-26T14:39:00Z</time>
   </trkpt>
   <trkpt lat="48.1315710" lon="6.9161820">
    <ele>713.3</ele>
    <time>2024-04-26T14:39:01Z</time>
   </trkpt>
   <trkpt lat="48.1315350" lon="6.9161970">
    <ele>713.4</ele>
    <time>2024-04-26T14:39:02Z</time>
   </trkpt>
   <trkpt lat="48.1314980" lon="6.9162090">
    <ele>713.5</ele>
    <time>2024-04-26T14:39:03Z</time>
   </trkpt>
   <trkpt lat="48.1314610" lon="6.9162230">
    <ele>713.7</ele>
    <time>2024-04-26T14:39:04Z</time>
   </trkpt>
   <trkpt lat="48.1314240" lon="6.9162370">
    <ele>713.8</ele>
    <time>2024-04-26T14:39:05Z</time>
   </trkpt>
   <trkpt lat="48.1313880" lon="6.9162510">
    <ele>713.9</ele>
    <time>2024-04-26T14:39:06Z</time>
   </trkpt>
   <trkpt lat="48.1313520" lon="6.9162640">
    <ele>714.1</ele>
    <time>2024-04-26T14:39:07Z</time>
   </trkpt>
   <trkpt lat="48.1313150" lon="6.9162770">
    <ele>714.2</ele>
    <time>2024-04-26T14:39:08Z</time>
   </trkpt>
   <trkpt lat="48.1312790" lon="6.9162910">
    <ele>714.3</ele>
    <time>2024-04-26T14:39:09Z</time>
   </trkpt>
   <trkpt lat="48.1312420" lon="6.9163050">
    <ele>714.5</ele>
    <time>2024-04-26T14:39:10Z</time>
   </trkpt>
   <trkpt lat="48.1312070" lon="6.9163180">
    <ele>714.6</ele>
    <time>2024-04-26T14:39:11Z</time>
   </trkpt>
   <trkpt lat="48.1311710" lon="6.9163320">
    <ele>714.7</ele>
    <time>2024-04-26T14:39:12Z</time>
   </trkpt>
   <trkpt lat="48.1311340" lon="6.9163450">
    <ele>714.8</ele>
    <time>2024-04-26T14:39:13Z</time>
   </trkpt>
   <trkpt lat="48.1310970" lon="6.9163590">
    <ele>715.0</ele>
    <time>2024-04-26T14:39:14Z</time>
   </trkpt>
   <trkpt lat="48.1310600" lon="6.9163730">
    <ele>715.1</ele>
    <time>2024-04-26T14:39:15Z</time>
   </trkpt>
   <trkpt lat="48.1310240" lon="6.9163870">
    <ele>715.2</ele>
    <time>2024-04-26T14:39:16Z</time>
   </trkpt>
   <trkpt lat="48.1309870" lon="6.9164020">
    <ele>715.3</ele>
    <time>2024-04-26T14:39:17Z</time>
   </trkpt>
   <trkpt lat="48.1309500" lon="6.9164160">
    <ele>715.5</ele>
    <time>2024-04-26T14:39:18Z</time>
   </trkpt>
   <trkpt lat="48.1309140" lon="6.9164300">
    <ele>715.6</ele>
    <time>2024-04-26T14:39:19Z</time>
   </trkpt>
   <trkpt lat="48.1308770" lon="6.9164440">
    <ele>715.7</ele>
    <time>2024-04-26T14:39:20Z</time>
   </trkpt>
   <trkpt lat="48.1308400" lon="6.9164570">
    <ele>715.9</ele>
    <time>2024-04-26T14:39:21Z</time>
   </trkpt>
   <trkpt lat="48.1308040" lon="6.9164690">
    <ele>716.0</ele>
    <time>2024-04-26T14:39:22Z</time>
   </trkpt>
   <trkpt lat="48.1307670" lon="6.9164810">
    <ele>716.1</ele>
    <time>2024-04-26T14:39:23Z</time>
   </trkpt>
   <trkpt lat="48.1307290" lon="6.9164920">
    <ele>716.3</ele>
    <time>2024-04-26T14:39:24Z</time>
   </trkpt>
   <trkpt lat="48.1306910" lon="6.9165030">
    <ele>716.4</ele>
    <time>2024-04-26T14:39:25Z</time>
   </trkpt>
   <trkpt lat="48.1306530" lon="6.9165150">
    <ele>716.6</ele>
    <time>2024-04-26T14:39:26Z</time>
   </trkpt>
   <trkpt lat="48.1306150" lon="6.9165250">
    <ele>716.7</ele>
    <time>2024-04-26T14:39:27Z</time>
   </trkpt>
   <trkpt lat="48.1305770" lon="6.9165350">
    <ele>716.9</ele>
    <time>2024-04-26T14:39:28Z</time>
   </trkpt>
   <trkpt lat="48.1305390" lon="6.9165430">
    <ele>717.0</ele>
    <time>2024-04-26T14:39:29Z</time>
   </trkpt>
   <trkpt lat="48.1305010" lon="6.9165490">
    <ele>717.1</ele>
    <time>2024-04-26T14:39:30Z</time>
   </trkpt>
   <trkpt lat="48.1304620" lon="6.9165520">
    <ele>717.3</ele>
    <time>2024-04-26T14:39:31Z</time>
   </trkpt>
   <trkpt lat="48.1304230" lon="6.9165560">
    <ele>717.4</ele>
    <time>2024-04-26T14:39:32Z</time>
   </trkpt>
   <trkpt lat="48.1303840" lon="6.9165590">
    <ele>717.6</ele>
    <time>2024-04-26T14:39:33Z</time>
   </trkpt>
   <trkpt lat="48.1303440" lon="6.9165600">
    <ele>717.7</ele>
    <time>2024-04-26T14:39:34Z</time>
   </trkpt>
   <trkpt lat="48.1303050" lon="6.9165600">
    <ele>717.8</ele>
    <time>2024-04-26T14:39:35Z</time>
   </trkpt>
   <trkpt lat="48.1302660" lon="6.9165590">
    <ele>718.0</ele>
    <time>2024-04-26T14:39:36Z</time>
   </trkpt>
   <trkpt lat="48.1302270" lon="6.9165570">
    <ele>718.1</ele>
    <time>2024-04-26T14:39:37Z</time>
   </trkpt>
   <trkpt lat="48.1301890" lon="6.9165530">
    <ele>718.2</ele>
    <time>2024-04-26T14:39:38Z</time>
   </trkpt>
   <trkpt lat="48.1301510" lon="6.9165480">
    <ele>718.4</ele>
    <time>2024-04-26T14:39:39Z</time>
   </trkpt>
   <trkpt lat="48.1301140" lon="6.9165410">
    <ele>718.5</ele>
    <time>2024-04-26T14:39:40Z</time>
   </trkpt>
   <trkpt lat="48.1300760" lon="6.9165330">
    <ele>718.6</ele>
    <time>2024-04-26T14:39:41Z</time>
   </trkpt>
   <trkpt lat="48.1300380" lon="6.9165250">
    <ele>718.7</ele>
    <time>2024-04-26T14:39:42Z</time>
   </trkpt>
   <trkpt lat="48.1300010" lon="6.9165150">
    <ele>718.9</ele>
    <time>2024-04-26T14:39:43Z</time>
   </trkpt>
   <trkpt lat="48.1299630" lon="6.9165040">
    <ele>719.0</ele>
    <time>2024-04-26T14:39:44Z</time>
   </trkpt>
   <trkpt lat="48.1299260" lon="6.9164910">
    <ele>719.1</ele>
    <time>2024-04-26T14:39:45Z</time>
   </trkpt>
   <trkpt lat="48.1298890" lon="6.9164770">
    <ele>719.3</ele>
    <time>2024-04-26T14:39:46Z</time>
   </trkpt>
   <trkpt lat="48.1298520" lon="6.9164630">
    <ele>719.4</ele>
    <time>2024-04-26T14:39:47Z</time>
   </trkpt>
   <trkpt lat="48.1298160" lon="6.9164480">
    <ele>719.5</ele>
    <time>2024-04-26T14:39:48Z</time>
   </trkpt>
   <trkpt lat="48.1297790" lon="6.9164330">
    <ele>719.7</ele>
    <time>2024-04-26T14:39:49Z</time>
   </trkpt>
   <trkpt lat="48.1297420" lon="6.9164180">
    <ele>719.8</ele>
    <time>2024-04-26T14:39:50Z</time>
   </trkpt>
   <trkpt lat="48.1297050" lon="6.9164030">
    <ele>719.9</ele>
    <time>2024-04-26T14:39:51Z</time>
   </trkpt>
   <trkpt lat="48.1296690" lon="6.9163870">
    <ele>720.1</ele>
    <time>2024-04-26T14:39:52Z</time>
   </trkpt>
   <trkpt lat="48.1296330" lon="6.9163710">
    <ele>720.2</ele>
    <time>2024-04-26T14:39:53Z</time>
   </trkpt>
   <trkpt lat="48.1295970" lon="6.9163540">
    <ele>720.3</ele>
    <time>2024-04-26T14:39:54Z</time>
   </trkpt>
   <trkpt lat="48.1295610" lon="6.9163360">
    <ele>720.4</ele>
    <time>2024-04-26T14:39:55Z</time>
   </trkpt>
   <trkpt lat="48.1295250" lon="6.9163180">
    <ele>720.6</ele>
    <time>2024-04-26T14:39:56Z</time>
   </trkpt>
   <trkpt lat="48.1294900" lon="6.9163000">
    <ele>720.7</ele>
    <time>2024-04-26T14:39:57Z</time>
   </trkpt>
   <trkpt lat="48.1294540" lon="6.9162820">
    <ele>720.8</ele>
    <time>2024-04-26T14:39:58Z</time>
   </trkpt>
   <trkpt lat="48.1294190" lon="6.9162640">
    <ele>721.0</ele>
    <time>2024-04-26T14:39:59Z</time>
   </trkpt>
   <trkpt lat="48.1293840" lon="6.9162450">
    <ele>721.1</ele>
    <time>2024-04-26T14:40:00Z</time>
   </trkpt>
   <trkpt lat="48.1293490" lon="6.9162270">
    <ele>721.2</ele>
    <time>2024-04-26T14:40:01Z</time>
   </trkpt>
   <trkpt lat="48.1293140" lon="6.9162080">
    <ele>721.3</ele>
    <time>2024-04-26T14:40:02Z</time>
   </trkpt>
   <trkpt lat="48.1292780" lon="6.9161900">
    <ele>721.5</ele>
    <time>2024-04-26T14:40:03Z</time>
   </trkpt>
   <trkpt lat="48.1292420" lon="6.9161740">
    <ele>721.6</ele>
    <time>2024-04-26T14:40:04Z</time>
   </trkpt>
   <trkpt lat="48.1292060" lon="6.9161580">
    <ele>721.7</ele>
    <time>2024-04-26T14:40:05Z</time>
   </trkpt>
   <trkpt lat="48.1291710" lon="6.9161420">
    <ele>721.8</ele>
    <time>2024-04-26T14:40:06Z</time>
   </trkpt>
   <trkpt lat="48.1291370" lon="6.9161220">
    <ele>722.0</ele>
    <time>2024-04-26T14:40:07Z</time>
   </trkpt>
   <trkpt lat="48.1291020" lon="6.9161010">
    <ele>722.1</ele>
    <time>2024-04-26T14:40:08Z</time>
   </trkpt>
   <trkpt lat="48.1290670" lon="6.9160810">
    <ele>722.2</ele>
    <time>2024-04-26T14:40:09Z</time>
   </trkpt>
   <trkpt lat="48.1290320" lon="6.9160630">
    <ele>722.4</ele>
    <time>2024-04-26T14:40:10Z</time>
   </trkpt>
   <trkpt lat="48.1289960" lon="6.9160470">
    <ele>722.5</ele>
    <time>2024-04-26T14:40:11Z</time>
   </trkpt>
   <trkpt lat="48.1289600" lon="6.9160310">
    <ele>722.7</ele>
    <time>2024-04-26T14:40:12Z</time>
   </trkpt>
   <trkpt lat="48.1289230" lon="6.9160120">
    <ele>722.8</ele>
    <time>2024-04-26T14:40:13Z</time>
   </trkpt>
   <trkpt lat="48.1288870" lon="6.9159910">
    <ele>722.9</ele>
    <time>2024-04-26T14:40:14Z</time>
   </trkpt>
   <trkpt lat="48.1288510" lon="6.9159710">
    <ele>723.0</ele>
    <time>2024-04-26T14:40:15Z</time>
   </trkpt>
   <trkpt lat="48.1288150" lon="6.9159520">
    <ele>723.2</ele>
    <time>2024-04-26T14:40:16Z</time>
   </trkpt>
   <trkpt lat="48.1287780" lon="6.9159330">
    <ele>723.3</ele>
    <time>2024-04-26T14:40:17Z</time>
   </trkpt>
   <trkpt lat="48.1287400" lon="6.9159160">
    <ele>723.4</ele>
    <time>2024-04-26T14:40:18Z</time>
   </trkpt>
   <trkpt lat="48.1287030" lon="6.9158990">
    <ele>723.5</ele>
    <time>2024-04-26T14:40:19Z</time>
   </trkpt>
   <trkpt lat="48.1286650" lon="6.9158820">
    <ele>723.7</ele>
    <time>2024-04-26T14:40:20Z</time>
   </trkpt>
   <trkpt lat="48.1286270" lon="6.9158630">
    <ele>723.8</ele>
    <time>2024-04-26T14:40:21Z</time>
   </trkpt>
   <trkpt lat="48.1285900" lon="6.9158420">
    <ele>723.9</ele>
    <time>2024-04-26T14:40:22Z</time>
   </trkpt>
   <trkpt lat="48.1285540" lon="6.9158190">
    <ele>724.1</ele>
    <time>2024-04-26T14:40:23Z</time>
   </trkpt>
   <trkpt lat="48.1285170" lon="6.9157960">
    <ele>724.2</ele>
    <time>2024-04-26T14:40:24Z</time>
   </trkpt>
   <trkpt lat="48.1284800" lon="6.9157740">
    <ele>724.3</ele>
    <time>2024-04-26T14:40:25Z</time>
   </trkpt>
   <trkpt lat="48.1284440" lon="6.9157560">
    <ele>724.5</ele>
    <time>2024-04-26T14:40:26Z</time>
   </trkpt>
   <trkpt lat="48.1284070" lon="6.9157360">
    <ele>724.6</ele>
    <time>2024-04-26T14:40:27Z</time>
   </trkpt>
   <trkpt lat="48.1283700" lon="6.9157130">
    <ele>724.7</ele>
    <time>2024-04-26T14:40:28Z</time>
   </trkpt>
   <trkpt lat="48.1283330" lon="6.9156860">
    <ele>724.8</ele>
    <time>2024-04-26T14:40:29Z</time>
   </trkpt>
   <trkpt lat="48.1282970" lon="6.9156590">
    <ele>725.0</ele>
    <time>2024-04-26T14:40:30Z</time>
   </trkpt>
   <trkpt lat="48.1282620" lon="6.9156330">
    <ele>725.1</ele>
    <time>2024-04-26T14:40:31Z</time>
   </trkpt>
   <trkpt lat="48.1282270" lon="6.9156090">
    <ele>725.2</ele>
    <time>2024-04-26T14:40:32Z</time>
   </trkpt>
   <trkpt lat="48.1281920" lon="6.9155840">
    <ele>725.4</ele>
    <time>2024-04-26T14:40:33Z</time>
   </trkpt>
   <trkpt lat="48.1281570" lon="6.9155600">
    <ele>725.5</ele>
    <time>2024-04-26T14:40:34Z</time>
   </trkpt>
   <trkpt lat="48.1281220" lon="6.9155350">
    <ele>725.6</ele>
    <time>2024-04-26T14:40:35Z</time>
   </trkpt>
   <trkpt lat="48.1280860" lon="6.9155090">
    <ele>725.8</ele>
    <time>2024-04-26T14:40:36Z</time>
   </trkpt>
   <trkpt lat="48.1280520" lon="6.9154820">
    <ele>725.9</ele>
    <time>2024-04-26T14:40:37Z</time>
   </trkpt>
   <trkpt lat="48.1280180" lon="6.9154550">
    <ele>726.0</ele>
    <time>2024-04-26T14:40:38Z</time>
   </trkpt>
   <trkpt lat="48.1279830" lon="6.9154280">
    <ele>726.2</ele>
    <time>2024-04-26T14:40:39Z</time>
   </trkpt>
   <trkpt lat="48.1279490" lon="6.9154040">
    <ele>726.3</ele>
    <time>2024-04-26T14:40:40Z</time>
   </trkpt>
   <trkpt lat="48.1279140" lon="6.9153800">
    <ele>726.5</ele>
    <time>2024-04-26T14:40:41Z</time>
   </trkpt>
   <trkpt lat="48.1278790" lon="6.9153590">
    <ele>726.6</ele>
    <time>2024-04-26T14:40:42Z</time>
   </trkpt>
   <trkpt lat="48.1278450" lon="6.9153380">
    <ele>726.7</ele>
    <time>2024-04-26T14:40:43Z</time>
   </trkpt>
   <trkpt lat="48.1278100" lon="6.9153170">
    <ele>726.9</ele>
    <time>2024-04-26T14:40:44Z</time>
   </trkpt>
   <trkpt lat="48.1277760" lon="6.9152960">
    <ele>727.0</ele>
    <time>2024-04-26T14:40:45Z</time>
   </trkpt>
   <trkpt lat="48.1277410" lon="6.9152740">
    <ele>727.1</ele>
    <time>2024-04-26T14:40:46Z</time>
   </trkpt>
   <trkpt lat="48.1277060" lon="6.9152530">
    <ele>727.3</ele>
    <time>2024-04-26T14:40:47Z</time>
   </trkpt>
   <trkpt lat="48.1276710" lon="6.9152310">
    <ele>727.4</ele>
    <time>2024-04-26T14:40:48Z</time>
   </trkpt>
   <trkpt lat="48.1276360" lon="6.9152100">
    <ele>727.5</ele>
    <time>2024-04-26T14:40:49Z</time>
   </trkpt>
   <trkpt lat="48.1276010" lon="6.9151910">
    <ele>727.6</ele>
    <time>2024-04-26T14:40:50Z</time>
   </trkpt>
   <trkpt lat="48.1275660" lon="6.9151730">
    <ele>727.8</ele>
    <time>2024-04-26T14:40:51Z</time>
   </trkpt>
   <trkpt lat="48.1275310" lon="6.9151570">
    <ele>727.9</ele>
    <time>2024-04-26T14:40:52Z</time>
   </trkpt>
   <trkpt lat="48.1274960" lon="6.9151400">
    <ele>728.0</ele>
    <time>2024-04-26T14:40:53Z</time>
   </trkpt>
   <trkpt lat="48.1274620" lon="6.9151240">
    <ele>728.2</ele>
    <time>2024-04-26T14:40:54Z</time>
   </trkpt>
   <trkpt lat="48.1274280" lon="6.9151080">
    <ele>728.3</ele>
    <time>2024-04-26T14:40:55Z</time>
   </trkpt>
   <trkpt lat="48.1273940" lon="6.9150920">
    <ele>728.4</ele>
    <time>2024-04-26T14:40:56Z</time>
   </trkpt>
   <trkpt lat="48.1273570" lon="6.9150760">
    <ele>728.5</ele>
    <time>2024-04-26T14:40:57Z</time>
   </trkpt>
   <trkpt lat="48.1273210" lon="6.9150620">
    <ele>728.7</ele>
    <time>2024-04-26T14:40:58Z</time>
   </trkpt>
   <trkpt lat="48.1272880" lon="6.9150500">
    <ele>728.8</ele>
    <time>2024-04-26T14:40:59Z</time>
   </trkpt>
   <trkpt lat="48.1272540" lon="6.9150380">
    <ele>728.9</ele>
    <time>2024-04-26T14:41:00Z</time>
   </trkpt>
   <trkpt lat="48.1272200" lon="6.9150270">
    <ele>729.0</ele>
    <time>2024-04-26T14:41:01Z</time>
   </trkpt>
   <trkpt lat="48.1271860" lon="6.9150170">
    <ele>729.1</ele>
    <time>2024-04-26T14:41:02Z</time>
   </trkpt>
   <trkpt lat="48.1271520" lon="6.9150070">
    <ele>729.3</ele>
    <time>2024-04-26T14:41:03Z</time>
   </trkpt>
   <trkpt lat="48.1271190" lon="6.9149980">
    <ele>729.4</ele>
    <time>2024-04-26T14:41:04Z</time>
   </trkpt>
   <trkpt lat="48.1270850" lon="6.9149890">
    <ele>729.5</ele>
    <time>2024-04-26T14:41:05Z</time>
   </trkpt>
   <trkpt lat="48.1270510" lon="6.9149810">
    <ele>729.6</ele>
    <time>2024-04-26T14:41:06Z</time>
   </trkpt>
   <trkpt lat="48.1270170" lon="6.9149730">
    <ele>729.7</ele>
    <time>2024-04-26T14:41:07Z</time>
   </trkpt>
   <trkpt lat="48.1269840" lon="6.9149660">
    <ele>729.8</ele>
    <time>2024-04-26T14:41:08Z</time>
   </trkpt>
   <trkpt lat="48.1269510" lon="6.9149600">
    <ele>729.9</ele>
    <time>2024-04-26T14:41:09Z</time>
   </trkpt>
   <trkpt lat="48.1269180" lon="6.9149560">
    <ele>730.0</ele>
    <time>2024-04-26T14:41:10Z</time>
   </trkpt>
   <trkpt lat="48.1268840" lon="6.9149510">
    <ele>730.1</ele>
    <time>2024-04-26T14:41:11Z</time>
   </trkpt>
   <trkpt lat="48.1268510" lon="6.9149450">
    <ele>730.2</ele>
    <time>2024-04-26T14:41:12Z</time>
   </trkpt>
   <trkpt lat="48.1268170" lon="6.9149390">
    <ele>730.3</ele>
    <time>2024-04-26T14:41:13Z</time>
   </trkpt>
   <trkpt lat="48.1267840" lon="6.9149320">
    <ele>730.4</ele>
    <time>2024-04-26T14:41:14Z</time>
   </trkpt>
   <trkpt lat="48.1267490" lon="6.9149240">
    <ele>730.5</ele>
    <time>2024-04-26T14:41:15Z</time>
   </trkpt>
   <trkpt lat="48.1267130" lon="6.9149170">
    <ele>730.6</ele>
    <time>2024-04-26T14:41:16Z</time>
   </trkpt>
   <trkpt lat="48.1266760" lon="6.9149110">
    <ele>730.7</ele>
    <time>2024-04-26T14:41:17Z</time>
   </trkpt>
   <trkpt lat="48.1266410" lon="6.9149060">
    <ele>730.8</ele>
    <time>2024-04-26T14:41:18Z</time>
   </trkpt>
   <trkpt lat="48.1266030" lon="6.9149020">
    <ele>730.9</ele>
    <time>2024-04-26T14:41:19Z</time>
   </trkpt>
   <trkpt lat="48.1265670" lon="6.9148980">
    <ele>731.0</ele>
    <time>2024-04-26T14:41:20Z</time>
   </trkpt>
   <trkpt lat="48.1265280" lon="6.9148930">
    <ele>731.1</ele>
    <time>2024-04-26T14:41:21Z</time>
   </trkpt>
   <trkpt lat="48.1264900" lon="6.9148870">
    <ele>731.2</ele>
    <time>2024-04-26T14:41:22Z</time>
   </trkpt>
   <trkpt lat="48.1264510" lon="6.9148810">
    <ele>731.3</ele>
    <time>2024-04-26T14:41:23Z</time>
   </trkpt>
   <trkpt lat="48.1264130" lon="6.9148750">
    <ele>731.4</ele>
    <time>2024-04-26T14:41:24Z</time>
   </trkpt>
   <trkpt lat="48.1263740" lon="6.9148690">
    <ele>731.5</ele>
    <time>2024-04-26T14:41:25Z</time>
   </trkpt>
   <trkpt lat="48.1263350" lon="6.9148650">
    <ele>731.6</ele>
    <time>2024-04-26T14:41:26Z</time>
   </trkpt>
   <trkpt lat="48.1262970" lon="6.9148600">
    <ele>731.7</ele>
    <time>2024-04-26T14:41:27Z</time>
   </trkpt>
   <trkpt lat="48.1262590" lon="6.9148550">
    <ele>731.8</ele>
    <time>2024-04-26T14:41:28Z</time>
   </trkpt>
   <trkpt lat="48.1262200" lon="6.9148500">
    <ele>732.0</ele>
    <time>2024-04-26T14:41:29Z</time>
   </trkpt>
   <trkpt lat="48.1261820" lon="6.9148450">
    <ele>732.1</ele>
    <time>2024-04-26T14:41:30Z</time>
   </trkpt>
   <trkpt lat="48.1261440" lon="6.9148390">
    <ele>732.2</ele>
    <time>2024-04-26T14:41:31Z</time>
   </trkpt>
   <trkpt lat="48.1261070" lon="6.9148320">
    <ele>732.3</ele>
    <time>2024-04-26T14:41:32Z</time>
   </trkpt>
   <trkpt lat="48.1260690" lon="6.9148230">
    <ele>732.4</ele>
    <time>2024-04-26T14:41:33Z</time>
   </trkpt>
   <trkpt lat="48.1260330" lon="6.9148120">
    <ele>732.5</ele>
    <time>2024-04-26T14:41:34Z</time>
   </trkpt>
   <trkpt lat="48.1259960" lon="6.9147980">
    <ele>732.7</ele>
    <time>2024-04-26T14:41:35Z</time>
   </trkpt>
   <trkpt lat="48.1259590" lon="6.9147830">
    <ele>732.8</ele>
    <time>2024-04-26T14:41:36Z</time>
   </trkpt>
   <trkpt lat="48.1259230" lon="6.9147680">
    <ele>732.9</ele>
    <time>2024-04-26T14:41:37Z</time>
   </trkpt>
   <trkpt lat="48.1258860" lon="6.9147530">
    <ele>733.0</ele>
    <time>2024-04-26T14:41:38Z</time>
   </trkpt>
   <trkpt lat="48.1258510" lon="6.9147370">
    <ele>733.2</ele>
    <time>2024-04-26T14:41:39Z</time>
   </trkpt>
   <trkpt lat="48.1258150" lon="6.9147190">
    <ele>733.3</ele>
    <time>2024-04-26T14:41:40Z</time>
   </trkpt>
   <trkpt lat="48.1257810" lon="6.9147000">
    <ele>733.4</ele>
    <time>2024-04-26T14:41:41Z</time>
   </trkpt>
   <trkpt lat="48.1257470" lon="6.9146800">
    <ele>733.6</ele>
    <time>2024-04-26T14:41:42Z</time>
   </trkpt>
   <trkpt lat="48.1257150" lon="6.9146590">
    <ele>733.7</ele>
    <time>2024-04-26T14:41:43Z</time>
   </trkpt>
   <trkpt lat="48.1256830" lon="6.9146380">
    <ele>733.9</ele>
    <time>2024-04-26T14:41:44Z</time>
   </trkpt>
   <trkpt lat="48.1256510" lon="6.9146180">
    <ele>734.0</ele>
    <time>2024-04-26T14:41:45Z</time>
   </trkpt>
   <trkpt lat="48.1256190" lon="6.9145970">
    <ele>734.2</ele>
    <time>2024-04-26T14:41:46Z</time>
   </trkpt>
   <trkpt lat="48.1255880" lon="6.9145760">
    <ele>734.4</ele>
    <time>2024-04-26T14:41:47Z</time>
   </trkpt>
   <trkpt lat="48.1255570" lon="6.9145550">
    <ele>734.5</ele>
    <time>2024-04-26T14:41:48Z</time>
   </trkpt>
   <trkpt lat="48.1255260" lon="6.9145350">
    <ele>734.7</ele>
    <time>2024-04-26T14:41:49Z</time>
   </trkpt>
   <trkpt lat="48.1254960" lon="6.9145160">
    <ele>734.8</ele>
    <time>2024-04-26T14:41:50Z</time>
   </trkpt>
   <trkpt lat="48.1254680" lon="6.9144990">
    <ele>735.0</ele>
    <time>2024-04-26T14:41:51Z</time>
   </trkpt>
   <trkpt lat="48.1254410" lon="6.9144800">
    <ele>735.1</ele>
    <time>2024-04-26T14:41:52Z</time>
   </trkpt>
   <trkpt lat="48.1254140" lon="6.9144620">
    <ele>735.2</ele>
    <time>2024-04-26T14:41:53Z</time>
   </trkpt>
   <trkpt lat="48.1253870" lon="6.9144440">
    <ele>735.4</ele>
    <time>2024-04-26T14:41:54Z</time>
   </trkpt>
   <trkpt lat="48.1253580" lon="6.9144270">
    <ele>735.5</ele>
    <time>2024-04-26T14:41:55Z</time>
   </trkpt>
   <trkpt lat="48.1253290" lon="6.9144090">
    <ele>735.7</ele>
    <time>2024-04-26T14:41:56Z</time>
   </trkpt>
   <trkpt lat="48.1253010" lon="6.9143920">
    <ele>735.8</ele>
    <time>2024-04-26T14:41:57Z</time>
   </trkpt>
   <trkpt lat="48.1252720" lon="6.9143740">
    <ele>736.0</ele>
    <time>2024-04-26T14:41:58Z</time>
   </trkpt>
   <trkpt lat="48.1252440" lon="6.9143560">
    <ele>736.2</ele>
    <time>2024-04-26T14:41:59Z</time>
   </trkpt>
   <trkpt lat="48.1252150" lon="6.9143370">
    <ele>736.3</ele>
    <time>2024-04-26T14:42:00Z</time>
   </trkpt>
   <trkpt lat="48.1251850" lon="6.9143190">
    <ele>736.5</ele>
    <time>2024-04-26T14:42:01Z</time>
   </trkpt>
   <trkpt lat="48.1251550" lon="6.9143000">
    <ele>736.6</ele>
    <time>2024-04-26T14:42:02Z</time>
   </trkpt>
   <trkpt lat="48.1251250" lon="6.9142810">
    <ele>736.8</ele>
    <time>2024-04-26T14:42:03Z</time>
   </trkpt>
   <trkpt lat="48.1250950" lon="6.9142620">
    <ele>737.0</ele>
    <time>2024-04-26T14:42:04Z</time>
   </trkpt>
   <trkpt lat="48.1250660" lon="6.9142430">
    <ele>737.1</ele>
    <time>2024-04-26T14:42:05Z</time>
   </trkpt>
   <trkpt lat="48.1250370" lon="6.9142250">
    <ele>737.3</ele>
    <time>2024-04-26T14:42:06Z</time>
   </trkpt>
   <trkpt lat="48.1250080" lon="6.9142060">
    <ele>737.4</ele>
    <time>2024-04-26T14:42:07Z</time>
   </trkpt>
   <trkpt lat="48.1249780" lon="6.9141870">
    <ele>737.6</ele>
    <time>2024-04-26T14:42:08Z</time>
   </trkpt>
   <trkpt lat="48.1249480" lon="6.9141690">
    <ele>737.8</ele>
    <time>2024-04-26T14:42:09Z</time>
   </trkpt>
   <trkpt lat="48.1249190" lon="6.9141500">
    <ele>737.9</ele>
    <time>2024-04-26T14:42:10Z</time>
   </trkpt>
   <trkpt lat="48.1248900" lon="6.9141310">
    <ele>738.1</ele>
    <time>2024-04-26T14:42:11Z</time>
   </trkpt>
   <trkpt lat="48.1248620" lon="6.9141110">
    <ele>738.2</ele>
    <time>2024-04-26T14:42:12Z</time>
   </trkpt>
   <trkpt lat="48.1248330" lon="6.9140900">
    <ele>738.4</ele>
    <time>2024-04-26T14:42:13Z</time>
   </trkpt>
   <trkpt lat="48.1248030" lon="6.9140690">
    <ele>738.5</ele>
    <time>2024-04-26T14:42:14Z</time>
   </trkpt>
   <trkpt lat="48.1247740" lon="6.9140480">
    <ele>738.7</ele>
    <time>2024-04-26T14:42:15Z</time>
   </trkpt>
   <trkpt lat="48.1247460" lon="6.9140280">
    <ele>738.9</ele>
    <time>2024-04-26T14:42:16Z</time>
   </trkpt>
   <trkpt lat="48.1247180" lon="6.9140050">
    <ele>739.0</ele>
    <time>2024-04-26T14:42:17Z</time>
   </trkpt>
   <trkpt lat="48.1246900" lon="6.9139830">
    <ele>739.2</ele>
    <time>2024-04-26T14:42:18Z</time>
   </trkpt>
   <trkpt lat="48.1246610" lon="6.9139610">
    <ele>739.3</ele>
    <time>2024-04-26T14:42:19Z</time>
   </trkpt>
   <trkpt lat="48.1246330" lon="6.9139400">
    <ele>739.5</ele>
    <time>2024-04-26T14:42:20Z</time>
   </trkpt>
   <trkpt lat="48.1246040" lon="6.9139210">
    <ele>739.6</ele>
    <time>2024-04-26T14:42:21Z</time>
   </trkpt>
   <trkpt lat="48.1245760" lon="6.9139010">
    <ele>739.8</ele>
    <time>2024-04-26T14:42:22Z</time>
   </trkpt>
   <trkpt lat="48.1245490" lon="6.9138810">
    <ele>739.9</ele>
    <time>2024-04-26T14:42:23Z</time>
   </trkpt>
   <trkpt lat="48.1245220" lon="6.9138600">
    <ele>740.1</ele>
    <time>2024-04-26T14:42:24Z</time>
   </trkpt>
   <trkpt lat="48.1244940" lon="6.9138390">
    <ele>740.2</ele>
    <time>2024-04-26T14:42:25Z</time>
   </trkpt>
   <trkpt lat="48.1244660" lon="6.9138190">
    <ele>740.4</ele>
    <time>2024-04-26T14:42:26Z</time>
   </trkpt>
   <trkpt lat="48.1244370" lon="6.9137980">
    <ele>740.5</ele>
    <time>2024-04-26T14:42:27Z</time>
   </trkpt>
   <trkpt lat="48.1244090" lon="6.9137770">
    <ele>740.7</ele>
    <time>2024-04-26T14:42:28Z</time>
   </trkpt>
   <trkpt lat="48.1243820" lon="6.9137550">
    <ele>740.8</ele>
    <time>2024-04-26T14:42:29Z</time>
   </trkpt>
   <trkpt lat="48.1243540" lon="6.9137340">
    <ele>740.9</ele>
    <time>2024-04-26T14:42:30Z</time>
   </trkpt>
   <trkpt lat="48.1243270" lon="6.9137130">
    <ele>741.1</ele>
    <time>2024-04-26T14:42:31Z</time>
   </trkpt>
   <trkpt lat="48.1242990" lon="6.9136930">
    <ele>741.2</ele>
    <time>2024-04-26T14:42:32Z</time>
   </trkpt>
   <trkpt lat="48.1242710" lon="6.9136730">
    <ele>741.4</ele>
    <time>2024-04-26T14:42:33Z</time>
   </trkpt>
   <trkpt lat="48.1242430" lon="6.9136530">
    <ele>741.5</ele>
    <time>2024-04-26T14:42:34Z</time>
   </trkpt>
   <trkpt lat="48.1242140" lon="6.9136320">
    <ele>741.7</ele>
    <time>2024-04-26T14:42:35Z</time>
   </trkpt>
   <trkpt lat="48.1241860" lon="6.9136100">
    <ele>741.8</ele>
    <time>2024-04-26T14:42:36Z</time>
   </trkpt>
   <trkpt lat="48.1241570" lon="6.9135880">
    <ele>742.0</ele>
    <time>2024-04-26T14:42:37Z</time>
   </trkpt>
   <trkpt lat="48.1241280" lon="6.9135670">
    <ele>742.1</ele>
    <time>2024-04-26T14:42:38Z</time>
   </trkpt>
   <trkpt lat="48.1240990" lon="6.9135460">
    <ele>742.3</ele>
    <time>2024-04-26T14:42:39Z</time>
   </trkpt>
   <trkpt lat="48.1240710" lon="6.9135250">
    <ele>742.4</ele>
    <time>2024-04-26T14:42:40Z</time>
   </trkpt>
   <trkpt lat="48.1240430" lon="6.9135050">
    <ele>742.6</ele>
    <time>2024-04-26T14:42:41Z</time>
   </trkpt>
   <trkpt lat="48.1240140" lon="6.9134850">
    <ele>742.8</ele>
    <time>2024-04-26T14:42:42Z</time>
   </trkpt>
   <trkpt lat="48.1239840" lon="6.9134620">
    <ele>742.9</ele>
    <time>2024-04-26T14:42:43Z</time>
   </trkpt>
   <trkpt lat="48.1239560" lon="6.9134400">
    <ele>743.1</ele>
    <time>2024-04-26T14:42:44Z</time>
   </trkpt>
   <trkpt lat="48.1239270" lon="6.9134190">
    <ele>743.2</ele>
    <time>2024-04-26T14:42:45Z</time>
   </trkpt>
   <trkpt lat="48.1238960" lon="6.9133990">
    <ele>743.4</ele>
    <time>2024-04-26T14:42:46Z</time>
   </trkpt>
   <trkpt lat="48.1238650" lon="6.9133800">
    <ele>743.5</ele>
    <time>2024-04-26T14:42:47Z</time>
   </trkpt>
   <trkpt lat="48.1238360" lon="6.9133600">
    <ele>743.7</ele>
    <time>2024-04-26T14:42:48Z</time>
   </trkpt>
   <trkpt lat="48.1238090" lon="6.9133370">
    <ele>743.8</ele>
    <time>2024-04-26T14:42:49Z</time>
   </trkpt>
   <trkpt lat="48.1237820" lon="6.9133140">
    <ele>743.9</ele>
    <time>2024-04-26T14:42:50Z</time>
   </trkpt>
   <trkpt lat="48.1237530" lon="6.9132900">
    <ele>744.1</ele>
    <time>2024-04-26T14:42:51Z</time>
   </trkpt>
   <trkpt lat="48.1237230" lon="6.9132680">
    <ele>744.2</ele>
    <time>2024-04-26T14:42:52Z</time>
   </trkpt>
   <trkpt lat="48.1236940" lon="6.9132480">
    <ele>744.4</ele>
    <time>2024-04-26T14:42:53Z</time>
   </trkpt>
   <trkpt lat="48.1236660" lon="6.9132260">
    <ele>744.5</ele>
    <time>2024-04-26T14:42:54Z</time>
   </trkpt>
   <trkpt lat="48.1236380" lon="6.9132030">
    <ele>744.7</ele>
    <time>2024-04-26T14:42:55Z</time>
   </trkpt>
   <trkpt lat="48.1236090" lon="6.9131790">
    <ele>744.8</ele>
    <time>2024-04-26T14:42:56Z</time>
   </trkpt>
   <trkpt lat="48.1235810" lon="6.9131580">
    <ele>745.0</ele>
    <time>2024-04-26T14:42:57Z</time>
   </trkpt>
   <trkpt lat="48.1235530" lon="6.9131380">
    <ele>745.1</ele>
    <time>2024-04-26T14:42:58Z</time>
   </trkpt>
   <trkpt lat="48.1235250" lon="6.9131170">
    <ele>745.3</ele>
    <time>2024-04-26T14:42:59Z</time>
   </trkpt>
   <trkpt lat="48.1234980" lon="6.9130950">
    <ele>745.4</ele>
    <time>2024-04-26T14:43:00Z</time>
   </trkpt>
   <trkpt lat="48.1234720" lon="6.9130720">
    <ele>745.6</ele>
    <time>2024-04-26T14:43:01Z</time>
   </trkpt>
   <trkpt lat="48.1234440" lon="6.9130500">
    <ele>745.7</ele>
    <time>2024-04-26T14:43:02Z</time>
   </trkpt>
   <trkpt lat="48.1234160" lon="6.9130300">
    <ele>745.8</ele>
    <time>2024-04-26T14:43:03Z</time>
   </trkpt>
   <trkpt lat="48.1233880" lon="6.9130120">
    <ele>746.0</ele>
    <time>2024-04-26T14:43:04Z</time>
   </trkpt>
   <trkpt lat="48.1233600" lon="6.9129940">
    <ele>746.1</ele>
    <time>2024-04-26T14:43:05Z</time>
   </trkpt>
   <trkpt lat="48.1233320" lon="6.9129740">
    <ele>746.3</ele>
    <time>2024-04-26T14:43:06Z</time>
   </trkpt>
   <trkpt lat="48.1233040" lon="6.9129550">
    <ele>746.4</ele>
    <time>2024-04-26T14:43:07Z</time>
   </trkpt>
   <trkpt lat="48.1232750" lon="6.9129370">
    <ele>746.6</ele>
    <time>2024-04-26T14:43:08Z</time>
   </trkpt>
   <trkpt lat="48.1232460" lon="6.9129200">
    <ele>746.7</ele>
    <time>2024-04-26T14:43:09Z</time>
   </trkpt>
   <trkpt lat="48.1232160" lon="6.9129030">
    <ele>746.9</ele>
    <time>2024-04-26T14:43:10Z</time>
   </trkpt>
   <trkpt lat="48.1231860" lon="6.9128850">
    <ele>747.0</ele>
    <time>2024-04-26T14:43:11Z</time>
   </trkpt>
   <trkpt lat="48.1231560" lon="6.9128680">
    <ele>747.2</ele>
    <time>2024-04-26T14:43:12Z</time>
   </trkpt>
   <trkpt lat="48.1231260" lon="6.9128520">
    <ele>747.3</ele>
    <time>2024-04-26T14:43:13Z</time>
   </trkpt>
   <trkpt lat="48.1230970" lon="6.9128350">
    <ele>747.4</ele>
    <time>2024-04-26T14:43:14Z</time>
   </trkpt>
   <trkpt lat="48.1230670" lon="6.9128200">
    <ele>747.6</ele>
    <time>2024-04-26T14:43:15Z</time>
   </trkpt>
   <trkpt lat="48.1230370" lon="6.9128050">
    <ele>747.7</ele>
    <time>2024-04-26T14:43:16Z</time>
   </trkpt>
   <trkpt lat="48.1230070" lon="6.9127920">
    <ele>747.9</ele>
    <time>2024-04-26T14:43:17Z</time>
   </trkpt>
   <trkpt lat="48.1229770" lon="6.9127810">
    <ele>748.0</ele>
    <time>2024-04-26T14:43:18Z</time>
   </trkpt>
   <trkpt lat="48.1229470" lon="6.9127710">
    <ele>748.2</ele>
    <time>2024-04-26T14:43:19Z</time>
   </trkpt>
   <trkpt lat="48.1229170" lon="6.9127600">
    <ele>748.3</ele>
    <time>2024-04-26T14:43:20Z</time>
   </trkpt>
   <trkpt lat="48.1228870" lon="6.9127470">
    <ele>748.4</ele>
    <time>2024-04-26T14:43:21Z</time>
   </trkpt>
   <trkpt lat="48.1228560" lon="6.9127330">
    <ele>748.6</ele>
    <time>2024-04-26T14:43:22Z</time>
   </trkpt>
   <trkpt lat="48.1228260" lon="6.9127190">
    <ele>748.7</ele>
    <time>2024-04-26T14:43:23Z</time>
   </trkpt>
   <trkpt lat="48.1227950" lon="6.9127060">
    <ele>748.9</ele>
    <time>2024-04-26T14:43:24Z</time>
   </trkpt>
   <trkpt lat="48.1227640" lon="6.9126930">
    <ele>749.0</ele>
    <time>2024-04-26T14:43:25Z</time>
   </trkpt>
   <trkpt lat="48.1227330" lon="6.9126800">
    <ele>749.2</ele>
    <time>2024-04-26T14:43:26Z</time>
   </trkpt>
   <trkpt lat="48.1227030" lon="6.9126660">
    <ele>749.4</ele>
    <time>2024-04-26T14:43:27Z</time>
   </trkpt>
   <trkpt lat="48.1226720" lon="6.9126520">
    <ele>749.5</ele>
    <time>2024-04-26T14:43:28Z</time>
   </trkpt>
   <trkpt lat="48.1226410" lon="6.9126380">
    <ele>749.7</ele>
    <time>2024-04-26T14:43:29Z</time>
   </trkpt>
   <trkpt lat="48.1226110" lon="6.9126250">
    <ele>749.8</ele>
    <time>2024-04-26T14:43:30Z</time>
   </trkpt>
   <trkpt lat="48.1225810" lon="6.9126080">
    <ele>750.0</ele>
    <time>2024-04-26T14:43:31Z</time>
   </trkpt>
   <trkpt lat="48.1225500" lon="6.9125910">
    <ele>750.2</ele>
    <time>2024-04-26T14:43:32Z</time>
   </trkpt>
   <trkpt lat="48.1225190" lon="6.9125750">
    <ele>750.3</ele>
    <time>2024-04-26T14:43:33Z</time>
   </trkpt>
   <trkpt lat="48.1224900" lon="6.9125630">
    <ele>750.5</ele>
    <time>2024-04-26T14:43:34Z</time>
   </trkpt>
   <trkpt lat="48.1224600" lon="6.9125520">
    <ele>750.7</ele>
    <time>2024-04-26T14:43:35Z</time>
   </trkpt>
   <trkpt lat="48.1224290" lon="6.9125400">
    <ele>750.8</ele>
    <time>2024-04-26T14:43:36Z</time>
   </trkpt>
   <trkpt lat="48.1223970" lon="6.9125260">
    <ele>751.0</ele>
    <time>2024-04-26T14:43:37Z</time>
   </trkpt>
   <trkpt lat="48.1223660" lon="6.9125120">
    <ele>751.1</ele>
    <time>2024-04-26T14:43:38Z</time>
   </trkpt>
   <trkpt lat="48.1223350" lon="6.9124980">
    <ele>751.3</ele>
    <time>2024-04-26T14:43:39Z</time>
   </trkpt>
   <trkpt lat="48.1223040" lon="6.9124830">
    <ele>751.4</ele>
    <time>2024-04-26T14:43:40Z</time>
   </trkpt>
   <trkpt lat="48.1222730" lon="6.9124700">
    <ele>751.6</ele>
    <time>2024-04-26T14:43:41Z</time>
   </trkpt>
   <trkpt lat="48.1222420" lon="6.9124560">
    <ele>751.7</ele>
    <time>2024-04-26T14:43:42Z</time>
   </trkpt>
   <trkpt lat="48.1222100" lon="6.9124430">
    <ele>751.9</ele>
    <time>2024-04-26T14:43:43Z</time>
   </trkpt>
   <trkpt lat="48.1221780" lon="6.9124280">
    <ele>752.0</ele>
    <time>2024-04-26T14:43:44Z</time>
   </trkpt>
   <trkpt lat="48.1221470" lon="6.9124110">
    <ele>752.2</ele>
    <time>2024-04-26T14:43:45Z</time>
   </trkpt>
   <trkpt lat="48.1221150" lon="6.9123940">
    <ele>752.3</ele>
    <time>2024-04-26T14:43:46Z</time>
   </trkpt>
   <trkpt lat="48.1220830" lon="6.9123790">
    <ele>752.4</ele>
    <time>2024-04-26T14:43:47Z</time>
   </trkpt>
   <trkpt lat="48.1220500" lon="6.9123640">
    <ele>752.6</ele>
    <time>2024-04-26T14:43:48Z</time>
   </trkpt>
   <trkpt lat="48.1220180" lon="6.9123480">
    <ele>752.7</ele>
    <time>2024-04-26T14:43:49Z</time>
   </trkpt>
   <trkpt lat="48.1219860" lon="6.9123330">
    <ele>752.9</ele>
    <time>2024-04-26T14:43:50Z</time>
   </trkpt>
   <trkpt lat="48.1219530" lon="6.9123170">
    <ele>753.0</ele>
    <time>2024-04-26T14:43:51Z</time>
   </trkpt>
   <trkpt lat="48.1219200" lon="6.9123020">
    <ele>753.2</ele>
    <time>2024-04-26T14:43:52Z</time>
   </trkpt>
   <trkpt lat="48.1218880" lon="6.9122860">
    <ele>753.4</ele>
    <time>2024-04-26T14:43:53Z</time>
   </trkpt>
   <trkpt lat="48.1218550" lon="6.9122720">
    <ele>753.5</ele>
    <time>2024-04-26T14:43:54Z</time>
   </trkpt>
   <trkpt lat="48.1218230" lon="6.9122570">
    <ele>753.7</ele>
    <time>2024-04-26T14:43:55Z</time>
   </trkpt>
   <trkpt lat="48.1217910" lon="6.9122420">
    <ele>753.8</ele>
    <time>2024-04-26T14:43:56Z</time>
   </trkpt>
   <trkpt lat="48.1217590" lon="6.9122260">
    <ele>754.0</ele>
    <time>2024-04-26T14:43:57Z</time>
   </trkpt>
   <trkpt lat="48.1217280" lon="6.9122100">
    <ele>754.1</ele>
    <time>2024-04-26T14:43:58Z</time>
   </trkpt>
   <trkpt lat="48.1216960" lon="6.9121960">
    <ele>754.3</ele>
    <time>2024-04-26T14:43:59Z</time>
   </trkpt>
   <trkpt lat="48.1216640" lon="6.9121840">
    <ele>754.4</ele>
    <time>2024-04-26T14:44:00Z</time>
   </trkpt>
   <trkpt lat="48.1216310" lon="6.9121710">
    <ele>754.6</ele>
    <time>2024-04-26T14:44:01Z</time>
   </trkpt>
   <trkpt lat="48.1215980" lon="6.9121560">
    <ele>754.8</ele>
    <time>2024-04-26T14:44:02Z</time>
   </trkpt>
   <trkpt lat="48.1215660" lon="6.9121400">
    <ele>754.9</ele>
    <time>2024-04-26T14:44:03Z</time>
   </trkpt>
   <trkpt lat="48.1215330" lon="6.9121240">
    <ele>755.1</ele>
    <time>2024-04-26T14:44:04Z</time>
   </trkpt>
   <trkpt lat="48.1215020" lon="6.9121080">
    <ele>755.3</ele>
    <time>2024-04-26T14:44:05Z</time>
   </trkpt>
   <trkpt lat="48.1214690" lon="6.9120930">
    <ele>755.4</ele>
    <time>2024-04-26T14:44:06Z</time>
   </trkpt>
   <trkpt lat="48.1214380" lon="6.9120770">
    <ele>755.6</ele>
    <time>2024-04-26T14:44:07Z</time>
   </trkpt>
   <trkpt lat="48.1214050" lon="6.9120620">
    <ele>755.8</ele>
    <time>2024-04-26T14:44:08Z</time>
   </trkpt>
   <trkpt lat="48.1213730" lon="6.9120480">
    <ele>755.9</ele>
    <time>2024-04-26T14:44:09Z</time>
   </trkpt>
   <trkpt lat="48.1213410" lon="6.9120330">
    <ele>756.1</ele>
    <time>2024-04-26T14:44:10Z</time>
   </trkpt>
   <trkpt lat="48.1213090" lon="6.9120180">
    <ele>756.3</ele>
    <time>2024-04-26T14:44:11Z</time>
   </trkpt>
   <trkpt lat="48.1212780" lon="6.9120010">
    <ele>756.4</ele>
    <time>2024-04-26T14:44:12Z</time>
   </trkpt>
   <trkpt lat="48.1212470" lon="6.9119830">
    <ele>756.6</ele>
    <time>2024-04-26T14:44:13Z</time>
   </trkpt>
   <trkpt lat="48.1212160" lon="6.9119680">
    <ele>756.8</ele>
    <time>2024-04-26T14:44:14Z</time>
   </trkpt>
   <trkpt lat="48.1211850" lon="6.9119550">
    <ele>756.9</ele>
    <time>2024-04-26T14:44:15Z</time>
   </trkpt>
   <trkpt lat="48.1211540" lon="6.9119430">
    <ele>757.1</ele>
    <time>2024-04-26T14:44:16Z</time>
   </trkpt>
   <trkpt lat="48.1211210" lon="6.9119320">
    <ele>757.2</ele>
    <time>2024-04-26T14:44:17Z</time>
   </trkpt>
   <trkpt lat="48.1210880" lon="6.9119190">
    <ele>757.4</ele>
    <time>2024-04-26T14:44:18Z</time>
   </trkpt>
   <trkpt lat="48.1210560" lon="6.9119040">
    <ele>757.5</ele>
    <time>2024-04-26T14:44:19Z</time>
   </trkpt>
   <trkpt lat="48.1210230" lon="6.9118870">
    <ele>757.7</ele>
    <time>2024-04-26T14:44:20Z</time>
   </trkpt>
   <trkpt lat="48.1209900" lon="6.9118710">
    <ele>757.8</ele>
    <time>2024-04-26T14:44:21Z</time>
   </trkpt>
   <trkpt lat="48.1209590" lon="6.9118570">
    <ele>758.0</ele>
    <time>2024-04-26T14:44:22Z</time>
   </trkpt>
   <trkpt lat="48.1209270" lon="6.9118440">
    <ele>758.1</ele>
    <time>2024-04-26T14:44:23Z</time>
   </trkpt>
   <trkpt lat="48.1208960" lon="6.9118300">
    <ele>758.2</ele>
    <time>2024-04-26T14:44:24Z</time>
   </trkpt>
   <trkpt lat="48.1208640" lon="6.9118160">
    <ele>758.4</ele>
    <time>2024-04-26T14:44:25Z</time>
   </trkpt>
   <trkpt lat="48.1208320" lon="6.9118000">
    <ele>758.5</ele>
    <time>2024-04-26T14:44:26Z</time>
   </trkpt>
   <trkpt lat="48.1208010" lon="6.9117840">
    <ele>758.7</ele>
    <time>2024-04-26T14:44:27Z</time>
   </trkpt>
   <trkpt lat="48.1207690" lon="6.9117680">
    <ele>758.8</ele>
    <time>2024-04-26T14:44:28Z</time>
   </trkpt>
   <trkpt lat="48.1207360" lon="6.9117550">
    <ele>758.9</ele>
    <time>2024-04-26T14:44:29Z</time>
   </trkpt>
   <trkpt lat="48.1207040" lon="6.9117440">
    <ele>759.1</ele>
    <time>2024-04-26T14:44:30Z</time>
   </trkpt>
   <trkpt lat="48.1206730" lon="6.9117330">
    <ele>759.2</ele>
    <time>2024-04-26T14:44:31Z</time>
   </trkpt>
   <trkpt lat="48.1206410" lon="6.9117210">
    <ele>759.4</ele>
    <time>2024-04-26T14:44:32Z</time>
   </trkpt>
   <trkpt lat="48.1206100" lon="6.9117060">
    <ele>759.5</ele>
    <time>2024-04-26T14:44:33Z</time>
   </trkpt>
   <trkpt lat="48.1205800" lon="6.9116920">
    <ele>759.6</ele>
    <time>2024-04-26T14:44:34Z</time>
   </trkpt>
   <trkpt lat="48.1205490" lon="6.9116770">
    <ele>759.8</ele>
    <time>2024-04-26T14:44:35Z</time>
   </trkpt>
   <trkpt lat="48.1205180" lon="6.9116640">
    <ele>759.9</ele>
    <time>2024-04-26T14:44:36Z</time>
   </trkpt>
   <trkpt lat="48.1204870" lon="6.9116500">
    <ele>760.0</ele>
    <time>2024-04-26T14:44:37Z</time>
   </trkpt>
   <trkpt lat="48.1204550" lon="6.9116340">
    <ele>760.2</ele>
    <time>2024-04-26T14:44:38Z</time>
   </trkpt>
   <trkpt lat="48.1204230" lon="6.9116190">
    <ele>760.3</ele>
    <time>2024-04-26T14:44:39Z</time>
   </trkpt>
   <trkpt lat="48.1203910" lon="6.9116040">
    <ele>760.4</ele>
    <time>2024-04-26T14:44:40Z</time>
   </trkpt>
   <trkpt lat="48.1203580" lon="6.9115900">
    <ele>760.6</ele>
    <time>2024-04-26T14:44:41Z</time>
   </trkpt>
   <trkpt lat="48.1203240" lon="6.9115760">
    <ele>760.7</ele>
    <time>2024-04-26T14:44:42Z</time>
   </trkpt>
   <trkpt lat="48.1202880" lon="6.9115610">
    <ele>760.9</ele>
    <time>2024-04-26T14:44:43Z</time>
   </trkpt>
   <trkpt lat="48.1202520" lon="6.9115450">
    <ele>761.0</ele>
    <time>2024-04-26T14:44:44Z</time>
   </trkpt>
   <trkpt lat="48.1202170" lon="6.9115290">
    <ele>761.1</ele>
    <time>2024-04-26T14:44:45Z</time>
   </trkpt>
   <trkpt lat="48.1201820" lon="6.9115120">
    <ele>761.3</ele>
    <time>2024-04-26T14:44:46Z</time>
   </trkpt>
   <trkpt lat="48.1201490" lon="6.9114970">
    <ele>761.4</ele>
    <time>2024-04-26T14:44:47Z</time>
   </trkpt>
   <trkpt lat="48.1201140" lon="6.9114810">
    <ele>761.5</ele>
    <time>2024-04-26T14:44:48Z</time>
   </trkpt>
   <trkpt lat="48.1200770" lon="6.9114640">
    <ele>761.6</ele>
    <time>2024-04-26T14:44:49Z</time>
   </trkpt>
   <trkpt lat="48.1200400" lon="6.9114460">
    <ele>761.7</ele>
    <time>2024-04-26T14:44:50Z</time>
   </trkpt>
   <trkpt lat="48.1200020" lon="6.9114260">
    <ele>761.8</ele>
    <time>2024-04-26T14:44:51Z</time>
   </trkpt>
   <trkpt lat="48.1199640" lon="6.9114070">
    <ele>761.9</ele>
    <time>2024-04-26T14:44:52Z</time>
   </trkpt>
   <trkpt lat="48.1199290" lon="6.9113890">
    <ele>762.0</ele>
    <time>2024-04-26T14:44:53Z</time>
   </trkpt>
   <trkpt lat="48.1198940" lon="6.9113710">
    <ele>762.0</ele>
    <time>2024-04-26T14:44:54Z</time>
   </trkpt>
   <trkpt lat="48.1198560" lon="6.9113540">
    <ele>762.1</ele>
    <time>2024-04-26T14:44:55Z</time>
   </trkpt>
   <trkpt lat="48.1198190" lon="6.9113370">
    <ele>762.1</ele>
    <time>2024-04-26T14:44:56Z</time>
   </trkpt>
   <trkpt lat="48.1197820" lon="6.9113190">
    <ele>762.2</ele>
    <time>2024-04-26T14:44:57Z</time>
   </trkpt>
   <trkpt lat="48.1197420" lon="6.9113020">
    <ele>762.2</ele>
    <time>2024-04-26T14:44:58Z</time>
   </trkpt>
   <trkpt lat="48.1197010" lon="6.9112850">
    <ele>762.3</ele>
    <time>2024-04-26T14:44:59Z</time>
   </trkpt>
   <trkpt lat="48.1196600" lon="6.9112680">
    <ele>762.3</ele>
    <time>2024-04-26T14:45:00Z</time>
   </trkpt>
   <trkpt lat="48.1196190" lon="6.9112520">
    <ele>762.4</ele>
    <time>2024-04-26T14:45:01Z</time>
   </trkpt>
   <trkpt lat="48.1195780" lon="6.9112360">
    <ele>762.5</ele>
    <time>2024-04-26T14:45:02Z</time>
   </trkpt>
   <trkpt lat="48.1195360" lon="6.9112170">
    <ele>762.5</ele>
    <time>2024-04-26T14:45:03Z</time>
   </trkpt>
   <trkpt lat="48.1194960" lon="6.9111970">
    <ele>762.6</ele>
    <time>2024-04-26T14:45:04Z</time>
   </trkpt>
   <trkpt lat="48.1194570" lon="6.9111750">
    <ele>762.7</ele>
    <time>2024-04-26T14:45:05Z</time>
   </trkpt>
   <trkpt lat="48.1194170" lon="6.9111560">
    <ele>762.7</ele>
    <time>2024-04-26T14:45:06Z</time>
   </trkpt>
   <trkpt lat="48.1193770" lon="6.9111380">
    <ele>762.8</ele>
    <time>2024-04-26T14:45:07Z</time>
   </trkpt>
   <trkpt lat="48.1193370" lon="6.9111190">
    <ele>762.9</ele>
    <time>2024-04-26T14:45:08Z</time>
   </trkpt>
   <trkpt lat="48.1192960" lon="6.9111010">
    <ele>762.9</ele>
    <time>2024-04-26T14:45:09Z</time>
   </trkpt>
   <trkpt lat="48.1192560" lon="6.9110850">
    <ele>763.0</ele>
    <time>2024-04-26T14:45:10Z</time>
   </trkpt>
   <trkpt lat="48.1192200" lon="6.9110690">
    <ele>763.0</ele>
    <time>2024-04-26T14:45:11Z</time>
   </trkpt>
   <trkpt lat="48.1191870" lon="6.9110530">
    <ele>763.1</ele>
    <time>2024-04-26T14:45:12Z</time>
   </trkpt>
   <trkpt lat="48.1191530" lon="6.9110340">
    <ele>763.1</ele>
    <time>2024-04-26T14:45:13Z</time>
   </trkpt>
   <trkpt lat="48.1191170" lon="6.9110150">
    <ele>763.2</ele>
    <time>2024-04-26T14:45:14Z</time>
   </trkpt>
   <trkpt lat="48.1190790" lon="6.9109970">
    <ele>763.2</ele>
    <time>2024-04-26T14:45:15Z</time>
   </trkpt>
   <trkpt lat="48.1190410" lon="6.9109800">
    <ele>763.3</ele>
    <time>2024-04-26T14:45:16Z</time>
   </trkpt>
   <trkpt lat="48.1190020" lon="6.9109630">
    <ele>763.3</ele>
    <time>2024-04-26T14:45:17Z</time>
   </trkpt>
   <trkpt lat="48.1189620" lon="6.9109460">
    <ele>763.4</ele>
    <time>2024-04-26T14:45:18Z</time>
   </trkpt>
   <trkpt lat="48.1189240" lon="6.9109300">
    <ele>763.4</ele>
    <time>2024-04-26T14:45:19Z</time>
   </trkpt>
   <trkpt lat="48.1188870" lon="6.9109140">
    <ele>763.5</ele>
    <time>2024-04-26T14:45:20Z</time>
   </trkpt>
   <trkpt lat="48.1188490" lon="6.9108970">
    <ele>763.5</ele>
    <time>2024-04-26T14:45:21Z</time>
   </trkpt>
   <trkpt lat="48.1188100" lon="6.9108820">
    <ele>763.5</ele>
    <time>2024-04-26T14:45:22Z</time>
   </trkpt>
   <trkpt lat="48.1187700" lon="6.9108700">
    <ele>763.6</ele>
    <time>2024-04-26T14:45:23Z</time>
   </trkpt>
   <trkpt lat="48.1187270" lon="6.9108580">
    <ele>763.6</ele>
    <time>2024-04-26T14:45:24Z</time>
   </trkpt>
   <trkpt lat="48.1186820" lon="6.9108460">
    <ele>763.7</ele>
    <time>2024-04-26T14:45:25Z</time>
   </trkpt>
   <trkpt lat="48.1186360" lon="6.9108330">
    <ele>763.7</ele>
    <time>2024-04-26T14:45:26Z</time>
   </trkpt>
   <trkpt lat="48.1185910" lon="6.9108260">
    <ele>763.8</ele>
    <time>2024-04-26T14:45:27Z</time>
   </trkpt>
   <trkpt lat="48.1185470" lon="6.9108200">
    <ele>763.8</ele>
    <time>2024-04-26T14:45:28Z</time>
   </trkpt>
   <trkpt lat="48.1184970" lon="6.9108080">
    <ele>763.9</ele>
    <time>2024-04-26T14:45:29Z</time>
   </trkpt>
   <trkpt lat="48.1184480" lon="6.9107940">
    <ele>763.9</ele>
    <time>2024-04-26T14:45:30Z</time>
   </trkpt>
   <trkpt lat="48.1184000" lon="6.9107860">
    <ele>764.0</ele>
    <time>2024-04-26T14:45:31Z</time>
   </trkpt>
   <trkpt lat="48.1183500" lon="6.9107790">
    <ele>764.0</ele>
    <time>2024-04-26T14:45:32Z</time>
   </trkpt>
   <trkpt lat="48.1183020" lon="6.9107740">
    <ele>764.1</ele>
    <time>2024-04-26T14:45:33Z</time>
   </trkpt>
   <trkpt lat="48.1182520" lon="6.9107680">
    <ele>764.1</ele>
    <time>2024-04-26T14:45:34Z</time>
   </trkpt>
   <trkpt lat="48.1182030" lon="6.9107580">
    <ele>764.1</ele>
    <time>2024-04-26T14:45:35Z</time>
   </trkpt>
   <trkpt lat="48.1181540" lon="6.9107480">
    <ele>764.2</ele>
    <time>2024-04-26T14:45:36Z</time>
   </trkpt>
   <trkpt lat="48.1181040" lon="6.9107440">
    <ele>764.2</ele>
    <time>2024-04-26T14:45:37Z</time>
   </trkpt>
   <trkpt lat="48.1180550" lon="6.9107420">
    <ele>764.3</ele>
    <time>2024-04-26T14:45:38Z</time>
   </trkpt>
   <trkpt lat="48.1180040" lon="6.9107310">
    <ele>764.3</ele>
    <time>2024-04-26T14:45:39Z</time>
   </trkpt>
   <trkpt lat="48.1179530" lon="6.9107220">
    <ele>764.4</ele>
    <time>2024-04-26T14:45:40Z</time>
   </trkpt>
   <trkpt lat="48.1179030" lon="6.9107140">
    <ele>764.4</ele>
    <time>2024-04-26T14:45:41Z</time>
   </trkpt>
   <trkpt lat="48.1178510" lon="6.9107060">
    <ele>764.5</ele>
    <time>2024-04-26T14:45:42Z</time>
   </trkpt>
   <trkpt lat="48.1177990" lon="6.9106950">
    <ele>764.6</ele>
    <time>2024-04-26T14:45:43Z</time>
   </trkpt>
   <trkpt lat="48.1177490" lon="6.9106840">
    <ele>764.6</ele>
    <time>2024-04-26T14:45:44Z</time>
   </trkpt>
   <trkpt lat="48.1176980" lon="6.9106740">
    <ele>764.7</ele>
    <time>2024-04-26T14:45:45Z</time>
   </trkpt>
   <trkpt lat="48.1176470" lon="6.9106630">
    <ele>764.7</ele>
    <time>2024-04-26T14:45:46Z</time>
   </trkpt>
   <trkpt lat="48.1175950" lon="6.9106550">
    <ele>764.7</ele>
    <time>2024-04-26T14:45:47Z</time>
   </trkpt>
   <trkpt lat="48.1175450" lon="6.9106490">
    <ele>764.8</ele>
    <time>2024-04-26T14:45:48Z</time>
   </trkpt>
   <trkpt lat="48.1174940" lon="6.9106420">
    <ele>764.8</ele>
    <time>2024-04-26T14:45:49Z</time>
   </trkpt>
   <trkpt lat="48.1174400" lon="6.9106320">
    <ele>764.8</ele>
    <time>2024-04-26T14:45:50Z</time>
   </trkpt>
   <trkpt lat="48.1173880" lon="6.9106260">
    <ele>764.9</ele>
    <time>2024-04-26T14:45:51Z</time>
   </trkpt>
   <trkpt lat="48.1173370" lon="6.9106140">
    <ele>764.9</ele>
    <time>2024-04-26T14:45:52Z</time>
   </trkpt>
   <trkpt lat="48.1172870" lon="6.9106050">
    <ele>765.0</ele>
    <time>2024-04-26T14:45:53Z</time>
   </trkpt>
   <trkpt lat="48.1172360" lon="6.9106020">
    <ele>765.1</ele>
    <time>2024-04-26T14:45:54Z</time>
   </trkpt>
   <trkpt lat="48.1171820" lon="6.9105990">
    <ele>765.1</ele>
    <time>2024-04-26T14:45:55Z</time>
   </trkpt>
   <trkpt lat="48.1171280" lon="6.9105970">
    <ele>765.2</ele>
    <time>2024-04-26T14:45:56Z</time>
   </trkpt>
   <trkpt lat="48.1170750" lon="6.9105870">
    <ele>765.3</ele>
    <time>2024-04-26T14:45:57Z</time>
   </trkpt>
   <trkpt lat="48.1170220" lon="6.9105750">
    <ele>765.3</ele>
    <time>2024-04-26T14:45:58Z</time>
   </trkpt>
   <trkpt lat="48.1169690" lon="6.9105680">
    <ele>765.4</ele>
    <time>2024-04-26T14:45:59Z</time>
   </trkpt>
   <trkpt lat="48.1169160" lon="6.9105600">
    <ele>765.4</ele>
    <time>2024-04-26T14:46:00Z</time>
   </trkpt>
   <trkpt lat="48.1168600" lon="6.9105550">
    <ele>765.5</ele>
    <time>2024-04-26T14:46:01Z</time>
   </trkpt>
   <trkpt lat="48.1168050" lon="6.9105460">
    <ele>765.6</ele>
    <time>2024-04-26T14:46:02Z</time>
   </trkpt>
   <trkpt lat="48.1167500" lon="6.9105370">
    <ele>765.6</ele>
    <time>2024-04-26T14:46:03Z</time>
   </trkpt>
   <trkpt lat="48.1166950" lon="6.9105280">
    <ele>765.7</ele>
    <time>2024-04-26T14:46:04Z</time>
   </trkpt>
   <trkpt lat="48.1166400" lon="6.9105210">
    <ele>765.8</ele>
    <time>2024-04-26T14:46:05Z</time>
   </trkpt>
   <trkpt lat="48.1165850" lon="6.9105120">
    <ele>765.9</ele>
    <time>2024-04-26T14:46:06Z</time>
   </trkpt>
   <trkpt lat="48.1165310" lon="6.9104990">
    <ele>765.9</ele>
    <time>2024-04-26T14:46:07Z</time>
   </trkpt>
   <trkpt lat="48.1164760" lon="6.9104890">
    <ele>766.0</ele>
    <time>2024-04-26T14:46:08Z</time>
   </trkpt>
   <trkpt lat="48.1164240" lon="6.9104780">
    <ele>766.0</ele>
    <time>2024-04-26T14:46:09Z</time>
   </trkpt>
   <trkpt lat="48.1163720" lon="6.9104660">
    <ele>766.1</ele>
    <time>2024-04-26T14:46:10Z</time>
   </trkpt>
   <trkpt lat="48.1163180" lon="6.9104540">
    <ele>766.1</ele>
    <time>2024-04-26T14:46:11Z</time>
   </trkpt>
   <trkpt lat="48.1162650" lon="6.9104440">
    <ele>766.2</ele>
    <time>2024-04-26T14:46:12Z</time>
   </trkpt>
   <trkpt lat="48.1162110" lon="6.9104340">
    <ele>766.2</ele>
    <time>2024-04-26T14:46:13Z</time>
   </trkpt>
   <trkpt lat="48.1161570" lon="6.9104260">
    <ele>766.3</ele>
    <time>2024-04-26T14:46:14Z</time>
   </trkpt>
   <trkpt lat="48.1161000" lon="6.9104170">
    <ele>766.4</ele>
    <time>2024-04-26T14:46:15Z</time>
   </trkpt>
   <trkpt lat="48.1160430" lon="6.9104090">
    <ele>766.4</ele>
    <time>2024-04-26T14:46:16Z</time>
   </trkpt>
   <trkpt lat="48.1159880" lon="6.9103990">
    <ele>766.5</ele>
    <time>2024-04-26T14:46:17Z</time>
   </trkpt>
   <trkpt lat="48.1159320" lon="6.9103910">
    <ele>766.5</ele>
    <time>2024-04-26T14:46:18Z</time>
   </trkpt>
   <trkpt lat="48.1158780" lon="6.9103840">
    <ele>766.6</ele>
    <time>2024-04-26T14:46:19Z</time>
   </trkpt>
   <trkpt lat="48.1158250" lon="6.9103760">
    <ele>766.6</ele>
    <time>2024-04-26T14:46:20Z</time>
   </trkpt>
   <trkpt lat="48.1157710" lon="6.9103680">
    <ele>766.7</ele>
    <time>2024-04-26T14:46:21Z</time>
   </trkpt>
   <trkpt lat="48.1157190" lon="6.9103580">
    <ele>766.7</ele>
    <time>2024-04-26T14:46:22Z</time>
   </trkpt>
   <trkpt lat="48.1156670" lon="6.9103560">
    <ele>766.8</ele>
    <time>2024-04-26T14:46:23Z</time>
   </trkpt>
   <trkpt lat="48.1156130" lon="6.9103550">
    <ele>766.8</ele>
    <time>2024-04-26T14:46:24Z</time>
   </trkpt>
   <trkpt lat="48.1155570" lon="6.9103540">
    <ele>766.9</ele>
    <time>2024-04-26T14:46:25Z</time>
   </trkpt>
   <trkpt lat="48.1155050" lon="6.9103490">
    <ele>766.9</ele>
    <time>2024-04-26T14:46:26Z</time>
   </trkpt>
   <trkpt lat="48.1154520" lon="6.9103510">
    <ele>767.0</ele>
    <time>2024-04-26T14:46:27Z</time>
   </trkpt>
   <trkpt lat="48.1153980" lon="6.9103580">
    <ele>767.0</ele>
    <time>2024-04-26T14:46:28Z</time>
   </trkpt>
   <trkpt lat="48.1153460" lon="6.9103620">
    <ele>767.1</ele>
    <time>2024-04-26T14:46:29Z</time>
   </trkpt>
   <trkpt lat="48.1152920" lon="6.9103680">
    <ele>767.1</ele>
    <time>2024-04-26T14:46:30Z</time>
   </trkpt>
   <trkpt lat="48.1152390" lon="6.9103770">
    <ele>767.2</ele>
    <time>2024-04-26T14:46:31Z</time>
   </trkpt>
   <trkpt lat="48.1151850" lon="6.9103860">
    <ele>767.3</ele>
    <time>2024-04-26T14:46:32Z</time>
   </trkpt>
   <trkpt lat="48.1151320" lon="6.9103970">
    <ele>767.3</ele>
    <time>2024-04-26T14:46:33Z</time>
   </trkpt>
   <trkpt lat="48.1150780" lon="6.9104070">
    <ele>767.4</ele>
    <time>2024-04-26T14:46:34Z</time>
   </trkpt>
   <trkpt lat="48.1150230" lon="6.9104210">
    <ele>767.5</ele>
    <time>2024-04-26T14:46:35Z</time>
   </trkpt>
   <trkpt lat="48.1149710" lon="6.9104360">
    <ele>767.5</ele>
    <time>2024-04-26T14:46:36Z</time>
   </trkpt>
   <trkpt lat="48.1149190" lon="6.9104480">
    <ele>767.6</ele>
    <time>2024-04-26T14:46:37Z</time>
   </trkpt>
   <trkpt lat="48.1148650" lon="6.9104630">
    <ele>767.6</ele>
    <time>2024-04-26T14:46:38Z</time>
   </trkpt>
   <trkpt lat="48.1148120" lon="6.9104750">
    <ele>767.7</ele>
    <time>2024-04-26T14:46:39Z</time>
   </trkpt>
   <trkpt lat="48.1147580" lon="6.9104840">
    <ele>767.7</ele>
    <time>2024-04-26T14:46:40Z</time>
   </trkpt>
   <trkpt lat="48.1147020" lon="6.9104990">
    <ele>767.8</ele>
    <time>2024-04-26T14:46:41Z</time>
   </trkpt>
   <trkpt lat="48.1146480" lon="6.9105130">
    <ele>767.8</ele>
    <time>2024-04-26T14:46:42Z</time>
   </trkpt>
   <trkpt lat="48.1145940" lon="6.9105270">
    <ele>767.9</ele>
    <time>2024-04-26T14:46:43Z</time>
   </trkpt>
   <trkpt lat="48.1145380" lon="6.9105380">
    <ele>768.0</ele>
    <time>2024-04-26T14:46:44Z</time>
   </trkpt>
   <trkpt lat="48.1144840" lon="6.9105520">
    <ele>768.0</ele>
    <time>2024-04-26T14:46:45Z</time>
   </trkpt>
   <trkpt lat="48.1144320" lon="6.9105680">
    <ele>768.1</ele>
    <time>2024-04-26T14:46:46Z</time>
   </trkpt>
   <trkpt lat="48.1143790" lon="6.9105840">
    <ele>768.1</ele>
    <time>2024-04-26T14:46:47Z</time>
   </trkpt>
   <trkpt lat="48.1143280" lon="6.9105980">
    <ele>768.2</ele>
    <time>2024-04-26T14:46:48Z</time>
   </trkpt>
   <trkpt lat="48.1142750" lon="6.9106140">
    <ele>768.2</ele>
    <time>2024-04-26T14:46:49Z</time>
   </trkpt>
   <trkpt lat="48.1142210" lon="6.9106270">
    <ele>768.3</ele>
    <time>2024-04-26T14:46:50Z</time>
   </trkpt>
   <trkpt lat="48.1141660" lon="6.9106380">
    <ele>768.3</ele>
    <time>2024-04-26T14:46:51Z</time>
   </trkpt>
   <trkpt lat="48.1141140" lon="6.9106540">
    <ele>768.4</ele>
    <time>2024-04-26T14:46:52Z</time>
   </trkpt>
   <trkpt lat="48.1140600" lon="6.9106680">
    <ele>768.5</ele>
    <time>2024-04-26T14:46:53Z</time>
   </trkpt>
   <trkpt lat="48.1140070" lon="6.9106850">
    <ele>768.5</ele>
    <time>2024-04-26T14:46:54Z</time>
   </trkpt>
   <trkpt lat="48.1139560" lon="6.9106980">
    <ele>768.6</ele>
    <time>2024-04-26T14:46:55Z</time>
   </trkpt>
   <trkpt lat="48.1139050" lon="6.9107150">
    <ele>768.7</ele>
    <time>2024-04-26T14:46:56Z</time>
   </trkpt>
   <trkpt lat="48.1138540" lon="6.9107330">
    <ele>768.7</ele>
    <time>2024-04-26T14:46:57Z</time>
   </trkpt>
   <trkpt lat="48.1138020" lon="6.9107530">
    <ele>768.8</ele>
    <time>2024-04-26T14:46:58Z</time>
   </trkpt>
   <trkpt lat="48.1137510" lon="6.9107730">
    <ele>768.8</ele>
    <time>2024-04-26T14:46:59Z</time>
   </trkpt>
   <trkpt lat="48.1137010" lon="6.9107930">
    <ele>768.9</ele>
    <time>2024-04-26T14:47:00Z</time>
   </trkpt>
   <trkpt lat="48.1136480" lon="6.9108150">
    <ele>769.0</ele>
    <time>2024-04-26T14:47:01Z</time>
   </trkpt>
   <trkpt lat="48.1135900" lon="6.9108350">
    <ele>769.0</ele>
    <time>2024-04-26T14:47:02Z</time>
   </trkpt>
   <trkpt lat="48.1135330" lon="6.9108550">
    <ele>769.1</ele>
    <time>2024-04-26T14:47:03Z</time>
   </trkpt>
   <trkpt lat="48.1134790" lon="6.9108790">
    <ele>769.1</ele>
    <time>2024-04-26T14:47:04Z</time>
   </trkpt>
   <trkpt lat="48.1134230" lon="6.9108970">
    <ele>769.2</ele>
    <time>2024-04-26T14:47:05Z</time>
   </trkpt>
   <trkpt lat="48.1133680" lon="6.9109110">
    <ele>769.2</ele>
    <time>2024-04-26T14:47:06Z</time>
   </trkpt>
   <trkpt lat="48.1133140" lon="6.9109240">
    <ele>769.2</ele>
    <time>2024-04-26T14:47:07Z</time>
   </trkpt>
   <trkpt lat="48.1132630" lon="6.9109320">
    <ele>769.2</ele>
    <time>2024-04-26T14:47:08Z</time>
   </trkpt>
   <trkpt lat="48.1132100" lon="6.9109370">
    <ele>769.2</ele>
    <time>2024-04-26T14:47:09Z</time>
   </trkpt>
   <trkpt lat="48.1131570" lon="6.9109420">
    <ele>769.3</ele>
    <time>2024-04-26T14:47:10Z</time>
   </trkpt>
   <trkpt lat="48.1131020" lon="6.9109420">
    <ele>769.3</ele>
    <time>2024-04-26T14:47:11Z</time>
   </trkpt>
   <trkpt lat="48.1130490" lon="6.9109370">
    <ele>769.4</ele>
    <time>2024-04-26T14:47:12Z</time>
   </trkpt>
   <trkpt lat="48.1129950" lon="6.9109280">
    <ele>769.4</ele>
    <time>2024-04-26T14:47:13Z</time>
   </trkpt>
   <trkpt lat="48.1129420" lon="6.9109190">
    <ele>769.5</ele>
    <time>2024-04-26T14:47:14Z</time>
   </trkpt>
   <trkpt lat="48.1128920" lon="6.9109090">
    <ele>769.6</ele>
    <time>2024-04-26T14:47:15Z</time>
   </trkpt>
   <trkpt lat="48.1128430" lon="6.9108950">
    <ele>769.7</ele>
    <time>2024-04-26T14:47:16Z</time>
   </trkpt>
   <trkpt lat="48.1127970" lon="6.9108760">
    <ele>769.8</ele>
    <time>2024-04-26T14:47:17Z</time>
   </trkpt>
   <trkpt lat="48.1127480" lon="6.9108580">
    <ele>769.9</ele>
    <time>2024-04-26T14:47:18Z</time>
   </trkpt>
   <trkpt lat="48.1127020" lon="6.9108360">
    <ele>770.0</ele>
    <time>2024-04-26T14:47:19Z</time>
   </trkpt>
   <trkpt lat="48.1126580" lon="6.9108140">
    <ele>770.1</ele>
    <time>2024-04-26T14:47:20Z</time>
   </trkpt>
   <trkpt lat="48.1126150" lon="6.9107890">
    <ele>770.3</ele>
    <time>2024-04-26T14:47:21Z</time>
   </trkpt>
   <trkpt lat="48.1125720" lon="6.9107640">
    <ele>770.4</ele>
    <time>2024-04-26T14:47:22Z</time>
   </trkpt>
   <trkpt lat="48.1125350" lon="6.9107360">
    <ele>770.6</ele>
    <time>2024-04-26T14:47:23Z</time>
   </trkpt>
   <trkpt lat="48.1124960" lon="6.9107080">
    <ele>770.7</ele>
    <time>2024-04-26T14:47:24Z</time>
   </trkpt>
   <trkpt lat="48.1124590" lon="6.9106800">
    <ele>770.9</ele>
    <time>2024-04-26T14:47:25Z</time>
   </trkpt>
   <trkpt lat="48.1124220" lon="6.9106450">
    <ele>771.0</ele>
    <time>2024-04-26T14:47:26Z</time>
   </trkpt>
   <trkpt lat="48.1123860" lon="6.9106190">
    <ele>771.2</ele>
    <time>2024-04-26T14:47:27Z</time>
   </trkpt>
   <trkpt lat="48.1123500" lon="6.9105860">
    <ele>771.3</ele>
    <time>2024-04-26T14:47:28Z</time>
   </trkpt>
   <trkpt lat="48.1123140" lon="6.9105500">
    <ele>771.5</ele>
    <time>2024-04-26T14:47:29Z</time>
   </trkpt>
   <trkpt lat="48.1122790" lon="6.9105170">
    <ele>771.7</ele>
    <time>2024-04-26T14:47:30Z</time>
   </trkpt>
   <trkpt lat="48.1122440" lon="6.9104860">
    <ele>771.8</ele>
    <time>2024-04-26T14:47:31Z</time>
   </trkpt>
   <trkpt lat="48.1122080" lon="6.9104570">
    <ele>772.0</ele>
    <time>2024-04-26T14:47:32Z</time>
   </trkpt>
   <trkpt lat="48.1121730" lon="6.9104270">
    <ele>772.1</ele>
    <time>2024-04-26T14:47:33Z</time>
   </trkpt>
   <trkpt lat="48.1121370" lon="6.9104000">
    <ele>772.2</ele>
    <time>2024-04-26T14:47:34Z</time>
   </trkpt>
   <trkpt lat="48.1121000" lon="6.9103740">
    <ele>772.4</ele>
    <time>2024-04-26T14:47:35Z</time>
   </trkpt>
   <trkpt lat="48.1120610" lon="6.9103500">
    <ele>772.5</ele>
    <time>2024-04-26T14:47:36Z</time>
   </trkpt>
   <trkpt lat="48.1120220" lon="6.9103270">
    <ele>772.7</ele>
    <time>2024-04-26T14:47:37Z</time>
   </trkpt>
   <trkpt lat="48.1119820" lon="6.9103010">
    <ele>772.8</ele>
    <time>2024-04-26T14:47:38Z</time>
   </trkpt>
   <trkpt lat="48.1119410" lon="6.9102790">
    <ele>773.0</ele>
    <time>2024-04-26T14:47:39Z</time>
   </trkpt>
   <trkpt lat="48.1118990" lon="6.9102580">
    <ele>773.1</ele>
    <time>2024-04-26T14:47:40Z</time>
   </trkpt>
   <trkpt lat="48.1118580" lon="6.9102350">
    <ele>773.3</ele>
    <time>2024-04-26T14:47:41Z</time>
   </trkpt>
   <trkpt lat="48.1118170" lon="6.9102140">
    <ele>773.4</ele>
    <time>2024-04-26T14:47:42Z</time>
   </trkpt>
   <trkpt lat="48.1117760" lon="6.9101930">
    <ele>773.5</ele>
    <time>2024-04-26T14:47:43Z</time>
   </trkpt>
   <trkpt lat="48.1117360" lon="6.9101690">
    <ele>773.6</ele>
    <time>2024-04-26T14:47:44Z</time>
   </trkpt>
   <trkpt lat="48.1116950" lon="6.9101450">
    <ele>773.8</ele>
    <time>2024-04-26T14:47:45Z</time>
   </trkpt>
   <trkpt lat="48.1116550" lon="6.9101190">
    <ele>773.9</ele>
    <time>2024-04-26T14:47:46Z</time>
   </trkpt>
   <trkpt lat="48.1116140" lon="6.9100950">
    <ele>774.0</ele>
    <time>2024-04-26T14:47:47Z</time>
   </trkpt>
   <trkpt lat="48.1115760" lon="6.9100650">
    <ele>774.1</ele>
    <time>2024-04-26T14:47:48Z</time>
   </trkpt>
   <trkpt lat="48.1115390" lon="6.9100310">
    <ele>774.2</ele>
    <time>2024-04-26T14:47:49Z</time>
   </trkpt>
   <trkpt lat="48.1115030" lon="6.9099950">
    <ele>774.3</ele>
    <time>2024-04-26T14:47:50Z</time>
   </trkpt>
   <trkpt lat="48.1114670" lon="6.9099590">
    <ele>774.5</ele>
    <time>2024-04-26T14:47:51Z</time>
   </trkpt>
   <trkpt lat="48.1114340" lon="6.9099190">
    <ele>774.6</ele>
    <time>2024-04-26T14:47:52Z</time>
   </trkpt>
   <trkpt lat="48.1114020" lon="6.9098790">
    <ele>774.7</ele>
    <time>2024-04-26T14:47:53Z</time>
   </trkpt>
   <trkpt lat="48.1113710" lon="6.9098380">
    <ele>774.8</ele>
    <time>2024-04-26T14:47:54Z</time>
   </trkpt>
   <trkpt lat="48.1113410" lon="6.9097940">
    <ele>774.9</ele>
    <time>2024-04-26T14:47:55Z</time>
   </trkpt>
   <trkpt lat="48.1113130" lon="6.9097530">
    <ele>775.0</ele>
    <time>2024-04-26T14:47:56Z</time>
   </trkpt>
   <trkpt lat="48.1112850" lon="6.9097130">
    <ele>775.1</ele>
    <time>2024-04-26T14:47:57Z</time>
   </trkpt>
   <trkpt lat="48.1112600" lon="6.9096730">
    <ele>775.2</ele>
    <time>2024-04-26T14:47:58Z</time>
   </trkpt>
   <trkpt lat="48.1112340" lon="6.9096350">
    <ele>775.3</ele>
    <time>2024-04-26T14:47:59Z</time>
   </trkpt>
   <trkpt lat="48.1112060" lon="6.9095990">
    <ele>775.4</ele>
    <time>2024-04-26T14:48:00Z</time>
   </trkpt>
   <trkpt lat="48.1111800" lon="6.9095630">
    <ele>775.5</ele>
    <time>2024-04-26T14:48:01Z</time>
   </trkpt>
   <trkpt lat="48.1111530" lon="6.9095230">
    <ele>775.6</ele>
    <time>2024-04-26T14:48:02Z</time>
   </trkpt>
   <trkpt lat="48.1111230" lon="6.9094840">
    <ele>775.7</ele>
    <time>2024-04-26T14:48:03Z</time>
   </trkpt>
   <trkpt lat="48.1110920" lon="6.9094460">
    <ele>775.8</ele>
    <time>2024-04-26T14:48:04Z</time>
   </trkpt>
   <trkpt lat="48.1110600" lon="6.9094120">
    <ele>775.9</ele>
    <time>2024-04-26T14:48:05Z</time>
   </trkpt>
   <trkpt lat="48.1110270" lon="6.9093800">
    <ele>776.1</ele>
    <time>2024-04-26T14:48:06Z</time>
   </trkpt>
   <trkpt lat="48.1109930" lon="6.9093470">
    <ele>776.2</ele>
    <time>2024-04-26T14:48:07Z</time>
   </trkpt>
   <trkpt lat="48.1109600" lon="6.9093130">
    <ele>776.3</ele>
    <time>2024-04-26T14:48:08Z</time>
   </trkpt>
   <trkpt lat="48.1109260" lon="6.9092800">
    <ele>776.4</ele>
    <time>2024-04-26T14:48:09Z</time>
   </trkpt>
   <trkpt lat="48.1108900" lon="6.9092490">
    <ele>776.5</ele>
    <time>2024-04-26T14:48:10Z</time>
   </trkpt>
   <trkpt lat="48.1108550" lon="6.9092190">
    <ele>776.7</ele>
    <time>2024-04-26T14:48:11Z</time>
   </trkpt>
   <trkpt lat="48.1108200" lon="6.9091890">
    <ele>776.8</ele>
    <time>2024-04-26T14:48:12Z</time>
   </trkpt>
   <trkpt lat="48.1107860" lon="6.9091590">
    <ele>776.9</ele>
    <time>2024-04-26T14:48:13Z</time>
   </trkpt>
   <trkpt lat="48.1107500" lon="6.9091380">
    <ele>777.0</ele>
    <time>2024-04-26T14:48:14Z</time>
   </trkpt>
   <trkpt lat="48.1107130" lon="6.9091220">
    <ele>777.2</ele>
    <time>2024-04-26T14:48:15Z</time>
   </trkpt>
   <trkpt lat="48.1106790" lon="6.9090900">
    <ele>777.3</ele>
    <time>2024-04-26T14:48:16Z</time>
   </trkpt>
   <trkpt lat="48.1106450" lon="6.9090640">
    <ele>777.4</ele>
    <time>2024-04-26T14:48:17Z</time>
   </trkpt>
   <trkpt lat="48.1106090" lon="6.9090440">
    <ele>777.5</ele>
    <time>2024-04-26T14:48:18Z</time>
   </trkpt>
   <trkpt lat="48.1105730" lon="6.9090280">
    <ele>777.6</ele>
    <time>2024-04-26T14:48:19Z</time>
   </trkpt>
   <trkpt lat="48.1105340" lon="6.9090150">
    <ele>777.7</ele>
    <time>2024-04-26T14:48:20Z</time>
   </trkpt>
   <trkpt lat="48.1104960" lon="6.9089990">
    <ele>777.8</ele>
    <time>2024-04-26T14:48:21Z</time>
   </trkpt>
   <trkpt lat="48.1104580" lon="6.9089800">
    <ele>777.9</ele>
    <time>2024-04-26T14:48:22Z</time>
   </trkpt>
   <trkpt lat="48.1104200" lon="6.9089580">
    <ele>778.0</ele>
    <time>2024-04-26T14:48:23Z</time>
   </trkpt>
   <trkpt lat="48.1103820" lon="6.9089380">
    <ele>778.1</ele>
    <time>2024-04-26T14:48:24Z</time>
   </trkpt>
   <trkpt lat="48.1103430" lon="6.9089210">
    <ele>778.2</ele>
    <time>2024-04-26T14:48:25Z</time>
   </trkpt>
   <trkpt lat="48.1103050" lon="6.9089020">
    <ele>778.3</ele>
    <time>2024-04-26T14:48:26Z</time>
   </trkpt>
   <trkpt lat="48.1102640" lon="6.9088800">
    <ele>778.4</ele>
    <time>2024-04-26T14:48:27Z</time>
   </trkpt>
   <trkpt lat="48.1102240" lon="6.9088580">
    <ele>778.6</ele>
    <time>2024-04-26T14:48:28Z</time>
   </trkpt>
   <trkpt lat="48.1101840" lon="6.9088400">
    <ele>778.7</ele>
    <time>2024-04-26T14:48:29Z</time>
   </trkpt>
   <trkpt lat="48.1101430" lon="6.9088210">
    <ele>778.8</ele>
    <time>2024-04-26T14:48:30Z</time>
   </trkpt>
   <trkpt lat="48.1101020" lon="6.9088010">
    <ele>779.0</ele>
    <time>2024-04-26T14:48:31Z</time>
   </trkpt>
   <trkpt lat="48.1100620" lon="6.9087790">
    <ele>779.1</ele>
    <time>2024-04-26T14:48:32Z</time>
   </trkpt>
   <trkpt lat="48.1100230" lon="6.9087540">
    <ele>779.2</ele>
    <time>2024-04-26T14:48:33Z</time>
   </trkpt>
   <trkpt lat="48.1099820" lon="6.9087340">
    <ele>779.3</ele>
    <time>2024-04-26T14:48:34Z</time>
   </trkpt>
   <trkpt lat="48.1099410" lon="6.9087090">
    <ele>779.5</ele>
    <time>2024-04-26T14:48:35Z</time>
   </trkpt>
   <trkpt lat="48.1099010" lon="6.9086850">
    <ele>779.6</ele>
    <time>2024-04-26T14:48:36Z</time>
   </trkpt>
   <trkpt lat="48.1098600" lon="6.9086660">
    <ele>779.7</ele>
    <time>2024-04-26T14:48:37Z</time>
   </trkpt>
   <trkpt lat="48.1098190" lon="6.9086510">
    <ele>779.8</ele>
    <time>2024-04-26T14:48:38Z</time>
   </trkpt>
   <trkpt lat="48.1097780" lon="6.9086320">
    <ele>779.9</ele>
    <time>2024-04-26T14:48:39Z</time>
   </trkpt>
   <trkpt lat="48.1097370" lon="6.9086150">
    <ele>780.1</ele>
    <time>2024-04-26T14:48:40Z</time>
   </trkpt>
   <trkpt lat="48.1096960" lon="6.9086010">
    <ele>780.2</ele>
    <time>2024-04-26T14:48:41Z</time>
   </trkpt>
   <trkpt lat="48.1096550" lon="6.9085860">
    <ele>780.3</ele>
    <time>2024-04-26T14:48:42Z</time>
   </trkpt>
   <trkpt lat="48.1096140" lon="6.9085700">
    <ele>780.4</ele>
    <time>2024-04-26T14:48:43Z</time>
   </trkpt>
   <trkpt lat="48.1095740" lon="6.9085510">
    <ele>780.6</ele>
    <time>2024-04-26T14:48:44Z</time>
   </trkpt>
   <trkpt lat="48.1095330" lon="6.9085350">
    <ele>780.7</ele>
    <time>2024-04-26T14:48:45Z</time>
   </trkpt>
   <trkpt lat="48.1094920" lon="6.9085180">
    <ele>780.8</ele>
    <time>2024-04-26T14:48:46Z</time>
   </trkpt>
   <trkpt lat="48.1094510" lon="6.9085050">
    <ele>780.9</ele>
    <time>2024-04-26T14:48:47Z</time>
   </trkpt>
   <trkpt lat="48.1094090" lon="6.9084920">
    <ele>781.1</ele>
    <time>2024-04-26T14:48:48Z</time>
   </trkpt>
   <trkpt lat="48.1093680" lon="6.9084780">
    <ele>781.2</ele>
    <time>2024-04-26T14:48:49Z</time>
   </trkpt>
   <trkpt lat="48.1093280" lon="6.9084630">
    <ele>781.3</ele>
    <time>2024-04-26T14:48:50Z</time>
   </trkpt>
   <trkpt lat="48.1092880" lon="6.9084490">
    <ele>781.4</ele>
    <time>2024-04-26T14:48:51Z</time>
   </trkpt>
   <trkpt lat="48.1092480" lon="6.9084380">
    <ele>781.6</ele>
    <time>2024-04-26T14:48:52Z</time>
   </trkpt>
   <trkpt lat="48.1092080" lon="6.9084280">
    <ele>781.7</ele>
    <time>2024-04-26T14:48:53Z</time>
   </trkpt>
   <trkpt lat="48.1091700" lon="6.9084180">
    <ele>781.8</ele>
    <time>2024-04-26T14:48:54Z</time>
   </trkpt>
   <trkpt lat="48.1091330" lon="6.9084020">
    <ele>781.9</ele>
    <time>2024-04-26T14:48:55Z</time>
   </trkpt>
   <trkpt lat="48.1090950" lon="6.9083900">
    <ele>782.1</ele>
    <time>2024-04-26T14:48:56Z</time>
   </trkpt>
   <trkpt lat="48.1090590" lon="6.9083770">
    <ele>782.2</ele>
    <time>2024-04-26T14:48:57Z</time>
   </trkpt>
   <trkpt lat="48.1090210" lon="6.9083640">
    <ele>782.3</ele>
    <time>2024-04-26T14:48:58Z</time>
   </trkpt>
   <trkpt lat="48.1089830" lon="6.9083510">
    <ele>782.4</ele>
    <time>2024-04-26T14:48:59Z</time>
   </trkpt>
   <trkpt lat="48.1089440" lon="6.9083370">
    <ele>782.5</ele>
    <time>2024-04-26T14:49:00Z</time>
   </trkpt>
   <trkpt lat="48.1089040" lon="6.9083250">
    <ele>782.7</ele>
    <time>2024-04-26T14:49:01Z</time>
   </trkpt>
   <trkpt lat="48.1088650" lon="6.9083140">
    <ele>782.8</ele>
    <time>2024-04-26T14:49:02Z</time>
   </trkpt>
   <trkpt lat="48.1088260" lon="6.9083030">
    <ele>782.9</ele>
    <time>2024-04-26T14:49:03Z</time>
   </trkpt>
   <trkpt lat="48.1087880" lon="6.9082940">
    <ele>783.0</ele>
    <time>2024-04-26T14:49:04Z</time>
   </trkpt>
   <trkpt lat="48.1087480" lon="6.9082850">
    <ele>783.1</ele>
    <time>2024-04-26T14:49:05Z</time>
   </trkpt>
   <trkpt lat="48.1087080" lon="6.9082750">
    <ele>783.2</ele>
    <time>2024-04-26T14:49:06Z</time>
   </trkpt>
   <trkpt lat="48.1086690" lon="6.9082650">
    <ele>783.3</ele>
    <time>2024-04-26T14:49:07Z</time>
   </trkpt>
   <trkpt lat="48.1086300" lon="6.9082560">
    <ele>783.4</ele>
    <time>2024-04-26T14:49:08Z</time>
   </trkpt>
   <trkpt lat="48.1085900" lon="6.9082480">
    <ele>783.5</ele>
    <time>2024-04-26T14:49:09Z</time>
   </trkpt>
   <trkpt lat="48.1085510" lon="6.9082420">
    <ele>783.6</ele>
    <time>2024-04-26T14:49:10Z</time>
   </trkpt>
   <trkpt lat="48.1085110" lon="6.9082380">
    <ele>783.7</ele>
    <time>2024-04-26T14:49:11Z</time>
   </trkpt>
   <trkpt lat="48.1084710" lon="6.9082320">
    <ele>783.8</ele>
    <time>2024-04-26T14:49:12Z</time>
   </trkpt>
   <trkpt lat="48.1084310" lon="6.9082280">
    <ele>783.9</ele>
    <time>2024-04-26T14:49:13Z</time>
   </trkpt>
   <trkpt lat="48.1083890" lon="6.9082230">
    <ele>784.0</ele>
    <time>2024-04-26T14:49:14Z</time>
   </trkpt>
   <trkpt lat="48.1083480" lon="6.9082170">
    <ele>784.2</ele>
    <time>2024-04-26T14:49:15Z</time>
   </trkpt>
   <trkpt lat="48.1083070" lon="6.9082140">
    <ele>784.3</ele>
    <time>2024-04-26T14:49:16Z</time>
   </trkpt>
   <trkpt lat="48.1082660" lon="6.9082120">
    <ele>784.4</ele>
    <time>2024-04-26T14:49:17Z</time>
   </trkpt>
   <trkpt lat="48.1082260" lon="6.9082110">
    <ele>784.5</ele>
    <time>2024-04-26T14:49:18Z</time>
   </trkpt>
   <trkpt lat="48.1081860" lon="6.9082130">
    <ele>784.6</ele>
    <time>2024-04-26T14:49:19Z</time>
   </trkpt>
   <trkpt lat="48.1081460" lon="6.9082150">
    <ele>784.7</ele>
    <time>2024-04-26T14:49:20Z</time>
   </trkpt>
   <trkpt lat="48.1081050" lon="6.9082160">
    <ele>784.8</ele>
    <time>2024-04-26T14:49:21Z</time>
   </trkpt>
   <trkpt lat="48.1080650" lon="6.9082160">
    <ele>784.9</ele>
    <time>2024-04-26T14:49:22Z</time>
   </trkpt>
   <trkpt lat="48.1080230" lon="6.9082170">
    <ele>785.0</ele>
    <time>2024-04-26T14:49:23Z</time>
   </trkpt>
   <trkpt lat="48.1079820" lon="6.9082160">
    <ele>785.1</ele>
    <time>2024-04-26T14:49:24Z</time>
   </trkpt>
   <trkpt lat="48.1079410" lon="6.9082140">
    <ele>785.2</ele>
    <time>2024-04-26T14:49:25Z</time>
   </trkpt>
   <trkpt lat="48.1079000" lon="6.9082140">
    <ele>785.3</ele>
    <time>2024-04-26T14:49:26Z</time>
   </trkpt>
   <trkpt lat="48.1078590" lon="6.9082110">
    <ele>785.4</ele>
    <time>2024-04-26T14:49:27Z</time>
   </trkpt>
   <trkpt lat="48.1078190" lon="6.9082040">
    <ele>785.5</ele>
    <time>2024-04-26T14:49:28Z</time>
   </trkpt>
   <trkpt lat="48.1077790" lon="6.9081970">
    <ele>785.6</ele>
    <time>2024-04-26T14:49:29Z</time>
   </trkpt>
   <trkpt lat="48.1077400" lon="6.9081860">
    <ele>785.7</ele>
    <time>2024-04-26T14:49:30Z</time>
   </trkpt>
   <trkpt lat="48.1077010" lon="6.9081720">
    <ele>785.8</ele>
    <time>2024-04-26T14:49:31Z</time>
   </trkpt>
   <trkpt lat="48.1076620" lon="6.9081590">
    <ele>785.9</ele>
    <time>2024-04-26T14:49:32Z</time>
   </trkpt>
   <trkpt lat="48.1076230" lon="6.9081430">
    <ele>786.0</ele>
    <time>2024-04-26T14:49:33Z</time>
   </trkpt>
   <trkpt lat="48.1075850" lon="6.9081250">
    <ele>786.1</ele>
    <time>2024-04-26T14:49:34Z</time>
   </trkpt>
   <trkpt lat="48.1075470" lon="6.9081050">
    <ele>786.2</ele>
    <time>2024-04-26T14:49:35Z</time>
   </trkpt>
   <trkpt lat="48.1075100" lon="6.9080860">
    <ele>786.4</ele>
    <time>2024-04-26T14:49:36Z</time>
   </trkpt>
   <trkpt lat="48.1074730" lon="6.9080660">
    <ele>786.5</ele>
    <time>2024-04-26T14:49:37Z</time>
   </trkpt>
   <trkpt lat="48.1074370" lon="6.9080440">
    <ele>786.6</ele>
    <time>2024-04-26T14:49:38Z</time>
   </trkpt>
   <trkpt lat="48.1074020" lon="6.9080230">
    <ele>786.7</ele>
    <time>2024-04-26T14:49:39Z</time>
   </trkpt>
   <trkpt lat="48.1073670" lon="6.9080030">
    <ele>786.8</ele>
    <time>2024-04-26T14:49:40Z</time>
   </trkpt>
   <trkpt lat="48.1073330" lon="6.9079840">
    <ele>786.9</ele>
    <time>2024-04-26T14:49:41Z</time>
   </trkpt>
   <trkpt lat="48.1072980" lon="6.9079620">
    <ele>787.0</ele>
    <time>2024-04-26T14:49:42Z</time>
   </trkpt>
   <trkpt lat="48.1072650" lon="6.9079410">
    <ele>787.1</ele>
    <time>2024-04-26T14:49:43Z</time>
   </trkpt>
   <trkpt lat="48.1072320" lon="6.9079190">
    <ele>787.2</ele>
    <time>2024-04-26T14:49:44Z</time>
   </trkpt>
   <trkpt lat="48.1071970" lon="6.9078960">
    <ele>787.4</ele>
    <time>2024-04-26T14:49:45Z</time>
   </trkpt>
   <trkpt lat="48.1071600" lon="6.9078750">
    <ele>787.5</ele>
    <time>2024-04-26T14:49:46Z</time>
   </trkpt>
   <trkpt lat="48.1071230" lon="6.9078540">
    <ele>787.6</ele>
    <time>2024-04-26T14:49:47Z</time>
   </trkpt>
   <trkpt lat="48.1070860" lon="6.9078330">
    <ele>787.7</ele>
    <time>2024-04-26T14:49:48Z</time>
   </trkpt>
   <trkpt lat="48.1070480" lon="6.9078110">
    <ele>787.9</ele>
    <time>2024-04-26T14:49:49Z</time>
   </trkpt>
   <trkpt lat="48.1070100" lon="6.9077900">
    <ele>788.0</ele>
    <time>2024-04-26T14:49:50Z</time>
   </trkpt>
   <trkpt lat="48.1069730" lon="6.9077690">
    <ele>788.1</ele>
    <time>2024-04-26T14:49:51Z</time>
   </trkpt>
   <trkpt lat="48.1069340" lon="6.9077520">
    <ele>788.2</ele>
    <time>2024-04-26T14:49:52Z</time>
   </trkpt>
   <trkpt lat="48.1068950" lon="6.9077330">
    <ele>788.3</ele>
    <time>2024-04-26T14:49:53Z</time>
   </trkpt>
   <trkpt lat="48.1068560" lon="6.9077130">
    <ele>788.5</ele>
    <time>2024-04-26T14:49:54Z</time>
   </trkpt>
   <trkpt lat="48.1068170" lon="6.9076950">
    <ele>788.6</ele>
    <time>2024-04-26T14:49:55Z</time>
   </trkpt>
   <trkpt lat="48.1067770" lon="6.9076790">
    <ele>788.7</ele>
    <time>2024-04-26T14:49:56Z</time>
   </trkpt>
   <trkpt lat="48.1067390" lon="6.9076640">
    <ele>788.8</ele>
    <time>2024-04-26T14:49:57Z</time>
   </trkpt>
   <trkpt lat="48.1067000" lon="6.9076490">
    <ele>789.0</ele>
    <time>2024-04-26T14:49:58Z</time>
   </trkpt>
   <trkpt lat="48.1066600" lon="6.9076370">
    <ele>789.1</ele>
    <time>2024-04-26T14:49:59Z</time>
   </trkpt>
   <trkpt lat="48.1066220" lon="6.9076240">
    <ele>789.2</ele>
    <time>2024-04-26T14:50:00Z</time>
   </trkpt>
   <trkpt lat="48.1065830" lon="6.9076080">
    <ele>789.3</ele>
    <time>2024-04-26T14:50:01Z</time>
   </trkpt>
   <trkpt lat="48.1065440" lon="6.9075960">
    <ele>789.5</ele>
    <time>2024-04-26T14:50:02Z</time>
   </trkpt>
   <trkpt lat="48.1065050" lon="6.9075840">
    <ele>789.6</ele>
    <time>2024-04-26T14:50:03Z</time>
   </trkpt>
   <trkpt lat="48.1064650" lon="6.9075700">
    <ele>789.7</ele>
    <time>2024-04-26T14:50:04Z</time>
   </trkpt>
   <trkpt lat="48.1064270" lon="6.9075580">
    <ele>789.8</ele>
    <time>2024-04-26T14:50:05Z</time>
   </trkpt>
   <trkpt lat="48.1063890" lon="6.9075460">
    <ele>790.0</ele>
    <time>2024-04-26T14:50:06Z</time>
   </trkpt>
   <trkpt lat="48.1063510" lon="6.9075360">
    <ele>790.1</ele>
    <time>2024-04-26T14:50:07Z</time>
   </trkpt>
   <trkpt lat="48.1063120" lon="6.9075270">
    <ele>790.2</ele>
    <time>2024-04-26T14:50:08Z</time>
   </trkpt>
   <trkpt lat="48.1062730" lon="6.9075190">
    <ele>790.3</ele>
    <time>2024-04-26T14:50:09Z</time>
   </trkpt>
   <trkpt lat="48.1062350" lon="6.9075100">
    <ele>790.5</ele>
    <time>2024-04-26T14:50:10Z</time>
   </trkpt>
   <trkpt lat="48.1061960" lon="6.9075000">
    <ele>790.6</ele>
    <time>2024-04-26T14:50:11Z</time>
   </trkpt>
   <trkpt lat="48.1061570" lon="6.9074920">
    <ele>790.7</ele>
    <time>2024-04-26T14:50:12Z</time>
   </trkpt>
   <trkpt lat="48.1061180" lon="6.9074860">
    <ele>790.9</ele>
    <time>2024-04-26T14:50:13Z</time>
   </trkpt>
   <trkpt lat="48.1060780" lon="6.9074790">
    <ele>791.0</ele>
    <time>2024-04-26T14:50:14Z</time>
   </trkpt>
   <trkpt lat="48.1060380" lon="6.9074710">
    <ele>791.2</ele>
    <time>2024-04-26T14:50:15Z</time>
   </trkpt>
   <trkpt lat="48.1059970" lon="6.9074660">
    <ele>791.3</ele>
    <time>2024-04-26T14:50:16Z</time>
   </trkpt>
   <trkpt lat="48.1059560" lon="6.9074580">
    <ele>791.5</ele>
    <time>2024-04-26T14:50:17Z</time>
   </trkpt>
   <trkpt lat="48.1059160" lon="6.9074500">
    <ele>791.6</ele>
    <time>2024-04-26T14:50:18Z</time>
   </trkpt>
   <trkpt lat="48.1058760" lon="6.9074440">
    <ele>791.8</ele>
    <time>2024-04-26T14:50:19Z</time>
   </trkpt>
   <trkpt lat="48.1058360" lon="6.9074380">
    <ele>791.9</ele>
    <time>2024-04-26T14:50:20Z</time>
   </trkpt>
   <trkpt lat="48.1057970" lon="6.9074300">
    <ele>792.0</ele>
    <time>2024-04-26T14:50:21Z</time>
   </trkpt>
   <trkpt lat="48.1057580" lon="6.9074220">
    <ele>792.2</ele>
    <time>2024-04-26T14:50:22Z</time>
   </trkpt>
   <trkpt lat="48.1057200" lon="6.9074140">
    <ele>792.3</ele>
    <time>2024-04-26T14:50:23Z</time>
   </trkpt>
   <trkpt lat="48.1056820" lon="6.9074080">
    <ele>792.4</ele>
    <time>2024-04-26T14:50:24Z</time>
   </trkpt>
   <trkpt lat="48.1056430" lon="6.9074010">
    <ele>792.6</ele>
    <time>2024-04-26T14:50:25Z</time>
   </trkpt>
   <trkpt lat="48.1056050" lon="6.9073920">
    <ele>792.7</ele>
    <time>2024-04-26T14:50:26Z</time>
   </trkpt>
   <trkpt lat="48.1055660" lon="6.9073870">
    <ele>792.8</ele>
    <time>2024-04-26T14:50:27Z</time>
   </trkpt>
   <trkpt lat="48.1055270" lon="6.9073770">
    <ele>792.9</ele>
    <time>2024-04-26T14:50:28Z</time>
   </trkpt>
   <trkpt lat="48.1054880" lon="6.9073670">
    <ele>793.1</ele>
    <time>2024-04-26T14:50:29Z</time>
   </trkpt>
   <trkpt lat="48.1054480" lon="6.9073590">
    <ele>793.2</ele>
    <time>2024-04-26T14:50:30Z</time>
   </trkpt>
   <trkpt lat="48.1054080" lon="6.9073490">
    <ele>793.3</ele>
    <time>2024-04-26T14:50:31Z</time>
   </trkpt>
   <trkpt lat="48.1053680" lon="6.9073380">
    <ele>793.4</ele>
    <time>2024-04-26T14:50:32Z</time>
   </trkpt>
   <trkpt lat="48.1053290" lon="6.9073270">
    <ele>793.6</ele>
    <time>2024-04-26T14:50:33Z</time>
   </trkpt>
   <trkpt lat="48.1052890" lon="6.9073150">
    <ele>793.7</ele>
    <time>2024-04-26T14:50:34Z</time>
   </trkpt>
   <trkpt lat="48.1052490" lon="6.9073020">
    <ele>793.8</ele>
    <time>2024-04-26T14:50:35Z</time>
   </trkpt>
   <trkpt lat="48.1052090" lon="6.9072890">
    <ele>793.9</ele>
    <time>2024-04-26T14:50:36Z</time>
   </trkpt>
   <trkpt lat="48.1051700" lon="6.9072750">
    <ele>794.1</ele>
    <time>2024-04-26T14:50:37Z</time>
   </trkpt>
   <trkpt lat="48.1051300" lon="6.9072600">
    <ele>794.2</ele>
    <time>2024-04-26T14:50:38Z</time>
   </trkpt>
   <trkpt lat="48.1050890" lon="6.9072450">
    <ele>794.3</ele>
    <time>2024-04-26T14:50:39Z</time>
   </trkpt>
   <trkpt lat="48.1050490" lon="6.9072290">
    <ele>794.4</ele>
    <time>2024-04-26T14:50:40Z</time>
   </trkpt>
   <trkpt lat="48.1050080" lon="6.9072090">
    <ele>794.5</ele>
    <time>2024-04-26T14:50:41Z</time>
   </trkpt>
   <trkpt lat="48.1049670" lon="6.9071880">
    <ele>794.6</ele>
    <time>2024-04-26T14:50:42Z</time>
   </trkpt>
   <trkpt lat="48.1049260" lon="6.9071670">
    <ele>794.7</ele>
    <time>2024-04-26T14:50:43Z</time>
   </trkpt>
   <trkpt lat="48.1048850" lon="6.9071450">
    <ele>794.8</ele>
    <time>2024-04-26T14:50:44Z</time>
   </trkpt>
   <trkpt lat="48.1048460" lon="6.9071210">
    <ele>794.9</ele>
    <time>2024-04-26T14:50:45Z</time>
   </trkpt>
   <trkpt lat="48.1048090" lon="6.9070940">
    <ele>795.0</ele>
    <time>2024-04-26T14:50:46Z</time>
   </trkpt>
   <trkpt lat="48.1047710" lon="6.9070690">
    <ele>795.1</ele>
    <time>2024-04-26T14:50:47Z</time>
   </trkpt>
   <trkpt lat="48.1047340" lon="6.9070410">
    <ele>795.1</ele>
    <time>2024-04-26T14:50:48Z</time>
   </trkpt>
   <trkpt lat="48.1046980" lon="6.9070150">
    <ele>795.2</ele>
    <time>2024-04-26T14:50:49Z</time>
   </trkpt>
   <trkpt lat="48.1046610" lon="6.9069880">
    <ele>795.3</ele>
    <time>2024-04-26T14:50:50Z</time>
   </trkpt>
   <trkpt lat="48.1046250" lon="6.9069590">
    <ele>795.4</ele>
    <time>2024-04-26T14:50:51Z</time>
   </trkpt>
   <trkpt lat="48.1045890" lon="6.9069290">
    <ele>795.4</ele>
    <time>2024-04-26T14:50:52Z</time>
   </trkpt>
   <trkpt lat="48.1045540" lon="6.9068940">
    <ele>795.5</ele>
    <time>2024-04-26T14:50:53Z</time>
   </trkpt>
   <trkpt lat="48.1045190" lon="6.9068610">
    <ele>795.5</ele>
    <time>2024-04-26T14:50:54Z</time>
   </trkpt>
   <trkpt lat="48.1044850" lon="6.9068250">
    <ele>795.6</ele>
    <time>2024-04-26T14:50:55Z</time>
   </trkpt>
   <trkpt lat="48.1044510" lon="6.9067880">
    <ele>795.6</ele>
    <time>2024-04-26T14:50:56Z</time>
   </trkpt>
   <trkpt lat="48.1044180" lon="6.9067500">
    <ele>795.7</ele>
    <time>2024-04-26T14:50:57Z</time>
   </trkpt>
   <trkpt lat="48.1043840" lon="6.9067090">
    <ele>795.7</ele>
    <time>2024-04-26T14:50:58Z</time>
   </trkpt>
   <trkpt lat="48.1043500" lon="6.9066690">
    <ele>795.8</ele>
    <time>2024-04-26T14:50:59Z</time>
   </trkpt>
   <trkpt lat="48.1043160" lon="6.9066310">
    <ele>795.8</ele>
    <time>2024-04-26T14:51:00Z</time>
   </trkpt>
   <trkpt lat="48.1042800" lon="6.9065930">
    <ele>795.9</ele>
    <time>2024-04-26T14:51:01Z</time>
   </trkpt>
   <trkpt lat="48.1042440" lon="6.9065530">
    <ele>795.9</ele>
    <time>2024-04-26T14:51:02Z</time>
   </trkpt>
   <trkpt lat="48.1042090" lon="6.9065130">
    <ele>796.0</ele>
    <time>2024-04-26T14:51:03Z</time>
   </trkpt>
   <trkpt lat="48.1041740" lon="6.9064730">
    <ele>796.0</ele>
    <time>2024-04-26T14:51:04Z</time>
   </trkpt>
   <trkpt lat="48.1041390" lon="6.9064270">
    <ele>796.0</ele>
    <time>2024-04-26T14:51:05Z</time>
   </trkpt>
   <trkpt lat="48.1041010" lon="6.9063840">
    <ele>796.0</ele>
    <time>2024-04-26T14:51:06Z</time>
   </trkpt>
   <trkpt lat="48.1040640" lon="6.9063490">
    <ele>796.1</ele>
    <time>2024-04-26T14:51:07Z</time>
   </trkpt>
   <trkpt lat="48.1040230" lon="6.9063090">
    <ele>796.1</ele>
    <time>2024-04-26T14:51:08Z</time>
   </trkpt>
   <trkpt lat="48.1039840" lon="6.9062690">
    <ele>796.1</ele>
    <time>2024-04-26T14:51:09Z</time>
   </trkpt>
   <trkpt lat="48.1039470" lon="6.9062230">
    <ele>796.1</ele>
    <time>2024-04-26T14:51:10Z</time>
   </trkpt>
   <trkpt lat="48.1039100" lon="6.9061810">
    <ele>796.1</ele>
    <time>2024-04-26T14:51:11Z</time>
   </trkpt>
   <trkpt lat="48.1038730" lon="6.9061430">
    <ele>796.2</ele>
    <time>2024-04-26T14:51:12Z</time>
   </trkpt>
   <trkpt lat="48.1038340" lon="6.9061020">
    <ele>796.2</ele>
    <time>2024-04-26T14:51:13Z</time>
   </trkpt>
   <trkpt lat="48.1037920" lon="6.9060580">
    <ele>796.2</ele>
    <time>2024-04-26T14:51:14Z</time>
   </trkpt>
   <trkpt lat="48.1037510" lon="6.9060170">
    <ele>796.3</ele>
    <time>2024-04-26T14:51:15Z</time>
   </trkpt>
   <trkpt lat="48.1037100" lon="6.9059780">
    <ele>796.3</ele>
    <time>2024-04-26T14:51:16Z</time>
   </trkpt>
   <trkpt lat="48.1036700" lon="6.9059330">
    <ele>796.4</ele>
    <time>2024-04-26T14:51:17Z</time>
   </trkpt>
   <trkpt lat="48.1036280" lon="6.9058910">
    <ele>796.4</ele>
    <time>2024-04-26T14:51:18Z</time>
   </trkpt>
   <trkpt lat="48.1035840" lon="6.9058470">
    <ele>796.5</ele>
    <time>2024-04-26T14:51:19Z</time>
   </trkpt>
   <trkpt lat="48.1035370" lon="6.9058070">
    <ele>796.5</ele>
    <time>2024-04-26T14:51:20Z</time>
   </trkpt>
   <trkpt lat="48.1034910" lon="6.9057600">
    <ele>796.6</ele>
    <time>2024-04-26T14:51:21Z</time>
   </trkpt>
   <trkpt lat="48.1034450" lon="6.9057220">
    <ele>796.6</ele>
    <time>2024-04-26T14:51:22Z</time>
   </trkpt>
   <trkpt lat="48.1034010" lon="6.9056900">
    <ele>796.7</ele>
    <time>2024-04-26T14:51:23Z</time>
   </trkpt>
   <trkpt lat="48.1033530" lon="6.9056560">
    <ele>796.7</ele>
    <time>2024-04-26T14:51:24Z</time>
   </trkpt>
   <trkpt lat="48.1033030" lon="6.9056220">
    <ele>796.8</ele>
    <time>2024-04-26T14:51:25Z</time>
   </trkpt>
   <trkpt lat="48.1032530" lon="6.9055920">
    <ele>796.8</ele>
    <time>2024-04-26T14:51:26Z</time>
   </trkpt>
   <trkpt lat="48.1032060" lon="6.9055670">
    <ele>796.9</ele>
    <time>2024-04-26T14:51:27Z</time>
   </trkpt>
   <trkpt lat="48.1031580" lon="6.9055470">
    <ele>797.0</ele>
    <time>2024-04-26T14:51:28Z</time>
   </trkpt>
   <trkpt lat="48.1031070" lon="6.9055210">
    <ele>797.0</ele>
    <time>2024-04-26T14:51:29Z</time>
   </trkpt>
   <trkpt lat="48.1030610" lon="6.9055180">
    <ele>797.1</ele>
    <time>2024-04-26T14:51:30Z</time>
   </trkpt>
   <trkpt lat="48.1030120" lon="6.9055030">
    <ele>797.1</ele>
    <time>2024-04-26T14:51:31Z</time>
   </trkpt>
   <trkpt lat="48.1029610" lon="6.9054870">
    <ele>797.1</ele>
    <time>2024-04-26T14:51:32Z</time>
   </trkpt>
   <trkpt lat="48.1029040" lon="6.9054740">
    <ele>797.2</ele>
    <time>2024-04-26T14:51:33Z</time>
   </trkpt>
   <trkpt lat="48.1028520" lon="6.9054600">
    <ele>797.2</ele>
    <time>2024-04-26T14:51:34Z</time>
   </trkpt>
   <trkpt lat="48.1027960" lon="6.9054490">
    <ele>797.2</ele>
    <time>2024-04-26T14:51:35Z</time>
   </trkpt>
   <trkpt lat="48.1027410" lon="6.9054420">
    <ele>797.2</ele>
    <time>2024-04-26T14:51:36Z</time>
   </trkpt>
   <trkpt lat="48.1026810" lon="6.9054380">
    <ele>797.2</ele>
    <time>2024-04-26T14:51:37Z</time>
   </trkpt>
   <trkpt lat="48.1026160" lon="6.9054290">
    <ele>797.2</ele>
    <time>2024-04-26T14:51:38Z</time>
   </trkpt>
   <trkpt lat="48.1025600" lon="6.9054280">
    <ele>797.2</ele>
    <time>2024-04-26T14:51:39Z</time>
   </trkpt>
   <trkpt lat="48.1025090" lon="6.9054280">
    <ele>797.3</ele>
    <time>2024-04-26T14:51:40Z</time>
   </trkpt>
   <trkpt lat="48.1024610" lon="6.9054330">
    <ele>797.3</ele>
    <time>2024-04-26T14:51:41Z</time>
   </trkpt>
   <trkpt lat="48.1024090" lon="6.9054240">
    <ele>797.3</ele>
    <time>2024-04-26T14:51:42Z</time>
   </trkpt>
   <trkpt lat="48.1023510" lon="6.9054260">
    <ele>797.3</ele>
    <time>2024-04-26T14:51:43Z</time>
   </trkpt>
   <trkpt lat="48.1022940" lon="6.9054230">
    <ele>797.4</ele>
    <time>2024-04-26T14:51:44Z</time>
   </trkpt>
   <trkpt lat="48.1022400" lon="6.9054250">
    <ele>797.4</ele>
    <time>2024-04-26T14:51:45Z</time>
   </trkpt>
   <trkpt lat="48.1021860" lon="6.9054270">
    <ele>797.4</ele>
    <time>2024-04-26T14:51:46Z</time>
   </trkpt>
   <trkpt lat="48.1021320" lon="6.9054300">
    <ele>797.5</ele>
    <time>2024-04-26T14:51:47Z</time>
   </trkpt>
   <trkpt lat="48.1020780" lon="6.9054360">
    <ele>797.5</ele>
    <time>2024-04-26T14:51:48Z</time>
   </trkpt>
   <trkpt lat="48.1020210" lon="6.9054400">
    <ele>797.6</ele>
    <time>2024-04-26T14:51:49Z</time>
   </trkpt>
   <trkpt lat="48.1019640" lon="6.9054430">
    <ele>797.6</ele>
    <time>2024-04-26T14:51:50Z</time>
   </trkpt>
   <trkpt lat="48.1019110" lon="6.9054490">
    <ele>797.6</ele>
    <time>2024-04-26T14:51:51Z</time>
   </trkpt>
   <trkpt lat="48.1018560" lon="6.9054550">
    <ele>797.7</ele>
    <time>2024-04-26T14:51:52Z</time>
   </trkpt>
   <trkpt lat="48.1018010" lon="6.9054620">
    <ele>797.7</ele>
    <time>2024-04-26T14:51:53Z</time>
   </trkpt>
   <trkpt lat="48.1017440" lon="6.9054670">
    <ele>797.7</ele>
    <time>2024-04-26T14:51:54Z</time>
   </trkpt>
   <trkpt lat="48.1016890" lon="6.9054680">
    <ele>797.8</ele>
    <time>2024-04-26T14:51:55Z</time>
   </trkpt>
   <trkpt lat="48.1016360" lon="6.9054640">
    <ele>797.9</ele>
    <time>2024-04-26T14:51:56Z</time>
   </trkpt>
   <trkpt lat="48.1015830" lon="6.9054580">
    <ele>797.9</ele>
    <time>2024-04-26T14:51:57Z</time>
   </trkpt>
   <trkpt lat="48.1015300" lon="6.9054530">
    <ele>798.0</ele>
    <time>2024-04-26T14:51:58Z</time>
   </trkpt>
   <trkpt lat="48.1014750" lon="6.9054480">
    <ele>798.1</ele>
    <time>2024-04-26T14:51:59Z</time>
   </trkpt>
   <trkpt lat="48.1014220" lon="6.9054400">
    <ele>798.1</ele>
    <time>2024-04-26T14:52:00Z</time>
   </trkpt>
   <trkpt lat="48.1013680" lon="6.9054310">
    <ele>798.2</ele>
    <time>2024-04-26T14:52:01Z</time>
   </trkpt>
   <trkpt lat="48.1013140" lon="6.9054210">
    <ele>798.3</ele>
    <time>2024-04-26T14:52:02Z</time>
   </trkpt>
   <trkpt lat="48.1012610" lon="6.9054080">
    <ele>798.3</ele>
    <time>2024-04-26T14:52:03Z</time>
   </trkpt>
   <trkpt lat="48.1012090" lon="6.9054000">
    <ele>798.4</ele>
    <time>2024-04-26T14:52:04Z</time>
   </trkpt>
   <trkpt lat="48.1011530" lon="6.9053940">
    <ele>798.4</ele>
    <time>2024-04-26T14:52:05Z</time>
   </trkpt>
   <trkpt lat="48.1010960" lon="6.9053880">
    <ele>798.5</ele>
    <time>2024-04-26T14:52:06Z</time>
   </trkpt>
   <trkpt lat="48.1010420" lon="6.9053790">
    <ele>798.5</ele>
    <time>2024-04-26T14:52:07Z</time>
   </trkpt>
   <trkpt lat="48.1009860" lon="6.9053740">
    <ele>798.5</ele>
    <time>2024-04-26T14:52:08Z</time>
   </trkpt>
   <trkpt lat="48.1009310" lon="6.9053680">
    <ele>798.6</ele>
    <time>2024-04-26T14:52:09Z</time>
   </trkpt>
   <trkpt lat="48.1008750" lon="6.9053600">
    <ele>798.6</ele>
    <time>2024-04-26T14:52:10Z</time>
   </trkpt>
   <trkpt lat="48.1008180" lon="6.9053520">
    <ele>798.6</ele>
    <time>2024-04-26T14:52:11Z</time>
   </trkpt>
   <trkpt lat="48.1007640" lon="6.9053400">
    <ele>798.7</ele>
    <time>2024-04-26T14:52:12Z</time>
   </trkpt>
   <trkpt lat="48.1007060" lon="6.9053320">
    <ele>798.7</ele>
    <time>2024-04-26T14:52:13Z</time>
   </trkpt>
   <trkpt lat="48.1006510" lon="6.9053240">
    <ele>798.7</ele>
    <time>2024-04-26T14:52:14Z</time>
   </trkpt>
   <trkpt lat="48.1005970" lon="6.9053120">
    <ele>798.7</ele>
    <time>2024-04-26T14:52:15Z</time>
   </trkpt>
   <trkpt lat="48.1005410" lon="6.9053070">
    <ele>798.7</ele>
    <time>2024-04-26T14:52:16Z</time>
   </trkpt>
   <trkpt lat="48.1004870" lon="6.9052980">
    <ele>798.7</ele>
    <time>2024-04-26T14:52:17Z</time>
   </trkpt>
   <trkpt lat="48.1004310" lon="6.9052950">
    <ele>798.6</ele>
    <time>2024-04-26T14:52:18Z</time>
   </trkpt>
   <trkpt lat="48.1003740" lon="6.9052880">
    <ele>798.6</ele>
    <time>2024-04-26T14:52:19Z</time>
   </trkpt>
   <trkpt lat="48.1003180" lon="6.9052830">
    <ele>798.6</ele>
    <time>2024-04-26T14:52:20Z</time>
   </trkpt>
   <trkpt lat="48.1002600" lon="6.9052750">
    <ele>798.6</ele>
    <time>2024-04-26T14:52:21Z</time>
   </trkpt>
   <trkpt lat="48.1002010" lon="6.9052670">
    <ele>798.6</ele>
    <time>2024-04-26T14:52:22Z</time>
   </trkpt>
   <trkpt lat="48.1001440" lon="6.9052600">
    <ele>798.5</ele>
    <time>2024-04-26T14:52:23Z</time>
   </trkpt>
   <trkpt lat="48.1000830" lon="6.9052540">
    <ele>798.5</ele>
    <time>2024-04-26T14:52:24Z</time>
   </trkpt>
   <trkpt lat="48.1000220" lon="6.9052540">
    <ele>798.4</ele>
    <time>2024-04-26T14:52:25Z</time>
   </trkpt>
   <trkpt lat="48.0999610" lon="6.9052520">
    <ele>798.4</ele>
    <time>2024-04-26T14:52:26Z</time>
   </trkpt>
   <trkpt lat="48.0998990" lon="6.9052500">
    <ele>798.4</ele>
    <time>2024-04-26T14:52:27Z</time>
   </trkpt>
   <trkpt lat="48.0998380" lon="6.9052490">
    <ele>798.3</ele>
    <time>2024-04-26T14:52:28Z</time>
   </trkpt>
   <trkpt lat="48.0997730" lon="6.9052490">
    <ele>798.3</ele>
    <time>2024-04-26T14:52:29Z</time>
   </trkpt>
   <trkpt lat="48.0997040" lon="6.9052510">
    <ele>798.2</ele>
    <time>2024-04-26T14:52:30Z</time>
   </trkpt>
   <trkpt lat="48.0996350" lon="6.9052490">
    <ele>798.2</ele>
    <time>2024-04-26T14:52:31Z</time>
   </trkpt>
   <trkpt lat="48.0995660" lon="6.9052450">
    <ele>798.1</ele>
    <time>2024-04-26T14:52:32Z</time>
   </trkpt>
   <trkpt lat="48.0994980" lon="6.9052450">
    <ele>798.1</ele>
    <time>2024-04-26T14:52:33Z</time>
   </trkpt>
   <trkpt lat="48.0994300" lon="6.9052440">
    <ele>798.1</ele>
    <time>2024-04-26T14:52:34Z</time>
   </trkpt>
   <trkpt lat="48.0993620" lon="6.9052470">
    <ele>798.1</ele>
    <time>2024-04-26T14:52:35Z</time>
   </trkpt>
   <trkpt lat="48.0992950" lon="6.9052480">
    <ele>798.1</ele>
    <time>2024-04-26T14:52:36Z</time>
   </trkpt>
   <trkpt lat="48.0992290" lon="6.9052490">
    <ele>798.1</ele>
    <time>2024-04-26T14:52:37Z</time>
   </trkpt>
   <trkpt lat="48.0991630" lon="6.9052460">
    <ele>798.1</ele>
    <time>2024-04-26T14:52:38Z</time>
   </trkpt>
   <trkpt lat="48.0990960" lon="6.9052440">
    <ele>798.0</ele>
    <time>2024-04-26T14:52:39Z</time>
   </trkpt>
   <trkpt lat="48.0990280" lon="6.9052420">
    <ele>798.0</ele>
    <time>2024-04-26T14:52:40Z</time>
   </trkpt>
   <trkpt lat="48.0989610" lon="6.9052400">
    <ele>798.0</ele>
    <time>2024-04-26T14:52:41Z</time>
   </trkpt>
   <trkpt lat="48.0988940" lon="6.9052310">
    <ele>798.1</ele>
    <time>2024-04-26T14:52:42Z</time>
   </trkpt>
   <trkpt lat="48.0988270" lon="6.9052200">
    <ele>798.0</ele>
    <time>2024-04-26T14:52:43Z</time>
   </trkpt>
   <trkpt lat="48.0987590" lon="6.9052060">
    <ele>798.0</ele>
    <time>2024-04-26T14:52:44Z</time>
   </trkpt>
   <trkpt lat="48.0986920" lon="6.9051890">
    <ele>797.9</ele>
    <time>2024-04-26T14:52:45Z</time>
   </trkpt>
   <trkpt lat="48.0986240" lon="6.9051660">
    <ele>797.8</ele>
    <time>2024-04-26T14:52:46Z</time>
   </trkpt>
   <trkpt lat="48.0985560" lon="6.9051350">
    <ele>797.7</ele>
    <time>2024-04-26T14:52:47Z</time>
   </trkpt>
   <trkpt lat="48.0984880" lon="6.9050990">
    <ele>797.6</ele>
    <time>2024-04-26T14:52:48Z</time>
   </trkpt>
   <trkpt lat="48.0984180" lon="6.9050540">
    <ele>797.5</ele>
    <time>2024-04-26T14:52:49Z</time>
   </trkpt>
   <trkpt lat="48.0983490" lon="6.9050020">
    <ele>797.4</ele>
    <time>2024-04-26T14:52:50Z</time>
   </trkpt>
   <trkpt lat="48.0982820" lon="6.9049420">
    <ele>797.3</ele>
    <time>2024-04-26T14:52:51Z</time>
   </trkpt>
   <trkpt lat="48.0982150" lon="6.9048800">
    <ele>797.1</ele>
    <time>2024-04-26T14:52:52Z</time>
   </trkpt>
   <trkpt lat="48.0981520" lon="6.9048130">
    <ele>796.8</ele>
    <time>2024-04-26T14:52:53Z</time>
   </trkpt>
   <trkpt lat="48.0980890" lon="6.9047430">
    <ele>796.5</ele>
    <time>2024-04-26T14:52:54Z</time>
   </trkpt>
   <trkpt lat="48.0980280" lon="6.9046660">
    <ele>796.2</ele>
    <time>2024-04-26T14:52:55Z</time>
   </trkpt>
   <trkpt lat="48.0979690" lon="6.9045830">
    <ele>795.9</ele>
    <time>2024-04-26T14:52:56Z</time>
   </trkpt>
   <trkpt lat="48.0979120" lon="6.9045020">
    <ele>795.6</ele>
    <time>2024-04-26T14:52:57Z</time>
   </trkpt>
   <trkpt lat="48.0978490" lon="6.9044220">
    <ele>795.2</ele>
    <time>2024-04-26T14:52:58Z</time>
   </trkpt>
   <trkpt lat="48.0977880" lon="6.9043340">
    <ele>795.0</ele>
    <time>2024-04-26T14:52:59Z</time>
   </trkpt>
   <trkpt lat="48.0977290" lon="6.9042460">
    <ele>794.8</ele>
    <time>2024-04-26T14:53:00Z</time>
   </trkpt>
   <trkpt lat="48.0976670" lon="6.9041650">
    <ele>794.5</ele>
    <time>2024-04-26T14:53:01Z</time>
   </trkpt>
   <trkpt lat="48.0976040" lon="6.9040800">
    <ele>794.2</ele>
    <time>2024-04-26T14:53:02Z</time>
   </trkpt>
   <trkpt lat="48.0975400" lon="6.9039900">
    <ele>794.0</ele>
    <time>2024-04-26T14:53:03Z</time>
   </trkpt>
   <trkpt lat="48.0974710" lon="6.9039060">
    <ele>793.6</ele>
    <time>2024-04-26T14:53:04Z</time>
   </trkpt>
   <trkpt lat="48.0974050" lon="6.9038130">
    <ele>793.3</ele>
    <time>2024-04-26T14:53:05Z</time>
   </trkpt>
   <trkpt lat="48.0973380" lon="6.9037200">
    <ele>792.8</ele>
    <time>2024-04-26T14:53:06Z</time>
   </trkpt>
   <trkpt lat="48.0972660" lon="6.9036300">
    <ele>792.3</ele>
    <time>2024-04-26T14:53:07Z</time>
   </trkpt>
   <trkpt lat="48.0971930" lon="6.9035360">
    <ele>791.7</ele>
    <time>2024-04-26T14:53:08Z</time>
   </trkpt>
   <trkpt lat="48.0971160" lon="6.9034470">
    <ele>791.1</ele>
    <time>2024-04-26T14:53:09Z</time>
   </trkpt>
   <trkpt lat="48.0970350" lon="6.9033620">
    <ele>790.4</ele>
    <time>2024-04-26T14:53:10Z</time>
   </trkpt>
   <trkpt lat="48.0969550" lon="6.9032800">
    <ele>789.9</ele>
    <time>2024-04-26T14:53:11Z</time>
   </trkpt>
   <trkpt lat="48.0968670" lon="6.9032030">
    <ele>789.2</ele>
    <time>2024-04-26T14:53:12Z</time>
   </trkpt>
   <trkpt lat="48.0967760" lon="6.9031250">
    <ele>788.6</ele>
    <time>2024-04-26T14:53:13Z</time>
   </trkpt>
   <trkpt lat="48.0966770" lon="6.9030580">
    <ele>787.9</ele>
    <time>2024-04-26T14:53:14Z</time>
   </trkpt>
   <trkpt lat="48.0965780" lon="6.9030000">
    <ele>787.2</ele>
    <time>2024-04-26T14:53:15Z</time>
   </trkpt>
   <trkpt lat="48.0964750" lon="6.9029460">
    <ele>786.4</ele>
    <time>2024-04-26T14:53:16Z</time>
   </trkpt>
   <trkpt lat="48.0963680" lon="6.9028970">
    <ele>785.7</ele>
    <time>2024-04-26T14:53:17Z</time>
   </trkpt>
   <trkpt lat="48.0962580" lon="6.9028470">
    <ele>784.9</ele>
    <time>2024-04-26T14:53:18Z</time>
   </trkpt>
   <trkpt lat="48.0961470" lon="6.9027950">
    <ele>784.1</ele>
    <time>2024-04-26T14:53:19Z</time>
   </trkpt>
   <trkpt lat="48.0960340" lon="6.9027440">
    <ele>783.2</ele>
    <time>2024-04-26T14:53:20Z</time>
   </trkpt>
   <trkpt lat="48.0959210" lon="6.9026880">
    <ele>782.4</ele>
    <time>2024-04-26T14:53:21Z</time>
   </trkpt>
   <trkpt lat="48.0958050" lon="6.9026310">
    <ele>781.6</ele>
    <time>2024-04-26T14:53:22Z</time>
   </trkpt>
   <trkpt lat="48.0956870" lon="6.9025780">
    <ele>780.8</ele>
    <time>2024-04-26T14:53:23Z</time>
   </trkpt>
   <trkpt lat="48.0955690" lon="6.9025210">
    <ele>780.0</ele>
    <time>2024-04-26T14:53:24Z</time>
   </trkpt>
   <trkpt lat="48.0954480" lon="6.9024660">
    <ele>779.2</ele>
    <time>2024-04-26T14:53:25Z</time>
   </trkpt>
   <trkpt lat="48.0953310" lon="6.9024070">
    <ele>778.4</ele>
    <time>2024-04-26T14:53:26Z</time>
   </trkpt>
   <trkpt lat="48.0952140" lon="6.9023380">
    <ele>777.5</ele>
    <time>2024-04-26T14:53:27Z</time>
   </trkpt>
   <trkpt lat="48.0950990" lon="6.9022680">
    <ele>776.7</ele>
    <time>2024-04-26T14:53:28Z</time>
   </trkpt>
   <trkpt lat="48.0949810" lon="6.9021930">
    <ele>775.9</ele>
    <time>2024-04-26T14:53:29Z</time>
   </trkpt>
   <trkpt lat="48.0948590" lon="6.9021210">
    <ele>774.9</ele>
    <time>2024-04-26T14:53:30Z</time>
   </trkpt>
   <trkpt lat="48.0947380" lon="6.9020470">
    <ele>774.0</ele>
    <time>2024-04-26T14:53:31Z</time>
   </trkpt>
   <trkpt lat="48.0946190" lon="6.9019690">
    <ele>773.1</ele>
    <time>2024-04-26T14:53:32Z</time>
   </trkpt>
   <trkpt lat="48.0944990" lon="6.9018870">
    <ele>772.2</ele>
    <time>2024-04-26T14:53:33Z</time>
   </trkpt>
   <trkpt lat="48.0943770" lon="6.9018080">
    <ele>771.3</ele>
    <time>2024-04-26T14:53:34Z</time>
   </trkpt>
   <trkpt lat="48.0942530" lon="6.9017290">
    <ele>770.3</ele>
    <time>2024-04-26T14:53:35Z</time>
   </trkpt>
   <trkpt lat="48.0941280" lon="6.9016550">
    <ele>769.4</ele>
    <time>2024-04-26T14:53:36Z</time>
   </trkpt>
   <trkpt lat="48.0940010" lon="6.9015890">
    <ele>768.6</ele>
    <time>2024-04-26T14:53:37Z</time>
   </trkpt>
   <trkpt lat="48.0938680" lon="6.9015250">
    <ele>767.6</ele>
    <time>2024-04-26T14:53:38Z</time>
   </trkpt>
   <trkpt lat="48.0937330" lon="6.9014710">
    <ele>766.6</ele>
    <time>2024-04-26T14:53:39Z</time>
   </trkpt>
   <trkpt lat="48.0935990" lon="6.9014330">
    <ele>765.7</ele>
    <time>2024-04-26T14:53:40Z</time>
   </trkpt>
   <trkpt lat="48.0934660" lon="6.9014100">
    <ele>764.8</ele>
    <time>2024-04-26T14:53:41Z</time>
   </trkpt>
   <trkpt lat="48.0933250" lon="6.9013980">
    <ele>763.9</ele>
    <time>2024-04-26T14:53:42Z</time>
   </trkpt>
   <trkpt lat="48.0931870" lon="6.9014010">
    <ele>763.0</ele>
    <time>2024-04-26T14:53:43Z</time>
   </trkpt>
   <trkpt lat="48.0930460" lon="6.9014200">
    <ele>762.1</ele>
    <time>2024-04-26T14:53:44Z</time>
   </trkpt>
   <trkpt lat="48.0929100" lon="6.9014430">
    <ele>761.0</ele>
    <time>2024-04-26T14:53:45Z</time>
   </trkpt>
   <trkpt lat="48.0927770" lon="6.9014680">
    <ele>760.0</ele>
    <time>2024-04-26T14:53:46Z</time>
   </trkpt>
   <trkpt lat="48.0926440" lon="6.9014910">
    <ele>759.1</ele>
    <time>2024-04-26T14:53:47Z</time>
   </trkpt>
   <trkpt lat="48.0925100" lon="6.9015130">
    <ele>758.1</ele>
    <time>2024-04-26T14:53:48Z</time>
   </trkpt>
   <trkpt lat="48.0923710" lon="6.9015310">
    <ele>757.2</ele>
    <time>2024-04-26T14:53:49Z</time>
   </trkpt>
   <trkpt lat="48.0922300" lon="6.9015550">
    <ele>756.2</ele>
    <time>2024-04-26T14:53:50Z</time>
   </trkpt>
   <trkpt lat="48.0920860" lon="6.9015720">
    <ele>755.2</ele>
    <time>2024-04-26T14:53:51Z</time>
   </trkpt>
   <trkpt lat="48.0919400" lon="6.9015900">
    <ele>754.1</ele>
    <time>2024-04-26T14:53:52Z</time>
   </trkpt>
   <trkpt lat="48.0917920" lon="6.9016080">
    <ele>753.1</ele>
    <time>2024-04-26T14:53:53Z</time>
   </trkpt>
   <trkpt lat="48.0916450" lon="6.9016250">
    <ele>752.1</ele>
    <time>2024-04-26T14:53:54Z</time>
   </trkpt>
   <trkpt lat="48.0914960" lon="6.9016470">
    <ele>751.1</ele>
    <time>2024-04-26T14:53:55Z</time>
   </trkpt>
   <trkpt lat="48.0913470" lon="6.9016750">
    <ele>750.1</ele>
    <time>2024-04-26T14:53:56Z</time>
   </trkpt>
   <trkpt lat="48.0912010" lon="6.9017070">
    <ele>749.0</ele>
    <time>2024-04-26T14:53:57Z</time>
   </trkpt>
   <trkpt lat="48.0910540" lon="6.9017440">
    <ele>748.0</ele>
    <time>2024-04-26T14:53:58Z</time>
   </trkpt>
   <trkpt lat="48.0909050" lon="6.9017830">
    <ele>747.0</ele>
    <time>2024-04-26T14:53:59Z</time>
   </trkpt>
   <trkpt lat="48.0907550" lon="6.9018230">
    <ele>746.0</ele>
    <time>2024-04-26T14:54:00Z</time>
   </trkpt>
   <trkpt lat="48.0906040" lon="6.9018650">
    <ele>744.9</ele>
    <time>2024-04-26T14:54:01Z</time>
   </trkpt>
   <trkpt lat="48.0904540" lon="6.9019060">
    <ele>743.9</ele>
    <time>2024-04-26T14:54:02Z</time>
   </trkpt>
   <trkpt lat="48.0903030" lon="6.9019480">
    <ele>742.9</ele>
    <time>2024-04-26T14:54:03Z</time>
   </trkpt>
   <trkpt lat="48.0901530" lon="6.9019920">
    <ele>741.9</ele>
    <time>2024-04-26T14:54:04Z</time>
   </trkpt>
   <trkpt lat="48.0900060" lon="6.9020340">
    <ele>740.9</ele>
    <time>2024-04-26T14:54:05Z</time>
   </trkpt>
   <trkpt lat="48.0898620" lon="6.9020820">
    <ele>739.9</ele>
    <time>2024-04-26T14:54:06Z</time>
   </trkpt>
   <trkpt lat="48.0897190" lon="6.9021460">
    <ele>738.9</ele>
    <time>2024-04-26T14:54:07Z</time>
   </trkpt>
   <trkpt lat="48.0895800" lon="6.9022260">
    <ele>738.0</ele>
    <time>2024-04-26T14:54:08Z</time>
   </trkpt>
   <trkpt lat="48.0894450" lon="6.9023180">
    <ele>737.0</ele>
    <time>2024-04-26T14:54:09Z</time>
   </trkpt>
   <trkpt lat="48.0893140" lon="6.9024150">
    <ele>736.0</ele>
    <time>2024-04-26T14:54:10Z</time>
   </trkpt>
   <trkpt lat="48.0891870" lon="6.9025240">
    <ele>735.1</ele>
    <time>2024-04-26T14:54:11Z</time>
   </trkpt>
   <trkpt lat="48.0890650" lon="6.9026440">
    <ele>734.1</ele>
    <time>2024-04-26T14:54:12Z</time>
   </trkpt>
   <trkpt lat="48.0889470" lon="6.9027690">
    <ele>733.0</ele>
    <time>2024-04-26T14:54:13Z</time>
   </trkpt>
   <trkpt lat="48.0888280" lon="6.9028920">
    <ele>732.0</ele>
    <time>2024-04-26T14:54:14Z</time>
   </trkpt>
   <trkpt lat="48.0887090" lon="6.9030120">
    <ele>731.0</ele>
    <time>2024-04-26T14:54:15Z</time>
   </trkpt>
   <trkpt lat="48.0885910" lon="6.9031330">
    <ele>730.1</ele>
    <time>2024-04-26T14:54:16Z</time>
   </trkpt>
   <trkpt lat="48.0884750" lon="6.9032590">
    <ele>729.2</ele>
    <time>2024-04-26T14:54:17Z</time>
   </trkpt>
   <trkpt lat="48.0883660" lon="6.9033920">
    <ele>728.3</ele>
    <time>2024-04-26T14:54:18Z</time>
   </trkpt>
   <trkpt lat="48.0882590" lon="6.9035290">
    <ele>727.4</ele>
    <time>2024-04-26T14:54:19Z</time>
   </trkpt>
   <trkpt lat="48.0881530" lon="6.9036700">
    <ele>726.5</ele>
    <time>2024-04-26T14:54:20Z</time>
   </trkpt>
   <trkpt lat="48.0880480" lon="6.9038070">
    <ele>725.5</ele>
    <time>2024-04-26T14:54:21Z</time>
   </trkpt>
   <trkpt lat="48.0879450" lon="6.9039440">
    <ele>724.6</ele>
    <time>2024-04-26T14:54:22Z</time>
   </trkpt>
   <trkpt lat="48.0878470" lon="6.9040870">
    <ele>723.7</ele>
    <time>2024-04-26T14:54:23Z</time>
   </trkpt>
   <trkpt lat="48.0877530" lon="6.9042370">
    <ele>722.8</ele>
    <time>2024-04-26T14:54:24Z</time>
   </trkpt>
   <trkpt lat="48.0876660" lon="6.9043950">
    <ele>721.9</ele>
    <time>2024-04-26T14:54:25Z</time>
   </trkpt>
   <trkpt lat="48.0875860" lon="6.9045600">
    <ele>721.1</ele>
    <time>2024-04-26T14:54:26Z</time>
   </trkpt>
   <trkpt lat="48.0875070" lon="6.9047250">
    <ele>720.2</ele>
    <time>2024-04-26T14:54:27Z</time>
   </trkpt>
   <trkpt lat="48.0874200" lon="6.9048860">
    <ele>719.3</ele>
    <time>2024-04-26T14:54:28Z</time>
   </trkpt>
   <trkpt lat="48.0873230" lon="6.9050300">
    <ele>718.4</ele>
    <time>2024-04-26T14:54:29Z</time>
   </trkpt>
   <trkpt lat="48.0872180" lon="6.9051580">
    <ele>717.5</ele>
    <time>2024-04-26T14:54:30Z</time>
   </trkpt>
   <trkpt lat="48.0871090" lon="6.9052760">
    <ele>716.6</ele>
    <time>2024-04-26T14:54:31Z</time>
   </trkpt>
   <trkpt lat="48.0869960" lon="6.9053870">
    <ele>715.6</ele>
    <time>2024-04-26T14:54:32Z</time>
   </trkpt>
   <trkpt lat="48.0868870" lon="6.9054980">
    <ele>714.7</ele>
    <time>2024-04-26T14:54:33Z</time>
   </trkpt>
   <trkpt lat="48.0867780" lon="6.9056160">
    <ele>713.8</ele>
    <time>2024-04-26T14:54:34Z</time>
   </trkpt>
   <trkpt lat="48.0866760" lon="6.9057430">
    <ele>712.9</ele>
    <time>2024-04-26T14:54:35Z</time>
   </trkpt>
   <trkpt lat="48.0865820" lon="6.9058820">
    <ele>712.0</ele>
    <time>2024-04-26T14:54:36Z</time>
   </trkpt>
   <trkpt lat="48.0864940" lon="6.9060270">
    <ele>711.2</ele>
    <time>2024-04-26T14:54:37Z</time>
   </trkpt>
   <trkpt lat="48.0864110" lon="6.9061760">
    <ele>710.3</ele>
    <time>2024-04-26T14:54:38Z</time>
   </trkpt>
   <trkpt lat="48.0863330" lon="6.9063300">
    <ele>709.5</ele>
    <time>2024-04-26T14:54:39Z</time>
   </trkpt>
   <trkpt lat="48.0862580" lon="6.9064850">
    <ele>708.7</ele>
    <time>2024-04-26T14:54:40Z</time>
   </trkpt>
   <trkpt lat="48.0861850" lon="6.9066450">
    <ele>707.8</ele>
    <time>2024-04-26T14:54:41Z</time>
   </trkpt>
   <trkpt lat="48.0861160" lon="6.9068080">
    <ele>707.0</ele>
    <time>2024-04-26T14:54:42Z</time>
   </trkpt>
   <trkpt lat="48.0860500" lon="6.9069680">
    <ele>706.2</ele>
    <time>2024-04-26T14:54:43Z</time>
   </trkpt>
   <trkpt lat="48.0859810" lon="6.9071290">
    <ele>705.3</ele>
    <time>2024-04-26T14:54:44Z</time>
   </trkpt>
   <trkpt lat="48.0859030" lon="6.9072820">
    <ele>704.4</ele>
    <time>2024-04-26T14:54:45Z</time>
   </trkpt>
   <trkpt lat="48.0858190" lon="6.9074240">
    <ele>703.5</ele>
    <time>2024-04-26T14:54:46Z</time>
   </trkpt>
   <trkpt lat="48.0857290" lon="6.9075590">
    <ele>702.6</ele>
    <time>2024-04-26T14:54:47Z</time>
   </trkpt>
   <trkpt lat="48.0856410" lon="6.9076920">
    <ele>701.7</ele>
    <time>2024-04-26T14:54:48Z</time>
   </trkpt>
   <trkpt lat="48.0855520" lon="6.9078250">
    <ele>700.9</ele>
    <time>2024-04-26T14:54:49Z</time>
   </trkpt>
   <trkpt lat="48.0854650" lon="6.9079580">
    <ele>700.0</ele>
    <time>2024-04-26T14:54:50Z</time>
   </trkpt>
   <trkpt lat="48.0853840" lon="6.9081010">
    <ele>699.2</ele>
    <time>2024-04-26T14:54:51Z</time>
   </trkpt>
   <trkpt lat="48.0853060" lon="6.9082470">
    <ele>698.4</ele>
    <time>2024-04-26T14:54:52Z</time>
   </trkpt>
   <trkpt lat="48.0852360" lon="6.9083990">
    <ele>697.5</ele>
    <time>2024-04-26T14:54:53Z</time>
   </trkpt>
   <trkpt lat="48.0851820" lon="6.9085600">
    <ele>697.2</ele>
    <time>2024-04-26T14:54:54Z</time>
   </trkpt>
   <trkpt lat="48.0851370" lon="6.9087290">
    <ele>697.0</ele>
    <time>2024-04-26T14:54:55Z</time>
   </trkpt>
   <trkpt lat="48.0850980" lon="6.9089010">
    <ele>696.8</ele>
    <time>2024-04-26T14:54:56Z</time>
   </trkpt>
   <trkpt lat="48.0850670" lon="6.9090770">
    <ele>696.6</ele>
    <time>2024-04-26T14:54:57Z</time>
   </trkpt>
   <trkpt lat="48.0850390" lon="6.9092520">
    <ele>696.4</ele>
    <time>2024-04-26T14:54:58Z</time>
   </trkpt>
   <trkpt lat="48.0850050" lon="6.9094210">
    <ele>696.0</ele>
    <time>2024-04-26T14:54:59Z</time>
   </trkpt>
   <trkpt lat="48.0849570" lon="6.9095760">
    <ele>695.7</ele>
    <time>2024-04-26T14:55:00Z</time>
   </trkpt>
   <trkpt lat="48.0848950" lon="6.9097120">
    <ele>695.8</ele>
    <time>2024-04-26T14:55:01Z</time>
   </trkpt>
   <trkpt lat="48.0848230" lon="6.9098220">
    <ele>696.4</ele>
    <time>2024-04-26T14:55:02Z</time>
   </trkpt>
   <trkpt lat="48.0847470" lon="6.9099090">
    <ele>696.2</ele>
    <time>2024-04-26T14:55:03Z</time>
   </trkpt>
   <trkpt lat="48.0846620" lon="6.9099740">
    <ele>695.4</ele>
    <time>2024-04-26T14:55:04Z</time>
   </trkpt>
   <trkpt lat="48.0845710" lon="6.9100050">
    <ele>695.2</ele>
    <time>2024-04-26T14:55:05Z</time>
   </trkpt>
   <trkpt lat="48.0844790" lon="6.9100040">
    <ele>695.0</ele>
    <time>2024-04-26T14:55:06Z</time>
   </trkpt>
   <trkpt lat="48.0843920" lon="6.9099890">
    <ele>694.8</ele>
    <time>2024-04-26T14:55:07Z</time>
   </trkpt>
   <trkpt lat="48.0843020" lon="6.9099780">
    <ele>694.6</ele>
    <time>2024-04-26T14:55:08Z</time>
   </trkpt>
   <trkpt lat="48.0842120" lon="6.9099580">
    <ele>694.5</ele>
    <time>2024-04-26T14:55:09Z</time>
   </trkpt>
   <trkpt lat="48.0841240" lon="6.9099100">
    <ele>694.1</ele>
    <time>2024-04-26T14:55:10Z</time>
   </trkpt>
   <trkpt lat="48.0840370" lon="6.9098450">
    <ele>693.6</ele>
    <time>2024-04-26T14:55:11Z</time>
   </trkpt>
   <trkpt lat="48.0839460" lon="6.9097820">
    <ele>693.1</ele>
    <time>2024-04-26T14:55:12Z</time>
   </trkpt>
   <trkpt lat="48.0838550" lon="6.9097170">
    <ele>692.6</ele>
    <time>2024-04-26T14:55:13Z</time>
   </trkpt>
   <trkpt lat="48.0837680" lon="6.9096400">
    <ele>692.1</ele>
    <time>2024-04-26T14:55:14Z</time>
   </trkpt>
   <trkpt lat="48.0836850" lon="6.9095540">
    <ele>691.6</ele>
    <time>2024-04-26T14:55:15Z</time>
   </trkpt>
   <trkpt lat="48.0836130" lon="6.9094610">
    <ele>691.2</ele>
    <time>2024-04-26T14:55:16Z</time>
   </trkpt>
   <trkpt lat="48.0835460" lon="6.9093620">
    <ele>690.9</ele>
    <time>2024-04-26T14:55:17Z</time>
   </trkpt>
   <trkpt lat="48.0834820" lon="6.9092730">
    <ele>690.6</ele>
    <time>2024-04-26T14:55:18Z</time>
   </trkpt>
   <trkpt lat="48.0834290" lon="6.9091850">
    <ele>690.4</ele>
    <time>2024-04-26T14:55:19Z</time>
   </trkpt>
   <trkpt lat="48.0833890" lon="6.9091020">
    <ele>690.3</ele>
    <time>2024-04-26T14:55:20Z</time>
   </trkpt>
   <trkpt lat="48.0833580" lon="6.9090310">
    <ele>690.3</ele>
    <time>2024-04-26T14:55:21Z</time>
   </trkpt>
   <trkpt lat="48.0833280" lon="6.9089600">
    <ele>690.2</ele>
    <time>2024-04-26T14:55:22Z</time>
   </trkpt>
   <trkpt lat="48.0832950" lon="6.9088920">
    <ele>690.2</ele>
    <time>2024-04-26T14:55:23Z</time>
   </trkpt>
   <trkpt lat="48.0832550" lon="6.9088350">
    <ele>690.1</ele>
    <time>2024-04-26T14:55:24Z</time>
   </trkpt>
   <trkpt lat="48.0832090" lon="6.9088040">
    <ele>690.0</ele>
    <time>2024-04-26T14:55:25Z</time>
   </trkpt>
   <trkpt lat="48.0831610" lon="6.9088060">
    <ele>690.0</ele>
    <time>2024-04-26T14:55:26Z</time>
   </trkpt>
   <trkpt lat="48.0831220" lon="6.9088380">
    <ele>689.9</ele>
    <time>2024-04-26T14:55:27Z</time>
   </trkpt>
   <trkpt lat="48.0831050" lon="6.9089020">
    <ele>690.0</ele>
    <time>2024-04-26T14:55:28Z</time>
   </trkpt>
   <trkpt lat="48.0830990" lon="6.9089710">
    <ele>690.0</ele>
    <time>2024-04-26T14:55:29Z</time>
   </trkpt>
   <trkpt lat="48.0830970" lon="6.9090360">
    <ele>690.1</ele>
    <time>2024-04-26T14:55:30Z</time>
   </trkpt>
   <trkpt lat="48.0830910" lon="6.9091000">
    <ele>690.1</ele>
    <time>2024-04-26T14:55:31Z</time>
   </trkpt>
   <trkpt lat="48.0830830" lon="6.9091580">
    <ele>690.2</ele>
    <time>2024-04-26T14:55:32Z</time>
   </trkpt>
   <trkpt lat="48.0830740" lon="6.9092140">
    <ele>690.3</ele>
    <time>2024-04-26T14:55:33Z</time>
   </trkpt>
   <trkpt lat="48.0830610" lon="6.9092640">
    <ele>690.5</ele>
    <time>2024-04-26T14:55:34Z</time>
   </trkpt>
   <trkpt lat="48.0830450" lon="6.9093060">
    <ele>690.6</ele>
    <time>2024-04-26T14:55:35Z</time>
   </trkpt>
   <trkpt lat="48.0830280" lon="6.9093450">
    <ele>690.7</ele>
    <time>2024-04-26T14:55:36Z</time>
   </trkpt>
   <trkpt lat="48.0830130" lon="6.9093790">
    <ele>690.8</ele>
    <time>2024-04-26T14:55:37Z</time>
   </trkpt>
   <trkpt lat="48.0829860" lon="6.9094210">
    <ele>691.0</ele>
    <time>2024-04-26T14:55:38Z</time>
   </trkpt>
   <trkpt lat="48.0829770" lon="6.9094340">
    <ele>691.1</ele>
    <time>2024-04-26T14:55:39Z</time>
   </trkpt>
   <trkpt lat="48.0829510" lon="6.9094680">
    <ele>691.3</ele>
    <time>2024-04-26T14:55:40Z</time>
   </trkpt>
   <trkpt lat="48.0829430" lon="6.9094800">
    <ele>691.3</ele>
    <time>2024-04-26T14:55:41Z</time>
   </trkpt>
   <trkpt lat="48.0829210" lon="6.9095160">
    <ele>691.5</ele>
    <time>2024-04-26T14:55:42Z</time>
   </trkpt>
   <trkpt lat="48.0829150" lon="6.9095290">
    <ele>691.6</ele>
    <time>2024-04-26T14:55:43Z</time>
   </trkpt>
   <trkpt lat="48.0828960" lon="6.9095690">
    <ele>691.7</ele>
    <time>2024-04-26T14:55:44Z</time>
   </trkpt>
   <trkpt lat="48.0828890" lon="6.9095830">
    <ele>691.8</ele>
    <time>2024-04-26T14:55:45Z</time>
   </trkpt>
   <trkpt lat="48.0828700" lon="6.9096230">
    <ele>692.0</ele>
    <time>2024-04-26T14:55:46Z</time>
   </trkpt>
   <trkpt lat="48.0828640" lon="6.9096370">
    <ele>692.0</ele>
    <time>2024-04-26T14:55:47Z</time>
   </trkpt>
   <trkpt lat="48.0828440" lon="6.9096790">
    <ele>692.2</ele>
    <time>2024-04-26T14:55:48Z</time>
   </trkpt>
   <trkpt lat="48.0828360" lon="6.9096930">
    <ele>692.3</ele>
    <time>2024-04-26T14:55:49Z</time>
   </trkpt>
   <trkpt lat="48.0828160" lon="6.9097380">
    <ele>692.6</ele>
    <time>2024-04-26T14:55:50Z</time>
   </trkpt>
   <trkpt lat="48.0828110" lon="6.9097540">
    <ele>692.7</ele>
    <time>2024-04-26T14:55:51Z</time>
   </trkpt>
   <trkpt lat="48.0827950" lon="6.9098030">
    <ele>692.9</ele>
    <time>2024-04-26T14:55:52Z</time>
   </trkpt>
   <trkpt lat="48.0827900" lon="6.9098200">
    <ele>693.0</ele>
    <time>2024-04-26T14:55:53Z</time>
   </trkpt>
   <trkpt lat="48.0827760" lon="6.9098690">
    <ele>693.3</ele>
    <time>2024-04-26T14:55:54Z</time>
   </trkpt>
   <trkpt lat="48.0827710" lon="6.9098850">
    <ele>693.3</ele>
    <time>2024-04-26T14:55:55Z</time>
   </trkpt>
   <trkpt lat="48.0827580" lon="6.9099330">
    <ele>693.6</ele>
    <time>2024-04-26T14:55:56Z</time>
   </trkpt>
   <trkpt lat="48.0827540" lon="6.9099500">
    <ele>693.7</ele>
    <time>2024-04-26T14:55:57Z</time>
   </trkpt>
   <trkpt lat="48.0827420" lon="6.9099980">
    <ele>693.9</ele>
    <time>2024-04-26T14:55:58Z</time>
   </trkpt>
   <trkpt lat="48.0827380" lon="6.9100150">
    <ele>694.0</ele>
    <time>2024-04-26T14:55:59Z</time>
   </trkpt>
   <trkpt lat="48.0827260" lon="6.9100620">
    <ele>694.2</ele>
    <time>2024-04-26T14:56:00Z</time>
   </trkpt>
   <trkpt lat="48.0827220" lon="6.9100780">
    <ele>694.3</ele>
    <time>2024-04-26T14:56:01Z</time>
   </trkpt>
   <trkpt lat="48.0827130" lon="6.9101270">
    <ele>694.5</ele>
    <time>2024-04-26T14:56:02Z</time>
   </trkpt>
   <trkpt lat="48.0827110" lon="6.9101440">
    <ele>694.6</ele>
    <time>2024-04-26T14:56:03Z</time>
   </trkpt>
   <trkpt lat="48.0826980" lon="6.9101890">
    <ele>694.8</ele>
    <time>2024-04-26T14:56:04Z</time>
   </trkpt>
   <trkpt lat="48.0826940" lon="6.9102040">
    <ele>694.9</ele>
    <time>2024-04-26T14:56:05Z</time>
   </trkpt>
   <trkpt lat="48.0826820" lon="6.9102530">
    <ele>695.1</ele>
    <time>2024-04-26T14:56:06Z</time>
   </trkpt>
   <trkpt lat="48.0826790" lon="6.9102700">
    <ele>695.2</ele>
    <time>2024-04-26T14:56:07Z</time>
   </trkpt>
   <trkpt lat="48.0826750" lon="6.9103220">
    <ele>695.5</ele>
    <time>2024-04-26T14:56:08Z</time>
   </trkpt>
   <trkpt lat="48.0826730" lon="6.9103390">
    <ele>695.6</ele>
    <time>2024-04-26T14:56:09Z</time>
   </trkpt>
   <trkpt lat="48.0826650" lon="6.9103880">
    <ele>695.8</ele>
    <time>2024-04-26T14:56:10Z</time>
   </trkpt>
   <trkpt lat="48.0826620" lon="6.9104040">
    <ele>695.9</ele>
    <time>2024-04-26T14:56:11Z</time>
   </trkpt>
   <trkpt lat="48.0826520" lon="6.9104530">
    <ele>696.2</ele>
    <time>2024-04-26T14:56:12Z</time>
   </trkpt>
   <trkpt lat="48.0826480" lon="6.9104700">
    <ele>696.3</ele>
    <time>2024-04-26T14:56:13Z</time>
   </trkpt>
   <trkpt lat="48.0826420" lon="6.9105190">
    <ele>696.6</ele>
    <time>2024-04-26T14:56:14Z</time>
   </trkpt>
   <trkpt lat="48.0826400" lon="6.9105360">
    <ele>696.7</ele>
    <time>2024-04-26T14:56:15Z</time>
   </trkpt>
   <trkpt lat="48.0826320" lon="6.9105880">
    <ele>697.0</ele>
    <time>2024-04-26T14:56:16Z</time>
   </trkpt>
   <trkpt lat="48.0826280" lon="6.9106050">
    <ele>697.1</ele>
    <time>2024-04-26T14:56:17Z</time>
   </trkpt>
   <trkpt lat="48.0826200" lon="6.9106510">
    <ele>697.3</ele>
    <time>2024-04-26T14:56:18Z</time>
   </trkpt>
   <trkpt lat="48.0826170" lon="6.9106650">
    <ele>697.4</ele>
    <time>2024-04-26T14:56:19Z</time>
   </trkpt>
   <trkpt lat="48.0826090" lon="6.9106870">
    <ele>697.6</ele>
    <time>2024-04-26T14:56:20Z</time>
   </trkpt>
   <trkpt lat="48.0826010" lon="6.9107020">
    <ele>697.7</ele>
    <time>2024-04-26T14:56:21Z</time>
   </trkpt>
   <trkpt lat="48.0825990" lon="6.9107260">
    <ele>697.8</ele>
    <time>2024-04-26T14:56:22Z</time>
   </trkpt>
   <trkpt lat="48.0826000" lon="6.9107380">
    <ele>697.9</ele>
    <time>2024-04-26T14:56:23Z</time>
   </trkpt>
   <trkpt lat="48.0826010" lon="6.9107500">
    <ele>697.9</ele>
    <time>2024-04-26T14:56:24Z</time>
   </trkpt>
   <trkpt lat="48.0826030" lon="6.9107620">
    <ele>698.0</ele>
    <time>2024-04-26T14:56:25Z</time>
   </trkpt>
   <trkpt lat="48.0826000" lon="6.9107810">
    <ele>698.1</ele>
    <time>2024-04-26T14:56:26Z</time>
   </trkpt>
   <trkpt lat="48.0825970" lon="6.9107970">
    <ele>698.1</ele>
    <time>2024-04-26T14:56:27Z</time>
   </trkpt>
   <trkpt lat="48.0825920" lon="6.9108090">
    <ele>698.2</ele>
    <time>2024-04-26T14:56:28Z</time>
   </trkpt>
   <trkpt lat="48.0825830" lon="6.9108150">
    <ele>698.2</ele>
    <time>2024-04-26T14:56:29Z</time>
   </trkpt>
   <trkpt lat="48.0825700" lon="6.9108080">
    <ele>698.3</ele>
    <time>2024-04-26T14:56:30Z</time>
   </trkpt>
   <trkpt lat="48.0825630" lon="6.9107810">
    <ele>698.2</ele>
    <time>2024-04-26T14:56:31Z</time>
   </trkpt>
   <trkpt lat="48.0825760" lon="6.9107370">
    <ele>697.9</ele>
    <time>2024-04-26T14:56:32Z</time>
   </trkpt>
   <trkpt lat="48.0825840" lon="6.9107240">
    <ele>697.8</ele>
    <time>2024-04-26T14:56:33Z</time>
   </trkpt>
   <trkpt lat="48.0826150" lon="6.9106780">
    <ele>697.5</ele>
    <time>2024-04-26T14:56:34Z</time>
   </trkpt>
   <trkpt lat="48.0826250" lon="6.9106590">
    <ele>697.3</ele>
    <time>2024-04-26T14:56:35Z</time>
   </trkpt>
   <trkpt lat="48.0826410" lon="6.9106090">
    <ele>697.0</ele>
    <time>2024-04-26T14:56:36Z</time>
   </trkpt>
   <trkpt lat="48.0826540" lon="6.9105490">
    <ele>696.6</ele>
    <time>2024-04-26T14:56:37Z</time>
   </trkpt>
   <trkpt lat="48.0826680" lon="6.9104730">
    <ele>696.2</ele>
    <time>2024-04-26T14:56:38Z</time>
   </trkpt>
   <trkpt lat="48.0826840" lon="6.9103950">
    <ele>695.7</ele>
    <time>2024-04-26T14:56:39Z</time>
   </trkpt>
   <trkpt lat="48.0826990" lon="6.9103100">
    <ele>695.3</ele>
    <time>2024-04-26T14:56:40Z</time>
   </trkpt>
   <trkpt lat="48.0827160" lon="6.9102230">
    <ele>694.9</ele>
    <time>2024-04-26T14:56:41Z</time>
   </trkpt>
   <trkpt lat="48.0827370" lon="6.9101310">
    <ele>694.4</ele>
    <time>2024-04-26T14:56:42Z</time>
   </trkpt>
   <trkpt lat="48.0827600" lon="6.9100380">
    <ele>693.9</ele>
    <time>2024-04-26T14:56:43Z</time>
   </trkpt>
   <trkpt lat="48.0827820" lon="6.9099440">
    <ele>693.5</ele>
    <time>2024-04-26T14:56:44Z</time>
   </trkpt>
   <trkpt lat="48.0828030" lon="6.9098630">
    <ele>693.0</ele>
    <time>2024-04-26T14:56:45Z</time>
   </trkpt>
   <trkpt lat="48.0828230" lon="6.9098060">
    <ele>692.7</ele>
    <time>2024-04-26T14:56:46Z</time>
   </trkpt>
   <trkpt lat="48.0828360" lon="6.9097630">
    <ele>692.5</ele>
    <time>2024-04-26T14:56:47Z</time>
   </trkpt>
   <trkpt lat="48.0828390" lon="6.9097530">
    <ele>692.4</ele>
    <time>2024-04-26T14:56:48Z</time>
   </trkpt>
   <trkpt lat="48.0828390" lon="6.9097400">
    <ele>692.4</ele>
    <time>2024-04-26T14:56:49Z</time>
   </trkpt>
   <trkpt lat="48.0828390" lon="6.9097380">
    <ele>692.4</ele>
    <time>2024-04-26T14:56:50Z</time>
   </trkpt>
   <trkpt lat="48.0828420" lon="6.9097410">
    <ele>692.3</ele>
    <time>2024-04-26T14:56:51Z</time>
   </trkpt>
   <trkpt lat="48.0828430" lon="6.9097430">
    <ele>692.3</ele>
    <time>2024-04-26T14:56:52Z</time>
   </trkpt>
   <trkpt lat="48.0828430" lon="6.9097440">
    <ele>692.3</ele>
    <time>2024-04-26T14:56:53Z</time>
   </trkpt>
   <trkpt lat="48.0828440" lon="6.9097450">
    <ele>692.3</ele>
    <time>2024-04-26T14:56:54Z</time>
   </trkpt>
   <trkpt lat="48.0828430" lon="6.9097460">
    <ele>692.3</ele>
    <time>2024-04-26T14:56:55Z</time>
   </trkpt>
   <trkpt lat="48.0828420" lon="6.9097460">
    <ele>692.3</ele>
    <time>2024-04-26T14:56:56Z</time>
   </trkpt>
   <trkpt lat="48.0828420" lon="6.9097460">
    <ele>692.3</ele>
    <time>2024-04-26T14:56:57Z</time>
   </trkpt>
   <trkpt lat="48.0828430" lon="6.9097460">
    <ele>692.3</ele>
    <time>2024-04-26T14:56:58Z</time>
   </trkpt>
   <trkpt lat="48.0828420" lon="6.9097460">
    <ele>692.3</ele>
    <time>2024-04-26T14:56:59Z</time>
   </trkpt>
   <trkpt lat="48.0828420" lon="6.9097470">
    <ele>692.3</ele>
    <time>2024-04-26T14:57:00Z</time>
   </trkpt>
   <trkpt lat="48.0828430" lon="6.9097470">
    <ele>692.3</ele>
    <time>2024-04-26T14:57:01Z</time>
   </trkpt>
   <trkpt lat="48.0828210" lon="6.9097110">
    <ele>692.6</ele>
    <time>2024-04-26T14:57:19Z</time>
   </trkpt>
   <trkpt lat="48.0828090" lon="6.9097000">
    <ele>692.7</ele>
    <time>2024-04-26T14:57:20Z</time>
   </trkpt>
   <trkpt lat="48.0827970" lon="6.9096890">
    <ele>692.7</ele>
    <time>2024-04-26T14:57:21Z</time>
   </trkpt>
   <trkpt lat="48.0827830" lon="6.9096840">
    <ele>692.8</ele>
    <time>2024-04-26T14:57:22Z</time>
   </trkpt>
   <trkpt lat="48.0827640" lon="6.9096840">
    <ele>693.0</ele>
    <time>2024-04-26T14:57:23Z</time>
   </trkpt>
   <trkpt lat="48.0827320" lon="6.9096900">
    <ele>693.2</ele>
    <time>2024-04-26T14:57:24Z</time>
   </trkpt>
   <trkpt lat="48.0827200" lon="6.9096940">
    <ele>693.2</ele>
    <time>2024-04-26T14:57:25Z</time>
   </trkpt>
   <trkpt lat="48.0826870" lon="6.9097030">
    <ele>693.5</ele>
    <time>2024-04-26T14:57:26Z</time>
   </trkpt>
   <trkpt lat="48.0826750" lon="6.9097050">
    <ele>693.5</ele>
    <time>2024-04-26T14:57:27Z</time>
   </trkpt>
   <trkpt lat="48.0826440" lon="6.9096900">
    <ele>693.8</ele>
    <time>2024-04-26T14:57:28Z</time>
   </trkpt>
   <trkpt lat="48.0826340" lon="6.9096820">
    <ele>693.8</ele>
    <time>2024-04-26T14:57:29Z</time>
   </trkpt>
   <trkpt lat="48.0826090" lon="6.9096390">
    <ele>694.1</ele>
    <time>2024-04-26T14:57:30Z</time>
   </trkpt>
   <trkpt lat="48.0826020" lon="6.9096240">
    <ele>694.2</ele>
    <time>2024-04-26T14:57:31Z</time>
   </trkpt>
   <trkpt lat="48.0825850" lon="6.9095750">
    <ele>694.5</ele>
    <time>2024-04-26T14:57:32Z</time>
   </trkpt>
   <trkpt lat="48.0825800" lon="6.9095580">
    <ele>694.5</ele>
    <time>2024-04-26T14:57:33Z</time>
   </trkpt>
   <trkpt lat="48.0825660" lon="6.9095060">
    <ele>694.8</ele>
    <time>2024-04-26T14:57:34Z</time>
   </trkpt>
   <trkpt lat="48.0825600" lon="6.9094880">
    <ele>694.9</ele>
    <time>2024-04-26T14:57:35Z</time>
   </trkpt>
   <trkpt lat="48.0825510" lon="6.9094500">
    <ele>695.1</ele>
    <time>2024-04-26T14:57:36Z</time>
   </trkpt>
   <trkpt lat="48.0825370" lon="6.9093990">
    <ele>695.4</ele>
    <time>2024-04-26T14:57:37Z</time>
   </trkpt>
   <trkpt lat="48.0825330" lon="6.9093840">
    <ele>695.5</ele>
    <time>2024-04-26T14:57:38Z</time>
   </trkpt>
   <trkpt lat="48.0825170" lon="6.9093450">
    <ele>695.8</ele>
    <time>2024-04-26T14:57:39Z</time>
   </trkpt>
   <trkpt lat="48.0825100" lon="6.9093330">
    <ele>695.9</ele>
    <time>2024-04-26T14:57:40Z</time>
   </trkpt>
   <trkpt lat="48.0824850" lon="6.9093100">
    <ele>696.1</ele>
    <time>2024-04-26T14:57:41Z</time>
   </trkpt>
   <trkpt lat="48.0824770" lon="6.9093040">
    <ele>696.2</ele>
    <time>2024-04-26T14:57:42Z</time>
   </trkpt>
   <trkpt lat="48.0824640" lon="6.9092900">
    <ele>696.3</ele>
    <time>2024-04-26T14:57:43Z</time>
   </trkpt>
   <trkpt lat="48.0824540" lon="6.9092770">
    <ele>696.4</ele>
    <time>2024-04-26T14:57:44Z</time>
   </trkpt>
   <trkpt lat="48.0824480" lon="6.9092680">
    <ele>696.5</ele>
    <time>2024-04-26T14:57:45Z</time>
   </trkpt>
   <trkpt lat="48.0824430" lon="6.9092620">
    <ele>696.5</ele>
    <time>2024-04-26T14:57:46Z</time>
   </trkpt>
   <trkpt lat="48.0824440" lon="6.9092660">
    <ele>696.6</ele>
    <time>2024-04-26T14:57:47Z</time>
   </trkpt>
   <trkpt lat="48.0824450" lon="6.9092740">
    <ele>696.6</ele>
    <time>2024-04-26T14:57:48Z</time>
   </trkpt>
   <trkpt lat="48.0824480" lon="6.9092860">
    <ele>696.7</ele>
    <time>2024-04-26T14:57:49Z</time>
   </trkpt>
   <trkpt lat="48.0824560" lon="6.9092980">
    <ele>696.8</ele>
    <time>2024-04-26T14:57:50Z</time>
   </trkpt>
   <trkpt lat="48.0824600" lon="6.9093030">
    <ele>696.8</ele>
    <time>2024-04-26T14:57:51Z</time>
   </trkpt>
   <trkpt lat="48.0824630" lon="6.9093080">
    <ele>696.8</ele>
    <time>2024-04-26T14:57:52Z</time>
   </trkpt>
   <trkpt lat="48.0824650" lon="6.9093110">
    <ele>696.9</ele>
    <time>2024-04-26T14:57:53Z</time>
   </trkpt>
   <trkpt lat="48.0824660" lon="6.9093140">
    <ele>696.9</ele>
    <time>2024-04-26T14:57:54Z</time>
   </trkpt>
   <trkpt lat="48.0824660" lon="6.9093160">
    <ele>696.9</ele>
    <time>2024-04-26T14:57:55Z</time>
   </trkpt>
   <trkpt lat="48.0824650" lon="6.9093170">
    <ele>696.9</ele>
    <time>2024-04-26T14:57:56Z</time>
   </trkpt>
   <trkpt lat="48.0824650" lon="6.9093170">
    <ele>696.9</ele>
    <time>2024-04-26T14:57:57Z</time>
   </trkpt>
   <trkpt lat="48.0824650" lon="6.9093180">
    <ele>696.9</ele>
    <time>2024-04-26T14:57:58Z</time>
   </trkpt>
   <trkpt lat="48.0824660" lon="6.9093180">
    <ele>696.9</ele>
    <time>2024-04-26T14:57:59Z</time>
   </trkpt>
   <trkpt lat="48.0824890" lon="6.9093560">
    <ele>697.2</ele>
    <time>2024-04-26T14:58:21Z</time>
   </trkpt>
   <trkpt lat="48.0825120" lon="6.9093860">
    <ele>697.5</ele>
    <time>2024-04-26T14:58:22Z</time>
   </trkpt>
   <trkpt lat="48.0825420" lon="6.9094250">
    <ele>697.8</ele>
    <time>2024-04-26T14:58:23Z</time>
   </trkpt>
   <trkpt lat="48.0825690" lon="6.9094620">
    <ele>698.2</ele>
    <time>2024-04-26T14:58:24Z</time>
   </trkpt>
   <trkpt lat="48.0825920" lon="6.9095020">
    <ele>697.4</ele>
    <time>2024-04-26T14:58:25Z</time>
   </trkpt>
   <trkpt lat="48.0826160" lon="6.9095530">
    <ele>696.7</ele>
    <time>2024-04-26T14:58:26Z</time>
   </trkpt>
   <trkpt lat="48.0826370" lon="6.9096080">
    <ele>695.9</ele>
    <time>2024-04-26T14:58:27Z</time>
   </trkpt>
   <trkpt lat="48.0826530" lon="6.9096640">
    <ele>695.2</ele>
    <time>2024-04-26T14:58:28Z</time>
   </trkpt>
   <trkpt lat="48.0826690" lon="6.9097050">
    <ele>694.7</ele>
    <time>2024-04-26T14:58:29Z</time>
   </trkpt>
   <trkpt lat="48.0827070" lon="6.9097180">
    <ele>694.1</ele>
    <time>2024-04-26T14:58:30Z</time>
   </trkpt>
   <trkpt lat="48.0827210" lon="6.9097160">
    <ele>693.9</ele>
    <time>2024-04-26T14:58:31Z</time>
   </trkpt>
   <trkpt lat="48.0827530" lon="6.9097100">
    <ele>693.5</ele>
    <time>2024-04-26T14:58:32Z</time>
   </trkpt>
   <trkpt lat="48.0827900" lon="6.9097030">
    <ele>693.0</ele>
    <time>2024-04-26T14:58:33Z</time>
   </trkpt>
   <trkpt lat="48.0828290" lon="6.9096860">
    <ele>692.4</ele>
    <time>2024-04-26T14:58:34Z</time>
   </trkpt>
   <trkpt lat="48.0828640" lon="6.9096560">
    <ele>692.1</ele>
    <time>2024-04-26T14:58:35Z</time>
   </trkpt>
   <trkpt lat="48.0828940" lon="6.9096240">
    <ele>691.9</ele>
    <time>2024-04-26T14:58:36Z</time>
   </trkpt>
   <trkpt lat="48.0829210" lon="6.9095820">
    <ele>691.7</ele>
    <time>2024-04-26T14:58:37Z</time>
   </trkpt>
   <trkpt lat="48.0829460" lon="6.9095290">
    <ele>691.5</ele>
    <time>2024-04-26T14:58:38Z</time>
   </trkpt>
   <trkpt lat="48.0829840" lon="6.9094650">
    <ele>691.2</ele>
    <time>2024-04-26T14:58:39Z</time>
   </trkpt>
   <trkpt lat="48.0830180" lon="6.9093980">
    <ele>690.9</ele>
    <time>2024-04-26T14:58:40Z</time>
   </trkpt>
   <trkpt lat="48.0830520" lon="6.9093240">
    <ele>690.6</ele>
    <time>2024-04-26T14:58:41Z</time>
   </trkpt>
   <trkpt lat="48.0830850" lon="6.9092440">
    <ele>690.4</ele>
    <time>2024-04-26T14:58:42Z</time>
   </trkpt>
   <trkpt lat="48.0831080" lon="6.9091500">
    <ele>690.2</ele>
    <time>2024-04-26T14:58:43Z</time>
   </trkpt>
   <trkpt lat="48.0831190" lon="6.9090540">
    <ele>690.1</ele>
    <time>2024-04-26T14:58:44Z</time>
   </trkpt>
   <trkpt lat="48.0831230" lon="6.9089620">
    <ele>690.0</ele>
    <time>2024-04-26T14:58:45Z</time>
   </trkpt>
   <trkpt lat="48.0831330" lon="6.9088870">
    <ele>690.0</ele>
    <time>2024-04-26T14:58:46Z</time>
   </trkpt>
   <trkpt lat="48.0831450" lon="6.9088400">
    <ele>689.9</ele>
    <time>2024-04-26T14:58:47Z</time>
   </trkpt>
   <trkpt lat="48.0831580" lon="6.9088140">
    <ele>689.9</ele>
    <time>2024-04-26T14:58:48Z</time>
   </trkpt>
   <trkpt lat="48.0831650" lon="6.9088090">
    <ele>689.9</ele>
    <time>2024-04-26T14:58:49Z</time>
   </trkpt>
   <trkpt lat="48.0831710" lon="6.9088090">
    <ele>689.9</ele>
    <time>2024-04-26T14:58:50Z</time>
   </trkpt>
   <trkpt lat="48.0831750" lon="6.9088060">
    <ele>689.9</ele>
    <time>2024-04-26T14:58:51Z</time>
   </trkpt>
   <trkpt lat="48.0831790" lon="6.9088040">
    <ele>690.0</ele>
    <time>2024-04-26T14:58:52Z</time>
   </trkpt>
   <trkpt lat="48.0831830" lon="6.9088020">
    <ele>690.0</ele>
    <time>2024-04-26T14:58:53Z</time>
   </trkpt>
   <trkpt lat="48.0831870" lon="6.9087990">
    <ele>690.0</ele>
    <time>2024-04-26T14:58:54Z</time>
   </trkpt>
   <trkpt lat="48.0831900" lon="6.9087970">
    <ele>690.0</ele>
    <time>2024-04-26T14:58:55Z</time>
   </trkpt>
   <trkpt lat="48.0831940" lon="6.9087950">
    <ele>690.0</ele>
    <time>2024-04-26T14:58:56Z</time>
   </trkpt>
   <trkpt lat="48.0831980" lon="6.9087920">
    <ele>690.0</ele>
    <time>2024-04-26T14:58:57Z</time>
   </trkpt>
   <trkpt lat="48.0832020" lon="6.9087900">
    <ele>690.0</ele>
    <time>2024-04-26T14:58:58Z</time>
   </trkpt>
   <trkpt lat="48.0832050" lon="6.9087880">
    <ele>690.0</ele>
    <time>2024-04-26T14:58:59Z</time>
   </trkpt>
   <trkpt lat="48.0832090" lon="6.9087850">
    <ele>690.0</ele>
    <time>2024-04-26T14:59:00Z</time>
   </trkpt>
   <trkpt lat="48.0832370" lon="6.9087480">
    <ele>690.0</ele>
    <time>2024-04-26T14:59:01Z</time>
   </trkpt>
   <trkpt lat="48.0832550" lon="6.9086970">
    <ele>690.0</ele>
    <time>2024-04-26T14:59:02Z</time>
   </trkpt>
   <trkpt lat="48.0832520" lon="6.9086360">
    <ele>690.0</ele>
    <time>2024-04-26T14:59:03Z</time>
   </trkpt>
   <trkpt lat="48.0832380" lon="6.9085750">
    <ele>689.9</ele>
    <time>2024-04-26T14:59:04Z</time>
   </trkpt>
   <trkpt lat="48.0832270" lon="6.9085060">
    <ele>689.8</ele>
    <time>2024-04-26T14:59:05Z</time>
   </trkpt>
   <trkpt lat="48.0832200" lon="6.9084290">
    <ele>689.7</ele>
    <time>2024-04-26T14:59:06Z</time>
   </trkpt>
   <trkpt lat="48.0832160" lon="6.9083470">
    <ele>689.5</ele>
    <time>2024-04-26T14:59:07Z</time>
   </trkpt>
   <trkpt lat="48.0832100" lon="6.9082600">
    <ele>689.4</ele>
    <time>2024-04-26T14:59:08Z</time>
   </trkpt>
   <trkpt lat="48.0832090" lon="6.9081680">
    <ele>689.2</ele>
    <time>2024-04-26T14:59:09Z</time>
   </trkpt>
   <trkpt lat="48.0832090" lon="6.9080760">
    <ele>689.0</ele>
    <time>2024-04-26T14:59:10Z</time>
   </trkpt>
   <trkpt lat="48.0832120" lon="6.9079840">
    <ele>688.8</ele>
    <time>2024-04-26T14:59:11Z</time>
   </trkpt>
   <trkpt lat="48.0832200" lon="6.9078910">
    <ele>688.7</ele>
    <time>2024-04-26T14:59:12Z</time>
   </trkpt>
   <trkpt lat="48.0832340" lon="6.9078030">
    <ele>688.5</ele>
    <time>2024-04-26T14:59:13Z</time>
   </trkpt>
   <trkpt lat="48.0832480" lon="6.9077130">
    <ele>688.4</ele>
    <time>2024-04-26T14:59:14Z</time>
   </trkpt>
   <trkpt lat="48.0832610" lon="6.9076230">
    <ele>688.2</ele>
    <time>2024-04-26T14:59:15Z</time>
   </trkpt>
   <trkpt lat="48.0832750" lon="6.9075330">
    <ele>688.1</ele>
    <time>2024-04-26T14:59:16Z</time>
   </trkpt>
   <trkpt lat="48.0832920" lon="6.9074450">
    <ele>687.9</ele>
    <time>2024-04-26T14:59:17Z</time>
   </trkpt>
   <trkpt lat="48.0833090" lon="6.9073540">
    <ele>687.8</ele>
    <time>2024-04-26T14:59:18Z</time>
   </trkpt>
   <trkpt lat="48.0833250" lon="6.9072650">
    <ele>687.6</ele>
    <time>2024-04-26T14:59:19Z</time>
   </trkpt>
   <trkpt lat="48.0833420" lon="6.9071750">
    <ele>687.4</ele>
    <time>2024-04-26T14:59:20Z</time>
   </trkpt>
   <trkpt lat="48.0833620" lon="6.9070830">
    <ele>687.2</ele>
    <time>2024-04-26T14:59:21Z</time>
   </trkpt>
   <trkpt lat="48.0833820" lon="6.9069840">
    <ele>687.0</ele>
    <time>2024-04-26T14:59:22Z</time>
   </trkpt>
   <trkpt lat="48.0834010" lon="6.9068820">
    <ele>686.8</ele>
    <time>2024-04-26T14:59:23Z</time>
   </trkpt>
   <trkpt lat="48.0834210" lon="6.9067730">
    <ele>686.6</ele>
    <time>2024-04-26T14:59:24Z</time>
   </trkpt>
   <trkpt lat="48.0834360" lon="6.9066600">
    <ele>686.4</ele>
    <time>2024-04-26T14:59:25Z</time>
   </trkpt>
   <trkpt lat="48.0834490" lon="6.9065430">
    <ele>686.2</ele>
    <time>2024-04-26T14:59:26Z</time>
   </trkpt>
   <trkpt lat="48.0834600" lon="6.9064240">
    <ele>686.0</ele>
    <time>2024-04-26T14:59:27Z</time>
   </trkpt>
   <trkpt lat="48.0834680" lon="6.9062990">
    <ele>685.9</ele>
    <time>2024-04-26T14:59:28Z</time>
   </trkpt>
   <trkpt lat="48.0834690" lon="6.9061750">
    <ele>685.7</ele>
    <time>2024-04-26T14:59:29Z</time>
   </trkpt>
   <trkpt lat="48.0834660" lon="6.9060500">
    <ele>685.6</ele>
    <time>2024-04-26T14:59:30Z</time>
   </trkpt>
   <trkpt lat="48.0834640" lon="6.9059240">
    <ele>685.5</ele>
    <time>2024-04-26T14:59:31Z</time>
   </trkpt>
   <trkpt lat="48.0834580" lon="6.9057970">
    <ele>685.3</ele>
    <time>2024-04-26T14:59:32Z</time>
   </trkpt>
   <trkpt lat="48.0834470" lon="6.9056690">
    <ele>685.2</ele>
    <time>2024-04-26T14:59:33Z</time>
   </trkpt>
   <trkpt lat="48.0834390" lon="6.9055400">
    <ele>685.0</ele>
    <time>2024-04-26T14:59:34Z</time>
   </trkpt>
   <trkpt lat="48.0834270" lon="6.9054120">
    <ele>684.8</ele>
    <time>2024-04-26T14:59:35Z</time>
   </trkpt>
   <trkpt lat="48.0834130" lon="6.9052870">
    <ele>684.7</ele>
    <time>2024-04-26T14:59:36Z</time>
   </trkpt>
   <trkpt lat="48.0834000" lon="6.9051620">
    <ele>684.5</ele>
    <time>2024-04-26T14:59:37Z</time>
   </trkpt>
   <trkpt lat="48.0833870" lon="6.9050430">
    <ele>684.4</ele>
    <time>2024-04-26T14:59:38Z</time>
   </trkpt>
   <trkpt lat="48.0833720" lon="6.9049230">
    <ele>684.2</ele>
    <time>2024-04-26T14:59:39Z</time>
   </trkpt>
   <trkpt lat="48.0833610" lon="6.9048080">
    <ele>684.1</ele>
    <time>2024-04-26T14:59:40Z</time>
   </trkpt>
   <trkpt lat="48.0833490" lon="6.9046930">
    <ele>683.9</ele>
    <time>2024-04-26T14:59:41Z</time>
   </trkpt>
   <trkpt lat="48.0833370" lon="6.9045820">
    <ele>683.8</ele>
    <time>2024-04-26T14:59:42Z</time>
   </trkpt>
   <trkpt lat="48.0833260" lon="6.9044720">
    <ele>683.6</ele>
    <time>2024-04-26T14:59:43Z</time>
   </trkpt>
   <trkpt lat="48.0833160" lon="6.9043610">
    <ele>683.4</ele>
    <time>2024-04-26T14:59:44Z</time>
   </trkpt>
   <trkpt lat="48.0833030" lon="6.9042530">
    <ele>683.2</ele>
    <time>2024-04-26T14:59:45Z</time>
   </trkpt>
   <trkpt lat="48.0832910" lon="6.9041430">
    <ele>683.0</ele>
    <time>2024-04-26T14:59:46Z</time>
   </trkpt>
   <trkpt lat="48.0832810" lon="6.9040320">
    <ele>682.8</ele>
    <time>2024-04-26T14:59:47Z</time>
   </trkpt>
   <trkpt lat="48.0832710" lon="6.9039170">
    <ele>682.6</ele>
    <time>2024-04-26T14:59:48Z</time>
   </trkpt>
   <trkpt lat="48.0832650" lon="6.9037990">
    <ele>682.4</ele>
    <time>2024-04-26T14:59:49Z</time>
   </trkpt>
   <trkpt lat="48.0832610" lon="6.9036770">
    <ele>682.1</ele>
    <time>2024-04-26T14:59:50Z</time>
   </trkpt>
   <trkpt lat="48.0832620" lon="6.9035530">
    <ele>682.0</ele>
    <time>2024-04-26T14:59:51Z</time>
   </trkpt>
   <trkpt lat="48.0832710" lon="6.9034230">
    <ele>682.2</ele>
    <time>2024-04-26T14:59:52Z</time>
   </trkpt>
   <trkpt lat="48.0832720" lon="6.9032940">
    <ele>682.3</ele>
    <time>2024-04-26T14:59:53Z</time>
   </trkpt>
   <trkpt lat="48.0832580" lon="6.9031680">
    <ele>682.4</ele>
    <time>2024-04-26T14:59:54Z</time>
   </trkpt>
   <trkpt lat="48.0832310" lon="6.9030470">
    <ele>682.2</ele>
    <time>2024-04-26T14:59:55Z</time>
   </trkpt>
   <trkpt lat="48.0831940" lon="6.9029310">
    <ele>682.0</ele>
    <time>2024-04-26T14:59:56Z</time>
   </trkpt>
   <trkpt lat="48.0831510" lon="6.9028150">
    <ele>681.3</ele>
    <time>2024-04-26T14:59:57Z</time>
   </trkpt>
   <trkpt lat="48.0831290" lon="6.9026870">
    <ele>680.3</ele>
    <time>2024-04-26T14:59:58Z</time>
   </trkpt>
   <trkpt lat="48.0831190" lon="6.9025530">
    <ele>679.4</ele>
    <time>2024-04-26T14:59:59Z</time>
   </trkpt>
   <trkpt lat="48.0831120" lon="6.9024170">
    <ele>679.1</ele>
    <time>2024-04-26T15:00:00Z</time>
   </trkpt>
   <trkpt lat="48.0831000" lon="6.9022800">
    <ele>678.9</ele>
    <time>2024-04-26T15:00:01Z</time>
   </trkpt>
   <trkpt lat="48.0830840" lon="6.9021430">
    <ele>678.6</ele>
    <time>2024-04-26T15:00:02Z</time>
   </trkpt>
   <trkpt lat="48.0830620" lon="6.9020060">
    <ele>678.3</ele>
    <time>2024-04-26T15:00:03Z</time>
   </trkpt>
   <trkpt lat="48.0830360" lon="6.9018700">
    <ele>678.1</ele>
    <time>2024-04-26T15:00:04Z</time>
   </trkpt>
   <trkpt lat="48.0830040" lon="6.9017370">
    <ele>677.8</ele>
    <time>2024-04-26T15:00:05Z</time>
   </trkpt>
   <trkpt lat="48.0829630" lon="6.9016050">
    <ele>677.6</ele>
    <time>2024-04-26T15:00:06Z</time>
   </trkpt>
   <trkpt lat="48.0829200" lon="6.9014770">
    <ele>677.4</ele>
    <time>2024-04-26T15:00:07Z</time>
   </trkpt>
   <trkpt lat="48.0828710" lon="6.9013530">
    <ele>677.2</ele>
    <time>2024-04-26T15:00:08Z</time>
   </trkpt>
   <trkpt lat="48.0828190" lon="6.9012310">
    <ele>677.0</ele>
    <time>2024-04-26T15:00:09Z</time>
   </trkpt>
   <trkpt lat="48.0827660" lon="6.9011070">
    <ele>676.9</ele>
    <time>2024-04-26T15:00:10Z</time>
   </trkpt>
   <trkpt lat="48.0827110" lon="6.9009840">
    <ele>676.6</ele>
    <time>2024-04-26T15:00:11Z</time>
   </trkpt>
   <trkpt lat="48.0826530" lon="6.9008630">
    <ele>676.3</ele>
    <time>2024-04-26T15:00:12Z</time>
   </trkpt>
   <trkpt lat="48.0825930" lon="6.9007400">
    <ele>675.9</ele>
    <time>2024-04-26T15:00:13Z</time>
   </trkpt>
   <trkpt lat="48.0825350" lon="6.9006150">
    <ele>675.5</ele>
    <time>2024-04-26T15:00:14Z</time>
   </trkpt>
   <trkpt lat="48.0824750" lon="6.9004870">
    <ele>675.1</ele>
    <time>2024-04-26T15:00:15Z</time>
   </trkpt>
   <trkpt lat="48.0824150" lon="6.9003620">
    <ele>674.7</ele>
    <time>2024-04-26T15:00:16Z</time>
   </trkpt>
   <trkpt lat="48.0823530" lon="6.9002380">
    <ele>674.4</ele>
    <time>2024-04-26T15:00:17Z</time>
   </trkpt>
   <trkpt lat="48.0822930" lon="6.9001100">
    <ele>674.0</ele>
    <time>2024-04-26T15:00:18Z</time>
   </trkpt>
   <trkpt lat="48.0822330" lon="6.8999850">
    <ele>673.7</ele>
    <time>2024-04-26T15:00:19Z</time>
   </trkpt>
   <trkpt lat="48.0821710" lon="6.8998590">
    <ele>673.4</ele>
    <time>2024-04-26T15:00:20Z</time>
   </trkpt>
   <trkpt lat="48.0821100" lon="6.8997340">
    <ele>673.1</ele>
    <time>2024-04-26T15:00:21Z</time>
   </trkpt>
   <trkpt lat="48.0820530" lon="6.8996060">
    <ele>672.9</ele>
    <time>2024-04-26T15:00:22Z</time>
   </trkpt>
   <trkpt lat="48.0819950" lon="6.8994760">
    <ele>672.6</ele>
    <time>2024-04-26T15:00:23Z</time>
   </trkpt>
   <trkpt lat="48.0819330" lon="6.8993470">
    <ele>672.5</ele>
    <time>2024-04-26T15:00:24Z</time>
   </trkpt>
   <trkpt lat="48.0818720" lon="6.8992200">
    <ele>672.3</ele>
    <time>2024-04-26T15:00:25Z</time>
   </trkpt>
   <trkpt lat="48.0818170" lon="6.8990900">
    <ele>672.2</ele>
    <time>2024-04-26T15:00:26Z</time>
   </trkpt>
   <trkpt lat="48.0817610" lon="6.8989590">
    <ele>672.2</ele>
    <time>2024-04-26T15:00:27Z</time>
   </trkpt>
   <trkpt lat="48.0817090" lon="6.8988300">
    <ele>672.1</ele>
    <time>2024-04-26T15:00:28Z</time>
   </trkpt>
   <trkpt lat="48.0816620" lon="6.8986960">
    <ele>672.0</ele>
    <time>2024-04-26T15:00:29Z</time>
   </trkpt>
   <trkpt lat="48.0816150" lon="6.8985670">
    <ele>671.9</ele>
    <time>2024-04-26T15:00:30Z</time>
   </trkpt>
   <trkpt lat="48.0815700" lon="6.8984400">
    <ele>671.8</ele>
    <time>2024-04-26T15:00:31Z</time>
   </trkpt>
   <trkpt lat="48.0815220" lon="6.8983170">
    <ele>671.7</ele>
    <time>2024-04-26T15:00:32Z</time>
   </trkpt>
   <trkpt lat="48.0814790" lon="6.8981920">
    <ele>671.7</ele>
    <time>2024-04-26T15:00:33Z</time>
   </trkpt>
   <trkpt lat="48.0814340" lon="6.8980720">
    <ele>671.6</ele>
    <time>2024-04-26T15:00:34Z</time>
   </trkpt>
   <trkpt lat="48.0813920" lon="6.8979560">
    <ele>671.5</ele>
    <time>2024-04-26T15:00:35Z</time>
   </trkpt>
   <trkpt lat="48.0813500" lon="6.8978410">
    <ele>671.5</ele>
    <time>2024-04-26T15:00:36Z</time>
   </trkpt>
   <trkpt lat="48.0813070" lon="6.8977280">
    <ele>671.4</ele>
    <time>2024-04-26T15:00:37Z</time>
   </trkpt>
   <trkpt lat="48.0812650" lon="6.8976160">
    <ele>671.3</ele>
    <time>2024-04-26T15:00:38Z</time>
   </trkpt>
   <trkpt lat="48.0812260" lon="6.8975040">
    <ele>671.2</ele>
    <time>2024-04-26T15:00:39Z</time>
   </trkpt>
   <trkpt lat="48.0811880" lon="6.8973910">
    <ele>671.0</ele>
    <time>2024-04-26T15:00:40Z</time>
   </trkpt>
   <trkpt lat="48.0811510" lon="6.8972790">
    <ele>670.9</ele>
    <time>2024-04-26T15:00:41Z</time>
   </trkpt>
   <trkpt lat="48.0811130" lon="6.8971690">
    <ele>670.9</ele>
    <time>2024-04-26T15:00:42Z</time>
   </trkpt>
   <trkpt lat="48.0810730" lon="6.8970570">
    <ele>670.8</ele>
    <time>2024-04-26T15:00:43Z</time>
   </trkpt>
   <trkpt lat="48.0810300" lon="6.8969490">
    <ele>670.6</ele>
    <time>2024-04-26T15:00:44Z</time>
   </trkpt>
   <trkpt lat="48.0809900" lon="6.8968360">
    <ele>670.5</ele>
    <time>2024-04-26T15:00:45Z</time>
   </trkpt>
   <trkpt lat="48.0809470" lon="6.8967250">
    <ele>670.4</ele>
    <time>2024-04-26T15:00:46Z</time>
   </trkpt>
   <trkpt lat="48.0809060" lon="6.8966150">
    <ele>670.3</ele>
    <time>2024-04-26T15:00:47Z</time>
   </trkpt>
   <trkpt lat="48.0808660" lon="6.8965030">
    <ele>670.2</ele>
    <time>2024-04-26T15:00:48Z</time>
   </trkpt>
   <trkpt lat="48.0808270" lon="6.8963930">
    <ele>670.1</ele>
    <time>2024-04-26T15:00:49Z</time>
   </trkpt>
   <trkpt lat="48.0807870" lon="6.8962830">
    <ele>670.0</ele>
    <time>2024-04-26T15:00:50Z</time>
   </trkpt>
   <trkpt lat="48.0807430" lon="6.8961700">
    <ele>670.0</ele>
    <time>2024-04-26T15:00:51Z</time>
   </trkpt>
   <trkpt lat="48.0807010" lon="6.8960600">
    <ele>669.8</ele>
    <time>2024-04-26T15:00:52Z</time>
   </trkpt>
   <trkpt lat="48.0806620" lon="6.8959480">
    <ele>669.7</ele>
    <time>2024-04-26T15:00:53Z</time>
   </trkpt>
   <trkpt lat="48.0806200" lon="6.8958340">
    <ele>669.6</ele>
    <time>2024-04-26T15:00:54Z</time>
   </trkpt>
   <trkpt lat="48.0805800" lon="6.8957180">
    <ele>669.4</ele>
    <time>2024-04-26T15:00:55Z</time>
   </trkpt>
   <trkpt lat="48.0805380" lon="6.8956070">
    <ele>669.3</ele>
    <time>2024-04-26T15:00:56Z</time>
   </trkpt>
   <trkpt lat="48.0804970" lon="6.8954930">
    <ele>669.2</ele>
    <time>2024-04-26T15:00:57Z</time>
   </trkpt>
   <trkpt lat="48.0804580" lon="6.8953780">
    <ele>669.1</ele>
    <time>2024-04-26T15:00:58Z</time>
   </trkpt>
   <trkpt lat="48.0804160" lon="6.8952690">
    <ele>669.0</ele>
    <time>2024-04-26T15:00:59Z</time>
   </trkpt>
   <trkpt lat="48.0803770" lon="6.8951580">
    <ele>668.9</ele>
    <time>2024-04-26T15:01:00Z</time>
   </trkpt>
   <trkpt lat="48.0803350" lon="6.8950490">
    <ele>668.9</ele>
    <time>2024-04-26T15:01:01Z</time>
   </trkpt>
   <trkpt lat="48.0802940" lon="6.8949390">
    <ele>668.8</ele>
    <time>2024-04-26T15:01:02Z</time>
   </trkpt>
   <trkpt lat="48.0802540" lon="6.8948280">
    <ele>668.8</ele>
    <time>2024-04-26T15:01:03Z</time>
   </trkpt>
   <trkpt lat="48.0802120" lon="6.8947210">
    <ele>668.8</ele>
    <time>2024-04-26T15:01:04Z</time>
   </trkpt>
   <trkpt lat="48.0801740" lon="6.8946130">
    <ele>668.9</ele>
    <time>2024-04-26T15:01:05Z</time>
   </trkpt>
   <trkpt lat="48.0801370" lon="6.8945070">
    <ele>668.9</ele>
    <time>2024-04-26T15:01:06Z</time>
   </trkpt>
   <trkpt lat="48.0800980" lon="6.8944010">
    <ele>669.0</ele>
    <time>2024-04-26T15:01:07Z</time>
   </trkpt>
   <trkpt lat="48.0800590" lon="6.8942950">
    <ele>669.0</ele>
    <time>2024-04-26T15:01:08Z</time>
   </trkpt>
   <trkpt lat="48.0800190" lon="6.8941930">
    <ele>669.0</ele>
    <time>2024-04-26T15:01:09Z</time>
   </trkpt>
   <trkpt lat="48.0799850" lon="6.8940920">
    <ele>669.0</ele>
    <time>2024-04-26T15:01:10Z</time>
   </trkpt>
   <trkpt lat="48.0799510" lon="6.8939930">
    <ele>669.0</ele>
    <time>2024-04-26T15:01:11Z</time>
   </trkpt>
   <trkpt lat="48.0799190" lon="6.8938960">
    <ele>669.1</ele>
    <time>2024-04-26T15:01:12Z</time>
   </trkpt>
   <trkpt lat="48.0798870" lon="6.8938040">
    <ele>669.1</ele>
    <time>2024-04-26T15:01:13Z</time>
   </trkpt>
   <trkpt lat="48.0798540" lon="6.8937140">
    <ele>669.2</ele>
    <time>2024-04-26T15:01:14Z</time>
   </trkpt>
   <trkpt lat="48.0798230" lon="6.8936200">
    <ele>669.3</ele>
    <time>2024-04-26T15:01:15Z</time>
   </trkpt>
   <trkpt lat="48.0797940" lon="6.8935330">
    <ele>669.4</ele>
    <time>2024-04-26T15:01:16Z</time>
   </trkpt>
   <trkpt lat="48.0797650" lon="6.8934490">
    <ele>669.5</ele>
    <time>2024-04-26T15:01:17Z</time>
   </trkpt>
   <trkpt lat="48.0797350" lon="6.8933670">
    <ele>669.6</ele>
    <time>2024-04-26T15:01:18Z</time>
   </trkpt>
   <trkpt lat="48.0797090" lon="6.8932850">
    <ele>669.8</ele>
    <time>2024-04-26T15:01:19Z</time>
   </trkpt>
   <trkpt lat="48.0796850" lon="6.8932060">
    <ele>669.9</ele>
    <time>2024-04-26T15:01:20Z</time>
   </trkpt>
   <trkpt lat="48.0796610" lon="6.8931330">
    <ele>670.0</ele>
    <time>2024-04-26T15:01:21Z</time>
   </trkpt>
   <trkpt lat="48.0796380" lon="6.8930630">
    <ele>670.1</ele>
    <time>2024-04-26T15:01:22Z</time>
   </trkpt>
   <trkpt lat="48.0796170" lon="6.8929940">
    <ele>670.1</ele>
    <time>2024-04-26T15:01:23Z</time>
   </trkpt>
   <trkpt lat="48.0795970" lon="6.8929290">
    <ele>670.2</ele>
    <time>2024-04-26T15:01:24Z</time>
   </trkpt>
   <trkpt lat="48.0795770" lon="6.8928640">
    <ele>670.3</ele>
    <time>2024-04-26T15:01:25Z</time>
   </trkpt>
   <trkpt lat="48.0795590" lon="6.8928000">
    <ele>670.3</ele>
    <time>2024-04-26T15:01:26Z</time>
   </trkpt>
   <trkpt lat="48.0795400" lon="6.8927380">
    <ele>670.3</ele>
    <time>2024-04-26T15:01:27Z</time>
   </trkpt>
   <trkpt lat="48.0795230" lon="6.8926730">
    <ele>670.3</ele>
    <time>2024-04-26T15:01:28Z</time>
   </trkpt>
   <trkpt lat="48.0795040" lon="6.8926080">
    <ele>670.3</ele>
    <time>2024-04-26T15:01:29Z</time>
   </trkpt>
   <trkpt lat="48.0794850" lon="6.8925470">
    <ele>670.3</ele>
    <time>2024-04-26T15:01:30Z</time>
   </trkpt>
   <trkpt lat="48.0794640" lon="6.8924840">
    <ele>670.3</ele>
    <time>2024-04-26T15:01:31Z</time>
   </trkpt>
   <trkpt lat="48.0794440" lon="6.8924180">
    <ele>670.2</ele>
    <time>2024-04-26T15:01:32Z</time>
   </trkpt>
   <trkpt lat="48.0794220" lon="6.8923490">
    <ele>670.2</ele>
    <time>2024-04-26T15:01:33Z</time>
   </trkpt>
   <trkpt lat="48.0794040" lon="6.8922780">
    <ele>670.2</ele>
    <time>2024-04-26T15:01:34Z</time>
   </trkpt>
   <trkpt lat="48.0793820" lon="6.8922090">
    <ele>670.1</ele>
    <time>2024-04-26T15:01:35Z</time>
   </trkpt>
   <trkpt lat="48.0793610" lon="6.8921370">
    <ele>670.0</ele>
    <time>2024-04-26T15:01:36Z</time>
   </trkpt>
   <trkpt lat="48.0793400" lon="6.8920620">
    <ele>669.9</ele>
    <time>2024-04-26T15:01:37Z</time>
   </trkpt>
   <trkpt lat="48.0793190" lon="6.8919890">
    <ele>669.8</ele>
    <time>2024-04-26T15:01:38Z</time>
   </trkpt>
   <trkpt lat="48.0792970" lon="6.8919120">
    <ele>669.7</ele>
    <time>2024-04-26T15:01:39Z</time>
   </trkpt>
   <trkpt lat="48.0792750" lon="6.8918350">
    <ele>669.5</ele>
    <time>2024-04-26T15:01:40Z</time>
   </trkpt>
   <trkpt lat="48.0792530" lon="6.8917510">
    <ele>669.4</ele>
    <time>2024-04-26T15:01:41Z</time>
   </trkpt>
   <trkpt lat="48.0792290" lon="6.8916710">
    <ele>669.2</ele>
    <time>2024-04-26T15:01:42Z</time>
   </trkpt>
   <trkpt lat="48.0792050" lon="6.8915870">
    <ele>669.0</ele>
    <time>2024-04-26T15:01:43Z</time>
   </trkpt>
   <trkpt lat="48.0791820" lon="6.8915030">
    <ele>668.9</ele>
    <time>2024-04-26T15:01:44Z</time>
   </trkpt>
   <trkpt lat="48.0791600" lon="6.8914170">
    <ele>668.7</ele>
    <time>2024-04-26T15:01:45Z</time>
   </trkpt>
   <trkpt lat="48.0791340" lon="6.8913340">
    <ele>668.5</ele>
    <time>2024-04-26T15:01:46Z</time>
   </trkpt>
   <trkpt lat="48.0791080" lon="6.8912510">
    <ele>668.3</ele>
    <time>2024-04-26T15:01:47Z</time>
   </trkpt>
   <trkpt lat="48.0790820" lon="6.8911670">
    <ele>668.1</ele>
    <time>2024-04-26T15:01:48Z</time>
   </trkpt>
   <trkpt lat="48.0790540" lon="6.8910810">
    <ele>667.9</ele>
    <time>2024-04-26T15:01:49Z</time>
   </trkpt>
   <trkpt lat="48.0790290" lon="6.8909900">
    <ele>667.7</ele>
    <time>2024-04-26T15:01:50Z</time>
   </trkpt>
   <trkpt lat="48.0790000" lon="6.8909050">
    <ele>667.4</ele>
    <time>2024-04-26T15:01:51Z</time>
   </trkpt>
   <trkpt lat="48.0789700" lon="6.8908190">
    <ele>667.2</ele>
    <time>2024-04-26T15:01:52Z</time>
   </trkpt>
   <trkpt lat="48.0789400" lon="6.8907310">
    <ele>666.9</ele>
    <time>2024-04-26T15:01:53Z</time>
   </trkpt>
   <trkpt lat="48.0789080" lon="6.8906420">
    <ele>666.7</ele>
    <time>2024-04-26T15:01:54Z</time>
   </trkpt>
   <trkpt lat="48.0788770" lon="6.8905530">
    <ele>666.4</ele>
    <time>2024-04-26T15:01:55Z</time>
   </trkpt>
   <trkpt lat="48.0788440" lon="6.8904670">
    <ele>666.2</ele>
    <time>2024-04-26T15:01:56Z</time>
   </trkpt>
   <trkpt lat="48.0788100" lon="6.8903790">
    <ele>665.9</ele>
    <time>2024-04-26T15:01:57Z</time>
   </trkpt>
   <trkpt lat="48.0787770" lon="6.8902910">
    <ele>665.7</ele>
    <time>2024-04-26T15:01:58Z</time>
   </trkpt>
   <trkpt lat="48.0787430" lon="6.8902030">
    <ele>665.4</ele>
    <time>2024-04-26T15:01:59Z</time>
   </trkpt>
   <trkpt lat="48.0787090" lon="6.8901150">
    <ele>665.1</ele>
    <time>2024-04-26T15:02:00Z</time>
   </trkpt>
   <trkpt lat="48.0786720" lon="6.8900300">
    <ele>664.9</ele>
    <time>2024-04-26T15:02:01Z</time>
   </trkpt>
   <trkpt lat="48.0786340" lon="6.8899450">
    <ele>664.6</ele>
    <time>2024-04-26T15:02:02Z</time>
   </trkpt>
   <trkpt lat="48.0786000" lon="6.8898570">
    <ele>664.4</ele>
    <time>2024-04-26T15:02:03Z</time>
   </trkpt>
   <trkpt lat="48.0785640" lon="6.8897690">
    <ele>664.1</ele>
    <time>2024-04-26T15:02:04Z</time>
   </trkpt>
   <trkpt lat="48.0785260" lon="6.8896810">
    <ele>663.9</ele>
    <time>2024-04-26T15:02:05Z</time>
   </trkpt>
   <trkpt lat="48.0784920" lon="6.8895910">
    <ele>663.6</ele>
    <time>2024-04-26T15:02:06Z</time>
   </trkpt>
   <trkpt lat="48.0784560" lon="6.8895030">
    <ele>663.4</ele>
    <time>2024-04-26T15:02:07Z</time>
   </trkpt>
   <trkpt lat="48.0784180" lon="6.8894130">
    <ele>663.1</ele>
    <time>2024-04-26T15:02:08Z</time>
   </trkpt>
   <trkpt lat="48.0783800" lon="6.8893280">
    <ele>662.9</ele>
    <time>2024-04-26T15:02:09Z</time>
   </trkpt>
   <trkpt lat="48.0783420" lon="6.8892420">
    <ele>662.6</ele>
    <time>2024-04-26T15:02:10Z</time>
   </trkpt>
   <trkpt lat="48.0783040" lon="6.8891550">
    <ele>662.4</ele>
    <time>2024-04-26T15:02:11Z</time>
   </trkpt>
   <trkpt lat="48.0782660" lon="6.8890670">
    <ele>662.2</ele>
    <time>2024-04-26T15:02:12Z</time>
   </trkpt>
   <trkpt lat="48.0782310" lon="6.8889790">
    <ele>662.0</ele>
    <time>2024-04-26T15:02:13Z</time>
   </trkpt>
   <trkpt lat="48.0781950" lon="6.8888890">
    <ele>661.8</ele>
    <time>2024-04-26T15:02:14Z</time>
   </trkpt>
   <trkpt lat="48.0781580" lon="6.8887990">
    <ele>661.7</ele>
    <time>2024-04-26T15:02:15Z</time>
   </trkpt>
   <trkpt lat="48.0781250" lon="6.8887090">
    <ele>661.6</ele>
    <time>2024-04-26T15:02:16Z</time>
   </trkpt>
   <trkpt lat="48.0781070" lon="6.8886080">
    <ele>661.6</ele>
    <time>2024-04-26T15:02:17Z</time>
   </trkpt>
   <trkpt lat="48.0781040" lon="6.8885010">
    <ele>661.7</ele>
    <time>2024-04-26T15:02:18Z</time>
   </trkpt>
   <trkpt lat="48.0780980" lon="6.8883930">
    <ele>661.8</ele>
    <time>2024-04-26T15:02:19Z</time>
   </trkpt>
   <trkpt lat="48.0780770" lon="6.8882880">
    <ele>661.6</ele>
    <time>2024-04-26T15:02:20Z</time>
   </trkpt>
   <trkpt lat="48.0780440" lon="6.8881880">
    <ele>661.3</ele>
    <time>2024-04-26T15:02:21Z</time>
   </trkpt>
   <trkpt lat="48.0780110" lon="6.8880900">
    <ele>661.2</ele>
    <time>2024-04-26T15:02:22Z</time>
   </trkpt>
   <trkpt lat="48.0779790" lon="6.8879920">
    <ele>661.0</ele>
    <time>2024-04-26T15:02:23Z</time>
   </trkpt>
   <trkpt lat="48.0779490" lon="6.8878920">
    <ele>660.9</ele>
    <time>2024-04-26T15:02:24Z</time>
   </trkpt>
   <trkpt lat="48.0779200" lon="6.8877920">
    <ele>660.8</ele>
    <time>2024-04-26T15:02:25Z</time>
   </trkpt>
   <trkpt lat="48.0778940" lon="6.8876930">
    <ele>660.6</ele>
    <time>2024-04-26T15:02:26Z</time>
   </trkpt>
   <trkpt lat="48.0778680" lon="6.8875970">
    <ele>660.5</ele>
    <time>2024-04-26T15:02:27Z</time>
   </trkpt>
   <trkpt lat="48.0778440" lon="6.8874960">
    <ele>660.5</ele>
    <time>2024-04-26T15:02:28Z</time>
   </trkpt>
   <trkpt lat="48.0778200" lon="6.8873970">
    <ele>660.4</ele>
    <time>2024-04-26T15:02:29Z</time>
   </trkpt>
   <trkpt lat="48.0777950" lon="6.8872990">
    <ele>660.4</ele>
    <time>2024-04-26T15:02:30Z</time>
   </trkpt>
   <trkpt lat="48.0777690" lon="6.8871970">
    <ele>660.3</ele>
    <time>2024-04-26T15:02:31Z</time>
   </trkpt>
   <trkpt lat="48.0777430" lon="6.8870970">
    <ele>660.2</ele>
    <time>2024-04-26T15:02:32Z</time>
   </trkpt>
   <trkpt lat="48.0777160" lon="6.8869970">
    <ele>660.2</ele>
    <time>2024-04-26T15:02:33Z</time>
   </trkpt>
   <trkpt lat="48.0776960" lon="6.8868940">
    <ele>660.1</ele>
    <time>2024-04-26T15:02:34Z</time>
   </trkpt>
   <trkpt lat="48.0776770" lon="6.8867940">
    <ele>660.1</ele>
    <time>2024-04-26T15:02:35Z</time>
   </trkpt>
   <trkpt lat="48.0776540" lon="6.8866970">
    <ele>660.0</ele>
    <time>2024-04-26T15:02:36Z</time>
   </trkpt>
   <trkpt lat="48.0776160" lon="6.8866090">
    <ele>659.9</ele>
    <time>2024-04-26T15:02:37Z</time>
   </trkpt>
   <trkpt lat="48.0775640" lon="6.8865360">
    <ele>659.7</ele>
    <time>2024-04-26T15:02:38Z</time>
   </trkpt>
   <trkpt lat="48.0775020" lon="6.8864830">
    <ele>659.7</ele>
    <time>2024-04-26T15:02:39Z</time>
   </trkpt>
   <trkpt lat="48.0774430" lon="6.8864440">
    <ele>659.7</ele>
    <time>2024-04-26T15:02:40Z</time>
   </trkpt>
   <trkpt lat="48.0773930" lon="6.8863840">
    <ele>659.8</ele>
    <time>2024-04-26T15:02:41Z</time>
   </trkpt>
   <trkpt lat="48.0773490" lon="6.8863150">
    <ele>659.8</ele>
    <time>2024-04-26T15:02:42Z</time>
   </trkpt>
   <trkpt lat="48.0773100" lon="6.8862280">
    <ele>659.8</ele>
    <time>2024-04-26T15:02:43Z</time>
   </trkpt>
   <trkpt lat="48.0772880" lon="6.8861260">
    <ele>659.7</ele>
    <time>2024-04-26T15:02:44Z</time>
   </trkpt>
   <trkpt lat="48.0772730" lon="6.8860250">
    <ele>659.7</ele>
    <time>2024-04-26T15:02:45Z</time>
   </trkpt>
   <trkpt lat="48.0772540" lon="6.8859260">
    <ele>659.6</ele>
    <time>2024-04-26T15:02:46Z</time>
   </trkpt>
   <trkpt lat="48.0772250" lon="6.8858280">
    <ele>659.6</ele>
    <time>2024-04-26T15:02:47Z</time>
   </trkpt>
   <trkpt lat="48.0771900" lon="6.8857360">
    <ele>659.5</ele>
    <time>2024-04-26T15:02:48Z</time>
   </trkpt>
   <trkpt lat="48.0771520" lon="6.8856430">
    <ele>659.5</ele>
    <time>2024-04-26T15:02:49Z</time>
   </trkpt>
   <trkpt lat="48.0771160" lon="6.8855500">
    <ele>659.5</ele>
    <time>2024-04-26T15:02:50Z</time>
   </trkpt>
   <trkpt lat="48.0770800" lon="6.8854540">
    <ele>659.4</ele>
    <time>2024-04-26T15:02:51Z</time>
   </trkpt>
   <trkpt lat="48.0770450" lon="6.8853640">
    <ele>659.4</ele>
    <time>2024-04-26T15:02:52Z</time>
   </trkpt>
   <trkpt lat="48.0770090" lon="6.8852780">
    <ele>659.4</ele>
    <time>2024-04-26T15:02:53Z</time>
   </trkpt>
   <trkpt lat="48.0769740" lon="6.8851930">
    <ele>659.4</ele>
    <time>2024-04-26T15:02:54Z</time>
   </trkpt>
   <trkpt lat="48.0769380" lon="6.8851060">
    <ele>659.4</ele>
    <time>2024-04-26T15:02:55Z</time>
   </trkpt>
   <trkpt lat="48.0768990" lon="6.8850200">
    <ele>659.4</ele>
    <time>2024-04-26T15:02:56Z</time>
   </trkpt>
   <trkpt lat="48.0768620" lon="6.8849390">
    <ele>659.4</ele>
    <time>2024-04-26T15:02:57Z</time>
   </trkpt>
   <trkpt lat="48.0768300" lon="6.8848510">
    <ele>659.4</ele>
    <time>2024-04-26T15:02:58Z</time>
   </trkpt>
   <trkpt lat="48.0767990" lon="6.8847670">
    <ele>659.4</ele>
    <time>2024-04-26T15:02:59Z</time>
   </trkpt>
   <trkpt lat="48.0767700" lon="6.8846880">
    <ele>659.4</ele>
    <time>2024-04-26T15:03:00Z</time>
   </trkpt>
   <trkpt lat="48.0767400" lon="6.8846130">
    <ele>659.5</ele>
    <time>2024-04-26T15:03:01Z</time>
   </trkpt>
   <trkpt lat="48.0767110" lon="6.8845360">
    <ele>659.5</ele>
    <time>2024-04-26T15:03:02Z</time>
   </trkpt>
   <trkpt lat="48.0766820" lon="6.8844620">
    <ele>659.6</ele>
    <time>2024-04-26T15:03:03Z</time>
   </trkpt>
   <trkpt lat="48.0766560" lon="6.8843920">
    <ele>659.6</ele>
    <time>2024-04-26T15:03:04Z</time>
   </trkpt>
   <trkpt lat="48.0766320" lon="6.8843260">
    <ele>659.7</ele>
    <time>2024-04-26T15:03:05Z</time>
   </trkpt>
   <trkpt lat="48.0766040" lon="6.8842570">
    <ele>659.7</ele>
    <time>2024-04-26T15:03:06Z</time>
   </trkpt>
   <trkpt lat="48.0765750" lon="6.8841930">
    <ele>659.8</ele>
    <time>2024-04-26T15:03:07Z</time>
   </trkpt>
   <trkpt lat="48.0765480" lon="6.8841300">
    <ele>659.8</ele>
    <time>2024-04-26T15:03:08Z</time>
   </trkpt>
   <trkpt lat="48.0765220" lon="6.8840690">
    <ele>659.9</ele>
    <time>2024-04-26T15:03:09Z</time>
   </trkpt>
   <trkpt lat="48.0764910" lon="6.8840000">
    <ele>659.9</ele>
    <time>2024-04-26T15:03:10Z</time>
   </trkpt>
   <trkpt lat="48.0764640" lon="6.8839320">
    <ele>660.0</ele>
    <time>2024-04-26T15:03:11Z</time>
   </trkpt>
   <trkpt lat="48.0764340" lon="6.8838700">
    <ele>660.1</ele>
    <time>2024-04-26T15:03:12Z</time>
   </trkpt>
   <trkpt lat="48.0764050" lon="6.8838060">
    <ele>660.1</ele>
    <time>2024-04-26T15:03:13Z</time>
   </trkpt>
   <trkpt lat="48.0763770" lon="6.8837390">
    <ele>660.2</ele>
    <time>2024-04-26T15:03:14Z</time>
   </trkpt>
   <trkpt lat="48.0763470" lon="6.8836750">
    <ele>660.3</ele>
    <time>2024-04-26T15:03:15Z</time>
   </trkpt>
   <trkpt lat="48.0763200" lon="6.8836110">
    <ele>660.3</ele>
    <time>2024-04-26T15:03:16Z</time>
   </trkpt>
   <trkpt lat="48.0762930" lon="6.8835440">
    <ele>660.4</ele>
    <time>2024-04-26T15:03:17Z</time>
   </trkpt>
   <trkpt lat="48.0762690" lon="6.8834770">
    <ele>660.5</ele>
    <time>2024-04-26T15:03:18Z</time>
   </trkpt>
   <trkpt lat="48.0762470" lon="6.8834070">
    <ele>660.6</ele>
    <time>2024-04-26T15:03:19Z</time>
   </trkpt>
   <trkpt lat="48.0762280" lon="6.8833400">
    <ele>660.7</ele>
    <time>2024-04-26T15:03:20Z</time>
   </trkpt>
   <trkpt lat="48.0762090" lon="6.8832780">
    <ele>660.8</ele>
    <time>2024-04-26T15:03:21Z</time>
   </trkpt>
   <trkpt lat="48.0761860" lon="6.8832230">
    <ele>660.8</ele>
    <time>2024-04-26T15:03:22Z</time>
   </trkpt>
   <trkpt lat="48.0761640" lon="6.8831720">
    <ele>660.9</ele>
    <time>2024-04-26T15:03:23Z</time>
   </trkpt>
   <trkpt lat="48.0761440" lon="6.8831270">
    <ele>661.0</ele>
    <time>2024-04-26T15:03:24Z</time>
   </trkpt>
   <trkpt lat="48.0761250" lon="6.8830780">
    <ele>661.1</ele>
    <time>2024-04-26T15:03:25Z</time>
   </trkpt>
   <trkpt lat="48.0761070" lon="6.8830290">
    <ele>661.2</ele>
    <time>2024-04-26T15:03:26Z</time>
   </trkpt>
   <trkpt lat="48.0760890" lon="6.8829810">
    <ele>661.3</ele>
    <time>2024-04-26T15:03:27Z</time>
   </trkpt>
   <trkpt lat="48.0760660" lon="6.8829430">
    <ele>661.3</ele>
    <time>2024-04-26T15:03:28Z</time>
   </trkpt>
   <trkpt lat="48.0760480" lon="6.8829020">
    <ele>661.4</ele>
    <time>2024-04-26T15:03:29Z</time>
   </trkpt>
   <trkpt lat="48.0760350" lon="6.8828560">
    <ele>661.5</ele>
    <time>2024-04-26T15:03:30Z</time>
   </trkpt>
   <trkpt lat="48.0760220" lon="6.8828130">
    <ele>661.6</ele>
    <time>2024-04-26T15:03:31Z</time>
   </trkpt>
   <trkpt lat="48.0760040" lon="6.8827730">
    <ele>661.6</ele>
    <time>2024-04-26T15:03:32Z</time>
   </trkpt>
   <trkpt lat="48.0759860" lon="6.8827320">
    <ele>661.7</ele>
    <time>2024-04-26T15:03:33Z</time>
   </trkpt>
   <trkpt lat="48.0759710" lon="6.8826880">
    <ele>661.8</ele>
    <time>2024-04-26T15:03:34Z</time>
   </trkpt>
   <trkpt lat="48.0759550" lon="6.8826440">
    <ele>661.9</ele>
    <time>2024-04-26T15:03:35Z</time>
   </trkpt>
   <trkpt lat="48.0759390" lon="6.8826000">
    <ele>662.0</ele>
    <time>2024-04-26T15:03:36Z</time>
   </trkpt>
   <trkpt lat="48.0759230" lon="6.8825570">
    <ele>662.0</ele>
    <time>2024-04-26T15:03:37Z</time>
   </trkpt>
   <trkpt lat="48.0759050" lon="6.8825160">
    <ele>662.1</ele>
    <time>2024-04-26T15:03:38Z</time>
   </trkpt>
   <trkpt lat="48.0758870" lon="6.8824740">
    <ele>662.2</ele>
    <time>2024-04-26T15:03:39Z</time>
   </trkpt>
   <trkpt lat="48.0758690" lon="6.8824300">
    <ele>662.3</ele>
    <time>2024-04-26T15:03:40Z</time>
   </trkpt>
   <trkpt lat="48.0758470" lon="6.8823890">
    <ele>662.4</ele>
    <time>2024-04-26T15:03:41Z</time>
   </trkpt>
   <trkpt lat="48.0758210" lon="6.8823530">
    <ele>662.5</ele>
    <time>2024-04-26T15:03:42Z</time>
   </trkpt>
   <trkpt lat="48.0757910" lon="6.8823250">
    <ele>662.5</ele>
    <time>2024-04-26T15:03:43Z</time>
   </trkpt>
   <trkpt lat="48.0757540" lon="6.8823180">
    <ele>662.6</ele>
    <time>2024-04-26T15:03:44Z</time>
   </trkpt>
   <trkpt lat="48.0757160" lon="6.8823360">
    <ele>662.7</ele>
    <time>2024-04-26T15:03:45Z</time>
   </trkpt>
   <trkpt lat="48.0756780" lon="6.8823610">
    <ele>662.8</ele>
    <time>2024-04-26T15:03:46Z</time>
   </trkpt>
   <trkpt lat="48.0756400" lon="6.8823850">
    <ele>662.9</ele>
    <time>2024-04-26T15:03:47Z</time>
   </trkpt>
   <trkpt lat="48.0756030" lon="6.8824070">
    <ele>663.1</ele>
    <time>2024-04-26T15:03:48Z</time>
   </trkpt>
   <trkpt lat="48.0755650" lon="6.8824290">
    <ele>663.2</ele>
    <time>2024-04-26T15:03:49Z</time>
   </trkpt>
   <trkpt lat="48.0755300" lon="6.8824560">
    <ele>663.3</ele>
    <time>2024-04-26T15:03:50Z</time>
   </trkpt>
   <trkpt lat="48.0754950" lon="6.8824870">
    <ele>663.5</ele>
    <time>2024-04-26T15:03:51Z</time>
   </trkpt>
   <trkpt lat="48.0754600" lon="6.8825180">
    <ele>663.6</ele>
    <time>2024-04-26T15:03:52Z</time>
   </trkpt>
   <trkpt lat="48.0754240" lon="6.8825450">
    <ele>663.8</ele>
    <time>2024-04-26T15:03:53Z</time>
   </trkpt>
   <trkpt lat="48.0753870" lon="6.8825650">
    <ele>663.9</ele>
    <time>2024-04-26T15:03:54Z</time>
   </trkpt>
   <trkpt lat="48.0753490" lon="6.8825820">
    <ele>664.1</ele>
    <time>2024-04-26T15:03:55Z</time>
   </trkpt>
   <trkpt lat="48.0753130" lon="6.8826030">
    <ele>664.3</ele>
    <time>2024-04-26T15:03:56Z</time>
   </trkpt>
   <trkpt lat="48.0752780" lon="6.8826240">
    <ele>664.4</ele>
    <time>2024-04-26T15:03:57Z</time>
   </trkpt>
   <trkpt lat="48.0752440" lon="6.8826460">
    <ele>664.6</ele>
    <time>2024-04-26T15:03:58Z</time>
   </trkpt>
   <trkpt lat="48.0752110" lon="6.8826710">
    <ele>664.7</ele>
    <time>2024-04-26T15:03:59Z</time>
   </trkpt>
   <trkpt lat="48.0751780" lon="6.8826960">
    <ele>664.9</ele>
    <time>2024-04-26T15:04:00Z</time>
   </trkpt>
   <trkpt lat="48.0751460" lon="6.8827200">
    <ele>665.1</ele>
    <time>2024-04-26T15:04:01Z</time>
   </trkpt>
   <trkpt lat="48.0751150" lon="6.8827460">
    <ele>665.2</ele>
    <time>2024-04-26T15:04:02Z</time>
   </trkpt>
   <trkpt lat="48.0750820" lon="6.8827660">
    <ele>665.4</ele>
    <time>2024-04-26T15:04:03Z</time>
   </trkpt>
   <trkpt lat="48.0750510" lon="6.8827840">
    <ele>665.6</ele>
    <time>2024-04-26T15:04:04Z</time>
   </trkpt>
   <trkpt lat="48.0750220" lon="6.8828040">
    <ele>665.7</ele>
    <time>2024-04-26T15:04:05Z</time>
   </trkpt>
   <trkpt lat="48.0749940" lon="6.8828270">
    <ele>665.9</ele>
    <time>2024-04-26T15:04:06Z</time>
   </trkpt>
   <trkpt lat="48.0749660" lon="6.8828540">
    <ele>666.0</ele>
    <time>2024-04-26T15:04:07Z</time>
   </trkpt>
   <trkpt lat="48.0749380" lon="6.8828840">
    <ele>666.1</ele>
    <time>2024-04-26T15:04:08Z</time>
   </trkpt>
   <trkpt lat="48.0749090" lon="6.8829150">
    <ele>666.1</ele>
    <time>2024-04-26T15:04:09Z</time>
   </trkpt>
   <trkpt lat="48.0748760" lon="6.8829390">
    <ele>666.2</ele>
    <time>2024-04-26T15:04:10Z</time>
   </trkpt>
   <trkpt lat="48.0748420" lon="6.8829610">
    <ele>666.3</ele>
    <time>2024-04-26T15:04:11Z</time>
   </trkpt>
   <trkpt lat="48.0748080" lon="6.8829820">
    <ele>666.4</ele>
    <time>2024-04-26T15:04:12Z</time>
   </trkpt>
   <trkpt lat="48.0747770" lon="6.8830040">
    <ele>666.5</ele>
    <time>2024-04-26T15:04:13Z</time>
   </trkpt>
   <trkpt lat="48.0747460" lon="6.8830290">
    <ele>666.6</ele>
    <time>2024-04-26T15:04:14Z</time>
   </trkpt>
   <trkpt lat="48.0747150" lon="6.8830530">
    <ele>666.7</ele>
    <time>2024-04-26T15:04:15Z</time>
   </trkpt>
   <trkpt lat="48.0746850" lon="6.8830800">
    <ele>666.8</ele>
    <time>2024-04-26T15:04:16Z</time>
   </trkpt>
   <trkpt lat="48.0746560" lon="6.8831060">
    <ele>667.0</ele>
    <time>2024-04-26T15:04:17Z</time>
   </trkpt>
   <trkpt lat="48.0746260" lon="6.8831250">
    <ele>667.1</ele>
    <time>2024-04-26T15:04:18Z</time>
   </trkpt>
   <trkpt lat="48.0745960" lon="6.8831460">
    <ele>667.3</ele>
    <time>2024-04-26T15:04:19Z</time>
   </trkpt>
   <trkpt lat="48.0745650" lon="6.8831680">
    <ele>667.4</ele>
    <time>2024-04-26T15:04:20Z</time>
   </trkpt>
   <trkpt lat="48.0745330" lon="6.8831890">
    <ele>667.6</ele>
    <time>2024-04-26T15:04:21Z</time>
   </trkpt>
   <trkpt lat="48.0745030" lon="6.8832130">
    <ele>667.8</ele>
    <time>2024-04-26T15:04:22Z</time>
   </trkpt>
   <trkpt lat="48.0744710" lon="6.8832350">
    <ele>668.0</ele>
    <time>2024-04-26T15:04:23Z</time>
   </trkpt>
   <trkpt lat="48.0744400" lon="6.8832570">
    <ele>668.2</ele>
    <time>2024-04-26T15:04:24Z</time>
   </trkpt>
   <trkpt lat="48.0744100" lon="6.8832780">
    <ele>668.4</ele>
    <time>2024-04-26T15:04:25Z</time>
   </trkpt>
   <trkpt lat="48.0743810" lon="6.8832960">
    <ele>668.6</ele>
    <time>2024-04-26T15:04:26Z</time>
   </trkpt>
   <trkpt lat="48.0743540" lon="6.8833120">
    <ele>668.8</ele>
    <time>2024-04-26T15:04:27Z</time>
   </trkpt>
   <trkpt lat="48.0743260" lon="6.8833290">
    <ele>669.0</ele>
    <time>2024-04-26T15:04:28Z</time>
   </trkpt>
   <trkpt lat="48.0743010" lon="6.8833480">
    <ele>669.2</ele>
    <time>2024-04-26T15:04:29Z</time>
   </trkpt>
   <trkpt lat="48.0742760" lon="6.8833690">
    <ele>669.4</ele>
    <time>2024-04-26T15:04:30Z</time>
   </trkpt>
   <trkpt lat="48.0742520" lon="6.8833910">
    <ele>669.6</ele>
    <time>2024-04-26T15:04:31Z</time>
   </trkpt>
   <trkpt lat="48.0742260" lon="6.8834070">
    <ele>669.8</ele>
    <time>2024-04-26T15:04:32Z</time>
   </trkpt>
   <trkpt lat="48.0742000" lon="6.8834220">
    <ele>670.0</ele>
    <time>2024-04-26T15:04:33Z</time>
   </trkpt>
   <trkpt lat="48.0741780" lon="6.8834460">
    <ele>670.2</ele>
    <time>2024-04-26T15:04:34Z</time>
   </trkpt>
   <trkpt lat="48.0741440" lon="6.8834750">
    <ele>670.5</ele>
    <time>2024-04-26T15:04:35Z</time>
   </trkpt>
   <trkpt lat="48.0741340" lon="6.8834840">
    <ele>670.6</ele>
    <time>2024-04-26T15:04:36Z</time>
   </trkpt>
   <trkpt lat="48.0741000" lon="6.8835050">
    <ele>670.9</ele>
    <time>2024-04-26T15:04:37Z</time>
   </trkpt>
   <trkpt lat="48.0740890" lon="6.8835110">
    <ele>670.9</ele>
    <time>2024-04-26T15:04:38Z</time>
   </trkpt>
   <trkpt lat="48.0740540" lon="6.8835280">
    <ele>671.2</ele>
    <time>2024-04-26T15:04:39Z</time>
   </trkpt>
   <trkpt lat="48.0740430" lon="6.8835340">
    <ele>671.3</ele>
    <time>2024-04-26T15:04:40Z</time>
   </trkpt>
   <trkpt lat="48.0740140" lon="6.8835590">
    <ele>671.6</ele>
    <time>2024-04-26T15:04:41Z</time>
   </trkpt>
   <trkpt lat="48.0740050" lon="6.8835690">
    <ele>671.6</ele>
    <time>2024-04-26T15:04:42Z</time>
   </trkpt>
   <trkpt lat="48.0739770" lon="6.8835840">
    <ele>671.7</ele>
    <time>2024-04-26T15:04:43Z</time>
   </trkpt>
   <trkpt lat="48.0739670" lon="6.8835860">
    <ele>671.7</ele>
    <time>2024-04-26T15:04:44Z</time>
   </trkpt>
   <trkpt lat="48.0739370" lon="6.8835790">
    <ele>671.7</ele>
    <time>2024-04-26T15:04:45Z</time>
   </trkpt>
   <trkpt lat="48.0739280" lon="6.8835750">
    <ele>671.8</ele>
    <time>2024-04-26T15:04:46Z</time>
   </trkpt>
   <trkpt lat="48.0739000" lon="6.8835510">
    <ele>671.8</ele>
    <time>2024-04-26T15:04:47Z</time>
   </trkpt>
   <trkpt lat="48.0738900" lon="6.8835420">
    <ele>671.8</ele>
    <time>2024-04-26T15:04:48Z</time>
   </trkpt>
   <trkpt lat="48.0738550" lon="6.8835130">
    <ele>671.9</ele>
    <time>2024-04-26T15:04:49Z</time>
   </trkpt>
   <trkpt lat="48.0738430" lon="6.8835020">
    <ele>671.9</ele>
    <time>2024-04-26T15:04:50Z</time>
   </trkpt>
   <trkpt lat="48.0738200" lon="6.8834770">
    <ele>672.0</ele>
    <time>2024-04-26T15:04:51Z</time>
   </trkpt>
   <trkpt lat="48.0737970" lon="6.8834510">
    <ele>672.0</ele>
    <time>2024-04-26T15:04:52Z</time>
   </trkpt>
   <trkpt lat="48.0737710" lon="6.8834250">
    <ele>672.1</ele>
    <time>2024-04-26T15:04:53Z</time>
   </trkpt>
   <trkpt lat="48.0737410" lon="6.8834040">
    <ele>672.1</ele>
    <time>2024-04-26T15:04:54Z</time>
   </trkpt>
   <trkpt lat="48.0737120" lon="6.8833790">
    <ele>672.2</ele>
    <time>2024-04-26T15:04:55Z</time>
   </trkpt>
   <trkpt lat="48.0736850" lon="6.8833500">
    <ele>672.3</ele>
    <time>2024-04-26T15:04:56Z</time>
   </trkpt>
   <trkpt lat="48.0736550" lon="6.8833230">
    <ele>672.3</ele>
    <time>2024-04-26T15:04:57Z</time>
   </trkpt>
   <trkpt lat="48.0736260" lon="6.8832980">
    <ele>672.4</ele>
    <time>2024-04-26T15:04:58Z</time>
   </trkpt>
   <trkpt lat="48.0735970" lon="6.8832730">
    <ele>672.5</ele>
    <time>2024-04-26T15:04:59Z</time>
   </trkpt>
   <trkpt lat="48.0735670" lon="6.8832460">
    <ele>672.5</ele>
    <time>2024-04-26T15:05:00Z</time>
   </trkpt>
   <trkpt lat="48.0735390" lon="6.8832180">
    <ele>672.6</ele>
    <time>2024-04-26T15:05:01Z</time>
   </trkpt>
   <trkpt lat="48.0735110" lon="6.8831900">
    <ele>672.7</ele>
    <time>2024-04-26T15:05:02Z</time>
   </trkpt>
   <trkpt lat="48.0734810" lon="6.8831630">
    <ele>672.8</ele>
    <time>2024-04-26T15:05:03Z</time>
   </trkpt>
   <trkpt lat="48.0734510" lon="6.8831370">
    <ele>672.9</ele>
    <time>2024-04-26T15:05:04Z</time>
   </trkpt>
   <trkpt lat="48.0734210" lon="6.8831110">
    <ele>672.9</ele>
    <time>2024-04-26T15:05:05Z</time>
   </trkpt>
   <trkpt lat="48.0733920" lon="6.8830860">
    <ele>673.0</ele>
    <time>2024-04-26T15:05:06Z</time>
   </trkpt>
   <trkpt lat="48.0733630" lon="6.8830590">
    <ele>673.1</ele>
    <time>2024-04-26T15:05:07Z</time>
   </trkpt>
   <trkpt lat="48.0733330" lon="6.8830330">
    <ele>673.2</ele>
    <time>2024-04-26T15:05:08Z</time>
   </trkpt>
   <trkpt lat="48.0733040" lon="6.8830070">
    <ele>673.3</ele>
    <time>2024-04-26T15:05:09Z</time>
   </trkpt>
   <trkpt lat="48.0732750" lon="6.8829810">
    <ele>673.4</ele>
    <time>2024-04-26T15:05:10Z</time>
   </trkpt>
   <trkpt lat="48.0732470" lon="6.8829520">
    <ele>673.5</ele>
    <time>2024-04-26T15:05:11Z</time>
   </trkpt>
   <trkpt lat="48.0732190" lon="6.8829270">
    <ele>673.6</ele>
    <time>2024-04-26T15:05:12Z</time>
   </trkpt>
   <trkpt lat="48.0731900" lon="6.8829030">
    <ele>673.7</ele>
    <time>2024-04-26T15:05:13Z</time>
   </trkpt>
   <trkpt lat="48.0731620" lon="6.8828770">
    <ele>673.8</ele>
    <time>2024-04-26T15:05:14Z</time>
   </trkpt>
   <trkpt lat="48.0731330" lon="6.8828520">
    <ele>673.9</ele>
    <time>2024-04-26T15:05:15Z</time>
   </trkpt>
   <trkpt lat="48.0731040" lon="6.8828280">
    <ele>674.0</ele>
    <time>2024-04-26T15:05:16Z</time>
   </trkpt>
   <trkpt lat="48.0730760" lon="6.8828040">
    <ele>674.0</ele>
    <time>2024-04-26T15:05:17Z</time>
   </trkpt>
   <trkpt lat="48.0730480" lon="6.8827780">
    <ele>674.1</ele>
    <time>2024-04-26T15:05:18Z</time>
   </trkpt>
   <trkpt lat="48.0730200" lon="6.8827540">
    <ele>674.2</ele>
    <time>2024-04-26T15:05:19Z</time>
   </trkpt>
   <trkpt lat="48.0729930" lon="6.8827290">
    <ele>674.3</ele>
    <time>2024-04-26T15:05:20Z</time>
   </trkpt>
   <trkpt lat="48.0729660" lon="6.8827030">
    <ele>674.4</ele>
    <time>2024-04-26T15:05:21Z</time>
   </trkpt>
   <trkpt lat="48.0729390" lon="6.8826780">
    <ele>674.5</ele>
    <time>2024-04-26T15:05:22Z</time>
   </trkpt>
   <trkpt lat="48.0729100" lon="6.8826560">
    <ele>674.6</ele>
    <time>2024-04-26T15:05:23Z</time>
   </trkpt>
   <trkpt lat="48.0728810" lon="6.8826360">
    <ele>674.7</ele>
    <time>2024-04-26T15:05:24Z</time>
   </trkpt>
   <trkpt lat="48.0728530" lon="6.8826140">
    <ele>674.8</ele>
    <time>2024-04-26T15:05:25Z</time>
   </trkpt>
   <trkpt lat="48.0728260" lon="6.8825880">
    <ele>674.9</ele>
    <time>2024-04-26T15:05:26Z</time>
   </trkpt>
   <trkpt lat="48.0727990" lon="6.8825630">
    <ele>675.0</ele>
    <time>2024-04-26T15:05:27Z</time>
   </trkpt>
   <trkpt lat="48.0727710" lon="6.8825400">
    <ele>675.1</ele>
    <time>2024-04-26T15:05:28Z</time>
   </trkpt>
   <trkpt lat="48.0727430" lon="6.8825160">
    <ele>675.2</ele>
    <time>2024-04-26T15:05:29Z</time>
   </trkpt>
   <trkpt lat="48.0727140" lon="6.8824940">
    <ele>675.3</ele>
    <time>2024-04-26T15:05:30Z</time>
   </trkpt>
   <trkpt lat="48.0726850" lon="6.8824710">
    <ele>675.4</ele>
    <time>2024-04-26T15:05:31Z</time>
   </trkpt>
   <trkpt lat="48.0726570" lon="6.8824480">
    <ele>675.5</ele>
    <time>2024-04-26T15:05:32Z</time>
   </trkpt>
   <trkpt lat="48.0726290" lon="6.8824210">
    <ele>675.6</ele>
    <time>2024-04-26T15:05:33Z</time>
   </trkpt>
   <trkpt lat="48.0726010" lon="6.8823960">
    <ele>675.7</ele>
    <time>2024-04-26T15:05:34Z</time>
   </trkpt>
   <trkpt lat="48.0725740" lon="6.8823710">
    <ele>675.8</ele>
    <time>2024-04-26T15:05:35Z</time>
   </trkpt>
   <trkpt lat="48.0725460" lon="6.8823480">
    <ele>675.9</ele>
    <time>2024-04-26T15:05:36Z</time>
   </trkpt>
   <trkpt lat="48.0725180" lon="6.8823260">
    <ele>676.0</ele>
    <time>2024-04-26T15:05:37Z</time>
   </trkpt>
   <trkpt lat="48.0724910" lon="6.8823020">
    <ele>676.0</ele>
    <time>2024-04-26T15:05:38Z</time>
   </trkpt>
   <trkpt lat="48.0724640" lon="6.8822780">
    <ele>676.1</ele>
    <time>2024-04-26T15:05:39Z</time>
   </trkpt>
   <trkpt lat="48.0724380" lon="6.8822550">
    <ele>676.2</ele>
    <time>2024-04-26T15:05:40Z</time>
   </trkpt>
   <trkpt lat="48.0724140" lon="6.8822330">
    <ele>676.3</ele>
    <time>2024-04-26T15:05:41Z</time>
   </trkpt>
   <trkpt lat="48.0723890" lon="6.8822150">
    <ele>676.4</ele>
    <time>2024-04-26T15:05:42Z</time>
   </trkpt>
   <trkpt lat="48.0723540" lon="6.8821910">
    <ele>676.4</ele>
    <time>2024-04-26T15:05:43Z</time>
   </trkpt>
   <trkpt lat="48.0723430" lon="6.8821840">
    <ele>676.5</ele>
    <time>2024-04-26T15:05:44Z</time>
   </trkpt>
   <trkpt lat="48.0723150" lon="6.8821710">
    <ele>676.5</ele>
    <time>2024-04-26T15:05:45Z</time>
   </trkpt>
   <trkpt lat="48.0723060" lon="6.8821660">
    <ele>676.5</ele>
    <time>2024-04-26T15:05:46Z</time>
   </trkpt>
   <trkpt lat="48.0722700" lon="6.8821680">
    <ele>676.6</ele>
    <time>2024-04-26T15:05:47Z</time>
   </trkpt>
   <trkpt lat="48.0722560" lon="6.8821720">
    <ele>676.7</ele>
    <time>2024-04-26T15:05:48Z</time>
   </trkpt>
   <trkpt lat="48.0722270" lon="6.8821840">
    <ele>676.8</ele>
    <time>2024-04-26T15:05:49Z</time>
   </trkpt>
   <trkpt lat="48.0721960" lon="6.8822060">
    <ele>676.8</ele>
    <time>2024-04-26T15:05:50Z</time>
   </trkpt>
   <trkpt lat="48.0721660" lon="6.8822390">
    <ele>676.9</ele>
    <time>2024-04-26T15:05:51Z</time>
   </trkpt>
   <trkpt lat="48.0721370" lon="6.8822760">
    <ele>677.0</ele>
    <time>2024-04-26T15:05:52Z</time>
   </trkpt>
   <trkpt lat="48.0721080" lon="6.8823120">
    <ele>677.1</ele>
    <time>2024-04-26T15:05:53Z</time>
   </trkpt>
   <trkpt lat="48.0720790" lon="6.8823460">
    <ele>677.2</ele>
    <time>2024-04-26T15:05:54Z</time>
   </trkpt>
   <trkpt lat="48.0720500" lon="6.8823810">
    <ele>677.3</ele>
    <time>2024-04-26T15:05:55Z</time>
   </trkpt>
   <trkpt lat="48.0720210" lon="6.8824120">
    <ele>677.4</ele>
    <time>2024-04-26T15:05:56Z</time>
   </trkpt>
   <trkpt lat="48.0719910" lon="6.8824400">
    <ele>677.5</ele>
    <time>2024-04-26T15:05:57Z</time>
   </trkpt>
   <trkpt lat="48.0719630" lon="6.8824700">
    <ele>677.7</ele>
    <time>2024-04-26T15:05:58Z</time>
   </trkpt>
   <trkpt lat="48.0719340" lon="6.8824990">
    <ele>677.8</ele>
    <time>2024-04-26T15:05:59Z</time>
   </trkpt>
   <trkpt lat="48.0719050" lon="6.8825230">
    <ele>677.9</ele>
    <time>2024-04-26T15:06:00Z</time>
   </trkpt>
   <trkpt lat="48.0718760" lon="6.8825500">
    <ele>678.1</ele>
    <time>2024-04-26T15:06:01Z</time>
   </trkpt>
   <trkpt lat="48.0718480" lon="6.8825810">
    <ele>678.2</ele>
    <time>2024-04-26T15:06:02Z</time>
   </trkpt>
   <trkpt lat="48.0718200" lon="6.8826090">
    <ele>678.3</ele>
    <time>2024-04-26T15:06:03Z</time>
   </trkpt>
   <trkpt lat="48.0717930" lon="6.8826380">
    <ele>678.5</ele>
    <time>2024-04-26T15:06:04Z</time>
   </trkpt>
   <trkpt lat="48.0717660" lon="6.8826690">
    <ele>678.6</ele>
    <time>2024-04-26T15:06:05Z</time>
   </trkpt>
   <trkpt lat="48.0717390" lon="6.8826980">
    <ele>678.8</ele>
    <time>2024-04-26T15:06:06Z</time>
   </trkpt>
   <trkpt lat="48.0717130" lon="6.8827290">
    <ele>678.9</ele>
    <time>2024-04-26T15:06:07Z</time>
   </trkpt>
   <trkpt lat="48.0716870" lon="6.8827580">
    <ele>679.1</ele>
    <time>2024-04-26T15:06:08Z</time>
   </trkpt>
   <trkpt lat="48.0716610" lon="6.8827820">
    <ele>679.2</ele>
    <time>2024-04-26T15:06:09Z</time>
   </trkpt>
   <trkpt lat="48.0716370" lon="6.8828050">
    <ele>679.3</ele>
    <time>2024-04-26T15:06:10Z</time>
   </trkpt>
   <trkpt lat="48.0716140" lon="6.8828290">
    <ele>679.4</ele>
    <time>2024-04-26T15:06:11Z</time>
   </trkpt>
   <trkpt lat="48.0715900" lon="6.8828540">
    <ele>679.4</ele>
    <time>2024-04-26T15:06:12Z</time>
   </trkpt>
   <trkpt lat="48.0715640" lon="6.8828820">
    <ele>679.5</ele>
    <time>2024-04-26T15:06:13Z</time>
   </trkpt>
   <trkpt lat="48.0715390" lon="6.8829120">
    <ele>679.5</ele>
    <time>2024-04-26T15:06:14Z</time>
   </trkpt>
   <trkpt lat="48.0715160" lon="6.8829440">
    <ele>679.6</ele>
    <time>2024-04-26T15:06:15Z</time>
   </trkpt>
   <trkpt lat="48.0714910" lon="6.8829750">
    <ele>679.6</ele>
    <time>2024-04-26T15:06:16Z</time>
   </trkpt>
   <trkpt lat="48.0714640" lon="6.8830010">
    <ele>679.7</ele>
    <time>2024-04-26T15:06:17Z</time>
   </trkpt>
   <trkpt lat="48.0714350" lon="6.8830250">
    <ele>679.8</ele>
    <time>2024-04-26T15:06:18Z</time>
   </trkpt>
   <trkpt lat="48.0714060" lon="6.8830510">
    <ele>679.9</ele>
    <time>2024-04-26T15:06:19Z</time>
   </trkpt>
   <trkpt lat="48.0713790" lon="6.8830820">
    <ele>680.0</ele>
    <time>2024-04-26T15:06:20Z</time>
   </trkpt>
   <trkpt lat="48.0713530" lon="6.8831160">
    <ele>680.1</ele>
    <time>2024-04-26T15:06:21Z</time>
   </trkpt>
   <trkpt lat="48.0713260" lon="6.8831470">
    <ele>680.3</ele>
    <time>2024-04-26T15:06:22Z</time>
   </trkpt>
   <trkpt lat="48.0712980" lon="6.8831760">
    <ele>680.4</ele>
    <time>2024-04-26T15:06:23Z</time>
   </trkpt>
   <trkpt lat="48.0712690" lon="6.8832040">
    <ele>680.6</ele>
    <time>2024-04-26T15:06:24Z</time>
   </trkpt>
   <trkpt lat="48.0712410" lon="6.8832310">
    <ele>680.8</ele>
    <time>2024-04-26T15:06:25Z</time>
   </trkpt>
   <trkpt lat="48.0712130" lon="6.8832590">
    <ele>680.9</ele>
    <time>2024-04-26T15:06:26Z</time>
   </trkpt>
   <trkpt lat="48.0711850" lon="6.8832860">
    <ele>681.1</ele>
    <time>2024-04-26T15:06:27Z</time>
   </trkpt>
   <trkpt lat="48.0711590" lon="6.8833140">
    <ele>681.2</ele>
    <time>2024-04-26T15:06:28Z</time>
   </trkpt>
   <trkpt lat="48.0711310" lon="6.8833430">
    <ele>681.4</ele>
    <time>2024-04-26T15:06:29Z</time>
   </trkpt>
   <trkpt lat="48.0711040" lon="6.8833740">
    <ele>681.6</ele>
    <time>2024-04-26T15:06:30Z</time>
   </trkpt>
   <trkpt lat="48.0710770" lon="6.8834020">
    <ele>681.7</ele>
    <time>2024-04-26T15:06:31Z</time>
   </trkpt>
   <trkpt lat="48.0710500" lon="6.8834300">
    <ele>681.9</ele>
    <time>2024-04-26T15:06:32Z</time>
   </trkpt>
   <trkpt lat="48.0710230" lon="6.8834590">
    <ele>682.1</ele>
    <time>2024-04-26T15:06:33Z</time>
   </trkpt>
   <trkpt lat="48.0709960" lon="6.8834860">
    <ele>682.3</ele>
    <time>2024-04-26T15:06:34Z</time>
   </trkpt>
   <trkpt lat="48.0709690" lon="6.8835140">
    <ele>682.4</ele>
    <time>2024-04-26T15:06:35Z</time>
   </trkpt>
   <trkpt lat="48.0709420" lon="6.8835430">
    <ele>682.6</ele>
    <time>2024-04-26T15:06:36Z</time>
   </trkpt>
   <trkpt lat="48.0709160" lon="6.8835710">
    <ele>682.8</ele>
    <time>2024-04-26T15:06:37Z</time>
   </trkpt>
   <trkpt lat="48.0708890" lon="6.8835990">
    <ele>683.0</ele>
    <time>2024-04-26T15:06:38Z</time>
   </trkpt>
   <trkpt lat="48.0708630" lon="6.8836260">
    <ele>683.1</ele>
    <time>2024-04-26T15:06:39Z</time>
   </trkpt>
   <trkpt lat="48.0708370" lon="6.8836530">
    <ele>683.3</ele>
    <time>2024-04-26T15:06:40Z</time>
   </trkpt>
   <trkpt lat="48.0708120" lon="6.8836830">
    <ele>683.5</ele>
    <time>2024-04-26T15:06:41Z</time>
   </trkpt>
   <trkpt lat="48.0707870" lon="6.8837110">
    <ele>683.7</ele>
    <time>2024-04-26T15:06:42Z</time>
   </trkpt>
   <trkpt lat="48.0707620" lon="6.8837380">
    <ele>683.8</ele>
    <time>2024-04-26T15:06:43Z</time>
   </trkpt>
   <trkpt lat="48.0707370" lon="6.8837650">
    <ele>684.0</ele>
    <time>2024-04-26T15:06:44Z</time>
   </trkpt>
   <trkpt lat="48.0707120" lon="6.8837920">
    <ele>684.2</ele>
    <time>2024-04-26T15:06:45Z</time>
   </trkpt>
   <trkpt lat="48.0706870" lon="6.8838190">
    <ele>684.4</ele>
    <time>2024-04-26T15:06:46Z</time>
   </trkpt>
   <trkpt lat="48.0706610" lon="6.8838450">
    <ele>684.5</ele>
    <time>2024-04-26T15:06:47Z</time>
   </trkpt>
   <trkpt lat="48.0706360" lon="6.8838740">
    <ele>684.7</ele>
    <time>2024-04-26T15:06:48Z</time>
   </trkpt>
   <trkpt lat="48.0706110" lon="6.8839030">
    <ele>684.9</ele>
    <time>2024-04-26T15:06:49Z</time>
   </trkpt>
   <trkpt lat="48.0705860" lon="6.8839320">
    <ele>685.1</ele>
    <time>2024-04-26T15:06:50Z</time>
   </trkpt>
   <trkpt lat="48.0705620" lon="6.8839630">
    <ele>685.3</ele>
    <time>2024-04-26T15:06:51Z</time>
   </trkpt>
   <trkpt lat="48.0705400" lon="6.8839950">
    <ele>685.4</ele>
    <time>2024-04-26T15:06:52Z</time>
   </trkpt>
   <trkpt lat="48.0705190" lon="6.8840290">
    <ele>685.6</ele>
    <time>2024-04-26T15:06:53Z</time>
   </trkpt>
   <trkpt lat="48.0704980" lon="6.8840630">
    <ele>685.8</ele>
    <time>2024-04-26T15:06:54Z</time>
   </trkpt>
   <trkpt lat="48.0704770" lon="6.8840960">
    <ele>686.0</ele>
    <time>2024-04-26T15:06:55Z</time>
   </trkpt>
   <trkpt lat="48.0704560" lon="6.8841290">
    <ele>686.2</ele>
    <time>2024-04-26T15:06:56Z</time>
   </trkpt>
   <trkpt lat="48.0704340" lon="6.8841550">
    <ele>686.4</ele>
    <time>2024-04-26T15:06:57Z</time>
   </trkpt>
   <trkpt lat="48.0704080" lon="6.8841710">
    <ele>686.4</ele>
    <time>2024-04-26T15:06:58Z</time>
   </trkpt>
   <trkpt lat="48.0703750" lon="6.8841980">
    <ele>686.5</ele>
    <time>2024-04-26T15:06:59Z</time>
   </trkpt>
   <trkpt lat="48.0703650" lon="6.8842090">
    <ele>686.5</ele>
    <time>2024-04-26T15:07:00Z</time>
   </trkpt>
   <trkpt lat="48.0703520" lon="6.8842660">
    <ele>686.6</ele>
    <time>2024-04-26T15:07:01Z</time>
   </trkpt>
   <trkpt lat="48.0703510" lon="6.8842870">
    <ele>686.6</ele>
    <time>2024-04-26T15:07:02Z</time>
   </trkpt>
   <trkpt lat="48.0703500" lon="6.8843450">
    <ele>686.7</ele>
    <time>2024-04-26T15:07:03Z</time>
   </trkpt>
   <trkpt lat="48.0703490" lon="6.8843620">
    <ele>686.7</ele>
    <time>2024-04-26T15:07:04Z</time>
   </trkpt>
   <trkpt lat="48.0703380" lon="6.8844050">
    <ele>686.8</ele>
    <time>2024-04-26T15:07:05Z</time>
   </trkpt>
   <trkpt lat="48.0703360" lon="6.8844190">
    <ele>686.8</ele>
    <time>2024-04-26T15:07:06Z</time>
   </trkpt>
   <trkpt lat="48.0703330" lon="6.8844640">
    <ele>687.1</ele>
    <time>2024-04-26T15:07:07Z</time>
   </trkpt>
   <trkpt lat="48.0703320" lon="6.8844790">
    <ele>687.2</ele>
    <time>2024-04-26T15:07:08Z</time>
   </trkpt>
   <trkpt lat="48.0703340" lon="6.8845240">
    <ele>687.5</ele>
    <time>2024-04-26T15:07:09Z</time>
   </trkpt>
   <trkpt lat="48.0703360" lon="6.8845400">
    <ele>687.6</ele>
    <time>2024-04-26T15:07:10Z</time>
   </trkpt>
   <trkpt lat="48.0703410" lon="6.8845840">
    <ele>687.9</ele>
    <time>2024-04-26T15:07:11Z</time>
   </trkpt>
   <trkpt lat="48.0703430" lon="6.8845990">
    <ele>688.1</ele>
    <time>2024-04-26T15:07:12Z</time>
   </trkpt>
   <trkpt lat="48.0703500" lon="6.8846450">
    <ele>688.4</ele>
    <time>2024-04-26T15:07:13Z</time>
   </trkpt>
   <trkpt lat="48.0703520" lon="6.8846610">
    <ele>688.5</ele>
    <time>2024-04-26T15:07:14Z</time>
   </trkpt>
   <trkpt lat="48.0703580" lon="6.8847060">
    <ele>688.8</ele>
    <time>2024-04-26T15:07:15Z</time>
   </trkpt>
   <trkpt lat="48.0703600" lon="6.8847210">
    <ele>689.0</ele>
    <time>2024-04-26T15:07:16Z</time>
   </trkpt>
   <trkpt lat="48.0703710" lon="6.8847650">
    <ele>689.3</ele>
    <time>2024-04-26T15:07:17Z</time>
   </trkpt>
   <trkpt lat="48.0703750" lon="6.8847790">
    <ele>689.4</ele>
    <time>2024-04-26T15:07:18Z</time>
   </trkpt>
   <trkpt lat="48.0703920" lon="6.8848200">
    <ele>689.8</ele>
    <time>2024-04-26T15:07:19Z</time>
   </trkpt>
   <trkpt lat="48.0703980" lon="6.8848330">
    <ele>689.9</ele>
    <time>2024-04-26T15:07:20Z</time>
   </trkpt>
   <trkpt lat="48.0704160" lon="6.8848700">
    <ele>690.3</ele>
    <time>2024-04-26T15:07:21Z</time>
   </trkpt>
   <trkpt lat="48.0704220" lon="6.8848820">
    <ele>690.4</ele>
    <time>2024-04-26T15:07:22Z</time>
   </trkpt>
   <trkpt lat="48.0704420" lon="6.8849160">
    <ele>690.8</ele>
    <time>2024-04-26T15:07:23Z</time>
   </trkpt>
   <trkpt lat="48.0704480" lon="6.8849270">
    <ele>690.9</ele>
    <time>2024-04-26T15:07:24Z</time>
   </trkpt>
   <trkpt lat="48.0704690" lon="6.8849590">
    <ele>691.3</ele>
    <time>2024-04-26T15:07:25Z</time>
   </trkpt>
   <trkpt lat="48.0704760" lon="6.8849690">
    <ele>691.4</ele>
    <time>2024-04-26T15:07:26Z</time>
   </trkpt>
   <trkpt lat="48.0705040" lon="6.8849830">
    <ele>691.8</ele>
    <time>2024-04-26T15:07:27Z</time>
   </trkpt>
   <trkpt lat="48.0705130" lon="6.8849840">
    <ele>691.9</ele>
    <time>2024-04-26T15:07:28Z</time>
   </trkpt>
   <trkpt lat="48.0705310" lon="6.8849870">
    <ele>692.1</ele>
    <time>2024-04-26T15:07:29Z</time>
   </trkpt>
   <trkpt lat="48.0705470" lon="6.8850050">
    <ele>692.4</ele>
    <time>2024-04-26T15:07:30Z</time>
   </trkpt>
   <trkpt lat="48.0705700" lon="6.8850350">
    <ele>692.8</ele>
    <time>2024-04-26T15:07:31Z</time>
   </trkpt>
   <trkpt lat="48.0705780" lon="6.8850440">
    <ele>692.9</ele>
    <time>2024-04-26T15:07:32Z</time>
   </trkpt>
   <trkpt lat="48.0706040" lon="6.8850640">
    <ele>693.3</ele>
    <time>2024-04-26T15:07:33Z</time>
   </trkpt>
   <trkpt lat="48.0706130" lon="6.8850700">
    <ele>693.4</ele>
    <time>2024-04-26T15:07:34Z</time>
   </trkpt>
   <trkpt lat="48.0706390" lon="6.8850820">
    <ele>693.7</ele>
    <time>2024-04-26T15:07:35Z</time>
   </trkpt>
   <trkpt lat="48.0706490" lon="6.8850870">
    <ele>693.9</ele>
    <time>2024-04-26T15:07:36Z</time>
   </trkpt>
   <trkpt lat="48.0706770" lon="6.8851030">
    <ele>694.3</ele>
    <time>2024-04-26T15:07:37Z</time>
   </trkpt>
   <trkpt lat="48.0706860" lon="6.8851090">
    <ele>694.4</ele>
    <time>2024-04-26T15:07:38Z</time>
   </trkpt>
   <trkpt lat="48.0707130" lon="6.8851220">
    <ele>694.8</ele>
    <time>2024-04-26T15:07:39Z</time>
   </trkpt>
   <trkpt lat="48.0707220" lon="6.8851250">
    <ele>694.9</ele>
    <time>2024-04-26T15:07:40Z</time>
   </trkpt>
   <trkpt lat="48.0707510" lon="6.8851340">
    <ele>695.3</ele>
    <time>2024-04-26T15:07:41Z</time>
   </trkpt>
   <trkpt lat="48.0707600" lon="6.8851380">
    <ele>695.4</ele>
    <time>2024-04-26T15:07:42Z</time>
   </trkpt>
   <trkpt lat="48.0707870" lon="6.8851510">
    <ele>695.8</ele>
    <time>2024-04-26T15:07:43Z</time>
   </trkpt>
   <trkpt lat="48.0707960" lon="6.8851550">
    <ele>696.0</ele>
    <time>2024-04-26T15:07:44Z</time>
   </trkpt>
   <trkpt lat="48.0708130" lon="6.8851620">
    <ele>696.2</ele>
    <time>2024-04-26T15:07:45Z</time>
   </trkpt>
   <trkpt lat="48.0708300" lon="6.8851670">
    <ele>696.5</ele>
    <time>2024-04-26T15:07:46Z</time>
   </trkpt>
   <trkpt lat="48.0708570" lon="6.8851760">
    <ele>696.9</ele>
    <time>2024-04-26T15:07:47Z</time>
   </trkpt>
   <trkpt lat="48.0708670" lon="6.8851790">
    <ele>697.0</ele>
    <time>2024-04-26T15:07:48Z</time>
   </trkpt>
   <trkpt lat="48.0708970" lon="6.8851870">
    <ele>697.5</ele>
    <time>2024-04-26T15:07:49Z</time>
   </trkpt>
   <trkpt lat="48.0709060" lon="6.8851890">
    <ele>697.6</ele>
    <time>2024-04-26T15:07:50Z</time>
   </trkpt>
   <trkpt lat="48.0709360" lon="6.8851930">
    <ele>698.1</ele>
    <time>2024-04-26T15:07:51Z</time>
   </trkpt>
   <trkpt lat="48.0709460" lon="6.8851930">
    <ele>698.2</ele>
    <time>2024-04-26T15:07:52Z</time>
   </trkpt>
   <trkpt lat="48.0709740" lon="6.8851910">
    <ele>698.6</ele>
    <time>2024-04-26T15:07:53Z</time>
   </trkpt>
   <trkpt lat="48.0709840" lon="6.8851920">
    <ele>698.8</ele>
    <time>2024-04-26T15:07:54Z</time>
   </trkpt>
   <trkpt lat="48.0710020" lon="6.8851930">
    <ele>699.1</ele>
    <time>2024-04-26T15:07:55Z</time>
   </trkpt>
   <trkpt lat="48.0710190" lon="6.8851940">
    <ele>699.3</ele>
    <time>2024-04-26T15:07:56Z</time>
   </trkpt>
   <trkpt lat="48.0710350" lon="6.8852010">
    <ele>699.6</ele>
    <time>2024-04-26T15:07:57Z</time>
   </trkpt>
   <trkpt lat="48.0710520" lon="6.8852100">
    <ele>699.8</ele>
    <time>2024-04-26T15:07:58Z</time>
   </trkpt>
   <trkpt lat="48.0710690" lon="6.8852190">
    <ele>700.1</ele>
    <time>2024-04-26T15:07:59Z</time>
   </trkpt>
   <trkpt lat="48.0710860" lon="6.8852250">
    <ele>700.4</ele>
    <time>2024-04-26T15:08:00Z</time>
   </trkpt>
   <trkpt lat="48.0711030" lon="6.8852280">
    <ele>700.6</ele>
    <time>2024-04-26T15:08:01Z</time>
   </trkpt>
   <trkpt lat="48.0711200" lon="6.8852300">
    <ele>700.9</ele>
    <time>2024-04-26T15:08:02Z</time>
   </trkpt>
   <trkpt lat="48.0711370" lon="6.8852250">
    <ele>701.1</ele>
    <time>2024-04-26T15:08:03Z</time>
   </trkpt>
   <trkpt lat="48.0711540" lon="6.8852210">
    <ele>701.4</ele>
    <time>2024-04-26T15:08:04Z</time>
   </trkpt>
   <trkpt lat="48.0711710" lon="6.8852260">
    <ele>701.7</ele>
    <time>2024-04-26T15:08:05Z</time>
   </trkpt>
   <trkpt lat="48.0711880" lon="6.8852310">
    <ele>701.9</ele>
    <time>2024-04-26T15:08:06Z</time>
   </trkpt>
   <trkpt lat="48.0712050" lon="6.8852360">
    <ele>702.2</ele>
    <time>2024-04-26T15:08:07Z</time>
   </trkpt>
   <trkpt lat="48.0712220" lon="6.8852380">
    <ele>702.4</ele>
    <time>2024-04-26T15:08:08Z</time>
   </trkpt>
   <trkpt lat="48.0712380" lon="6.8852400">
    <ele>702.6</ele>
    <time>2024-04-26T15:08:09Z</time>
   </trkpt>
   <trkpt lat="48.0712530" lon="6.8852420">
    <ele>702.9</ele>
    <time>2024-04-26T15:08:10Z</time>
   </trkpt>
   <trkpt lat="48.0712680" lon="6.8852470">
    <ele>703.1</ele>
    <time>2024-04-26T15:08:11Z</time>
   </trkpt>
   <trkpt lat="48.0712830" lon="6.8852530">
    <ele>703.3</ele>
    <time>2024-04-26T15:08:12Z</time>
   </trkpt>
   <trkpt lat="48.0712990" lon="6.8852580">
    <ele>703.5</ele>
    <time>2024-04-26T15:08:13Z</time>
   </trkpt>
   <trkpt lat="48.0713150" lon="6.8852600">
    <ele>703.8</ele>
    <time>2024-04-26T15:08:14Z</time>
   </trkpt>
   <trkpt lat="48.0713320" lon="6.8852640">
    <ele>704.0</ele>
    <time>2024-04-26T15:08:15Z</time>
   </trkpt>
   <trkpt lat="48.0713490" lon="6.8852660">
    <ele>704.2</ele>
    <time>2024-04-26T15:08:16Z</time>
   </trkpt>
   <trkpt lat="48.0713660" lon="6.8852640">
    <ele>704.5</ele>
    <time>2024-04-26T15:08:17Z</time>
   </trkpt>
   <trkpt lat="48.0713830" lon="6.8852670">
    <ele>704.7</ele>
    <time>2024-04-26T15:08:18Z</time>
   </trkpt>
   <trkpt lat="48.0714090" lon="6.8852840">
    <ele>705.1</ele>
    <time>2024-04-26T15:08:19Z</time>
   </trkpt>
   <trkpt lat="48.0714170" lon="6.8852900">
    <ele>705.2</ele>
    <time>2024-04-26T15:08:20Z</time>
   </trkpt>
   <trkpt lat="48.0714420" lon="6.8853060">
    <ele>705.5</ele>
    <time>2024-04-26T15:08:21Z</time>
   </trkpt>
   <trkpt lat="48.0714500" lon="6.8853140">
    <ele>705.7</ele>
    <time>2024-04-26T15:08:22Z</time>
   </trkpt>
   <trkpt lat="48.0714730" lon="6.8853410">
    <ele>706.0</ele>
    <time>2024-04-26T15:08:23Z</time>
   </trkpt>
   <trkpt lat="48.0714800" lon="6.8853510">
    <ele>706.1</ele>
    <time>2024-04-26T15:08:24Z</time>
   </trkpt>
   <trkpt lat="48.0714980" lon="6.8853830">
    <ele>706.5</ele>
    <time>2024-04-26T15:08:25Z</time>
   </trkpt>
   <trkpt lat="48.0715040" lon="6.8853930">
    <ele>706.6</ele>
    <time>2024-04-26T15:08:26Z</time>
   </trkpt>
   <trkpt lat="48.0715150" lon="6.8854130">
    <ele>706.8</ele>
    <time>2024-04-26T15:08:27Z</time>
   </trkpt>
   <trkpt lat="48.0715240" lon="6.8854350">
    <ele>707.0</ele>
    <time>2024-04-26T15:08:28Z</time>
   </trkpt>
   <trkpt lat="48.0715290" lon="6.8854590">
    <ele>707.2</ele>
    <time>2024-04-26T15:08:29Z</time>
   </trkpt>
   <trkpt lat="48.0715340" lon="6.8854820">
    <ele>707.4</ele>
    <time>2024-04-26T15:08:30Z</time>
   </trkpt>
   <trkpt lat="48.0715390" lon="6.8855030">
    <ele>707.6</ele>
    <time>2024-04-26T15:08:31Z</time>
   </trkpt>
   <trkpt lat="48.0715450" lon="6.8855240">
    <ele>707.8</ele>
    <time>2024-04-26T15:08:32Z</time>
   </trkpt>
   <trkpt lat="48.0715520" lon="6.8855470">
    <ele>708.0</ele>
    <time>2024-04-26T15:08:33Z</time>
   </trkpt>
   <trkpt lat="48.0715560" lon="6.8855710">
    <ele>708.2</ele>
    <time>2024-04-26T15:08:34Z</time>
   </trkpt>
   <trkpt lat="48.0715550" lon="6.8855960">
    <ele>708.3</ele>
    <time>2024-04-26T15:08:35Z</time>
   </trkpt>
   <trkpt lat="48.0715520" lon="6.8856230">
    <ele>708.6</ele>
    <time>2024-04-26T15:08:36Z</time>
   </trkpt>
   <trkpt lat="48.0715480" lon="6.8856630">
    <ele>708.9</ele>
    <time>2024-04-26T15:08:37Z</time>
   </trkpt>
   <trkpt lat="48.0715460" lon="6.8856770">
    <ele>709.0</ele>
    <time>2024-04-26T15:08:38Z</time>
   </trkpt>
   <trkpt lat="48.0715440" lon="6.8857020">
    <ele>709.2</ele>
    <time>2024-04-26T15:08:39Z</time>
   </trkpt>
   <trkpt lat="48.0715390" lon="6.8857260">
    <ele>709.4</ele>
    <time>2024-04-26T15:08:40Z</time>
   </trkpt>
   <trkpt lat="48.0715320" lon="6.8857500">
    <ele>709.6</ele>
    <time>2024-04-26T15:08:41Z</time>
   </trkpt>
   <trkpt lat="48.0715240" lon="6.8857730">
    <ele>709.8</ele>
    <time>2024-04-26T15:08:42Z</time>
   </trkpt>
   <trkpt lat="48.0715130" lon="6.8857930">
    <ele>710.0</ele>
    <time>2024-04-26T15:08:43Z</time>
   </trkpt>
   <trkpt lat="48.0715000" lon="6.8858090">
    <ele>710.1</ele>
    <time>2024-04-26T15:08:44Z</time>
   </trkpt>
   <trkpt lat="48.0714800" lon="6.8858360">
    <ele>710.3</ele>
    <time>2024-04-26T15:08:45Z</time>
   </trkpt>
   <trkpt lat="48.0714730" lon="6.8858460">
    <ele>710.4</ele>
    <time>2024-04-26T15:08:46Z</time>
   </trkpt>
   <trkpt lat="48.0714510" lon="6.8858740">
    <ele>710.7</ele>
    <time>2024-04-26T15:08:47Z</time>
   </trkpt>
   <trkpt lat="48.0714440" lon="6.8858820">
    <ele>710.8</ele>
    <time>2024-04-26T15:08:48Z</time>
   </trkpt>
   <trkpt lat="48.0714200" lon="6.8859060">
    <ele>711.0</ele>
    <time>2024-04-26T15:08:49Z</time>
   </trkpt>
   <trkpt lat="48.0714120" lon="6.8859130">
    <ele>711.1</ele>
    <time>2024-04-26T15:08:50Z</time>
   </trkpt>
   <trkpt lat="48.0713950" lon="6.8859230">
    <ele>711.3</ele>
    <time>2024-04-26T15:08:51Z</time>
   </trkpt>
   <trkpt lat="48.0713790" lon="6.8859320">
    <ele>711.4</ele>
    <time>2024-04-26T15:08:52Z</time>
   </trkpt>
   <trkpt lat="48.0713620" lon="6.8859420">
    <ele>711.6</ele>
    <time>2024-04-26T15:08:53Z</time>
   </trkpt>
   <trkpt lat="48.0713460" lon="6.8859530">
    <ele>711.7</ele>
    <time>2024-04-26T15:08:54Z</time>
   </trkpt>
   <trkpt lat="48.0713210" lon="6.8859760">
    <ele>712.0</ele>
    <time>2024-04-26T15:08:55Z</time>
   </trkpt>
   <trkpt lat="48.0713130" lon="6.8859850">
    <ele>712.1</ele>
    <time>2024-04-26T15:08:56Z</time>
   </trkpt>
   <trkpt lat="48.0712920" lon="6.8860160">
    <ele>712.3</ele>
    <time>2024-04-26T15:08:57Z</time>
   </trkpt>
   <trkpt lat="48.0712840" lon="6.8860260">
    <ele>712.4</ele>
    <time>2024-04-26T15:08:58Z</time>
   </trkpt>
   <trkpt lat="48.0712620" lon="6.8860570">
    <ele>712.6</ele>
    <time>2024-04-26T15:08:59Z</time>
   </trkpt>
   <trkpt lat="48.0712550" lon="6.8860660">
    <ele>712.7</ele>
    <time>2024-04-26T15:09:00Z</time>
   </trkpt>
   <trkpt lat="48.0712290" lon="6.8860970">
    <ele>713.0</ele>
    <time>2024-04-26T15:09:01Z</time>
   </trkpt>
   <trkpt lat="48.0712200" lon="6.8861090">
    <ele>713.0</ele>
    <time>2024-04-26T15:09:02Z</time>
   </trkpt>
   <trkpt lat="48.0711950" lon="6.8861400">
    <ele>713.3</ele>
    <time>2024-04-26T15:09:03Z</time>
   </trkpt>
   <trkpt lat="48.0711860" lon="6.8861500">
    <ele>713.4</ele>
    <time>2024-04-26T15:09:04Z</time>
   </trkpt>
   <trkpt lat="48.0711600" lon="6.8861760">
    <ele>713.6</ele>
    <time>2024-04-26T15:09:05Z</time>
   </trkpt>
   <trkpt lat="48.0711520" lon="6.8861850">
    <ele>713.7</ele>
    <time>2024-04-26T15:09:06Z</time>
   </trkpt>
   <trkpt lat="48.0711250" lon="6.8862020">
    <ele>713.9</ele>
    <time>2024-04-26T15:09:07Z</time>
   </trkpt>
   <trkpt lat="48.0711150" lon="6.8862050">
    <ele>714.0</ele>
    <time>2024-04-26T15:09:08Z</time>
   </trkpt>
   <trkpt lat="48.0710860" lon="6.8862170">
    <ele>714.2</ele>
    <time>2024-04-26T15:09:09Z</time>
   </trkpt>
   <trkpt lat="48.0710770" lon="6.8862230">
    <ele>714.2</ele>
    <time>2024-04-26T15:09:10Z</time>
   </trkpt>
   <trkpt lat="48.0710490" lon="6.8862330">
    <ele>714.4</ele>
    <time>2024-04-26T15:09:11Z</time>
   </trkpt>
   <trkpt lat="48.0710390" lon="6.8862350">
    <ele>714.5</ele>
    <time>2024-04-26T15:09:12Z</time>
   </trkpt>
   <trkpt lat="48.0710100" lon="6.8862480">
    <ele>714.7</ele>
    <time>2024-04-26T15:09:13Z</time>
   </trkpt>
   <trkpt lat="48.0710000" lon="6.8862510">
    <ele>714.8</ele>
    <time>2024-04-26T15:09:14Z</time>
   </trkpt>
   <trkpt lat="48.0709700" lon="6.8862580">
    <ele>715.0</ele>
    <time>2024-04-26T15:09:15Z</time>
   </trkpt>
   <trkpt lat="48.0709610" lon="6.8862620">
    <ele>715.0</ele>
    <time>2024-04-26T15:09:16Z</time>
   </trkpt>
   <trkpt lat="48.0709320" lon="6.8862700">
    <ele>715.2</ele>
    <time>2024-04-26T15:09:17Z</time>
   </trkpt>
   <trkpt lat="48.0709220" lon="6.8862730">
    <ele>715.3</ele>
    <time>2024-04-26T15:09:18Z</time>
   </trkpt>
   <trkpt lat="48.0708920" lon="6.8862850">
    <ele>715.5</ele>
    <time>2024-04-26T15:09:19Z</time>
   </trkpt>
   <trkpt lat="48.0708820" lon="6.8862890">
    <ele>715.6</ele>
    <time>2024-04-26T15:09:20Z</time>
   </trkpt>
   <trkpt lat="48.0708530" lon="6.8862970">
    <ele>715.8</ele>
    <time>2024-04-26T15:09:21Z</time>
   </trkpt>
   <trkpt lat="48.0708430" lon="6.8863010">
    <ele>715.9</ele>
    <time>2024-04-26T15:09:22Z</time>
   </trkpt>
   <trkpt lat="48.0708140" lon="6.8863180">
    <ele>716.1</ele>
    <time>2024-04-26T15:09:23Z</time>
   </trkpt>
   <trkpt lat="48.0708040" lon="6.8863240">
    <ele>716.2</ele>
    <time>2024-04-26T15:09:24Z</time>
   </trkpt>
   <trkpt lat="48.0707730" lon="6.8863400">
    <ele>716.5</ele>
    <time>2024-04-26T15:09:25Z</time>
   </trkpt>
   <trkpt lat="48.0707620" lon="6.8863430">
    <ele>716.6</ele>
    <time>2024-04-26T15:09:26Z</time>
   </trkpt>
   <trkpt lat="48.0707310" lon="6.8863580">
    <ele>716.8</ele>
    <time>2024-04-26T15:09:27Z</time>
   </trkpt>
   <trkpt lat="48.0707200" lon="6.8863650">
    <ele>716.9</ele>
    <time>2024-04-26T15:09:28Z</time>
   </trkpt>
   <trkpt lat="48.0706890" lon="6.8863800">
    <ele>717.2</ele>
    <time>2024-04-26T15:09:29Z</time>
   </trkpt>
   <trkpt lat="48.0706790" lon="6.8863840">
    <ele>717.2</ele>
    <time>2024-04-26T15:09:30Z</time>
   </trkpt>
   <trkpt lat="48.0706490" lon="6.8863950">
    <ele>717.5</ele>
    <time>2024-04-26T15:09:31Z</time>
   </trkpt>
   <trkpt lat="48.0706400" lon="6.8864000">
    <ele>717.6</ele>
    <time>2024-04-26T15:09:32Z</time>
   </trkpt>
   <trkpt lat="48.0706230" lon="6.8864120">
    <ele>717.7</ele>
    <time>2024-04-26T15:09:33Z</time>
   </trkpt>
   <trkpt lat="48.0706090" lon="6.8864190">
    <ele>717.9</ele>
    <time>2024-04-26T15:09:34Z</time>
   </trkpt>
   <trkpt lat="48.0705980" lon="6.8864220">
    <ele>718.0</ele>
    <time>2024-04-26T15:09:35Z</time>
   </trkpt>
   <trkpt lat="48.0705890" lon="6.8864210">
    <ele>718.0</ele>
    <time>2024-04-26T15:09:36Z</time>
   </trkpt>
   <trkpt lat="48.0705840" lon="6.8864160">
    <ele>718.1</ele>
    <time>2024-04-26T15:09:37Z</time>
   </trkpt>
   <trkpt lat="48.0705790" lon="6.8864170">
    <ele>718.1</ele>
    <time>2024-04-26T15:09:38Z</time>
   </trkpt>
   <trkpt lat="48.0705710" lon="6.8864550">
    <ele>718.4</ele>
    <time>2024-04-26T15:09:39Z</time>
   </trkpt>
   <trkpt lat="48.0705680" lon="6.8864730">
    <ele>718.6</ele>
    <time>2024-04-26T15:09:40Z</time>
   </trkpt>
   <trkpt lat="48.0705570" lon="6.8865150">
    <ele>718.9</ele>
    <time>2024-04-26T15:09:41Z</time>
   </trkpt>
   <trkpt lat="48.0705540" lon="6.8865290">
    <ele>719.0</ele>
    <time>2024-04-26T15:09:42Z</time>
   </trkpt>
   <trkpt lat="48.0705510" lon="6.8865720">
    <ele>719.4</ele>
    <time>2024-04-26T15:09:43Z</time>
   </trkpt>
   <trkpt lat="48.0705520" lon="6.8865870">
    <ele>719.5</ele>
    <time>2024-04-26T15:09:44Z</time>
   </trkpt>
   <trkpt lat="48.0705570" lon="6.8866330">
    <ele>719.9</ele>
    <time>2024-04-26T15:09:45Z</time>
   </trkpt>
   <trkpt lat="48.0705580" lon="6.8866480">
    <ele>720.0</ele>
    <time>2024-04-26T15:09:46Z</time>
   </trkpt>
   <trkpt lat="48.0705590" lon="6.8866940">
    <ele>720.4</ele>
    <time>2024-04-26T15:09:47Z</time>
   </trkpt>
   <trkpt lat="48.0705600" lon="6.8867100">
    <ele>720.5</ele>
    <time>2024-04-26T15:09:48Z</time>
   </trkpt>
   <trkpt lat="48.0705640" lon="6.8867550">
    <ele>720.9</ele>
    <time>2024-04-26T15:09:49Z</time>
   </trkpt>
   <trkpt lat="48.0705670" lon="6.8867700">
    <ele>721.1</ele>
    <time>2024-04-26T15:09:50Z</time>
   </trkpt>
   <trkpt lat="48.0705840" lon="6.8868140">
    <ele>721.5</ele>
    <time>2024-04-26T15:09:51Z</time>
   </trkpt>
   <trkpt lat="48.0705890" lon="6.8868280">
    <ele>721.7</ele>
    <time>2024-04-26T15:09:52Z</time>
   </trkpt>
   <trkpt lat="48.0705930" lon="6.8868700">
    <ele>722.0</ele>
    <time>2024-04-26T15:09:53Z</time>
   </trkpt>
   <trkpt lat="48.0705910" lon="6.8868840">
    <ele>722.2</ele>
    <time>2024-04-26T15:09:54Z</time>
   </trkpt>
   <trkpt lat="48.0705700" lon="6.8869140">
    <ele>722.6</ele>
    <time>2024-04-26T15:09:55Z</time>
   </trkpt>
   <trkpt lat="48.0705620" lon="6.8869220">
    <ele>722.7</ele>
    <time>2024-04-26T15:09:56Z</time>
   </trkpt>
   <trkpt lat="48.0705520" lon="6.8869610">
    <ele>723.1</ele>
    <time>2024-04-26T15:09:57Z</time>
   </trkpt>
   <trkpt lat="48.0705540" lon="6.8869760">
    <ele>723.3</ele>
    <time>2024-04-26T15:09:58Z</time>
   </trkpt>
   <trkpt lat="48.0705740" lon="6.8870110">
    <ele>723.8</ele>
    <time>2024-04-26T15:09:59Z</time>
   </trkpt>
   <trkpt lat="48.0705810" lon="6.8870210">
    <ele>723.9</ele>
    <time>2024-04-26T15:10:00Z</time>
   </trkpt>
   <trkpt lat="48.0705870" lon="6.8870470">
    <ele>724.2</ele>
    <time>2024-04-26T15:10:01Z</time>
   </trkpt>
   <trkpt lat="48.0705800" lon="6.8870740">
    <ele>724.5</ele>
    <time>2024-04-26T15:10:02Z</time>
   </trkpt>
   <trkpt lat="48.0705610" lon="6.8871060">
    <ele>725.0</ele>
    <time>2024-04-26T15:10:03Z</time>
   </trkpt>
   <trkpt lat="48.0705560" lon="6.8871170">
    <ele>725.1</ele>
    <time>2024-04-26T15:10:04Z</time>
   </trkpt>
   <trkpt lat="48.0705580" lon="6.8871430">
    <ele>725.4</ele>
    <time>2024-04-26T15:10:05Z</time>
   </trkpt>
   <trkpt lat="48.0705720" lon="6.8871640">
    <ele>725.7</ele>
    <time>2024-04-26T15:10:06Z</time>
   </trkpt>
   <trkpt lat="48.0705860" lon="6.8871840">
    <ele>726.0</ele>
    <time>2024-04-26T15:10:07Z</time>
   </trkpt>
   <trkpt lat="48.0705890" lon="6.8872060">
    <ele>726.3</ele>
    <time>2024-04-26T15:10:08Z</time>
   </trkpt>
   <trkpt lat="48.0705720" lon="6.8872380">
    <ele>726.6</ele>
    <time>2024-04-26T15:10:09Z</time>
   </trkpt>
   <trkpt lat="48.0705640" lon="6.8872470">
    <ele>726.8</ele>
    <time>2024-04-26T15:10:10Z</time>
   </trkpt>
   <trkpt lat="48.0705510" lon="6.8872660">
    <ele>727.0</ele>
    <time>2024-04-26T15:10:11Z</time>
   </trkpt>
   <trkpt lat="48.0705460" lon="6.8872900">
    <ele>727.3</ele>
    <time>2024-04-26T15:10:12Z</time>
   </trkpt>
   <trkpt lat="48.0705530" lon="6.8873110">
    <ele>727.5</ele>
    <time>2024-04-26T15:10:13Z</time>
   </trkpt>
   <trkpt lat="48.0705660" lon="6.8873290">
    <ele>727.7</ele>
    <time>2024-04-26T15:10:14Z</time>
   </trkpt>
   <trkpt lat="48.0705760" lon="6.8873470">
    <ele>728.0</ele>
    <time>2024-04-26T15:10:15Z</time>
   </trkpt>
   <trkpt lat="48.0705740" lon="6.8873690">
    <ele>728.2</ele>
    <time>2024-04-26T15:10:16Z</time>
   </trkpt>
   <trkpt lat="48.0705490" lon="6.8873910">
    <ele>728.6</ele>
    <time>2024-04-26T15:10:17Z</time>
   </trkpt>
   <trkpt lat="48.0705400" lon="6.8873960">
    <ele>728.7</ele>
    <time>2024-04-26T15:10:18Z</time>
   </trkpt>
   <trkpt lat="48.0705160" lon="6.8874180">
    <ele>729.1</ele>
    <time>2024-04-26T15:10:19Z</time>
   </trkpt>
   <trkpt lat="48.0705100" lon="6.8874290">
    <ele>729.3</ele>
    <time>2024-04-26T15:10:20Z</time>
   </trkpt>
   <trkpt lat="48.0705090" lon="6.8874550">
    <ele>729.5</ele>
    <time>2024-04-26T15:10:21Z</time>
   </trkpt>
   <trkpt lat="48.0705190" lon="6.8874780">
    <ele>729.7</ele>
    <time>2024-04-26T15:10:22Z</time>
   </trkpt>
   <trkpt lat="48.0705310" lon="6.8874960">
    <ele>730.0</ele>
    <time>2024-04-26T15:10:23Z</time>
   </trkpt>
   <trkpt lat="48.0705370" lon="6.8875190">
    <ele>730.2</ele>
    <time>2024-04-26T15:10:24Z</time>
   </trkpt>
   <trkpt lat="48.0705310" lon="6.8875430">
    <ele>730.4</ele>
    <time>2024-04-26T15:10:25Z</time>
   </trkpt>
   <trkpt lat="48.0705170" lon="6.8875620">
    <ele>730.7</ele>
    <time>2024-04-26T15:10:26Z</time>
   </trkpt>
   <trkpt lat="48.0704950" lon="6.8875910">
    <ele>731.0</ele>
    <time>2024-04-26T15:10:27Z</time>
   </trkpt>
   <trkpt lat="48.0704890" lon="6.8876030">
    <ele>731.1</ele>
    <time>2024-04-26T15:10:28Z</time>
   </trkpt>
   <trkpt lat="48.0704830" lon="6.8876430">
    <ele>731.4</ele>
    <time>2024-04-26T15:10:29Z</time>
   </trkpt>
   <trkpt lat="48.0704820" lon="6.8876570">
    <ele>731.5</ele>
    <time>2024-04-26T15:10:30Z</time>
   </trkpt>
   <trkpt lat="48.0704780" lon="6.8876840">
    <ele>731.7</ele>
    <time>2024-04-26T15:10:31Z</time>
   </trkpt>
   <trkpt lat="48.0704720" lon="6.8877080">
    <ele>731.9</ele>
    <time>2024-04-26T15:10:32Z</time>
   </trkpt>
   <trkpt lat="48.0704630" lon="6.8877290">
    <ele>732.1</ele>
    <time>2024-04-26T15:10:33Z</time>
   </trkpt>
   <trkpt lat="48.0704530" lon="6.8877480">
    <ele>732.3</ele>
    <time>2024-04-26T15:10:34Z</time>
   </trkpt>
   <trkpt lat="48.0704340" lon="6.8877780">
    <ele>732.5</ele>
    <time>2024-04-26T15:10:35Z</time>
   </trkpt>
   <trkpt lat="48.0704280" lon="6.8877880">
    <ele>732.6</ele>
    <time>2024-04-26T15:10:36Z</time>
   </trkpt>
   <trkpt lat="48.0704180" lon="6.8878090">
    <ele>732.8</ele>
    <time>2024-04-26T15:10:37Z</time>
   </trkpt>
   <trkpt lat="48.0704070" lon="6.8878290">
    <ele>733.0</ele>
    <time>2024-04-26T15:10:38Z</time>
   </trkpt>
   <trkpt lat="48.0703960" lon="6.8878480">
    <ele>733.1</ele>
    <time>2024-04-26T15:10:39Z</time>
   </trkpt>
   <trkpt lat="48.0703840" lon="6.8878670">
    <ele>733.3</ele>
    <time>2024-04-26T15:10:40Z</time>
   </trkpt>
   <trkpt lat="48.0703710" lon="6.8878850">
    <ele>733.5</ele>
    <time>2024-04-26T15:10:41Z</time>
   </trkpt>
   <trkpt lat="48.0703570" lon="6.8879020">
    <ele>733.6</ele>
    <time>2024-04-26T15:10:42Z</time>
   </trkpt>
   <trkpt lat="48.0703420" lon="6.8879160">
    <ele>733.8</ele>
    <time>2024-04-26T15:10:43Z</time>
   </trkpt>
   <trkpt lat="48.0703270" lon="6.8879310">
    <ele>734.0</ele>
    <time>2024-04-26T15:10:44Z</time>
   </trkpt>
   <trkpt lat="48.0703130" lon="6.8879470">
    <ele>734.1</ele>
    <time>2024-04-26T15:10:45Z</time>
   </trkpt>
   <trkpt lat="48.0702990" lon="6.8879630">
    <ele>734.3</ele>
    <time>2024-04-26T15:10:46Z</time>
   </trkpt>
   <trkpt lat="48.0702820" lon="6.8879970">
    <ele>734.6</ele>
    <time>2024-04-26T15:10:47Z</time>
   </trkpt>
   <trkpt lat="48.0702770" lon="6.8880090">
    <ele>734.6</ele>
    <time>2024-04-26T15:10:48Z</time>
   </trkpt>
   <trkpt lat="48.0702610" lon="6.8880430">
    <ele>734.9</ele>
    <time>2024-04-26T15:10:49Z</time>
   </trkpt>
   <trkpt lat="48.0702550" lon="6.8880550">
    <ele>735.0</ele>
    <time>2024-04-26T15:10:50Z</time>
   </trkpt>
   <trkpt lat="48.0702360" lon="6.8880850">
    <ele>735.3</ele>
    <time>2024-04-26T15:10:51Z</time>
   </trkpt>
   <trkpt lat="48.0702290" lon="6.8880960">
    <ele>735.4</ele>
    <time>2024-04-26T15:10:52Z</time>
   </trkpt>
   <trkpt lat="48.0702110" lon="6.8881270">
    <ele>735.7</ele>
    <time>2024-04-26T15:10:53Z</time>
   </trkpt>
   <trkpt lat="48.0702040" lon="6.8881360">
    <ele>735.8</ele>
    <time>2024-04-26T15:10:54Z</time>
   </trkpt>
   <trkpt lat="48.0701860" lon="6.8881670">
    <ele>736.0</ele>
    <time>2024-04-26T15:10:55Z</time>
   </trkpt>
   <trkpt lat="48.0701800" lon="6.8881780">
    <ele>736.1</ele>
    <time>2024-04-26T15:10:56Z</time>
   </trkpt>
   <trkpt lat="48.0701690" lon="6.8881980">
    <ele>736.3</ele>
    <time>2024-04-26T15:10:57Z</time>
   </trkpt>
   <trkpt lat="48.0701570" lon="6.8882170">
    <ele>736.5</ele>
    <time>2024-04-26T15:10:58Z</time>
   </trkpt>
   <trkpt lat="48.0701470" lon="6.8882380">
    <ele>736.7</ele>
    <time>2024-04-26T15:10:59Z</time>
   </trkpt>
   <trkpt lat="48.0701350" lon="6.8882580">
    <ele>736.9</ele>
    <time>2024-04-26T15:11:00Z</time>
   </trkpt>
   <trkpt lat="48.0701240" lon="6.8882770">
    <ele>737.1</ele>
    <time>2024-04-26T15:11:01Z</time>
   </trkpt>
   <trkpt lat="48.0701110" lon="6.8882950">
    <ele>737.3</ele>
    <time>2024-04-26T15:11:02Z</time>
   </trkpt>
   <trkpt lat="48.0700990" lon="6.8883110">
    <ele>737.5</ele>
    <time>2024-04-26T15:11:03Z</time>
   </trkpt>
   <trkpt lat="48.0700880" lon="6.8883280">
    <ele>737.7</ele>
    <time>2024-04-26T15:11:04Z</time>
   </trkpt>
   <trkpt lat="48.0700800" lon="6.8883490">
    <ele>737.9</ele>
    <time>2024-04-26T15:11:05Z</time>
   </trkpt>
   <trkpt lat="48.0700710" lon="6.8883700">
    <ele>738.1</ele>
    <time>2024-04-26T15:11:06Z</time>
   </trkpt>
   <trkpt lat="48.0700590" lon="6.8883880">
    <ele>738.3</ele>
    <time>2024-04-26T15:11:07Z</time>
   </trkpt>
   <trkpt lat="48.0700470" lon="6.8884040">
    <ele>738.5</ele>
    <time>2024-04-26T15:11:08Z</time>
   </trkpt>
   <trkpt lat="48.0700380" lon="6.8884240">
    <ele>738.8</ele>
    <time>2024-04-26T15:11:09Z</time>
   </trkpt>
   <trkpt lat="48.0700300" lon="6.8884450">
    <ele>739.0</ele>
    <time>2024-04-26T15:11:10Z</time>
   </trkpt>
   <trkpt lat="48.0700200" lon="6.8884640">
    <ele>739.2</ele>
    <time>2024-04-26T15:11:11Z</time>
   </trkpt>
   <trkpt lat="48.0700110" lon="6.8884830">
    <ele>739.4</ele>
    <time>2024-04-26T15:11:12Z</time>
   </trkpt>
   <trkpt lat="48.0700020" lon="6.8885040">
    <ele>739.6</ele>
    <time>2024-04-26T15:11:13Z</time>
   </trkpt>
   <trkpt lat="48.0699980" lon="6.8885290">
    <ele>739.8</ele>
    <time>2024-04-26T15:11:14Z</time>
   </trkpt>
   <trkpt lat="48.0699950" lon="6.8885530">
    <ele>740.1</ele>
    <time>2024-04-26T15:11:15Z</time>
   </trkpt>
   <trkpt lat="48.0699920" lon="6.8885760">
    <ele>740.3</ele>
    <time>2024-04-26T15:11:16Z</time>
   </trkpt>
   <trkpt lat="48.0699890" lon="6.8885970">
    <ele>740.5</ele>
    <time>2024-04-26T15:11:17Z</time>
   </trkpt>
   <trkpt lat="48.0699860" lon="6.8886130">
    <ele>740.6</ele>
    <time>2024-04-26T15:11:18Z</time>
   </trkpt>
   <trkpt lat="48.0699840" lon="6.8886260">
    <ele>740.7</ele>
    <time>2024-04-26T15:11:19Z</time>
   </trkpt>
   <trkpt lat="48.0699920" lon="6.8886510">
    <ele>741.0</ele>
    <time>2024-04-26T15:11:20Z</time>
   </trkpt>
   <trkpt lat="48.0699970" lon="6.8886620">
    <ele>741.1</ele>
    <time>2024-04-26T15:11:21Z</time>
   </trkpt>
   <trkpt lat="48.0700030" lon="6.8886730">
    <ele>741.3</ele>
    <time>2024-04-26T15:11:22Z</time>
   </trkpt>
   <trkpt lat="48.0700140" lon="6.8886870">
    <ele>741.5</ele>
    <time>2024-04-26T15:11:23Z</time>
   </trkpt>
   <trkpt lat="48.0700250" lon="6.8887010">
    <ele>741.7</ele>
    <time>2024-04-26T15:11:24Z</time>
   </trkpt>
   <trkpt lat="48.0700360" lon="6.8887170">
    <ele>742.0</ele>
    <time>2024-04-26T15:11:25Z</time>
   </trkpt>
   <trkpt lat="48.0700460" lon="6.8887340">
    <ele>742.2</ele>
    <time>2024-04-26T15:11:26Z</time>
   </trkpt>
   <trkpt lat="48.0700560" lon="6.8887490">
    <ele>742.4</ele>
    <time>2024-04-26T15:11:27Z</time>
   </trkpt>
   <trkpt lat="48.0700680" lon="6.8887620">
    <ele>742.6</ele>
    <time>2024-04-26T15:11:28Z</time>
   </trkpt>
   <trkpt lat="48.0700820" lon="6.8887720">
    <ele>742.9</ele>
    <time>2024-04-26T15:11:29Z</time>
   </trkpt>
   <trkpt lat="48.0700950" lon="6.8887800">
    <ele>743.1</ele>
    <time>2024-04-26T15:11:30Z</time>
   </trkpt>
   <trkpt lat="48.0701090" lon="6.8887870">
    <ele>743.4</ele>
    <time>2024-04-26T15:11:31Z</time>
   </trkpt>
   <trkpt lat="48.0701230" lon="6.8887970">
    <ele>743.6</ele>
    <time>2024-04-26T15:11:32Z</time>
   </trkpt>
   <trkpt lat="48.0701380" lon="6.8888070">
    <ele>743.9</ele>
    <time>2024-04-26T15:11:33Z</time>
   </trkpt>
   <trkpt lat="48.0701520" lon="6.8888170">
    <ele>744.1</ele>
    <time>2024-04-26T15:11:34Z</time>
   </trkpt>
   <trkpt lat="48.0701670" lon="6.8888260">
    <ele>744.4</ele>
    <time>2024-04-26T15:11:35Z</time>
   </trkpt>
   <trkpt lat="48.0701810" lon="6.8888320">
    <ele>744.7</ele>
    <time>2024-04-26T15:11:36Z</time>
   </trkpt>
   <trkpt lat="48.0701960" lon="6.8888380">
    <ele>745.0</ele>
    <time>2024-04-26T15:11:37Z</time>
   </trkpt>
   <trkpt lat="48.0702110" lon="6.8888430">
    <ele>745.2</ele>
    <time>2024-04-26T15:11:38Z</time>
   </trkpt>
   <trkpt lat="48.0702250" lon="6.8888500">
    <ele>745.5</ele>
    <time>2024-04-26T15:11:39Z</time>
   </trkpt>
   <trkpt lat="48.0702380" lon="6.8888560">
    <ele>745.7</ele>
    <time>2024-04-26T15:11:40Z</time>
   </trkpt>
   <trkpt lat="48.0702520" lon="6.8888620">
    <ele>746.0</ele>
    <time>2024-04-26T15:11:41Z</time>
   </trkpt>
   <trkpt lat="48.0702660" lon="6.8888680">
    <ele>746.3</ele>
    <time>2024-04-26T15:11:42Z</time>
   </trkpt>
   <trkpt lat="48.0702810" lon="6.8888760">
    <ele>746.6</ele>
    <time>2024-04-26T15:11:43Z</time>
   </trkpt>
   <trkpt lat="48.0702940" lon="6.8888870">
    <ele>746.9</ele>
    <time>2024-04-26T15:11:44Z</time>
   </trkpt>
   <trkpt lat="48.0703060" lon="6.8888990">
    <ele>747.1</ele>
    <time>2024-04-26T15:11:45Z</time>
   </trkpt>
   <trkpt lat="48.0703180" lon="6.8889090">
    <ele>747.4</ele>
    <time>2024-04-26T15:11:46Z</time>
   </trkpt>
   <trkpt lat="48.0703310" lon="6.8889180">
    <ele>747.7</ele>
    <time>2024-04-26T15:11:47Z</time>
   </trkpt>
   <trkpt lat="48.0703450" lon="6.8889260">
    <ele>748.0</ele>
    <time>2024-04-26T15:11:48Z</time>
   </trkpt>
   <trkpt lat="48.0703580" lon="6.8889320">
    <ele>748.3</ele>
    <time>2024-04-26T15:11:49Z</time>
   </trkpt>
   <trkpt lat="48.0703720" lon="6.8889390">
    <ele>748.5</ele>
    <time>2024-04-26T15:11:50Z</time>
   </trkpt>
   <trkpt lat="48.0703860" lon="6.8889460">
    <ele>748.8</ele>
    <time>2024-04-26T15:11:51Z</time>
   </trkpt>
   <trkpt lat="48.0704010" lon="6.8889500">
    <ele>749.1</ele>
    <time>2024-04-26T15:11:52Z</time>
   </trkpt>
   <trkpt lat="48.0704160" lon="6.8889550">
    <ele>749.4</ele>
    <time>2024-04-26T15:11:53Z</time>
   </trkpt>
   <trkpt lat="48.0704290" lon="6.8889620">
    <ele>749.7</ele>
    <time>2024-04-26T15:11:54Z</time>
   </trkpt>
   <trkpt lat="48.0704430" lon="6.8889830">
    <ele>750.3</ele>
    <time>2024-04-26T15:11:55Z</time>
   </trkpt>
   <trkpt lat="48.0704480" lon="6.8889930">
    <ele>750.4</ele>
    <time>2024-04-26T15:11:56Z</time>
   </trkpt>
   <trkpt lat="48.0704530" lon="6.8890040">
    <ele>750.6</ele>
    <time>2024-04-26T15:11:57Z</time>
   </trkpt>
   <trkpt lat="48.0704550" lon="6.8890340">
    <ele>751.0</ele>
    <time>2024-04-26T15:11:58Z</time>
   </trkpt>
   <trkpt lat="48.0704540" lon="6.8890460">
    <ele>751.1</ele>
    <time>2024-04-26T15:11:59Z</time>
   </trkpt>
   <trkpt lat="48.0704530" lon="6.8890590">
    <ele>751.3</ele>
    <time>2024-04-26T15:12:00Z</time>
   </trkpt>
   <trkpt lat="48.0704500" lon="6.8890800">
    <ele>751.5</ele>
    <time>2024-04-26T15:12:01Z</time>
   </trkpt>
   <trkpt lat="48.0704480" lon="6.8891010">
    <ele>751.8</ele>
    <time>2024-04-26T15:12:02Z</time>
   </trkpt>
   <trkpt lat="48.0704460" lon="6.8891230">
    <ele>752.1</ele>
    <time>2024-04-26T15:12:03Z</time>
   </trkpt>
   <trkpt lat="48.0704450" lon="6.8891480">
    <ele>752.4</ele>
    <time>2024-04-26T15:12:04Z</time>
   </trkpt>
   <trkpt lat="48.0704460" lon="6.8891730">
    <ele>752.6</ele>
    <time>2024-04-26T15:12:05Z</time>
   </trkpt>
   <trkpt lat="48.0704490" lon="6.8891950">
    <ele>752.9</ele>
    <time>2024-04-26T15:12:06Z</time>
   </trkpt>
   <trkpt lat="48.0704540" lon="6.8892140">
    <ele>753.1</ele>
    <time>2024-04-26T15:12:07Z</time>
   </trkpt>
   <trkpt lat="48.0704570" lon="6.8892340">
    <ele>753.4</ele>
    <time>2024-04-26T15:12:08Z</time>
   </trkpt>
   <trkpt lat="48.0704580" lon="6.8892550">
    <ele>753.6</ele>
    <time>2024-04-26T15:12:09Z</time>
   </trkpt>
   <trkpt lat="48.0704560" lon="6.8892760">
    <ele>753.9</ele>
    <time>2024-04-26T15:12:10Z</time>
   </trkpt>
   <trkpt lat="48.0704510" lon="6.8893070">
    <ele>754.2</ele>
    <time>2024-04-26T15:12:11Z</time>
   </trkpt>
   <trkpt lat="48.0704490" lon="6.8893190">
    <ele>754.4</ele>
    <time>2024-04-26T15:12:12Z</time>
   </trkpt>
   <trkpt lat="48.0704460" lon="6.8893310">
    <ele>754.5</ele>
    <time>2024-04-26T15:12:13Z</time>
   </trkpt>
   <trkpt lat="48.0704370" lon="6.8893610">
    <ele>754.9</ele>
    <time>2024-04-26T15:12:14Z</time>
   </trkpt>
   <trkpt lat="48.0704330" lon="6.8893730">
    <ele>755.1</ele>
    <time>2024-04-26T15:12:15Z</time>
   </trkpt>
   <trkpt lat="48.0704290" lon="6.8893840">
    <ele>755.2</ele>
    <time>2024-04-26T15:12:16Z</time>
   </trkpt>
   <trkpt lat="48.0704190" lon="6.8894130">
    <ele>755.6</ele>
    <time>2024-04-26T15:12:17Z</time>
   </trkpt>
   <trkpt lat="48.0704140" lon="6.8894260">
    <ele>755.8</ele>
    <time>2024-04-26T15:12:18Z</time>
   </trkpt>
   <trkpt lat="48.0704100" lon="6.8894380">
    <ele>755.9</ele>
    <time>2024-04-26T15:12:19Z</time>
   </trkpt>
   <trkpt lat="48.0704060" lon="6.8894570">
    <ele>756.1</ele>
    <time>2024-04-26T15:12:20Z</time>
   </trkpt>
   <trkpt lat="48.0704020" lon="6.8894770">
    <ele>756.4</ele>
    <time>2024-04-26T15:12:21Z</time>
   </trkpt>
   <trkpt lat="48.0703970" lon="6.8894980">
    <ele>756.6</ele>
    <time>2024-04-26T15:12:22Z</time>
   </trkpt>
   <trkpt lat="48.0703930" lon="6.8895170">
    <ele>756.9</ele>
    <time>2024-04-26T15:12:23Z</time>
   </trkpt>
   <trkpt lat="48.0703870" lon="6.8895360">
    <ele>757.1</ele>
    <time>2024-04-26T15:12:24Z</time>
   </trkpt>
   <trkpt lat="48.0703800" lon="6.8895550">
    <ele>757.3</ele>
    <time>2024-04-26T15:12:25Z</time>
   </trkpt>
   <trkpt lat="48.0703740" lon="6.8895730">
    <ele>757.6</ele>
    <time>2024-04-26T15:12:26Z</time>
   </trkpt>
   <trkpt lat="48.0703670" lon="6.8895910">
    <ele>757.8</ele>
    <time>2024-04-26T15:12:27Z</time>
   </trkpt>
   <trkpt lat="48.0703600" lon="6.8896100">
    <ele>758.1</ele>
    <time>2024-04-26T15:12:28Z</time>
   </trkpt>
   <trkpt lat="48.0703540" lon="6.8896280">
    <ele>758.3</ele>
    <time>2024-04-26T15:12:29Z</time>
   </trkpt>
   <trkpt lat="48.0703400" lon="6.8896540">
    <ele>758.7</ele>
    <time>2024-04-26T15:12:30Z</time>
   </trkpt>
   <trkpt lat="48.0703340" lon="6.8896630">
    <ele>758.8</ele>
    <time>2024-04-26T15:12:31Z</time>
   </trkpt>
   <trkpt lat="48.0703290" lon="6.8896730">
    <ele>758.9</ele>
    <time>2024-04-26T15:12:32Z</time>
   </trkpt>
   <trkpt lat="48.0703140" lon="6.8896940">
    <ele>759.3</ele>
    <time>2024-04-26T15:12:33Z</time>
   </trkpt>
   <trkpt lat="48.0703070" lon="6.8897010">
    <ele>759.4</ele>
    <time>2024-04-26T15:12:34Z</time>
   </trkpt>
   <trkpt lat="48.0703000" lon="6.8897080">
    <ele>759.6</ele>
    <time>2024-04-26T15:12:35Z</time>
   </trkpt>
   <trkpt lat="48.0702810" lon="6.8897220">
    <ele>759.9</ele>
    <time>2024-04-26T15:12:36Z</time>
   </trkpt>
   <trkpt lat="48.0702730" lon="6.8897270">
    <ele>760.1</ele>
    <time>2024-04-26T15:12:37Z</time>
   </trkpt>
   <trkpt lat="48.0702660" lon="6.8897330">
    <ele>760.2</ele>
    <time>2024-04-26T15:12:38Z</time>
   </trkpt>
   <trkpt lat="48.0702460" lon="6.8897450">
    <ele>760.6</ele>
    <time>2024-04-26T15:12:39Z</time>
   </trkpt>
   <trkpt lat="48.0702380" lon="6.8897510">
    <ele>760.7</ele>
    <time>2024-04-26T15:12:40Z</time>
   </trkpt>
   <trkpt lat="48.0702300" lon="6.8897560">
    <ele>760.9</ele>
    <time>2024-04-26T15:12:41Z</time>
   </trkpt>
   <trkpt lat="48.0702100" lon="6.8897680">
    <ele>761.2</ele>
    <time>2024-04-26T15:12:42Z</time>
   </trkpt>
   <trkpt lat="48.0702020" lon="6.8897740">
    <ele>761.4</ele>
    <time>2024-04-26T15:12:43Z</time>
   </trkpt>
   <trkpt lat="48.0701940" lon="6.8897790">
    <ele>761.5</ele>
    <time>2024-04-26T15:12:44Z</time>
   </trkpt>
   <trkpt lat="48.0701820" lon="6.8897900">
    <ele>761.8</ele>
    <time>2024-04-26T15:12:45Z</time>
   </trkpt>
   <trkpt lat="48.0701720" lon="6.8898030">
    <ele>762.0</ele>
    <time>2024-04-26T15:12:46Z</time>
   </trkpt>
   <trkpt lat="48.0701610" lon="6.8898160">
    <ele>762.2</ele>
    <time>2024-04-26T15:12:47Z</time>
   </trkpt>
   <trkpt lat="48.0701500" lon="6.8898270">
    <ele>762.5</ele>
    <time>2024-04-26T15:12:48Z</time>
   </trkpt>
   <trkpt lat="48.0701370" lon="6.8898370">
    <ele>762.7</ele>
    <time>2024-04-26T15:12:49Z</time>
   </trkpt>
   <trkpt lat="48.0701250" lon="6.8898450">
    <ele>762.9</ele>
    <time>2024-04-26T15:12:50Z</time>
   </trkpt>
   <trkpt lat="48.0701130" lon="6.8898540">
    <ele>763.1</ele>
    <time>2024-04-26T15:12:51Z</time>
   </trkpt>
   <trkpt lat="48.0701020" lon="6.8898650">
    <ele>763.4</ele>
    <time>2024-04-26T15:12:52Z</time>
   </trkpt>
   <trkpt lat="48.0700830" lon="6.8898810">
    <ele>763.7</ele>
    <time>2024-04-26T15:12:53Z</time>
   </trkpt>
   <trkpt lat="48.0700750" lon="6.8898870">
    <ele>763.9</ele>
    <time>2024-04-26T15:12:54Z</time>
   </trkpt>
   <trkpt lat="48.0700680" lon="6.8898920">
    <ele>764.0</ele>
    <time>2024-04-26T15:12:55Z</time>
   </trkpt>
   <trkpt lat="48.0700500" lon="6.8899070">
    <ele>764.3</ele>
    <time>2024-04-26T15:12:56Z</time>
   </trkpt>
   <trkpt lat="48.0700420" lon="6.8899130">
    <ele>764.5</ele>
    <time>2024-04-26T15:12:57Z</time>
   </trkpt>
   <trkpt lat="48.0700350" lon="6.8899190">
    <ele>764.6</ele>
    <time>2024-04-26T15:12:58Z</time>
   </trkpt>
   <trkpt lat="48.0700180" lon="6.8899360">
    <ele>765.0</ele>
    <time>2024-04-26T15:12:59Z</time>
   </trkpt>
   <trkpt lat="48.0700110" lon="6.8899430">
    <ele>765.1</ele>
    <time>2024-04-26T15:13:00Z</time>
   </trkpt>
   <trkpt lat="48.0700050" lon="6.8899500">
    <ele>765.2</ele>
    <time>2024-04-26T15:13:01Z</time>
   </trkpt>
   <trkpt lat="48.0699890" lon="6.8899690">
    <ele>765.6</ele>
    <time>2024-04-26T15:13:02Z</time>
   </trkpt>
   <trkpt lat="48.0699820" lon="6.8899770">
    <ele>765.7</ele>
    <time>2024-04-26T15:13:03Z</time>
   </trkpt>
   <trkpt lat="48.0699750" lon="6.8899850">
    <ele>765.8</ele>
    <time>2024-04-26T15:13:04Z</time>
   </trkpt>
   <trkpt lat="48.0699660" lon="6.8899960">
    <ele>766.0</ele>
    <time>2024-04-26T15:13:05Z</time>
   </trkpt>
   <trkpt lat="48.0699570" lon="6.8900070">
    <ele>766.2</ele>
    <time>2024-04-26T15:13:06Z</time>
   </trkpt>
   <trkpt lat="48.0699470" lon="6.8900190">
    <ele>766.4</ele>
    <time>2024-04-26T15:13:07Z</time>
   </trkpt>
   <trkpt lat="48.0699380" lon="6.8900300">
    <ele>766.6</ele>
    <time>2024-04-26T15:13:08Z</time>
   </trkpt>
   <trkpt lat="48.0699280" lon="6.8900410">
    <ele>766.8</ele>
    <time>2024-04-26T15:13:09Z</time>
   </trkpt>
   <trkpt lat="48.0699190" lon="6.8900510">
    <ele>767.0</ele>
    <time>2024-04-26T15:13:10Z</time>
   </trkpt>
   <trkpt lat="48.0699020" lon="6.8900700">
    <ele>767.4</ele>
    <time>2024-04-26T15:13:11Z</time>
   </trkpt>
   <trkpt lat="48.0698960" lon="6.8900780">
    <ele>767.5</ele>
    <time>2024-04-26T15:13:12Z</time>
   </trkpt>
   <trkpt lat="48.0698890" lon="6.8900870">
    <ele>767.6</ele>
    <time>2024-04-26T15:13:13Z</time>
   </trkpt>
   <trkpt lat="48.0698740" lon="6.8901090">
    <ele>768.0</ele>
    <time>2024-04-26T15:13:14Z</time>
   </trkpt>
   <trkpt lat="48.0698680" lon="6.8901180">
    <ele>768.1</ele>
    <time>2024-04-26T15:13:15Z</time>
   </trkpt>
   <trkpt lat="48.0698620" lon="6.8901280">
    <ele>768.3</ele>
    <time>2024-04-26T15:13:16Z</time>
   </trkpt>
   <trkpt lat="48.0698480" lon="6.8901510">
    <ele>768.6</ele>
    <time>2024-04-26T15:13:17Z</time>
   </trkpt>
   <trkpt lat="48.0698430" lon="6.8901610">
    <ele>768.7</ele>
    <time>2024-04-26T15:13:18Z</time>
   </trkpt>
   <trkpt lat="48.0698370" lon="6.8901710">
    <ele>768.8</ele>
    <time>2024-04-26T15:13:19Z</time>
   </trkpt>
   <trkpt lat="48.0698220" lon="6.8901940">
    <ele>769.2</ele>
    <time>2024-04-26T15:13:20Z</time>
   </trkpt>
   <trkpt lat="48.0698150" lon="6.8902040">
    <ele>769.3</ele>
    <time>2024-04-26T15:13:21Z</time>
   </trkpt>
   <trkpt lat="48.0698090" lon="6.8902130">
    <ele>769.4</ele>
    <time>2024-04-26T15:13:22Z</time>
   </trkpt>
   <trkpt lat="48.0697990" lon="6.8902290">
    <ele>769.7</ele>
    <time>2024-04-26T15:13:23Z</time>
   </trkpt>
   <trkpt lat="48.0697870" lon="6.8902470">
    <ele>769.9</ele>
    <time>2024-04-26T15:13:24Z</time>
   </trkpt>
   <trkpt lat="48.0697760" lon="6.8902640">
    <ele>770.1</ele>
    <time>2024-04-26T15:13:25Z</time>
   </trkpt>
   <trkpt lat="48.0697650" lon="6.8902820">
    <ele>770.4</ele>
    <time>2024-04-26T15:13:26Z</time>
   </trkpt>
   <trkpt lat="48.0697540" lon="6.8903000">
    <ele>770.6</ele>
    <time>2024-04-26T15:13:27Z</time>
   </trkpt>
   <trkpt lat="48.0697480" lon="6.8903200">
    <ele>770.8</ele>
    <time>2024-04-26T15:13:28Z</time>
   </trkpt>
   <trkpt lat="48.0697460" lon="6.8903420">
    <ele>771.0</ele>
    <time>2024-04-26T15:13:29Z</time>
   </trkpt>
   <trkpt lat="48.0697480" lon="6.8903660">
    <ele>771.2</ele>
    <time>2024-04-26T15:13:30Z</time>
   </trkpt>
   <trkpt lat="48.0697510" lon="6.8903920">
    <ele>771.5</ele>
    <time>2024-04-26T15:13:31Z</time>
   </trkpt>
   <trkpt lat="48.0697500" lon="6.8904170">
    <ele>771.7</ele>
    <time>2024-04-26T15:13:32Z</time>
   </trkpt>
   <trkpt lat="48.0697330" lon="6.8904350">
    <ele>772.0</ele>
    <time>2024-04-26T15:13:33Z</time>
   </trkpt>
   <trkpt lat="48.0697240" lon="6.8904350">
    <ele>772.1</ele>
    <time>2024-04-26T15:13:34Z</time>
   </trkpt>
   <trkpt lat="48.0697140" lon="6.8904350">
    <ele>772.2</ele>
    <time>2024-04-26T15:13:35Z</time>
   </trkpt>
   <trkpt lat="48.0696990" lon="6.8904290">
    <ele>772.4</ele>
    <time>2024-04-26T15:13:36Z</time>
   </trkpt>
   <trkpt lat="48.0696850" lon="6.8904330">
    <ele>772.6</ele>
    <time>2024-04-26T15:13:37Z</time>
   </trkpt>
   <trkpt lat="48.0696730" lon="6.8904510">
    <ele>772.8</ele>
    <time>2024-04-26T15:13:38Z</time>
   </trkpt>
   <trkpt lat="48.0696650" lon="6.8904740">
    <ele>773.1</ele>
    <time>2024-04-26T15:13:39Z</time>
   </trkpt>
   <trkpt lat="48.0696570" lon="6.8904970">
    <ele>773.3</ele>
    <time>2024-04-26T15:13:40Z</time>
   </trkpt>
   <trkpt lat="48.0696490" lon="6.8905200">
    <ele>773.6</ele>
    <time>2024-04-26T15:13:41Z</time>
   </trkpt>
   <trkpt lat="48.0696400" lon="6.8905400">
    <ele>773.8</ele>
    <time>2024-04-26T15:13:42Z</time>
   </trkpt>
   <trkpt lat="48.0696300" lon="6.8905590">
    <ele>774.0</ele>
    <time>2024-04-26T15:13:43Z</time>
   </trkpt>
   <trkpt lat="48.0696220" lon="6.8905800">
    <ele>774.2</ele>
    <time>2024-04-26T15:13:44Z</time>
   </trkpt>
   <trkpt lat="48.0696140" lon="6.8906030">
    <ele>774.4</ele>
    <time>2024-04-26T15:13:45Z</time>
   </trkpt>
   <trkpt lat="48.0696070" lon="6.8906260">
    <ele>774.7</ele>
    <time>2024-04-26T15:13:46Z</time>
   </trkpt>
   <trkpt lat="48.0696000" lon="6.8906490">
    <ele>774.9</ele>
    <time>2024-04-26T15:13:47Z</time>
   </trkpt>
   <trkpt lat="48.0695910" lon="6.8906710">
    <ele>775.1</ele>
    <time>2024-04-26T15:13:48Z</time>
   </trkpt>
   <trkpt lat="48.0695820" lon="6.8906910">
    <ele>775.4</ele>
    <time>2024-04-26T15:13:49Z</time>
   </trkpt>
   <trkpt lat="48.0695720" lon="6.8907100">
    <ele>775.6</ele>
    <time>2024-04-26T15:13:50Z</time>
   </trkpt>
   <trkpt lat="48.0695620" lon="6.8907300">
    <ele>775.8</ele>
    <time>2024-04-26T15:13:51Z</time>
   </trkpt>
   <trkpt lat="48.0695520" lon="6.8907490">
    <ele>776.0</ele>
    <time>2024-04-26T15:13:52Z</time>
   </trkpt>
   <trkpt lat="48.0695430" lon="6.8907700">
    <ele>776.3</ele>
    <time>2024-04-26T15:13:53Z</time>
   </trkpt>
   <trkpt lat="48.0695350" lon="6.8907920">
    <ele>776.5</ele>
    <time>2024-04-26T15:13:54Z</time>
   </trkpt>
   <trkpt lat="48.0695270" lon="6.8908140">
    <ele>776.7</ele>
    <time>2024-04-26T15:13:55Z</time>
   </trkpt>
   <trkpt lat="48.0695200" lon="6.8908360">
    <ele>776.9</ele>
    <time>2024-04-26T15:13:56Z</time>
   </trkpt>
   <trkpt lat="48.0695130" lon="6.8908550">
    <ele>777.1</ele>
    <time>2024-04-26T15:13:57Z</time>
   </trkpt>
   <trkpt lat="48.0695060" lon="6.8908700">
    <ele>777.3</ele>
    <time>2024-04-26T15:13:58Z</time>
   </trkpt>
   <trkpt lat="48.0695000" lon="6.8908840">
    <ele>777.5</ele>
    <time>2024-04-26T15:13:59Z</time>
   </trkpt>
   <trkpt lat="48.0694950" lon="6.8909000">
    <ele>777.6</ele>
    <time>2024-04-26T15:14:00Z</time>
   </trkpt>
   <trkpt lat="48.0694900" lon="6.8909190">
    <ele>777.8</ele>
    <time>2024-04-26T15:14:01Z</time>
   </trkpt>
   <trkpt lat="48.0694860" lon="6.8909390">
    <ele>778.0</ele>
    <time>2024-04-26T15:14:02Z</time>
   </trkpt>
   <trkpt lat="48.0694780" lon="6.8909670">
    <ele>778.3</ele>
    <time>2024-04-26T15:14:03Z</time>
   </trkpt>
   <trkpt lat="48.0694750" lon="6.8909780">
    <ele>778.5</ele>
    <time>2024-04-26T15:14:04Z</time>
   </trkpt>
   <trkpt lat="48.0694720" lon="6.8909880">
    <ele>778.6</ele>
    <time>2024-04-26T15:14:05Z</time>
   </trkpt>
   <trkpt lat="48.0694600" lon="6.8910160">
    <ele>778.9</ele>
    <time>2024-04-26T15:14:06Z</time>
   </trkpt>
   <trkpt lat="48.0694550" lon="6.8910270">
    <ele>779.0</ele>
    <time>2024-04-26T15:14:07Z</time>
   </trkpt>
   <trkpt lat="48.0694490" lon="6.8910380">
    <ele>779.2</ele>
    <time>2024-04-26T15:14:08Z</time>
   </trkpt>
   <trkpt lat="48.0694360" lon="6.8910650">
    <ele>779.5</ele>
    <time>2024-04-26T15:14:09Z</time>
   </trkpt>
   <trkpt lat="48.0694320" lon="6.8910750">
    <ele>779.7</ele>
    <time>2024-04-26T15:14:10Z</time>
   </trkpt>
   <trkpt lat="48.0694270" lon="6.8910860">
    <ele>779.8</ele>
    <time>2024-04-26T15:14:11Z</time>
   </trkpt>
   <trkpt lat="48.0694180" lon="6.8911160">
    <ele>780.2</ele>
    <time>2024-04-26T15:14:12Z</time>
   </trkpt>
   <trkpt lat="48.0694150" lon="6.8911290">
    <ele>780.3</ele>
    <time>2024-04-26T15:14:13Z</time>
   </trkpt>
   <trkpt lat="48.0694120" lon="6.8911420">
    <ele>780.4</ele>
    <time>2024-04-26T15:14:14Z</time>
   </trkpt>
   <trkpt lat="48.0694020" lon="6.8911720">
    <ele>780.8</ele>
    <time>2024-04-26T15:14:15Z</time>
   </trkpt>
   <trkpt lat="48.0693990" lon="6.8911830">
    <ele>781.0</ele>
    <time>2024-04-26T15:14:16Z</time>
   </trkpt>
   <trkpt lat="48.0693950" lon="6.8911930">
    <ele>781.1</ele>
    <time>2024-04-26T15:14:17Z</time>
   </trkpt>
   <trkpt lat="48.0693830" lon="6.8912200">
    <ele>781.5</ele>
    <time>2024-04-26T15:14:18Z</time>
   </trkpt>
   <trkpt lat="48.0693780" lon="6.8912300">
    <ele>781.6</ele>
    <time>2024-04-26T15:14:19Z</time>
   </trkpt>
   <trkpt lat="48.0693730" lon="6.8912400">
    <ele>781.8</ele>
    <time>2024-04-26T15:14:20Z</time>
   </trkpt>
   <trkpt lat="48.0693640" lon="6.8912660">
    <ele>782.1</ele>
    <time>2024-04-26T15:14:21Z</time>
   </trkpt>
   <trkpt lat="48.0693600" lon="6.8912780">
    <ele>782.3</ele>
    <time>2024-04-26T15:14:22Z</time>
   </trkpt>
   <trkpt lat="48.0693570" lon="6.8912890">
    <ele>782.4</ele>
    <time>2024-04-26T15:14:23Z</time>
   </trkpt>
   <trkpt lat="48.0693480" lon="6.8913160">
    <ele>782.8</ele>
    <time>2024-04-26T15:14:24Z</time>
   </trkpt>
   <trkpt lat="48.0693450" lon="6.8913270">
    <ele>782.9</ele>
    <time>2024-04-26T15:14:25Z</time>
   </trkpt>
   <trkpt lat="48.0693410" lon="6.8913380">
    <ele>783.1</ele>
    <time>2024-04-26T15:14:26Z</time>
   </trkpt>
   <trkpt lat="48.0693360" lon="6.8913680">
    <ele>783.5</ele>
    <time>2024-04-26T15:14:27Z</time>
   </trkpt>
   <trkpt lat="48.0693330" lon="6.8913810">
    <ele>783.7</ele>
    <time>2024-04-26T15:14:28Z</time>
   </trkpt>
   <trkpt lat="48.0693310" lon="6.8913940">
    <ele>783.8</ele>
    <time>2024-04-26T15:14:29Z</time>
   </trkpt>
   <trkpt lat="48.0693260" lon="6.8914250">
    <ele>784.2</ele>
    <time>2024-04-26T15:14:30Z</time>
   </trkpt>
   <trkpt lat="48.0693240" lon="6.8914370">
    <ele>784.4</ele>
    <time>2024-04-26T15:14:31Z</time>
   </trkpt>
   <trkpt lat="48.0693220" lon="6.8914500">
    <ele>784.5</ele>
    <time>2024-04-26T15:14:32Z</time>
   </trkpt>
   <trkpt lat="48.0693140" lon="6.8914800">
    <ele>784.9</ele>
    <time>2024-04-26T15:14:33Z</time>
   </trkpt>
   <trkpt lat="48.0693090" lon="6.8914920">
    <ele>785.1</ele>
    <time>2024-04-26T15:14:34Z</time>
   </trkpt>
   <trkpt lat="48.0693050" lon="6.8915040">
    <ele>785.3</ele>
    <time>2024-04-26T15:14:35Z</time>
   </trkpt>
   <trkpt lat="48.0692990" lon="6.8915220">
    <ele>785.5</ele>
    <time>2024-04-26T15:14:36Z</time>
   </trkpt>
   <trkpt lat="48.0692920" lon="6.8915400">
    <ele>785.8</ele>
    <time>2024-04-26T15:14:37Z</time>
   </trkpt>
   <trkpt lat="48.0692860" lon="6.8915580">
    <ele>786.1</ele>
    <time>2024-04-26T15:14:38Z</time>
   </trkpt>
   <trkpt lat="48.0692780" lon="6.8915750">
    <ele>786.3</ele>
    <time>2024-04-26T15:14:39Z</time>
   </trkpt>
   <trkpt lat="48.0692700" lon="6.8915910">
    <ele>786.6</ele>
    <time>2024-04-26T15:14:40Z</time>
   </trkpt>
   <trkpt lat="48.0692630" lon="6.8916090">
    <ele>786.8</ele>
    <time>2024-04-26T15:14:41Z</time>
   </trkpt>
   <trkpt lat="48.0692520" lon="6.8916380">
    <ele>787.3</ele>
    <time>2024-04-26T15:14:42Z</time>
   </trkpt>
   <trkpt lat="48.0692480" lon="6.8916490">
    <ele>787.4</ele>
    <time>2024-04-26T15:14:43Z</time>
   </trkpt>
   <trkpt lat="48.0692440" lon="6.8916610">
    <ele>787.6</ele>
    <time>2024-04-26T15:14:44Z</time>
   </trkpt>
   <trkpt lat="48.0692320" lon="6.8916890">
    <ele>788.0</ele>
    <time>2024-04-26T15:14:45Z</time>
   </trkpt>
   <trkpt lat="48.0692270" lon="6.8917010">
    <ele>788.2</ele>
    <time>2024-04-26T15:14:46Z</time>
   </trkpt>
   <trkpt lat="48.0692230" lon="6.8917120">
    <ele>788.3</ele>
    <time>2024-04-26T15:14:47Z</time>
   </trkpt>
   <trkpt lat="48.0692120" lon="6.8917390">
    <ele>788.7</ele>
    <time>2024-04-26T15:14:48Z</time>
   </trkpt>
   <trkpt lat="48.0692080" lon="6.8917500">
    <ele>788.9</ele>
    <time>2024-04-26T15:14:49Z</time>
   </trkpt>
   <trkpt lat="48.0692040" lon="6.8917610">
    <ele>789.0</ele>
    <time>2024-04-26T15:14:50Z</time>
   </trkpt>
   <trkpt lat="48.0691970" lon="6.8917770">
    <ele>789.2</ele>
    <time>2024-04-26T15:14:51Z</time>
   </trkpt>
   <trkpt lat="48.0691910" lon="6.8917920">
    <ele>789.4</ele>
    <time>2024-04-26T15:14:52Z</time>
   </trkpt>
   <trkpt lat="48.0691830" lon="6.8918050">
    <ele>789.7</ele>
    <time>2024-04-26T15:14:53Z</time>
   </trkpt>
   <trkpt lat="48.0691650" lon="6.8918200">
    <ele>790.0</ele>
    <time>2024-04-26T15:14:54Z</time>
   </trkpt>
   <trkpt lat="48.0691580" lon="6.8918250">
    <ele>790.1</ele>
    <time>2024-04-26T15:14:55Z</time>
   </trkpt>
   <trkpt lat="48.0691500" lon="6.8918310">
    <ele>790.3</ele>
    <time>2024-04-26T15:14:56Z</time>
   </trkpt>
   <trkpt lat="48.0691400" lon="6.8918390">
    <ele>790.5</ele>
    <time>2024-04-26T15:14:57Z</time>
   </trkpt>
   <trkpt lat="48.0691300" lon="6.8918480">
    <ele>790.7</ele>
    <time>2024-04-26T15:14:58Z</time>
   </trkpt>
   <trkpt lat="48.0691200" lon="6.8918560">
    <ele>790.9</ele>
    <time>2024-04-26T15:14:59Z</time>
   </trkpt>
   <trkpt lat="48.0691100" lon="6.8918670">
    <ele>791.1</ele>
    <time>2024-04-26T15:15:00Z</time>
   </trkpt>
   <trkpt lat="48.0690980" lon="6.8918820">
    <ele>791.3</ele>
    <time>2024-04-26T15:15:01Z</time>
   </trkpt>
   <trkpt lat="48.0690840" lon="6.8918970">
    <ele>791.6</ele>
    <time>2024-04-26T15:15:02Z</time>
   </trkpt>
   <trkpt lat="48.0690700" lon="6.8919100">
    <ele>791.9</ele>
    <time>2024-04-26T15:15:03Z</time>
   </trkpt>
   <trkpt lat="48.0690550" lon="6.8919240">
    <ele>792.2</ele>
    <time>2024-04-26T15:15:04Z</time>
   </trkpt>
   <trkpt lat="48.0690400" lon="6.8919400">
    <ele>792.5</ele>
    <time>2024-04-26T15:15:05Z</time>
   </trkpt>
   <trkpt lat="48.0690270" lon="6.8919570">
    <ele>792.8</ele>
    <time>2024-04-26T15:15:06Z</time>
   </trkpt>
   <trkpt lat="48.0690150" lon="6.8919740">
    <ele>793.0</ele>
    <time>2024-04-26T15:15:07Z</time>
   </trkpt>
   <trkpt lat="48.0690040" lon="6.8919880">
    <ele>793.3</ele>
    <time>2024-04-26T15:15:08Z</time>
   </trkpt>
   <trkpt lat="48.0689930" lon="6.8919990">
    <ele>793.5</ele>
    <time>2024-04-26T15:15:09Z</time>
   </trkpt>
   <trkpt lat="48.0689740" lon="6.8920100">
    <ele>793.8</ele>
    <time>2024-04-26T15:15:10Z</time>
   </trkpt>
   <trkpt lat="48.0689660" lon="6.8920140">
    <ele>794.0</ele>
    <time>2024-04-26T15:15:11Z</time>
   </trkpt>
   <trkpt lat="48.0689580" lon="6.8920190">
    <ele>794.1</ele>
    <time>2024-04-26T15:15:12Z</time>
   </trkpt>
   <trkpt lat="48.0689470" lon="6.8920290">
    <ele>794.4</ele>
    <time>2024-04-26T15:15:13Z</time>
   </trkpt>
   <trkpt lat="48.0689360" lon="6.8920420">
    <ele>794.6</ele>
    <time>2024-04-26T15:15:14Z</time>
   </trkpt>
   <trkpt lat="48.0689270" lon="6.8920580">
    <ele>794.9</ele>
    <time>2024-04-26T15:15:15Z</time>
   </trkpt>
   <trkpt lat="48.0689170" lon="6.8920740">
    <ele>795.1</ele>
    <time>2024-04-26T15:15:16Z</time>
   </trkpt>
   <trkpt lat="48.0689080" lon="6.8920890">
    <ele>795.4</ele>
    <time>2024-04-26T15:15:17Z</time>
   </trkpt>
   <trkpt lat="48.0689000" lon="6.8920990">
    <ele>795.5</ele>
    <time>2024-04-26T15:15:18Z</time>
   </trkpt>
   <trkpt lat="48.0688930" lon="6.8921070">
    <ele>795.7</ele>
    <time>2024-04-26T15:15:19Z</time>
   </trkpt>
   <trkpt lat="48.0688850" lon="6.8921140">
    <ele>795.9</ele>
    <time>2024-04-26T15:15:20Z</time>
   </trkpt>
   <trkpt lat="48.0688770" lon="6.8921220">
    <ele>796.0</ele>
    <time>2024-04-26T15:15:21Z</time>
   </trkpt>
   <trkpt lat="48.0688690" lon="6.8921320">
    <ele>796.2</ele>
    <time>2024-04-26T15:15:22Z</time>
   </trkpt>
   <trkpt lat="48.0688600" lon="6.8921420">
    <ele>796.4</ele>
    <time>2024-04-26T15:15:23Z</time>
   </trkpt>
   <trkpt lat="48.0688510" lon="6.8921520">
    <ele>796.6</ele>
    <time>2024-04-26T15:15:24Z</time>
   </trkpt>
   <trkpt lat="48.0688430" lon="6.8921670">
    <ele>796.8</ele>
    <time>2024-04-26T15:15:25Z</time>
   </trkpt>
   <trkpt lat="48.0688320" lon="6.8921940">
    <ele>797.2</ele>
    <time>2024-04-26T15:15:26Z</time>
   </trkpt>
   <trkpt lat="48.0688280" lon="6.8922050">
    <ele>797.3</ele>
    <time>2024-04-26T15:15:27Z</time>
   </trkpt>
   <trkpt lat="48.0688250" lon="6.8922150">
    <ele>797.5</ele>
    <time>2024-04-26T15:15:28Z</time>
   </trkpt>
   <trkpt lat="48.0688190" lon="6.8922310">
    <ele>797.5</ele>
    <time>2024-04-26T15:15:29Z</time>
   </trkpt>
   <trkpt lat="48.0688120" lon="6.8922460">
    <ele>797.5</ele>
    <time>2024-04-26T15:15:30Z</time>
   </trkpt>
   <trkpt lat="48.0688050" lon="6.8922590">
    <ele>797.5</ele>
    <time>2024-04-26T15:15:31Z</time>
   </trkpt>
   <trkpt lat="48.0687930" lon="6.8922850">
    <ele>797.5</ele>
    <time>2024-04-26T15:15:32Z</time>
   </trkpt>
   <trkpt lat="48.0687890" lon="6.8922960">
    <ele>797.5</ele>
    <time>2024-04-26T15:15:33Z</time>
   </trkpt>
   <trkpt lat="48.0687850" lon="6.8923070">
    <ele>797.5</ele>
    <time>2024-04-26T15:15:34Z</time>
   </trkpt>
   <trkpt lat="48.0687830" lon="6.8923270">
    <ele>797.7</ele>
    <time>2024-04-26T15:15:35Z</time>
   </trkpt>
   <trkpt lat="48.0687790" lon="6.8923470">
    <ele>798.0</ele>
    <time>2024-04-26T15:15:36Z</time>
   </trkpt>
   <trkpt lat="48.0687690" lon="6.8923730">
    <ele>798.3</ele>
    <time>2024-04-26T15:15:37Z</time>
   </trkpt>
   <trkpt lat="48.0687650" lon="6.8923830">
    <ele>798.4</ele>
    <time>2024-04-26T15:15:38Z</time>
   </trkpt>
   <trkpt lat="48.0687600" lon="6.8923930">
    <ele>798.6</ele>
    <time>2024-04-26T15:15:39Z</time>
   </trkpt>
   <trkpt lat="48.0687530" lon="6.8924070">
    <ele>798.7</ele>
    <time>2024-04-26T15:15:40Z</time>
   </trkpt>
   <trkpt lat="48.0687460" lon="6.8924220">
    <ele>798.9</ele>
    <time>2024-04-26T15:15:41Z</time>
   </trkpt>
   <trkpt lat="48.0687410" lon="6.8924380">
    <ele>799.1</ele>
    <time>2024-04-26T15:15:42Z</time>
   </trkpt>
   <trkpt lat="48.0687320" lon="6.8924670">
    <ele>799.5</ele>
    <time>2024-04-26T15:15:43Z</time>
   </trkpt>
   <trkpt lat="48.0687290" lon="6.8924800">
    <ele>799.6</ele>
    <time>2024-04-26T15:15:44Z</time>
   </trkpt>
   <trkpt lat="48.0687260" lon="6.8924920">
    <ele>799.8</ele>
    <time>2024-04-26T15:15:45Z</time>
   </trkpt>
   <trkpt lat="48.0687170" lon="6.8925210">
    <ele>800.1</ele>
    <time>2024-04-26T15:15:46Z</time>
   </trkpt>
   <trkpt lat="48.0687130" lon="6.8925330">
    <ele>800.3</ele>
    <time>2024-04-26T15:15:47Z</time>
   </trkpt>
   <trkpt lat="48.0687090" lon="6.8925440">
    <ele>800.4</ele>
    <time>2024-04-26T15:15:48Z</time>
   </trkpt>
   <trkpt lat="48.0686960" lon="6.8925700">
    <ele>800.8</ele>
    <time>2024-04-26T15:15:49Z</time>
   </trkpt>
   <trkpt lat="48.0686920" lon="6.8925800">
    <ele>800.9</ele>
    <time>2024-04-26T15:15:50Z</time>
   </trkpt>
   <trkpt lat="48.0686870" lon="6.8925900">
    <ele>801.0</ele>
    <time>2024-04-26T15:15:51Z</time>
   </trkpt>
   <trkpt lat="48.0686790" lon="6.8926180">
    <ele>801.4</ele>
    <time>2024-04-26T15:15:52Z</time>
   </trkpt>
   <trkpt lat="48.0686770" lon="6.8926290">
    <ele>801.5</ele>
    <time>2024-04-26T15:15:53Z</time>
   </trkpt>
   <trkpt lat="48.0686740" lon="6.8926400">
    <ele>801.7</ele>
    <time>2024-04-26T15:15:54Z</time>
   </trkpt>
   <trkpt lat="48.0686720" lon="6.8926570">
    <ele>801.8</ele>
    <time>2024-04-26T15:15:55Z</time>
   </trkpt>
   <trkpt lat="48.0686680" lon="6.8926720">
    <ele>802.0</ele>
    <time>2024-04-26T15:15:56Z</time>
   </trkpt>
   <trkpt lat="48.0686620" lon="6.8926880">
    <ele>802.2</ele>
    <time>2024-04-26T15:15:57Z</time>
   </trkpt>
   <trkpt lat="48.0686490" lon="6.8927140">
    <ele>802.6</ele>
    <time>2024-04-26T15:15:58Z</time>
   </trkpt>
   <trkpt lat="48.0686440" lon="6.8927250">
    <ele>802.8</ele>
    <time>2024-04-26T15:15:59Z</time>
   </trkpt>
   <trkpt lat="48.0686380" lon="6.8927350">
    <ele>802.9</ele>
    <time>2024-04-26T15:16:00Z</time>
   </trkpt>
   <trkpt lat="48.0686240" lon="6.8927600">
    <ele>803.3</ele>
    <time>2024-04-26T15:16:01Z</time>
   </trkpt>
   <trkpt lat="48.0686200" lon="6.8927710">
    <ele>803.4</ele>
    <time>2024-04-26T15:16:02Z</time>
   </trkpt>
   <trkpt lat="48.0686150" lon="6.8927820">
    <ele>803.6</ele>
    <time>2024-04-26T15:16:03Z</time>
   </trkpt>
   <trkpt lat="48.0686050" lon="6.8928100">
    <ele>803.9</ele>
    <time>2024-04-26T15:16:04Z</time>
   </trkpt>
   <trkpt lat="48.0686010" lon="6.8928210">
    <ele>804.1</ele>
    <time>2024-04-26T15:16:05Z</time>
   </trkpt>
   <trkpt lat="48.0685970" lon="6.8928320">
    <ele>804.2</ele>
    <time>2024-04-26T15:16:06Z</time>
   </trkpt>
   <trkpt lat="48.0685860" lon="6.8928610">
    <ele>804.6</ele>
    <time>2024-04-26T15:16:07Z</time>
   </trkpt>
   <trkpt lat="48.0685820" lon="6.8928720">
    <ele>804.7</ele>
    <time>2024-04-26T15:16:08Z</time>
   </trkpt>
   <trkpt lat="48.0685770" lon="6.8928830">
    <ele>804.9</ele>
    <time>2024-04-26T15:16:09Z</time>
   </trkpt>
   <trkpt lat="48.0685660" lon="6.8929120">
    <ele>805.3</ele>
    <time>2024-04-26T15:16:10Z</time>
   </trkpt>
   <trkpt lat="48.0685620" lon="6.8929240">
    <ele>805.4</ele>
    <time>2024-04-26T15:16:11Z</time>
   </trkpt>
   <trkpt lat="48.0685570" lon="6.8929360">
    <ele>805.6</ele>
    <time>2024-04-26T15:16:12Z</time>
   </trkpt>
   <trkpt lat="48.0685450" lon="6.8929630">
    <ele>805.9</ele>
    <time>2024-04-26T15:16:13Z</time>
   </trkpt>
   <trkpt lat="48.0685400" lon="6.8929730">
    <ele>806.1</ele>
    <time>2024-04-26T15:16:14Z</time>
   </trkpt>
   <trkpt lat="48.0685340" lon="6.8929840">
    <ele>806.2</ele>
    <time>2024-04-26T15:16:15Z</time>
   </trkpt>
   <trkpt lat="48.0685220" lon="6.8930110">
    <ele>806.6</ele>
    <time>2024-04-26T15:16:16Z</time>
   </trkpt>
   <trkpt lat="48.0685180" lon="6.8930220">
    <ele>806.7</ele>
    <time>2024-04-26T15:16:17Z</time>
   </trkpt>
   <trkpt lat="48.0685130" lon="6.8930330">
    <ele>806.9</ele>
    <time>2024-04-26T15:16:18Z</time>
   </trkpt>
   <trkpt lat="48.0685040" lon="6.8930600">
    <ele>807.2</ele>
    <time>2024-04-26T15:16:19Z</time>
   </trkpt>
   <trkpt lat="48.0684990" lon="6.8930710">
    <ele>807.4</ele>
    <time>2024-04-26T15:16:20Z</time>
   </trkpt>
   <trkpt lat="48.0684950" lon="6.8930810">
    <ele>807.5</ele>
    <time>2024-04-26T15:16:21Z</time>
   </trkpt>
   <trkpt lat="48.0684820" lon="6.8931070">
    <ele>807.9</ele>
    <time>2024-04-26T15:16:22Z</time>
   </trkpt>
   <trkpt lat="48.0684770" lon="6.8931170">
    <ele>808.0</ele>
    <time>2024-04-26T15:16:23Z</time>
   </trkpt>
   <trkpt lat="48.0684720" lon="6.8931270">
    <ele>808.2</ele>
    <time>2024-04-26T15:16:24Z</time>
   </trkpt>
   <trkpt lat="48.0684590" lon="6.8931530">
    <ele>808.5</ele>
    <time>2024-04-26T15:16:25Z</time>
   </trkpt>
   <trkpt lat="48.0684540" lon="6.8931640">
    <ele>808.7</ele>
    <time>2024-04-26T15:16:26Z</time>
   </trkpt>
   <trkpt lat="48.0684500" lon="6.8931740">
    <ele>808.8</ele>
    <time>2024-04-26T15:16:27Z</time>
   </trkpt>
   <trkpt lat="48.0684380" lon="6.8932010">
    <ele>809.2</ele>
    <time>2024-04-26T15:16:28Z</time>
   </trkpt>
   <trkpt lat="48.0684330" lon="6.8932110">
    <ele>809.3</ele>
    <time>2024-04-26T15:16:29Z</time>
   </trkpt>
   <trkpt lat="48.0684280" lon="6.8932210">
    <ele>809.5</ele>
    <time>2024-04-26T15:16:30Z</time>
   </trkpt>
   <trkpt lat="48.0684180" lon="6.8932490">
    <ele>809.8</ele>
    <time>2024-04-26T15:16:31Z</time>
   </trkpt>
   <trkpt lat="48.0684140" lon="6.8932590">
    <ele>809.9</ele>
    <time>2024-04-26T15:16:32Z</time>
   </trkpt>
   <trkpt lat="48.0684110" lon="6.8932700">
    <ele>810.1</ele>
    <time>2024-04-26T15:16:33Z</time>
   </trkpt>
   <trkpt lat="48.0683990" lon="6.8932960">
    <ele>810.4</ele>
    <time>2024-04-26T15:16:34Z</time>
   </trkpt>
   <trkpt lat="48.0683940" lon="6.8933060">
    <ele>810.6</ele>
    <time>2024-04-26T15:16:35Z</time>
   </trkpt>
   <trkpt lat="48.0683890" lon="6.8933160">
    <ele>810.7</ele>
    <time>2024-04-26T15:16:36Z</time>
   </trkpt>
   <trkpt lat="48.0683740" lon="6.8933390">
    <ele>811.1</ele>
    <time>2024-04-26T15:16:37Z</time>
   </trkpt>
   <trkpt lat="48.0683690" lon="6.8933490">
    <ele>811.2</ele>
    <time>2024-04-26T15:16:38Z</time>
   </trkpt>
   <trkpt lat="48.0683630" lon="6.8933590">
    <ele>811.4</ele>
    <time>2024-04-26T15:16:39Z</time>
   </trkpt>
   <trkpt lat="48.0683510" lon="6.8933870">
    <ele>811.7</ele>
    <time>2024-04-26T15:16:40Z</time>
   </trkpt>
   <trkpt lat="48.0683460" lon="6.8933970">
    <ele>811.9</ele>
    <time>2024-04-26T15:16:41Z</time>
   </trkpt>
   <trkpt lat="48.0683420" lon="6.8934080">
    <ele>812.0</ele>
    <time>2024-04-26T15:16:42Z</time>
   </trkpt>
   <trkpt lat="48.0683270" lon="6.8934320">
    <ele>812.4</ele>
    <time>2024-04-26T15:16:43Z</time>
   </trkpt>
   <trkpt lat="48.0683220" lon="6.8934410">
    <ele>812.5</ele>
    <time>2024-04-26T15:16:44Z</time>
   </trkpt>
   <trkpt lat="48.0683160" lon="6.8934500">
    <ele>812.6</ele>
    <time>2024-04-26T15:16:45Z</time>
   </trkpt>
   <trkpt lat="48.0683040" lon="6.8934760">
    <ele>813.0</ele>
    <time>2024-04-26T15:16:46Z</time>
   </trkpt>
   <trkpt lat="48.0682990" lon="6.8934860">
    <ele>813.1</ele>
    <time>2024-04-26T15:16:47Z</time>
   </trkpt>
   <trkpt lat="48.0682940" lon="6.8934960">
    <ele>813.2</ele>
    <time>2024-04-26T15:16:48Z</time>
   </trkpt>
   <trkpt lat="48.0682800" lon="6.8935210">
    <ele>813.6</ele>
    <time>2024-04-26T15:16:49Z</time>
   </trkpt>
   <trkpt lat="48.0682740" lon="6.8935310">
    <ele>813.7</ele>
    <time>2024-04-26T15:16:50Z</time>
   </trkpt>
   <trkpt lat="48.0682690" lon="6.8935420">
    <ele>813.9</ele>
    <time>2024-04-26T15:16:51Z</time>
   </trkpt>
   <trkpt lat="48.0682610" lon="6.8935600">
    <ele>814.1</ele>
    <time>2024-04-26T15:16:52Z</time>
   </trkpt>
   <trkpt lat="48.0682550" lon="6.8935770">
    <ele>814.3</ele>
    <time>2024-04-26T15:16:53Z</time>
   </trkpt>
   <trkpt lat="48.0682420" lon="6.8936040">
    <ele>814.6</ele>
    <time>2024-04-26T15:16:54Z</time>
   </trkpt>
   <trkpt lat="48.0682370" lon="6.8936150">
    <ele>814.8</ele>
    <time>2024-04-26T15:16:55Z</time>
   </trkpt>
   <trkpt lat="48.0682320" lon="6.8936250">
    <ele>814.9</ele>
    <time>2024-04-26T15:16:56Z</time>
   </trkpt>
   <trkpt lat="48.0682180" lon="6.8936500">
    <ele>815.2</ele>
    <time>2024-04-26T15:16:57Z</time>
   </trkpt>
   <trkpt lat="48.0682130" lon="6.8936600">
    <ele>815.3</ele>
    <time>2024-04-26T15:16:58Z</time>
   </trkpt>
   <trkpt lat="48.0682080" lon="6.8936700">
    <ele>815.5</ele>
    <time>2024-04-26T15:16:59Z</time>
   </trkpt>
   <trkpt lat="48.0681980" lon="6.8936970">
    <ele>815.8</ele>
    <time>2024-04-26T15:17:00Z</time>
   </trkpt>
   <trkpt lat="48.0681940" lon="6.8937090">
    <ele>815.9</ele>
    <time>2024-04-26T15:17:01Z</time>
   </trkpt>
   <trkpt lat="48.0681900" lon="6.8937210">
    <ele>816.0</ele>
    <time>2024-04-26T15:17:02Z</time>
   </trkpt>
   <trkpt lat="48.0681850" lon="6.8937370">
    <ele>816.2</ele>
    <time>2024-04-26T15:17:03Z</time>
   </trkpt>
   <trkpt lat="48.0681800" lon="6.8937530">
    <ele>816.4</ele>
    <time>2024-04-26T15:17:04Z</time>
   </trkpt>
   <trkpt lat="48.0681740" lon="6.8937690">
    <ele>816.6</ele>
    <time>2024-04-26T15:17:05Z</time>
   </trkpt>
   <trkpt lat="48.0681680" lon="6.8937840">
    <ele>816.8</ele>
    <time>2024-04-26T15:17:06Z</time>
   </trkpt>
   <trkpt lat="48.0681630" lon="6.8937990">
    <ele>816.9</ele>
    <time>2024-04-26T15:17:07Z</time>
   </trkpt>
   <trkpt lat="48.0681560" lon="6.8938140">
    <ele>817.1</ele>
    <time>2024-04-26T15:17:08Z</time>
   </trkpt>
   <trkpt lat="48.0681490" lon="6.8938290">
    <ele>817.3</ele>
    <time>2024-04-26T15:17:09Z</time>
   </trkpt>
   <trkpt lat="48.0681420" lon="6.8938420">
    <ele>817.5</ele>
    <time>2024-04-26T15:17:10Z</time>
   </trkpt>
   <trkpt lat="48.0681350" lon="6.8938560">
    <ele>817.6</ele>
    <time>2024-04-26T15:17:11Z</time>
   </trkpt>
   <trkpt lat="48.0681280" lon="6.8938700">
    <ele>817.8</ele>
    <time>2024-04-26T15:17:12Z</time>
   </trkpt>
   <trkpt lat="48.0681200" lon="6.8938850">
    <ele>818.0</ele>
    <time>2024-04-26T15:17:13Z</time>
   </trkpt>
   <trkpt lat="48.0681130" lon="6.8938990">
    <ele>818.2</ele>
    <time>2024-04-26T15:17:14Z</time>
   </trkpt>
   <trkpt lat="48.0681020" lon="6.8939240">
    <ele>818.5</ele>
    <time>2024-04-26T15:17:15Z</time>
   </trkpt>
   <trkpt lat="48.0680970" lon="6.8939340">
    <ele>818.6</ele>
    <time>2024-04-26T15:17:16Z</time>
   </trkpt>
   <trkpt lat="48.0680920" lon="6.8939440">
    <ele>818.7</ele>
    <time>2024-04-26T15:17:17Z</time>
   </trkpt>
   <trkpt lat="48.0680860" lon="6.8939580">
    <ele>818.9</ele>
    <time>2024-04-26T15:17:18Z</time>
   </trkpt>
   <trkpt lat="48.0680800" lon="6.8939730">
    <ele>819.1</ele>
    <time>2024-04-26T15:17:19Z</time>
   </trkpt>
   <trkpt lat="48.0680730" lon="6.8939880">
    <ele>819.2</ele>
    <time>2024-04-26T15:17:20Z</time>
   </trkpt>
   <trkpt lat="48.0680640" lon="6.8940170">
    <ele>819.6</ele>
    <time>2024-04-26T15:17:21Z</time>
   </trkpt>
   <trkpt lat="48.0680610" lon="6.8940300">
    <ele>819.7</ele>
    <time>2024-04-26T15:17:22Z</time>
   </trkpt>
   <trkpt lat="48.0680590" lon="6.8940420">
    <ele>819.8</ele>
    <time>2024-04-26T15:17:23Z</time>
   </trkpt>
   <trkpt lat="48.0680490" lon="6.8940700">
    <ele>820.1</ele>
    <time>2024-04-26T15:17:24Z</time>
   </trkpt>
   <trkpt lat="48.0680440" lon="6.8940810">
    <ele>820.3</ele>
    <time>2024-04-26T15:17:25Z</time>
   </trkpt>
   <trkpt lat="48.0680390" lon="6.8940920">
    <ele>820.4</ele>
    <time>2024-04-26T15:17:26Z</time>
   </trkpt>
   <trkpt lat="48.0680270" lon="6.8941160">
    <ele>820.7</ele>
    <time>2024-04-26T15:17:27Z</time>
   </trkpt>
   <trkpt lat="48.0680210" lon="6.8941260">
    <ele>820.8</ele>
    <time>2024-04-26T15:17:28Z</time>
   </trkpt>
   <trkpt lat="48.0680150" lon="6.8941360">
    <ele>820.9</ele>
    <time>2024-04-26T15:17:29Z</time>
   </trkpt>
   <trkpt lat="48.0680020" lon="6.8941620">
    <ele>821.2</ele>
    <time>2024-04-26T15:17:30Z</time>
   </trkpt>
   <trkpt lat="48.0679970" lon="6.8941730">
    <ele>821.3</ele>
    <time>2024-04-26T15:17:31Z</time>
   </trkpt>
   <trkpt lat="48.0679920" lon="6.8941830">
    <ele>821.4</ele>
    <time>2024-04-26T15:17:32Z</time>
   </trkpt>
   <trkpt lat="48.0679850" lon="6.8942000">
    <ele>821.6</ele>
    <time>2024-04-26T15:17:33Z</time>
   </trkpt>
   <trkpt lat="48.0679770" lon="6.8942170">
    <ele>821.8</ele>
    <time>2024-04-26T15:17:34Z</time>
   </trkpt>
   <trkpt lat="48.0679670" lon="6.8942460">
    <ele>822.1</ele>
    <time>2024-04-26T15:17:35Z</time>
   </trkpt>
   <trkpt lat="48.0679630" lon="6.8942580">
    <ele>822.2</ele>
    <time>2024-04-26T15:17:36Z</time>
   </trkpt>
   <trkpt lat="48.0679590" lon="6.8942700">
    <ele>822.3</ele>
    <time>2024-04-26T15:17:37Z</time>
   </trkpt>
   <trkpt lat="48.0679530" lon="6.8942880">
    <ele>822.5</ele>
    <time>2024-04-26T15:17:38Z</time>
   </trkpt>
   <trkpt lat="48.0679440" lon="6.8943060">
    <ele>822.7</ele>
    <time>2024-04-26T15:17:39Z</time>
   </trkpt>
   <trkpt lat="48.0679360" lon="6.8943230">
    <ele>822.8</ele>
    <time>2024-04-26T15:17:40Z</time>
   </trkpt>
   <trkpt lat="48.0679290" lon="6.8943400">
    <ele>823.0</ele>
    <time>2024-04-26T15:17:41Z</time>
   </trkpt>
   <trkpt lat="48.0679220" lon="6.8943600">
    <ele>823.2</ele>
    <time>2024-04-26T15:17:42Z</time>
   </trkpt>
   <trkpt lat="48.0679140" lon="6.8943800">
    <ele>823.4</ele>
    <time>2024-04-26T15:17:43Z</time>
   </trkpt>
   <trkpt lat="48.0679060" lon="6.8944000">
    <ele>823.6</ele>
    <time>2024-04-26T15:17:44Z</time>
   </trkpt>
   <trkpt lat="48.0678970" lon="6.8944190">
    <ele>823.8</ele>
    <time>2024-04-26T15:17:45Z</time>
   </trkpt>
   <trkpt lat="48.0678890" lon="6.8944390">
    <ele>823.9</ele>
    <time>2024-04-26T15:17:46Z</time>
   </trkpt>
   <trkpt lat="48.0678820" lon="6.8944580">
    <ele>824.1</ele>
    <time>2024-04-26T15:17:47Z</time>
   </trkpt>
   <trkpt lat="48.0678750" lon="6.8944780">
    <ele>824.3</ele>
    <time>2024-04-26T15:17:48Z</time>
   </trkpt>
   <trkpt lat="48.0678660" lon="6.8944970">
    <ele>824.4</ele>
    <time>2024-04-26T15:17:49Z</time>
   </trkpt>
   <trkpt lat="48.0678560" lon="6.8945160">
    <ele>824.6</ele>
    <time>2024-04-26T15:17:50Z</time>
   </trkpt>
   <trkpt lat="48.0678470" lon="6.8945370">
    <ele>824.8</ele>
    <time>2024-04-26T15:17:51Z</time>
   </trkpt>
   <trkpt lat="48.0678370" lon="6.8945570">
    <ele>825.0</ele>
    <time>2024-04-26T15:17:52Z</time>
   </trkpt>
   <trkpt lat="48.0678260" lon="6.8945770">
    <ele>825.1</ele>
    <time>2024-04-26T15:17:53Z</time>
   </trkpt>
   <trkpt lat="48.0678150" lon="6.8945960">
    <ele>825.3</ele>
    <time>2024-04-26T15:17:54Z</time>
   </trkpt>
   <trkpt lat="48.0678060" lon="6.8946160">
    <ele>825.5</ele>
    <time>2024-04-26T15:17:55Z</time>
   </trkpt>
   <trkpt lat="48.0677960" lon="6.8946350">
    <ele>825.7</ele>
    <time>2024-04-26T15:17:56Z</time>
   </trkpt>
   <trkpt lat="48.0677870" lon="6.8946550">
    <ele>825.8</ele>
    <time>2024-04-26T15:17:57Z</time>
   </trkpt>
   <trkpt lat="48.0677780" lon="6.8946730">
    <ele>826.0</ele>
    <time>2024-04-26T15:17:58Z</time>
   </trkpt>
   <trkpt lat="48.0677680" lon="6.8946910">
    <ele>826.1</ele>
    <time>2024-04-26T15:17:59Z</time>
   </trkpt>
   <trkpt lat="48.0677600" lon="6.8947090">
    <ele>826.3</ele>
    <time>2024-04-26T15:18:00Z</time>
   </trkpt>
   <trkpt lat="48.0677520" lon="6.8947270">
    <ele>826.4</ele>
    <time>2024-04-26T15:18:01Z</time>
   </trkpt>
   <trkpt lat="48.0677430" lon="6.8947460">
    <ele>826.6</ele>
    <time>2024-04-26T15:18:02Z</time>
   </trkpt>
   <trkpt lat="48.0677340" lon="6.8947650">
    <ele>826.8</ele>
    <time>2024-04-26T15:18:03Z</time>
   </trkpt>
   <trkpt lat="48.0677240" lon="6.8947850">
    <ele>826.9</ele>
    <time>2024-04-26T15:18:04Z</time>
   </trkpt>
   <trkpt lat="48.0677150" lon="6.8948040">
    <ele>827.1</ele>
    <time>2024-04-26T15:18:05Z</time>
   </trkpt>
   <trkpt lat="48.0677060" lon="6.8948210">
    <ele>827.2</ele>
    <time>2024-04-26T15:18:06Z</time>
   </trkpt>
   <trkpt lat="48.0676950" lon="6.8948390">
    <ele>827.4</ele>
    <time>2024-04-26T15:18:07Z</time>
   </trkpt>
   <trkpt lat="48.0676840" lon="6.8948560">
    <ele>827.6</ele>
    <time>2024-04-26T15:18:08Z</time>
   </trkpt>
   <trkpt lat="48.0676730" lon="6.8948730">
    <ele>827.7</ele>
    <time>2024-04-26T15:18:09Z</time>
   </trkpt>
   <trkpt lat="48.0676620" lon="6.8948910">
    <ele>827.9</ele>
    <time>2024-04-26T15:18:10Z</time>
   </trkpt>
   <trkpt lat="48.0676510" lon="6.8949070">
    <ele>828.1</ele>
    <time>2024-04-26T15:18:11Z</time>
   </trkpt>
   <trkpt lat="48.0676380" lon="6.8949240">
    <ele>828.2</ele>
    <time>2024-04-26T15:18:12Z</time>
   </trkpt>
   <trkpt lat="48.0676260" lon="6.8949390">
    <ele>828.4</ele>
    <time>2024-04-26T15:18:13Z</time>
   </trkpt>
   <trkpt lat="48.0676130" lon="6.8949550">
    <ele>828.6</ele>
    <time>2024-04-26T15:18:14Z</time>
   </trkpt>
   <trkpt lat="48.0676010" lon="6.8949700">
    <ele>828.7</ele>
    <time>2024-04-26T15:18:15Z</time>
   </trkpt>
   <trkpt lat="48.0675890" lon="6.8949850">
    <ele>828.9</ele>
    <time>2024-04-26T15:18:16Z</time>
   </trkpt>
   <trkpt lat="48.0675760" lon="6.8950010">
    <ele>829.1</ele>
    <time>2024-04-26T15:18:17Z</time>
   </trkpt>
   <trkpt lat="48.0675620" lon="6.8950170">
    <ele>829.3</ele>
    <time>2024-04-26T15:18:18Z</time>
   </trkpt>
   <trkpt lat="48.0675480" lon="6.8950310">
    <ele>829.4</ele>
    <time>2024-04-26T15:18:19Z</time>
   </trkpt>
   <trkpt lat="48.0675340" lon="6.8950470">
    <ele>829.6</ele>
    <time>2024-04-26T15:18:20Z</time>
   </trkpt>
   <trkpt lat="48.0675210" lon="6.8950620">
    <ele>829.8</ele>
    <time>2024-04-26T15:18:21Z</time>
   </trkpt>
   <trkpt lat="48.0675080" lon="6.8950780">
    <ele>830.0</ele>
    <time>2024-04-26T15:18:22Z</time>
   </trkpt>
   <trkpt lat="48.0674950" lon="6.8950950">
    <ele>830.2</ele>
    <time>2024-04-26T15:18:23Z</time>
   </trkpt>
   <trkpt lat="48.0674820" lon="6.8951110">
    <ele>830.3</ele>
    <time>2024-04-26T15:18:24Z</time>
   </trkpt>
   <trkpt lat="48.0674680" lon="6.8951240">
    <ele>830.5</ele>
    <time>2024-04-26T15:18:25Z</time>
   </trkpt>
   <trkpt lat="48.0674530" lon="6.8951360">
    <ele>830.7</ele>
    <time>2024-04-26T15:18:26Z</time>
   </trkpt>
   <trkpt lat="48.0674370" lon="6.8951470">
    <ele>830.9</ele>
    <time>2024-04-26T15:18:27Z</time>
   </trkpt>
   <trkpt lat="48.0674220" lon="6.8951610">
    <ele>831.0</ele>
    <time>2024-04-26T15:18:28Z</time>
   </trkpt>
   <trkpt lat="48.0674090" lon="6.8951770">
    <ele>831.2</ele>
    <time>2024-04-26T15:18:29Z</time>
   </trkpt>
   <trkpt lat="48.0673950" lon="6.8951940">
    <ele>831.4</ele>
    <time>2024-04-26T15:18:30Z</time>
   </trkpt>
   <trkpt lat="48.0673820" lon="6.8952100">
    <ele>831.6</ele>
    <time>2024-04-26T15:18:31Z</time>
   </trkpt>
   <trkpt lat="48.0673680" lon="6.8952260">
    <ele>831.7</ele>
    <time>2024-04-26T15:18:32Z</time>
   </trkpt>
   <trkpt lat="48.0673550" lon="6.8952430">
    <ele>831.9</ele>
    <time>2024-04-26T15:18:33Z</time>
   </trkpt>
   <trkpt lat="48.0673430" lon="6.8952600">
    <ele>832.1</ele>
    <time>2024-04-26T15:18:34Z</time>
   </trkpt>
   <trkpt lat="48.0673310" lon="6.8952780">
    <ele>832.2</ele>
    <time>2024-04-26T15:18:35Z</time>
   </trkpt>
   <trkpt lat="48.0673180" lon="6.8952950">
    <ele>832.4</ele>
    <time>2024-04-26T15:18:36Z</time>
   </trkpt>
   <trkpt lat="48.0673060" lon="6.8953130">
    <ele>832.5</ele>
    <time>2024-04-26T15:18:37Z</time>
   </trkpt>
   <trkpt lat="48.0672940" lon="6.8953310">
    <ele>832.7</ele>
    <time>2024-04-26T15:18:38Z</time>
   </trkpt>
   <trkpt lat="48.0672850" lon="6.8953510">
    <ele>832.8</ele>
    <time>2024-04-26T15:18:39Z</time>
   </trkpt>
   <trkpt lat="48.0672770" lon="6.8953730">
    <ele>832.9</ele>
    <time>2024-04-26T15:18:40Z</time>
   </trkpt>
   <trkpt lat="48.0672690" lon="6.8953940">
    <ele>833.1</ele>
    <time>2024-04-26T15:18:41Z</time>
   </trkpt>
   <trkpt lat="48.0672610" lon="6.8954140">
    <ele>833.2</ele>
    <time>2024-04-26T15:18:42Z</time>
   </trkpt>
   <trkpt lat="48.0672530" lon="6.8954340">
    <ele>833.3</ele>
    <time>2024-04-26T15:18:43Z</time>
   </trkpt>
   <trkpt lat="48.0672440" lon="6.8954540">
    <ele>833.4</ele>
    <time>2024-04-26T15:18:44Z</time>
   </trkpt>
   <trkpt lat="48.0672340" lon="6.8954710">
    <ele>833.5</ele>
    <time>2024-04-26T15:18:45Z</time>
   </trkpt>
   <trkpt lat="48.0672220" lon="6.8954860">
    <ele>833.6</ele>
    <time>2024-04-26T15:18:46Z</time>
   </trkpt>
   <trkpt lat="48.0672100" lon="6.8955030">
    <ele>833.7</ele>
    <time>2024-04-26T15:18:47Z</time>
   </trkpt>
   <trkpt lat="48.0671990" lon="6.8955210">
    <ele>833.9</ele>
    <time>2024-04-26T15:18:48Z</time>
   </trkpt>
   <trkpt lat="48.0671900" lon="6.8955410">
    <ele>834.0</ele>
    <time>2024-04-26T15:18:49Z</time>
   </trkpt>
   <trkpt lat="48.0671810" lon="6.8955640">
    <ele>834.1</ele>
    <time>2024-04-26T15:18:50Z</time>
   </trkpt>
   <trkpt lat="48.0671730" lon="6.8955860">
    <ele>834.2</ele>
    <time>2024-04-26T15:18:51Z</time>
   </trkpt>
   <trkpt lat="48.0671630" lon="6.8956070">
    <ele>834.3</ele>
    <time>2024-04-26T15:18:52Z</time>
   </trkpt>
   <trkpt lat="48.0671530" lon="6.8956260">
    <ele>834.4</ele>
    <time>2024-04-26T15:18:53Z</time>
   </trkpt>
   <trkpt lat="48.0671430" lon="6.8956450">
    <ele>834.5</ele>
    <time>2024-04-26T15:18:54Z</time>
   </trkpt>
   <trkpt lat="48.0671320" lon="6.8956640">
    <ele>834.6</ele>
    <time>2024-04-26T15:18:55Z</time>
   </trkpt>
   <trkpt lat="48.0671230" lon="6.8956850">
    <ele>834.8</ele>
    <time>2024-04-26T15:18:56Z</time>
   </trkpt>
   <trkpt lat="48.0671130" lon="6.8957050">
    <ele>834.9</ele>
    <time>2024-04-26T15:18:57Z</time>
   </trkpt>
   <trkpt lat="48.0671030" lon="6.8957240">
    <ele>835.0</ele>
    <time>2024-04-26T15:18:58Z</time>
   </trkpt>
   <trkpt lat="48.0670930" lon="6.8957420">
    <ele>835.1</ele>
    <time>2024-04-26T15:18:59Z</time>
   </trkpt>
   <trkpt lat="48.0670820" lon="6.8957600">
    <ele>835.2</ele>
    <time>2024-04-26T15:19:00Z</time>
   </trkpt>
   <trkpt lat="48.0670700" lon="6.8957760">
    <ele>835.3</ele>
    <time>2024-04-26T15:19:01Z</time>
   </trkpt>
   <trkpt lat="48.0670570" lon="6.8957930">
    <ele>835.4</ele>
    <time>2024-04-26T15:19:02Z</time>
   </trkpt>
   <trkpt lat="48.0670440" lon="6.8958100">
    <ele>835.6</ele>
    <time>2024-04-26T15:19:03Z</time>
   </trkpt>
   <trkpt lat="48.0670220" lon="6.8958360">
    <ele>835.8</ele>
    <time>2024-04-26T15:19:04Z</time>
   </trkpt>
   <trkpt lat="48.0670150" lon="6.8958450">
    <ele>835.8</ele>
    <time>2024-04-26T15:19:05Z</time>
   </trkpt>
   <trkpt lat="48.0669940" lon="6.8958720">
    <ele>836.1</ele>
    <time>2024-04-26T15:19:06Z</time>
   </trkpt>
   <trkpt lat="48.0669870" lon="6.8958820">
    <ele>836.1</ele>
    <time>2024-04-26T15:19:07Z</time>
   </trkpt>
   <trkpt lat="48.0669670" lon="6.8959120">
    <ele>836.4</ele>
    <time>2024-04-26T15:19:08Z</time>
   </trkpt>
   <trkpt lat="48.0669610" lon="6.8959220">
    <ele>836.5</ele>
    <time>2024-04-26T15:19:09Z</time>
   </trkpt>
   <trkpt lat="48.0669440" lon="6.8959540">
    <ele>836.7</ele>
    <time>2024-04-26T15:19:10Z</time>
   </trkpt>
   <trkpt lat="48.0669390" lon="6.8959640">
    <ele>836.8</ele>
    <time>2024-04-26T15:19:11Z</time>
   </trkpt>
   <trkpt lat="48.0669260" lon="6.8959820">
    <ele>837.0</ele>
    <time>2024-04-26T15:19:12Z</time>
   </trkpt>
   <trkpt lat="48.0669120" lon="6.8959990">
    <ele>837.2</ele>
    <time>2024-04-26T15:19:13Z</time>
   </trkpt>
   <trkpt lat="48.0668980" lon="6.8960150">
    <ele>837.3</ele>
    <time>2024-04-26T15:19:14Z</time>
   </trkpt>
   <trkpt lat="48.0668850" lon="6.8960320">
    <ele>837.5</ele>
    <time>2024-04-26T15:19:15Z</time>
   </trkpt>
   <trkpt lat="48.0668730" lon="6.8960500">
    <ele>837.7</ele>
    <time>2024-04-26T15:19:16Z</time>
   </trkpt>
   <trkpt lat="48.0668610" lon="6.8960690">
    <ele>837.9</ele>
    <time>2024-04-26T15:19:17Z</time>
   </trkpt>
   <trkpt lat="48.0668490" lon="6.8960860">
    <ele>838.1</ele>
    <time>2024-04-26T15:19:18Z</time>
   </trkpt>
   <trkpt lat="48.0668360" lon="6.8961030">
    <ele>838.3</ele>
    <time>2024-04-26T15:19:19Z</time>
   </trkpt>
   <trkpt lat="48.0668230" lon="6.8961200">
    <ele>838.5</ele>
    <time>2024-04-26T15:19:20Z</time>
   </trkpt>
   <trkpt lat="48.0668100" lon="6.8961390">
    <ele>838.7</ele>
    <time>2024-04-26T15:19:21Z</time>
   </trkpt>
   <trkpt lat="48.0667990" lon="6.8961590">
    <ele>838.9</ele>
    <time>2024-04-26T15:19:22Z</time>
   </trkpt>
   <trkpt lat="48.0667880" lon="6.8961770">
    <ele>839.1</ele>
    <time>2024-04-26T15:19:23Z</time>
   </trkpt>
   <trkpt lat="48.0667760" lon="6.8961950">
    <ele>839.4</ele>
    <time>2024-04-26T15:19:24Z</time>
   </trkpt>
   <trkpt lat="48.0667630" lon="6.8962120">
    <ele>839.6</ele>
    <time>2024-04-26T15:19:25Z</time>
   </trkpt>
   <trkpt lat="48.0667440" lon="6.8962400">
    <ele>839.9</ele>
    <time>2024-04-26T15:19:26Z</time>
   </trkpt>
   <trkpt lat="48.0667380" lon="6.8962500">
    <ele>840.0</ele>
    <time>2024-04-26T15:19:27Z</time>
   </trkpt>
   <trkpt lat="48.0667200" lon="6.8962840">
    <ele>840.4</ele>
    <time>2024-04-26T15:19:28Z</time>
   </trkpt>
   <trkpt lat="48.0667140" lon="6.8962950">
    <ele>840.5</ele>
    <time>2024-04-26T15:19:29Z</time>
   </trkpt>
   <trkpt lat="48.0666910" lon="6.8963220">
    <ele>840.9</ele>
    <time>2024-04-26T15:19:30Z</time>
   </trkpt>
   <trkpt lat="48.0666800" lon="6.8963270">
    <ele>841.0</ele>
    <time>2024-04-26T15:19:31Z</time>
   </trkpt>
   <trkpt lat="48.0666650" lon="6.8963450">
    <ele>841.2</ele>
    <time>2024-04-26T15:19:32Z</time>
   </trkpt>
   <trkpt lat="48.0666540" lon="6.8963630">
    <ele>841.5</ele>
    <time>2024-04-26T15:19:33Z</time>
   </trkpt>
   <trkpt lat="48.0666420" lon="6.8963850">
    <ele>841.7</ele>
    <time>2024-04-26T15:19:34Z</time>
   </trkpt>
   <trkpt lat="48.0666300" lon="6.8964020">
    <ele>841.9</ele>
    <time>2024-04-26T15:19:35Z</time>
   </trkpt>
   <trkpt lat="48.0666130" lon="6.8964350">
    <ele>842.3</ele>
    <time>2024-04-26T15:19:36Z</time>
   </trkpt>
   <trkpt lat="48.0666080" lon="6.8964460">
    <ele>842.4</ele>
    <time>2024-04-26T15:19:37Z</time>
   </trkpt>
   <trkpt lat="48.0665980" lon="6.8964670">
    <ele>842.6</ele>
    <time>2024-04-26T15:19:38Z</time>
   </trkpt>
   <trkpt lat="48.0665850" lon="6.8964870">
    <ele>842.9</ele>
    <time>2024-04-26T15:19:39Z</time>
   </trkpt>
   <trkpt lat="48.0665730" lon="6.8965060">
    <ele>843.1</ele>
    <time>2024-04-26T15:19:40Z</time>
   </trkpt>
   <trkpt lat="48.0665620" lon="6.8965260">
    <ele>843.4</ele>
    <time>2024-04-26T15:19:41Z</time>
   </trkpt>
   <trkpt lat="48.0665540" lon="6.8965480">
    <ele>843.6</ele>
    <time>2024-04-26T15:19:42Z</time>
   </trkpt>
   <trkpt lat="48.0665440" lon="6.8965690">
    <ele>843.8</ele>
    <time>2024-04-26T15:19:43Z</time>
   </trkpt>
   <trkpt lat="48.0665320" lon="6.8965870">
    <ele>844.1</ele>
    <time>2024-04-26T15:19:44Z</time>
   </trkpt>
   <trkpt lat="48.0665210" lon="6.8966060">
    <ele>844.3</ele>
    <time>2024-04-26T15:19:45Z</time>
   </trkpt>
   <trkpt lat="48.0665090" lon="6.8966250">
    <ele>844.5</ele>
    <time>2024-04-26T15:19:46Z</time>
   </trkpt>
   <trkpt lat="48.0664970" lon="6.8966440">
    <ele>844.8</ele>
    <time>2024-04-26T15:19:47Z</time>
   </trkpt>
   <trkpt lat="48.0664860" lon="6.8966640">
    <ele>845.0</ele>
    <time>2024-04-26T15:19:48Z</time>
   </trkpt>
   <trkpt lat="48.0664730" lon="6.8966830">
    <ele>845.3</ele>
    <time>2024-04-26T15:19:49Z</time>
   </trkpt>
   <trkpt lat="48.0664600" lon="6.8967020">
    <ele>845.5</ele>
    <time>2024-04-26T15:19:50Z</time>
   </trkpt>
   <trkpt lat="48.0664460" lon="6.8967170">
    <ele>845.7</ele>
    <time>2024-04-26T15:19:51Z</time>
   </trkpt>
   <trkpt lat="48.0664320" lon="6.8967320">
    <ele>846.0</ele>
    <time>2024-04-26T15:19:52Z</time>
   </trkpt>
   <trkpt lat="48.0664190" lon="6.8967460">
    <ele>846.2</ele>
    <time>2024-04-26T15:19:53Z</time>
   </trkpt>
   <trkpt lat="48.0664080" lon="6.8967610">
    <ele>846.4</ele>
    <time>2024-04-26T15:19:54Z</time>
   </trkpt>
   <trkpt lat="48.0663970" lon="6.8967760">
    <ele>846.6</ele>
    <time>2024-04-26T15:19:55Z</time>
   </trkpt>
   <trkpt lat="48.0663840" lon="6.8967880">
    <ele>846.8</ele>
    <time>2024-04-26T15:19:56Z</time>
   </trkpt>
   <trkpt lat="48.0663700" lon="6.8967980">
    <ele>847.0</ele>
    <time>2024-04-26T15:19:57Z</time>
   </trkpt>
   <trkpt lat="48.0663550" lon="6.8968070">
    <ele>847.3</ele>
    <time>2024-04-26T15:19:58Z</time>
   </trkpt>
   <trkpt lat="48.0663400" lon="6.8968150">
    <ele>847.5</ele>
    <time>2024-04-26T15:19:59Z</time>
   </trkpt>
   <trkpt lat="48.0663210" lon="6.8968270">
    <ele>847.8</ele>
    <time>2024-04-26T15:20:00Z</time>
   </trkpt>
   <trkpt lat="48.0663130" lon="6.8968320">
    <ele>847.9</ele>
    <time>2024-04-26T15:20:01Z</time>
   </trkpt>
   <trkpt lat="48.0663050" lon="6.8968370">
    <ele>848.0</ele>
    <time>2024-04-26T15:20:02Z</time>
   </trkpt>
   <trkpt lat="48.0662850" lon="6.8968510">
    <ele>848.4</ele>
    <time>2024-04-26T15:20:03Z</time>
   </trkpt>
   <trkpt lat="48.0662770" lon="6.8968560">
    <ele>848.5</ele>
    <time>2024-04-26T15:20:04Z</time>
   </trkpt>
   <trkpt lat="48.0662680" lon="6.8968620">
    <ele>848.6</ele>
    <time>2024-04-26T15:20:05Z</time>
   </trkpt>
   <trkpt lat="48.0662530" lon="6.8968670">
    <ele>848.8</ele>
    <time>2024-04-26T15:20:06Z</time>
   </trkpt>
   <trkpt lat="48.0662370" lon="6.8968710">
    <ele>849.1</ele>
    <time>2024-04-26T15:20:07Z</time>
   </trkpt>
   <trkpt lat="48.0662210" lon="6.8968760">
    <ele>849.3</ele>
    <time>2024-04-26T15:20:08Z</time>
   </trkpt>
   <trkpt lat="48.0662080" lon="6.8968830">
    <ele>849.5</ele>
    <time>2024-04-26T15:20:09Z</time>
   </trkpt>
   <trkpt lat="48.0661880" lon="6.8968950">
    <ele>849.8</ele>
    <time>2024-04-26T15:20:10Z</time>
   </trkpt>
   <trkpt lat="48.0661800" lon="6.8968980">
    <ele>849.9</ele>
    <time>2024-04-26T15:20:11Z</time>
   </trkpt>
   <trkpt lat="48.0661720" lon="6.8969010">
    <ele>850.0</ele>
    <time>2024-04-26T15:20:12Z</time>
   </trkpt>
   <trkpt lat="48.0661580" lon="6.8968990">
    <ele>850.2</ele>
    <time>2024-04-26T15:20:13Z</time>
   </trkpt>
   <trkpt lat="48.0661440" lon="6.8968970">
    <ele>850.4</ele>
    <time>2024-04-26T15:20:14Z</time>
   </trkpt>
   <trkpt lat="48.0661300" lon="6.8968980">
    <ele>850.6</ele>
    <time>2024-04-26T15:20:15Z</time>
   </trkpt>
   <trkpt lat="48.0661170" lon="6.8968990">
    <ele>850.8</ele>
    <time>2024-04-26T15:20:16Z</time>
   </trkpt>
   <trkpt lat="48.0661040" lon="6.8969010">
    <ele>851.0</ele>
    <time>2024-04-26T15:20:17Z</time>
   </trkpt>
   <trkpt lat="48.0660900" lon="6.8969040">
    <ele>851.2</ele>
    <time>2024-04-26T15:20:18Z</time>
   </trkpt>
   <trkpt lat="48.0660670" lon="6.8969080">
    <ele>851.6</ele>
    <time>2024-04-26T15:20:19Z</time>
   </trkpt>
   <trkpt lat="48.0660580" lon="6.8969090">
    <ele>851.7</ele>
    <time>2024-04-26T15:20:20Z</time>
   </trkpt>
   <trkpt lat="48.0660500" lon="6.8969110">
    <ele>851.8</ele>
    <time>2024-04-26T15:20:21Z</time>
   </trkpt>
   <trkpt lat="48.0660270" lon="6.8969130">
    <ele>852.1</ele>
    <time>2024-04-26T15:20:22Z</time>
   </trkpt>
   <trkpt lat="48.0660180" lon="6.8969130">
    <ele>852.3</ele>
    <time>2024-04-26T15:20:23Z</time>
   </trkpt>
   <trkpt lat="48.0660100" lon="6.8969140">
    <ele>852.4</ele>
    <time>2024-04-26T15:20:24Z</time>
   </trkpt>
   <trkpt lat="48.0659900" lon="6.8969240">
    <ele>852.7</ele>
    <time>2024-04-26T15:20:25Z</time>
   </trkpt>
   <trkpt lat="48.0659820" lon="6.8969290">
    <ele>852.8</ele>
    <time>2024-04-26T15:20:26Z</time>
   </trkpt>
   <trkpt lat="48.0659750" lon="6.8969340">
    <ele>852.9</ele>
    <time>2024-04-26T15:20:27Z</time>
   </trkpt>
   <trkpt lat="48.0659560" lon="6.8969440">
    <ele>853.2</ele>
    <time>2024-04-26T15:20:28Z</time>
   </trkpt>
   <trkpt lat="48.0659480" lon="6.8969480">
    <ele>853.4</ele>
    <time>2024-04-26T15:20:29Z</time>
   </trkpt>
   <trkpt lat="48.0659400" lon="6.8969510">
    <ele>853.5</ele>
    <time>2024-04-26T15:20:30Z</time>
   </trkpt>
   <trkpt lat="48.0659220" lon="6.8969630">
    <ele>853.8</ele>
    <time>2024-04-26T15:20:31Z</time>
   </trkpt>
   <trkpt lat="48.0659150" lon="6.8969690">
    <ele>853.9</ele>
    <time>2024-04-26T15:20:32Z</time>
   </trkpt>
   <trkpt lat="48.0659080" lon="6.8969740">
    <ele>854.0</ele>
    <time>2024-04-26T15:20:33Z</time>
   </trkpt>
   <trkpt lat="48.0658950" lon="6.8969830">
    <ele>854.2</ele>
    <time>2024-04-26T15:20:34Z</time>
   </trkpt>
   <trkpt lat="48.0658830" lon="6.8969910">
    <ele>854.4</ele>
    <time>2024-04-26T15:20:35Z</time>
   </trkpt>
   <trkpt lat="48.0658640" lon="6.8970070">
    <ele>854.7</ele>
    <time>2024-04-26T15:20:36Z</time>
   </trkpt>
   <trkpt lat="48.0658570" lon="6.8970130">
    <ele>854.8</ele>
    <time>2024-04-26T15:20:37Z</time>
   </trkpt>
   <trkpt lat="48.0658500" lon="6.8970190">
    <ele>855.0</ele>
    <time>2024-04-26T15:20:38Z</time>
   </trkpt>
   <trkpt lat="48.0658310" lon="6.8970370">
    <ele>855.3</ele>
    <time>2024-04-26T15:20:39Z</time>
   </trkpt>
   <trkpt lat="48.0658230" lon="6.8970440">
    <ele>855.4</ele>
    <time>2024-04-26T15:20:40Z</time>
   </trkpt>
   <trkpt lat="48.0658160" lon="6.8970510">
    <ele>855.5</ele>
    <time>2024-04-26T15:20:41Z</time>
   </trkpt>
   <trkpt lat="48.0657980" lon="6.8970690">
    <ele>855.9</ele>
    <time>2024-04-26T15:20:42Z</time>
   </trkpt>
   <trkpt lat="48.0657900" lon="6.8970750">
    <ele>856.0</ele>
    <time>2024-04-26T15:20:43Z</time>
   </trkpt>
   <trkpt lat="48.0657830" lon="6.8970820">
    <ele>856.1</ele>
    <time>2024-04-26T15:20:44Z</time>
   </trkpt>
   <trkpt lat="48.0657640" lon="6.8970980">
    <ele>856.4</ele>
    <time>2024-04-26T15:20:45Z</time>
   </trkpt>
   <trkpt lat="48.0657570" lon="6.8971040">
    <ele>856.6</ele>
    <time>2024-04-26T15:20:46Z</time>
   </trkpt>
   <trkpt lat="48.0657490" lon="6.8971110">
    <ele>856.7</ele>
    <time>2024-04-26T15:20:47Z</time>
   </trkpt>
   <trkpt lat="48.0657310" lon="6.8971290">
    <ele>857.0</ele>
    <time>2024-04-26T15:20:48Z</time>
   </trkpt>
   <trkpt lat="48.0657240" lon="6.8971370">
    <ele>857.1</ele>
    <time>2024-04-26T15:20:49Z</time>
   </trkpt>
   <trkpt lat="48.0657170" lon="6.8971450">
    <ele>857.3</ele>
    <time>2024-04-26T15:20:50Z</time>
   </trkpt>
   <trkpt lat="48.0657060" lon="6.8971580">
    <ele>857.5</ele>
    <time>2024-04-26T15:20:51Z</time>
   </trkpt>
   <trkpt lat="48.0656950" lon="6.8971700">
    <ele>857.7</ele>
    <time>2024-04-26T15:20:52Z</time>
   </trkpt>
   <trkpt lat="48.0656840" lon="6.8971800">
    <ele>857.9</ele>
    <time>2024-04-26T15:20:53Z</time>
   </trkpt>
   <trkpt lat="48.0656710" lon="6.8971880">
    <ele>858.1</ele>
    <time>2024-04-26T15:20:54Z</time>
   </trkpt>
   <trkpt lat="48.0656580" lon="6.8971980">
    <ele>858.3</ele>
    <time>2024-04-26T15:20:55Z</time>
   </trkpt>
   <trkpt lat="48.0656460" lon="6.8972100">
    <ele>858.6</ele>
    <time>2024-04-26T15:20:56Z</time>
   </trkpt>
   <trkpt lat="48.0656350" lon="6.8972230">
    <ele>858.8</ele>
    <time>2024-04-26T15:20:57Z</time>
   </trkpt>
   <trkpt lat="48.0656240" lon="6.8972350">
    <ele>859.0</ele>
    <time>2024-04-26T15:20:58Z</time>
   </trkpt>
   <trkpt lat="48.0656120" lon="6.8972440">
    <ele>859.2</ele>
    <time>2024-04-26T15:20:59Z</time>
   </trkpt>
   <trkpt lat="48.0655990" lon="6.8972530">
    <ele>859.4</ele>
    <time>2024-04-26T15:21:00Z</time>
   </trkpt>
   <trkpt lat="48.0655850" lon="6.8972610">
    <ele>859.6</ele>
    <time>2024-04-26T15:21:01Z</time>
   </trkpt>
   <trkpt lat="48.0655720" lon="6.8972730">
    <ele>859.9</ele>
    <time>2024-04-26T15:21:02Z</time>
   </trkpt>
   <trkpt lat="48.0655610" lon="6.8972870">
    <ele>860.1</ele>
    <time>2024-04-26T15:21:03Z</time>
   </trkpt>
   <trkpt lat="48.0655510" lon="6.8972990">
    <ele>860.3</ele>
    <time>2024-04-26T15:21:04Z</time>
   </trkpt>
   <trkpt lat="48.0655390" lon="6.8973100">
    <ele>860.5</ele>
    <time>2024-04-26T15:21:05Z</time>
   </trkpt>
   <trkpt lat="48.0655260" lon="6.8973200">
    <ele>860.7</ele>
    <time>2024-04-26T15:21:06Z</time>
   </trkpt>
   <trkpt lat="48.0655130" lon="6.8973280">
    <ele>860.9</ele>
    <time>2024-04-26T15:21:07Z</time>
   </trkpt>
   <trkpt lat="48.0655010" lon="6.8973380">
    <ele>861.1</ele>
    <time>2024-04-26T15:21:08Z</time>
   </trkpt>
   <trkpt lat="48.0654880" lon="6.8973480">
    <ele>861.4</ele>
    <time>2024-04-26T15:21:09Z</time>
   </trkpt>
   <trkpt lat="48.0654760" lon="6.8973590">
    <ele>861.6</ele>
    <time>2024-04-26T15:21:10Z</time>
   </trkpt>
   <trkpt lat="48.0654640" lon="6.8973690">
    <ele>861.7</ele>
    <time>2024-04-26T15:21:11Z</time>
   </trkpt>
   <trkpt lat="48.0654510" lon="6.8973780">
    <ele>862.0</ele>
    <time>2024-04-26T15:21:12Z</time>
   </trkpt>
   <trkpt lat="48.0654390" lon="6.8973860">
    <ele>862.1</ele>
    <time>2024-04-26T15:21:13Z</time>
   </trkpt>
   <trkpt lat="48.0654250" lon="6.8973950">
    <ele>862.4</ele>
    <time>2024-04-26T15:21:14Z</time>
   </trkpt>
   <trkpt lat="48.0654120" lon="6.8974050">
    <ele>862.6</ele>
    <time>2024-04-26T15:21:15Z</time>
   </trkpt>
   <trkpt lat="48.0653990" lon="6.8974130">
    <ele>862.8</ele>
    <time>2024-04-26T15:21:16Z</time>
   </trkpt>
   <trkpt lat="48.0653870" lon="6.8974180">
    <ele>863.0</ele>
    <time>2024-04-26T15:21:17Z</time>
   </trkpt>
   <trkpt lat="48.0653730" lon="6.8974230">
    <ele>863.2</ele>
    <time>2024-04-26T15:21:18Z</time>
   </trkpt>
   <trkpt lat="48.0653600" lon="6.8974270">
    <ele>863.3</ele>
    <time>2024-04-26T15:21:19Z</time>
   </trkpt>
   <trkpt lat="48.0653470" lon="6.8974330">
    <ele>863.5</ele>
    <time>2024-04-26T15:21:20Z</time>
   </trkpt>
   <trkpt lat="48.0653260" lon="6.8974460">
    <ele>863.9</ele>
    <time>2024-04-26T15:21:21Z</time>
   </trkpt>
   <trkpt lat="48.0653180" lon="6.8974510">
    <ele>864.0</ele>
    <time>2024-04-26T15:21:22Z</time>
   </trkpt>
   <trkpt lat="48.0653100" lon="6.8974550">
    <ele>864.1</ele>
    <time>2024-04-26T15:21:23Z</time>
   </trkpt>
   <trkpt lat="48.0652890" lon="6.8974670">
    <ele>864.4</ele>
    <time>2024-04-26T15:21:24Z</time>
   </trkpt>
   <trkpt lat="48.0652810" lon="6.8974730">
    <ele>864.5</ele>
    <time>2024-04-26T15:21:25Z</time>
   </trkpt>
   <trkpt lat="48.0652730" lon="6.8974780">
    <ele>864.7</ele>
    <time>2024-04-26T15:21:26Z</time>
   </trkpt>
   <trkpt lat="48.0652600" lon="6.8974850">
    <ele>864.9</ele>
    <time>2024-04-26T15:21:27Z</time>
   </trkpt>
   <trkpt lat="48.0652470" lon="6.8974900">
    <ele>865.0</ele>
    <time>2024-04-26T15:21:28Z</time>
   </trkpt>
   <trkpt lat="48.0652330" lon="6.8974920">
    <ele>865.2</ele>
    <time>2024-04-26T15:21:29Z</time>
   </trkpt>
   <trkpt lat="48.0652190" lon="6.8974950">
    <ele>865.4</ele>
    <time>2024-04-26T15:21:30Z</time>
   </trkpt>
   <trkpt lat="48.0651980" lon="6.8975040">
    <ele>865.8</ele>
    <time>2024-04-26T15:21:31Z</time>
   </trkpt>
   <trkpt lat="48.0651890" lon="6.8975070">
    <ele>865.9</ele>
    <time>2024-04-26T15:21:32Z</time>
   </trkpt>
   <trkpt lat="48.0651800" lon="6.8975110">
    <ele>866.0</ele>
    <time>2024-04-26T15:21:33Z</time>
   </trkpt>
   <trkpt lat="48.0651670" lon="6.8975140">
    <ele>866.2</ele>
    <time>2024-04-26T15:21:34Z</time>
   </trkpt>
   <trkpt lat="48.0651530" lon="6.8975160">
    <ele>866.4</ele>
    <time>2024-04-26T15:21:35Z</time>
   </trkpt>
   <trkpt lat="48.0651390" lon="6.8975190">
    <ele>866.6</ele>
    <time>2024-04-26T15:21:36Z</time>
   </trkpt>
   <trkpt lat="48.0651260" lon="6.8975250">
    <ele>866.8</ele>
    <time>2024-04-26T15:21:37Z</time>
   </trkpt>
   <trkpt lat="48.0651120" lon="6.8975310">
    <ele>867.0</ele>
    <time>2024-04-26T15:21:38Z</time>
   </trkpt>
   <trkpt lat="48.0651000" lon="6.8975370">
    <ele>867.2</ele>
    <time>2024-04-26T15:21:39Z</time>
   </trkpt>
   <trkpt lat="48.0650860" lon="6.8975410">
    <ele>867.4</ele>
    <time>2024-04-26T15:21:40Z</time>
   </trkpt>
   <trkpt lat="48.0650730" lon="6.8975470">
    <ele>867.6</ele>
    <time>2024-04-26T15:21:41Z</time>
   </trkpt>
   <trkpt lat="48.0650590" lon="6.8975550">
    <ele>867.8</ele>
    <time>2024-04-26T15:21:42Z</time>
   </trkpt>
   <trkpt lat="48.0650460" lon="6.8975630">
    <ele>868.0</ele>
    <time>2024-04-26T15:21:43Z</time>
   </trkpt>
   <trkpt lat="48.0650250" lon="6.8975700">
    <ele>868.3</ele>
    <time>2024-04-26T15:21:44Z</time>
   </trkpt>
   <trkpt lat="48.0650160" lon="6.8975710">
    <ele>868.4</ele>
    <time>2024-04-26T15:21:45Z</time>
   </trkpt>
   <trkpt lat="48.0650060" lon="6.8975720">
    <ele>868.6</ele>
    <time>2024-04-26T15:21:46Z</time>
   </trkpt>
   <trkpt lat="48.0649840" lon="6.8975770">
    <ele>868.9</ele>
    <time>2024-04-26T15:21:47Z</time>
   </trkpt>
   <trkpt lat="48.0649760" lon="6.8975800">
    <ele>869.0</ele>
    <time>2024-04-26T15:21:48Z</time>
   </trkpt>
   <trkpt lat="48.0649670" lon="6.8975830">
    <ele>869.1</ele>
    <time>2024-04-26T15:21:49Z</time>
   </trkpt>
   <trkpt lat="48.0649540" lon="6.8975890">
    <ele>869.3</ele>
    <time>2024-04-26T15:21:50Z</time>
   </trkpt>
   <trkpt lat="48.0649410" lon="6.8975950">
    <ele>869.5</ele>
    <time>2024-04-26T15:21:51Z</time>
   </trkpt>
   <trkpt lat="48.0649200" lon="6.8976040">
    <ele>869.8</ele>
    <time>2024-04-26T15:21:52Z</time>
   </trkpt>
   <trkpt lat="48.0649120" lon="6.8976080">
    <ele>870.0</ele>
    <time>2024-04-26T15:21:53Z</time>
   </trkpt>
   <trkpt lat="48.0649040" lon="6.8976120">
    <ele>870.1</ele>
    <time>2024-04-26T15:21:54Z</time>
   </trkpt>
   <trkpt lat="48.0648840" lon="6.8976190">
    <ele>870.4</ele>
    <time>2024-04-26T15:21:55Z</time>
   </trkpt>
   <trkpt lat="48.0648760" lon="6.8976210">
    <ele>870.5</ele>
    <time>2024-04-26T15:21:56Z</time>
   </trkpt>
   <trkpt lat="48.0648680" lon="6.8976230">
    <ele>870.6</ele>
    <time>2024-04-26T15:21:57Z</time>
   </trkpt>
   <trkpt lat="48.0648480" lon="6.8976320">
    <ele>870.9</ele>
    <time>2024-04-26T15:21:58Z</time>
   </trkpt>
   <trkpt lat="48.0648400" lon="6.8976370">
    <ele>871.0</ele>
    <time>2024-04-26T15:21:59Z</time>
   </trkpt>
   <trkpt lat="48.0648310" lon="6.8976410">
    <ele>871.2</ele>
    <time>2024-04-26T15:22:00Z</time>
   </trkpt>
   <trkpt lat="48.0648180" lon="6.8976460">
    <ele>871.4</ele>
    <time>2024-04-26T15:22:01Z</time>
   </trkpt>
   <trkpt lat="48.0648040" lon="6.8976510">
    <ele>871.6</ele>
    <time>2024-04-26T15:22:02Z</time>
   </trkpt>
   <trkpt lat="48.0647910" lon="6.8976550">
    <ele>871.8</ele>
    <time>2024-04-26T15:22:03Z</time>
   </trkpt>
   <trkpt lat="48.0647780" lon="6.8976620">
    <ele>872.0</ele>
    <time>2024-04-26T15:22:04Z</time>
   </trkpt>
   <trkpt lat="48.0647580" lon="6.8976720">
    <ele>872.3</ele>
    <time>2024-04-26T15:22:05Z</time>
   </trkpt>
   <trkpt lat="48.0647500" lon="6.8976750">
    <ele>872.4</ele>
    <time>2024-04-26T15:22:06Z</time>
   </trkpt>
   <trkpt lat="48.0647420" lon="6.8976790">
    <ele>872.5</ele>
    <time>2024-04-26T15:22:07Z</time>
   </trkpt>
   <trkpt lat="48.0647220" lon="6.8976840">
    <ele>872.8</ele>
    <time>2024-04-26T15:22:08Z</time>
   </trkpt>
   <trkpt lat="48.0647130" lon="6.8976860">
    <ele>872.9</ele>
    <time>2024-04-26T15:22:09Z</time>
   </trkpt>
   <trkpt lat="48.0647040" lon="6.8976880">
    <ele>873.1</ele>
    <time>2024-04-26T15:22:10Z</time>
   </trkpt>
   <trkpt lat="48.0646830" lon="6.8976940">
    <ele>873.4</ele>
    <time>2024-04-26T15:22:11Z</time>
   </trkpt>
   <trkpt lat="48.0646740" lon="6.8976960">
    <ele>873.5</ele>
    <time>2024-04-26T15:22:12Z</time>
   </trkpt>
   <trkpt lat="48.0646660" lon="6.8976990">
    <ele>873.6</ele>
    <time>2024-04-26T15:22:13Z</time>
   </trkpt>
   <trkpt lat="48.0646440" lon="6.8977070">
    <ele>873.9</ele>
    <time>2024-04-26T15:22:14Z</time>
   </trkpt>
   <trkpt lat="48.0646360" lon="6.8977090">
    <ele>874.1</ele>
    <time>2024-04-26T15:22:15Z</time>
   </trkpt>
   <trkpt lat="48.0646270" lon="6.8977110">
    <ele>874.2</ele>
    <time>2024-04-26T15:22:16Z</time>
   </trkpt>
   <trkpt lat="48.0646070" lon="6.8977120">
    <ele>874.5</ele>
    <time>2024-04-26T15:22:17Z</time>
   </trkpt>
   <trkpt lat="48.0645990" lon="6.8977120">
    <ele>874.6</ele>
    <time>2024-04-26T15:22:18Z</time>
   </trkpt>
   <trkpt lat="48.0645910" lon="6.8977130">
    <ele>874.7</ele>
    <time>2024-04-26T15:22:19Z</time>
   </trkpt>
   <trkpt lat="48.0645680" lon="6.8977160">
    <ele>875.0</ele>
    <time>2024-04-26T15:22:20Z</time>
   </trkpt>
   <trkpt lat="48.0645590" lon="6.8977170">
    <ele>875.1</ele>
    <time>2024-04-26T15:22:21Z</time>
   </trkpt>
   <trkpt lat="48.0645500" lon="6.8977180">
    <ele>875.3</ele>
    <time>2024-04-26T15:22:22Z</time>
   </trkpt>
   <trkpt lat="48.0645350" lon="6.8977160">
    <ele>875.5</ele>
    <time>2024-04-26T15:22:23Z</time>
   </trkpt>
   <trkpt lat="48.0645210" lon="6.8977140">
    <ele>875.7</ele>
    <time>2024-04-26T15:22:24Z</time>
   </trkpt>
   <trkpt lat="48.0645010" lon="6.8977140">
    <ele>876.0</ele>
    <time>2024-04-26T15:22:25Z</time>
   </trkpt>
   <trkpt lat="48.0644920" lon="6.8977140">
    <ele>876.1</ele>
    <time>2024-04-26T15:22:26Z</time>
   </trkpt>
   <trkpt lat="48.0644840" lon="6.8977140">
    <ele>876.2</ele>
    <time>2024-04-26T15:22:27Z</time>
   </trkpt>
   <trkpt lat="48.0644630" lon="6.8977170">
    <ele>876.5</ele>
    <time>2024-04-26T15:22:28Z</time>
   </trkpt>
   <trkpt lat="48.0644530" lon="6.8977190">
    <ele>876.6</ele>
    <time>2024-04-26T15:22:29Z</time>
   </trkpt>
   <trkpt lat="48.0644440" lon="6.8977210">
    <ele>876.8</ele>
    <time>2024-04-26T15:22:30Z</time>
   </trkpt>
   <trkpt lat="48.0644290" lon="6.8977230">
    <ele>877.0</ele>
    <time>2024-04-26T15:22:31Z</time>
   </trkpt>
   <trkpt lat="48.0644130" lon="6.8977230">
    <ele>877.2</ele>
    <time>2024-04-26T15:22:32Z</time>
   </trkpt>
   <trkpt lat="48.0643960" lon="6.8977240">
    <ele>877.4</ele>
    <time>2024-04-26T15:22:33Z</time>
   </trkpt>
   <trkpt lat="48.0643790" lon="6.8977260">
    <ele>877.6</ele>
    <time>2024-04-26T15:22:34Z</time>
   </trkpt>
   <trkpt lat="48.0643610" lon="6.8977300">
    <ele>877.9</ele>
    <time>2024-04-26T15:22:35Z</time>
   </trkpt>
   <trkpt lat="48.0643440" lon="6.8977350">
    <ele>878.1</ele>
    <time>2024-04-26T15:22:36Z</time>
   </trkpt>
   <trkpt lat="48.0643270" lon="6.8977410">
    <ele>878.3</ele>
    <time>2024-04-26T15:22:37Z</time>
   </trkpt>
   <trkpt lat="48.0643100" lon="6.8977490">
    <ele>878.5</ele>
    <time>2024-04-26T15:22:38Z</time>
   </trkpt>
   <trkpt lat="48.0642940" lon="6.8977570">
    <ele>878.7</ele>
    <time>2024-04-26T15:22:39Z</time>
   </trkpt>
   <trkpt lat="48.0642770" lon="6.8977640">
    <ele>878.9</ele>
    <time>2024-04-26T15:22:40Z</time>
   </trkpt>
   <trkpt lat="48.0642600" lon="6.8977710">
    <ele>879.1</ele>
    <time>2024-04-26T15:22:41Z</time>
   </trkpt>
   <trkpt lat="48.0642430" lon="6.8977790">
    <ele>879.2</ele>
    <time>2024-04-26T15:22:42Z</time>
   </trkpt>
   <trkpt lat="48.0642160" lon="6.8977880">
    <ele>879.5</ele>
    <time>2024-04-26T15:22:43Z</time>
   </trkpt>
   <trkpt lat="48.0642060" lon="6.8977910">
    <ele>879.6</ele>
    <time>2024-04-26T15:22:44Z</time>
   </trkpt>
   <trkpt lat="48.0641800" lon="6.8978010">
    <ele>879.9</ele>
    <time>2024-04-26T15:22:45Z</time>
   </trkpt>
   <trkpt lat="48.0641710" lon="6.8978050">
    <ele>880.0</ele>
    <time>2024-04-26T15:22:46Z</time>
   </trkpt>
   <trkpt lat="48.0641550" lon="6.8978160">
    <ele>880.1</ele>
    <time>2024-04-26T15:22:47Z</time>
   </trkpt>
   <trkpt lat="48.0641390" lon="6.8978280">
    <ele>880.3</ele>
    <time>2024-04-26T15:22:48Z</time>
   </trkpt>
   <trkpt lat="48.0641230" lon="6.8978400">
    <ele>880.5</ele>
    <time>2024-04-26T15:22:49Z</time>
   </trkpt>
   <trkpt lat="48.0641080" lon="6.8978510">
    <ele>880.6</ele>
    <time>2024-04-26T15:22:50Z</time>
   </trkpt>
   <trkpt lat="48.0640940" lon="6.8978610">
    <ele>880.8</ele>
    <time>2024-04-26T15:22:51Z</time>
   </trkpt>
   <trkpt lat="48.0640790" lon="6.8978720">
    <ele>880.9</ele>
    <time>2024-04-26T15:22:52Z</time>
   </trkpt>
   <trkpt lat="48.0640630" lon="6.8978820">
    <ele>881.1</ele>
    <time>2024-04-26T15:22:53Z</time>
   </trkpt>
   <trkpt lat="48.0640470" lon="6.8978920">
    <ele>881.3</ele>
    <time>2024-04-26T15:22:54Z</time>
   </trkpt>
   <trkpt lat="48.0640210" lon="6.8979090">
    <ele>881.5</ele>
    <time>2024-04-26T15:22:55Z</time>
   </trkpt>
   <trkpt lat="48.0640120" lon="6.8979150">
    <ele>881.6</ele>
    <time>2024-04-26T15:22:56Z</time>
   </trkpt>
   <trkpt lat="48.0639880" lon="6.8979380">
    <ele>881.9</ele>
    <time>2024-04-26T15:22:57Z</time>
   </trkpt>
   <trkpt lat="48.0639800" lon="6.8979450">
    <ele>882.0</ele>
    <time>2024-04-26T15:22:58Z</time>
   </trkpt>
   <trkpt lat="48.0639510" lon="6.8979650">
    <ele>882.3</ele>
    <time>2024-04-26T15:22:59Z</time>
   </trkpt>
   <trkpt lat="48.0639380" lon="6.8979710">
    <ele>882.5</ele>
    <time>2024-04-26T15:23:00Z</time>
   </trkpt>
   <trkpt lat="48.0639210" lon="6.8979800">
    <ele>882.7</ele>
    <time>2024-04-26T15:23:01Z</time>
   </trkpt>
   <trkpt lat="48.0639090" lon="6.8979960">
    <ele>882.8</ele>
    <time>2024-04-26T15:23:02Z</time>
   </trkpt>
   <trkpt lat="48.0638970" lon="6.8980100">
    <ele>883.0</ele>
    <time>2024-04-26T15:23:03Z</time>
   </trkpt>
   <trkpt lat="48.0638830" lon="6.8980250">
    <ele>883.2</ele>
    <time>2024-04-26T15:23:04Z</time>
   </trkpt>
   <trkpt lat="48.0638620" lon="6.8980550">
    <ele>883.5</ele>
    <time>2024-04-26T15:23:05Z</time>
   </trkpt>
   <trkpt lat="48.0638550" lon="6.8980640">
    <ele>883.5</ele>
    <time>2024-04-26T15:23:06Z</time>
   </trkpt>
   <trkpt lat="48.0638350" lon="6.8980950">
    <ele>883.8</ele>
    <time>2024-04-26T15:23:07Z</time>
   </trkpt>
   <trkpt lat="48.0638280" lon="6.8981050">
    <ele>883.9</ele>
    <time>2024-04-26T15:23:08Z</time>
   </trkpt>
   <trkpt lat="48.0638100" lon="6.8981360">
    <ele>884.2</ele>
    <time>2024-04-26T15:23:09Z</time>
   </trkpt>
   <trkpt lat="48.0638030" lon="6.8981460">
    <ele>884.3</ele>
    <time>2024-04-26T15:23:10Z</time>
   </trkpt>
   <trkpt lat="48.0637910" lon="6.8981660">
    <ele>884.5</ele>
    <time>2024-04-26T15:23:11Z</time>
   </trkpt>
   <trkpt lat="48.0637780" lon="6.8981840">
    <ele>884.7</ele>
    <time>2024-04-26T15:23:12Z</time>
   </trkpt>
   <trkpt lat="48.0637650" lon="6.8982010">
    <ele>884.9</ele>
    <time>2024-04-26T15:23:13Z</time>
   </trkpt>
   <trkpt lat="48.0637530" lon="6.8982220">
    <ele>885.1</ele>
    <time>2024-04-26T15:23:14Z</time>
   </trkpt>
   <trkpt lat="48.0637410" lon="6.8982430">
    <ele>885.3</ele>
    <time>2024-04-26T15:23:15Z</time>
   </trkpt>
   <trkpt lat="48.0637300" lon="6.8982640">
    <ele>885.5</ele>
    <time>2024-04-26T15:23:16Z</time>
   </trkpt>
   <trkpt lat="48.0637190" lon="6.8982850">
    <ele>885.7</ele>
    <time>2024-04-26T15:23:17Z</time>
   </trkpt>
   <trkpt lat="48.0637090" lon="6.8983070">
    <ele>885.9</ele>
    <time>2024-04-26T15:23:18Z</time>
   </trkpt>
   <trkpt lat="48.0636950" lon="6.8983420">
    <ele>886.3</ele>
    <time>2024-04-26T15:23:19Z</time>
   </trkpt>
   <trkpt lat="48.0636910" lon="6.8983540">
    <ele>886.4</ele>
    <time>2024-04-26T15:23:20Z</time>
   </trkpt>
   <trkpt lat="48.0636770" lon="6.8983900">
    <ele>886.7</ele>
    <time>2024-04-26T15:23:21Z</time>
   </trkpt>
   <trkpt lat="48.0636720" lon="6.8984010">
    <ele>886.8</ele>
    <time>2024-04-26T15:23:22Z</time>
   </trkpt>
   <trkpt lat="48.0636620" lon="6.8984240">
    <ele>887.0</ele>
    <time>2024-04-26T15:23:23Z</time>
   </trkpt>
   <trkpt lat="48.0636530" lon="6.8984470">
    <ele>887.2</ele>
    <time>2024-04-26T15:23:24Z</time>
   </trkpt>
   <trkpt lat="48.0636460" lon="6.8984690">
    <ele>887.4</ele>
    <time>2024-04-26T15:23:25Z</time>
   </trkpt>
   <trkpt lat="48.0636390" lon="6.8984920">
    <ele>887.6</ele>
    <time>2024-04-26T15:23:26Z</time>
   </trkpt>
   <trkpt lat="48.0636270" lon="6.8985280">
    <ele>887.9</ele>
    <time>2024-04-26T15:23:27Z</time>
   </trkpt>
   <trkpt lat="48.0636230" lon="6.8985410">
    <ele>888.1</ele>
    <time>2024-04-26T15:23:28Z</time>
   </trkpt>
   <trkpt lat="48.0636140" lon="6.8985640">
    <ele>888.3</ele>
    <time>2024-04-26T15:23:29Z</time>
   </trkpt>
   <trkpt lat="48.0636060" lon="6.8985880">
    <ele>888.5</ele>
    <time>2024-04-26T15:23:30Z</time>
   </trkpt>
   <trkpt lat="48.0636000" lon="6.8986130">
    <ele>888.7</ele>
    <time>2024-04-26T15:23:31Z</time>
   </trkpt>
   <trkpt lat="48.0635970" lon="6.8986370">
    <ele>888.9</ele>
    <time>2024-04-26T15:23:32Z</time>
   </trkpt>
   <trkpt lat="48.0635920" lon="6.8986610">
    <ele>889.1</ele>
    <time>2024-04-26T15:23:33Z</time>
   </trkpt>
   <trkpt lat="48.0635870" lon="6.8986840">
    <ele>889.3</ele>
    <time>2024-04-26T15:23:34Z</time>
   </trkpt>
   <trkpt lat="48.0635830" lon="6.8987080">
    <ele>889.5</ele>
    <time>2024-04-26T15:23:35Z</time>
   </trkpt>
   <trkpt lat="48.0635810" lon="6.8987330">
    <ele>889.7</ele>
    <time>2024-04-26T15:23:36Z</time>
   </trkpt>
   <trkpt lat="48.0635810" lon="6.8987590">
    <ele>889.9</ele>
    <time>2024-04-26T15:23:37Z</time>
   </trkpt>
   <trkpt lat="48.0635800" lon="6.8987840">
    <ele>890.1</ele>
    <time>2024-04-26T15:23:38Z</time>
   </trkpt>
   <trkpt lat="48.0635780" lon="6.8988060">
    <ele>890.3</ele>
    <time>2024-04-26T15:23:39Z</time>
   </trkpt>
   <trkpt lat="48.0635760" lon="6.8988280">
    <ele>890.5</ele>
    <time>2024-04-26T15:23:40Z</time>
   </trkpt>
   <trkpt lat="48.0635740" lon="6.8988500">
    <ele>890.7</ele>
    <time>2024-04-26T15:23:41Z</time>
   </trkpt>
   <trkpt lat="48.0635730" lon="6.8988740">
    <ele>890.9</ele>
    <time>2024-04-26T15:23:42Z</time>
   </trkpt>
   <trkpt lat="48.0635730" lon="6.8989000">
    <ele>891.1</ele>
    <time>2024-04-26T15:23:43Z</time>
   </trkpt>
   <trkpt lat="48.0635740" lon="6.8989260">
    <ele>891.4</ele>
    <time>2024-04-26T15:23:44Z</time>
   </trkpt>
   <trkpt lat="48.0635760" lon="6.8989510">
    <ele>891.6</ele>
    <time>2024-04-26T15:23:45Z</time>
   </trkpt>
   <trkpt lat="48.0635770" lon="6.8989760">
    <ele>891.8</ele>
    <time>2024-04-26T15:23:46Z</time>
   </trkpt>
   <trkpt lat="48.0635780" lon="6.8990000">
    <ele>892.0</ele>
    <time>2024-04-26T15:23:47Z</time>
   </trkpt>
   <trkpt lat="48.0635780" lon="6.8990240">
    <ele>892.3</ele>
    <time>2024-04-26T15:23:48Z</time>
   </trkpt>
   <trkpt lat="48.0635800" lon="6.8990470">
    <ele>892.5</ele>
    <time>2024-04-26T15:23:49Z</time>
   </trkpt>
   <trkpt lat="48.0635820" lon="6.8990710">
    <ele>892.7</ele>
    <time>2024-04-26T15:23:50Z</time>
   </trkpt>
   <trkpt lat="48.0635850" lon="6.8990940">
    <ele>892.9</ele>
    <time>2024-04-26T15:23:51Z</time>
   </trkpt>
   <trkpt lat="48.0635890" lon="6.8991160">
    <ele>893.1</ele>
    <time>2024-04-26T15:23:52Z</time>
   </trkpt>
   <trkpt lat="48.0635950" lon="6.8991440">
    <ele>893.4</ele>
    <time>2024-04-26T15:23:53Z</time>
   </trkpt>
   <trkpt lat="48.0635980" lon="6.8991560">
    <ele>893.5</ele>
    <time>2024-04-26T15:23:54Z</time>
   </trkpt>
   <trkpt lat="48.0636010" lon="6.8991680">
    <ele>893.6</ele>
    <time>2024-04-26T15:23:55Z</time>
   </trkpt>
   <trkpt lat="48.0636060" lon="6.8991870">
    <ele>893.8</ele>
    <time>2024-04-26T15:23:56Z</time>
   </trkpt>
   <trkpt lat="48.0636100" lon="6.8992080">
    <ele>894.0</ele>
    <time>2024-04-26T15:23:57Z</time>
   </trkpt>
   <trkpt lat="48.0636140" lon="6.8992300">
    <ele>894.2</ele>
    <time>2024-04-26T15:23:58Z</time>
   </trkpt>
   <trkpt lat="48.0636190" lon="6.8992490">
    <ele>894.4</ele>
    <time>2024-04-26T15:23:59Z</time>
   </trkpt>
   <trkpt lat="48.0636240" lon="6.8992680">
    <ele>894.6</ele>
    <time>2024-04-26T15:24:00Z</time>
   </trkpt>
   <trkpt lat="48.0636290" lon="6.8992870">
    <ele>894.8</ele>
    <time>2024-04-26T15:24:01Z</time>
   </trkpt>
   <trkpt lat="48.0636350" lon="6.8993180">
    <ele>895.1</ele>
    <time>2024-04-26T15:24:02Z</time>
   </trkpt>
   <trkpt lat="48.0636370" lon="6.8993310">
    <ele>895.2</ele>
    <time>2024-04-26T15:24:03Z</time>
   </trkpt>
   <trkpt lat="48.0636390" lon="6.8993450">
    <ele>895.3</ele>
    <time>2024-04-26T15:24:04Z</time>
   </trkpt>
   <trkpt lat="48.0636430" lon="6.8993640">
    <ele>895.5</ele>
    <time>2024-04-26T15:24:05Z</time>
   </trkpt>
   <trkpt lat="48.0636480" lon="6.8993840">
    <ele>895.7</ele>
    <time>2024-04-26T15:24:06Z</time>
   </trkpt>
   <trkpt lat="48.0636530" lon="6.8994030">
    <ele>895.9</ele>
    <time>2024-04-26T15:24:07Z</time>
   </trkpt>
   <trkpt lat="48.0636570" lon="6.8994220">
    <ele>896.1</ele>
    <time>2024-04-26T15:24:08Z</time>
   </trkpt>
   <trkpt lat="48.0636610" lon="6.8994440">
    <ele>896.3</ele>
    <time>2024-04-26T15:24:09Z</time>
   </trkpt>
   <trkpt lat="48.0636640" lon="6.8994640">
    <ele>896.5</ele>
    <time>2024-04-26T15:24:10Z</time>
   </trkpt>
   <trkpt lat="48.0636660" lon="6.8994850">
    <ele>896.7</ele>
    <time>2024-04-26T15:24:11Z</time>
   </trkpt>
   <trkpt lat="48.0636680" lon="6.8995060">
    <ele>896.9</ele>
    <time>2024-04-26T15:24:12Z</time>
   </trkpt>
   <trkpt lat="48.0636730" lon="6.8995380">
    <ele>897.2</ele>
    <time>2024-04-26T15:24:13Z</time>
   </trkpt>
   <trkpt lat="48.0636740" lon="6.8995510">
    <ele>897.3</ele>
    <time>2024-04-26T15:24:14Z</time>
   </trkpt>
   <trkpt lat="48.0636760" lon="6.8995640">
    <ele>897.4</ele>
    <time>2024-04-26T15:24:15Z</time>
   </trkpt>
   <trkpt lat="48.0636800" lon="6.8995970">
    <ele>897.7</ele>
    <time>2024-04-26T15:24:16Z</time>
   </trkpt>
   <trkpt lat="48.0636820" lon="6.8996100">
    <ele>897.8</ele>
    <time>2024-04-26T15:24:17Z</time>
   </trkpt>
   <trkpt lat="48.0636830" lon="6.8996230">
    <ele>897.9</ele>
    <time>2024-04-26T15:24:18Z</time>
   </trkpt>
   <trkpt lat="48.0636870" lon="6.8996560">
    <ele>898.2</ele>
    <time>2024-04-26T15:24:19Z</time>
   </trkpt>
   <trkpt lat="48.0636880" lon="6.8996700">
    <ele>898.4</ele>
    <time>2024-04-26T15:24:20Z</time>
   </trkpt>
   <trkpt lat="48.0636890" lon="6.8996840">
    <ele>898.5</ele>
    <time>2024-04-26T15:24:21Z</time>
   </trkpt>
   <trkpt lat="48.0636910" lon="6.8997050">
    <ele>898.7</ele>
    <time>2024-04-26T15:24:22Z</time>
   </trkpt>
   <trkpt lat="48.0636930" lon="6.8997240">
    <ele>898.9</ele>
    <time>2024-04-26T15:24:23Z</time>
   </trkpt>
   <trkpt lat="48.0636950" lon="6.8997540">
    <ele>899.1</ele>
    <time>2024-04-26T15:24:24Z</time>
   </trkpt>
   <trkpt lat="48.0636950" lon="6.8997660">
    <ele>899.2</ele>
    <time>2024-04-26T15:24:25Z</time>
   </trkpt>
   <trkpt lat="48.0636940" lon="6.8997780">
    <ele>899.3</ele>
    <time>2024-04-26T15:24:26Z</time>
   </trkpt>
   <trkpt lat="48.0636950" lon="6.8997990">
    <ele>899.5</ele>
    <time>2024-04-26T15:24:27Z</time>
   </trkpt>
   <trkpt lat="48.0636950" lon="6.8998190">
    <ele>899.7</ele>
    <time>2024-04-26T15:24:28Z</time>
   </trkpt>
   <trkpt lat="48.0636970" lon="6.8998520">
    <ele>899.9</ele>
    <time>2024-04-26T15:24:29Z</time>
   </trkpt>
   <trkpt lat="48.0636980" lon="6.8998650">
    <ele>900.0</ele>
    <time>2024-04-26T15:24:30Z</time>
   </trkpt>
   <trkpt lat="48.0636980" lon="6.8998790">
    <ele>900.2</ele>
    <time>2024-04-26T15:24:31Z</time>
   </trkpt>
   <trkpt lat="48.0637020" lon="6.8999100">
    <ele>900.4</ele>
    <time>2024-04-26T15:24:32Z</time>
   </trkpt>
   <trkpt lat="48.0637040" lon="6.8999220">
    <ele>900.5</ele>
    <time>2024-04-26T15:24:33Z</time>
   </trkpt>
   <trkpt lat="48.0637050" lon="6.8999340">
    <ele>900.6</ele>
    <time>2024-04-26T15:24:34Z</time>
   </trkpt>
   <trkpt lat="48.0637110" lon="6.8999640">
    <ele>900.9</ele>
    <time>2024-04-26T15:24:35Z</time>
   </trkpt>
   <trkpt lat="48.0637140" lon="6.8999750">
    <ele>901.0</ele>
    <time>2024-04-26T15:24:36Z</time>
   </trkpt>
   <trkpt lat="48.0637160" lon="6.8999870">
    <ele>901.1</ele>
    <time>2024-04-26T15:24:37Z</time>
   </trkpt>
   <trkpt lat="48.0637200" lon="6.9000060">
    <ele>901.3</ele>
    <time>2024-04-26T15:24:38Z</time>
   </trkpt>
   <trkpt lat="48.0637230" lon="6.9000270">
    <ele>901.4</ele>
    <time>2024-04-26T15:24:39Z</time>
   </trkpt>
   <trkpt lat="48.0637240" lon="6.9000580">
    <ele>901.7</ele>
    <time>2024-04-26T15:24:40Z</time>
   </trkpt>
   <trkpt lat="48.0637240" lon="6.9000710">
    <ele>901.8</ele>
    <time>2024-04-26T15:24:41Z</time>
   </trkpt>
   <trkpt lat="48.0637240" lon="6.9000840">
    <ele>901.9</ele>
    <time>2024-04-26T15:24:42Z</time>
   </trkpt>
   <trkpt lat="48.0637260" lon="6.9001160">
    <ele>902.2</ele>
    <time>2024-04-26T15:24:43Z</time>
   </trkpt>
   <trkpt lat="48.0637270" lon="6.9001280">
    <ele>902.3</ele>
    <time>2024-04-26T15:24:44Z</time>
   </trkpt>
   <trkpt lat="48.0637280" lon="6.9001410">
    <ele>902.4</ele>
    <time>2024-04-26T15:24:45Z</time>
   </trkpt>
   <trkpt lat="48.0637300" lon="6.9001580">
    <ele>902.5</ele>
    <time>2024-04-26T15:24:46Z</time>
   </trkpt>
   <trkpt lat="48.0637300" lon="6.9001740">
    <ele>902.7</ele>
    <time>2024-04-26T15:24:47Z</time>
   </trkpt>
   <trkpt lat="48.0637300" lon="6.9001920">
    <ele>902.8</ele>
    <time>2024-04-26T15:24:48Z</time>
   </trkpt>
   <trkpt lat="48.0637300" lon="6.9002230">
    <ele>903.1</ele>
    <time>2024-04-26T15:24:49Z</time>
   </trkpt>
   <trkpt lat="48.0637300" lon="6.9002360">
    <ele>903.2</ele>
    <time>2024-04-26T15:24:50Z</time>
   </trkpt>
   <trkpt lat="48.0637300" lon="6.9002490">
    <ele>903.3</ele>
    <time>2024-04-26T15:24:51Z</time>
   </trkpt>
   <trkpt lat="48.0637330" lon="6.9002820">
    <ele>903.6</ele>
    <time>2024-04-26T15:24:52Z</time>
   </trkpt>
   <trkpt lat="48.0637340" lon="6.9002950">
    <ele>903.7</ele>
    <time>2024-04-26T15:24:53Z</time>
   </trkpt>
   <trkpt lat="48.0637360" lon="6.9003080">
    <ele>903.9</ele>
    <time>2024-04-26T15:24:54Z</time>
   </trkpt>
   <trkpt lat="48.0637420" lon="6.9003380">
    <ele>904.1</ele>
    <time>2024-04-26T15:24:55Z</time>
   </trkpt>
   <trkpt lat="48.0637440" lon="6.9003510">
    <ele>904.3</ele>
    <time>2024-04-26T15:24:56Z</time>
   </trkpt>
   <trkpt lat="48.0637450" lon="6.9003630">
    <ele>904.4</ele>
    <time>2024-04-26T15:24:57Z</time>
   </trkpt>
   <trkpt lat="48.0637460" lon="6.9003950">
    <ele>904.7</ele>
    <time>2024-04-26T15:24:58Z</time>
   </trkpt>
   <trkpt lat="48.0637460" lon="6.9004080">
    <ele>904.8</ele>
    <time>2024-04-26T15:24:59Z</time>
   </trkpt>
   <trkpt lat="48.0637450" lon="6.9004210">
    <ele>904.9</ele>
    <time>2024-04-26T15:25:00Z</time>
   </trkpt>
   <trkpt lat="48.0637470" lon="6.9004540">
    <ele>905.2</ele>
    <time>2024-04-26T15:25:01Z</time>
   </trkpt>
   <trkpt lat="48.0637490" lon="6.9004660">
    <ele>905.3</ele>
    <time>2024-04-26T15:25:02Z</time>
   </trkpt>
   <trkpt lat="48.0637510" lon="6.9004790">
    <ele>905.5</ele>
    <time>2024-04-26T15:25:03Z</time>
   </trkpt>
   <trkpt lat="48.0637520" lon="6.9005100">
    <ele>905.8</ele>
    <time>2024-04-26T15:25:04Z</time>
   </trkpt>
   <trkpt lat="48.0637520" lon="6.9005230">
    <ele>905.9</ele>
    <time>2024-04-26T15:25:05Z</time>
   </trkpt>
   <trkpt lat="48.0637520" lon="6.9005360">
    <ele>906.0</ele>
    <time>2024-04-26T15:25:06Z</time>
   </trkpt>
   <trkpt lat="48.0637540" lon="6.9005560">
    <ele>906.2</ele>
    <time>2024-04-26T15:25:07Z</time>
   </trkpt>
   <trkpt lat="48.0637580" lon="6.9005760">
    <ele>906.4</ele>
    <time>2024-04-26T15:25:08Z</time>
   </trkpt>
   <trkpt lat="48.0637610" lon="6.9005960">
    <ele>906.6</ele>
    <time>2024-04-26T15:25:09Z</time>
   </trkpt>
   <trkpt lat="48.0637630" lon="6.9006170">
    <ele>906.9</ele>
    <time>2024-04-26T15:25:10Z</time>
   </trkpt>
   <trkpt lat="48.0637660" lon="6.9006500">
    <ele>907.2</ele>
    <time>2024-04-26T15:25:11Z</time>
   </trkpt>
   <trkpt lat="48.0637680" lon="6.9006630">
    <ele>907.3</ele>
    <time>2024-04-26T15:25:12Z</time>
   </trkpt>
   <trkpt lat="48.0637690" lon="6.9006770">
    <ele>907.5</ele>
    <time>2024-04-26T15:25:13Z</time>
   </trkpt>
   <trkpt lat="48.0637740" lon="6.9006960">
    <ele>907.7</ele>
    <time>2024-04-26T15:25:14Z</time>
   </trkpt>
   <trkpt lat="48.0637790" lon="6.9007150">
    <ele>907.9</ele>
    <time>2024-04-26T15:25:15Z</time>
   </trkpt>
   <trkpt lat="48.0637840" lon="6.9007350">
    <ele>908.2</ele>
    <time>2024-04-26T15:25:16Z</time>
   </trkpt>
   <trkpt lat="48.0637910" lon="6.9007540">
    <ele>908.4</ele>
    <time>2024-04-26T15:25:17Z</time>
   </trkpt>
   <trkpt lat="48.0638000" lon="6.9007720">
    <ele>908.6</ele>
    <time>2024-04-26T15:25:18Z</time>
   </trkpt>
   <trkpt lat="48.0638090" lon="6.9007870">
    <ele>908.8</ele>
    <time>2024-04-26T15:25:19Z</time>
   </trkpt>
   <trkpt lat="48.0638200" lon="6.9008030">
    <ele>909.1</ele>
    <time>2024-04-26T15:25:20Z</time>
   </trkpt>
   <trkpt lat="48.0638310" lon="6.9008190">
    <ele>909.3</ele>
    <time>2024-04-26T15:25:21Z</time>
   </trkpt>
   <trkpt lat="48.0638400" lon="6.9008360">
    <ele>909.6</ele>
    <time>2024-04-26T15:25:22Z</time>
   </trkpt>
   <trkpt lat="48.0638500" lon="6.9008530">
    <ele>909.8</ele>
    <time>2024-04-26T15:25:23Z</time>
   </trkpt>
   <trkpt lat="48.0638610" lon="6.9008680">
    <ele>910.0</ele>
    <time>2024-04-26T15:25:24Z</time>
   </trkpt>
   <trkpt lat="48.0638730" lon="6.9008750">
    <ele>910.2</ele>
    <time>2024-04-26T15:25:25Z</time>
   </trkpt>
   <trkpt lat="48.0638880" lon="6.9008720">
    <ele>910.5</ele>
    <time>2024-04-26T15:25:26Z</time>
   </trkpt>
   <trkpt lat="48.0639030" lon="6.9008640">
    <ele>910.7</ele>
    <time>2024-04-26T15:25:27Z</time>
   </trkpt>
   <trkpt lat="48.0639180" lon="6.9008540">
    <ele>911.0</ele>
    <time>2024-04-26T15:25:28Z</time>
   </trkpt>
   <trkpt lat="48.0639320" lon="6.9008460">
    <ele>911.2</ele>
    <time>2024-04-26T15:25:29Z</time>
   </trkpt>
   <trkpt lat="48.0639450" lon="6.9008400">
    <ele>911.5</ele>
    <time>2024-04-26T15:25:30Z</time>
   </trkpt>
   <trkpt lat="48.0639600" lon="6.9008340">
    <ele>911.7</ele>
    <time>2024-04-26T15:25:31Z</time>
   </trkpt>
   <trkpt lat="48.0639750" lon="6.9008280">
    <ele>911.9</ele>
    <time>2024-04-26T15:25:32Z</time>
   </trkpt>
   <trkpt lat="48.0639880" lon="6.9008210">
    <ele>912.1</ele>
    <time>2024-04-26T15:25:33Z</time>
   </trkpt>
   <trkpt lat="48.0640010" lon="6.9008130">
    <ele>912.3</ele>
    <time>2024-04-26T15:25:34Z</time>
   </trkpt>
   <trkpt lat="48.0640140" lon="6.9008030">
    <ele>912.5</ele>
    <time>2024-04-26T15:25:35Z</time>
   </trkpt>
   <trkpt lat="48.0640270" lon="6.9007940">
    <ele>912.7</ele>
    <time>2024-04-26T15:25:36Z</time>
   </trkpt>
   <trkpt lat="48.0640410" lon="6.9007870">
    <ele>912.9</ele>
    <time>2024-04-26T15:25:37Z</time>
   </trkpt>
   <trkpt lat="48.0640540" lon="6.9007790">
    <ele>913.1</ele>
    <time>2024-04-26T15:25:38Z</time>
   </trkpt>
   <trkpt lat="48.0640670" lon="6.9007700">
    <ele>913.3</ele>
    <time>2024-04-26T15:25:39Z</time>
   </trkpt>
   <trkpt lat="48.0640790" lon="6.9007590">
    <ele>913.5</ele>
    <time>2024-04-26T15:25:40Z</time>
   </trkpt>
   <trkpt lat="48.0640910" lon="6.9007470">
    <ele>913.7</ele>
    <time>2024-04-26T15:25:41Z</time>
   </trkpt>
   <trkpt lat="48.0641020" lon="6.9007360">
    <ele>913.9</ele>
    <time>2024-04-26T15:25:42Z</time>
   </trkpt>
   <trkpt lat="48.0641140" lon="6.9007240">
    <ele>914.0</ele>
    <time>2024-04-26T15:25:43Z</time>
   </trkpt>
   <trkpt lat="48.0641240" lon="6.9007120">
    <ele>914.2</ele>
    <time>2024-04-26T15:25:44Z</time>
   </trkpt>
   <trkpt lat="48.0641330" lon="6.9007020">
    <ele>914.3</ele>
    <time>2024-04-26T15:25:45Z</time>
   </trkpt>
   <trkpt lat="48.0641410" lon="6.9006910">
    <ele>914.5</ele>
    <time>2024-04-26T15:25:46Z</time>
   </trkpt>
   <trkpt lat="48.0641490" lon="6.9006800">
    <ele>914.6</ele>
    <time>2024-04-26T15:25:47Z</time>
   </trkpt>
   <trkpt lat="48.0641560" lon="6.9006700">
    <ele>914.7</ele>
    <time>2024-04-26T15:25:48Z</time>
   </trkpt>
   <trkpt lat="48.0641630" lon="6.9006590">
    <ele>914.8</ele>
    <time>2024-04-26T15:25:49Z</time>
   </trkpt>
   <trkpt lat="48.0641630" lon="6.9006480">
    <ele>914.9</ele>
    <time>2024-04-26T15:25:50Z</time>
   </trkpt>
   <trkpt lat="48.0641600" lon="6.9006330">
    <ele>915.0</ele>
    <time>2024-04-26T15:25:51Z</time>
   </trkpt>
   <trkpt lat="48.0641510" lon="6.9006180">
    <ele>915.2</ele>
    <time>2024-04-26T15:25:52Z</time>
   </trkpt>
   <trkpt lat="48.0641390" lon="6.9006040">
    <ele>915.4</ele>
    <time>2024-04-26T15:25:53Z</time>
   </trkpt>
   <trkpt lat="48.0641280" lon="6.9005890">
    <ele>915.6</ele>
    <time>2024-04-26T15:25:54Z</time>
   </trkpt>
   <trkpt lat="48.0641200" lon="6.9005810">
    <ele>915.7</ele>
    <time>2024-04-26T15:25:55Z</time>
   </trkpt>
   <trkpt lat="48.0641180" lon="6.9005810">
    <ele>915.7</ele>
    <time>2024-04-26T15:25:56Z</time>
   </trkpt>
   <trkpt lat="48.0641170" lon="6.9005830">
    <ele>915.7</ele>
    <time>2024-04-26T15:25:57Z</time>
   </trkpt>
   <trkpt lat="48.0641160" lon="6.9005850">
    <ele>915.7</ele>
    <time>2024-04-26T15:25:58Z</time>
   </trkpt>
   <trkpt lat="48.0641160" lon="6.9005850">
    <ele>915.7</ele>
    <time>2024-04-26T15:25:59Z</time>
   </trkpt>
   <trkpt lat="48.0641160" lon="6.9005860">
    <ele>915.7</ele>
    <time>2024-04-26T15:26:00Z</time>
   </trkpt>
   <trkpt lat="48.0641160" lon="6.9005850">
    <ele>915.7</ele>
    <time>2024-04-26T15:26:01Z</time>
   </trkpt>
   <trkpt lat="48.0641180" lon="6.9005880">
    <ele>915.8</ele>
    <time>2024-04-26T15:26:02Z</time>
   </trkpt>
   <trkpt lat="48.0641190" lon="6.9005900">
    <ele>915.8</ele>
    <time>2024-04-26T15:26:03Z</time>
   </trkpt>
   <trkpt lat="48.0641190" lon="6.9005910">
    <ele>915.8</ele>
    <time>2024-04-26T15:26:04Z</time>
   </trkpt>
   <trkpt lat="48.0641190" lon="6.9005910">
    <ele>915.8</ele>
    <time>2024-04-26T15:26:05Z</time>
   </trkpt>
  </trkseg>
 </trk>
</gpx>
