<?xml version="1.0" encoding="UTF-8"?>
<gpx xmlns:xsi="http://www.w3.org/2001/XMLSchema-instance" xsi:schemaLocation="http://www.topografix.com/GPX/1/1 http://www.topografix.com/GPX/1/1/gpx.xsd" creator="StravaGPX" version="1.1" xmlns="http://www.topografix.com/GPX/1/1">
 <metadata>
  <time>2024-05-03T18:53:29Z</time>
 </metadata>
 <trk>
  <name>6/6 ✅</name>
  <type>cycling</type>
  <trkseg>
   <trkpt lat="48.8306530" lon="2.3208740">
    <ele>69.5</ele>
    <time>2024-05-03T18:53:29Z</time>
   </trkpt>
   <trkpt lat="48.8306600" lon="2.3208700">
    <ele>69.5</ele>
    <time>2024-05-03T18:53:30Z</time>
   </trkpt>
   <trkpt lat="48.8306660" lon="2.3208650">
    <ele>69.5</ele>
    <time>2024-05-03T18:53:31Z</time>
   </trkpt>
   <trkpt lat="48.8306730" lon="2.3208610">
    <ele>69.5</ele>
    <time>2024-05-03T18:53:32Z</time>
   </trkpt>
   <trkpt lat="48.8306790" lon="2.3208560">
    <ele>69.5</ele>
    <time>2024-05-03T18:53:33Z</time>
   </trkpt>
   <trkpt lat="48.8306860" lon="2.3208520">
    <ele>69.5</ele>
    <time>2024-05-03T18:53:34Z</time>
   </trkpt>
   <trkpt lat="48.8306520" lon="2.3208330">
    <ele>69.5</ele>
    <time>2024-05-03T18:53:35Z</time>
   </trkpt>
   <trkpt lat="48.8306410" lon="2.3208370">
    <ele>69.5</ele>
    <time>2024-05-03T18:53:36Z</time>
   </trkpt>
   <trkpt lat="48.8306250" lon="2.3208030">
    <ele>69.4</ele>
    <time>2024-05-03T18:53:37Z</time>
   </trkpt>
   <trkpt lat="48.8306190" lon="2.3207890">
    <ele>69.4</ele>
    <time>2024-05-03T18:53:38Z</time>
   </trkpt>
   <trkpt lat="48.8305860" lon="2.3207710">
    <ele>69.4</ele>
    <time>2024-05-03T18:53:39Z</time>
   </trkpt>
   <trkpt lat="48.8305740" lon="2.3207640">
    <ele>69.4</ele>
    <time>2024-05-03T18:53:40Z</time>
   </trkpt>
   <trkpt lat="48.8305490" lon="2.3207300">
    <ele>69.3</ele>
    <time>2024-05-03T18:53:41Z</time>
   </trkpt>
   <trkpt lat="48.8305390" lon="2.3207200">
    <ele>69.3</ele>
    <time>2024-05-03T18:53:42Z</time>
   </trkpt>
   <trkpt lat="48.8305010" lon="2.3206890">
    <ele>69.3</ele>
    <time>2024-05-03T18:53:43Z</time>
   </trkpt>
   <trkpt lat="48.8304820" lon="2.3206720">
    <ele>69.2</ele>
    <time>2024-05-03T18:53:44Z</time>
   </trkpt>
   <trkpt lat="48.8304490" lon="2.3206520">
    <ele>69.2</ele>
    <time>2024-05-03T18:53:45Z</time>
   </trkpt>
   <trkpt lat="48.8304180" lon="2.3206310">
    <ele>69.2</ele>
    <time>2024-05-03T18:53:46Z</time>
   </trkpt>
   <trkpt lat="48.8303820" lon="2.3206090">
    <ele>69.2</ele>
    <time>2024-05-03T18:53:47Z</time>
   </trkpt>
   <trkpt lat="48.8303510" lon="2.3205740">
    <ele>69.1</ele>
    <time>2024-05-03T18:53:48Z</time>
   </trkpt>
   <trkpt lat="48.8303200" lon="2.3205470">
    <ele>69.1</ele>
    <time>2024-05-03T18:53:49Z</time>
   </trkpt>
   <trkpt lat="48.8302890" lon="2.3205250">
    <ele>69.1</ele>
    <time>2024-05-03T18:53:50Z</time>
   </trkpt>
   <trkpt lat="48.8302560" lon="2.3204950">
    <ele>69.1</ele>
    <time>2024-05-03T18:53:51Z</time>
   </trkpt>
   <trkpt lat="48.8302260" lon="2.3204690">
    <ele>69.0</ele>
    <time>2024-05-03T18:53:52Z</time>
   </trkpt>
   <trkpt lat="48.8301980" lon="2.3204450">
    <ele>69.0</ele>
    <time>2024-05-03T18:53:53Z</time>
   </trkpt>
   <trkpt lat="48.8301780" lon="2.3204120">
    <ele>68.9</ele>
    <time>2024-05-03T18:53:54Z</time>
   </trkpt>
   <trkpt lat="48.8301670" lon="2.3203820">
    <ele>68.8</ele>
    <time>2024-05-03T18:53:55Z</time>
   </trkpt>
   <trkpt lat="48.8301680" lon="2.3203700">
    <ele>68.7</ele>
    <time>2024-05-03T18:53:56Z</time>
   </trkpt>
   <trkpt lat="48.8301700" lon="2.3203450">
    <ele>68.7</ele>
    <time>2024-05-03T18:53:57Z</time>
   </trkpt>
   <trkpt lat="48.8301700" lon="2.3203300">
    <ele>68.6</ele>
    <time>2024-05-03T18:53:58Z</time>
   </trkpt>
   <trkpt lat="48.8301710" lon="2.3203140">
    <ele>68.6</ele>
    <time>2024-05-03T18:53:59Z</time>
   </trkpt>
   <trkpt lat="48.8301710" lon="2.3202990">
    <ele>68.6</ele>
    <time>2024-05-03T18:54:00Z</time>
   </trkpt>
   <trkpt lat="48.8301850" lon="2.3202510">
    <ele>68.6</ele>
    <time>2024-05-03T18:54:01Z</time>
   </trkpt>
   <trkpt lat="48.8302060" lon="2.3202090">
    <ele>68.5</ele>
    <time>2024-05-03T18:54:02Z</time>
   </trkpt>
   <trkpt lat="48.8302290" lon="2.3201620">
    <ele>68.5</ele>
    <time>2024-05-03T18:54:03Z</time>
   </trkpt>
   <trkpt lat="48.8302520" lon="2.3201130">
    <ele>68.5</ele>
    <time>2024-05-03T18:54:04Z</time>
   </trkpt>
   <trkpt lat="48.8302760" lon="2.3200600">
    <ele>68.5</ele>
    <time>2024-05-03T18:54:05Z</time>
   </trkpt>
   <trkpt lat="48.8303100" lon="2.3199900">
    <ele>68.4</ele>
    <time>2024-05-03T18:54:06Z</time>
   </trkpt>
   <trkpt lat="48.8303370" lon="2.3199250">
    <ele>68.4</ele>
    <time>2024-05-03T18:54:07Z</time>
   </trkpt>
   <trkpt lat="48.8303600" lon="2.3198570">
    <ele>68.4</ele>
    <time>2024-05-03T18:54:08Z</time>
   </trkpt>
   <trkpt lat="48.8303870" lon="2.3197880">
    <ele>68.4</ele>
    <time>2024-05-03T18:54:09Z</time>
   </trkpt>
   <trkpt lat="48.8304130" lon="2.3197150">
    <ele>68.4</ele>
    <time>2024-05-03T18:54:10Z</time>
   </trkpt>
   <trkpt lat="48.8304400" lon="2.3196440">
    <ele>68.4</ele>
    <time>2024-05-03T18:54:11Z</time>
   </trkpt>
   <trkpt lat="48.8304700" lon="2.3195700">
    <ele>68.4</ele>
    <time>2024-05-03T18:54:12Z</time>
   </trkpt>
   <trkpt lat="48.8305010" lon="2.3194950">
    <ele>68.3</ele>
    <time>2024-05-03T18:54:13Z</time>
   </trkpt>
   <trkpt lat="48.8305340" lon="2.3194190">
    <ele>68.3</ele>
    <time>2024-05-03T18:54:14Z</time>
   </trkpt>
   <trkpt lat="48.8305660" lon="2.3193430">
    <ele>68.3</ele>
    <time>2024-05-03T18:54:15Z</time>
   </trkpt>
   <trkpt lat="48.8305890" lon="2.3192690">
    <ele>68.3</ele>
    <time>2024-05-03T18:54:16Z</time>
   </trkpt>
   <trkpt lat="48.8306200" lon="2.3192070">
    <ele>68.3</ele>
    <time>2024-05-03T18:54:17Z</time>
   </trkpt>
   <trkpt lat="48.8306440" lon="2.3191380">
    <ele>68.3</ele>
    <time>2024-05-03T18:54:18Z</time>
   </trkpt>
   <trkpt lat="48.8306660" lon="2.3190670">
    <ele>68.2</ele>
    <time>2024-05-03T18:54:19Z</time>
   </trkpt>
   <trkpt lat="48.8306820" lon="2.3189940">
    <ele>68.2</ele>
    <time>2024-05-03T18:54:20Z</time>
   </trkpt>
   <trkpt lat="48.8306980" lon="2.3189200">
    <ele>68.1</ele>
    <time>2024-05-03T18:54:21Z</time>
   </trkpt>
   <trkpt lat="48.8307120" lon="2.3188410">
    <ele>68.1</ele>
    <time>2024-05-03T18:54:22Z</time>
   </trkpt>
   <trkpt lat="48.8307250" lon="2.3187610">
    <ele>68.0</ele>
    <time>2024-05-03T18:54:23Z</time>
   </trkpt>
   <trkpt lat="48.8307440" lon="2.3186830">
    <ele>68.0</ele>
    <time>2024-05-03T18:54:24Z</time>
   </trkpt>
   <trkpt lat="48.8307720" lon="2.3186090">
    <ele>67.9</ele>
    <time>2024-05-03T18:54:25Z</time>
   </trkpt>
   <trkpt lat="48.8307970" lon="2.3185320">
    <ele>67.9</ele>
    <time>2024-05-03T18:54:26Z</time>
   </trkpt>
   <trkpt lat="48.8308240" lon="2.3184590">
    <ele>67.8</ele>
    <time>2024-05-03T18:54:27Z</time>
   </trkpt>
   <trkpt lat="48.8308510" lon="2.3183880">
    <ele>67.8</ele>
    <time>2024-05-03T18:54:28Z</time>
   </trkpt>
   <trkpt lat="48.8308740" lon="2.3183130">
    <ele>67.7</ele>
    <time>2024-05-03T18:54:29Z</time>
   </trkpt>
   <trkpt lat="48.8308950" lon="2.3182380">
    <ele>67.7</ele>
    <time>2024-05-03T18:54:30Z</time>
   </trkpt>
   <trkpt lat="48.8309170" lon="2.3181650">
    <ele>67.6</ele>
    <time>2024-05-03T18:54:31Z</time>
   </trkpt>
   <trkpt lat="48.8309370" lon="2.3180910">
    <ele>67.6</ele>
    <time>2024-05-03T18:54:32Z</time>
   </trkpt>
   <trkpt lat="48.8309610" lon="2.3180160">
    <ele>67.6</ele>
    <time>2024-05-03T18:54:33Z</time>
   </trkpt>
   <trkpt lat="48.8309850" lon="2.3179400">
    <ele>67.5</ele>
    <time>2024-05-03T18:54:34Z</time>
   </trkpt>
   <trkpt lat="48.8310090" lon="2.3178700">
    <ele>67.5</ele>
    <time>2024-05-03T18:54:35Z</time>
   </trkpt>
   <trkpt lat="48.8310330" lon="2.3177970">
    <ele>67.5</ele>
    <time>2024-05-03T18:54:36Z</time>
   </trkpt>
   <trkpt lat="48.8310570" lon="2.3177230">
    <ele>67.5</ele>
    <time>2024-05-03T18:54:37Z</time>
   </trkpt>
   <trkpt lat="48.8310800" lon="2.3176510">
    <ele>67.5</ele>
    <time>2024-05-03T18:54:38Z</time>
   </trkpt>
   <trkpt lat="48.8311020" lon="2.3175760">
    <ele>67.4</ele>
    <time>2024-05-03T18:54:39Z</time>
   </trkpt>
   <trkpt lat="48.8311260" lon="2.3174970">
    <ele>67.4</ele>
    <time>2024-05-03T18:54:40Z</time>
   </trkpt>
   <trkpt lat="48.8311470" lon="2.3174130">
    <ele>67.4</ele>
    <time>2024-05-03T18:54:41Z</time>
   </trkpt>
   <trkpt lat="48.8311630" lon="2.3173200">
    <ele>67.4</ele>
    <time>2024-05-03T18:54:42Z</time>
   </trkpt>
   <trkpt lat="48.8311770" lon="2.3172230">
    <ele>67.4</ele>
    <time>2024-05-03T18:54:43Z</time>
   </trkpt>
   <trkpt lat="48.8311980" lon="2.3171330">
    <ele>67.4</ele>
    <time>2024-05-03T18:54:44Z</time>
   </trkpt>
   <trkpt lat="48.8312180" lon="2.3170470">
    <ele>67.3</ele>
    <time>2024-05-03T18:54:45Z</time>
   </trkpt>
   <trkpt lat="48.8312380" lon="2.3169570">
    <ele>67.3</ele>
    <time>2024-05-03T18:54:46Z</time>
   </trkpt>
   <trkpt lat="48.8312580" lon="2.3168640">
    <ele>67.2</ele>
    <time>2024-05-03T18:54:47Z</time>
   </trkpt>
   <trkpt lat="48.8312770" lon="2.3167680">
    <ele>67.2</ele>
    <time>2024-05-03T18:54:48Z</time>
   </trkpt>
   <trkpt lat="48.8312980" lon="2.3166690">
    <ele>67.1</ele>
    <time>2024-05-03T18:54:49Z</time>
   </trkpt>
   <trkpt lat="48.8313180" lon="2.3165740">
    <ele>67.1</ele>
    <time>2024-05-03T18:54:50Z</time>
   </trkpt>
   <trkpt lat="48.8313420" lon="2.3164750">
    <ele>67.1</ele>
    <time>2024-05-03T18:54:51Z</time>
   </trkpt>
   <trkpt lat="48.8313640" lon="2.3163770">
    <ele>67.0</ele>
    <time>2024-05-03T18:54:52Z</time>
   </trkpt>
   <trkpt lat="48.8313910" lon="2.3162770">
    <ele>67.0</ele>
    <time>2024-05-03T18:54:53Z</time>
   </trkpt>
   <trkpt lat="48.8314130" lon="2.3161790">
    <ele>66.9</ele>
    <time>2024-05-03T18:54:54Z</time>
   </trkpt>
   <trkpt lat="48.8314330" lon="2.3160810">
    <ele>66.9</ele>
    <time>2024-05-03T18:54:55Z</time>
   </trkpt>
   <trkpt lat="48.8314530" lon="2.3159860">
    <ele>66.8</ele>
    <time>2024-05-03T18:54:56Z</time>
   </trkpt>
   <trkpt lat="48.8314720" lon="2.3158860">
    <ele>66.7</ele>
    <time>2024-05-03T18:54:57Z</time>
   </trkpt>
   <trkpt lat="48.8314920" lon="2.3157900">
    <ele>66.7</ele>
    <time>2024-05-03T18:54:58Z</time>
   </trkpt>
   <trkpt lat="48.8315140" lon="2.3156960">
    <ele>66.6</ele>
    <time>2024-05-03T18:54:59Z</time>
   </trkpt>
   <trkpt lat="48.8315430" lon="2.3156070">
    <ele>66.6</ele>
    <time>2024-05-03T18:55:00Z</time>
   </trkpt>
   <trkpt lat="48.8315650" lon="2.3155130">
    <ele>66.5</ele>
    <time>2024-05-03T18:55:01Z</time>
   </trkpt>
   <trkpt lat="48.8315870" lon="2.3154170">
    <ele>66.4</ele>
    <time>2024-05-03T18:55:02Z</time>
   </trkpt>
   <trkpt lat="48.8316090" lon="2.3153220">
    <ele>66.4</ele>
    <time>2024-05-03T18:55:03Z</time>
   </trkpt>
   <trkpt lat="48.8316300" lon="2.3152250">
    <ele>66.4</ele>
    <time>2024-05-03T18:55:04Z</time>
   </trkpt>
   <trkpt lat="48.8316530" lon="2.3151300">
    <ele>66.4</ele>
    <time>2024-05-03T18:55:05Z</time>
   </trkpt>
   <trkpt lat="48.8316770" lon="2.3150350">
    <ele>66.3</ele>
    <time>2024-05-03T18:55:06Z</time>
   </trkpt>
   <trkpt lat="48.8316990" lon="2.3149370">
    <ele>66.3</ele>
    <time>2024-05-03T18:55:07Z</time>
   </trkpt>
   <trkpt lat="48.8317170" lon="2.3148320">
    <ele>66.3</ele>
    <time>2024-05-03T18:55:08Z</time>
   </trkpt>
   <trkpt lat="48.8317330" lon="2.3147300">
    <ele>66.3</ele>
    <time>2024-05-03T18:55:09Z</time>
   </trkpt>
   <trkpt lat="48.8317500" lon="2.3146300">
    <ele>66.2</ele>
    <time>2024-05-03T18:55:10Z</time>
   </trkpt>
   <trkpt lat="48.8317700" lon="2.3145320">
    <ele>66.2</ele>
    <time>2024-05-03T18:55:11Z</time>
   </trkpt>
   <trkpt lat="48.8317890" lon="2.3144350">
    <ele>66.2</ele>
    <time>2024-05-03T18:55:12Z</time>
   </trkpt>
   <trkpt lat="48.8318030" lon="2.3143380">
    <ele>66.2</ele>
    <time>2024-05-03T18:55:13Z</time>
   </trkpt>
   <trkpt lat="48.8318160" lon="2.3142420">
    <ele>66.2</ele>
    <time>2024-05-03T18:55:14Z</time>
   </trkpt>
   <trkpt lat="48.8318350" lon="2.3141510">
    <ele>66.2</ele>
    <time>2024-05-03T18:55:15Z</time>
   </trkpt>
   <trkpt lat="48.8318680" lon="2.3140760">
    <ele>66.2</ele>
    <time>2024-05-03T18:55:16Z</time>
   </trkpt>
   <trkpt lat="48.8318980" lon="2.3139900">
    <ele>66.1</ele>
    <time>2024-05-03T18:55:17Z</time>
   </trkpt>
   <trkpt lat="48.8319210" lon="2.3138960">
    <ele>66.0</ele>
    <time>2024-05-03T18:55:18Z</time>
   </trkpt>
   <trkpt lat="48.8319410" lon="2.3137980">
    <ele>65.9</ele>
    <time>2024-05-03T18:55:19Z</time>
   </trkpt>
   <trkpt lat="48.8319620" lon="2.3136990">
    <ele>65.7</ele>
    <time>2024-05-03T18:55:20Z</time>
   </trkpt>
   <trkpt lat="48.8319910" lon="2.3136130">
    <ele>65.6</ele>
    <time>2024-05-03T18:55:21Z</time>
   </trkpt>
   <trkpt lat="48.8320270" lon="2.3135420">
    <ele>65.5</ele>
    <time>2024-05-03T18:55:22Z</time>
   </trkpt>
   <trkpt lat="48.8320630" lon="2.3134650">
    <ele>65.5</ele>
    <time>2024-05-03T18:55:23Z</time>
   </trkpt>
   <trkpt lat="48.8320960" lon="2.3133770">
    <ele>65.5</ele>
    <time>2024-05-03T18:55:24Z</time>
   </trkpt>
   <trkpt lat="48.8321290" lon="2.3132880">
    <ele>65.4</ele>
    <time>2024-05-03T18:55:25Z</time>
   </trkpt>
   <trkpt lat="48.8321610" lon="2.3132030">
    <ele>65.4</ele>
    <time>2024-05-03T18:55:26Z</time>
   </trkpt>
   <trkpt lat="48.8321900" lon="2.3131140">
    <ele>65.4</ele>
    <time>2024-05-03T18:55:27Z</time>
   </trkpt>
   <trkpt lat="48.8322180" lon="2.3130250">
    <ele>65.4</ele>
    <time>2024-05-03T18:55:28Z</time>
   </trkpt>
   <trkpt lat="48.8322460" lon="2.3129350">
    <ele>65.3</ele>
    <time>2024-05-03T18:55:29Z</time>
   </trkpt>
   <trkpt lat="48.8322750" lon="2.3128600">
    <ele>65.3</ele>
    <time>2024-05-03T18:55:30Z</time>
   </trkpt>
   <trkpt lat="48.8323030" lon="2.3127790">
    <ele>65.2</ele>
    <time>2024-05-03T18:55:31Z</time>
   </trkpt>
   <trkpt lat="48.8323360" lon="2.3126920">
    <ele>65.1</ele>
    <time>2024-05-03T18:55:32Z</time>
   </trkpt>
   <trkpt lat="48.8323700" lon="2.3126060">
    <ele>65.0</ele>
    <time>2024-05-03T18:55:33Z</time>
   </trkpt>
   <trkpt lat="48.8324010" lon="2.3125180">
    <ele>64.9</ele>
    <time>2024-05-03T18:55:34Z</time>
   </trkpt>
   <trkpt lat="48.8324330" lon="2.3124350">
    <ele>64.7</ele>
    <time>2024-05-03T18:55:35Z</time>
   </trkpt>
   <trkpt lat="48.8324630" lon="2.3123500">
    <ele>64.6</ele>
    <time>2024-05-03T18:55:36Z</time>
   </trkpt>
   <trkpt lat="48.8324910" lon="2.3122660">
    <ele>64.5</ele>
    <time>2024-05-03T18:55:37Z</time>
   </trkpt>
   <trkpt lat="48.8325200" lon="2.3121860">
    <ele>64.3</ele>
    <time>2024-05-03T18:55:38Z</time>
   </trkpt>
   <trkpt lat="48.8325520" lon="2.3121090">
    <ele>64.2</ele>
    <time>2024-05-03T18:55:39Z</time>
   </trkpt>
   <trkpt lat="48.8325830" lon="2.3120360">
    <ele>64.1</ele>
    <time>2024-05-03T18:55:40Z</time>
   </trkpt>
   <trkpt lat="48.8326070" lon="2.3119660">
    <ele>64.0</ele>
    <time>2024-05-03T18:55:41Z</time>
   </trkpt>
   <trkpt lat="48.8326240" lon="2.3119140">
    <ele>63.9</ele>
    <time>2024-05-03T18:55:42Z</time>
   </trkpt>
   <trkpt lat="48.8326390" lon="2.3118720">
    <ele>63.9</ele>
    <time>2024-05-03T18:55:43Z</time>
   </trkpt>
   <trkpt lat="48.8326420" lon="2.3118630">
    <ele>63.9</ele>
    <time>2024-05-03T18:55:44Z</time>
   </trkpt>
   <trkpt lat="48.8326470" lon="2.3118480">
    <ele>63.8</ele>
    <time>2024-05-03T18:55:45Z</time>
   </trkpt>
   <trkpt lat="48.8326490" lon="2.3118430">
    <ele>63.8</ele>
    <time>2024-05-03T18:55:46Z</time>
   </trkpt>
   <trkpt lat="48.8326510" lon="2.3118380">
    <ele>63.8</ele>
    <time>2024-05-03T18:55:47Z</time>
   </trkpt>
   <trkpt lat="48.8326540" lon="2.3118330">
    <ele>63.8</ele>
    <time>2024-05-03T18:55:48Z</time>
   </trkpt>
   <trkpt lat="48.8326560" lon="2.3118280">
    <ele>63.8</ele>
    <time>2024-05-03T18:55:49Z</time>
   </trkpt>
   <trkpt lat="48.8326580" lon="2.3118230">
    <ele>63.8</ele>
    <time>2024-05-03T18:55:50Z</time>
   </trkpt>
   <trkpt lat="48.8326600" lon="2.3118180">
    <ele>63.8</ele>
    <time>2024-05-03T18:55:51Z</time>
   </trkpt>
   <trkpt lat="48.8326620" lon="2.3118140">
    <ele>63.8</ele>
    <time>2024-05-03T18:55:52Z</time>
   </trkpt>
   <trkpt lat="48.8326640" lon="2.3118090">
    <ele>63.8</ele>
    <time>2024-05-03T18:55:53Z</time>
   </trkpt>
   <trkpt lat="48.8326660" lon="2.3118040">
    <ele>63.8</ele>
    <time>2024-05-03T18:55:54Z</time>
   </trkpt>
   <trkpt lat="48.8326690" lon="2.3117990">
    <ele>63.8</ele>
    <time>2024-05-03T18:55:55Z</time>
   </trkpt>
   <trkpt lat="48.8326710" lon="2.3117940">
    <ele>63.8</ele>
    <time>2024-05-03T18:55:56Z</time>
   </trkpt>
   <trkpt lat="48.8326730" lon="2.3117890">
    <ele>63.8</ele>
    <time>2024-05-03T18:55:57Z</time>
   </trkpt>
   <trkpt lat="48.8326750" lon="2.3117840">
    <ele>63.8</ele>
    <time>2024-05-03T18:56:03Z</time>
   </trkpt>
   <trkpt lat="48.8326770" lon="2.3117790">
    <ele>63.8</ele>
    <time>2024-05-03T18:56:04Z</time>
   </trkpt>
   <trkpt lat="48.8326790" lon="2.3117740">
    <ele>63.8</ele>
    <time>2024-05-03T18:56:05Z</time>
   </trkpt>
   <trkpt lat="48.8327000" lon="2.3117270">
    <ele>63.7</ele>
    <time>2024-05-03T18:56:06Z</time>
   </trkpt>
   <trkpt lat="48.8327060" lon="2.3117110">
    <ele>63.7</ele>
    <time>2024-05-03T18:56:07Z</time>
   </trkpt>
   <trkpt lat="48.8327220" lon="2.3116710">
    <ele>63.6</ele>
    <time>2024-05-03T18:56:08Z</time>
   </trkpt>
   <trkpt lat="48.8327270" lon="2.3116580">
    <ele>63.6</ele>
    <time>2024-05-03T18:56:09Z</time>
   </trkpt>
   <trkpt lat="48.8327360" lon="2.3116350">
    <ele>63.5</ele>
    <time>2024-05-03T18:56:10Z</time>
   </trkpt>
   <trkpt lat="48.8327470" lon="2.3116130">
    <ele>63.4</ele>
    <time>2024-05-03T18:56:11Z</time>
   </trkpt>
   <trkpt lat="48.8327590" lon="2.3115920">
    <ele>63.4</ele>
    <time>2024-05-03T18:56:12Z</time>
   </trkpt>
   <trkpt lat="48.8327670" lon="2.3115680">
    <ele>63.3</ele>
    <time>2024-05-03T18:56:13Z</time>
   </trkpt>
   <trkpt lat="48.8327710" lon="2.3115410">
    <ele>63.2</ele>
    <time>2024-05-03T18:56:14Z</time>
   </trkpt>
   <trkpt lat="48.8327740" lon="2.3115140">
    <ele>63.1</ele>
    <time>2024-05-03T18:56:15Z</time>
   </trkpt>
   <trkpt lat="48.8327700" lon="2.3114670">
    <ele>63.0</ele>
    <time>2024-05-03T18:56:16Z</time>
   </trkpt>
   <trkpt lat="48.8327660" lon="2.3114500">
    <ele>63.0</ele>
    <time>2024-05-03T18:56:17Z</time>
   </trkpt>
   <trkpt lat="48.8327400" lon="2.3114270">
    <ele>62.9</ele>
    <time>2024-05-03T18:56:18Z</time>
   </trkpt>
   <trkpt lat="48.8327050" lon="2.3114060">
    <ele>62.8</ele>
    <time>2024-05-03T18:56:19Z</time>
   </trkpt>
   <trkpt lat="48.8326700" lon="2.3113610">
    <ele>62.8</ele>
    <time>2024-05-03T18:56:20Z</time>
   </trkpt>
   <trkpt lat="48.8326380" lon="2.3112960">
    <ele>62.7</ele>
    <time>2024-05-03T18:56:21Z</time>
   </trkpt>
   <trkpt lat="48.8326070" lon="2.3112410">
    <ele>62.7</ele>
    <time>2024-05-03T18:56:22Z</time>
   </trkpt>
   <trkpt lat="48.8325750" lon="2.3111880">
    <ele>62.6</ele>
    <time>2024-05-03T18:56:23Z</time>
   </trkpt>
   <trkpt lat="48.8325380" lon="2.3111380">
    <ele>62.6</ele>
    <time>2024-05-03T18:56:24Z</time>
   </trkpt>
   <trkpt lat="48.8325020" lon="2.3110880">
    <ele>62.6</ele>
    <time>2024-05-03T18:56:25Z</time>
   </trkpt>
   <trkpt lat="48.8324720" lon="2.3110360">
    <ele>62.6</ele>
    <time>2024-05-03T18:56:26Z</time>
   </trkpt>
   <trkpt lat="48.8324470" lon="2.3109740">
    <ele>62.7</ele>
    <time>2024-05-03T18:56:27Z</time>
   </trkpt>
   <trkpt lat="48.8324340" lon="2.3109080">
    <ele>62.7</ele>
    <time>2024-05-03T18:56:28Z</time>
   </trkpt>
   <trkpt lat="48.8324280" lon="2.3108430">
    <ele>62.7</ele>
    <time>2024-05-03T18:56:29Z</time>
   </trkpt>
   <trkpt lat="48.8324040" lon="2.3107870">
    <ele>62.8</ele>
    <time>2024-05-03T18:56:30Z</time>
   </trkpt>
   <trkpt lat="48.8323730" lon="2.3107350">
    <ele>62.8</ele>
    <time>2024-05-03T18:56:31Z</time>
   </trkpt>
   <trkpt lat="48.8323440" lon="2.3106840">
    <ele>62.8</ele>
    <time>2024-05-03T18:56:32Z</time>
   </trkpt>
   <trkpt lat="48.8323120" lon="2.3106360">
    <ele>62.9</ele>
    <time>2024-05-03T18:56:33Z</time>
   </trkpt>
   <trkpt lat="48.8322810" lon="2.3105850">
    <ele>62.9</ele>
    <time>2024-05-03T18:56:34Z</time>
   </trkpt>
   <trkpt lat="48.8322500" lon="2.3105330">
    <ele>63.0</ele>
    <time>2024-05-03T18:56:35Z</time>
   </trkpt>
   <trkpt lat="48.8322200" lon="2.3104760">
    <ele>63.0</ele>
    <time>2024-05-03T18:56:36Z</time>
   </trkpt>
   <trkpt lat="48.8321910" lon="2.3104170">
    <ele>63.0</ele>
    <time>2024-05-03T18:56:37Z</time>
   </trkpt>
   <trkpt lat="48.8321590" lon="2.3103590">
    <ele>63.0</ele>
    <time>2024-05-03T18:56:38Z</time>
   </trkpt>
   <trkpt lat="48.8321240" lon="2.3103030">
    <ele>63.1</ele>
    <time>2024-05-03T18:56:39Z</time>
   </trkpt>
   <trkpt lat="48.8320900" lon="2.3102440">
    <ele>63.1</ele>
    <time>2024-05-03T18:56:40Z</time>
   </trkpt>
   <trkpt lat="48.8320560" lon="2.3101850">
    <ele>63.1</ele>
    <time>2024-05-03T18:56:41Z</time>
   </trkpt>
   <trkpt lat="48.8320210" lon="2.3101300">
    <ele>63.2</ele>
    <time>2024-05-03T18:56:42Z</time>
   </trkpt>
   <trkpt lat="48.8319870" lon="2.3100740">
    <ele>63.2</ele>
    <time>2024-05-03T18:56:43Z</time>
   </trkpt>
   <trkpt lat="48.8319510" lon="2.3100160">
    <ele>63.3</ele>
    <time>2024-05-03T18:56:44Z</time>
   </trkpt>
   <trkpt lat="48.8319180" lon="2.3099590">
    <ele>63.3</ele>
    <time>2024-05-03T18:56:45Z</time>
   </trkpt>
   <trkpt lat="48.8318830" lon="2.3099060">
    <ele>63.3</ele>
    <time>2024-05-03T18:56:46Z</time>
   </trkpt>
   <trkpt lat="48.8318510" lon="2.3098480">
    <ele>63.4</ele>
    <time>2024-05-03T18:56:47Z</time>
   </trkpt>
   <trkpt lat="48.8318170" lon="2.3097920">
    <ele>63.4</ele>
    <time>2024-05-03T18:56:48Z</time>
   </trkpt>
   <trkpt lat="48.8317810" lon="2.3097350">
    <ele>63.5</ele>
    <time>2024-05-03T18:56:49Z</time>
   </trkpt>
   <trkpt lat="48.8317480" lon="2.3096750">
    <ele>63.6</ele>
    <time>2024-05-03T18:56:50Z</time>
   </trkpt>
   <trkpt lat="48.8317160" lon="2.3096130">
    <ele>63.6</ele>
    <time>2024-05-03T18:56:51Z</time>
   </trkpt>
   <trkpt lat="48.8316860" lon="2.3095510">
    <ele>63.7</ele>
    <time>2024-05-03T18:56:52Z</time>
   </trkpt>
   <trkpt lat="48.8316510" lon="2.3094900">
    <ele>63.7</ele>
    <time>2024-05-03T18:56:53Z</time>
   </trkpt>
   <trkpt lat="48.8316150" lon="2.3094310">
    <ele>63.8</ele>
    <time>2024-05-03T18:56:54Z</time>
   </trkpt>
   <trkpt lat="48.8315820" lon="2.3093670">
    <ele>63.9</ele>
    <time>2024-05-03T18:56:55Z</time>
   </trkpt>
   <trkpt lat="48.8315470" lon="2.3093040">
    <ele>63.9</ele>
    <time>2024-05-03T18:56:56Z</time>
   </trkpt>
   <trkpt lat="48.8315160" lon="2.3092420">
    <ele>64.0</ele>
    <time>2024-05-03T18:56:57Z</time>
   </trkpt>
   <trkpt lat="48.8314840" lon="2.3091820">
    <ele>64.1</ele>
    <time>2024-05-03T18:56:58Z</time>
   </trkpt>
   <trkpt lat="48.8314540" lon="2.3091260">
    <ele>64.2</ele>
    <time>2024-05-03T18:56:59Z</time>
   </trkpt>
   <trkpt lat="48.8314220" lon="2.3090730">
    <ele>64.3</ele>
    <time>2024-05-03T18:57:00Z</time>
   </trkpt>
   <trkpt lat="48.8313910" lon="2.3090180">
    <ele>64.4</ele>
    <time>2024-05-03T18:57:01Z</time>
   </trkpt>
   <trkpt lat="48.8313600" lon="2.3089630">
    <ele>64.5</ele>
    <time>2024-05-03T18:57:02Z</time>
   </trkpt>
   <trkpt lat="48.8313250" lon="2.3089110">
    <ele>64.6</ele>
    <time>2024-05-03T18:57:03Z</time>
   </trkpt>
   <trkpt lat="48.8312890" lon="2.3088640">
    <ele>64.7</ele>
    <time>2024-05-03T18:57:04Z</time>
   </trkpt>
   <trkpt lat="48.8312530" lon="2.3088190">
    <ele>64.8</ele>
    <time>2024-05-03T18:57:05Z</time>
   </trkpt>
   <trkpt lat="48.8312150" lon="2.3087710">
    <ele>64.9</ele>
    <time>2024-05-03T18:57:06Z</time>
   </trkpt>
   <trkpt lat="48.8311770" lon="2.3087210">
    <ele>65.0</ele>
    <time>2024-05-03T18:57:07Z</time>
   </trkpt>
   <trkpt lat="48.8311350" lon="2.3086690">
    <ele>65.1</ele>
    <time>2024-05-03T18:57:08Z</time>
   </trkpt>
   <trkpt lat="48.8310950" lon="2.3086180">
    <ele>65.2</ele>
    <time>2024-05-03T18:57:09Z</time>
   </trkpt>
   <trkpt lat="48.8310520" lon="2.3085660">
    <ele>65.3</ele>
    <time>2024-05-03T18:57:10Z</time>
   </trkpt>
   <trkpt lat="48.8310110" lon="2.3085140">
    <ele>65.4</ele>
    <time>2024-05-03T18:57:11Z</time>
   </trkpt>
   <trkpt lat="48.8309710" lon="2.3084670">
    <ele>65.4</ele>
    <time>2024-05-03T18:57:12Z</time>
   </trkpt>
   <trkpt lat="48.8309290" lon="2.3084200">
    <ele>65.5</ele>
    <time>2024-05-03T18:57:13Z</time>
   </trkpt>
   <trkpt lat="48.8308890" lon="2.3083700">
    <ele>65.6</ele>
    <time>2024-05-03T18:57:14Z</time>
   </trkpt>
   <trkpt lat="48.8308450" lon="2.3083210">
    <ele>65.6</ele>
    <time>2024-05-03T18:57:15Z</time>
   </trkpt>
   <trkpt lat="48.8308040" lon="2.3082800">
    <ele>65.7</ele>
    <time>2024-05-03T18:57:16Z</time>
   </trkpt>
   <trkpt lat="48.8307640" lon="2.3082370">
    <ele>65.8</ele>
    <time>2024-05-03T18:57:17Z</time>
   </trkpt>
   <trkpt lat="48.8307230" lon="2.3081910">
    <ele>65.9</ele>
    <time>2024-05-03T18:57:18Z</time>
   </trkpt>
   <trkpt lat="48.8306810" lon="2.3081440">
    <ele>66.0</ele>
    <time>2024-05-03T18:57:19Z</time>
   </trkpt>
   <trkpt lat="48.8306370" lon="2.3080950">
    <ele>66.1</ele>
    <time>2024-05-03T18:57:20Z</time>
   </trkpt>
   <trkpt lat="48.8305930" lon="2.3080420">
    <ele>66.1</ele>
    <time>2024-05-03T18:57:21Z</time>
   </trkpt>
   <trkpt lat="48.8305530" lon="2.3079910">
    <ele>66.2</ele>
    <time>2024-05-03T18:57:22Z</time>
   </trkpt>
   <trkpt lat="48.8305130" lon="2.3079420">
    <ele>66.3</ele>
    <time>2024-05-03T18:57:23Z</time>
   </trkpt>
   <trkpt lat="48.8304760" lon="2.3078910">
    <ele>66.4</ele>
    <time>2024-05-03T18:57:24Z</time>
   </trkpt>
   <trkpt lat="48.8304390" lon="2.3078380">
    <ele>66.5</ele>
    <time>2024-05-03T18:57:25Z</time>
   </trkpt>
   <trkpt lat="48.8303990" lon="2.3077830">
    <ele>66.6</ele>
    <time>2024-05-03T18:57:26Z</time>
   </trkpt>
   <trkpt lat="48.8303630" lon="2.3077390">
    <ele>66.7</ele>
    <time>2024-05-03T18:57:27Z</time>
   </trkpt>
   <trkpt lat="48.8303250" lon="2.3076870">
    <ele>66.8</ele>
    <time>2024-05-03T18:57:28Z</time>
   </trkpt>
   <trkpt lat="48.8302870" lon="2.3076350">
    <ele>66.8</ele>
    <time>2024-05-03T18:57:29Z</time>
   </trkpt>
   <trkpt lat="48.8302490" lon="2.3075850">
    <ele>66.9</ele>
    <time>2024-05-03T18:57:30Z</time>
   </trkpt>
   <trkpt lat="48.8302120" lon="2.3075330">
    <ele>67.0</ele>
    <time>2024-05-03T18:57:31Z</time>
   </trkpt>
   <trkpt lat="48.8301720" lon="2.3074840">
    <ele>67.0</ele>
    <time>2024-05-03T18:57:32Z</time>
   </trkpt>
   <trkpt lat="48.8301360" lon="2.3074390">
    <ele>67.1</ele>
    <time>2024-05-03T18:57:33Z</time>
   </trkpt>
   <trkpt lat="48.8300950" lon="2.3073900">
    <ele>67.2</ele>
    <time>2024-05-03T18:57:34Z</time>
   </trkpt>
   <trkpt lat="48.8300530" lon="2.3073400">
    <ele>67.2</ele>
    <time>2024-05-03T18:57:35Z</time>
   </trkpt>
   <trkpt lat="48.8300170" lon="2.3072920">
    <ele>67.3</ele>
    <time>2024-05-03T18:57:36Z</time>
   </trkpt>
   <trkpt lat="48.8299780" lon="2.3072420">
    <ele>67.4</ele>
    <time>2024-05-03T18:57:37Z</time>
   </trkpt>
   <trkpt lat="48.8299390" lon="2.3071950">
    <ele>67.5</ele>
    <time>2024-05-03T18:57:38Z</time>
   </trkpt>
   <trkpt lat="48.8298970" lon="2.3071420">
    <ele>67.6</ele>
    <time>2024-05-03T18:57:39Z</time>
   </trkpt>
   <trkpt lat="48.8298580" lon="2.3070950">
    <ele>67.7</ele>
    <time>2024-05-03T18:57:40Z</time>
   </trkpt>
   <trkpt lat="48.8298200" lon="2.3070500">
    <ele>67.8</ele>
    <time>2024-05-03T18:57:41Z</time>
   </trkpt>
   <trkpt lat="48.8297820" lon="2.3070020">
    <ele>67.9</ele>
    <time>2024-05-03T18:57:42Z</time>
   </trkpt>
   <trkpt lat="48.8297420" lon="2.3069550">
    <ele>68.0</ele>
    <time>2024-05-03T18:57:43Z</time>
   </trkpt>
   <trkpt lat="48.8297040" lon="2.3069050">
    <ele>68.1</ele>
    <time>2024-05-03T18:57:44Z</time>
   </trkpt>
   <trkpt lat="48.8296670" lon="2.3068580">
    <ele>68.2</ele>
    <time>2024-05-03T18:57:45Z</time>
   </trkpt>
   <trkpt lat="48.8296260" lon="2.3068120">
    <ele>68.3</ele>
    <time>2024-05-03T18:57:46Z</time>
   </trkpt>
   <trkpt lat="48.8295810" lon="2.3067630">
    <ele>68.4</ele>
    <time>2024-05-03T18:57:47Z</time>
   </trkpt>
   <trkpt lat="48.8295390" lon="2.3067170">
    <ele>68.5</ele>
    <time>2024-05-03T18:57:48Z</time>
   </trkpt>
   <trkpt lat="48.8294990" lon="2.3066710">
    <ele>68.6</ele>
    <time>2024-05-03T18:57:49Z</time>
   </trkpt>
   <trkpt lat="48.8294560" lon="2.3066290">
    <ele>68.8</ele>
    <time>2024-05-03T18:57:50Z</time>
   </trkpt>
   <trkpt lat="48.8294110" lon="2.3065880">
    <ele>68.9</ele>
    <time>2024-05-03T18:57:51Z</time>
   </trkpt>
   <trkpt lat="48.8293680" lon="2.3065450">
    <ele>69.0</ele>
    <time>2024-05-03T18:57:52Z</time>
   </trkpt>
   <trkpt lat="48.8293290" lon="2.3065060">
    <ele>69.1</ele>
    <time>2024-05-03T18:57:53Z</time>
   </trkpt>
   <trkpt lat="48.8292920" lon="2.3064730">
    <ele>69.2</ele>
    <time>2024-05-03T18:57:54Z</time>
   </trkpt>
   <trkpt lat="48.8292580" lon="2.3064480">
    <ele>69.2</ele>
    <time>2024-05-03T18:57:55Z</time>
   </trkpt>
   <trkpt lat="48.8292260" lon="2.3064240">
    <ele>69.3</ele>
    <time>2024-05-03T18:57:56Z</time>
   </trkpt>
   <trkpt lat="48.8291910" lon="2.3063950">
    <ele>69.3</ele>
    <time>2024-05-03T18:57:57Z</time>
   </trkpt>
   <trkpt lat="48.8291580" lon="2.3063580">
    <ele>69.4</ele>
    <time>2024-05-03T18:57:58Z</time>
   </trkpt>
   <trkpt lat="48.8291230" lon="2.3063210">
    <ele>69.5</ele>
    <time>2024-05-03T18:57:59Z</time>
   </trkpt>
   <trkpt lat="48.8290880" lon="2.3062830">
    <ele>69.5</ele>
    <time>2024-05-03T18:58:00Z</time>
   </trkpt>
   <trkpt lat="48.8290520" lon="2.3062430">
    <ele>69.5</ele>
    <time>2024-05-03T18:58:01Z</time>
   </trkpt>
   <trkpt lat="48.8290180" lon="2.3062040">
    <ele>69.6</ele>
    <time>2024-05-03T18:58:02Z</time>
   </trkpt>
   <trkpt lat="48.8289860" lon="2.3061680">
    <ele>69.6</ele>
    <time>2024-05-03T18:58:03Z</time>
   </trkpt>
   <trkpt lat="48.8289510" lon="2.3061270">
    <ele>69.6</ele>
    <time>2024-05-03T18:58:04Z</time>
   </trkpt>
   <trkpt lat="48.8289130" lon="2.3060890">
    <ele>69.6</ele>
    <time>2024-05-03T18:58:05Z</time>
   </trkpt>
   <trkpt lat="48.8288730" lon="2.3060520">
    <ele>69.6</ele>
    <time>2024-05-03T18:58:06Z</time>
   </trkpt>
   <trkpt lat="48.8288310" lon="2.3060120">
    <ele>69.6</ele>
    <time>2024-05-03T18:58:07Z</time>
   </trkpt>
   <trkpt lat="48.8287950" lon="2.3059550">
    <ele>69.6</ele>
    <time>2024-05-03T18:58:08Z</time>
   </trkpt>
   <trkpt lat="48.8287620" lon="2.3058870">
    <ele>69.6</ele>
    <time>2024-05-03T18:58:09Z</time>
   </trkpt>
   <trkpt lat="48.8287290" lon="2.3058170">
    <ele>69.7</ele>
    <time>2024-05-03T18:58:10Z</time>
   </trkpt>
   <trkpt lat="48.8287050" lon="2.3057390">
    <ele>69.7</ele>
    <time>2024-05-03T18:58:11Z</time>
   </trkpt>
   <trkpt lat="48.8286810" lon="2.3056630">
    <ele>69.8</ele>
    <time>2024-05-03T18:58:12Z</time>
   </trkpt>
   <trkpt lat="48.8286490" lon="2.3055950">
    <ele>70.0</ele>
    <time>2024-05-03T18:58:13Z</time>
   </trkpt>
   <trkpt lat="48.8286110" lon="2.3055310">
    <ele>70.1</ele>
    <time>2024-05-03T18:58:14Z</time>
   </trkpt>
   <trkpt lat="48.8285710" lon="2.3054730">
    <ele>70.2</ele>
    <time>2024-05-03T18:58:15Z</time>
   </trkpt>
   <trkpt lat="48.8285300" lon="2.3054240">
    <ele>70.4</ele>
    <time>2024-05-03T18:58:16Z</time>
   </trkpt>
   <trkpt lat="48.8284880" lon="2.3053740">
    <ele>70.5</ele>
    <time>2024-05-03T18:58:17Z</time>
   </trkpt>
   <trkpt lat="48.8284480" lon="2.3053250">
    <ele>70.6</ele>
    <time>2024-05-03T18:58:18Z</time>
   </trkpt>
   <trkpt lat="48.8284080" lon="2.3052770">
    <ele>70.8</ele>
    <time>2024-05-03T18:58:19Z</time>
   </trkpt>
   <trkpt lat="48.8283710" lon="2.3052290">
    <ele>70.9</ele>
    <time>2024-05-03T18:58:20Z</time>
   </trkpt>
   <trkpt lat="48.8283330" lon="2.3051820">
    <ele>71.0</ele>
    <time>2024-05-03T18:58:21Z</time>
   </trkpt>
   <trkpt lat="48.8282950" lon="2.3051350">
    <ele>71.1</ele>
    <time>2024-05-03T18:58:22Z</time>
   </trkpt>
   <trkpt lat="48.8282550" lon="2.3050900">
    <ele>71.2</ele>
    <time>2024-05-03T18:58:23Z</time>
   </trkpt>
   <trkpt lat="48.8282190" lon="2.3050400">
    <ele>71.2</ele>
    <time>2024-05-03T18:58:24Z</time>
   </trkpt>
   <trkpt lat="48.8281820" lon="2.3049940">
    <ele>71.3</ele>
    <time>2024-05-03T18:58:25Z</time>
   </trkpt>
   <trkpt lat="48.8281450" lon="2.3049440">
    <ele>71.4</ele>
    <time>2024-05-03T18:58:26Z</time>
   </trkpt>
   <trkpt lat="48.8281060" lon="2.3048940">
    <ele>71.4</ele>
    <time>2024-05-03T18:58:27Z</time>
   </trkpt>
   <trkpt lat="48.8280670" lon="2.3048450">
    <ele>71.5</ele>
    <time>2024-05-03T18:58:28Z</time>
   </trkpt>
   <trkpt lat="48.8280310" lon="2.3047940">
    <ele>71.5</ele>
    <time>2024-05-03T18:58:29Z</time>
   </trkpt>
   <trkpt lat="48.8279900" lon="2.3047450">
    <ele>71.5</ele>
    <time>2024-05-03T18:58:30Z</time>
   </trkpt>
   <trkpt lat="48.8279490" lon="2.3046960">
    <ele>71.6</ele>
    <time>2024-05-03T18:58:31Z</time>
   </trkpt>
   <trkpt lat="48.8279080" lon="2.3046460">
    <ele>71.6</ele>
    <time>2024-05-03T18:58:32Z</time>
   </trkpt>
   <trkpt lat="48.8278680" lon="2.3045960">
    <ele>71.6</ele>
    <time>2024-05-03T18:58:33Z</time>
   </trkpt>
   <trkpt lat="48.8278280" lon="2.3045480">
    <ele>71.7</ele>
    <time>2024-05-03T18:58:34Z</time>
   </trkpt>
   <trkpt lat="48.8277870" lon="2.3044990">
    <ele>71.7</ele>
    <time>2024-05-03T18:58:35Z</time>
   </trkpt>
   <trkpt lat="48.8277470" lon="2.3044530">
    <ele>71.7</ele>
    <time>2024-05-03T18:58:36Z</time>
   </trkpt>
   <trkpt lat="48.8277060" lon="2.3044080">
    <ele>71.7</ele>
    <time>2024-05-03T18:58:37Z</time>
   </trkpt>
   <trkpt lat="48.8276630" lon="2.3043590">
    <ele>71.6</ele>
    <time>2024-05-03T18:58:38Z</time>
   </trkpt>
   <trkpt lat="48.8276190" lon="2.3043120">
    <ele>71.5</ele>
    <time>2024-05-03T18:58:39Z</time>
   </trkpt>
   <trkpt lat="48.8275740" lon="2.3042650">
    <ele>71.4</ele>
    <time>2024-05-03T18:58:40Z</time>
   </trkpt>
   <trkpt lat="48.8275320" lon="2.3042150">
    <ele>71.3</ele>
    <time>2024-05-03T18:58:41Z</time>
   </trkpt>
   <trkpt lat="48.8274920" lon="2.3041620">
    <ele>71.1</ele>
    <time>2024-05-03T18:58:42Z</time>
   </trkpt>
   <trkpt lat="48.8274490" lon="2.3041110">
    <ele>71.0</ele>
    <time>2024-05-03T18:58:43Z</time>
   </trkpt>
   <trkpt lat="48.8274050" lon="2.3040630">
    <ele>70.8</ele>
    <time>2024-05-03T18:58:44Z</time>
   </trkpt>
   <trkpt lat="48.8273610" lon="2.3040140">
    <ele>70.6</ele>
    <time>2024-05-03T18:58:45Z</time>
   </trkpt>
   <trkpt lat="48.8273140" lon="2.3039670">
    <ele>70.4</ele>
    <time>2024-05-03T18:58:46Z</time>
   </trkpt>
   <trkpt lat="48.8272670" lon="2.3039180">
    <ele>70.2</ele>
    <time>2024-05-03T18:58:47Z</time>
   </trkpt>
   <trkpt lat="48.8272180" lon="2.3038640">
    <ele>69.9</ele>
    <time>2024-05-03T18:58:48Z</time>
   </trkpt>
   <trkpt lat="48.8271630" lon="2.3038140">
    <ele>69.6</ele>
    <time>2024-05-03T18:58:49Z</time>
   </trkpt>
   <trkpt lat="48.8271050" lon="2.3037650">
    <ele>69.3</ele>
    <time>2024-05-03T18:58:50Z</time>
   </trkpt>
   <trkpt lat="48.8270430" lon="2.3037180">
    <ele>69.0</ele>
    <time>2024-05-03T18:58:51Z</time>
   </trkpt>
   <trkpt lat="48.8269810" lon="2.3036670">
    <ele>68.7</ele>
    <time>2024-05-03T18:58:52Z</time>
   </trkpt>
   <trkpt lat="48.8269190" lon="2.3036100">
    <ele>68.4</ele>
    <time>2024-05-03T18:58:53Z</time>
   </trkpt>
   <trkpt lat="48.8268590" lon="2.3035510">
    <ele>68.2</ele>
    <time>2024-05-03T18:58:54Z</time>
   </trkpt>
   <trkpt lat="48.8267970" lon="2.3034870">
    <ele>68.0</ele>
    <time>2024-05-03T18:58:55Z</time>
   </trkpt>
   <trkpt lat="48.8267340" lon="2.3034240">
    <ele>67.8</ele>
    <time>2024-05-03T18:58:56Z</time>
   </trkpt>
   <trkpt lat="48.8266690" lon="2.3033650">
    <ele>67.7</ele>
    <time>2024-05-03T18:58:57Z</time>
   </trkpt>
   <trkpt lat="48.8266060" lon="2.3033080">
    <ele>67.6</ele>
    <time>2024-05-03T18:58:58Z</time>
   </trkpt>
   <trkpt lat="48.8265420" lon="2.3032570">
    <ele>67.5</ele>
    <time>2024-05-03T18:58:59Z</time>
   </trkpt>
   <trkpt lat="48.8264910" lon="2.3031870">
    <ele>67.3</ele>
    <time>2024-05-03T18:59:00Z</time>
   </trkpt>
   <trkpt lat="48.8264430" lon="2.3031100">
    <ele>67.2</ele>
    <time>2024-05-03T18:59:01Z</time>
   </trkpt>
   <trkpt lat="48.8263970" lon="2.3030300">
    <ele>67.1</ele>
    <time>2024-05-03T18:59:02Z</time>
   </trkpt>
   <trkpt lat="48.8263470" lon="2.3029500">
    <ele>67.0</ele>
    <time>2024-05-03T18:59:03Z</time>
   </trkpt>
   <trkpt lat="48.8262980" lon="2.3028700">
    <ele>66.9</ele>
    <time>2024-05-03T18:59:04Z</time>
   </trkpt>
   <trkpt lat="48.8262470" lon="2.3027920">
    <ele>66.8</ele>
    <time>2024-05-03T18:59:05Z</time>
   </trkpt>
   <trkpt lat="48.8261970" lon="2.3027150">
    <ele>66.7</ele>
    <time>2024-05-03T18:59:06Z</time>
   </trkpt>
   <trkpt lat="48.8261480" lon="2.3026390">
    <ele>66.6</ele>
    <time>2024-05-03T18:59:07Z</time>
   </trkpt>
   <trkpt lat="48.8260980" lon="2.3025650">
    <ele>66.5</ele>
    <time>2024-05-03T18:59:08Z</time>
   </trkpt>
   <trkpt lat="48.8260420" lon="2.3025010">
    <ele>66.4</ele>
    <time>2024-05-03T18:59:09Z</time>
   </trkpt>
   <trkpt lat="48.8259800" lon="2.3024520">
    <ele>66.3</ele>
    <time>2024-05-03T18:59:10Z</time>
   </trkpt>
   <trkpt lat="48.8259130" lon="2.3024260">
    <ele>66.2</ele>
    <time>2024-05-03T18:59:11Z</time>
   </trkpt>
   <trkpt lat="48.8258440" lon="2.3024040">
    <ele>66.0</ele>
    <time>2024-05-03T18:59:12Z</time>
   </trkpt>
   <trkpt lat="48.8257800" lon="2.3023730">
    <ele>65.9</ele>
    <time>2024-05-03T18:59:13Z</time>
   </trkpt>
   <trkpt lat="48.8257180" lon="2.3023410">
    <ele>65.8</ele>
    <time>2024-05-03T18:59:14Z</time>
   </trkpt>
   <trkpt lat="48.8256580" lon="2.3023070">
    <ele>65.7</ele>
    <time>2024-05-03T18:59:15Z</time>
   </trkpt>
   <trkpt lat="48.8256030" lon="2.3022720">
    <ele>65.7</ele>
    <time>2024-05-03T18:59:16Z</time>
   </trkpt>
   <trkpt lat="48.8255570" lon="2.3022420">
    <ele>65.6</ele>
    <time>2024-05-03T18:59:17Z</time>
   </trkpt>
   <trkpt lat="48.8255320" lon="2.3022140">
    <ele>65.6</ele>
    <time>2024-05-03T18:59:18Z</time>
   </trkpt>
   <trkpt lat="48.8255210" lon="2.3021920">
    <ele>65.6</ele>
    <time>2024-05-03T18:59:19Z</time>
   </trkpt>
   <trkpt lat="48.8255190" lon="2.3021790">
    <ele>65.6</ele>
    <time>2024-05-03T18:59:20Z</time>
   </trkpt>
   <trkpt lat="48.8255200" lon="2.3021750">
    <ele>65.6</ele>
    <time>2024-05-03T18:59:21Z</time>
   </trkpt>
   <trkpt lat="48.8255170" lon="2.3021710">
    <ele>65.6</ele>
    <time>2024-05-03T18:59:22Z</time>
   </trkpt>
   <trkpt lat="48.8255130" lon="2.3021690">
    <ele>65.6</ele>
    <time>2024-05-03T18:59:23Z</time>
   </trkpt>
   <trkpt lat="48.8255080" lon="2.3021670">
    <ele>65.6</ele>
    <time>2024-05-03T18:59:24Z</time>
   </trkpt>
   <trkpt lat="48.8255030" lon="2.3021650">
    <ele>65.6</ele>
    <time>2024-05-03T18:59:25Z</time>
   </trkpt>
   <trkpt lat="48.8254990" lon="2.3021640">
    <ele>65.6</ele>
    <time>2024-05-03T18:59:26Z</time>
   </trkpt>
   <trkpt lat="48.8254940" lon="2.3021620">
    <ele>65.6</ele>
    <time>2024-05-03T18:59:27Z</time>
   </trkpt>
   <trkpt lat="48.8254890" lon="2.3021600">
    <ele>65.6</ele>
    <time>2024-05-03T18:59:28Z</time>
   </trkpt>
   <trkpt lat="48.8254840" lon="2.3021590">
    <ele>65.6</ele>
    <time>2024-05-03T18:59:29Z</time>
   </trkpt>
   <trkpt lat="48.8254800" lon="2.3021570">
    <ele>65.6</ele>
    <time>2024-05-03T18:59:30Z</time>
   </trkpt>
   <trkpt lat="48.8254400" lon="2.3021570">
    <ele>65.6</ele>
    <time>2024-05-03T18:59:31Z</time>
   </trkpt>
   <trkpt lat="48.8254260" lon="2.3021560">
    <ele>65.6</ele>
    <time>2024-05-03T18:59:32Z</time>
   </trkpt>
   <trkpt lat="48.8253920" lon="2.3021500">
    <ele>65.6</ele>
    <time>2024-05-03T18:59:33Z</time>
   </trkpt>
   <trkpt lat="48.8253560" lon="2.3021340">
    <ele>65.6</ele>
    <time>2024-05-03T18:59:34Z</time>
   </trkpt>
   <trkpt lat="48.8253180" lon="2.3021140">
    <ele>65.6</ele>
    <time>2024-05-03T18:59:35Z</time>
   </trkpt>
   <trkpt lat="48.8252780" lon="2.3020950">
    <ele>65.6</ele>
    <time>2024-05-03T18:59:36Z</time>
   </trkpt>
   <trkpt lat="48.8252360" lon="2.3020760">
    <ele>65.7</ele>
    <time>2024-05-03T18:59:37Z</time>
   </trkpt>
   <trkpt lat="48.8251920" lon="2.3020630">
    <ele>65.7</ele>
    <time>2024-05-03T18:59:38Z</time>
   </trkpt>
   <trkpt lat="48.8251470" lon="2.3020480">
    <ele>65.7</ele>
    <time>2024-05-03T18:59:39Z</time>
   </trkpt>
   <trkpt lat="48.8251010" lon="2.3020390">
    <ele>65.7</ele>
    <time>2024-05-03T18:59:40Z</time>
   </trkpt>
   <trkpt lat="48.8250560" lon="2.3020190">
    <ele>65.7</ele>
    <time>2024-05-03T18:59:41Z</time>
   </trkpt>
   <trkpt lat="48.8250150" lon="2.3019900">
    <ele>65.7</ele>
    <time>2024-05-03T18:59:42Z</time>
   </trkpt>
   <trkpt lat="48.8249730" lon="2.3019570">
    <ele>65.7</ele>
    <time>2024-05-03T18:59:43Z</time>
   </trkpt>
   <trkpt lat="48.8249340" lon="2.3019050">
    <ele>65.8</ele>
    <time>2024-05-03T18:59:44Z</time>
   </trkpt>
   <trkpt lat="48.8248990" lon="2.3018490">
    <ele>65.8</ele>
    <time>2024-05-03T18:59:45Z</time>
   </trkpt>
   <trkpt lat="48.8248680" lon="2.3017840">
    <ele>65.8</ele>
    <time>2024-05-03T18:59:46Z</time>
   </trkpt>
   <trkpt lat="48.8248470" lon="2.3017190">
    <ele>65.8</ele>
    <time>2024-05-03T18:59:47Z</time>
   </trkpt>
   <trkpt lat="48.8248310" lon="2.3016450">
    <ele>65.8</ele>
    <time>2024-05-03T18:59:48Z</time>
   </trkpt>
   <trkpt lat="48.8248070" lon="2.3015700">
    <ele>65.9</ele>
    <time>2024-05-03T18:59:49Z</time>
   </trkpt>
   <trkpt lat="48.8247820" lon="2.3014990">
    <ele>65.9</ele>
    <time>2024-05-03T18:59:50Z</time>
   </trkpt>
   <trkpt lat="48.8247580" lon="2.3014270">
    <ele>66.0</ele>
    <time>2024-05-03T18:59:51Z</time>
   </trkpt>
   <trkpt lat="48.8247330" lon="2.3013540">
    <ele>66.1</ele>
    <time>2024-05-03T18:59:52Z</time>
   </trkpt>
   <trkpt lat="48.8247070" lon="2.3012800">
    <ele>66.1</ele>
    <time>2024-05-03T18:59:53Z</time>
   </trkpt>
   <trkpt lat="48.8246830" lon="2.3012080">
    <ele>66.2</ele>
    <time>2024-05-03T18:59:54Z</time>
   </trkpt>
   <trkpt lat="48.8246570" lon="2.3011370">
    <ele>66.3</ele>
    <time>2024-05-03T18:59:55Z</time>
   </trkpt>
   <trkpt lat="48.8246330" lon="2.3010660">
    <ele>66.4</ele>
    <time>2024-05-03T18:59:56Z</time>
   </trkpt>
   <trkpt lat="48.8246050" lon="2.3009980">
    <ele>66.5</ele>
    <time>2024-05-03T18:59:57Z</time>
   </trkpt>
   <trkpt lat="48.8245680" lon="2.3009460">
    <ele>66.5</ele>
    <time>2024-05-03T18:59:58Z</time>
   </trkpt>
   <trkpt lat="48.8245290" lon="2.3009030">
    <ele>66.6</ele>
    <time>2024-05-03T18:59:59Z</time>
   </trkpt>
   <trkpt lat="48.8244880" lon="2.3008580">
    <ele>66.6</ele>
    <time>2024-05-03T19:00:00Z</time>
   </trkpt>
   <trkpt lat="48.8244470" lon="2.3008120">
    <ele>66.7</ele>
    <time>2024-05-03T19:00:01Z</time>
   </trkpt>
   <trkpt lat="48.8244050" lon="2.3007710">
    <ele>66.8</ele>
    <time>2024-05-03T19:00:02Z</time>
   </trkpt>
   <trkpt lat="48.8243670" lon="2.3007270">
    <ele>66.8</ele>
    <time>2024-05-03T19:00:03Z</time>
   </trkpt>
   <trkpt lat="48.8243360" lon="2.3006840">
    <ele>66.9</ele>
    <time>2024-05-03T19:00:04Z</time>
   </trkpt>
   <trkpt lat="48.8243050" lon="2.3006480">
    <ele>66.9</ele>
    <time>2024-05-03T19:00:05Z</time>
   </trkpt>
   <trkpt lat="48.8242670" lon="2.3006240">
    <ele>67.0</ele>
    <time>2024-05-03T19:00:06Z</time>
   </trkpt>
   <trkpt lat="48.8242310" lon="2.3005890">
    <ele>67.1</ele>
    <time>2024-05-03T19:00:07Z</time>
   </trkpt>
   <trkpt lat="48.8242000" lon="2.3005390">
    <ele>67.2</ele>
    <time>2024-05-03T19:00:08Z</time>
   </trkpt>
   <trkpt lat="48.8241710" lon="2.3004850">
    <ele>67.2</ele>
    <time>2024-05-03T19:00:09Z</time>
   </trkpt>
   <trkpt lat="48.8241430" lon="2.3004270">
    <ele>67.4</ele>
    <time>2024-05-03T19:00:10Z</time>
   </trkpt>
   <trkpt lat="48.8241100" lon="2.3003740">
    <ele>67.5</ele>
    <time>2024-05-03T19:00:11Z</time>
   </trkpt>
   <trkpt lat="48.8240720" lon="2.3003260">
    <ele>67.5</ele>
    <time>2024-05-03T19:00:12Z</time>
   </trkpt>
   <trkpt lat="48.8240340" lon="2.3002860">
    <ele>67.6</ele>
    <time>2024-05-03T19:00:13Z</time>
   </trkpt>
   <trkpt lat="48.8239950" lon="2.3002380">
    <ele>67.6</ele>
    <time>2024-05-03T19:00:14Z</time>
   </trkpt>
   <trkpt lat="48.8239560" lon="2.3001930">
    <ele>67.7</ele>
    <time>2024-05-03T19:00:15Z</time>
   </trkpt>
   <trkpt lat="48.8239160" lon="2.3001460">
    <ele>67.8</ele>
    <time>2024-05-03T19:00:16Z</time>
   </trkpt>
   <trkpt lat="48.8238770" lon="2.3000970">
    <ele>67.8</ele>
    <time>2024-05-03T19:00:17Z</time>
   </trkpt>
   <trkpt lat="48.8238360" lon="2.3000540">
    <ele>67.9</ele>
    <time>2024-05-03T19:00:18Z</time>
   </trkpt>
   <trkpt lat="48.8237950" lon="2.3000130">
    <ele>68.0</ele>
    <time>2024-05-03T19:00:19Z</time>
   </trkpt>
   <trkpt lat="48.8237530" lon="2.2999670">
    <ele>68.1</ele>
    <time>2024-05-03T19:00:20Z</time>
   </trkpt>
   <trkpt lat="48.8237130" lon="2.2999220">
    <ele>68.2</ele>
    <time>2024-05-03T19:00:21Z</time>
   </trkpt>
   <trkpt lat="48.8236710" lon="2.2998850">
    <ele>68.3</ele>
    <time>2024-05-03T19:00:22Z</time>
   </trkpt>
   <trkpt lat="48.8236290" lon="2.2998480">
    <ele>68.4</ele>
    <time>2024-05-03T19:00:23Z</time>
   </trkpt>
   <trkpt lat="48.8235870" lon="2.2998120">
    <ele>68.5</ele>
    <time>2024-05-03T19:00:24Z</time>
   </trkpt>
   <trkpt lat="48.8235430" lon="2.2997800">
    <ele>68.6</ele>
    <time>2024-05-03T19:00:25Z</time>
   </trkpt>
   <trkpt lat="48.8235000" lon="2.2997510">
    <ele>68.7</ele>
    <time>2024-05-03T19:00:26Z</time>
   </trkpt>
   <trkpt lat="48.8234570" lon="2.2997200">
    <ele>68.8</ele>
    <time>2024-05-03T19:00:27Z</time>
   </trkpt>
   <trkpt lat="48.8234130" lon="2.2996900">
    <ele>68.9</ele>
    <time>2024-05-03T19:00:28Z</time>
   </trkpt>
   <trkpt lat="48.8233720" lon="2.2996590">
    <ele>69.0</ele>
    <time>2024-05-03T19:00:29Z</time>
   </trkpt>
   <trkpt lat="48.8233300" lon="2.2996290">
    <ele>69.1</ele>
    <time>2024-05-03T19:00:30Z</time>
   </trkpt>
   <trkpt lat="48.8232880" lon="2.2995980">
    <ele>69.3</ele>
    <time>2024-05-03T19:00:31Z</time>
   </trkpt>
   <trkpt lat="48.8232480" lon="2.2995630">
    <ele>69.4</ele>
    <time>2024-05-03T19:00:32Z</time>
   </trkpt>
   <trkpt lat="48.8232090" lon="2.2995290">
    <ele>69.5</ele>
    <time>2024-05-03T19:00:33Z</time>
   </trkpt>
   <trkpt lat="48.8231730" lon="2.2994890">
    <ele>69.5</ele>
    <time>2024-05-03T19:00:34Z</time>
   </trkpt>
   <trkpt lat="48.8231350" lon="2.2994520">
    <ele>69.6</ele>
    <time>2024-05-03T19:00:35Z</time>
   </trkpt>
   <trkpt lat="48.8230970" lon="2.2994240">
    <ele>69.7</ele>
    <time>2024-05-03T19:00:36Z</time>
   </trkpt>
   <trkpt lat="48.8230670" lon="2.2993880">
    <ele>69.7</ele>
    <time>2024-05-03T19:00:37Z</time>
   </trkpt>
   <trkpt lat="48.8230450" lon="2.2993390">
    <ele>69.8</ele>
    <time>2024-05-03T19:00:38Z</time>
   </trkpt>
   <trkpt lat="48.8230350" lon="2.2992710">
    <ele>69.8</ele>
    <time>2024-05-03T19:00:39Z</time>
   </trkpt>
   <trkpt lat="48.8230310" lon="2.2992000">
    <ele>69.9</ele>
    <time>2024-05-03T19:00:40Z</time>
   </trkpt>
   <trkpt lat="48.8230280" lon="2.2991260">
    <ele>69.9</ele>
    <time>2024-05-03T19:00:41Z</time>
   </trkpt>
   <trkpt lat="48.8230180" lon="2.2990550">
    <ele>69.9</ele>
    <time>2024-05-03T19:00:42Z</time>
   </trkpt>
   <trkpt lat="48.8229910" lon="2.2989930">
    <ele>69.9</ele>
    <time>2024-05-03T19:00:43Z</time>
   </trkpt>
   <trkpt lat="48.8229500" lon="2.2989450">
    <ele>69.9</ele>
    <time>2024-05-03T19:00:44Z</time>
   </trkpt>
   <trkpt lat="48.8229080" lon="2.2988990">
    <ele>69.9</ele>
    <time>2024-05-03T19:00:45Z</time>
   </trkpt>
   <trkpt lat="48.8228660" lon="2.2988610">
    <ele>69.9</ele>
    <time>2024-05-03T19:00:46Z</time>
   </trkpt>
   <trkpt lat="48.8228290" lon="2.2988130">
    <ele>70.0</ele>
    <time>2024-05-03T19:00:47Z</time>
   </trkpt>
   <trkpt lat="48.8227970" lon="2.2987620">
    <ele>70.0</ele>
    <time>2024-05-03T19:00:48Z</time>
   </trkpt>
   <trkpt lat="48.8227650" lon="2.2987180">
    <ele>70.1</ele>
    <time>2024-05-03T19:00:49Z</time>
   </trkpt>
   <trkpt lat="48.8227530" lon="2.2986480">
    <ele>70.1</ele>
    <time>2024-05-03T19:00:50Z</time>
   </trkpt>
   <trkpt lat="48.8227540" lon="2.2985730">
    <ele>70.2</ele>
    <time>2024-05-03T19:00:51Z</time>
   </trkpt>
   <trkpt lat="48.8227450" lon="2.2985020">
    <ele>70.3</ele>
    <time>2024-05-03T19:00:52Z</time>
   </trkpt>
   <trkpt lat="48.8227110" lon="2.2984470">
    <ele>70.4</ele>
    <time>2024-05-03T19:00:53Z</time>
   </trkpt>
   <trkpt lat="48.8226690" lon="2.2984000">
    <ele>70.6</ele>
    <time>2024-05-03T19:00:54Z</time>
   </trkpt>
   <trkpt lat="48.8226360" lon="2.2983590">
    <ele>70.6</ele>
    <time>2024-05-03T19:00:55Z</time>
   </trkpt>
   <trkpt lat="48.8226090" lon="2.2983220">
    <ele>70.7</ele>
    <time>2024-05-03T19:00:56Z</time>
   </trkpt>
   <trkpt lat="48.8225810" lon="2.2982860">
    <ele>70.7</ele>
    <time>2024-05-03T19:00:57Z</time>
   </trkpt>
   <trkpt lat="48.8225410" lon="2.2982520">
    <ele>70.7</ele>
    <time>2024-05-03T19:00:58Z</time>
   </trkpt>
   <trkpt lat="48.8224970" lon="2.2982110">
    <ele>70.7</ele>
    <time>2024-05-03T19:00:59Z</time>
   </trkpt>
   <trkpt lat="48.8224580" lon="2.2981600">
    <ele>70.6</ele>
    <time>2024-05-03T19:01:00Z</time>
   </trkpt>
   <trkpt lat="48.8224260" lon="2.2980960">
    <ele>70.5</ele>
    <time>2024-05-03T19:01:01Z</time>
   </trkpt>
   <trkpt lat="48.8223880" lon="2.2980350">
    <ele>70.4</ele>
    <time>2024-05-03T19:01:02Z</time>
   </trkpt>
   <trkpt lat="48.8223460" lon="2.2979790">
    <ele>70.4</ele>
    <time>2024-05-03T19:01:03Z</time>
   </trkpt>
   <trkpt lat="48.8223050" lon="2.2979310">
    <ele>70.3</ele>
    <time>2024-05-03T19:01:04Z</time>
   </trkpt>
   <trkpt lat="48.8222630" lon="2.2978870">
    <ele>70.3</ele>
    <time>2024-05-03T19:01:05Z</time>
   </trkpt>
   <trkpt lat="48.8222190" lon="2.2978430">
    <ele>70.3</ele>
    <time>2024-05-03T19:01:06Z</time>
   </trkpt>
   <trkpt lat="48.8221720" lon="2.2978080">
    <ele>70.3</ele>
    <time>2024-05-03T19:01:07Z</time>
   </trkpt>
   <trkpt lat="48.8221210" lon="2.2977790">
    <ele>70.3</ele>
    <time>2024-05-03T19:01:08Z</time>
   </trkpt>
   <trkpt lat="48.8220740" lon="2.2977500">
    <ele>70.3</ele>
    <time>2024-05-03T19:01:09Z</time>
   </trkpt>
   <trkpt lat="48.8220270" lon="2.2977200">
    <ele>70.3</ele>
    <time>2024-05-03T19:01:10Z</time>
   </trkpt>
   <trkpt lat="48.8219800" lon="2.2976900">
    <ele>70.3</ele>
    <time>2024-05-03T19:01:11Z</time>
   </trkpt>
   <trkpt lat="48.8219330" lon="2.2976640">
    <ele>70.3</ele>
    <time>2024-05-03T19:01:12Z</time>
   </trkpt>
   <trkpt lat="48.8218840" lon="2.2976390">
    <ele>70.3</ele>
    <time>2024-05-03T19:01:13Z</time>
   </trkpt>
   <trkpt lat="48.8218350" lon="2.2976120">
    <ele>70.3</ele>
    <time>2024-05-03T19:01:14Z</time>
   </trkpt>
   <trkpt lat="48.8217850" lon="2.2975920">
    <ele>70.3</ele>
    <time>2024-05-03T19:01:15Z</time>
   </trkpt>
   <trkpt lat="48.8217330" lon="2.2975760">
    <ele>70.3</ele>
    <time>2024-05-03T19:01:16Z</time>
   </trkpt>
   <trkpt lat="48.8216800" lon="2.2975620">
    <ele>70.3</ele>
    <time>2024-05-03T19:01:17Z</time>
   </trkpt>
   <trkpt lat="48.8216300" lon="2.2975230">
    <ele>70.3</ele>
    <time>2024-05-03T19:01:18Z</time>
   </trkpt>
   <trkpt lat="48.8215880" lon="2.2974630">
    <ele>70.4</ele>
    <time>2024-05-03T19:01:19Z</time>
   </trkpt>
   <trkpt lat="48.8215520" lon="2.2974020">
    <ele>70.4</ele>
    <time>2024-05-03T19:01:20Z</time>
   </trkpt>
   <trkpt lat="48.8215130" lon="2.2973470">
    <ele>70.3</ele>
    <time>2024-05-03T19:01:21Z</time>
   </trkpt>
   <trkpt lat="48.8214710" lon="2.2972940">
    <ele>70.3</ele>
    <time>2024-05-03T19:01:22Z</time>
   </trkpt>
   <trkpt lat="48.8214310" lon="2.2972440">
    <ele>70.3</ele>
    <time>2024-05-03T19:01:23Z</time>
   </trkpt>
   <trkpt lat="48.8213910" lon="2.2971940">
    <ele>70.3</ele>
    <time>2024-05-03T19:01:24Z</time>
   </trkpt>
   <trkpt lat="48.8213510" lon="2.2971400">
    <ele>70.3</ele>
    <time>2024-05-03T19:01:25Z</time>
   </trkpt>
   <trkpt lat="48.8213080" lon="2.2970840">
    <ele>70.2</ele>
    <time>2024-05-03T19:01:26Z</time>
   </trkpt>
   <trkpt lat="48.8212650" lon="2.2970290">
    <ele>70.2</ele>
    <time>2024-05-03T19:01:27Z</time>
   </trkpt>
   <trkpt lat="48.8212240" lon="2.2969720">
    <ele>70.2</ele>
    <time>2024-05-03T19:01:28Z</time>
   </trkpt>
   <trkpt lat="48.8211810" lon="2.2969220">
    <ele>70.1</ele>
    <time>2024-05-03T19:01:29Z</time>
   </trkpt>
   <trkpt lat="48.8211360" lon="2.2968720">
    <ele>70.1</ele>
    <time>2024-05-03T19:01:30Z</time>
   </trkpt>
   <trkpt lat="48.8210880" lon="2.2968190">
    <ele>70.0</ele>
    <time>2024-05-03T19:01:31Z</time>
   </trkpt>
   <trkpt lat="48.8210440" lon="2.2967580">
    <ele>70.0</ele>
    <time>2024-05-03T19:01:32Z</time>
   </trkpt>
   <trkpt lat="48.8209980" lon="2.2966930">
    <ele>69.9</ele>
    <time>2024-05-03T19:01:33Z</time>
   </trkpt>
   <trkpt lat="48.8209490" lon="2.2966300">
    <ele>69.9</ele>
    <time>2024-05-03T19:01:34Z</time>
   </trkpt>
   <trkpt lat="48.8208980" lon="2.2965710">
    <ele>69.9</ele>
    <time>2024-05-03T19:01:35Z</time>
   </trkpt>
   <trkpt lat="48.8208460" lon="2.2965170">
    <ele>69.8</ele>
    <time>2024-05-03T19:01:36Z</time>
   </trkpt>
   <trkpt lat="48.8207910" lon="2.2964660">
    <ele>69.8</ele>
    <time>2024-05-03T19:01:37Z</time>
   </trkpt>
   <trkpt lat="48.8207360" lon="2.2964130">
    <ele>69.8</ele>
    <time>2024-05-03T19:01:38Z</time>
   </trkpt>
   <trkpt lat="48.8206820" lon="2.2963560">
    <ele>69.7</ele>
    <time>2024-05-03T19:01:39Z</time>
   </trkpt>
   <trkpt lat="48.8206280" lon="2.2962970">
    <ele>69.7</ele>
    <time>2024-05-03T19:01:40Z</time>
   </trkpt>
   <trkpt lat="48.8205740" lon="2.2962410">
    <ele>69.7</ele>
    <time>2024-05-03T19:01:41Z</time>
   </trkpt>
   <trkpt lat="48.8205210" lon="2.2961860">
    <ele>69.7</ele>
    <time>2024-05-03T19:01:42Z</time>
   </trkpt>
   <trkpt lat="48.8204690" lon="2.2961280">
    <ele>69.7</ele>
    <time>2024-05-03T19:01:43Z</time>
   </trkpt>
   <trkpt lat="48.8204200" lon="2.2960720">
    <ele>69.8</ele>
    <time>2024-05-03T19:01:44Z</time>
   </trkpt>
   <trkpt lat="48.8203710" lon="2.2960140">
    <ele>69.8</ele>
    <time>2024-05-03T19:01:45Z</time>
   </trkpt>
   <trkpt lat="48.8203220" lon="2.2959570">
    <ele>69.8</ele>
    <time>2024-05-03T19:01:46Z</time>
   </trkpt>
   <trkpt lat="48.8202710" lon="2.2959060">
    <ele>69.8</ele>
    <time>2024-05-03T19:01:47Z</time>
   </trkpt>
   <trkpt lat="48.8202220" lon="2.2958580">
    <ele>69.9</ele>
    <time>2024-05-03T19:01:48Z</time>
   </trkpt>
   <trkpt lat="48.8201750" lon="2.2958130">
    <ele>69.9</ele>
    <time>2024-05-03T19:01:49Z</time>
   </trkpt>
   <trkpt lat="48.8201310" lon="2.2957750">
    <ele>69.9</ele>
    <time>2024-05-03T19:01:50Z</time>
   </trkpt>
   <trkpt lat="48.8200870" lon="2.2957440">
    <ele>69.9</ele>
    <time>2024-05-03T19:01:51Z</time>
   </trkpt>
   <trkpt lat="48.8200480" lon="2.2957150">
    <ele>70.0</ele>
    <time>2024-05-03T19:01:52Z</time>
   </trkpt>
   <trkpt lat="48.8200060" lon="2.2956870">
    <ele>70.0</ele>
    <time>2024-05-03T19:01:53Z</time>
   </trkpt>
   <trkpt lat="48.8199630" lon="2.2956580">
    <ele>70.0</ele>
    <time>2024-05-03T19:01:54Z</time>
   </trkpt>
   <trkpt lat="48.8199170" lon="2.2956320">
    <ele>70.1</ele>
    <time>2024-05-03T19:01:55Z</time>
   </trkpt>
   <trkpt lat="48.8198720" lon="2.2956090">
    <ele>70.1</ele>
    <time>2024-05-03T19:01:56Z</time>
   </trkpt>
   <trkpt lat="48.8198240" lon="2.2955930">
    <ele>70.1</ele>
    <time>2024-05-03T19:01:57Z</time>
   </trkpt>
   <trkpt lat="48.8197760" lon="2.2955670">
    <ele>70.2</ele>
    <time>2024-05-03T19:01:58Z</time>
   </trkpt>
   <trkpt lat="48.8197260" lon="2.2955440">
    <ele>70.2</ele>
    <time>2024-05-03T19:01:59Z</time>
   </trkpt>
   <trkpt lat="48.8196740" lon="2.2955350">
    <ele>70.3</ele>
    <time>2024-05-03T19:02:00Z</time>
   </trkpt>
   <trkpt lat="48.8196230" lon="2.2955320">
    <ele>70.3</ele>
    <time>2024-05-03T19:02:01Z</time>
   </trkpt>
   <trkpt lat="48.8195720" lon="2.2955240">
    <ele>70.3</ele>
    <time>2024-05-03T19:02:02Z</time>
   </trkpt>
   <trkpt lat="48.8195180" lon="2.2955250">
    <ele>70.4</ele>
    <time>2024-05-03T19:02:03Z</time>
   </trkpt>
   <trkpt lat="48.8194670" lon="2.2955240">
    <ele>70.4</ele>
    <time>2024-05-03T19:02:04Z</time>
   </trkpt>
   <trkpt lat="48.8194210" lon="2.2955140">
    <ele>70.4</ele>
    <time>2024-05-03T19:02:05Z</time>
   </trkpt>
   <trkpt lat="48.8193780" lon="2.2954990">
    <ele>70.4</ele>
    <time>2024-05-03T19:02:06Z</time>
   </trkpt>
   <trkpt lat="48.8193400" lon="2.2954880">
    <ele>70.5</ele>
    <time>2024-05-03T19:02:07Z</time>
   </trkpt>
   <trkpt lat="48.8193190" lon="2.2954900">
    <ele>70.5</ele>
    <time>2024-05-03T19:02:08Z</time>
   </trkpt>
   <trkpt lat="48.8193220" lon="2.2954670">
    <ele>70.5</ele>
    <time>2024-05-03T19:02:09Z</time>
   </trkpt>
   <trkpt lat="48.8193170" lon="2.2954640">
    <ele>70.5</ele>
    <time>2024-05-03T19:02:10Z</time>
   </trkpt>
   <trkpt lat="48.8193230" lon="2.2954710">
    <ele>70.5</ele>
    <time>2024-05-03T19:02:11Z</time>
   </trkpt>
   <trkpt lat="48.8193270" lon="2.2954780">
    <ele>70.5</ele>
    <time>2024-05-03T19:02:12Z</time>
   </trkpt>
   <trkpt lat="48.8193300" lon="2.2954800">
    <ele>70.5</ele>
    <time>2024-05-03T19:02:13Z</time>
   </trkpt>
   <trkpt lat="48.8193290" lon="2.2954840">
    <ele>70.5</ele>
    <time>2024-05-03T19:02:14Z</time>
   </trkpt>
   <trkpt lat="48.8193320" lon="2.2954840">
    <ele>70.5</ele>
    <time>2024-05-03T19:02:15Z</time>
   </trkpt>
   <trkpt lat="48.8193330" lon="2.2954840">
    <ele>70.5</ele>
    <time>2024-05-03T19:02:16Z</time>
   </trkpt>
   <trkpt lat="48.8193320" lon="2.2954830">
    <ele>70.5</ele>
    <time>2024-05-03T19:02:17Z</time>
   </trkpt>
   <trkpt lat="48.8193310" lon="2.2954810">
    <ele>70.5</ele>
    <time>2024-05-03T19:02:18Z</time>
   </trkpt>
   <trkpt lat="48.8193290" lon="2.2954770">
    <ele>70.5</ele>
    <time>2024-05-03T19:02:19Z</time>
   </trkpt>
   <trkpt lat="48.8193280" lon="2.2954740">
    <ele>70.5</ele>
    <time>2024-05-03T19:02:20Z</time>
   </trkpt>
   <trkpt lat="48.8192710" lon="2.2954620">
    <ele>70.4</ele>
    <time>2024-05-03T19:02:26Z</time>
   </trkpt>
   <trkpt lat="48.8192440" lon="2.2954600">
    <ele>70.3</ele>
    <time>2024-05-03T19:02:27Z</time>
   </trkpt>
   <trkpt lat="48.8192110" lon="2.2954510">
    <ele>70.3</ele>
    <time>2024-05-03T19:02:28Z</time>
   </trkpt>
   <trkpt lat="48.8192050" lon="2.2954490">
    <ele>70.3</ele>
    <time>2024-05-03T19:02:29Z</time>
   </trkpt>
   <trkpt lat="48.8192260" lon="2.2953840">
    <ele>70.1</ele>
    <time>2024-05-03T19:02:30Z</time>
   </trkpt>
   <trkpt lat="48.8192470" lon="2.2953240">
    <ele>70.0</ele>
    <time>2024-05-03T19:02:31Z</time>
   </trkpt>
   <trkpt lat="48.8192700" lon="2.2952390">
    <ele>69.9</ele>
    <time>2024-05-03T19:02:32Z</time>
   </trkpt>
   <trkpt lat="48.8192710" lon="2.2951720">
    <ele>69.8</ele>
    <time>2024-05-03T19:02:33Z</time>
   </trkpt>
   <trkpt lat="48.8192680" lon="2.2951060">
    <ele>69.7</ele>
    <time>2024-05-03T19:02:34Z</time>
   </trkpt>
   <trkpt lat="48.8192630" lon="2.2950540">
    <ele>69.6</ele>
    <time>2024-05-03T19:02:35Z</time>
   </trkpt>
   <trkpt lat="48.8192670" lon="2.2949910">
    <ele>69.5</ele>
    <time>2024-05-03T19:02:36Z</time>
   </trkpt>
   <trkpt lat="48.8192660" lon="2.2949420">
    <ele>69.4</ele>
    <time>2024-05-03T19:02:37Z</time>
   </trkpt>
   <trkpt lat="48.8192390" lon="2.2949160">
    <ele>69.3</ele>
    <time>2024-05-03T19:02:38Z</time>
   </trkpt>
   <trkpt lat="48.8192030" lon="2.2948940">
    <ele>69.3</ele>
    <time>2024-05-03T19:02:39Z</time>
   </trkpt>
   <trkpt lat="48.8191660" lon="2.2948570">
    <ele>69.3</ele>
    <time>2024-05-03T19:02:40Z</time>
   </trkpt>
   <trkpt lat="48.8191270" lon="2.2948170">
    <ele>69.3</ele>
    <time>2024-05-03T19:02:41Z</time>
   </trkpt>
   <trkpt lat="48.8190830" lon="2.2947870">
    <ele>69.3</ele>
    <time>2024-05-03T19:02:42Z</time>
   </trkpt>
   <trkpt lat="48.8190390" lon="2.2947620">
    <ele>69.4</ele>
    <time>2024-05-03T19:02:43Z</time>
   </trkpt>
   <trkpt lat="48.8189960" lon="2.2947410">
    <ele>69.4</ele>
    <time>2024-05-03T19:02:44Z</time>
   </trkpt>
   <trkpt lat="48.8189520" lon="2.2947230">
    <ele>69.5</ele>
    <time>2024-05-03T19:02:45Z</time>
   </trkpt>
   <trkpt lat="48.8189080" lon="2.2947030">
    <ele>69.6</ele>
    <time>2024-05-03T19:02:46Z</time>
   </trkpt>
   <trkpt lat="48.8188620" lon="2.2946870">
    <ele>69.7</ele>
    <time>2024-05-03T19:02:47Z</time>
   </trkpt>
   <trkpt lat="48.8188170" lon="2.2946710">
    <ele>69.8</ele>
    <time>2024-05-03T19:02:48Z</time>
   </trkpt>
   <trkpt lat="48.8187700" lon="2.2946540">
    <ele>69.9</ele>
    <time>2024-05-03T19:02:49Z</time>
   </trkpt>
   <trkpt lat="48.8187240" lon="2.2946400">
    <ele>70.0</ele>
    <time>2024-05-03T19:02:50Z</time>
   </trkpt>
   <trkpt lat="48.8186770" lon="2.2946270">
    <ele>70.1</ele>
    <time>2024-05-03T19:02:51Z</time>
   </trkpt>
   <trkpt lat="48.8186280" lon="2.2946180">
    <ele>70.2</ele>
    <time>2024-05-03T19:02:52Z</time>
   </trkpt>
   <trkpt lat="48.8185800" lon="2.2946150">
    <ele>70.2</ele>
    <time>2024-05-03T19:02:53Z</time>
   </trkpt>
   <trkpt lat="48.8185310" lon="2.2946080">
    <ele>70.3</ele>
    <time>2024-05-03T19:02:54Z</time>
   </trkpt>
   <trkpt lat="48.8184810" lon="2.2946050">
    <ele>70.3</ele>
    <time>2024-05-03T19:02:55Z</time>
   </trkpt>
   <trkpt lat="48.8184300" lon="2.2946030">
    <ele>70.4</ele>
    <time>2024-05-03T19:02:56Z</time>
   </trkpt>
   <trkpt lat="48.8183780" lon="2.2946060">
    <ele>70.4</ele>
    <time>2024-05-03T19:02:57Z</time>
   </trkpt>
   <trkpt lat="48.8183260" lon="2.2946090">
    <ele>70.5</ele>
    <time>2024-05-03T19:02:58Z</time>
   </trkpt>
   <trkpt lat="48.8182740" lon="2.2946150">
    <ele>70.6</ele>
    <time>2024-05-03T19:02:59Z</time>
   </trkpt>
   <trkpt lat="48.8182210" lon="2.2946210">
    <ele>70.6</ele>
    <time>2024-05-03T19:03:00Z</time>
   </trkpt>
   <trkpt lat="48.8181690" lon="2.2946270">
    <ele>70.7</ele>
    <time>2024-05-03T19:03:01Z</time>
   </trkpt>
   <trkpt lat="48.8181170" lon="2.2946380">
    <ele>70.8</ele>
    <time>2024-05-03T19:03:02Z</time>
   </trkpt>
   <trkpt lat="48.8180610" lon="2.2946420">
    <ele>70.8</ele>
    <time>2024-05-03T19:03:03Z</time>
   </trkpt>
   <trkpt lat="48.8180000" lon="2.2946440">
    <ele>70.9</ele>
    <time>2024-05-03T19:03:04Z</time>
   </trkpt>
   <trkpt lat="48.8179440" lon="2.2946500">
    <ele>71.0</ele>
    <time>2024-05-03T19:03:05Z</time>
   </trkpt>
   <trkpt lat="48.8178920" lon="2.2946510">
    <ele>71.0</ele>
    <time>2024-05-03T19:03:06Z</time>
   </trkpt>
   <trkpt lat="48.8178370" lon="2.2946540">
    <ele>71.1</ele>
    <time>2024-05-03T19:03:07Z</time>
   </trkpt>
   <trkpt lat="48.8177780" lon="2.2946620">
    <ele>71.1</ele>
    <time>2024-05-03T19:03:08Z</time>
   </trkpt>
   <trkpt lat="48.8177210" lon="2.2946680">
    <ele>71.2</ele>
    <time>2024-05-03T19:03:09Z</time>
   </trkpt>
   <trkpt lat="48.8176630" lon="2.2946760">
    <ele>71.3</ele>
    <time>2024-05-03T19:03:10Z</time>
   </trkpt>
   <trkpt lat="48.8176070" lon="2.2946860">
    <ele>71.3</ele>
    <time>2024-05-03T19:03:11Z</time>
   </trkpt>
   <trkpt lat="48.8175530" lon="2.2946990">
    <ele>71.4</ele>
    <time>2024-05-03T19:03:12Z</time>
   </trkpt>
   <trkpt lat="48.8174980" lon="2.2947120">
    <ele>71.5</ele>
    <time>2024-05-03T19:03:13Z</time>
   </trkpt>
   <trkpt lat="48.8174480" lon="2.2947290">
    <ele>71.6</ele>
    <time>2024-05-03T19:03:14Z</time>
   </trkpt>
   <trkpt lat="48.8174000" lon="2.2947500">
    <ele>71.6</ele>
    <time>2024-05-03T19:03:15Z</time>
   </trkpt>
   <trkpt lat="48.8173520" lon="2.2947700">
    <ele>71.7</ele>
    <time>2024-05-03T19:03:16Z</time>
   </trkpt>
   <trkpt lat="48.8173120" lon="2.2947950">
    <ele>71.7</ele>
    <time>2024-05-03T19:03:17Z</time>
   </trkpt>
   <trkpt lat="48.8172700" lon="2.2948110">
    <ele>71.7</ele>
    <time>2024-05-03T19:03:18Z</time>
   </trkpt>
   <trkpt lat="48.8172270" lon="2.2948290">
    <ele>71.7</ele>
    <time>2024-05-03T19:03:19Z</time>
   </trkpt>
   <trkpt lat="48.8171850" lon="2.2948610">
    <ele>71.8</ele>
    <time>2024-05-03T19:03:20Z</time>
   </trkpt>
   <trkpt lat="48.8171390" lon="2.2948910">
    <ele>71.8</ele>
    <time>2024-05-03T19:03:21Z</time>
   </trkpt>
   <trkpt lat="48.8170860" lon="2.2949140">
    <ele>71.8</ele>
    <time>2024-05-03T19:03:22Z</time>
   </trkpt>
   <trkpt lat="48.8170330" lon="2.2949390">
    <ele>71.9</ele>
    <time>2024-05-03T19:03:23Z</time>
   </trkpt>
   <trkpt lat="48.8169860" lon="2.2949610">
    <ele>71.9</ele>
    <time>2024-05-03T19:03:24Z</time>
   </trkpt>
   <trkpt lat="48.8169370" lon="2.2949850">
    <ele>71.9</ele>
    <time>2024-05-03T19:03:25Z</time>
   </trkpt>
   <trkpt lat="48.8168870" lon="2.2950110">
    <ele>72.0</ele>
    <time>2024-05-03T19:03:26Z</time>
   </trkpt>
   <trkpt lat="48.8168370" lon="2.2950370">
    <ele>72.1</ele>
    <time>2024-05-03T19:03:27Z</time>
   </trkpt>
   <trkpt lat="48.8167860" lon="2.2950670">
    <ele>72.1</ele>
    <time>2024-05-03T19:03:28Z</time>
   </trkpt>
   <trkpt lat="48.8167370" lon="2.2950960">
    <ele>72.2</ele>
    <time>2024-05-03T19:03:29Z</time>
   </trkpt>
   <trkpt lat="48.8166880" lon="2.2951280">
    <ele>72.3</ele>
    <time>2024-05-03T19:03:30Z</time>
   </trkpt>
   <trkpt lat="48.8166400" lon="2.2951590">
    <ele>72.3</ele>
    <time>2024-05-03T19:03:31Z</time>
   </trkpt>
   <trkpt lat="48.8165910" lon="2.2951900">
    <ele>72.4</ele>
    <time>2024-05-03T19:03:32Z</time>
   </trkpt>
   <trkpt lat="48.8165420" lon="2.2952230">
    <ele>72.4</ele>
    <time>2024-05-03T19:03:33Z</time>
   </trkpt>
   <trkpt lat="48.8164920" lon="2.2952560">
    <ele>72.5</ele>
    <time>2024-05-03T19:03:34Z</time>
   </trkpt>
   <trkpt lat="48.8164440" lon="2.2952920">
    <ele>72.6</ele>
    <time>2024-05-03T19:03:35Z</time>
   </trkpt>
   <trkpt lat="48.8163940" lon="2.2953280">
    <ele>72.7</ele>
    <time>2024-05-03T19:03:36Z</time>
   </trkpt>
   <trkpt lat="48.8163440" lon="2.2953670">
    <ele>72.7</ele>
    <time>2024-05-03T19:03:37Z</time>
   </trkpt>
   <trkpt lat="48.8162970" lon="2.2954090">
    <ele>72.8</ele>
    <time>2024-05-03T19:03:38Z</time>
   </trkpt>
   <trkpt lat="48.8162480" lon="2.2954520">
    <ele>72.9</ele>
    <time>2024-05-03T19:03:39Z</time>
   </trkpt>
   <trkpt lat="48.8162020" lon="2.2954910">
    <ele>72.9</ele>
    <time>2024-05-03T19:03:40Z</time>
   </trkpt>
   <trkpt lat="48.8161560" lon="2.2955330">
    <ele>73.0</ele>
    <time>2024-05-03T19:03:41Z</time>
   </trkpt>
   <trkpt lat="48.8161100" lon="2.2955780">
    <ele>73.1</ele>
    <time>2024-05-03T19:03:42Z</time>
   </trkpt>
   <trkpt lat="48.8160640" lon="2.2956190">
    <ele>73.1</ele>
    <time>2024-05-03T19:03:43Z</time>
   </trkpt>
   <trkpt lat="48.8160190" lon="2.2956620">
    <ele>73.2</ele>
    <time>2024-05-03T19:03:44Z</time>
   </trkpt>
   <trkpt lat="48.8159720" lon="2.2957020">
    <ele>73.3</ele>
    <time>2024-05-03T19:03:45Z</time>
   </trkpt>
   <trkpt lat="48.8159230" lon="2.2957460">
    <ele>73.3</ele>
    <time>2024-05-03T19:03:46Z</time>
   </trkpt>
   <trkpt lat="48.8158760" lon="2.2957930">
    <ele>73.3</ele>
    <time>2024-05-03T19:03:47Z</time>
   </trkpt>
   <trkpt lat="48.8158310" lon="2.2958430">
    <ele>73.3</ele>
    <time>2024-05-03T19:03:48Z</time>
   </trkpt>
   <trkpt lat="48.8157860" lon="2.2958970">
    <ele>73.4</ele>
    <time>2024-05-03T19:03:49Z</time>
   </trkpt>
   <trkpt lat="48.8157400" lon="2.2959470">
    <ele>73.4</ele>
    <time>2024-05-03T19:03:50Z</time>
   </trkpt>
   <trkpt lat="48.8156910" lon="2.2959980">
    <ele>73.5</ele>
    <time>2024-05-03T19:03:51Z</time>
   </trkpt>
   <trkpt lat="48.8156460" lon="2.2960500">
    <ele>73.5</ele>
    <time>2024-05-03T19:03:52Z</time>
   </trkpt>
   <trkpt lat="48.8156000" lon="2.2961030">
    <ele>73.6</ele>
    <time>2024-05-03T19:03:53Z</time>
   </trkpt>
   <trkpt lat="48.8155520" lon="2.2961530">
    <ele>73.7</ele>
    <time>2024-05-03T19:03:54Z</time>
   </trkpt>
   <trkpt lat="48.8155060" lon="2.2962030">
    <ele>73.8</ele>
    <time>2024-05-03T19:03:55Z</time>
   </trkpt>
   <trkpt lat="48.8154590" lon="2.2962550">
    <ele>73.8</ele>
    <time>2024-05-03T19:03:56Z</time>
   </trkpt>
   <trkpt lat="48.8154140" lon="2.2963040">
    <ele>73.9</ele>
    <time>2024-05-03T19:03:57Z</time>
   </trkpt>
   <trkpt lat="48.8153680" lon="2.2963560">
    <ele>74.0</ele>
    <time>2024-05-03T19:03:58Z</time>
   </trkpt>
   <trkpt lat="48.8153230" lon="2.2964060">
    <ele>74.0</ele>
    <time>2024-05-03T19:03:59Z</time>
   </trkpt>
   <trkpt lat="48.8152750" lon="2.2964570">
    <ele>74.1</ele>
    <time>2024-05-03T19:04:00Z</time>
   </trkpt>
   <trkpt lat="48.8152300" lon="2.2965080">
    <ele>74.2</ele>
    <time>2024-05-03T19:04:01Z</time>
   </trkpt>
   <trkpt lat="48.8151850" lon="2.2965580">
    <ele>74.3</ele>
    <time>2024-05-03T19:04:02Z</time>
   </trkpt>
   <trkpt lat="48.8151410" lon="2.2966110">
    <ele>74.3</ele>
    <time>2024-05-03T19:04:03Z</time>
   </trkpt>
   <trkpt lat="48.8150980" lon="2.2966640">
    <ele>74.4</ele>
    <time>2024-05-03T19:04:04Z</time>
   </trkpt>
   <trkpt lat="48.8150510" lon="2.2967120">
    <ele>74.5</ele>
    <time>2024-05-03T19:04:05Z</time>
   </trkpt>
   <trkpt lat="48.8150020" lon="2.2967540">
    <ele>74.5</ele>
    <time>2024-05-03T19:04:06Z</time>
   </trkpt>
   <trkpt lat="48.8149560" lon="2.2967980">
    <ele>74.6</ele>
    <time>2024-05-03T19:04:07Z</time>
   </trkpt>
   <trkpt lat="48.8149110" lon="2.2968400">
    <ele>74.7</ele>
    <time>2024-05-03T19:04:08Z</time>
   </trkpt>
   <trkpt lat="48.8148650" lon="2.2968750">
    <ele>74.8</ele>
    <time>2024-05-03T19:04:09Z</time>
   </trkpt>
   <trkpt lat="48.8148250" lon="2.2968920">
    <ele>74.8</ele>
    <time>2024-05-03T19:04:10Z</time>
   </trkpt>
   <trkpt lat="48.8148010" lon="2.2969250">
    <ele>74.8</ele>
    <time>2024-05-03T19:04:11Z</time>
   </trkpt>
   <trkpt lat="48.8147950" lon="2.2969330">
    <ele>74.8</ele>
    <time>2024-05-03T19:04:12Z</time>
   </trkpt>
   <trkpt lat="48.8147850" lon="2.2969380">
    <ele>74.8</ele>
    <time>2024-05-03T19:04:13Z</time>
   </trkpt>
   <trkpt lat="48.8147790" lon="2.2969390">
    <ele>74.8</ele>
    <time>2024-05-03T19:04:14Z</time>
   </trkpt>
   <trkpt lat="48.8147630" lon="2.2969450">
    <ele>74.8</ele>
    <time>2024-05-03T19:04:15Z</time>
   </trkpt>
   <trkpt lat="48.8147330" lon="2.2969890">
    <ele>74.8</ele>
    <time>2024-05-03T19:04:16Z</time>
   </trkpt>
   <trkpt lat="48.8147230" lon="2.2970070">
    <ele>74.8</ele>
    <time>2024-05-03T19:04:17Z</time>
   </trkpt>
   <trkpt lat="48.8147030" lon="2.2970540">
    <ele>74.9</ele>
    <time>2024-05-03T19:04:18Z</time>
   </trkpt>
   <trkpt lat="48.8146770" lon="2.2971030">
    <ele>74.9</ele>
    <time>2024-05-03T19:04:19Z</time>
   </trkpt>
   <trkpt lat="48.8146420" lon="2.2971340">
    <ele>75.0</ele>
    <time>2024-05-03T19:04:20Z</time>
   </trkpt>
   <trkpt lat="48.8146010" lon="2.2971600">
    <ele>75.0</ele>
    <time>2024-05-03T19:04:21Z</time>
   </trkpt>
   <trkpt lat="48.8145630" lon="2.2971970">
    <ele>75.1</ele>
    <time>2024-05-03T19:04:22Z</time>
   </trkpt>
   <trkpt lat="48.8145240" lon="2.2972380">
    <ele>75.2</ele>
    <time>2024-05-03T19:04:23Z</time>
   </trkpt>
   <trkpt lat="48.8144850" lon="2.2972810">
    <ele>75.2</ele>
    <time>2024-05-03T19:04:24Z</time>
   </trkpt>
   <trkpt lat="48.8144440" lon="2.2973250">
    <ele>75.3</ele>
    <time>2024-05-03T19:04:25Z</time>
   </trkpt>
   <trkpt lat="48.8144040" lon="2.2973730">
    <ele>75.3</ele>
    <time>2024-05-03T19:04:26Z</time>
   </trkpt>
   <trkpt lat="48.8143630" lon="2.2974200">
    <ele>75.4</ele>
    <time>2024-05-03T19:04:27Z</time>
   </trkpt>
   <trkpt lat="48.8143230" lon="2.2974710">
    <ele>75.5</ele>
    <time>2024-05-03T19:04:28Z</time>
   </trkpt>
   <trkpt lat="48.8142770" lon="2.2975110">
    <ele>75.5</ele>
    <time>2024-05-03T19:04:29Z</time>
   </trkpt>
   <trkpt lat="48.8142330" lon="2.2975570">
    <ele>75.6</ele>
    <time>2024-05-03T19:04:30Z</time>
   </trkpt>
   <trkpt lat="48.8141870" lon="2.2976010">
    <ele>75.7</ele>
    <time>2024-05-03T19:04:31Z</time>
   </trkpt>
   <trkpt lat="48.8141430" lon="2.2976480">
    <ele>75.8</ele>
    <time>2024-05-03T19:04:32Z</time>
   </trkpt>
   <trkpt lat="48.8141010" lon="2.2976960">
    <ele>75.9</ele>
    <time>2024-05-03T19:04:33Z</time>
   </trkpt>
   <trkpt lat="48.8140590" lon="2.2977420">
    <ele>75.9</ele>
    <time>2024-05-03T19:04:34Z</time>
   </trkpt>
   <trkpt lat="48.8140150" lon="2.2977880">
    <ele>76.0</ele>
    <time>2024-05-03T19:04:35Z</time>
   </trkpt>
   <trkpt lat="48.8139710" lon="2.2978330">
    <ele>76.1</ele>
    <time>2024-05-03T19:04:36Z</time>
   </trkpt>
   <trkpt lat="48.8139270" lon="2.2978770">
    <ele>76.2</ele>
    <time>2024-05-03T19:04:37Z</time>
   </trkpt>
   <trkpt lat="48.8138820" lon="2.2979210">
    <ele>76.3</ele>
    <time>2024-05-03T19:04:38Z</time>
   </trkpt>
   <trkpt lat="48.8138400" lon="2.2979670">
    <ele>76.4</ele>
    <time>2024-05-03T19:04:39Z</time>
   </trkpt>
   <trkpt lat="48.8137940" lon="2.2980110">
    <ele>76.5</ele>
    <time>2024-05-03T19:04:40Z</time>
   </trkpt>
   <trkpt lat="48.8137490" lon="2.2980550">
    <ele>76.6</ele>
    <time>2024-05-03T19:04:41Z</time>
   </trkpt>
   <trkpt lat="48.8137050" lon="2.2980990">
    <ele>76.7</ele>
    <time>2024-05-03T19:04:42Z</time>
   </trkpt>
   <trkpt lat="48.8136630" lon="2.2981440">
    <ele>76.9</ele>
    <time>2024-05-03T19:04:43Z</time>
   </trkpt>
   <trkpt lat="48.8136210" lon="2.2981870">
    <ele>77.0</ele>
    <time>2024-05-03T19:04:44Z</time>
   </trkpt>
   <trkpt lat="48.8135800" lon="2.2982320">
    <ele>77.1</ele>
    <time>2024-05-03T19:04:45Z</time>
   </trkpt>
   <trkpt lat="48.8135370" lon="2.2982740">
    <ele>77.3</ele>
    <time>2024-05-03T19:04:46Z</time>
   </trkpt>
   <trkpt lat="48.8134960" lon="2.2983160">
    <ele>77.4</ele>
    <time>2024-05-03T19:04:47Z</time>
   </trkpt>
   <trkpt lat="48.8134550" lon="2.2983570">
    <ele>77.6</ele>
    <time>2024-05-03T19:04:48Z</time>
   </trkpt>
   <trkpt lat="48.8134150" lon="2.2983990">
    <ele>77.7</ele>
    <time>2024-05-03T19:04:49Z</time>
   </trkpt>
   <trkpt lat="48.8133770" lon="2.2984400">
    <ele>77.8</ele>
    <time>2024-05-03T19:04:50Z</time>
   </trkpt>
   <trkpt lat="48.8133380" lon="2.2984850">
    <ele>78.0</ele>
    <time>2024-05-03T19:04:51Z</time>
   </trkpt>
   <trkpt lat="48.8132960" lon="2.2985250">
    <ele>78.2</ele>
    <time>2024-05-03T19:04:52Z</time>
   </trkpt>
   <trkpt lat="48.8132570" lon="2.2985630">
    <ele>78.3</ele>
    <time>2024-05-03T19:04:53Z</time>
   </trkpt>
   <trkpt lat="48.8132180" lon="2.2985990">
    <ele>78.4</ele>
    <time>2024-05-03T19:04:54Z</time>
   </trkpt>
   <trkpt lat="48.8131830" lon="2.2986320">
    <ele>78.5</ele>
    <time>2024-05-03T19:04:55Z</time>
   </trkpt>
   <trkpt lat="48.8131490" lon="2.2986590">
    <ele>78.6</ele>
    <time>2024-05-03T19:04:56Z</time>
   </trkpt>
   <trkpt lat="48.8131180" lon="2.2986780">
    <ele>78.7</ele>
    <time>2024-05-03T19:04:57Z</time>
   </trkpt>
   <trkpt lat="48.8130850" lon="2.2986930">
    <ele>78.8</ele>
    <time>2024-05-03T19:04:58Z</time>
   </trkpt>
   <trkpt lat="48.8130590" lon="2.2987280">
    <ele>78.9</ele>
    <time>2024-05-03T19:04:59Z</time>
   </trkpt>
   <trkpt lat="48.8130330" lon="2.2987620">
    <ele>78.9</ele>
    <time>2024-05-03T19:05:00Z</time>
   </trkpt>
   <trkpt lat="48.8130070" lon="2.2988010">
    <ele>79.0</ele>
    <time>2024-05-03T19:05:01Z</time>
   </trkpt>
   <trkpt lat="48.8129790" lon="2.2988470">
    <ele>79.1</ele>
    <time>2024-05-03T19:05:02Z</time>
   </trkpt>
   <trkpt lat="48.8129520" lon="2.2988990">
    <ele>79.2</ele>
    <time>2024-05-03T19:05:03Z</time>
   </trkpt>
   <trkpt lat="48.8129270" lon="2.2989550">
    <ele>79.3</ele>
    <time>2024-05-03T19:05:04Z</time>
   </trkpt>
   <trkpt lat="48.8128900" lon="2.2989870">
    <ele>79.4</ele>
    <time>2024-05-03T19:05:05Z</time>
   </trkpt>
   <trkpt lat="48.8128520" lon="2.2990200">
    <ele>79.5</ele>
    <time>2024-05-03T19:05:06Z</time>
   </trkpt>
   <trkpt lat="48.8128140" lon="2.2990580">
    <ele>79.6</ele>
    <time>2024-05-03T19:05:07Z</time>
   </trkpt>
   <trkpt lat="48.8127770" lon="2.2990990">
    <ele>79.7</ele>
    <time>2024-05-03T19:05:08Z</time>
   </trkpt>
   <trkpt lat="48.8127400" lon="2.2991360">
    <ele>79.7</ele>
    <time>2024-05-03T19:05:09Z</time>
   </trkpt>
   <trkpt lat="48.8127050" lon="2.2991730">
    <ele>79.8</ele>
    <time>2024-05-03T19:05:10Z</time>
   </trkpt>
   <trkpt lat="48.8126690" lon="2.2992120">
    <ele>79.9</ele>
    <time>2024-05-03T19:05:11Z</time>
   </trkpt>
   <trkpt lat="48.8126340" lon="2.2992510">
    <ele>79.9</ele>
    <time>2024-05-03T19:05:12Z</time>
   </trkpt>
   <trkpt lat="48.8125980" lon="2.2992920">
    <ele>80.0</ele>
    <time>2024-05-03T19:05:13Z</time>
   </trkpt>
   <trkpt lat="48.8125610" lon="2.2993370">
    <ele>80.0</ele>
    <time>2024-05-03T19:05:14Z</time>
   </trkpt>
   <trkpt lat="48.8125230" lon="2.2993810">
    <ele>80.0</ele>
    <time>2024-05-03T19:05:15Z</time>
   </trkpt>
   <trkpt lat="48.8124790" lon="2.2994180">
    <ele>80.1</ele>
    <time>2024-05-03T19:05:16Z</time>
   </trkpt>
   <trkpt lat="48.8124340" lon="2.2994550">
    <ele>80.1</ele>
    <time>2024-05-03T19:05:17Z</time>
   </trkpt>
   <trkpt lat="48.8123920" lon="2.2995010">
    <ele>80.1</ele>
    <time>2024-05-03T19:05:18Z</time>
   </trkpt>
   <trkpt lat="48.8123510" lon="2.2995510">
    <ele>80.1</ele>
    <time>2024-05-03T19:05:19Z</time>
   </trkpt>
   <trkpt lat="48.8123050" lon="2.2995930">
    <ele>80.0</ele>
    <time>2024-05-03T19:05:20Z</time>
   </trkpt>
   <trkpt lat="48.8122600" lon="2.2996350">
    <ele>80.0</ele>
    <time>2024-05-03T19:05:21Z</time>
   </trkpt>
   <trkpt lat="48.8122190" lon="2.2996790">
    <ele>79.9</ele>
    <time>2024-05-03T19:05:22Z</time>
   </trkpt>
   <trkpt lat="48.8121800" lon="2.2997270">
    <ele>79.9</ele>
    <time>2024-05-03T19:05:23Z</time>
   </trkpt>
   <trkpt lat="48.8121350" lon="2.2997630">
    <ele>79.9</ele>
    <time>2024-05-03T19:05:24Z</time>
   </trkpt>
   <trkpt lat="48.8120910" lon="2.2998000">
    <ele>79.8</ele>
    <time>2024-05-03T19:05:25Z</time>
   </trkpt>
   <trkpt lat="48.8120550" lon="2.2998530">
    <ele>79.8</ele>
    <time>2024-05-03T19:05:26Z</time>
   </trkpt>
   <trkpt lat="48.8120210" lon="2.2999020">
    <ele>79.7</ele>
    <time>2024-05-03T19:05:27Z</time>
   </trkpt>
   <trkpt lat="48.8119840" lon="2.2999480">
    <ele>79.7</ele>
    <time>2024-05-03T19:05:28Z</time>
   </trkpt>
   <trkpt lat="48.8119450" lon="2.2999900">
    <ele>79.6</ele>
    <time>2024-05-03T19:05:29Z</time>
   </trkpt>
   <trkpt lat="48.8119060" lon="2.3000300">
    <ele>79.6</ele>
    <time>2024-05-03T19:05:30Z</time>
   </trkpt>
   <trkpt lat="48.8118650" lon="2.3000660">
    <ele>79.6</ele>
    <time>2024-05-03T19:05:31Z</time>
   </trkpt>
   <trkpt lat="48.8118260" lon="2.3001020">
    <ele>79.6</ele>
    <time>2024-05-03T19:05:32Z</time>
   </trkpt>
   <trkpt lat="48.8117900" lon="2.3001360">
    <ele>79.7</ele>
    <time>2024-05-03T19:05:33Z</time>
   </trkpt>
   <trkpt lat="48.8117580" lon="2.3001640">
    <ele>79.7</ele>
    <time>2024-05-03T19:05:34Z</time>
   </trkpt>
   <trkpt lat="48.8117330" lon="2.3001910">
    <ele>79.7</ele>
    <time>2024-05-03T19:05:35Z</time>
   </trkpt>
   <trkpt lat="48.8117090" lon="2.3002180">
    <ele>79.7</ele>
    <time>2024-05-03T19:05:36Z</time>
   </trkpt>
   <trkpt lat="48.8117020" lon="2.3002270">
    <ele>79.7</ele>
    <time>2024-05-03T19:05:37Z</time>
   </trkpt>
   <trkpt lat="48.8116910" lon="2.3002360">
    <ele>79.7</ele>
    <time>2024-05-03T19:05:38Z</time>
   </trkpt>
   <trkpt lat="48.8116860" lon="2.3002440">
    <ele>79.8</ele>
    <time>2024-05-03T19:05:39Z</time>
   </trkpt>
   <trkpt lat="48.8116840" lon="2.3002440">
    <ele>79.8</ele>
    <time>2024-05-03T19:05:40Z</time>
   </trkpt>
   <trkpt lat="48.8116830" lon="2.3002430">
    <ele>79.8</ele>
    <time>2024-05-03T19:05:41Z</time>
   </trkpt>
   <trkpt lat="48.8116740" lon="2.3002470">
    <ele>79.8</ele>
    <time>2024-05-03T19:05:42Z</time>
   </trkpt>
   <trkpt lat="48.8116420" lon="2.3002780">
    <ele>79.8</ele>
    <time>2024-05-03T19:05:43Z</time>
   </trkpt>
   <trkpt lat="48.8116300" lon="2.3002910">
    <ele>79.8</ele>
    <time>2024-05-03T19:05:44Z</time>
   </trkpt>
   <trkpt lat="48.8116050" lon="2.3003160">
    <ele>79.8</ele>
    <time>2024-05-03T19:05:45Z</time>
   </trkpt>
   <trkpt lat="48.8115810" lon="2.3003400">
    <ele>79.8</ele>
    <time>2024-05-03T19:05:46Z</time>
   </trkpt>
   <trkpt lat="48.8115560" lon="2.3003650">
    <ele>79.8</ele>
    <time>2024-05-03T19:05:47Z</time>
   </trkpt>
   <trkpt lat="48.8115250" lon="2.3003930">
    <ele>79.8</ele>
    <time>2024-05-03T19:05:48Z</time>
   </trkpt>
   <trkpt lat="48.8114890" lon="2.3004110">
    <ele>79.9</ele>
    <time>2024-05-03T19:05:49Z</time>
   </trkpt>
   <trkpt lat="48.8114510" lon="2.3004160">
    <ele>80.0</ele>
    <time>2024-05-03T19:05:50Z</time>
   </trkpt>
   <trkpt lat="48.8114140" lon="2.3004120">
    <ele>80.1</ele>
    <time>2024-05-03T19:05:51Z</time>
   </trkpt>
   <trkpt lat="48.8113760" lon="2.3003960">
    <ele>80.2</ele>
    <time>2024-05-03T19:05:52Z</time>
   </trkpt>
   <trkpt lat="48.8113370" lon="2.3003690">
    <ele>80.3</ele>
    <time>2024-05-03T19:05:53Z</time>
   </trkpt>
   <trkpt lat="48.8113030" lon="2.3003320">
    <ele>80.4</ele>
    <time>2024-05-03T19:05:54Z</time>
   </trkpt>
   <trkpt lat="48.8112720" lon="2.3002920">
    <ele>80.5</ele>
    <time>2024-05-03T19:05:55Z</time>
   </trkpt>
   <trkpt lat="48.8112410" lon="2.3002500">
    <ele>80.6</ele>
    <time>2024-05-03T19:05:56Z</time>
   </trkpt>
   <trkpt lat="48.8112100" lon="2.3002090">
    <ele>80.7</ele>
    <time>2024-05-03T19:05:57Z</time>
   </trkpt>
   <trkpt lat="48.8111800" lon="2.3001700">
    <ele>80.8</ele>
    <time>2024-05-03T19:05:58Z</time>
   </trkpt>
   <trkpt lat="48.8111480" lon="2.3001320">
    <ele>80.9</ele>
    <time>2024-05-03T19:05:59Z</time>
   </trkpt>
   <trkpt lat="48.8111120" lon="2.3000990">
    <ele>81.0</ele>
    <time>2024-05-03T19:06:00Z</time>
   </trkpt>
   <trkpt lat="48.8110710" lon="2.3000780">
    <ele>81.2</ele>
    <time>2024-05-03T19:06:01Z</time>
   </trkpt>
   <trkpt lat="48.8110280" lon="2.3000840">
    <ele>81.3</ele>
    <time>2024-05-03T19:06:02Z</time>
   </trkpt>
   <trkpt lat="48.8109850" lon="2.3000930">
    <ele>81.5</ele>
    <time>2024-05-03T19:06:03Z</time>
   </trkpt>
   <trkpt lat="48.8109430" lon="2.3000930">
    <ele>81.7</ele>
    <time>2024-05-03T19:06:04Z</time>
   </trkpt>
   <trkpt lat="48.8109020" lon="2.3000930">
    <ele>81.8</ele>
    <time>2024-05-03T19:06:05Z</time>
   </trkpt>
   <trkpt lat="48.8108660" lon="2.3000730">
    <ele>82.0</ele>
    <time>2024-05-03T19:06:06Z</time>
   </trkpt>
   <trkpt lat="48.8108370" lon="2.3000420">
    <ele>82.1</ele>
    <time>2024-05-03T19:06:07Z</time>
   </trkpt>
   <trkpt lat="48.8108060" lon="2.3000090">
    <ele>82.2</ele>
    <time>2024-05-03T19:06:08Z</time>
   </trkpt>
   <trkpt lat="48.8107710" lon="2.2999700">
    <ele>82.2</ele>
    <time>2024-05-03T19:06:09Z</time>
   </trkpt>
   <trkpt lat="48.8107310" lon="2.2999380">
    <ele>82.3</ele>
    <time>2024-05-03T19:06:10Z</time>
   </trkpt>
   <trkpt lat="48.8106920" lon="2.2999090">
    <ele>82.3</ele>
    <time>2024-05-03T19:06:11Z</time>
   </trkpt>
   <trkpt lat="48.8106530" lon="2.2998840">
    <ele>82.4</ele>
    <time>2024-05-03T19:06:12Z</time>
   </trkpt>
   <trkpt lat="48.8106140" lon="2.2998650">
    <ele>82.4</ele>
    <time>2024-05-03T19:06:13Z</time>
   </trkpt>
   <trkpt lat="48.8105730" lon="2.2998630">
    <ele>82.4</ele>
    <time>2024-05-03T19:06:14Z</time>
   </trkpt>
   <trkpt lat="48.8105320" lon="2.2998820">
    <ele>82.5</ele>
    <time>2024-05-03T19:06:15Z</time>
   </trkpt>
   <trkpt lat="48.8104940" lon="2.2999150">
    <ele>82.5</ele>
    <time>2024-05-03T19:06:16Z</time>
   </trkpt>
   <trkpt lat="48.8104590" lon="2.2999650">
    <ele>82.6</ele>
    <time>2024-05-03T19:06:17Z</time>
   </trkpt>
   <trkpt lat="48.8104220" lon="2.3000130">
    <ele>82.7</ele>
    <time>2024-05-03T19:06:18Z</time>
   </trkpt>
   <trkpt lat="48.8103820" lon="2.3000550">
    <ele>82.8</ele>
    <time>2024-05-03T19:06:19Z</time>
   </trkpt>
   <trkpt lat="48.8103450" lon="2.3000980">
    <ele>82.8</ele>
    <time>2024-05-03T19:06:20Z</time>
   </trkpt>
   <trkpt lat="48.8103050" lon="2.3001350">
    <ele>82.9</ele>
    <time>2024-05-03T19:06:21Z</time>
   </trkpt>
   <trkpt lat="48.8102680" lon="2.3001730">
    <ele>83.0</ele>
    <time>2024-05-03T19:06:22Z</time>
   </trkpt>
   <trkpt lat="48.8102310" lon="2.3002130">
    <ele>83.1</ele>
    <time>2024-05-03T19:06:23Z</time>
   </trkpt>
   <trkpt lat="48.8101980" lon="2.3002550">
    <ele>83.2</ele>
    <time>2024-05-03T19:06:24Z</time>
   </trkpt>
   <trkpt lat="48.8101570" lon="2.3002500">
    <ele>83.2</ele>
    <time>2024-05-03T19:06:25Z</time>
   </trkpt>
   <trkpt lat="48.8101120" lon="2.3002530">
    <ele>83.3</ele>
    <time>2024-05-03T19:06:26Z</time>
   </trkpt>
   <trkpt lat="48.8100550" lon="2.3002680">
    <ele>83.5</ele>
    <time>2024-05-03T19:06:27Z</time>
   </trkpt>
   <trkpt lat="48.8100010" lon="2.3002620">
    <ele>83.6</ele>
    <time>2024-05-03T19:06:28Z</time>
   </trkpt>
   <trkpt lat="48.8099520" lon="2.3002370">
    <ele>83.8</ele>
    <time>2024-05-03T19:06:29Z</time>
   </trkpt>
   <trkpt lat="48.8099060" lon="2.3002070">
    <ele>83.9</ele>
    <time>2024-05-03T19:06:30Z</time>
   </trkpt>
   <trkpt lat="48.8098630" lon="2.3001780">
    <ele>84.1</ele>
    <time>2024-05-03T19:06:31Z</time>
   </trkpt>
   <trkpt lat="48.8098220" lon="2.3001480">
    <ele>84.2</ele>
    <time>2024-05-03T19:06:32Z</time>
   </trkpt>
   <trkpt lat="48.8097810" lon="2.3001240">
    <ele>84.3</ele>
    <time>2024-05-03T19:06:33Z</time>
   </trkpt>
   <trkpt lat="48.8097450" lon="2.3001150">
    <ele>84.4</ele>
    <time>2024-05-03T19:06:34Z</time>
   </trkpt>
   <trkpt lat="48.8097230" lon="2.3000750">
    <ele>84.5</ele>
    <time>2024-05-03T19:06:35Z</time>
   </trkpt>
   <trkpt lat="48.8096890" lon="2.3000560">
    <ele>84.6</ele>
    <time>2024-05-03T19:06:36Z</time>
   </trkpt>
   <trkpt lat="48.8096500" lon="2.3000520">
    <ele>84.7</ele>
    <time>2024-05-03T19:06:37Z</time>
   </trkpt>
   <trkpt lat="48.8096120" lon="2.3000390">
    <ele>84.8</ele>
    <time>2024-05-03T19:06:38Z</time>
   </trkpt>
   <trkpt lat="48.8095740" lon="2.3000260">
    <ele>84.9</ele>
    <time>2024-05-03T19:06:39Z</time>
   </trkpt>
   <trkpt lat="48.8095360" lon="2.3000170">
    <ele>85.0</ele>
    <time>2024-05-03T19:06:40Z</time>
   </trkpt>
   <trkpt lat="48.8095010" lon="2.3000130">
    <ele>85.1</ele>
    <time>2024-05-03T19:06:41Z</time>
   </trkpt>
   <trkpt lat="48.8094640" lon="2.3000120">
    <ele>85.2</ele>
    <time>2024-05-03T19:06:42Z</time>
   </trkpt>
   <trkpt lat="48.8094240" lon="2.3000110">
    <ele>85.3</ele>
    <time>2024-05-03T19:06:43Z</time>
   </trkpt>
   <trkpt lat="48.8093830" lon="2.3000080">
    <ele>85.4</ele>
    <time>2024-05-03T19:06:44Z</time>
   </trkpt>
   <trkpt lat="48.8093420" lon="2.3000010">
    <ele>85.5</ele>
    <time>2024-05-03T19:06:45Z</time>
   </trkpt>
   <trkpt lat="48.8093010" lon="2.2999870">
    <ele>85.6</ele>
    <time>2024-05-03T19:06:46Z</time>
   </trkpt>
   <trkpt lat="48.8092580" lon="2.2999730">
    <ele>85.7</ele>
    <time>2024-05-03T19:06:47Z</time>
   </trkpt>
   <trkpt lat="48.8092150" lon="2.2999590">
    <ele>85.8</ele>
    <time>2024-05-03T19:06:48Z</time>
   </trkpt>
   <trkpt lat="48.8091720" lon="2.2999410">
    <ele>85.8</ele>
    <time>2024-05-03T19:06:49Z</time>
   </trkpt>
   <trkpt lat="48.8091290" lon="2.2998590">
    <ele>85.9</ele>
    <time>2024-05-03T19:06:50Z</time>
   </trkpt>
   <trkpt lat="48.8090860" lon="2.2998230">
    <ele>86.0</ele>
    <time>2024-05-03T19:06:51Z</time>
   </trkpt>
   <trkpt lat="48.8090440" lon="2.2997920">
    <ele>86.1</ele>
    <time>2024-05-03T19:06:52Z</time>
   </trkpt>
   <trkpt lat="48.8090010" lon="2.2997660">
    <ele>86.2</ele>
    <time>2024-05-03T19:06:53Z</time>
   </trkpt>
   <trkpt lat="48.8089590" lon="2.2997450">
    <ele>86.3</ele>
    <time>2024-05-03T19:06:54Z</time>
   </trkpt>
   <trkpt lat="48.8089180" lon="2.2997240">
    <ele>86.4</ele>
    <time>2024-05-03T19:06:55Z</time>
   </trkpt>
   <trkpt lat="48.8088770" lon="2.2996960">
    <ele>86.5</ele>
    <time>2024-05-03T19:06:56Z</time>
   </trkpt>
   <trkpt lat="48.8088360" lon="2.2996680">
    <ele>86.6</ele>
    <time>2024-05-03T19:06:57Z</time>
   </trkpt>
   <trkpt lat="48.8087930" lon="2.2996470">
    <ele>86.7</ele>
    <time>2024-05-03T19:06:58Z</time>
   </trkpt>
   <trkpt lat="48.8087540" lon="2.2996170">
    <ele>86.8</ele>
    <time>2024-05-03T19:06:59Z</time>
   </trkpt>
   <trkpt lat="48.8087140" lon="2.2995860">
    <ele>86.9</ele>
    <time>2024-05-03T19:07:00Z</time>
   </trkpt>
   <trkpt lat="48.8086710" lon="2.2995640">
    <ele>87.0</ele>
    <time>2024-05-03T19:07:01Z</time>
   </trkpt>
   <trkpt lat="48.8086270" lon="2.2995450">
    <ele>87.2</ele>
    <time>2024-05-03T19:07:02Z</time>
   </trkpt>
   <trkpt lat="48.8085790" lon="2.2995290">
    <ele>87.3</ele>
    <time>2024-05-03T19:07:03Z</time>
   </trkpt>
   <trkpt lat="48.8085330" lon="2.2995270">
    <ele>87.5</ele>
    <time>2024-05-03T19:07:04Z</time>
   </trkpt>
   <trkpt lat="48.8084850" lon="2.2995320">
    <ele>87.7</ele>
    <time>2024-05-03T19:07:05Z</time>
   </trkpt>
   <trkpt lat="48.8084410" lon="2.2995310">
    <ele>87.8</ele>
    <time>2024-05-03T19:07:06Z</time>
   </trkpt>
   <trkpt lat="48.8083960" lon="2.2995240">
    <ele>88.0</ele>
    <time>2024-05-03T19:07:07Z</time>
   </trkpt>
   <trkpt lat="48.8083540" lon="2.2995090">
    <ele>88.2</ele>
    <time>2024-05-03T19:07:08Z</time>
   </trkpt>
   <trkpt lat="48.8083130" lon="2.2994850">
    <ele>88.3</ele>
    <time>2024-05-03T19:07:09Z</time>
   </trkpt>
   <trkpt lat="48.8082740" lon="2.2994590">
    <ele>88.5</ele>
    <time>2024-05-03T19:07:10Z</time>
   </trkpt>
   <trkpt lat="48.8082370" lon="2.2994280">
    <ele>88.6</ele>
    <time>2024-05-03T19:07:11Z</time>
   </trkpt>
   <trkpt lat="48.8082040" lon="2.2993980">
    <ele>88.7</ele>
    <time>2024-05-03T19:07:12Z</time>
   </trkpt>
   <trkpt lat="48.8081690" lon="2.2993620">
    <ele>88.8</ele>
    <time>2024-05-03T19:07:13Z</time>
   </trkpt>
   <trkpt lat="48.8081350" lon="2.2993270">
    <ele>89.0</ele>
    <time>2024-05-03T19:07:14Z</time>
   </trkpt>
   <trkpt lat="48.8081030" lon="2.2992900">
    <ele>89.1</ele>
    <time>2024-05-03T19:07:15Z</time>
   </trkpt>
   <trkpt lat="48.8080720" lon="2.2992500">
    <ele>89.2</ele>
    <time>2024-05-03T19:07:16Z</time>
   </trkpt>
   <trkpt lat="48.8080410" lon="2.2992100">
    <ele>89.3</ele>
    <time>2024-05-03T19:07:17Z</time>
   </trkpt>
   <trkpt lat="48.8080090" lon="2.2991690">
    <ele>89.4</ele>
    <time>2024-05-03T19:07:18Z</time>
   </trkpt>
   <trkpt lat="48.8079760" lon="2.2991270">
    <ele>89.5</ele>
    <time>2024-05-03T19:07:19Z</time>
   </trkpt>
   <trkpt lat="48.8079450" lon="2.2990840">
    <ele>89.5</ele>
    <time>2024-05-03T19:07:20Z</time>
   </trkpt>
   <trkpt lat="48.8079140" lon="2.2990400">
    <ele>89.6</ele>
    <time>2024-05-03T19:07:21Z</time>
   </trkpt>
   <trkpt lat="48.8078820" lon="2.2989950">
    <ele>89.7</ele>
    <time>2024-05-03T19:07:22Z</time>
   </trkpt>
   <trkpt lat="48.8078500" lon="2.2989510">
    <ele>89.8</ele>
    <time>2024-05-03T19:07:23Z</time>
   </trkpt>
   <trkpt lat="48.8078180" lon="2.2989070">
    <ele>89.9</ele>
    <time>2024-05-03T19:07:24Z</time>
   </trkpt>
   <trkpt lat="48.8077850" lon="2.2988630">
    <ele>90.0</ele>
    <time>2024-05-03T19:07:25Z</time>
   </trkpt>
   <trkpt lat="48.8077510" lon="2.2988190">
    <ele>90.0</ele>
    <time>2024-05-03T19:07:26Z</time>
   </trkpt>
   <trkpt lat="48.8077170" lon="2.2987770">
    <ele>90.1</ele>
    <time>2024-05-03T19:07:27Z</time>
   </trkpt>
   <trkpt lat="48.8076820" lon="2.2987370">
    <ele>90.2</ele>
    <time>2024-05-03T19:07:28Z</time>
   </trkpt>
   <trkpt lat="48.8076460" lon="2.2986990">
    <ele>90.3</ele>
    <time>2024-05-03T19:07:29Z</time>
   </trkpt>
   <trkpt lat="48.8076120" lon="2.2986570">
    <ele>90.3</ele>
    <time>2024-05-03T19:07:30Z</time>
   </trkpt>
   <trkpt lat="48.8075800" lon="2.2986120">
    <ele>90.3</ele>
    <time>2024-05-03T19:07:31Z</time>
   </trkpt>
   <trkpt lat="48.8075540" lon="2.2985610">
    <ele>90.4</ele>
    <time>2024-05-03T19:07:32Z</time>
   </trkpt>
   <trkpt lat="48.8075380" lon="2.2985050">
    <ele>90.4</ele>
    <time>2024-05-03T19:07:33Z</time>
   </trkpt>
   <trkpt lat="48.8075290" lon="2.2984490">
    <ele>90.4</ele>
    <time>2024-05-03T19:07:34Z</time>
   </trkpt>
   <trkpt lat="48.8075290" lon="2.2983950">
    <ele>90.4</ele>
    <time>2024-05-03T19:07:35Z</time>
   </trkpt>
   <trkpt lat="48.8075370" lon="2.2983450">
    <ele>90.5</ele>
    <time>2024-05-03T19:07:36Z</time>
   </trkpt>
   <trkpt lat="48.8075400" lon="2.2983340">
    <ele>90.5</ele>
    <time>2024-05-03T19:07:37Z</time>
   </trkpt>
   <trkpt lat="48.8075380" lon="2.2983160">
    <ele>90.5</ele>
    <time>2024-05-03T19:07:38Z</time>
   </trkpt>
   <trkpt lat="48.8075340" lon="2.2983030">
    <ele>90.5</ele>
    <time>2024-05-03T19:07:39Z</time>
   </trkpt>
   <trkpt lat="48.8075330" lon="2.2982890">
    <ele>90.5</ele>
    <time>2024-05-03T19:07:40Z</time>
   </trkpt>
   <trkpt lat="48.8075330" lon="2.2982440">
    <ele>90.5</ele>
    <time>2024-05-03T19:07:41Z</time>
   </trkpt>
   <trkpt lat="48.8075330" lon="2.2982250">
    <ele>90.6</ele>
    <time>2024-05-03T19:07:42Z</time>
   </trkpt>
   <trkpt lat="48.8075270" lon="2.2981790">
    <ele>90.6</ele>
    <time>2024-05-03T19:07:43Z</time>
   </trkpt>
   <trkpt lat="48.8075130" lon="2.2981310">
    <ele>90.6</ele>
    <time>2024-05-03T19:07:44Z</time>
   </trkpt>
   <trkpt lat="48.8074940" lon="2.2980870">
    <ele>90.7</ele>
    <time>2024-05-03T19:07:45Z</time>
   </trkpt>
   <trkpt lat="48.8074730" lon="2.2980460">
    <ele>90.8</ele>
    <time>2024-05-03T19:07:46Z</time>
   </trkpt>
   <trkpt lat="48.8074480" lon="2.2980070">
    <ele>90.9</ele>
    <time>2024-05-03T19:07:47Z</time>
   </trkpt>
   <trkpt lat="48.8074150" lon="2.2979790">
    <ele>91.0</ele>
    <time>2024-05-03T19:07:48Z</time>
   </trkpt>
   <trkpt lat="48.8073800" lon="2.2979690">
    <ele>91.1</ele>
    <time>2024-05-03T19:07:49Z</time>
   </trkpt>
   <trkpt lat="48.8073420" lon="2.2979660">
    <ele>91.2</ele>
    <time>2024-05-03T19:07:50Z</time>
   </trkpt>
   <trkpt lat="48.8073020" lon="2.2979530">
    <ele>91.3</ele>
    <time>2024-05-03T19:07:51Z</time>
   </trkpt>
   <trkpt lat="48.8072700" lon="2.2979280">
    <ele>91.4</ele>
    <time>2024-05-03T19:07:52Z</time>
   </trkpt>
   <trkpt lat="48.8072410" lon="2.2978940">
    <ele>91.5</ele>
    <time>2024-05-03T19:07:53Z</time>
   </trkpt>
   <trkpt lat="48.8072140" lon="2.2978590">
    <ele>91.6</ele>
    <time>2024-05-03T19:07:54Z</time>
   </trkpt>
   <trkpt lat="48.8071870" lon="2.2978210">
    <ele>91.7</ele>
    <time>2024-05-03T19:07:55Z</time>
   </trkpt>
   <trkpt lat="48.8071590" lon="2.2977820">
    <ele>91.9</ele>
    <time>2024-05-03T19:07:56Z</time>
   </trkpt>
   <trkpt lat="48.8071310" lon="2.2977420">
    <ele>92.0</ele>
    <time>2024-05-03T19:07:57Z</time>
   </trkpt>
   <trkpt lat="48.8071040" lon="2.2977070">
    <ele>92.2</ele>
    <time>2024-05-03T19:07:58Z</time>
   </trkpt>
   <trkpt lat="48.8070760" lon="2.2976710">
    <ele>92.3</ele>
    <time>2024-05-03T19:07:59Z</time>
   </trkpt>
   <trkpt lat="48.8070490" lon="2.2976320">
    <ele>92.5</ele>
    <time>2024-05-03T19:08:00Z</time>
   </trkpt>
   <trkpt lat="48.8070230" lon="2.2975930">
    <ele>92.6</ele>
    <time>2024-05-03T19:08:01Z</time>
   </trkpt>
   <trkpt lat="48.8070000" lon="2.2975540">
    <ele>92.7</ele>
    <time>2024-05-03T19:08:02Z</time>
   </trkpt>
   <trkpt lat="48.8069780" lon="2.2975100">
    <ele>92.8</ele>
    <time>2024-05-03T19:08:03Z</time>
   </trkpt>
   <trkpt lat="48.8069570" lon="2.2974660">
    <ele>92.9</ele>
    <time>2024-05-03T19:08:04Z</time>
   </trkpt>
   <trkpt lat="48.8069370" lon="2.2974190">
    <ele>93.0</ele>
    <time>2024-05-03T19:08:05Z</time>
   </trkpt>
   <trkpt lat="48.8069110" lon="2.2973800">
    <ele>93.2</ele>
    <time>2024-05-03T19:08:06Z</time>
   </trkpt>
   <trkpt lat="48.8068810" lon="2.2973460">
    <ele>93.3</ele>
    <time>2024-05-03T19:08:07Z</time>
   </trkpt>
   <trkpt lat="48.8068510" lon="2.2973110">
    <ele>93.5</ele>
    <time>2024-05-03T19:08:08Z</time>
   </trkpt>
   <trkpt lat="48.8068190" lon="2.2972800">
    <ele>93.6</ele>
    <time>2024-05-03T19:08:09Z</time>
   </trkpt>
   <trkpt lat="48.8067870" lon="2.2972490">
    <ele>93.8</ele>
    <time>2024-05-03T19:08:10Z</time>
   </trkpt>
   <trkpt lat="48.8067570" lon="2.2972130">
    <ele>93.9</ele>
    <time>2024-05-03T19:08:11Z</time>
   </trkpt>
   <trkpt lat="48.8067280" lon="2.2971770">
    <ele>94.1</ele>
    <time>2024-05-03T19:08:12Z</time>
   </trkpt>
   <trkpt lat="48.8066970" lon="2.2971420">
    <ele>94.2</ele>
    <time>2024-05-03T19:08:13Z</time>
   </trkpt>
   <trkpt lat="48.8066640" lon="2.2971100">
    <ele>94.3</ele>
    <time>2024-05-03T19:08:14Z</time>
   </trkpt>
   <trkpt lat="48.8066310" lon="2.2970790">
    <ele>94.5</ele>
    <time>2024-05-03T19:08:15Z</time>
   </trkpt>
   <trkpt lat="48.8065980" lon="2.2970480">
    <ele>94.6</ele>
    <time>2024-05-03T19:08:16Z</time>
   </trkpt>
   <trkpt lat="48.8065650" lon="2.2970170">
    <ele>94.7</ele>
    <time>2024-05-03T19:08:17Z</time>
   </trkpt>
   <trkpt lat="48.8065320" lon="2.2969840">
    <ele>94.8</ele>
    <time>2024-05-03T19:08:18Z</time>
   </trkpt>
   <trkpt lat="48.8065010" lon="2.2969510">
    <ele>94.9</ele>
    <time>2024-05-03T19:08:19Z</time>
   </trkpt>
   <trkpt lat="48.8064680" lon="2.2969200">
    <ele>95.0</ele>
    <time>2024-05-03T19:08:20Z</time>
   </trkpt>
   <trkpt lat="48.8064360" lon="2.2968870">
    <ele>95.0</ele>
    <time>2024-05-03T19:08:21Z</time>
   </trkpt>
   <trkpt lat="48.8064050" lon="2.2968520">
    <ele>95.0</ele>
    <time>2024-05-03T19:08:22Z</time>
   </trkpt>
   <trkpt lat="48.8063730" lon="2.2968180">
    <ele>95.1</ele>
    <time>2024-05-03T19:08:23Z</time>
   </trkpt>
   <trkpt lat="48.8063410" lon="2.2967840">
    <ele>95.1</ele>
    <time>2024-05-03T19:08:24Z</time>
   </trkpt>
   <trkpt lat="48.8063080" lon="2.2967530">
    <ele>95.1</ele>
    <time>2024-05-03T19:08:25Z</time>
   </trkpt>
   <trkpt lat="48.8062730" lon="2.2967170">
    <ele>95.1</ele>
    <time>2024-05-03T19:08:26Z</time>
   </trkpt>
   <trkpt lat="48.8062380" lon="2.2966720">
    <ele>95.1</ele>
    <time>2024-05-03T19:08:27Z</time>
   </trkpt>
   <trkpt lat="48.8062020" lon="2.2966270">
    <ele>95.1</ele>
    <time>2024-05-03T19:08:28Z</time>
   </trkpt>
   <trkpt lat="48.8061620" lon="2.2965870">
    <ele>95.1</ele>
    <time>2024-05-03T19:08:29Z</time>
   </trkpt>
   <trkpt lat="48.8061230" lon="2.2965450">
    <ele>95.1</ele>
    <time>2024-05-03T19:08:30Z</time>
   </trkpt>
   <trkpt lat="48.8060810" lon="2.2964990">
    <ele>95.1</ele>
    <time>2024-05-03T19:08:31Z</time>
   </trkpt>
   <trkpt lat="48.8060390" lon="2.2964540">
    <ele>95.1</ele>
    <time>2024-05-03T19:08:32Z</time>
   </trkpt>
   <trkpt lat="48.8059960" lon="2.2964070">
    <ele>95.1</ele>
    <time>2024-05-03T19:08:33Z</time>
   </trkpt>
   <trkpt lat="48.8059510" lon="2.2963570">
    <ele>95.1</ele>
    <time>2024-05-03T19:08:34Z</time>
   </trkpt>
   <trkpt lat="48.8059070" lon="2.2963080">
    <ele>95.0</ele>
    <time>2024-05-03T19:08:35Z</time>
   </trkpt>
   <trkpt lat="48.8058650" lon="2.2962540">
    <ele>95.0</ele>
    <time>2024-05-03T19:08:36Z</time>
   </trkpt>
   <trkpt lat="48.8058240" lon="2.2962040">
    <ele>95.0</ele>
    <time>2024-05-03T19:08:37Z</time>
   </trkpt>
   <trkpt lat="48.8057860" lon="2.2961530">
    <ele>95.0</ele>
    <time>2024-05-03T19:08:38Z</time>
   </trkpt>
   <trkpt lat="48.8057460" lon="2.2961050">
    <ele>95.0</ele>
    <time>2024-05-03T19:08:39Z</time>
   </trkpt>
   <trkpt lat="48.8057040" lon="2.2960610">
    <ele>95.0</ele>
    <time>2024-05-03T19:08:40Z</time>
   </trkpt>
   <trkpt lat="48.8056640" lon="2.2960100">
    <ele>95.1</ele>
    <time>2024-05-03T19:08:41Z</time>
   </trkpt>
   <trkpt lat="48.8056260" lon="2.2959590">
    <ele>95.1</ele>
    <time>2024-05-03T19:08:42Z</time>
   </trkpt>
   <trkpt lat="48.8055910" lon="2.2959100">
    <ele>95.2</ele>
    <time>2024-05-03T19:08:43Z</time>
   </trkpt>
   <trkpt lat="48.8055610" lon="2.2958610">
    <ele>95.3</ele>
    <time>2024-05-03T19:08:44Z</time>
   </trkpt>
   <trkpt lat="48.8055300" lon="2.2958140">
    <ele>95.4</ele>
    <time>2024-05-03T19:08:45Z</time>
   </trkpt>
   <trkpt lat="48.8055040" lon="2.2957730">
    <ele>95.4</ele>
    <time>2024-05-03T19:08:46Z</time>
   </trkpt>
   <trkpt lat="48.8054760" lon="2.2957430">
    <ele>95.5</ele>
    <time>2024-05-03T19:08:47Z</time>
   </trkpt>
   <trkpt lat="48.8054490" lon="2.2957150">
    <ele>95.5</ele>
    <time>2024-05-03T19:08:48Z</time>
   </trkpt>
   <trkpt lat="48.8054410" lon="2.2957090">
    <ele>95.5</ele>
    <time>2024-05-03T19:08:49Z</time>
   </trkpt>
   <trkpt lat="48.8054190" lon="2.2956770">
    <ele>95.5</ele>
    <time>2024-05-03T19:08:50Z</time>
   </trkpt>
   <trkpt lat="48.8054100" lon="2.2956670">
    <ele>95.5</ele>
    <time>2024-05-03T19:08:51Z</time>
   </trkpt>
   <trkpt lat="48.8053770" lon="2.2956460">
    <ele>95.5</ele>
    <time>2024-05-03T19:08:52Z</time>
   </trkpt>
   <trkpt lat="48.8053680" lon="2.2956390">
    <ele>95.5</ele>
    <time>2024-05-03T19:08:53Z</time>
   </trkpt>
   <trkpt lat="48.8053520" lon="2.2956060">
    <ele>95.5</ele>
    <time>2024-05-03T19:08:54Z</time>
   </trkpt>
   <trkpt lat="48.8053460" lon="2.2955940">
    <ele>95.5</ele>
    <time>2024-05-03T19:08:55Z</time>
   </trkpt>
   <trkpt lat="48.8053180" lon="2.2955580">
    <ele>95.5</ele>
    <time>2024-05-03T19:08:56Z</time>
   </trkpt>
   <trkpt lat="48.8052790" lon="2.2955060">
    <ele>95.5</ele>
    <time>2024-05-03T19:08:57Z</time>
   </trkpt>
   <trkpt lat="48.8052440" lon="2.2954560">
    <ele>95.5</ele>
    <time>2024-05-03T19:08:58Z</time>
   </trkpt>
   <trkpt lat="48.8052080" lon="2.2954060">
    <ele>95.4</ele>
    <time>2024-05-03T19:08:59Z</time>
   </trkpt>
   <trkpt lat="48.8051680" lon="2.2953550">
    <ele>95.5</ele>
    <time>2024-05-03T19:09:00Z</time>
   </trkpt>
   <trkpt lat="48.8051290" lon="2.2953040">
    <ele>95.5</ele>
    <time>2024-05-03T19:09:01Z</time>
   </trkpt>
   <trkpt lat="48.8050830" lon="2.2952570">
    <ele>95.6</ele>
    <time>2024-05-03T19:09:02Z</time>
   </trkpt>
   <trkpt lat="48.8050390" lon="2.2952160">
    <ele>95.8</ele>
    <time>2024-05-03T19:09:03Z</time>
   </trkpt>
   <trkpt lat="48.8049990" lon="2.2951710">
    <ele>95.9</ele>
    <time>2024-05-03T19:09:04Z</time>
   </trkpt>
   <trkpt lat="48.8049620" lon="2.2951290">
    <ele>96.1</ele>
    <time>2024-05-03T19:09:05Z</time>
   </trkpt>
   <trkpt lat="48.8049240" lon="2.2950930">
    <ele>96.3</ele>
    <time>2024-05-03T19:09:06Z</time>
   </trkpt>
   <trkpt lat="48.8048870" lon="2.2950590">
    <ele>96.4</ele>
    <time>2024-05-03T19:09:07Z</time>
   </trkpt>
   <trkpt lat="48.8048510" lon="2.2950210">
    <ele>96.6</ele>
    <time>2024-05-03T19:09:08Z</time>
   </trkpt>
   <trkpt lat="48.8048180" lon="2.2949790">
    <ele>96.8</ele>
    <time>2024-05-03T19:09:09Z</time>
   </trkpt>
   <trkpt lat="48.8047790" lon="2.2949480">
    <ele>97.0</ele>
    <time>2024-05-03T19:09:10Z</time>
   </trkpt>
   <trkpt lat="48.8047390" lon="2.2949330">
    <ele>97.2</ele>
    <time>2024-05-03T19:09:11Z</time>
   </trkpt>
   <trkpt lat="48.8046980" lon="2.2949270">
    <ele>97.4</ele>
    <time>2024-05-03T19:09:12Z</time>
   </trkpt>
   <trkpt lat="48.8046580" lon="2.2949300">
    <ele>97.5</ele>
    <time>2024-05-03T19:09:13Z</time>
   </trkpt>
   <trkpt lat="48.8046190" lon="2.2949400">
    <ele>97.7</ele>
    <time>2024-05-03T19:09:14Z</time>
   </trkpt>
   <trkpt lat="48.8045810" lon="2.2949540">
    <ele>97.9</ele>
    <time>2024-05-03T19:09:15Z</time>
   </trkpt>
   <trkpt lat="48.8045440" lon="2.2949710">
    <ele>98.0</ele>
    <time>2024-05-03T19:09:16Z</time>
   </trkpt>
   <trkpt lat="48.8045100" lon="2.2949920">
    <ele>98.2</ele>
    <time>2024-05-03T19:09:17Z</time>
   </trkpt>
   <trkpt lat="48.8044780" lon="2.2950160">
    <ele>98.3</ele>
    <time>2024-05-03T19:09:18Z</time>
   </trkpt>
   <trkpt lat="48.8044480" lon="2.2950400">
    <ele>98.5</ele>
    <time>2024-05-03T19:09:19Z</time>
   </trkpt>
   <trkpt lat="48.8044190" lon="2.2950550">
    <ele>98.6</ele>
    <time>2024-05-03T19:09:20Z</time>
   </trkpt>
   <trkpt lat="48.8043920" lon="2.2950870">
    <ele>98.7</ele>
    <time>2024-05-03T19:09:21Z</time>
   </trkpt>
   <trkpt lat="48.8043880" lon="2.2951030">
    <ele>98.7</ele>
    <time>2024-05-03T19:09:22Z</time>
   </trkpt>
   <trkpt lat="48.8043790" lon="2.2951530">
    <ele>98.9</ele>
    <time>2024-05-03T19:09:23Z</time>
   </trkpt>
   <trkpt lat="48.8043710" lon="2.2951670">
    <ele>99.0</ele>
    <time>2024-05-03T19:09:24Z</time>
   </trkpt>
   <trkpt lat="48.8043360" lon="2.2951950">
    <ele>99.1</ele>
    <time>2024-05-03T19:09:25Z</time>
   </trkpt>
   <trkpt lat="48.8043210" lon="2.2952000">
    <ele>99.1</ele>
    <time>2024-05-03T19:09:26Z</time>
   </trkpt>
   <trkpt lat="48.8042900" lon="2.2952110">
    <ele>99.2</ele>
    <time>2024-05-03T19:09:27Z</time>
   </trkpt>
   <trkpt lat="48.8042610" lon="2.2952290">
    <ele>99.3</ele>
    <time>2024-05-03T19:09:28Z</time>
   </trkpt>
   <trkpt lat="48.8042320" lon="2.2952430">
    <ele>99.4</ele>
    <time>2024-05-03T19:09:29Z</time>
   </trkpt>
   <trkpt lat="48.8041980" lon="2.2952340">
    <ele>99.5</ele>
    <time>2024-05-03T19:09:30Z</time>
   </trkpt>
   <trkpt lat="48.8041700" lon="2.2951930">
    <ele>99.6</ele>
    <time>2024-05-03T19:09:31Z</time>
   </trkpt>
   <trkpt lat="48.8041540" lon="2.2951370">
    <ele>99.7</ele>
    <time>2024-05-03T19:09:32Z</time>
   </trkpt>
   <trkpt lat="48.8041400" lon="2.2950810">
    <ele>99.8</ele>
    <time>2024-05-03T19:09:33Z</time>
   </trkpt>
   <trkpt lat="48.8041210" lon="2.2950270">
    <ele>99.8</ele>
    <time>2024-05-03T19:09:34Z</time>
   </trkpt>
   <trkpt lat="48.8040990" lon="2.2949770">
    <ele>99.9</ele>
    <time>2024-05-03T19:09:35Z</time>
   </trkpt>
   <trkpt lat="48.8040750" lon="2.2949270">
    <ele>100.0</ele>
    <time>2024-05-03T19:09:36Z</time>
   </trkpt>
   <trkpt lat="48.8040510" lon="2.2948730">
    <ele>100.1</ele>
    <time>2024-05-03T19:09:37Z</time>
   </trkpt>
   <trkpt lat="48.8040260" lon="2.2948220">
    <ele>100.3</ele>
    <time>2024-05-03T19:09:38Z</time>
   </trkpt>
   <trkpt lat="48.8039980" lon="2.2947750">
    <ele>100.4</ele>
    <time>2024-05-03T19:09:39Z</time>
   </trkpt>
   <trkpt lat="48.8039670" lon="2.2947340">
    <ele>100.5</ele>
    <time>2024-05-03T19:09:40Z</time>
   </trkpt>
   <trkpt lat="48.8039320" lon="2.2947020">
    <ele>100.6</ele>
    <time>2024-05-03T19:09:41Z</time>
   </trkpt>
   <trkpt lat="48.8038960" lon="2.2946760">
    <ele>100.7</ele>
    <time>2024-05-03T19:09:42Z</time>
   </trkpt>
   <trkpt lat="48.8038580" lon="2.2946550">
    <ele>100.8</ele>
    <time>2024-05-03T19:09:43Z</time>
   </trkpt>
   <trkpt lat="48.8038190" lon="2.2946370">
    <ele>101.0</ele>
    <time>2024-05-03T19:09:44Z</time>
   </trkpt>
   <trkpt lat="48.8037800" lon="2.2946230">
    <ele>101.1</ele>
    <time>2024-05-03T19:09:45Z</time>
   </trkpt>
   <trkpt lat="48.8037410" lon="2.2946150">
    <ele>101.3</ele>
    <time>2024-05-03T19:09:46Z</time>
   </trkpt>
   <trkpt lat="48.8037020" lon="2.2946110">
    <ele>101.4</ele>
    <time>2024-05-03T19:09:47Z</time>
   </trkpt>
   <trkpt lat="48.8036640" lon="2.2946060">
    <ele>101.6</ele>
    <time>2024-05-03T19:09:48Z</time>
   </trkpt>
   <trkpt lat="48.8036260" lon="2.2946050">
    <ele>101.7</ele>
    <time>2024-05-03T19:09:49Z</time>
   </trkpt>
   <trkpt lat="48.8035870" lon="2.2946010">
    <ele>101.8</ele>
    <time>2024-05-03T19:09:50Z</time>
   </trkpt>
   <trkpt lat="48.8035470" lon="2.2945990">
    <ele>101.9</ele>
    <time>2024-05-03T19:09:51Z</time>
   </trkpt>
   <trkpt lat="48.8035080" lon="2.2945990">
    <ele>102.1</ele>
    <time>2024-05-03T19:09:52Z</time>
   </trkpt>
   <trkpt lat="48.8034680" lon="2.2945970">
    <ele>102.2</ele>
    <time>2024-05-03T19:09:53Z</time>
   </trkpt>
   <trkpt lat="48.8034280" lon="2.2945950">
    <ele>102.3</ele>
    <time>2024-05-03T19:09:54Z</time>
   </trkpt>
   <trkpt lat="48.8033880" lon="2.2945940">
    <ele>102.4</ele>
    <time>2024-05-03T19:09:55Z</time>
   </trkpt>
   <trkpt lat="48.8033480" lon="2.2945930">
    <ele>102.5</ele>
    <time>2024-05-03T19:09:56Z</time>
   </trkpt>
   <trkpt lat="48.8033090" lon="2.2945830">
    <ele>102.6</ele>
    <time>2024-05-03T19:09:57Z</time>
   </trkpt>
   <trkpt lat="48.8032710" lon="2.2945680">
    <ele>102.7</ele>
    <time>2024-05-03T19:09:58Z</time>
   </trkpt>
   <trkpt lat="48.8032330" lon="2.2945550">
    <ele>102.8</ele>
    <time>2024-05-03T19:09:59Z</time>
   </trkpt>
   <trkpt lat="48.8031960" lon="2.2945400">
    <ele>102.9</ele>
    <time>2024-05-03T19:10:00Z</time>
   </trkpt>
   <trkpt lat="48.8031620" lon="2.2945260">
    <ele>102.9</ele>
    <time>2024-05-03T19:10:01Z</time>
   </trkpt>
   <trkpt lat="48.8031290" lon="2.2945170">
    <ele>103.0</ele>
    <time>2024-05-03T19:10:02Z</time>
   </trkpt>
   <trkpt lat="48.8031010" lon="2.2945130">
    <ele>103.0</ele>
    <time>2024-05-03T19:10:03Z</time>
   </trkpt>
   <trkpt lat="48.8030720" lon="2.2945110">
    <ele>103.0</ele>
    <time>2024-05-03T19:10:04Z</time>
   </trkpt>
   <trkpt lat="48.8030430" lon="2.2944950">
    <ele>103.1</ele>
    <time>2024-05-03T19:10:05Z</time>
   </trkpt>
   <trkpt lat="48.8030160" lon="2.2944850">
    <ele>103.1</ele>
    <time>2024-05-03T19:10:06Z</time>
   </trkpt>
   <trkpt lat="48.8029900" lon="2.2945060">
    <ele>103.1</ele>
    <time>2024-05-03T19:10:07Z</time>
   </trkpt>
   <trkpt lat="48.8029630" lon="2.2945410">
    <ele>103.1</ele>
    <time>2024-05-03T19:10:08Z</time>
   </trkpt>
   <trkpt lat="48.8029280" lon="2.2945610">
    <ele>103.1</ele>
    <time>2024-05-03T19:10:09Z</time>
   </trkpt>
   <trkpt lat="48.8028930" lon="2.2945680">
    <ele>103.1</ele>
    <time>2024-05-03T19:10:10Z</time>
   </trkpt>
   <trkpt lat="48.8028580" lon="2.2945560">
    <ele>103.2</ele>
    <time>2024-05-03T19:10:11Z</time>
   </trkpt>
   <trkpt lat="48.8028270" lon="2.2945370">
    <ele>103.2</ele>
    <time>2024-05-03T19:10:12Z</time>
   </trkpt>
   <trkpt lat="48.8027960" lon="2.2945240">
    <ele>103.2</ele>
    <time>2024-05-03T19:10:13Z</time>
   </trkpt>
   <trkpt lat="48.8027660" lon="2.2945270">
    <ele>103.2</ele>
    <time>2024-05-03T19:10:14Z</time>
   </trkpt>
   <trkpt lat="48.8027380" lon="2.2945470">
    <ele>103.2</ele>
    <time>2024-05-03T19:10:15Z</time>
   </trkpt>
   <trkpt lat="48.8027160" lon="2.2945750">
    <ele>103.2</ele>
    <time>2024-05-03T19:10:16Z</time>
   </trkpt>
   <trkpt lat="48.8026830" lon="2.2946040">
    <ele>103.2</ele>
    <time>2024-05-03T19:10:17Z</time>
   </trkpt>
   <trkpt lat="48.8026690" lon="2.2946100">
    <ele>103.2</ele>
    <time>2024-05-03T19:10:18Z</time>
   </trkpt>
   <trkpt lat="48.8026320" lon="2.2946160">
    <ele>103.2</ele>
    <time>2024-05-03T19:10:19Z</time>
   </trkpt>
   <trkpt lat="48.8025920" lon="2.2946180">
    <ele>103.1</ele>
    <time>2024-05-03T19:10:20Z</time>
   </trkpt>
   <trkpt lat="48.8025530" lon="2.2946260">
    <ele>103.1</ele>
    <time>2024-05-03T19:10:21Z</time>
   </trkpt>
   <trkpt lat="48.8025120" lon="2.2946380">
    <ele>103.1</ele>
    <time>2024-05-03T19:10:22Z</time>
   </trkpt>
   <trkpt lat="48.8024710" lon="2.2946540">
    <ele>103.0</ele>
    <time>2024-05-03T19:10:23Z</time>
   </trkpt>
   <trkpt lat="48.8024250" lon="2.2946700">
    <ele>102.9</ele>
    <time>2024-05-03T19:10:24Z</time>
   </trkpt>
   <trkpt lat="48.8023770" lon="2.2946910">
    <ele>102.9</ele>
    <time>2024-05-03T19:10:25Z</time>
   </trkpt>
   <trkpt lat="48.8023300" lon="2.2947160">
    <ele>102.8</ele>
    <time>2024-05-03T19:10:26Z</time>
   </trkpt>
   <trkpt lat="48.8022800" lon="2.2947450">
    <ele>102.7</ele>
    <time>2024-05-03T19:10:27Z</time>
   </trkpt>
   <trkpt lat="48.8022320" lon="2.2947740">
    <ele>102.6</ele>
    <time>2024-05-03T19:10:28Z</time>
   </trkpt>
   <trkpt lat="48.8021820" lon="2.2948070">
    <ele>102.5</ele>
    <time>2024-05-03T19:10:29Z</time>
   </trkpt>
   <trkpt lat="48.8021330" lon="2.2948390">
    <ele>102.3</ele>
    <time>2024-05-03T19:10:30Z</time>
   </trkpt>
   <trkpt lat="48.8020840" lon="2.2948770">
    <ele>102.2</ele>
    <time>2024-05-03T19:10:31Z</time>
   </trkpt>
   <trkpt lat="48.8020370" lon="2.2949210">
    <ele>102.1</ele>
    <time>2024-05-03T19:10:32Z</time>
   </trkpt>
   <trkpt lat="48.8019870" lon="2.2949630">
    <ele>101.9</ele>
    <time>2024-05-03T19:10:33Z</time>
   </trkpt>
   <trkpt lat="48.8019370" lon="2.2950060">
    <ele>101.8</ele>
    <time>2024-05-03T19:10:34Z</time>
   </trkpt>
   <trkpt lat="48.8018900" lon="2.2950570">
    <ele>101.7</ele>
    <time>2024-05-03T19:10:35Z</time>
   </trkpt>
   <trkpt lat="48.8018440" lon="2.2951070">
    <ele>101.6</ele>
    <time>2024-05-03T19:10:36Z</time>
   </trkpt>
   <trkpt lat="48.8018050" lon="2.2951580">
    <ele>101.5</ele>
    <time>2024-05-03T19:10:37Z</time>
   </trkpt>
   <trkpt lat="48.8017790" lon="2.2952060">
    <ele>101.4</ele>
    <time>2024-05-03T19:10:38Z</time>
   </trkpt>
   <trkpt lat="48.8017570" lon="2.2952410">
    <ele>101.4</ele>
    <time>2024-05-03T19:10:39Z</time>
   </trkpt>
   <trkpt lat="48.8017520" lon="2.2952430">
    <ele>101.4</ele>
    <time>2024-05-03T19:10:40Z</time>
   </trkpt>
   <trkpt lat="48.8017530" lon="2.2952440">
    <ele>101.4</ele>
    <time>2024-05-03T19:10:41Z</time>
   </trkpt>
   <trkpt lat="48.8017530" lon="2.2952460">
    <ele>101.3</ele>
    <time>2024-05-03T19:10:42Z</time>
   </trkpt>
   <trkpt lat="48.8017540" lon="2.2952480">
    <ele>101.3</ele>
    <time>2024-05-03T19:10:43Z</time>
   </trkpt>
   <trkpt lat="48.8017430" lon="2.2952540">
    <ele>101.3</ele>
    <time>2024-05-03T19:10:44Z</time>
   </trkpt>
   <trkpt lat="48.8017240" lon="2.2952600">
    <ele>101.3</ele>
    <time>2024-05-03T19:10:45Z</time>
   </trkpt>
   <trkpt lat="48.8016920" lon="2.2952670">
    <ele>101.2</ele>
    <time>2024-05-03T19:10:46Z</time>
   </trkpt>
   <trkpt lat="48.8016820" lon="2.2952710">
    <ele>101.2</ele>
    <time>2024-05-03T19:10:47Z</time>
   </trkpt>
   <trkpt lat="48.8016540" lon="2.2952890">
    <ele>101.1</ele>
    <time>2024-05-03T19:10:48Z</time>
   </trkpt>
   <trkpt lat="48.8016440" lon="2.2953000">
    <ele>101.1</ele>
    <time>2024-05-03T19:10:49Z</time>
   </trkpt>
   <trkpt lat="48.8016300" lon="2.2953500">
    <ele>101.0</ele>
    <time>2024-05-03T19:10:50Z</time>
   </trkpt>
   <trkpt lat="48.8016250" lon="2.2953680">
    <ele>101.0</ele>
    <time>2024-05-03T19:10:51Z</time>
   </trkpt>
   <trkpt lat="48.8015970" lon="2.2953980">
    <ele>100.9</ele>
    <time>2024-05-03T19:10:52Z</time>
   </trkpt>
   <trkpt lat="48.8015570" lon="2.2954240">
    <ele>100.8</ele>
    <time>2024-05-03T19:10:53Z</time>
   </trkpt>
   <trkpt lat="48.8015120" lon="2.2954420">
    <ele>100.6</ele>
    <time>2024-05-03T19:10:54Z</time>
   </trkpt>
   <trkpt lat="48.8014690" lon="2.2954740">
    <ele>100.4</ele>
    <time>2024-05-03T19:10:55Z</time>
   </trkpt>
   <trkpt lat="48.8014200" lon="2.2955070">
    <ele>100.2</ele>
    <time>2024-05-03T19:10:56Z</time>
   </trkpt>
   <trkpt lat="48.8013690" lon="2.2955470">
    <ele>100.0</ele>
    <time>2024-05-03T19:10:57Z</time>
   </trkpt>
   <trkpt lat="48.8013160" lon="2.2955920">
    <ele>99.8</ele>
    <time>2024-05-03T19:10:58Z</time>
   </trkpt>
   <trkpt lat="48.8012600" lon="2.2956370">
    <ele>99.6</ele>
    <time>2024-05-03T19:10:59Z</time>
   </trkpt>
   <trkpt lat="48.8012010" lon="2.2956850">
    <ele>99.4</ele>
    <time>2024-05-03T19:11:00Z</time>
   </trkpt>
   <trkpt lat="48.8011420" lon="2.2957350">
    <ele>99.2</ele>
    <time>2024-05-03T19:11:01Z</time>
   </trkpt>
   <trkpt lat="48.8010820" lon="2.2957850">
    <ele>99.0</ele>
    <time>2024-05-03T19:11:02Z</time>
   </trkpt>
   <trkpt lat="48.8010220" lon="2.2958360">
    <ele>98.9</ele>
    <time>2024-05-03T19:11:03Z</time>
   </trkpt>
   <trkpt lat="48.8009630" lon="2.2958800">
    <ele>98.8</ele>
    <time>2024-05-03T19:11:04Z</time>
   </trkpt>
   <trkpt lat="48.8009030" lon="2.2959180">
    <ele>98.7</ele>
    <time>2024-05-03T19:11:05Z</time>
   </trkpt>
   <trkpt lat="48.8008410" lon="2.2959400">
    <ele>98.7</ele>
    <time>2024-05-03T19:11:06Z</time>
   </trkpt>
   <trkpt lat="48.8007780" lon="2.2959450">
    <ele>98.6</ele>
    <time>2024-05-03T19:11:07Z</time>
   </trkpt>
   <trkpt lat="48.8007170" lon="2.2959350">
    <ele>98.6</ele>
    <time>2024-05-03T19:11:08Z</time>
   </trkpt>
   <trkpt lat="48.8006540" lon="2.2959190">
    <ele>98.5</ele>
    <time>2024-05-03T19:11:09Z</time>
   </trkpt>
   <trkpt lat="48.8005950" lon="2.2958930">
    <ele>98.5</ele>
    <time>2024-05-03T19:11:10Z</time>
   </trkpt>
   <trkpt lat="48.8005400" lon="2.2958650">
    <ele>98.5</ele>
    <time>2024-05-03T19:11:11Z</time>
   </trkpt>
   <trkpt lat="48.8004970" lon="2.2958680">
    <ele>98.4</ele>
    <time>2024-05-03T19:11:12Z</time>
   </trkpt>
   <trkpt lat="48.8004750" lon="2.2959010">
    <ele>98.4</ele>
    <time>2024-05-03T19:11:13Z</time>
   </trkpt>
   <trkpt lat="48.8004530" lon="2.2959400">
    <ele>98.4</ele>
    <time>2024-05-03T19:11:14Z</time>
   </trkpt>
   <trkpt lat="48.8004450" lon="2.2959510">
    <ele>98.4</ele>
    <time>2024-05-03T19:11:15Z</time>
   </trkpt>
   <trkpt lat="48.8004210" lon="2.2959940">
    <ele>98.4</ele>
    <time>2024-05-03T19:11:16Z</time>
   </trkpt>
   <trkpt lat="48.8004150" lon="2.2960140">
    <ele>98.4</ele>
    <time>2024-05-03T19:11:17Z</time>
   </trkpt>
   <trkpt lat="48.8003960" lon="2.2960500">
    <ele>98.4</ele>
    <time>2024-05-03T19:11:18Z</time>
   </trkpt>
   <trkpt lat="48.8003680" lon="2.2960820">
    <ele>98.3</ele>
    <time>2024-05-03T19:11:19Z</time>
   </trkpt>
   <trkpt lat="48.8003320" lon="2.2960960">
    <ele>98.3</ele>
    <time>2024-05-03T19:11:20Z</time>
   </trkpt>
   <trkpt lat="48.8002870" lon="2.2960890">
    <ele>98.3</ele>
    <time>2024-05-03T19:11:21Z</time>
   </trkpt>
   <trkpt lat="48.8002430" lon="2.2960900">
    <ele>98.2</ele>
    <time>2024-05-03T19:11:22Z</time>
   </trkpt>
   <trkpt lat="48.8001970" lon="2.2960990">
    <ele>98.2</ele>
    <time>2024-05-03T19:11:23Z</time>
   </trkpt>
   <trkpt lat="48.8001520" lon="2.2961070">
    <ele>98.2</ele>
    <time>2024-05-03T19:11:24Z</time>
   </trkpt>
   <trkpt lat="48.8001070" lon="2.2961160">
    <ele>98.1</ele>
    <time>2024-05-03T19:11:25Z</time>
   </trkpt>
   <trkpt lat="48.8000380" lon="2.2960570">
    <ele>98.1</ele>
    <time>2024-05-03T19:11:26Z</time>
   </trkpt>
   <trkpt lat="48.7999830" lon="2.2960400">
    <ele>98.1</ele>
    <time>2024-05-03T19:11:27Z</time>
   </trkpt>
   <trkpt lat="48.7999280" lon="2.2960280">
    <ele>98.1</ele>
    <time>2024-05-03T19:11:28Z</time>
   </trkpt>
   <trkpt lat="48.7998740" lon="2.2960130">
    <ele>98.1</ele>
    <time>2024-05-03T19:11:29Z</time>
   </trkpt>
   <trkpt lat="48.7998220" lon="2.2960080">
    <ele>98.1</ele>
    <time>2024-05-03T19:11:30Z</time>
   </trkpt>
   <trkpt lat="48.7997700" lon="2.2960020">
    <ele>98.2</ele>
    <time>2024-05-03T19:11:31Z</time>
   </trkpt>
   <trkpt lat="48.7997210" lon="2.2959970">
    <ele>98.2</ele>
    <time>2024-05-03T19:11:32Z</time>
   </trkpt>
   <trkpt lat="48.7996710" lon="2.2959860">
    <ele>98.3</ele>
    <time>2024-05-03T19:11:33Z</time>
   </trkpt>
   <trkpt lat="48.7996250" lon="2.2959650">
    <ele>98.4</ele>
    <time>2024-05-03T19:11:34Z</time>
   </trkpt>
   <trkpt lat="48.7995800" lon="2.2959370">
    <ele>98.4</ele>
    <time>2024-05-03T19:11:35Z</time>
   </trkpt>
   <trkpt lat="48.7995370" lon="2.2959030">
    <ele>98.5</ele>
    <time>2024-05-03T19:11:36Z</time>
   </trkpt>
   <trkpt lat="48.7994920" lon="2.2958740">
    <ele>98.6</ele>
    <time>2024-05-03T19:11:37Z</time>
   </trkpt>
   <trkpt lat="48.7994450" lon="2.2958700">
    <ele>98.7</ele>
    <time>2024-05-03T19:11:38Z</time>
   </trkpt>
   <trkpt lat="48.7994000" lon="2.2958610">
    <ele>98.8</ele>
    <time>2024-05-03T19:11:39Z</time>
   </trkpt>
   <trkpt lat="48.7993550" lon="2.2958510">
    <ele>98.9</ele>
    <time>2024-05-03T19:11:40Z</time>
   </trkpt>
   <trkpt lat="48.7993100" lon="2.2958350">
    <ele>99.0</ele>
    <time>2024-05-03T19:11:41Z</time>
   </trkpt>
   <trkpt lat="48.7992640" lon="2.2958250">
    <ele>99.1</ele>
    <time>2024-05-03T19:11:42Z</time>
   </trkpt>
   <trkpt lat="48.7992180" lon="2.2958120">
    <ele>99.1</ele>
    <time>2024-05-03T19:11:43Z</time>
   </trkpt>
   <trkpt lat="48.7991740" lon="2.2958010">
    <ele>99.2</ele>
    <time>2024-05-03T19:11:44Z</time>
   </trkpt>
   <trkpt lat="48.7991300" lon="2.2957950">
    <ele>99.3</ele>
    <time>2024-05-03T19:11:45Z</time>
   </trkpt>
   <trkpt lat="48.7990860" lon="2.2957880">
    <ele>99.3</ele>
    <time>2024-05-03T19:11:46Z</time>
   </trkpt>
   <trkpt lat="48.7990420" lon="2.2957880">
    <ele>99.4</ele>
    <time>2024-05-03T19:11:47Z</time>
   </trkpt>
   <trkpt lat="48.7989970" lon="2.2957840">
    <ele>99.5</ele>
    <time>2024-05-03T19:11:48Z</time>
   </trkpt>
   <trkpt lat="48.7989510" lon="2.2957720">
    <ele>99.5</ele>
    <time>2024-05-03T19:11:49Z</time>
   </trkpt>
   <trkpt lat="48.7989060" lon="2.2957610">
    <ele>99.6</ele>
    <time>2024-05-03T19:11:50Z</time>
   </trkpt>
   <trkpt lat="48.7988610" lon="2.2957530">
    <ele>99.7</ele>
    <time>2024-05-03T19:11:51Z</time>
   </trkpt>
   <trkpt lat="48.7988150" lon="2.2957510">
    <ele>99.7</ele>
    <time>2024-05-03T19:11:52Z</time>
   </trkpt>
   <trkpt lat="48.7987680" lon="2.2957500">
    <ele>99.8</ele>
    <time>2024-05-03T19:11:53Z</time>
   </trkpt>
   <trkpt lat="48.7987220" lon="2.2957510">
    <ele>99.9</ele>
    <time>2024-05-03T19:11:54Z</time>
   </trkpt>
   <trkpt lat="48.7986780" lon="2.2957540">
    <ele>100.0</ele>
    <time>2024-05-03T19:11:55Z</time>
   </trkpt>
   <trkpt lat="48.7986330" lon="2.2957530">
    <ele>100.1</ele>
    <time>2024-05-03T19:11:56Z</time>
   </trkpt>
   <trkpt lat="48.7985870" lon="2.2957490">
    <ele>100.1</ele>
    <time>2024-05-03T19:11:57Z</time>
   </trkpt>
   <trkpt lat="48.7985400" lon="2.2957430">
    <ele>100.2</ele>
    <time>2024-05-03T19:11:58Z</time>
   </trkpt>
   <trkpt lat="48.7984950" lon="2.2957380">
    <ele>100.3</ele>
    <time>2024-05-03T19:11:59Z</time>
   </trkpt>
   <trkpt lat="48.7984500" lon="2.2957320">
    <ele>100.4</ele>
    <time>2024-05-03T19:12:00Z</time>
   </trkpt>
   <trkpt lat="48.7984080" lon="2.2957270">
    <ele>100.5</ele>
    <time>2024-05-03T19:12:01Z</time>
   </trkpt>
   <trkpt lat="48.7983650" lon="2.2957250">
    <ele>100.6</ele>
    <time>2024-05-03T19:12:02Z</time>
   </trkpt>
   <trkpt lat="48.7983230" lon="2.2957280">
    <ele>100.6</ele>
    <time>2024-05-03T19:12:03Z</time>
   </trkpt>
   <trkpt lat="48.7982840" lon="2.2957300">
    <ele>100.7</ele>
    <time>2024-05-03T19:12:04Z</time>
   </trkpt>
   <trkpt lat="48.7982470" lon="2.2957230">
    <ele>100.8</ele>
    <time>2024-05-03T19:12:05Z</time>
   </trkpt>
   <trkpt lat="48.7982110" lon="2.2957230">
    <ele>100.8</ele>
    <time>2024-05-03T19:12:06Z</time>
   </trkpt>
   <trkpt lat="48.7981780" lon="2.2957270">
    <ele>100.9</ele>
    <time>2024-05-03T19:12:07Z</time>
   </trkpt>
   <trkpt lat="48.7981460" lon="2.2957220">
    <ele>100.9</ele>
    <time>2024-05-03T19:12:08Z</time>
   </trkpt>
   <trkpt lat="48.7981160" lon="2.2957290">
    <ele>101.0</ele>
    <time>2024-05-03T19:12:09Z</time>
   </trkpt>
   <trkpt lat="48.7980870" lon="2.2957280">
    <ele>101.0</ele>
    <time>2024-05-03T19:12:10Z</time>
   </trkpt>
   <trkpt lat="48.7980490" lon="2.2957430">
    <ele>101.0</ele>
    <time>2024-05-03T19:12:11Z</time>
   </trkpt>
   <trkpt lat="48.7980380" lon="2.2957510">
    <ele>101.0</ele>
    <time>2024-05-03T19:12:12Z</time>
   </trkpt>
   <trkpt lat="48.7980010" lon="2.2957700">
    <ele>101.1</ele>
    <time>2024-05-03T19:12:13Z</time>
   </trkpt>
   <trkpt lat="48.7979870" lon="2.2957740">
    <ele>101.1</ele>
    <time>2024-05-03T19:12:14Z</time>
   </trkpt>
   <trkpt lat="48.7979570" lon="2.2957920">
    <ele>101.1</ele>
    <time>2024-05-03T19:12:15Z</time>
   </trkpt>
   <trkpt lat="48.7979330" lon="2.2958370">
    <ele>101.1</ele>
    <time>2024-05-03T19:12:16Z</time>
   </trkpt>
   <trkpt lat="48.7979170" lon="2.2958930">
    <ele>101.1</ele>
    <time>2024-05-03T19:12:17Z</time>
   </trkpt>
   <trkpt lat="48.7979030" lon="2.2959530">
    <ele>101.1</ele>
    <time>2024-05-03T19:12:18Z</time>
   </trkpt>
   <trkpt lat="48.7978860" lon="2.2960130">
    <ele>101.2</ele>
    <time>2024-05-03T19:12:19Z</time>
   </trkpt>
   <trkpt lat="48.7978660" lon="2.2960710">
    <ele>101.2</ele>
    <time>2024-05-03T19:12:20Z</time>
   </trkpt>
   <trkpt lat="48.7978450" lon="2.2961300">
    <ele>101.2</ele>
    <time>2024-05-03T19:12:21Z</time>
   </trkpt>
   <trkpt lat="48.7978260" lon="2.2961900">
    <ele>101.3</ele>
    <time>2024-05-03T19:12:22Z</time>
   </trkpt>
   <trkpt lat="48.7978070" lon="2.2962510">
    <ele>101.3</ele>
    <time>2024-05-03T19:12:23Z</time>
   </trkpt>
   <trkpt lat="48.7977920" lon="2.2963140">
    <ele>101.3</ele>
    <time>2024-05-03T19:12:24Z</time>
   </trkpt>
   <trkpt lat="48.7977750" lon="2.2963830">
    <ele>101.3</ele>
    <time>2024-05-03T19:12:25Z</time>
   </trkpt>
   <trkpt lat="48.7977550" lon="2.2964510">
    <ele>101.3</ele>
    <time>2024-05-03T19:12:26Z</time>
   </trkpt>
   <trkpt lat="48.7977380" lon="2.2965200">
    <ele>101.3</ele>
    <time>2024-05-03T19:12:27Z</time>
   </trkpt>
   <trkpt lat="48.7977230" lon="2.2965900">
    <ele>101.3</ele>
    <time>2024-05-03T19:12:28Z</time>
   </trkpt>
   <trkpt lat="48.7977110" lon="2.2966580">
    <ele>101.3</ele>
    <time>2024-05-03T19:12:29Z</time>
   </trkpt>
   <trkpt lat="48.7976850" lon="2.2967190">
    <ele>101.3</ele>
    <time>2024-05-03T19:12:30Z</time>
   </trkpt>
   <trkpt lat="48.7976450" lon="2.2967480">
    <ele>101.3</ele>
    <time>2024-05-03T19:12:31Z</time>
   </trkpt>
   <trkpt lat="48.7976040" lon="2.2967330">
    <ele>101.4</ele>
    <time>2024-05-03T19:12:32Z</time>
   </trkpt>
   <trkpt lat="48.7975680" lon="2.2966960">
    <ele>101.4</ele>
    <time>2024-05-03T19:12:33Z</time>
   </trkpt>
   <trkpt lat="48.7975300" lon="2.2966590">
    <ele>101.5</ele>
    <time>2024-05-03T19:12:34Z</time>
   </trkpt>
   <trkpt lat="48.7974890" lon="2.2966250">
    <ele>101.6</ele>
    <time>2024-05-03T19:12:35Z</time>
   </trkpt>
   <trkpt lat="48.7974530" lon="2.2965850">
    <ele>101.6</ele>
    <time>2024-05-03T19:12:36Z</time>
   </trkpt>
   <trkpt lat="48.7974200" lon="2.2965320">
    <ele>101.7</ele>
    <time>2024-05-03T19:12:37Z</time>
   </trkpt>
   <trkpt lat="48.7973950" lon="2.2964740">
    <ele>101.8</ele>
    <time>2024-05-03T19:12:38Z</time>
   </trkpt>
   <trkpt lat="48.7973800" lon="2.2964100">
    <ele>101.8</ele>
    <time>2024-05-03T19:12:39Z</time>
   </trkpt>
   <trkpt lat="48.7973560" lon="2.2963490">
    <ele>101.9</ele>
    <time>2024-05-03T19:12:40Z</time>
   </trkpt>
   <trkpt lat="48.7973170" lon="2.2963060">
    <ele>101.9</ele>
    <time>2024-05-03T19:12:41Z</time>
   </trkpt>
   <trkpt lat="48.7972730" lon="2.2962740">
    <ele>102.0</ele>
    <time>2024-05-03T19:12:42Z</time>
   </trkpt>
   <trkpt lat="48.7972310" lon="2.2962410">
    <ele>102.0</ele>
    <time>2024-05-03T19:12:43Z</time>
   </trkpt>
   <trkpt lat="48.7971880" lon="2.2962070">
    <ele>102.0</ele>
    <time>2024-05-03T19:12:44Z</time>
   </trkpt>
   <trkpt lat="48.7971450" lon="2.2961730">
    <ele>102.1</ele>
    <time>2024-05-03T19:12:45Z</time>
   </trkpt>
   <trkpt lat="48.7971020" lon="2.2961390">
    <ele>102.1</ele>
    <time>2024-05-03T19:12:46Z</time>
   </trkpt>
   <trkpt lat="48.7970620" lon="2.2961010">
    <ele>102.1</ele>
    <time>2024-05-03T19:12:47Z</time>
   </trkpt>
   <trkpt lat="48.7970280" lon="2.2960510">
    <ele>102.1</ele>
    <time>2024-05-03T19:12:48Z</time>
   </trkpt>
   <trkpt lat="48.7969940" lon="2.2959990">
    <ele>102.1</ele>
    <time>2024-05-03T19:12:49Z</time>
   </trkpt>
   <trkpt lat="48.7969490" lon="2.2959730">
    <ele>102.1</ele>
    <time>2024-05-03T19:12:50Z</time>
   </trkpt>
   <trkpt lat="48.7969010" lon="2.2959590">
    <ele>102.1</ele>
    <time>2024-05-03T19:12:51Z</time>
   </trkpt>
   <trkpt lat="48.7968680" lon="2.2959100">
    <ele>102.1</ele>
    <time>2024-05-03T19:12:52Z</time>
   </trkpt>
   <trkpt lat="48.7968380" lon="2.2958580">
    <ele>102.1</ele>
    <time>2024-05-03T19:12:53Z</time>
   </trkpt>
   <trkpt lat="48.7967960" lon="2.2958230">
    <ele>102.1</ele>
    <time>2024-05-03T19:12:54Z</time>
   </trkpt>
   <trkpt lat="48.7967530" lon="2.2957850">
    <ele>102.1</ele>
    <time>2024-05-03T19:12:55Z</time>
   </trkpt>
   <trkpt lat="48.7967110" lon="2.2957440">
    <ele>102.1</ele>
    <time>2024-05-03T19:12:56Z</time>
   </trkpt>
   <trkpt lat="48.7966670" lon="2.2957060">
    <ele>102.1</ele>
    <time>2024-05-03T19:12:57Z</time>
   </trkpt>
   <trkpt lat="48.7966220" lon="2.2956680">
    <ele>102.1</ele>
    <time>2024-05-03T19:12:58Z</time>
   </trkpt>
   <trkpt lat="48.7965780" lon="2.2956280">
    <ele>102.1</ele>
    <time>2024-05-03T19:12:59Z</time>
   </trkpt>
   <trkpt lat="48.7965340" lon="2.2955920">
    <ele>102.0</ele>
    <time>2024-05-03T19:13:00Z</time>
   </trkpt>
   <trkpt lat="48.7964860" lon="2.2955690">
    <ele>102.0</ele>
    <time>2024-05-03T19:13:01Z</time>
   </trkpt>
   <trkpt lat="48.7964430" lon="2.2955400">
    <ele>102.0</ele>
    <time>2024-05-03T19:13:02Z</time>
   </trkpt>
   <trkpt lat="48.7964040" lon="2.2955070">
    <ele>101.9</ele>
    <time>2024-05-03T19:13:03Z</time>
   </trkpt>
   <trkpt lat="48.7963720" lon="2.2954620">
    <ele>101.9</ele>
    <time>2024-05-03T19:13:04Z</time>
   </trkpt>
   <trkpt lat="48.7963430" lon="2.2954070">
    <ele>101.9</ele>
    <time>2024-05-03T19:13:05Z</time>
   </trkpt>
   <trkpt lat="48.7962990" lon="2.2953760">
    <ele>101.8</ele>
    <time>2024-05-03T19:13:06Z</time>
   </trkpt>
   <trkpt lat="48.7962580" lon="2.2953420">
    <ele>101.8</ele>
    <time>2024-05-03T19:13:07Z</time>
   </trkpt>
   <trkpt lat="48.7962150" lon="2.2953190">
    <ele>101.7</ele>
    <time>2024-05-03T19:13:08Z</time>
   </trkpt>
   <trkpt lat="48.7961740" lon="2.2952900">
    <ele>101.6</ele>
    <time>2024-05-03T19:13:09Z</time>
   </trkpt>
   <trkpt lat="48.7961480" lon="2.2952390">
    <ele>101.4</ele>
    <time>2024-05-03T19:13:10Z</time>
   </trkpt>
   <trkpt lat="48.7961190" lon="2.2951940">
    <ele>101.2</ele>
    <time>2024-05-03T19:13:11Z</time>
   </trkpt>
   <trkpt lat="48.7960780" lon="2.2951540">
    <ele>100.9</ele>
    <time>2024-05-03T19:13:12Z</time>
   </trkpt>
   <trkpt lat="48.7960370" lon="2.2951030">
    <ele>100.6</ele>
    <time>2024-05-03T19:13:13Z</time>
   </trkpt>
   <trkpt lat="48.7959920" lon="2.2950440">
    <ele>100.2</ele>
    <time>2024-05-03T19:13:14Z</time>
   </trkpt>
   <trkpt lat="48.7959430" lon="2.2949820">
    <ele>99.7</ele>
    <time>2024-05-03T19:13:15Z</time>
   </trkpt>
   <trkpt lat="48.7958900" lon="2.2949170">
    <ele>99.3</ele>
    <time>2024-05-03T19:13:16Z</time>
   </trkpt>
   <trkpt lat="48.7958350" lon="2.2948470">
    <ele>98.9</ele>
    <time>2024-05-03T19:13:17Z</time>
   </trkpt>
   <trkpt lat="48.7957760" lon="2.2947780">
    <ele>98.5</ele>
    <time>2024-05-03T19:13:18Z</time>
   </trkpt>
   <trkpt lat="48.7957130" lon="2.2947130">
    <ele>98.1</ele>
    <time>2024-05-03T19:13:19Z</time>
   </trkpt>
   <trkpt lat="48.7956530" lon="2.2946600">
    <ele>98.0</ele>
    <time>2024-05-03T19:13:20Z</time>
   </trkpt>
   <trkpt lat="48.7955890" lon="2.2946180">
    <ele>97.8</ele>
    <time>2024-05-03T19:13:21Z</time>
   </trkpt>
   <trkpt lat="48.7955230" lon="2.2945870">
    <ele>97.7</ele>
    <time>2024-05-03T19:13:22Z</time>
   </trkpt>
   <trkpt lat="48.7954550" lon="2.2945680">
    <ele>97.5</ele>
    <time>2024-05-03T19:13:23Z</time>
   </trkpt>
   <trkpt lat="48.7953850" lon="2.2945840">
    <ele>97.2</ele>
    <time>2024-05-03T19:13:24Z</time>
   </trkpt>
   <trkpt lat="48.7953190" lon="2.2946220">
    <ele>96.9</ele>
    <time>2024-05-03T19:13:25Z</time>
   </trkpt>
   <trkpt lat="48.7952480" lon="2.2946450">
    <ele>96.6</ele>
    <time>2024-05-03T19:13:26Z</time>
   </trkpt>
   <trkpt lat="48.7951790" lon="2.2946450">
    <ele>96.2</ele>
    <time>2024-05-03T19:13:27Z</time>
   </trkpt>
   <trkpt lat="48.7951190" lon="2.2946230">
    <ele>95.8</ele>
    <time>2024-05-03T19:13:28Z</time>
   </trkpt>
   <trkpt lat="48.7950660" lon="2.2945930">
    <ele>95.5</ele>
    <time>2024-05-03T19:13:29Z</time>
   </trkpt>
   <trkpt lat="48.7950120" lon="2.2945660">
    <ele>95.1</ele>
    <time>2024-05-03T19:13:30Z</time>
   </trkpt>
   <trkpt lat="48.7949660" lon="2.2945330">
    <ele>94.8</ele>
    <time>2024-05-03T19:13:31Z</time>
   </trkpt>
   <trkpt lat="48.7949200" lon="2.2945020">
    <ele>94.5</ele>
    <time>2024-05-03T19:13:32Z</time>
   </trkpt>
   <trkpt lat="48.7948750" lon="2.2944760">
    <ele>94.2</ele>
    <time>2024-05-03T19:13:33Z</time>
   </trkpt>
   <trkpt lat="48.7948330" lon="2.2944580">
    <ele>94.0</ele>
    <time>2024-05-03T19:13:34Z</time>
   </trkpt>
   <trkpt lat="48.7947950" lon="2.2944440">
    <ele>93.8</ele>
    <time>2024-05-03T19:13:35Z</time>
   </trkpt>
   <trkpt lat="48.7947590" lon="2.2944210">
    <ele>93.7</ele>
    <time>2024-05-03T19:13:36Z</time>
   </trkpt>
   <trkpt lat="48.7947260" lon="2.2943930">
    <ele>93.6</ele>
    <time>2024-05-03T19:13:37Z</time>
   </trkpt>
   <trkpt lat="48.7946940" lon="2.2943680">
    <ele>93.5</ele>
    <time>2024-05-03T19:13:38Z</time>
   </trkpt>
   <trkpt lat="48.7946650" lon="2.2943750">
    <ele>93.4</ele>
    <time>2024-05-03T19:13:39Z</time>
   </trkpt>
   <trkpt lat="48.7946350" lon="2.2943580">
    <ele>93.3</ele>
    <time>2024-05-03T19:13:40Z</time>
   </trkpt>
   <trkpt lat="48.7946090" lon="2.2943150">
    <ele>93.3</ele>
    <time>2024-05-03T19:13:41Z</time>
   </trkpt>
   <trkpt lat="48.7945800" lon="2.2942670">
    <ele>93.2</ele>
    <time>2024-05-03T19:13:42Z</time>
   </trkpt>
   <trkpt lat="48.7945460" lon="2.2942320">
    <ele>93.2</ele>
    <time>2024-05-03T19:13:43Z</time>
   </trkpt>
   <trkpt lat="48.7945080" lon="2.2942050">
    <ele>93.2</ele>
    <time>2024-05-03T19:13:44Z</time>
   </trkpt>
   <trkpt lat="48.7944690" lon="2.2941810">
    <ele>93.3</ele>
    <time>2024-05-03T19:13:45Z</time>
   </trkpt>
   <trkpt lat="48.7944300" lon="2.2941500">
    <ele>93.4</ele>
    <time>2024-05-03T19:13:46Z</time>
   </trkpt>
   <trkpt lat="48.7943910" lon="2.2941190">
    <ele>93.6</ele>
    <time>2024-05-03T19:13:47Z</time>
   </trkpt>
   <trkpt lat="48.7943520" lon="2.2940940">
    <ele>93.8</ele>
    <time>2024-05-03T19:13:48Z</time>
   </trkpt>
   <trkpt lat="48.7943220" lon="2.2940460">
    <ele>94.0</ele>
    <time>2024-05-03T19:13:49Z</time>
   </trkpt>
   <trkpt lat="48.7942910" lon="2.2940060">
    <ele>94.2</ele>
    <time>2024-05-03T19:13:50Z</time>
   </trkpt>
   <trkpt lat="48.7942560" lon="2.2939710">
    <ele>94.5</ele>
    <time>2024-05-03T19:13:51Z</time>
   </trkpt>
   <trkpt lat="48.7942250" lon="2.2939280">
    <ele>94.8</ele>
    <time>2024-05-03T19:13:52Z</time>
   </trkpt>
   <trkpt lat="48.7941920" lon="2.2938890">
    <ele>95.0</ele>
    <time>2024-05-03T19:13:53Z</time>
   </trkpt>
   <trkpt lat="48.7941580" lon="2.2938530">
    <ele>95.3</ele>
    <time>2024-05-03T19:13:54Z</time>
   </trkpt>
   <trkpt lat="48.7941240" lon="2.2938210">
    <ele>95.6</ele>
    <time>2024-05-03T19:13:55Z</time>
   </trkpt>
   <trkpt lat="48.7940900" lon="2.2937920">
    <ele>95.9</ele>
    <time>2024-05-03T19:13:56Z</time>
   </trkpt>
   <trkpt lat="48.7940580" lon="2.2937640">
    <ele>96.1</ele>
    <time>2024-05-03T19:13:57Z</time>
   </trkpt>
   <trkpt lat="48.7940290" lon="2.2937370">
    <ele>96.4</ele>
    <time>2024-05-03T19:13:58Z</time>
   </trkpt>
   <trkpt lat="48.7940010" lon="2.2937160">
    <ele>96.6</ele>
    <time>2024-05-03T19:13:59Z</time>
   </trkpt>
   <trkpt lat="48.7939750" lon="2.2936920">
    <ele>96.8</ele>
    <time>2024-05-03T19:14:00Z</time>
   </trkpt>
   <trkpt lat="48.7939500" lon="2.2936660">
    <ele>97.0</ele>
    <time>2024-05-03T19:14:01Z</time>
   </trkpt>
   <trkpt lat="48.7939250" lon="2.2936430">
    <ele>97.2</ele>
    <time>2024-05-03T19:14:02Z</time>
   </trkpt>
   <trkpt lat="48.7938980" lon="2.2936160">
    <ele>97.4</ele>
    <time>2024-05-03T19:14:03Z</time>
   </trkpt>
   <trkpt lat="48.7938720" lon="2.2935850">
    <ele>97.6</ele>
    <time>2024-05-03T19:14:04Z</time>
   </trkpt>
   <trkpt lat="48.7938440" lon="2.2935530">
    <ele>97.8</ele>
    <time>2024-05-03T19:14:05Z</time>
   </trkpt>
   <trkpt lat="48.7938200" lon="2.2935190">
    <ele>98.0</ele>
    <time>2024-05-03T19:14:06Z</time>
   </trkpt>
   <trkpt lat="48.7938000" lon="2.2934830">
    <ele>98.2</ele>
    <time>2024-05-03T19:14:07Z</time>
   </trkpt>
   <trkpt lat="48.7937810" lon="2.2934470">
    <ele>98.3</ele>
    <time>2024-05-03T19:14:08Z</time>
   </trkpt>
   <trkpt lat="48.7937610" lon="2.2934160">
    <ele>98.5</ele>
    <time>2024-05-03T19:14:09Z</time>
   </trkpt>
   <trkpt lat="48.7937420" lon="2.2933860">
    <ele>98.6</ele>
    <time>2024-05-03T19:14:10Z</time>
   </trkpt>
   <trkpt lat="48.7937190" lon="2.2933410">
    <ele>98.8</ele>
    <time>2024-05-03T19:14:11Z</time>
   </trkpt>
   <trkpt lat="48.7937120" lon="2.2933270">
    <ele>98.9</ele>
    <time>2024-05-03T19:14:12Z</time>
   </trkpt>
   <trkpt lat="48.7936840" lon="2.2932980">
    <ele>99.0</ele>
    <time>2024-05-03T19:14:13Z</time>
   </trkpt>
   <trkpt lat="48.7936750" lon="2.2932890">
    <ele>99.1</ele>
    <time>2024-05-03T19:14:14Z</time>
   </trkpt>
   <trkpt lat="48.7936490" lon="2.2932740">
    <ele>99.2</ele>
    <time>2024-05-03T19:14:15Z</time>
   </trkpt>
   <trkpt lat="48.7936400" lon="2.2932700">
    <ele>99.2</ele>
    <time>2024-05-03T19:14:16Z</time>
   </trkpt>
   <trkpt lat="48.7936100" lon="2.2932640">
    <ele>99.3</ele>
    <time>2024-05-03T19:14:17Z</time>
   </trkpt>
   <trkpt lat="48.7935990" lon="2.2932620">
    <ele>99.4</ele>
    <time>2024-05-03T19:14:18Z</time>
   </trkpt>
   <trkpt lat="48.7935660" lon="2.2932460">
    <ele>99.6</ele>
    <time>2024-05-03T19:14:19Z</time>
   </trkpt>
   <trkpt lat="48.7935540" lon="2.2932380">
    <ele>99.6</ele>
    <time>2024-05-03T19:14:20Z</time>
   </trkpt>
   <trkpt lat="48.7935290" lon="2.2932190">
    <ele>99.7</ele>
    <time>2024-05-03T19:14:21Z</time>
   </trkpt>
   <trkpt lat="48.7935020" lon="2.2931780">
    <ele>99.8</ele>
    <time>2024-05-03T19:14:22Z</time>
   </trkpt>
   <trkpt lat="48.7934940" lon="2.2931640">
    <ele>99.9</ele>
    <time>2024-05-03T19:14:23Z</time>
   </trkpt>
   <trkpt lat="48.7934620" lon="2.2931410">
    <ele>100.0</ele>
    <time>2024-05-03T19:14:24Z</time>
   </trkpt>
   <trkpt lat="48.7934510" lon="2.2931330">
    <ele>100.0</ele>
    <time>2024-05-03T19:14:25Z</time>
   </trkpt>
   <trkpt lat="48.7934170" lon="2.2931120">
    <ele>100.2</ele>
    <time>2024-05-03T19:14:26Z</time>
   </trkpt>
   <trkpt lat="48.7934060" lon="2.2931050">
    <ele>100.2</ele>
    <time>2024-05-03T19:14:27Z</time>
   </trkpt>
   <trkpt lat="48.7933790" lon="2.2930890">
    <ele>100.3</ele>
    <time>2024-05-03T19:14:28Z</time>
   </trkpt>
   <trkpt lat="48.7933510" lon="2.2930740">
    <ele>100.5</ele>
    <time>2024-05-03T19:14:29Z</time>
   </trkpt>
   <trkpt lat="48.7933230" lon="2.2930610">
    <ele>100.6</ele>
    <time>2024-05-03T19:14:30Z</time>
   </trkpt>
   <trkpt lat="48.7932930" lon="2.2930520">
    <ele>100.7</ele>
    <time>2024-05-03T19:14:31Z</time>
   </trkpt>
   <trkpt lat="48.7932620" lon="2.2930440">
    <ele>100.8</ele>
    <time>2024-05-03T19:14:32Z</time>
   </trkpt>
   <trkpt lat="48.7932300" lon="2.2930360">
    <ele>101.0</ele>
    <time>2024-05-03T19:14:33Z</time>
   </trkpt>
   <trkpt lat="48.7931990" lon="2.2930250">
    <ele>101.1</ele>
    <time>2024-05-03T19:14:34Z</time>
   </trkpt>
   <trkpt lat="48.7931690" lon="2.2930110">
    <ele>101.2</ele>
    <time>2024-05-03T19:14:35Z</time>
   </trkpt>
   <trkpt lat="48.7931400" lon="2.2929980">
    <ele>101.3</ele>
    <time>2024-05-03T19:14:36Z</time>
   </trkpt>
   <trkpt lat="48.7931110" lon="2.2929890">
    <ele>101.4</ele>
    <time>2024-05-03T19:14:37Z</time>
   </trkpt>
   <trkpt lat="48.7930820" lon="2.2929780">
    <ele>101.6</ele>
    <time>2024-05-03T19:14:38Z</time>
   </trkpt>
   <trkpt lat="48.7930520" lon="2.2929660">
    <ele>101.7</ele>
    <time>2024-05-03T19:14:39Z</time>
   </trkpt>
   <trkpt lat="48.7930210" lon="2.2929560">
    <ele>101.8</ele>
    <time>2024-05-03T19:14:40Z</time>
   </trkpt>
   <trkpt lat="48.7929910" lon="2.2929450">
    <ele>101.9</ele>
    <time>2024-05-03T19:14:41Z</time>
   </trkpt>
   <trkpt lat="48.7929620" lon="2.2929340">
    <ele>102.1</ele>
    <time>2024-05-03T19:14:42Z</time>
   </trkpt>
   <trkpt lat="48.7929320" lon="2.2929270">
    <ele>102.2</ele>
    <time>2024-05-03T19:14:43Z</time>
   </trkpt>
   <trkpt lat="48.7929020" lon="2.2929220">
    <ele>102.3</ele>
    <time>2024-05-03T19:14:44Z</time>
   </trkpt>
   <trkpt lat="48.7928730" lon="2.2929130">
    <ele>102.4</ele>
    <time>2024-05-03T19:14:45Z</time>
   </trkpt>
   <trkpt lat="48.7928430" lon="2.2929020">
    <ele>102.6</ele>
    <time>2024-05-03T19:14:46Z</time>
   </trkpt>
   <trkpt lat="48.7928150" lon="2.2928900">
    <ele>102.7</ele>
    <time>2024-05-03T19:14:47Z</time>
   </trkpt>
   <trkpt lat="48.7927870" lon="2.2928820">
    <ele>102.8</ele>
    <time>2024-05-03T19:14:48Z</time>
   </trkpt>
   <trkpt lat="48.7927580" lon="2.2928760">
    <ele>102.9</ele>
    <time>2024-05-03T19:14:49Z</time>
   </trkpt>
   <trkpt lat="48.7927300" lon="2.2928670">
    <ele>103.0</ele>
    <time>2024-05-03T19:14:50Z</time>
   </trkpt>
   <trkpt lat="48.7927020" lon="2.2928530">
    <ele>103.2</ele>
    <time>2024-05-03T19:14:51Z</time>
   </trkpt>
   <trkpt lat="48.7926730" lon="2.2928390">
    <ele>103.3</ele>
    <time>2024-05-03T19:14:52Z</time>
   </trkpt>
   <trkpt lat="48.7926460" lon="2.2928280">
    <ele>103.4</ele>
    <time>2024-05-03T19:14:53Z</time>
   </trkpt>
   <trkpt lat="48.7926180" lon="2.2928130">
    <ele>103.5</ele>
    <time>2024-05-03T19:14:54Z</time>
   </trkpt>
   <trkpt lat="48.7925880" lon="2.2927990">
    <ele>103.6</ele>
    <time>2024-05-03T19:14:55Z</time>
   </trkpt>
   <trkpt lat="48.7925550" lon="2.2927910">
    <ele>103.7</ele>
    <time>2024-05-03T19:14:56Z</time>
   </trkpt>
   <trkpt lat="48.7925230" lon="2.2927810">
    <ele>103.8</ele>
    <time>2024-05-03T19:14:57Z</time>
   </trkpt>
   <trkpt lat="48.7924920" lon="2.2927690">
    <ele>103.9</ele>
    <time>2024-05-03T19:14:58Z</time>
   </trkpt>
   <trkpt lat="48.7924610" lon="2.2927570">
    <ele>104.0</ele>
    <time>2024-05-03T19:14:59Z</time>
   </trkpt>
   <trkpt lat="48.7924310" lon="2.2927440">
    <ele>104.1</ele>
    <time>2024-05-03T19:15:00Z</time>
   </trkpt>
   <trkpt lat="48.7924000" lon="2.2927310">
    <ele>104.2</ele>
    <time>2024-05-03T19:15:01Z</time>
   </trkpt>
   <trkpt lat="48.7923660" lon="2.2927200">
    <ele>104.3</ele>
    <time>2024-05-03T19:15:02Z</time>
   </trkpt>
   <trkpt lat="48.7923320" lon="2.2927130">
    <ele>104.3</ele>
    <time>2024-05-03T19:15:03Z</time>
   </trkpt>
   <trkpt lat="48.7922970" lon="2.2927100">
    <ele>104.4</ele>
    <time>2024-05-03T19:15:04Z</time>
   </trkpt>
   <trkpt lat="48.7922610" lon="2.2927050">
    <ele>104.5</ele>
    <time>2024-05-03T19:15:05Z</time>
   </trkpt>
   <trkpt lat="48.7922250" lon="2.2926980">
    <ele>104.6</ele>
    <time>2024-05-03T19:15:06Z</time>
   </trkpt>
   <trkpt lat="48.7921880" lon="2.2926930">
    <ele>104.7</ele>
    <time>2024-05-03T19:15:07Z</time>
   </trkpt>
   <trkpt lat="48.7921510" lon="2.2926880">
    <ele>104.7</ele>
    <time>2024-05-03T19:15:08Z</time>
   </trkpt>
   <trkpt lat="48.7921140" lon="2.2926840">
    <ele>104.8</ele>
    <time>2024-05-03T19:15:09Z</time>
   </trkpt>
   <trkpt lat="48.7920770" lon="2.2926850">
    <ele>104.9</ele>
    <time>2024-05-03T19:15:10Z</time>
   </trkpt>
   <trkpt lat="48.7920400" lon="2.2926880">
    <ele>105.0</ele>
    <time>2024-05-03T19:15:11Z</time>
   </trkpt>
   <trkpt lat="48.7920040" lon="2.2926870">
    <ele>105.0</ele>
    <time>2024-05-03T19:15:12Z</time>
   </trkpt>
   <trkpt lat="48.7919700" lon="2.2926870">
    <ele>105.1</ele>
    <time>2024-05-03T19:15:13Z</time>
   </trkpt>
   <trkpt lat="48.7919370" lon="2.2926830">
    <ele>105.2</ele>
    <time>2024-05-03T19:15:14Z</time>
   </trkpt>
   <trkpt lat="48.7919040" lon="2.2926720">
    <ele>105.3</ele>
    <time>2024-05-03T19:15:15Z</time>
   </trkpt>
   <trkpt lat="48.7918710" lon="2.2926580">
    <ele>105.3</ele>
    <time>2024-05-03T19:15:16Z</time>
   </trkpt>
   <trkpt lat="48.7918400" lon="2.2926380">
    <ele>105.4</ele>
    <time>2024-05-03T19:15:17Z</time>
   </trkpt>
   <trkpt lat="48.7918080" lon="2.2926140">
    <ele>105.4</ele>
    <time>2024-05-03T19:15:18Z</time>
   </trkpt>
   <trkpt lat="48.7917740" lon="2.2925920">
    <ele>105.5</ele>
    <time>2024-05-03T19:15:19Z</time>
   </trkpt>
   <trkpt lat="48.7917410" lon="2.2925630">
    <ele>105.5</ele>
    <time>2024-05-03T19:15:20Z</time>
   </trkpt>
   <trkpt lat="48.7917080" lon="2.2925310">
    <ele>105.6</ele>
    <time>2024-05-03T19:15:21Z</time>
   </trkpt>
   <trkpt lat="48.7916770" lon="2.2924930">
    <ele>105.6</ele>
    <time>2024-05-03T19:15:22Z</time>
   </trkpt>
   <trkpt lat="48.7916500" lon="2.2924500">
    <ele>105.6</ele>
    <time>2024-05-03T19:15:23Z</time>
   </trkpt>
   <trkpt lat="48.7916220" lon="2.2924070">
    <ele>105.7</ele>
    <time>2024-05-03T19:15:24Z</time>
   </trkpt>
   <trkpt lat="48.7915930" lon="2.2923640">
    <ele>105.7</ele>
    <time>2024-05-03T19:15:25Z</time>
   </trkpt>
   <trkpt lat="48.7915630" lon="2.2923230">
    <ele>105.7</ele>
    <time>2024-05-03T19:15:26Z</time>
   </trkpt>
   <trkpt lat="48.7915300" lon="2.2922830">
    <ele>105.8</ele>
    <time>2024-05-03T19:15:27Z</time>
   </trkpt>
   <trkpt lat="48.7915000" lon="2.2922390">
    <ele>105.8</ele>
    <time>2024-05-03T19:15:28Z</time>
   </trkpt>
   <trkpt lat="48.7914700" lon="2.2921910">
    <ele>105.8</ele>
    <time>2024-05-03T19:15:29Z</time>
   </trkpt>
   <trkpt lat="48.7914380" lon="2.2921480">
    <ele>105.9</ele>
    <time>2024-05-03T19:15:30Z</time>
   </trkpt>
   <trkpt lat="48.7914030" lon="2.2921120">
    <ele>105.9</ele>
    <time>2024-05-03T19:15:31Z</time>
   </trkpt>
   <trkpt lat="48.7913630" lon="2.2920870">
    <ele>105.9</ele>
    <time>2024-05-03T19:15:32Z</time>
   </trkpt>
   <trkpt lat="48.7913220" lon="2.2920670">
    <ele>105.9</ele>
    <time>2024-05-03T19:15:33Z</time>
   </trkpt>
   <trkpt lat="48.7912810" lon="2.2920510">
    <ele>105.9</ele>
    <time>2024-05-03T19:15:34Z</time>
   </trkpt>
   <trkpt lat="48.7912390" lon="2.2920380">
    <ele>105.9</ele>
    <time>2024-05-03T19:15:35Z</time>
   </trkpt>
   <trkpt lat="48.7911930" lon="2.2920270">
    <ele>105.9</ele>
    <time>2024-05-03T19:15:36Z</time>
   </trkpt>
   <trkpt lat="48.7911480" lon="2.2920190">
    <ele>106.0</ele>
    <time>2024-05-03T19:15:37Z</time>
   </trkpt>
   <trkpt lat="48.7911030" lon="2.2920070">
    <ele>106.0</ele>
    <time>2024-05-03T19:15:38Z</time>
   </trkpt>
   <trkpt lat="48.7910580" lon="2.2919920">
    <ele>106.0</ele>
    <time>2024-05-03T19:15:39Z</time>
   </trkpt>
   <trkpt lat="48.7910130" lon="2.2919750">
    <ele>105.9</ele>
    <time>2024-05-03T19:15:40Z</time>
   </trkpt>
   <trkpt lat="48.7909670" lon="2.2919620">
    <ele>105.9</ele>
    <time>2024-05-03T19:15:41Z</time>
   </trkpt>
   <trkpt lat="48.7909200" lon="2.2919480">
    <ele>105.9</ele>
    <time>2024-05-03T19:15:42Z</time>
   </trkpt>
   <trkpt lat="48.7908720" lon="2.2919340">
    <ele>105.9</ele>
    <time>2024-05-03T19:15:43Z</time>
   </trkpt>
   <trkpt lat="48.7908250" lon="2.2919190">
    <ele>105.9</ele>
    <time>2024-05-03T19:15:44Z</time>
   </trkpt>
   <trkpt lat="48.7907790" lon="2.2919110">
    <ele>105.9</ele>
    <time>2024-05-03T19:15:45Z</time>
   </trkpt>
   <trkpt lat="48.7907340" lon="2.2919050">
    <ele>105.9</ele>
    <time>2024-05-03T19:15:46Z</time>
   </trkpt>
   <trkpt lat="48.7906890" lon="2.2918890">
    <ele>105.9</ele>
    <time>2024-05-03T19:15:47Z</time>
   </trkpt>
   <trkpt lat="48.7906440" lon="2.2918650">
    <ele>105.9</ele>
    <time>2024-05-03T19:15:48Z</time>
   </trkpt>
   <trkpt lat="48.7906000" lon="2.2918470">
    <ele>105.9</ele>
    <time>2024-05-03T19:15:49Z</time>
   </trkpt>
   <trkpt lat="48.7905590" lon="2.2918320">
    <ele>105.9</ele>
    <time>2024-05-03T19:15:50Z</time>
   </trkpt>
   <trkpt lat="48.7905190" lon="2.2918170">
    <ele>105.8</ele>
    <time>2024-05-03T19:15:51Z</time>
   </trkpt>
   <trkpt lat="48.7904780" lon="2.2918070">
    <ele>105.8</ele>
    <time>2024-05-03T19:15:52Z</time>
   </trkpt>
   <trkpt lat="48.7904380" lon="2.2917990">
    <ele>105.8</ele>
    <time>2024-05-03T19:15:53Z</time>
   </trkpt>
   <trkpt lat="48.7904090" lon="2.2917970">
    <ele>105.7</ele>
    <time>2024-05-03T19:15:54Z</time>
   </trkpt>
   <trkpt lat="48.7903930" lon="2.2917980">
    <ele>105.7</ele>
    <time>2024-05-03T19:15:55Z</time>
   </trkpt>
   <trkpt lat="48.7903860" lon="2.2918000">
    <ele>105.7</ele>
    <time>2024-05-03T19:15:56Z</time>
   </trkpt>
   <trkpt lat="48.7903830" lon="2.2917990">
    <ele>105.7</ele>
    <time>2024-05-03T19:15:57Z</time>
   </trkpt>
   <trkpt lat="48.7903800" lon="2.2917990">
    <ele>105.7</ele>
    <time>2024-05-03T19:15:58Z</time>
   </trkpt>
   <trkpt lat="48.7903710" lon="2.2918020">
    <ele>105.7</ele>
    <time>2024-05-03T19:15:59Z</time>
   </trkpt>
   <trkpt lat="48.7903670" lon="2.2918010">
    <ele>105.6</ele>
    <time>2024-05-03T19:16:00Z</time>
   </trkpt>
   <trkpt lat="48.7903620" lon="2.2918000">
    <ele>105.6</ele>
    <time>2024-05-03T19:16:01Z</time>
   </trkpt>
   <trkpt lat="48.7903570" lon="2.2917990">
    <ele>105.6</ele>
    <time>2024-05-03T19:16:02Z</time>
   </trkpt>
   <trkpt lat="48.7903520" lon="2.2917990">
    <ele>105.6</ele>
    <time>2024-05-03T19:16:03Z</time>
   </trkpt>
   <trkpt lat="48.7903480" lon="2.2917980">
    <ele>105.6</ele>
    <time>2024-05-03T19:16:04Z</time>
   </trkpt>
   <trkpt lat="48.7903430" lon="2.2917970">
    <ele>105.6</ele>
    <time>2024-05-03T19:16:05Z</time>
   </trkpt>
   <trkpt lat="48.7903380" lon="2.2917960">
    <ele>105.6</ele>
    <time>2024-05-03T19:16:06Z</time>
   </trkpt>
   <trkpt lat="48.7903330" lon="2.2917960">
    <ele>105.6</ele>
    <time>2024-05-03T19:16:07Z</time>
   </trkpt>
   <trkpt lat="48.7903290" lon="2.2917950">
    <ele>105.6</ele>
    <time>2024-05-03T19:16:08Z</time>
   </trkpt>
   <trkpt lat="48.7903240" lon="2.2917940">
    <ele>105.6</ele>
    <time>2024-05-03T19:16:09Z</time>
   </trkpt>
   <trkpt lat="48.7903190" lon="2.2917930">
    <ele>105.5</ele>
    <time>2024-05-03T19:16:10Z</time>
   </trkpt>
   <trkpt lat="48.7903140" lon="2.2917930">
    <ele>105.5</ele>
    <time>2024-05-03T19:16:11Z</time>
   </trkpt>
   <trkpt lat="48.7903100" lon="2.2917920">
    <ele>105.5</ele>
    <time>2024-05-03T19:16:12Z</time>
   </trkpt>
   <trkpt lat="48.7903050" lon="2.2917910">
    <ele>105.5</ele>
    <time>2024-05-03T19:16:32Z</time>
   </trkpt>
   <trkpt lat="48.7903000" lon="2.2917900">
    <ele>105.5</ele>
    <time>2024-05-03T19:16:33Z</time>
   </trkpt>
   <trkpt lat="48.7902950" lon="2.2917900">
    <ele>105.5</ele>
    <time>2024-05-03T19:16:34Z</time>
   </trkpt>
   <trkpt lat="48.7902670" lon="2.2917890">
    <ele>105.4</ele>
    <time>2024-05-03T19:16:35Z</time>
   </trkpt>
   <trkpt lat="48.7902370" lon="2.2917860">
    <ele>105.3</ele>
    <time>2024-05-03T19:16:36Z</time>
   </trkpt>
   <trkpt lat="48.7902030" lon="2.2917830">
    <ele>105.2</ele>
    <time>2024-05-03T19:16:37Z</time>
   </trkpt>
   <trkpt lat="48.7901670" lon="2.2917850">
    <ele>105.1</ele>
    <time>2024-05-03T19:16:38Z</time>
   </trkpt>
   <trkpt lat="48.7901290" lon="2.2917940">
    <ele>105.0</ele>
    <time>2024-05-03T19:16:39Z</time>
   </trkpt>
   <trkpt lat="48.7900910" lon="2.2918050">
    <ele>104.9</ele>
    <time>2024-05-03T19:16:40Z</time>
   </trkpt>
   <trkpt lat="48.7900510" lon="2.2918130">
    <ele>104.8</ele>
    <time>2024-05-03T19:16:41Z</time>
   </trkpt>
   <trkpt lat="48.7900100" lon="2.2918130">
    <ele>104.7</ele>
    <time>2024-05-03T19:16:42Z</time>
   </trkpt>
   <trkpt lat="48.7899680" lon="2.2917980">
    <ele>104.5</ele>
    <time>2024-05-03T19:16:43Z</time>
   </trkpt>
   <trkpt lat="48.7899260" lon="2.2917780">
    <ele>104.4</ele>
    <time>2024-05-03T19:16:44Z</time>
   </trkpt>
   <trkpt lat="48.7898820" lon="2.2917650">
    <ele>104.3</ele>
    <time>2024-05-03T19:16:45Z</time>
   </trkpt>
   <trkpt lat="48.7898380" lon="2.2917600">
    <ele>104.2</ele>
    <time>2024-05-03T19:16:46Z</time>
   </trkpt>
   <trkpt lat="48.7897960" lon="2.2917550">
    <ele>104.0</ele>
    <time>2024-05-03T19:16:47Z</time>
   </trkpt>
   <trkpt lat="48.7897610" lon="2.2917400">
    <ele>103.9</ele>
    <time>2024-05-03T19:16:48Z</time>
   </trkpt>
   <trkpt lat="48.7897290" lon="2.2917330">
    <ele>103.8</ele>
    <time>2024-05-03T19:16:49Z</time>
   </trkpt>
   <trkpt lat="48.7896970" lon="2.2917330">
    <ele>103.8</ele>
    <time>2024-05-03T19:16:50Z</time>
   </trkpt>
   <trkpt lat="48.7896650" lon="2.2917310">
    <ele>103.6</ele>
    <time>2024-05-03T19:16:51Z</time>
   </trkpt>
   <trkpt lat="48.7896300" lon="2.2917180">
    <ele>103.3</ele>
    <time>2024-05-03T19:16:52Z</time>
   </trkpt>
   <trkpt lat="48.7895920" lon="2.2917000">
    <ele>103.1</ele>
    <time>2024-05-03T19:16:53Z</time>
   </trkpt>
   <trkpt lat="48.7895580" lon="2.2916640">
    <ele>102.8</ele>
    <time>2024-05-03T19:16:54Z</time>
   </trkpt>
   <trkpt lat="48.7895210" lon="2.2916020">
    <ele>102.3</ele>
    <time>2024-05-03T19:16:55Z</time>
   </trkpt>
   <trkpt lat="48.7894930" lon="2.2915140">
    <ele>101.9</ele>
    <time>2024-05-03T19:16:56Z</time>
   </trkpt>
   <trkpt lat="48.7894490" lon="2.2914520">
    <ele>101.5</ele>
    <time>2024-05-03T19:16:57Z</time>
   </trkpt>
   <trkpt lat="48.7894010" lon="2.2914260">
    <ele>101.1</ele>
    <time>2024-05-03T19:16:58Z</time>
   </trkpt>
   <trkpt lat="48.7893610" lon="2.2914320">
    <ele>100.8</ele>
    <time>2024-05-03T19:16:59Z</time>
   </trkpt>
   <trkpt lat="48.7893220" lon="2.2914580">
    <ele>100.5</ele>
    <time>2024-05-03T19:17:00Z</time>
   </trkpt>
   <trkpt lat="48.7892810" lon="2.2914920">
    <ele>100.2</ele>
    <time>2024-05-03T19:17:01Z</time>
   </trkpt>
   <trkpt lat="48.7892370" lon="2.2915310">
    <ele>99.8</ele>
    <time>2024-05-03T19:17:02Z</time>
   </trkpt>
   <trkpt lat="48.7891890" lon="2.2915640">
    <ele>99.5</ele>
    <time>2024-05-03T19:17:03Z</time>
   </trkpt>
   <trkpt lat="48.7891380" lon="2.2915860">
    <ele>99.2</ele>
    <time>2024-05-03T19:17:04Z</time>
   </trkpt>
   <trkpt lat="48.7890850" lon="2.2915900">
    <ele>98.9</ele>
    <time>2024-05-03T19:17:05Z</time>
   </trkpt>
   <trkpt lat="48.7890340" lon="2.2915740">
    <ele>98.7</ele>
    <time>2024-05-03T19:17:06Z</time>
   </trkpt>
   <trkpt lat="48.7889960" lon="2.2915370">
    <ele>98.5</ele>
    <time>2024-05-03T19:17:07Z</time>
   </trkpt>
   <trkpt lat="48.7889720" lon="2.2914890">
    <ele>98.4</ele>
    <time>2024-05-03T19:17:08Z</time>
   </trkpt>
   <trkpt lat="48.7889570" lon="2.2914350">
    <ele>98.3</ele>
    <time>2024-05-03T19:17:09Z</time>
   </trkpt>
   <trkpt lat="48.7889420" lon="2.2913830">
    <ele>98.2</ele>
    <time>2024-05-03T19:17:10Z</time>
   </trkpt>
   <trkpt lat="48.7889360" lon="2.2913240">
    <ele>98.0</ele>
    <time>2024-05-03T19:17:11Z</time>
   </trkpt>
   <trkpt lat="48.7889460" lon="2.2912670">
    <ele>97.9</ele>
    <time>2024-05-03T19:17:12Z</time>
   </trkpt>
   <trkpt lat="48.7889660" lon="2.2912370">
    <ele>97.9</ele>
    <time>2024-05-03T19:17:13Z</time>
   </trkpt>
   <trkpt lat="48.7889970" lon="2.2912580">
    <ele>97.8</ele>
    <time>2024-05-03T19:17:14Z</time>
   </trkpt>
   <trkpt lat="48.7890070" lon="2.2912760">
    <ele>97.8</ele>
    <time>2024-05-03T19:17:15Z</time>
   </trkpt>
   <trkpt lat="48.7890180" lon="2.2913310">
    <ele>97.7</ele>
    <time>2024-05-03T19:17:16Z</time>
   </trkpt>
   <trkpt lat="48.7890220" lon="2.2913470">
    <ele>97.6</ele>
    <time>2024-05-03T19:17:17Z</time>
   </trkpt>
   <trkpt lat="48.7890490" lon="2.2913810">
    <ele>97.6</ele>
    <time>2024-05-03T19:17:18Z</time>
   </trkpt>
   <trkpt lat="48.7890580" lon="2.2913930">
    <ele>97.5</ele>
    <time>2024-05-03T19:17:19Z</time>
   </trkpt>
   <trkpt lat="48.7890600" lon="2.2914400">
    <ele>97.5</ele>
    <time>2024-05-03T19:17:20Z</time>
   </trkpt>
   <trkpt lat="48.7890050" lon="2.2914740">
    <ele>96.7</ele>
    <time>2024-05-03T19:17:21Z</time>
   </trkpt>
   <trkpt lat="48.7889590" lon="2.2914990">
    <ele>96.2</ele>
    <time>2024-05-03T19:17:22Z</time>
   </trkpt>
   <trkpt lat="48.7889090" lon="2.2915160">
    <ele>95.6</ele>
    <time>2024-05-03T19:17:23Z</time>
   </trkpt>
   <trkpt lat="48.7888600" lon="2.2915140">
    <ele>94.9</ele>
    <time>2024-05-03T19:17:24Z</time>
   </trkpt>
   <trkpt lat="48.7888270" lon="2.2914960">
    <ele>94.6</ele>
    <time>2024-05-03T19:17:25Z</time>
   </trkpt>
   <trkpt lat="48.7887990" lon="2.2914660">
    <ele>94.3</ele>
    <time>2024-05-03T19:17:26Z</time>
   </trkpt>
   <trkpt lat="48.7887860" lon="2.2914280">
    <ele>94.0</ele>
    <time>2024-05-03T19:17:27Z</time>
   </trkpt>
   <trkpt lat="48.7887790" lon="2.2913750">
    <ele>93.6</ele>
    <time>2024-05-03T19:17:28Z</time>
   </trkpt>
   <trkpt lat="48.7887860" lon="2.2913090">
    <ele>93.2</ele>
    <time>2024-05-03T19:17:29Z</time>
   </trkpt>
   <trkpt lat="48.7887970" lon="2.2912510">
    <ele>92.8</ele>
    <time>2024-05-03T19:17:30Z</time>
   </trkpt>
   <trkpt lat="48.7887910" lon="2.2912060">
    <ele>92.5</ele>
    <time>2024-05-03T19:17:31Z</time>
   </trkpt>
   <trkpt lat="48.7887620" lon="2.2911770">
    <ele>92.0</ele>
    <time>2024-05-03T19:17:32Z</time>
   </trkpt>
   <trkpt lat="48.7887220" lon="2.2911720">
    <ele>91.5</ele>
    <time>2024-05-03T19:17:33Z</time>
   </trkpt>
   <trkpt lat="48.7886800" lon="2.2911770">
    <ele>91.0</ele>
    <time>2024-05-03T19:17:34Z</time>
   </trkpt>
   <trkpt lat="48.7886380" lon="2.2911830">
    <ele>90.4</ele>
    <time>2024-05-03T19:17:35Z</time>
   </trkpt>
   <trkpt lat="48.7885950" lon="2.2911930">
    <ele>89.9</ele>
    <time>2024-05-03T19:17:36Z</time>
   </trkpt>
   <trkpt lat="48.7885480" lon="2.2912150">
    <ele>89.2</ele>
    <time>2024-05-03T19:17:37Z</time>
   </trkpt>
   <trkpt lat="48.7885070" lon="2.2912400">
    <ele>88.8</ele>
    <time>2024-05-03T19:17:38Z</time>
   </trkpt>
   <trkpt lat="48.7884630" lon="2.2912570">
    <ele>88.3</ele>
    <time>2024-05-03T19:17:39Z</time>
   </trkpt>
   <trkpt lat="48.7884150" lon="2.2912620">
    <ele>87.8</ele>
    <time>2024-05-03T19:17:40Z</time>
   </trkpt>
   <trkpt lat="48.7883680" lon="2.2912460">
    <ele>87.4</ele>
    <time>2024-05-03T19:17:41Z</time>
   </trkpt>
   <trkpt lat="48.7883280" lon="2.2912080">
    <ele>87.0</ele>
    <time>2024-05-03T19:17:42Z</time>
   </trkpt>
   <trkpt lat="48.7882970" lon="2.2911560">
    <ele>86.8</ele>
    <time>2024-05-03T19:17:43Z</time>
   </trkpt>
   <trkpt lat="48.7882750" lon="2.2910970">
    <ele>86.7</ele>
    <time>2024-05-03T19:17:44Z</time>
   </trkpt>
   <trkpt lat="48.7882520" lon="2.2910420">
    <ele>86.5</ele>
    <time>2024-05-03T19:17:45Z</time>
   </trkpt>
   <trkpt lat="48.7882180" lon="2.2909870">
    <ele>86.2</ele>
    <time>2024-05-03T19:17:46Z</time>
   </trkpt>
   <trkpt lat="48.7881730" lon="2.2909340">
    <ele>85.8</ele>
    <time>2024-05-03T19:17:47Z</time>
   </trkpt>
   <trkpt lat="48.7881280" lon="2.2908760">
    <ele>85.5</ele>
    <time>2024-05-03T19:17:48Z</time>
   </trkpt>
   <trkpt lat="48.7880900" lon="2.2908140">
    <ele>85.3</ele>
    <time>2024-05-03T19:17:49Z</time>
   </trkpt>
   <trkpt lat="48.7880640" lon="2.2907600">
    <ele>85.1</ele>
    <time>2024-05-03T19:17:50Z</time>
   </trkpt>
   <trkpt lat="48.7880490" lon="2.2907200">
    <ele>85.0</ele>
    <time>2024-05-03T19:17:51Z</time>
   </trkpt>
   <trkpt lat="48.7880510" lon="2.2906760">
    <ele>84.9</ele>
    <time>2024-05-03T19:17:52Z</time>
   </trkpt>
   <trkpt lat="48.7880460" lon="2.2906290">
    <ele>84.9</ele>
    <time>2024-05-03T19:17:53Z</time>
   </trkpt>
   <trkpt lat="48.7880210" lon="2.2905850">
    <ele>84.8</ele>
    <time>2024-05-03T19:17:54Z</time>
   </trkpt>
   <trkpt lat="48.7879870" lon="2.2905510">
    <ele>84.8</ele>
    <time>2024-05-03T19:17:55Z</time>
   </trkpt>
   <trkpt lat="48.7879490" lon="2.2905300">
    <ele>84.7</ele>
    <time>2024-05-03T19:17:56Z</time>
   </trkpt>
   <trkpt lat="48.7879120" lon="2.2905190">
    <ele>84.8</ele>
    <time>2024-05-03T19:17:57Z</time>
   </trkpt>
   <trkpt lat="48.7878750" lon="2.2905350">
    <ele>84.8</ele>
    <time>2024-05-03T19:17:58Z</time>
   </trkpt>
   <trkpt lat="48.7878460" lon="2.2905830">
    <ele>84.9</ele>
    <time>2024-05-03T19:17:59Z</time>
   </trkpt>
   <trkpt lat="48.7878250" lon="2.2906360">
    <ele>85.0</ele>
    <time>2024-05-03T19:18:00Z</time>
   </trkpt>
   <trkpt lat="48.7878010" lon="2.2906800">
    <ele>85.1</ele>
    <time>2024-05-03T19:18:01Z</time>
   </trkpt>
   <trkpt lat="48.7877700" lon="2.2907100">
    <ele>85.2</ele>
    <time>2024-05-03T19:18:02Z</time>
   </trkpt>
   <trkpt lat="48.7877370" lon="2.2907300">
    <ele>85.4</ele>
    <time>2024-05-03T19:18:03Z</time>
   </trkpt>
   <trkpt lat="48.7877030" lon="2.2907440">
    <ele>85.5</ele>
    <time>2024-05-03T19:18:04Z</time>
   </trkpt>
   <trkpt lat="48.7876670" lon="2.2907480">
    <ele>85.6</ele>
    <time>2024-05-03T19:18:05Z</time>
   </trkpt>
   <trkpt lat="48.7876320" lon="2.2907360">
    <ele>85.6</ele>
    <time>2024-05-03T19:18:06Z</time>
   </trkpt>
   <trkpt lat="48.7875990" lon="2.2907130">
    <ele>85.8</ele>
    <time>2024-05-03T19:18:07Z</time>
   </trkpt>
   <trkpt lat="48.7875680" lon="2.2906800">
    <ele>86.1</ele>
    <time>2024-05-03T19:18:08Z</time>
   </trkpt>
   <trkpt lat="48.7875430" lon="2.2906420">
    <ele>86.3</ele>
    <time>2024-05-03T19:18:09Z</time>
   </trkpt>
   <trkpt lat="48.7875220" lon="2.2906030">
    <ele>86.6</ele>
    <time>2024-05-03T19:18:10Z</time>
   </trkpt>
   <trkpt lat="48.7875000" lon="2.2905660">
    <ele>86.8</ele>
    <time>2024-05-03T19:18:11Z</time>
   </trkpt>
   <trkpt lat="48.7874790" lon="2.2905290">
    <ele>87.1</ele>
    <time>2024-05-03T19:18:12Z</time>
   </trkpt>
   <trkpt lat="48.7874580" lon="2.2904930">
    <ele>87.3</ele>
    <time>2024-05-03T19:18:13Z</time>
   </trkpt>
   <trkpt lat="48.7874370" lon="2.2904660">
    <ele>87.5</ele>
    <time>2024-05-03T19:18:14Z</time>
   </trkpt>
   <trkpt lat="48.7874120" lon="2.2904230">
    <ele>87.8</ele>
    <time>2024-05-03T19:18:15Z</time>
   </trkpt>
   <trkpt lat="48.7874040" lon="2.2904080">
    <ele>87.9</ele>
    <time>2024-05-03T19:18:16Z</time>
   </trkpt>
   <trkpt lat="48.7873760" lon="2.2903690">
    <ele>88.1</ele>
    <time>2024-05-03T19:18:17Z</time>
   </trkpt>
   <trkpt lat="48.7873670" lon="2.2903570">
    <ele>88.2</ele>
    <time>2024-05-03T19:18:18Z</time>
   </trkpt>
   <trkpt lat="48.7873390" lon="2.2903240">
    <ele>88.3</ele>
    <time>2024-05-03T19:18:19Z</time>
   </trkpt>
   <trkpt lat="48.7873290" lon="2.2903140">
    <ele>88.4</ele>
    <time>2024-05-03T19:18:20Z</time>
   </trkpt>
   <trkpt lat="48.7872970" lon="2.2902940">
    <ele>88.5</ele>
    <time>2024-05-03T19:18:21Z</time>
   </trkpt>
   <trkpt lat="48.7872850" lon="2.2902910">
    <ele>88.5</ele>
    <time>2024-05-03T19:18:22Z</time>
   </trkpt>
   <trkpt lat="48.7872520" lon="2.2902780">
    <ele>88.6</ele>
    <time>2024-05-03T19:18:23Z</time>
   </trkpt>
   <trkpt lat="48.7872410" lon="2.2902740">
    <ele>88.6</ele>
    <time>2024-05-03T19:18:24Z</time>
   </trkpt>
   <trkpt lat="48.7872100" lon="2.2902670">
    <ele>88.6</ele>
    <time>2024-05-03T19:18:25Z</time>
   </trkpt>
   <trkpt lat="48.7871990" lon="2.2902640">
    <ele>88.6</ele>
    <time>2024-05-03T19:18:26Z</time>
   </trkpt>
   <trkpt lat="48.7871610" lon="2.2902620">
    <ele>88.5</ele>
    <time>2024-05-03T19:18:27Z</time>
   </trkpt>
   <trkpt lat="48.7871480" lon="2.2902590">
    <ele>88.5</ele>
    <time>2024-05-03T19:18:28Z</time>
   </trkpt>
   <trkpt lat="48.7871080" lon="2.2902490">
    <ele>88.4</ele>
    <time>2024-05-03T19:18:29Z</time>
   </trkpt>
   <trkpt lat="48.7870930" lon="2.2902440">
    <ele>88.3</ele>
    <time>2024-05-03T19:18:30Z</time>
   </trkpt>
   <trkpt lat="48.7870640" lon="2.2902200">
    <ele>88.2</ele>
    <time>2024-05-03T19:18:31Z</time>
   </trkpt>
   <trkpt lat="48.7870320" lon="2.2901880">
    <ele>88.0</ele>
    <time>2024-05-03T19:18:32Z</time>
   </trkpt>
   <trkpt lat="48.7869980" lon="2.2901550">
    <ele>87.7</ele>
    <time>2024-05-03T19:18:33Z</time>
   </trkpt>
   <trkpt lat="48.7869620" lon="2.2901220">
    <ele>87.4</ele>
    <time>2024-05-03T19:18:34Z</time>
   </trkpt>
   <trkpt lat="48.7869250" lon="2.2900890">
    <ele>87.1</ele>
    <time>2024-05-03T19:18:35Z</time>
   </trkpt>
   <trkpt lat="48.7868880" lon="2.2900540">
    <ele>86.8</ele>
    <time>2024-05-03T19:18:36Z</time>
   </trkpt>
   <trkpt lat="48.7868420" lon="2.2900280">
    <ele>86.4</ele>
    <time>2024-05-03T19:18:37Z</time>
   </trkpt>
   <trkpt lat="48.7867920" lon="2.2900020">
    <ele>86.1</ele>
    <time>2024-05-03T19:18:38Z</time>
   </trkpt>
   <trkpt lat="48.7867410" lon="2.2899810">
    <ele>85.7</ele>
    <time>2024-05-03T19:18:39Z</time>
   </trkpt>
   <trkpt lat="48.7867020" lon="2.2899550">
    <ele>85.4</ele>
    <time>2024-05-03T19:18:40Z</time>
   </trkpt>
   <trkpt lat="48.7866660" lon="2.2899110">
    <ele>85.2</ele>
    <time>2024-05-03T19:18:41Z</time>
   </trkpt>
   <trkpt lat="48.7866250" lon="2.2898930">
    <ele>85.0</ele>
    <time>2024-05-03T19:18:42Z</time>
   </trkpt>
   <trkpt lat="48.7865790" lon="2.2898800">
    <ele>84.9</ele>
    <time>2024-05-03T19:18:43Z</time>
   </trkpt>
   <trkpt lat="48.7865330" lon="2.2898700">
    <ele>84.8</ele>
    <time>2024-05-03T19:18:44Z</time>
   </trkpt>
   <trkpt lat="48.7864940" lon="2.2898700">
    <ele>84.6</ele>
    <time>2024-05-03T19:18:45Z</time>
   </trkpt>
   <trkpt lat="48.7864610" lon="2.2898650">
    <ele>84.5</ele>
    <time>2024-05-03T19:18:46Z</time>
   </trkpt>
   <trkpt lat="48.7864250" lon="2.2898460">
    <ele>84.4</ele>
    <time>2024-05-03T19:18:47Z</time>
   </trkpt>
   <trkpt lat="48.7863850" lon="2.2898150">
    <ele>84.2</ele>
    <time>2024-05-03T19:18:48Z</time>
   </trkpt>
   <trkpt lat="48.7863460" lon="2.2897790">
    <ele>84.0</ele>
    <time>2024-05-03T19:18:49Z</time>
   </trkpt>
   <trkpt lat="48.7863030" lon="2.2897400">
    <ele>83.8</ele>
    <time>2024-05-03T19:18:50Z</time>
   </trkpt>
   <trkpt lat="48.7862610" lon="2.2896980">
    <ele>83.7</ele>
    <time>2024-05-03T19:18:51Z</time>
   </trkpt>
   <trkpt lat="48.7862190" lon="2.2896560">
    <ele>83.6</ele>
    <time>2024-05-03T19:18:52Z</time>
   </trkpt>
   <trkpt lat="48.7861760" lon="2.2896120">
    <ele>83.4</ele>
    <time>2024-05-03T19:18:53Z</time>
   </trkpt>
   <trkpt lat="48.7861310" lon="2.2895730">
    <ele>83.3</ele>
    <time>2024-05-03T19:18:54Z</time>
   </trkpt>
   <trkpt lat="48.7860850" lon="2.2895340">
    <ele>83.2</ele>
    <time>2024-05-03T19:18:55Z</time>
   </trkpt>
   <trkpt lat="48.7860390" lon="2.2894990">
    <ele>83.1</ele>
    <time>2024-05-03T19:18:56Z</time>
   </trkpt>
   <trkpt lat="48.7859910" lon="2.2894640">
    <ele>82.9</ele>
    <time>2024-05-03T19:18:57Z</time>
   </trkpt>
   <trkpt lat="48.7859410" lon="2.2894330">
    <ele>82.8</ele>
    <time>2024-05-03T19:18:58Z</time>
   </trkpt>
   <trkpt lat="48.7858910" lon="2.2894000">
    <ele>82.7</ele>
    <time>2024-05-03T19:18:59Z</time>
   </trkpt>
   <trkpt lat="48.7858380" lon="2.2893710">
    <ele>82.6</ele>
    <time>2024-05-03T19:19:00Z</time>
   </trkpt>
   <trkpt lat="48.7857850" lon="2.2893400">
    <ele>82.5</ele>
    <time>2024-05-03T19:19:01Z</time>
   </trkpt>
   <trkpt lat="48.7857290" lon="2.2893200">
    <ele>82.5</ele>
    <time>2024-05-03T19:19:02Z</time>
   </trkpt>
   <trkpt lat="48.7856760" lon="2.2892970">
    <ele>82.5</ele>
    <time>2024-05-03T19:19:03Z</time>
   </trkpt>
   <trkpt lat="48.7856200" lon="2.2892670">
    <ele>82.5</ele>
    <time>2024-05-03T19:19:04Z</time>
   </trkpt>
   <trkpt lat="48.7855690" lon="2.2892270">
    <ele>82.5</ele>
    <time>2024-05-03T19:19:05Z</time>
   </trkpt>
   <trkpt lat="48.7855230" lon="2.2891740">
    <ele>82.6</ele>
    <time>2024-05-03T19:19:06Z</time>
   </trkpt>
   <trkpt lat="48.7854840" lon="2.2891170">
    <ele>82.7</ele>
    <time>2024-05-03T19:19:07Z</time>
   </trkpt>
   <trkpt lat="48.7854450" lon="2.2890580">
    <ele>82.8</ele>
    <time>2024-05-03T19:19:08Z</time>
   </trkpt>
   <trkpt lat="48.7854080" lon="2.2890000">
    <ele>82.9</ele>
    <time>2024-05-03T19:19:09Z</time>
   </trkpt>
   <trkpt lat="48.7853700" lon="2.2889440">
    <ele>82.9</ele>
    <time>2024-05-03T19:19:10Z</time>
   </trkpt>
   <trkpt lat="48.7853300" lon="2.2888920">
    <ele>83.0</ele>
    <time>2024-05-03T19:19:11Z</time>
   </trkpt>
   <trkpt lat="48.7852920" lon="2.2888380">
    <ele>83.1</ele>
    <time>2024-05-03T19:19:12Z</time>
   </trkpt>
   <trkpt lat="48.7852540" lon="2.2887860">
    <ele>83.1</ele>
    <time>2024-05-03T19:19:13Z</time>
   </trkpt>
   <trkpt lat="48.7852150" lon="2.2887350">
    <ele>83.2</ele>
    <time>2024-05-03T19:19:14Z</time>
   </trkpt>
   <trkpt lat="48.7851720" lon="2.2886870">
    <ele>83.2</ele>
    <time>2024-05-03T19:19:15Z</time>
   </trkpt>
   <trkpt lat="48.7851270" lon="2.2886440">
    <ele>83.2</ele>
    <time>2024-05-03T19:19:16Z</time>
   </trkpt>
   <trkpt lat="48.7850820" lon="2.2886080">
    <ele>83.2</ele>
    <time>2024-05-03T19:19:17Z</time>
   </trkpt>
   <trkpt lat="48.7850340" lon="2.2885690">
    <ele>83.2</ele>
    <time>2024-05-03T19:19:18Z</time>
   </trkpt>
   <trkpt lat="48.7849850" lon="2.2885330">
    <ele>83.3</ele>
    <time>2024-05-03T19:19:19Z</time>
   </trkpt>
   <trkpt lat="48.7849340" lon="2.2884980">
    <ele>83.3</ele>
    <time>2024-05-03T19:19:20Z</time>
   </trkpt>
   <trkpt lat="48.7848850" lon="2.2884660">
    <ele>83.2</ele>
    <time>2024-05-03T19:19:21Z</time>
   </trkpt>
   <trkpt lat="48.7848370" lon="2.2884360">
    <ele>83.2</ele>
    <time>2024-05-03T19:19:22Z</time>
   </trkpt>
   <trkpt lat="48.7847850" lon="2.2884110">
    <ele>83.1</ele>
    <time>2024-05-03T19:19:23Z</time>
   </trkpt>
   <trkpt lat="48.7847340" lon="2.2883840">
    <ele>83.0</ele>
    <time>2024-05-03T19:19:24Z</time>
   </trkpt>
   <trkpt lat="48.7846810" lon="2.2883520">
    <ele>82.9</ele>
    <time>2024-05-03T19:19:25Z</time>
   </trkpt>
   <trkpt lat="48.7846270" lon="2.2883210">
    <ele>82.8</ele>
    <time>2024-05-03T19:19:26Z</time>
   </trkpt>
   <trkpt lat="48.7845720" lon="2.2882970">
    <ele>82.7</ele>
    <time>2024-05-03T19:19:27Z</time>
   </trkpt>
   <trkpt lat="48.7845160" lon="2.2882690">
    <ele>82.6</ele>
    <time>2024-05-03T19:19:28Z</time>
   </trkpt>
   <trkpt lat="48.7844620" lon="2.2882420">
    <ele>82.4</ele>
    <time>2024-05-03T19:19:29Z</time>
   </trkpt>
   <trkpt lat="48.7844080" lon="2.2882100">
    <ele>82.3</ele>
    <time>2024-05-03T19:19:30Z</time>
   </trkpt>
   <trkpt lat="48.7843550" lon="2.2881800">
    <ele>82.1</ele>
    <time>2024-05-03T19:19:31Z</time>
   </trkpt>
   <trkpt lat="48.7842980" lon="2.2881490">
    <ele>82.0</ele>
    <time>2024-05-03T19:19:32Z</time>
   </trkpt>
   <trkpt lat="48.7842440" lon="2.2881190">
    <ele>81.8</ele>
    <time>2024-05-03T19:19:33Z</time>
   </trkpt>
   <trkpt lat="48.7841890" lon="2.2880900">
    <ele>81.7</ele>
    <time>2024-05-03T19:19:34Z</time>
   </trkpt>
   <trkpt lat="48.7841340" lon="2.2880640">
    <ele>81.5</ele>
    <time>2024-05-03T19:19:35Z</time>
   </trkpt>
   <trkpt lat="48.7840770" lon="2.2880370">
    <ele>81.3</ele>
    <time>2024-05-03T19:19:36Z</time>
   </trkpt>
   <trkpt lat="48.7840210" lon="2.2880100">
    <ele>81.1</ele>
    <time>2024-05-03T19:19:37Z</time>
   </trkpt>
   <trkpt lat="48.7839630" lon="2.2879850">
    <ele>80.9</ele>
    <time>2024-05-03T19:19:38Z</time>
   </trkpt>
   <trkpt lat="48.7839050" lon="2.2879590">
    <ele>80.7</ele>
    <time>2024-05-03T19:19:39Z</time>
   </trkpt>
   <trkpt lat="48.7838420" lon="2.2879350">
    <ele>80.5</ele>
    <time>2024-05-03T19:19:40Z</time>
   </trkpt>
   <trkpt lat="48.7837830" lon="2.2879050">
    <ele>80.3</ele>
    <time>2024-05-03T19:19:41Z</time>
   </trkpt>
   <trkpt lat="48.7837260" lon="2.2878660">
    <ele>80.0</ele>
    <time>2024-05-03T19:19:42Z</time>
   </trkpt>
   <trkpt lat="48.7836770" lon="2.2878160">
    <ele>79.8</ele>
    <time>2024-05-03T19:19:43Z</time>
   </trkpt>
   <trkpt lat="48.7836410" lon="2.2877550">
    <ele>79.5</ele>
    <time>2024-05-03T19:19:44Z</time>
   </trkpt>
   <trkpt lat="48.7836110" lon="2.2876970">
    <ele>79.2</ele>
    <time>2024-05-03T19:19:45Z</time>
   </trkpt>
   <trkpt lat="48.7835840" lon="2.2876350">
    <ele>79.0</ele>
    <time>2024-05-03T19:19:46Z</time>
   </trkpt>
   <trkpt lat="48.7835700" lon="2.2875580">
    <ele>78.7</ele>
    <time>2024-05-03T19:19:47Z</time>
   </trkpt>
   <trkpt lat="48.7835500" lon="2.2874870">
    <ele>78.4</ele>
    <time>2024-05-03T19:19:48Z</time>
   </trkpt>
   <trkpt lat="48.7835220" lon="2.2874940">
    <ele>78.3</ele>
    <time>2024-05-03T19:19:49Z</time>
   </trkpt>
   <trkpt lat="48.7834840" lon="2.2875120">
    <ele>78.3</ele>
    <time>2024-05-03T19:19:50Z</time>
   </trkpt>
   <trkpt lat="48.7834720" lon="2.2875210">
    <ele>78.3</ele>
    <time>2024-05-03T19:19:51Z</time>
   </trkpt>
   <trkpt lat="48.7834390" lon="2.2875230">
    <ele>78.3</ele>
    <time>2024-05-03T19:19:52Z</time>
   </trkpt>
   <trkpt lat="48.7834030" lon="2.2875170">
    <ele>78.3</ele>
    <time>2024-05-03T19:19:53Z</time>
   </trkpt>
   <trkpt lat="48.7833660" lon="2.2875240">
    <ele>78.3</ele>
    <time>2024-05-03T19:19:54Z</time>
   </trkpt>
   <trkpt lat="48.7833330" lon="2.2875230">
    <ele>78.3</ele>
    <time>2024-05-03T19:19:55Z</time>
   </trkpt>
   <trkpt lat="48.7833110" lon="2.2874840">
    <ele>78.3</ele>
    <time>2024-05-03T19:19:56Z</time>
   </trkpt>
   <trkpt lat="48.7833130" lon="2.2874250">
    <ele>78.3</ele>
    <time>2024-05-03T19:19:57Z</time>
   </trkpt>
   <trkpt lat="48.7833100" lon="2.2873690">
    <ele>78.4</ele>
    <time>2024-05-03T19:19:58Z</time>
   </trkpt>
   <trkpt lat="48.7833010" lon="2.2873130">
    <ele>78.4</ele>
    <time>2024-05-03T19:19:59Z</time>
   </trkpt>
   <trkpt lat="48.7832890" lon="2.2872590">
    <ele>78.4</ele>
    <time>2024-05-03T19:20:00Z</time>
   </trkpt>
   <trkpt lat="48.7832780" lon="2.2872100">
    <ele>78.4</ele>
    <time>2024-05-03T19:20:01Z</time>
   </trkpt>
   <trkpt lat="48.7832620" lon="2.2871690">
    <ele>78.4</ele>
    <time>2024-05-03T19:20:02Z</time>
   </trkpt>
   <trkpt lat="48.7832570" lon="2.2871610">
    <ele>78.4</ele>
    <time>2024-05-03T19:20:03Z</time>
   </trkpt>
   <trkpt lat="48.7832470" lon="2.2871540">
    <ele>78.4</ele>
    <time>2024-05-03T19:20:04Z</time>
   </trkpt>
   <trkpt lat="48.7832360" lon="2.2871500">
    <ele>78.4</ele>
    <time>2024-05-03T19:20:05Z</time>
   </trkpt>
   <trkpt lat="48.7832300" lon="2.2871530">
    <ele>78.4</ele>
    <time>2024-05-03T19:20:06Z</time>
   </trkpt>
   <trkpt lat="48.7832240" lon="2.2871520">
    <ele>78.4</ele>
    <time>2024-05-03T19:20:07Z</time>
   </trkpt>
   <trkpt lat="48.7832190" lon="2.2871470">
    <ele>78.4</ele>
    <time>2024-05-03T19:20:08Z</time>
   </trkpt>
   <trkpt lat="48.7832140" lon="2.2871420">
    <ele>78.4</ele>
    <time>2024-05-03T19:20:09Z</time>
   </trkpt>
   <trkpt lat="48.7832080" lon="2.2871380">
    <ele>78.4</ele>
    <time>2024-05-03T19:20:10Z</time>
   </trkpt>
   <trkpt lat="48.7832030" lon="2.2871330">
    <ele>78.4</ele>
    <time>2024-05-03T19:20:11Z</time>
   </trkpt>
   <trkpt lat="48.7831980" lon="2.2871280">
    <ele>78.4</ele>
    <time>2024-05-03T19:20:12Z</time>
   </trkpt>
   <trkpt lat="48.7831920" lon="2.2871240">
    <ele>78.5</ele>
    <time>2024-05-03T19:20:13Z</time>
   </trkpt>
   <trkpt lat="48.7831870" lon="2.2871190">
    <ele>78.5</ele>
    <time>2024-05-03T19:20:14Z</time>
   </trkpt>
   <trkpt lat="48.7831820" lon="2.2871140">
    <ele>78.5</ele>
    <time>2024-05-03T19:20:15Z</time>
   </trkpt>
   <trkpt lat="48.7831760" lon="2.2871090">
    <ele>78.5</ele>
    <time>2024-05-03T19:20:16Z</time>
   </trkpt>
   <trkpt lat="48.7831710" lon="2.2871050">
    <ele>78.5</ele>
    <time>2024-05-03T19:20:17Z</time>
   </trkpt>
   <trkpt lat="48.7831660" lon="2.2871000">
    <ele>78.5</ele>
    <time>2024-05-03T19:20:21Z</time>
   </trkpt>
   <trkpt lat="48.7831600" lon="2.2870950">
    <ele>78.5</ele>
    <time>2024-05-03T19:20:22Z</time>
   </trkpt>
   <trkpt lat="48.7831550" lon="2.2870900">
    <ele>78.5</ele>
    <time>2024-05-03T19:20:23Z</time>
   </trkpt>
   <trkpt lat="48.7831180" lon="2.2870710">
    <ele>78.6</ele>
    <time>2024-05-03T19:20:24Z</time>
   </trkpt>
   <trkpt lat="48.7831060" lon="2.2870630">
    <ele>78.6</ele>
    <time>2024-05-03T19:20:25Z</time>
   </trkpt>
   <trkpt lat="48.7830730" lon="2.2870310">
    <ele>78.7</ele>
    <time>2024-05-03T19:20:26Z</time>
   </trkpt>
   <trkpt lat="48.7830620" lon="2.2870190">
    <ele>78.7</ele>
    <time>2024-05-03T19:20:27Z</time>
   </trkpt>
   <trkpt lat="48.7830240" lon="2.2869920">
    <ele>78.8</ele>
    <time>2024-05-03T19:20:28Z</time>
   </trkpt>
   <trkpt lat="48.7830100" lon="2.2869820">
    <ele>78.9</ele>
    <time>2024-05-03T19:20:29Z</time>
   </trkpt>
   <trkpt lat="48.7829810" lon="2.2869530">
    <ele>79.0</ele>
    <time>2024-05-03T19:20:30Z</time>
   </trkpt>
   <trkpt lat="48.7829550" lon="2.2869250">
    <ele>79.0</ele>
    <time>2024-05-03T19:20:31Z</time>
   </trkpt>
   <trkpt lat="48.7829300" lon="2.2869010">
    <ele>79.1</ele>
    <time>2024-05-03T19:20:32Z</time>
   </trkpt>
   <trkpt lat="48.7829020" lon="2.2868820">
    <ele>79.2</ele>
    <time>2024-05-03T19:20:33Z</time>
   </trkpt>
   <trkpt lat="48.7828720" lon="2.2868620">
    <ele>79.3</ele>
    <time>2024-05-03T19:20:34Z</time>
   </trkpt>
   <trkpt lat="48.7828390" lon="2.2868420">
    <ele>79.4</ele>
    <time>2024-05-03T19:20:35Z</time>
   </trkpt>
   <trkpt lat="48.7828090" lon="2.2868270">
    <ele>79.5</ele>
    <time>2024-05-03T19:20:36Z</time>
   </trkpt>
   <trkpt lat="48.7827780" lon="2.2868160">
    <ele>79.6</ele>
    <time>2024-05-03T19:20:37Z</time>
   </trkpt>
   <trkpt lat="48.7827440" lon="2.2868140">
    <ele>79.8</ele>
    <time>2024-05-03T19:20:38Z</time>
   </trkpt>
   <trkpt lat="48.7827110" lon="2.2868220">
    <ele>79.9</ele>
    <time>2024-05-03T19:20:39Z</time>
   </trkpt>
   <trkpt lat="48.7826770" lon="2.2868370">
    <ele>80.0</ele>
    <time>2024-05-03T19:20:40Z</time>
   </trkpt>
   <trkpt lat="48.7826470" lon="2.2868560">
    <ele>80.1</ele>
    <time>2024-05-03T19:20:41Z</time>
   </trkpt>
   <trkpt lat="48.7826160" lon="2.2868780">
    <ele>80.3</ele>
    <time>2024-05-03T19:20:42Z</time>
   </trkpt>
   <trkpt lat="48.7825840" lon="2.2868980">
    <ele>80.4</ele>
    <time>2024-05-03T19:20:43Z</time>
   </trkpt>
   <trkpt lat="48.7825520" lon="2.2869190">
    <ele>80.6</ele>
    <time>2024-05-03T19:20:44Z</time>
   </trkpt>
   <trkpt lat="48.7825190" lon="2.2869420">
    <ele>80.8</ele>
    <time>2024-05-03T19:20:45Z</time>
   </trkpt>
   <trkpt lat="48.7824880" lon="2.2869620">
    <ele>81.0</ele>
    <time>2024-05-03T19:20:46Z</time>
   </trkpt>
   <trkpt lat="48.7824550" lon="2.2869800">
    <ele>81.1</ele>
    <time>2024-05-03T19:20:47Z</time>
   </trkpt>
   <trkpt lat="48.7824240" lon="2.2870000">
    <ele>81.3</ele>
    <time>2024-05-03T19:20:48Z</time>
   </trkpt>
   <trkpt lat="48.7823930" lon="2.2870200">
    <ele>81.5</ele>
    <time>2024-05-03T19:20:49Z</time>
   </trkpt>
   <trkpt lat="48.7823630" lon="2.2870410">
    <ele>81.8</ele>
    <time>2024-05-03T19:20:50Z</time>
   </trkpt>
   <trkpt lat="48.7823330" lon="2.2870620">
    <ele>82.0</ele>
    <time>2024-05-03T19:20:51Z</time>
   </trkpt>
   <trkpt lat="48.7823070" lon="2.2870850">
    <ele>82.2</ele>
    <time>2024-05-03T19:20:52Z</time>
   </trkpt>
   <trkpt lat="48.7822750" lon="2.2871220">
    <ele>82.4</ele>
    <time>2024-05-03T19:20:53Z</time>
   </trkpt>
   <trkpt lat="48.7822630" lon="2.2871350">
    <ele>82.5</ele>
    <time>2024-05-03T19:20:54Z</time>
   </trkpt>
   <trkpt lat="48.7822350" lon="2.2871660">
    <ele>82.7</ele>
    <time>2024-05-03T19:20:55Z</time>
   </trkpt>
   <trkpt lat="48.7822070" lon="2.2871990">
    <ele>83.0</ele>
    <time>2024-05-03T19:20:56Z</time>
   </trkpt>
   <trkpt lat="48.7821800" lon="2.2872320">
    <ele>83.2</ele>
    <time>2024-05-03T19:20:57Z</time>
   </trkpt>
   <trkpt lat="48.7821540" lon="2.2872590">
    <ele>83.3</ele>
    <time>2024-05-03T19:20:58Z</time>
   </trkpt>
   <trkpt lat="48.7821310" lon="2.2872860">
    <ele>83.5</ele>
    <time>2024-05-03T19:20:59Z</time>
   </trkpt>
   <trkpt lat="48.7821060" lon="2.2873120">
    <ele>83.7</ele>
    <time>2024-05-03T19:21:00Z</time>
   </trkpt>
   <trkpt lat="48.7820820" lon="2.2873390">
    <ele>83.8</ele>
    <time>2024-05-03T19:21:01Z</time>
   </trkpt>
   <trkpt lat="48.7820580" lon="2.2873630">
    <ele>84.0</ele>
    <time>2024-05-03T19:21:02Z</time>
   </trkpt>
   <trkpt lat="48.7820320" lon="2.2873860">
    <ele>84.1</ele>
    <time>2024-05-03T19:21:03Z</time>
   </trkpt>
   <trkpt lat="48.7820030" lon="2.2874100">
    <ele>84.3</ele>
    <time>2024-05-03T19:21:04Z</time>
   </trkpt>
   <trkpt lat="48.7819720" lon="2.2874280">
    <ele>84.4</ele>
    <time>2024-05-03T19:21:05Z</time>
   </trkpt>
   <trkpt lat="48.7819390" lon="2.2874390">
    <ele>84.6</ele>
    <time>2024-05-03T19:21:06Z</time>
   </trkpt>
   <trkpt lat="48.7819040" lon="2.2874410">
    <ele>84.8</ele>
    <time>2024-05-03T19:21:07Z</time>
   </trkpt>
   <trkpt lat="48.7818720" lon="2.2874310">
    <ele>85.0</ele>
    <time>2024-05-03T19:21:08Z</time>
   </trkpt>
   <trkpt lat="48.7818400" lon="2.2874140">
    <ele>85.1</ele>
    <time>2024-05-03T19:21:09Z</time>
   </trkpt>
   <trkpt lat="48.7818100" lon="2.2873900">
    <ele>85.3</ele>
    <time>2024-05-03T19:21:10Z</time>
   </trkpt>
   <trkpt lat="48.7817800" lon="2.2873600">
    <ele>85.5</ele>
    <time>2024-05-03T19:21:11Z</time>
   </trkpt>
   <trkpt lat="48.7817540" lon="2.2873210">
    <ele>85.6</ele>
    <time>2024-05-03T19:21:12Z</time>
   </trkpt>
   <trkpt lat="48.7817350" lon="2.2872740">
    <ele>85.8</ele>
    <time>2024-05-03T19:21:13Z</time>
   </trkpt>
   <trkpt lat="48.7817200" lon="2.2872240">
    <ele>86.0</ele>
    <time>2024-05-03T19:21:14Z</time>
   </trkpt>
   <trkpt lat="48.7817140" lon="2.2871690">
    <ele>86.2</ele>
    <time>2024-05-03T19:21:15Z</time>
   </trkpt>
   <trkpt lat="48.7817120" lon="2.2871130">
    <ele>86.3</ele>
    <time>2024-05-03T19:21:16Z</time>
   </trkpt>
   <trkpt lat="48.7817100" lon="2.2870550">
    <ele>86.5</ele>
    <time>2024-05-03T19:21:17Z</time>
   </trkpt>
   <trkpt lat="48.7817000" lon="2.2870010">
    <ele>86.7</ele>
    <time>2024-05-03T19:21:18Z</time>
   </trkpt>
   <trkpt lat="48.7816780" lon="2.2869540">
    <ele>86.9</ele>
    <time>2024-05-03T19:21:19Z</time>
   </trkpt>
   <trkpt lat="48.7816480" lon="2.2869130">
    <ele>87.0</ele>
    <time>2024-05-03T19:21:20Z</time>
   </trkpt>
   <trkpt lat="48.7816130" lon="2.2868850">
    <ele>87.2</ele>
    <time>2024-05-03T19:21:21Z</time>
   </trkpt>
   <trkpt lat="48.7815810" lon="2.2868860">
    <ele>87.4</ele>
    <time>2024-05-03T19:21:22Z</time>
   </trkpt>
   <trkpt lat="48.7815560" lon="2.2869030">
    <ele>87.5</ele>
    <time>2024-05-03T19:21:23Z</time>
   </trkpt>
   <trkpt lat="48.7815280" lon="2.2869130">
    <ele>87.6</ele>
    <time>2024-05-03T19:21:24Z</time>
   </trkpt>
   <trkpt lat="48.7814970" lon="2.2869180">
    <ele>87.7</ele>
    <time>2024-05-03T19:21:25Z</time>
   </trkpt>
   <trkpt lat="48.7814680" lon="2.2869090">
    <ele>87.9</ele>
    <time>2024-05-03T19:21:26Z</time>
   </trkpt>
   <trkpt lat="48.7814430" lon="2.2868930">
    <ele>88.0</ele>
    <time>2024-05-03T19:21:27Z</time>
   </trkpt>
   <trkpt lat="48.7814050" lon="2.2868710">
    <ele>88.2</ele>
    <time>2024-05-03T19:21:28Z</time>
   </trkpt>
   <trkpt lat="48.7813920" lon="2.2868630">
    <ele>88.3</ele>
    <time>2024-05-03T19:21:29Z</time>
   </trkpt>
   <trkpt lat="48.7813650" lon="2.2868530">
    <ele>88.4</ele>
    <time>2024-05-03T19:21:30Z</time>
   </trkpt>
   <trkpt lat="48.7813250" lon="2.2868570">
    <ele>88.6</ele>
    <time>2024-05-03T19:21:31Z</time>
   </trkpt>
   <trkpt lat="48.7813120" lon="2.2868590">
    <ele>88.7</ele>
    <time>2024-05-03T19:21:32Z</time>
   </trkpt>
   <trkpt lat="48.7812840" lon="2.2868590">
    <ele>88.8</ele>
    <time>2024-05-03T19:21:33Z</time>
   </trkpt>
   <trkpt lat="48.7812560" lon="2.2868610">
    <ele>89.0</ele>
    <time>2024-05-03T19:21:34Z</time>
   </trkpt>
   <trkpt lat="48.7812270" lon="2.2868580">
    <ele>89.2</ele>
    <time>2024-05-03T19:21:35Z</time>
   </trkpt>
   <trkpt lat="48.7811970" lon="2.2868510">
    <ele>89.3</ele>
    <time>2024-05-03T19:21:36Z</time>
   </trkpt>
   <trkpt lat="48.7811690" lon="2.2868490">
    <ele>89.5</ele>
    <time>2024-05-03T19:21:37Z</time>
   </trkpt>
   <trkpt lat="48.7811430" lon="2.2868600">
    <ele>89.7</ele>
    <time>2024-05-03T19:21:38Z</time>
   </trkpt>
   <trkpt lat="48.7811080" lon="2.2868850">
    <ele>89.9</ele>
    <time>2024-05-03T19:21:39Z</time>
   </trkpt>
   <trkpt lat="48.7810970" lon="2.2868960">
    <ele>90.0</ele>
    <time>2024-05-03T19:21:40Z</time>
   </trkpt>
   <trkpt lat="48.7810760" lon="2.2869400">
    <ele>90.2</ele>
    <time>2024-05-03T19:21:41Z</time>
   </trkpt>
   <trkpt lat="48.7810690" lon="2.2869550">
    <ele>90.3</ele>
    <time>2024-05-03T19:21:42Z</time>
   </trkpt>
   <trkpt lat="48.7810440" lon="2.2870010">
    <ele>90.5</ele>
    <time>2024-05-03T19:21:43Z</time>
   </trkpt>
   <trkpt lat="48.7810340" lon="2.2870160">
    <ele>90.6</ele>
    <time>2024-05-03T19:21:44Z</time>
   </trkpt>
   <trkpt lat="48.7810110" lon="2.2870410">
    <ele>90.8</ele>
    <time>2024-05-03T19:21:45Z</time>
   </trkpt>
   <trkpt lat="48.7809850" lon="2.2870630">
    <ele>90.9</ele>
    <time>2024-05-03T19:21:46Z</time>
   </trkpt>
   <trkpt lat="48.7809590" lon="2.2870830">
    <ele>91.1</ele>
    <time>2024-05-03T19:21:47Z</time>
   </trkpt>
   <trkpt lat="48.7809300" lon="2.2870960">
    <ele>91.3</ele>
    <time>2024-05-03T19:21:48Z</time>
   </trkpt>
   <trkpt lat="48.7809000" lon="2.2871040">
    <ele>91.5</ele>
    <time>2024-05-03T19:21:49Z</time>
   </trkpt>
   <trkpt lat="48.7808700" lon="2.2871110">
    <ele>91.7</ele>
    <time>2024-05-03T19:21:50Z</time>
   </trkpt>
   <trkpt lat="48.7808390" lon="2.2871090">
    <ele>91.9</ele>
    <time>2024-05-03T19:21:51Z</time>
   </trkpt>
   <trkpt lat="48.7808090" lon="2.2871020">
    <ele>92.0</ele>
    <time>2024-05-03T19:21:52Z</time>
   </trkpt>
   <trkpt lat="48.7807790" lon="2.2870910">
    <ele>92.2</ele>
    <time>2024-05-03T19:21:53Z</time>
   </trkpt>
   <trkpt lat="48.7807510" lon="2.2870760">
    <ele>92.4</ele>
    <time>2024-05-03T19:21:54Z</time>
   </trkpt>
   <trkpt lat="48.7807250" lon="2.2870540">
    <ele>92.6</ele>
    <time>2024-05-03T19:21:55Z</time>
   </trkpt>
   <trkpt lat="48.7806990" lon="2.2870300">
    <ele>92.8</ele>
    <time>2024-05-03T19:21:56Z</time>
   </trkpt>
   <trkpt lat="48.7806750" lon="2.2870020">
    <ele>93.0</ele>
    <time>2024-05-03T19:21:57Z</time>
   </trkpt>
   <trkpt lat="48.7806520" lon="2.2869720">
    <ele>93.2</ele>
    <time>2024-05-03T19:21:58Z</time>
   </trkpt>
   <trkpt lat="48.7806330" lon="2.2869390">
    <ele>93.3</ele>
    <time>2024-05-03T19:21:59Z</time>
   </trkpt>
   <trkpt lat="48.7806190" lon="2.2868980">
    <ele>93.5</ele>
    <time>2024-05-03T19:22:00Z</time>
   </trkpt>
   <trkpt lat="48.7806050" lon="2.2868580">
    <ele>93.7</ele>
    <time>2024-05-03T19:22:01Z</time>
   </trkpt>
   <trkpt lat="48.7805920" lon="2.2868170">
    <ele>93.9</ele>
    <time>2024-05-03T19:22:02Z</time>
   </trkpt>
   <trkpt lat="48.7805820" lon="2.2867740">
    <ele>94.1</ele>
    <time>2024-05-03T19:22:03Z</time>
   </trkpt>
   <trkpt lat="48.7805710" lon="2.2867350">
    <ele>94.3</ele>
    <time>2024-05-03T19:22:04Z</time>
   </trkpt>
   <trkpt lat="48.7805560" lon="2.2867000">
    <ele>94.5</ele>
    <time>2024-05-03T19:22:05Z</time>
   </trkpt>
   <trkpt lat="48.7805360" lon="2.2866700">
    <ele>94.7</ele>
    <time>2024-05-03T19:22:06Z</time>
   </trkpt>
   <trkpt lat="48.7805120" lon="2.2866470">
    <ele>94.9</ele>
    <time>2024-05-03T19:22:07Z</time>
   </trkpt>
   <trkpt lat="48.7804750" lon="2.2866280">
    <ele>95.1</ele>
    <time>2024-05-03T19:22:08Z</time>
   </trkpt>
   <trkpt lat="48.7804620" lon="2.2866240">
    <ele>95.2</ele>
    <time>2024-05-03T19:22:09Z</time>
   </trkpt>
   <trkpt lat="48.7804240" lon="2.2866080">
    <ele>95.4</ele>
    <time>2024-05-03T19:22:10Z</time>
   </trkpt>
   <trkpt lat="48.7804110" lon="2.2866030">
    <ele>95.5</ele>
    <time>2024-05-03T19:22:11Z</time>
   </trkpt>
   <trkpt lat="48.7803730" lon="2.2865900">
    <ele>95.8</ele>
    <time>2024-05-03T19:22:12Z</time>
   </trkpt>
   <trkpt lat="48.7803600" lon="2.2865890">
    <ele>95.8</ele>
    <time>2024-05-03T19:22:13Z</time>
   </trkpt>
   <trkpt lat="48.7803250" lon="2.2866050">
    <ele>96.0</ele>
    <time>2024-05-03T19:22:14Z</time>
   </trkpt>
   <trkpt lat="48.7803140" lon="2.2866130">
    <ele>96.1</ele>
    <time>2024-05-03T19:22:15Z</time>
   </trkpt>
   <trkpt lat="48.7802810" lon="2.2866280">
    <ele>96.3</ele>
    <time>2024-05-03T19:22:16Z</time>
   </trkpt>
   <trkpt lat="48.7802690" lon="2.2866300">
    <ele>96.4</ele>
    <time>2024-05-03T19:22:17Z</time>
   </trkpt>
   <trkpt lat="48.7802370" lon="2.2866290">
    <ele>96.5</ele>
    <time>2024-05-03T19:22:18Z</time>
   </trkpt>
   <trkpt lat="48.7802270" lon="2.2866280">
    <ele>96.6</ele>
    <time>2024-05-03T19:22:19Z</time>
   </trkpt>
   <trkpt lat="48.7801920" lon="2.2866020">
    <ele>96.7</ele>
    <time>2024-05-03T19:22:20Z</time>
   </trkpt>
   <trkpt lat="48.7801810" lon="2.2865910">
    <ele>96.8</ele>
    <time>2024-05-03T19:22:21Z</time>
   </trkpt>
   <trkpt lat="48.7801550" lon="2.2865760">
    <ele>96.9</ele>
    <time>2024-05-03T19:22:22Z</time>
   </trkpt>
   <trkpt lat="48.7801220" lon="2.2865750">
    <ele>97.0</ele>
    <time>2024-05-03T19:22:23Z</time>
   </trkpt>
   <trkpt lat="48.7800900" lon="2.2865680">
    <ele>97.2</ele>
    <time>2024-05-03T19:22:24Z</time>
   </trkpt>
   <trkpt lat="48.7800560" lon="2.2865660">
    <ele>97.3</ele>
    <time>2024-05-03T19:22:25Z</time>
   </trkpt>
   <trkpt lat="48.7800220" lon="2.2865620">
    <ele>97.5</ele>
    <time>2024-05-03T19:22:26Z</time>
   </trkpt>
   <trkpt lat="48.7799890" lon="2.2865590">
    <ele>97.7</ele>
    <time>2024-05-03T19:22:27Z</time>
   </trkpt>
   <trkpt lat="48.7799560" lon="2.2865530">
    <ele>97.8</ele>
    <time>2024-05-03T19:22:28Z</time>
   </trkpt>
   <trkpt lat="48.7799210" lon="2.2865470">
    <ele>98.0</ele>
    <time>2024-05-03T19:22:29Z</time>
   </trkpt>
   <trkpt lat="48.7798880" lon="2.2865400">
    <ele>98.2</ele>
    <time>2024-05-03T19:22:30Z</time>
   </trkpt>
   <trkpt lat="48.7798550" lon="2.2865340">
    <ele>98.3</ele>
    <time>2024-05-03T19:22:31Z</time>
   </trkpt>
   <trkpt lat="48.7798220" lon="2.2865270">
    <ele>98.5</ele>
    <time>2024-05-03T19:22:32Z</time>
   </trkpt>
   <trkpt lat="48.7797880" lon="2.2865230">
    <ele>98.7</ele>
    <time>2024-05-03T19:22:33Z</time>
   </trkpt>
   <trkpt lat="48.7797550" lon="2.2865180">
    <ele>98.9</ele>
    <time>2024-05-03T19:22:34Z</time>
   </trkpt>
   <trkpt lat="48.7797220" lon="2.2865120">
    <ele>99.0</ele>
    <time>2024-05-03T19:22:35Z</time>
   </trkpt>
   <trkpt lat="48.7796910" lon="2.2865060">
    <ele>99.1</ele>
    <time>2024-05-03T19:22:36Z</time>
   </trkpt>
   <trkpt lat="48.7796600" lon="2.2865010">
    <ele>99.2</ele>
    <time>2024-05-03T19:22:37Z</time>
   </trkpt>
   <trkpt lat="48.7796260" lon="2.2864950">
    <ele>99.4</ele>
    <time>2024-05-03T19:22:38Z</time>
   </trkpt>
   <trkpt lat="48.7795940" lon="2.2864900">
    <ele>99.5</ele>
    <time>2024-05-03T19:22:39Z</time>
   </trkpt>
   <trkpt lat="48.7795600" lon="2.2864850">
    <ele>99.7</ele>
    <time>2024-05-03T19:22:40Z</time>
   </trkpt>
   <trkpt lat="48.7795260" lon="2.2864820">
    <ele>99.8</ele>
    <time>2024-05-03T19:22:41Z</time>
   </trkpt>
   <trkpt lat="48.7794940" lon="2.2864810">
    <ele>100.0</ele>
    <time>2024-05-03T19:22:42Z</time>
   </trkpt>
   <trkpt lat="48.7794610" lon="2.2864780">
    <ele>100.2</ele>
    <time>2024-05-03T19:22:43Z</time>
   </trkpt>
   <trkpt lat="48.7794280" lon="2.2864720">
    <ele>100.3</ele>
    <time>2024-05-03T19:22:44Z</time>
   </trkpt>
   <trkpt lat="48.7793950" lon="2.2864690">
    <ele>100.5</ele>
    <time>2024-05-03T19:22:45Z</time>
   </trkpt>
   <trkpt lat="48.7793620" lon="2.2864660">
    <ele>100.6</ele>
    <time>2024-05-03T19:22:46Z</time>
   </trkpt>
   <trkpt lat="48.7793320" lon="2.2864610">
    <ele>100.8</ele>
    <time>2024-05-03T19:22:47Z</time>
   </trkpt>
   <trkpt lat="48.7793020" lon="2.2864560">
    <ele>100.9</ele>
    <time>2024-05-03T19:22:48Z</time>
   </trkpt>
   <trkpt lat="48.7792720" lon="2.2864470">
    <ele>101.1</ele>
    <time>2024-05-03T19:22:49Z</time>
   </trkpt>
   <trkpt lat="48.7792420" lon="2.2864360">
    <ele>101.2</ele>
    <time>2024-05-03T19:22:50Z</time>
   </trkpt>
   <trkpt lat="48.7792120" lon="2.2864290">
    <ele>101.3</ele>
    <time>2024-05-03T19:22:51Z</time>
   </trkpt>
   <trkpt lat="48.7791830" lon="2.2864230">
    <ele>101.4</ele>
    <time>2024-05-03T19:22:52Z</time>
   </trkpt>
   <trkpt lat="48.7791540" lon="2.2864180">
    <ele>101.5</ele>
    <time>2024-05-03T19:22:53Z</time>
   </trkpt>
   <trkpt lat="48.7791260" lon="2.2864160">
    <ele>101.6</ele>
    <time>2024-05-03T19:22:54Z</time>
   </trkpt>
   <trkpt lat="48.7790890" lon="2.2864150">
    <ele>101.7</ele>
    <time>2024-05-03T19:22:55Z</time>
   </trkpt>
   <trkpt lat="48.7790770" lon="2.2864150">
    <ele>101.8</ele>
    <time>2024-05-03T19:22:56Z</time>
   </trkpt>
   <trkpt lat="48.7790430" lon="2.2864250">
    <ele>101.8</ele>
    <time>2024-05-03T19:22:57Z</time>
   </trkpt>
   <trkpt lat="48.7790300" lon="2.2864290">
    <ele>101.9</ele>
    <time>2024-05-03T19:22:58Z</time>
   </trkpt>
   <trkpt lat="48.7789970" lon="2.2864230">
    <ele>101.9</ele>
    <time>2024-05-03T19:22:59Z</time>
   </trkpt>
   <trkpt lat="48.7789870" lon="2.2864150">
    <ele>101.9</ele>
    <time>2024-05-03T19:23:00Z</time>
   </trkpt>
   <trkpt lat="48.7789590" lon="2.2863910">
    <ele>102.0</ele>
    <time>2024-05-03T19:23:01Z</time>
   </trkpt>
   <trkpt lat="48.7789470" lon="2.2863900">
    <ele>102.0</ele>
    <time>2024-05-03T19:23:02Z</time>
   </trkpt>
   <trkpt lat="48.7789180" lon="2.2863920">
    <ele>102.0</ele>
    <time>2024-05-03T19:23:03Z</time>
   </trkpt>
   <trkpt lat="48.7788890" lon="2.2863990">
    <ele>102.0</ele>
    <time>2024-05-03T19:23:04Z</time>
   </trkpt>
   <trkpt lat="48.7788510" lon="2.2863940">
    <ele>102.0</ele>
    <time>2024-05-03T19:23:05Z</time>
   </trkpt>
   <trkpt lat="48.7788390" lon="2.2863900">
    <ele>102.0</ele>
    <time>2024-05-03T19:23:06Z</time>
   </trkpt>
   <trkpt lat="48.7788080" lon="2.2863880">
    <ele>101.9</ele>
    <time>2024-05-03T19:23:07Z</time>
   </trkpt>
   <trkpt lat="48.7787980" lon="2.2863900">
    <ele>101.9</ele>
    <time>2024-05-03T19:23:08Z</time>
   </trkpt>
   <trkpt lat="48.7787600" lon="2.2864080">
    <ele>101.9</ele>
    <time>2024-05-03T19:23:09Z</time>
   </trkpt>
   <trkpt lat="48.7787460" lon="2.2864120">
    <ele>101.8</ele>
    <time>2024-05-03T19:23:10Z</time>
   </trkpt>
   <trkpt lat="48.7787120" lon="2.2864040">
    <ele>101.8</ele>
    <time>2024-05-03T19:23:11Z</time>
   </trkpt>
   <trkpt lat="48.7786770" lon="2.2863840">
    <ele>101.7</ele>
    <time>2024-05-03T19:23:12Z</time>
   </trkpt>
   <trkpt lat="48.7786390" lon="2.2863640">
    <ele>101.6</ele>
    <time>2024-05-03T19:23:13Z</time>
   </trkpt>
   <trkpt lat="48.7785990" lon="2.2863510">
    <ele>101.5</ele>
    <time>2024-05-03T19:23:14Z</time>
   </trkpt>
   <trkpt lat="48.7785610" lon="2.2863420">
    <ele>101.5</ele>
    <time>2024-05-03T19:23:15Z</time>
   </trkpt>
   <trkpt lat="48.7785210" lon="2.2863330">
    <ele>101.4</ele>
    <time>2024-05-03T19:23:16Z</time>
   </trkpt>
   <trkpt lat="48.7784790" lon="2.2863250">
    <ele>101.3</ele>
    <time>2024-05-03T19:23:17Z</time>
   </trkpt>
   <trkpt lat="48.7784360" lon="2.2863180">
    <ele>101.2</ele>
    <time>2024-05-03T19:23:18Z</time>
   </trkpt>
   <trkpt lat="48.7783950" lon="2.2863130">
    <ele>101.1</ele>
    <time>2024-05-03T19:23:19Z</time>
   </trkpt>
   <trkpt lat="48.7783560" lon="2.2863110">
    <ele>101.1</ele>
    <time>2024-05-03T19:23:20Z</time>
   </trkpt>
   <trkpt lat="48.7783150" lon="2.2863070">
    <ele>101.0</ele>
    <time>2024-05-03T19:23:21Z</time>
   </trkpt>
   <trkpt lat="48.7782750" lon="2.2863010">
    <ele>100.9</ele>
    <time>2024-05-03T19:23:22Z</time>
   </trkpt>
   <trkpt lat="48.7782320" lon="2.2862950">
    <ele>100.8</ele>
    <time>2024-05-03T19:23:23Z</time>
   </trkpt>
   <trkpt lat="48.7781890" lon="2.2862880">
    <ele>100.6</ele>
    <time>2024-05-03T19:23:24Z</time>
   </trkpt>
   <trkpt lat="48.7781420" lon="2.2862820">
    <ele>100.5</ele>
    <time>2024-05-03T19:23:25Z</time>
   </trkpt>
   <trkpt lat="48.7780960" lon="2.2862730">
    <ele>100.4</ele>
    <time>2024-05-03T19:23:26Z</time>
   </trkpt>
   <trkpt lat="48.7780490" lon="2.2862640">
    <ele>100.2</ele>
    <time>2024-05-03T19:23:27Z</time>
   </trkpt>
   <trkpt lat="48.7780030" lon="2.2862670">
    <ele>100.0</ele>
    <time>2024-05-03T19:23:28Z</time>
   </trkpt>
   <trkpt lat="48.7779560" lon="2.2862550">
    <ele>99.8</ele>
    <time>2024-05-03T19:23:29Z</time>
   </trkpt>
   <trkpt lat="48.7779090" lon="2.2862440">
    <ele>99.6</ele>
    <time>2024-05-03T19:23:30Z</time>
   </trkpt>
   <trkpt lat="48.7778610" lon="2.2862370">
    <ele>99.4</ele>
    <time>2024-05-03T19:23:31Z</time>
   </trkpt>
   <trkpt lat="48.7778070" lon="2.2862340">
    <ele>99.1</ele>
    <time>2024-05-03T19:23:32Z</time>
   </trkpt>
   <trkpt lat="48.7777470" lon="2.2862380">
    <ele>98.7</ele>
    <time>2024-05-03T19:23:33Z</time>
   </trkpt>
   <trkpt lat="48.7776840" lon="2.2862350">
    <ele>98.3</ele>
    <time>2024-05-03T19:23:34Z</time>
   </trkpt>
   <trkpt lat="48.7776160" lon="2.2862250">
    <ele>97.6</ele>
    <time>2024-05-03T19:23:35Z</time>
   </trkpt>
   <trkpt lat="48.7775450" lon="2.2862100">
    <ele>96.8</ele>
    <time>2024-05-03T19:23:36Z</time>
   </trkpt>
   <trkpt lat="48.7774710" lon="2.2861930">
    <ele>96.0</ele>
    <time>2024-05-03T19:23:37Z</time>
   </trkpt>
   <trkpt lat="48.7774010" lon="2.2861730">
    <ele>95.3</ele>
    <time>2024-05-03T19:23:38Z</time>
   </trkpt>
   <trkpt lat="48.7773360" lon="2.2861570">
    <ele>94.7</ele>
    <time>2024-05-03T19:23:39Z</time>
   </trkpt>
   <trkpt lat="48.7772780" lon="2.2861450">
    <ele>94.2</ele>
    <time>2024-05-03T19:23:40Z</time>
   </trkpt>
   <trkpt lat="48.7772290" lon="2.2861360">
    <ele>93.7</ele>
    <time>2024-05-03T19:23:41Z</time>
   </trkpt>
   <trkpt lat="48.7771930" lon="2.2861300">
    <ele>93.4</ele>
    <time>2024-05-03T19:23:42Z</time>
   </trkpt>
   <trkpt lat="48.7771650" lon="2.2861510">
    <ele>93.1</ele>
    <time>2024-05-03T19:23:43Z</time>
   </trkpt>
   <trkpt lat="48.7771340" lon="2.2861600">
    <ele>93.1</ele>
    <time>2024-05-03T19:23:44Z</time>
   </trkpt>
   <trkpt lat="48.7771010" lon="2.2861380">
    <ele>93.0</ele>
    <time>2024-05-03T19:23:45Z</time>
   </trkpt>
   <trkpt lat="48.7770600" lon="2.2861230">
    <ele>93.0</ele>
    <time>2024-05-03T19:23:46Z</time>
   </trkpt>
   <trkpt lat="48.7770200" lon="2.2861140">
    <ele>92.9</ele>
    <time>2024-05-03T19:23:47Z</time>
   </trkpt>
   <trkpt lat="48.7769800" lon="2.2860980">
    <ele>92.7</ele>
    <time>2024-05-03T19:23:48Z</time>
   </trkpt>
   <trkpt lat="48.7769380" lon="2.2860800">
    <ele>92.4</ele>
    <time>2024-05-03T19:23:49Z</time>
   </trkpt>
   <trkpt lat="48.7768920" lon="2.2860590">
    <ele>92.1</ele>
    <time>2024-05-03T19:23:50Z</time>
   </trkpt>
   <trkpt lat="48.7768440" lon="2.2860440">
    <ele>91.7</ele>
    <time>2024-05-03T19:23:51Z</time>
   </trkpt>
   <trkpt lat="48.7767880" lon="2.2860130">
    <ele>91.2</ele>
    <time>2024-05-03T19:23:52Z</time>
   </trkpt>
   <trkpt lat="48.7767270" lon="2.2859950">
    <ele>90.6</ele>
    <time>2024-05-03T19:23:53Z</time>
   </trkpt>
   <trkpt lat="48.7766580" lon="2.2859690">
    <ele>90.0</ele>
    <time>2024-05-03T19:23:54Z</time>
   </trkpt>
   <trkpt lat="48.7765880" lon="2.2859580">
    <ele>89.4</ele>
    <time>2024-05-03T19:23:55Z</time>
   </trkpt>
   <trkpt lat="48.7765170" lon="2.2859410">
    <ele>88.8</ele>
    <time>2024-05-03T19:23:56Z</time>
   </trkpt>
   <trkpt lat="48.7764490" lon="2.2859090">
    <ele>88.1</ele>
    <time>2024-05-03T19:23:57Z</time>
   </trkpt>
   <trkpt lat="48.7763800" lon="2.2858580">
    <ele>87.5</ele>
    <time>2024-05-03T19:23:58Z</time>
   </trkpt>
   <trkpt lat="48.7763150" lon="2.2857910">
    <ele>86.8</ele>
    <time>2024-05-03T19:23:59Z</time>
   </trkpt>
   <trkpt lat="48.7762540" lon="2.2857250">
    <ele>86.3</ele>
    <time>2024-05-03T19:24:00Z</time>
   </trkpt>
   <trkpt lat="48.7761920" lon="2.2856790">
    <ele>85.8</ele>
    <time>2024-05-03T19:24:01Z</time>
   </trkpt>
   <trkpt lat="48.7761330" lon="2.2856570">
    <ele>85.4</ele>
    <time>2024-05-03T19:24:02Z</time>
   </trkpt>
   <trkpt lat="48.7760720" lon="2.2856660">
    <ele>85.0</ele>
    <time>2024-05-03T19:24:03Z</time>
   </trkpt>
   <trkpt lat="48.7760100" lon="2.2857010">
    <ele>84.5</ele>
    <time>2024-05-03T19:24:04Z</time>
   </trkpt>
   <trkpt lat="48.7759480" lon="2.2857360">
    <ele>84.0</ele>
    <time>2024-05-03T19:24:05Z</time>
   </trkpt>
   <trkpt lat="48.7758790" lon="2.2857430">
    <ele>83.5</ele>
    <time>2024-05-03T19:24:06Z</time>
   </trkpt>
   <trkpt lat="48.7758060" lon="2.2857310">
    <ele>82.9</ele>
    <time>2024-05-03T19:24:07Z</time>
   </trkpt>
   <trkpt lat="48.7757300" lon="2.2857140">
    <ele>82.4</ele>
    <time>2024-05-03T19:24:08Z</time>
   </trkpt>
   <trkpt lat="48.7756500" lon="2.2857010">
    <ele>81.8</ele>
    <time>2024-05-03T19:24:09Z</time>
   </trkpt>
   <trkpt lat="48.7755690" lon="2.2856910">
    <ele>81.3</ele>
    <time>2024-05-03T19:24:10Z</time>
   </trkpt>
   <trkpt lat="48.7754870" lon="2.2856760">
    <ele>81.0</ele>
    <time>2024-05-03T19:24:11Z</time>
   </trkpt>
   <trkpt lat="48.7754050" lon="2.2856600">
    <ele>80.7</ele>
    <time>2024-05-03T19:24:12Z</time>
   </trkpt>
   <trkpt lat="48.7753240" lon="2.2856430">
    <ele>80.4</ele>
    <time>2024-05-03T19:24:13Z</time>
   </trkpt>
   <trkpt lat="48.7752460" lon="2.2856220">
    <ele>80.2</ele>
    <time>2024-05-03T19:24:14Z</time>
   </trkpt>
   <trkpt lat="48.7751700" lon="2.2855940">
    <ele>80.0</ele>
    <time>2024-05-03T19:24:15Z</time>
   </trkpt>
   <trkpt lat="48.7751010" lon="2.2855800">
    <ele>79.9</ele>
    <time>2024-05-03T19:24:16Z</time>
   </trkpt>
   <trkpt lat="48.7750370" lon="2.2856100">
    <ele>79.8</ele>
    <time>2024-05-03T19:24:17Z</time>
   </trkpt>
   <trkpt lat="48.7749810" lon="2.2856500">
    <ele>79.7</ele>
    <time>2024-05-03T19:24:18Z</time>
   </trkpt>
   <trkpt lat="48.7749190" lon="2.2856410">
    <ele>79.7</ele>
    <time>2024-05-03T19:24:19Z</time>
   </trkpt>
   <trkpt lat="48.7748640" lon="2.2855900">
    <ele>79.6</ele>
    <time>2024-05-03T19:24:20Z</time>
   </trkpt>
   <trkpt lat="48.7748060" lon="2.2855480">
    <ele>79.6</ele>
    <time>2024-05-03T19:24:21Z</time>
   </trkpt>
   <trkpt lat="48.7747380" lon="2.2855320">
    <ele>79.6</ele>
    <time>2024-05-03T19:24:22Z</time>
   </trkpt>
   <trkpt lat="48.7746720" lon="2.2855210">
    <ele>79.6</ele>
    <time>2024-05-03T19:24:23Z</time>
   </trkpt>
   <trkpt lat="48.7746070" lon="2.2855080">
    <ele>79.6</ele>
    <time>2024-05-03T19:24:24Z</time>
   </trkpt>
   <trkpt lat="48.7745440" lon="2.2854970">
    <ele>79.6</ele>
    <time>2024-05-03T19:24:25Z</time>
   </trkpt>
   <trkpt lat="48.7744850" lon="2.2854890">
    <ele>79.6</ele>
    <time>2024-05-03T19:24:26Z</time>
   </trkpt>
   <trkpt lat="48.7744300" lon="2.2854730">
    <ele>79.7</ele>
    <time>2024-05-03T19:24:27Z</time>
   </trkpt>
   <trkpt lat="48.7743780" lon="2.2854650">
    <ele>79.7</ele>
    <time>2024-05-03T19:24:28Z</time>
   </trkpt>
   <trkpt lat="48.7743220" lon="2.2854550">
    <ele>79.8</ele>
    <time>2024-05-03T19:24:29Z</time>
   </trkpt>
   <trkpt lat="48.7742680" lon="2.2854470">
    <ele>79.9</ele>
    <time>2024-05-03T19:24:30Z</time>
   </trkpt>
   <trkpt lat="48.7742180" lon="2.2854380">
    <ele>79.9</ele>
    <time>2024-05-03T19:24:31Z</time>
   </trkpt>
   <trkpt lat="48.7741660" lon="2.2854320">
    <ele>80.0</ele>
    <time>2024-05-03T19:24:32Z</time>
   </trkpt>
   <trkpt lat="48.7741150" lon="2.2854230">
    <ele>80.0</ele>
    <time>2024-05-03T19:24:33Z</time>
   </trkpt>
   <trkpt lat="48.7740640" lon="2.2854160">
    <ele>80.1</ele>
    <time>2024-05-03T19:24:34Z</time>
   </trkpt>
   <trkpt lat="48.7740160" lon="2.2854080">
    <ele>80.1</ele>
    <time>2024-05-03T19:24:35Z</time>
   </trkpt>
   <trkpt lat="48.7739700" lon="2.2853990">
    <ele>80.1</ele>
    <time>2024-05-03T19:24:36Z</time>
   </trkpt>
   <trkpt lat="48.7739280" lon="2.2853910">
    <ele>80.1</ele>
    <time>2024-05-03T19:24:37Z</time>
   </trkpt>
   <trkpt lat="48.7738850" lon="2.2854020">
    <ele>80.1</ele>
    <time>2024-05-03T19:24:38Z</time>
   </trkpt>
   <trkpt lat="48.7738420" lon="2.2854290">
    <ele>80.1</ele>
    <time>2024-05-03T19:24:39Z</time>
   </trkpt>
   <trkpt lat="48.7738010" lon="2.2854640">
    <ele>80.1</ele>
    <time>2024-05-03T19:24:40Z</time>
   </trkpt>
   <trkpt lat="48.7737560" lon="2.2854910">
    <ele>80.2</ele>
    <time>2024-05-03T19:24:41Z</time>
   </trkpt>
   <trkpt lat="48.7737050" lon="2.2855080">
    <ele>80.2</ele>
    <time>2024-05-03T19:24:42Z</time>
   </trkpt>
   <trkpt lat="48.7736540" lon="2.2855120">
    <ele>80.2</ele>
    <time>2024-05-03T19:24:43Z</time>
   </trkpt>
   <trkpt lat="48.7736040" lon="2.2855060">
    <ele>80.3</ele>
    <time>2024-05-03T19:24:44Z</time>
   </trkpt>
   <trkpt lat="48.7735560" lon="2.2854970">
    <ele>80.4</ele>
    <time>2024-05-03T19:24:45Z</time>
   </trkpt>
   <trkpt lat="48.7735100" lon="2.2854900">
    <ele>80.4</ele>
    <time>2024-05-03T19:24:46Z</time>
   </trkpt>
   <trkpt lat="48.7734640" lon="2.2854830">
    <ele>80.5</ele>
    <time>2024-05-03T19:24:47Z</time>
   </trkpt>
   <trkpt lat="48.7734180" lon="2.2854730">
    <ele>80.6</ele>
    <time>2024-05-03T19:24:48Z</time>
   </trkpt>
   <trkpt lat="48.7733730" lon="2.2854630">
    <ele>80.7</ele>
    <time>2024-05-03T19:24:49Z</time>
   </trkpt>
   <trkpt lat="48.7733290" lon="2.2854520">
    <ele>80.7</ele>
    <time>2024-05-03T19:24:50Z</time>
   </trkpt>
   <trkpt lat="48.7732840" lon="2.2854410">
    <ele>80.8</ele>
    <time>2024-05-03T19:24:51Z</time>
   </trkpt>
   <trkpt lat="48.7732390" lon="2.2854320">
    <ele>80.8</ele>
    <time>2024-05-03T19:24:52Z</time>
   </trkpt>
   <trkpt lat="48.7731930" lon="2.2854230">
    <ele>80.9</ele>
    <time>2024-05-03T19:24:53Z</time>
   </trkpt>
   <trkpt lat="48.7731470" lon="2.2854120">
    <ele>80.9</ele>
    <time>2024-05-03T19:24:54Z</time>
   </trkpt>
   <trkpt lat="48.7731000" lon="2.2854020">
    <ele>80.9</ele>
    <time>2024-05-03T19:24:55Z</time>
   </trkpt>
   <trkpt lat="48.7730520" lon="2.2853890">
    <ele>81.0</ele>
    <time>2024-05-03T19:24:56Z</time>
   </trkpt>
   <trkpt lat="48.7730060" lon="2.2853740">
    <ele>81.0</ele>
    <time>2024-05-03T19:24:57Z</time>
   </trkpt>
   <trkpt lat="48.7729570" lon="2.2853630">
    <ele>81.0</ele>
    <time>2024-05-03T19:24:58Z</time>
   </trkpt>
   <trkpt lat="48.7729080" lon="2.2853490">
    <ele>81.1</ele>
    <time>2024-05-03T19:24:59Z</time>
   </trkpt>
   <trkpt lat="48.7728610" lon="2.2853310">
    <ele>81.1</ele>
    <time>2024-05-03T19:25:00Z</time>
   </trkpt>
   <trkpt lat="48.7728130" lon="2.2853130">
    <ele>81.2</ele>
    <time>2024-05-03T19:25:01Z</time>
   </trkpt>
   <trkpt lat="48.7727680" lon="2.2852920">
    <ele>81.3</ele>
    <time>2024-05-03T19:25:02Z</time>
   </trkpt>
   <trkpt lat="48.7727210" lon="2.2852710">
    <ele>81.4</ele>
    <time>2024-05-03T19:25:03Z</time>
   </trkpt>
   <trkpt lat="48.7726760" lon="2.2852470">
    <ele>81.5</ele>
    <time>2024-05-03T19:25:04Z</time>
   </trkpt>
   <trkpt lat="48.7726300" lon="2.2852180">
    <ele>81.7</ele>
    <time>2024-05-03T19:25:05Z</time>
   </trkpt>
   <trkpt lat="48.7725900" lon="2.2851870">
    <ele>81.8</ele>
    <time>2024-05-03T19:25:06Z</time>
   </trkpt>
   <trkpt lat="48.7725460" lon="2.2851580">
    <ele>81.9</ele>
    <time>2024-05-03T19:25:07Z</time>
   </trkpt>
   <trkpt lat="48.7725000" lon="2.2851300">
    <ele>82.0</ele>
    <time>2024-05-03T19:25:08Z</time>
   </trkpt>
   <trkpt lat="48.7724580" lon="2.2850990">
    <ele>82.1</ele>
    <time>2024-05-03T19:25:09Z</time>
   </trkpt>
   <trkpt lat="48.7724160" lon="2.2850670">
    <ele>82.2</ele>
    <time>2024-05-03T19:25:10Z</time>
   </trkpt>
   <trkpt lat="48.7723740" lon="2.2850320">
    <ele>82.4</ele>
    <time>2024-05-03T19:25:11Z</time>
   </trkpt>
   <trkpt lat="48.7723310" lon="2.2850000">
    <ele>82.5</ele>
    <time>2024-05-03T19:25:12Z</time>
   </trkpt>
   <trkpt lat="48.7722870" lon="2.2849710">
    <ele>82.6</ele>
    <time>2024-05-03T19:25:13Z</time>
   </trkpt>
   <trkpt lat="48.7722460" lon="2.2849450">
    <ele>82.7</ele>
    <time>2024-05-03T19:25:14Z</time>
   </trkpt>
   <trkpt lat="48.7722020" lon="2.2849100">
    <ele>82.8</ele>
    <time>2024-05-03T19:25:15Z</time>
   </trkpt>
   <trkpt lat="48.7721560" lon="2.2848830">
    <ele>83.0</ele>
    <time>2024-05-03T19:25:16Z</time>
   </trkpt>
   <trkpt lat="48.7721100" lon="2.2848600">
    <ele>83.1</ele>
    <time>2024-05-03T19:25:17Z</time>
   </trkpt>
   <trkpt lat="48.7720640" lon="2.2848330">
    <ele>83.2</ele>
    <time>2024-05-03T19:25:18Z</time>
   </trkpt>
   <trkpt lat="48.7720160" lon="2.2848090">
    <ele>83.3</ele>
    <time>2024-05-03T19:25:19Z</time>
   </trkpt>
   <trkpt lat="48.7719680" lon="2.2847890">
    <ele>83.4</ele>
    <time>2024-05-03T19:25:20Z</time>
   </trkpt>
   <trkpt lat="48.7719220" lon="2.2847750">
    <ele>83.5</ele>
    <time>2024-05-03T19:25:21Z</time>
   </trkpt>
   <trkpt lat="48.7718770" lon="2.2847620">
    <ele>83.6</ele>
    <time>2024-05-03T19:25:22Z</time>
   </trkpt>
   <trkpt lat="48.7718340" lon="2.2847560">
    <ele>83.7</ele>
    <time>2024-05-03T19:25:23Z</time>
   </trkpt>
   <trkpt lat="48.7717910" lon="2.2847600">
    <ele>83.8</ele>
    <time>2024-05-03T19:25:24Z</time>
   </trkpt>
   <trkpt lat="48.7717480" lon="2.2847680">
    <ele>83.9</ele>
    <time>2024-05-03T19:25:25Z</time>
   </trkpt>
   <trkpt lat="48.7717060" lon="2.2847860">
    <ele>84.0</ele>
    <time>2024-05-03T19:25:26Z</time>
   </trkpt>
   <trkpt lat="48.7716630" lon="2.2848080">
    <ele>84.0</ele>
    <time>2024-05-03T19:25:27Z</time>
   </trkpt>
   <trkpt lat="48.7716170" lon="2.2848220">
    <ele>84.1</ele>
    <time>2024-05-03T19:25:28Z</time>
   </trkpt>
   <trkpt lat="48.7715690" lon="2.2848360">
    <ele>84.2</ele>
    <time>2024-05-03T19:25:29Z</time>
   </trkpt>
   <trkpt lat="48.7715200" lon="2.2848470">
    <ele>84.3</ele>
    <time>2024-05-03T19:25:30Z</time>
   </trkpt>
   <trkpt lat="48.7714760" lon="2.2848630">
    <ele>84.3</ele>
    <time>2024-05-03T19:25:31Z</time>
   </trkpt>
   <trkpt lat="48.7714310" lon="2.2848790">
    <ele>84.4</ele>
    <time>2024-05-03T19:25:32Z</time>
   </trkpt>
   <trkpt lat="48.7713850" lon="2.2848920">
    <ele>84.5</ele>
    <time>2024-05-03T19:25:33Z</time>
   </trkpt>
   <trkpt lat="48.7713380" lon="2.2849050">
    <ele>84.6</ele>
    <time>2024-05-03T19:25:34Z</time>
   </trkpt>
   <trkpt lat="48.7712930" lon="2.2849230">
    <ele>84.7</ele>
    <time>2024-05-03T19:25:35Z</time>
   </trkpt>
   <trkpt lat="48.7712470" lon="2.2849360">
    <ele>84.8</ele>
    <time>2024-05-03T19:25:36Z</time>
   </trkpt>
   <trkpt lat="48.7712030" lon="2.2849520">
    <ele>84.8</ele>
    <time>2024-05-03T19:25:37Z</time>
   </trkpt>
   <trkpt lat="48.7711580" lon="2.2849710">
    <ele>84.9</ele>
    <time>2024-05-03T19:25:38Z</time>
   </trkpt>
   <trkpt lat="48.7711140" lon="2.2849880">
    <ele>85.0</ele>
    <time>2024-05-03T19:25:39Z</time>
   </trkpt>
   <trkpt lat="48.7710710" lon="2.2850050">
    <ele>85.0</ele>
    <time>2024-05-03T19:25:40Z</time>
   </trkpt>
   <trkpt lat="48.7710290" lon="2.2850210">
    <ele>85.1</ele>
    <time>2024-05-03T19:25:41Z</time>
   </trkpt>
   <trkpt lat="48.7709870" lon="2.2850370">
    <ele>85.1</ele>
    <time>2024-05-03T19:25:42Z</time>
   </trkpt>
   <trkpt lat="48.7709440" lon="2.2850510">
    <ele>85.2</ele>
    <time>2024-05-03T19:25:43Z</time>
   </trkpt>
   <trkpt lat="48.7709020" lon="2.2850660">
    <ele>85.2</ele>
    <time>2024-05-03T19:25:44Z</time>
   </trkpt>
   <trkpt lat="48.7708580" lon="2.2850780">
    <ele>85.3</ele>
    <time>2024-05-03T19:25:45Z</time>
   </trkpt>
   <trkpt lat="48.7708080" lon="2.2850880">
    <ele>85.4</ele>
    <time>2024-05-03T19:25:46Z</time>
   </trkpt>
   <trkpt lat="48.7707580" lon="2.2851010">
    <ele>85.6</ele>
    <time>2024-05-03T19:25:47Z</time>
   </trkpt>
   <trkpt lat="48.7707100" lon="2.2850930">
    <ele>85.7</ele>
    <time>2024-05-03T19:25:48Z</time>
   </trkpt>
   <trkpt lat="48.7706620" lon="2.2850790">
    <ele>85.8</ele>
    <time>2024-05-03T19:25:49Z</time>
   </trkpt>
   <trkpt lat="48.7706160" lon="2.2850690">
    <ele>85.9</ele>
    <time>2024-05-03T19:25:50Z</time>
   </trkpt>
   <trkpt lat="48.7705690" lon="2.2850660">
    <ele>86.0</ele>
    <time>2024-05-03T19:25:51Z</time>
   </trkpt>
   <trkpt lat="48.7705250" lon="2.2850650">
    <ele>86.1</ele>
    <time>2024-05-03T19:25:52Z</time>
   </trkpt>
   <trkpt lat="48.7704760" lon="2.2850580">
    <ele>86.2</ele>
    <time>2024-05-03T19:25:53Z</time>
   </trkpt>
   <trkpt lat="48.7704260" lon="2.2850520">
    <ele>86.3</ele>
    <time>2024-05-03T19:25:54Z</time>
   </trkpt>
   <trkpt lat="48.7703770" lon="2.2850440">
    <ele>86.4</ele>
    <time>2024-05-03T19:25:55Z</time>
   </trkpt>
   <trkpt lat="48.7703310" lon="2.2850460">
    <ele>86.5</ele>
    <time>2024-05-03T19:25:56Z</time>
   </trkpt>
   <trkpt lat="48.7702840" lon="2.2850420">
    <ele>86.5</ele>
    <time>2024-05-03T19:25:57Z</time>
   </trkpt>
   <trkpt lat="48.7702350" lon="2.2850370">
    <ele>86.6</ele>
    <time>2024-05-03T19:25:58Z</time>
   </trkpt>
   <trkpt lat="48.7701870" lon="2.2850310">
    <ele>86.7</ele>
    <time>2024-05-03T19:25:59Z</time>
   </trkpt>
   <trkpt lat="48.7701400" lon="2.2850290">
    <ele>86.7</ele>
    <time>2024-05-03T19:26:00Z</time>
   </trkpt>
   <trkpt lat="48.7700910" lon="2.2850280">
    <ele>86.8</ele>
    <time>2024-05-03T19:26:01Z</time>
   </trkpt>
   <trkpt lat="48.7700440" lon="2.2850280">
    <ele>86.9</ele>
    <time>2024-05-03T19:26:02Z</time>
   </trkpt>
   <trkpt lat="48.7699970" lon="2.2850250">
    <ele>87.0</ele>
    <time>2024-05-03T19:26:03Z</time>
   </trkpt>
   <trkpt lat="48.7699500" lon="2.2850210">
    <ele>87.0</ele>
    <time>2024-05-03T19:26:04Z</time>
   </trkpt>
   <trkpt lat="48.7699020" lon="2.2850170">
    <ele>87.1</ele>
    <time>2024-05-03T19:26:05Z</time>
   </trkpt>
   <trkpt lat="48.7698540" lon="2.2850130">
    <ele>87.2</ele>
    <time>2024-05-03T19:26:06Z</time>
   </trkpt>
   <trkpt lat="48.7698070" lon="2.2850100">
    <ele>87.3</ele>
    <time>2024-05-03T19:26:07Z</time>
   </trkpt>
   <trkpt lat="48.7697600" lon="2.2850060">
    <ele>87.3</ele>
    <time>2024-05-03T19:26:08Z</time>
   </trkpt>
   <trkpt lat="48.7697130" lon="2.2850010">
    <ele>87.4</ele>
    <time>2024-05-03T19:26:09Z</time>
   </trkpt>
   <trkpt lat="48.7696680" lon="2.2849990">
    <ele>87.5</ele>
    <time>2024-05-03T19:26:10Z</time>
   </trkpt>
   <trkpt lat="48.7696230" lon="2.2849970">
    <ele>87.6</ele>
    <time>2024-05-03T19:26:11Z</time>
   </trkpt>
   <trkpt lat="48.7695780" lon="2.2849920">
    <ele>87.6</ele>
    <time>2024-05-03T19:26:12Z</time>
   </trkpt>
   <trkpt lat="48.7695320" lon="2.2849930">
    <ele>87.7</ele>
    <time>2024-05-03T19:26:13Z</time>
   </trkpt>
   <trkpt lat="48.7694860" lon="2.2849930">
    <ele>87.8</ele>
    <time>2024-05-03T19:26:14Z</time>
   </trkpt>
   <trkpt lat="48.7694400" lon="2.2849940">
    <ele>87.8</ele>
    <time>2024-05-03T19:26:15Z</time>
   </trkpt>
   <trkpt lat="48.7693950" lon="2.2849930">
    <ele>87.9</ele>
    <time>2024-05-03T19:26:16Z</time>
   </trkpt>
   <trkpt lat="48.7693500" lon="2.2849920">
    <ele>87.9</ele>
    <time>2024-05-03T19:26:17Z</time>
   </trkpt>
   <trkpt lat="48.7693050" lon="2.2849900">
    <ele>88.0</ele>
    <time>2024-05-03T19:26:18Z</time>
   </trkpt>
   <trkpt lat="48.7692630" lon="2.2849880">
    <ele>88.1</ele>
    <time>2024-05-03T19:26:19Z</time>
   </trkpt>
   <trkpt lat="48.7692250" lon="2.2849870">
    <ele>88.1</ele>
    <time>2024-05-03T19:26:20Z</time>
   </trkpt>
   <trkpt lat="48.7691870" lon="2.2849850">
    <ele>88.2</ele>
    <time>2024-05-03T19:26:21Z</time>
   </trkpt>
   <trkpt lat="48.7691510" lon="2.2849830">
    <ele>88.2</ele>
    <time>2024-05-03T19:26:22Z</time>
   </trkpt>
   <trkpt lat="48.7691180" lon="2.2849750">
    <ele>88.2</ele>
    <time>2024-05-03T19:26:23Z</time>
   </trkpt>
   <trkpt lat="48.7690880" lon="2.2849570">
    <ele>88.3</ele>
    <time>2024-05-03T19:26:24Z</time>
   </trkpt>
   <trkpt lat="48.7690480" lon="2.2849620">
    <ele>88.3</ele>
    <time>2024-05-03T19:26:25Z</time>
   </trkpt>
   <trkpt lat="48.7690340" lon="2.2849720">
    <ele>88.3</ele>
    <time>2024-05-03T19:26:26Z</time>
   </trkpt>
   <trkpt lat="48.7689960" lon="2.2849890">
    <ele>88.4</ele>
    <time>2024-05-03T19:26:27Z</time>
   </trkpt>
   <trkpt lat="48.7689510" lon="2.2849930">
    <ele>88.5</ele>
    <time>2024-05-03T19:26:28Z</time>
   </trkpt>
   <trkpt lat="48.7689050" lon="2.2849860">
    <ele>88.6</ele>
    <time>2024-05-03T19:26:29Z</time>
   </trkpt>
   <trkpt lat="48.7688650" lon="2.2849780">
    <ele>88.7</ele>
    <time>2024-05-03T19:26:30Z</time>
   </trkpt>
   <trkpt lat="48.7688260" lon="2.2849550">
    <ele>88.9</ele>
    <time>2024-05-03T19:26:31Z</time>
   </trkpt>
   <trkpt lat="48.7687890" lon="2.2849210">
    <ele>89.0</ele>
    <time>2024-05-03T19:26:32Z</time>
   </trkpt>
   <trkpt lat="48.7687520" lon="2.2848820">
    <ele>89.2</ele>
    <time>2024-05-03T19:26:33Z</time>
   </trkpt>
   <trkpt lat="48.7687160" lon="2.2848400">
    <ele>89.3</ele>
    <time>2024-05-03T19:26:34Z</time>
   </trkpt>
   <trkpt lat="48.7686840" lon="2.2847940">
    <ele>89.5</ele>
    <time>2024-05-03T19:26:35Z</time>
   </trkpt>
   <trkpt lat="48.7686500" lon="2.2847500">
    <ele>89.6</ele>
    <time>2024-05-03T19:26:36Z</time>
   </trkpt>
   <trkpt lat="48.7686100" lon="2.2847130">
    <ele>89.7</ele>
    <time>2024-05-03T19:26:37Z</time>
   </trkpt>
   <trkpt lat="48.7685710" lon="2.2846850">
    <ele>89.9</ele>
    <time>2024-05-03T19:26:38Z</time>
   </trkpt>
   <trkpt lat="48.7685280" lon="2.2846670">
    <ele>90.0</ele>
    <time>2024-05-03T19:26:39Z</time>
   </trkpt>
   <trkpt lat="48.7684830" lon="2.2846580">
    <ele>90.0</ele>
    <time>2024-05-03T19:26:40Z</time>
   </trkpt>
   <trkpt lat="48.7684370" lon="2.2846510">
    <ele>90.1</ele>
    <time>2024-05-03T19:26:41Z</time>
   </trkpt>
   <trkpt lat="48.7683900" lon="2.2846480">
    <ele>90.2</ele>
    <time>2024-05-03T19:26:42Z</time>
   </trkpt>
   <trkpt lat="48.7683440" lon="2.2846460">
    <ele>90.3</ele>
    <time>2024-05-03T19:26:43Z</time>
   </trkpt>
   <trkpt lat="48.7682990" lon="2.2846470">
    <ele>90.3</ele>
    <time>2024-05-03T19:26:44Z</time>
   </trkpt>
   <trkpt lat="48.7682530" lon="2.2846490">
    <ele>90.4</ele>
    <time>2024-05-03T19:26:45Z</time>
   </trkpt>
   <trkpt lat="48.7682090" lon="2.2846510">
    <ele>90.4</ele>
    <time>2024-05-03T19:26:46Z</time>
   </trkpt>
   <trkpt lat="48.7681640" lon="2.2846520">
    <ele>90.4</ele>
    <time>2024-05-03T19:26:47Z</time>
   </trkpt>
   <trkpt lat="48.7681190" lon="2.2846510">
    <ele>90.5</ele>
    <time>2024-05-03T19:26:48Z</time>
   </trkpt>
   <trkpt lat="48.7680710" lon="2.2846500">
    <ele>90.5</ele>
    <time>2024-05-03T19:26:49Z</time>
   </trkpt>
   <trkpt lat="48.7680250" lon="2.2846480">
    <ele>90.6</ele>
    <time>2024-05-03T19:26:50Z</time>
   </trkpt>
   <trkpt lat="48.7679770" lon="2.2846500">
    <ele>90.6</ele>
    <time>2024-05-03T19:26:51Z</time>
   </trkpt>
   <trkpt lat="48.7679310" lon="2.2846520">
    <ele>90.7</ele>
    <time>2024-05-03T19:26:52Z</time>
   </trkpt>
   <trkpt lat="48.7678850" lon="2.2846520">
    <ele>90.7</ele>
    <time>2024-05-03T19:26:53Z</time>
   </trkpt>
   <trkpt lat="48.7678390" lon="2.2846520">
    <ele>90.7</ele>
    <time>2024-05-03T19:26:54Z</time>
   </trkpt>
   <trkpt lat="48.7677940" lon="2.2846510">
    <ele>90.8</ele>
    <time>2024-05-03T19:26:55Z</time>
   </trkpt>
   <trkpt lat="48.7677460" lon="2.2846510">
    <ele>90.8</ele>
    <time>2024-05-03T19:26:56Z</time>
   </trkpt>
   <trkpt lat="48.7676980" lon="2.2846510">
    <ele>90.9</ele>
    <time>2024-05-03T19:26:57Z</time>
   </trkpt>
   <trkpt lat="48.7676480" lon="2.2846480">
    <ele>90.9</ele>
    <time>2024-05-03T19:26:58Z</time>
   </trkpt>
   <trkpt lat="48.7675990" lon="2.2846440">
    <ele>91.0</ele>
    <time>2024-05-03T19:26:59Z</time>
   </trkpt>
   <trkpt lat="48.7675510" lon="2.2846460">
    <ele>91.0</ele>
    <time>2024-05-03T19:27:00Z</time>
   </trkpt>
   <trkpt lat="48.7675020" lon="2.2846450">
    <ele>91.0</ele>
    <time>2024-05-03T19:27:01Z</time>
   </trkpt>
   <trkpt lat="48.7674520" lon="2.2846430">
    <ele>91.0</ele>
    <time>2024-05-03T19:27:02Z</time>
   </trkpt>
   <trkpt lat="48.7673980" lon="2.2846390">
    <ele>91.0</ele>
    <time>2024-05-03T19:27:03Z</time>
   </trkpt>
   <trkpt lat="48.7673460" lon="2.2846390">
    <ele>91.0</ele>
    <time>2024-05-03T19:27:04Z</time>
   </trkpt>
   <trkpt lat="48.7672970" lon="2.2846410">
    <ele>91.0</ele>
    <time>2024-05-03T19:27:05Z</time>
   </trkpt>
   <trkpt lat="48.7672480" lon="2.2846440">
    <ele>91.0</ele>
    <time>2024-05-03T19:27:06Z</time>
   </trkpt>
   <trkpt lat="48.7671970" lon="2.2846440">
    <ele>91.0</ele>
    <time>2024-05-03T19:27:07Z</time>
   </trkpt>
   <trkpt lat="48.7671470" lon="2.2846460">
    <ele>91.0</ele>
    <time>2024-05-03T19:27:08Z</time>
   </trkpt>
   <trkpt lat="48.7670940" lon="2.2846430">
    <ele>91.0</ele>
    <time>2024-05-03T19:27:09Z</time>
   </trkpt>
   <trkpt lat="48.7670400" lon="2.2846380">
    <ele>90.9</ele>
    <time>2024-05-03T19:27:10Z</time>
   </trkpt>
   <trkpt lat="48.7669860" lon="2.2846370">
    <ele>90.9</ele>
    <time>2024-05-03T19:27:11Z</time>
   </trkpt>
   <trkpt lat="48.7669330" lon="2.2846420">
    <ele>90.8</ele>
    <time>2024-05-03T19:27:12Z</time>
   </trkpt>
   <trkpt lat="48.7668780" lon="2.2846490">
    <ele>90.8</ele>
    <time>2024-05-03T19:27:13Z</time>
   </trkpt>
   <trkpt lat="48.7668230" lon="2.2846510">
    <ele>90.7</ele>
    <time>2024-05-03T19:27:14Z</time>
   </trkpt>
   <trkpt lat="48.7667680" lon="2.2846540">
    <ele>90.7</ele>
    <time>2024-05-03T19:27:15Z</time>
   </trkpt>
   <trkpt lat="48.7667100" lon="2.2846580">
    <ele>90.7</ele>
    <time>2024-05-03T19:27:16Z</time>
   </trkpt>
   <trkpt lat="48.7666530" lon="2.2846620">
    <ele>90.7</ele>
    <time>2024-05-03T19:27:17Z</time>
   </trkpt>
   <trkpt lat="48.7665990" lon="2.2846610">
    <ele>90.6</ele>
    <time>2024-05-03T19:27:18Z</time>
   </trkpt>
   <trkpt lat="48.7665480" lon="2.2846600">
    <ele>90.6</ele>
    <time>2024-05-03T19:27:19Z</time>
   </trkpt>
   <trkpt lat="48.7664930" lon="2.2846570">
    <ele>90.6</ele>
    <time>2024-05-03T19:27:20Z</time>
   </trkpt>
   <trkpt lat="48.7664420" lon="2.2846570">
    <ele>90.6</ele>
    <time>2024-05-03T19:27:21Z</time>
   </trkpt>
   <trkpt lat="48.7663890" lon="2.2846560">
    <ele>90.6</ele>
    <time>2024-05-03T19:27:22Z</time>
   </trkpt>
   <trkpt lat="48.7663370" lon="2.2846540">
    <ele>90.6</ele>
    <time>2024-05-03T19:27:23Z</time>
   </trkpt>
   <trkpt lat="48.7662860" lon="2.2846560">
    <ele>90.6</ele>
    <time>2024-05-03T19:27:24Z</time>
   </trkpt>
   <trkpt lat="48.7662380" lon="2.2846600">
    <ele>90.6</ele>
    <time>2024-05-03T19:27:25Z</time>
   </trkpt>
   <trkpt lat="48.7661910" lon="2.2846610">
    <ele>90.6</ele>
    <time>2024-05-03T19:27:26Z</time>
   </trkpt>
   <trkpt lat="48.7661450" lon="2.2846600">
    <ele>90.6</ele>
    <time>2024-05-03T19:27:27Z</time>
   </trkpt>
   <trkpt lat="48.7660990" lon="2.2846600">
    <ele>90.6</ele>
    <time>2024-05-03T19:27:28Z</time>
   </trkpt>
   <trkpt lat="48.7660150" lon="2.2846640">
    <ele>90.6</ele>
    <time>2024-05-03T19:27:30Z</time>
   </trkpt>
   <trkpt lat="48.7659710" lon="2.2846670">
    <ele>90.6</ele>
    <time>2024-05-03T19:27:31Z</time>
   </trkpt>
   <trkpt lat="48.7659290" lon="2.2846750">
    <ele>90.6</ele>
    <time>2024-05-03T19:27:32Z</time>
   </trkpt>
   <trkpt lat="48.7658850" lon="2.2846800">
    <ele>90.6</ele>
    <time>2024-05-03T19:27:33Z</time>
   </trkpt>
   <trkpt lat="48.7658420" lon="2.2846930">
    <ele>90.5</ele>
    <time>2024-05-03T19:27:34Z</time>
   </trkpt>
   <trkpt lat="48.7657970" lon="2.2847060">
    <ele>90.5</ele>
    <time>2024-05-03T19:27:35Z</time>
   </trkpt>
   <trkpt lat="48.7657570" lon="2.2847330">
    <ele>90.4</ele>
    <time>2024-05-03T19:27:36Z</time>
   </trkpt>
   <trkpt lat="48.7657280" lon="2.2847790">
    <ele>90.3</ele>
    <time>2024-05-03T19:27:37Z</time>
   </trkpt>
   <trkpt lat="48.7657050" lon="2.2848380">
    <ele>90.2</ele>
    <time>2024-05-03T19:27:38Z</time>
   </trkpt>
   <trkpt lat="48.7656840" lon="2.2849000">
    <ele>90.0</ele>
    <time>2024-05-03T19:27:39Z</time>
   </trkpt>
   <trkpt lat="48.7656520" lon="2.2849510">
    <ele>89.8</ele>
    <time>2024-05-03T19:27:40Z</time>
   </trkpt>
   <trkpt lat="48.7655970" lon="2.2849620">
    <ele>89.5</ele>
    <time>2024-05-03T19:27:41Z</time>
   </trkpt>
   <trkpt lat="48.7655380" lon="2.2849600">
    <ele>89.2</ele>
    <time>2024-05-03T19:27:42Z</time>
   </trkpt>
   <trkpt lat="48.7654730" lon="2.2849630">
    <ele>88.8</ele>
    <time>2024-05-03T19:27:43Z</time>
   </trkpt>
   <trkpt lat="48.7654070" lon="2.2849770">
    <ele>88.5</ele>
    <time>2024-05-03T19:27:44Z</time>
   </trkpt>
   <trkpt lat="48.7653360" lon="2.2849850">
    <ele>88.1</ele>
    <time>2024-05-03T19:27:45Z</time>
   </trkpt>
   <trkpt lat="48.7652620" lon="2.2849910">
    <ele>87.7</ele>
    <time>2024-05-03T19:27:46Z</time>
   </trkpt>
   <trkpt lat="48.7651870" lon="2.2850010">
    <ele>87.4</ele>
    <time>2024-05-03T19:27:47Z</time>
   </trkpt>
   <trkpt lat="48.7651100" lon="2.2850090">
    <ele>87.2</ele>
    <time>2024-05-03T19:27:48Z</time>
   </trkpt>
   <trkpt lat="48.7650300" lon="2.2850110">
    <ele>86.9</ele>
    <time>2024-05-03T19:27:49Z</time>
   </trkpt>
   <trkpt lat="48.7649510" lon="2.2850130">
    <ele>86.7</ele>
    <time>2024-05-03T19:27:50Z</time>
   </trkpt>
   <trkpt lat="48.7648710" lon="2.2850130">
    <ele>86.6</ele>
    <time>2024-05-03T19:27:51Z</time>
   </trkpt>
   <trkpt lat="48.7647930" lon="2.2850080">
    <ele>86.4</ele>
    <time>2024-05-03T19:27:52Z</time>
   </trkpt>
   <trkpt lat="48.7647150" lon="2.2849960">
    <ele>86.3</ele>
    <time>2024-05-03T19:27:53Z</time>
   </trkpt>
   <trkpt lat="48.7646360" lon="2.2849780">
    <ele>86.1</ele>
    <time>2024-05-03T19:27:54Z</time>
   </trkpt>
   <trkpt lat="48.7645590" lon="2.2849500">
    <ele>85.9</ele>
    <time>2024-05-03T19:27:55Z</time>
   </trkpt>
   <trkpt lat="48.7644840" lon="2.2849120">
    <ele>85.8</ele>
    <time>2024-05-03T19:27:56Z</time>
   </trkpt>
   <trkpt lat="48.7644140" lon="2.2848740">
    <ele>85.7</ele>
    <time>2024-05-03T19:27:57Z</time>
   </trkpt>
   <trkpt lat="48.7643380" lon="2.2848440">
    <ele>85.6</ele>
    <time>2024-05-03T19:27:58Z</time>
   </trkpt>
   <trkpt lat="48.7642580" lon="2.2848260">
    <ele>85.6</ele>
    <time>2024-05-03T19:27:59Z</time>
   </trkpt>
   <trkpt lat="48.7641800" lon="2.2848210">
    <ele>85.5</ele>
    <time>2024-05-03T19:28:00Z</time>
   </trkpt>
   <trkpt lat="48.7641030" lon="2.2848250">
    <ele>85.4</ele>
    <time>2024-05-03T19:28:01Z</time>
   </trkpt>
   <trkpt lat="48.7640270" lon="2.2848280">
    <ele>85.4</ele>
    <time>2024-05-03T19:28:02Z</time>
   </trkpt>
   <trkpt lat="48.7639510" lon="2.2848280">
    <ele>85.3</ele>
    <time>2024-05-03T19:28:03Z</time>
   </trkpt>
   <trkpt lat="48.7638770" lon="2.2848310">
    <ele>85.3</ele>
    <time>2024-05-03T19:28:04Z</time>
   </trkpt>
   <trkpt lat="48.7638020" lon="2.2848350">
    <ele>85.2</ele>
    <time>2024-05-03T19:28:05Z</time>
   </trkpt>
   <trkpt lat="48.7637280" lon="2.2848370">
    <ele>85.1</ele>
    <time>2024-05-03T19:28:06Z</time>
   </trkpt>
   <trkpt lat="48.7636550" lon="2.2848350">
    <ele>85.1</ele>
    <time>2024-05-03T19:28:07Z</time>
   </trkpt>
   <trkpt lat="48.7635820" lon="2.2848370">
    <ele>85.0</ele>
    <time>2024-05-03T19:28:08Z</time>
   </trkpt>
   <trkpt lat="48.7635070" lon="2.2848370">
    <ele>85.0</ele>
    <time>2024-05-03T19:28:09Z</time>
   </trkpt>
   <trkpt lat="48.7634370" lon="2.2848410">
    <ele>85.0</ele>
    <time>2024-05-03T19:28:10Z</time>
   </trkpt>
   <trkpt lat="48.7633620" lon="2.2848430">
    <ele>84.9</ele>
    <time>2024-05-03T19:28:11Z</time>
   </trkpt>
   <trkpt lat="48.7632890" lon="2.2848460">
    <ele>84.9</ele>
    <time>2024-05-03T19:28:12Z</time>
   </trkpt>
   <trkpt lat="48.7632160" lon="2.2848490">
    <ele>85.0</ele>
    <time>2024-05-03T19:28:13Z</time>
   </trkpt>
   <trkpt lat="48.7631440" lon="2.2848560">
    <ele>85.0</ele>
    <time>2024-05-03T19:28:14Z</time>
   </trkpt>
   <trkpt lat="48.7630720" lon="2.2848630">
    <ele>85.1</ele>
    <time>2024-05-03T19:28:15Z</time>
   </trkpt>
   <trkpt lat="48.7630030" lon="2.2848650">
    <ele>85.2</ele>
    <time>2024-05-03T19:28:16Z</time>
   </trkpt>
   <trkpt lat="48.7629360" lon="2.2848690">
    <ele>85.3</ele>
    <time>2024-05-03T19:28:17Z</time>
   </trkpt>
   <trkpt lat="48.7628710" lon="2.2848730">
    <ele>85.4</ele>
    <time>2024-05-03T19:28:18Z</time>
   </trkpt>
   <trkpt lat="48.7628060" lon="2.2848770">
    <ele>85.5</ele>
    <time>2024-05-03T19:28:19Z</time>
   </trkpt>
   <trkpt lat="48.7627450" lon="2.2848820">
    <ele>85.5</ele>
    <time>2024-05-03T19:28:20Z</time>
   </trkpt>
   <trkpt lat="48.7626900" lon="2.2848870">
    <ele>85.6</ele>
    <time>2024-05-03T19:28:21Z</time>
   </trkpt>
   <trkpt lat="48.7626390" lon="2.2848940">
    <ele>85.6</ele>
    <time>2024-05-03T19:28:22Z</time>
   </trkpt>
   <trkpt lat="48.7625920" lon="2.2849040">
    <ele>85.6</ele>
    <time>2024-05-03T19:28:23Z</time>
   </trkpt>
   <trkpt lat="48.7625500" lon="2.2849300">
    <ele>85.5</ele>
    <time>2024-05-03T19:28:24Z</time>
   </trkpt>
   <trkpt lat="48.7625080" lon="2.2849580">
    <ele>85.4</ele>
    <time>2024-05-03T19:28:25Z</time>
   </trkpt>
   <trkpt lat="48.7624630" lon="2.2849790">
    <ele>85.2</ele>
    <time>2024-05-03T19:28:26Z</time>
   </trkpt>
   <trkpt lat="48.7624190" lon="2.2849910">
    <ele>85.1</ele>
    <time>2024-05-03T19:28:27Z</time>
   </trkpt>
   <trkpt lat="48.7623790" lon="2.2850050">
    <ele>84.9</ele>
    <time>2024-05-03T19:28:28Z</time>
   </trkpt>
   <trkpt lat="48.7623440" lon="2.2850400">
    <ele>84.8</ele>
    <time>2024-05-03T19:28:29Z</time>
   </trkpt>
   <trkpt lat="48.7623040" lon="2.2850720">
    <ele>84.7</ele>
    <time>2024-05-03T19:28:30Z</time>
   </trkpt>
   <trkpt lat="48.7622570" lon="2.2850970">
    <ele>84.6</ele>
    <time>2024-05-03T19:28:31Z</time>
   </trkpt>
   <trkpt lat="48.7621940" lon="2.2851220">
    <ele>84.5</ele>
    <time>2024-05-03T19:28:32Z</time>
   </trkpt>
   <trkpt lat="48.7621570" lon="2.2851320">
    <ele>84.5</ele>
    <time>2024-05-03T19:28:33Z</time>
   </trkpt>
   <trkpt lat="48.7620780" lon="2.2850110">
    <ele>84.5</ele>
    <time>2024-05-03T19:28:36Z</time>
   </trkpt>
   <trkpt lat="48.7620100" lon="2.2849630">
    <ele>84.5</ele>
    <time>2024-05-03T19:28:37Z</time>
   </trkpt>
   <trkpt lat="48.7619590" lon="2.2849470">
    <ele>84.9</ele>
    <time>2024-05-03T19:28:38Z</time>
   </trkpt>
   <trkpt lat="48.7619280" lon="2.2849340">
    <ele>85.2</ele>
    <time>2024-05-03T19:28:39Z</time>
   </trkpt>
   <trkpt lat="48.7618980" lon="2.2849140">
    <ele>85.4</ele>
    <time>2024-05-03T19:28:40Z</time>
   </trkpt>
   <trkpt lat="48.7618690" lon="2.2848960">
    <ele>85.7</ele>
    <time>2024-05-03T19:28:41Z</time>
   </trkpt>
   <trkpt lat="48.7618400" lon="2.2848780">
    <ele>85.9</ele>
    <time>2024-05-03T19:28:42Z</time>
   </trkpt>
   <trkpt lat="48.7618010" lon="2.2848560">
    <ele>86.2</ele>
    <time>2024-05-03T19:28:43Z</time>
   </trkpt>
   <trkpt lat="48.7617880" lon="2.2848450">
    <ele>86.3</ele>
    <time>2024-05-03T19:28:44Z</time>
   </trkpt>
   <trkpt lat="48.7617640" lon="2.2848210">
    <ele>86.5</ele>
    <time>2024-05-03T19:28:45Z</time>
   </trkpt>
   <trkpt lat="48.7617290" lon="2.2847930">
    <ele>86.8</ele>
    <time>2024-05-03T19:28:46Z</time>
   </trkpt>
   <trkpt lat="48.7617170" lon="2.2847850">
    <ele>86.9</ele>
    <time>2024-05-03T19:28:47Z</time>
   </trkpt>
   <trkpt lat="48.7616800" lon="2.2847620">
    <ele>87.1</ele>
    <time>2024-05-03T19:28:48Z</time>
   </trkpt>
   <trkpt lat="48.7616670" lon="2.2847550">
    <ele>87.2</ele>
    <time>2024-05-03T19:28:49Z</time>
   </trkpt>
   <trkpt lat="48.7616420" lon="2.2847410">
    <ele>87.4</ele>
    <time>2024-05-03T19:28:50Z</time>
   </trkpt>
   <trkpt lat="48.7616140" lon="2.2847270">
    <ele>87.5</ele>
    <time>2024-05-03T19:28:51Z</time>
   </trkpt>
   <trkpt lat="48.7615850" lon="2.2847170">
    <ele>87.7</ele>
    <time>2024-05-03T19:28:52Z</time>
   </trkpt>
   <trkpt lat="48.7615560" lon="2.2847070">
    <ele>87.7</ele>
    <time>2024-05-03T19:28:53Z</time>
   </trkpt>
   <trkpt lat="48.7615260" lon="2.2846980">
    <ele>87.8</ele>
    <time>2024-05-03T19:28:54Z</time>
   </trkpt>
   <trkpt lat="48.7614950" lon="2.2846930">
    <ele>87.8</ele>
    <time>2024-05-03T19:28:55Z</time>
   </trkpt>
   <trkpt lat="48.7614650" lon="2.2846900">
    <ele>87.8</ele>
    <time>2024-05-03T19:28:56Z</time>
   </trkpt>
   <trkpt lat="48.7614340" lon="2.2846910">
    <ele>87.9</ele>
    <time>2024-05-03T19:28:57Z</time>
   </trkpt>
   <trkpt lat="48.7614030" lon="2.2846940">
    <ele>87.9</ele>
    <time>2024-05-03T19:28:58Z</time>
   </trkpt>
   <trkpt lat="48.7613720" lon="2.2847000">
    <ele>88.0</ele>
    <time>2024-05-03T19:28:59Z</time>
   </trkpt>
   <trkpt lat="48.7613410" lon="2.2847070">
    <ele>88.0</ele>
    <time>2024-05-03T19:29:00Z</time>
   </trkpt>
   <trkpt lat="48.7613100" lon="2.2847140">
    <ele>88.0</ele>
    <time>2024-05-03T19:29:01Z</time>
   </trkpt>
   <trkpt lat="48.7612790" lon="2.2847230">
    <ele>88.0</ele>
    <time>2024-05-03T19:29:02Z</time>
   </trkpt>
   <trkpt lat="48.7612470" lon="2.2847320">
    <ele>88.0</ele>
    <time>2024-05-03T19:29:03Z</time>
   </trkpt>
   <trkpt lat="48.7612140" lon="2.2847420">
    <ele>87.9</ele>
    <time>2024-05-03T19:29:04Z</time>
   </trkpt>
   <trkpt lat="48.7611780" lon="2.2847460">
    <ele>87.8</ele>
    <time>2024-05-03T19:29:05Z</time>
   </trkpt>
   <trkpt lat="48.7611410" lon="2.2847550">
    <ele>87.7</ele>
    <time>2024-05-03T19:29:06Z</time>
   </trkpt>
   <trkpt lat="48.7611010" lon="2.2847690">
    <ele>87.6</ele>
    <time>2024-05-03T19:29:07Z</time>
   </trkpt>
   <trkpt lat="48.7610560" lon="2.2847910">
    <ele>87.4</ele>
    <time>2024-05-03T19:29:08Z</time>
   </trkpt>
   <trkpt lat="48.7610110" lon="2.2848190">
    <ele>87.2</ele>
    <time>2024-05-03T19:29:09Z</time>
   </trkpt>
   <trkpt lat="48.7609610" lon="2.2848490">
    <ele>86.9</ele>
    <time>2024-05-03T19:29:10Z</time>
   </trkpt>
   <trkpt lat="48.7609130" lon="2.2848810">
    <ele>86.7</ele>
    <time>2024-05-03T19:29:11Z</time>
   </trkpt>
   <trkpt lat="48.7608620" lon="2.2849220">
    <ele>86.4</ele>
    <time>2024-05-03T19:29:12Z</time>
   </trkpt>
   <trkpt lat="48.7608100" lon="2.2849570">
    <ele>86.2</ele>
    <time>2024-05-03T19:29:13Z</time>
   </trkpt>
   <trkpt lat="48.7607550" lon="2.2849790">
    <ele>86.1</ele>
    <time>2024-05-03T19:29:14Z</time>
   </trkpt>
   <trkpt lat="48.7606990" lon="2.2849960">
    <ele>86.1</ele>
    <time>2024-05-03T19:29:15Z</time>
   </trkpt>
   <trkpt lat="48.7606420" lon="2.2850020">
    <ele>86.1</ele>
    <time>2024-05-03T19:29:16Z</time>
   </trkpt>
   <trkpt lat="48.7604750" lon="2.2849620">
    <ele>86.1</ele>
    <time>2024-05-03T19:29:19Z</time>
   </trkpt>
   <trkpt lat="48.7604160" lon="2.2848980">
    <ele>86.3</ele>
    <time>2024-05-03T19:29:20Z</time>
   </trkpt>
   <trkpt lat="48.7603600" lon="2.2848580">
    <ele>86.5</ele>
    <time>2024-05-03T19:29:21Z</time>
   </trkpt>
   <trkpt lat="48.7603060" lon="2.2848190">
    <ele>86.8</ele>
    <time>2024-05-03T19:29:22Z</time>
   </trkpt>
   <trkpt lat="48.7602580" lon="2.2847810">
    <ele>87.1</ele>
    <time>2024-05-03T19:29:23Z</time>
   </trkpt>
   <trkpt lat="48.7602100" lon="2.2847560">
    <ele>87.4</ele>
    <time>2024-05-03T19:29:24Z</time>
   </trkpt>
   <trkpt lat="48.7601590" lon="2.2847370">
    <ele>87.7</ele>
    <time>2024-05-03T19:29:25Z</time>
   </trkpt>
   <trkpt lat="48.7601140" lon="2.2847290">
    <ele>88.0</ele>
    <time>2024-05-03T19:29:26Z</time>
   </trkpt>
   <trkpt lat="48.7600690" lon="2.2847150">
    <ele>88.3</ele>
    <time>2024-05-03T19:29:27Z</time>
   </trkpt>
   <trkpt lat="48.7600300" lon="2.2846970">
    <ele>88.5</ele>
    <time>2024-05-03T19:29:28Z</time>
   </trkpt>
   <trkpt lat="48.7600050" lon="2.2846570">
    <ele>88.8</ele>
    <time>2024-05-03T19:29:29Z</time>
   </trkpt>
   <trkpt lat="48.7600010" lon="2.2846060">
    <ele>89.0</ele>
    <time>2024-05-03T19:29:30Z</time>
   </trkpt>
   <trkpt lat="48.7600150" lon="2.2845570">
    <ele>89.1</ele>
    <time>2024-05-03T19:29:31Z</time>
   </trkpt>
   <trkpt lat="48.7600600" lon="2.2845410">
    <ele>89.4</ele>
    <time>2024-05-03T19:29:32Z</time>
   </trkpt>
   <trkpt lat="48.7600990" lon="2.2845400">
    <ele>89.5</ele>
    <time>2024-05-03T19:29:33Z</time>
   </trkpt>
   <trkpt lat="48.7601380" lon="2.2845560">
    <ele>89.7</ele>
    <time>2024-05-03T19:29:34Z</time>
   </trkpt>
   <trkpt lat="48.7601750" lon="2.2845780">
    <ele>89.9</ele>
    <time>2024-05-03T19:29:35Z</time>
   </trkpt>
   <trkpt lat="48.7602080" lon="2.2846040">
    <ele>90.1</ele>
    <time>2024-05-03T19:29:36Z</time>
   </trkpt>
   <trkpt lat="48.7602400" lon="2.2846240">
    <ele>90.3</ele>
    <time>2024-05-03T19:29:37Z</time>
   </trkpt>
   <trkpt lat="48.7602770" lon="2.2846370">
    <ele>90.5</ele>
    <time>2024-05-03T19:29:38Z</time>
   </trkpt>
   <trkpt lat="48.7603160" lon="2.2846310">
    <ele>90.8</ele>
    <time>2024-05-03T19:29:39Z</time>
   </trkpt>
   <trkpt lat="48.7603480" lon="2.2846040">
    <ele>91.0</ele>
    <time>2024-05-03T19:29:40Z</time>
   </trkpt>
   <trkpt lat="48.7603680" lon="2.2845640">
    <ele>91.2</ele>
    <time>2024-05-03T19:29:41Z</time>
   </trkpt>
   <trkpt lat="48.7603760" lon="2.2845110">
    <ele>91.4</ele>
    <time>2024-05-03T19:29:42Z</time>
   </trkpt>
   <trkpt lat="48.7603760" lon="2.2844550">
    <ele>91.6</ele>
    <time>2024-05-03T19:29:43Z</time>
   </trkpt>
   <trkpt lat="48.7603670" lon="2.2844000">
    <ele>91.8</ele>
    <time>2024-05-03T19:29:44Z</time>
   </trkpt>
   <trkpt lat="48.7603460" lon="2.2843520">
    <ele>92.0</ele>
    <time>2024-05-03T19:29:45Z</time>
   </trkpt>
   <trkpt lat="48.7603170" lon="2.2843160">
    <ele>92.1</ele>
    <time>2024-05-03T19:29:46Z</time>
   </trkpt>
   <trkpt lat="48.7602820" lon="2.2842920">
    <ele>92.3</ele>
    <time>2024-05-03T19:29:47Z</time>
   </trkpt>
   <trkpt lat="48.7602450" lon="2.2842770">
    <ele>92.4</ele>
    <time>2024-05-03T19:29:48Z</time>
   </trkpt>
   <trkpt lat="48.7602090" lon="2.2842670">
    <ele>92.5</ele>
    <time>2024-05-03T19:29:49Z</time>
   </trkpt>
   <trkpt lat="48.7601730" lon="2.2842630">
    <ele>92.6</ele>
    <time>2024-05-03T19:29:50Z</time>
   </trkpt>
   <trkpt lat="48.7601360" lon="2.2842650">
    <ele>92.7</ele>
    <time>2024-05-03T19:29:51Z</time>
   </trkpt>
   <trkpt lat="48.7600990" lon="2.2842680">
    <ele>92.7</ele>
    <time>2024-05-03T19:29:52Z</time>
   </trkpt>
   <trkpt lat="48.7600620" lon="2.2842720">
    <ele>92.8</ele>
    <time>2024-05-03T19:29:53Z</time>
   </trkpt>
   <trkpt lat="48.7600250" lon="2.2842790">
    <ele>92.9</ele>
    <time>2024-05-03T19:29:54Z</time>
   </trkpt>
   <trkpt lat="48.7599870" lon="2.2842930">
    <ele>92.9</ele>
    <time>2024-05-03T19:29:55Z</time>
   </trkpt>
   <trkpt lat="48.7599480" lon="2.2843090">
    <ele>93.0</ele>
    <time>2024-05-03T19:29:56Z</time>
   </trkpt>
   <trkpt lat="48.7599080" lon="2.2843230">
    <ele>93.1</ele>
    <time>2024-05-03T19:29:57Z</time>
   </trkpt>
   <trkpt lat="48.7598680" lon="2.2843390">
    <ele>93.1</ele>
    <time>2024-05-03T19:29:58Z</time>
   </trkpt>
   <trkpt lat="48.7598280" lon="2.2843550">
    <ele>93.2</ele>
    <time>2024-05-03T19:29:59Z</time>
   </trkpt>
   <trkpt lat="48.7597900" lon="2.2843750">
    <ele>93.2</ele>
    <time>2024-05-03T19:30:00Z</time>
   </trkpt>
   <trkpt lat="48.7597520" lon="2.2843970">
    <ele>93.2</ele>
    <time>2024-05-03T19:30:01Z</time>
   </trkpt>
   <trkpt lat="48.7597130" lon="2.2844170">
    <ele>93.3</ele>
    <time>2024-05-03T19:30:02Z</time>
   </trkpt>
   <trkpt lat="48.7596750" lon="2.2844400">
    <ele>93.3</ele>
    <time>2024-05-03T19:30:03Z</time>
   </trkpt>
   <trkpt lat="48.7596400" lon="2.2844660">
    <ele>93.4</ele>
    <time>2024-05-03T19:30:04Z</time>
   </trkpt>
   <trkpt lat="48.7596090" lon="2.2844990">
    <ele>93.4</ele>
    <time>2024-05-03T19:30:05Z</time>
   </trkpt>
   <trkpt lat="48.7595820" lon="2.2845420">
    <ele>93.4</ele>
    <time>2024-05-03T19:30:06Z</time>
   </trkpt>
   <trkpt lat="48.7595560" lon="2.2845860">
    <ele>93.4</ele>
    <time>2024-05-03T19:30:07Z</time>
   </trkpt>
   <trkpt lat="48.7595300" lon="2.2846150">
    <ele>93.4</ele>
    <time>2024-05-03T19:30:08Z</time>
   </trkpt>
   <trkpt lat="48.7595100" lon="2.2846240">
    <ele>93.4</ele>
    <time>2024-05-03T19:30:09Z</time>
   </trkpt>
   <trkpt lat="48.7594950" lon="2.2846200">
    <ele>93.4</ele>
    <time>2024-05-03T19:30:10Z</time>
   </trkpt>
   <trkpt lat="48.7594660" lon="2.2846170">
    <ele>93.4</ele>
    <time>2024-05-03T19:30:11Z</time>
   </trkpt>
   <trkpt lat="48.7594540" lon="2.2846180">
    <ele>93.4</ele>
    <time>2024-05-03T19:30:12Z</time>
   </trkpt>
   <trkpt lat="48.7594260" lon="2.2846100">
    <ele>93.3</ele>
    <time>2024-05-03T19:30:13Z</time>
   </trkpt>
   <trkpt lat="48.7593960" lon="2.2845920">
    <ele>93.3</ele>
    <time>2024-05-03T19:30:14Z</time>
   </trkpt>
   <trkpt lat="48.7593650" lon="2.2845630">
    <ele>93.3</ele>
    <time>2024-05-03T19:30:15Z</time>
   </trkpt>
   <trkpt lat="48.7593270" lon="2.2845410">
    <ele>93.2</ele>
    <time>2024-05-03T19:30:16Z</time>
   </trkpt>
   <trkpt lat="48.7592820" lon="2.2845420">
    <ele>93.2</ele>
    <time>2024-05-03T19:30:17Z</time>
   </trkpt>
   <trkpt lat="48.7592300" lon="2.2845510">
    <ele>93.1</ele>
    <time>2024-05-03T19:30:18Z</time>
   </trkpt>
   <trkpt lat="48.7591790" lon="2.2845660">
    <ele>93.1</ele>
    <time>2024-05-03T19:30:19Z</time>
   </trkpt>
   <trkpt lat="48.7591270" lon="2.2845800">
    <ele>93.1</ele>
    <time>2024-05-03T19:30:20Z</time>
   </trkpt>
   <trkpt lat="48.7590730" lon="2.2845820">
    <ele>93.1</ele>
    <time>2024-05-03T19:30:21Z</time>
   </trkpt>
   <trkpt lat="48.7590190" lon="2.2845780">
    <ele>93.1</ele>
    <time>2024-05-03T19:30:22Z</time>
   </trkpt>
   <trkpt lat="48.7589660" lon="2.2845700">
    <ele>93.1</ele>
    <time>2024-05-03T19:30:23Z</time>
   </trkpt>
   <trkpt lat="48.7589110" lon="2.2845620">
    <ele>93.1</ele>
    <time>2024-05-03T19:30:24Z</time>
   </trkpt>
   <trkpt lat="48.7588580" lon="2.2845540">
    <ele>93.1</ele>
    <time>2024-05-03T19:30:25Z</time>
   </trkpt>
   <trkpt lat="48.7588060" lon="2.2845470">
    <ele>93.1</ele>
    <time>2024-05-03T19:30:26Z</time>
   </trkpt>
   <trkpt lat="48.7587530" lon="2.2845400">
    <ele>93.1</ele>
    <time>2024-05-03T19:30:27Z</time>
   </trkpt>
   <trkpt lat="48.7587010" lon="2.2845320">
    <ele>93.2</ele>
    <time>2024-05-03T19:30:28Z</time>
   </trkpt>
   <trkpt lat="48.7586480" lon="2.2845180">
    <ele>93.2</ele>
    <time>2024-05-03T19:30:29Z</time>
   </trkpt>
   <trkpt lat="48.7585950" lon="2.2845090">
    <ele>93.2</ele>
    <time>2024-05-03T19:30:30Z</time>
   </trkpt>
   <trkpt lat="48.7585420" lon="2.2845030">
    <ele>93.2</ele>
    <time>2024-05-03T19:30:31Z</time>
   </trkpt>
   <trkpt lat="48.7584880" lon="2.2844940">
    <ele>93.3</ele>
    <time>2024-05-03T19:30:32Z</time>
   </trkpt>
   <trkpt lat="48.7584320" lon="2.2844850">
    <ele>93.3</ele>
    <time>2024-05-03T19:30:33Z</time>
   </trkpt>
   <trkpt lat="48.7583800" lon="2.2844760">
    <ele>93.3</ele>
    <time>2024-05-03T19:30:34Z</time>
   </trkpt>
   <trkpt lat="48.7583270" lon="2.2844650">
    <ele>93.3</ele>
    <time>2024-05-03T19:30:35Z</time>
   </trkpt>
   <trkpt lat="48.7582730" lon="2.2844530">
    <ele>93.3</ele>
    <time>2024-05-03T19:30:36Z</time>
   </trkpt>
   <trkpt lat="48.7582170" lon="2.2844410">
    <ele>93.3</ele>
    <time>2024-05-03T19:30:37Z</time>
   </trkpt>
   <trkpt lat="48.7581690" lon="2.2844390">
    <ele>93.3</ele>
    <time>2024-05-03T19:30:38Z</time>
   </trkpt>
   <trkpt lat="48.7581160" lon="2.2844330">
    <ele>93.3</ele>
    <time>2024-05-03T19:30:39Z</time>
   </trkpt>
   <trkpt lat="48.7580610" lon="2.2844200">
    <ele>93.3</ele>
    <time>2024-05-03T19:30:40Z</time>
   </trkpt>
   <trkpt lat="48.7580080" lon="2.2844110">
    <ele>93.3</ele>
    <time>2024-05-03T19:30:41Z</time>
   </trkpt>
   <trkpt lat="48.7579560" lon="2.2844020">
    <ele>93.3</ele>
    <time>2024-05-03T19:30:42Z</time>
   </trkpt>
   <trkpt lat="48.7579010" lon="2.2843890">
    <ele>93.3</ele>
    <time>2024-05-03T19:30:43Z</time>
   </trkpt>
   <trkpt lat="48.7578480" lon="2.2843770">
    <ele>93.3</ele>
    <time>2024-05-03T19:30:44Z</time>
   </trkpt>
   <trkpt lat="48.7577910" lon="2.2843620">
    <ele>93.3</ele>
    <time>2024-05-03T19:30:45Z</time>
   </trkpt>
   <trkpt lat="48.7577370" lon="2.2843520">
    <ele>93.3</ele>
    <time>2024-05-03T19:30:46Z</time>
   </trkpt>
   <trkpt lat="48.7576840" lon="2.2843460">
    <ele>93.3</ele>
    <time>2024-05-03T19:30:47Z</time>
   </trkpt>
   <trkpt lat="48.7576290" lon="2.2843340">
    <ele>93.2</ele>
    <time>2024-05-03T19:30:48Z</time>
   </trkpt>
   <trkpt lat="48.7575760" lon="2.2843240">
    <ele>93.2</ele>
    <time>2024-05-03T19:30:49Z</time>
   </trkpt>
   <trkpt lat="48.7575210" lon="2.2843140">
    <ele>93.2</ele>
    <time>2024-05-03T19:30:50Z</time>
   </trkpt>
   <trkpt lat="48.7574650" lon="2.2843020">
    <ele>93.1</ele>
    <time>2024-05-03T19:30:51Z</time>
   </trkpt>
   <trkpt lat="48.7574090" lon="2.2842930">
    <ele>93.1</ele>
    <time>2024-05-03T19:30:52Z</time>
   </trkpt>
   <trkpt lat="48.7573570" lon="2.2842820">
    <ele>93.1</ele>
    <time>2024-05-03T19:30:53Z</time>
   </trkpt>
   <trkpt lat="48.7573050" lon="2.2842720">
    <ele>93.0</ele>
    <time>2024-05-03T19:30:54Z</time>
   </trkpt>
   <trkpt lat="48.7572550" lon="2.2842650">
    <ele>93.0</ele>
    <time>2024-05-03T19:30:55Z</time>
   </trkpt>
   <trkpt lat="48.7572050" lon="2.2842560">
    <ele>92.9</ele>
    <time>2024-05-03T19:30:56Z</time>
   </trkpt>
   <trkpt lat="48.7571560" lon="2.2842440">
    <ele>92.9</ele>
    <time>2024-05-03T19:30:57Z</time>
   </trkpt>
   <trkpt lat="48.7571040" lon="2.2842330">
    <ele>92.8</ele>
    <time>2024-05-03T19:30:58Z</time>
   </trkpt>
   <trkpt lat="48.7570520" lon="2.2842210">
    <ele>92.8</ele>
    <time>2024-05-03T19:30:59Z</time>
   </trkpt>
   <trkpt lat="48.7569980" lon="2.2842110">
    <ele>92.7</ele>
    <time>2024-05-03T19:31:00Z</time>
   </trkpt>
   <trkpt lat="48.7569440" lon="2.2841950">
    <ele>92.6</ele>
    <time>2024-05-03T19:31:01Z</time>
   </trkpt>
   <trkpt lat="48.7568880" lon="2.2841790">
    <ele>92.5</ele>
    <time>2024-05-03T19:31:02Z</time>
   </trkpt>
   <trkpt lat="48.7568330" lon="2.2841650">
    <ele>92.4</ele>
    <time>2024-05-03T19:31:03Z</time>
   </trkpt>
   <trkpt lat="48.7567790" lon="2.2841500">
    <ele>92.3</ele>
    <time>2024-05-03T19:31:04Z</time>
   </trkpt>
   <trkpt lat="48.7567270" lon="2.2841400">
    <ele>92.1</ele>
    <time>2024-05-03T19:31:05Z</time>
   </trkpt>
   <trkpt lat="48.7566740" lon="2.2841310">
    <ele>91.9</ele>
    <time>2024-05-03T19:31:06Z</time>
   </trkpt>
   <trkpt lat="48.7566200" lon="2.2841230">
    <ele>91.7</ele>
    <time>2024-05-03T19:31:07Z</time>
   </trkpt>
   <trkpt lat="48.7565680" lon="2.2841560">
    <ele>91.4</ele>
    <time>2024-05-03T19:31:08Z</time>
   </trkpt>
   <trkpt lat="48.7565160" lon="2.2842020">
    <ele>91.2</ele>
    <time>2024-05-03T19:31:09Z</time>
   </trkpt>
   <trkpt lat="48.7564590" lon="2.2842530">
    <ele>90.9</ele>
    <time>2024-05-03T19:31:10Z</time>
   </trkpt>
   <trkpt lat="48.7564000" lon="2.2843080">
    <ele>90.6</ele>
    <time>2024-05-03T19:31:11Z</time>
   </trkpt>
   <trkpt lat="48.7563400" lon="2.2843600">
    <ele>90.4</ele>
    <time>2024-05-03T19:31:12Z</time>
   </trkpt>
   <trkpt lat="48.7562810" lon="2.2844050">
    <ele>90.2</ele>
    <time>2024-05-03T19:31:13Z</time>
   </trkpt>
   <trkpt lat="48.7562220" lon="2.2844480">
    <ele>90.1</ele>
    <time>2024-05-03T19:31:14Z</time>
   </trkpt>
   <trkpt lat="48.7561620" lon="2.2844920">
    <ele>89.9</ele>
    <time>2024-05-03T19:31:15Z</time>
   </trkpt>
   <trkpt lat="48.7561040" lon="2.2845390">
    <ele>89.8</ele>
    <time>2024-05-03T19:31:16Z</time>
   </trkpt>
   <trkpt lat="48.7560480" lon="2.2845790">
    <ele>89.7</ele>
    <time>2024-05-03T19:31:17Z</time>
   </trkpt>
   <trkpt lat="48.7560000" lon="2.2846140">
    <ele>89.7</ele>
    <time>2024-05-03T19:31:18Z</time>
   </trkpt>
   <trkpt lat="48.7559560" lon="2.2846440">
    <ele>89.6</ele>
    <time>2024-05-03T19:31:19Z</time>
   </trkpt>
   <trkpt lat="48.7559150" lon="2.2846470">
    <ele>89.6</ele>
    <time>2024-05-03T19:31:20Z</time>
   </trkpt>
   <trkpt lat="48.7558810" lon="2.2846320">
    <ele>89.5</ele>
    <time>2024-05-03T19:31:21Z</time>
   </trkpt>
   <trkpt lat="48.7558490" lon="2.2846060">
    <ele>89.5</ele>
    <time>2024-05-03T19:31:22Z</time>
   </trkpt>
   <trkpt lat="48.7558230" lon="2.2845770">
    <ele>89.5</ele>
    <time>2024-05-03T19:31:23Z</time>
   </trkpt>
   <trkpt lat="48.7557930" lon="2.2845600">
    <ele>89.4</ele>
    <time>2024-05-03T19:31:24Z</time>
   </trkpt>
   <trkpt lat="48.7557580" lon="2.2845580">
    <ele>89.4</ele>
    <time>2024-05-03T19:31:25Z</time>
   </trkpt>
   <trkpt lat="48.7557190" lon="2.2845560">
    <ele>89.4</ele>
    <time>2024-05-03T19:31:26Z</time>
   </trkpt>
   <trkpt lat="48.7556860" lon="2.2845560">
    <ele>89.4</ele>
    <time>2024-05-03T19:31:27Z</time>
   </trkpt>
   <trkpt lat="48.7556510" lon="2.2845480">
    <ele>89.4</ele>
    <time>2024-05-03T19:31:28Z</time>
   </trkpt>
   <trkpt lat="48.7556140" lon="2.2845360">
    <ele>89.4</ele>
    <time>2024-05-03T19:31:29Z</time>
   </trkpt>
   <trkpt lat="48.7555780" lon="2.2845500">
    <ele>89.3</ele>
    <time>2024-05-03T19:31:30Z</time>
   </trkpt>
   <trkpt lat="48.7555420" lon="2.2845590">
    <ele>89.3</ele>
    <time>2024-05-03T19:31:31Z</time>
   </trkpt>
   <trkpt lat="48.7555060" lon="2.2845410">
    <ele>89.3</ele>
    <time>2024-05-03T19:31:32Z</time>
   </trkpt>
   <trkpt lat="48.7554720" lon="2.2845180">
    <ele>89.2</ele>
    <time>2024-05-03T19:31:33Z</time>
   </trkpt>
   <trkpt lat="48.7554380" lon="2.2844820">
    <ele>89.2</ele>
    <time>2024-05-03T19:31:34Z</time>
   </trkpt>
   <trkpt lat="48.7553990" lon="2.2844510">
    <ele>89.1</ele>
    <time>2024-05-03T19:31:35Z</time>
   </trkpt>
   <trkpt lat="48.7553570" lon="2.2844270">
    <ele>89.1</ele>
    <time>2024-05-03T19:31:36Z</time>
   </trkpt>
   <trkpt lat="48.7553150" lon="2.2844080">
    <ele>89.1</ele>
    <time>2024-05-03T19:31:37Z</time>
   </trkpt>
   <trkpt lat="48.7552750" lon="2.2843880">
    <ele>89.1</ele>
    <time>2024-05-03T19:31:38Z</time>
   </trkpt>
   <trkpt lat="48.7552350" lon="2.2843670">
    <ele>89.0</ele>
    <time>2024-05-03T19:31:39Z</time>
   </trkpt>
   <trkpt lat="48.7551960" lon="2.2843460">
    <ele>89.0</ele>
    <time>2024-05-03T19:31:40Z</time>
   </trkpt>
   <trkpt lat="48.7551590" lon="2.2843240">
    <ele>89.0</ele>
    <time>2024-05-03T19:31:41Z</time>
   </trkpt>
   <trkpt lat="48.7551210" lon="2.2843030">
    <ele>89.0</ele>
    <time>2024-05-03T19:31:42Z</time>
   </trkpt>
   <trkpt lat="48.7550810" lon="2.2842900">
    <ele>89.0</ele>
    <time>2024-05-03T19:31:43Z</time>
   </trkpt>
   <trkpt lat="48.7550400" lon="2.2842830">
    <ele>88.9</ele>
    <time>2024-05-03T19:31:44Z</time>
   </trkpt>
   <trkpt lat="48.7549990" lon="2.2842710">
    <ele>88.9</ele>
    <time>2024-05-03T19:31:45Z</time>
   </trkpt>
   <trkpt lat="48.7549700" lon="2.2842240">
    <ele>88.9</ele>
    <time>2024-05-03T19:31:46Z</time>
   </trkpt>
   <trkpt lat="48.7549310" lon="2.2841880">
    <ele>88.9</ele>
    <time>2024-05-03T19:31:47Z</time>
   </trkpt>
   <trkpt lat="48.7548890" lon="2.2841530">
    <ele>88.9</ele>
    <time>2024-05-03T19:31:48Z</time>
   </trkpt>
   <trkpt lat="48.7548490" lon="2.2841120">
    <ele>88.9</ele>
    <time>2024-05-03T19:31:49Z</time>
   </trkpt>
   <trkpt lat="48.7548100" lon="2.2840790">
    <ele>88.9</ele>
    <time>2024-05-03T19:31:50Z</time>
   </trkpt>
   <trkpt lat="48.7547670" lon="2.2840440">
    <ele>88.8</ele>
    <time>2024-05-03T19:31:51Z</time>
   </trkpt>
   <trkpt lat="48.7547210" lon="2.2840130">
    <ele>88.8</ele>
    <time>2024-05-03T19:31:52Z</time>
   </trkpt>
   <trkpt lat="48.7546700" lon="2.2839910">
    <ele>88.8</ele>
    <time>2024-05-03T19:31:53Z</time>
   </trkpt>
   <trkpt lat="48.7546200" lon="2.2839810">
    <ele>88.8</ele>
    <time>2024-05-03T19:31:54Z</time>
   </trkpt>
   <trkpt lat="48.7545710" lon="2.2839840">
    <ele>88.8</ele>
    <time>2024-05-03T19:31:55Z</time>
   </trkpt>
   <trkpt lat="48.7545200" lon="2.2839870">
    <ele>88.8</ele>
    <time>2024-05-03T19:31:56Z</time>
   </trkpt>
   <trkpt lat="48.7544690" lon="2.2839870">
    <ele>88.8</ele>
    <time>2024-05-03T19:31:57Z</time>
   </trkpt>
   <trkpt lat="48.7544170" lon="2.2839780">
    <ele>88.8</ele>
    <time>2024-05-03T19:31:58Z</time>
   </trkpt>
   <trkpt lat="48.7543640" lon="2.2839600">
    <ele>88.7</ele>
    <time>2024-05-03T19:31:59Z</time>
   </trkpt>
   <trkpt lat="48.7543130" lon="2.2839370">
    <ele>88.7</ele>
    <time>2024-05-03T19:32:00Z</time>
   </trkpt>
   <trkpt lat="48.7542630" lon="2.2839090">
    <ele>88.6</ele>
    <time>2024-05-03T19:32:01Z</time>
   </trkpt>
   <trkpt lat="48.7542110" lon="2.2838850">
    <ele>88.6</ele>
    <time>2024-05-03T19:32:02Z</time>
   </trkpt>
   <trkpt lat="48.7541610" lon="2.2838610">
    <ele>88.5</ele>
    <time>2024-05-03T19:32:03Z</time>
   </trkpt>
   <trkpt lat="48.7541110" lon="2.2838340">
    <ele>88.4</ele>
    <time>2024-05-03T19:32:04Z</time>
   </trkpt>
   <trkpt lat="48.7540620" lon="2.2838060">
    <ele>88.3</ele>
    <time>2024-05-03T19:32:05Z</time>
   </trkpt>
   <trkpt lat="48.7540100" lon="2.2837780">
    <ele>88.3</ele>
    <time>2024-05-03T19:32:06Z</time>
   </trkpt>
   <trkpt lat="48.7539590" lon="2.2837480">
    <ele>88.2</ele>
    <time>2024-05-03T19:32:07Z</time>
   </trkpt>
   <trkpt lat="48.7539060" lon="2.2837140">
    <ele>88.1</ele>
    <time>2024-05-03T19:32:08Z</time>
   </trkpt>
   <trkpt lat="48.7538530" lon="2.2836720">
    <ele>88.0</ele>
    <time>2024-05-03T19:32:09Z</time>
   </trkpt>
   <trkpt lat="48.7537980" lon="2.2836290">
    <ele>87.9</ele>
    <time>2024-05-03T19:32:10Z</time>
   </trkpt>
   <trkpt lat="48.7537430" lon="2.2835900">
    <ele>87.8</ele>
    <time>2024-05-03T19:32:11Z</time>
   </trkpt>
   <trkpt lat="48.7536850" lon="2.2835590">
    <ele>87.8</ele>
    <time>2024-05-03T19:32:12Z</time>
   </trkpt>
   <trkpt lat="48.7536240" lon="2.2835460">
    <ele>87.7</ele>
    <time>2024-05-03T19:32:13Z</time>
   </trkpt>
   <trkpt lat="48.7535670" lon="2.2835490">
    <ele>87.7</ele>
    <time>2024-05-03T19:32:14Z</time>
   </trkpt>
   <trkpt lat="48.7535070" lon="2.2835460">
    <ele>87.7</ele>
    <time>2024-05-03T19:32:15Z</time>
   </trkpt>
   <trkpt lat="48.7534490" lon="2.2835340">
    <ele>87.8</ele>
    <time>2024-05-03T19:32:16Z</time>
   </trkpt>
   <trkpt lat="48.7533920" lon="2.2835120">
    <ele>87.8</ele>
    <time>2024-05-03T19:32:17Z</time>
   </trkpt>
   <trkpt lat="48.7533370" lon="2.2834870">
    <ele>87.8</ele>
    <time>2024-05-03T19:32:18Z</time>
   </trkpt>
   <trkpt lat="48.7532800" lon="2.2834590">
    <ele>87.8</ele>
    <time>2024-05-03T19:32:19Z</time>
   </trkpt>
   <trkpt lat="48.7532230" lon="2.2834320">
    <ele>87.8</ele>
    <time>2024-05-03T19:32:20Z</time>
   </trkpt>
   <trkpt lat="48.7531650" lon="2.2834030">
    <ele>87.8</ele>
    <time>2024-05-03T19:32:21Z</time>
   </trkpt>
   <trkpt lat="48.7531080" lon="2.2833750">
    <ele>87.8</ele>
    <time>2024-05-03T19:32:22Z</time>
   </trkpt>
   <trkpt lat="48.7530520" lon="2.2833470">
    <ele>87.7</ele>
    <time>2024-05-03T19:32:23Z</time>
   </trkpt>
   <trkpt lat="48.7529950" lon="2.2833190">
    <ele>87.6</ele>
    <time>2024-05-03T19:32:24Z</time>
   </trkpt>
   <trkpt lat="48.7529400" lon="2.2832930">
    <ele>87.5</ele>
    <time>2024-05-03T19:32:25Z</time>
   </trkpt>
   <trkpt lat="48.7528830" lon="2.2832630">
    <ele>87.4</ele>
    <time>2024-05-03T19:32:26Z</time>
   </trkpt>
   <trkpt lat="48.7528250" lon="2.2832330">
    <ele>87.2</ele>
    <time>2024-05-03T19:32:27Z</time>
   </trkpt>
   <trkpt lat="48.7527690" lon="2.2832030">
    <ele>87.1</ele>
    <time>2024-05-03T19:32:28Z</time>
   </trkpt>
   <trkpt lat="48.7527100" lon="2.2831650">
    <ele>86.9</ele>
    <time>2024-05-03T19:32:29Z</time>
   </trkpt>
   <trkpt lat="48.7526520" lon="2.2831260">
    <ele>86.8</ele>
    <time>2024-05-03T19:32:30Z</time>
   </trkpt>
   <trkpt lat="48.7525950" lon="2.2830890">
    <ele>86.6</ele>
    <time>2024-05-03T19:32:31Z</time>
   </trkpt>
   <trkpt lat="48.7525370" lon="2.2830490">
    <ele>86.3</ele>
    <time>2024-05-03T19:32:32Z</time>
   </trkpt>
   <trkpt lat="48.7524800" lon="2.2830100">
    <ele>86.1</ele>
    <time>2024-05-03T19:32:33Z</time>
   </trkpt>
   <trkpt lat="48.7524200" lon="2.2829710">
    <ele>85.9</ele>
    <time>2024-05-03T19:32:34Z</time>
   </trkpt>
   <trkpt lat="48.7523590" lon="2.2829380">
    <ele>85.7</ele>
    <time>2024-05-03T19:32:35Z</time>
   </trkpt>
   <trkpt lat="48.7522970" lon="2.2829040">
    <ele>85.5</ele>
    <time>2024-05-03T19:32:36Z</time>
   </trkpt>
   <trkpt lat="48.7522340" lon="2.2828710">
    <ele>85.3</ele>
    <time>2024-05-03T19:32:37Z</time>
   </trkpt>
   <trkpt lat="48.7521690" lon="2.2828400">
    <ele>85.1</ele>
    <time>2024-05-03T19:32:38Z</time>
   </trkpt>
   <trkpt lat="48.7521070" lon="2.2828100">
    <ele>84.9</ele>
    <time>2024-05-03T19:32:39Z</time>
   </trkpt>
   <trkpt lat="48.7520430" lon="2.2827740">
    <ele>84.7</ele>
    <time>2024-05-03T19:32:40Z</time>
   </trkpt>
   <trkpt lat="48.7519800" lon="2.2827380">
    <ele>84.5</ele>
    <time>2024-05-03T19:32:41Z</time>
   </trkpt>
   <trkpt lat="48.7519170" lon="2.2827020">
    <ele>84.3</ele>
    <time>2024-05-03T19:32:42Z</time>
   </trkpt>
   <trkpt lat="48.7518540" lon="2.2826610">
    <ele>84.2</ele>
    <time>2024-05-03T19:32:43Z</time>
   </trkpt>
   <trkpt lat="48.7517920" lon="2.2826150">
    <ele>84.0</ele>
    <time>2024-05-03T19:32:44Z</time>
   </trkpt>
   <trkpt lat="48.7517370" lon="2.2825620">
    <ele>83.8</ele>
    <time>2024-05-03T19:32:45Z</time>
   </trkpt>
   <trkpt lat="48.7516840" lon="2.2825030">
    <ele>83.8</ele>
    <time>2024-05-03T19:32:46Z</time>
   </trkpt>
   <trkpt lat="48.7516320" lon="2.2824430">
    <ele>83.7</ele>
    <time>2024-05-03T19:32:47Z</time>
   </trkpt>
   <trkpt lat="48.7515790" lon="2.2823860">
    <ele>83.6</ele>
    <time>2024-05-03T19:32:48Z</time>
   </trkpt>
   <trkpt lat="48.7515280" lon="2.2823250">
    <ele>83.5</ele>
    <time>2024-05-03T19:32:49Z</time>
   </trkpt>
   <trkpt lat="48.7514850" lon="2.2822560">
    <ele>83.5</ele>
    <time>2024-05-03T19:32:50Z</time>
   </trkpt>
   <trkpt lat="48.7514530" lon="2.2821910">
    <ele>83.4</ele>
    <time>2024-05-03T19:32:51Z</time>
   </trkpt>
   <trkpt lat="48.7514260" lon="2.2821400">
    <ele>83.4</ele>
    <time>2024-05-03T19:32:52Z</time>
   </trkpt>
   <trkpt lat="48.7514020" lon="2.2821100">
    <ele>83.4</ele>
    <time>2024-05-03T19:32:53Z</time>
   </trkpt>
   <trkpt lat="48.7513730" lon="2.2820860">
    <ele>83.3</ele>
    <time>2024-05-03T19:32:54Z</time>
   </trkpt>
   <trkpt lat="48.7513400" lon="2.2820610">
    <ele>83.2</ele>
    <time>2024-05-03T19:32:55Z</time>
   </trkpt>
   <trkpt lat="48.7513150" lon="2.2820190">
    <ele>83.1</ele>
    <time>2024-05-03T19:32:56Z</time>
   </trkpt>
   <trkpt lat="48.7513100" lon="2.2819570">
    <ele>83.1</ele>
    <time>2024-05-03T19:32:57Z</time>
   </trkpt>
   <trkpt lat="48.7513190" lon="2.2818870">
    <ele>83.0</ele>
    <time>2024-05-03T19:32:58Z</time>
   </trkpt>
   <trkpt lat="48.7513280" lon="2.2818120">
    <ele>82.9</ele>
    <time>2024-05-03T19:32:59Z</time>
   </trkpt>
   <trkpt lat="48.7513300" lon="2.2817340">
    <ele>82.8</ele>
    <time>2024-05-03T19:33:00Z</time>
   </trkpt>
   <trkpt lat="48.7513140" lon="2.2816610">
    <ele>82.6</ele>
    <time>2024-05-03T19:33:01Z</time>
   </trkpt>
   <trkpt lat="48.7512860" lon="2.2815940">
    <ele>82.5</ele>
    <time>2024-05-03T19:33:02Z</time>
   </trkpt>
   <trkpt lat="48.7512540" lon="2.2815350">
    <ele>82.3</ele>
    <time>2024-05-03T19:33:03Z</time>
   </trkpt>
   <trkpt lat="48.7512180" lon="2.2814750">
    <ele>82.1</ele>
    <time>2024-05-03T19:33:04Z</time>
   </trkpt>
   <trkpt lat="48.7511740" lon="2.2814190">
    <ele>81.8</ele>
    <time>2024-05-03T19:33:05Z</time>
   </trkpt>
   <trkpt lat="48.7511140" lon="2.2813700">
    <ele>81.6</ele>
    <time>2024-05-03T19:33:06Z</time>
   </trkpt>
   <trkpt lat="48.7510470" lon="2.2813330">
    <ele>81.5</ele>
    <time>2024-05-03T19:33:07Z</time>
   </trkpt>
   <trkpt lat="48.7509840" lon="2.2812970">
    <ele>81.4</ele>
    <time>2024-05-03T19:33:08Z</time>
   </trkpt>
   <trkpt lat="48.7509260" lon="2.2812640">
    <ele>81.4</ele>
    <time>2024-05-03T19:33:09Z</time>
   </trkpt>
   <trkpt lat="48.7508720" lon="2.2812330">
    <ele>81.4</ele>
    <time>2024-05-03T19:33:10Z</time>
   </trkpt>
   <trkpt lat="48.7508150" lon="2.2812020">
    <ele>81.5</ele>
    <time>2024-05-03T19:33:11Z</time>
   </trkpt>
   <trkpt lat="48.7507600" lon="2.2811690">
    <ele>81.5</ele>
    <time>2024-05-03T19:33:12Z</time>
   </trkpt>
   <trkpt lat="48.7507060" lon="2.2811390">
    <ele>81.6</ele>
    <time>2024-05-03T19:33:13Z</time>
   </trkpt>
   <trkpt lat="48.7506540" lon="2.2811080">
    <ele>81.6</ele>
    <time>2024-05-03T19:33:14Z</time>
   </trkpt>
   <trkpt lat="48.7506000" lon="2.2810720">
    <ele>81.6</ele>
    <time>2024-05-03T19:33:15Z</time>
   </trkpt>
   <trkpt lat="48.7505450" lon="2.2810370">
    <ele>81.7</ele>
    <time>2024-05-03T19:33:16Z</time>
   </trkpt>
   <trkpt lat="48.7504910" lon="2.2809990">
    <ele>81.7</ele>
    <time>2024-05-03T19:33:17Z</time>
   </trkpt>
   <trkpt lat="48.7504380" lon="2.2809640">
    <ele>81.7</ele>
    <time>2024-05-03T19:33:18Z</time>
   </trkpt>
   <trkpt lat="48.7503860" lon="2.2809280">
    <ele>81.7</ele>
    <time>2024-05-03T19:33:19Z</time>
   </trkpt>
   <trkpt lat="48.7503330" lon="2.2808900">
    <ele>81.7</ele>
    <time>2024-05-03T19:33:20Z</time>
   </trkpt>
   <trkpt lat="48.7502780" lon="2.2808480">
    <ele>81.7</ele>
    <time>2024-05-03T19:33:21Z</time>
   </trkpt>
   <trkpt lat="48.7502230" lon="2.2808120">
    <ele>81.8</ele>
    <time>2024-05-03T19:33:22Z</time>
   </trkpt>
   <trkpt lat="48.7501680" lon="2.2807760">
    <ele>81.8</ele>
    <time>2024-05-03T19:33:23Z</time>
   </trkpt>
   <trkpt lat="48.7501160" lon="2.2807370">
    <ele>81.8</ele>
    <time>2024-05-03T19:33:24Z</time>
   </trkpt>
   <trkpt lat="48.7500640" lon="2.2807010">
    <ele>81.9</ele>
    <time>2024-05-03T19:33:25Z</time>
   </trkpt>
   <trkpt lat="48.7500080" lon="2.2806620">
    <ele>81.9</ele>
    <time>2024-05-03T19:33:26Z</time>
   </trkpt>
   <trkpt lat="48.7499550" lon="2.2806280">
    <ele>81.9</ele>
    <time>2024-05-03T19:33:27Z</time>
   </trkpt>
   <trkpt lat="48.7499020" lon="2.2805940">
    <ele>82.0</ele>
    <time>2024-05-03T19:33:28Z</time>
   </trkpt>
   <trkpt lat="48.7498520" lon="2.2805600">
    <ele>82.0</ele>
    <time>2024-05-03T19:33:29Z</time>
   </trkpt>
   <trkpt lat="48.7498050" lon="2.2805270">
    <ele>82.0</ele>
    <time>2024-05-03T19:33:30Z</time>
   </trkpt>
   <trkpt lat="48.7497570" lon="2.2804950">
    <ele>82.0</ele>
    <time>2024-05-03T19:33:31Z</time>
   </trkpt>
   <trkpt lat="48.7497070" lon="2.2804620">
    <ele>82.1</ele>
    <time>2024-05-03T19:33:32Z</time>
   </trkpt>
   <trkpt lat="48.7496590" lon="2.2804300">
    <ele>82.1</ele>
    <time>2024-05-03T19:33:33Z</time>
   </trkpt>
   <trkpt lat="48.7496110" lon="2.2803990">
    <ele>82.1</ele>
    <time>2024-05-03T19:33:34Z</time>
   </trkpt>
   <trkpt lat="48.7495630" lon="2.2803690">
    <ele>82.1</ele>
    <time>2024-05-03T19:33:35Z</time>
   </trkpt>
   <trkpt lat="48.7495160" lon="2.2803370">
    <ele>82.0</ele>
    <time>2024-05-03T19:33:36Z</time>
   </trkpt>
   <trkpt lat="48.7494710" lon="2.2803030">
    <ele>82.0</ele>
    <time>2024-05-03T19:33:37Z</time>
   </trkpt>
   <trkpt lat="48.7494220" lon="2.2802690">
    <ele>81.9</ele>
    <time>2024-05-03T19:33:38Z</time>
   </trkpt>
   <trkpt lat="48.7493760" lon="2.2802310">
    <ele>81.7</ele>
    <time>2024-05-03T19:33:39Z</time>
   </trkpt>
   <trkpt lat="48.7493320" lon="2.2801810">
    <ele>81.6</ele>
    <time>2024-05-03T19:33:40Z</time>
   </trkpt>
   <trkpt lat="48.7492930" lon="2.2801250">
    <ele>81.4</ele>
    <time>2024-05-03T19:33:41Z</time>
   </trkpt>
   <trkpt lat="48.7492530" lon="2.2800720">
    <ele>81.1</ele>
    <time>2024-05-03T19:33:42Z</time>
   </trkpt>
   <trkpt lat="48.7492160" lon="2.2800090">
    <ele>80.8</ele>
    <time>2024-05-03T19:33:43Z</time>
   </trkpt>
   <trkpt lat="48.7491700" lon="2.2799500">
    <ele>80.5</ele>
    <time>2024-05-03T19:33:44Z</time>
   </trkpt>
   <trkpt lat="48.7491170" lon="2.2799080">
    <ele>80.2</ele>
    <time>2024-05-03T19:33:45Z</time>
   </trkpt>
   <trkpt lat="48.7490490" lon="2.2798890">
    <ele>79.9</ele>
    <time>2024-05-03T19:33:46Z</time>
   </trkpt>
   <trkpt lat="48.7489820" lon="2.2798850">
    <ele>79.6</ele>
    <time>2024-05-03T19:33:47Z</time>
   </trkpt>
   <trkpt lat="48.7489250" lon="2.2798620">
    <ele>79.3</ele>
    <time>2024-05-03T19:33:48Z</time>
   </trkpt>
   <trkpt lat="48.7488800" lon="2.2798260">
    <ele>79.0</ele>
    <time>2024-05-03T19:33:49Z</time>
   </trkpt>
   <trkpt lat="48.7488400" lon="2.2797820">
    <ele>78.7</ele>
    <time>2024-05-03T19:33:50Z</time>
   </trkpt>
   <trkpt lat="48.7488120" lon="2.2797250">
    <ele>78.4</ele>
    <time>2024-05-03T19:33:51Z</time>
   </trkpt>
   <trkpt lat="48.7487900" lon="2.2796460">
    <ele>78.0</ele>
    <time>2024-05-03T19:33:52Z</time>
   </trkpt>
   <trkpt lat="48.7487560" lon="2.2795630">
    <ele>77.5</ele>
    <time>2024-05-03T19:33:53Z</time>
   </trkpt>
   <trkpt lat="48.7487150" lon="2.2794830">
    <ele>77.4</ele>
    <time>2024-05-03T19:33:54Z</time>
   </trkpt>
   <trkpt lat="48.7486730" lon="2.2794040">
    <ele>77.3</ele>
    <time>2024-05-03T19:33:55Z</time>
   </trkpt>
   <trkpt lat="48.7486430" lon="2.2792980">
    <ele>77.4</ele>
    <time>2024-05-03T19:33:56Z</time>
   </trkpt>
   <trkpt lat="48.7485950" lon="2.2792090">
    <ele>77.6</ele>
    <time>2024-05-03T19:33:57Z</time>
   </trkpt>
   <trkpt lat="48.7485490" lon="2.2791490">
    <ele>78.0</ele>
    <time>2024-05-03T19:33:58Z</time>
   </trkpt>
   <trkpt lat="48.7485060" lon="2.2790880">
    <ele>78.4</ele>
    <time>2024-05-03T19:33:59Z</time>
   </trkpt>
   <trkpt lat="48.7484600" lon="2.2790310">
    <ele>78.8</ele>
    <time>2024-05-03T19:34:00Z</time>
   </trkpt>
   <trkpt lat="48.7484250" lon="2.2789750">
    <ele>79.0</ele>
    <time>2024-05-03T19:34:01Z</time>
   </trkpt>
   <trkpt lat="48.7483890" lon="2.2789280">
    <ele>79.1</ele>
    <time>2024-05-03T19:34:02Z</time>
   </trkpt>
   <trkpt lat="48.7483540" lon="2.2788920">
    <ele>79.3</ele>
    <time>2024-05-03T19:34:03Z</time>
   </trkpt>
   <trkpt lat="48.7483150" lon="2.2788660">
    <ele>79.5</ele>
    <time>2024-05-03T19:34:04Z</time>
   </trkpt>
   <trkpt lat="48.7482720" lon="2.2788490">
    <ele>79.7</ele>
    <time>2024-05-03T19:34:05Z</time>
   </trkpt>
   <trkpt lat="48.7482300" lon="2.2788450">
    <ele>79.9</ele>
    <time>2024-05-03T19:34:06Z</time>
   </trkpt>
   <trkpt lat="48.7481870" lon="2.2788480">
    <ele>80.1</ele>
    <time>2024-05-03T19:34:07Z</time>
   </trkpt>
   <trkpt lat="48.7481460" lon="2.2788480">
    <ele>80.2</ele>
    <time>2024-05-03T19:34:08Z</time>
   </trkpt>
   <trkpt lat="48.7481080" lon="2.2788470">
    <ele>80.4</ele>
    <time>2024-05-03T19:34:09Z</time>
   </trkpt>
   <trkpt lat="48.7480730" lon="2.2788440">
    <ele>80.5</ele>
    <time>2024-05-03T19:34:10Z</time>
   </trkpt>
   <trkpt lat="48.7480390" lon="2.2788400">
    <ele>80.6</ele>
    <time>2024-05-03T19:34:11Z</time>
   </trkpt>
   <trkpt lat="48.7480090" lon="2.2788310">
    <ele>80.7</ele>
    <time>2024-05-03T19:34:12Z</time>
   </trkpt>
   <trkpt lat="48.7479790" lon="2.2788220">
    <ele>80.8</ele>
    <time>2024-05-03T19:34:13Z</time>
   </trkpt>
   <trkpt lat="48.7479490" lon="2.2788150">
    <ele>80.9</ele>
    <time>2024-05-03T19:34:14Z</time>
   </trkpt>
   <trkpt lat="48.7479180" lon="2.2788010">
    <ele>81.0</ele>
    <time>2024-05-03T19:34:15Z</time>
   </trkpt>
   <trkpt lat="48.7478850" lon="2.2787770">
    <ele>81.0</ele>
    <time>2024-05-03T19:34:16Z</time>
   </trkpt>
   <trkpt lat="48.7478500" lon="2.2787510">
    <ele>81.1</ele>
    <time>2024-05-03T19:34:17Z</time>
   </trkpt>
   <trkpt lat="48.7478120" lon="2.2787290">
    <ele>81.1</ele>
    <time>2024-05-03T19:34:18Z</time>
   </trkpt>
   <trkpt lat="48.7477750" lon="2.2787010">
    <ele>81.2</ele>
    <time>2024-05-03T19:34:19Z</time>
   </trkpt>
   <trkpt lat="48.7477380" lon="2.2786660">
    <ele>81.2</ele>
    <time>2024-05-03T19:34:20Z</time>
   </trkpt>
   <trkpt lat="48.7477020" lon="2.2786290">
    <ele>81.2</ele>
    <time>2024-05-03T19:34:21Z</time>
   </trkpt>
   <trkpt lat="48.7476580" lon="2.2785900">
    <ele>81.1</ele>
    <time>2024-05-03T19:34:22Z</time>
   </trkpt>
   <trkpt lat="48.7476210" lon="2.2785440">
    <ele>81.0</ele>
    <time>2024-05-03T19:34:23Z</time>
   </trkpt>
   <trkpt lat="48.7475870" lon="2.2784860">
    <ele>80.9</ele>
    <time>2024-05-03T19:34:24Z</time>
   </trkpt>
   <trkpt lat="48.7475460" lon="2.2784280">
    <ele>80.8</ele>
    <time>2024-05-03T19:34:25Z</time>
   </trkpt>
   <trkpt lat="48.7474960" lon="2.2783810">
    <ele>81.0</ele>
    <time>2024-05-03T19:34:26Z</time>
   </trkpt>
   <trkpt lat="48.7474480" lon="2.2783440">
    <ele>81.1</ele>
    <time>2024-05-03T19:34:27Z</time>
   </trkpt>
   <trkpt lat="48.7474070" lon="2.2783210">
    <ele>81.1</ele>
    <time>2024-05-03T19:34:28Z</time>
   </trkpt>
   <trkpt lat="48.7473730" lon="2.2783040">
    <ele>81.0</ele>
    <time>2024-05-03T19:34:29Z</time>
   </trkpt>
   <trkpt lat="48.7473430" lon="2.2782880">
    <ele>81.0</ele>
    <time>2024-05-03T19:34:30Z</time>
   </trkpt>
   <trkpt lat="48.7473120" lon="2.2782840">
    <ele>80.8</ele>
    <time>2024-05-03T19:34:31Z</time>
   </trkpt>
   <trkpt lat="48.7472800" lon="2.2782780">
    <ele>80.7</ele>
    <time>2024-05-03T19:34:32Z</time>
   </trkpt>
   <trkpt lat="48.7472410" lon="2.2782780">
    <ele>80.4</ele>
    <time>2024-05-03T19:34:33Z</time>
   </trkpt>
   <trkpt lat="48.7472000" lon="2.2782930">
    <ele>80.2</ele>
    <time>2024-05-03T19:34:34Z</time>
   </trkpt>
   <trkpt lat="48.7471520" lon="2.2782820">
    <ele>79.9</ele>
    <time>2024-05-03T19:34:35Z</time>
   </trkpt>
   <trkpt lat="48.7470910" lon="2.2782690">
    <ele>79.7</ele>
    <time>2024-05-03T19:34:36Z</time>
   </trkpt>
   <trkpt lat="48.7470300" lon="2.2782860">
    <ele>79.6</ele>
    <time>2024-05-03T19:34:37Z</time>
   </trkpt>
   <trkpt lat="48.7469740" lon="2.2783100">
    <ele>79.5</ele>
    <time>2024-05-03T19:34:38Z</time>
   </trkpt>
   <trkpt lat="48.7469190" lon="2.2783150">
    <ele>79.5</ele>
    <time>2024-05-03T19:34:39Z</time>
   </trkpt>
   <trkpt lat="48.7468620" lon="2.2783080">
    <ele>79.4</ele>
    <time>2024-05-03T19:34:40Z</time>
   </trkpt>
   <trkpt lat="48.7468060" lon="2.2782930">
    <ele>79.3</ele>
    <time>2024-05-03T19:34:41Z</time>
   </trkpt>
   <trkpt lat="48.7467510" lon="2.2782720">
    <ele>79.2</ele>
    <time>2024-05-03T19:34:42Z</time>
   </trkpt>
   <trkpt lat="48.7466970" lon="2.2782480">
    <ele>79.1</ele>
    <time>2024-05-03T19:34:43Z</time>
   </trkpt>
   <trkpt lat="48.7466440" lon="2.2782150">
    <ele>79.1</ele>
    <time>2024-05-03T19:34:44Z</time>
   </trkpt>
   <trkpt lat="48.7465990" lon="2.2781600">
    <ele>79.0</ele>
    <time>2024-05-03T19:34:45Z</time>
   </trkpt>
   <trkpt lat="48.7465600" lon="2.2781040">
    <ele>78.9</ele>
    <time>2024-05-03T19:34:46Z</time>
   </trkpt>
   <trkpt lat="48.7465260" lon="2.2780390">
    <ele>78.8</ele>
    <time>2024-05-03T19:34:47Z</time>
   </trkpt>
   <trkpt lat="48.7464970" lon="2.2779700">
    <ele>78.7</ele>
    <time>2024-05-03T19:34:48Z</time>
   </trkpt>
   <trkpt lat="48.7464720" lon="2.2778960">
    <ele>78.6</ele>
    <time>2024-05-03T19:34:49Z</time>
   </trkpt>
   <trkpt lat="48.7464540" lon="2.2778210">
    <ele>78.5</ele>
    <time>2024-05-03T19:34:50Z</time>
   </trkpt>
   <trkpt lat="48.7464470" lon="2.2777470">
    <ele>78.4</ele>
    <time>2024-05-03T19:34:51Z</time>
   </trkpt>
   <trkpt lat="48.7464430" lon="2.2776750">
    <ele>78.2</ele>
    <time>2024-05-03T19:34:52Z</time>
   </trkpt>
   <trkpt lat="48.7464350" lon="2.2776020">
    <ele>78.0</ele>
    <time>2024-05-03T19:34:53Z</time>
   </trkpt>
   <trkpt lat="48.7464270" lon="2.2775220">
    <ele>77.7</ele>
    <time>2024-05-03T19:34:54Z</time>
   </trkpt>
   <trkpt lat="48.7464100" lon="2.2774410">
    <ele>77.3</ele>
    <time>2024-05-03T19:34:55Z</time>
   </trkpt>
   <trkpt lat="48.7463770" lon="2.2773700">
    <ele>77.0</ele>
    <time>2024-05-03T19:34:56Z</time>
   </trkpt>
   <trkpt lat="48.7463250" lon="2.2773280">
    <ele>76.5</ele>
    <time>2024-05-03T19:34:57Z</time>
   </trkpt>
   <trkpt lat="48.7462680" lon="2.2773360">
    <ele>76.1</ele>
    <time>2024-05-03T19:34:58Z</time>
   </trkpt>
   <trkpt lat="48.7462170" lon="2.2773820">
    <ele>75.6</ele>
    <time>2024-05-03T19:34:59Z</time>
   </trkpt>
   <trkpt lat="48.7461660" lon="2.2774390">
    <ele>75.2</ele>
    <time>2024-05-03T19:35:00Z</time>
   </trkpt>
   <trkpt lat="48.7461130" lon="2.2774880">
    <ele>74.8</ele>
    <time>2024-05-03T19:35:01Z</time>
   </trkpt>
   <trkpt lat="48.7460600" lon="2.2775380">
    <ele>74.4</ele>
    <time>2024-05-03T19:35:02Z</time>
   </trkpt>
   <trkpt lat="48.7460040" lon="2.2775890">
    <ele>74.0</ele>
    <time>2024-05-03T19:35:03Z</time>
   </trkpt>
   <trkpt lat="48.7459450" lon="2.2776370">
    <ele>73.6</ele>
    <time>2024-05-03T19:35:04Z</time>
   </trkpt>
   <trkpt lat="48.7458820" lon="2.2776850">
    <ele>73.1</ele>
    <time>2024-05-03T19:35:05Z</time>
   </trkpt>
   <trkpt lat="48.7458140" lon="2.2777240">
    <ele>72.7</ele>
    <time>2024-05-03T19:35:06Z</time>
   </trkpt>
   <trkpt lat="48.7457410" lon="2.2777490">
    <ele>72.3</ele>
    <time>2024-05-03T19:35:07Z</time>
   </trkpt>
   <trkpt lat="48.7456700" lon="2.2777810">
    <ele>71.8</ele>
    <time>2024-05-03T19:35:08Z</time>
   </trkpt>
   <trkpt lat="48.7456050" lon="2.2778260">
    <ele>71.3</ele>
    <time>2024-05-03T19:35:09Z</time>
   </trkpt>
   <trkpt lat="48.7455410" lon="2.2778750">
    <ele>70.8</ele>
    <time>2024-05-03T19:35:10Z</time>
   </trkpt>
   <trkpt lat="48.7454810" lon="2.2779290">
    <ele>70.2</ele>
    <time>2024-05-03T19:35:11Z</time>
   </trkpt>
   <trkpt lat="48.7454150" lon="2.2779660">
    <ele>69.7</ele>
    <time>2024-05-03T19:35:12Z</time>
   </trkpt>
   <trkpt lat="48.7453550" lon="2.2779980">
    <ele>69.3</ele>
    <time>2024-05-03T19:35:13Z</time>
   </trkpt>
   <trkpt lat="48.7452930" lon="2.2780210">
    <ele>69.2</ele>
    <time>2024-05-03T19:35:14Z</time>
   </trkpt>
   <trkpt lat="48.7452270" lon="2.2780140">
    <ele>69.0</ele>
    <time>2024-05-03T19:35:15Z</time>
   </trkpt>
   <trkpt lat="48.7451620" lon="2.2779910">
    <ele>68.9</ele>
    <time>2024-05-03T19:35:16Z</time>
   </trkpt>
   <trkpt lat="48.7450980" lon="2.2779560">
    <ele>68.8</ele>
    <time>2024-05-03T19:35:17Z</time>
   </trkpt>
   <trkpt lat="48.7450320" lon="2.2779180">
    <ele>68.7</ele>
    <time>2024-05-03T19:35:18Z</time>
   </trkpt>
   <trkpt lat="48.7449700" lon="2.2778790">
    <ele>68.7</ele>
    <time>2024-05-03T19:35:19Z</time>
   </trkpt>
   <trkpt lat="48.7449150" lon="2.2778370">
    <ele>68.7</ele>
    <time>2024-05-03T19:35:20Z</time>
   </trkpt>
   <trkpt lat="48.7448660" lon="2.2777870">
    <ele>68.7</ele>
    <time>2024-05-03T19:35:21Z</time>
   </trkpt>
   <trkpt lat="48.7448220" lon="2.2777320">
    <ele>68.7</ele>
    <time>2024-05-03T19:35:22Z</time>
   </trkpt>
   <trkpt lat="48.7447870" lon="2.2776700">
    <ele>68.6</ele>
    <time>2024-05-03T19:35:23Z</time>
   </trkpt>
   <trkpt lat="48.7447490" lon="2.2776090">
    <ele>68.6</ele>
    <time>2024-05-03T19:35:24Z</time>
   </trkpt>
   <trkpt lat="48.7447130" lon="2.2775440">
    <ele>68.5</ele>
    <time>2024-05-03T19:35:25Z</time>
   </trkpt>
   <trkpt lat="48.7446760" lon="2.2774810">
    <ele>68.5</ele>
    <time>2024-05-03T19:35:26Z</time>
   </trkpt>
   <trkpt lat="48.7446340" lon="2.2774260">
    <ele>68.4</ele>
    <time>2024-05-03T19:35:27Z</time>
   </trkpt>
   <trkpt lat="48.7445850" lon="2.2773880">
    <ele>68.4</ele>
    <time>2024-05-03T19:35:28Z</time>
   </trkpt>
   <trkpt lat="48.7445300" lon="2.2773630">
    <ele>68.3</ele>
    <time>2024-05-03T19:35:29Z</time>
   </trkpt>
   <trkpt lat="48.7444790" lon="2.2773330">
    <ele>68.1</ele>
    <time>2024-05-03T19:35:30Z</time>
   </trkpt>
   <trkpt lat="48.7444280" lon="2.2773080">
    <ele>67.9</ele>
    <time>2024-05-03T19:35:31Z</time>
   </trkpt>
   <trkpt lat="48.7443690" lon="2.2772730">
    <ele>67.6</ele>
    <time>2024-05-03T19:35:32Z</time>
   </trkpt>
   <trkpt lat="48.7443110" lon="2.2772370">
    <ele>67.2</ele>
    <time>2024-05-03T19:35:33Z</time>
   </trkpt>
   <trkpt lat="48.7442480" lon="2.2772050">
    <ele>66.8</ele>
    <time>2024-05-03T19:35:34Z</time>
   </trkpt>
   <trkpt lat="48.7441840" lon="2.2771640">
    <ele>66.3</ele>
    <time>2024-05-03T19:35:35Z</time>
   </trkpt>
   <trkpt lat="48.7441150" lon="2.2771200">
    <ele>65.9</ele>
    <time>2024-05-03T19:35:36Z</time>
   </trkpt>
   <trkpt lat="48.7440460" lon="2.2770790">
    <ele>65.6</ele>
    <time>2024-05-03T19:35:37Z</time>
   </trkpt>
   <trkpt lat="48.7439760" lon="2.2770360">
    <ele>65.3</ele>
    <time>2024-05-03T19:35:38Z</time>
   </trkpt>
   <trkpt lat="48.7439080" lon="2.2769870">
    <ele>65.1</ele>
    <time>2024-05-03T19:35:39Z</time>
   </trkpt>
   <trkpt lat="48.7438400" lon="2.2769380">
    <ele>64.9</ele>
    <time>2024-05-03T19:35:40Z</time>
   </trkpt>
   <trkpt lat="48.7437700" lon="2.2768940">
    <ele>64.8</ele>
    <time>2024-05-03T19:35:41Z</time>
   </trkpt>
   <trkpt lat="48.7437050" lon="2.2768530">
    <ele>64.7</ele>
    <time>2024-05-03T19:35:42Z</time>
   </trkpt>
   <trkpt lat="48.7436370" lon="2.2768190">
    <ele>64.6</ele>
    <time>2024-05-03T19:35:43Z</time>
   </trkpt>
   <trkpt lat="48.7435670" lon="2.2767830">
    <ele>64.5</ele>
    <time>2024-05-03T19:35:44Z</time>
   </trkpt>
   <trkpt lat="48.7435010" lon="2.2767420">
    <ele>64.4</ele>
    <time>2024-05-03T19:35:45Z</time>
   </trkpt>
   <trkpt lat="48.7434370" lon="2.2766980">
    <ele>64.4</ele>
    <time>2024-05-03T19:35:46Z</time>
   </trkpt>
   <trkpt lat="48.7433720" lon="2.2766500">
    <ele>64.3</ele>
    <time>2024-05-03T19:35:47Z</time>
   </trkpt>
   <trkpt lat="48.7433070" lon="2.2765980">
    <ele>64.2</ele>
    <time>2024-05-03T19:35:48Z</time>
   </trkpt>
   <trkpt lat="48.7432410" lon="2.2765520">
    <ele>64.1</ele>
    <time>2024-05-03T19:35:49Z</time>
   </trkpt>
   <trkpt lat="48.7431710" lon="2.2765080">
    <ele>64.0</ele>
    <time>2024-05-03T19:35:50Z</time>
   </trkpt>
   <trkpt lat="48.7431040" lon="2.2764700">
    <ele>63.9</ele>
    <time>2024-05-03T19:35:51Z</time>
   </trkpt>
   <trkpt lat="48.7430350" lon="2.2764330">
    <ele>63.8</ele>
    <time>2024-05-03T19:35:52Z</time>
   </trkpt>
   <trkpt lat="48.7429710" lon="2.2763920">
    <ele>63.8</ele>
    <time>2024-05-03T19:35:53Z</time>
   </trkpt>
   <trkpt lat="48.7429080" lon="2.2763500">
    <ele>63.8</ele>
    <time>2024-05-03T19:35:54Z</time>
   </trkpt>
   <trkpt lat="48.7428440" lon="2.2763110">
    <ele>63.7</ele>
    <time>2024-05-03T19:35:55Z</time>
   </trkpt>
   <trkpt lat="48.7427800" lon="2.2762650">
    <ele>63.7</ele>
    <time>2024-05-03T19:35:56Z</time>
   </trkpt>
   <trkpt lat="48.7427160" lon="2.2762220">
    <ele>63.7</ele>
    <time>2024-05-03T19:35:57Z</time>
   </trkpt>
   <trkpt lat="48.7426500" lon="2.2761840">
    <ele>63.7</ele>
    <time>2024-05-03T19:35:58Z</time>
   </trkpt>
   <trkpt lat="48.7425860" lon="2.2761460">
    <ele>63.6</ele>
    <time>2024-05-03T19:35:59Z</time>
   </trkpt>
   <trkpt lat="48.7425230" lon="2.2761040">
    <ele>63.6</ele>
    <time>2024-05-03T19:36:00Z</time>
   </trkpt>
   <trkpt lat="48.7424600" lon="2.2760670">
    <ele>63.6</ele>
    <time>2024-05-03T19:36:01Z</time>
   </trkpt>
   <trkpt lat="48.7423970" lon="2.2760270">
    <ele>63.5</ele>
    <time>2024-05-03T19:36:02Z</time>
   </trkpt>
   <trkpt lat="48.7423340" lon="2.2759830">
    <ele>63.5</ele>
    <time>2024-05-03T19:36:03Z</time>
   </trkpt>
   <trkpt lat="48.7422730" lon="2.2759440">
    <ele>63.5</ele>
    <time>2024-05-03T19:36:04Z</time>
   </trkpt>
   <trkpt lat="48.7422110" lon="2.2759020">
    <ele>63.5</ele>
    <time>2024-05-03T19:36:05Z</time>
   </trkpt>
   <trkpt lat="48.7421510" lon="2.2758640">
    <ele>63.5</ele>
    <time>2024-05-03T19:36:06Z</time>
   </trkpt>
   <trkpt lat="48.7420900" lon="2.2758290">
    <ele>63.5</ele>
    <time>2024-05-03T19:36:07Z</time>
   </trkpt>
   <trkpt lat="48.7420290" lon="2.2757890">
    <ele>63.5</ele>
    <time>2024-05-03T19:36:08Z</time>
   </trkpt>
   <trkpt lat="48.7419700" lon="2.2757490">
    <ele>63.5</ele>
    <time>2024-05-03T19:36:09Z</time>
   </trkpt>
   <trkpt lat="48.7419110" lon="2.2757100">
    <ele>63.5</ele>
    <time>2024-05-03T19:36:10Z</time>
   </trkpt>
   <trkpt lat="48.7418520" lon="2.2756720">
    <ele>63.5</ele>
    <time>2024-05-03T19:36:11Z</time>
   </trkpt>
   <trkpt lat="48.7417940" lon="2.2756340">
    <ele>63.5</ele>
    <time>2024-05-03T19:36:12Z</time>
   </trkpt>
   <trkpt lat="48.7417370" lon="2.2755950">
    <ele>63.4</ele>
    <time>2024-05-03T19:36:13Z</time>
   </trkpt>
   <trkpt lat="48.7416780" lon="2.2755590">
    <ele>63.4</ele>
    <time>2024-05-03T19:36:14Z</time>
   </trkpt>
   <trkpt lat="48.7416190" lon="2.2755250">
    <ele>63.4</ele>
    <time>2024-05-03T19:36:15Z</time>
   </trkpt>
   <trkpt lat="48.7415610" lon="2.2754960">
    <ele>63.3</ele>
    <time>2024-05-03T19:36:16Z</time>
   </trkpt>
   <trkpt lat="48.7415030" lon="2.2754610">
    <ele>63.3</ele>
    <time>2024-05-03T19:36:17Z</time>
   </trkpt>
   <trkpt lat="48.7414480" lon="2.2754290">
    <ele>63.1</ele>
    <time>2024-05-03T19:36:18Z</time>
   </trkpt>
   <trkpt lat="48.7413930" lon="2.2753880">
    <ele>62.9</ele>
    <time>2024-05-03T19:36:19Z</time>
   </trkpt>
   <trkpt lat="48.7413410" lon="2.2753400">
    <ele>62.6</ele>
    <time>2024-05-03T19:36:20Z</time>
   </trkpt>
   <trkpt lat="48.7412900" lon="2.2752900">
    <ele>62.3</ele>
    <time>2024-05-03T19:36:21Z</time>
   </trkpt>
   <trkpt lat="48.7412370" lon="2.2752260">
    <ele>61.7</ele>
    <time>2024-05-03T19:36:22Z</time>
   </trkpt>
   <trkpt lat="48.7411760" lon="2.2751600">
    <ele>61.1</ele>
    <time>2024-05-03T19:36:23Z</time>
   </trkpt>
   <trkpt lat="48.7411090" lon="2.2750950">
    <ele>60.5</ele>
    <time>2024-05-03T19:36:24Z</time>
   </trkpt>
   <trkpt lat="48.7410430" lon="2.2750260">
    <ele>59.9</ele>
    <time>2024-05-03T19:36:25Z</time>
   </trkpt>
   <trkpt lat="48.7409800" lon="2.2749490">
    <ele>59.5</ele>
    <time>2024-05-03T19:36:26Z</time>
   </trkpt>
   <trkpt lat="48.7409190" lon="2.2748670">
    <ele>59.1</ele>
    <time>2024-05-03T19:36:27Z</time>
   </trkpt>
   <trkpt lat="48.7408560" lon="2.2747870">
    <ele>59.1</ele>
    <time>2024-05-03T19:36:28Z</time>
   </trkpt>
   <trkpt lat="48.7407870" lon="2.2747320">
    <ele>59.1</ele>
    <time>2024-05-03T19:36:29Z</time>
   </trkpt>
   <trkpt lat="48.7407130" lon="2.2747010">
    <ele>59.0</ele>
    <time>2024-05-03T19:36:30Z</time>
   </trkpt>
   <trkpt lat="48.7406370" lon="2.2746840">
    <ele>59.0</ele>
    <time>2024-05-03T19:36:31Z</time>
   </trkpt>
   <trkpt lat="48.7405720" lon="2.2747150">
    <ele>59.0</ele>
    <time>2024-05-03T19:36:32Z</time>
   </trkpt>
   <trkpt lat="48.7405090" lon="2.2747440">
    <ele>59.0</ele>
    <time>2024-05-03T19:36:33Z</time>
   </trkpt>
   <trkpt lat="48.7404500" lon="2.2747510">
    <ele>59.0</ele>
    <time>2024-05-03T19:36:34Z</time>
   </trkpt>
   <trkpt lat="48.7403990" lon="2.2747240">
    <ele>59.0</ele>
    <time>2024-05-03T19:36:35Z</time>
   </trkpt>
   <trkpt lat="48.7403550" lon="2.2746710">
    <ele>59.0</ele>
    <time>2024-05-03T19:36:36Z</time>
   </trkpt>
   <trkpt lat="48.7403120" lon="2.2746160">
    <ele>59.0</ele>
    <time>2024-05-03T19:36:37Z</time>
   </trkpt>
   <trkpt lat="48.7402660" lon="2.2745650">
    <ele>58.8</ele>
    <time>2024-05-03T19:36:38Z</time>
   </trkpt>
   <trkpt lat="48.7402190" lon="2.2745130">
    <ele>58.7</ele>
    <time>2024-05-03T19:36:39Z</time>
   </trkpt>
   <trkpt lat="48.7401710" lon="2.2744570">
    <ele>58.5</ele>
    <time>2024-05-03T19:36:40Z</time>
   </trkpt>
   <trkpt lat="48.7401230" lon="2.2744110">
    <ele>58.4</ele>
    <time>2024-05-03T19:36:41Z</time>
   </trkpt>
   <trkpt lat="48.7400690" lon="2.2743710">
    <ele>58.3</ele>
    <time>2024-05-03T19:36:42Z</time>
   </trkpt>
   <trkpt lat="48.7400140" lon="2.2743280">
    <ele>58.2</ele>
    <time>2024-05-03T19:36:43Z</time>
   </trkpt>
   <trkpt lat="48.7399520" lon="2.2742850">
    <ele>58.1</ele>
    <time>2024-05-03T19:36:44Z</time>
   </trkpt>
   <trkpt lat="48.7398910" lon="2.2742490">
    <ele>58.1</ele>
    <time>2024-05-03T19:36:45Z</time>
   </trkpt>
   <trkpt lat="48.7398430" lon="2.2742200">
    <ele>58.1</ele>
    <time>2024-05-03T19:36:46Z</time>
   </trkpt>
   <trkpt lat="48.7397830" lon="2.2741860">
    <ele>58.1</ele>
    <time>2024-05-03T19:36:47Z</time>
   </trkpt>
   <trkpt lat="48.7397280" lon="2.2741540">
    <ele>58.1</ele>
    <time>2024-05-03T19:36:48Z</time>
   </trkpt>
   <trkpt lat="48.7396740" lon="2.2741170">
    <ele>58.1</ele>
    <time>2024-05-03T19:36:49Z</time>
   </trkpt>
   <trkpt lat="48.7396210" lon="2.2740790">
    <ele>58.2</ele>
    <time>2024-05-03T19:36:50Z</time>
   </trkpt>
   <trkpt lat="48.7395670" lon="2.2740450">
    <ele>58.2</ele>
    <time>2024-05-03T19:36:51Z</time>
   </trkpt>
   <trkpt lat="48.7395110" lon="2.2740170">
    <ele>58.3</ele>
    <time>2024-05-03T19:36:52Z</time>
   </trkpt>
   <trkpt lat="48.7394560" lon="2.2739840">
    <ele>58.4</ele>
    <time>2024-05-03T19:36:53Z</time>
   </trkpt>
   <trkpt lat="48.7394030" lon="2.2739530">
    <ele>58.4</ele>
    <time>2024-05-03T19:36:54Z</time>
   </trkpt>
   <trkpt lat="48.7393490" lon="2.2739190">
    <ele>58.5</ele>
    <time>2024-05-03T19:36:55Z</time>
   </trkpt>
   <trkpt lat="48.7392950" lon="2.2738820">
    <ele>58.6</ele>
    <time>2024-05-03T19:36:56Z</time>
   </trkpt>
   <trkpt lat="48.7392430" lon="2.2738420">
    <ele>58.7</ele>
    <time>2024-05-03T19:36:57Z</time>
   </trkpt>
   <trkpt lat="48.7391920" lon="2.2738050">
    <ele>58.9</ele>
    <time>2024-05-03T19:36:58Z</time>
   </trkpt>
   <trkpt lat="48.7391430" lon="2.2737660">
    <ele>59.0</ele>
    <time>2024-05-03T19:36:59Z</time>
   </trkpt>
   <trkpt lat="48.7390920" lon="2.2737220">
    <ele>59.1</ele>
    <time>2024-05-03T19:37:00Z</time>
   </trkpt>
   <trkpt lat="48.7390450" lon="2.2736890">
    <ele>59.2</ele>
    <time>2024-05-03T19:37:01Z</time>
   </trkpt>
   <trkpt lat="48.7389900" lon="2.2736510">
    <ele>59.3</ele>
    <time>2024-05-03T19:37:02Z</time>
   </trkpt>
   <trkpt lat="48.7389380" lon="2.2736090">
    <ele>59.4</ele>
    <time>2024-05-03T19:37:03Z</time>
   </trkpt>
   <trkpt lat="48.7388890" lon="2.2735780">
    <ele>59.5</ele>
    <time>2024-05-03T19:37:04Z</time>
   </trkpt>
   <trkpt lat="48.7388370" lon="2.2735480">
    <ele>59.6</ele>
    <time>2024-05-03T19:37:05Z</time>
   </trkpt>
   <trkpt lat="48.7387850" lon="2.2735300">
    <ele>59.6</ele>
    <time>2024-05-03T19:37:06Z</time>
   </trkpt>
   <trkpt lat="48.7387370" lon="2.2735160">
    <ele>59.7</ele>
    <time>2024-05-03T19:37:07Z</time>
   </trkpt>
   <trkpt lat="48.7386920" lon="2.2734930">
    <ele>59.7</ele>
    <time>2024-05-03T19:37:08Z</time>
   </trkpt>
   <trkpt lat="48.7386490" lon="2.2734660">
    <ele>59.7</ele>
    <time>2024-05-03T19:37:09Z</time>
   </trkpt>
   <trkpt lat="48.7386100" lon="2.2734420">
    <ele>59.7</ele>
    <time>2024-05-03T19:37:10Z</time>
   </trkpt>
   <trkpt lat="48.7385710" lon="2.2734330">
    <ele>59.7</ele>
    <time>2024-05-03T19:37:11Z</time>
   </trkpt>
   <trkpt lat="48.7385330" lon="2.2734100">
    <ele>59.7</ele>
    <time>2024-05-03T19:37:12Z</time>
   </trkpt>
   <trkpt lat="48.7384980" lon="2.2733910">
    <ele>59.7</ele>
    <time>2024-05-03T19:37:13Z</time>
   </trkpt>
   <trkpt lat="48.7384620" lon="2.2733650">
    <ele>59.7</ele>
    <time>2024-05-03T19:37:14Z</time>
   </trkpt>
   <trkpt lat="48.7384330" lon="2.2733340">
    <ele>59.6</ele>
    <time>2024-05-03T19:37:15Z</time>
   </trkpt>
   <trkpt lat="48.7384040" lon="2.2733040">
    <ele>59.6</ele>
    <time>2024-05-03T19:37:16Z</time>
   </trkpt>
   <trkpt lat="48.7383780" lon="2.2732670">
    <ele>59.5</ele>
    <time>2024-05-03T19:37:17Z</time>
   </trkpt>
   <trkpt lat="48.7383510" lon="2.2732240">
    <ele>59.4</ele>
    <time>2024-05-03T19:37:18Z</time>
   </trkpt>
   <trkpt lat="48.7383300" lon="2.2731730">
    <ele>59.4</ele>
    <time>2024-05-03T19:37:19Z</time>
   </trkpt>
   <trkpt lat="48.7383110" lon="2.2731190">
    <ele>59.3</ele>
    <time>2024-05-03T19:37:20Z</time>
   </trkpt>
   <trkpt lat="48.7382900" lon="2.2730650">
    <ele>59.3</ele>
    <time>2024-05-03T19:37:21Z</time>
   </trkpt>
   <trkpt lat="48.7382660" lon="2.2730140">
    <ele>59.2</ele>
    <time>2024-05-03T19:37:22Z</time>
   </trkpt>
   <trkpt lat="48.7382410" lon="2.2729640">
    <ele>59.2</ele>
    <time>2024-05-03T19:37:23Z</time>
   </trkpt>
   <trkpt lat="48.7382160" lon="2.2729140">
    <ele>59.1</ele>
    <time>2024-05-03T19:37:24Z</time>
   </trkpt>
   <trkpt lat="48.7381920" lon="2.2728620">
    <ele>59.1</ele>
    <time>2024-05-03T19:37:25Z</time>
   </trkpt>
   <trkpt lat="48.7381650" lon="2.2728130">
    <ele>59.1</ele>
    <time>2024-05-03T19:37:26Z</time>
   </trkpt>
   <trkpt lat="48.7381360" lon="2.2727670">
    <ele>59.0</ele>
    <time>2024-05-03T19:37:27Z</time>
   </trkpt>
   <trkpt lat="48.7381090" lon="2.2727210">
    <ele>59.0</ele>
    <time>2024-05-03T19:37:28Z</time>
   </trkpt>
   <trkpt lat="48.7380820" lon="2.2726740">
    <ele>59.0</ele>
    <time>2024-05-03T19:37:29Z</time>
   </trkpt>
   <trkpt lat="48.7380610" lon="2.2726200">
    <ele>59.0</ele>
    <time>2024-05-03T19:37:30Z</time>
   </trkpt>
   <trkpt lat="48.7380570" lon="2.2725540">
    <ele>58.8</ele>
    <time>2024-05-03T19:37:31Z</time>
   </trkpt>
   <trkpt lat="48.7380760" lon="2.2724730">
    <ele>58.7</ele>
    <time>2024-05-03T19:37:32Z</time>
   </trkpt>
   <trkpt lat="48.7380820" lon="2.2724010">
    <ele>58.6</ele>
    <time>2024-05-03T19:37:33Z</time>
   </trkpt>
   <trkpt lat="48.7380720" lon="2.2723380">
    <ele>58.6</ele>
    <time>2024-05-03T19:37:34Z</time>
   </trkpt>
   <trkpt lat="48.7380490" lon="2.2722960">
    <ele>58.6</ele>
    <time>2024-05-03T19:37:35Z</time>
   </trkpt>
   <trkpt lat="48.7380130" lon="2.2722790">
    <ele>58.6</ele>
    <time>2024-05-03T19:37:36Z</time>
   </trkpt>
   <trkpt lat="48.7379740" lon="2.2722730">
    <ele>58.6</ele>
    <time>2024-05-03T19:37:37Z</time>
   </trkpt>
   <trkpt lat="48.7379380" lon="2.2722510">
    <ele>58.6</ele>
    <time>2024-05-03T19:37:38Z</time>
   </trkpt>
   <trkpt lat="48.7379090" lon="2.2722110">
    <ele>58.6</ele>
    <time>2024-05-03T19:37:39Z</time>
   </trkpt>
   <trkpt lat="48.7378850" lon="2.2721640">
    <ele>58.6</ele>
    <time>2024-05-03T19:37:40Z</time>
   </trkpt>
   <trkpt lat="48.7378620" lon="2.2721150">
    <ele>58.6</ele>
    <time>2024-05-03T19:37:41Z</time>
   </trkpt>
   <trkpt lat="48.7378390" lon="2.2720700">
    <ele>58.6</ele>
    <time>2024-05-03T19:37:42Z</time>
   </trkpt>
   <trkpt lat="48.7378090" lon="2.2720290">
    <ele>58.6</ele>
    <time>2024-05-03T19:37:43Z</time>
   </trkpt>
   <trkpt lat="48.7377750" lon="2.2719950">
    <ele>58.6</ele>
    <time>2024-05-03T19:37:44Z</time>
   </trkpt>
   <trkpt lat="48.7377350" lon="2.2719720">
    <ele>58.6</ele>
    <time>2024-05-03T19:37:45Z</time>
   </trkpt>
   <trkpt lat="48.7376880" lon="2.2719800">
    <ele>58.6</ele>
    <time>2024-05-03T19:37:46Z</time>
   </trkpt>
   <trkpt lat="48.7376440" lon="2.2719940">
    <ele>58.5</ele>
    <time>2024-05-03T19:37:47Z</time>
   </trkpt>
   <trkpt lat="48.7375990" lon="2.2720190">
    <ele>58.5</ele>
    <time>2024-05-03T19:37:48Z</time>
   </trkpt>
   <trkpt lat="48.7375570" lon="2.2720520">
    <ele>58.5</ele>
    <time>2024-05-03T19:37:49Z</time>
   </trkpt>
   <trkpt lat="48.7375200" lon="2.2720970">
    <ele>58.6</ele>
    <time>2024-05-03T19:37:50Z</time>
   </trkpt>
   <trkpt lat="48.7374820" lon="2.2721440">
    <ele>58.6</ele>
    <time>2024-05-03T19:37:51Z</time>
   </trkpt>
   <trkpt lat="48.7374450" lon="2.2721900">
    <ele>58.7</ele>
    <time>2024-05-03T19:37:52Z</time>
   </trkpt>
   <trkpt lat="48.7374030" lon="2.2722240">
    <ele>58.8</ele>
    <time>2024-05-03T19:37:53Z</time>
   </trkpt>
   <trkpt lat="48.7373570" lon="2.2722470">
    <ele>58.8</ele>
    <time>2024-05-03T19:37:54Z</time>
   </trkpt>
   <trkpt lat="48.7373100" lon="2.2722610">
    <ele>58.9</ele>
    <time>2024-05-03T19:37:55Z</time>
   </trkpt>
   <trkpt lat="48.7372680" lon="2.2722670">
    <ele>59.0</ele>
    <time>2024-05-03T19:37:56Z</time>
   </trkpt>
   <trkpt lat="48.7372280" lon="2.2722650">
    <ele>59.3</ele>
    <time>2024-05-03T19:37:57Z</time>
   </trkpt>
   <trkpt lat="48.7371870" lon="2.2722540">
    <ele>59.6</ele>
    <time>2024-05-03T19:37:58Z</time>
   </trkpt>
   <trkpt lat="48.7371460" lon="2.2722370">
    <ele>59.9</ele>
    <time>2024-05-03T19:37:59Z</time>
   </trkpt>
   <trkpt lat="48.7371080" lon="2.2722100">
    <ele>60.2</ele>
    <time>2024-05-03T19:38:00Z</time>
   </trkpt>
   <trkpt lat="48.7370700" lon="2.2721880">
    <ele>60.4</ele>
    <time>2024-05-03T19:38:01Z</time>
   </trkpt>
   <trkpt lat="48.7370300" lon="2.2721670">
    <ele>60.6</ele>
    <time>2024-05-03T19:38:02Z</time>
   </trkpt>
   <trkpt lat="48.7369930" lon="2.2721360">
    <ele>60.8</ele>
    <time>2024-05-03T19:38:03Z</time>
   </trkpt>
   <trkpt lat="48.7369570" lon="2.2721070">
    <ele>60.9</ele>
    <time>2024-05-03T19:38:04Z</time>
   </trkpt>
   <trkpt lat="48.7369210" lon="2.2720820">
    <ele>61.1</ele>
    <time>2024-05-03T19:38:05Z</time>
   </trkpt>
   <trkpt lat="48.7368830" lon="2.2720600">
    <ele>61.3</ele>
    <time>2024-05-03T19:38:06Z</time>
   </trkpt>
   <trkpt lat="48.7368470" lon="2.2720380">
    <ele>61.4</ele>
    <time>2024-05-03T19:38:07Z</time>
   </trkpt>
   <trkpt lat="48.7368110" lon="2.2720150">
    <ele>61.6</ele>
    <time>2024-05-03T19:38:08Z</time>
   </trkpt>
   <trkpt lat="48.7367770" lon="2.2719910">
    <ele>61.8</ele>
    <time>2024-05-03T19:38:09Z</time>
   </trkpt>
   <trkpt lat="48.7367420" lon="2.2719690">
    <ele>62.0</ele>
    <time>2024-05-03T19:38:10Z</time>
   </trkpt>
   <trkpt lat="48.7367070" lon="2.2719450">
    <ele>62.1</ele>
    <time>2024-05-03T19:38:11Z</time>
   </trkpt>
   <trkpt lat="48.7366720" lon="2.2719210">
    <ele>62.3</ele>
    <time>2024-05-03T19:38:12Z</time>
   </trkpt>
   <trkpt lat="48.7366370" lon="2.2718950">
    <ele>62.5</ele>
    <time>2024-05-03T19:38:13Z</time>
   </trkpt>
   <trkpt lat="48.7366010" lon="2.2718740">
    <ele>62.6</ele>
    <time>2024-05-03T19:38:14Z</time>
   </trkpt>
   <trkpt lat="48.7365640" lon="2.2718550">
    <ele>62.8</ele>
    <time>2024-05-03T19:38:15Z</time>
   </trkpt>
   <trkpt lat="48.7365290" lon="2.2718300">
    <ele>62.9</ele>
    <time>2024-05-03T19:38:16Z</time>
   </trkpt>
   <trkpt lat="48.7364950" lon="2.2717990">
    <ele>63.0</ele>
    <time>2024-05-03T19:38:17Z</time>
   </trkpt>
   <trkpt lat="48.7364590" lon="2.2717750">
    <ele>63.1</ele>
    <time>2024-05-03T19:38:18Z</time>
   </trkpt>
   <trkpt lat="48.7364230" lon="2.2717530">
    <ele>63.2</ele>
    <time>2024-05-03T19:38:19Z</time>
   </trkpt>
   <trkpt lat="48.7363870" lon="2.2717300">
    <ele>63.3</ele>
    <time>2024-05-03T19:38:20Z</time>
   </trkpt>
   <trkpt lat="48.7363500" lon="2.2717080">
    <ele>63.4</ele>
    <time>2024-05-03T19:38:21Z</time>
   </trkpt>
   <trkpt lat="48.7363130" lon="2.2716800">
    <ele>63.6</ele>
    <time>2024-05-03T19:38:22Z</time>
   </trkpt>
   <trkpt lat="48.7362760" lon="2.2716530">
    <ele>63.7</ele>
    <time>2024-05-03T19:38:23Z</time>
   </trkpt>
   <trkpt lat="48.7362380" lon="2.2716300">
    <ele>63.7</ele>
    <time>2024-05-03T19:38:24Z</time>
   </trkpt>
   <trkpt lat="48.7362000" lon="2.2716060">
    <ele>63.8</ele>
    <time>2024-05-03T19:38:25Z</time>
   </trkpt>
   <trkpt lat="48.7361600" lon="2.2715810">
    <ele>63.9</ele>
    <time>2024-05-03T19:38:26Z</time>
   </trkpt>
   <trkpt lat="48.7361200" lon="2.2715560">
    <ele>63.9</ele>
    <time>2024-05-03T19:38:27Z</time>
   </trkpt>
   <trkpt lat="48.7360800" lon="2.2715300">
    <ele>64.0</ele>
    <time>2024-05-03T19:38:28Z</time>
   </trkpt>
   <trkpt lat="48.7360410" lon="2.2715050">
    <ele>64.1</ele>
    <time>2024-05-03T19:38:29Z</time>
   </trkpt>
   <trkpt lat="48.7360000" lon="2.2714770">
    <ele>64.1</ele>
    <time>2024-05-03T19:38:30Z</time>
   </trkpt>
   <trkpt lat="48.7359600" lon="2.2714500">
    <ele>64.2</ele>
    <time>2024-05-03T19:38:31Z</time>
   </trkpt>
   <trkpt lat="48.7359190" lon="2.2714200">
    <ele>64.2</ele>
    <time>2024-05-03T19:38:32Z</time>
   </trkpt>
   <trkpt lat="48.7358790" lon="2.2713810">
    <ele>64.3</ele>
    <time>2024-05-03T19:38:33Z</time>
   </trkpt>
   <trkpt lat="48.7358400" lon="2.2713500">
    <ele>64.3</ele>
    <time>2024-05-03T19:38:34Z</time>
   </trkpt>
   <trkpt lat="48.7357970" lon="2.2713210">
    <ele>64.4</ele>
    <time>2024-05-03T19:38:35Z</time>
   </trkpt>
   <trkpt lat="48.7357540" lon="2.2712930">
    <ele>64.4</ele>
    <time>2024-05-03T19:38:36Z</time>
   </trkpt>
   <trkpt lat="48.7357110" lon="2.2712640">
    <ele>64.4</ele>
    <time>2024-05-03T19:38:37Z</time>
   </trkpt>
   <trkpt lat="48.7356670" lon="2.2712320">
    <ele>64.4</ele>
    <time>2024-05-03T19:38:38Z</time>
   </trkpt>
   <trkpt lat="48.7356210" lon="2.2712070">
    <ele>64.4</ele>
    <time>2024-05-03T19:38:39Z</time>
   </trkpt>
   <trkpt lat="48.7355770" lon="2.2711800">
    <ele>64.4</ele>
    <time>2024-05-03T19:38:40Z</time>
   </trkpt>
   <trkpt lat="48.7355330" lon="2.2711510">
    <ele>64.4</ele>
    <time>2024-05-03T19:38:41Z</time>
   </trkpt>
   <trkpt lat="48.7354890" lon="2.2711220">
    <ele>64.4</ele>
    <time>2024-05-03T19:38:42Z</time>
   </trkpt>
   <trkpt lat="48.7354430" lon="2.2710950">
    <ele>64.4</ele>
    <time>2024-05-03T19:38:43Z</time>
   </trkpt>
   <trkpt lat="48.7353980" lon="2.2710670">
    <ele>64.5</ele>
    <time>2024-05-03T19:38:44Z</time>
   </trkpt>
   <trkpt lat="48.7353560" lon="2.2710340">
    <ele>64.5</ele>
    <time>2024-05-03T19:38:45Z</time>
   </trkpt>
   <trkpt lat="48.7353120" lon="2.2710040">
    <ele>64.5</ele>
    <time>2024-05-03T19:38:46Z</time>
   </trkpt>
   <trkpt lat="48.7352700" lon="2.2709740">
    <ele>64.5</ele>
    <time>2024-05-03T19:38:47Z</time>
   </trkpt>
   <trkpt lat="48.7352260" lon="2.2709370">
    <ele>64.5</ele>
    <time>2024-05-03T19:38:48Z</time>
   </trkpt>
   <trkpt lat="48.7351820" lon="2.2709000">
    <ele>64.5</ele>
    <time>2024-05-03T19:38:49Z</time>
   </trkpt>
   <trkpt lat="48.7351360" lon="2.2708640">
    <ele>64.4</ele>
    <time>2024-05-03T19:38:50Z</time>
   </trkpt>
   <trkpt lat="48.7350890" lon="2.2708310">
    <ele>64.4</ele>
    <time>2024-05-03T19:38:51Z</time>
   </trkpt>
   <trkpt lat="48.7350410" lon="2.2707920">
    <ele>64.4</ele>
    <time>2024-05-03T19:38:52Z</time>
   </trkpt>
   <trkpt lat="48.7349950" lon="2.2707490">
    <ele>64.3</ele>
    <time>2024-05-03T19:38:53Z</time>
   </trkpt>
   <trkpt lat="48.7349490" lon="2.2707060">
    <ele>64.2</ele>
    <time>2024-05-03T19:38:54Z</time>
   </trkpt>
   <trkpt lat="48.7349040" lon="2.2706620">
    <ele>64.1</ele>
    <time>2024-05-03T19:38:55Z</time>
   </trkpt>
   <trkpt lat="48.7348610" lon="2.2706150">
    <ele>64.1</ele>
    <time>2024-05-03T19:38:56Z</time>
   </trkpt>
   <trkpt lat="48.7348210" lon="2.2705640">
    <ele>64.0</ele>
    <time>2024-05-03T19:38:57Z</time>
   </trkpt>
   <trkpt lat="48.7347870" lon="2.2705020">
    <ele>64.0</ele>
    <time>2024-05-03T19:38:58Z</time>
   </trkpt>
   <trkpt lat="48.7347540" lon="2.2704330">
    <ele>63.9</ele>
    <time>2024-05-03T19:38:59Z</time>
   </trkpt>
   <trkpt lat="48.7347190" lon="2.2703650">
    <ele>63.9</ele>
    <time>2024-05-03T19:39:00Z</time>
   </trkpt>
   <trkpt lat="48.7346770" lon="2.2703080">
    <ele>63.8</ele>
    <time>2024-05-03T19:39:01Z</time>
   </trkpt>
   <trkpt lat="48.7346320" lon="2.2702580">
    <ele>63.8</ele>
    <time>2024-05-03T19:39:02Z</time>
   </trkpt>
   <trkpt lat="48.7345880" lon="2.2702070">
    <ele>63.8</ele>
    <time>2024-05-03T19:39:03Z</time>
   </trkpt>
   <trkpt lat="48.7345440" lon="2.2701520">
    <ele>63.7</ele>
    <time>2024-05-03T19:39:04Z</time>
   </trkpt>
   <trkpt lat="48.7345000" lon="2.2700990">
    <ele>63.7</ele>
    <time>2024-05-03T19:39:05Z</time>
   </trkpt>
   <trkpt lat="48.7344570" lon="2.2700440">
    <ele>63.8</ele>
    <time>2024-05-03T19:39:06Z</time>
   </trkpt>
   <trkpt lat="48.7344150" lon="2.2699850">
    <ele>63.8</ele>
    <time>2024-05-03T19:39:07Z</time>
   </trkpt>
   <trkpt lat="48.7343740" lon="2.2699260">
    <ele>63.8</ele>
    <time>2024-05-03T19:39:08Z</time>
   </trkpt>
   <trkpt lat="48.7343330" lon="2.2698670">
    <ele>63.9</ele>
    <time>2024-05-03T19:39:09Z</time>
   </trkpt>
   <trkpt lat="48.7342940" lon="2.2698100">
    <ele>63.9</ele>
    <time>2024-05-03T19:39:10Z</time>
   </trkpt>
   <trkpt lat="48.7342580" lon="2.2697440">
    <ele>64.0</ele>
    <time>2024-05-03T19:39:11Z</time>
   </trkpt>
   <trkpt lat="48.7342260" lon="2.2696810">
    <ele>64.0</ele>
    <time>2024-05-03T19:39:12Z</time>
   </trkpt>
   <trkpt lat="48.7341910" lon="2.2696220">
    <ele>64.1</ele>
    <time>2024-05-03T19:39:13Z</time>
   </trkpt>
   <trkpt lat="48.7341540" lon="2.2695670">
    <ele>64.1</ele>
    <time>2024-05-03T19:39:14Z</time>
   </trkpt>
   <trkpt lat="48.7341110" lon="2.2695230">
    <ele>64.2</ele>
    <time>2024-05-03T19:39:15Z</time>
   </trkpt>
   <trkpt lat="48.7340720" lon="2.2694720">
    <ele>64.3</ele>
    <time>2024-05-03T19:39:16Z</time>
   </trkpt>
   <trkpt lat="48.7340320" lon="2.2694220">
    <ele>64.4</ele>
    <time>2024-05-03T19:39:17Z</time>
   </trkpt>
   <trkpt lat="48.7339920" lon="2.2693670">
    <ele>64.6</ele>
    <time>2024-05-03T19:39:18Z</time>
   </trkpt>
   <trkpt lat="48.7339610" lon="2.2693050">
    <ele>64.7</ele>
    <time>2024-05-03T19:39:19Z</time>
   </trkpt>
   <trkpt lat="48.7339290" lon="2.2692480">
    <ele>64.9</ele>
    <time>2024-05-03T19:39:20Z</time>
   </trkpt>
   <trkpt lat="48.7338980" lon="2.2691920">
    <ele>65.0</ele>
    <time>2024-05-03T19:39:21Z</time>
   </trkpt>
   <trkpt lat="48.7338700" lon="2.2691370">
    <ele>65.1</ele>
    <time>2024-05-03T19:39:22Z</time>
   </trkpt>
   <trkpt lat="48.7338420" lon="2.2690790">
    <ele>65.3</ele>
    <time>2024-05-03T19:39:23Z</time>
   </trkpt>
   <trkpt lat="48.7338160" lon="2.2690190">
    <ele>65.4</ele>
    <time>2024-05-03T19:39:24Z</time>
   </trkpt>
   <trkpt lat="48.7337880" lon="2.2689600">
    <ele>65.6</ele>
    <time>2024-05-03T19:39:25Z</time>
   </trkpt>
   <trkpt lat="48.7337600" lon="2.2689000">
    <ele>65.7</ele>
    <time>2024-05-03T19:39:26Z</time>
   </trkpt>
   <trkpt lat="48.7337360" lon="2.2688410">
    <ele>65.9</ele>
    <time>2024-05-03T19:39:27Z</time>
   </trkpt>
   <trkpt lat="48.7337100" lon="2.2687800">
    <ele>66.1</ele>
    <time>2024-05-03T19:39:28Z</time>
   </trkpt>
   <trkpt lat="48.7336860" lon="2.2687210">
    <ele>66.2</ele>
    <time>2024-05-03T19:39:29Z</time>
   </trkpt>
   <trkpt lat="48.7336630" lon="2.2686600">
    <ele>66.4</ele>
    <time>2024-05-03T19:39:30Z</time>
   </trkpt>
   <trkpt lat="48.7336400" lon="2.2685990">
    <ele>66.6</ele>
    <time>2024-05-03T19:39:31Z</time>
   </trkpt>
   <trkpt lat="48.7336150" lon="2.2685410">
    <ele>66.8</ele>
    <time>2024-05-03T19:39:32Z</time>
   </trkpt>
   <trkpt lat="48.7335890" lon="2.2684830">
    <ele>67.0</ele>
    <time>2024-05-03T19:39:33Z</time>
   </trkpt>
   <trkpt lat="48.7335650" lon="2.2684250">
    <ele>67.2</ele>
    <time>2024-05-03T19:39:34Z</time>
   </trkpt>
   <trkpt lat="48.7335390" lon="2.2683670">
    <ele>67.4</ele>
    <time>2024-05-03T19:39:35Z</time>
   </trkpt>
   <trkpt lat="48.7335140" lon="2.2683110">
    <ele>67.6</ele>
    <time>2024-05-03T19:39:36Z</time>
   </trkpt>
   <trkpt lat="48.7334920" lon="2.2682530">
    <ele>67.8</ele>
    <time>2024-05-03T19:39:37Z</time>
   </trkpt>
   <trkpt lat="48.7334680" lon="2.2681980">
    <ele>67.9</ele>
    <time>2024-05-03T19:39:38Z</time>
   </trkpt>
   <trkpt lat="48.7334470" lon="2.2681450">
    <ele>68.1</ele>
    <time>2024-05-03T19:39:39Z</time>
   </trkpt>
   <trkpt lat="48.7334200" lon="2.2680940">
    <ele>68.3</ele>
    <time>2024-05-03T19:39:40Z</time>
   </trkpt>
   <trkpt lat="48.7333950" lon="2.2680410">
    <ele>68.5</ele>
    <time>2024-05-03T19:39:41Z</time>
   </trkpt>
   <trkpt lat="48.7333700" lon="2.2679810">
    <ele>68.6</ele>
    <time>2024-05-03T19:39:42Z</time>
   </trkpt>
   <trkpt lat="48.7333470" lon="2.2679240">
    <ele>68.8</ele>
    <time>2024-05-03T19:39:43Z</time>
   </trkpt>
   <trkpt lat="48.7333220" lon="2.2678660">
    <ele>69.0</ele>
    <time>2024-05-03T19:39:44Z</time>
   </trkpt>
   <trkpt lat="48.7333020" lon="2.2678030">
    <ele>69.2</ele>
    <time>2024-05-03T19:39:45Z</time>
   </trkpt>
   <trkpt lat="48.7332800" lon="2.2677410">
    <ele>69.4</ele>
    <time>2024-05-03T19:39:46Z</time>
   </trkpt>
   <trkpt lat="48.7332560" lon="2.2676790">
    <ele>69.6</ele>
    <time>2024-05-03T19:39:47Z</time>
   </trkpt>
   <trkpt lat="48.7332300" lon="2.2676200">
    <ele>69.7</ele>
    <time>2024-05-03T19:39:48Z</time>
   </trkpt>
   <trkpt lat="48.7332090" lon="2.2675630">
    <ele>69.9</ele>
    <time>2024-05-03T19:39:49Z</time>
   </trkpt>
   <trkpt lat="48.7331860" lon="2.2675050">
    <ele>70.1</ele>
    <time>2024-05-03T19:39:50Z</time>
   </trkpt>
   <trkpt lat="48.7331620" lon="2.2674490">
    <ele>70.2</ele>
    <time>2024-05-03T19:39:51Z</time>
   </trkpt>
   <trkpt lat="48.7331390" lon="2.2673960">
    <ele>70.4</ele>
    <time>2024-05-03T19:39:52Z</time>
   </trkpt>
   <trkpt lat="48.7331160" lon="2.2673410">
    <ele>70.6</ele>
    <time>2024-05-03T19:39:53Z</time>
   </trkpt>
   <trkpt lat="48.7330940" lon="2.2672850">
    <ele>70.7</ele>
    <time>2024-05-03T19:39:54Z</time>
   </trkpt>
   <trkpt lat="48.7330700" lon="2.2672340">
    <ele>70.8</ele>
    <time>2024-05-03T19:39:55Z</time>
   </trkpt>
   <trkpt lat="48.7330490" lon="2.2671830">
    <ele>71.0</ele>
    <time>2024-05-03T19:39:56Z</time>
   </trkpt>
   <trkpt lat="48.7330300" lon="2.2671330">
    <ele>71.1</ele>
    <time>2024-05-03T19:39:57Z</time>
   </trkpt>
   <trkpt lat="48.7330060" lon="2.2670790">
    <ele>71.2</ele>
    <time>2024-05-03T19:39:58Z</time>
   </trkpt>
   <trkpt lat="48.7329850" lon="2.2670230">
    <ele>71.4</ele>
    <time>2024-05-03T19:39:59Z</time>
   </trkpt>
   <trkpt lat="48.7329660" lon="2.2669670">
    <ele>71.5</ele>
    <time>2024-05-03T19:40:00Z</time>
   </trkpt>
   <trkpt lat="48.7329420" lon="2.2669130">
    <ele>71.6</ele>
    <time>2024-05-03T19:40:01Z</time>
   </trkpt>
   <trkpt lat="48.7329200" lon="2.2668580">
    <ele>71.8</ele>
    <time>2024-05-03T19:40:02Z</time>
   </trkpt>
   <trkpt lat="48.7328980" lon="2.2668050">
    <ele>71.9</ele>
    <time>2024-05-03T19:40:03Z</time>
   </trkpt>
   <trkpt lat="48.7328770" lon="2.2667540">
    <ele>72.1</ele>
    <time>2024-05-03T19:40:04Z</time>
   </trkpt>
   <trkpt lat="48.7328560" lon="2.2667030">
    <ele>72.2</ele>
    <time>2024-05-03T19:40:05Z</time>
   </trkpt>
   <trkpt lat="48.7328340" lon="2.2666530">
    <ele>72.3</ele>
    <time>2024-05-03T19:40:06Z</time>
   </trkpt>
   <trkpt lat="48.7328120" lon="2.2666030">
    <ele>72.4</ele>
    <time>2024-05-03T19:40:07Z</time>
   </trkpt>
   <trkpt lat="48.7327910" lon="2.2665530">
    <ele>72.4</ele>
    <time>2024-05-03T19:40:08Z</time>
   </trkpt>
   <trkpt lat="48.7327700" lon="2.2665030">
    <ele>72.5</ele>
    <time>2024-05-03T19:40:09Z</time>
   </trkpt>
   <trkpt lat="48.7327510" lon="2.2664540">
    <ele>72.6</ele>
    <time>2024-05-03T19:40:10Z</time>
   </trkpt>
   <trkpt lat="48.7327330" lon="2.2664040">
    <ele>72.7</ele>
    <time>2024-05-03T19:40:11Z</time>
   </trkpt>
   <trkpt lat="48.7327160" lon="2.2663550">
    <ele>72.8</ele>
    <time>2024-05-03T19:40:12Z</time>
   </trkpt>
   <trkpt lat="48.7326980" lon="2.2663060">
    <ele>72.8</ele>
    <time>2024-05-03T19:40:13Z</time>
   </trkpt>
   <trkpt lat="48.7326790" lon="2.2662590">
    <ele>72.9</ele>
    <time>2024-05-03T19:40:14Z</time>
   </trkpt>
   <trkpt lat="48.7326650" lon="2.2662090">
    <ele>73.0</ele>
    <time>2024-05-03T19:40:15Z</time>
   </trkpt>
   <trkpt lat="48.7326490" lon="2.2661620">
    <ele>73.1</ele>
    <time>2024-05-03T19:40:16Z</time>
   </trkpt>
   <trkpt lat="48.7326360" lon="2.2661140">
    <ele>73.1</ele>
    <time>2024-05-03T19:40:17Z</time>
   </trkpt>
   <trkpt lat="48.7326340" lon="2.2660620">
    <ele>73.1</ele>
    <time>2024-05-03T19:40:18Z</time>
   </trkpt>
   <trkpt lat="48.7326430" lon="2.2660120">
    <ele>73.2</ele>
    <time>2024-05-03T19:40:19Z</time>
   </trkpt>
   <trkpt lat="48.7326550" lon="2.2659650">
    <ele>73.2</ele>
    <time>2024-05-03T19:40:20Z</time>
   </trkpt>
   <trkpt lat="48.7326680" lon="2.2659190">
    <ele>73.2</ele>
    <time>2024-05-03T19:40:21Z</time>
   </trkpt>
   <trkpt lat="48.7326860" lon="2.2658810">
    <ele>73.2</ele>
    <time>2024-05-03T19:40:22Z</time>
   </trkpt>
   <trkpt lat="48.7327030" lon="2.2658420">
    <ele>73.2</ele>
    <time>2024-05-03T19:40:23Z</time>
   </trkpt>
   <trkpt lat="48.7327110" lon="2.2657910">
    <ele>73.3</ele>
    <time>2024-05-03T19:40:24Z</time>
   </trkpt>
   <trkpt lat="48.7327130" lon="2.2657310">
    <ele>73.3</ele>
    <time>2024-05-03T19:40:25Z</time>
   </trkpt>
   <trkpt lat="48.7327040" lon="2.2656690">
    <ele>73.4</ele>
    <time>2024-05-03T19:40:26Z</time>
   </trkpt>
   <trkpt lat="48.7326840" lon="2.2656130">
    <ele>73.4</ele>
    <time>2024-05-03T19:40:27Z</time>
   </trkpt>
   <trkpt lat="48.7326540" lon="2.2655690">
    <ele>73.5</ele>
    <time>2024-05-03T19:40:28Z</time>
   </trkpt>
   <trkpt lat="48.7326150" lon="2.2655390">
    <ele>73.5</ele>
    <time>2024-05-03T19:40:29Z</time>
   </trkpt>
   <trkpt lat="48.7325740" lon="2.2655170">
    <ele>73.5</ele>
    <time>2024-05-03T19:40:30Z</time>
   </trkpt>
   <trkpt lat="48.7325290" lon="2.2655030">
    <ele>73.7</ele>
    <time>2024-05-03T19:40:31Z</time>
   </trkpt>
   <trkpt lat="48.7324820" lon="2.2654940">
    <ele>73.8</ele>
    <time>2024-05-03T19:40:32Z</time>
   </trkpt>
   <trkpt lat="48.7324350" lon="2.2654870">
    <ele>73.9</ele>
    <time>2024-05-03T19:40:33Z</time>
   </trkpt>
   <trkpt lat="48.7323790" lon="2.2654860">
    <ele>74.0</ele>
    <time>2024-05-03T19:40:34Z</time>
   </trkpt>
   <trkpt lat="48.7323320" lon="2.2654780">
    <ele>74.1</ele>
    <time>2024-05-03T19:40:35Z</time>
   </trkpt>
   <trkpt lat="48.7322850" lon="2.2654600">
    <ele>74.3</ele>
    <time>2024-05-03T19:40:36Z</time>
   </trkpt>
   <trkpt lat="48.7322430" lon="2.2654280">
    <ele>74.4</ele>
    <time>2024-05-03T19:40:37Z</time>
   </trkpt>
   <trkpt lat="48.7322020" lon="2.2653940">
    <ele>74.5</ele>
    <time>2024-05-03T19:40:38Z</time>
   </trkpt>
   <trkpt lat="48.7321630" lon="2.2653640">
    <ele>74.6</ele>
    <time>2024-05-03T19:40:39Z</time>
   </trkpt>
   <trkpt lat="48.7321230" lon="2.2653370">
    <ele>74.7</ele>
    <time>2024-05-03T19:40:40Z</time>
   </trkpt>
   <trkpt lat="48.7320830" lon="2.2653070">
    <ele>74.8</ele>
    <time>2024-05-03T19:40:41Z</time>
   </trkpt>
   <trkpt lat="48.7320420" lon="2.2652830">
    <ele>75.0</ele>
    <time>2024-05-03T19:40:42Z</time>
   </trkpt>
   <trkpt lat="48.7320000" lon="2.2652590">
    <ele>75.1</ele>
    <time>2024-05-03T19:40:43Z</time>
   </trkpt>
   <trkpt lat="48.7319570" lon="2.2652370">
    <ele>75.2</ele>
    <time>2024-05-03T19:40:44Z</time>
   </trkpt>
   <trkpt lat="48.7319150" lon="2.2652170">
    <ele>75.3</ele>
    <time>2024-05-03T19:40:45Z</time>
   </trkpt>
   <trkpt lat="48.7318730" lon="2.2652040">
    <ele>75.5</ele>
    <time>2024-05-03T19:40:46Z</time>
   </trkpt>
   <trkpt lat="48.7318320" lon="2.2651870">
    <ele>75.6</ele>
    <time>2024-05-03T19:40:47Z</time>
   </trkpt>
   <trkpt lat="48.7317930" lon="2.2651600">
    <ele>75.7</ele>
    <time>2024-05-03T19:40:48Z</time>
   </trkpt>
   <trkpt lat="48.7317570" lon="2.2651220">
    <ele>75.8</ele>
    <time>2024-05-03T19:40:49Z</time>
   </trkpt>
   <trkpt lat="48.7317240" lon="2.2650790">
    <ele>75.9</ele>
    <time>2024-05-03T19:40:50Z</time>
   </trkpt>
   <trkpt lat="48.7316900" lon="2.2650390">
    <ele>76.0</ele>
    <time>2024-05-03T19:40:51Z</time>
   </trkpt>
   <trkpt lat="48.7316540" lon="2.2650010">
    <ele>76.2</ele>
    <time>2024-05-03T19:40:52Z</time>
   </trkpt>
   <trkpt lat="48.7316200" lon="2.2649600">
    <ele>76.3</ele>
    <time>2024-05-03T19:40:53Z</time>
   </trkpt>
   <trkpt lat="48.7315850" lon="2.2649250">
    <ele>76.4</ele>
    <time>2024-05-03T19:40:54Z</time>
   </trkpt>
   <trkpt lat="48.7315500" lon="2.2648890">
    <ele>76.5</ele>
    <time>2024-05-03T19:40:55Z</time>
   </trkpt>
   <trkpt lat="48.7315150" lon="2.2648520">
    <ele>76.6</ele>
    <time>2024-05-03T19:40:56Z</time>
   </trkpt>
   <trkpt lat="48.7314810" lon="2.2648160">
    <ele>76.8</ele>
    <time>2024-05-03T19:40:57Z</time>
   </trkpt>
   <trkpt lat="48.7314490" lon="2.2647780">
    <ele>76.9</ele>
    <time>2024-05-03T19:40:58Z</time>
   </trkpt>
   <trkpt lat="48.7314180" lon="2.2647400">
    <ele>77.0</ele>
    <time>2024-05-03T19:40:59Z</time>
   </trkpt>
   <trkpt lat="48.7313860" lon="2.2647030">
    <ele>77.1</ele>
    <time>2024-05-03T19:41:00Z</time>
   </trkpt>
   <trkpt lat="48.7313530" lon="2.2646670">
    <ele>77.2</ele>
    <time>2024-05-03T19:41:01Z</time>
   </trkpt>
   <trkpt lat="48.7313220" lon="2.2646270">
    <ele>77.3</ele>
    <time>2024-05-03T19:41:02Z</time>
   </trkpt>
   <trkpt lat="48.7312930" lon="2.2645870">
    <ele>77.4</ele>
    <time>2024-05-03T19:41:03Z</time>
   </trkpt>
   <trkpt lat="48.7312640" lon="2.2645490">
    <ele>77.5</ele>
    <time>2024-05-03T19:41:04Z</time>
   </trkpt>
   <trkpt lat="48.7312360" lon="2.2645080">
    <ele>77.6</ele>
    <time>2024-05-03T19:41:05Z</time>
   </trkpt>
   <trkpt lat="48.7312090" lon="2.2644670">
    <ele>77.7</ele>
    <time>2024-05-03T19:41:06Z</time>
   </trkpt>
   <trkpt lat="48.7311810" lon="2.2644260">
    <ele>77.8</ele>
    <time>2024-05-03T19:41:07Z</time>
   </trkpt>
   <trkpt lat="48.7311540" lon="2.2643820">
    <ele>77.9</ele>
    <time>2024-05-03T19:41:08Z</time>
   </trkpt>
   <trkpt lat="48.7311280" lon="2.2643370">
    <ele>78.0</ele>
    <time>2024-05-03T19:41:09Z</time>
   </trkpt>
   <trkpt lat="48.7311010" lon="2.2642930">
    <ele>78.1</ele>
    <time>2024-05-03T19:41:10Z</time>
   </trkpt>
   <trkpt lat="48.7310750" lon="2.2642450">
    <ele>78.2</ele>
    <time>2024-05-03T19:41:11Z</time>
   </trkpt>
   <trkpt lat="48.7310480" lon="2.2641960">
    <ele>78.3</ele>
    <time>2024-05-03T19:41:12Z</time>
   </trkpt>
   <trkpt lat="48.7310220" lon="2.2641470">
    <ele>78.3</ele>
    <time>2024-05-03T19:41:13Z</time>
   </trkpt>
   <trkpt lat="48.7309950" lon="2.2640970">
    <ele>78.4</ele>
    <time>2024-05-03T19:41:14Z</time>
   </trkpt>
   <trkpt lat="48.7309680" lon="2.2640490">
    <ele>78.5</ele>
    <time>2024-05-03T19:41:15Z</time>
   </trkpt>
   <trkpt lat="48.7309430" lon="2.2639980">
    <ele>78.6</ele>
    <time>2024-05-03T19:41:16Z</time>
   </trkpt>
   <trkpt lat="48.7309170" lon="2.2639480">
    <ele>78.7</ele>
    <time>2024-05-03T19:41:17Z</time>
   </trkpt>
   <trkpt lat="48.7308930" lon="2.2638960">
    <ele>78.8</ele>
    <time>2024-05-03T19:41:18Z</time>
   </trkpt>
   <trkpt lat="48.7308720" lon="2.2638440">
    <ele>78.8</ele>
    <time>2024-05-03T19:41:19Z</time>
   </trkpt>
   <trkpt lat="48.7308500" lon="2.2637920">
    <ele>78.9</ele>
    <time>2024-05-03T19:41:20Z</time>
   </trkpt>
   <trkpt lat="48.7308280" lon="2.2637400">
    <ele>79.0</ele>
    <time>2024-05-03T19:41:21Z</time>
   </trkpt>
   <trkpt lat="48.7308090" lon="2.2636870">
    <ele>79.1</ele>
    <time>2024-05-03T19:41:22Z</time>
   </trkpt>
   <trkpt lat="48.7307900" lon="2.2636340">
    <ele>79.2</ele>
    <time>2024-05-03T19:41:23Z</time>
   </trkpt>
   <trkpt lat="48.7307720" lon="2.2635790">
    <ele>79.3</ele>
    <time>2024-05-03T19:41:24Z</time>
   </trkpt>
   <trkpt lat="48.7307520" lon="2.2635260">
    <ele>79.3</ele>
    <time>2024-05-03T19:41:25Z</time>
   </trkpt>
   <trkpt lat="48.7307330" lon="2.2634710">
    <ele>79.4</ele>
    <time>2024-05-03T19:41:26Z</time>
   </trkpt>
   <trkpt lat="48.7307160" lon="2.2634150">
    <ele>79.5</ele>
    <time>2024-05-03T19:41:27Z</time>
   </trkpt>
   <trkpt lat="48.7306980" lon="2.2633590">
    <ele>79.6</ele>
    <time>2024-05-03T19:41:28Z</time>
   </trkpt>
   <trkpt lat="48.7306820" lon="2.2633030">
    <ele>79.7</ele>
    <time>2024-05-03T19:41:29Z</time>
   </trkpt>
   <trkpt lat="48.7306650" lon="2.2632480">
    <ele>79.8</ele>
    <time>2024-05-03T19:41:30Z</time>
   </trkpt>
   <trkpt lat="48.7306500" lon="2.2631910">
    <ele>79.8</ele>
    <time>2024-05-03T19:41:31Z</time>
   </trkpt>
   <trkpt lat="48.7306360" lon="2.2631350">
    <ele>79.9</ele>
    <time>2024-05-03T19:41:32Z</time>
   </trkpt>
   <trkpt lat="48.7306220" lon="2.2630780">
    <ele>80.0</ele>
    <time>2024-05-03T19:41:33Z</time>
   </trkpt>
   <trkpt lat="48.7306110" lon="2.2630190">
    <ele>80.1</ele>
    <time>2024-05-03T19:41:34Z</time>
   </trkpt>
   <trkpt lat="48.7305970" lon="2.2629610">
    <ele>80.2</ele>
    <time>2024-05-03T19:41:35Z</time>
   </trkpt>
   <trkpt lat="48.7305810" lon="2.2629040">
    <ele>80.2</ele>
    <time>2024-05-03T19:41:36Z</time>
   </trkpt>
   <trkpt lat="48.7305700" lon="2.2628440">
    <ele>80.3</ele>
    <time>2024-05-03T19:41:37Z</time>
   </trkpt>
   <trkpt lat="48.7305600" lon="2.2627830">
    <ele>80.4</ele>
    <time>2024-05-03T19:41:38Z</time>
   </trkpt>
   <trkpt lat="48.7305530" lon="2.2627210">
    <ele>80.5</ele>
    <time>2024-05-03T19:41:39Z</time>
   </trkpt>
   <trkpt lat="48.7305450" lon="2.2626590">
    <ele>80.6</ele>
    <time>2024-05-03T19:41:40Z</time>
   </trkpt>
   <trkpt lat="48.7305360" lon="2.2625990">
    <ele>80.6</ele>
    <time>2024-05-03T19:41:41Z</time>
   </trkpt>
   <trkpt lat="48.7305270" lon="2.2625380">
    <ele>80.7</ele>
    <time>2024-05-03T19:41:42Z</time>
   </trkpt>
   <trkpt lat="48.7305190" lon="2.2624760">
    <ele>80.8</ele>
    <time>2024-05-03T19:41:43Z</time>
   </trkpt>
   <trkpt lat="48.7305090" lon="2.2624140">
    <ele>80.9</ele>
    <time>2024-05-03T19:41:44Z</time>
   </trkpt>
   <trkpt lat="48.7304990" lon="2.2623530">
    <ele>81.0</ele>
    <time>2024-05-03T19:41:45Z</time>
   </trkpt>
   <trkpt lat="48.7304900" lon="2.2622910">
    <ele>81.1</ele>
    <time>2024-05-03T19:41:46Z</time>
   </trkpt>
   <trkpt lat="48.7304830" lon="2.2622280">
    <ele>81.2</ele>
    <time>2024-05-03T19:41:47Z</time>
   </trkpt>
   <trkpt lat="48.7304760" lon="2.2621650">
    <ele>81.2</ele>
    <time>2024-05-03T19:41:48Z</time>
   </trkpt>
   <trkpt lat="48.7304690" lon="2.2621010">
    <ele>81.3</ele>
    <time>2024-05-03T19:41:49Z</time>
   </trkpt>
   <trkpt lat="48.7304630" lon="2.2620350">
    <ele>81.4</ele>
    <time>2024-05-03T19:41:50Z</time>
   </trkpt>
   <trkpt lat="48.7304550" lon="2.2619690">
    <ele>81.5</ele>
    <time>2024-05-03T19:41:51Z</time>
   </trkpt>
   <trkpt lat="48.7304460" lon="2.2619030">
    <ele>81.6</ele>
    <time>2024-05-03T19:41:52Z</time>
   </trkpt>
   <trkpt lat="48.7304330" lon="2.2618380">
    <ele>81.7</ele>
    <time>2024-05-03T19:41:53Z</time>
   </trkpt>
   <trkpt lat="48.7304200" lon="2.2617750">
    <ele>81.8</ele>
    <time>2024-05-03T19:41:54Z</time>
   </trkpt>
   <trkpt lat="48.7304040" lon="2.2617130">
    <ele>81.8</ele>
    <time>2024-05-03T19:41:55Z</time>
   </trkpt>
   <trkpt lat="48.7303860" lon="2.2616530">
    <ele>81.9</ele>
    <time>2024-05-03T19:41:56Z</time>
   </trkpt>
   <trkpt lat="48.7303650" lon="2.2615940">
    <ele>82.0</ele>
    <time>2024-05-03T19:41:57Z</time>
   </trkpt>
   <trkpt lat="48.7303440" lon="2.2615380">
    <ele>82.1</ele>
    <time>2024-05-03T19:41:58Z</time>
   </trkpt>
   <trkpt lat="48.7303190" lon="2.2614850">
    <ele>82.2</ele>
    <time>2024-05-03T19:41:59Z</time>
   </trkpt>
   <trkpt lat="48.7302930" lon="2.2614350">
    <ele>82.3</ele>
    <time>2024-05-03T19:42:00Z</time>
   </trkpt>
   <trkpt lat="48.7302670" lon="2.2613850">
    <ele>82.4</ele>
    <time>2024-05-03T19:42:01Z</time>
   </trkpt>
   <trkpt lat="48.7302410" lon="2.2613340">
    <ele>82.6</ele>
    <time>2024-05-03T19:42:02Z</time>
   </trkpt>
   <trkpt lat="48.7302180" lon="2.2612800">
    <ele>82.7</ele>
    <time>2024-05-03T19:42:03Z</time>
   </trkpt>
   <trkpt lat="48.7302010" lon="2.2612190">
    <ele>82.7</ele>
    <time>2024-05-03T19:42:04Z</time>
   </trkpt>
   <trkpt lat="48.7301900" lon="2.2611540">
    <ele>82.8</ele>
    <time>2024-05-03T19:42:05Z</time>
   </trkpt>
   <trkpt lat="48.7301800" lon="2.2610890">
    <ele>82.9</ele>
    <time>2024-05-03T19:42:06Z</time>
   </trkpt>
   <trkpt lat="48.7301620" lon="2.2610300">
    <ele>83.1</ele>
    <time>2024-05-03T19:42:07Z</time>
   </trkpt>
   <trkpt lat="48.7301360" lon="2.2609820">
    <ele>83.3</ele>
    <time>2024-05-03T19:42:08Z</time>
   </trkpt>
   <trkpt lat="48.7301020" lon="2.2609480">
    <ele>83.4</ele>
    <time>2024-05-03T19:42:09Z</time>
   </trkpt>
   <trkpt lat="48.7300600" lon="2.2609370">
    <ele>83.5</ele>
    <time>2024-05-03T19:42:10Z</time>
   </trkpt>
   <trkpt lat="48.7300160" lon="2.2609350">
    <ele>83.6</ele>
    <time>2024-05-03T19:42:11Z</time>
   </trkpt>
   <trkpt lat="48.7299710" lon="2.2609290">
    <ele>83.6</ele>
    <time>2024-05-03T19:42:12Z</time>
   </trkpt>
   <trkpt lat="48.7299260" lon="2.2609250">
    <ele>83.6</ele>
    <time>2024-05-03T19:42:13Z</time>
   </trkpt>
   <trkpt lat="48.7298800" lon="2.2609330">
    <ele>83.7</ele>
    <time>2024-05-03T19:42:14Z</time>
   </trkpt>
   <trkpt lat="48.7298390" lon="2.2609560">
    <ele>83.8</ele>
    <time>2024-05-03T19:42:15Z</time>
   </trkpt>
   <trkpt lat="48.7298040" lon="2.2610000">
    <ele>83.9</ele>
    <time>2024-05-03T19:42:16Z</time>
   </trkpt>
   <trkpt lat="48.7297730" lon="2.2610500">
    <ele>83.8</ele>
    <time>2024-05-03T19:42:17Z</time>
   </trkpt>
   <trkpt lat="48.7297440" lon="2.2610970">
    <ele>83.7</ele>
    <time>2024-05-03T19:42:18Z</time>
   </trkpt>
   <trkpt lat="48.7297100" lon="2.2611220">
    <ele>83.6</ele>
    <time>2024-05-03T19:42:19Z</time>
   </trkpt>
   <trkpt lat="48.7296710" lon="2.2610990">
    <ele>83.6</ele>
    <time>2024-05-03T19:42:20Z</time>
   </trkpt>
   <trkpt lat="48.7296390" lon="2.2610520">
    <ele>83.7</ele>
    <time>2024-05-03T19:42:21Z</time>
   </trkpt>
   <trkpt lat="48.7296050" lon="2.2609820">
    <ele>83.8</ele>
    <time>2024-05-03T19:42:22Z</time>
   </trkpt>
   <trkpt lat="48.7295730" lon="2.2609310">
    <ele>83.8</ele>
    <time>2024-05-03T19:42:23Z</time>
   </trkpt>
   <trkpt lat="48.7295370" lon="2.2608820">
    <ele>83.8</ele>
    <time>2024-05-03T19:42:24Z</time>
   </trkpt>
   <trkpt lat="48.7294990" lon="2.2608380">
    <ele>83.9</ele>
    <time>2024-05-03T19:42:25Z</time>
   </trkpt>
   <trkpt lat="48.7294590" lon="2.2607910">
    <ele>83.9</ele>
    <time>2024-05-03T19:42:26Z</time>
   </trkpt>
   <trkpt lat="48.7294190" lon="2.2607450">
    <ele>83.9</ele>
    <time>2024-05-03T19:42:27Z</time>
   </trkpt>
   <trkpt lat="48.7293800" lon="2.2606990">
    <ele>84.0</ele>
    <time>2024-05-03T19:42:28Z</time>
   </trkpt>
   <trkpt lat="48.7293400" lon="2.2606490">
    <ele>84.0</ele>
    <time>2024-05-03T19:42:29Z</time>
   </trkpt>
   <trkpt lat="48.7293030" lon="2.2605990">
    <ele>84.0</ele>
    <time>2024-05-03T19:42:30Z</time>
   </trkpt>
   <trkpt lat="48.7292610" lon="2.2605530">
    <ele>84.1</ele>
    <time>2024-05-03T19:42:31Z</time>
   </trkpt>
   <trkpt lat="48.7292210" lon="2.2605060">
    <ele>84.1</ele>
    <time>2024-05-03T19:42:32Z</time>
   </trkpt>
   <trkpt lat="48.7291810" lon="2.2604570">
    <ele>84.1</ele>
    <time>2024-05-03T19:42:33Z</time>
   </trkpt>
   <trkpt lat="48.7291440" lon="2.2604060">
    <ele>84.1</ele>
    <time>2024-05-03T19:42:34Z</time>
   </trkpt>
   <trkpt lat="48.7291050" lon="2.2603550">
    <ele>84.2</ele>
    <time>2024-05-03T19:42:35Z</time>
   </trkpt>
   <trkpt lat="48.7290630" lon="2.2603090">
    <ele>84.2</ele>
    <time>2024-05-03T19:42:36Z</time>
   </trkpt>
   <trkpt lat="48.7290220" lon="2.2602580">
    <ele>84.2</ele>
    <time>2024-05-03T19:42:37Z</time>
   </trkpt>
   <trkpt lat="48.7289800" lon="2.2602130">
    <ele>84.3</ele>
    <time>2024-05-03T19:42:38Z</time>
   </trkpt>
   <trkpt lat="48.7289370" lon="2.2601670">
    <ele>84.3</ele>
    <time>2024-05-03T19:42:39Z</time>
   </trkpt>
   <trkpt lat="48.7288940" lon="2.2601180">
    <ele>84.3</ele>
    <time>2024-05-03T19:42:40Z</time>
   </trkpt>
   <trkpt lat="48.7288530" lon="2.2600710">
    <ele>84.4</ele>
    <time>2024-05-03T19:42:41Z</time>
   </trkpt>
   <trkpt lat="48.7288130" lon="2.2600260">
    <ele>84.4</ele>
    <time>2024-05-03T19:42:42Z</time>
   </trkpt>
   <trkpt lat="48.7287730" lon="2.2599780">
    <ele>84.4</ele>
    <time>2024-05-03T19:42:43Z</time>
   </trkpt>
   <trkpt lat="48.7287340" lon="2.2599330">
    <ele>84.4</ele>
    <time>2024-05-03T19:42:44Z</time>
   </trkpt>
   <trkpt lat="48.7286930" lon="2.2598830">
    <ele>84.5</ele>
    <time>2024-05-03T19:42:45Z</time>
   </trkpt>
   <trkpt lat="48.7286540" lon="2.2598320">
    <ele>84.5</ele>
    <time>2024-05-03T19:42:46Z</time>
   </trkpt>
   <trkpt lat="48.7286140" lon="2.2597820">
    <ele>84.5</ele>
    <time>2024-05-03T19:42:47Z</time>
   </trkpt>
   <trkpt lat="48.7285720" lon="2.2597350">
    <ele>84.5</ele>
    <time>2024-05-03T19:42:48Z</time>
   </trkpt>
   <trkpt lat="48.7285300" lon="2.2596860">
    <ele>84.5</ele>
    <time>2024-05-03T19:42:49Z</time>
   </trkpt>
   <trkpt lat="48.7284900" lon="2.2596370">
    <ele>84.5</ele>
    <time>2024-05-03T19:42:50Z</time>
   </trkpt>
   <trkpt lat="48.7284480" lon="2.2595910">
    <ele>84.6</ele>
    <time>2024-05-03T19:42:51Z</time>
   </trkpt>
   <trkpt lat="48.7284060" lon="2.2595390">
    <ele>84.6</ele>
    <time>2024-05-03T19:42:52Z</time>
   </trkpt>
   <trkpt lat="48.7283640" lon="2.2594910">
    <ele>84.6</ele>
    <time>2024-05-03T19:42:53Z</time>
   </trkpt>
   <trkpt lat="48.7283240" lon="2.2594460">
    <ele>84.7</ele>
    <time>2024-05-03T19:42:54Z</time>
   </trkpt>
   <trkpt lat="48.7282890" lon="2.2593940">
    <ele>84.7</ele>
    <time>2024-05-03T19:42:55Z</time>
   </trkpt>
   <trkpt lat="48.7282520" lon="2.2593420">
    <ele>84.7</ele>
    <time>2024-05-03T19:42:56Z</time>
   </trkpt>
   <trkpt lat="48.7282140" lon="2.2592870">
    <ele>84.8</ele>
    <time>2024-05-03T19:42:57Z</time>
   </trkpt>
   <trkpt lat="48.7281760" lon="2.2592360">
    <ele>84.8</ele>
    <time>2024-05-03T19:42:58Z</time>
   </trkpt>
   <trkpt lat="48.7281370" lon="2.2591900">
    <ele>84.8</ele>
    <time>2024-05-03T19:42:59Z</time>
   </trkpt>
   <trkpt lat="48.7280970" lon="2.2591460">
    <ele>84.8</ele>
    <time>2024-05-03T19:43:00Z</time>
   </trkpt>
   <trkpt lat="48.7280580" lon="2.2591020">
    <ele>84.8</ele>
    <time>2024-05-03T19:43:01Z</time>
   </trkpt>
   <trkpt lat="48.7280200" lon="2.2590560">
    <ele>84.9</ele>
    <time>2024-05-03T19:43:02Z</time>
   </trkpt>
   <trkpt lat="48.7279810" lon="2.2590120">
    <ele>84.9</ele>
    <time>2024-05-03T19:43:03Z</time>
   </trkpt>
   <trkpt lat="48.7279380" lon="2.2589670">
    <ele>84.9</ele>
    <time>2024-05-03T19:43:04Z</time>
   </trkpt>
   <trkpt lat="48.7278980" lon="2.2589220">
    <ele>84.9</ele>
    <time>2024-05-03T19:43:05Z</time>
   </trkpt>
   <trkpt lat="48.7278600" lon="2.2588730">
    <ele>84.9</ele>
    <time>2024-05-03T19:43:06Z</time>
   </trkpt>
   <trkpt lat="48.7278200" lon="2.2588270">
    <ele>84.9</ele>
    <time>2024-05-03T19:43:07Z</time>
   </trkpt>
   <trkpt lat="48.7277770" lon="2.2587820">
    <ele>84.9</ele>
    <time>2024-05-03T19:43:08Z</time>
   </trkpt>
   <trkpt lat="48.7277330" lon="2.2587350">
    <ele>85.0</ele>
    <time>2024-05-03T19:43:09Z</time>
   </trkpt>
   <trkpt lat="48.7276910" lon="2.2586840">
    <ele>85.0</ele>
    <time>2024-05-03T19:43:10Z</time>
   </trkpt>
   <trkpt lat="48.7276540" lon="2.2586330">
    <ele>85.0</ele>
    <time>2024-05-03T19:43:11Z</time>
   </trkpt>
   <trkpt lat="48.7276130" lon="2.2585850">
    <ele>85.1</ele>
    <time>2024-05-03T19:43:12Z</time>
   </trkpt>
   <trkpt lat="48.7275720" lon="2.2585380">
    <ele>85.1</ele>
    <time>2024-05-03T19:43:13Z</time>
   </trkpt>
   <trkpt lat="48.7275340" lon="2.2584910">
    <ele>85.1</ele>
    <time>2024-05-03T19:43:14Z</time>
   </trkpt>
   <trkpt lat="48.7274980" lon="2.2584420">
    <ele>85.1</ele>
    <time>2024-05-03T19:43:15Z</time>
   </trkpt>
   <trkpt lat="48.7274610" lon="2.2583980">
    <ele>85.1</ele>
    <time>2024-05-03T19:43:16Z</time>
   </trkpt>
   <trkpt lat="48.7274240" lon="2.2583570">
    <ele>85.1</ele>
    <time>2024-05-03T19:43:17Z</time>
   </trkpt>
   <trkpt lat="48.7273860" lon="2.2583080">
    <ele>85.1</ele>
    <time>2024-05-03T19:43:18Z</time>
   </trkpt>
   <trkpt lat="48.7273510" lon="2.2582570">
    <ele>85.2</ele>
    <time>2024-05-03T19:43:19Z</time>
   </trkpt>
   <trkpt lat="48.7273130" lon="2.2582100">
    <ele>85.2</ele>
    <time>2024-05-03T19:43:20Z</time>
   </trkpt>
   <trkpt lat="48.7272730" lon="2.2581700">
    <ele>85.2</ele>
    <time>2024-05-03T19:43:21Z</time>
   </trkpt>
   <trkpt lat="48.7272330" lon="2.2581260">
    <ele>85.3</ele>
    <time>2024-05-03T19:43:22Z</time>
   </trkpt>
   <trkpt lat="48.7272000" lon="2.2580820">
    <ele>85.3</ele>
    <time>2024-05-03T19:43:23Z</time>
   </trkpt>
   <trkpt lat="48.7271680" lon="2.2580420">
    <ele>85.4</ele>
    <time>2024-05-03T19:43:24Z</time>
   </trkpt>
   <trkpt lat="48.7271320" lon="2.2580130">
    <ele>85.4</ele>
    <time>2024-05-03T19:43:25Z</time>
   </trkpt>
   <trkpt lat="48.7270950" lon="2.2579800">
    <ele>85.3</ele>
    <time>2024-05-03T19:43:26Z</time>
   </trkpt>
   <trkpt lat="48.7270580" lon="2.2579340">
    <ele>85.3</ele>
    <time>2024-05-03T19:43:27Z</time>
   </trkpt>
   <trkpt lat="48.7270230" lon="2.2578790">
    <ele>85.3</ele>
    <time>2024-05-03T19:43:28Z</time>
   </trkpt>
   <trkpt lat="48.7269850" lon="2.2578300">
    <ele>85.3</ele>
    <time>2024-05-03T19:43:29Z</time>
   </trkpt>
   <trkpt lat="48.7269460" lon="2.2577850">
    <ele>85.3</ele>
    <time>2024-05-03T19:43:30Z</time>
   </trkpt>
   <trkpt lat="48.7269060" lon="2.2577390">
    <ele>85.2</ele>
    <time>2024-05-03T19:43:31Z</time>
   </trkpt>
   <trkpt lat="48.7268660" lon="2.2576950">
    <ele>85.2</ele>
    <time>2024-05-03T19:43:32Z</time>
   </trkpt>
   <trkpt lat="48.7268260" lon="2.2576450">
    <ele>85.2</ele>
    <time>2024-05-03T19:43:33Z</time>
   </trkpt>
   <trkpt lat="48.7267870" lon="2.2575980">
    <ele>85.2</ele>
    <time>2024-05-03T19:43:34Z</time>
   </trkpt>
   <trkpt lat="48.7267470" lon="2.2575490">
    <ele>85.2</ele>
    <time>2024-05-03T19:43:35Z</time>
   </trkpt>
   <trkpt lat="48.7267090" lon="2.2575020">
    <ele>85.2</ele>
    <time>2024-05-03T19:43:36Z</time>
   </trkpt>
   <trkpt lat="48.7266730" lon="2.2574600">
    <ele>85.3</ele>
    <time>2024-05-03T19:43:37Z</time>
   </trkpt>
   <trkpt lat="48.7266380" lon="2.2574200">
    <ele>85.3</ele>
    <time>2024-05-03T19:43:38Z</time>
   </trkpt>
   <trkpt lat="48.7266050" lon="2.2573820">
    <ele>85.3</ele>
    <time>2024-05-03T19:43:39Z</time>
   </trkpt>
   <trkpt lat="48.7265750" lon="2.2573420">
    <ele>85.4</ele>
    <time>2024-05-03T19:43:40Z</time>
   </trkpt>
   <trkpt lat="48.7265470" lon="2.2573000">
    <ele>85.4</ele>
    <time>2024-05-03T19:43:41Z</time>
   </trkpt>
   <trkpt lat="48.7265260" lon="2.2572620">
    <ele>85.5</ele>
    <time>2024-05-03T19:43:42Z</time>
   </trkpt>
   <trkpt lat="48.7265060" lon="2.2572280">
    <ele>85.5</ele>
    <time>2024-05-03T19:43:43Z</time>
   </trkpt>
   <trkpt lat="48.7264780" lon="2.2571990">
    <ele>85.6</ele>
    <time>2024-05-03T19:43:44Z</time>
   </trkpt>
   <trkpt lat="48.7264690" lon="2.2571910">
    <ele>85.6</ele>
    <time>2024-05-03T19:43:45Z</time>
   </trkpt>
   <trkpt lat="48.7264550" lon="2.2571790">
    <ele>85.6</ele>
    <time>2024-05-03T19:43:46Z</time>
   </trkpt>
   <trkpt lat="48.7264440" lon="2.2571720">
    <ele>85.6</ele>
    <time>2024-05-03T19:43:47Z</time>
   </trkpt>
   <trkpt lat="48.7264230" lon="2.2571590">
    <ele>85.7</ele>
    <time>2024-05-03T19:43:48Z</time>
   </trkpt>
   <trkpt lat="48.7264120" lon="2.2571530">
    <ele>85.7</ele>
    <time>2024-05-03T19:43:49Z</time>
   </trkpt>
   <trkpt lat="48.7264000" lon="2.2571470">
    <ele>85.7</ele>
    <time>2024-05-03T19:43:50Z</time>
   </trkpt>
   <trkpt lat="48.7263660" lon="2.2571080">
    <ele>85.7</ele>
    <time>2024-05-03T19:43:51Z</time>
   </trkpt>
   <trkpt lat="48.7263550" lon="2.2570900">
    <ele>85.7</ele>
    <time>2024-05-03T19:43:52Z</time>
   </trkpt>
   <trkpt lat="48.7263290" lon="2.2570530">
    <ele>85.8</ele>
    <time>2024-05-03T19:43:53Z</time>
   </trkpt>
   <trkpt lat="48.7262960" lon="2.2570250">
    <ele>85.8</ele>
    <time>2024-05-03T19:43:54Z</time>
   </trkpt>
   <trkpt lat="48.7262620" lon="2.2569980">
    <ele>85.8</ele>
    <time>2024-05-03T19:43:55Z</time>
   </trkpt>
   <trkpt lat="48.7262270" lon="2.2569660">
    <ele>85.8</ele>
    <time>2024-05-03T19:43:56Z</time>
   </trkpt>
   <trkpt lat="48.7261900" lon="2.2569340">
    <ele>85.8</ele>
    <time>2024-05-03T19:43:57Z</time>
   </trkpt>
   <trkpt lat="48.7261530" lon="2.2569010">
    <ele>85.9</ele>
    <time>2024-05-03T19:43:58Z</time>
   </trkpt>
   <trkpt lat="48.7261150" lon="2.2568700">
    <ele>85.9</ele>
    <time>2024-05-03T19:43:59Z</time>
   </trkpt>
   <trkpt lat="48.7260740" lon="2.2568440">
    <ele>85.9</ele>
    <time>2024-05-03T19:44:00Z</time>
   </trkpt>
   <trkpt lat="48.7260330" lon="2.2568160">
    <ele>85.9</ele>
    <time>2024-05-03T19:44:01Z</time>
   </trkpt>
   <trkpt lat="48.7259930" lon="2.2567850">
    <ele>85.9</ele>
    <time>2024-05-03T19:44:02Z</time>
   </trkpt>
   <trkpt lat="48.7259550" lon="2.2567520">
    <ele>86.0</ele>
    <time>2024-05-03T19:44:03Z</time>
   </trkpt>
   <trkpt lat="48.7259220" lon="2.2567130">
    <ele>86.0</ele>
    <time>2024-05-03T19:44:04Z</time>
   </trkpt>
   <trkpt lat="48.7258910" lon="2.2566740">
    <ele>86.0</ele>
    <time>2024-05-03T19:44:05Z</time>
   </trkpt>
   <trkpt lat="48.7258570" lon="2.2566380">
    <ele>86.0</ele>
    <time>2024-05-03T19:44:06Z</time>
   </trkpt>
   <trkpt lat="48.7258180" lon="2.2565940">
    <ele>86.0</ele>
    <time>2024-05-03T19:44:07Z</time>
   </trkpt>
   <trkpt lat="48.7257810" lon="2.2565540">
    <ele>86.1</ele>
    <time>2024-05-03T19:44:08Z</time>
   </trkpt>
   <trkpt lat="48.7257400" lon="2.2565250">
    <ele>86.1</ele>
    <time>2024-05-03T19:44:09Z</time>
   </trkpt>
   <trkpt lat="48.7257020" lon="2.2565020">
    <ele>86.1</ele>
    <time>2024-05-03T19:44:10Z</time>
   </trkpt>
   <trkpt lat="48.7256610" lon="2.2564690">
    <ele>86.2</ele>
    <time>2024-05-03T19:44:11Z</time>
   </trkpt>
   <trkpt lat="48.7256200" lon="2.2564360">
    <ele>86.2</ele>
    <time>2024-05-03T19:44:12Z</time>
   </trkpt>
   <trkpt lat="48.7255790" lon="2.2564040">
    <ele>86.2</ele>
    <time>2024-05-03T19:44:13Z</time>
   </trkpt>
   <trkpt lat="48.7255400" lon="2.2563720">
    <ele>86.2</ele>
    <time>2024-05-03T19:44:14Z</time>
   </trkpt>
   <trkpt lat="48.7255020" lon="2.2563410">
    <ele>86.2</ele>
    <time>2024-05-03T19:44:15Z</time>
   </trkpt>
   <trkpt lat="48.7254620" lon="2.2563080">
    <ele>86.3</ele>
    <time>2024-05-03T19:44:16Z</time>
   </trkpt>
   <trkpt lat="48.7254240" lon="2.2562740">
    <ele>86.3</ele>
    <time>2024-05-03T19:44:17Z</time>
   </trkpt>
   <trkpt lat="48.7253880" lon="2.2562400">
    <ele>86.3</ele>
    <time>2024-05-03T19:44:18Z</time>
   </trkpt>
   <trkpt lat="48.7253560" lon="2.2562040">
    <ele>86.3</ele>
    <time>2024-05-03T19:44:19Z</time>
   </trkpt>
   <trkpt lat="48.7253240" lon="2.2561720">
    <ele>86.3</ele>
    <time>2024-05-03T19:44:20Z</time>
   </trkpt>
   <trkpt lat="48.7252900" lon="2.2561450">
    <ele>86.3</ele>
    <time>2024-05-03T19:44:21Z</time>
   </trkpt>
   <trkpt lat="48.7252560" lon="2.2561180">
    <ele>86.3</ele>
    <time>2024-05-03T19:44:22Z</time>
   </trkpt>
   <trkpt lat="48.7252210" lon="2.2560880">
    <ele>86.3</ele>
    <time>2024-05-03T19:44:23Z</time>
   </trkpt>
   <trkpt lat="48.7251830" lon="2.2560530">
    <ele>86.3</ele>
    <time>2024-05-03T19:44:24Z</time>
   </trkpt>
   <trkpt lat="48.7251440" lon="2.2560160">
    <ele>86.4</ele>
    <time>2024-05-03T19:44:25Z</time>
   </trkpt>
   <trkpt lat="48.7251090" lon="2.2559720">
    <ele>86.5</ele>
    <time>2024-05-03T19:44:26Z</time>
   </trkpt>
   <trkpt lat="48.7250720" lon="2.2559390">
    <ele>86.5</ele>
    <time>2024-05-03T19:44:27Z</time>
   </trkpt>
   <trkpt lat="48.7250350" lon="2.2559060">
    <ele>86.6</ele>
    <time>2024-05-03T19:44:28Z</time>
   </trkpt>
   <trkpt lat="48.7249960" lon="2.2558740">
    <ele>86.7</ele>
    <time>2024-05-03T19:44:29Z</time>
   </trkpt>
   <trkpt lat="48.7249540" lon="2.2558420">
    <ele>86.8</ele>
    <time>2024-05-03T19:44:30Z</time>
   </trkpt>
   <trkpt lat="48.7249120" lon="2.2558090">
    <ele>86.8</ele>
    <time>2024-05-03T19:44:31Z</time>
   </trkpt>
   <trkpt lat="48.7248700" lon="2.2557660">
    <ele>86.9</ele>
    <time>2024-05-03T19:44:32Z</time>
   </trkpt>
   <trkpt lat="48.7248280" lon="2.2557220">
    <ele>87.1</ele>
    <time>2024-05-03T19:44:33Z</time>
   </trkpt>
   <trkpt lat="48.7247870" lon="2.2556760">
    <ele>87.2</ele>
    <time>2024-05-03T19:44:34Z</time>
   </trkpt>
   <trkpt lat="48.7247500" lon="2.2556210">
    <ele>87.3</ele>
    <time>2024-05-03T19:44:35Z</time>
   </trkpt>
   <trkpt lat="48.7247200" lon="2.2555660">
    <ele>87.4</ele>
    <time>2024-05-03T19:44:36Z</time>
   </trkpt>
   <trkpt lat="48.7246940" lon="2.2555150">
    <ele>87.5</ele>
    <time>2024-05-03T19:44:37Z</time>
   </trkpt>
   <trkpt lat="48.7246630" lon="2.2554650">
    <ele>87.6</ele>
    <time>2024-05-03T19:44:38Z</time>
   </trkpt>
   <trkpt lat="48.7246280" lon="2.2554260">
    <ele>87.7</ele>
    <time>2024-05-03T19:44:39Z</time>
   </trkpt>
   <trkpt lat="48.7245910" lon="2.2553920">
    <ele>87.8</ele>
    <time>2024-05-03T19:44:40Z</time>
   </trkpt>
   <trkpt lat="48.7245550" lon="2.2553570">
    <ele>87.9</ele>
    <time>2024-05-03T19:44:41Z</time>
   </trkpt>
   <trkpt lat="48.7245190" lon="2.2553180">
    <ele>88.1</ele>
    <time>2024-05-03T19:44:42Z</time>
   </trkpt>
   <trkpt lat="48.7244830" lon="2.2552820">
    <ele>88.2</ele>
    <time>2024-05-03T19:44:43Z</time>
   </trkpt>
   <trkpt lat="48.7244460" lon="2.2552470">
    <ele>88.3</ele>
    <time>2024-05-03T19:44:44Z</time>
   </trkpt>
   <trkpt lat="48.7244110" lon="2.2552080">
    <ele>88.5</ele>
    <time>2024-05-03T19:44:45Z</time>
   </trkpt>
   <trkpt lat="48.7243750" lon="2.2551730">
    <ele>88.6</ele>
    <time>2024-05-03T19:44:46Z</time>
   </trkpt>
   <trkpt lat="48.7243400" lon="2.2551390">
    <ele>88.8</ele>
    <time>2024-05-03T19:44:47Z</time>
   </trkpt>
   <trkpt lat="48.7243040" lon="2.2551030">
    <ele>88.9</ele>
    <time>2024-05-03T19:44:48Z</time>
   </trkpt>
   <trkpt lat="48.7242700" lon="2.2550670">
    <ele>89.1</ele>
    <time>2024-05-03T19:44:49Z</time>
   </trkpt>
   <trkpt lat="48.7242350" lon="2.2550340">
    <ele>89.2</ele>
    <time>2024-05-03T19:44:50Z</time>
   </trkpt>
   <trkpt lat="48.7241980" lon="2.2550030">
    <ele>89.3</ele>
    <time>2024-05-03T19:44:51Z</time>
   </trkpt>
   <trkpt lat="48.7241620" lon="2.2549720">
    <ele>89.4</ele>
    <time>2024-05-03T19:44:52Z</time>
   </trkpt>
   <trkpt lat="48.7241250" lon="2.2549420">
    <ele>89.6</ele>
    <time>2024-05-03T19:44:53Z</time>
   </trkpt>
   <trkpt lat="48.7240880" lon="2.2549130">
    <ele>89.8</ele>
    <time>2024-05-03T19:44:54Z</time>
   </trkpt>
   <trkpt lat="48.7240530" lon="2.2548870">
    <ele>90.0</ele>
    <time>2024-05-03T19:44:55Z</time>
   </trkpt>
   <trkpt lat="48.7240180" lon="2.2548610">
    <ele>90.1</ele>
    <time>2024-05-03T19:44:56Z</time>
   </trkpt>
   <trkpt lat="48.7239850" lon="2.2548320">
    <ele>90.3</ele>
    <time>2024-05-03T19:44:57Z</time>
   </trkpt>
   <trkpt lat="48.7239510" lon="2.2548040">
    <ele>90.5</ele>
    <time>2024-05-03T19:44:58Z</time>
   </trkpt>
   <trkpt lat="48.7239160" lon="2.2547770">
    <ele>90.7</ele>
    <time>2024-05-03T19:44:59Z</time>
   </trkpt>
   <trkpt lat="48.7238830" lon="2.2547460">
    <ele>90.8</ele>
    <time>2024-05-03T19:45:00Z</time>
   </trkpt>
   <trkpt lat="48.7238480" lon="2.2547180">
    <ele>91.0</ele>
    <time>2024-05-03T19:45:01Z</time>
   </trkpt>
   <trkpt lat="48.7238140" lon="2.2546900">
    <ele>91.2</ele>
    <time>2024-05-03T19:45:02Z</time>
   </trkpt>
   <trkpt lat="48.7237810" lon="2.2546620">
    <ele>91.4</ele>
    <time>2024-05-03T19:45:03Z</time>
   </trkpt>
   <trkpt lat="48.7237480" lon="2.2546340">
    <ele>91.5</ele>
    <time>2024-05-03T19:45:04Z</time>
   </trkpt>
   <trkpt lat="48.7237160" lon="2.2546090">
    <ele>91.6</ele>
    <time>2024-05-03T19:45:05Z</time>
   </trkpt>
   <trkpt lat="48.7236840" lon="2.2545840">
    <ele>91.7</ele>
    <time>2024-05-03T19:45:06Z</time>
   </trkpt>
   <trkpt lat="48.7236520" lon="2.2545580">
    <ele>91.8</ele>
    <time>2024-05-03T19:45:07Z</time>
   </trkpt>
   <trkpt lat="48.7236210" lon="2.2545340">
    <ele>91.9</ele>
    <time>2024-05-03T19:45:08Z</time>
   </trkpt>
   <trkpt lat="48.7235910" lon="2.2545070">
    <ele>92.0</ele>
    <time>2024-05-03T19:45:09Z</time>
   </trkpt>
   <trkpt lat="48.7235630" lon="2.2544790">
    <ele>92.1</ele>
    <time>2024-05-03T19:45:10Z</time>
   </trkpt>
   <trkpt lat="48.7235340" lon="2.2544560">
    <ele>92.2</ele>
    <time>2024-05-03T19:45:11Z</time>
   </trkpt>
   <trkpt lat="48.7235080" lon="2.2544350">
    <ele>92.2</ele>
    <time>2024-05-03T19:45:12Z</time>
   </trkpt>
   <trkpt lat="48.7234830" lon="2.2544160">
    <ele>92.3</ele>
    <time>2024-05-03T19:45:13Z</time>
   </trkpt>
   <trkpt lat="48.7234570" lon="2.2543980">
    <ele>92.3</ele>
    <time>2024-05-03T19:45:14Z</time>
   </trkpt>
   <trkpt lat="48.7234300" lon="2.2543790">
    <ele>92.4</ele>
    <time>2024-05-03T19:45:15Z</time>
   </trkpt>
   <trkpt lat="48.7234040" lon="2.2543580">
    <ele>92.4</ele>
    <time>2024-05-03T19:45:16Z</time>
   </trkpt>
   <trkpt lat="48.7233780" lon="2.2543370">
    <ele>92.5</ele>
    <time>2024-05-03T19:45:17Z</time>
   </trkpt>
   <trkpt lat="48.7233510" lon="2.2543150">
    <ele>92.5</ele>
    <time>2024-05-03T19:45:18Z</time>
   </trkpt>
   <trkpt lat="48.7233230" lon="2.2542960">
    <ele>92.6</ele>
    <time>2024-05-03T19:45:19Z</time>
   </trkpt>
   <trkpt lat="48.7232950" lon="2.2542760">
    <ele>92.6</ele>
    <time>2024-05-03T19:45:20Z</time>
   </trkpt>
   <trkpt lat="48.7232670" lon="2.2542520">
    <ele>92.6</ele>
    <time>2024-05-03T19:45:21Z</time>
   </trkpt>
   <trkpt lat="48.7232380" lon="2.2542280">
    <ele>92.6</ele>
    <time>2024-05-03T19:45:22Z</time>
   </trkpt>
   <trkpt lat="48.7232080" lon="2.2542030">
    <ele>92.7</ele>
    <time>2024-05-03T19:45:23Z</time>
   </trkpt>
   <trkpt lat="48.7231760" lon="2.2541800">
    <ele>92.7</ele>
    <time>2024-05-03T19:45:24Z</time>
   </trkpt>
   <trkpt lat="48.7231450" lon="2.2541570">
    <ele>92.7</ele>
    <time>2024-05-03T19:45:25Z</time>
   </trkpt>
   <trkpt lat="48.7231150" lon="2.2541330">
    <ele>92.7</ele>
    <time>2024-05-03T19:45:26Z</time>
   </trkpt>
   <trkpt lat="48.7230840" lon="2.2541090">
    <ele>92.7</ele>
    <time>2024-05-03T19:45:27Z</time>
   </trkpt>
   <trkpt lat="48.7230530" lon="2.2540840">
    <ele>92.7</ele>
    <time>2024-05-03T19:45:28Z</time>
   </trkpt>
   <trkpt lat="48.7230200" lon="2.2540560">
    <ele>92.7</ele>
    <time>2024-05-03T19:45:29Z</time>
   </trkpt>
   <trkpt lat="48.7229830" lon="2.2540260">
    <ele>92.6</ele>
    <time>2024-05-03T19:45:30Z</time>
   </trkpt>
   <trkpt lat="48.7229440" lon="2.2539960">
    <ele>92.6</ele>
    <time>2024-05-03T19:45:31Z</time>
   </trkpt>
   <trkpt lat="48.7229010" lon="2.2539600">
    <ele>92.5</ele>
    <time>2024-05-03T19:45:32Z</time>
   </trkpt>
   <trkpt lat="48.7228610" lon="2.2539260">
    <ele>92.5</ele>
    <time>2024-05-03T19:45:33Z</time>
   </trkpt>
   <trkpt lat="48.7228210" lon="2.2538940">
    <ele>92.4</ele>
    <time>2024-05-03T19:45:34Z</time>
   </trkpt>
   <trkpt lat="48.7227800" lon="2.2538580">
    <ele>92.3</ele>
    <time>2024-05-03T19:45:35Z</time>
   </trkpt>
   <trkpt lat="48.7227420" lon="2.2538240">
    <ele>92.3</ele>
    <time>2024-05-03T19:45:36Z</time>
   </trkpt>
   <trkpt lat="48.7227020" lon="2.2537840">
    <ele>92.2</ele>
    <time>2024-05-03T19:45:37Z</time>
   </trkpt>
   <trkpt lat="48.7226630" lon="2.2537430">
    <ele>92.1</ele>
    <time>2024-05-03T19:45:38Z</time>
   </trkpt>
   <trkpt lat="48.7226260" lon="2.2536990">
    <ele>92.1</ele>
    <time>2024-05-03T19:45:39Z</time>
   </trkpt>
   <trkpt lat="48.7225900" lon="2.2536500">
    <ele>92.0</ele>
    <time>2024-05-03T19:45:40Z</time>
   </trkpt>
   <trkpt lat="48.7225560" lon="2.2536010">
    <ele>91.9</ele>
    <time>2024-05-03T19:45:41Z</time>
   </trkpt>
   <trkpt lat="48.7225210" lon="2.2535520">
    <ele>91.9</ele>
    <time>2024-05-03T19:45:42Z</time>
   </trkpt>
   <trkpt lat="48.7224880" lon="2.2534970">
    <ele>91.8</ele>
    <time>2024-05-03T19:45:43Z</time>
   </trkpt>
   <trkpt lat="48.7224550" lon="2.2534400">
    <ele>91.8</ele>
    <time>2024-05-03T19:45:44Z</time>
   </trkpt>
   <trkpt lat="48.7224210" lon="2.2533800">
    <ele>91.7</ele>
    <time>2024-05-03T19:45:45Z</time>
   </trkpt>
   <trkpt lat="48.7223900" lon="2.2533190">
    <ele>91.7</ele>
    <time>2024-05-03T19:45:46Z</time>
   </trkpt>
   <trkpt lat="48.7223550" lon="2.2532620">
    <ele>91.7</ele>
    <time>2024-05-03T19:45:47Z</time>
   </trkpt>
   <trkpt lat="48.7223190" lon="2.2532080">
    <ele>91.7</ele>
    <time>2024-05-03T19:45:48Z</time>
   </trkpt>
   <trkpt lat="48.7222870" lon="2.2531520">
    <ele>91.7</ele>
    <time>2024-05-03T19:45:49Z</time>
   </trkpt>
   <trkpt lat="48.7222560" lon="2.2530910">
    <ele>91.7</ele>
    <time>2024-05-03T19:45:50Z</time>
   </trkpt>
   <trkpt lat="48.7222230" lon="2.2530300">
    <ele>91.7</ele>
    <time>2024-05-03T19:45:51Z</time>
   </trkpt>
   <trkpt lat="48.7221870" lon="2.2529690">
    <ele>91.7</ele>
    <time>2024-05-03T19:45:52Z</time>
   </trkpt>
   <trkpt lat="48.7221510" lon="2.2529100">
    <ele>91.7</ele>
    <time>2024-05-03T19:45:53Z</time>
   </trkpt>
   <trkpt lat="48.7221170" lon="2.2528490">
    <ele>91.8</ele>
    <time>2024-05-03T19:45:54Z</time>
   </trkpt>
   <trkpt lat="48.7220840" lon="2.2527880">
    <ele>91.9</ele>
    <time>2024-05-03T19:45:55Z</time>
   </trkpt>
   <trkpt lat="48.7220530" lon="2.2527280">
    <ele>92.0</ele>
    <time>2024-05-03T19:45:56Z</time>
   </trkpt>
   <trkpt lat="48.7220200" lon="2.2526690">
    <ele>92.1</ele>
    <time>2024-05-03T19:45:57Z</time>
   </trkpt>
   <trkpt lat="48.7219860" lon="2.2526150">
    <ele>92.2</ele>
    <time>2024-05-03T19:45:58Z</time>
   </trkpt>
   <trkpt lat="48.7219540" lon="2.2525620">
    <ele>92.3</ele>
    <time>2024-05-03T19:45:59Z</time>
   </trkpt>
   <trkpt lat="48.7219240" lon="2.2525070">
    <ele>92.5</ele>
    <time>2024-05-03T19:46:00Z</time>
   </trkpt>
   <trkpt lat="48.7218960" lon="2.2524470">
    <ele>92.7</ele>
    <time>2024-05-03T19:46:01Z</time>
   </trkpt>
   <trkpt lat="48.7218680" lon="2.2523980">
    <ele>92.8</ele>
    <time>2024-05-03T19:46:02Z</time>
   </trkpt>
   <trkpt lat="48.7218410" lon="2.2523520">
    <ele>93.0</ele>
    <time>2024-05-03T19:46:03Z</time>
   </trkpt>
   <trkpt lat="48.7218170" lon="2.2523070">
    <ele>93.2</ele>
    <time>2024-05-03T19:46:04Z</time>
   </trkpt>
   <trkpt lat="48.7217940" lon="2.2522620">
    <ele>93.4</ele>
    <time>2024-05-03T19:46:05Z</time>
   </trkpt>
   <trkpt lat="48.7217680" lon="2.2522180">
    <ele>93.6</ele>
    <time>2024-05-03T19:46:06Z</time>
   </trkpt>
   <trkpt lat="48.7217440" lon="2.2521750">
    <ele>93.8</ele>
    <time>2024-05-03T19:46:07Z</time>
   </trkpt>
   <trkpt lat="48.7217230" lon="2.2521340">
    <ele>94.0</ele>
    <time>2024-05-03T19:46:08Z</time>
   </trkpt>
   <trkpt lat="48.7217020" lon="2.2521010">
    <ele>94.2</ele>
    <time>2024-05-03T19:46:09Z</time>
   </trkpt>
   <trkpt lat="48.7216830" lon="2.2520660">
    <ele>94.4</ele>
    <time>2024-05-03T19:46:10Z</time>
   </trkpt>
   <trkpt lat="48.7216650" lon="2.2520320">
    <ele>94.6</ele>
    <time>2024-05-03T19:46:11Z</time>
   </trkpt>
   <trkpt lat="48.7216440" lon="2.2519950">
    <ele>94.8</ele>
    <time>2024-05-03T19:46:12Z</time>
   </trkpt>
   <trkpt lat="48.7216240" lon="2.2519560">
    <ele>95.0</ele>
    <time>2024-05-03T19:46:13Z</time>
   </trkpt>
   <trkpt lat="48.7216050" lon="2.2519170">
    <ele>95.2</ele>
    <time>2024-05-03T19:46:14Z</time>
   </trkpt>
   <trkpt lat="48.7215840" lon="2.2518790">
    <ele>95.4</ele>
    <time>2024-05-03T19:46:15Z</time>
   </trkpt>
   <trkpt lat="48.7215640" lon="2.2518400">
    <ele>95.6</ele>
    <time>2024-05-03T19:46:16Z</time>
   </trkpt>
   <trkpt lat="48.7215430" lon="2.2518020">
    <ele>95.8</ele>
    <time>2024-05-03T19:46:17Z</time>
   </trkpt>
   <trkpt lat="48.7215190" lon="2.2517660">
    <ele>96.0</ele>
    <time>2024-05-03T19:46:18Z</time>
   </trkpt>
   <trkpt lat="48.7214960" lon="2.2517290">
    <ele>96.3</ele>
    <time>2024-05-03T19:46:19Z</time>
   </trkpt>
   <trkpt lat="48.7214740" lon="2.2516940">
    <ele>96.5</ele>
    <time>2024-05-03T19:46:20Z</time>
   </trkpt>
   <trkpt lat="48.7214500" lon="2.2516600">
    <ele>96.7</ele>
    <time>2024-05-03T19:46:21Z</time>
   </trkpt>
   <trkpt lat="48.7214250" lon="2.2516270">
    <ele>96.9</ele>
    <time>2024-05-03T19:46:22Z</time>
   </trkpt>
   <trkpt lat="48.7214000" lon="2.2515940">
    <ele>97.2</ele>
    <time>2024-05-03T19:46:23Z</time>
   </trkpt>
   <trkpt lat="48.7213740" lon="2.2515640">
    <ele>97.4</ele>
    <time>2024-05-03T19:46:24Z</time>
   </trkpt>
   <trkpt lat="48.7213460" lon="2.2515400">
    <ele>97.6</ele>
    <time>2024-05-03T19:46:25Z</time>
   </trkpt>
   <trkpt lat="48.7213160" lon="2.2515210">
    <ele>97.8</ele>
    <time>2024-05-03T19:46:26Z</time>
   </trkpt>
   <trkpt lat="48.7212870" lon="2.2515030">
    <ele>98.0</ele>
    <time>2024-05-03T19:46:27Z</time>
   </trkpt>
   <trkpt lat="48.7212590" lon="2.2514860">
    <ele>98.2</ele>
    <time>2024-05-03T19:46:28Z</time>
   </trkpt>
   <trkpt lat="48.7212300" lon="2.2514750">
    <ele>98.3</ele>
    <time>2024-05-03T19:46:29Z</time>
   </trkpt>
   <trkpt lat="48.7211950" lon="2.2514670">
    <ele>98.5</ele>
    <time>2024-05-03T19:46:30Z</time>
   </trkpt>
   <trkpt lat="48.7211850" lon="2.2514660">
    <ele>98.5</ele>
    <time>2024-05-03T19:46:31Z</time>
   </trkpt>
   <trkpt lat="48.7211680" lon="2.2514580">
    <ele>98.6</ele>
    <time>2024-05-03T19:46:32Z</time>
   </trkpt>
   <trkpt lat="48.7211530" lon="2.2514430">
    <ele>98.7</ele>
    <time>2024-05-03T19:46:33Z</time>
   </trkpt>
   <trkpt lat="48.7211370" lon="2.2514340">
    <ele>98.7</ele>
    <time>2024-05-03T19:46:34Z</time>
   </trkpt>
   <trkpt lat="48.7211220" lon="2.2514220">
    <ele>98.7</ele>
    <time>2024-05-03T19:46:35Z</time>
   </trkpt>
   <trkpt lat="48.7211090" lon="2.2514050">
    <ele>98.7</ele>
    <time>2024-05-03T19:46:36Z</time>
   </trkpt>
   <trkpt lat="48.7210960" lon="2.2513970">
    <ele>98.8</ele>
    <time>2024-05-03T19:46:37Z</time>
   </trkpt>
   <trkpt lat="48.7210710" lon="2.2513880">
    <ele>98.7</ele>
    <time>2024-05-03T19:46:38Z</time>
   </trkpt>
   <trkpt lat="48.7210610" lon="2.2513850">
    <ele>98.7</ele>
    <time>2024-05-03T19:46:39Z</time>
   </trkpt>
   <trkpt lat="48.7210250" lon="2.2513720">
    <ele>98.7</ele>
    <time>2024-05-03T19:46:40Z</time>
   </trkpt>
   <trkpt lat="48.7210130" lon="2.2513680">
    <ele>98.7</ele>
    <time>2024-05-03T19:46:41Z</time>
   </trkpt>
   <trkpt lat="48.7209750" lon="2.2513550">
    <ele>98.7</ele>
    <time>2024-05-03T19:46:42Z</time>
   </trkpt>
   <trkpt lat="48.7209620" lon="2.2513510">
    <ele>98.6</ele>
    <time>2024-05-03T19:46:43Z</time>
   </trkpt>
   <trkpt lat="48.7209240" lon="2.2513370">
    <ele>98.6</ele>
    <time>2024-05-03T19:46:44Z</time>
   </trkpt>
   <trkpt lat="48.7209110" lon="2.2513320">
    <ele>98.6</ele>
    <time>2024-05-03T19:46:45Z</time>
   </trkpt>
   <trkpt lat="48.7208850" lon="2.2513230">
    <ele>98.6</ele>
    <time>2024-05-03T19:46:46Z</time>
   </trkpt>
   <trkpt lat="48.7208570" lon="2.2513120">
    <ele>98.5</ele>
    <time>2024-05-03T19:46:47Z</time>
   </trkpt>
   <trkpt lat="48.7208280" lon="2.2513010">
    <ele>98.5</ele>
    <time>2024-05-03T19:46:48Z</time>
   </trkpt>
   <trkpt lat="48.7207980" lon="2.2512890">
    <ele>98.4</ele>
    <time>2024-05-03T19:46:49Z</time>
   </trkpt>
   <trkpt lat="48.7207660" lon="2.2512760">
    <ele>98.3</ele>
    <time>2024-05-03T19:46:50Z</time>
   </trkpt>
   <trkpt lat="48.7207340" lon="2.2512640">
    <ele>98.3</ele>
    <time>2024-05-03T19:46:51Z</time>
   </trkpt>
   <trkpt lat="48.7207000" lon="2.2512500">
    <ele>98.2</ele>
    <time>2024-05-03T19:46:52Z</time>
   </trkpt>
   <trkpt lat="48.7206640" lon="2.2512350">
    <ele>98.1</ele>
    <time>2024-05-03T19:46:53Z</time>
   </trkpt>
   <trkpt lat="48.7206270" lon="2.2512220">
    <ele>98.0</ele>
    <time>2024-05-03T19:46:54Z</time>
   </trkpt>
   <trkpt lat="48.7205860" lon="2.2512100">
    <ele>97.8</ele>
    <time>2024-05-03T19:46:55Z</time>
   </trkpt>
   <trkpt lat="48.7205410" lon="2.2511950">
    <ele>97.6</ele>
    <time>2024-05-03T19:46:56Z</time>
   </trkpt>
   <trkpt lat="48.7204950" lon="2.2511740">
    <ele>97.4</ele>
    <time>2024-05-03T19:46:57Z</time>
   </trkpt>
   <trkpt lat="48.7204490" lon="2.2511430">
    <ele>97.1</ele>
    <time>2024-05-03T19:46:58Z</time>
   </trkpt>
   <trkpt lat="48.7204010" lon="2.2511060">
    <ele>96.8</ele>
    <time>2024-05-03T19:46:59Z</time>
   </trkpt>
   <trkpt lat="48.7203480" lon="2.2510730">
    <ele>96.6</ele>
    <time>2024-05-03T19:47:00Z</time>
   </trkpt>
   <trkpt lat="48.7202910" lon="2.2510490">
    <ele>96.3</ele>
    <time>2024-05-03T19:47:01Z</time>
   </trkpt>
   <trkpt lat="48.7202320" lon="2.2510280">
    <ele>96.1</ele>
    <time>2024-05-03T19:47:02Z</time>
   </trkpt>
   <trkpt lat="48.7201710" lon="2.2510000">
    <ele>95.9</ele>
    <time>2024-05-03T19:47:03Z</time>
   </trkpt>
   <trkpt lat="48.7201080" lon="2.2509720">
    <ele>95.6</ele>
    <time>2024-05-03T19:47:04Z</time>
   </trkpt>
   <trkpt lat="48.7200420" lon="2.2509500">
    <ele>95.5</ele>
    <time>2024-05-03T19:47:05Z</time>
   </trkpt>
   <trkpt lat="48.7199760" lon="2.2509210">
    <ele>95.4</ele>
    <time>2024-05-03T19:47:06Z</time>
   </trkpt>
   <trkpt lat="48.7199100" lon="2.2508940">
    <ele>95.3</ele>
    <time>2024-05-03T19:47:07Z</time>
   </trkpt>
   <trkpt lat="48.7198430" lon="2.2508710">
    <ele>95.3</ele>
    <time>2024-05-03T19:47:08Z</time>
   </trkpt>
   <trkpt lat="48.7197780" lon="2.2508350">
    <ele>95.2</ele>
    <time>2024-05-03T19:47:09Z</time>
   </trkpt>
   <trkpt lat="48.7197180" lon="2.2507910">
    <ele>95.1</ele>
    <time>2024-05-03T19:47:10Z</time>
   </trkpt>
   <trkpt lat="48.7196650" lon="2.2507370">
    <ele>95.0</ele>
    <time>2024-05-03T19:47:11Z</time>
   </trkpt>
   <trkpt lat="48.7196210" lon="2.2506750">
    <ele>95.0</ele>
    <time>2024-05-03T19:47:12Z</time>
   </trkpt>
   <trkpt lat="48.7195820" lon="2.2506100">
    <ele>95.0</ele>
    <time>2024-05-03T19:47:13Z</time>
   </trkpt>
   <trkpt lat="48.7195430" lon="2.2505490">
    <ele>94.9</ele>
    <time>2024-05-03T19:47:14Z</time>
   </trkpt>
   <trkpt lat="48.7195040" lon="2.2504920">
    <ele>94.9</ele>
    <time>2024-05-03T19:47:15Z</time>
   </trkpt>
   <trkpt lat="48.7194680" lon="2.2504350">
    <ele>94.9</ele>
    <time>2024-05-03T19:47:16Z</time>
   </trkpt>
   <trkpt lat="48.7194330" lon="2.2503810">
    <ele>94.9</ele>
    <time>2024-05-03T19:47:17Z</time>
   </trkpt>
   <trkpt lat="48.7193970" lon="2.2503300">
    <ele>94.9</ele>
    <time>2024-05-03T19:47:18Z</time>
   </trkpt>
   <trkpt lat="48.7193630" lon="2.2502790">
    <ele>94.9</ele>
    <time>2024-05-03T19:47:19Z</time>
   </trkpt>
   <trkpt lat="48.7193300" lon="2.2502340">
    <ele>94.9</ele>
    <time>2024-05-03T19:47:20Z</time>
   </trkpt>
   <trkpt lat="48.7192980" lon="2.2501870">
    <ele>94.9</ele>
    <time>2024-05-03T19:47:21Z</time>
   </trkpt>
   <trkpt lat="48.7192700" lon="2.2501410">
    <ele>94.8</ele>
    <time>2024-05-03T19:47:22Z</time>
   </trkpt>
   <trkpt lat="48.7192410" lon="2.2500960">
    <ele>94.8</ele>
    <time>2024-05-03T19:47:23Z</time>
   </trkpt>
   <trkpt lat="48.7192130" lon="2.2500560">
    <ele>94.8</ele>
    <time>2024-05-03T19:47:24Z</time>
   </trkpt>
   <trkpt lat="48.7191830" lon="2.2500160">
    <ele>94.8</ele>
    <time>2024-05-03T19:47:25Z</time>
   </trkpt>
   <trkpt lat="48.7191560" lon="2.2499770">
    <ele>94.7</ele>
    <time>2024-05-03T19:47:26Z</time>
   </trkpt>
   <trkpt lat="48.7191280" lon="2.2499380">
    <ele>94.7</ele>
    <time>2024-05-03T19:47:27Z</time>
   </trkpt>
   <trkpt lat="48.7191000" lon="2.2498980">
    <ele>94.7</ele>
    <time>2024-05-03T19:47:28Z</time>
   </trkpt>
   <trkpt lat="48.7190710" lon="2.2498600">
    <ele>94.7</ele>
    <time>2024-05-03T19:47:29Z</time>
   </trkpt>
   <trkpt lat="48.7190430" lon="2.2498190">
    <ele>94.6</ele>
    <time>2024-05-03T19:47:30Z</time>
   </trkpt>
   <trkpt lat="48.7190170" lon="2.2497780">
    <ele>94.6</ele>
    <time>2024-05-03T19:47:31Z</time>
   </trkpt>
   <trkpt lat="48.7189930" lon="2.2497400">
    <ele>94.6</ele>
    <time>2024-05-03T19:47:32Z</time>
   </trkpt>
   <trkpt lat="48.7189700" lon="2.2497080">
    <ele>94.5</ele>
    <time>2024-05-03T19:47:33Z</time>
   </trkpt>
   <trkpt lat="48.7189500" lon="2.2496800">
    <ele>94.5</ele>
    <time>2024-05-03T19:47:34Z</time>
   </trkpt>
   <trkpt lat="48.7189320" lon="2.2496450">
    <ele>94.4</ele>
    <time>2024-05-03T19:47:35Z</time>
   </trkpt>
   <trkpt lat="48.7189270" lon="2.2496360">
    <ele>94.4</ele>
    <time>2024-05-03T19:47:36Z</time>
   </trkpt>
   <trkpt lat="48.7189170" lon="2.2496190">
    <ele>94.4</ele>
    <time>2024-05-03T19:47:37Z</time>
   </trkpt>
   <trkpt lat="48.7189020" lon="2.2496040">
    <ele>94.4</ele>
    <time>2024-05-03T19:47:38Z</time>
   </trkpt>
   <trkpt lat="48.7188700" lon="2.2495670">
    <ele>94.3</ele>
    <time>2024-05-03T19:47:39Z</time>
   </trkpt>
   <trkpt lat="48.7188590" lon="2.2495520">
    <ele>94.2</ele>
    <time>2024-05-03T19:47:40Z</time>
   </trkpt>
   <trkpt lat="48.7188330" lon="2.2495200">
    <ele>94.1</ele>
    <time>2024-05-03T19:47:41Z</time>
   </trkpt>
   <trkpt lat="48.7188050" lon="2.2494870">
    <ele>94.0</ele>
    <time>2024-05-03T19:47:42Z</time>
   </trkpt>
   <trkpt lat="48.7187760" lon="2.2494510">
    <ele>93.9</ele>
    <time>2024-05-03T19:47:43Z</time>
   </trkpt>
   <trkpt lat="48.7187450" lon="2.2494120">
    <ele>93.8</ele>
    <time>2024-05-03T19:47:44Z</time>
   </trkpt>
   <trkpt lat="48.7187160" lon="2.2493640">
    <ele>93.5</ele>
    <time>2024-05-03T19:47:45Z</time>
   </trkpt>
   <trkpt lat="48.7186850" lon="2.2493020">
    <ele>93.2</ele>
    <time>2024-05-03T19:47:46Z</time>
   </trkpt>
   <trkpt lat="48.7186480" lon="2.2492450">
    <ele>92.9</ele>
    <time>2024-05-03T19:47:47Z</time>
   </trkpt>
   <trkpt lat="48.7186050" lon="2.2491860">
    <ele>92.6</ele>
    <time>2024-05-03T19:47:48Z</time>
   </trkpt>
   <trkpt lat="48.7185590" lon="2.2491220">
    <ele>92.2</ele>
    <time>2024-05-03T19:47:49Z</time>
   </trkpt>
   <trkpt lat="48.7185140" lon="2.2490570">
    <ele>91.9</ele>
    <time>2024-05-03T19:47:50Z</time>
   </trkpt>
   <trkpt lat="48.7184680" lon="2.2489840">
    <ele>91.5</ele>
    <time>2024-05-03T19:47:51Z</time>
   </trkpt>
   <trkpt lat="48.7184290" lon="2.2489050">
    <ele>91.2</ele>
    <time>2024-05-03T19:47:52Z</time>
   </trkpt>
   <trkpt lat="48.7183890" lon="2.2488260">
    <ele>91.0</ele>
    <time>2024-05-03T19:47:53Z</time>
   </trkpt>
   <trkpt lat="48.7183450" lon="2.2487500">
    <ele>90.7</ele>
    <time>2024-05-03T19:47:54Z</time>
   </trkpt>
   <trkpt lat="48.7182980" lon="2.2486750">
    <ele>90.4</ele>
    <time>2024-05-03T19:47:55Z</time>
   </trkpt>
   <trkpt lat="48.7182580" lon="2.2486080">
    <ele>90.2</ele>
    <time>2024-05-03T19:47:56Z</time>
   </trkpt>
   <trkpt lat="48.7182240" lon="2.2485460">
    <ele>89.9</ele>
    <time>2024-05-03T19:47:57Z</time>
   </trkpt>
   <trkpt lat="48.7181990" lon="2.2484990">
    <ele>89.7</ele>
    <time>2024-05-03T19:47:58Z</time>
   </trkpt>
   <trkpt lat="48.7181820" lon="2.2484670">
    <ele>89.5</ele>
    <time>2024-05-03T19:47:59Z</time>
   </trkpt>
   <trkpt lat="48.7181490" lon="2.2484230">
    <ele>89.3</ele>
    <time>2024-05-03T19:48:00Z</time>
   </trkpt>
   <trkpt lat="48.7181350" lon="2.2484070">
    <ele>89.2</ele>
    <time>2024-05-03T19:48:01Z</time>
   </trkpt>
   <trkpt lat="48.7181000" lon="2.2483760">
    <ele>89.1</ele>
    <time>2024-05-03T19:48:02Z</time>
   </trkpt>
   <trkpt lat="48.7180650" lon="2.2483430">
    <ele>89.0</ele>
    <time>2024-05-03T19:48:03Z</time>
   </trkpt>
   <trkpt lat="48.7180280" lon="2.2483030">
    <ele>89.0</ele>
    <time>2024-05-03T19:48:04Z</time>
   </trkpt>
   <trkpt lat="48.7179960" lon="2.2482590">
    <ele>88.9</ele>
    <time>2024-05-03T19:48:05Z</time>
   </trkpt>
   <trkpt lat="48.7179600" lon="2.2482180">
    <ele>88.7</ele>
    <time>2024-05-03T19:48:06Z</time>
   </trkpt>
   <trkpt lat="48.7179220" lon="2.2481780">
    <ele>88.6</ele>
    <time>2024-05-03T19:48:07Z</time>
   </trkpt>
   <trkpt lat="48.7178800" lon="2.2481350">
    <ele>88.5</ele>
    <time>2024-05-03T19:48:08Z</time>
   </trkpt>
   <trkpt lat="48.7178390" lon="2.2480930">
    <ele>88.3</ele>
    <time>2024-05-03T19:48:09Z</time>
   </trkpt>
   <trkpt lat="48.7177970" lon="2.2480500">
    <ele>88.2</ele>
    <time>2024-05-03T19:48:10Z</time>
   </trkpt>
   <trkpt lat="48.7177540" lon="2.2480070">
    <ele>88.1</ele>
    <time>2024-05-03T19:48:11Z</time>
   </trkpt>
   <trkpt lat="48.7177080" lon="2.2479670">
    <ele>88.0</ele>
    <time>2024-05-03T19:48:12Z</time>
   </trkpt>
   <trkpt lat="48.7176580" lon="2.2479310">
    <ele>87.9</ele>
    <time>2024-05-03T19:48:13Z</time>
   </trkpt>
   <trkpt lat="48.7176040" lon="2.2479000">
    <ele>87.7</ele>
    <time>2024-05-03T19:48:14Z</time>
   </trkpt>
   <trkpt lat="48.7175530" lon="2.2478630">
    <ele>87.6</ele>
    <time>2024-05-03T19:48:15Z</time>
   </trkpt>
   <trkpt lat="48.7175010" lon="2.2478390">
    <ele>87.5</ele>
    <time>2024-05-03T19:48:16Z</time>
   </trkpt>
   <trkpt lat="48.7174450" lon="2.2478230">
    <ele>87.3</ele>
    <time>2024-05-03T19:48:17Z</time>
   </trkpt>
   <trkpt lat="48.7173870" lon="2.2478010">
    <ele>87.2</ele>
    <time>2024-05-03T19:48:18Z</time>
   </trkpt>
   <trkpt lat="48.7173320" lon="2.2477670">
    <ele>87.0</ele>
    <time>2024-05-03T19:48:19Z</time>
   </trkpt>
   <trkpt lat="48.7172770" lon="2.2477320">
    <ele>86.8</ele>
    <time>2024-05-03T19:48:20Z</time>
   </trkpt>
   <trkpt lat="48.7172230" lon="2.2477010">
    <ele>86.7</ele>
    <time>2024-05-03T19:48:21Z</time>
   </trkpt>
   <trkpt lat="48.7171690" lon="2.2476630">
    <ele>86.6</ele>
    <time>2024-05-03T19:48:22Z</time>
   </trkpt>
   <trkpt lat="48.7171120" lon="2.2476280">
    <ele>86.5</ele>
    <time>2024-05-03T19:48:23Z</time>
   </trkpt>
   <trkpt lat="48.7170580" lon="2.2475880">
    <ele>86.4</ele>
    <time>2024-05-03T19:48:24Z</time>
   </trkpt>
   <trkpt lat="48.7170080" lon="2.2475420">
    <ele>86.3</ele>
    <time>2024-05-03T19:48:25Z</time>
   </trkpt>
   <trkpt lat="48.7169630" lon="2.2474960">
    <ele>86.2</ele>
    <time>2024-05-03T19:48:26Z</time>
   </trkpt>
   <trkpt lat="48.7169210" lon="2.2474560">
    <ele>86.2</ele>
    <time>2024-05-03T19:48:27Z</time>
   </trkpt>
   <trkpt lat="48.7168780" lon="2.2474150">
    <ele>86.1</ele>
    <time>2024-05-03T19:48:28Z</time>
   </trkpt>
   <trkpt lat="48.7168330" lon="2.2473740">
    <ele>86.0</ele>
    <time>2024-05-03T19:48:29Z</time>
   </trkpt>
   <trkpt lat="48.7167890" lon="2.2473290">
    <ele>85.9</ele>
    <time>2024-05-03T19:48:30Z</time>
   </trkpt>
   <trkpt lat="48.7167450" lon="2.2472880">
    <ele>85.8</ele>
    <time>2024-05-03T19:48:31Z</time>
   </trkpt>
   <trkpt lat="48.7167040" lon="2.2472460">
    <ele>85.8</ele>
    <time>2024-05-03T19:48:32Z</time>
   </trkpt>
   <trkpt lat="48.7166600" lon="2.2472000">
    <ele>85.7</ele>
    <time>2024-05-03T19:48:33Z</time>
   </trkpt>
   <trkpt lat="48.7166170" lon="2.2471570">
    <ele>85.6</ele>
    <time>2024-05-03T19:48:34Z</time>
   </trkpt>
   <trkpt lat="48.7165740" lon="2.2471150">
    <ele>85.6</ele>
    <time>2024-05-03T19:48:35Z</time>
   </trkpt>
   <trkpt lat="48.7165320" lon="2.2470740">
    <ele>85.5</ele>
    <time>2024-05-03T19:48:36Z</time>
   </trkpt>
   <trkpt lat="48.7164900" lon="2.2470360">
    <ele>85.4</ele>
    <time>2024-05-03T19:48:37Z</time>
   </trkpt>
   <trkpt lat="48.7164500" lon="2.2469980">
    <ele>85.3</ele>
    <time>2024-05-03T19:48:38Z</time>
   </trkpt>
   <trkpt lat="48.7164070" lon="2.2469620">
    <ele>85.3</ele>
    <time>2024-05-03T19:48:39Z</time>
   </trkpt>
   <trkpt lat="48.7163650" lon="2.2469220">
    <ele>85.2</ele>
    <time>2024-05-03T19:48:40Z</time>
   </trkpt>
   <trkpt lat="48.7163220" lon="2.2468800">
    <ele>85.2</ele>
    <time>2024-05-03T19:48:41Z</time>
   </trkpt>
   <trkpt lat="48.7162780" lon="2.2468500">
    <ele>85.1</ele>
    <time>2024-05-03T19:48:42Z</time>
   </trkpt>
   <trkpt lat="48.7162340" lon="2.2468240">
    <ele>85.1</ele>
    <time>2024-05-03T19:48:43Z</time>
   </trkpt>
   <trkpt lat="48.7161930" lon="2.2467900">
    <ele>85.0</ele>
    <time>2024-05-03T19:48:44Z</time>
   </trkpt>
   <trkpt lat="48.7161510" lon="2.2467490">
    <ele>85.0</ele>
    <time>2024-05-03T19:48:45Z</time>
   </trkpt>
   <trkpt lat="48.7161110" lon="2.2467060">
    <ele>85.0</ele>
    <time>2024-05-03T19:48:46Z</time>
   </trkpt>
   <trkpt lat="48.7160700" lon="2.2466650">
    <ele>84.9</ele>
    <time>2024-05-03T19:48:47Z</time>
   </trkpt>
   <trkpt lat="48.7160280" lon="2.2466230">
    <ele>84.9</ele>
    <time>2024-05-03T19:48:48Z</time>
   </trkpt>
   <trkpt lat="48.7159840" lon="2.2465800">
    <ele>84.9</ele>
    <time>2024-05-03T19:48:49Z</time>
   </trkpt>
   <trkpt lat="48.7159370" lon="2.2465420">
    <ele>84.9</ele>
    <time>2024-05-03T19:48:50Z</time>
   </trkpt>
   <trkpt lat="48.7158910" lon="2.2465090">
    <ele>84.8</ele>
    <time>2024-05-03T19:48:51Z</time>
   </trkpt>
   <trkpt lat="48.7158470" lon="2.2464730">
    <ele>84.8</ele>
    <time>2024-05-03T19:48:52Z</time>
   </trkpt>
   <trkpt lat="48.7158020" lon="2.2464430">
    <ele>84.8</ele>
    <time>2024-05-03T19:48:53Z</time>
   </trkpt>
   <trkpt lat="48.7157570" lon="2.2464150">
    <ele>84.8</ele>
    <time>2024-05-03T19:48:54Z</time>
   </trkpt>
   <trkpt lat="48.7157090" lon="2.2463840">
    <ele>84.8</ele>
    <time>2024-05-03T19:48:55Z</time>
   </trkpt>
   <trkpt lat="48.7156620" lon="2.2463520">
    <ele>84.8</ele>
    <time>2024-05-03T19:48:56Z</time>
   </trkpt>
   <trkpt lat="48.7156150" lon="2.2463160">
    <ele>84.8</ele>
    <time>2024-05-03T19:48:57Z</time>
   </trkpt>
   <trkpt lat="48.7155680" lon="2.2462800">
    <ele>84.8</ele>
    <time>2024-05-03T19:48:58Z</time>
   </trkpt>
   <trkpt lat="48.7155180" lon="2.2462460">
    <ele>84.8</ele>
    <time>2024-05-03T19:48:59Z</time>
   </trkpt>
   <trkpt lat="48.7154680" lon="2.2462100">
    <ele>84.8</ele>
    <time>2024-05-03T19:49:00Z</time>
   </trkpt>
   <trkpt lat="48.7154190" lon="2.2461790">
    <ele>84.8</ele>
    <time>2024-05-03T19:49:01Z</time>
   </trkpt>
   <trkpt lat="48.7153720" lon="2.2461460">
    <ele>84.9</ele>
    <time>2024-05-03T19:49:02Z</time>
   </trkpt>
   <trkpt lat="48.7153280" lon="2.2461160">
    <ele>85.0</ele>
    <time>2024-05-03T19:49:03Z</time>
   </trkpt>
   <trkpt lat="48.7152870" lon="2.2460860">
    <ele>85.1</ele>
    <time>2024-05-03T19:49:04Z</time>
   </trkpt>
   <trkpt lat="48.7152480" lon="2.2460550">
    <ele>85.2</ele>
    <time>2024-05-03T19:49:05Z</time>
   </trkpt>
   <trkpt lat="48.7152070" lon="2.2460300">
    <ele>85.3</ele>
    <time>2024-05-03T19:49:06Z</time>
   </trkpt>
   <trkpt lat="48.7151660" lon="2.2460060">
    <ele>85.4</ele>
    <time>2024-05-03T19:49:07Z</time>
   </trkpt>
   <trkpt lat="48.7151240" lon="2.2459830">
    <ele>85.5</ele>
    <time>2024-05-03T19:49:08Z</time>
   </trkpt>
   <trkpt lat="48.7150890" lon="2.2459490">
    <ele>85.6</ele>
    <time>2024-05-03T19:49:09Z</time>
   </trkpt>
   <trkpt lat="48.7150590" lon="2.2459050">
    <ele>85.8</ele>
    <time>2024-05-03T19:49:10Z</time>
   </trkpt>
   <trkpt lat="48.7150310" lon="2.2458640">
    <ele>85.9</ele>
    <time>2024-05-03T19:49:11Z</time>
   </trkpt>
   <trkpt lat="48.7150040" lon="2.2458290">
    <ele>86.0</ele>
    <time>2024-05-03T19:49:12Z</time>
   </trkpt>
   <trkpt lat="48.7149800" lon="2.2457930">
    <ele>86.1</ele>
    <time>2024-05-03T19:49:13Z</time>
   </trkpt>
   <trkpt lat="48.7149580" lon="2.2457640">
    <ele>86.2</ele>
    <time>2024-05-03T19:49:14Z</time>
   </trkpt>
   <trkpt lat="48.7149280" lon="2.2457310">
    <ele>86.3</ele>
    <time>2024-05-03T19:49:15Z</time>
   </trkpt>
   <trkpt lat="48.7149180" lon="2.2457230">
    <ele>86.3</ele>
    <time>2024-05-03T19:49:16Z</time>
   </trkpt>
   <trkpt lat="48.7149030" lon="2.2457090">
    <ele>86.3</ele>
    <time>2024-05-03T19:49:17Z</time>
   </trkpt>
   <trkpt lat="48.7148930" lon="2.2456890">
    <ele>86.4</ele>
    <time>2024-05-03T19:49:18Z</time>
   </trkpt>
   <trkpt lat="48.7148800" lon="2.2456750">
    <ele>86.4</ele>
    <time>2024-05-03T19:49:19Z</time>
   </trkpt>
   <trkpt lat="48.7148640" lon="2.2456630">
    <ele>86.5</ele>
    <time>2024-05-03T19:49:20Z</time>
   </trkpt>
   <trkpt lat="48.7148410" lon="2.2456350">
    <ele>86.6</ele>
    <time>2024-05-03T19:49:21Z</time>
   </trkpt>
   <trkpt lat="48.7148340" lon="2.2456250">
    <ele>86.6</ele>
    <time>2024-05-03T19:49:22Z</time>
   </trkpt>
   <trkpt lat="48.7148100" lon="2.2456020">
    <ele>86.7</ele>
    <time>2024-05-03T19:49:23Z</time>
   </trkpt>
   <trkpt lat="48.7148030" lon="2.2455940">
    <ele>86.7</ele>
    <time>2024-05-03T19:49:24Z</time>
   </trkpt>
   <trkpt lat="48.7147880" lon="2.2455790">
    <ele>86.8</ele>
    <time>2024-05-03T19:49:25Z</time>
   </trkpt>
   <trkpt lat="48.7147750" lon="2.2455670">
    <ele>86.8</ele>
    <time>2024-05-03T19:49:26Z</time>
   </trkpt>
   <trkpt lat="48.7147620" lon="2.2455540">
    <ele>86.8</ele>
    <time>2024-05-03T19:49:27Z</time>
   </trkpt>
   <trkpt lat="48.7147490" lon="2.2455450">
    <ele>86.9</ele>
    <time>2024-05-03T19:49:28Z</time>
   </trkpt>
   <trkpt lat="48.7147350" lon="2.2455310">
    <ele>86.9</ele>
    <time>2024-05-03T19:49:29Z</time>
   </trkpt>
   <trkpt lat="48.7147230" lon="2.2455130">
    <ele>86.9</ele>
    <time>2024-05-03T19:49:30Z</time>
   </trkpt>
   <trkpt lat="48.7147110" lon="2.2454980">
    <ele>87.0</ele>
    <time>2024-05-03T19:49:31Z</time>
   </trkpt>
   <trkpt lat="48.7146970" lon="2.2454820">
    <ele>87.0</ele>
    <time>2024-05-03T19:49:32Z</time>
   </trkpt>
   <trkpt lat="48.7146740" lon="2.2454530">
    <ele>87.1</ele>
    <time>2024-05-03T19:49:33Z</time>
   </trkpt>
   <trkpt lat="48.7146660" lon="2.2454420">
    <ele>87.1</ele>
    <time>2024-05-03T19:49:34Z</time>
   </trkpt>
   <trkpt lat="48.7146420" lon="2.2454020">
    <ele>87.2</ele>
    <time>2024-05-03T19:49:35Z</time>
   </trkpt>
   <trkpt lat="48.7146330" lon="2.2453900">
    <ele>87.2</ele>
    <time>2024-05-03T19:49:36Z</time>
   </trkpt>
   <trkpt lat="48.7146050" lon="2.2453590">
    <ele>87.2</ele>
    <time>2024-05-03T19:49:37Z</time>
   </trkpt>
   <trkpt lat="48.7145950" lon="2.2453490">
    <ele>87.2</ele>
    <time>2024-05-03T19:49:38Z</time>
   </trkpt>
   <trkpt lat="48.7145700" lon="2.2453110">
    <ele>87.3</ele>
    <time>2024-05-03T19:49:39Z</time>
   </trkpt>
   <trkpt lat="48.7145610" lon="2.2452980">
    <ele>87.3</ele>
    <time>2024-05-03T19:49:40Z</time>
   </trkpt>
   <trkpt lat="48.7145300" lon="2.2452590">
    <ele>87.3</ele>
    <time>2024-05-03T19:49:41Z</time>
   </trkpt>
   <trkpt lat="48.7145180" lon="2.2452460">
    <ele>87.3</ele>
    <time>2024-05-03T19:49:42Z</time>
   </trkpt>
   <trkpt lat="48.7144970" lon="2.2452160">
    <ele>87.3</ele>
    <time>2024-05-03T19:49:43Z</time>
   </trkpt>
   <trkpt lat="48.7144760" lon="2.2451850">
    <ele>87.3</ele>
    <time>2024-05-03T19:49:44Z</time>
   </trkpt>
   <trkpt lat="48.7144530" lon="2.2451600">
    <ele>87.3</ele>
    <time>2024-05-03T19:49:45Z</time>
   </trkpt>
   <trkpt lat="48.7144280" lon="2.2451370">
    <ele>87.3</ele>
    <time>2024-05-03T19:49:46Z</time>
   </trkpt>
   <trkpt lat="48.7144040" lon="2.2451080">
    <ele>87.2</ele>
    <time>2024-05-03T19:49:47Z</time>
   </trkpt>
   <trkpt lat="48.7143790" lon="2.2450730">
    <ele>87.2</ele>
    <time>2024-05-03T19:49:48Z</time>
   </trkpt>
   <trkpt lat="48.7143480" lon="2.2450390">
    <ele>87.1</ele>
    <time>2024-05-03T19:49:49Z</time>
   </trkpt>
   <trkpt lat="48.7143120" lon="2.2450080">
    <ele>87.0</ele>
    <time>2024-05-03T19:49:50Z</time>
   </trkpt>
   <trkpt lat="48.7142750" lon="2.2449730">
    <ele>86.9</ele>
    <time>2024-05-03T19:49:51Z</time>
   </trkpt>
   <trkpt lat="48.7142350" lon="2.2449320">
    <ele>86.8</ele>
    <time>2024-05-03T19:49:52Z</time>
   </trkpt>
   <trkpt lat="48.7141970" lon="2.2448900">
    <ele>86.7</ele>
    <time>2024-05-03T19:49:53Z</time>
   </trkpt>
   <trkpt lat="48.7141550" lon="2.2448480">
    <ele>86.5</ele>
    <time>2024-05-03T19:49:54Z</time>
   </trkpt>
   <trkpt lat="48.7141100" lon="2.2448090">
    <ele>86.2</ele>
    <time>2024-05-03T19:49:55Z</time>
   </trkpt>
   <trkpt lat="48.7140630" lon="2.2447670">
    <ele>86.0</ele>
    <time>2024-05-03T19:49:56Z</time>
   </trkpt>
   <trkpt lat="48.7140150" lon="2.2447240">
    <ele>85.7</ele>
    <time>2024-05-03T19:49:57Z</time>
   </trkpt>
   <trkpt lat="48.7139630" lon="2.2446870">
    <ele>85.4</ele>
    <time>2024-05-03T19:49:58Z</time>
   </trkpt>
   <trkpt lat="48.7139130" lon="2.2446520">
    <ele>85.2</ele>
    <time>2024-05-03T19:49:59Z</time>
   </trkpt>
   <trkpt lat="48.7138680" lon="2.2446100">
    <ele>84.9</ele>
    <time>2024-05-03T19:50:00Z</time>
   </trkpt>
   <trkpt lat="48.7138270" lon="2.2445780">
    <ele>84.7</ele>
    <time>2024-05-03T19:50:01Z</time>
   </trkpt>
   <trkpt lat="48.7137860" lon="2.2445470">
    <ele>84.5</ele>
    <time>2024-05-03T19:50:02Z</time>
   </trkpt>
   <trkpt lat="48.7137360" lon="2.2445260">
    <ele>84.3</ele>
    <time>2024-05-03T19:50:03Z</time>
   </trkpt>
   <trkpt lat="48.7136810" lon="2.2444990">
    <ele>83.9</ele>
    <time>2024-05-03T19:50:04Z</time>
   </trkpt>
   <trkpt lat="48.7136230" lon="2.2444690">
    <ele>83.5</ele>
    <time>2024-05-03T19:50:05Z</time>
   </trkpt>
   <trkpt lat="48.7135660" lon="2.2444290">
    <ele>83.2</ele>
    <time>2024-05-03T19:50:06Z</time>
   </trkpt>
   <trkpt lat="48.7135070" lon="2.2443920">
    <ele>82.8</ele>
    <time>2024-05-03T19:50:07Z</time>
   </trkpt>
   <trkpt lat="48.7134460" lon="2.2443590">
    <ele>82.4</ele>
    <time>2024-05-03T19:50:08Z</time>
   </trkpt>
   <trkpt lat="48.7133840" lon="2.2443250">
    <ele>82.1</ele>
    <time>2024-05-03T19:50:09Z</time>
   </trkpt>
   <trkpt lat="48.7133190" lon="2.2442930">
    <ele>81.7</ele>
    <time>2024-05-03T19:50:10Z</time>
   </trkpt>
   <trkpt lat="48.7132590" lon="2.2442630">
    <ele>81.3</ele>
    <time>2024-05-03T19:50:11Z</time>
   </trkpt>
   <trkpt lat="48.7132040" lon="2.2442340">
    <ele>81.1</ele>
    <time>2024-05-03T19:50:12Z</time>
   </trkpt>
   <trkpt lat="48.7131530" lon="2.2441970">
    <ele>80.9</ele>
    <time>2024-05-03T19:50:13Z</time>
   </trkpt>
   <trkpt lat="48.7131060" lon="2.2441550">
    <ele>80.7</ele>
    <time>2024-05-03T19:50:14Z</time>
   </trkpt>
   <trkpt lat="48.7130550" lon="2.2441150">
    <ele>80.4</ele>
    <time>2024-05-03T19:50:15Z</time>
   </trkpt>
   <trkpt lat="48.7130020" lon="2.2440710">
    <ele>80.1</ele>
    <time>2024-05-03T19:50:16Z</time>
   </trkpt>
   <trkpt lat="48.7129450" lon="2.2440290">
    <ele>79.8</ele>
    <time>2024-05-03T19:50:17Z</time>
   </trkpt>
   <trkpt lat="48.7128870" lon="2.2439830">
    <ele>79.6</ele>
    <time>2024-05-03T19:50:18Z</time>
   </trkpt>
   <trkpt lat="48.7128320" lon="2.2439330">
    <ele>79.3</ele>
    <time>2024-05-03T19:50:19Z</time>
   </trkpt>
   <trkpt lat="48.7127760" lon="2.2438790">
    <ele>79.1</ele>
    <time>2024-05-03T19:50:20Z</time>
   </trkpt>
   <trkpt lat="48.7127240" lon="2.2438230">
    <ele>78.9</ele>
    <time>2024-05-03T19:50:21Z</time>
   </trkpt>
   <trkpt lat="48.7126720" lon="2.2437680">
    <ele>78.7</ele>
    <time>2024-05-03T19:50:22Z</time>
   </trkpt>
   <trkpt lat="48.7126210" lon="2.2437080">
    <ele>78.5</ele>
    <time>2024-05-03T19:50:23Z</time>
   </trkpt>
   <trkpt lat="48.7125670" lon="2.2436520">
    <ele>78.2</ele>
    <time>2024-05-03T19:50:24Z</time>
   </trkpt>
   <trkpt lat="48.7125120" lon="2.2436000">
    <ele>78.0</ele>
    <time>2024-05-03T19:50:25Z</time>
   </trkpt>
   <trkpt lat="48.7124550" lon="2.2435450">
    <ele>77.7</ele>
    <time>2024-05-03T19:50:26Z</time>
   </trkpt>
   <trkpt lat="48.7124020" lon="2.2434860">
    <ele>77.5</ele>
    <time>2024-05-03T19:50:27Z</time>
   </trkpt>
   <trkpt lat="48.7123440" lon="2.2434330">
    <ele>77.2</ele>
    <time>2024-05-03T19:50:28Z</time>
   </trkpt>
   <trkpt lat="48.7122900" lon="2.2433880">
    <ele>77.0</ele>
    <time>2024-05-03T19:50:29Z</time>
   </trkpt>
   <trkpt lat="48.7122340" lon="2.2433490">
    <ele>76.7</ele>
    <time>2024-05-03T19:50:30Z</time>
   </trkpt>
   <trkpt lat="48.7121740" lon="2.2433090">
    <ele>76.4</ele>
    <time>2024-05-03T19:50:31Z</time>
   </trkpt>
   <trkpt lat="48.7121150" lon="2.2432720">
    <ele>76.2</ele>
    <time>2024-05-03T19:50:32Z</time>
   </trkpt>
   <trkpt lat="48.7120490" lon="2.2432420">
    <ele>75.8</ele>
    <time>2024-05-03T19:50:33Z</time>
   </trkpt>
   <trkpt lat="48.7119810" lon="2.2432080">
    <ele>75.5</ele>
    <time>2024-05-03T19:50:34Z</time>
   </trkpt>
   <trkpt lat="48.7119160" lon="2.2431670">
    <ele>75.1</ele>
    <time>2024-05-03T19:50:35Z</time>
   </trkpt>
   <trkpt lat="48.7118530" lon="2.2431270">
    <ele>74.7</ele>
    <time>2024-05-03T19:50:36Z</time>
   </trkpt>
   <trkpt lat="48.7117910" lon="2.2430820">
    <ele>74.3</ele>
    <time>2024-05-03T19:50:37Z</time>
   </trkpt>
   <trkpt lat="48.7117340" lon="2.2430170">
    <ele>73.8</ele>
    <time>2024-05-03T19:50:38Z</time>
   </trkpt>
   <trkpt lat="48.7116760" lon="2.2429480">
    <ele>73.4</ele>
    <time>2024-05-03T19:50:39Z</time>
   </trkpt>
   <trkpt lat="48.7116150" lon="2.2428790">
    <ele>73.0</ele>
    <time>2024-05-03T19:50:40Z</time>
   </trkpt>
   <trkpt lat="48.7115510" lon="2.2428120">
    <ele>72.5</ele>
    <time>2024-05-03T19:50:41Z</time>
   </trkpt>
   <trkpt lat="48.7114850" lon="2.2427460">
    <ele>72.1</ele>
    <time>2024-05-03T19:50:42Z</time>
   </trkpt>
   <trkpt lat="48.7114190" lon="2.2426830">
    <ele>71.7</ele>
    <time>2024-05-03T19:50:43Z</time>
   </trkpt>
   <trkpt lat="48.7113540" lon="2.2426100">
    <ele>71.3</ele>
    <time>2024-05-03T19:50:44Z</time>
   </trkpt>
   <trkpt lat="48.7112900" lon="2.2425360">
    <ele>70.8</ele>
    <time>2024-05-03T19:50:45Z</time>
   </trkpt>
   <trkpt lat="48.7112280" lon="2.2424550">
    <ele>70.4</ele>
    <time>2024-05-03T19:50:46Z</time>
   </trkpt>
   <trkpt lat="48.7111660" lon="2.2423730">
    <ele>70.0</ele>
    <time>2024-05-03T19:50:47Z</time>
   </trkpt>
   <trkpt lat="48.7111030" lon="2.2422920">
    <ele>69.8</ele>
    <time>2024-05-03T19:50:48Z</time>
   </trkpt>
   <trkpt lat="48.7110370" lon="2.2422150">
    <ele>69.5</ele>
    <time>2024-05-03T19:50:49Z</time>
   </trkpt>
   <trkpt lat="48.7109720" lon="2.2421360">
    <ele>69.3</ele>
    <time>2024-05-03T19:50:50Z</time>
   </trkpt>
   <trkpt lat="48.7109030" lon="2.2420660">
    <ele>69.0</ele>
    <time>2024-05-03T19:50:51Z</time>
   </trkpt>
   <trkpt lat="48.7108330" lon="2.2419990">
    <ele>68.8</ele>
    <time>2024-05-03T19:50:52Z</time>
   </trkpt>
   <trkpt lat="48.7107630" lon="2.2419350">
    <ele>68.5</ele>
    <time>2024-05-03T19:50:53Z</time>
   </trkpt>
   <trkpt lat="48.7106940" lon="2.2418690">
    <ele>68.3</ele>
    <time>2024-05-03T19:50:54Z</time>
   </trkpt>
   <trkpt lat="48.7106250" lon="2.2418050">
    <ele>68.0</ele>
    <time>2024-05-03T19:50:55Z</time>
   </trkpt>
   <trkpt lat="48.7105560" lon="2.2417440">
    <ele>67.7</ele>
    <time>2024-05-03T19:50:56Z</time>
   </trkpt>
   <trkpt lat="48.7104870" lon="2.2416800">
    <ele>67.5</ele>
    <time>2024-05-03T19:50:57Z</time>
   </trkpt>
   <trkpt lat="48.7104170" lon="2.2416200">
    <ele>67.3</ele>
    <time>2024-05-03T19:50:58Z</time>
   </trkpt>
   <trkpt lat="48.7103490" lon="2.2415590">
    <ele>67.0</ele>
    <time>2024-05-03T19:50:59Z</time>
   </trkpt>
   <trkpt lat="48.7102830" lon="2.2414970">
    <ele>66.7</ele>
    <time>2024-05-03T19:51:00Z</time>
   </trkpt>
   <trkpt lat="48.7102150" lon="2.2414360">
    <ele>66.4</ele>
    <time>2024-05-03T19:51:01Z</time>
   </trkpt>
   <trkpt lat="48.7101460" lon="2.2413750">
    <ele>66.1</ele>
    <time>2024-05-03T19:51:02Z</time>
   </trkpt>
   <trkpt lat="48.7100770" lon="2.2413120">
    <ele>65.8</ele>
    <time>2024-05-03T19:51:03Z</time>
   </trkpt>
   <trkpt lat="48.7100100" lon="2.2412540">
    <ele>65.6</ele>
    <time>2024-05-03T19:51:04Z</time>
   </trkpt>
   <trkpt lat="48.7099410" lon="2.2411960">
    <ele>65.3</ele>
    <time>2024-05-03T19:51:05Z</time>
   </trkpt>
   <trkpt lat="48.7098720" lon="2.2411340">
    <ele>65.1</ele>
    <time>2024-05-03T19:51:06Z</time>
   </trkpt>
   <trkpt lat="48.7098030" lon="2.2410750">
    <ele>65.0</ele>
    <time>2024-05-03T19:51:07Z</time>
   </trkpt>
   <trkpt lat="48.7097360" lon="2.2410210">
    <ele>64.9</ele>
    <time>2024-05-03T19:51:08Z</time>
   </trkpt>
   <trkpt lat="48.7096700" lon="2.2409680">
    <ele>64.8</ele>
    <time>2024-05-03T19:51:09Z</time>
   </trkpt>
   <trkpt lat="48.7096070" lon="2.2409230">
    <ele>64.9</ele>
    <time>2024-05-03T19:51:10Z</time>
   </trkpt>
   <trkpt lat="48.7095490" lon="2.2408770">
    <ele>64.9</ele>
    <time>2024-05-03T19:51:11Z</time>
   </trkpt>
   <trkpt lat="48.7094980" lon="2.2408280">
    <ele>65.0</ele>
    <time>2024-05-03T19:51:12Z</time>
   </trkpt>
   <trkpt lat="48.7094440" lon="2.2407890">
    <ele>65.1</ele>
    <time>2024-05-03T19:51:13Z</time>
   </trkpt>
   <trkpt lat="48.7093950" lon="2.2407590">
    <ele>65.2</ele>
    <time>2024-05-03T19:51:14Z</time>
   </trkpt>
   <trkpt lat="48.7093500" lon="2.2407300">
    <ele>65.2</ele>
    <time>2024-05-03T19:51:15Z</time>
   </trkpt>
   <trkpt lat="48.7093030" lon="2.2407020">
    <ele>65.2</ele>
    <time>2024-05-03T19:51:16Z</time>
   </trkpt>
   <trkpt lat="48.7092550" lon="2.2406900">
    <ele>65.2</ele>
    <time>2024-05-03T19:51:17Z</time>
   </trkpt>
   <trkpt lat="48.7092070" lon="2.2406770">
    <ele>65.2</ele>
    <time>2024-05-03T19:51:18Z</time>
   </trkpt>
   <trkpt lat="48.7091580" lon="2.2406620">
    <ele>65.2</ele>
    <time>2024-05-03T19:51:19Z</time>
   </trkpt>
   <trkpt lat="48.7091080" lon="2.2406460">
    <ele>65.3</ele>
    <time>2024-05-03T19:51:20Z</time>
   </trkpt>
   <trkpt lat="48.7090580" lon="2.2406340">
    <ele>65.4</ele>
    <time>2024-05-03T19:51:21Z</time>
   </trkpt>
   <trkpt lat="48.7090110" lon="2.2406250">
    <ele>65.5</ele>
    <time>2024-05-03T19:51:22Z</time>
   </trkpt>
   <trkpt lat="48.7089640" lon="2.2406090">
    <ele>65.6</ele>
    <time>2024-05-03T19:51:23Z</time>
   </trkpt>
   <trkpt lat="48.7089200" lon="2.2405960">
    <ele>65.7</ele>
    <time>2024-05-03T19:51:24Z</time>
   </trkpt>
   <trkpt lat="48.7088800" lon="2.2405860">
    <ele>65.8</ele>
    <time>2024-05-03T19:51:25Z</time>
   </trkpt>
   <trkpt lat="48.7088360" lon="2.2405730">
    <ele>65.9</ele>
    <time>2024-05-03T19:51:26Z</time>
   </trkpt>
   <trkpt lat="48.7087930" lon="2.2405530">
    <ele>66.0</ele>
    <time>2024-05-03T19:51:27Z</time>
   </trkpt>
   <trkpt lat="48.7087510" lon="2.2405410">
    <ele>66.1</ele>
    <time>2024-05-03T19:51:28Z</time>
   </trkpt>
   <trkpt lat="48.7087120" lon="2.2405300">
    <ele>66.3</ele>
    <time>2024-05-03T19:51:29Z</time>
   </trkpt>
   <trkpt lat="48.7086740" lon="2.2405190">
    <ele>66.4</ele>
    <time>2024-05-03T19:51:30Z</time>
   </trkpt>
   <trkpt lat="48.7086360" lon="2.2405020">
    <ele>66.5</ele>
    <time>2024-05-03T19:51:31Z</time>
   </trkpt>
   <trkpt lat="48.7086000" lon="2.2404790">
    <ele>66.7</ele>
    <time>2024-05-03T19:51:32Z</time>
   </trkpt>
   <trkpt lat="48.7085660" lon="2.2404600">
    <ele>66.8</ele>
    <time>2024-05-03T19:51:33Z</time>
   </trkpt>
   <trkpt lat="48.7085340" lon="2.2404380">
    <ele>67.0</ele>
    <time>2024-05-03T19:51:34Z</time>
   </trkpt>
   <trkpt lat="48.7084990" lon="2.2404140">
    <ele>67.1</ele>
    <time>2024-05-03T19:51:35Z</time>
   </trkpt>
   <trkpt lat="48.7084640" lon="2.2403920">
    <ele>67.3</ele>
    <time>2024-05-03T19:51:36Z</time>
   </trkpt>
   <trkpt lat="48.7084300" lon="2.2403680">
    <ele>67.5</ele>
    <time>2024-05-03T19:51:37Z</time>
   </trkpt>
   <trkpt lat="48.7083970" lon="2.2403420">
    <ele>67.6</ele>
    <time>2024-05-03T19:51:38Z</time>
   </trkpt>
   <trkpt lat="48.7083630" lon="2.2403170">
    <ele>67.8</ele>
    <time>2024-05-03T19:51:39Z</time>
   </trkpt>
   <trkpt lat="48.7083290" lon="2.2402940">
    <ele>68.0</ele>
    <time>2024-05-03T19:51:40Z</time>
   </trkpt>
   <trkpt lat="48.7082940" lon="2.2402740">
    <ele>68.1</ele>
    <time>2024-05-03T19:51:41Z</time>
   </trkpt>
   <trkpt lat="48.7082600" lon="2.2402500">
    <ele>68.3</ele>
    <time>2024-05-03T19:51:42Z</time>
   </trkpt>
   <trkpt lat="48.7082250" lon="2.2402290">
    <ele>68.5</ele>
    <time>2024-05-03T19:51:43Z</time>
   </trkpt>
   <trkpt lat="48.7081900" lon="2.2402100">
    <ele>68.6</ele>
    <time>2024-05-03T19:51:44Z</time>
   </trkpt>
   <trkpt lat="48.7081550" lon="2.2401880">
    <ele>68.8</ele>
    <time>2024-05-03T19:51:45Z</time>
   </trkpt>
   <trkpt lat="48.7081200" lon="2.2401660">
    <ele>68.9</ele>
    <time>2024-05-03T19:51:46Z</time>
   </trkpt>
   <trkpt lat="48.7080860" lon="2.2401420">
    <ele>69.1</ele>
    <time>2024-05-03T19:51:47Z</time>
   </trkpt>
   <trkpt lat="48.7080510" lon="2.2401170">
    <ele>69.3</ele>
    <time>2024-05-03T19:51:48Z</time>
   </trkpt>
   <trkpt lat="48.7080180" lon="2.2400920">
    <ele>69.4</ele>
    <time>2024-05-03T19:51:49Z</time>
   </trkpt>
   <trkpt lat="48.7079850" lon="2.2400620">
    <ele>69.5</ele>
    <time>2024-05-03T19:51:50Z</time>
   </trkpt>
   <trkpt lat="48.7079520" lon="2.2400340">
    <ele>69.7</ele>
    <time>2024-05-03T19:51:51Z</time>
   </trkpt>
   <trkpt lat="48.7079180" lon="2.2400090">
    <ele>69.8</ele>
    <time>2024-05-03T19:51:52Z</time>
   </trkpt>
   <trkpt lat="48.7078830" lon="2.2399850">
    <ele>70.0</ele>
    <time>2024-05-03T19:51:53Z</time>
   </trkpt>
   <trkpt lat="48.7078470" lon="2.2399650">
    <ele>70.1</ele>
    <time>2024-05-03T19:51:54Z</time>
   </trkpt>
   <trkpt lat="48.7078110" lon="2.2399430">
    <ele>70.2</ele>
    <time>2024-05-03T19:51:55Z</time>
   </trkpt>
   <trkpt lat="48.7077750" lon="2.2399160">
    <ele>70.3</ele>
    <time>2024-05-03T19:51:56Z</time>
   </trkpt>
   <trkpt lat="48.7077410" lon="2.2398850">
    <ele>70.5</ele>
    <time>2024-05-03T19:51:57Z</time>
   </trkpt>
   <trkpt lat="48.7077070" lon="2.2398550">
    <ele>70.6</ele>
    <time>2024-05-03T19:51:58Z</time>
   </trkpt>
   <trkpt lat="48.7076710" lon="2.2398300">
    <ele>70.7</ele>
    <time>2024-05-03T19:51:59Z</time>
   </trkpt>
   <trkpt lat="48.7076360" lon="2.2398040">
    <ele>70.8</ele>
    <time>2024-05-03T19:52:00Z</time>
   </trkpt>
   <trkpt lat="48.7076010" lon="2.2397780">
    <ele>70.9</ele>
    <time>2024-05-03T19:52:01Z</time>
   </trkpt>
   <trkpt lat="48.7075670" lon="2.2397510">
    <ele>70.9</ele>
    <time>2024-05-03T19:52:02Z</time>
   </trkpt>
   <trkpt lat="48.7075340" lon="2.2397260">
    <ele>71.0</ele>
    <time>2024-05-03T19:52:03Z</time>
   </trkpt>
   <trkpt lat="48.7075000" lon="2.2397030">
    <ele>71.1</ele>
    <time>2024-05-03T19:52:04Z</time>
   </trkpt>
   <trkpt lat="48.7074680" lon="2.2396770">
    <ele>71.1</ele>
    <time>2024-05-03T19:52:05Z</time>
   </trkpt>
   <trkpt lat="48.7074380" lon="2.2396500">
    <ele>71.2</ele>
    <time>2024-05-03T19:52:06Z</time>
   </trkpt>
   <trkpt lat="48.7074090" lon="2.2396170">
    <ele>71.2</ele>
    <time>2024-05-03T19:52:07Z</time>
   </trkpt>
   <trkpt lat="48.7073810" lon="2.2395830">
    <ele>71.3</ele>
    <time>2024-05-03T19:52:08Z</time>
   </trkpt>
   <trkpt lat="48.7073520" lon="2.2395550">
    <ele>71.4</ele>
    <time>2024-05-03T19:52:09Z</time>
   </trkpt>
   <trkpt lat="48.7073250" lon="2.2395330">
    <ele>71.5</ele>
    <time>2024-05-03T19:52:10Z</time>
   </trkpt>
   <trkpt lat="48.7072990" lon="2.2395100">
    <ele>71.6</ele>
    <time>2024-05-03T19:52:11Z</time>
   </trkpt>
   <trkpt lat="48.7072750" lon="2.2394820">
    <ele>71.7</ele>
    <time>2024-05-03T19:52:12Z</time>
   </trkpt>
   <trkpt lat="48.7072520" lon="2.2394540">
    <ele>71.8</ele>
    <time>2024-05-03T19:52:13Z</time>
   </trkpt>
   <trkpt lat="48.7072280" lon="2.2394300">
    <ele>71.9</ele>
    <time>2024-05-03T19:52:14Z</time>
   </trkpt>
   <trkpt lat="48.7072050" lon="2.2394090">
    <ele>72.0</ele>
    <time>2024-05-03T19:52:15Z</time>
   </trkpt>
   <trkpt lat="48.7071830" lon="2.2393840">
    <ele>72.0</ele>
    <time>2024-05-03T19:52:16Z</time>
   </trkpt>
   <trkpt lat="48.7071610" lon="2.2393570">
    <ele>72.1</ele>
    <time>2024-05-03T19:52:17Z</time>
   </trkpt>
   <trkpt lat="48.7071390" lon="2.2393320">
    <ele>72.2</ele>
    <time>2024-05-03T19:52:18Z</time>
   </trkpt>
   <trkpt lat="48.7071050" lon="2.2392970">
    <ele>72.4</ele>
    <time>2024-05-03T19:52:19Z</time>
   </trkpt>
   <trkpt lat="48.7070940" lon="2.2392840">
    <ele>72.4</ele>
    <time>2024-05-03T19:52:20Z</time>
   </trkpt>
   <trkpt lat="48.7070720" lon="2.2392580">
    <ele>72.5</ele>
    <time>2024-05-03T19:52:21Z</time>
   </trkpt>
   <trkpt lat="48.7070490" lon="2.2392290">
    <ele>72.6</ele>
    <time>2024-05-03T19:52:22Z</time>
   </trkpt>
   <trkpt lat="48.7070250" lon="2.2392030">
    <ele>72.7</ele>
    <time>2024-05-03T19:52:23Z</time>
   </trkpt>
   <trkpt lat="48.7069980" lon="2.2391790">
    <ele>72.9</ele>
    <time>2024-05-03T19:52:24Z</time>
   </trkpt>
   <trkpt lat="48.7069730" lon="2.2391520">
    <ele>73.0</ele>
    <time>2024-05-03T19:52:25Z</time>
   </trkpt>
   <trkpt lat="48.7069490" lon="2.2391200">
    <ele>73.1</ele>
    <time>2024-05-03T19:52:26Z</time>
   </trkpt>
   <trkpt lat="48.7069250" lon="2.2390860">
    <ele>73.3</ele>
    <time>2024-05-03T19:52:27Z</time>
   </trkpt>
   <trkpt lat="48.7069010" lon="2.2390500">
    <ele>73.4</ele>
    <time>2024-05-03T19:52:28Z</time>
   </trkpt>
   <trkpt lat="48.7068780" lon="2.2390100">
    <ele>73.5</ele>
    <time>2024-05-03T19:52:29Z</time>
   </trkpt>
   <trkpt lat="48.7068540" lon="2.2389690">
    <ele>73.7</ele>
    <time>2024-05-03T19:52:30Z</time>
   </trkpt>
   <trkpt lat="48.7068320" lon="2.2389270">
    <ele>73.8</ele>
    <time>2024-05-03T19:52:31Z</time>
   </trkpt>
   <trkpt lat="48.7068090" lon="2.2388870">
    <ele>74.0</ele>
    <time>2024-05-03T19:52:32Z</time>
   </trkpt>
   <trkpt lat="48.7067860" lon="2.2388470">
    <ele>74.1</ele>
    <time>2024-05-03T19:52:33Z</time>
   </trkpt>
   <trkpt lat="48.7067620" lon="2.2388070">
    <ele>74.2</ele>
    <time>2024-05-03T19:52:34Z</time>
   </trkpt>
   <trkpt lat="48.7067390" lon="2.2387650">
    <ele>74.4</ele>
    <time>2024-05-03T19:52:35Z</time>
   </trkpt>
   <trkpt lat="48.7067170" lon="2.2387190">
    <ele>74.5</ele>
    <time>2024-05-03T19:52:36Z</time>
   </trkpt>
   <trkpt lat="48.7066950" lon="2.2386720">
    <ele>74.6</ele>
    <time>2024-05-03T19:52:37Z</time>
   </trkpt>
   <trkpt lat="48.7066720" lon="2.2386280">
    <ele>74.7</ele>
    <time>2024-05-03T19:52:38Z</time>
   </trkpt>
   <trkpt lat="48.7066480" lon="2.2385840">
    <ele>74.8</ele>
    <time>2024-05-03T19:52:39Z</time>
   </trkpt>
   <trkpt lat="48.7066250" lon="2.2385380">
    <ele>74.9</ele>
    <time>2024-05-03T19:52:40Z</time>
   </trkpt>
   <trkpt lat="48.7066030" lon="2.2384920">
    <ele>75.0</ele>
    <time>2024-05-03T19:52:41Z</time>
   </trkpt>
   <trkpt lat="48.7065820" lon="2.2384460">
    <ele>75.1</ele>
    <time>2024-05-03T19:52:42Z</time>
   </trkpt>
   <trkpt lat="48.7065620" lon="2.2384000">
    <ele>75.2</ele>
    <time>2024-05-03T19:52:43Z</time>
   </trkpt>
   <trkpt lat="48.7065390" lon="2.2383560">
    <ele>75.3</ele>
    <time>2024-05-03T19:52:44Z</time>
   </trkpt>
   <trkpt lat="48.7065170" lon="2.2383130">
    <ele>75.4</ele>
    <time>2024-05-03T19:52:45Z</time>
   </trkpt>
   <trkpt lat="48.7064920" lon="2.2382730">
    <ele>75.5</ele>
    <time>2024-05-03T19:52:46Z</time>
   </trkpt>
   <trkpt lat="48.7064690" lon="2.2382300">
    <ele>75.6</ele>
    <time>2024-05-03T19:52:47Z</time>
   </trkpt>
   <trkpt lat="48.7064460" lon="2.2381830">
    <ele>75.7</ele>
    <time>2024-05-03T19:52:48Z</time>
   </trkpt>
   <trkpt lat="48.7064220" lon="2.2381360">
    <ele>75.8</ele>
    <time>2024-05-03T19:52:49Z</time>
   </trkpt>
   <trkpt lat="48.7063990" lon="2.2380880">
    <ele>75.9</ele>
    <time>2024-05-03T19:52:50Z</time>
   </trkpt>
   <trkpt lat="48.7063740" lon="2.2380430">
    <ele>76.0</ele>
    <time>2024-05-03T19:52:51Z</time>
   </trkpt>
   <trkpt lat="48.7063500" lon="2.2379990">
    <ele>76.2</ele>
    <time>2024-05-03T19:52:52Z</time>
   </trkpt>
   <trkpt lat="48.7063260" lon="2.2379540">
    <ele>76.3</ele>
    <time>2024-05-03T19:52:53Z</time>
   </trkpt>
   <trkpt lat="48.7063020" lon="2.2379100">
    <ele>76.5</ele>
    <time>2024-05-03T19:52:54Z</time>
   </trkpt>
   <trkpt lat="48.7062780" lon="2.2378650">
    <ele>76.6</ele>
    <time>2024-05-03T19:52:55Z</time>
   </trkpt>
   <trkpt lat="48.7062550" lon="2.2378200">
    <ele>76.7</ele>
    <time>2024-05-03T19:52:56Z</time>
   </trkpt>
   <trkpt lat="48.7062320" lon="2.2377740">
    <ele>76.9</ele>
    <time>2024-05-03T19:52:57Z</time>
   </trkpt>
   <trkpt lat="48.7062090" lon="2.2377270">
    <ele>77.0</ele>
    <time>2024-05-03T19:52:58Z</time>
   </trkpt>
   <trkpt lat="48.7061870" lon="2.2376820">
    <ele>77.1</ele>
    <time>2024-05-03T19:52:59Z</time>
   </trkpt>
   <trkpt lat="48.7061620" lon="2.2376390">
    <ele>77.2</ele>
    <time>2024-05-03T19:53:00Z</time>
   </trkpt>
   <trkpt lat="48.7061390" lon="2.2375960">
    <ele>77.4</ele>
    <time>2024-05-03T19:53:01Z</time>
   </trkpt>
   <trkpt lat="48.7061160" lon="2.2375510">
    <ele>77.5</ele>
    <time>2024-05-03T19:53:02Z</time>
   </trkpt>
   <trkpt lat="48.7060940" lon="2.2375070">
    <ele>77.6</ele>
    <time>2024-05-03T19:53:03Z</time>
   </trkpt>
   <trkpt lat="48.7060700" lon="2.2374630">
    <ele>77.7</ele>
    <time>2024-05-03T19:53:04Z</time>
   </trkpt>
   <trkpt lat="48.7060470" lon="2.2374210">
    <ele>77.8</ele>
    <time>2024-05-03T19:53:05Z</time>
   </trkpt>
   <trkpt lat="48.7060240" lon="2.2373780">
    <ele>77.9</ele>
    <time>2024-05-03T19:53:06Z</time>
   </trkpt>
   <trkpt lat="48.7060020" lon="2.2373330">
    <ele>78.0</ele>
    <time>2024-05-03T19:53:07Z</time>
   </trkpt>
   <trkpt lat="48.7059780" lon="2.2372890">
    <ele>78.1</ele>
    <time>2024-05-03T19:53:08Z</time>
   </trkpt>
   <trkpt lat="48.7059550" lon="2.2372440">
    <ele>78.2</ele>
    <time>2024-05-03T19:53:09Z</time>
   </trkpt>
   <trkpt lat="48.7059330" lon="2.2371970">
    <ele>78.3</ele>
    <time>2024-05-03T19:53:10Z</time>
   </trkpt>
   <trkpt lat="48.7059100" lon="2.2371510">
    <ele>78.4</ele>
    <time>2024-05-03T19:53:11Z</time>
   </trkpt>
   <trkpt lat="48.7058870" lon="2.2371050">
    <ele>78.5</ele>
    <time>2024-05-03T19:53:12Z</time>
   </trkpt>
   <trkpt lat="48.7058650" lon="2.2370600">
    <ele>78.6</ele>
    <time>2024-05-03T19:53:13Z</time>
   </trkpt>
   <trkpt lat="48.7058430" lon="2.2370150">
    <ele>78.7</ele>
    <time>2024-05-03T19:53:14Z</time>
   </trkpt>
   <trkpt lat="48.7058210" lon="2.2369710">
    <ele>78.8</ele>
    <time>2024-05-03T19:53:15Z</time>
   </trkpt>
   <trkpt lat="48.7057980" lon="2.2369270">
    <ele>78.9</ele>
    <time>2024-05-03T19:53:16Z</time>
   </trkpt>
   <trkpt lat="48.7057760" lon="2.2368840">
    <ele>79.0</ele>
    <time>2024-05-03T19:53:17Z</time>
   </trkpt>
   <trkpt lat="48.7057530" lon="2.2368420">
    <ele>79.0</ele>
    <time>2024-05-03T19:53:18Z</time>
   </trkpt>
   <trkpt lat="48.7057300" lon="2.2368000">
    <ele>79.1</ele>
    <time>2024-05-03T19:53:19Z</time>
   </trkpt>
   <trkpt lat="48.7057090" lon="2.2367550">
    <ele>79.2</ele>
    <time>2024-05-03T19:53:20Z</time>
   </trkpt>
   <trkpt lat="48.7056870" lon="2.2367090">
    <ele>79.3</ele>
    <time>2024-05-03T19:53:21Z</time>
   </trkpt>
   <trkpt lat="48.7056630" lon="2.2366660">
    <ele>79.3</ele>
    <time>2024-05-03T19:53:22Z</time>
   </trkpt>
   <trkpt lat="48.7056410" lon="2.2366210">
    <ele>79.4</ele>
    <time>2024-05-03T19:53:23Z</time>
   </trkpt>
   <trkpt lat="48.7056210" lon="2.2365730">
    <ele>79.5</ele>
    <time>2024-05-03T19:53:24Z</time>
   </trkpt>
   <trkpt lat="48.7056010" lon="2.2365270">
    <ele>79.5</ele>
    <time>2024-05-03T19:53:25Z</time>
   </trkpt>
   <trkpt lat="48.7055780" lon="2.2364860">
    <ele>79.6</ele>
    <time>2024-05-03T19:53:26Z</time>
   </trkpt>
   <trkpt lat="48.7055560" lon="2.2364410">
    <ele>79.6</ele>
    <time>2024-05-03T19:53:27Z</time>
   </trkpt>
   <trkpt lat="48.7055340" lon="2.2363950">
    <ele>79.6</ele>
    <time>2024-05-03T19:53:28Z</time>
   </trkpt>
   <trkpt lat="48.7055100" lon="2.2363490">
    <ele>79.6</ele>
    <time>2024-05-03T19:53:29Z</time>
   </trkpt>
   <trkpt lat="48.7054850" lon="2.2363060">
    <ele>79.6</ele>
    <time>2024-05-03T19:53:30Z</time>
   </trkpt>
   <trkpt lat="48.7054610" lon="2.2362620">
    <ele>79.5</ele>
    <time>2024-05-03T19:53:31Z</time>
   </trkpt>
   <trkpt lat="48.7054380" lon="2.2362210">
    <ele>79.5</ele>
    <time>2024-05-03T19:53:32Z</time>
   </trkpt>
   <trkpt lat="48.7054160" lon="2.2361790">
    <ele>79.5</ele>
    <time>2024-05-03T19:53:33Z</time>
   </trkpt>
   <trkpt lat="48.7053940" lon="2.2361350">
    <ele>79.5</ele>
    <time>2024-05-03T19:53:34Z</time>
   </trkpt>
   <trkpt lat="48.7053710" lon="2.2360890">
    <ele>79.4</ele>
    <time>2024-05-03T19:53:35Z</time>
   </trkpt>
   <trkpt lat="48.7053470" lon="2.2360410">
    <ele>79.4</ele>
    <time>2024-05-03T19:53:36Z</time>
   </trkpt>
   <trkpt lat="48.7053230" lon="2.2359940">
    <ele>79.4</ele>
    <time>2024-05-03T19:53:37Z</time>
   </trkpt>
   <trkpt lat="48.7052990" lon="2.2359410">
    <ele>79.3</ele>
    <time>2024-05-03T19:53:38Z</time>
   </trkpt>
   <trkpt lat="48.7052740" lon="2.2358870">
    <ele>79.3</ele>
    <time>2024-05-03T19:53:39Z</time>
   </trkpt>
   <trkpt lat="48.7052470" lon="2.2358360">
    <ele>79.2</ele>
    <time>2024-05-03T19:53:40Z</time>
   </trkpt>
   <trkpt lat="48.7052180" lon="2.2357870">
    <ele>79.1</ele>
    <time>2024-05-03T19:53:41Z</time>
   </trkpt>
   <trkpt lat="48.7051900" lon="2.2357360">
    <ele>79.0</ele>
    <time>2024-05-03T19:53:42Z</time>
   </trkpt>
   <trkpt lat="48.7051620" lon="2.2356840">
    <ele>79.0</ele>
    <time>2024-05-03T19:53:43Z</time>
   </trkpt>
   <trkpt lat="48.7051330" lon="2.2356350">
    <ele>78.9</ele>
    <time>2024-05-03T19:53:44Z</time>
   </trkpt>
   <trkpt lat="48.7051030" lon="2.2355870">
    <ele>78.8</ele>
    <time>2024-05-03T19:53:45Z</time>
   </trkpt>
   <trkpt lat="48.7050710" lon="2.2355420">
    <ele>78.7</ele>
    <time>2024-05-03T19:53:46Z</time>
   </trkpt>
   <trkpt lat="48.7050430" lon="2.2354910">
    <ele>78.6</ele>
    <time>2024-05-03T19:53:47Z</time>
   </trkpt>
   <trkpt lat="48.7050150" lon="2.2354370">
    <ele>78.6</ele>
    <time>2024-05-03T19:53:48Z</time>
   </trkpt>
   <trkpt lat="48.7049840" lon="2.2353820">
    <ele>78.5</ele>
    <time>2024-05-03T19:53:49Z</time>
   </trkpt>
   <trkpt lat="48.7049520" lon="2.2353230">
    <ele>78.4</ele>
    <time>2024-05-03T19:53:50Z</time>
   </trkpt>
   <trkpt lat="48.7049180" lon="2.2352660">
    <ele>78.3</ele>
    <time>2024-05-03T19:53:51Z</time>
   </trkpt>
   <trkpt lat="48.7048880" lon="2.2352020">
    <ele>78.2</ele>
    <time>2024-05-03T19:53:52Z</time>
   </trkpt>
   <trkpt lat="48.7048540" lon="2.2351370">
    <ele>78.1</ele>
    <time>2024-05-03T19:53:53Z</time>
   </trkpt>
   <trkpt lat="48.7048190" lon="2.2350720">
    <ele>78.0</ele>
    <time>2024-05-03T19:53:54Z</time>
   </trkpt>
   <trkpt lat="48.7047870" lon="2.2350020">
    <ele>77.9</ele>
    <time>2024-05-03T19:53:55Z</time>
   </trkpt>
   <trkpt lat="48.7047530" lon="2.2349280">
    <ele>77.8</ele>
    <time>2024-05-03T19:53:56Z</time>
   </trkpt>
   <trkpt lat="48.7047180" lon="2.2348570">
    <ele>77.7</ele>
    <time>2024-05-03T19:53:57Z</time>
   </trkpt>
   <trkpt lat="48.7046810" lon="2.2347850">
    <ele>77.5</ele>
    <time>2024-05-03T19:53:58Z</time>
   </trkpt>
   <trkpt lat="48.7046440" lon="2.2347130">
    <ele>77.4</ele>
    <time>2024-05-03T19:53:59Z</time>
   </trkpt>
   <trkpt lat="48.7046090" lon="2.2346410">
    <ele>77.3</ele>
    <time>2024-05-03T19:54:00Z</time>
   </trkpt>
   <trkpt lat="48.7045720" lon="2.2345690">
    <ele>77.2</ele>
    <time>2024-05-03T19:54:01Z</time>
   </trkpt>
   <trkpt lat="48.7045360" lon="2.2344990">
    <ele>77.1</ele>
    <time>2024-05-03T19:54:02Z</time>
   </trkpt>
   <trkpt lat="48.7044990" lon="2.2344290">
    <ele>77.0</ele>
    <time>2024-05-03T19:54:03Z</time>
   </trkpt>
   <trkpt lat="48.7044670" lon="2.2343580">
    <ele>76.9</ele>
    <time>2024-05-03T19:54:04Z</time>
   </trkpt>
   <trkpt lat="48.7044360" lon="2.2342850">
    <ele>76.8</ele>
    <time>2024-05-03T19:54:05Z</time>
   </trkpt>
   <trkpt lat="48.7044050" lon="2.2342100">
    <ele>76.7</ele>
    <time>2024-05-03T19:54:06Z</time>
   </trkpt>
   <trkpt lat="48.7043750" lon="2.2341320">
    <ele>76.6</ele>
    <time>2024-05-03T19:54:07Z</time>
   </trkpt>
   <trkpt lat="48.7043430" lon="2.2340570">
    <ele>76.5</ele>
    <time>2024-05-03T19:54:08Z</time>
   </trkpt>
   <trkpt lat="48.7043130" lon="2.2339780">
    <ele>76.4</ele>
    <time>2024-05-03T19:54:09Z</time>
   </trkpt>
   <trkpt lat="48.7042860" lon="2.2338980">
    <ele>76.3</ele>
    <time>2024-05-03T19:54:10Z</time>
   </trkpt>
   <trkpt lat="48.7042590" lon="2.2338200">
    <ele>76.2</ele>
    <time>2024-05-03T19:54:11Z</time>
   </trkpt>
   <trkpt lat="48.7042350" lon="2.2337380">
    <ele>76.1</ele>
    <time>2024-05-03T19:54:12Z</time>
   </trkpt>
   <trkpt lat="48.7042110" lon="2.2336520">
    <ele>75.9</ele>
    <time>2024-05-03T19:54:13Z</time>
   </trkpt>
   <trkpt lat="48.7041890" lon="2.2335640">
    <ele>75.8</ele>
    <time>2024-05-03T19:54:14Z</time>
   </trkpt>
   <trkpt lat="48.7041680" lon="2.2334740">
    <ele>75.6</ele>
    <time>2024-05-03T19:54:15Z</time>
   </trkpt>
   <trkpt lat="48.7041480" lon="2.2333840">
    <ele>75.5</ele>
    <time>2024-05-03T19:54:16Z</time>
   </trkpt>
   <trkpt lat="48.7041310" lon="2.2332940">
    <ele>75.4</ele>
    <time>2024-05-03T19:54:17Z</time>
   </trkpt>
   <trkpt lat="48.7041160" lon="2.2332030">
    <ele>75.2</ele>
    <time>2024-05-03T19:54:18Z</time>
   </trkpt>
   <trkpt lat="48.7040980" lon="2.2331120">
    <ele>75.1</ele>
    <time>2024-05-03T19:54:19Z</time>
   </trkpt>
   <trkpt lat="48.7040810" lon="2.2330190">
    <ele>74.9</ele>
    <time>2024-05-03T19:54:20Z</time>
   </trkpt>
   <trkpt lat="48.7040670" lon="2.2329250">
    <ele>74.8</ele>
    <time>2024-05-03T19:54:21Z</time>
   </trkpt>
   <trkpt lat="48.7040530" lon="2.2328280">
    <ele>74.7</ele>
    <time>2024-05-03T19:54:22Z</time>
   </trkpt>
   <trkpt lat="48.7040400" lon="2.2327320">
    <ele>74.5</ele>
    <time>2024-05-03T19:54:23Z</time>
   </trkpt>
   <trkpt lat="48.7040240" lon="2.2326350">
    <ele>74.4</ele>
    <time>2024-05-03T19:54:24Z</time>
   </trkpt>
   <trkpt lat="48.7040080" lon="2.2325360">
    <ele>74.3</ele>
    <time>2024-05-03T19:54:25Z</time>
   </trkpt>
   <trkpt lat="48.7039870" lon="2.2324390">
    <ele>74.1</ele>
    <time>2024-05-03T19:54:26Z</time>
   </trkpt>
   <trkpt lat="48.7039670" lon="2.2323400">
    <ele>74.0</ele>
    <time>2024-05-03T19:54:27Z</time>
   </trkpt>
   <trkpt lat="48.7039510" lon="2.2322340">
    <ele>73.8</ele>
    <time>2024-05-03T19:54:28Z</time>
   </trkpt>
   <trkpt lat="48.7039350" lon="2.2321320">
    <ele>73.6</ele>
    <time>2024-05-03T19:54:29Z</time>
   </trkpt>
   <trkpt lat="48.7039210" lon="2.2320310">
    <ele>73.4</ele>
    <time>2024-05-03T19:54:30Z</time>
   </trkpt>
   <trkpt lat="48.7039100" lon="2.2319300">
    <ele>73.2</ele>
    <time>2024-05-03T19:54:31Z</time>
   </trkpt>
   <trkpt lat="48.7039010" lon="2.2318240">
    <ele>73.0</ele>
    <time>2024-05-03T19:54:32Z</time>
   </trkpt>
   <trkpt lat="48.7038930" lon="2.2317140">
    <ele>72.8</ele>
    <time>2024-05-03T19:54:33Z</time>
   </trkpt>
   <trkpt lat="48.7038880" lon="2.2316020">
    <ele>72.6</ele>
    <time>2024-05-03T19:54:34Z</time>
   </trkpt>
   <trkpt lat="48.7038870" lon="2.2314900">
    <ele>72.4</ele>
    <time>2024-05-03T19:54:35Z</time>
   </trkpt>
   <trkpt lat="48.7038900" lon="2.2313770">
    <ele>72.1</ele>
    <time>2024-05-03T19:54:36Z</time>
   </trkpt>
   <trkpt lat="48.7038990" lon="2.2312620">
    <ele>71.9</ele>
    <time>2024-05-03T19:54:37Z</time>
   </trkpt>
   <trkpt lat="48.7039090" lon="2.2311500">
    <ele>71.7</ele>
    <time>2024-05-03T19:54:38Z</time>
   </trkpt>
   <trkpt lat="48.7039170" lon="2.2310390">
    <ele>71.6</ele>
    <time>2024-05-03T19:54:39Z</time>
   </trkpt>
   <trkpt lat="48.7039240" lon="2.2309290">
    <ele>71.4</ele>
    <time>2024-05-03T19:54:40Z</time>
   </trkpt>
   <trkpt lat="48.7039340" lon="2.2308170">
    <ele>71.3</ele>
    <time>2024-05-03T19:54:41Z</time>
   </trkpt>
   <trkpt lat="48.7039400" lon="2.2307050">
    <ele>71.2</ele>
    <time>2024-05-03T19:54:42Z</time>
   </trkpt>
   <trkpt lat="48.7039460" lon="2.2305920">
    <ele>71.2</ele>
    <time>2024-05-03T19:54:43Z</time>
   </trkpt>
   <trkpt lat="48.7039510" lon="2.2304770">
    <ele>71.1</ele>
    <time>2024-05-03T19:54:44Z</time>
   </trkpt>
   <trkpt lat="48.7039530" lon="2.2303630">
    <ele>71.0</ele>
    <time>2024-05-03T19:54:45Z</time>
   </trkpt>
   <trkpt lat="48.7039550" lon="2.2302460">
    <ele>70.9</ele>
    <time>2024-05-03T19:54:46Z</time>
   </trkpt>
   <trkpt lat="48.7039540" lon="2.2301300">
    <ele>70.9</ele>
    <time>2024-05-03T19:54:47Z</time>
   </trkpt>
   <trkpt lat="48.7039520" lon="2.2300170">
    <ele>70.8</ele>
    <time>2024-05-03T19:54:48Z</time>
   </trkpt>
   <trkpt lat="48.7039490" lon="2.2299030">
    <ele>70.7</ele>
    <time>2024-05-03T19:54:49Z</time>
   </trkpt>
   <trkpt lat="48.7039450" lon="2.2297890">
    <ele>70.7</ele>
    <time>2024-05-03T19:54:50Z</time>
   </trkpt>
   <trkpt lat="48.7039370" lon="2.2296730">
    <ele>70.6</ele>
    <time>2024-05-03T19:54:51Z</time>
   </trkpt>
   <trkpt lat="48.7039310" lon="2.2295580">
    <ele>70.5</ele>
    <time>2024-05-03T19:54:52Z</time>
   </trkpt>
   <trkpt lat="48.7039240" lon="2.2294440">
    <ele>70.5</ele>
    <time>2024-05-03T19:54:53Z</time>
   </trkpt>
   <trkpt lat="48.7039150" lon="2.2293300">
    <ele>70.4</ele>
    <time>2024-05-03T19:54:54Z</time>
   </trkpt>
   <trkpt lat="48.7039080" lon="2.2292140">
    <ele>70.3</ele>
    <time>2024-05-03T19:54:55Z</time>
   </trkpt>
   <trkpt lat="48.7039020" lon="2.2291010">
    <ele>70.3</ele>
    <time>2024-05-03T19:54:56Z</time>
   </trkpt>
   <trkpt lat="48.7038960" lon="2.2289870">
    <ele>70.2</ele>
    <time>2024-05-03T19:54:57Z</time>
   </trkpt>
   <trkpt lat="48.7038900" lon="2.2288740">
    <ele>70.1</ele>
    <time>2024-05-03T19:54:58Z</time>
   </trkpt>
   <trkpt lat="48.7038820" lon="2.2287610">
    <ele>70.0</ele>
    <time>2024-05-03T19:54:59Z</time>
   </trkpt>
   <trkpt lat="48.7038750" lon="2.2286480">
    <ele>70.0</ele>
    <time>2024-05-03T19:55:00Z</time>
   </trkpt>
   <trkpt lat="48.7038690" lon="2.2285330">
    <ele>69.9</ele>
    <time>2024-05-03T19:55:01Z</time>
   </trkpt>
   <trkpt lat="48.7038610" lon="2.2284190">
    <ele>69.8</ele>
    <time>2024-05-03T19:55:02Z</time>
   </trkpt>
   <trkpt lat="48.7038540" lon="2.2283030">
    <ele>69.8</ele>
    <time>2024-05-03T19:55:03Z</time>
   </trkpt>
   <trkpt lat="48.7038440" lon="2.2281900">
    <ele>69.7</ele>
    <time>2024-05-03T19:55:04Z</time>
   </trkpt>
   <trkpt lat="48.7038300" lon="2.2280770">
    <ele>69.6</ele>
    <time>2024-05-03T19:55:05Z</time>
   </trkpt>
   <trkpt lat="48.7038170" lon="2.2279650">
    <ele>69.6</ele>
    <time>2024-05-03T19:55:06Z</time>
   </trkpt>
   <trkpt lat="48.7038140" lon="2.2278500">
    <ele>69.5</ele>
    <time>2024-05-03T19:55:07Z</time>
   </trkpt>
   <trkpt lat="48.7038130" lon="2.2277350">
    <ele>69.4</ele>
    <time>2024-05-03T19:55:08Z</time>
   </trkpt>
   <trkpt lat="48.7038100" lon="2.2276220">
    <ele>69.4</ele>
    <time>2024-05-03T19:55:09Z</time>
   </trkpt>
   <trkpt lat="48.7038050" lon="2.2275070">
    <ele>69.3</ele>
    <time>2024-05-03T19:55:10Z</time>
   </trkpt>
   <trkpt lat="48.7038010" lon="2.2273900">
    <ele>69.2</ele>
    <time>2024-05-03T19:55:11Z</time>
   </trkpt>
   <trkpt lat="48.7037960" lon="2.2272750">
    <ele>69.1</ele>
    <time>2024-05-03T19:55:12Z</time>
   </trkpt>
   <trkpt lat="48.7037910" lon="2.2271600">
    <ele>69.0</ele>
    <time>2024-05-03T19:55:13Z</time>
   </trkpt>
   <trkpt lat="48.7037850" lon="2.2270450">
    <ele>69.0</ele>
    <time>2024-05-03T19:55:14Z</time>
   </trkpt>
   <trkpt lat="48.7037800" lon="2.2269300">
    <ele>68.9</ele>
    <time>2024-05-03T19:55:15Z</time>
   </trkpt>
   <trkpt lat="48.7037720" lon="2.2268150">
    <ele>68.8</ele>
    <time>2024-05-03T19:55:16Z</time>
   </trkpt>
   <trkpt lat="48.7037650" lon="2.2267030">
    <ele>68.7</ele>
    <time>2024-05-03T19:55:17Z</time>
   </trkpt>
   <trkpt lat="48.7037590" lon="2.2265890">
    <ele>68.6</ele>
    <time>2024-05-03T19:55:18Z</time>
   </trkpt>
   <trkpt lat="48.7037530" lon="2.2264780">
    <ele>68.5</ele>
    <time>2024-05-03T19:55:19Z</time>
   </trkpt>
   <trkpt lat="48.7037470" lon="2.2263680">
    <ele>68.4</ele>
    <time>2024-05-03T19:55:20Z</time>
   </trkpt>
   <trkpt lat="48.7037420" lon="2.2262570">
    <ele>68.3</ele>
    <time>2024-05-03T19:55:21Z</time>
   </trkpt>
   <trkpt lat="48.7037390" lon="2.2261440">
    <ele>68.2</ele>
    <time>2024-05-03T19:55:22Z</time>
   </trkpt>
   <trkpt lat="48.7037320" lon="2.2260340">
    <ele>68.0</ele>
    <time>2024-05-03T19:55:23Z</time>
   </trkpt>
   <trkpt lat="48.7037230" lon="2.2259210">
    <ele>67.9</ele>
    <time>2024-05-03T19:55:24Z</time>
   </trkpt>
   <trkpt lat="48.7037160" lon="2.2258050">
    <ele>67.8</ele>
    <time>2024-05-03T19:55:25Z</time>
   </trkpt>
   <trkpt lat="48.7037110" lon="2.2256890">
    <ele>67.6</ele>
    <time>2024-05-03T19:55:26Z</time>
   </trkpt>
   <trkpt lat="48.7037010" lon="2.2255690">
    <ele>67.4</ele>
    <time>2024-05-03T19:55:27Z</time>
   </trkpt>
   <trkpt lat="48.7036920" lon="2.2254500">
    <ele>67.3</ele>
    <time>2024-05-03T19:55:28Z</time>
   </trkpt>
   <trkpt lat="48.7036820" lon="2.2253280">
    <ele>67.1</ele>
    <time>2024-05-03T19:55:29Z</time>
   </trkpt>
   <trkpt lat="48.7036730" lon="2.2252010">
    <ele>66.8</ele>
    <time>2024-05-03T19:55:30Z</time>
   </trkpt>
   <trkpt lat="48.7036650" lon="2.2250750">
    <ele>66.6</ele>
    <time>2024-05-03T19:55:31Z</time>
   </trkpt>
   <trkpt lat="48.7036550" lon="2.2249470">
    <ele>66.4</ele>
    <time>2024-05-03T19:55:32Z</time>
   </trkpt>
   <trkpt lat="48.7036420" lon="2.2248180">
    <ele>66.2</ele>
    <time>2024-05-03T19:55:33Z</time>
   </trkpt>
   <trkpt lat="48.7036290" lon="2.2246870">
    <ele>66.0</ele>
    <time>2024-05-03T19:55:34Z</time>
   </trkpt>
   <trkpt lat="48.7036190" lon="2.2245540">
    <ele>65.9</ele>
    <time>2024-05-03T19:55:35Z</time>
   </trkpt>
   <trkpt lat="48.7036060" lon="2.2244210">
    <ele>65.7</ele>
    <time>2024-05-03T19:55:36Z</time>
   </trkpt>
   <trkpt lat="48.7035910" lon="2.2242920">
    <ele>65.6</ele>
    <time>2024-05-03T19:55:37Z</time>
   </trkpt>
   <trkpt lat="48.7035750" lon="2.2241610">
    <ele>65.6</ele>
    <time>2024-05-03T19:55:38Z</time>
   </trkpt>
   <trkpt lat="48.7035550" lon="2.2240370">
    <ele>65.7</ele>
    <time>2024-05-03T19:55:39Z</time>
   </trkpt>
   <trkpt lat="48.7035360" lon="2.2239160">
    <ele>65.8</ele>
    <time>2024-05-03T19:55:40Z</time>
   </trkpt>
   <trkpt lat="48.7035150" lon="2.2238000">
    <ele>65.8</ele>
    <time>2024-05-03T19:55:41Z</time>
   </trkpt>
   <trkpt lat="48.7034970" lon="2.2236920">
    <ele>65.9</ele>
    <time>2024-05-03T19:55:42Z</time>
   </trkpt>
   <trkpt lat="48.7034740" lon="2.2235840">
    <ele>66.0</ele>
    <time>2024-05-03T19:55:43Z</time>
   </trkpt>
   <trkpt lat="48.7034510" lon="2.2234800">
    <ele>66.1</ele>
    <time>2024-05-03T19:55:44Z</time>
   </trkpt>
   <trkpt lat="48.7034260" lon="2.2233780">
    <ele>66.2</ele>
    <time>2024-05-03T19:55:45Z</time>
   </trkpt>
   <trkpt lat="48.7034030" lon="2.2232760">
    <ele>66.2</ele>
    <time>2024-05-03T19:55:46Z</time>
   </trkpt>
   <trkpt lat="48.7033810" lon="2.2231720">
    <ele>66.3</ele>
    <time>2024-05-03T19:55:47Z</time>
   </trkpt>
   <trkpt lat="48.7033620" lon="2.2230690">
    <ele>66.3</ele>
    <time>2024-05-03T19:55:48Z</time>
   </trkpt>
   <trkpt lat="48.7033430" lon="2.2229660">
    <ele>66.2</ele>
    <time>2024-05-03T19:55:49Z</time>
   </trkpt>
   <trkpt lat="48.7033290" lon="2.2228610">
    <ele>66.2</ele>
    <time>2024-05-03T19:55:50Z</time>
   </trkpt>
   <trkpt lat="48.7033150" lon="2.2227590">
    <ele>66.1</ele>
    <time>2024-05-03T19:55:51Z</time>
   </trkpt>
   <trkpt lat="48.7033040" lon="2.2226600">
    <ele>66.1</ele>
    <time>2024-05-03T19:55:52Z</time>
   </trkpt>
   <trkpt lat="48.7032940" lon="2.2225600">
    <ele>66.0</ele>
    <time>2024-05-03T19:55:53Z</time>
   </trkpt>
   <trkpt lat="48.7032820" lon="2.2224610">
    <ele>66.0</ele>
    <time>2024-05-03T19:55:54Z</time>
   </trkpt>
   <trkpt lat="48.7032750" lon="2.2223590">
    <ele>65.9</ele>
    <time>2024-05-03T19:55:55Z</time>
   </trkpt>
   <trkpt lat="48.7032700" lon="2.2222530">
    <ele>65.8</ele>
    <time>2024-05-03T19:55:56Z</time>
   </trkpt>
   <trkpt lat="48.7032680" lon="2.2221500">
    <ele>65.8</ele>
    <time>2024-05-03T19:55:57Z</time>
   </trkpt>
   <trkpt lat="48.7032630" lon="2.2220470">
    <ele>65.7</ele>
    <time>2024-05-03T19:55:58Z</time>
   </trkpt>
   <trkpt lat="48.7032630" lon="2.2219440">
    <ele>65.6</ele>
    <time>2024-05-03T19:55:59Z</time>
   </trkpt>
   <trkpt lat="48.7032690" lon="2.2218370">
    <ele>65.6</ele>
    <time>2024-05-03T19:56:00Z</time>
   </trkpt>
   <trkpt lat="48.7032750" lon="2.2217310">
    <ele>65.5</ele>
    <time>2024-05-03T19:56:01Z</time>
   </trkpt>
   <trkpt lat="48.7032890" lon="2.2216260">
    <ele>65.4</ele>
    <time>2024-05-03T19:56:02Z</time>
   </trkpt>
   <trkpt lat="48.7033090" lon="2.2215200">
    <ele>65.3</ele>
    <time>2024-05-03T19:56:03Z</time>
   </trkpt>
   <trkpt lat="48.7033330" lon="2.2214140">
    <ele>65.2</ele>
    <time>2024-05-03T19:56:04Z</time>
   </trkpt>
   <trkpt lat="48.7033590" lon="2.2213100">
    <ele>65.2</ele>
    <time>2024-05-03T19:56:05Z</time>
   </trkpt>
   <trkpt lat="48.7033820" lon="2.2212030">
    <ele>65.1</ele>
    <time>2024-05-03T19:56:06Z</time>
   </trkpt>
   <trkpt lat="48.7034090" lon="2.2210970">
    <ele>65.1</ele>
    <time>2024-05-03T19:56:07Z</time>
   </trkpt>
   <trkpt lat="48.7034350" lon="2.2209900">
    <ele>65.0</ele>
    <time>2024-05-03T19:56:08Z</time>
   </trkpt>
   <trkpt lat="48.7034590" lon="2.2208820">
    <ele>65.1</ele>
    <time>2024-05-03T19:56:09Z</time>
   </trkpt>
   <trkpt lat="48.7034810" lon="2.2207750">
    <ele>65.1</ele>
    <time>2024-05-03T19:56:10Z</time>
   </trkpt>
   <trkpt lat="48.7035010" lon="2.2206720">
    <ele>65.1</ele>
    <time>2024-05-03T19:56:11Z</time>
   </trkpt>
   <trkpt lat="48.7035190" lon="2.2205680">
    <ele>65.2</ele>
    <time>2024-05-03T19:56:12Z</time>
   </trkpt>
   <trkpt lat="48.7035420" lon="2.2204680">
    <ele>65.2</ele>
    <time>2024-05-03T19:56:13Z</time>
   </trkpt>
   <trkpt lat="48.7035650" lon="2.2203680">
    <ele>65.3</ele>
    <time>2024-05-03T19:56:14Z</time>
   </trkpt>
   <trkpt lat="48.7035860" lon="2.2202710">
    <ele>65.4</ele>
    <time>2024-05-03T19:56:15Z</time>
   </trkpt>
   <trkpt lat="48.7036080" lon="2.2201780">
    <ele>65.5</ele>
    <time>2024-05-03T19:56:16Z</time>
   </trkpt>
   <trkpt lat="48.7036290" lon="2.2200860">
    <ele>65.6</ele>
    <time>2024-05-03T19:56:17Z</time>
   </trkpt>
   <trkpt lat="48.7036520" lon="2.2199990">
    <ele>65.8</ele>
    <time>2024-05-03T19:56:18Z</time>
   </trkpt>
   <trkpt lat="48.7036730" lon="2.2199130">
    <ele>65.9</ele>
    <time>2024-05-03T19:56:19Z</time>
   </trkpt>
   <trkpt lat="48.7036950" lon="2.2198270">
    <ele>66.0</ele>
    <time>2024-05-03T19:56:20Z</time>
   </trkpt>
   <trkpt lat="48.7037150" lon="2.2197420">
    <ele>66.1</ele>
    <time>2024-05-03T19:56:21Z</time>
   </trkpt>
   <trkpt lat="48.7037360" lon="2.2196580">
    <ele>66.2</ele>
    <time>2024-05-03T19:56:22Z</time>
   </trkpt>
   <trkpt lat="48.7037550" lon="2.2195740">
    <ele>66.3</ele>
    <time>2024-05-03T19:56:23Z</time>
   </trkpt>
   <trkpt lat="48.7037760" lon="2.2194900">
    <ele>66.4</ele>
    <time>2024-05-03T19:56:24Z</time>
   </trkpt>
   <trkpt lat="48.7038040" lon="2.2194130">
    <ele>66.6</ele>
    <time>2024-05-03T19:56:25Z</time>
   </trkpt>
   <trkpt lat="48.7038310" lon="2.2193360">
    <ele>66.7</ele>
    <time>2024-05-03T19:56:26Z</time>
   </trkpt>
   <trkpt lat="48.7038530" lon="2.2192560">
    <ele>66.8</ele>
    <time>2024-05-03T19:56:27Z</time>
   </trkpt>
   <trkpt lat="48.7038690" lon="2.2191790">
    <ele>66.9</ele>
    <time>2024-05-03T19:56:28Z</time>
   </trkpt>
   <trkpt lat="48.7038850" lon="2.2191000">
    <ele>67.1</ele>
    <time>2024-05-03T19:56:29Z</time>
   </trkpt>
   <trkpt lat="48.7039060" lon="2.2190240">
    <ele>67.3</ele>
    <time>2024-05-03T19:56:30Z</time>
   </trkpt>
   <trkpt lat="48.7039240" lon="2.2189470">
    <ele>67.4</ele>
    <time>2024-05-03T19:56:31Z</time>
   </trkpt>
   <trkpt lat="48.7039420" lon="2.2188680">
    <ele>67.6</ele>
    <time>2024-05-03T19:56:32Z</time>
   </trkpt>
   <trkpt lat="48.7039650" lon="2.2187940">
    <ele>67.8</ele>
    <time>2024-05-03T19:56:33Z</time>
   </trkpt>
   <trkpt lat="48.7039820" lon="2.2187190">
    <ele>68.0</ele>
    <time>2024-05-03T19:56:34Z</time>
   </trkpt>
   <trkpt lat="48.7039980" lon="2.2186470">
    <ele>68.1</ele>
    <time>2024-05-03T19:56:35Z</time>
   </trkpt>
   <trkpt lat="48.7040160" lon="2.2185780">
    <ele>68.3</ele>
    <time>2024-05-03T19:56:36Z</time>
   </trkpt>
   <trkpt lat="48.7040340" lon="2.2185080">
    <ele>68.4</ele>
    <time>2024-05-03T19:56:37Z</time>
   </trkpt>
   <trkpt lat="48.7040460" lon="2.2184440">
    <ele>68.6</ele>
    <time>2024-05-03T19:56:38Z</time>
   </trkpt>
   <trkpt lat="48.7040610" lon="2.2183800">
    <ele>68.7</ele>
    <time>2024-05-03T19:56:39Z</time>
   </trkpt>
   <trkpt lat="48.7040800" lon="2.2183220">
    <ele>68.9</ele>
    <time>2024-05-03T19:56:40Z</time>
   </trkpt>
   <trkpt lat="48.7040980" lon="2.2182610">
    <ele>69.0</ele>
    <time>2024-05-03T19:56:41Z</time>
   </trkpt>
   <trkpt lat="48.7041140" lon="2.2182000">
    <ele>69.2</ele>
    <time>2024-05-03T19:56:42Z</time>
   </trkpt>
   <trkpt lat="48.7041320" lon="2.2181420">
    <ele>69.3</ele>
    <time>2024-05-03T19:56:43Z</time>
   </trkpt>
   <trkpt lat="48.7041450" lon="2.2180840">
    <ele>69.5</ele>
    <time>2024-05-03T19:56:44Z</time>
   </trkpt>
   <trkpt lat="48.7041550" lon="2.2180240">
    <ele>69.6</ele>
    <time>2024-05-03T19:56:45Z</time>
   </trkpt>
   <trkpt lat="48.7041720" lon="2.2179690">
    <ele>69.8</ele>
    <time>2024-05-03T19:56:46Z</time>
   </trkpt>
   <trkpt lat="48.7041830" lon="2.2179080">
    <ele>70.0</ele>
    <time>2024-05-03T19:56:47Z</time>
   </trkpt>
   <trkpt lat="48.7041970" lon="2.2178520">
    <ele>70.1</ele>
    <time>2024-05-03T19:56:48Z</time>
   </trkpt>
   <trkpt lat="48.7042110" lon="2.2177970">
    <ele>70.3</ele>
    <time>2024-05-03T19:56:49Z</time>
   </trkpt>
   <trkpt lat="48.7042230" lon="2.2177440">
    <ele>70.5</ele>
    <time>2024-05-03T19:56:50Z</time>
   </trkpt>
   <trkpt lat="48.7042350" lon="2.2176920">
    <ele>70.6</ele>
    <time>2024-05-03T19:56:51Z</time>
   </trkpt>
   <trkpt lat="48.7042460" lon="2.2176410">
    <ele>70.8</ele>
    <time>2024-05-03T19:56:52Z</time>
   </trkpt>
   <trkpt lat="48.7042570" lon="2.2175910">
    <ele>70.9</ele>
    <time>2024-05-03T19:56:53Z</time>
   </trkpt>
   <trkpt lat="48.7042680" lon="2.2175420">
    <ele>71.1</ele>
    <time>2024-05-03T19:56:54Z</time>
   </trkpt>
   <trkpt lat="48.7042820" lon="2.2174950">
    <ele>71.2</ele>
    <time>2024-05-03T19:56:55Z</time>
   </trkpt>
   <trkpt lat="48.7042960" lon="2.2174480">
    <ele>71.4</ele>
    <time>2024-05-03T19:56:56Z</time>
   </trkpt>
   <trkpt lat="48.7043100" lon="2.2174010">
    <ele>71.5</ele>
    <time>2024-05-03T19:56:57Z</time>
   </trkpt>
   <trkpt lat="48.7043210" lon="2.2173540">
    <ele>71.7</ele>
    <time>2024-05-03T19:56:58Z</time>
   </trkpt>
   <trkpt lat="48.7043310" lon="2.2173060">
    <ele>71.9</ele>
    <time>2024-05-03T19:56:59Z</time>
   </trkpt>
   <trkpt lat="48.7043420" lon="2.2172580">
    <ele>72.0</ele>
    <time>2024-05-03T19:57:00Z</time>
   </trkpt>
   <trkpt lat="48.7043510" lon="2.2172090">
    <ele>72.2</ele>
    <time>2024-05-03T19:57:01Z</time>
   </trkpt>
   <trkpt lat="48.7043610" lon="2.2171610">
    <ele>72.4</ele>
    <time>2024-05-03T19:57:02Z</time>
   </trkpt>
   <trkpt lat="48.7043740" lon="2.2171150">
    <ele>72.5</ele>
    <time>2024-05-03T19:57:03Z</time>
   </trkpt>
   <trkpt lat="48.7043860" lon="2.2170680">
    <ele>72.7</ele>
    <time>2024-05-03T19:57:04Z</time>
   </trkpt>
   <trkpt lat="48.7043980" lon="2.2170220">
    <ele>72.8</ele>
    <time>2024-05-03T19:57:05Z</time>
   </trkpt>
   <trkpt lat="48.7044100" lon="2.2169740">
    <ele>73.0</ele>
    <time>2024-05-03T19:57:06Z</time>
   </trkpt>
   <trkpt lat="48.7044220" lon="2.2169280">
    <ele>73.2</ele>
    <time>2024-05-03T19:57:07Z</time>
   </trkpt>
   <trkpt lat="48.7044350" lon="2.2168830">
    <ele>73.3</ele>
    <time>2024-05-03T19:57:08Z</time>
   </trkpt>
   <trkpt lat="48.7044480" lon="2.2168380">
    <ele>73.5</ele>
    <time>2024-05-03T19:57:09Z</time>
   </trkpt>
   <trkpt lat="48.7044630" lon="2.2167930">
    <ele>73.7</ele>
    <time>2024-05-03T19:57:10Z</time>
   </trkpt>
   <trkpt lat="48.7044760" lon="2.2167460">
    <ele>73.8</ele>
    <time>2024-05-03T19:57:11Z</time>
   </trkpt>
   <trkpt lat="48.7044880" lon="2.2166990">
    <ele>74.0</ele>
    <time>2024-05-03T19:57:12Z</time>
   </trkpt>
   <trkpt lat="48.7045010" lon="2.2166530">
    <ele>74.2</ele>
    <time>2024-05-03T19:57:13Z</time>
   </trkpt>
   <trkpt lat="48.7045170" lon="2.2166120">
    <ele>74.3</ele>
    <time>2024-05-03T19:57:14Z</time>
   </trkpt>
   <trkpt lat="48.7045340" lon="2.2165710">
    <ele>74.5</ele>
    <time>2024-05-03T19:57:15Z</time>
   </trkpt>
   <trkpt lat="48.7045480" lon="2.2165260">
    <ele>74.6</ele>
    <time>2024-05-03T19:57:16Z</time>
   </trkpt>
   <trkpt lat="48.7045620" lon="2.2164840">
    <ele>74.8</ele>
    <time>2024-05-03T19:57:17Z</time>
   </trkpt>
   <trkpt lat="48.7045790" lon="2.2164430">
    <ele>75.0</ele>
    <time>2024-05-03T19:57:18Z</time>
   </trkpt>
   <trkpt lat="48.7045930" lon="2.2164000">
    <ele>75.1</ele>
    <time>2024-05-03T19:57:19Z</time>
   </trkpt>
   <trkpt lat="48.7046080" lon="2.2163590">
    <ele>75.3</ele>
    <time>2024-05-03T19:57:20Z</time>
   </trkpt>
   <trkpt lat="48.7046250" lon="2.2163180">
    <ele>75.4</ele>
    <time>2024-05-03T19:57:21Z</time>
   </trkpt>
   <trkpt lat="48.7046410" lon="2.2162780">
    <ele>75.6</ele>
    <time>2024-05-03T19:57:22Z</time>
   </trkpt>
   <trkpt lat="48.7046550" lon="2.2162360">
    <ele>75.7</ele>
    <time>2024-05-03T19:57:23Z</time>
   </trkpt>
   <trkpt lat="48.7046690" lon="2.2161940">
    <ele>75.9</ele>
    <time>2024-05-03T19:57:24Z</time>
   </trkpt>
   <trkpt lat="48.7046820" lon="2.2161530">
    <ele>76.0</ele>
    <time>2024-05-03T19:57:25Z</time>
   </trkpt>
   <trkpt lat="48.7046970" lon="2.2161110">
    <ele>76.1</ele>
    <time>2024-05-03T19:57:26Z</time>
   </trkpt>
   <trkpt lat="48.7047130" lon="2.2160700">
    <ele>76.3</ele>
    <time>2024-05-03T19:57:27Z</time>
   </trkpt>
   <trkpt lat="48.7047280" lon="2.2160270">
    <ele>76.4</ele>
    <time>2024-05-03T19:57:28Z</time>
   </trkpt>
   <trkpt lat="48.7047410" lon="2.2159830">
    <ele>76.6</ele>
    <time>2024-05-03T19:57:29Z</time>
   </trkpt>
   <trkpt lat="48.7047540" lon="2.2159400">
    <ele>76.7</ele>
    <time>2024-05-03T19:57:30Z</time>
   </trkpt>
   <trkpt lat="48.7047680" lon="2.2158970">
    <ele>76.9</ele>
    <time>2024-05-03T19:57:31Z</time>
   </trkpt>
   <trkpt lat="48.7047820" lon="2.2158540">
    <ele>77.0</ele>
    <time>2024-05-03T19:57:32Z</time>
   </trkpt>
   <trkpt lat="48.7047970" lon="2.2158120">
    <ele>77.1</ele>
    <time>2024-05-03T19:57:33Z</time>
   </trkpt>
   <trkpt lat="48.7048120" lon="2.2157690">
    <ele>77.2</ele>
    <time>2024-05-03T19:57:34Z</time>
   </trkpt>
   <trkpt lat="48.7048260" lon="2.2157250">
    <ele>77.4</ele>
    <time>2024-05-03T19:57:35Z</time>
   </trkpt>
   <trkpt lat="48.7048400" lon="2.2156800">
    <ele>77.5</ele>
    <time>2024-05-03T19:57:36Z</time>
   </trkpt>
   <trkpt lat="48.7048530" lon="2.2156330">
    <ele>77.6</ele>
    <time>2024-05-03T19:57:37Z</time>
   </trkpt>
   <trkpt lat="48.7048660" lon="2.2155880">
    <ele>77.7</ele>
    <time>2024-05-03T19:57:38Z</time>
   </trkpt>
   <trkpt lat="48.7048810" lon="2.2155430">
    <ele>77.8</ele>
    <time>2024-05-03T19:57:39Z</time>
   </trkpt>
   <trkpt lat="48.7048980" lon="2.2155000">
    <ele>77.9</ele>
    <time>2024-05-03T19:57:40Z</time>
   </trkpt>
   <trkpt lat="48.7049140" lon="2.2154550">
    <ele>78.0</ele>
    <time>2024-05-03T19:57:41Z</time>
   </trkpt>
   <trkpt lat="48.7049290" lon="2.2154110">
    <ele>78.2</ele>
    <time>2024-05-03T19:57:42Z</time>
   </trkpt>
   <trkpt lat="48.7049420" lon="2.2153660">
    <ele>78.3</ele>
    <time>2024-05-03T19:57:43Z</time>
   </trkpt>
   <trkpt lat="48.7049550" lon="2.2153210">
    <ele>78.4</ele>
    <time>2024-05-03T19:57:44Z</time>
   </trkpt>
   <trkpt lat="48.7049710" lon="2.2152770">
    <ele>78.5</ele>
    <time>2024-05-03T19:57:45Z</time>
   </trkpt>
   <trkpt lat="48.7049890" lon="2.2152350">
    <ele>78.6</ele>
    <time>2024-05-03T19:57:46Z</time>
   </trkpt>
   <trkpt lat="48.7050060" lon="2.2151930">
    <ele>78.7</ele>
    <time>2024-05-03T19:57:47Z</time>
   </trkpt>
   <trkpt lat="48.7050250" lon="2.2151500">
    <ele>78.9</ele>
    <time>2024-05-03T19:57:48Z</time>
   </trkpt>
   <trkpt lat="48.7050430" lon="2.2151070">
    <ele>79.0</ele>
    <time>2024-05-03T19:57:49Z</time>
   </trkpt>
   <trkpt lat="48.7050600" lon="2.2150620">
    <ele>79.1</ele>
    <time>2024-05-03T19:57:50Z</time>
   </trkpt>
   <trkpt lat="48.7050760" lon="2.2150180">
    <ele>79.2</ele>
    <time>2024-05-03T19:57:51Z</time>
   </trkpt>
   <trkpt lat="48.7050950" lon="2.2149750">
    <ele>79.3</ele>
    <time>2024-05-03T19:57:52Z</time>
   </trkpt>
   <trkpt lat="48.7051130" lon="2.2149330">
    <ele>79.4</ele>
    <time>2024-05-03T19:57:53Z</time>
   </trkpt>
   <trkpt lat="48.7051280" lon="2.2148900">
    <ele>79.5</ele>
    <time>2024-05-03T19:57:54Z</time>
   </trkpt>
   <trkpt lat="48.7051440" lon="2.2148480">
    <ele>79.7</ele>
    <time>2024-05-03T19:57:55Z</time>
   </trkpt>
   <trkpt lat="48.7051600" lon="2.2148070">
    <ele>79.8</ele>
    <time>2024-05-03T19:57:56Z</time>
   </trkpt>
   <trkpt lat="48.7051760" lon="2.2147670">
    <ele>79.9</ele>
    <time>2024-05-03T19:57:57Z</time>
   </trkpt>
   <trkpt lat="48.7051910" lon="2.2147250">
    <ele>79.9</ele>
    <time>2024-05-03T19:57:58Z</time>
   </trkpt>
   <trkpt lat="48.7052050" lon="2.2146820">
    <ele>80.0</ele>
    <time>2024-05-03T19:57:59Z</time>
   </trkpt>
   <trkpt lat="48.7052200" lon="2.2146400">
    <ele>80.1</ele>
    <time>2024-05-03T19:58:00Z</time>
   </trkpt>
   <trkpt lat="48.7052380" lon="2.2145990">
    <ele>80.2</ele>
    <time>2024-05-03T19:58:01Z</time>
   </trkpt>
   <trkpt lat="48.7052560" lon="2.2145580">
    <ele>80.3</ele>
    <time>2024-05-03T19:58:02Z</time>
   </trkpt>
   <trkpt lat="48.7052720" lon="2.2145160">
    <ele>80.4</ele>
    <time>2024-05-03T19:58:03Z</time>
   </trkpt>
   <trkpt lat="48.7052860" lon="2.2144720">
    <ele>80.5</ele>
    <time>2024-05-03T19:58:04Z</time>
   </trkpt>
   <trkpt lat="48.7053010" lon="2.2144280">
    <ele>80.6</ele>
    <time>2024-05-03T19:58:05Z</time>
   </trkpt>
   <trkpt lat="48.7053150" lon="2.2143820">
    <ele>80.7</ele>
    <time>2024-05-03T19:58:06Z</time>
   </trkpt>
   <trkpt lat="48.7053300" lon="2.2143370">
    <ele>80.7</ele>
    <time>2024-05-03T19:58:07Z</time>
   </trkpt>
   <trkpt lat="48.7053450" lon="2.2142900">
    <ele>80.8</ele>
    <time>2024-05-03T19:58:08Z</time>
   </trkpt>
   <trkpt lat="48.7053600" lon="2.2142420">
    <ele>80.9</ele>
    <time>2024-05-03T19:58:09Z</time>
   </trkpt>
   <trkpt lat="48.7053760" lon="2.2141930">
    <ele>81.1</ele>
    <time>2024-05-03T19:58:10Z</time>
   </trkpt>
   <trkpt lat="48.7053940" lon="2.2141450">
    <ele>81.2</ele>
    <time>2024-05-03T19:58:11Z</time>
   </trkpt>
   <trkpt lat="48.7054120" lon="2.2140990">
    <ele>81.4</ele>
    <time>2024-05-03T19:58:12Z</time>
   </trkpt>
   <trkpt lat="48.7054280" lon="2.2140520">
    <ele>81.5</ele>
    <time>2024-05-03T19:58:13Z</time>
   </trkpt>
   <trkpt lat="48.7054440" lon="2.2140050">
    <ele>81.6</ele>
    <time>2024-05-03T19:58:14Z</time>
   </trkpt>
   <trkpt lat="48.7054620" lon="2.2139600">
    <ele>81.8</ele>
    <time>2024-05-03T19:58:15Z</time>
   </trkpt>
   <trkpt lat="48.7054770" lon="2.2139130">
    <ele>81.9</ele>
    <time>2024-05-03T19:58:16Z</time>
   </trkpt>
   <trkpt lat="48.7054910" lon="2.2138640">
    <ele>82.1</ele>
    <time>2024-05-03T19:58:17Z</time>
   </trkpt>
   <trkpt lat="48.7055060" lon="2.2138170">
    <ele>82.2</ele>
    <time>2024-05-03T19:58:18Z</time>
   </trkpt>
   <trkpt lat="48.7055220" lon="2.2137700">
    <ele>82.3</ele>
    <time>2024-05-03T19:58:19Z</time>
   </trkpt>
   <trkpt lat="48.7055390" lon="2.2137250">
    <ele>82.5</ele>
    <time>2024-05-03T19:58:20Z</time>
   </trkpt>
   <trkpt lat="48.7055550" lon="2.2136800">
    <ele>82.6</ele>
    <time>2024-05-03T19:58:21Z</time>
   </trkpt>
   <trkpt lat="48.7055710" lon="2.2136340">
    <ele>82.7</ele>
    <time>2024-05-03T19:58:22Z</time>
   </trkpt>
   <trkpt lat="48.7055870" lon="2.2135890">
    <ele>82.8</ele>
    <time>2024-05-03T19:58:23Z</time>
   </trkpt>
   <trkpt lat="48.7056020" lon="2.2135430">
    <ele>82.9</ele>
    <time>2024-05-03T19:58:24Z</time>
   </trkpt>
   <trkpt lat="48.7056180" lon="2.2134970">
    <ele>83.0</ele>
    <time>2024-05-03T19:58:25Z</time>
   </trkpt>
   <trkpt lat="48.7056340" lon="2.2134520">
    <ele>83.1</ele>
    <time>2024-05-03T19:58:26Z</time>
   </trkpt>
   <trkpt lat="48.7056510" lon="2.2134070">
    <ele>83.3</ele>
    <time>2024-05-03T19:58:27Z</time>
   </trkpt>
   <trkpt lat="48.7056680" lon="2.2133630">
    <ele>83.4</ele>
    <time>2024-05-03T19:58:28Z</time>
   </trkpt>
   <trkpt lat="48.7056820" lon="2.2133170">
    <ele>83.5</ele>
    <time>2024-05-03T19:58:29Z</time>
   </trkpt>
   <trkpt lat="48.7056950" lon="2.2132680">
    <ele>83.6</ele>
    <time>2024-05-03T19:58:30Z</time>
   </trkpt>
   <trkpt lat="48.7057070" lon="2.2132180">
    <ele>83.7</ele>
    <time>2024-05-03T19:58:31Z</time>
   </trkpt>
   <trkpt lat="48.7057170" lon="2.2131670">
    <ele>83.8</ele>
    <time>2024-05-03T19:58:32Z</time>
   </trkpt>
   <trkpt lat="48.7057260" lon="2.2131150">
    <ele>83.9</ele>
    <time>2024-05-03T19:58:33Z</time>
   </trkpt>
   <trkpt lat="48.7057320" lon="2.2130640">
    <ele>84.0</ele>
    <time>2024-05-03T19:58:34Z</time>
   </trkpt>
   <trkpt lat="48.7057380" lon="2.2130130">
    <ele>84.1</ele>
    <time>2024-05-03T19:58:35Z</time>
   </trkpt>
   <trkpt lat="48.7057430" lon="2.2129620">
    <ele>84.2</ele>
    <time>2024-05-03T19:58:36Z</time>
   </trkpt>
   <trkpt lat="48.7057470" lon="2.2129120">
    <ele>84.3</ele>
    <time>2024-05-03T19:58:37Z</time>
   </trkpt>
   <trkpt lat="48.7057520" lon="2.2128610">
    <ele>84.5</ele>
    <time>2024-05-03T19:58:38Z</time>
   </trkpt>
   <trkpt lat="48.7057570" lon="2.2128100">
    <ele>84.6</ele>
    <time>2024-05-03T19:58:39Z</time>
   </trkpt>
   <trkpt lat="48.7057630" lon="2.2127590">
    <ele>84.7</ele>
    <time>2024-05-03T19:58:40Z</time>
   </trkpt>
   <trkpt lat="48.7057700" lon="2.2127080">
    <ele>84.8</ele>
    <time>2024-05-03T19:58:41Z</time>
   </trkpt>
   <trkpt lat="48.7057760" lon="2.2126570">
    <ele>84.9</ele>
    <time>2024-05-03T19:58:42Z</time>
   </trkpt>
   <trkpt lat="48.7057830" lon="2.2126060">
    <ele>85.0</ele>
    <time>2024-05-03T19:58:43Z</time>
   </trkpt>
   <trkpt lat="48.7057900" lon="2.2125540">
    <ele>85.1</ele>
    <time>2024-05-03T19:58:44Z</time>
   </trkpt>
   <trkpt lat="48.7058000" lon="2.2125030">
    <ele>85.2</ele>
    <time>2024-05-03T19:58:45Z</time>
   </trkpt>
   <trkpt lat="48.7058070" lon="2.2124500">
    <ele>85.3</ele>
    <time>2024-05-03T19:58:46Z</time>
   </trkpt>
   <trkpt lat="48.7058150" lon="2.2123990">
    <ele>85.4</ele>
    <time>2024-05-03T19:58:47Z</time>
   </trkpt>
   <trkpt lat="48.7058250" lon="2.2123460">
    <ele>85.5</ele>
    <time>2024-05-03T19:58:48Z</time>
   </trkpt>
   <trkpt lat="48.7058320" lon="2.2122920">
    <ele>85.6</ele>
    <time>2024-05-03T19:58:49Z</time>
   </trkpt>
   <trkpt lat="48.7058380" lon="2.2122380">
    <ele>85.7</ele>
    <time>2024-05-03T19:58:50Z</time>
   </trkpt>
   <trkpt lat="48.7058470" lon="2.2121830">
    <ele>85.8</ele>
    <time>2024-05-03T19:58:51Z</time>
   </trkpt>
   <trkpt lat="48.7058550" lon="2.2121260">
    <ele>85.9</ele>
    <time>2024-05-03T19:58:52Z</time>
   </trkpt>
   <trkpt lat="48.7058600" lon="2.2120680">
    <ele>86.0</ele>
    <time>2024-05-03T19:58:53Z</time>
   </trkpt>
   <trkpt lat="48.7058660" lon="2.2120110">
    <ele>86.0</ele>
    <time>2024-05-03T19:58:54Z</time>
   </trkpt>
   <trkpt lat="48.7058730" lon="2.2119550">
    <ele>86.0</ele>
    <time>2024-05-03T19:58:55Z</time>
   </trkpt>
   <trkpt lat="48.7058790" lon="2.2119000">
    <ele>86.0</ele>
    <time>2024-05-03T19:58:56Z</time>
   </trkpt>
   <trkpt lat="48.7058840" lon="2.2118440">
    <ele>86.0</ele>
    <time>2024-05-03T19:58:57Z</time>
   </trkpt>
   <trkpt lat="48.7058910" lon="2.2117870">
    <ele>85.9</ele>
    <time>2024-05-03T19:58:58Z</time>
   </trkpt>
   <trkpt lat="48.7058980" lon="2.2117280">
    <ele>85.9</ele>
    <time>2024-05-03T19:58:59Z</time>
   </trkpt>
   <trkpt lat="48.7059070" lon="2.2116670">
    <ele>85.8</ele>
    <time>2024-05-03T19:59:00Z</time>
   </trkpt>
   <trkpt lat="48.7059150" lon="2.2116040">
    <ele>85.8</ele>
    <time>2024-05-03T19:59:01Z</time>
   </trkpt>
   <trkpt lat="48.7059220" lon="2.2115390">
    <ele>85.7</ele>
    <time>2024-05-03T19:59:02Z</time>
   </trkpt>
   <trkpt lat="48.7059290" lon="2.2114730">
    <ele>85.6</ele>
    <time>2024-05-03T19:59:03Z</time>
   </trkpt>
   <trkpt lat="48.7059340" lon="2.2114050">
    <ele>85.5</ele>
    <time>2024-05-03T19:59:04Z</time>
   </trkpt>
   <trkpt lat="48.7059400" lon="2.2113360">
    <ele>85.4</ele>
    <time>2024-05-03T19:59:05Z</time>
   </trkpt>
   <trkpt lat="48.7059450" lon="2.2112680">
    <ele>85.3</ele>
    <time>2024-05-03T19:59:06Z</time>
   </trkpt>
   <trkpt lat="48.7059510" lon="2.2111980">
    <ele>85.2</ele>
    <time>2024-05-03T19:59:07Z</time>
   </trkpt>
   <trkpt lat="48.7059590" lon="2.2111270">
    <ele>85.0</ele>
    <time>2024-05-03T19:59:08Z</time>
   </trkpt>
   <trkpt lat="48.7059640" lon="2.2110540">
    <ele>84.8</ele>
    <time>2024-05-03T19:59:09Z</time>
   </trkpt>
   <trkpt lat="48.7059630" lon="2.2109810">
    <ele>84.6</ele>
    <time>2024-05-03T19:59:10Z</time>
   </trkpt>
   <trkpt lat="48.7059470" lon="2.2109160">
    <ele>84.3</ele>
    <time>2024-05-03T19:59:11Z</time>
   </trkpt>
   <trkpt lat="48.7059200" lon="2.2108600">
    <ele>84.1</ele>
    <time>2024-05-03T19:59:12Z</time>
   </trkpt>
   <trkpt lat="48.7058830" lon="2.2108080">
    <ele>83.9</ele>
    <time>2024-05-03T19:59:13Z</time>
   </trkpt>
   <trkpt lat="48.7058440" lon="2.2107550">
    <ele>83.6</ele>
    <time>2024-05-03T19:59:14Z</time>
   </trkpt>
   <trkpt lat="48.7057980" lon="2.2106900">
    <ele>82.8</ele>
    <time>2024-05-03T19:59:15Z</time>
   </trkpt>
   <trkpt lat="48.7057490" lon="2.2106160">
    <ele>82.0</ele>
    <time>2024-05-03T19:59:16Z</time>
   </trkpt>
   <trkpt lat="48.7056960" lon="2.2105370">
    <ele>81.1</ele>
    <time>2024-05-03T19:59:17Z</time>
   </trkpt>
   <trkpt lat="48.7056410" lon="2.2104490">
    <ele>80.1</ele>
    <time>2024-05-03T19:59:18Z</time>
   </trkpt>
   <trkpt lat="48.7055840" lon="2.2103570">
    <ele>79.2</ele>
    <time>2024-05-03T19:59:19Z</time>
   </trkpt>
   <trkpt lat="48.7055210" lon="2.2102590">
    <ele>78.2</ele>
    <time>2024-05-03T19:59:20Z</time>
   </trkpt>
   <trkpt lat="48.7054550" lon="2.2101600">
    <ele>77.2</ele>
    <time>2024-05-03T19:59:21Z</time>
   </trkpt>
   <trkpt lat="48.7053860" lon="2.2100540">
    <ele>76.3</ele>
    <time>2024-05-03T19:59:22Z</time>
   </trkpt>
   <trkpt lat="48.7053140" lon="2.2099450">
    <ele>75.4</ele>
    <time>2024-05-03T19:59:23Z</time>
   </trkpt>
   <trkpt lat="48.7052450" lon="2.2098330">
    <ele>74.6</ele>
    <time>2024-05-03T19:59:24Z</time>
   </trkpt>
   <trkpt lat="48.7051780" lon="2.2097190">
    <ele>73.8</ele>
    <time>2024-05-03T19:59:25Z</time>
   </trkpt>
   <trkpt lat="48.7051120" lon="2.2096070">
    <ele>73.0</ele>
    <time>2024-05-03T19:59:26Z</time>
   </trkpt>
   <trkpt lat="48.7050560" lon="2.2094980">
    <ele>72.2</ele>
    <time>2024-05-03T19:59:27Z</time>
   </trkpt>
   <trkpt lat="48.7050060" lon="2.2093910">
    <ele>71.6</ele>
    <time>2024-05-03T19:59:28Z</time>
   </trkpt>
   <trkpt lat="48.7049660" lon="2.2092930">
    <ele>71.0</ele>
    <time>2024-05-03T19:59:29Z</time>
   </trkpt>
   <trkpt lat="48.7049350" lon="2.2092060">
    <ele>70.5</ele>
    <time>2024-05-03T19:59:30Z</time>
   </trkpt>
   <trkpt lat="48.7049040" lon="2.2091280">
    <ele>70.1</ele>
    <time>2024-05-03T19:59:31Z</time>
   </trkpt>
   <trkpt lat="48.7048740" lon="2.2090450">
    <ele>69.7</ele>
    <time>2024-05-03T19:59:32Z</time>
   </trkpt>
   <trkpt lat="48.7048430" lon="2.2089570">
    <ele>69.2</ele>
    <time>2024-05-03T19:59:33Z</time>
   </trkpt>
   <trkpt lat="48.7048080" lon="2.2088660">
    <ele>68.8</ele>
    <time>2024-05-03T19:59:34Z</time>
   </trkpt>
   <trkpt lat="48.7047730" lon="2.2087710">
    <ele>68.3</ele>
    <time>2024-05-03T19:59:35Z</time>
   </trkpt>
   <trkpt lat="48.7047350" lon="2.2086770">
    <ele>67.9</ele>
    <time>2024-05-03T19:59:36Z</time>
   </trkpt>
   <trkpt lat="48.7046940" lon="2.2085790">
    <ele>67.5</ele>
    <time>2024-05-03T19:59:37Z</time>
   </trkpt>
   <trkpt lat="48.7046560" lon="2.2084790">
    <ele>67.0</ele>
    <time>2024-05-03T19:59:38Z</time>
   </trkpt>
   <trkpt lat="48.7046210" lon="2.2083700">
    <ele>66.6</ele>
    <time>2024-05-03T19:59:39Z</time>
   </trkpt>
   <trkpt lat="48.7045850" lon="2.2082590">
    <ele>66.1</ele>
    <time>2024-05-03T19:59:40Z</time>
   </trkpt>
   <trkpt lat="48.7045480" lon="2.2081470">
    <ele>65.7</ele>
    <time>2024-05-03T19:59:41Z</time>
   </trkpt>
   <trkpt lat="48.7045110" lon="2.2080320">
    <ele>65.2</ele>
    <time>2024-05-03T19:59:42Z</time>
   </trkpt>
   <trkpt lat="48.7044730" lon="2.2079150">
    <ele>64.8</ele>
    <time>2024-05-03T19:59:43Z</time>
   </trkpt>
   <trkpt lat="48.7044340" lon="2.2077950">
    <ele>64.3</ele>
    <time>2024-05-03T19:59:44Z</time>
   </trkpt>
   <trkpt lat="48.7043980" lon="2.2076750">
    <ele>63.9</ele>
    <time>2024-05-03T19:59:45Z</time>
   </trkpt>
   <trkpt lat="48.7043630" lon="2.2075580">
    <ele>63.5</ele>
    <time>2024-05-03T19:59:46Z</time>
   </trkpt>
   <trkpt lat="48.7043300" lon="2.2074470">
    <ele>63.1</ele>
    <time>2024-05-03T19:59:47Z</time>
   </trkpt>
   <trkpt lat="48.7042950" lon="2.2073390">
    <ele>62.8</ele>
    <time>2024-05-03T19:59:48Z</time>
   </trkpt>
   <trkpt lat="48.7042550" lon="2.2072360">
    <ele>62.4</ele>
    <time>2024-05-03T19:59:49Z</time>
   </trkpt>
   <trkpt lat="48.7042140" lon="2.2071340">
    <ele>62.1</ele>
    <time>2024-05-03T19:59:50Z</time>
   </trkpt>
   <trkpt lat="48.7041710" lon="2.2070250">
    <ele>61.7</ele>
    <time>2024-05-03T19:59:51Z</time>
   </trkpt>
   <trkpt lat="48.7041330" lon="2.2069120">
    <ele>61.3</ele>
    <time>2024-05-03T19:59:52Z</time>
   </trkpt>
   <trkpt lat="48.7040940" lon="2.2067980">
    <ele>60.9</ele>
    <time>2024-05-03T19:59:53Z</time>
   </trkpt>
   <trkpt lat="48.7040560" lon="2.2066810">
    <ele>60.6</ele>
    <time>2024-05-03T19:59:54Z</time>
   </trkpt>
   <trkpt lat="48.7040170" lon="2.2065640">
    <ele>60.2</ele>
    <time>2024-05-03T19:59:55Z</time>
   </trkpt>
   <trkpt lat="48.7039770" lon="2.2064480">
    <ele>59.8</ele>
    <time>2024-05-03T19:59:56Z</time>
   </trkpt>
   <trkpt lat="48.7039360" lon="2.2063310">
    <ele>59.5</ele>
    <time>2024-05-03T19:59:57Z</time>
   </trkpt>
   <trkpt lat="48.7038990" lon="2.2062060">
    <ele>59.1</ele>
    <time>2024-05-03T19:59:58Z</time>
   </trkpt>
   <trkpt lat="48.7038640" lon="2.2060830">
    <ele>58.8</ele>
    <time>2024-05-03T19:59:59Z</time>
   </trkpt>
   <trkpt lat="48.7038260" lon="2.2059610">
    <ele>58.4</ele>
    <time>2024-05-03T20:00:00Z</time>
   </trkpt>
   <trkpt lat="48.7037870" lon="2.2058380">
    <ele>58.1</ele>
    <time>2024-05-03T20:00:01Z</time>
   </trkpt>
   <trkpt lat="48.7037480" lon="2.2057190">
    <ele>57.8</ele>
    <time>2024-05-03T20:00:02Z</time>
   </trkpt>
   <trkpt lat="48.7037090" lon="2.2055970">
    <ele>57.5</ele>
    <time>2024-05-03T20:00:03Z</time>
   </trkpt>
   <trkpt lat="48.7036700" lon="2.2054750">
    <ele>57.2</ele>
    <time>2024-05-03T20:00:04Z</time>
   </trkpt>
   <trkpt lat="48.7036280" lon="2.2053550">
    <ele>57.1</ele>
    <time>2024-05-03T20:00:05Z</time>
   </trkpt>
   <trkpt lat="48.7035860" lon="2.2052390">
    <ele>57.1</ele>
    <time>2024-05-03T20:00:06Z</time>
   </trkpt>
   <trkpt lat="48.7035470" lon="2.2051240">
    <ele>57.0</ele>
    <time>2024-05-03T20:00:07Z</time>
   </trkpt>
   <trkpt lat="48.7035100" lon="2.2050090">
    <ele>57.0</ele>
    <time>2024-05-03T20:00:08Z</time>
   </trkpt>
   <trkpt lat="48.7034730" lon="2.2048990">
    <ele>56.9</ele>
    <time>2024-05-03T20:00:09Z</time>
   </trkpt>
   <trkpt lat="48.7034360" lon="2.2047940">
    <ele>56.9</ele>
    <time>2024-05-03T20:00:10Z</time>
   </trkpt>
   <trkpt lat="48.7034030" lon="2.2046890">
    <ele>56.9</ele>
    <time>2024-05-03T20:00:11Z</time>
   </trkpt>
   <trkpt lat="48.7033710" lon="2.2045890">
    <ele>56.9</ele>
    <time>2024-05-03T20:00:12Z</time>
   </trkpt>
   <trkpt lat="48.7033380" lon="2.2044930">
    <ele>56.9</ele>
    <time>2024-05-03T20:00:13Z</time>
   </trkpt>
   <trkpt lat="48.7033020" lon="2.2043990">
    <ele>56.9</ele>
    <time>2024-05-03T20:00:14Z</time>
   </trkpt>
   <trkpt lat="48.7032710" lon="2.2043040">
    <ele>56.9</ele>
    <time>2024-05-03T20:00:15Z</time>
   </trkpt>
   <trkpt lat="48.7032380" lon="2.2042110">
    <ele>56.9</ele>
    <time>2024-05-03T20:00:16Z</time>
   </trkpt>
   <trkpt lat="48.7032090" lon="2.2041230">
    <ele>56.9</ele>
    <time>2024-05-03T20:00:17Z</time>
   </trkpt>
   <trkpt lat="48.7031790" lon="2.2040340">
    <ele>56.8</ele>
    <time>2024-05-03T20:00:18Z</time>
   </trkpt>
   <trkpt lat="48.7031490" lon="2.2039470">
    <ele>56.8</ele>
    <time>2024-05-03T20:00:19Z</time>
   </trkpt>
   <trkpt lat="48.7031210" lon="2.2038550">
    <ele>56.8</ele>
    <time>2024-05-03T20:00:20Z</time>
   </trkpt>
   <trkpt lat="48.7030910" lon="2.2037630">
    <ele>56.8</ele>
    <time>2024-05-03T20:00:21Z</time>
   </trkpt>
   <trkpt lat="48.7030610" lon="2.2036720">
    <ele>56.8</ele>
    <time>2024-05-03T20:00:22Z</time>
   </trkpt>
   <trkpt lat="48.7030340" lon="2.2035820">
    <ele>56.8</ele>
    <time>2024-05-03T20:00:23Z</time>
   </trkpt>
   <trkpt lat="48.7030110" lon="2.2034950">
    <ele>56.7</ele>
    <time>2024-05-03T20:00:24Z</time>
   </trkpt>
   <trkpt lat="48.7029860" lon="2.2034100">
    <ele>56.7</ele>
    <time>2024-05-03T20:00:25Z</time>
   </trkpt>
   <trkpt lat="48.7029580" lon="2.2033290">
    <ele>56.7</ele>
    <time>2024-05-03T20:00:26Z</time>
   </trkpt>
   <trkpt lat="48.7029290" lon="2.2032530">
    <ele>56.7</ele>
    <time>2024-05-03T20:00:27Z</time>
   </trkpt>
   <trkpt lat="48.7028980" lon="2.2031770">
    <ele>56.7</ele>
    <time>2024-05-03T20:00:28Z</time>
   </trkpt>
   <trkpt lat="48.7028610" lon="2.2031030">
    <ele>56.6</ele>
    <time>2024-05-03T20:00:29Z</time>
   </trkpt>
   <trkpt lat="48.7028320" lon="2.2030210">
    <ele>56.6</ele>
    <time>2024-05-03T20:00:30Z</time>
   </trkpt>
   <trkpt lat="48.7028080" lon="2.2029370">
    <ele>56.6</ele>
    <time>2024-05-03T20:00:31Z</time>
   </trkpt>
   <trkpt lat="48.7027830" lon="2.2028540">
    <ele>56.6</ele>
    <time>2024-05-03T20:00:32Z</time>
   </trkpt>
   <trkpt lat="48.7027560" lon="2.2027760">
    <ele>56.6</ele>
    <time>2024-05-03T20:00:33Z</time>
   </trkpt>
   <trkpt lat="48.7027280" lon="2.2026980">
    <ele>56.6</ele>
    <time>2024-05-03T20:00:34Z</time>
   </trkpt>
   <trkpt lat="48.7026980" lon="2.2026190">
    <ele>56.6</ele>
    <time>2024-05-03T20:00:35Z</time>
   </trkpt>
   <trkpt lat="48.7026650" lon="2.2025400">
    <ele>56.5</ele>
    <time>2024-05-03T20:00:36Z</time>
   </trkpt>
   <trkpt lat="48.7026410" lon="2.2024530">
    <ele>56.5</ele>
    <time>2024-05-03T20:00:37Z</time>
   </trkpt>
   <trkpt lat="48.7026280" lon="2.2023610">
    <ele>56.5</ele>
    <time>2024-05-03T20:00:38Z</time>
   </trkpt>
   <trkpt lat="48.7026140" lon="2.2022660">
    <ele>56.5</ele>
    <time>2024-05-03T20:00:39Z</time>
   </trkpt>
   <trkpt lat="48.7026000" lon="2.2021700">
    <ele>56.5</ele>
    <time>2024-05-03T20:00:40Z</time>
   </trkpt>
   <trkpt lat="48.7025830" lon="2.2020750">
    <ele>56.5</ele>
    <time>2024-05-03T20:00:41Z</time>
   </trkpt>
   <trkpt lat="48.7025610" lon="2.2019810">
    <ele>56.5</ele>
    <time>2024-05-03T20:00:42Z</time>
   </trkpt>
   <trkpt lat="48.7025410" lon="2.2018890">
    <ele>56.5</ele>
    <time>2024-05-03T20:00:43Z</time>
   </trkpt>
   <trkpt lat="48.7025240" lon="2.2017990">
    <ele>56.5</ele>
    <time>2024-05-03T20:00:44Z</time>
   </trkpt>
   <trkpt lat="48.7025050" lon="2.2017100">
    <ele>56.5</ele>
    <time>2024-05-03T20:00:45Z</time>
   </trkpt>
   <trkpt lat="48.7024850" lon="2.2016240">
    <ele>56.5</ele>
    <time>2024-05-03T20:00:46Z</time>
   </trkpt>
   <trkpt lat="48.7024690" lon="2.2015390">
    <ele>56.5</ele>
    <time>2024-05-03T20:00:47Z</time>
   </trkpt>
   <trkpt lat="48.7024520" lon="2.2014520">
    <ele>56.5</ele>
    <time>2024-05-03T20:00:48Z</time>
   </trkpt>
   <trkpt lat="48.7024320" lon="2.2013680">
    <ele>56.5</ele>
    <time>2024-05-03T20:00:49Z</time>
   </trkpt>
   <trkpt lat="48.7024150" lon="2.2012820">
    <ele>56.5</ele>
    <time>2024-05-03T20:00:50Z</time>
   </trkpt>
   <trkpt lat="48.7023970" lon="2.2011950">
    <ele>56.5</ele>
    <time>2024-05-03T20:00:51Z</time>
   </trkpt>
   <trkpt lat="48.7023790" lon="2.2011120">
    <ele>56.5</ele>
    <time>2024-05-03T20:00:52Z</time>
   </trkpt>
   <trkpt lat="48.7023610" lon="2.2010290">
    <ele>56.5</ele>
    <time>2024-05-03T20:00:53Z</time>
   </trkpt>
   <trkpt lat="48.7023450" lon="2.2009410">
    <ele>56.5</ele>
    <time>2024-05-03T20:00:54Z</time>
   </trkpt>
   <trkpt lat="48.7023240" lon="2.2008550">
    <ele>56.5</ele>
    <time>2024-05-03T20:00:55Z</time>
   </trkpt>
   <trkpt lat="48.7023010" lon="2.2007720">
    <ele>56.4</ele>
    <time>2024-05-03T20:00:56Z</time>
   </trkpt>
   <trkpt lat="48.7022800" lon="2.2006870">
    <ele>56.4</ele>
    <time>2024-05-03T20:00:57Z</time>
   </trkpt>
   <trkpt lat="48.7022620" lon="2.2005970">
    <ele>56.4</ele>
    <time>2024-05-03T20:00:58Z</time>
   </trkpt>
   <trkpt lat="48.7022450" lon="2.2005060">
    <ele>56.4</ele>
    <time>2024-05-03T20:00:59Z</time>
   </trkpt>
   <trkpt lat="48.7022270" lon="2.2004120">
    <ele>56.3</ele>
    <time>2024-05-03T20:01:00Z</time>
   </trkpt>
   <trkpt lat="48.7022100" lon="2.2003210">
    <ele>56.3</ele>
    <time>2024-05-03T20:01:01Z</time>
   </trkpt>
   <trkpt lat="48.7021950" lon="2.2002310">
    <ele>56.3</ele>
    <time>2024-05-03T20:01:02Z</time>
   </trkpt>
   <trkpt lat="48.7021770" lon="2.2001460">
    <ele>56.3</ele>
    <time>2024-05-03T20:01:03Z</time>
   </trkpt>
   <trkpt lat="48.7021610" lon="2.2000570">
    <ele>56.4</ele>
    <time>2024-05-03T20:01:04Z</time>
   </trkpt>
   <trkpt lat="48.7021430" lon="2.1999710">
    <ele>56.4</ele>
    <time>2024-05-03T20:01:05Z</time>
   </trkpt>
   <trkpt lat="48.7021220" lon="2.1998890">
    <ele>56.4</ele>
    <time>2024-05-03T20:01:06Z</time>
   </trkpt>
   <trkpt lat="48.7021040" lon="2.1998050">
    <ele>56.4</ele>
    <time>2024-05-03T20:01:07Z</time>
   </trkpt>
   <trkpt lat="48.7020850" lon="2.1997220">
    <ele>56.5</ele>
    <time>2024-05-03T20:01:08Z</time>
   </trkpt>
   <trkpt lat="48.7020630" lon="2.1996410">
    <ele>56.5</ele>
    <time>2024-05-03T20:01:09Z</time>
   </trkpt>
   <trkpt lat="48.7020440" lon="2.1995600">
    <ele>56.5</ele>
    <time>2024-05-03T20:01:10Z</time>
   </trkpt>
   <trkpt lat="48.7020310" lon="2.1994800">
    <ele>56.5</ele>
    <time>2024-05-03T20:01:11Z</time>
   </trkpt>
   <trkpt lat="48.7020150" lon="2.1994020">
    <ele>56.5</ele>
    <time>2024-05-03T20:01:12Z</time>
   </trkpt>
   <trkpt lat="48.7020000" lon="2.1993270">
    <ele>56.5</ele>
    <time>2024-05-03T20:01:13Z</time>
   </trkpt>
   <trkpt lat="48.7019830" lon="2.1992540">
    <ele>56.5</ele>
    <time>2024-05-03T20:01:14Z</time>
   </trkpt>
   <trkpt lat="48.7019670" lon="2.1991810">
    <ele>56.6</ele>
    <time>2024-05-03T20:01:15Z</time>
   </trkpt>
   <trkpt lat="48.7019530" lon="2.1991090">
    <ele>56.6</ele>
    <time>2024-05-03T20:01:16Z</time>
   </trkpt>
   <trkpt lat="48.7019360" lon="2.1990380">
    <ele>56.6</ele>
    <time>2024-05-03T20:01:17Z</time>
   </trkpt>
   <trkpt lat="48.7019190" lon="2.1989670">
    <ele>56.7</ele>
    <time>2024-05-03T20:01:18Z</time>
   </trkpt>
   <trkpt lat="48.7019030" lon="2.1989010">
    <ele>56.7</ele>
    <time>2024-05-03T20:01:19Z</time>
   </trkpt>
   <trkpt lat="48.7018870" lon="2.1988380">
    <ele>56.8</ele>
    <time>2024-05-03T20:01:20Z</time>
   </trkpt>
   <trkpt lat="48.7018730" lon="2.1987750">
    <ele>56.8</ele>
    <time>2024-05-03T20:01:21Z</time>
   </trkpt>
   <trkpt lat="48.7018610" lon="2.1987110">
    <ele>56.8</ele>
    <time>2024-05-03T20:01:22Z</time>
   </trkpt>
   <trkpt lat="48.7018480" lon="2.1986480">
    <ele>56.9</ele>
    <time>2024-05-03T20:01:23Z</time>
   </trkpt>
   <trkpt lat="48.7018350" lon="2.1985880">
    <ele>56.9</ele>
    <time>2024-05-03T20:01:24Z</time>
   </trkpt>
   <trkpt lat="48.7018220" lon="2.1985300">
    <ele>57.0</ele>
    <time>2024-05-03T20:01:25Z</time>
   </trkpt>
   <trkpt lat="48.7018030" lon="2.1984770">
    <ele>57.0</ele>
    <time>2024-05-03T20:01:26Z</time>
   </trkpt>
   <trkpt lat="48.7017790" lon="2.1984270">
    <ele>57.0</ele>
    <time>2024-05-03T20:01:27Z</time>
   </trkpt>
   <trkpt lat="48.7017530" lon="2.1983770">
    <ele>57.0</ele>
    <time>2024-05-03T20:01:28Z</time>
   </trkpt>
   <trkpt lat="48.7017290" lon="2.1983250">
    <ele>57.1</ele>
    <time>2024-05-03T20:01:29Z</time>
   </trkpt>
   <trkpt lat="48.7016990" lon="2.1982800">
    <ele>57.1</ele>
    <time>2024-05-03T20:01:30Z</time>
   </trkpt>
   <trkpt lat="48.7016670" lon="2.1982390">
    <ele>57.2</ele>
    <time>2024-05-03T20:01:31Z</time>
   </trkpt>
   <trkpt lat="48.7016360" lon="2.1982020">
    <ele>57.2</ele>
    <time>2024-05-03T20:01:32Z</time>
   </trkpt>
   <trkpt lat="48.7016060" lon="2.1981680">
    <ele>57.2</ele>
    <time>2024-05-03T20:01:33Z</time>
   </trkpt>
   <trkpt lat="48.7015840" lon="2.1981280">
    <ele>57.2</ele>
    <time>2024-05-03T20:01:34Z</time>
   </trkpt>
   <trkpt lat="48.7015710" lon="2.1980880">
    <ele>57.2</ele>
    <time>2024-05-03T20:01:35Z</time>
   </trkpt>
   <trkpt lat="48.7015640" lon="2.1980590">
    <ele>57.2</ele>
    <time>2024-05-03T20:01:36Z</time>
   </trkpt>
   <trkpt lat="48.7015550" lon="2.1980430">
    <ele>57.2</ele>
    <time>2024-05-03T20:01:37Z</time>
   </trkpt>
   <trkpt lat="48.7015440" lon="2.1980270">
    <ele>57.2</ele>
    <time>2024-05-03T20:01:38Z</time>
   </trkpt>
   <trkpt lat="48.7015330" lon="2.1980050">
    <ele>57.2</ele>
    <time>2024-05-03T20:01:39Z</time>
   </trkpt>
   <trkpt lat="48.7015040" lon="2.1979790">
    <ele>57.2</ele>
    <time>2024-05-03T20:01:40Z</time>
   </trkpt>
   <trkpt lat="48.7014920" lon="2.1979720">
    <ele>57.2</ele>
    <time>2024-05-03T20:01:41Z</time>
   </trkpt>
   <trkpt lat="48.7014540" lon="2.1979650">
    <ele>57.2</ele>
    <time>2024-05-03T20:01:42Z</time>
   </trkpt>
   <trkpt lat="48.7014410" lon="2.1979640">
    <ele>57.2</ele>
    <time>2024-05-03T20:01:43Z</time>
   </trkpt>
   <trkpt lat="48.7014210" lon="2.1979350">
    <ele>57.2</ele>
    <time>2024-05-03T20:01:44Z</time>
   </trkpt>
   <trkpt lat="48.7014040" lon="2.1978950">
    <ele>57.2</ele>
    <time>2024-05-03T20:01:45Z</time>
   </trkpt>
   <trkpt lat="48.7013880" lon="2.1978540">
    <ele>57.2</ele>
    <time>2024-05-03T20:01:46Z</time>
   </trkpt>
   <trkpt lat="48.7013760" lon="2.1978080">
    <ele>57.2</ele>
    <time>2024-05-03T20:01:47Z</time>
   </trkpt>
   <trkpt lat="48.7013700" lon="2.1977570">
    <ele>57.2</ele>
    <time>2024-05-03T20:01:48Z</time>
   </trkpt>
   <trkpt lat="48.7013700" lon="2.1977030">
    <ele>57.3</ele>
    <time>2024-05-03T20:01:49Z</time>
   </trkpt>
   <trkpt lat="48.7013710" lon="2.1976490">
    <ele>57.3</ele>
    <time>2024-05-03T20:01:50Z</time>
   </trkpt>
   <trkpt lat="48.7013700" lon="2.1975940">
    <ele>57.3</ele>
    <time>2024-05-03T20:01:51Z</time>
   </trkpt>
   <trkpt lat="48.7013660" lon="2.1975370">
    <ele>57.3</ele>
    <time>2024-05-03T20:01:52Z</time>
   </trkpt>
   <trkpt lat="48.7013570" lon="2.1974790">
    <ele>57.3</ele>
    <time>2024-05-03T20:01:53Z</time>
   </trkpt>
   <trkpt lat="48.7013440" lon="2.1974230">
    <ele>57.3</ele>
    <time>2024-05-03T20:01:54Z</time>
   </trkpt>
   <trkpt lat="48.7013270" lon="2.1973730">
    <ele>57.3</ele>
    <time>2024-05-03T20:01:55Z</time>
   </trkpt>
   <trkpt lat="48.7013050" lon="2.1973300">
    <ele>57.3</ele>
    <time>2024-05-03T20:01:56Z</time>
   </trkpt>
   <trkpt lat="48.7012800" lon="2.1972930">
    <ele>57.3</ele>
    <time>2024-05-03T20:01:57Z</time>
   </trkpt>
   <trkpt lat="48.7012570" lon="2.1972600">
    <ele>57.3</ele>
    <time>2024-05-03T20:01:58Z</time>
   </trkpt>
   <trkpt lat="48.7012420" lon="2.1972210">
    <ele>57.3</ele>
    <time>2024-05-03T20:01:59Z</time>
   </trkpt>
   <trkpt lat="48.7012290" lon="2.1971750">
    <ele>57.3</ele>
    <time>2024-05-03T20:02:00Z</time>
   </trkpt>
   <trkpt lat="48.7012160" lon="2.1971260">
    <ele>57.3</ele>
    <time>2024-05-03T20:02:01Z</time>
   </trkpt>
   <trkpt lat="48.7012100" lon="2.1970740">
    <ele>57.3</ele>
    <time>2024-05-03T20:02:02Z</time>
   </trkpt>
   <trkpt lat="48.7012100" lon="2.1970210">
    <ele>57.3</ele>
    <time>2024-05-03T20:02:03Z</time>
   </trkpt>
   <trkpt lat="48.7012090" lon="2.1969680">
    <ele>57.3</ele>
    <time>2024-05-03T20:02:04Z</time>
   </trkpt>
   <trkpt lat="48.7012060" lon="2.1969110">
    <ele>57.3</ele>
    <time>2024-05-03T20:02:05Z</time>
   </trkpt>
   <trkpt lat="48.7011990" lon="2.1968530">
    <ele>57.3</ele>
    <time>2024-05-03T20:02:06Z</time>
   </trkpt>
   <trkpt lat="48.7011860" lon="2.1967960">
    <ele>57.3</ele>
    <time>2024-05-03T20:02:07Z</time>
   </trkpt>
   <trkpt lat="48.7011680" lon="2.1967380">
    <ele>57.3</ele>
    <time>2024-05-03T20:02:08Z</time>
   </trkpt>
   <trkpt lat="48.7011440" lon="2.1966840">
    <ele>57.3</ele>
    <time>2024-05-03T20:02:09Z</time>
   </trkpt>
   <trkpt lat="48.7011170" lon="2.1966300">
    <ele>57.3</ele>
    <time>2024-05-03T20:02:10Z</time>
   </trkpt>
   <trkpt lat="48.7010920" lon="2.1965680">
    <ele>57.3</ele>
    <time>2024-05-03T20:02:11Z</time>
   </trkpt>
   <trkpt lat="48.7010820" lon="2.1964960">
    <ele>57.3</ele>
    <time>2024-05-03T20:02:12Z</time>
   </trkpt>
   <trkpt lat="48.7010730" lon="2.1964230">
    <ele>57.3</ele>
    <time>2024-05-03T20:02:13Z</time>
   </trkpt>
   <trkpt lat="48.7010630" lon="2.1963470">
    <ele>57.3</ele>
    <time>2024-05-03T20:02:14Z</time>
   </trkpt>
   <trkpt lat="48.7010520" lon="2.1962720">
    <ele>57.3</ele>
    <time>2024-05-03T20:02:15Z</time>
   </trkpt>
   <trkpt lat="48.7010390" lon="2.1961980">
    <ele>57.3</ele>
    <time>2024-05-03T20:02:16Z</time>
   </trkpt>
   <trkpt lat="48.7010220" lon="2.1961250">
    <ele>57.3</ele>
    <time>2024-05-03T20:02:17Z</time>
   </trkpt>
   <trkpt lat="48.7010040" lon="2.1960530">
    <ele>57.3</ele>
    <time>2024-05-03T20:02:18Z</time>
   </trkpt>
   <trkpt lat="48.7009880" lon="2.1959810">
    <ele>57.3</ele>
    <time>2024-05-03T20:02:19Z</time>
   </trkpt>
   <trkpt lat="48.7009730" lon="2.1959100">
    <ele>57.3</ele>
    <time>2024-05-03T20:02:20Z</time>
   </trkpt>
   <trkpt lat="48.7009550" lon="2.1958420">
    <ele>57.3</ele>
    <time>2024-05-03T20:02:21Z</time>
   </trkpt>
   <trkpt lat="48.7009410" lon="2.1957750">
    <ele>57.3</ele>
    <time>2024-05-03T20:02:22Z</time>
   </trkpt>
   <trkpt lat="48.7009310" lon="2.1957060">
    <ele>57.4</ele>
    <time>2024-05-03T20:02:23Z</time>
   </trkpt>
   <trkpt lat="48.7009220" lon="2.1956400">
    <ele>57.4</ele>
    <time>2024-05-03T20:02:24Z</time>
   </trkpt>
   <trkpt lat="48.7009130" lon="2.1955830">
    <ele>57.4</ele>
    <time>2024-05-03T20:02:25Z</time>
   </trkpt>
   <trkpt lat="48.7008950" lon="2.1955470">
    <ele>57.4</ele>
    <time>2024-05-03T20:02:26Z</time>
   </trkpt>
   <trkpt lat="48.7008660" lon="2.1955440">
    <ele>57.5</ele>
    <time>2024-05-03T20:02:27Z</time>
   </trkpt>
   <trkpt lat="48.7008340" lon="2.1955560">
    <ele>57.5</ele>
    <time>2024-05-03T20:02:28Z</time>
   </trkpt>
   <trkpt lat="48.7008040" lon="2.1955670">
    <ele>57.6</ele>
    <time>2024-05-03T20:02:29Z</time>
   </trkpt>
   <trkpt lat="48.7007740" lon="2.1955740">
    <ele>57.6</ele>
    <time>2024-05-03T20:02:30Z</time>
   </trkpt>
   <trkpt lat="48.7007450" lon="2.1955850">
    <ele>57.7</ele>
    <time>2024-05-03T20:02:31Z</time>
   </trkpt>
   <trkpt lat="48.7007150" lon="2.1955870">
    <ele>57.7</ele>
    <time>2024-05-03T20:02:32Z</time>
   </trkpt>
   <trkpt lat="48.7006900" lon="2.1955410">
    <ele>57.8</ele>
    <time>2024-05-03T20:02:33Z</time>
   </trkpt>
   <trkpt lat="48.7006860" lon="2.1955200">
    <ele>57.8</ele>
    <time>2024-05-03T20:02:34Z</time>
   </trkpt>
   <trkpt lat="48.7006870" lon="2.1954660">
    <ele>57.8</ele>
    <time>2024-05-03T20:02:35Z</time>
   </trkpt>
   <trkpt lat="48.7006880" lon="2.1954080">
    <ele>57.9</ele>
    <time>2024-05-03T20:02:36Z</time>
   </trkpt>
   <trkpt lat="48.7006860" lon="2.1953460">
    <ele>57.9</ele>
    <time>2024-05-03T20:02:37Z</time>
   </trkpt>
   <trkpt lat="48.7006800" lon="2.1952830">
    <ele>57.9</ele>
    <time>2024-05-03T20:02:38Z</time>
   </trkpt>
   <trkpt lat="48.7006730" lon="2.1952180">
    <ele>58.0</ele>
    <time>2024-05-03T20:02:39Z</time>
   </trkpt>
   <trkpt lat="48.7006660" lon="2.1951550">
    <ele>58.0</ele>
    <time>2024-05-03T20:02:40Z</time>
   </trkpt>
   <trkpt lat="48.7006550" lon="2.1950940">
    <ele>58.0</ele>
    <time>2024-05-03T20:02:41Z</time>
   </trkpt>
   <trkpt lat="48.7006450" lon="2.1950360">
    <ele>58.1</ele>
    <time>2024-05-03T20:02:42Z</time>
   </trkpt>
   <trkpt lat="48.7006390" lon="2.1949770">
    <ele>58.1</ele>
    <time>2024-05-03T20:02:43Z</time>
   </trkpt>
   <trkpt lat="48.7006350" lon="2.1949170">
    <ele>58.1</ele>
    <time>2024-05-03T20:02:44Z</time>
   </trkpt>
   <trkpt lat="48.7006290" lon="2.1948570">
    <ele>58.1</ele>
    <time>2024-05-03T20:02:45Z</time>
   </trkpt>
   <trkpt lat="48.7006230" lon="2.1947960">
    <ele>58.2</ele>
    <time>2024-05-03T20:02:46Z</time>
   </trkpt>
   <trkpt lat="48.7006170" lon="2.1947320">
    <ele>58.2</ele>
    <time>2024-05-03T20:02:47Z</time>
   </trkpt>
   <trkpt lat="48.7006110" lon="2.1946670">
    <ele>58.3</ele>
    <time>2024-05-03T20:02:48Z</time>
   </trkpt>
   <trkpt lat="48.7006020" lon="2.1946040">
    <ele>58.3</ele>
    <time>2024-05-03T20:02:49Z</time>
   </trkpt>
   <trkpt lat="48.7005950" lon="2.1945390">
    <ele>58.4</ele>
    <time>2024-05-03T20:02:50Z</time>
   </trkpt>
   <trkpt lat="48.7005880" lon="2.1944760">
    <ele>58.5</ele>
    <time>2024-05-03T20:02:51Z</time>
   </trkpt>
   <trkpt lat="48.7005830" lon="2.1944160">
    <ele>58.5</ele>
    <time>2024-05-03T20:02:52Z</time>
   </trkpt>
   <trkpt lat="48.7005800" lon="2.1943590">
    <ele>58.6</ele>
    <time>2024-05-03T20:02:53Z</time>
   </trkpt>
   <trkpt lat="48.7005760" lon="2.1943040">
    <ele>58.6</ele>
    <time>2024-05-03T20:02:54Z</time>
   </trkpt>
   <trkpt lat="48.7005730" lon="2.1942530">
    <ele>58.7</ele>
    <time>2024-05-03T20:02:55Z</time>
   </trkpt>
   <trkpt lat="48.7005680" lon="2.1942050">
    <ele>58.7</ele>
    <time>2024-05-03T20:02:56Z</time>
   </trkpt>
   <trkpt lat="48.7005650" lon="2.1941590">
    <ele>58.8</ele>
    <time>2024-05-03T20:02:57Z</time>
   </trkpt>
   <trkpt lat="48.7005620" lon="2.1941150">
    <ele>58.8</ele>
    <time>2024-05-03T20:02:58Z</time>
   </trkpt>
   <trkpt lat="48.7005580" lon="2.1940740">
    <ele>58.8</ele>
    <time>2024-05-03T20:02:59Z</time>
   </trkpt>
   <trkpt lat="48.7005550" lon="2.1940190">
    <ele>58.9</ele>
    <time>2024-05-03T20:03:00Z</time>
   </trkpt>
   <trkpt lat="48.7005550" lon="2.1940010">
    <ele>58.9</ele>
    <time>2024-05-03T20:03:01Z</time>
   </trkpt>
   <trkpt lat="48.7005570" lon="2.1939560">
    <ele>58.9</ele>
    <time>2024-05-03T20:03:02Z</time>
   </trkpt>
   <trkpt lat="48.7005570" lon="2.1939000">
    <ele>59.0</ele>
    <time>2024-05-03T20:03:03Z</time>
   </trkpt>
   <trkpt lat="48.7005530" lon="2.1938380">
    <ele>59.0</ele>
    <time>2024-05-03T20:03:04Z</time>
   </trkpt>
   <trkpt lat="48.7005460" lon="2.1937740">
    <ele>59.0</ele>
    <time>2024-05-03T20:03:05Z</time>
   </trkpt>
   <trkpt lat="48.7005390" lon="2.1937090">
    <ele>59.0</ele>
    <time>2024-05-03T20:03:06Z</time>
   </trkpt>
   <trkpt lat="48.7005340" lon="2.1936430">
    <ele>59.0</ele>
    <time>2024-05-03T20:03:07Z</time>
   </trkpt>
   <trkpt lat="48.7005310" lon="2.1935760">
    <ele>59.0</ele>
    <time>2024-05-03T20:03:08Z</time>
   </trkpt>
   <trkpt lat="48.7005340" lon="2.1935040">
    <ele>59.0</ele>
    <time>2024-05-03T20:03:09Z</time>
   </trkpt>
   <trkpt lat="48.7005400" lon="2.1934310">
    <ele>58.9</ele>
    <time>2024-05-03T20:03:10Z</time>
   </trkpt>
   <trkpt lat="48.7005420" lon="2.1933550">
    <ele>58.9</ele>
    <time>2024-05-03T20:03:11Z</time>
   </trkpt>
   <trkpt lat="48.7005480" lon="2.1932790">
    <ele>58.9</ele>
    <time>2024-05-03T20:03:12Z</time>
   </trkpt>
   <trkpt lat="48.7005530" lon="2.1932000">
    <ele>58.9</ele>
    <time>2024-05-03T20:03:13Z</time>
   </trkpt>
   <trkpt lat="48.7005550" lon="2.1931180">
    <ele>58.9</ele>
    <time>2024-05-03T20:03:14Z</time>
   </trkpt>
   <trkpt lat="48.7005570" lon="2.1930360">
    <ele>58.9</ele>
    <time>2024-05-03T20:03:15Z</time>
   </trkpt>
   <trkpt lat="48.7005670" lon="2.1929550">
    <ele>58.9</ele>
    <time>2024-05-03T20:03:16Z</time>
   </trkpt>
   <trkpt lat="48.7005770" lon="2.1928840">
    <ele>58.8</ele>
    <time>2024-05-03T20:03:17Z</time>
   </trkpt>
   <trkpt lat="48.7005790" lon="2.1928210">
    <ele>58.8</ele>
    <time>2024-05-03T20:03:18Z</time>
   </trkpt>
   <trkpt lat="48.7005790" lon="2.1927720">
    <ele>58.8</ele>
    <time>2024-05-03T20:03:19Z</time>
   </trkpt>
   <trkpt lat="48.7005770" lon="2.1927170">
    <ele>58.8</ele>
    <time>2024-05-03T20:03:20Z</time>
   </trkpt>
   <trkpt lat="48.7005760" lon="2.1926280">
    <ele>58.8</ele>
    <time>2024-05-03T20:03:21Z</time>
   </trkpt>
   <trkpt lat="48.7005770" lon="2.1925090">
    <ele>58.8</ele>
    <time>2024-05-03T20:03:22Z</time>
   </trkpt>
   <trkpt lat="48.7005700" lon="2.1924080">
    <ele>58.8</ele>
    <time>2024-05-03T20:03:23Z</time>
   </trkpt>
   <trkpt lat="48.7005600" lon="2.1923150">
    <ele>58.9</ele>
    <time>2024-05-03T20:03:24Z</time>
   </trkpt>
   <trkpt lat="48.7005510" lon="2.1922280">
    <ele>59.0</ele>
    <time>2024-05-03T20:03:25Z</time>
   </trkpt>
   <trkpt lat="48.7005450" lon="2.1921520">
    <ele>59.0</ele>
    <time>2024-05-03T20:03:26Z</time>
   </trkpt>
   <trkpt lat="48.7005440" lon="2.1920770">
    <ele>59.0</ele>
    <time>2024-05-03T20:03:27Z</time>
   </trkpt>
   <trkpt lat="48.7005450" lon="2.1920060">
    <ele>59.1</ele>
    <time>2024-05-03T20:03:28Z</time>
   </trkpt>
   <trkpt lat="48.7005480" lon="2.1919380">
    <ele>59.1</ele>
    <time>2024-05-03T20:03:29Z</time>
   </trkpt>
   <trkpt lat="48.7005500" lon="2.1918680">
    <ele>59.1</ele>
    <time>2024-05-03T20:03:30Z</time>
   </trkpt>
   <trkpt lat="48.7005550" lon="2.1918030">
    <ele>59.0</ele>
    <time>2024-05-03T20:03:31Z</time>
   </trkpt>
   <trkpt lat="48.7005610" lon="2.1917310">
    <ele>59.1</ele>
    <time>2024-05-03T20:03:32Z</time>
   </trkpt>
   <trkpt lat="48.7005590" lon="2.1916530">
    <ele>59.1</ele>
    <time>2024-05-03T20:03:33Z</time>
   </trkpt>
   <trkpt lat="48.7005490" lon="2.1915750">
    <ele>59.1</ele>
    <time>2024-05-03T20:03:34Z</time>
   </trkpt>
   <trkpt lat="48.7005310" lon="2.1914960">
    <ele>59.1</ele>
    <time>2024-05-03T20:03:35Z</time>
   </trkpt>
   <trkpt lat="48.7005190" lon="2.1914150">
    <ele>59.1</ele>
    <time>2024-05-03T20:03:36Z</time>
   </trkpt>
   <trkpt lat="48.7005120" lon="2.1913340">
    <ele>59.1</ele>
    <time>2024-05-03T20:03:37Z</time>
   </trkpt>
   <trkpt lat="48.7005070" lon="2.1912530">
    <ele>59.1</ele>
    <time>2024-05-03T20:03:38Z</time>
   </trkpt>
   <trkpt lat="48.7005020" lon="2.1911760">
    <ele>59.1</ele>
    <time>2024-05-03T20:03:39Z</time>
   </trkpt>
   <trkpt lat="48.7004980" lon="2.1911010">
    <ele>59.1</ele>
    <time>2024-05-03T20:03:40Z</time>
   </trkpt>
   <trkpt lat="48.7004940" lon="2.1910290">
    <ele>59.1</ele>
    <time>2024-05-03T20:03:41Z</time>
   </trkpt>
   <trkpt lat="48.7004930" lon="2.1909530">
    <ele>59.1</ele>
    <time>2024-05-03T20:03:42Z</time>
   </trkpt>
   <trkpt lat="48.7004930" lon="2.1908770">
    <ele>59.1</ele>
    <time>2024-05-03T20:03:43Z</time>
   </trkpt>
   <trkpt lat="48.7004890" lon="2.1908010">
    <ele>59.1</ele>
    <time>2024-05-03T20:03:44Z</time>
   </trkpt>
   <trkpt lat="48.7004840" lon="2.1907210">
    <ele>59.2</ele>
    <time>2024-05-03T20:03:45Z</time>
   </trkpt>
   <trkpt lat="48.7004830" lon="2.1906390">
    <ele>59.2</ele>
    <time>2024-05-03T20:03:46Z</time>
   </trkpt>
   <trkpt lat="48.7004850" lon="2.1905600">
    <ele>59.2</ele>
    <time>2024-05-03T20:03:47Z</time>
   </trkpt>
   <trkpt lat="48.7004880" lon="2.1904790">
    <ele>59.2</ele>
    <time>2024-05-03T20:03:48Z</time>
   </trkpt>
   <trkpt lat="48.7004900" lon="2.1904040">
    <ele>59.2</ele>
    <time>2024-05-03T20:03:49Z</time>
   </trkpt>
   <trkpt lat="48.7004920" lon="2.1903290">
    <ele>59.2</ele>
    <time>2024-05-03T20:03:50Z</time>
   </trkpt>
   <trkpt lat="48.7004940" lon="2.1902570">
    <ele>59.2</ele>
    <time>2024-05-03T20:03:51Z</time>
   </trkpt>
   <trkpt lat="48.7004960" lon="2.1901840">
    <ele>59.2</ele>
    <time>2024-05-03T20:03:52Z</time>
   </trkpt>
   <trkpt lat="48.7004950" lon="2.1901130">
    <ele>59.2</ele>
    <time>2024-05-03T20:03:53Z</time>
   </trkpt>
   <trkpt lat="48.7004870" lon="2.1900430">
    <ele>59.2</ele>
    <time>2024-05-03T20:03:54Z</time>
   </trkpt>
   <trkpt lat="48.7004770" lon="2.1899770">
    <ele>59.2</ele>
    <time>2024-05-03T20:03:55Z</time>
   </trkpt>
   <trkpt lat="48.7004750" lon="2.1899150">
    <ele>59.2</ele>
    <time>2024-05-03T20:03:56Z</time>
   </trkpt>
   <trkpt lat="48.7004720" lon="2.1898490">
    <ele>59.1</ele>
    <time>2024-05-03T20:03:57Z</time>
   </trkpt>
   <trkpt lat="48.7004670" lon="2.1897840">
    <ele>59.1</ele>
    <time>2024-05-03T20:03:58Z</time>
   </trkpt>
   <trkpt lat="48.7004640" lon="2.1897170">
    <ele>59.1</ele>
    <time>2024-05-03T20:03:59Z</time>
   </trkpt>
   <trkpt lat="48.7004600" lon="2.1896470">
    <ele>59.2</ele>
    <time>2024-05-03T20:04:00Z</time>
   </trkpt>
   <trkpt lat="48.7004510" lon="2.1895790">
    <ele>59.2</ele>
    <time>2024-05-03T20:04:01Z</time>
   </trkpt>
   <trkpt lat="48.7004430" lon="2.1895110">
    <ele>59.2</ele>
    <time>2024-05-03T20:04:02Z</time>
   </trkpt>
   <trkpt lat="48.7004390" lon="2.1894460">
    <ele>59.2</ele>
    <time>2024-05-03T20:04:03Z</time>
   </trkpt>
   <trkpt lat="48.7004390" lon="2.1893820">
    <ele>59.3</ele>
    <time>2024-05-03T20:04:04Z</time>
   </trkpt>
   <trkpt lat="48.7004390" lon="2.1893150">
    <ele>59.3</ele>
    <time>2024-05-03T20:04:05Z</time>
   </trkpt>
   <trkpt lat="48.7004390" lon="2.1892500">
    <ele>59.4</ele>
    <time>2024-05-03T20:04:06Z</time>
   </trkpt>
   <trkpt lat="48.7004350" lon="2.1891810">
    <ele>59.4</ele>
    <time>2024-05-03T20:04:07Z</time>
   </trkpt>
   <trkpt lat="48.7004270" lon="2.1891140">
    <ele>59.5</ele>
    <time>2024-05-03T20:04:08Z</time>
   </trkpt>
   <trkpt lat="48.7004200" lon="2.1890470">
    <ele>59.6</ele>
    <time>2024-05-03T20:04:09Z</time>
   </trkpt>
   <trkpt lat="48.7004130" lon="2.1889780">
    <ele>59.7</ele>
    <time>2024-05-03T20:04:10Z</time>
   </trkpt>
   <trkpt lat="48.7004090" lon="2.1889130">
    <ele>59.8</ele>
    <time>2024-05-03T20:04:11Z</time>
   </trkpt>
   <trkpt lat="48.7004040" lon="2.1888510">
    <ele>59.9</ele>
    <time>2024-05-03T20:04:12Z</time>
   </trkpt>
   <trkpt lat="48.7004000" lon="2.1887900">
    <ele>59.9</ele>
    <time>2024-05-03T20:04:13Z</time>
   </trkpt>
   <trkpt lat="48.7003970" lon="2.1887270">
    <ele>60.0</ele>
    <time>2024-05-03T20:04:14Z</time>
   </trkpt>
   <trkpt lat="48.7003940" lon="2.1886680">
    <ele>60.1</ele>
    <time>2024-05-03T20:04:15Z</time>
   </trkpt>
   <trkpt lat="48.7003890" lon="2.1886130">
    <ele>60.2</ele>
    <time>2024-05-03T20:04:16Z</time>
   </trkpt>
   <trkpt lat="48.7003830" lon="2.1885630">
    <ele>60.2</ele>
    <time>2024-05-03T20:04:17Z</time>
   </trkpt>
   <trkpt lat="48.7003780" lon="2.1885200">
    <ele>60.3</ele>
    <time>2024-05-03T20:04:18Z</time>
   </trkpt>
   <trkpt lat="48.7003740" lon="2.1884640">
    <ele>60.4</ele>
    <time>2024-05-03T20:04:19Z</time>
   </trkpt>
   <trkpt lat="48.7003740" lon="2.1884460">
    <ele>60.4</ele>
    <time>2024-05-03T20:04:20Z</time>
   </trkpt>
   <trkpt lat="48.7003790" lon="2.1884040">
    <ele>60.5</ele>
    <time>2024-05-03T20:04:21Z</time>
   </trkpt>
   <trkpt lat="48.7003800" lon="2.1883910">
    <ele>60.5</ele>
    <time>2024-05-03T20:04:22Z</time>
   </trkpt>
   <trkpt lat="48.7003800" lon="2.1883640">
    <ele>60.5</ele>
    <time>2024-05-03T20:04:23Z</time>
   </trkpt>
   <trkpt lat="48.7003800" lon="2.1883570">
    <ele>60.5</ele>
    <time>2024-05-03T20:04:24Z</time>
   </trkpt>
   <trkpt lat="48.7003810" lon="2.1883500">
    <ele>60.5</ele>
    <time>2024-05-03T20:04:25Z</time>
   </trkpt>
   <trkpt lat="48.7003810" lon="2.1883440">
    <ele>60.5</ele>
    <time>2024-05-03T20:04:26Z</time>
   </trkpt>
   <trkpt lat="48.7003810" lon="2.1883370">
    <ele>60.6</ele>
    <time>2024-05-03T20:04:27Z</time>
   </trkpt>
   <trkpt lat="48.7003810" lon="2.1883300">
    <ele>60.6</ele>
    <time>2024-05-03T20:04:28Z</time>
   </trkpt>
   <trkpt lat="48.7003810" lon="2.1883230">
    <ele>60.6</ele>
    <time>2024-05-03T20:04:29Z</time>
   </trkpt>
   <trkpt lat="48.7003810" lon="2.1883160">
    <ele>60.6</ele>
    <time>2024-05-03T20:04:30Z</time>
   </trkpt>
   <trkpt lat="48.7003820" lon="2.1883090">
    <ele>60.6</ele>
    <time>2024-05-03T20:04:31Z</time>
   </trkpt>
   <trkpt lat="48.7003820" lon="2.1883020">
    <ele>60.6</ele>
    <time>2024-05-03T20:04:32Z</time>
   </trkpt>
   <trkpt lat="48.7003820" lon="2.1882960">
    <ele>60.6</ele>
    <time>2024-05-03T20:04:33Z</time>
   </trkpt>
   <trkpt lat="48.7003820" lon="2.1882890">
    <ele>60.6</ele>
    <time>2024-05-03T20:04:34Z</time>
   </trkpt>
   <trkpt lat="48.7003820" lon="2.1882820">
    <ele>60.6</ele>
    <time>2024-05-03T20:04:35Z</time>
   </trkpt>
   <trkpt lat="48.7003820" lon="2.1882750">
    <ele>60.6</ele>
    <time>2024-05-03T20:05:16Z</time>
   </trkpt>
   <trkpt lat="48.7003820" lon="2.1882680">
    <ele>60.7</ele>
    <time>2024-05-03T20:05:17Z</time>
   </trkpt>
   <trkpt lat="48.7003830" lon="2.1882610">
    <ele>60.7</ele>
    <time>2024-05-03T20:05:18Z</time>
   </trkpt>
   <trkpt lat="48.7003990" lon="2.1882240">
    <ele>60.7</ele>
    <time>2024-05-03T20:05:19Z</time>
   </trkpt>
   <trkpt lat="48.7004280" lon="2.1881930">
    <ele>60.8</ele>
    <time>2024-05-03T20:05:20Z</time>
   </trkpt>
   <trkpt lat="48.7004640" lon="2.1881760">
    <ele>60.8</ele>
    <time>2024-05-03T20:05:21Z</time>
   </trkpt>
   <trkpt lat="48.7005020" lon="2.1881690">
    <ele>60.8</ele>
    <time>2024-05-03T20:05:22Z</time>
   </trkpt>
   <trkpt lat="48.7005400" lon="2.1881700">
    <ele>60.8</ele>
    <time>2024-05-03T20:05:23Z</time>
   </trkpt>
   <trkpt lat="48.7005790" lon="2.1881740">
    <ele>60.8</ele>
    <time>2024-05-03T20:05:24Z</time>
   </trkpt>
   <trkpt lat="48.7006160" lon="2.1881760">
    <ele>60.8</ele>
    <time>2024-05-03T20:05:25Z</time>
   </trkpt>
   <trkpt lat="48.7006510" lon="2.1881690">
    <ele>60.8</ele>
    <time>2024-05-03T20:05:26Z</time>
   </trkpt>
   <trkpt lat="48.7006870" lon="2.1881460">
    <ele>60.8</ele>
    <time>2024-05-03T20:05:27Z</time>
   </trkpt>
   <trkpt lat="48.7007140" lon="2.1881040">
    <ele>60.8</ele>
    <time>2024-05-03T20:05:28Z</time>
   </trkpt>
   <trkpt lat="48.7007330" lon="2.1880470">
    <ele>60.7</ele>
    <time>2024-05-03T20:05:29Z</time>
   </trkpt>
   <trkpt lat="48.7007300" lon="2.1879650">
    <ele>60.6</ele>
    <time>2024-05-03T20:05:30Z</time>
   </trkpt>
   <trkpt lat="48.7007370" lon="2.1878920">
    <ele>60.5</ele>
    <time>2024-05-03T20:05:31Z</time>
   </trkpt>
   <trkpt lat="48.7007460" lon="2.1878160">
    <ele>60.3</ele>
    <time>2024-05-03T20:05:32Z</time>
   </trkpt>
   <trkpt lat="48.7007510" lon="2.1877340">
    <ele>60.2</ele>
    <time>2024-05-03T20:05:33Z</time>
   </trkpt>
   <trkpt lat="48.7007520" lon="2.1876490">
    <ele>60.1</ele>
    <time>2024-05-03T20:05:34Z</time>
   </trkpt>
   <trkpt lat="48.7007560" lon="2.1875630">
    <ele>60.0</ele>
    <time>2024-05-03T20:05:35Z</time>
   </trkpt>
   <trkpt lat="48.7007470" lon="2.1874740">
    <ele>59.9</ele>
    <time>2024-05-03T20:05:36Z</time>
   </trkpt>
   <trkpt lat="48.7007270" lon="2.1873900">
    <ele>59.8</ele>
    <time>2024-05-03T20:05:37Z</time>
   </trkpt>
   <trkpt lat="48.7007000" lon="2.1873110">
    <ele>59.8</ele>
    <time>2024-05-03T20:05:38Z</time>
   </trkpt>
   <trkpt lat="48.7006740" lon="2.1872300">
    <ele>59.7</ele>
    <time>2024-05-03T20:05:39Z</time>
   </trkpt>
   <trkpt lat="48.7006570" lon="2.1871450">
    <ele>59.7</ele>
    <time>2024-05-03T20:05:40Z</time>
   </trkpt>
   <trkpt lat="48.7006510" lon="2.1870540">
    <ele>59.6</ele>
    <time>2024-05-03T20:05:41Z</time>
   </trkpt>
   <trkpt lat="48.7006620" lon="2.1869610">
    <ele>59.5</ele>
    <time>2024-05-03T20:05:42Z</time>
   </trkpt>
   <trkpt lat="48.7006840" lon="2.1868660">
    <ele>59.5</ele>
    <time>2024-05-03T20:05:43Z</time>
   </trkpt>
   <trkpt lat="48.7007080" lon="2.1867770">
    <ele>59.5</ele>
    <time>2024-05-03T20:05:44Z</time>
   </trkpt>
   <trkpt lat="48.7007310" lon="2.1866870">
    <ele>59.5</ele>
    <time>2024-05-03T20:05:45Z</time>
   </trkpt>
   <trkpt lat="48.7007510" lon="2.1865990">
    <ele>59.6</ele>
    <time>2024-05-03T20:05:46Z</time>
   </trkpt>
   <trkpt lat="48.7007700" lon="2.1865100">
    <ele>59.6</ele>
    <time>2024-05-03T20:05:47Z</time>
   </trkpt>
   <trkpt lat="48.7007840" lon="2.1864240">
    <ele>59.7</ele>
    <time>2024-05-03T20:05:48Z</time>
   </trkpt>
   <trkpt lat="48.7007960" lon="2.1863370">
    <ele>59.8</ele>
    <time>2024-05-03T20:05:49Z</time>
   </trkpt>
   <trkpt lat="48.7008080" lon="2.1862530">
    <ele>59.9</ele>
    <time>2024-05-03T20:05:50Z</time>
   </trkpt>
   <trkpt lat="48.7008210" lon="2.1861710">
    <ele>60.1</ele>
    <time>2024-05-03T20:05:51Z</time>
   </trkpt>
   <trkpt lat="48.7008330" lon="2.1860860">
    <ele>60.2</ele>
    <time>2024-05-03T20:05:52Z</time>
   </trkpt>
   <trkpt lat="48.7008440" lon="2.1860040">
    <ele>60.3</ele>
    <time>2024-05-03T20:05:53Z</time>
   </trkpt>
   <trkpt lat="48.7008560" lon="2.1859260">
    <ele>60.4</ele>
    <time>2024-05-03T20:05:54Z</time>
   </trkpt>
   <trkpt lat="48.7008650" lon="2.1858450">
    <ele>60.5</ele>
    <time>2024-05-03T20:05:55Z</time>
   </trkpt>
   <trkpt lat="48.7008750" lon="2.1857650">
    <ele>60.5</ele>
    <time>2024-05-03T20:05:56Z</time>
   </trkpt>
   <trkpt lat="48.7008870" lon="2.1856860">
    <ele>60.6</ele>
    <time>2024-05-03T20:05:57Z</time>
   </trkpt>
   <trkpt lat="48.7008990" lon="2.1856050">
    <ele>60.7</ele>
    <time>2024-05-03T20:05:58Z</time>
   </trkpt>
   <trkpt lat="48.7009110" lon="2.1855300">
    <ele>60.8</ele>
    <time>2024-05-03T20:05:59Z</time>
   </trkpt>
   <trkpt lat="48.7009230" lon="2.1854530">
    <ele>60.8</ele>
    <time>2024-05-03T20:06:00Z</time>
   </trkpt>
   <trkpt lat="48.7009330" lon="2.1853750">
    <ele>60.9</ele>
    <time>2024-05-03T20:06:01Z</time>
   </trkpt>
   <trkpt lat="48.7009410" lon="2.1852980">
    <ele>61.0</ele>
    <time>2024-05-03T20:06:02Z</time>
   </trkpt>
   <trkpt lat="48.7009460" lon="2.1852220">
    <ele>61.1</ele>
    <time>2024-05-03T20:06:03Z</time>
   </trkpt>
   <trkpt lat="48.7009490" lon="2.1851510">
    <ele>61.1</ele>
    <time>2024-05-03T20:06:04Z</time>
   </trkpt>
   <trkpt lat="48.7009510" lon="2.1850780">
    <ele>61.1</ele>
    <time>2024-05-03T20:06:05Z</time>
   </trkpt>
   <trkpt lat="48.7009510" lon="2.1850090">
    <ele>61.1</ele>
    <time>2024-05-03T20:06:06Z</time>
   </trkpt>
   <trkpt lat="48.7009450" lon="2.1849420">
    <ele>61.1</ele>
    <time>2024-05-03T20:06:07Z</time>
   </trkpt>
   <trkpt lat="48.7009360" lon="2.1848800">
    <ele>61.1</ele>
    <time>2024-05-03T20:06:08Z</time>
   </trkpt>
   <trkpt lat="48.7009250" lon="2.1848190">
    <ele>61.1</ele>
    <time>2024-05-03T20:06:09Z</time>
   </trkpt>
   <trkpt lat="48.7009120" lon="2.1847560">
    <ele>61.1</ele>
    <time>2024-05-03T20:06:10Z</time>
   </trkpt>
   <trkpt lat="48.7008960" lon="2.1846860">
    <ele>61.0</ele>
    <time>2024-05-03T20:06:11Z</time>
   </trkpt>
   <trkpt lat="48.7008770" lon="2.1846130">
    <ele>60.9</ele>
    <time>2024-05-03T20:06:12Z</time>
   </trkpt>
   <trkpt lat="48.7008540" lon="2.1845390">
    <ele>60.7</ele>
    <time>2024-05-03T20:06:13Z</time>
   </trkpt>
   <trkpt lat="48.7008240" lon="2.1844630">
    <ele>60.6</ele>
    <time>2024-05-03T20:06:14Z</time>
   </trkpt>
   <trkpt lat="48.7007900" lon="2.1843860">
    <ele>60.3</ele>
    <time>2024-05-03T20:06:15Z</time>
   </trkpt>
   <trkpt lat="48.7007500" lon="2.1843060">
    <ele>60.1</ele>
    <time>2024-05-03T20:06:16Z</time>
   </trkpt>
   <trkpt lat="48.7007020" lon="2.1842320">
    <ele>60.0</ele>
    <time>2024-05-03T20:06:17Z</time>
   </trkpt>
   <trkpt lat="48.7006530" lon="2.1841570">
    <ele>59.8</ele>
    <time>2024-05-03T20:06:18Z</time>
   </trkpt>
   <trkpt lat="48.7006030" lon="2.1840840">
    <ele>59.7</ele>
    <time>2024-05-03T20:06:19Z</time>
   </trkpt>
   <trkpt lat="48.7005530" lon="2.1840110">
    <ele>59.6</ele>
    <time>2024-05-03T20:06:20Z</time>
   </trkpt>
   <trkpt lat="48.7005070" lon="2.1839340">
    <ele>59.5</ele>
    <time>2024-05-03T20:06:21Z</time>
   </trkpt>
   <trkpt lat="48.7004590" lon="2.1838600">
    <ele>59.5</ele>
    <time>2024-05-03T20:06:22Z</time>
   </trkpt>
   <trkpt lat="48.7004120" lon="2.1837810">
    <ele>59.5</ele>
    <time>2024-05-03T20:06:23Z</time>
   </trkpt>
   <trkpt lat="48.7003720" lon="2.1836960">
    <ele>59.5</ele>
    <time>2024-05-03T20:06:24Z</time>
   </trkpt>
   <trkpt lat="48.7003350" lon="2.1836100">
    <ele>59.5</ele>
    <time>2024-05-03T20:06:25Z</time>
   </trkpt>
   <trkpt lat="48.7003050" lon="2.1835200">
    <ele>59.5</ele>
    <time>2024-05-03T20:06:26Z</time>
   </trkpt>
   <trkpt lat="48.7002790" lon="2.1834280">
    <ele>59.6</ele>
    <time>2024-05-03T20:06:27Z</time>
   </trkpt>
   <trkpt lat="48.7002540" lon="2.1833330">
    <ele>59.6</ele>
    <time>2024-05-03T20:06:28Z</time>
   </trkpt>
   <trkpt lat="48.7002360" lon="2.1832350">
    <ele>59.6</ele>
    <time>2024-05-03T20:06:29Z</time>
   </trkpt>
   <trkpt lat="48.7002240" lon="2.1831390">
    <ele>59.7</ele>
    <time>2024-05-03T20:06:30Z</time>
   </trkpt>
   <trkpt lat="48.7002130" lon="2.1830430">
    <ele>59.8</ele>
    <time>2024-05-03T20:06:31Z</time>
   </trkpt>
   <trkpt lat="48.7002040" lon="2.1829500">
    <ele>59.9</ele>
    <time>2024-05-03T20:06:32Z</time>
   </trkpt>
   <trkpt lat="48.7001960" lon="2.1828630">
    <ele>60.1</ele>
    <time>2024-05-03T20:06:33Z</time>
   </trkpt>
   <trkpt lat="48.7001880" lon="2.1827830">
    <ele>60.2</ele>
    <time>2024-05-03T20:06:34Z</time>
   </trkpt>
   <trkpt lat="48.7001810" lon="2.1827100">
    <ele>60.3</ele>
    <time>2024-05-03T20:06:35Z</time>
   </trkpt>
   <trkpt lat="48.7001770" lon="2.1826400">
    <ele>60.4</ele>
    <time>2024-05-03T20:06:36Z</time>
   </trkpt>
   <trkpt lat="48.7001720" lon="2.1825700">
    <ele>60.5</ele>
    <time>2024-05-03T20:06:37Z</time>
   </trkpt>
   <trkpt lat="48.7001640" lon="2.1825050">
    <ele>60.5</ele>
    <time>2024-05-03T20:06:38Z</time>
   </trkpt>
   <trkpt lat="48.7001560" lon="2.1824360">
    <ele>60.5</ele>
    <time>2024-05-03T20:06:39Z</time>
   </trkpt>
   <trkpt lat="48.7001480" lon="2.1823610">
    <ele>60.5</ele>
    <time>2024-05-03T20:06:40Z</time>
   </trkpt>
   <trkpt lat="48.7001410" lon="2.1822830">
    <ele>60.6</ele>
    <time>2024-05-03T20:06:41Z</time>
   </trkpt>
   <trkpt lat="48.7001320" lon="2.1822010">
    <ele>60.6</ele>
    <time>2024-05-03T20:06:42Z</time>
   </trkpt>
   <trkpt lat="48.7001220" lon="2.1821200">
    <ele>60.6</ele>
    <time>2024-05-03T20:06:43Z</time>
   </trkpt>
   <trkpt lat="48.7001130" lon="2.1820370">
    <ele>60.6</ele>
    <time>2024-05-03T20:06:44Z</time>
   </trkpt>
   <trkpt lat="48.7001040" lon="2.1819520">
    <ele>60.6</ele>
    <time>2024-05-03T20:06:45Z</time>
   </trkpt>
   <trkpt lat="48.7000950" lon="2.1818650">
    <ele>60.6</ele>
    <time>2024-05-03T20:06:46Z</time>
   </trkpt>
   <trkpt lat="48.7000840" lon="2.1817790">
    <ele>60.6</ele>
    <time>2024-05-03T20:06:47Z</time>
   </trkpt>
   <trkpt lat="48.7000680" lon="2.1816940">
    <ele>60.6</ele>
    <time>2024-05-03T20:06:48Z</time>
   </trkpt>
   <trkpt lat="48.7000460" lon="2.1816100">
    <ele>60.6</ele>
    <time>2024-05-03T20:06:49Z</time>
   </trkpt>
   <trkpt lat="48.7000160" lon="2.1815340">
    <ele>60.6</ele>
    <time>2024-05-03T20:06:50Z</time>
   </trkpt>
   <trkpt lat="48.6999840" lon="2.1814570">
    <ele>60.6</ele>
    <time>2024-05-03T20:06:51Z</time>
   </trkpt>
   <trkpt lat="48.6999510" lon="2.1813790">
    <ele>60.5</ele>
    <time>2024-05-03T20:06:52Z</time>
   </trkpt>
   <trkpt lat="48.6999170" lon="2.1813050">
    <ele>60.5</ele>
    <time>2024-05-03T20:06:53Z</time>
   </trkpt>
   <trkpt lat="48.6998820" lon="2.1812360">
    <ele>60.5</ele>
    <time>2024-05-03T20:06:54Z</time>
   </trkpt>
   <trkpt lat="48.6998480" lon="2.1811660">
    <ele>60.5</ele>
    <time>2024-05-03T20:06:55Z</time>
   </trkpt>
   <trkpt lat="48.6998170" lon="2.1810910">
    <ele>60.5</ele>
    <time>2024-05-03T20:06:56Z</time>
   </trkpt>
   <trkpt lat="48.6997860" lon="2.1810210">
    <ele>60.6</ele>
    <time>2024-05-03T20:06:57Z</time>
   </trkpt>
   <trkpt lat="48.6997580" lon="2.1809540">
    <ele>60.6</ele>
    <time>2024-05-03T20:06:58Z</time>
   </trkpt>
   <trkpt lat="48.6997220" lon="2.1808960">
    <ele>60.7</ele>
    <time>2024-05-03T20:06:59Z</time>
   </trkpt>
   <trkpt lat="48.6996790" lon="2.1808500">
    <ele>60.7</ele>
    <time>2024-05-03T20:07:00Z</time>
   </trkpt>
   <trkpt lat="48.6996290" lon="2.1808290">
    <ele>60.8</ele>
    <time>2024-05-03T20:07:01Z</time>
   </trkpt>
   <trkpt lat="48.6995800" lon="2.1808180">
    <ele>60.8</ele>
    <time>2024-05-03T20:07:02Z</time>
   </trkpt>
   <trkpt lat="48.6995340" lon="2.1807980">
    <ele>60.9</ele>
    <time>2024-05-03T20:07:03Z</time>
   </trkpt>
   <trkpt lat="48.6995000" lon="2.1807530">
    <ele>60.9</ele>
    <time>2024-05-03T20:07:04Z</time>
   </trkpt>
   <trkpt lat="48.6994830" lon="2.1806800">
    <ele>60.9</ele>
    <time>2024-05-03T20:07:05Z</time>
   </trkpt>
   <trkpt lat="48.6994750" lon="2.1806000">
    <ele>60.9</ele>
    <time>2024-05-03T20:07:06Z</time>
   </trkpt>
   <trkpt lat="48.6994700" lon="2.1805180">
    <ele>60.9</ele>
    <time>2024-05-03T20:07:07Z</time>
   </trkpt>
   <trkpt lat="48.6994610" lon="2.1804380">
    <ele>61.0</ele>
    <time>2024-05-03T20:07:08Z</time>
   </trkpt>
   <trkpt lat="48.6994480" lon="2.1803570">
    <ele>61.0</ele>
    <time>2024-05-03T20:07:09Z</time>
   </trkpt>
   <trkpt lat="48.6994340" lon="2.1802740">
    <ele>61.0</ele>
    <time>2024-05-03T20:07:10Z</time>
   </trkpt>
   <trkpt lat="48.6994210" lon="2.1801890">
    <ele>61.1</ele>
    <time>2024-05-03T20:07:11Z</time>
   </trkpt>
   <trkpt lat="48.6994090" lon="2.1801050">
    <ele>61.1</ele>
    <time>2024-05-03T20:07:12Z</time>
   </trkpt>
   <trkpt lat="48.6993960" lon="2.1800200">
    <ele>61.1</ele>
    <time>2024-05-03T20:07:13Z</time>
   </trkpt>
   <trkpt lat="48.6993840" lon="2.1799390">
    <ele>61.2</ele>
    <time>2024-05-03T20:07:14Z</time>
   </trkpt>
   <trkpt lat="48.6993700" lon="2.1798550">
    <ele>61.2</ele>
    <time>2024-05-03T20:07:15Z</time>
   </trkpt>
   <trkpt lat="48.6993610" lon="2.1797700">
    <ele>61.2</ele>
    <time>2024-05-03T20:07:16Z</time>
   </trkpt>
   <trkpt lat="48.6993490" lon="2.1796890">
    <ele>61.2</ele>
    <time>2024-05-03T20:07:17Z</time>
   </trkpt>
   <trkpt lat="48.6993360" lon="2.1796060">
    <ele>61.3</ele>
    <time>2024-05-03T20:07:18Z</time>
   </trkpt>
   <trkpt lat="48.6993230" lon="2.1795290">
    <ele>61.3</ele>
    <time>2024-05-03T20:07:19Z</time>
   </trkpt>
   <trkpt lat="48.6993150" lon="2.1794520">
    <ele>61.3</ele>
    <time>2024-05-03T20:07:20Z</time>
   </trkpt>
   <trkpt lat="48.6993080" lon="2.1793790">
    <ele>61.3</ele>
    <time>2024-05-03T20:07:21Z</time>
   </trkpt>
   <trkpt lat="48.6992990" lon="2.1793040">
    <ele>61.3</ele>
    <time>2024-05-03T20:07:22Z</time>
   </trkpt>
   <trkpt lat="48.6992930" lon="2.1792270">
    <ele>61.3</ele>
    <time>2024-05-03T20:07:23Z</time>
   </trkpt>
   <trkpt lat="48.6992990" lon="2.1791510">
    <ele>61.3</ele>
    <time>2024-05-03T20:07:24Z</time>
   </trkpt>
   <trkpt lat="48.6993090" lon="2.1790760">
    <ele>61.3</ele>
    <time>2024-05-03T20:07:25Z</time>
   </trkpt>
   <trkpt lat="48.6993190" lon="2.1790020">
    <ele>61.3</ele>
    <time>2024-05-03T20:07:26Z</time>
   </trkpt>
   <trkpt lat="48.6993310" lon="2.1789320">
    <ele>61.3</ele>
    <time>2024-05-03T20:07:27Z</time>
   </trkpt>
   <trkpt lat="48.6993380" lon="2.1788620">
    <ele>61.3</ele>
    <time>2024-05-03T20:07:28Z</time>
   </trkpt>
   <trkpt lat="48.6993480" lon="2.1787870">
    <ele>61.3</ele>
    <time>2024-05-03T20:07:29Z</time>
   </trkpt>
   <trkpt lat="48.6993620" lon="2.1787130">
    <ele>61.3</ele>
    <time>2024-05-03T20:07:30Z</time>
   </trkpt>
   <trkpt lat="48.6993800" lon="2.1786400">
    <ele>61.3</ele>
    <time>2024-05-03T20:07:31Z</time>
   </trkpt>
   <trkpt lat="48.6994010" lon="2.1785720">
    <ele>61.3</ele>
    <time>2024-05-03T20:07:32Z</time>
   </trkpt>
   <trkpt lat="48.6994230" lon="2.1785030">
    <ele>61.3</ele>
    <time>2024-05-03T20:07:33Z</time>
   </trkpt>
   <trkpt lat="48.6994340" lon="2.1784300">
    <ele>61.3</ele>
    <time>2024-05-03T20:07:34Z</time>
   </trkpt>
   <trkpt lat="48.6994370" lon="2.1783510">
    <ele>61.4</ele>
    <time>2024-05-03T20:07:35Z</time>
   </trkpt>
   <trkpt lat="48.6994360" lon="2.1782710">
    <ele>61.3</ele>
    <time>2024-05-03T20:07:36Z</time>
   </trkpt>
   <trkpt lat="48.6994330" lon="2.1781900">
    <ele>61.3</ele>
    <time>2024-05-03T20:07:37Z</time>
   </trkpt>
   <trkpt lat="48.6994430" lon="2.1781130">
    <ele>61.3</ele>
    <time>2024-05-03T20:07:38Z</time>
   </trkpt>
   <trkpt lat="48.6994530" lon="2.1780350">
    <ele>61.3</ele>
    <time>2024-05-03T20:07:39Z</time>
   </trkpt>
   <trkpt lat="48.6994580" lon="2.1779610">
    <ele>61.3</ele>
    <time>2024-05-03T20:07:40Z</time>
   </trkpt>
   <trkpt lat="48.6994650" lon="2.1778890">
    <ele>61.3</ele>
    <time>2024-05-03T20:07:41Z</time>
   </trkpt>
   <trkpt lat="48.6994740" lon="2.1778230">
    <ele>61.2</ele>
    <time>2024-05-03T20:07:42Z</time>
   </trkpt>
   <trkpt lat="48.6994810" lon="2.1777540">
    <ele>61.2</ele>
    <time>2024-05-03T20:07:43Z</time>
   </trkpt>
   <trkpt lat="48.6994940" lon="2.1776740">
    <ele>61.2</ele>
    <time>2024-05-03T20:07:44Z</time>
   </trkpt>
   <trkpt lat="48.6994850" lon="2.1775980">
    <ele>61.2</ele>
    <time>2024-05-03T20:07:45Z</time>
   </trkpt>
   <trkpt lat="48.6994810" lon="2.1775250">
    <ele>61.1</ele>
    <time>2024-05-03T20:07:46Z</time>
   </trkpt>
   <trkpt lat="48.6994910" lon="2.1774480">
    <ele>61.1</ele>
    <time>2024-05-03T20:07:47Z</time>
   </trkpt>
   <trkpt lat="48.6994990" lon="2.1773630">
    <ele>61.1</ele>
    <time>2024-05-03T20:07:48Z</time>
   </trkpt>
   <trkpt lat="48.6995020" lon="2.1772740">
    <ele>61.1</ele>
    <time>2024-05-03T20:07:49Z</time>
   </trkpt>
   <trkpt lat="48.6995050" lon="2.1771860">
    <ele>61.1</ele>
    <time>2024-05-03T20:07:50Z</time>
   </trkpt>
   <trkpt lat="48.6995060" lon="2.1770950">
    <ele>61.0</ele>
    <time>2024-05-03T20:07:51Z</time>
   </trkpt>
   <trkpt lat="48.6995100" lon="2.1770100">
    <ele>61.0</ele>
    <time>2024-05-03T20:07:52Z</time>
   </trkpt>
   <trkpt lat="48.6995160" lon="2.1769270">
    <ele>61.0</ele>
    <time>2024-05-03T20:07:53Z</time>
   </trkpt>
   <trkpt lat="48.6995210" lon="2.1768450">
    <ele>61.0</ele>
    <time>2024-05-03T20:07:54Z</time>
   </trkpt>
   <trkpt lat="48.6995210" lon="2.1767620">
    <ele>61.0</ele>
    <time>2024-05-03T20:07:55Z</time>
   </trkpt>
   <trkpt lat="48.6995200" lon="2.1766740">
    <ele>61.0</ele>
    <time>2024-05-03T20:07:56Z</time>
   </trkpt>
   <trkpt lat="48.6995180" lon="2.1765880">
    <ele>61.1</ele>
    <time>2024-05-03T20:07:57Z</time>
   </trkpt>
   <trkpt lat="48.6995150" lon="2.1765040">
    <ele>61.1</ele>
    <time>2024-05-03T20:07:58Z</time>
   </trkpt>
   <trkpt lat="48.6995110" lon="2.1764180">
    <ele>61.1</ele>
    <time>2024-05-03T20:07:59Z</time>
   </trkpt>
   <trkpt lat="48.6995060" lon="2.1763330">
    <ele>61.1</ele>
    <time>2024-05-03T20:08:00Z</time>
   </trkpt>
   <trkpt lat="48.6995050" lon="2.1762470">
    <ele>61.2</ele>
    <time>2024-05-03T20:08:01Z</time>
   </trkpt>
   <trkpt lat="48.6995040" lon="2.1761600">
    <ele>61.2</ele>
    <time>2024-05-03T20:08:02Z</time>
   </trkpt>
   <trkpt lat="48.6995010" lon="2.1760760">
    <ele>61.2</ele>
    <time>2024-05-03T20:08:03Z</time>
   </trkpt>
   <trkpt lat="48.6994990" lon="2.1759930">
    <ele>61.3</ele>
    <time>2024-05-03T20:08:04Z</time>
   </trkpt>
   <trkpt lat="48.6994930" lon="2.1759120">
    <ele>61.3</ele>
    <time>2024-05-03T20:08:05Z</time>
   </trkpt>
   <trkpt lat="48.6994840" lon="2.1758300">
    <ele>61.4</ele>
    <time>2024-05-03T20:08:06Z</time>
   </trkpt>
   <trkpt lat="48.6994750" lon="2.1757470">
    <ele>61.4</ele>
    <time>2024-05-03T20:08:07Z</time>
   </trkpt>
   <trkpt lat="48.6994590" lon="2.1756660">
    <ele>61.4</ele>
    <time>2024-05-03T20:08:08Z</time>
   </trkpt>
   <trkpt lat="48.6994400" lon="2.1755850">
    <ele>61.5</ele>
    <time>2024-05-03T20:08:09Z</time>
   </trkpt>
   <trkpt lat="48.6994220" lon="2.1755070">
    <ele>61.5</ele>
    <time>2024-05-03T20:08:10Z</time>
   </trkpt>
   <trkpt lat="48.6994030" lon="2.1754250">
    <ele>61.6</ele>
    <time>2024-05-03T20:08:11Z</time>
   </trkpt>
   <trkpt lat="48.6993860" lon="2.1753430">
    <ele>61.6</ele>
    <time>2024-05-03T20:08:12Z</time>
   </trkpt>
   <trkpt lat="48.6993690" lon="2.1752630">
    <ele>61.7</ele>
    <time>2024-05-03T20:08:13Z</time>
   </trkpt>
   <trkpt lat="48.6993510" lon="2.1751820">
    <ele>61.7</ele>
    <time>2024-05-03T20:08:14Z</time>
   </trkpt>
   <trkpt lat="48.6993290" lon="2.1751020">
    <ele>61.8</ele>
    <time>2024-05-03T20:08:15Z</time>
   </trkpt>
   <trkpt lat="48.6993050" lon="2.1750250">
    <ele>61.8</ele>
    <time>2024-05-03T20:08:16Z</time>
   </trkpt>
   <trkpt lat="48.6992840" lon="2.1749480">
    <ele>61.9</ele>
    <time>2024-05-03T20:08:17Z</time>
   </trkpt>
   <trkpt lat="48.6992640" lon="2.1748700">
    <ele>61.9</ele>
    <time>2024-05-03T20:08:18Z</time>
   </trkpt>
   <trkpt lat="48.6992460" lon="2.1747910">
    <ele>62.0</ele>
    <time>2024-05-03T20:08:19Z</time>
   </trkpt>
   <trkpt lat="48.6992270" lon="2.1747090">
    <ele>62.0</ele>
    <time>2024-05-03T20:08:20Z</time>
   </trkpt>
   <trkpt lat="48.6992090" lon="2.1746280">
    <ele>62.1</ele>
    <time>2024-05-03T20:08:21Z</time>
   </trkpt>
   <trkpt lat="48.6992030" lon="2.1745410">
    <ele>62.1</ele>
    <time>2024-05-03T20:08:22Z</time>
   </trkpt>
   <trkpt lat="48.6992030" lon="2.1744530">
    <ele>62.1</ele>
    <time>2024-05-03T20:08:23Z</time>
   </trkpt>
   <trkpt lat="48.6992090" lon="2.1743650">
    <ele>62.2</ele>
    <time>2024-05-03T20:08:24Z</time>
   </trkpt>
   <trkpt lat="48.6992150" lon="2.1742770">
    <ele>62.2</ele>
    <time>2024-05-03T20:08:25Z</time>
   </trkpt>
   <trkpt lat="48.6992180" lon="2.1741900">
    <ele>62.2</ele>
    <time>2024-05-03T20:08:26Z</time>
   </trkpt>
   <trkpt lat="48.6992230" lon="2.1741030">
    <ele>62.2</ele>
    <time>2024-05-03T20:08:27Z</time>
   </trkpt>
   <trkpt lat="48.6992270" lon="2.1740160">
    <ele>62.2</ele>
    <time>2024-05-03T20:08:28Z</time>
   </trkpt>
   <trkpt lat="48.6992320" lon="2.1739270">
    <ele>62.2</ele>
    <time>2024-05-03T20:08:29Z</time>
   </trkpt>
   <trkpt lat="48.6992360" lon="2.1738370">
    <ele>62.2</ele>
    <time>2024-05-03T20:08:30Z</time>
   </trkpt>
   <trkpt lat="48.6992400" lon="2.1737470">
    <ele>62.3</ele>
    <time>2024-05-03T20:08:31Z</time>
   </trkpt>
   <trkpt lat="48.6992450" lon="2.1736550">
    <ele>62.3</ele>
    <time>2024-05-03T20:08:32Z</time>
   </trkpt>
   <trkpt lat="48.6992470" lon="2.1735660">
    <ele>62.3</ele>
    <time>2024-05-03T20:08:33Z</time>
   </trkpt>
   <trkpt lat="48.6992520" lon="2.1734770">
    <ele>62.3</ele>
    <time>2024-05-03T20:08:34Z</time>
   </trkpt>
   <trkpt lat="48.6992570" lon="2.1733880">
    <ele>62.4</ele>
    <time>2024-05-03T20:08:35Z</time>
   </trkpt>
   <trkpt lat="48.6992590" lon="2.1732990">
    <ele>62.4</ele>
    <time>2024-05-03T20:08:36Z</time>
   </trkpt>
   <trkpt lat="48.6992630" lon="2.1732090">
    <ele>62.4</ele>
    <time>2024-05-03T20:08:37Z</time>
   </trkpt>
   <trkpt lat="48.6992690" lon="2.1731210">
    <ele>62.4</ele>
    <time>2024-05-03T20:08:38Z</time>
   </trkpt>
   <trkpt lat="48.6992720" lon="2.1730340">
    <ele>62.4</ele>
    <time>2024-05-03T20:08:39Z</time>
   </trkpt>
   <trkpt lat="48.6992720" lon="2.1729450">
    <ele>62.4</ele>
    <time>2024-05-03T20:08:40Z</time>
   </trkpt>
   <trkpt lat="48.6992720" lon="2.1728570">
    <ele>62.5</ele>
    <time>2024-05-03T20:08:41Z</time>
   </trkpt>
   <trkpt lat="48.6992750" lon="2.1727690">
    <ele>62.5</ele>
    <time>2024-05-03T20:08:42Z</time>
   </trkpt>
   <trkpt lat="48.6992780" lon="2.1726780">
    <ele>62.5</ele>
    <time>2024-05-03T20:08:43Z</time>
   </trkpt>
   <trkpt lat="48.6992830" lon="2.1725880">
    <ele>62.5</ele>
    <time>2024-05-03T20:08:44Z</time>
   </trkpt>
   <trkpt lat="48.6992860" lon="2.1724980">
    <ele>62.5</ele>
    <time>2024-05-03T20:08:45Z</time>
   </trkpt>
   <trkpt lat="48.6992880" lon="2.1724120">
    <ele>62.6</ele>
    <time>2024-05-03T20:08:46Z</time>
   </trkpt>
   <trkpt lat="48.6992930" lon="2.1723300">
    <ele>62.6</ele>
    <time>2024-05-03T20:08:47Z</time>
   </trkpt>
   <trkpt lat="48.6993010" lon="2.1722510">
    <ele>62.6</ele>
    <time>2024-05-03T20:08:48Z</time>
   </trkpt>
   <trkpt lat="48.6993100" lon="2.1721730">
    <ele>62.6</ele>
    <time>2024-05-03T20:08:49Z</time>
   </trkpt>
   <trkpt lat="48.6993170" lon="2.1720970">
    <ele>62.7</ele>
    <time>2024-05-03T20:08:50Z</time>
   </trkpt>
   <trkpt lat="48.6993180" lon="2.1720180">
    <ele>62.7</ele>
    <time>2024-05-03T20:08:51Z</time>
   </trkpt>
   <trkpt lat="48.6993220" lon="2.1719370">
    <ele>62.7</ele>
    <time>2024-05-03T20:08:52Z</time>
   </trkpt>
   <trkpt lat="48.6993260" lon="2.1718550">
    <ele>62.7</ele>
    <time>2024-05-03T20:08:53Z</time>
   </trkpt>
   <trkpt lat="48.6993310" lon="2.1717710">
    <ele>62.6</ele>
    <time>2024-05-03T20:08:54Z</time>
   </trkpt>
   <trkpt lat="48.6993360" lon="2.1716880">
    <ele>62.6</ele>
    <time>2024-05-03T20:08:55Z</time>
   </trkpt>
   <trkpt lat="48.6993420" lon="2.1716050">
    <ele>62.6</ele>
    <time>2024-05-03T20:08:56Z</time>
   </trkpt>
   <trkpt lat="48.6993460" lon="2.1715190">
    <ele>62.6</ele>
    <time>2024-05-03T20:08:57Z</time>
   </trkpt>
   <trkpt lat="48.6993500" lon="2.1714340">
    <ele>62.6</ele>
    <time>2024-05-03T20:08:58Z</time>
   </trkpt>
   <trkpt lat="48.6993740" lon="2.1713560">
    <ele>62.5</ele>
    <time>2024-05-03T20:08:59Z</time>
   </trkpt>
   <trkpt lat="48.6994120" lon="2.1712930">
    <ele>62.5</ele>
    <time>2024-05-03T20:09:00Z</time>
   </trkpt>
   <trkpt lat="48.6994500" lon="2.1712300">
    <ele>62.5</ele>
    <time>2024-05-03T20:09:01Z</time>
   </trkpt>
   <trkpt lat="48.6994840" lon="2.1711640">
    <ele>62.5</ele>
    <time>2024-05-03T20:09:02Z</time>
   </trkpt>
   <trkpt lat="48.6995120" lon="2.1710920">
    <ele>62.5</ele>
    <time>2024-05-03T20:09:03Z</time>
   </trkpt>
   <trkpt lat="48.6995330" lon="2.1710130">
    <ele>62.6</ele>
    <time>2024-05-03T20:09:04Z</time>
   </trkpt>
   <trkpt lat="48.6995460" lon="2.1709280">
    <ele>62.5</ele>
    <time>2024-05-03T20:09:05Z</time>
   </trkpt>
   <trkpt lat="48.6995500" lon="2.1708400">
    <ele>62.5</ele>
    <time>2024-05-03T20:09:06Z</time>
   </trkpt>
   <trkpt lat="48.6995500" lon="2.1707510">
    <ele>62.5</ele>
    <time>2024-05-03T20:09:07Z</time>
   </trkpt>
   <trkpt lat="48.6995490" lon="2.1706630">
    <ele>62.5</ele>
    <time>2024-05-03T20:09:08Z</time>
   </trkpt>
   <trkpt lat="48.6995510" lon="2.1705760">
    <ele>62.5</ele>
    <time>2024-05-03T20:09:09Z</time>
   </trkpt>
   <trkpt lat="48.6995470" lon="2.1704930">
    <ele>62.4</ele>
    <time>2024-05-03T20:09:10Z</time>
   </trkpt>
   <trkpt lat="48.6995310" lon="2.1704140">
    <ele>62.4</ele>
    <time>2024-05-03T20:09:11Z</time>
   </trkpt>
   <trkpt lat="48.6995070" lon="2.1703410">
    <ele>62.4</ele>
    <time>2024-05-03T20:09:12Z</time>
   </trkpt>
   <trkpt lat="48.6994800" lon="2.1702740">
    <ele>62.4</ele>
    <time>2024-05-03T20:09:13Z</time>
   </trkpt>
   <trkpt lat="48.6994510" lon="2.1702100">
    <ele>62.4</ele>
    <time>2024-05-03T20:09:14Z</time>
   </trkpt>
   <trkpt lat="48.6994230" lon="2.1701390">
    <ele>62.3</ele>
    <time>2024-05-03T20:09:15Z</time>
   </trkpt>
   <trkpt lat="48.6994070" lon="2.1700560">
    <ele>62.3</ele>
    <time>2024-05-03T20:09:16Z</time>
   </trkpt>
   <trkpt lat="48.6994010" lon="2.1699660">
    <ele>62.2</ele>
    <time>2024-05-03T20:09:17Z</time>
   </trkpt>
   <trkpt lat="48.6994020" lon="2.1698770">
    <ele>62.2</ele>
    <time>2024-05-03T20:09:18Z</time>
   </trkpt>
   <trkpt lat="48.6994070" lon="2.1697870">
    <ele>62.2</ele>
    <time>2024-05-03T20:09:19Z</time>
   </trkpt>
   <trkpt lat="48.6994140" lon="2.1696960">
    <ele>62.1</ele>
    <time>2024-05-03T20:09:20Z</time>
   </trkpt>
   <trkpt lat="48.6994210" lon="2.1696050">
    <ele>62.1</ele>
    <time>2024-05-03T20:09:21Z</time>
   </trkpt>
   <trkpt lat="48.6994240" lon="2.1695110">
    <ele>62.1</ele>
    <time>2024-05-03T20:09:22Z</time>
   </trkpt>
   <trkpt lat="48.6994300" lon="2.1694160">
    <ele>62.0</ele>
    <time>2024-05-03T20:09:23Z</time>
   </trkpt>
   <trkpt lat="48.6994340" lon="2.1693220">
    <ele>62.0</ele>
    <time>2024-05-03T20:09:24Z</time>
   </trkpt>
   <trkpt lat="48.6994320" lon="2.1692290">
    <ele>62.0</ele>
    <time>2024-05-03T20:09:25Z</time>
   </trkpt>
   <trkpt lat="48.6994260" lon="2.1691370">
    <ele>62.0</ele>
    <time>2024-05-03T20:09:26Z</time>
   </trkpt>
   <trkpt lat="48.6994220" lon="2.1690430">
    <ele>62.1</ele>
    <time>2024-05-03T20:09:27Z</time>
   </trkpt>
   <trkpt lat="48.6994150" lon="2.1689530">
    <ele>62.1</ele>
    <time>2024-05-03T20:09:28Z</time>
   </trkpt>
   <trkpt lat="48.6994060" lon="2.1688690">
    <ele>62.1</ele>
    <time>2024-05-03T20:09:29Z</time>
   </trkpt>
   <trkpt lat="48.6993940" lon="2.1687890">
    <ele>62.2</ele>
    <time>2024-05-03T20:09:30Z</time>
   </trkpt>
   <trkpt lat="48.6993770" lon="2.1687090">
    <ele>62.2</ele>
    <time>2024-05-03T20:09:31Z</time>
   </trkpt>
   <trkpt lat="48.6993590" lon="2.1686280">
    <ele>62.3</ele>
    <time>2024-05-03T20:09:32Z</time>
   </trkpt>
   <trkpt lat="48.6993420" lon="2.1685470">
    <ele>62.3</ele>
    <time>2024-05-03T20:09:33Z</time>
   </trkpt>
   <trkpt lat="48.6993300" lon="2.1684640">
    <ele>62.4</ele>
    <time>2024-05-03T20:09:34Z</time>
   </trkpt>
   <trkpt lat="48.6993150" lon="2.1683840">
    <ele>62.4</ele>
    <time>2024-05-03T20:09:35Z</time>
   </trkpt>
   <trkpt lat="48.6993010" lon="2.1683040">
    <ele>62.5</ele>
    <time>2024-05-03T20:09:36Z</time>
   </trkpt>
   <trkpt lat="48.6992860" lon="2.1682270">
    <ele>62.5</ele>
    <time>2024-05-03T20:09:37Z</time>
   </trkpt>
   <trkpt lat="48.6992700" lon="2.1681520">
    <ele>62.6</ele>
    <time>2024-05-03T20:09:38Z</time>
   </trkpt>
   <trkpt lat="48.6992540" lon="2.1680790">
    <ele>62.6</ele>
    <time>2024-05-03T20:09:39Z</time>
   </trkpt>
   <trkpt lat="48.6992380" lon="2.1680060">
    <ele>62.6</ele>
    <time>2024-05-03T20:09:40Z</time>
   </trkpt>
   <trkpt lat="48.6992270" lon="2.1679330">
    <ele>62.6</ele>
    <time>2024-05-03T20:09:41Z</time>
   </trkpt>
   <trkpt lat="48.6992150" lon="2.1678590">
    <ele>62.6</ele>
    <time>2024-05-03T20:09:42Z</time>
   </trkpt>
   <trkpt lat="48.6991990" lon="2.1677890">
    <ele>62.7</ele>
    <time>2024-05-03T20:09:43Z</time>
   </trkpt>
   <trkpt lat="48.6991800" lon="2.1677230">
    <ele>62.7</ele>
    <time>2024-05-03T20:09:44Z</time>
   </trkpt>
   <trkpt lat="48.6991650" lon="2.1676600">
    <ele>62.7</ele>
    <time>2024-05-03T20:09:45Z</time>
   </trkpt>
   <trkpt lat="48.6991450" lon="2.1675950">
    <ele>62.7</ele>
    <time>2024-05-03T20:09:46Z</time>
   </trkpt>
   <trkpt lat="48.6991240" lon="2.1675300">
    <ele>62.8</ele>
    <time>2024-05-03T20:09:47Z</time>
   </trkpt>
   <trkpt lat="48.6990950" lon="2.1674690">
    <ele>62.8</ele>
    <time>2024-05-03T20:09:48Z</time>
   </trkpt>
   <trkpt lat="48.6990650" lon="2.1674070">
    <ele>62.8</ele>
    <time>2024-05-03T20:09:49Z</time>
   </trkpt>
   <trkpt lat="48.6990290" lon="2.1673550">
    <ele>62.8</ele>
    <time>2024-05-03T20:09:50Z</time>
   </trkpt>
   <trkpt lat="48.6989980" lon="2.1673020">
    <ele>62.8</ele>
    <time>2024-05-03T20:09:51Z</time>
   </trkpt>
   <trkpt lat="48.6989760" lon="2.1672430">
    <ele>62.9</ele>
    <time>2024-05-03T20:09:52Z</time>
   </trkpt>
   <trkpt lat="48.6989570" lon="2.1671770">
    <ele>63.0</ele>
    <time>2024-05-03T20:09:53Z</time>
   </trkpt>
   <trkpt lat="48.6989390" lon="2.1671130">
    <ele>63.0</ele>
    <time>2024-05-03T20:09:54Z</time>
   </trkpt>
   <trkpt lat="48.6989300" lon="2.1670500">
    <ele>63.1</ele>
    <time>2024-05-03T20:09:55Z</time>
   </trkpt>
   <trkpt lat="48.6989210" lon="2.1669870">
    <ele>63.2</ele>
    <time>2024-05-03T20:09:56Z</time>
   </trkpt>
   <trkpt lat="48.6989050" lon="2.1669270">
    <ele>63.2</ele>
    <time>2024-05-03T20:09:57Z</time>
   </trkpt>
   <trkpt lat="48.6988910" lon="2.1668660">
    <ele>63.2</ele>
    <time>2024-05-03T20:09:58Z</time>
   </trkpt>
   <trkpt lat="48.6988760" lon="2.1668080">
    <ele>63.3</ele>
    <time>2024-05-03T20:09:59Z</time>
   </trkpt>
   <trkpt lat="48.6988630" lon="2.1667490">
    <ele>63.3</ele>
    <time>2024-05-03T20:10:00Z</time>
   </trkpt>
   <trkpt lat="48.6988480" lon="2.1666890">
    <ele>63.3</ele>
    <time>2024-05-03T20:10:01Z</time>
   </trkpt>
   <trkpt lat="48.6988320" lon="2.1666260">
    <ele>63.3</ele>
    <time>2024-05-03T20:10:02Z</time>
   </trkpt>
   <trkpt lat="48.6988170" lon="2.1665670">
    <ele>63.3</ele>
    <time>2024-05-03T20:10:03Z</time>
   </trkpt>
   <trkpt lat="48.6988050" lon="2.1665060">
    <ele>63.3</ele>
    <time>2024-05-03T20:10:04Z</time>
   </trkpt>
   <trkpt lat="48.6987910" lon="2.1664450">
    <ele>63.2</ele>
    <time>2024-05-03T20:10:05Z</time>
   </trkpt>
   <trkpt lat="48.6987750" lon="2.1663860">
    <ele>63.2</ele>
    <time>2024-05-03T20:10:06Z</time>
   </trkpt>
   <trkpt lat="48.6987570" lon="2.1663290">
    <ele>63.2</ele>
    <time>2024-05-03T20:10:07Z</time>
   </trkpt>
   <trkpt lat="48.6987350" lon="2.1662760">
    <ele>63.1</ele>
    <time>2024-05-03T20:10:08Z</time>
   </trkpt>
   <trkpt lat="48.6987060" lon="2.1662310">
    <ele>63.1</ele>
    <time>2024-05-03T20:10:09Z</time>
   </trkpt>
   <trkpt lat="48.6986820" lon="2.1661820">
    <ele>63.0</ele>
    <time>2024-05-03T20:10:10Z</time>
   </trkpt>
   <trkpt lat="48.6986710" lon="2.1661210">
    <ele>63.0</ele>
    <time>2024-05-03T20:10:11Z</time>
   </trkpt>
   <trkpt lat="48.6986680" lon="2.1660560">
    <ele>63.0</ele>
    <time>2024-05-03T20:10:12Z</time>
   </trkpt>
   <trkpt lat="48.6986720" lon="2.1659960">
    <ele>63.0</ele>
    <time>2024-05-03T20:10:13Z</time>
   </trkpt>
   <trkpt lat="48.6986870" lon="2.1659400">
    <ele>63.0</ele>
    <time>2024-05-03T20:10:14Z</time>
   </trkpt>
   <trkpt lat="48.6987030" lon="2.1658880">
    <ele>62.9</ele>
    <time>2024-05-03T20:10:15Z</time>
   </trkpt>
   <trkpt lat="48.6987090" lon="2.1658380">
    <ele>62.9</ele>
    <time>2024-05-03T20:10:16Z</time>
   </trkpt>
   <trkpt lat="48.6987040" lon="2.1657860">
    <ele>62.9</ele>
    <time>2024-05-03T20:10:17Z</time>
   </trkpt>
   <trkpt lat="48.6986970" lon="2.1657290">
    <ele>62.9</ele>
    <time>2024-05-03T20:10:18Z</time>
   </trkpt>
   <trkpt lat="48.6986930" lon="2.1656690">
    <ele>62.8</ele>
    <time>2024-05-03T20:10:19Z</time>
   </trkpt>
   <trkpt lat="48.6986900" lon="2.1656060">
    <ele>62.8</ele>
    <time>2024-05-03T20:10:20Z</time>
   </trkpt>
   <trkpt lat="48.6986860" lon="2.1655420">
    <ele>62.8</ele>
    <time>2024-05-03T20:10:21Z</time>
   </trkpt>
   <trkpt lat="48.6986800" lon="2.1654790">
    <ele>62.8</ele>
    <time>2024-05-03T20:10:22Z</time>
   </trkpt>
   <trkpt lat="48.6986750" lon="2.1654160">
    <ele>62.7</ele>
    <time>2024-05-03T20:10:23Z</time>
   </trkpt>
   <trkpt lat="48.6986700" lon="2.1653540">
    <ele>62.7</ele>
    <time>2024-05-03T20:10:24Z</time>
   </trkpt>
   <trkpt lat="48.6986720" lon="2.1652930">
    <ele>62.7</ele>
    <time>2024-05-03T20:10:25Z</time>
   </trkpt>
   <trkpt lat="48.6986850" lon="2.1652350">
    <ele>62.6</ele>
    <time>2024-05-03T20:10:26Z</time>
   </trkpt>
   <trkpt lat="48.6986950" lon="2.1651800">
    <ele>62.6</ele>
    <time>2024-05-03T20:10:27Z</time>
   </trkpt>
   <trkpt lat="48.6987000" lon="2.1651280">
    <ele>62.6</ele>
    <time>2024-05-03T20:10:28Z</time>
   </trkpt>
   <trkpt lat="48.6986990" lon="2.1650770">
    <ele>62.5</ele>
    <time>2024-05-03T20:10:29Z</time>
   </trkpt>
   <trkpt lat="48.6986980" lon="2.1650240">
    <ele>62.5</ele>
    <time>2024-05-03T20:10:30Z</time>
   </trkpt>
   <trkpt lat="48.6987010" lon="2.1649710">
    <ele>62.5</ele>
    <time>2024-05-03T20:10:31Z</time>
   </trkpt>
   <trkpt lat="48.6987090" lon="2.1649170">
    <ele>62.4</ele>
    <time>2024-05-03T20:10:32Z</time>
   </trkpt>
   <trkpt lat="48.6987220" lon="2.1648650">
    <ele>62.4</ele>
    <time>2024-05-03T20:10:33Z</time>
   </trkpt>
   <trkpt lat="48.6987300" lon="2.1648110">
    <ele>62.4</ele>
    <time>2024-05-03T20:10:34Z</time>
   </trkpt>
   <trkpt lat="48.6987360" lon="2.1647560">
    <ele>62.3</ele>
    <time>2024-05-03T20:10:35Z</time>
   </trkpt>
   <trkpt lat="48.6987390" lon="2.1647070">
    <ele>62.3</ele>
    <time>2024-05-03T20:10:36Z</time>
   </trkpt>
   <trkpt lat="48.6987220" lon="2.1646620">
    <ele>62.3</ele>
    <time>2024-05-03T20:10:37Z</time>
   </trkpt>
   <trkpt lat="48.6987160" lon="2.1646510">
    <ele>62.3</ele>
    <time>2024-05-03T20:10:38Z</time>
   </trkpt>
   <trkpt lat="48.6987080" lon="2.1646300">
    <ele>62.3</ele>
    <time>2024-05-03T20:10:39Z</time>
   </trkpt>
   <trkpt lat="48.6987070" lon="2.1646010">
    <ele>62.2</ele>
    <time>2024-05-03T20:10:40Z</time>
   </trkpt>
   <trkpt lat="48.6987190" lon="2.1645440">
    <ele>62.2</ele>
    <time>2024-05-03T20:10:41Z</time>
   </trkpt>
   <trkpt lat="48.6987240" lon="2.1645220">
    <ele>62.2</ele>
    <time>2024-05-03T20:10:42Z</time>
   </trkpt>
   <trkpt lat="48.6987340" lon="2.1644720">
    <ele>62.1</ele>
    <time>2024-05-03T20:10:43Z</time>
   </trkpt>
   <trkpt lat="48.6987470" lon="2.1644190">
    <ele>62.1</ele>
    <time>2024-05-03T20:10:44Z</time>
   </trkpt>
   <trkpt lat="48.6987620" lon="2.1643600">
    <ele>62.0</ele>
    <time>2024-05-03T20:10:45Z</time>
   </trkpt>
   <trkpt lat="48.6987760" lon="2.1642870">
    <ele>62.0</ele>
    <time>2024-05-03T20:10:46Z</time>
   </trkpt>
   <trkpt lat="48.6987810" lon="2.1642130">
    <ele>61.9</ele>
    <time>2024-05-03T20:10:47Z</time>
   </trkpt>
   <trkpt lat="48.6987890" lon="2.1641330">
    <ele>61.8</ele>
    <time>2024-05-03T20:10:48Z</time>
   </trkpt>
   <trkpt lat="48.6988010" lon="2.1640480">
    <ele>61.8</ele>
    <time>2024-05-03T20:10:49Z</time>
   </trkpt>
   <trkpt lat="48.6988150" lon="2.1639640">
    <ele>61.8</ele>
    <time>2024-05-03T20:10:50Z</time>
   </trkpt>
   <trkpt lat="48.6988310" lon="2.1638810">
    <ele>61.8</ele>
    <time>2024-05-03T20:10:51Z</time>
   </trkpt>
   <trkpt lat="48.6988440" lon="2.1637950">
    <ele>61.7</ele>
    <time>2024-05-03T20:10:52Z</time>
   </trkpt>
   <trkpt lat="48.6988590" lon="2.1637110">
    <ele>61.7</ele>
    <time>2024-05-03T20:10:53Z</time>
   </trkpt>
   <trkpt lat="48.6988770" lon="2.1636270">
    <ele>61.8</ele>
    <time>2024-05-03T20:10:54Z</time>
   </trkpt>
   <trkpt lat="48.6988930" lon="2.1635440">
    <ele>61.8</ele>
    <time>2024-05-03T20:10:55Z</time>
   </trkpt>
   <trkpt lat="48.6989100" lon="2.1634580">
    <ele>61.8</ele>
    <time>2024-05-03T20:10:56Z</time>
   </trkpt>
   <trkpt lat="48.6989260" lon="2.1633750">
    <ele>61.8</ele>
    <time>2024-05-03T20:10:57Z</time>
   </trkpt>
   <trkpt lat="48.6989450" lon="2.1632920">
    <ele>61.8</ele>
    <time>2024-05-03T20:10:58Z</time>
   </trkpt>
   <trkpt lat="48.6989610" lon="2.1632070">
    <ele>61.8</ele>
    <time>2024-05-03T20:10:59Z</time>
   </trkpt>
   <trkpt lat="48.6989750" lon="2.1631210">
    <ele>61.8</ele>
    <time>2024-05-03T20:11:00Z</time>
   </trkpt>
   <trkpt lat="48.6989890" lon="2.1630360">
    <ele>61.8</ele>
    <time>2024-05-03T20:11:01Z</time>
   </trkpt>
   <trkpt lat="48.6990010" lon="2.1629500">
    <ele>61.8</ele>
    <time>2024-05-03T20:11:02Z</time>
   </trkpt>
   <trkpt lat="48.6990130" lon="2.1628620">
    <ele>61.8</ele>
    <time>2024-05-03T20:11:03Z</time>
   </trkpt>
   <trkpt lat="48.6990220" lon="2.1627760">
    <ele>61.8</ele>
    <time>2024-05-03T20:11:04Z</time>
   </trkpt>
   <trkpt lat="48.6990320" lon="2.1626900">
    <ele>61.8</ele>
    <time>2024-05-03T20:11:05Z</time>
   </trkpt>
   <trkpt lat="48.6990400" lon="2.1626030">
    <ele>61.9</ele>
    <time>2024-05-03T20:11:06Z</time>
   </trkpt>
   <trkpt lat="48.6990490" lon="2.1625170">
    <ele>61.9</ele>
    <time>2024-05-03T20:11:07Z</time>
   </trkpt>
   <trkpt lat="48.6990600" lon="2.1624300">
    <ele>61.9</ele>
    <time>2024-05-03T20:11:08Z</time>
   </trkpt>
   <trkpt lat="48.6990720" lon="2.1623460">
    <ele>61.9</ele>
    <time>2024-05-03T20:11:09Z</time>
   </trkpt>
   <trkpt lat="48.6990790" lon="2.1622600">
    <ele>61.9</ele>
    <time>2024-05-03T20:11:10Z</time>
   </trkpt>
   <trkpt lat="48.6990850" lon="2.1621730">
    <ele>61.9</ele>
    <time>2024-05-03T20:11:11Z</time>
   </trkpt>
   <trkpt lat="48.6990930" lon="2.1620850">
    <ele>61.9</ele>
    <time>2024-05-03T20:11:12Z</time>
   </trkpt>
   <trkpt lat="48.6991010" lon="2.1619950">
    <ele>61.9</ele>
    <time>2024-05-03T20:11:13Z</time>
   </trkpt>
   <trkpt lat="48.6991120" lon="2.1619050">
    <ele>62.0</ele>
    <time>2024-05-03T20:11:14Z</time>
   </trkpt>
   <trkpt lat="48.6991210" lon="2.1618150">
    <ele>62.0</ele>
    <time>2024-05-03T20:11:15Z</time>
   </trkpt>
   <trkpt lat="48.6991300" lon="2.1617250">
    <ele>62.0</ele>
    <time>2024-05-03T20:11:16Z</time>
   </trkpt>
   <trkpt lat="48.6991400" lon="2.1616360">
    <ele>62.0</ele>
    <time>2024-05-03T20:11:17Z</time>
   </trkpt>
   <trkpt lat="48.6991530" lon="2.1615460">
    <ele>62.0</ele>
    <time>2024-05-03T20:11:18Z</time>
   </trkpt>
   <trkpt lat="48.6991620" lon="2.1614550">
    <ele>62.0</ele>
    <time>2024-05-03T20:11:19Z</time>
   </trkpt>
   <trkpt lat="48.6991720" lon="2.1613650">
    <ele>62.0</ele>
    <time>2024-05-03T20:11:20Z</time>
   </trkpt>
   <trkpt lat="48.6991810" lon="2.1612730">
    <ele>62.0</ele>
    <time>2024-05-03T20:11:21Z</time>
   </trkpt>
   <trkpt lat="48.6991890" lon="2.1611810">
    <ele>62.0</ele>
    <time>2024-05-03T20:11:22Z</time>
   </trkpt>
   <trkpt lat="48.6992010" lon="2.1610890">
    <ele>62.0</ele>
    <time>2024-05-03T20:11:23Z</time>
   </trkpt>
   <trkpt lat="48.6992090" lon="2.1609950">
    <ele>62.0</ele>
    <time>2024-05-03T20:11:24Z</time>
   </trkpt>
   <trkpt lat="48.6992130" lon="2.1609000">
    <ele>62.0</ele>
    <time>2024-05-03T20:11:25Z</time>
   </trkpt>
   <trkpt lat="48.6992180" lon="2.1608050">
    <ele>61.9</ele>
    <time>2024-05-03T20:11:26Z</time>
   </trkpt>
   <trkpt lat="48.6992180" lon="2.1607100">
    <ele>61.8</ele>
    <time>2024-05-03T20:11:27Z</time>
   </trkpt>
   <trkpt lat="48.6992140" lon="2.1606140">
    <ele>61.8</ele>
    <time>2024-05-03T20:11:28Z</time>
   </trkpt>
   <trkpt lat="48.6992020" lon="2.1605180">
    <ele>61.8</ele>
    <time>2024-05-03T20:11:29Z</time>
   </trkpt>
   <trkpt lat="48.6991860" lon="2.1604240">
    <ele>61.8</ele>
    <time>2024-05-03T20:11:30Z</time>
   </trkpt>
   <trkpt lat="48.6991640" lon="2.1603310">
    <ele>61.9</ele>
    <time>2024-05-03T20:11:31Z</time>
   </trkpt>
   <trkpt lat="48.6991380" lon="2.1602390">
    <ele>61.9</ele>
    <time>2024-05-03T20:11:32Z</time>
   </trkpt>
   <trkpt lat="48.6991110" lon="2.1601500">
    <ele>61.9</ele>
    <time>2024-05-03T20:11:33Z</time>
   </trkpt>
   <trkpt lat="48.6990800" lon="2.1600640">
    <ele>62.0</ele>
    <time>2024-05-03T20:11:34Z</time>
   </trkpt>
   <trkpt lat="48.6990480" lon="2.1599790">
    <ele>62.0</ele>
    <time>2024-05-03T20:11:35Z</time>
   </trkpt>
   <trkpt lat="48.6990170" lon="2.1598940">
    <ele>62.0</ele>
    <time>2024-05-03T20:11:36Z</time>
   </trkpt>
   <trkpt lat="48.6989880" lon="2.1598110">
    <ele>62.0</ele>
    <time>2024-05-03T20:11:37Z</time>
   </trkpt>
   <trkpt lat="48.6989590" lon="2.1597270">
    <ele>62.0</ele>
    <time>2024-05-03T20:11:38Z</time>
   </trkpt>
   <trkpt lat="48.6989290" lon="2.1596430">
    <ele>62.0</ele>
    <time>2024-05-03T20:11:39Z</time>
   </trkpt>
   <trkpt lat="48.6989000" lon="2.1595600">
    <ele>62.0</ele>
    <time>2024-05-03T20:11:40Z</time>
   </trkpt>
   <trkpt lat="48.6988700" lon="2.1594740">
    <ele>62.0</ele>
    <time>2024-05-03T20:11:41Z</time>
   </trkpt>
   <trkpt lat="48.6988390" lon="2.1593890">
    <ele>62.0</ele>
    <time>2024-05-03T20:11:42Z</time>
   </trkpt>
   <trkpt lat="48.6988090" lon="2.1593040">
    <ele>62.0</ele>
    <time>2024-05-03T20:11:43Z</time>
   </trkpt>
   <trkpt lat="48.6987790" lon="2.1592150">
    <ele>62.0</ele>
    <time>2024-05-03T20:11:44Z</time>
   </trkpt>
   <trkpt lat="48.6987480" lon="2.1591270">
    <ele>62.0</ele>
    <time>2024-05-03T20:11:45Z</time>
   </trkpt>
   <trkpt lat="48.6987190" lon="2.1590400">
    <ele>62.0</ele>
    <time>2024-05-03T20:11:46Z</time>
   </trkpt>
   <trkpt lat="48.6986890" lon="2.1589550">
    <ele>62.1</ele>
    <time>2024-05-03T20:11:47Z</time>
   </trkpt>
   <trkpt lat="48.6986600" lon="2.1588730">
    <ele>62.1</ele>
    <time>2024-05-03T20:11:48Z</time>
   </trkpt>
   <trkpt lat="48.6986280" lon="2.1587860">
    <ele>62.1</ele>
    <time>2024-05-03T20:11:49Z</time>
   </trkpt>
   <trkpt lat="48.6985970" lon="2.1587030">
    <ele>62.1</ele>
    <time>2024-05-03T20:11:50Z</time>
   </trkpt>
   <trkpt lat="48.6985660" lon="2.1586210">
    <ele>62.2</ele>
    <time>2024-05-03T20:11:51Z</time>
   </trkpt>
   <trkpt lat="48.6985350" lon="2.1585370">
    <ele>62.2</ele>
    <time>2024-05-03T20:11:52Z</time>
   </trkpt>
   <trkpt lat="48.6985080" lon="2.1584540">
    <ele>62.2</ele>
    <time>2024-05-03T20:11:53Z</time>
   </trkpt>
   <trkpt lat="48.6984890" lon="2.1583670">
    <ele>62.3</ele>
    <time>2024-05-03T20:11:54Z</time>
   </trkpt>
   <trkpt lat="48.6984720" lon="2.1582830">
    <ele>62.3</ele>
    <time>2024-05-03T20:11:55Z</time>
   </trkpt>
   <trkpt lat="48.6984540" lon="2.1581990">
    <ele>62.3</ele>
    <time>2024-05-03T20:11:56Z</time>
   </trkpt>
   <trkpt lat="48.6984430" lon="2.1581220">
    <ele>62.3</ele>
    <time>2024-05-03T20:11:57Z</time>
   </trkpt>
   <trkpt lat="48.6984280" lon="2.1580500">
    <ele>62.4</ele>
    <time>2024-05-03T20:11:58Z</time>
   </trkpt>
   <trkpt lat="48.6984020" lon="2.1579900">
    <ele>62.4</ele>
    <time>2024-05-03T20:11:59Z</time>
   </trkpt>
   <trkpt lat="48.6983580" lon="2.1579600">
    <ele>62.4</ele>
    <time>2024-05-03T20:12:00Z</time>
   </trkpt>
   <trkpt lat="48.6983120" lon="2.1579590">
    <ele>62.4</ele>
    <time>2024-05-03T20:12:01Z</time>
   </trkpt>
   <trkpt lat="48.6982670" lon="2.1579770">
    <ele>62.4</ele>
    <time>2024-05-03T20:12:02Z</time>
   </trkpt>
   <trkpt lat="48.6982210" lon="2.1580010">
    <ele>62.4</ele>
    <time>2024-05-03T20:12:03Z</time>
   </trkpt>
   <trkpt lat="48.6981730" lon="2.1580300">
    <ele>62.4</ele>
    <time>2024-05-03T20:12:04Z</time>
   </trkpt>
   <trkpt lat="48.6981250" lon="2.1580650">
    <ele>62.4</ele>
    <time>2024-05-03T20:12:05Z</time>
   </trkpt>
   <trkpt lat="48.6980790" lon="2.1581040">
    <ele>62.4</ele>
    <time>2024-05-03T20:12:06Z</time>
   </trkpt>
   <trkpt lat="48.6980350" lon="2.1581470">
    <ele>62.4</ele>
    <time>2024-05-03T20:12:07Z</time>
   </trkpt>
   <trkpt lat="48.6979920" lon="2.1581900">
    <ele>62.4</ele>
    <time>2024-05-03T20:12:08Z</time>
   </trkpt>
   <trkpt lat="48.6979510" lon="2.1582290">
    <ele>62.4</ele>
    <time>2024-05-03T20:12:09Z</time>
   </trkpt>
   <trkpt lat="48.6979100" lon="2.1582710">
    <ele>62.4</ele>
    <time>2024-05-03T20:12:10Z</time>
   </trkpt>
   <trkpt lat="48.6978720" lon="2.1583100">
    <ele>62.4</ele>
    <time>2024-05-03T20:12:11Z</time>
   </trkpt>
   <trkpt lat="48.6978340" lon="2.1583470">
    <ele>62.4</ele>
    <time>2024-05-03T20:12:12Z</time>
   </trkpt>
   <trkpt lat="48.6977990" lon="2.1583840">
    <ele>62.5</ele>
    <time>2024-05-03T20:12:13Z</time>
   </trkpt>
   <trkpt lat="48.6977610" lon="2.1584210">
    <ele>62.5</ele>
    <time>2024-05-03T20:12:14Z</time>
   </trkpt>
   <trkpt lat="48.6977250" lon="2.1584630">
    <ele>62.5</ele>
    <time>2024-05-03T20:12:15Z</time>
   </trkpt>
   <trkpt lat="48.6976850" lon="2.1585020">
    <ele>62.5</ele>
    <time>2024-05-03T20:12:16Z</time>
   </trkpt>
   <trkpt lat="48.6976480" lon="2.1585440">
    <ele>62.6</ele>
    <time>2024-05-03T20:12:17Z</time>
   </trkpt>
   <trkpt lat="48.6976120" lon="2.1585850">
    <ele>62.6</ele>
    <time>2024-05-03T20:12:18Z</time>
   </trkpt>
   <trkpt lat="48.6975750" lon="2.1586270">
    <ele>62.6</ele>
    <time>2024-05-03T20:12:19Z</time>
   </trkpt>
   <trkpt lat="48.6975380" lon="2.1586650">
    <ele>62.7</ele>
    <time>2024-05-03T20:12:20Z</time>
   </trkpt>
   <trkpt lat="48.6975020" lon="2.1587000">
    <ele>62.7</ele>
    <time>2024-05-03T20:12:21Z</time>
   </trkpt>
   <trkpt lat="48.6974710" lon="2.1587330">
    <ele>62.8</ele>
    <time>2024-05-03T20:12:22Z</time>
   </trkpt>
   <trkpt lat="48.6974420" lon="2.1587670">
    <ele>62.8</ele>
    <time>2024-05-03T20:12:23Z</time>
   </trkpt>
   <trkpt lat="48.6974110" lon="2.1587910">
    <ele>62.9</ele>
    <time>2024-05-03T20:12:24Z</time>
   </trkpt>
   <trkpt lat="48.6973800" lon="2.1588100">
    <ele>63.0</ele>
    <time>2024-05-03T20:12:25Z</time>
   </trkpt>
   <trkpt lat="48.6973440" lon="2.1588240">
    <ele>63.0</ele>
    <time>2024-05-03T20:12:26Z</time>
   </trkpt>
   <trkpt lat="48.6973110" lon="2.1588370">
    <ele>63.1</ele>
    <time>2024-05-03T20:12:27Z</time>
   </trkpt>
   <trkpt lat="48.6972750" lon="2.1588500">
    <ele>63.2</ele>
    <time>2024-05-03T20:12:28Z</time>
   </trkpt>
   <trkpt lat="48.6972410" lon="2.1588670">
    <ele>63.3</ele>
    <time>2024-05-03T20:12:29Z</time>
   </trkpt>
   <trkpt lat="48.6972080" lon="2.1588860">
    <ele>63.5</ele>
    <time>2024-05-03T20:12:30Z</time>
   </trkpt>
   <trkpt lat="48.6971750" lon="2.1589050">
    <ele>63.6</ele>
    <time>2024-05-03T20:12:31Z</time>
   </trkpt>
   <trkpt lat="48.6971420" lon="2.1589240">
    <ele>63.7</ele>
    <time>2024-05-03T20:12:32Z</time>
   </trkpt>
   <trkpt lat="48.6971110" lon="2.1589420">
    <ele>63.8</ele>
    <time>2024-05-03T20:12:33Z</time>
   </trkpt>
   <trkpt lat="48.6970800" lon="2.1589590">
    <ele>64.0</ele>
    <time>2024-05-03T20:12:34Z</time>
   </trkpt>
   <trkpt lat="48.6970490" lon="2.1589680">
    <ele>64.1</ele>
    <time>2024-05-03T20:12:35Z</time>
   </trkpt>
   <trkpt lat="48.6970170" lon="2.1589730">
    <ele>64.3</ele>
    <time>2024-05-03T20:12:36Z</time>
   </trkpt>
   <trkpt lat="48.6969830" lon="2.1589690">
    <ele>64.4</ele>
    <time>2024-05-03T20:12:37Z</time>
   </trkpt>
   <trkpt lat="48.6969490" lon="2.1589550">
    <ele>64.4</ele>
    <time>2024-05-03T20:12:38Z</time>
   </trkpt>
   <trkpt lat="48.6969160" lon="2.1589350">
    <ele>64.4</ele>
    <time>2024-05-03T20:12:39Z</time>
   </trkpt>
   <trkpt lat="48.6968850" lon="2.1589060">
    <ele>64.4</ele>
    <time>2024-05-03T20:12:40Z</time>
   </trkpt>
   <trkpt lat="48.6968570" lon="2.1588620">
    <ele>64.4</ele>
    <time>2024-05-03T20:12:41Z</time>
   </trkpt>
   <trkpt lat="48.6968300" lon="2.1588100">
    <ele>64.4</ele>
    <time>2024-05-03T20:12:42Z</time>
   </trkpt>
   <trkpt lat="48.6968000" lon="2.1587600">
    <ele>64.4</ele>
    <time>2024-05-03T20:12:43Z</time>
   </trkpt>
   <trkpt lat="48.6967690" lon="2.1587100">
    <ele>64.4</ele>
    <time>2024-05-03T20:12:44Z</time>
   </trkpt>
   <trkpt lat="48.6967370" lon="2.1586450">
    <ele>64.4</ele>
    <time>2024-05-03T20:12:45Z</time>
   </trkpt>
   <trkpt lat="48.6967060" lon="2.1585870">
    <ele>64.5</ele>
    <time>2024-05-03T20:12:46Z</time>
   </trkpt>
   <trkpt lat="48.6966750" lon="2.1585340">
    <ele>64.5</ele>
    <time>2024-05-03T20:12:47Z</time>
   </trkpt>
   <trkpt lat="48.6966430" lon="2.1584810">
    <ele>64.5</ele>
    <time>2024-05-03T20:12:48Z</time>
   </trkpt>
   <trkpt lat="48.6966100" lon="2.1584300">
    <ele>64.6</ele>
    <time>2024-05-03T20:12:49Z</time>
   </trkpt>
   <trkpt lat="48.6965780" lon="2.1583780">
    <ele>64.7</ele>
    <time>2024-05-03T20:12:50Z</time>
   </trkpt>
   <trkpt lat="48.6965430" lon="2.1583250">
    <ele>64.7</ele>
    <time>2024-05-03T20:12:51Z</time>
   </trkpt>
   <trkpt lat="48.6965070" lon="2.1582740">
    <ele>64.8</ele>
    <time>2024-05-03T20:12:52Z</time>
   </trkpt>
   <trkpt lat="48.6964730" lon="2.1582180">
    <ele>64.9</ele>
    <time>2024-05-03T20:12:53Z</time>
   </trkpt>
   <trkpt lat="48.6964400" lon="2.1581660">
    <ele>65.0</ele>
    <time>2024-05-03T20:12:54Z</time>
   </trkpt>
   <trkpt lat="48.6964070" lon="2.1581110">
    <ele>65.1</ele>
    <time>2024-05-03T20:12:55Z</time>
   </trkpt>
   <trkpt lat="48.6963760" lon="2.1580550">
    <ele>65.2</ele>
    <time>2024-05-03T20:12:56Z</time>
   </trkpt>
   <trkpt lat="48.6963470" lon="2.1579950">
    <ele>65.3</ele>
    <time>2024-05-03T20:12:57Z</time>
   </trkpt>
   <trkpt lat="48.6963290" lon="2.1579230">
    <ele>65.4</ele>
    <time>2024-05-03T20:12:58Z</time>
   </trkpt>
   <trkpt lat="48.6963270" lon="2.1578470">
    <ele>65.5</ele>
    <time>2024-05-03T20:12:59Z</time>
   </trkpt>
   <trkpt lat="48.6963320" lon="2.1577710">
    <ele>65.5</ele>
    <time>2024-05-03T20:13:00Z</time>
   </trkpt>
   <trkpt lat="48.6963420" lon="2.1576930">
    <ele>65.6</ele>
    <time>2024-05-03T20:13:01Z</time>
   </trkpt>
   <trkpt lat="48.6963510" lon="2.1576190">
    <ele>65.7</ele>
    <time>2024-05-03T20:13:02Z</time>
   </trkpt>
   <trkpt lat="48.6963600" lon="2.1575470">
    <ele>65.8</ele>
    <time>2024-05-03T20:13:03Z</time>
   </trkpt>
   <trkpt lat="48.6963670" lon="2.1574770">
    <ele>65.9</ele>
    <time>2024-05-03T20:13:04Z</time>
   </trkpt>
   <trkpt lat="48.6963740" lon="2.1574100">
    <ele>66.0</ele>
    <time>2024-05-03T20:13:05Z</time>
   </trkpt>
   <trkpt lat="48.6963810" lon="2.1573420">
    <ele>66.1</ele>
    <time>2024-05-03T20:13:06Z</time>
   </trkpt>
   <trkpt lat="48.6963860" lon="2.1572740">
    <ele>66.2</ele>
    <time>2024-05-03T20:13:07Z</time>
   </trkpt>
   <trkpt lat="48.6963910" lon="2.1572060">
    <ele>66.3</ele>
    <time>2024-05-03T20:13:08Z</time>
   </trkpt>
   <trkpt lat="48.6963980" lon="2.1571390">
    <ele>66.4</ele>
    <time>2024-05-03T20:13:09Z</time>
   </trkpt>
   <trkpt lat="48.6964030" lon="2.1570690">
    <ele>66.5</ele>
    <time>2024-05-03T20:13:10Z</time>
   </trkpt>
   <trkpt lat="48.6964090" lon="2.1570000">
    <ele>66.5</ele>
    <time>2024-05-03T20:13:11Z</time>
   </trkpt>
   <trkpt lat="48.6964140" lon="2.1569340">
    <ele>66.6</ele>
    <time>2024-05-03T20:13:12Z</time>
   </trkpt>
   <trkpt lat="48.6964220" lon="2.1568670">
    <ele>66.7</ele>
    <time>2024-05-03T20:13:13Z</time>
   </trkpt>
   <trkpt lat="48.6964300" lon="2.1567980">
    <ele>66.7</ele>
    <time>2024-05-03T20:13:14Z</time>
   </trkpt>
   <trkpt lat="48.6964370" lon="2.1567290">
    <ele>66.8</ele>
    <time>2024-05-03T20:13:15Z</time>
   </trkpt>
   <trkpt lat="48.6964450" lon="2.1566610">
    <ele>66.8</ele>
    <time>2024-05-03T20:13:16Z</time>
   </trkpt>
   <trkpt lat="48.6964510" lon="2.1565960">
    <ele>66.9</ele>
    <time>2024-05-03T20:13:17Z</time>
   </trkpt>
   <trkpt lat="48.6964560" lon="2.1565270">
    <ele>66.9</ele>
    <time>2024-05-03T20:13:18Z</time>
   </trkpt>
   <trkpt lat="48.6964620" lon="2.1564570">
    <ele>67.0</ele>
    <time>2024-05-03T20:13:19Z</time>
   </trkpt>
   <trkpt lat="48.6964700" lon="2.1563880">
    <ele>67.0</ele>
    <time>2024-05-03T20:13:20Z</time>
   </trkpt>
   <trkpt lat="48.6964770" lon="2.1563160">
    <ele>67.0</ele>
    <time>2024-05-03T20:13:21Z</time>
   </trkpt>
   <trkpt lat="48.6964820" lon="2.1562440">
    <ele>67.1</ele>
    <time>2024-05-03T20:13:22Z</time>
   </trkpt>
   <trkpt lat="48.6964920" lon="2.1561720">
    <ele>67.1</ele>
    <time>2024-05-03T20:13:23Z</time>
   </trkpt>
   <trkpt lat="48.6965000" lon="2.1560960">
    <ele>67.1</ele>
    <time>2024-05-03T20:13:24Z</time>
   </trkpt>
   <trkpt lat="48.6965030" lon="2.1560250">
    <ele>67.2</ele>
    <time>2024-05-03T20:13:25Z</time>
   </trkpt>
   <trkpt lat="48.6965070" lon="2.1559590">
    <ele>67.2</ele>
    <time>2024-05-03T20:13:26Z</time>
   </trkpt>
   <trkpt lat="48.6965120" lon="2.1558910">
    <ele>67.2</ele>
    <time>2024-05-03T20:13:27Z</time>
   </trkpt>
   <trkpt lat="48.6965180" lon="2.1558250">
    <ele>67.2</ele>
    <time>2024-05-03T20:13:28Z</time>
   </trkpt>
   <trkpt lat="48.6965220" lon="2.1557590">
    <ele>67.2</ele>
    <time>2024-05-03T20:13:29Z</time>
   </trkpt>
   <trkpt lat="48.6965260" lon="2.1556920">
    <ele>67.2</ele>
    <time>2024-05-03T20:13:30Z</time>
   </trkpt>
   <trkpt lat="48.6965300" lon="2.1556280">
    <ele>67.2</ele>
    <time>2024-05-03T20:13:31Z</time>
   </trkpt>
   <trkpt lat="48.6965340" lon="2.1555760">
    <ele>67.2</ele>
    <time>2024-05-03T20:13:32Z</time>
   </trkpt>
   <trkpt lat="48.6965410" lon="2.1555330">
    <ele>67.1</ele>
    <time>2024-05-03T20:13:33Z</time>
   </trkpt>
   <trkpt lat="48.6965490" lon="2.1554810">
    <ele>67.1</ele>
    <time>2024-05-03T20:13:34Z</time>
   </trkpt>
   <trkpt lat="48.6965470" lon="2.1554200">
    <ele>67.2</ele>
    <time>2024-05-03T20:13:35Z</time>
   </trkpt>
   <trkpt lat="48.6965430" lon="2.1553530">
    <ele>67.2</ele>
    <time>2024-05-03T20:13:36Z</time>
   </trkpt>
   <trkpt lat="48.6965440" lon="2.1552830">
    <ele>67.2</ele>
    <time>2024-05-03T20:13:37Z</time>
   </trkpt>
   <trkpt lat="48.6965480" lon="2.1552100">
    <ele>67.2</ele>
    <time>2024-05-03T20:13:38Z</time>
   </trkpt>
   <trkpt lat="48.6965500" lon="2.1551340">
    <ele>67.2</ele>
    <time>2024-05-03T20:13:39Z</time>
   </trkpt>
   <trkpt lat="48.6965500" lon="2.1550560">
    <ele>67.2</ele>
    <time>2024-05-03T20:13:40Z</time>
   </trkpt>
   <trkpt lat="48.6965500" lon="2.1549780">
    <ele>67.3</ele>
    <time>2024-05-03T20:13:41Z</time>
   </trkpt>
   <trkpt lat="48.6965510" lon="2.1549030">
    <ele>67.3</ele>
    <time>2024-05-03T20:13:42Z</time>
   </trkpt>
   <trkpt lat="48.6965510" lon="2.1548270">
    <ele>67.3</ele>
    <time>2024-05-03T20:13:43Z</time>
   </trkpt>
   <trkpt lat="48.6965550" lon="2.1547500">
    <ele>67.4</ele>
    <time>2024-05-03T20:13:44Z</time>
   </trkpt>
   <trkpt lat="48.6965550" lon="2.1546690">
    <ele>67.4</ele>
    <time>2024-05-03T20:13:45Z</time>
   </trkpt>
   <trkpt lat="48.6965560" lon="2.1545880">
    <ele>67.5</ele>
    <time>2024-05-03T20:13:46Z</time>
   </trkpt>
   <trkpt lat="48.6965580" lon="2.1545070">
    <ele>67.5</ele>
    <time>2024-05-03T20:13:47Z</time>
   </trkpt>
   <trkpt lat="48.6965570" lon="2.1544250">
    <ele>67.6</ele>
    <time>2024-05-03T20:13:48Z</time>
   </trkpt>
   <trkpt lat="48.6965580" lon="2.1543430">
    <ele>67.6</ele>
    <time>2024-05-03T20:13:49Z</time>
   </trkpt>
   <trkpt lat="48.6965590" lon="2.1542610">
    <ele>67.6</ele>
    <time>2024-05-03T20:13:50Z</time>
   </trkpt>
   <trkpt lat="48.6965610" lon="2.1541790">
    <ele>67.7</ele>
    <time>2024-05-03T20:13:51Z</time>
   </trkpt>
   <trkpt lat="48.6965610" lon="2.1540940">
    <ele>67.7</ele>
    <time>2024-05-03T20:13:52Z</time>
   </trkpt>
   <trkpt lat="48.6965610" lon="2.1540100">
    <ele>67.8</ele>
    <time>2024-05-03T20:13:53Z</time>
   </trkpt>
   <trkpt lat="48.6965630" lon="2.1539240">
    <ele>67.8</ele>
    <time>2024-05-03T20:13:54Z</time>
   </trkpt>
   <trkpt lat="48.6965630" lon="2.1538410">
    <ele>67.9</ele>
    <time>2024-05-03T20:13:55Z</time>
   </trkpt>
   <trkpt lat="48.6965660" lon="2.1537560">
    <ele>67.9</ele>
    <time>2024-05-03T20:13:56Z</time>
   </trkpt>
   <trkpt lat="48.6965700" lon="2.1536720">
    <ele>67.9</ele>
    <time>2024-05-03T20:13:57Z</time>
   </trkpt>
   <trkpt lat="48.6965750" lon="2.1535890">
    <ele>68.0</ele>
    <time>2024-05-03T20:13:58Z</time>
   </trkpt>
   <trkpt lat="48.6965830" lon="2.1535050">
    <ele>68.0</ele>
    <time>2024-05-03T20:13:59Z</time>
   </trkpt>
   <trkpt lat="48.6965940" lon="2.1534200">
    <ele>68.0</ele>
    <time>2024-05-03T20:14:00Z</time>
   </trkpt>
   <trkpt lat="48.6966120" lon="2.1533410">
    <ele>68.1</ele>
    <time>2024-05-03T20:14:01Z</time>
   </trkpt>
   <trkpt lat="48.6966360" lon="2.1532630">
    <ele>68.2</ele>
    <time>2024-05-03T20:14:02Z</time>
   </trkpt>
   <trkpt lat="48.6966630" lon="2.1531860">
    <ele>68.2</ele>
    <time>2024-05-03T20:14:03Z</time>
   </trkpt>
   <trkpt lat="48.6966880" lon="2.1531110">
    <ele>68.3</ele>
    <time>2024-05-03T20:14:04Z</time>
   </trkpt>
   <trkpt lat="48.6967140" lon="2.1530340">
    <ele>68.3</ele>
    <time>2024-05-03T20:14:05Z</time>
   </trkpt>
   <trkpt lat="48.6967430" lon="2.1529600">
    <ele>68.4</ele>
    <time>2024-05-03T20:14:06Z</time>
   </trkpt>
   <trkpt lat="48.6967690" lon="2.1528850">
    <ele>68.5</ele>
    <time>2024-05-03T20:14:07Z</time>
   </trkpt>
   <trkpt lat="48.6967960" lon="2.1528090">
    <ele>68.5</ele>
    <time>2024-05-03T20:14:08Z</time>
   </trkpt>
   <trkpt lat="48.6968210" lon="2.1527330">
    <ele>68.6</ele>
    <time>2024-05-03T20:14:09Z</time>
   </trkpt>
   <trkpt lat="48.6968470" lon="2.1526560">
    <ele>68.7</ele>
    <time>2024-05-03T20:14:10Z</time>
   </trkpt>
   <trkpt lat="48.6968710" lon="2.1525800">
    <ele>68.7</ele>
    <time>2024-05-03T20:14:11Z</time>
   </trkpt>
   <trkpt lat="48.6968940" lon="2.1525040">
    <ele>68.8</ele>
    <time>2024-05-03T20:14:12Z</time>
   </trkpt>
   <trkpt lat="48.6969160" lon="2.1524270">
    <ele>68.9</ele>
    <time>2024-05-03T20:14:13Z</time>
   </trkpt>
   <trkpt lat="48.6969340" lon="2.1523480">
    <ele>69.0</ele>
    <time>2024-05-03T20:14:14Z</time>
   </trkpt>
   <trkpt lat="48.6969510" lon="2.1522670">
    <ele>69.1</ele>
    <time>2024-05-03T20:14:15Z</time>
   </trkpt>
   <trkpt lat="48.6969690" lon="2.1521870">
    <ele>69.2</ele>
    <time>2024-05-03T20:14:16Z</time>
   </trkpt>
   <trkpt lat="48.6969860" lon="2.1521080">
    <ele>69.3</ele>
    <time>2024-05-03T20:14:17Z</time>
   </trkpt>
   <trkpt lat="48.6970020" lon="2.1520280">
    <ele>69.5</ele>
    <time>2024-05-03T20:14:18Z</time>
   </trkpt>
   <trkpt lat="48.6970170" lon="2.1519480">
    <ele>69.6</ele>
    <time>2024-05-03T20:14:19Z</time>
   </trkpt>
   <trkpt lat="48.6970300" lon="2.1518670">
    <ele>69.7</ele>
    <time>2024-05-03T20:14:20Z</time>
   </trkpt>
   <trkpt lat="48.6970440" lon="2.1517880">
    <ele>69.8</ele>
    <time>2024-05-03T20:14:21Z</time>
   </trkpt>
   <trkpt lat="48.6970560" lon="2.1517070">
    <ele>69.9</ele>
    <time>2024-05-03T20:14:22Z</time>
   </trkpt>
   <trkpt lat="48.6970690" lon="2.1516280">
    <ele>70.0</ele>
    <time>2024-05-03T20:14:23Z</time>
   </trkpt>
   <trkpt lat="48.6970810" lon="2.1515480">
    <ele>70.1</ele>
    <time>2024-05-03T20:14:24Z</time>
   </trkpt>
   <trkpt lat="48.6970920" lon="2.1514680">
    <ele>70.3</ele>
    <time>2024-05-03T20:14:25Z</time>
   </trkpt>
   <trkpt lat="48.6971030" lon="2.1513860">
    <ele>70.4</ele>
    <time>2024-05-03T20:14:26Z</time>
   </trkpt>
   <trkpt lat="48.6971140" lon="2.1513040">
    <ele>70.5</ele>
    <time>2024-05-03T20:14:27Z</time>
   </trkpt>
   <trkpt lat="48.6971240" lon="2.1512210">
    <ele>70.6</ele>
    <time>2024-05-03T20:14:28Z</time>
   </trkpt>
   <trkpt lat="48.6971360" lon="2.1511410">
    <ele>70.7</ele>
    <time>2024-05-03T20:14:29Z</time>
   </trkpt>
   <trkpt lat="48.6971480" lon="2.1510640">
    <ele>70.9</ele>
    <time>2024-05-03T20:14:30Z</time>
   </trkpt>
   <trkpt lat="48.6971590" lon="2.1509850">
    <ele>71.0</ele>
    <time>2024-05-03T20:14:31Z</time>
   </trkpt>
   <trkpt lat="48.6971710" lon="2.1509060">
    <ele>71.1</ele>
    <time>2024-05-03T20:14:32Z</time>
   </trkpt>
   <trkpt lat="48.6971820" lon="2.1508300">
    <ele>71.1</ele>
    <time>2024-05-03T20:14:33Z</time>
   </trkpt>
   <trkpt lat="48.6971930" lon="2.1507540">
    <ele>71.2</ele>
    <time>2024-05-03T20:14:34Z</time>
   </trkpt>
   <trkpt lat="48.6972020" lon="2.1506770">
    <ele>71.3</ele>
    <time>2024-05-03T20:14:35Z</time>
   </trkpt>
   <trkpt lat="48.6972110" lon="2.1506020">
    <ele>71.5</ele>
    <time>2024-05-03T20:14:36Z</time>
   </trkpt>
   <trkpt lat="48.6972190" lon="2.1505270">
    <ele>71.6</ele>
    <time>2024-05-03T20:14:37Z</time>
   </trkpt>
   <trkpt lat="48.6972270" lon="2.1504520">
    <ele>71.7</ele>
    <time>2024-05-03T20:14:38Z</time>
   </trkpt>
   <trkpt lat="48.6972390" lon="2.1503770">
    <ele>71.8</ele>
    <time>2024-05-03T20:14:39Z</time>
   </trkpt>
   <trkpt lat="48.6972480" lon="2.1503030">
    <ele>71.9</ele>
    <time>2024-05-03T20:14:40Z</time>
   </trkpt>
   <trkpt lat="48.6972590" lon="2.1502290">
    <ele>72.0</ele>
    <time>2024-05-03T20:14:41Z</time>
   </trkpt>
   <trkpt lat="48.6972690" lon="2.1501510">
    <ele>72.0</ele>
    <time>2024-05-03T20:14:42Z</time>
   </trkpt>
   <trkpt lat="48.6972740" lon="2.1500740">
    <ele>72.1</ele>
    <time>2024-05-03T20:14:43Z</time>
   </trkpt>
   <trkpt lat="48.6972790" lon="2.1499980">
    <ele>72.1</ele>
    <time>2024-05-03T20:14:44Z</time>
   </trkpt>
   <trkpt lat="48.6972870" lon="2.1499220">
    <ele>72.1</ele>
    <time>2024-05-03T20:14:45Z</time>
   </trkpt>
   <trkpt lat="48.6972960" lon="2.1498480">
    <ele>72.1</ele>
    <time>2024-05-03T20:14:46Z</time>
   </trkpt>
   <trkpt lat="48.6973030" lon="2.1497740">
    <ele>72.1</ele>
    <time>2024-05-03T20:14:47Z</time>
   </trkpt>
   <trkpt lat="48.6973110" lon="2.1496990">
    <ele>72.1</ele>
    <time>2024-05-03T20:14:48Z</time>
   </trkpt>
   <trkpt lat="48.6973170" lon="2.1496240">
    <ele>72.1</ele>
    <time>2024-05-03T20:14:49Z</time>
   </trkpt>
   <trkpt lat="48.6973270" lon="2.1495460">
    <ele>72.1</ele>
    <time>2024-05-03T20:14:50Z</time>
   </trkpt>
   <trkpt lat="48.6973350" lon="2.1494670">
    <ele>72.0</ele>
    <time>2024-05-03T20:14:51Z</time>
   </trkpt>
   <trkpt lat="48.6973420" lon="2.1493860">
    <ele>72.0</ele>
    <time>2024-05-03T20:14:52Z</time>
   </trkpt>
   <trkpt lat="48.6973470" lon="2.1493040">
    <ele>71.9</ele>
    <time>2024-05-03T20:14:53Z</time>
   </trkpt>
   <trkpt lat="48.6973520" lon="2.1492210">
    <ele>71.9</ele>
    <time>2024-05-03T20:14:54Z</time>
   </trkpt>
   <trkpt lat="48.6973560" lon="2.1491340">
    <ele>71.8</ele>
    <time>2024-05-03T20:14:55Z</time>
   </trkpt>
   <trkpt lat="48.6973600" lon="2.1490460">
    <ele>71.7</ele>
    <time>2024-05-03T20:14:56Z</time>
   </trkpt>
   <trkpt lat="48.6973640" lon="2.1489560">
    <ele>71.6</ele>
    <time>2024-05-03T20:14:57Z</time>
   </trkpt>
   <trkpt lat="48.6973740" lon="2.1488650">
    <ele>71.5</ele>
    <time>2024-05-03T20:14:58Z</time>
   </trkpt>
   <trkpt lat="48.6973850" lon="2.1487730">
    <ele>71.4</ele>
    <time>2024-05-03T20:14:59Z</time>
   </trkpt>
   <trkpt lat="48.6973970" lon="2.1486830">
    <ele>71.3</ele>
    <time>2024-05-03T20:15:00Z</time>
   </trkpt>
   <trkpt lat="48.6974100" lon="2.1485890">
    <ele>71.2</ele>
    <time>2024-05-03T20:15:01Z</time>
   </trkpt>
   <trkpt lat="48.6974200" lon="2.1484920">
    <ele>71.0</ele>
    <time>2024-05-03T20:15:02Z</time>
   </trkpt>
   <trkpt lat="48.6974300" lon="2.1483940">
    <ele>70.9</ele>
    <time>2024-05-03T20:15:03Z</time>
   </trkpt>
   <trkpt lat="48.6974380" lon="2.1482960">
    <ele>70.8</ele>
    <time>2024-05-03T20:15:04Z</time>
   </trkpt>
   <trkpt lat="48.6974490" lon="2.1481960">
    <ele>70.7</ele>
    <time>2024-05-03T20:15:05Z</time>
   </trkpt>
   <trkpt lat="48.6974600" lon="2.1480940">
    <ele>70.6</ele>
    <time>2024-05-03T20:15:06Z</time>
   </trkpt>
   <trkpt lat="48.6974700" lon="2.1479900">
    <ele>70.4</ele>
    <time>2024-05-03T20:15:07Z</time>
   </trkpt>
   <trkpt lat="48.6974800" lon="2.1478850">
    <ele>70.3</ele>
    <time>2024-05-03T20:15:08Z</time>
   </trkpt>
   <trkpt lat="48.6974890" lon="2.1477790">
    <ele>70.2</ele>
    <time>2024-05-03T20:15:09Z</time>
   </trkpt>
   <trkpt lat="48.6975000" lon="2.1476750">
    <ele>70.1</ele>
    <time>2024-05-03T20:15:10Z</time>
   </trkpt>
   <trkpt lat="48.6975070" lon="2.1475710">
    <ele>70.0</ele>
    <time>2024-05-03T20:15:11Z</time>
   </trkpt>
   <trkpt lat="48.6975150" lon="2.1474710">
    <ele>69.9</ele>
    <time>2024-05-03T20:15:12Z</time>
   </trkpt>
   <trkpt lat="48.6975220" lon="2.1473710">
    <ele>69.8</ele>
    <time>2024-05-03T20:15:13Z</time>
   </trkpt>
   <trkpt lat="48.6975340" lon="2.1472690">
    <ele>69.7</ele>
    <time>2024-05-03T20:15:14Z</time>
   </trkpt>
   <trkpt lat="48.6975440" lon="2.1471660">
    <ele>69.6</ele>
    <time>2024-05-03T20:15:15Z</time>
   </trkpt>
   <trkpt lat="48.6975540" lon="2.1470610">
    <ele>69.5</ele>
    <time>2024-05-03T20:15:16Z</time>
   </trkpt>
   <trkpt lat="48.6975670" lon="2.1469550">
    <ele>69.4</ele>
    <time>2024-05-03T20:15:17Z</time>
   </trkpt>
   <trkpt lat="48.6975790" lon="2.1468490">
    <ele>69.3</ele>
    <time>2024-05-03T20:15:18Z</time>
   </trkpt>
   <trkpt lat="48.6975900" lon="2.1467440">
    <ele>69.2</ele>
    <time>2024-05-03T20:15:19Z</time>
   </trkpt>
   <trkpt lat="48.6975970" lon="2.1466370">
    <ele>69.1</ele>
    <time>2024-05-03T20:15:20Z</time>
   </trkpt>
   <trkpt lat="48.6976040" lon="2.1465240">
    <ele>68.9</ele>
    <time>2024-05-03T20:15:21Z</time>
   </trkpt>
   <trkpt lat="48.6976090" lon="2.1464100">
    <ele>68.8</ele>
    <time>2024-05-03T20:15:22Z</time>
   </trkpt>
   <trkpt lat="48.6976170" lon="2.1462930">
    <ele>68.6</ele>
    <time>2024-05-03T20:15:23Z</time>
   </trkpt>
   <trkpt lat="48.6976240" lon="2.1461750">
    <ele>68.5</ele>
    <time>2024-05-03T20:15:24Z</time>
   </trkpt>
   <trkpt lat="48.6976300" lon="2.1460550">
    <ele>68.4</ele>
    <time>2024-05-03T20:15:25Z</time>
   </trkpt>
   <trkpt lat="48.6976370" lon="2.1459370">
    <ele>68.4</ele>
    <time>2024-05-03T20:15:26Z</time>
   </trkpt>
   <trkpt lat="48.6976360" lon="2.1458170">
    <ele>68.3</ele>
    <time>2024-05-03T20:15:27Z</time>
   </trkpt>
   <trkpt lat="48.6976510" lon="2.1456980">
    <ele>68.2</ele>
    <time>2024-05-03T20:15:28Z</time>
   </trkpt>
   <trkpt lat="48.6976770" lon="2.1455780">
    <ele>68.1</ele>
    <time>2024-05-03T20:15:29Z</time>
   </trkpt>
   <trkpt lat="48.6976950" lon="2.1454530">
    <ele>68.0</ele>
    <time>2024-05-03T20:15:30Z</time>
   </trkpt>
   <trkpt lat="48.6977100" lon="2.1453270">
    <ele>67.9</ele>
    <time>2024-05-03T20:15:31Z</time>
   </trkpt>
   <trkpt lat="48.6977230" lon="2.1452080">
    <ele>67.9</ele>
    <time>2024-05-03T20:15:32Z</time>
   </trkpt>
   <trkpt lat="48.6977330" lon="2.1450820">
    <ele>67.9</ele>
    <time>2024-05-03T20:15:33Z</time>
   </trkpt>
   <trkpt lat="48.6977410" lon="2.1449580">
    <ele>67.9</ele>
    <time>2024-05-03T20:15:34Z</time>
   </trkpt>
   <trkpt lat="48.6977490" lon="2.1448390">
    <ele>67.9</ele>
    <time>2024-05-03T20:15:35Z</time>
   </trkpt>
   <trkpt lat="48.6977580" lon="2.1447220">
    <ele>68.0</ele>
    <time>2024-05-03T20:15:36Z</time>
   </trkpt>
   <trkpt lat="48.6977670" lon="2.1446110">
    <ele>68.0</ele>
    <time>2024-05-03T20:15:37Z</time>
   </trkpt>
   <trkpt lat="48.6977790" lon="2.1445010">
    <ele>68.1</ele>
    <time>2024-05-03T20:15:38Z</time>
   </trkpt>
   <trkpt lat="48.6977910" lon="2.1443930">
    <ele>68.2</ele>
    <time>2024-05-03T20:15:39Z</time>
   </trkpt>
   <trkpt lat="48.6978010" lon="2.1442880">
    <ele>68.4</ele>
    <time>2024-05-03T20:15:40Z</time>
   </trkpt>
   <trkpt lat="48.6978130" lon="2.1441860">
    <ele>68.5</ele>
    <time>2024-05-03T20:15:41Z</time>
   </trkpt>
   <trkpt lat="48.6978210" lon="2.1440870">
    <ele>68.6</ele>
    <time>2024-05-03T20:15:42Z</time>
   </trkpt>
   <trkpt lat="48.6978300" lon="2.1439890">
    <ele>68.7</ele>
    <time>2024-05-03T20:15:43Z</time>
   </trkpt>
   <trkpt lat="48.6978410" lon="2.1438960">
    <ele>68.8</ele>
    <time>2024-05-03T20:15:44Z</time>
   </trkpt>
   <trkpt lat="48.6978520" lon="2.1438040">
    <ele>68.9</ele>
    <time>2024-05-03T20:15:45Z</time>
   </trkpt>
   <trkpt lat="48.6978570" lon="2.1437130">
    <ele>69.0</ele>
    <time>2024-05-03T20:15:46Z</time>
   </trkpt>
   <trkpt lat="48.6978630" lon="2.1436250">
    <ele>69.1</ele>
    <time>2024-05-03T20:15:47Z</time>
   </trkpt>
   <trkpt lat="48.6978740" lon="2.1435390">
    <ele>69.2</ele>
    <time>2024-05-03T20:15:48Z</time>
   </trkpt>
   <trkpt lat="48.6978820" lon="2.1434530">
    <ele>69.3</ele>
    <time>2024-05-03T20:15:49Z</time>
   </trkpt>
   <trkpt lat="48.6978900" lon="2.1433720">
    <ele>69.4</ele>
    <time>2024-05-03T20:15:50Z</time>
   </trkpt>
   <trkpt lat="48.6978960" lon="2.1432910">
    <ele>69.5</ele>
    <time>2024-05-03T20:15:51Z</time>
   </trkpt>
   <trkpt lat="48.6979020" lon="2.1432100">
    <ele>69.5</ele>
    <time>2024-05-03T20:15:52Z</time>
   </trkpt>
   <trkpt lat="48.6979080" lon="2.1431280">
    <ele>69.6</ele>
    <time>2024-05-03T20:15:53Z</time>
   </trkpt>
   <trkpt lat="48.6979180" lon="2.1430480">
    <ele>69.7</ele>
    <time>2024-05-03T20:15:54Z</time>
   </trkpt>
   <trkpt lat="48.6979240" lon="2.1429690">
    <ele>69.8</ele>
    <time>2024-05-03T20:15:55Z</time>
   </trkpt>
   <trkpt lat="48.6979300" lon="2.1428910">
    <ele>69.9</ele>
    <time>2024-05-03T20:15:56Z</time>
   </trkpt>
   <trkpt lat="48.6979380" lon="2.1428110">
    <ele>69.9</ele>
    <time>2024-05-03T20:15:57Z</time>
   </trkpt>
   <trkpt lat="48.6979470" lon="2.1427320">
    <ele>70.0</ele>
    <time>2024-05-03T20:15:58Z</time>
   </trkpt>
   <trkpt lat="48.6979530" lon="2.1426500">
    <ele>70.1</ele>
    <time>2024-05-03T20:15:59Z</time>
   </trkpt>
   <trkpt lat="48.6979600" lon="2.1425660">
    <ele>70.1</ele>
    <time>2024-05-03T20:16:00Z</time>
   </trkpt>
   <trkpt lat="48.6979690" lon="2.1424810">
    <ele>70.1</ele>
    <time>2024-05-03T20:16:01Z</time>
   </trkpt>
   <trkpt lat="48.6979760" lon="2.1423960">
    <ele>70.2</ele>
    <time>2024-05-03T20:16:02Z</time>
   </trkpt>
   <trkpt lat="48.6979860" lon="2.1423110">
    <ele>70.2</ele>
    <time>2024-05-03T20:16:03Z</time>
   </trkpt>
   <trkpt lat="48.6979980" lon="2.1422290">
    <ele>70.2</ele>
    <time>2024-05-03T20:16:04Z</time>
   </trkpt>
   <trkpt lat="48.6980150" lon="2.1421450">
    <ele>70.1</ele>
    <time>2024-05-03T20:16:05Z</time>
   </trkpt>
   <trkpt lat="48.6980340" lon="2.1420630">
    <ele>70.1</ele>
    <time>2024-05-03T20:16:06Z</time>
   </trkpt>
   <trkpt lat="48.6980530" lon="2.1419800">
    <ele>70.0</ele>
    <time>2024-05-03T20:16:07Z</time>
   </trkpt>
   <trkpt lat="48.6980720" lon="2.1418990">
    <ele>70.0</ele>
    <time>2024-05-03T20:16:08Z</time>
   </trkpt>
   <trkpt lat="48.6980920" lon="2.1418150">
    <ele>69.9</ele>
    <time>2024-05-03T20:16:09Z</time>
   </trkpt>
   <trkpt lat="48.6981140" lon="2.1417330">
    <ele>69.8</ele>
    <time>2024-05-03T20:16:10Z</time>
   </trkpt>
   <trkpt lat="48.6981360" lon="2.1416480">
    <ele>69.8</ele>
    <time>2024-05-03T20:16:11Z</time>
   </trkpt>
   <trkpt lat="48.6981580" lon="2.1415610">
    <ele>69.7</ele>
    <time>2024-05-03T20:16:12Z</time>
   </trkpt>
   <trkpt lat="48.6981820" lon="2.1414730">
    <ele>69.6</ele>
    <time>2024-05-03T20:16:13Z</time>
   </trkpt>
   <trkpt lat="48.6982060" lon="2.1413840">
    <ele>69.5</ele>
    <time>2024-05-03T20:16:14Z</time>
   </trkpt>
   <trkpt lat="48.6982280" lon="2.1412960">
    <ele>69.4</ele>
    <time>2024-05-03T20:16:15Z</time>
   </trkpt>
   <trkpt lat="48.6982500" lon="2.1412080">
    <ele>69.3</ele>
    <time>2024-05-03T20:16:16Z</time>
   </trkpt>
   <trkpt lat="48.6982730" lon="2.1411180">
    <ele>69.1</ele>
    <time>2024-05-03T20:16:17Z</time>
   </trkpt>
   <trkpt lat="48.6982970" lon="2.1410260">
    <ele>69.0</ele>
    <time>2024-05-03T20:16:18Z</time>
   </trkpt>
   <trkpt lat="48.6983210" lon="2.1409340">
    <ele>68.8</ele>
    <time>2024-05-03T20:16:19Z</time>
   </trkpt>
   <trkpt lat="48.6983450" lon="2.1408450">
    <ele>68.7</ele>
    <time>2024-05-03T20:16:20Z</time>
   </trkpt>
   <trkpt lat="48.6983700" lon="2.1407570">
    <ele>68.5</ele>
    <time>2024-05-03T20:16:21Z</time>
   </trkpt>
   <trkpt lat="48.6983940" lon="2.1406670">
    <ele>68.4</ele>
    <time>2024-05-03T20:16:22Z</time>
   </trkpt>
   <trkpt lat="48.6984180" lon="2.1405800">
    <ele>68.2</ele>
    <time>2024-05-03T20:16:23Z</time>
   </trkpt>
   <trkpt lat="48.6984410" lon="2.1404920">
    <ele>68.1</ele>
    <time>2024-05-03T20:16:24Z</time>
   </trkpt>
   <trkpt lat="48.6984650" lon="2.1404040">
    <ele>68.0</ele>
    <time>2024-05-03T20:16:25Z</time>
   </trkpt>
   <trkpt lat="48.6984890" lon="2.1403150">
    <ele>67.9</ele>
    <time>2024-05-03T20:16:26Z</time>
   </trkpt>
   <trkpt lat="48.6985140" lon="2.1402270">
    <ele>67.9</ele>
    <time>2024-05-03T20:16:27Z</time>
   </trkpt>
   <trkpt lat="48.6985360" lon="2.1401390">
    <ele>67.9</ele>
    <time>2024-05-03T20:16:28Z</time>
   </trkpt>
   <trkpt lat="48.6985580" lon="2.1400540">
    <ele>67.8</ele>
    <time>2024-05-03T20:16:29Z</time>
   </trkpt>
   <trkpt lat="48.6985770" lon="2.1399720">
    <ele>67.8</ele>
    <time>2024-05-03T20:16:30Z</time>
   </trkpt>
   <trkpt lat="48.6985940" lon="2.1399120">
    <ele>67.8</ele>
    <time>2024-05-03T20:16:31Z</time>
   </trkpt>
   <trkpt lat="48.6986070" lon="2.1398730">
    <ele>67.7</ele>
    <time>2024-05-03T20:16:32Z</time>
   </trkpt>
   <trkpt lat="48.6986250" lon="2.1398370">
    <ele>67.7</ele>
    <time>2024-05-03T20:16:33Z</time>
   </trkpt>
   <trkpt lat="48.6986490" lon="2.1398000">
    <ele>67.7</ele>
    <time>2024-05-03T20:16:34Z</time>
   </trkpt>
   <trkpt lat="48.6986660" lon="2.1397490">
    <ele>67.7</ele>
    <time>2024-05-03T20:16:35Z</time>
   </trkpt>
   <trkpt lat="48.6986690" lon="2.1396880">
    <ele>67.7</ele>
    <time>2024-05-03T20:16:36Z</time>
   </trkpt>
   <trkpt lat="48.6986660" lon="2.1396240">
    <ele>67.7</ele>
    <time>2024-05-03T20:16:37Z</time>
   </trkpt>
   <trkpt lat="48.6986590" lon="2.1395540">
    <ele>67.6</ele>
    <time>2024-05-03T20:16:38Z</time>
   </trkpt>
   <trkpt lat="48.6986520" lon="2.1394820">
    <ele>67.6</ele>
    <time>2024-05-03T20:16:39Z</time>
   </trkpt>
   <trkpt lat="48.6986550" lon="2.1394120">
    <ele>67.6</ele>
    <time>2024-05-03T20:16:40Z</time>
   </trkpt>
   <trkpt lat="48.6986620" lon="2.1393410">
    <ele>67.6</ele>
    <time>2024-05-03T20:16:41Z</time>
   </trkpt>
   <trkpt lat="48.6986670" lon="2.1392690">
    <ele>67.5</ele>
    <time>2024-05-03T20:16:42Z</time>
   </trkpt>
   <trkpt lat="48.6986750" lon="2.1391980">
    <ele>67.5</ele>
    <time>2024-05-03T20:16:43Z</time>
   </trkpt>
   <trkpt lat="48.6986800" lon="2.1391270">
    <ele>67.6</ele>
    <time>2024-05-03T20:16:44Z</time>
   </trkpt>
   <trkpt lat="48.6986860" lon="2.1390520">
    <ele>67.6</ele>
    <time>2024-05-03T20:16:45Z</time>
   </trkpt>
   <trkpt lat="48.6986950" lon="2.1389840">
    <ele>67.6</ele>
    <time>2024-05-03T20:16:46Z</time>
   </trkpt>
   <trkpt lat="48.6987000" lon="2.1389150">
    <ele>67.7</ele>
    <time>2024-05-03T20:16:47Z</time>
   </trkpt>
   <trkpt lat="48.6987080" lon="2.1388420">
    <ele>67.7</ele>
    <time>2024-05-03T20:16:48Z</time>
   </trkpt>
   <trkpt lat="48.6987170" lon="2.1387730">
    <ele>67.7</ele>
    <time>2024-05-03T20:16:49Z</time>
   </trkpt>
   <trkpt lat="48.6987210" lon="2.1387030">
    <ele>67.8</ele>
    <time>2024-05-03T20:16:50Z</time>
   </trkpt>
   <trkpt lat="48.6987270" lon="2.1386310">
    <ele>67.8</ele>
    <time>2024-05-03T20:16:51Z</time>
   </trkpt>
   <trkpt lat="48.6987360" lon="2.1385630">
    <ele>67.8</ele>
    <time>2024-05-03T20:16:52Z</time>
   </trkpt>
   <trkpt lat="48.6987490" lon="2.1384940">
    <ele>67.9</ele>
    <time>2024-05-03T20:16:53Z</time>
   </trkpt>
   <trkpt lat="48.6987640" lon="2.1384280">
    <ele>67.9</ele>
    <time>2024-05-03T20:16:54Z</time>
   </trkpt>
   <trkpt lat="48.6987910" lon="2.1382890">
    <ele>67.9</ele>
    <time>2024-05-03T20:16:56Z</time>
   </trkpt>
   <trkpt lat="48.6988030" lon="2.1382160">
    <ele>67.9</ele>
    <time>2024-05-03T20:16:57Z</time>
   </trkpt>
   <trkpt lat="48.6988200" lon="2.1381430">
    <ele>67.9</ele>
    <time>2024-05-03T20:16:58Z</time>
   </trkpt>
   <trkpt lat="48.6988420" lon="2.1380750">
    <ele>67.8</ele>
    <time>2024-05-03T20:16:59Z</time>
   </trkpt>
   <trkpt lat="48.6988630" lon="2.1380060">
    <ele>67.8</ele>
    <time>2024-05-03T20:17:00Z</time>
   </trkpt>
   <trkpt lat="48.6988830" lon="2.1379370">
    <ele>67.8</ele>
    <time>2024-05-03T20:17:01Z</time>
   </trkpt>
   <trkpt lat="48.6989080" lon="2.1378690">
    <ele>67.7</ele>
    <time>2024-05-03T20:17:02Z</time>
   </trkpt>
   <trkpt lat="48.6989310" lon="2.1378010">
    <ele>67.7</ele>
    <time>2024-05-03T20:17:03Z</time>
   </trkpt>
   <trkpt lat="48.6989530" lon="2.1377360">
    <ele>67.6</ele>
    <time>2024-05-03T20:17:04Z</time>
   </trkpt>
   <trkpt lat="48.6989750" lon="2.1376700">
    <ele>67.5</ele>
    <time>2024-05-03T20:17:05Z</time>
   </trkpt>
   <trkpt lat="48.6989980" lon="2.1376010">
    <ele>67.5</ele>
    <time>2024-05-03T20:17:06Z</time>
   </trkpt>
   <trkpt lat="48.6990200" lon="2.1375330">
    <ele>67.4</ele>
    <time>2024-05-03T20:17:07Z</time>
   </trkpt>
   <trkpt lat="48.6990420" lon="2.1374630">
    <ele>67.3</ele>
    <time>2024-05-03T20:17:08Z</time>
   </trkpt>
   <trkpt lat="48.6990660" lon="2.1373950">
    <ele>67.3</ele>
    <time>2024-05-03T20:17:09Z</time>
   </trkpt>
   <trkpt lat="48.6990880" lon="2.1373210">
    <ele>67.2</ele>
    <time>2024-05-03T20:17:10Z</time>
   </trkpt>
   <trkpt lat="48.6991120" lon="2.1372480">
    <ele>67.1</ele>
    <time>2024-05-03T20:17:11Z</time>
   </trkpt>
   <trkpt lat="48.6991340" lon="2.1371740">
    <ele>67.0</ele>
    <time>2024-05-03T20:17:12Z</time>
   </trkpt>
   <trkpt lat="48.6991570" lon="2.1370990">
    <ele>66.9</ele>
    <time>2024-05-03T20:17:13Z</time>
   </trkpt>
   <trkpt lat="48.6991780" lon="2.1370260">
    <ele>66.8</ele>
    <time>2024-05-03T20:17:14Z</time>
   </trkpt>
   <trkpt lat="48.6991960" lon="2.1369480">
    <ele>66.8</ele>
    <time>2024-05-03T20:17:15Z</time>
   </trkpt>
   <trkpt lat="48.6992130" lon="2.1368700">
    <ele>66.7</ele>
    <time>2024-05-03T20:17:16Z</time>
   </trkpt>
   <trkpt lat="48.6992320" lon="2.1367940">
    <ele>66.6</ele>
    <time>2024-05-03T20:17:17Z</time>
   </trkpt>
   <trkpt lat="48.6992570" lon="2.1367200">
    <ele>66.5</ele>
    <time>2024-05-03T20:17:18Z</time>
   </trkpt>
   <trkpt lat="48.6992930" lon="2.1366520">
    <ele>66.5</ele>
    <time>2024-05-03T20:17:19Z</time>
   </trkpt>
   <trkpt lat="48.6993350" lon="2.1365900">
    <ele>66.4</ele>
    <time>2024-05-03T20:17:20Z</time>
   </trkpt>
   <trkpt lat="48.6993840" lon="2.1365340">
    <ele>66.3</ele>
    <time>2024-05-03T20:17:21Z</time>
   </trkpt>
   <trkpt lat="48.6994370" lon="2.1364860">
    <ele>66.2</ele>
    <time>2024-05-03T20:17:22Z</time>
   </trkpt>
   <trkpt lat="48.6994960" lon="2.1364480">
    <ele>66.2</ele>
    <time>2024-05-03T20:17:23Z</time>
   </trkpt>
   <trkpt lat="48.6995560" lon="2.1364140">
    <ele>66.2</ele>
    <time>2024-05-03T20:17:24Z</time>
   </trkpt>
   <trkpt lat="48.6996150" lon="2.1363920">
    <ele>66.3</ele>
    <time>2024-05-03T20:17:25Z</time>
   </trkpt>
   <trkpt lat="48.6996730" lon="2.1363740">
    <ele>66.3</ele>
    <time>2024-05-03T20:17:26Z</time>
   </trkpt>
   <trkpt lat="48.6997290" lon="2.1363560">
    <ele>66.3</ele>
    <time>2024-05-03T20:17:27Z</time>
   </trkpt>
   <trkpt lat="48.6997830" lon="2.1363320">
    <ele>66.3</ele>
    <time>2024-05-03T20:17:28Z</time>
   </trkpt>
   <trkpt lat="48.6998340" lon="2.1363120">
    <ele>66.4</ele>
    <time>2024-05-03T20:17:29Z</time>
   </trkpt>
   <trkpt lat="48.6998850" lon="2.1362930">
    <ele>66.4</ele>
    <time>2024-05-03T20:17:30Z</time>
   </trkpt>
   <trkpt lat="48.6999340" lon="2.1362730">
    <ele>66.4</ele>
    <time>2024-05-03T20:17:31Z</time>
   </trkpt>
   <trkpt lat="48.6999840" lon="2.1362530">
    <ele>66.3</ele>
    <time>2024-05-03T20:17:32Z</time>
   </trkpt>
   <trkpt lat="48.7000360" lon="2.1362360">
    <ele>66.3</ele>
    <time>2024-05-03T20:17:33Z</time>
   </trkpt>
   <trkpt lat="48.7000870" lon="2.1362190">
    <ele>66.3</ele>
    <time>2024-05-03T20:17:34Z</time>
   </trkpt>
   <trkpt lat="48.7001380" lon="2.1362010">
    <ele>66.3</ele>
    <time>2024-05-03T20:17:35Z</time>
   </trkpt>
   <trkpt lat="48.7001900" lon="2.1361810">
    <ele>66.3</ele>
    <time>2024-05-03T20:17:36Z</time>
   </trkpt>
   <trkpt lat="48.7002430" lon="2.1361630">
    <ele>66.3</ele>
    <time>2024-05-03T20:17:37Z</time>
   </trkpt>
   <trkpt lat="48.7002930" lon="2.1361440">
    <ele>66.3</ele>
    <time>2024-05-03T20:17:38Z</time>
   </trkpt>
   <trkpt lat="48.7003420" lon="2.1361240">
    <ele>66.2</ele>
    <time>2024-05-03T20:17:39Z</time>
   </trkpt>
   <trkpt lat="48.7003910" lon="2.1361080">
    <ele>66.2</ele>
    <time>2024-05-03T20:17:40Z</time>
   </trkpt>
   <trkpt lat="48.7004360" lon="2.1360880">
    <ele>66.2</ele>
    <time>2024-05-03T20:17:41Z</time>
   </trkpt>
   <trkpt lat="48.7004850" lon="2.1360720">
    <ele>66.2</ele>
    <time>2024-05-03T20:17:42Z</time>
   </trkpt>
   <trkpt lat="48.7005330" lon="2.1360560">
    <ele>66.2</ele>
    <time>2024-05-03T20:17:43Z</time>
   </trkpt>
   <trkpt lat="48.7005810" lon="2.1360380">
    <ele>66.2</ele>
    <time>2024-05-03T20:17:44Z</time>
   </trkpt>
   <trkpt lat="48.7006300" lon="2.1360230">
    <ele>66.2</ele>
    <time>2024-05-03T20:17:45Z</time>
   </trkpt>
   <trkpt lat="48.7006810" lon="2.1360060">
    <ele>66.1</ele>
    <time>2024-05-03T20:17:46Z</time>
   </trkpt>
   <trkpt lat="48.7007290" lon="2.1359750">
    <ele>66.1</ele>
    <time>2024-05-03T20:17:47Z</time>
   </trkpt>
   <trkpt lat="48.7007760" lon="2.1359370">
    <ele>66.1</ele>
    <time>2024-05-03T20:17:48Z</time>
   </trkpt>
   <trkpt lat="48.7008240" lon="2.1358980">
    <ele>66.1</ele>
    <time>2024-05-03T20:17:49Z</time>
   </trkpt>
   <trkpt lat="48.7008730" lon="2.1358640">
    <ele>66.2</ele>
    <time>2024-05-03T20:17:50Z</time>
   </trkpt>
   <trkpt lat="48.7009220" lon="2.1358430">
    <ele>66.3</ele>
    <time>2024-05-03T20:17:51Z</time>
   </trkpt>
   <trkpt lat="48.7009690" lon="2.1358250">
    <ele>66.5</ele>
    <time>2024-05-03T20:17:52Z</time>
   </trkpt>
   <trkpt lat="48.7010140" lon="2.1358110">
    <ele>66.6</ele>
    <time>2024-05-03T20:17:53Z</time>
   </trkpt>
   <trkpt lat="48.7010530" lon="2.1357990">
    <ele>66.7</ele>
    <time>2024-05-03T20:17:54Z</time>
   </trkpt>
   <trkpt lat="48.7010870" lon="2.1357900">
    <ele>66.8</ele>
    <time>2024-05-03T20:17:55Z</time>
   </trkpt>
   <trkpt lat="48.7011200" lon="2.1357850">
    <ele>66.9</ele>
    <time>2024-05-03T20:17:56Z</time>
   </trkpt>
   <trkpt lat="48.7011510" lon="2.1357770">
    <ele>67.1</ele>
    <time>2024-05-03T20:17:57Z</time>
   </trkpt>
   <trkpt lat="48.7011780" lon="2.1357560">
    <ele>67.2</ele>
    <time>2024-05-03T20:17:58Z</time>
   </trkpt>
   <trkpt lat="48.7011920" lon="2.1357170">
    <ele>67.2</ele>
    <time>2024-05-03T20:17:59Z</time>
   </trkpt>
   <trkpt lat="48.7011920" lon="2.1356690">
    <ele>67.3</ele>
    <time>2024-05-03T20:18:00Z</time>
   </trkpt>
   <trkpt lat="48.7011900" lon="2.1356150">
    <ele>67.3</ele>
    <time>2024-05-03T20:18:01Z</time>
   </trkpt>
   <trkpt lat="48.7011840" lon="2.1355520">
    <ele>67.2</ele>
    <time>2024-05-03T20:18:02Z</time>
   </trkpt>
   <trkpt lat="48.7011760" lon="2.1354890">
    <ele>67.2</ele>
    <time>2024-05-03T20:18:03Z</time>
   </trkpt>
   <trkpt lat="48.7011690" lon="2.1354230">
    <ele>67.1</ele>
    <time>2024-05-03T20:18:04Z</time>
   </trkpt>
   <trkpt lat="48.7011520" lon="2.1353540">
    <ele>67.0</ele>
    <time>2024-05-03T20:18:05Z</time>
   </trkpt>
   <trkpt lat="48.7011370" lon="2.1352870">
    <ele>66.9</ele>
    <time>2024-05-03T20:18:06Z</time>
   </trkpt>
   <trkpt lat="48.7011210" lon="2.1352180">
    <ele>66.8</ele>
    <time>2024-05-03T20:18:07Z</time>
   </trkpt>
   <trkpt lat="48.7011090" lon="2.1351470">
    <ele>66.7</ele>
    <time>2024-05-03T20:18:08Z</time>
   </trkpt>
   <trkpt lat="48.7010960" lon="2.1350720">
    <ele>66.6</ele>
    <time>2024-05-03T20:18:09Z</time>
   </trkpt>
   <trkpt lat="48.7010850" lon="2.1349970">
    <ele>66.5</ele>
    <time>2024-05-03T20:18:10Z</time>
   </trkpt>
   <trkpt lat="48.7010760" lon="2.1349200">
    <ele>66.4</ele>
    <time>2024-05-03T20:18:11Z</time>
   </trkpt>
   <trkpt lat="48.7010710" lon="2.1348430">
    <ele>66.3</ele>
    <time>2024-05-03T20:18:12Z</time>
   </trkpt>
   <trkpt lat="48.7010720" lon="2.1347650">
    <ele>66.3</ele>
    <time>2024-05-03T20:18:13Z</time>
   </trkpt>
   <trkpt lat="48.7010680" lon="2.1346910">
    <ele>66.2</ele>
    <time>2024-05-03T20:18:14Z</time>
   </trkpt>
   <trkpt lat="48.7010600" lon="2.1346210">
    <ele>66.2</ele>
    <time>2024-05-03T20:18:15Z</time>
   </trkpt>
   <trkpt lat="48.7010420" lon="2.1345580">
    <ele>66.1</ele>
    <time>2024-05-03T20:18:16Z</time>
   </trkpt>
   <trkpt lat="48.7010170" lon="2.1344990">
    <ele>66.1</ele>
    <time>2024-05-03T20:18:17Z</time>
   </trkpt>
   <trkpt lat="48.7009990" lon="2.1344400">
    <ele>66.1</ele>
    <time>2024-05-03T20:18:18Z</time>
   </trkpt>
   <trkpt lat="48.7009890" lon="2.1343730">
    <ele>66.1</ele>
    <time>2024-05-03T20:18:19Z</time>
   </trkpt>
   <trkpt lat="48.7009890" lon="2.1343030">
    <ele>66.1</ele>
    <time>2024-05-03T20:18:20Z</time>
   </trkpt>
   <trkpt lat="48.7009920" lon="2.1342310">
    <ele>66.0</ele>
    <time>2024-05-03T20:18:21Z</time>
   </trkpt>
   <trkpt lat="48.7009990" lon="2.1341580">
    <ele>66.0</ele>
    <time>2024-05-03T20:18:22Z</time>
   </trkpt>
   <trkpt lat="48.7010110" lon="2.1340820">
    <ele>66.0</ele>
    <time>2024-05-03T20:18:23Z</time>
   </trkpt>
   <trkpt lat="48.7010310" lon="2.1340130">
    <ele>66.0</ele>
    <time>2024-05-03T20:18:24Z</time>
   </trkpt>
   <trkpt lat="48.7010480" lon="2.1339440">
    <ele>66.0</ele>
    <time>2024-05-03T20:18:25Z</time>
   </trkpt>
   <trkpt lat="48.7010640" lon="2.1338720">
    <ele>66.0</ele>
    <time>2024-05-03T20:18:26Z</time>
   </trkpt>
   <trkpt lat="48.7010770" lon="2.1337990">
    <ele>66.0</ele>
    <time>2024-05-03T20:18:27Z</time>
   </trkpt>
   <trkpt lat="48.7010900" lon="2.1337250">
    <ele>66.1</ele>
    <time>2024-05-03T20:18:28Z</time>
   </trkpt>
   <trkpt lat="48.7011020" lon="2.1336530">
    <ele>66.1</ele>
    <time>2024-05-03T20:18:29Z</time>
   </trkpt>
   <trkpt lat="48.7011080" lon="2.1335770">
    <ele>66.1</ele>
    <time>2024-05-03T20:18:30Z</time>
   </trkpt>
   <trkpt lat="48.7011090" lon="2.1335000">
    <ele>66.1</ele>
    <time>2024-05-03T20:18:31Z</time>
   </trkpt>
   <trkpt lat="48.7011060" lon="2.1334230">
    <ele>66.2</ele>
    <time>2024-05-03T20:18:32Z</time>
   </trkpt>
   <trkpt lat="48.7010970" lon="2.1333490">
    <ele>66.2</ele>
    <time>2024-05-03T20:18:33Z</time>
   </trkpt>
   <trkpt lat="48.7010890" lon="2.1332750">
    <ele>66.2</ele>
    <time>2024-05-03T20:18:34Z</time>
   </trkpt>
   <trkpt lat="48.7010790" lon="2.1332000">
    <ele>66.3</ele>
    <time>2024-05-03T20:18:35Z</time>
   </trkpt>
   <trkpt lat="48.7010660" lon="2.1331250">
    <ele>66.3</ele>
    <time>2024-05-03T20:18:36Z</time>
   </trkpt>
   <trkpt lat="48.7010530" lon="2.1330530">
    <ele>66.3</ele>
    <time>2024-05-03T20:18:37Z</time>
   </trkpt>
   <trkpt lat="48.7010350" lon="2.1329840">
    <ele>66.4</ele>
    <time>2024-05-03T20:18:38Z</time>
   </trkpt>
   <trkpt lat="48.7010160" lon="2.1329170">
    <ele>66.4</ele>
    <time>2024-05-03T20:18:39Z</time>
   </trkpt>
   <trkpt lat="48.7009960" lon="2.1328510">
    <ele>66.4</ele>
    <time>2024-05-03T20:18:40Z</time>
   </trkpt>
   <trkpt lat="48.7009710" lon="2.1327830">
    <ele>66.4</ele>
    <time>2024-05-03T20:18:41Z</time>
   </trkpt>
   <trkpt lat="48.7009490" lon="2.1327150">
    <ele>66.5</ele>
    <time>2024-05-03T20:18:42Z</time>
   </trkpt>
   <trkpt lat="48.7009310" lon="2.1326490">
    <ele>66.5</ele>
    <time>2024-05-03T20:18:43Z</time>
   </trkpt>
   <trkpt lat="48.7009110" lon="2.1325840">
    <ele>66.6</ele>
    <time>2024-05-03T20:18:44Z</time>
   </trkpt>
   <trkpt lat="48.7008890" lon="2.1325220">
    <ele>66.6</ele>
    <time>2024-05-03T20:18:45Z</time>
   </trkpt>
   <trkpt lat="48.7008650" lon="2.1324600">
    <ele>66.7</ele>
    <time>2024-05-03T20:18:46Z</time>
   </trkpt>
   <trkpt lat="48.7008400" lon="2.1323980">
    <ele>66.7</ele>
    <time>2024-05-03T20:18:47Z</time>
   </trkpt>
   <trkpt lat="48.7008150" lon="2.1323370">
    <ele>66.7</ele>
    <time>2024-05-03T20:18:48Z</time>
   </trkpt>
   <trkpt lat="48.7007950" lon="2.1322730">
    <ele>66.8</ele>
    <time>2024-05-03T20:18:49Z</time>
   </trkpt>
   <trkpt lat="48.7007840" lon="2.1322040">
    <ele>66.8</ele>
    <time>2024-05-03T20:18:50Z</time>
   </trkpt>
   <trkpt lat="48.7007810" lon="2.1321330">
    <ele>66.9</ele>
    <time>2024-05-03T20:18:51Z</time>
   </trkpt>
   <trkpt lat="48.7007800" lon="2.1320650">
    <ele>66.9</ele>
    <time>2024-05-03T20:18:52Z</time>
   </trkpt>
   <trkpt lat="48.7007810" lon="2.1319970">
    <ele>67.0</ele>
    <time>2024-05-03T20:18:53Z</time>
   </trkpt>
   <trkpt lat="48.7007870" lon="2.1319300">
    <ele>67.0</ele>
    <time>2024-05-03T20:18:54Z</time>
   </trkpt>
   <trkpt lat="48.7007970" lon="2.1318640">
    <ele>67.0</ele>
    <time>2024-05-03T20:18:55Z</time>
   </trkpt>
   <trkpt lat="48.7008070" lon="2.1317970">
    <ele>67.0</ele>
    <time>2024-05-03T20:18:56Z</time>
   </trkpt>
   <trkpt lat="48.7008160" lon="2.1317290">
    <ele>67.0</ele>
    <time>2024-05-03T20:18:57Z</time>
   </trkpt>
   <trkpt lat="48.7008250" lon="2.1316630">
    <ele>67.0</ele>
    <time>2024-05-03T20:18:58Z</time>
   </trkpt>
   <trkpt lat="48.7008310" lon="2.1315990">
    <ele>67.1</ele>
    <time>2024-05-03T20:18:59Z</time>
   </trkpt>
   <trkpt lat="48.7008350" lon="2.1315370">
    <ele>67.1</ele>
    <time>2024-05-03T20:19:00Z</time>
   </trkpt>
   <trkpt lat="48.7008360" lon="2.1314780">
    <ele>67.1</ele>
    <time>2024-05-03T20:19:01Z</time>
   </trkpt>
   <trkpt lat="48.7008320" lon="2.1314220">
    <ele>67.2</ele>
    <time>2024-05-03T20:19:02Z</time>
   </trkpt>
   <trkpt lat="48.7008210" lon="2.1313700">
    <ele>67.2</ele>
    <time>2024-05-03T20:19:03Z</time>
   </trkpt>
   <trkpt lat="48.7008050" lon="2.1313230">
    <ele>67.2</ele>
    <time>2024-05-03T20:19:04Z</time>
   </trkpt>
   <trkpt lat="48.7007890" lon="2.1312810">
    <ele>67.3</ele>
    <time>2024-05-03T20:19:05Z</time>
   </trkpt>
   <trkpt lat="48.7007730" lon="2.1312420">
    <ele>67.3</ele>
    <time>2024-05-03T20:19:06Z</time>
   </trkpt>
   <trkpt lat="48.7007580" lon="2.1312030">
    <ele>67.3</ele>
    <time>2024-05-03T20:19:07Z</time>
   </trkpt>
   <trkpt lat="48.7007520" lon="2.1311580">
    <ele>67.3</ele>
    <time>2024-05-03T20:19:08Z</time>
   </trkpt>
   <trkpt lat="48.7007550" lon="2.1311100">
    <ele>67.3</ele>
    <time>2024-05-03T20:19:09Z</time>
   </trkpt>
   <trkpt lat="48.7007690" lon="2.1310590">
    <ele>67.3</ele>
    <time>2024-05-03T20:19:10Z</time>
   </trkpt>
   <trkpt lat="48.7008140" lon="2.1309990">
    <ele>67.3</ele>
    <time>2024-05-03T20:19:11Z</time>
   </trkpt>
   <trkpt lat="48.7008430" lon="2.1309350">
    <ele>67.2</ele>
    <time>2024-05-03T20:19:12Z</time>
   </trkpt>
   <trkpt lat="48.7008670" lon="2.1308700">
    <ele>67.2</ele>
    <time>2024-05-03T20:19:13Z</time>
   </trkpt>
   <trkpt lat="48.7008850" lon="2.1308010">
    <ele>67.2</ele>
    <time>2024-05-03T20:19:14Z</time>
   </trkpt>
   <trkpt lat="48.7008920" lon="2.1307260">
    <ele>67.2</ele>
    <time>2024-05-03T20:19:15Z</time>
   </trkpt>
   <trkpt lat="48.7008970" lon="2.1306560">
    <ele>67.3</ele>
    <time>2024-05-03T20:19:16Z</time>
   </trkpt>
   <trkpt lat="48.7009010" lon="2.1305880">
    <ele>67.3</ele>
    <time>2024-05-03T20:19:17Z</time>
   </trkpt>
   <trkpt lat="48.7009050" lon="2.1305230">
    <ele>67.3</ele>
    <time>2024-05-03T20:19:18Z</time>
   </trkpt>
   <trkpt lat="48.7009080" lon="2.1304570">
    <ele>67.4</ele>
    <time>2024-05-03T20:19:19Z</time>
   </trkpt>
   <trkpt lat="48.7009120" lon="2.1303940">
    <ele>67.4</ele>
    <time>2024-05-03T20:19:20Z</time>
   </trkpt>
   <trkpt lat="48.7009180" lon="2.1303320">
    <ele>67.4</ele>
    <time>2024-05-03T20:19:21Z</time>
   </trkpt>
   <trkpt lat="48.7009230" lon="2.1302700">
    <ele>67.5</ele>
    <time>2024-05-03T20:19:22Z</time>
   </trkpt>
   <trkpt lat="48.7009280" lon="2.1302110">
    <ele>67.5</ele>
    <time>2024-05-03T20:19:23Z</time>
   </trkpt>
   <trkpt lat="48.7009350" lon="2.1301530">
    <ele>67.5</ele>
    <time>2024-05-03T20:19:24Z</time>
   </trkpt>
   <trkpt lat="48.7009400" lon="2.1300990">
    <ele>67.5</ele>
    <time>2024-05-03T20:19:25Z</time>
   </trkpt>
   <trkpt lat="48.7009410" lon="2.1300440">
    <ele>67.5</ele>
    <time>2024-05-03T20:19:26Z</time>
   </trkpt>
   <trkpt lat="48.7009440" lon="2.1299910">
    <ele>67.5</ele>
    <time>2024-05-03T20:19:27Z</time>
   </trkpt>
   <trkpt lat="48.7009510" lon="2.1299410">
    <ele>67.5</ele>
    <time>2024-05-03T20:19:28Z</time>
   </trkpt>
   <trkpt lat="48.7009570" lon="2.1298920">
    <ele>67.4</ele>
    <time>2024-05-03T20:19:29Z</time>
   </trkpt>
   <trkpt lat="48.7009620" lon="2.1298410">
    <ele>67.4</ele>
    <time>2024-05-03T20:19:30Z</time>
   </trkpt>
   <trkpt lat="48.7009610" lon="2.1297910">
    <ele>67.4</ele>
    <time>2024-05-03T20:19:31Z</time>
   </trkpt>
   <trkpt lat="48.7009430" lon="2.1297450">
    <ele>67.4</ele>
    <time>2024-05-03T20:19:32Z</time>
   </trkpt>
   <trkpt lat="48.7009110" lon="2.1297090">
    <ele>67.4</ele>
    <time>2024-05-03T20:19:33Z</time>
   </trkpt>
   <trkpt lat="48.7008710" lon="2.1296860">
    <ele>67.3</ele>
    <time>2024-05-03T20:19:34Z</time>
   </trkpt>
   <trkpt lat="48.7008270" lon="2.1296730">
    <ele>67.3</ele>
    <time>2024-05-03T20:19:35Z</time>
   </trkpt>
   <trkpt lat="48.7007800" lon="2.1296640">
    <ele>67.3</ele>
    <time>2024-05-03T20:19:36Z</time>
   </trkpt>
   <trkpt lat="48.7007340" lon="2.1296520">
    <ele>67.3</ele>
    <time>2024-05-03T20:19:37Z</time>
   </trkpt>
   <trkpt lat="48.7006890" lon="2.1296360">
    <ele>67.2</ele>
    <time>2024-05-03T20:19:38Z</time>
   </trkpt>
   <trkpt lat="48.7006460" lon="2.1296200">
    <ele>67.2</ele>
    <time>2024-05-03T20:19:39Z</time>
   </trkpt>
   <trkpt lat="48.7006040" lon="2.1296090">
    <ele>67.2</ele>
    <time>2024-05-03T20:19:40Z</time>
   </trkpt>
   <trkpt lat="48.7005640" lon="2.1296040">
    <ele>67.2</ele>
    <time>2024-05-03T20:19:41Z</time>
   </trkpt>
   <trkpt lat="48.7005260" lon="2.1295940">
    <ele>67.2</ele>
    <time>2024-05-03T20:19:42Z</time>
   </trkpt>
   <trkpt lat="48.7004860" lon="2.1295800">
    <ele>67.2</ele>
    <time>2024-05-03T20:19:43Z</time>
   </trkpt>
   <trkpt lat="48.7004440" lon="2.1295690">
    <ele>67.2</ele>
    <time>2024-05-03T20:19:44Z</time>
   </trkpt>
   <trkpt lat="48.7004020" lon="2.1295580">
    <ele>67.1</ele>
    <time>2024-05-03T20:19:45Z</time>
   </trkpt>
   <trkpt lat="48.7003530" lon="2.1295540">
    <ele>67.1</ele>
    <time>2024-05-03T20:19:46Z</time>
   </trkpt>
   <trkpt lat="48.7003080" lon="2.1295430">
    <ele>67.0</ele>
    <time>2024-05-03T20:19:47Z</time>
   </trkpt>
   <trkpt lat="48.7002610" lon="2.1295290">
    <ele>67.0</ele>
    <time>2024-05-03T20:19:48Z</time>
   </trkpt>
   <trkpt lat="48.7002130" lon="2.1295140">
    <ele>66.9</ele>
    <time>2024-05-03T20:19:49Z</time>
   </trkpt>
   <trkpt lat="48.7001650" lon="2.1295040">
    <ele>66.8</ele>
    <time>2024-05-03T20:19:50Z</time>
   </trkpt>
   <trkpt lat="48.7001180" lon="2.1294900">
    <ele>66.8</ele>
    <time>2024-05-03T20:19:51Z</time>
   </trkpt>
   <trkpt lat="48.7000710" lon="2.1294750">
    <ele>66.7</ele>
    <time>2024-05-03T20:19:52Z</time>
   </trkpt>
   <trkpt lat="48.7000260" lon="2.1294620">
    <ele>66.6</ele>
    <time>2024-05-03T20:19:53Z</time>
   </trkpt>
   <trkpt lat="48.6999810" lon="2.1294500">
    <ele>66.6</ele>
    <time>2024-05-03T20:19:54Z</time>
   </trkpt>
   <trkpt lat="48.6999340" lon="2.1294340">
    <ele>66.5</ele>
    <time>2024-05-03T20:19:55Z</time>
   </trkpt>
   <trkpt lat="48.6998890" lon="2.1294200">
    <ele>66.5</ele>
    <time>2024-05-03T20:19:56Z</time>
   </trkpt>
   <trkpt lat="48.6998450" lon="2.1294040">
    <ele>66.4</ele>
    <time>2024-05-03T20:19:57Z</time>
   </trkpt>
   <trkpt lat="48.6998010" lon="2.1293850">
    <ele>66.4</ele>
    <time>2024-05-03T20:19:58Z</time>
   </trkpt>
   <trkpt lat="48.6997570" lon="2.1293620">
    <ele>66.4</ele>
    <time>2024-05-03T20:19:59Z</time>
   </trkpt>
   <trkpt lat="48.6997110" lon="2.1293470">
    <ele>66.4</ele>
    <time>2024-05-03T20:20:00Z</time>
   </trkpt>
   <trkpt lat="48.6996650" lon="2.1293250">
    <ele>66.4</ele>
    <time>2024-05-03T20:20:01Z</time>
   </trkpt>
   <trkpt lat="48.6996200" lon="2.1293030">
    <ele>66.4</ele>
    <time>2024-05-03T20:20:02Z</time>
   </trkpt>
   <trkpt lat="48.6995780" lon="2.1292870">
    <ele>66.5</ele>
    <time>2024-05-03T20:20:03Z</time>
   </trkpt>
   <trkpt lat="48.6995350" lon="2.1292700">
    <ele>66.5</ele>
    <time>2024-05-03T20:20:04Z</time>
   </trkpt>
   <trkpt lat="48.6994940" lon="2.1292520">
    <ele>66.6</ele>
    <time>2024-05-03T20:20:05Z</time>
   </trkpt>
   <trkpt lat="48.6994560" lon="2.1292320">
    <ele>66.6</ele>
    <time>2024-05-03T20:20:06Z</time>
   </trkpt>
   <trkpt lat="48.6994210" lon="2.1292080">
    <ele>66.6</ele>
    <time>2024-05-03T20:20:07Z</time>
   </trkpt>
   <trkpt lat="48.6993960" lon="2.1291690">
    <ele>66.7</ele>
    <time>2024-05-03T20:20:08Z</time>
   </trkpt>
   <trkpt lat="48.6993830" lon="2.1291150">
    <ele>66.6</ele>
    <time>2024-05-03T20:20:09Z</time>
   </trkpt>
   <trkpt lat="48.6993840" lon="2.1290550">
    <ele>66.6</ele>
    <time>2024-05-03T20:20:10Z</time>
   </trkpt>
   <trkpt lat="48.6993940" lon="2.1289990">
    <ele>66.6</ele>
    <time>2024-05-03T20:20:11Z</time>
   </trkpt>
   <trkpt lat="48.6994080" lon="2.1289440">
    <ele>66.5</ele>
    <time>2024-05-03T20:20:12Z</time>
   </trkpt>
   <trkpt lat="48.6994220" lon="2.1288860">
    <ele>66.5</ele>
    <time>2024-05-03T20:20:13Z</time>
   </trkpt>
   <trkpt lat="48.6994380" lon="2.1288260">
    <ele>66.5</ele>
    <time>2024-05-03T20:20:14Z</time>
   </trkpt>
   <trkpt lat="48.6994550" lon="2.1287640">
    <ele>66.5</ele>
    <time>2024-05-03T20:20:15Z</time>
   </trkpt>
   <trkpt lat="48.6994730" lon="2.1287020">
    <ele>66.4</ele>
    <time>2024-05-03T20:20:16Z</time>
   </trkpt>
   <trkpt lat="48.6994910" lon="2.1286370">
    <ele>66.4</ele>
    <time>2024-05-03T20:20:17Z</time>
   </trkpt>
   <trkpt lat="48.6995050" lon="2.1285730">
    <ele>66.4</ele>
    <time>2024-05-03T20:20:18Z</time>
   </trkpt>
   <trkpt lat="48.6995200" lon="2.1285060">
    <ele>66.4</ele>
    <time>2024-05-03T20:20:19Z</time>
   </trkpt>
   <trkpt lat="48.6995370" lon="2.1284410">
    <ele>66.4</ele>
    <time>2024-05-03T20:20:20Z</time>
   </trkpt>
   <trkpt lat="48.6995520" lon="2.1283760">
    <ele>66.4</ele>
    <time>2024-05-03T20:20:21Z</time>
   </trkpt>
   <trkpt lat="48.6995670" lon="2.1283050">
    <ele>66.4</ele>
    <time>2024-05-03T20:20:22Z</time>
   </trkpt>
   <trkpt lat="48.6995850" lon="2.1282280">
    <ele>66.3</ele>
    <time>2024-05-03T20:20:23Z</time>
   </trkpt>
   <trkpt lat="48.6996120" lon="2.1281520">
    <ele>66.3</ele>
    <time>2024-05-03T20:20:24Z</time>
   </trkpt>
   <trkpt lat="48.6996390" lon="2.1280690">
    <ele>66.2</ele>
    <time>2024-05-03T20:20:25Z</time>
   </trkpt>
   <trkpt lat="48.6996690" lon="2.1279840">
    <ele>66.1</ele>
    <time>2024-05-03T20:20:26Z</time>
   </trkpt>
   <trkpt lat="48.6996960" lon="2.1279030">
    <ele>66.1</ele>
    <time>2024-05-03T20:20:27Z</time>
   </trkpt>
   <trkpt lat="48.6997200" lon="2.1278270">
    <ele>66.2</ele>
    <time>2024-05-03T20:20:28Z</time>
   </trkpt>
   <trkpt lat="48.6997500" lon="2.1277490">
    <ele>66.2</ele>
    <time>2024-05-03T20:20:29Z</time>
   </trkpt>
   <trkpt lat="48.6997830" lon="2.1276760">
    <ele>66.2</ele>
    <time>2024-05-03T20:20:30Z</time>
   </trkpt>
   <trkpt lat="48.6998180" lon="2.1276030">
    <ele>66.1</ele>
    <time>2024-05-03T20:20:31Z</time>
   </trkpt>
   <trkpt lat="48.6998520" lon="2.1275270">
    <ele>66.1</ele>
    <time>2024-05-03T20:20:32Z</time>
   </trkpt>
   <trkpt lat="48.6998860" lon="2.1274520">
    <ele>66.1</ele>
    <time>2024-05-03T20:20:33Z</time>
   </trkpt>
   <trkpt lat="48.6999180" lon="2.1273770">
    <ele>66.1</ele>
    <time>2024-05-03T20:20:34Z</time>
   </trkpt>
   <trkpt lat="48.6999490" lon="2.1273050">
    <ele>66.1</ele>
    <time>2024-05-03T20:20:35Z</time>
   </trkpt>
   <trkpt lat="48.6999810" lon="2.1272340">
    <ele>66.1</ele>
    <time>2024-05-03T20:20:36Z</time>
   </trkpt>
   <trkpt lat="48.7000110" lon="2.1271630">
    <ele>66.2</ele>
    <time>2024-05-03T20:20:37Z</time>
   </trkpt>
   <trkpt lat="48.7000390" lon="2.1270910">
    <ele>66.2</ele>
    <time>2024-05-03T20:20:38Z</time>
   </trkpt>
   <trkpt lat="48.7000700" lon="2.1270170">
    <ele>66.2</ele>
    <time>2024-05-03T20:20:39Z</time>
   </trkpt>
   <trkpt lat="48.7001060" lon="2.1269520">
    <ele>66.2</ele>
    <time>2024-05-03T20:20:40Z</time>
   </trkpt>
   <trkpt lat="48.7001450" lon="2.1268900">
    <ele>66.3</ele>
    <time>2024-05-03T20:20:41Z</time>
   </trkpt>
   <trkpt lat="48.7001850" lon="2.1268280">
    <ele>66.3</ele>
    <time>2024-05-03T20:20:42Z</time>
   </trkpt>
   <trkpt lat="48.7002230" lon="2.1267640">
    <ele>66.3</ele>
    <time>2024-05-03T20:20:43Z</time>
   </trkpt>
   <trkpt lat="48.7002680" lon="2.1267070">
    <ele>66.4</ele>
    <time>2024-05-03T20:20:44Z</time>
   </trkpt>
   <trkpt lat="48.7003160" lon="2.1266570">
    <ele>66.5</ele>
    <time>2024-05-03T20:20:45Z</time>
   </trkpt>
   <trkpt lat="48.7003600" lon="2.1266140">
    <ele>66.6</ele>
    <time>2024-05-03T20:20:46Z</time>
   </trkpt>
   <trkpt lat="48.7004010" lon="2.1265660">
    <ele>66.6</ele>
    <time>2024-05-03T20:20:47Z</time>
   </trkpt>
   <trkpt lat="48.7004400" lon="2.1265080">
    <ele>66.6</ele>
    <time>2024-05-03T20:20:48Z</time>
   </trkpt>
   <trkpt lat="48.7004770" lon="2.1264540">
    <ele>66.7</ele>
    <time>2024-05-03T20:20:49Z</time>
   </trkpt>
   <trkpt lat="48.7005150" lon="2.1264050">
    <ele>66.7</ele>
    <time>2024-05-03T20:20:50Z</time>
   </trkpt>
   <trkpt lat="48.7005520" lon="2.1263540">
    <ele>66.7</ele>
    <time>2024-05-03T20:20:51Z</time>
   </trkpt>
   <trkpt lat="48.7005960" lon="2.1263030">
    <ele>66.7</ele>
    <time>2024-05-03T20:20:52Z</time>
   </trkpt>
   <trkpt lat="48.7006330" lon="2.1262530">
    <ele>66.7</ele>
    <time>2024-05-03T20:20:53Z</time>
   </trkpt>
   <trkpt lat="48.7006700" lon="2.1262050">
    <ele>66.7</ele>
    <time>2024-05-03T20:20:54Z</time>
   </trkpt>
   <trkpt lat="48.7007040" lon="2.1261580">
    <ele>66.7</ele>
    <time>2024-05-03T20:20:55Z</time>
   </trkpt>
   <trkpt lat="48.7007450" lon="2.1261120">
    <ele>66.7</ele>
    <time>2024-05-03T20:20:56Z</time>
   </trkpt>
   <trkpt lat="48.7007800" lon="2.1260620">
    <ele>66.6</ele>
    <time>2024-05-03T20:20:57Z</time>
   </trkpt>
   <trkpt lat="48.7008170" lon="2.1260080">
    <ele>66.6</ele>
    <time>2024-05-03T20:20:58Z</time>
   </trkpt>
   <trkpt lat="48.7008500" lon="2.1259700">
    <ele>66.6</ele>
    <time>2024-05-03T20:20:59Z</time>
   </trkpt>
   <trkpt lat="48.7008870" lon="2.1259270">
    <ele>66.7</ele>
    <time>2024-05-03T20:21:00Z</time>
   </trkpt>
   <trkpt lat="48.7009210" lon="2.1258830">
    <ele>66.7</ele>
    <time>2024-05-03T20:21:01Z</time>
   </trkpt>
   <trkpt lat="48.7009550" lon="2.1258410">
    <ele>66.7</ele>
    <time>2024-05-03T20:21:02Z</time>
   </trkpt>
   <trkpt lat="48.7009880" lon="2.1258010">
    <ele>66.8</ele>
    <time>2024-05-03T20:21:03Z</time>
   </trkpt>
   <trkpt lat="48.7010200" lon="2.1257630">
    <ele>66.8</ele>
    <time>2024-05-03T20:21:04Z</time>
   </trkpt>
   <trkpt lat="48.7010490" lon="2.1257280">
    <ele>66.9</ele>
    <time>2024-05-03T20:21:05Z</time>
   </trkpt>
   <trkpt lat="48.7010680" lon="2.1256970">
    <ele>67.0</ele>
    <time>2024-05-03T20:21:06Z</time>
   </trkpt>
   <trkpt lat="48.7010880" lon="2.1256490">
    <ele>67.0</ele>
    <time>2024-05-03T20:21:07Z</time>
   </trkpt>
   <trkpt lat="48.7010940" lon="2.1256320">
    <ele>67.0</ele>
    <time>2024-05-03T20:21:08Z</time>
   </trkpt>
   <trkpt lat="48.7011130" lon="2.1256020">
    <ele>67.1</ele>
    <time>2024-05-03T20:21:09Z</time>
   </trkpt>
   <trkpt lat="48.7011330" lon="2.1255650">
    <ele>67.2</ele>
    <time>2024-05-03T20:21:10Z</time>
   </trkpt>
   <trkpt lat="48.7011550" lon="2.1255340">
    <ele>67.2</ele>
    <time>2024-05-03T20:21:11Z</time>
   </trkpt>
   <trkpt lat="48.7011800" lon="2.1255090">
    <ele>67.3</ele>
    <time>2024-05-03T20:21:12Z</time>
   </trkpt>
   <trkpt lat="48.7012050" lon="2.1254820">
    <ele>67.3</ele>
    <time>2024-05-03T20:21:13Z</time>
   </trkpt>
   <trkpt lat="48.7012280" lon="2.1254560">
    <ele>67.4</ele>
    <time>2024-05-03T20:21:14Z</time>
   </trkpt>
   <trkpt lat="48.7012560" lon="2.1254240">
    <ele>67.4</ele>
    <time>2024-05-03T20:21:15Z</time>
   </trkpt>
   <trkpt lat="48.7012640" lon="2.1254130">
    <ele>67.4</ele>
    <time>2024-05-03T20:21:16Z</time>
   </trkpt>
   <trkpt lat="48.7012830" lon="2.1253760">
    <ele>67.4</ele>
    <time>2024-05-03T20:21:17Z</time>
   </trkpt>
   <trkpt lat="48.7012890" lon="2.1253620">
    <ele>67.4</ele>
    <time>2024-05-03T20:21:18Z</time>
   </trkpt>
   <trkpt lat="48.7012920" lon="2.1253080">
    <ele>67.4</ele>
    <time>2024-05-03T20:21:19Z</time>
   </trkpt>
   <trkpt lat="48.7012910" lon="2.1252890">
    <ele>67.3</ele>
    <time>2024-05-03T20:21:20Z</time>
   </trkpt>
   <trkpt lat="48.7012880" lon="2.1252490">
    <ele>67.3</ele>
    <time>2024-05-03T20:21:21Z</time>
   </trkpt>
   <trkpt lat="48.7012880" lon="2.1251980">
    <ele>67.2</ele>
    <time>2024-05-03T20:21:22Z</time>
   </trkpt>
   <trkpt lat="48.7012860" lon="2.1251270">
    <ele>67.0</ele>
    <time>2024-05-03T20:21:23Z</time>
   </trkpt>
   <trkpt lat="48.7012890" lon="2.1250410">
    <ele>66.9</ele>
    <time>2024-05-03T20:21:24Z</time>
   </trkpt>
   <trkpt lat="48.7012910" lon="2.1249610">
    <ele>66.8</ele>
    <time>2024-05-03T20:21:25Z</time>
   </trkpt>
   <trkpt lat="48.7012940" lon="2.1248820">
    <ele>66.8</ele>
    <time>2024-05-03T20:21:26Z</time>
   </trkpt>
   <trkpt lat="48.7012800" lon="2.1248170">
    <ele>66.8</ele>
    <time>2024-05-03T20:21:27Z</time>
   </trkpt>
   <trkpt lat="48.7012550" lon="2.1247540">
    <ele>66.9</ele>
    <time>2024-05-03T20:21:28Z</time>
   </trkpt>
   <trkpt lat="48.7012340" lon="2.1247020">
    <ele>67.0</ele>
    <time>2024-05-03T20:21:29Z</time>
   </trkpt>
   <trkpt lat="48.7012100" lon="2.1246660">
    <ele>67.1</ele>
    <time>2024-05-03T20:21:30Z</time>
   </trkpt>
   <trkpt lat="48.7011760" lon="2.1246540">
    <ele>67.1</ele>
    <time>2024-05-03T20:21:31Z</time>
   </trkpt>
   <trkpt lat="48.7011370" lon="2.1246520">
    <ele>67.1</ele>
    <time>2024-05-03T20:21:32Z</time>
   </trkpt>
   <trkpt lat="48.7010970" lon="2.1246510">
    <ele>67.2</ele>
    <time>2024-05-03T20:21:33Z</time>
   </trkpt>
   <trkpt lat="48.7010560" lon="2.1246480">
    <ele>67.2</ele>
    <time>2024-05-03T20:21:34Z</time>
   </trkpt>
   <trkpt lat="48.7010140" lon="2.1246420">
    <ele>67.2</ele>
    <time>2024-05-03T20:21:35Z</time>
   </trkpt>
   <trkpt lat="48.7009710" lon="2.1246310">
    <ele>67.2</ele>
    <time>2024-05-03T20:21:36Z</time>
   </trkpt>
   <trkpt lat="48.7009260" lon="2.1246140">
    <ele>67.2</ele>
    <time>2024-05-03T20:21:37Z</time>
   </trkpt>
   <trkpt lat="48.7008810" lon="2.1245970">
    <ele>67.2</ele>
    <time>2024-05-03T20:21:38Z</time>
   </trkpt>
   <trkpt lat="48.7008360" lon="2.1245720">
    <ele>67.2</ele>
    <time>2024-05-03T20:21:39Z</time>
   </trkpt>
   <trkpt lat="48.7007920" lon="2.1245430">
    <ele>67.2</ele>
    <time>2024-05-03T20:21:40Z</time>
   </trkpt>
   <trkpt lat="48.7007480" lon="2.1245150">
    <ele>67.2</ele>
    <time>2024-05-03T20:21:41Z</time>
   </trkpt>
   <trkpt lat="48.7007030" lon="2.1244910">
    <ele>67.3</ele>
    <time>2024-05-03T20:21:42Z</time>
   </trkpt>
   <trkpt lat="48.7006540" lon="2.1244720">
    <ele>67.3</ele>
    <time>2024-05-03T20:21:43Z</time>
   </trkpt>
   <trkpt lat="48.7006060" lon="2.1244510">
    <ele>67.3</ele>
    <time>2024-05-03T20:21:44Z</time>
   </trkpt>
   <trkpt lat="48.7005560" lon="2.1244340">
    <ele>67.3</ele>
    <time>2024-05-03T20:21:45Z</time>
   </trkpt>
   <trkpt lat="48.7005060" lon="2.1244230">
    <ele>67.3</ele>
    <time>2024-05-03T20:21:46Z</time>
   </trkpt>
   <trkpt lat="48.7004580" lon="2.1244120">
    <ele>67.3</ele>
    <time>2024-05-03T20:21:47Z</time>
   </trkpt>
   <trkpt lat="48.7004090" lon="2.1243930">
    <ele>67.3</ele>
    <time>2024-05-03T20:21:48Z</time>
   </trkpt>
   <trkpt lat="48.7003620" lon="2.1243640">
    <ele>67.3</ele>
    <time>2024-05-03T20:21:49Z</time>
   </trkpt>
   <trkpt lat="48.7003250" lon="2.1243100">
    <ele>67.4</ele>
    <time>2024-05-03T20:21:50Z</time>
   </trkpt>
   <trkpt lat="48.7002970" lon="2.1242400">
    <ele>67.4</ele>
    <time>2024-05-03T20:21:51Z</time>
   </trkpt>
   <trkpt lat="48.7002810" lon="2.1241640">
    <ele>67.4</ele>
    <time>2024-05-03T20:21:52Z</time>
   </trkpt>
   <trkpt lat="48.7002820" lon="2.1240830">
    <ele>67.4</ele>
    <time>2024-05-03T20:21:53Z</time>
   </trkpt>
   <trkpt lat="48.7002980" lon="2.1240080">
    <ele>67.4</ele>
    <time>2024-05-03T20:21:54Z</time>
   </trkpt>
   <trkpt lat="48.7003170" lon="2.1239360">
    <ele>67.4</ele>
    <time>2024-05-03T20:21:55Z</time>
   </trkpt>
   <trkpt lat="48.7003400" lon="2.1238620">
    <ele>67.4</ele>
    <time>2024-05-03T20:21:56Z</time>
   </trkpt>
   <trkpt lat="48.7003650" lon="2.1237900">
    <ele>67.4</ele>
    <time>2024-05-03T20:21:57Z</time>
   </trkpt>
   <trkpt lat="48.7003930" lon="2.1237210">
    <ele>67.3</ele>
    <time>2024-05-03T20:21:58Z</time>
   </trkpt>
   <trkpt lat="48.7004230" lon="2.1236510">
    <ele>67.3</ele>
    <time>2024-05-03T20:21:59Z</time>
   </trkpt>
   <trkpt lat="48.7004530" lon="2.1235800">
    <ele>67.3</ele>
    <time>2024-05-03T20:22:00Z</time>
   </trkpt>
   <trkpt lat="48.7004840" lon="2.1235150">
    <ele>67.4</ele>
    <time>2024-05-03T20:22:01Z</time>
   </trkpt>
   <trkpt lat="48.7005140" lon="2.1234420">
    <ele>67.4</ele>
    <time>2024-05-03T20:22:02Z</time>
   </trkpt>
   <trkpt lat="48.7005460" lon="2.1233690">
    <ele>67.4</ele>
    <time>2024-05-03T20:22:03Z</time>
   </trkpt>
   <trkpt lat="48.7005780" lon="2.1232950">
    <ele>67.4</ele>
    <time>2024-05-03T20:22:04Z</time>
   </trkpt>
   <trkpt lat="48.7006110" lon="2.1232190">
    <ele>67.4</ele>
    <time>2024-05-03T20:22:05Z</time>
   </trkpt>
   <trkpt lat="48.7006410" lon="2.1231440">
    <ele>67.4</ele>
    <time>2024-05-03T20:22:06Z</time>
   </trkpt>
   <trkpt lat="48.7006710" lon="2.1230650">
    <ele>67.4</ele>
    <time>2024-05-03T20:22:07Z</time>
   </trkpt>
   <trkpt lat="48.7007020" lon="2.1229890">
    <ele>67.4</ele>
    <time>2024-05-03T20:22:08Z</time>
   </trkpt>
   <trkpt lat="48.7007320" lon="2.1229100">
    <ele>67.4</ele>
    <time>2024-05-03T20:22:09Z</time>
   </trkpt>
   <trkpt lat="48.7007640" lon="2.1228320">
    <ele>67.3</ele>
    <time>2024-05-03T20:22:10Z</time>
   </trkpt>
   <trkpt lat="48.7007940" lon="2.1227540">
    <ele>67.3</ele>
    <time>2024-05-03T20:22:11Z</time>
   </trkpt>
   <trkpt lat="48.7008240" lon="2.1226720">
    <ele>67.3</ele>
    <time>2024-05-03T20:22:12Z</time>
   </trkpt>
   <trkpt lat="48.7008520" lon="2.1225880">
    <ele>67.3</ele>
    <time>2024-05-03T20:22:13Z</time>
   </trkpt>
   <trkpt lat="48.7008780" lon="2.1225030">
    <ele>67.4</ele>
    <time>2024-05-03T20:22:14Z</time>
   </trkpt>
   <trkpt lat="48.7009040" lon="2.1224140">
    <ele>67.4</ele>
    <time>2024-05-03T20:22:15Z</time>
   </trkpt>
   <trkpt lat="48.7009280" lon="2.1223290">
    <ele>67.4</ele>
    <time>2024-05-03T20:22:16Z</time>
   </trkpt>
   <trkpt lat="48.7009470" lon="2.1222370">
    <ele>67.4</ele>
    <time>2024-05-03T20:22:17Z</time>
   </trkpt>
   <trkpt lat="48.7009630" lon="2.1221480">
    <ele>67.4</ele>
    <time>2024-05-03T20:22:18Z</time>
   </trkpt>
   <trkpt lat="48.7009780" lon="2.1220570">
    <ele>67.4</ele>
    <time>2024-05-03T20:22:19Z</time>
   </trkpt>
   <trkpt lat="48.7009920" lon="2.1219660">
    <ele>67.4</ele>
    <time>2024-05-03T20:22:20Z</time>
   </trkpt>
   <trkpt lat="48.7010080" lon="2.1218750">
    <ele>67.4</ele>
    <time>2024-05-03T20:22:21Z</time>
   </trkpt>
   <trkpt lat="48.7010240" lon="2.1217860">
    <ele>67.4</ele>
    <time>2024-05-03T20:22:22Z</time>
   </trkpt>
   <trkpt lat="48.7010400" lon="2.1216980">
    <ele>67.4</ele>
    <time>2024-05-03T20:22:23Z</time>
   </trkpt>
   <trkpt lat="48.7010590" lon="2.1216120">
    <ele>67.4</ele>
    <time>2024-05-03T20:22:24Z</time>
   </trkpt>
   <trkpt lat="48.7010790" lon="2.1215250">
    <ele>67.4</ele>
    <time>2024-05-03T20:22:25Z</time>
   </trkpt>
   <trkpt lat="48.7010950" lon="2.1214360">
    <ele>67.4</ele>
    <time>2024-05-03T20:22:26Z</time>
   </trkpt>
   <trkpt lat="48.7011120" lon="2.1213440">
    <ele>67.4</ele>
    <time>2024-05-03T20:22:27Z</time>
   </trkpt>
   <trkpt lat="48.7011250" lon="2.1212550">
    <ele>67.4</ele>
    <time>2024-05-03T20:22:28Z</time>
   </trkpt>
   <trkpt lat="48.7011350" lon="2.1211620">
    <ele>67.4</ele>
    <time>2024-05-03T20:22:29Z</time>
   </trkpt>
   <trkpt lat="48.7011410" lon="2.1210670">
    <ele>67.4</ele>
    <time>2024-05-03T20:22:30Z</time>
   </trkpt>
   <trkpt lat="48.7011390" lon="2.1209720">
    <ele>67.4</ele>
    <time>2024-05-03T20:22:31Z</time>
   </trkpt>
   <trkpt lat="48.7011250" lon="2.1208810">
    <ele>67.4</ele>
    <time>2024-05-03T20:22:32Z</time>
   </trkpt>
   <trkpt lat="48.7011060" lon="2.1207920">
    <ele>67.5</ele>
    <time>2024-05-03T20:22:33Z</time>
   </trkpt>
   <trkpt lat="48.7010830" lon="2.1207030">
    <ele>67.5</ele>
    <time>2024-05-03T20:22:34Z</time>
   </trkpt>
   <trkpt lat="48.7010620" lon="2.1206150">
    <ele>67.5</ele>
    <time>2024-05-03T20:22:35Z</time>
   </trkpt>
   <trkpt lat="48.7010420" lon="2.1205240">
    <ele>67.5</ele>
    <time>2024-05-03T20:22:36Z</time>
   </trkpt>
   <trkpt lat="48.7010210" lon="2.1204330">
    <ele>67.5</ele>
    <time>2024-05-03T20:22:37Z</time>
   </trkpt>
   <trkpt lat="48.7010080" lon="2.1203360">
    <ele>67.5</ele>
    <time>2024-05-03T20:22:38Z</time>
   </trkpt>
   <trkpt lat="48.7009960" lon="2.1202390">
    <ele>67.6</ele>
    <time>2024-05-03T20:22:39Z</time>
   </trkpt>
   <trkpt lat="48.7009880" lon="2.1201400">
    <ele>67.6</ele>
    <time>2024-05-03T20:22:40Z</time>
   </trkpt>
   <trkpt lat="48.7009820" lon="2.1200440">
    <ele>67.6</ele>
    <time>2024-05-03T20:22:41Z</time>
   </trkpt>
   <trkpt lat="48.7009750" lon="2.1199460">
    <ele>67.6</ele>
    <time>2024-05-03T20:22:42Z</time>
   </trkpt>
   <trkpt lat="48.7009680" lon="2.1198510">
    <ele>67.6</ele>
    <time>2024-05-03T20:22:43Z</time>
   </trkpt>
   <trkpt lat="48.7009550" lon="2.1197570">
    <ele>67.6</ele>
    <time>2024-05-03T20:22:44Z</time>
   </trkpt>
   <trkpt lat="48.7009440" lon="2.1196640">
    <ele>67.6</ele>
    <time>2024-05-03T20:22:45Z</time>
   </trkpt>
   <trkpt lat="48.7009300" lon="2.1195720">
    <ele>67.6</ele>
    <time>2024-05-03T20:22:46Z</time>
   </trkpt>
   <trkpt lat="48.7009160" lon="2.1194750">
    <ele>67.6</ele>
    <time>2024-05-03T20:22:47Z</time>
   </trkpt>
   <trkpt lat="48.7009020" lon="2.1193820">
    <ele>67.6</ele>
    <time>2024-05-03T20:22:48Z</time>
   </trkpt>
   <trkpt lat="48.7008840" lon="2.1192900">
    <ele>67.6</ele>
    <time>2024-05-03T20:22:49Z</time>
   </trkpt>
   <trkpt lat="48.7008610" lon="2.1191970">
    <ele>67.6</ele>
    <time>2024-05-03T20:22:50Z</time>
   </trkpt>
   <trkpt lat="48.7008400" lon="2.1191060">
    <ele>67.6</ele>
    <time>2024-05-03T20:22:51Z</time>
   </trkpt>
   <trkpt lat="48.7008170" lon="2.1190130">
    <ele>67.6</ele>
    <time>2024-05-03T20:22:52Z</time>
   </trkpt>
   <trkpt lat="48.7007950" lon="2.1189230">
    <ele>67.7</ele>
    <time>2024-05-03T20:22:53Z</time>
   </trkpt>
   <trkpt lat="48.7007730" lon="2.1188340">
    <ele>67.7</ele>
    <time>2024-05-03T20:22:54Z</time>
   </trkpt>
   <trkpt lat="48.7007520" lon="2.1187410">
    <ele>67.7</ele>
    <time>2024-05-03T20:22:55Z</time>
   </trkpt>
   <trkpt lat="48.7007290" lon="2.1186550">
    <ele>67.7</ele>
    <time>2024-05-03T20:22:56Z</time>
   </trkpt>
   <trkpt lat="48.7007060" lon="2.1185660">
    <ele>67.6</ele>
    <time>2024-05-03T20:22:57Z</time>
   </trkpt>
   <trkpt lat="48.7006810" lon="2.1184780">
    <ele>67.6</ele>
    <time>2024-05-03T20:22:58Z</time>
   </trkpt>
   <trkpt lat="48.7006580" lon="2.1183890">
    <ele>67.6</ele>
    <time>2024-05-03T20:22:59Z</time>
   </trkpt>
   <trkpt lat="48.7006400" lon="2.1182970">
    <ele>67.6</ele>
    <time>2024-05-03T20:23:00Z</time>
   </trkpt>
   <trkpt lat="48.7006220" lon="2.1182070">
    <ele>67.6</ele>
    <time>2024-05-03T20:23:01Z</time>
   </trkpt>
   <trkpt lat="48.7006080" lon="2.1181210">
    <ele>67.6</ele>
    <time>2024-05-03T20:23:02Z</time>
   </trkpt>
   <trkpt lat="48.7005980" lon="2.1180360">
    <ele>67.6</ele>
    <time>2024-05-03T20:23:03Z</time>
   </trkpt>
   <trkpt lat="48.7005960" lon="2.1179530">
    <ele>67.6</ele>
    <time>2024-05-03T20:23:04Z</time>
   </trkpt>
   <trkpt lat="48.7006060" lon="2.1178710">
    <ele>67.6</ele>
    <time>2024-05-03T20:23:05Z</time>
   </trkpt>
   <trkpt lat="48.7006270" lon="2.1177950">
    <ele>67.7</ele>
    <time>2024-05-03T20:23:06Z</time>
   </trkpt>
   <trkpt lat="48.7006520" lon="2.1177250">
    <ele>67.7</ele>
    <time>2024-05-03T20:23:07Z</time>
   </trkpt>
   <trkpt lat="48.7006690" lon="2.1176540">
    <ele>67.7</ele>
    <time>2024-05-03T20:23:08Z</time>
   </trkpt>
   <trkpt lat="48.7006650" lon="2.1175830">
    <ele>67.7</ele>
    <time>2024-05-03T20:23:09Z</time>
   </trkpt>
   <trkpt lat="48.7006440" lon="2.1175220">
    <ele>67.8</ele>
    <time>2024-05-03T20:23:10Z</time>
   </trkpt>
   <trkpt lat="48.7006240" lon="2.1174630">
    <ele>67.8</ele>
    <time>2024-05-03T20:23:11Z</time>
   </trkpt>
   <trkpt lat="48.7006110" lon="2.1174020">
    <ele>67.8</ele>
    <time>2024-05-03T20:23:12Z</time>
   </trkpt>
   <trkpt lat="48.7006100" lon="2.1173400">
    <ele>67.9</ele>
    <time>2024-05-03T20:23:13Z</time>
   </trkpt>
   <trkpt lat="48.7006230" lon="2.1172750">
    <ele>67.9</ele>
    <time>2024-05-03T20:23:14Z</time>
   </trkpt>
   <trkpt lat="48.7006390" lon="2.1172060">
    <ele>67.9</ele>
    <time>2024-05-03T20:23:15Z</time>
   </trkpt>
   <trkpt lat="48.7006560" lon="2.1171350">
    <ele>67.9</ele>
    <time>2024-05-03T20:23:16Z</time>
   </trkpt>
   <trkpt lat="48.7006720" lon="2.1170620">
    <ele>67.9</ele>
    <time>2024-05-03T20:23:17Z</time>
   </trkpt>
   <trkpt lat="48.7006890" lon="2.1169930">
    <ele>67.9</ele>
    <time>2024-05-03T20:23:18Z</time>
   </trkpt>
   <trkpt lat="48.7007060" lon="2.1169220">
    <ele>67.9</ele>
    <time>2024-05-03T20:23:19Z</time>
   </trkpt>
   <trkpt lat="48.7007200" lon="2.1168500">
    <ele>67.9</ele>
    <time>2024-05-03T20:23:20Z</time>
   </trkpt>
   <trkpt lat="48.7007340" lon="2.1167760">
    <ele>67.8</ele>
    <time>2024-05-03T20:23:21Z</time>
   </trkpt>
   <trkpt lat="48.7007500" lon="2.1166990">
    <ele>67.8</ele>
    <time>2024-05-03T20:23:22Z</time>
   </trkpt>
   <trkpt lat="48.7007670" lon="2.1166220">
    <ele>67.8</ele>
    <time>2024-05-03T20:23:23Z</time>
   </trkpt>
   <trkpt lat="48.7007870" lon="2.1165450">
    <ele>67.7</ele>
    <time>2024-05-03T20:23:24Z</time>
   </trkpt>
   <trkpt lat="48.7008060" lon="2.1164680">
    <ele>67.7</ele>
    <time>2024-05-03T20:23:25Z</time>
   </trkpt>
   <trkpt lat="48.7008220" lon="2.1163890">
    <ele>67.7</ele>
    <time>2024-05-03T20:23:26Z</time>
   </trkpt>
   <trkpt lat="48.7008400" lon="2.1163130">
    <ele>67.6</ele>
    <time>2024-05-03T20:23:27Z</time>
   </trkpt>
   <trkpt lat="48.7008600" lon="2.1162420">
    <ele>67.6</ele>
    <time>2024-05-03T20:23:28Z</time>
   </trkpt>
   <trkpt lat="48.7008810" lon="2.1161700">
    <ele>67.6</ele>
    <time>2024-05-03T20:23:29Z</time>
   </trkpt>
   <trkpt lat="48.7009000" lon="2.1160990">
    <ele>67.7</ele>
    <time>2024-05-03T20:23:30Z</time>
   </trkpt>
   <trkpt lat="48.7009200" lon="2.1160290">
    <ele>67.7</ele>
    <time>2024-05-03T20:23:31Z</time>
   </trkpt>
   <trkpt lat="48.7009400" lon="2.1159590">
    <ele>67.7</ele>
    <time>2024-05-03T20:23:32Z</time>
   </trkpt>
   <trkpt lat="48.7009590" lon="2.1158860">
    <ele>67.7</ele>
    <time>2024-05-03T20:23:33Z</time>
   </trkpt>
   <trkpt lat="48.7009790" lon="2.1158140">
    <ele>67.7</ele>
    <time>2024-05-03T20:23:34Z</time>
   </trkpt>
   <trkpt lat="48.7009960" lon="2.1157390">
    <ele>67.7</ele>
    <time>2024-05-03T20:23:35Z</time>
   </trkpt>
   <trkpt lat="48.7010130" lon="2.1156630">
    <ele>67.7</ele>
    <time>2024-05-03T20:23:36Z</time>
   </trkpt>
   <trkpt lat="48.7010250" lon="2.1155820">
    <ele>67.8</ele>
    <time>2024-05-03T20:23:37Z</time>
   </trkpt>
   <trkpt lat="48.7010350" lon="2.1155030">
    <ele>67.8</ele>
    <time>2024-05-03T20:23:38Z</time>
   </trkpt>
   <trkpt lat="48.7010380" lon="2.1154220">
    <ele>67.8</ele>
    <time>2024-05-03T20:23:39Z</time>
   </trkpt>
   <trkpt lat="48.7010410" lon="2.1153380">
    <ele>67.8</ele>
    <time>2024-05-03T20:23:40Z</time>
   </trkpt>
   <trkpt lat="48.7010450" lon="2.1152530">
    <ele>67.8</ele>
    <time>2024-05-03T20:23:41Z</time>
   </trkpt>
   <trkpt lat="48.7010490" lon="2.1151720">
    <ele>67.8</ele>
    <time>2024-05-03T20:23:42Z</time>
   </trkpt>
   <trkpt lat="48.7010530" lon="2.1150900">
    <ele>67.8</ele>
    <time>2024-05-03T20:23:43Z</time>
   </trkpt>
   <trkpt lat="48.7010630" lon="2.1150100">
    <ele>67.8</ele>
    <time>2024-05-03T20:23:44Z</time>
   </trkpt>
   <trkpt lat="48.7010720" lon="2.1149310">
    <ele>67.7</ele>
    <time>2024-05-03T20:23:45Z</time>
   </trkpt>
   <trkpt lat="48.7010840" lon="2.1148550">
    <ele>67.7</ele>
    <time>2024-05-03T20:23:46Z</time>
   </trkpt>
   <trkpt lat="48.7010960" lon="2.1147760">
    <ele>67.7</ele>
    <time>2024-05-03T20:23:47Z</time>
   </trkpt>
   <trkpt lat="48.7011090" lon="2.1147000">
    <ele>67.7</ele>
    <time>2024-05-03T20:23:48Z</time>
   </trkpt>
   <trkpt lat="48.7011230" lon="2.1146300">
    <ele>67.7</ele>
    <time>2024-05-03T20:23:49Z</time>
   </trkpt>
   <trkpt lat="48.7011380" lon="2.1145630">
    <ele>67.7</ele>
    <time>2024-05-03T20:23:50Z</time>
   </trkpt>
   <trkpt lat="48.7011520" lon="2.1144970">
    <ele>67.7</ele>
    <time>2024-05-03T20:23:51Z</time>
   </trkpt>
   <trkpt lat="48.7011710" lon="2.1144360">
    <ele>67.7</ele>
    <time>2024-05-03T20:23:52Z</time>
   </trkpt>
   <trkpt lat="48.7011960" lon="2.1143950">
    <ele>67.7</ele>
    <time>2024-05-03T20:23:53Z</time>
   </trkpt>
   <trkpt lat="48.7012310" lon="2.1143810">
    <ele>67.7</ele>
    <time>2024-05-03T20:23:54Z</time>
   </trkpt>
   <trkpt lat="48.7012730" lon="2.1143930">
    <ele>67.7</ele>
    <time>2024-05-03T20:23:55Z</time>
   </trkpt>
   <trkpt lat="48.7013040" lon="2.1144190">
    <ele>67.7</ele>
    <time>2024-05-03T20:23:56Z</time>
   </trkpt>
   <trkpt lat="48.7013440" lon="2.1144440">
    <ele>67.7</ele>
    <time>2024-05-03T20:23:57Z</time>
   </trkpt>
   <trkpt lat="48.7013820" lon="2.1144690">
    <ele>67.8</ele>
    <time>2024-05-03T20:23:58Z</time>
   </trkpt>
   <trkpt lat="48.7014220" lon="2.1144980">
    <ele>67.8</ele>
    <time>2024-05-03T20:23:59Z</time>
   </trkpt>
   <trkpt lat="48.7014650" lon="2.1145210">
    <ele>67.8</ele>
    <time>2024-05-03T20:24:00Z</time>
   </trkpt>
   <trkpt lat="48.7015080" lon="2.1145430">
    <ele>67.8</ele>
    <time>2024-05-03T20:24:01Z</time>
   </trkpt>
   <trkpt lat="48.7015480" lon="2.1145580">
    <ele>67.8</ele>
    <time>2024-05-03T20:24:02Z</time>
   </trkpt>
   <trkpt lat="48.7015880" lon="2.1145730">
    <ele>67.9</ele>
    <time>2024-05-03T20:24:03Z</time>
   </trkpt>
   <trkpt lat="48.7016300" lon="2.1145950">
    <ele>67.9</ele>
    <time>2024-05-03T20:24:04Z</time>
   </trkpt>
   <trkpt lat="48.7016740" lon="2.1146130">
    <ele>68.0</ele>
    <time>2024-05-03T20:24:05Z</time>
   </trkpt>
   <trkpt lat="48.7017210" lon="2.1146360">
    <ele>68.0</ele>
    <time>2024-05-03T20:24:06Z</time>
   </trkpt>
   <trkpt lat="48.7017850" lon="2.1146590">
    <ele>68.1</ele>
    <time>2024-05-03T20:24:07Z</time>
   </trkpt>
   <trkpt lat="48.7018240" lon="2.1146720">
    <ele>68.1</ele>
    <time>2024-05-03T20:24:08Z</time>
   </trkpt>
   <trkpt lat="48.7018620" lon="2.1146710">
    <ele>68.2</ele>
    <time>2024-05-03T20:24:09Z</time>
   </trkpt>
   <trkpt lat="48.7019060" lon="2.1146800">
    <ele>68.2</ele>
    <time>2024-05-03T20:24:10Z</time>
   </trkpt>
   <trkpt lat="48.7019490" lon="2.1146930">
    <ele>68.3</ele>
    <time>2024-05-03T20:24:11Z</time>
   </trkpt>
   <trkpt lat="48.7019840" lon="2.1147060">
    <ele>68.3</ele>
    <time>2024-05-03T20:24:12Z</time>
   </trkpt>
   <trkpt lat="48.7020220" lon="2.1147280">
    <ele>68.4</ele>
    <time>2024-05-03T20:24:13Z</time>
   </trkpt>
   <trkpt lat="48.7020610" lon="2.1147340">
    <ele>68.4</ele>
    <time>2024-05-03T20:24:14Z</time>
   </trkpt>
   <trkpt lat="48.7021000" lon="2.1147440">
    <ele>68.5</ele>
    <time>2024-05-03T20:24:15Z</time>
   </trkpt>
   <trkpt lat="48.7021300" lon="2.1147420">
    <ele>68.5</ele>
    <time>2024-05-03T20:24:16Z</time>
   </trkpt>
   <trkpt lat="48.7021610" lon="2.1147160">
    <ele>68.5</ele>
    <time>2024-05-03T20:24:17Z</time>
   </trkpt>
   <trkpt lat="48.7021860" lon="2.1146720">
    <ele>68.5</ele>
    <time>2024-05-03T20:24:18Z</time>
   </trkpt>
   <trkpt lat="48.7022020" lon="2.1146160">
    <ele>68.5</ele>
    <time>2024-05-03T20:24:19Z</time>
   </trkpt>
   <trkpt lat="48.7022210" lon="2.1145580">
    <ele>68.5</ele>
    <time>2024-05-03T20:24:20Z</time>
   </trkpt>
   <trkpt lat="48.7022410" lon="2.1144880">
    <ele>68.5</ele>
    <time>2024-05-03T20:24:21Z</time>
   </trkpt>
   <trkpt lat="48.7022570" lon="2.1144190">
    <ele>68.5</ele>
    <time>2024-05-03T20:24:22Z</time>
   </trkpt>
   <trkpt lat="48.7022710" lon="2.1143540">
    <ele>68.4</ele>
    <time>2024-05-03T20:24:23Z</time>
   </trkpt>
   <trkpt lat="48.7022850" lon="2.1142850">
    <ele>68.4</ele>
    <time>2024-05-03T20:24:24Z</time>
   </trkpt>
   <trkpt lat="48.7023010" lon="2.1142160">
    <ele>68.4</ele>
    <time>2024-05-03T20:24:25Z</time>
   </trkpt>
   <trkpt lat="48.7023160" lon="2.1141450">
    <ele>68.4</ele>
    <time>2024-05-03T20:24:26Z</time>
   </trkpt>
   <trkpt lat="48.7023310" lon="2.1140720">
    <ele>68.3</ele>
    <time>2024-05-03T20:24:27Z</time>
   </trkpt>
   <trkpt lat="48.7023460" lon="2.1139990">
    <ele>68.3</ele>
    <time>2024-05-03T20:24:28Z</time>
   </trkpt>
   <trkpt lat="48.7023610" lon="2.1139250">
    <ele>68.2</ele>
    <time>2024-05-03T20:24:29Z</time>
   </trkpt>
   <trkpt lat="48.7023770" lon="2.1138480">
    <ele>68.2</ele>
    <time>2024-05-03T20:24:30Z</time>
   </trkpt>
   <trkpt lat="48.7023920" lon="2.1137690">
    <ele>68.1</ele>
    <time>2024-05-03T20:24:31Z</time>
   </trkpt>
   <trkpt lat="48.7024020" lon="2.1136860">
    <ele>68.1</ele>
    <time>2024-05-03T20:24:32Z</time>
   </trkpt>
   <trkpt lat="48.7024130" lon="2.1136070">
    <ele>68.0</ele>
    <time>2024-05-03T20:24:33Z</time>
   </trkpt>
   <trkpt lat="48.7024250" lon="2.1135270">
    <ele>68.0</ele>
    <time>2024-05-03T20:24:34Z</time>
   </trkpt>
   <trkpt lat="48.7024390" lon="2.1134520">
    <ele>68.0</ele>
    <time>2024-05-03T20:24:35Z</time>
   </trkpt>
   <trkpt lat="48.7024530" lon="2.1133720">
    <ele>67.9</ele>
    <time>2024-05-03T20:24:36Z</time>
   </trkpt>
   <trkpt lat="48.7024660" lon="2.1132930">
    <ele>67.9</ele>
    <time>2024-05-03T20:24:37Z</time>
   </trkpt>
   <trkpt lat="48.7024820" lon="2.1132190">
    <ele>67.9</ele>
    <time>2024-05-03T20:24:38Z</time>
   </trkpt>
   <trkpt lat="48.7024980" lon="2.1131450">
    <ele>67.9</ele>
    <time>2024-05-03T20:24:39Z</time>
   </trkpt>
   <trkpt lat="48.7025150" lon="2.1130770">
    <ele>68.0</ele>
    <time>2024-05-03T20:24:40Z</time>
   </trkpt>
   <trkpt lat="48.7025270" lon="2.1130080">
    <ele>68.0</ele>
    <time>2024-05-03T20:24:41Z</time>
   </trkpt>
   <trkpt lat="48.7025340" lon="2.1129390">
    <ele>68.1</ele>
    <time>2024-05-03T20:24:42Z</time>
   </trkpt>
   <trkpt lat="48.7025390" lon="2.1128730">
    <ele>68.1</ele>
    <time>2024-05-03T20:24:43Z</time>
   </trkpt>
   <trkpt lat="48.7025430" lon="2.1128130">
    <ele>68.2</ele>
    <time>2024-05-03T20:24:44Z</time>
   </trkpt>
   <trkpt lat="48.7025510" lon="2.1127580">
    <ele>68.2</ele>
    <time>2024-05-03T20:24:45Z</time>
   </trkpt>
   <trkpt lat="48.7025670" lon="2.1127140">
    <ele>68.2</ele>
    <time>2024-05-03T20:24:46Z</time>
   </trkpt>
   <trkpt lat="48.7025920" lon="2.1126850">
    <ele>68.3</ele>
    <time>2024-05-03T20:24:47Z</time>
   </trkpt>
   <trkpt lat="48.7026250" lon="2.1126730">
    <ele>68.3</ele>
    <time>2024-05-03T20:24:48Z</time>
   </trkpt>
   <trkpt lat="48.7026610" lon="2.1126570">
    <ele>68.3</ele>
    <time>2024-05-03T20:24:49Z</time>
   </trkpt>
   <trkpt lat="48.7026980" lon="2.1126210">
    <ele>68.3</ele>
    <time>2024-05-03T20:24:50Z</time>
   </trkpt>
   <trkpt lat="48.7027070" lon="2.1125630">
    <ele>68.3</ele>
    <time>2024-05-03T20:24:51Z</time>
   </trkpt>
   <trkpt lat="48.7027220" lon="2.1125040">
    <ele>68.3</ele>
    <time>2024-05-03T20:24:52Z</time>
   </trkpt>
   <trkpt lat="48.7027380" lon="2.1124470">
    <ele>68.4</ele>
    <time>2024-05-03T20:24:53Z</time>
   </trkpt>
   <trkpt lat="48.7027540" lon="2.1123890">
    <ele>68.4</ele>
    <time>2024-05-03T20:24:54Z</time>
   </trkpt>
   <trkpt lat="48.7027740" lon="2.1123320">
    <ele>68.4</ele>
    <time>2024-05-03T20:24:55Z</time>
   </trkpt>
   <trkpt lat="48.7027920" lon="2.1122750">
    <ele>68.4</ele>
    <time>2024-05-03T20:24:56Z</time>
   </trkpt>
   <trkpt lat="48.7028050" lon="2.1122140">
    <ele>68.4</ele>
    <time>2024-05-03T20:24:57Z</time>
   </trkpt>
   <trkpt lat="48.7028090" lon="2.1121480">
    <ele>68.4</ele>
    <time>2024-05-03T20:24:58Z</time>
   </trkpt>
   <trkpt lat="48.7028090" lon="2.1120810">
    <ele>68.4</ele>
    <time>2024-05-03T20:24:59Z</time>
   </trkpt>
   <trkpt lat="48.7028080" lon="2.1120140">
    <ele>68.5</ele>
    <time>2024-05-03T20:25:00Z</time>
   </trkpt>
   <trkpt lat="48.7028010" lon="2.1119420">
    <ele>68.5</ele>
    <time>2024-05-03T20:25:01Z</time>
   </trkpt>
   <trkpt lat="48.7027970" lon="2.1118720">
    <ele>68.5</ele>
    <time>2024-05-03T20:25:02Z</time>
   </trkpt>
   <trkpt lat="48.7027920" lon="2.1118030">
    <ele>68.6</ele>
    <time>2024-05-03T20:25:03Z</time>
   </trkpt>
   <trkpt lat="48.7027940" lon="2.1117330">
    <ele>68.6</ele>
    <time>2024-05-03T20:25:04Z</time>
   </trkpt>
   <trkpt lat="48.7027960" lon="2.1116670">
    <ele>68.7</ele>
    <time>2024-05-03T20:25:05Z</time>
   </trkpt>
   <trkpt lat="48.7028030" lon="2.1116020">
    <ele>68.7</ele>
    <time>2024-05-03T20:25:06Z</time>
   </trkpt>
   <trkpt lat="48.7028130" lon="2.1115410">
    <ele>68.8</ele>
    <time>2024-05-03T20:25:07Z</time>
   </trkpt>
   <trkpt lat="48.7028260" lon="2.1114840">
    <ele>68.9</ele>
    <time>2024-05-03T20:25:08Z</time>
   </trkpt>
   <trkpt lat="48.7028470" lon="2.1114410">
    <ele>68.9</ele>
    <time>2024-05-03T20:25:09Z</time>
   </trkpt>
   <trkpt lat="48.7028620" lon="2.1113970">
    <ele>69.0</ele>
    <time>2024-05-03T20:25:10Z</time>
   </trkpt>
   <trkpt lat="48.7028640" lon="2.1113850">
    <ele>69.0</ele>
    <time>2024-05-03T20:25:11Z</time>
   </trkpt>
   <trkpt lat="48.7028560" lon="2.1113560">
    <ele>69.0</ele>
    <time>2024-05-03T20:25:12Z</time>
   </trkpt>
   <trkpt lat="48.7028490" lon="2.1113470">
    <ele>69.1</ele>
    <time>2024-05-03T20:25:13Z</time>
   </trkpt>
   <trkpt lat="48.7028420" lon="2.1113370">
    <ele>69.1</ele>
    <time>2024-05-03T20:25:14Z</time>
   </trkpt>
   <trkpt lat="48.7028210" lon="2.1113070">
    <ele>69.1</ele>
    <time>2024-05-03T20:25:15Z</time>
   </trkpt>
   <trkpt lat="48.7028110" lon="2.1112980">
    <ele>69.1</ele>
    <time>2024-05-03T20:25:16Z</time>
   </trkpt>
   <trkpt lat="48.7027830" lon="2.1112870">
    <ele>69.0</ele>
    <time>2024-05-03T20:25:17Z</time>
   </trkpt>
   <trkpt lat="48.7027530" lon="2.1112790">
    <ele>68.9</ele>
    <time>2024-05-03T20:25:18Z</time>
   </trkpt>
   <trkpt lat="48.7027180" lon="2.1112790">
    <ele>68.8</ele>
    <time>2024-05-03T20:25:19Z</time>
   </trkpt>
   <trkpt lat="48.7026780" lon="2.1112840">
    <ele>68.7</ele>
    <time>2024-05-03T20:25:20Z</time>
   </trkpt>
   <trkpt lat="48.7026360" lon="2.1112950">
    <ele>68.6</ele>
    <time>2024-05-03T20:25:21Z</time>
   </trkpt>
   <trkpt lat="48.7025910" lon="2.1113230">
    <ele>68.5</ele>
    <time>2024-05-03T20:25:22Z</time>
   </trkpt>
   <trkpt lat="48.7025480" lon="2.1113520">
    <ele>68.4</ele>
    <time>2024-05-03T20:25:23Z</time>
   </trkpt>
   <trkpt lat="48.7025020" lon="2.1113810">
    <ele>68.4</ele>
    <time>2024-05-03T20:25:24Z</time>
   </trkpt>
   <trkpt lat="48.7024550" lon="2.1114070">
    <ele>68.3</ele>
    <time>2024-05-03T20:25:25Z</time>
   </trkpt>
   <trkpt lat="48.7024060" lon="2.1114350">
    <ele>68.3</ele>
    <time>2024-05-03T20:25:26Z</time>
   </trkpt>
   <trkpt lat="48.7023570" lon="2.1114670">
    <ele>68.3</ele>
    <time>2024-05-03T20:25:27Z</time>
   </trkpt>
   <trkpt lat="48.7023080" lon="2.1114910">
    <ele>68.3</ele>
    <time>2024-05-03T20:25:28Z</time>
   </trkpt>
   <trkpt lat="48.7022590" lon="2.1115110">
    <ele>68.3</ele>
    <time>2024-05-03T20:25:29Z</time>
   </trkpt>
   <trkpt lat="48.7022140" lon="2.1115390">
    <ele>68.3</ele>
    <time>2024-05-03T20:25:30Z</time>
   </trkpt>
   <trkpt lat="48.7021680" lon="2.1115720">
    <ele>68.4</ele>
    <time>2024-05-03T20:25:31Z</time>
   </trkpt>
   <trkpt lat="48.7021210" lon="2.1115950">
    <ele>68.4</ele>
    <time>2024-05-03T20:25:32Z</time>
   </trkpt>
   <trkpt lat="48.7020740" lon="2.1116210">
    <ele>68.5</ele>
    <time>2024-05-03T20:25:33Z</time>
   </trkpt>
   <trkpt lat="48.7020280" lon="2.1116470">
    <ele>68.6</ele>
    <time>2024-05-03T20:25:34Z</time>
   </trkpt>
   <trkpt lat="48.7019810" lon="2.1116670">
    <ele>68.7</ele>
    <time>2024-05-03T20:25:35Z</time>
   </trkpt>
   <trkpt lat="48.7019310" lon="2.1116860">
    <ele>68.7</ele>
    <time>2024-05-03T20:25:36Z</time>
   </trkpt>
   <trkpt lat="48.7018780" lon="2.1117000">
    <ele>68.8</ele>
    <time>2024-05-03T20:25:37Z</time>
   </trkpt>
   <trkpt lat="48.7018240" lon="2.1117090">
    <ele>68.9</ele>
    <time>2024-05-03T20:25:38Z</time>
   </trkpt>
   <trkpt lat="48.7017690" lon="2.1117150">
    <ele>69.0</ele>
    <time>2024-05-03T20:25:39Z</time>
   </trkpt>
   <trkpt lat="48.7017210" lon="2.1117120">
    <ele>69.1</ele>
    <time>2024-05-03T20:25:40Z</time>
   </trkpt>
   <trkpt lat="48.7016740" lon="2.1117060">
    <ele>69.2</ele>
    <time>2024-05-03T20:25:41Z</time>
   </trkpt>
   <trkpt lat="48.7016270" lon="2.1116980">
    <ele>69.3</ele>
    <time>2024-05-03T20:25:42Z</time>
   </trkpt>
   <trkpt lat="48.7015780" lon="2.1116900">
    <ele>69.4</ele>
    <time>2024-05-03T20:25:43Z</time>
   </trkpt>
   <trkpt lat="48.7015300" lon="2.1116870">
    <ele>69.6</ele>
    <time>2024-05-03T20:25:44Z</time>
   </trkpt>
   <trkpt lat="48.7014840" lon="2.1116840">
    <ele>69.7</ele>
    <time>2024-05-03T20:25:45Z</time>
   </trkpt>
   <trkpt lat="48.7014400" lon="2.1116790">
    <ele>69.9</ele>
    <time>2024-05-03T20:25:46Z</time>
   </trkpt>
   <trkpt lat="48.7014010" lon="2.1116680">
    <ele>70.1</ele>
    <time>2024-05-03T20:25:47Z</time>
   </trkpt>
   <trkpt lat="48.7013690" lon="2.1116630">
    <ele>70.2</ele>
    <time>2024-05-03T20:25:48Z</time>
   </trkpt>
   <trkpt lat="48.7013370" lon="2.1116640">
    <ele>70.4</ele>
    <time>2024-05-03T20:25:49Z</time>
   </trkpt>
   <trkpt lat="48.7013080" lon="2.1116630">
    <ele>70.5</ele>
    <time>2024-05-03T20:25:50Z</time>
   </trkpt>
   <trkpt lat="48.7012790" lon="2.1116560">
    <ele>70.6</ele>
    <time>2024-05-03T20:25:51Z</time>
   </trkpt>
   <trkpt lat="48.7012500" lon="2.1116510">
    <ele>70.8</ele>
    <time>2024-05-03T20:25:52Z</time>
   </trkpt>
   <trkpt lat="48.7012170" lon="2.1116450">
    <ele>70.9</ele>
    <time>2024-05-03T20:25:53Z</time>
   </trkpt>
   <trkpt lat="48.7011870" lon="2.1116430">
    <ele>71.1</ele>
    <time>2024-05-03T20:25:54Z</time>
   </trkpt>
   <trkpt lat="48.7011590" lon="2.1116420">
    <ele>71.1</ele>
    <time>2024-05-03T20:25:55Z</time>
   </trkpt>
   <trkpt lat="48.7011290" lon="2.1116390">
    <ele>71.2</ele>
    <time>2024-05-03T20:25:56Z</time>
   </trkpt>
   <trkpt lat="48.7010990" lon="2.1116320">
    <ele>71.4</ele>
    <time>2024-05-03T20:25:57Z</time>
   </trkpt>
   <trkpt lat="48.7010690" lon="2.1116130">
    <ele>71.5</ele>
    <time>2024-05-03T20:25:58Z</time>
   </trkpt>
   <trkpt lat="48.7010410" lon="2.1115740">
    <ele>71.6</ele>
    <time>2024-05-03T20:25:59Z</time>
   </trkpt>
   <trkpt lat="48.7010150" lon="2.1115240">
    <ele>71.8</ele>
    <time>2024-05-03T20:26:00Z</time>
   </trkpt>
   <trkpt lat="48.7009790" lon="2.1114570">
    <ele>72.2</ele>
    <time>2024-05-03T20:26:01Z</time>
   </trkpt>
   <trkpt lat="48.7009410" lon="2.1114010">
    <ele>72.6</ele>
    <time>2024-05-03T20:26:02Z</time>
   </trkpt>
   <trkpt lat="48.7009110" lon="2.1113500">
    <ele>73.0</ele>
    <time>2024-05-03T20:26:03Z</time>
   </trkpt>
   <trkpt lat="48.7008900" lon="2.1113030">
    <ele>73.2</ele>
    <time>2024-05-03T20:26:04Z</time>
   </trkpt>
   <trkpt lat="48.7008730" lon="2.1112630">
    <ele>73.5</ele>
    <time>2024-05-03T20:26:05Z</time>
   </trkpt>
   <trkpt lat="48.7008590" lon="2.1112180">
    <ele>73.7</ele>
    <time>2024-05-03T20:26:06Z</time>
   </trkpt>
   <trkpt lat="48.7008560" lon="2.1111710">
    <ele>73.9</ele>
    <time>2024-05-03T20:26:07Z</time>
   </trkpt>
   <trkpt lat="48.7008580" lon="2.1111250">
    <ele>74.1</ele>
    <time>2024-05-03T20:26:08Z</time>
   </trkpt>
   <trkpt lat="48.7008620" lon="2.1110790">
    <ele>74.3</ele>
    <time>2024-05-03T20:26:09Z</time>
   </trkpt>
   <trkpt lat="48.7008630" lon="2.1110350">
    <ele>74.4</ele>
    <time>2024-05-03T20:26:10Z</time>
   </trkpt>
   <trkpt lat="48.7008640" lon="2.1109930">
    <ele>74.6</ele>
    <time>2024-05-03T20:26:11Z</time>
   </trkpt>
   <trkpt lat="48.7008620" lon="2.1109340">
    <ele>74.7</ele>
    <time>2024-05-03T20:26:12Z</time>
   </trkpt>
   <trkpt lat="48.7008620" lon="2.1109140">
    <ele>74.8</ele>
    <time>2024-05-03T20:26:13Z</time>
   </trkpt>
   <trkpt lat="48.7008600" lon="2.1108720">
    <ele>74.8</ele>
    <time>2024-05-03T20:26:14Z</time>
   </trkpt>
   <trkpt lat="48.7008580" lon="2.1108280">
    <ele>74.9</ele>
    <time>2024-05-03T20:26:15Z</time>
   </trkpt>
   <trkpt lat="48.7008570" lon="2.1107840">
    <ele>75.0</ele>
    <time>2024-05-03T20:26:16Z</time>
   </trkpt>
   <trkpt lat="48.7008570" lon="2.1107380">
    <ele>75.0</ele>
    <time>2024-05-03T20:26:17Z</time>
   </trkpt>
   <trkpt lat="48.7008580" lon="2.1106910">
    <ele>75.0</ele>
    <time>2024-05-03T20:26:18Z</time>
   </trkpt>
   <trkpt lat="48.7008580" lon="2.1106410">
    <ele>75.0</ele>
    <time>2024-05-03T20:26:19Z</time>
   </trkpt>
   <trkpt lat="48.7008580" lon="2.1105900">
    <ele>75.0</ele>
    <time>2024-05-03T20:26:20Z</time>
   </trkpt>
   <trkpt lat="48.7008590" lon="2.1105360">
    <ele>75.0</ele>
    <time>2024-05-03T20:26:21Z</time>
   </trkpt>
   <trkpt lat="48.7008580" lon="2.1104810">
    <ele>75.0</ele>
    <time>2024-05-03T20:26:22Z</time>
   </trkpt>
   <trkpt lat="48.7008560" lon="2.1104260">
    <ele>74.9</ele>
    <time>2024-05-03T20:26:23Z</time>
   </trkpt>
   <trkpt lat="48.7008530" lon="2.1103710">
    <ele>74.9</ele>
    <time>2024-05-03T20:26:24Z</time>
   </trkpt>
   <trkpt lat="48.7008490" lon="2.1103110">
    <ele>74.9</ele>
    <time>2024-05-03T20:26:25Z</time>
   </trkpt>
   <trkpt lat="48.7008440" lon="2.1102460">
    <ele>74.8</ele>
    <time>2024-05-03T20:26:26Z</time>
   </trkpt>
   <trkpt lat="48.7008350" lon="2.1101700">
    <ele>74.7</ele>
    <time>2024-05-03T20:26:27Z</time>
   </trkpt>
   <trkpt lat="48.7008290" lon="2.1100970">
    <ele>74.7</ele>
    <time>2024-05-03T20:26:28Z</time>
   </trkpt>
   <trkpt lat="48.7008240" lon="2.1100190">
    <ele>74.6</ele>
    <time>2024-05-03T20:26:29Z</time>
   </trkpt>
   <trkpt lat="48.7008180" lon="2.1099410">
    <ele>74.5</ele>
    <time>2024-05-03T20:26:30Z</time>
   </trkpt>
   <trkpt lat="48.7008130" lon="2.1098640">
    <ele>74.4</ele>
    <time>2024-05-03T20:26:31Z</time>
   </trkpt>
   <trkpt lat="48.7008100" lon="2.1097850">
    <ele>74.3</ele>
    <time>2024-05-03T20:26:32Z</time>
   </trkpt>
   <trkpt lat="48.7008090" lon="2.1097040">
    <ele>74.3</ele>
    <time>2024-05-03T20:26:33Z</time>
   </trkpt>
   <trkpt lat="48.7008110" lon="2.1096240">
    <ele>74.2</ele>
    <time>2024-05-03T20:26:34Z</time>
   </trkpt>
   <trkpt lat="48.7008130" lon="2.1095420">
    <ele>74.1</ele>
    <time>2024-05-03T20:26:35Z</time>
   </trkpt>
   <trkpt lat="48.7008100" lon="2.1094600">
    <ele>74.0</ele>
    <time>2024-05-03T20:26:36Z</time>
   </trkpt>
   <trkpt lat="48.7008080" lon="2.1093800">
    <ele>73.9</ele>
    <time>2024-05-03T20:26:37Z</time>
   </trkpt>
   <trkpt lat="48.7008030" lon="2.1092980">
    <ele>73.8</ele>
    <time>2024-05-03T20:26:38Z</time>
   </trkpt>
   <trkpt lat="48.7007950" lon="2.1092120">
    <ele>73.7</ele>
    <time>2024-05-03T20:26:39Z</time>
   </trkpt>
   <trkpt lat="48.7007840" lon="2.1091270">
    <ele>73.6</ele>
    <time>2024-05-03T20:26:40Z</time>
   </trkpt>
   <trkpt lat="48.7007670" lon="2.1090410">
    <ele>73.5</ele>
    <time>2024-05-03T20:26:41Z</time>
   </trkpt>
   <trkpt lat="48.7007520" lon="2.1089540">
    <ele>73.4</ele>
    <time>2024-05-03T20:26:42Z</time>
   </trkpt>
   <trkpt lat="48.7007390" lon="2.1088670">
    <ele>73.3</ele>
    <time>2024-05-03T20:26:43Z</time>
   </trkpt>
   <trkpt lat="48.7007260" lon="2.1087790">
    <ele>73.2</ele>
    <time>2024-05-03T20:26:44Z</time>
   </trkpt>
   <trkpt lat="48.7007100" lon="2.1086910">
    <ele>73.1</ele>
    <time>2024-05-03T20:26:45Z</time>
   </trkpt>
   <trkpt lat="48.7006960" lon="2.1086030">
    <ele>73.0</ele>
    <time>2024-05-03T20:26:46Z</time>
   </trkpt>
   <trkpt lat="48.7006860" lon="2.1085120">
    <ele>72.9</ele>
    <time>2024-05-03T20:26:47Z</time>
   </trkpt>
   <trkpt lat="48.7006790" lon="2.1084240">
    <ele>72.9</ele>
    <time>2024-05-03T20:26:48Z</time>
   </trkpt>
   <trkpt lat="48.7006740" lon="2.1083340">
    <ele>72.8</ele>
    <time>2024-05-03T20:26:49Z</time>
   </trkpt>
   <trkpt lat="48.7006710" lon="2.1082450">
    <ele>72.7</ele>
    <time>2024-05-03T20:26:50Z</time>
   </trkpt>
   <trkpt lat="48.7006690" lon="2.1081580">
    <ele>72.7</ele>
    <time>2024-05-03T20:26:51Z</time>
   </trkpt>
   <trkpt lat="48.7006680" lon="2.1080730">
    <ele>72.7</ele>
    <time>2024-05-03T20:26:52Z</time>
   </trkpt>
   <trkpt lat="48.7006690" lon="2.1079860">
    <ele>72.7</ele>
    <time>2024-05-03T20:26:53Z</time>
   </trkpt>
   <trkpt lat="48.7006700" lon="2.1079020">
    <ele>72.7</ele>
    <time>2024-05-03T20:26:54Z</time>
   </trkpt>
   <trkpt lat="48.7006750" lon="2.1078160">
    <ele>72.7</ele>
    <time>2024-05-03T20:26:55Z</time>
   </trkpt>
   <trkpt lat="48.7006810" lon="2.1077320">
    <ele>72.7</ele>
    <time>2024-05-03T20:26:56Z</time>
   </trkpt>
   <trkpt lat="48.7006880" lon="2.1076480">
    <ele>72.8</ele>
    <time>2024-05-03T20:26:57Z</time>
   </trkpt>
   <trkpt lat="48.7006970" lon="2.1075650">
    <ele>72.8</ele>
    <time>2024-05-03T20:26:58Z</time>
   </trkpt>
   <trkpt lat="48.7007140" lon="2.1074810">
    <ele>72.9</ele>
    <time>2024-05-03T20:26:59Z</time>
   </trkpt>
   <trkpt lat="48.7007360" lon="2.1074000">
    <ele>72.9</ele>
    <time>2024-05-03T20:27:00Z</time>
   </trkpt>
   <trkpt lat="48.7007490" lon="2.1073160">
    <ele>72.9</ele>
    <time>2024-05-03T20:27:01Z</time>
   </trkpt>
   <trkpt lat="48.7007520" lon="2.1072280">
    <ele>72.9</ele>
    <time>2024-05-03T20:27:02Z</time>
   </trkpt>
   <trkpt lat="48.7007530" lon="2.1071410">
    <ele>72.9</ele>
    <time>2024-05-03T20:27:03Z</time>
   </trkpt>
   <trkpt lat="48.7007460" lon="2.1070540">
    <ele>72.9</ele>
    <time>2024-05-03T20:27:04Z</time>
   </trkpt>
   <trkpt lat="48.7007290" lon="2.1069670">
    <ele>72.9</ele>
    <time>2024-05-03T20:27:05Z</time>
   </trkpt>
   <trkpt lat="48.7006970" lon="2.1068890">
    <ele>72.9</ele>
    <time>2024-05-03T20:27:06Z</time>
   </trkpt>
   <trkpt lat="48.7006570" lon="2.1068260">
    <ele>73.1</ele>
    <time>2024-05-03T20:27:07Z</time>
   </trkpt>
   <trkpt lat="48.7006160" lon="2.1067700">
    <ele>73.2</ele>
    <time>2024-05-03T20:27:08Z</time>
   </trkpt>
   <trkpt lat="48.7005780" lon="2.1067200">
    <ele>73.3</ele>
    <time>2024-05-03T20:27:09Z</time>
   </trkpt>
   <trkpt lat="48.7005440" lon="2.1066670">
    <ele>73.4</ele>
    <time>2024-05-03T20:27:10Z</time>
   </trkpt>
   <trkpt lat="48.7005170" lon="2.1066030">
    <ele>73.5</ele>
    <time>2024-05-03T20:27:11Z</time>
   </trkpt>
   <trkpt lat="48.7004990" lon="2.1065360">
    <ele>73.6</ele>
    <time>2024-05-03T20:27:12Z</time>
   </trkpt>
   <trkpt lat="48.7004910" lon="2.1064650">
    <ele>73.6</ele>
    <time>2024-05-03T20:27:13Z</time>
   </trkpt>
   <trkpt lat="48.7004900" lon="2.1063940">
    <ele>73.7</ele>
    <time>2024-05-03T20:27:14Z</time>
   </trkpt>
   <trkpt lat="48.7004930" lon="2.1063220">
    <ele>73.7</ele>
    <time>2024-05-03T20:27:15Z</time>
   </trkpt>
   <trkpt lat="48.7004890" lon="2.1062520">
    <ele>73.7</ele>
    <time>2024-05-03T20:27:16Z</time>
   </trkpt>
   <trkpt lat="48.7004860" lon="2.1061850">
    <ele>73.7</ele>
    <time>2024-05-03T20:27:17Z</time>
   </trkpt>
   <trkpt lat="48.7004860" lon="2.1061160">
    <ele>73.7</ele>
    <time>2024-05-03T20:27:18Z</time>
   </trkpt>
   <trkpt lat="48.7004850" lon="2.1060510">
    <ele>73.7</ele>
    <time>2024-05-03T20:27:19Z</time>
   </trkpt>
   <trkpt lat="48.7004850" lon="2.1059820">
    <ele>73.7</ele>
    <time>2024-05-03T20:27:20Z</time>
   </trkpt>
   <trkpt lat="48.7004860" lon="2.1059120">
    <ele>73.6</ele>
    <time>2024-05-03T20:27:21Z</time>
   </trkpt>
   <trkpt lat="48.7004850" lon="2.1058380">
    <ele>73.6</ele>
    <time>2024-05-03T20:27:22Z</time>
   </trkpt>
   <trkpt lat="48.7004830" lon="2.1057630">
    <ele>73.6</ele>
    <time>2024-05-03T20:27:23Z</time>
   </trkpt>
   <trkpt lat="48.7004770" lon="2.1056860">
    <ele>73.6</ele>
    <time>2024-05-03T20:27:24Z</time>
   </trkpt>
   <trkpt lat="48.7004710" lon="2.1056060">
    <ele>73.5</ele>
    <time>2024-05-03T20:27:25Z</time>
   </trkpt>
   <trkpt lat="48.7004660" lon="2.1055230">
    <ele>73.5</ele>
    <time>2024-05-03T20:27:26Z</time>
   </trkpt>
   <trkpt lat="48.7004640" lon="2.1054420">
    <ele>73.5</ele>
    <time>2024-05-03T20:27:27Z</time>
   </trkpt>
   <trkpt lat="48.7004610" lon="2.1053600">
    <ele>73.4</ele>
    <time>2024-05-03T20:27:28Z</time>
   </trkpt>
   <trkpt lat="48.7004620" lon="2.1052760">
    <ele>73.4</ele>
    <time>2024-05-03T20:27:29Z</time>
   </trkpt>
   <trkpt lat="48.7004660" lon="2.1051890">
    <ele>73.3</ele>
    <time>2024-05-03T20:27:30Z</time>
   </trkpt>
   <trkpt lat="48.7004690" lon="2.1051000">
    <ele>73.3</ele>
    <time>2024-05-03T20:27:31Z</time>
   </trkpt>
   <trkpt lat="48.7004740" lon="2.1050090">
    <ele>73.2</ele>
    <time>2024-05-03T20:27:32Z</time>
   </trkpt>
   <trkpt lat="48.7004760" lon="2.1049200">
    <ele>73.2</ele>
    <time>2024-05-03T20:27:33Z</time>
   </trkpt>
   <trkpt lat="48.7004770" lon="2.1048290">
    <ele>73.2</ele>
    <time>2024-05-03T20:27:34Z</time>
   </trkpt>
   <trkpt lat="48.7004750" lon="2.1047370">
    <ele>73.2</ele>
    <time>2024-05-03T20:27:35Z</time>
   </trkpt>
   <trkpt lat="48.7004700" lon="2.1046460">
    <ele>73.2</ele>
    <time>2024-05-03T20:27:36Z</time>
   </trkpt>
   <trkpt lat="48.7004660" lon="2.1045560">
    <ele>73.2</ele>
    <time>2024-05-03T20:27:37Z</time>
   </trkpt>
   <trkpt lat="48.7004640" lon="2.1044660">
    <ele>73.2</ele>
    <time>2024-05-03T20:27:38Z</time>
   </trkpt>
   <trkpt lat="48.7004660" lon="2.1043760">
    <ele>73.2</ele>
    <time>2024-05-03T20:27:39Z</time>
   </trkpt>
   <trkpt lat="48.7004710" lon="2.1042900">
    <ele>73.3</ele>
    <time>2024-05-03T20:27:40Z</time>
   </trkpt>
   <trkpt lat="48.7004760" lon="2.1042040">
    <ele>73.3</ele>
    <time>2024-05-03T20:27:41Z</time>
   </trkpt>
   <trkpt lat="48.7004800" lon="2.1041150">
    <ele>73.4</ele>
    <time>2024-05-03T20:27:42Z</time>
   </trkpt>
   <trkpt lat="48.7004830" lon="2.1040270">
    <ele>73.4</ele>
    <time>2024-05-03T20:27:43Z</time>
   </trkpt>
   <trkpt lat="48.7004860" lon="2.1039370">
    <ele>73.5</ele>
    <time>2024-05-03T20:27:44Z</time>
   </trkpt>
   <trkpt lat="48.7004900" lon="2.1038480">
    <ele>73.5</ele>
    <time>2024-05-03T20:27:45Z</time>
   </trkpt>
   <trkpt lat="48.7004930" lon="2.1037600">
    <ele>73.6</ele>
    <time>2024-05-03T20:27:46Z</time>
   </trkpt>
   <trkpt lat="48.7004950" lon="2.1036750">
    <ele>73.6</ele>
    <time>2024-05-03T20:27:47Z</time>
   </trkpt>
   <trkpt lat="48.7004960" lon="2.1035910">
    <ele>73.7</ele>
    <time>2024-05-03T20:27:48Z</time>
   </trkpt>
   <trkpt lat="48.7004970" lon="2.1035070">
    <ele>73.7</ele>
    <time>2024-05-03T20:27:49Z</time>
   </trkpt>
   <trkpt lat="48.7004970" lon="2.1034250">
    <ele>73.8</ele>
    <time>2024-05-03T20:27:50Z</time>
   </trkpt>
   <trkpt lat="48.7004980" lon="2.1033430">
    <ele>73.8</ele>
    <time>2024-05-03T20:27:51Z</time>
   </trkpt>
   <trkpt lat="48.7004980" lon="2.1032610">
    <ele>73.8</ele>
    <time>2024-05-03T20:27:52Z</time>
   </trkpt>
   <trkpt lat="48.7004990" lon="2.1031770">
    <ele>73.8</ele>
    <time>2024-05-03T20:27:53Z</time>
   </trkpt>
   <trkpt lat="48.7005010" lon="2.1030940">
    <ele>73.9</ele>
    <time>2024-05-03T20:27:54Z</time>
   </trkpt>
   <trkpt lat="48.7005030" lon="2.1030090">
    <ele>73.9</ele>
    <time>2024-05-03T20:27:55Z</time>
   </trkpt>
   <trkpt lat="48.7005090" lon="2.1029240">
    <ele>73.9</ele>
    <time>2024-05-03T20:27:56Z</time>
   </trkpt>
   <trkpt lat="48.7005180" lon="2.1028390">
    <ele>73.9</ele>
    <time>2024-05-03T20:27:57Z</time>
   </trkpt>
   <trkpt lat="48.7005320" lon="2.1027540">
    <ele>73.9</ele>
    <time>2024-05-03T20:27:58Z</time>
   </trkpt>
   <trkpt lat="48.7005480" lon="2.1026730">
    <ele>73.9</ele>
    <time>2024-05-03T20:27:59Z</time>
   </trkpt>
   <trkpt lat="48.7005690" lon="2.1025970">
    <ele>74.0</ele>
    <time>2024-05-03T20:28:00Z</time>
   </trkpt>
   <trkpt lat="48.7005910" lon="2.1025200">
    <ele>74.0</ele>
    <time>2024-05-03T20:28:01Z</time>
   </trkpt>
   <trkpt lat="48.7006110" lon="2.1024450">
    <ele>74.1</ele>
    <time>2024-05-03T20:28:02Z</time>
   </trkpt>
   <trkpt lat="48.7006250" lon="2.1023710">
    <ele>74.1</ele>
    <time>2024-05-03T20:28:03Z</time>
   </trkpt>
   <trkpt lat="48.7006420" lon="2.1022990">
    <ele>74.2</ele>
    <time>2024-05-03T20:28:04Z</time>
   </trkpt>
   <trkpt lat="48.7006600" lon="2.1022280">
    <ele>74.2</ele>
    <time>2024-05-03T20:28:05Z</time>
   </trkpt>
   <trkpt lat="48.7006760" lon="2.1021610">
    <ele>74.3</ele>
    <time>2024-05-03T20:28:06Z</time>
   </trkpt>
   <trkpt lat="48.7006930" lon="2.1020940">
    <ele>74.4</ele>
    <time>2024-05-03T20:28:07Z</time>
   </trkpt>
   <trkpt lat="48.7007080" lon="2.1020260">
    <ele>74.5</ele>
    <time>2024-05-03T20:28:08Z</time>
   </trkpt>
   <trkpt lat="48.7007220" lon="2.1019650">
    <ele>74.6</ele>
    <time>2024-05-03T20:28:09Z</time>
   </trkpt>
   <trkpt lat="48.7007320" lon="2.1019030">
    <ele>74.6</ele>
    <time>2024-05-03T20:28:10Z</time>
   </trkpt>
   <trkpt lat="48.7007470" lon="2.1018470">
    <ele>74.6</ele>
    <time>2024-05-03T20:28:11Z</time>
   </trkpt>
   <trkpt lat="48.7007630" lon="2.1017960">
    <ele>74.7</ele>
    <time>2024-05-03T20:28:12Z</time>
   </trkpt>
   <trkpt lat="48.7007750" lon="2.1017420">
    <ele>74.7</ele>
    <time>2024-05-03T20:28:13Z</time>
   </trkpt>
   <trkpt lat="48.7007800" lon="2.1016870">
    <ele>74.7</ele>
    <time>2024-05-03T20:28:14Z</time>
   </trkpt>
   <trkpt lat="48.7007890" lon="2.1016380">
    <ele>74.6</ele>
    <time>2024-05-03T20:28:15Z</time>
   </trkpt>
   <trkpt lat="48.7007990" lon="2.1015890">
    <ele>74.6</ele>
    <time>2024-05-03T20:28:16Z</time>
   </trkpt>
   <trkpt lat="48.7007850" lon="2.1015340">
    <ele>74.6</ele>
    <time>2024-05-03T20:28:17Z</time>
   </trkpt>
   <trkpt lat="48.7007760" lon="2.1015180">
    <ele>74.6</ele>
    <time>2024-05-03T20:28:18Z</time>
   </trkpt>
   <trkpt lat="48.7007450" lon="2.1014960">
    <ele>74.6</ele>
    <time>2024-05-03T20:28:19Z</time>
   </trkpt>
   <trkpt lat="48.7007030" lon="2.1014900">
    <ele>74.6</ele>
    <time>2024-05-03T20:28:20Z</time>
   </trkpt>
   <trkpt lat="48.7006560" lon="2.1014920">
    <ele>74.6</ele>
    <time>2024-05-03T20:28:21Z</time>
   </trkpt>
   <trkpt lat="48.7005990" lon="2.1014980">
    <ele>74.6</ele>
    <time>2024-05-03T20:28:22Z</time>
   </trkpt>
   <trkpt lat="48.7005470" lon="2.1014940">
    <ele>74.7</ele>
    <time>2024-05-03T20:28:23Z</time>
   </trkpt>
   <trkpt lat="48.7004980" lon="2.1014920">
    <ele>74.9</ele>
    <time>2024-05-03T20:28:24Z</time>
   </trkpt>
   <trkpt lat="48.7004580" lon="2.1014770">
    <ele>75.1</ele>
    <time>2024-05-03T20:28:25Z</time>
   </trkpt>
   <trkpt lat="48.7004110" lon="2.1014540">
    <ele>75.3</ele>
    <time>2024-05-03T20:28:26Z</time>
   </trkpt>
   <trkpt lat="48.7003700" lon="2.1014420">
    <ele>75.5</ele>
    <time>2024-05-03T20:28:27Z</time>
   </trkpt>
   <trkpt lat="48.7003250" lon="2.1014280">
    <ele>75.8</ele>
    <time>2024-05-03T20:28:28Z</time>
   </trkpt>
   <trkpt lat="48.7002820" lon="2.1014140">
    <ele>76.1</ele>
    <time>2024-05-03T20:28:29Z</time>
   </trkpt>
   <trkpt lat="48.7002420" lon="2.1013920">
    <ele>76.5</ele>
    <time>2024-05-03T20:28:30Z</time>
   </trkpt>
   <trkpt lat="48.7002060" lon="2.1013660">
    <ele>76.8</ele>
    <time>2024-05-03T20:28:31Z</time>
   </trkpt>
   <trkpt lat="48.7001730" lon="2.1013490">
    <ele>77.1</ele>
    <time>2024-05-03T20:28:32Z</time>
   </trkpt>
   <trkpt lat="48.7001420" lon="2.1013300">
    <ele>77.4</ele>
    <time>2024-05-03T20:28:33Z</time>
   </trkpt>
   <trkpt lat="48.7001120" lon="2.1013030">
    <ele>77.7</ele>
    <time>2024-05-03T20:28:34Z</time>
   </trkpt>
   <trkpt lat="48.7000840" lon="2.1012760">
    <ele>78.0</ele>
    <time>2024-05-03T20:28:35Z</time>
   </trkpt>
   <trkpt lat="48.7000560" lon="2.1012510">
    <ele>78.3</ele>
    <time>2024-05-03T20:28:36Z</time>
   </trkpt>
   <trkpt lat="48.7000300" lon="2.1012230">
    <ele>78.5</ele>
    <time>2024-05-03T20:28:37Z</time>
   </trkpt>
   <trkpt lat="48.7000060" lon="2.1011930">
    <ele>78.8</ele>
    <time>2024-05-03T20:28:38Z</time>
   </trkpt>
   <trkpt lat="48.6999810" lon="2.1011670">
    <ele>79.0</ele>
    <time>2024-05-03T20:28:39Z</time>
   </trkpt>
   <trkpt lat="48.6999560" lon="2.1011430">
    <ele>79.2</ele>
    <time>2024-05-03T20:28:40Z</time>
   </trkpt>
   <trkpt lat="48.6999320" lon="2.1011210">
    <ele>79.3</ele>
    <time>2024-05-03T20:28:41Z</time>
   </trkpt>
   <trkpt lat="48.6999070" lon="2.1010990">
    <ele>79.5</ele>
    <time>2024-05-03T20:28:42Z</time>
   </trkpt>
   <trkpt lat="48.6998850" lon="2.1010760">
    <ele>79.7</ele>
    <time>2024-05-03T20:28:43Z</time>
   </trkpt>
   <trkpt lat="48.6998510" lon="2.1010430">
    <ele>79.9</ele>
    <time>2024-05-03T20:28:44Z</time>
   </trkpt>
   <trkpt lat="48.6998400" lon="2.1010340">
    <ele>80.0</ele>
    <time>2024-05-03T20:28:45Z</time>
   </trkpt>
   <trkpt lat="48.6998110" lon="2.1010100">
    <ele>80.2</ele>
    <time>2024-05-03T20:28:46Z</time>
   </trkpt>
   <trkpt lat="48.6998020" lon="2.1010020">
    <ele>80.3</ele>
    <time>2024-05-03T20:28:47Z</time>
   </trkpt>
   <trkpt lat="48.6997770" lon="2.1009780">
    <ele>80.4</ele>
    <time>2024-05-03T20:28:48Z</time>
   </trkpt>
   <trkpt lat="48.6997690" lon="2.1009700">
    <ele>80.5</ele>
    <time>2024-05-03T20:28:49Z</time>
   </trkpt>
   <trkpt lat="48.6997530" lon="2.1009570">
    <ele>80.6</ele>
    <time>2024-05-03T20:28:50Z</time>
   </trkpt>
   <trkpt lat="48.6997380" lon="2.1009440">
    <ele>80.7</ele>
    <time>2024-05-03T20:28:51Z</time>
   </trkpt>
   <trkpt lat="48.6997220" lon="2.1009320">
    <ele>80.8</ele>
    <time>2024-05-03T20:28:52Z</time>
   </trkpt>
   <trkpt lat="48.6997060" lon="2.1009210">
    <ele>80.9</ele>
    <time>2024-05-03T20:28:53Z</time>
   </trkpt>
   <trkpt lat="48.6996810" lon="2.1009040">
    <ele>81.1</ele>
    <time>2024-05-03T20:28:54Z</time>
   </trkpt>
   <trkpt lat="48.6996730" lon="2.1008980">
    <ele>81.1</ele>
    <time>2024-05-03T20:28:55Z</time>
   </trkpt>
   <trkpt lat="48.6996560" lon="2.1008640">
    <ele>81.5</ele>
    <time>2024-05-03T20:28:56Z</time>
   </trkpt>
   <trkpt lat="48.6996520" lon="2.1008500">
    <ele>81.4</ele>
    <time>2024-05-03T20:28:57Z</time>
   </trkpt>
   <trkpt lat="48.6996520" lon="2.1008040">
    <ele>81.6</ele>
    <time>2024-05-03T20:28:58Z</time>
   </trkpt>
   <trkpt lat="48.6996520" lon="2.1007890">
    <ele>81.7</ele>
    <time>2024-05-03T20:28:59Z</time>
   </trkpt>
   <trkpt lat="48.6996510" lon="2.1007420">
    <ele>82.1</ele>
    <time>2024-05-03T20:29:00Z</time>
   </trkpt>
   <trkpt lat="48.6996500" lon="2.1007260">
    <ele>82.3</ele>
    <time>2024-05-03T20:29:01Z</time>
   </trkpt>
   <trkpt lat="48.6996480" lon="2.1006750">
    <ele>82.7</ele>
    <time>2024-05-03T20:29:02Z</time>
   </trkpt>
   <trkpt lat="48.6996460" lon="2.1006570">
    <ele>82.8</ele>
    <time>2024-05-03T20:29:03Z</time>
   </trkpt>
   <trkpt lat="48.6996430" lon="2.1006060">
    <ele>83.0</ele>
    <time>2024-05-03T20:29:04Z</time>
   </trkpt>
   <trkpt lat="48.6996420" lon="2.1005890">
    <ele>83.1</ele>
    <time>2024-05-03T20:29:05Z</time>
   </trkpt>
   <trkpt lat="48.6996440" lon="2.1005360">
    <ele>83.2</ele>
    <time>2024-05-03T20:29:06Z</time>
   </trkpt>
   <trkpt lat="48.6996460" lon="2.1005180">
    <ele>83.3</ele>
    <time>2024-05-03T20:29:07Z</time>
   </trkpt>
   <trkpt lat="48.6996560" lon="2.1004660">
    <ele>83.4</ele>
    <time>2024-05-03T20:29:08Z</time>
   </trkpt>
   <trkpt lat="48.6996600" lon="2.1004490">
    <ele>83.5</ele>
    <time>2024-05-03T20:29:09Z</time>
   </trkpt>
   <trkpt lat="48.6996770" lon="2.1004000">
    <ele>83.6</ele>
    <time>2024-05-03T20:29:10Z</time>
   </trkpt>
   <trkpt lat="48.6996830" lon="2.1003840">
    <ele>83.7</ele>
    <time>2024-05-03T20:29:11Z</time>
   </trkpt>
   <trkpt lat="48.6997060" lon="2.1003340">
    <ele>83.8</ele>
    <time>2024-05-03T20:29:12Z</time>
   </trkpt>
   <trkpt lat="48.6997130" lon="2.1003170">
    <ele>83.9</ele>
    <time>2024-05-03T20:29:13Z</time>
   </trkpt>
   <trkpt lat="48.6997340" lon="2.1002650">
    <ele>84.0</ele>
    <time>2024-05-03T20:29:14Z</time>
   </trkpt>
   <trkpt lat="48.6997410" lon="2.1002480">
    <ele>84.1</ele>
    <time>2024-05-03T20:29:15Z</time>
   </trkpt>
   <trkpt lat="48.6997560" lon="2.1002100">
    <ele>84.2</ele>
    <time>2024-05-03T20:29:16Z</time>
   </trkpt>
   <trkpt lat="48.6997710" lon="2.1001710">
    <ele>84.4</ele>
    <time>2024-05-03T20:29:17Z</time>
   </trkpt>
   <trkpt lat="48.6997850" lon="2.1001320">
    <ele>84.5</ele>
    <time>2024-05-03T20:29:18Z</time>
   </trkpt>
   <trkpt lat="48.6998000" lon="2.1000930">
    <ele>84.6</ele>
    <time>2024-05-03T20:29:19Z</time>
   </trkpt>
   <trkpt lat="48.6998160" lon="2.1000540">
    <ele>84.8</ele>
    <time>2024-05-03T20:29:20Z</time>
   </trkpt>
   <trkpt lat="48.6998310" lon="2.1000150">
    <ele>84.9</ele>
    <time>2024-05-03T20:29:21Z</time>
   </trkpt>
   <trkpt lat="48.6998450" lon="2.0999750">
    <ele>85.0</ele>
    <time>2024-05-03T20:29:22Z</time>
   </trkpt>
   <trkpt lat="48.6998590" lon="2.0999340">
    <ele>85.2</ele>
    <time>2024-05-03T20:29:23Z</time>
   </trkpt>
   <trkpt lat="48.6998730" lon="2.0998910">
    <ele>85.3</ele>
    <time>2024-05-03T20:29:24Z</time>
   </trkpt>
   <trkpt lat="48.6998880" lon="2.0998480">
    <ele>85.5</ele>
    <time>2024-05-03T20:29:25Z</time>
   </trkpt>
   <trkpt lat="48.6999020" lon="2.0998040">
    <ele>85.6</ele>
    <time>2024-05-03T20:29:26Z</time>
   </trkpt>
   <trkpt lat="48.6999180" lon="2.0997610">
    <ele>85.8</ele>
    <time>2024-05-03T20:29:27Z</time>
   </trkpt>
   <trkpt lat="48.6999330" lon="2.0997170">
    <ele>85.9</ele>
    <time>2024-05-03T20:29:28Z</time>
   </trkpt>
   <trkpt lat="48.6999480" lon="2.0996720">
    <ele>86.0</ele>
    <time>2024-05-03T20:29:29Z</time>
   </trkpt>
   <trkpt lat="48.6999640" lon="2.0996280">
    <ele>86.1</ele>
    <time>2024-05-03T20:29:30Z</time>
   </trkpt>
   <trkpt lat="48.6999790" lon="2.0995830">
    <ele>86.2</ele>
    <time>2024-05-03T20:29:31Z</time>
   </trkpt>
   <trkpt lat="48.6999950" lon="2.0995380">
    <ele>86.3</ele>
    <time>2024-05-03T20:29:32Z</time>
   </trkpt>
   <trkpt lat="48.7000110" lon="2.0994920">
    <ele>86.4</ele>
    <time>2024-05-03T20:29:33Z</time>
   </trkpt>
   <trkpt lat="48.7000270" lon="2.0994470">
    <ele>86.6</ele>
    <time>2024-05-03T20:29:34Z</time>
   </trkpt>
   <trkpt lat="48.7000420" lon="2.0994000">
    <ele>86.7</ele>
    <time>2024-05-03T20:29:35Z</time>
   </trkpt>
   <trkpt lat="48.7000580" lon="2.0993540">
    <ele>86.8</ele>
    <time>2024-05-03T20:29:36Z</time>
   </trkpt>
   <trkpt lat="48.7000740" lon="2.0993080">
    <ele>86.9</ele>
    <time>2024-05-03T20:29:37Z</time>
   </trkpt>
   <trkpt lat="48.7000820" lon="2.0992600">
    <ele>87.0</ele>
    <time>2024-05-03T20:29:38Z</time>
   </trkpt>
   <trkpt lat="48.7000830" lon="2.0992110">
    <ele>87.1</ele>
    <time>2024-05-03T20:29:39Z</time>
   </trkpt>
   <trkpt lat="48.7000920" lon="2.0991660">
    <ele>87.2</ele>
    <time>2024-05-03T20:29:40Z</time>
   </trkpt>
   <trkpt lat="48.7000960" lon="2.0991180">
    <ele>87.3</ele>
    <time>2024-05-03T20:29:41Z</time>
   </trkpt>
   <trkpt lat="48.7000770" lon="2.0990660">
    <ele>87.6</ele>
    <time>2024-05-03T20:29:42Z</time>
   </trkpt>
   <trkpt lat="48.7000530" lon="2.0990250">
    <ele>87.8</ele>
    <time>2024-05-03T20:29:43Z</time>
   </trkpt>
   <trkpt lat="48.7000270" lon="2.0989960">
    <ele>88.0</ele>
    <time>2024-05-03T20:29:44Z</time>
   </trkpt>
   <trkpt lat="48.6999990" lon="2.0989860">
    <ele>88.2</ele>
    <time>2024-05-03T20:29:45Z</time>
   </trkpt>
   <trkpt lat="48.6999650" lon="2.0989810">
    <ele>88.4</ele>
    <time>2024-05-03T20:29:46Z</time>
   </trkpt>
   <trkpt lat="48.6999540" lon="2.0989780">
    <ele>88.5</ele>
    <time>2024-05-03T20:29:47Z</time>
   </trkpt>
   <trkpt lat="48.6999240" lon="2.0989620">
    <ele>88.7</ele>
    <time>2024-05-03T20:29:48Z</time>
   </trkpt>
   <trkpt lat="48.6999150" lon="2.0989560">
    <ele>88.8</ele>
    <time>2024-05-03T20:29:49Z</time>
   </trkpt>
   <trkpt lat="48.6998850" lon="2.0989360">
    <ele>89.0</ele>
    <time>2024-05-03T20:29:50Z</time>
   </trkpt>
   <trkpt lat="48.6998760" lon="2.0989290">
    <ele>89.0</ele>
    <time>2024-05-03T20:29:51Z</time>
   </trkpt>
   <trkpt lat="48.6998470" lon="2.0989090">
    <ele>89.2</ele>
    <time>2024-05-03T20:29:52Z</time>
   </trkpt>
   <trkpt lat="48.6998370" lon="2.0989020">
    <ele>89.3</ele>
    <time>2024-05-03T20:29:53Z</time>
   </trkpt>
   <trkpt lat="48.6998060" lon="2.0988870">
    <ele>89.5</ele>
    <time>2024-05-03T20:29:54Z</time>
   </trkpt>
   <trkpt lat="48.6997950" lon="2.0988820">
    <ele>89.6</ele>
    <time>2024-05-03T20:29:55Z</time>
   </trkpt>
   <trkpt lat="48.6997600" lon="2.0988690">
    <ele>89.8</ele>
    <time>2024-05-03T20:29:56Z</time>
   </trkpt>
   <trkpt lat="48.6997480" lon="2.0988650">
    <ele>89.8</ele>
    <time>2024-05-03T20:29:57Z</time>
   </trkpt>
   <trkpt lat="48.6997140" lon="2.0988480">
    <ele>90.0</ele>
    <time>2024-05-03T20:29:58Z</time>
   </trkpt>
   <trkpt lat="48.6997030" lon="2.0988410">
    <ele>90.1</ele>
    <time>2024-05-03T20:29:59Z</time>
   </trkpt>
   <trkpt lat="48.6996780" lon="2.0988180">
    <ele>90.3</ele>
    <time>2024-05-03T20:30:00Z</time>
   </trkpt>
   <trkpt lat="48.6996710" lon="2.0988080">
    <ele>90.3</ele>
    <time>2024-05-03T20:30:01Z</time>
   </trkpt>
   <trkpt lat="48.6996590" lon="2.0987670">
    <ele>90.5</ele>
    <time>2024-05-03T20:30:02Z</time>
   </trkpt>
   <trkpt lat="48.6996570" lon="2.0987520">
    <ele>90.5</ele>
    <time>2024-05-03T20:30:03Z</time>
   </trkpt>
   <trkpt lat="48.6996590" lon="2.0987070">
    <ele>90.7</ele>
    <time>2024-05-03T20:30:04Z</time>
   </trkpt>
   <trkpt lat="48.6996600" lon="2.0986920">
    <ele>90.7</ele>
    <time>2024-05-03T20:30:05Z</time>
   </trkpt>
   <trkpt lat="48.6996650" lon="2.0986440">
    <ele>90.8</ele>
    <time>2024-05-03T20:30:06Z</time>
   </trkpt>
   <trkpt lat="48.6996660" lon="2.0986270">
    <ele>90.9</ele>
    <time>2024-05-03T20:30:07Z</time>
   </trkpt>
   <trkpt lat="48.6996780" lon="2.0985770">
    <ele>91.1</ele>
    <time>2024-05-03T20:30:08Z</time>
   </trkpt>
   <trkpt lat="48.6996850" lon="2.0985610">
    <ele>91.1</ele>
    <time>2024-05-03T20:30:09Z</time>
   </trkpt>
   <trkpt lat="48.6997010" lon="2.0985100">
    <ele>91.3</ele>
    <time>2024-05-03T20:30:10Z</time>
   </trkpt>
   <trkpt lat="48.6997050" lon="2.0984920">
    <ele>91.3</ele>
    <time>2024-05-03T20:30:11Z</time>
   </trkpt>
   <trkpt lat="48.6997150" lon="2.0984390">
    <ele>91.5</ele>
    <time>2024-05-03T20:30:12Z</time>
   </trkpt>
   <trkpt lat="48.6997190" lon="2.0984220">
    <ele>91.6</ele>
    <time>2024-05-03T20:30:13Z</time>
   </trkpt>
   <trkpt lat="48.6997290" lon="2.0983720">
    <ele>91.7</ele>
    <time>2024-05-03T20:30:14Z</time>
   </trkpt>
   <trkpt lat="48.6997320" lon="2.0983560">
    <ele>91.8</ele>
    <time>2024-05-03T20:30:15Z</time>
   </trkpt>
   <trkpt lat="48.6997430" lon="2.0983090">
    <ele>91.9</ele>
    <time>2024-05-03T20:30:16Z</time>
   </trkpt>
   <trkpt lat="48.6997470" lon="2.0982940">
    <ele>92.0</ele>
    <time>2024-05-03T20:30:17Z</time>
   </trkpt>
   <trkpt lat="48.6997600" lon="2.0982500">
    <ele>92.1</ele>
    <time>2024-05-03T20:30:18Z</time>
   </trkpt>
   <trkpt lat="48.6997650" lon="2.0982350">
    <ele>92.1</ele>
    <time>2024-05-03T20:30:19Z</time>
   </trkpt>
   <trkpt lat="48.6997770" lon="2.0981860">
    <ele>92.2</ele>
    <time>2024-05-03T20:30:20Z</time>
   </trkpt>
   <trkpt lat="48.6997820" lon="2.0981700">
    <ele>92.2</ele>
    <time>2024-05-03T20:30:21Z</time>
   </trkpt>
   <trkpt lat="48.6997920" lon="2.0981200">
    <ele>92.3</ele>
    <time>2024-05-03T20:30:22Z</time>
   </trkpt>
   <trkpt lat="48.6997950" lon="2.0981030">
    <ele>92.3</ele>
    <time>2024-05-03T20:30:23Z</time>
   </trkpt>
   <trkpt lat="48.6998020" lon="2.0980510">
    <ele>92.4</ele>
    <time>2024-05-03T20:30:24Z</time>
   </trkpt>
   <trkpt lat="48.6998040" lon="2.0980340">
    <ele>92.4</ele>
    <time>2024-05-03T20:30:25Z</time>
   </trkpt>
   <trkpt lat="48.6998150" lon="2.0979870">
    <ele>92.5</ele>
    <time>2024-05-03T20:30:26Z</time>
   </trkpt>
   <trkpt lat="48.6998190" lon="2.0979730">
    <ele>92.5</ele>
    <time>2024-05-03T20:30:27Z</time>
   </trkpt>
   <trkpt lat="48.6998290" lon="2.0979260">
    <ele>92.5</ele>
    <time>2024-05-03T20:30:28Z</time>
   </trkpt>
   <trkpt lat="48.6998320" lon="2.0979100">
    <ele>92.6</ele>
    <time>2024-05-03T20:30:29Z</time>
   </trkpt>
   <trkpt lat="48.6998420" lon="2.0978650">
    <ele>92.6</ele>
    <time>2024-05-03T20:30:30Z</time>
   </trkpt>
   <trkpt lat="48.6998450" lon="2.0978500">
    <ele>92.6</ele>
    <time>2024-05-03T20:30:31Z</time>
   </trkpt>
   <trkpt lat="48.6998550" lon="2.0978080">
    <ele>92.7</ele>
    <time>2024-05-03T20:30:32Z</time>
   </trkpt>
   <trkpt lat="48.6998580" lon="2.0977940">
    <ele>92.7</ele>
    <time>2024-05-03T20:30:33Z</time>
   </trkpt>
   <trkpt lat="48.6998680" lon="2.0977510">
    <ele>92.8</ele>
    <time>2024-05-03T20:30:34Z</time>
   </trkpt>
   <trkpt lat="48.6998710" lon="2.0977370">
    <ele>92.8</ele>
    <time>2024-05-03T20:30:35Z</time>
   </trkpt>
   <trkpt lat="48.6998760" lon="2.0976860">
    <ele>92.8</ele>
    <time>2024-05-03T20:30:36Z</time>
   </trkpt>
   <trkpt lat="48.6998770" lon="2.0976680">
    <ele>92.8</ele>
    <time>2024-05-03T20:30:37Z</time>
   </trkpt>
   <trkpt lat="48.6998880" lon="2.0976160">
    <ele>92.9</ele>
    <time>2024-05-03T20:30:38Z</time>
   </trkpt>
   <trkpt lat="48.6998920" lon="2.0975980">
    <ele>92.9</ele>
    <time>2024-05-03T20:30:39Z</time>
   </trkpt>
   <trkpt lat="48.6999030" lon="2.0975410">
    <ele>93.0</ele>
    <time>2024-05-03T20:30:40Z</time>
   </trkpt>
   <trkpt lat="48.6999060" lon="2.0975220">
    <ele>93.0</ele>
    <time>2024-05-03T20:30:41Z</time>
   </trkpt>
   <trkpt lat="48.6999160" lon="2.0974820">
    <ele>93.0</ele>
    <time>2024-05-03T20:30:42Z</time>
   </trkpt>
   <trkpt lat="48.6999250" lon="2.0974400">
    <ele>93.0</ele>
    <time>2024-05-03T20:30:43Z</time>
   </trkpt>
   <trkpt lat="48.6999350" lon="2.0973960">
    <ele>93.0</ele>
    <time>2024-05-03T20:30:44Z</time>
   </trkpt>
   <trkpt lat="48.6999450" lon="2.0973550">
    <ele>93.1</ele>
    <time>2024-05-03T20:30:45Z</time>
   </trkpt>
   <trkpt lat="48.6999520" lon="2.0973140">
    <ele>93.1</ele>
    <time>2024-05-03T20:30:46Z</time>
   </trkpt>
   <trkpt lat="48.6999580" lon="2.0972730">
    <ele>93.1</ele>
    <time>2024-05-03T20:30:47Z</time>
   </trkpt>
   <trkpt lat="48.6999670" lon="2.0972330">
    <ele>93.1</ele>
    <time>2024-05-03T20:30:48Z</time>
   </trkpt>
   <trkpt lat="48.6999780" lon="2.0971910">
    <ele>93.1</ele>
    <time>2024-05-03T20:30:49Z</time>
   </trkpt>
   <trkpt lat="48.6999880" lon="2.0971450">
    <ele>93.1</ele>
    <time>2024-05-03T20:30:50Z</time>
   </trkpt>
   <trkpt lat="48.6999980" lon="2.0970980">
    <ele>93.1</ele>
    <time>2024-05-03T20:30:51Z</time>
   </trkpt>
   <trkpt lat="48.7000080" lon="2.0970490">
    <ele>93.1</ele>
    <time>2024-05-03T20:30:52Z</time>
   </trkpt>
   <trkpt lat="48.7000200" lon="2.0970040">
    <ele>93.1</ele>
    <time>2024-05-03T20:30:53Z</time>
   </trkpt>
   <trkpt lat="48.7000320" lon="2.0969600">
    <ele>93.1</ele>
    <time>2024-05-03T20:30:54Z</time>
   </trkpt>
   <trkpt lat="48.7000420" lon="2.0969170">
    <ele>93.1</ele>
    <time>2024-05-03T20:30:55Z</time>
   </trkpt>
   <trkpt lat="48.7000540" lon="2.0968740">
    <ele>93.0</ele>
    <time>2024-05-03T20:30:56Z</time>
   </trkpt>
   <trkpt lat="48.7000630" lon="2.0968290">
    <ele>93.0</ele>
    <time>2024-05-03T20:30:57Z</time>
   </trkpt>
   <trkpt lat="48.7000750" lon="2.0967840">
    <ele>93.0</ele>
    <time>2024-05-03T20:30:58Z</time>
   </trkpt>
   <trkpt lat="48.7000860" lon="2.0967370">
    <ele>92.9</ele>
    <time>2024-05-03T20:30:59Z</time>
   </trkpt>
   <trkpt lat="48.7000960" lon="2.0966840">
    <ele>92.9</ele>
    <time>2024-05-03T20:31:00Z</time>
   </trkpt>
   <trkpt lat="48.7001080" lon="2.0966290">
    <ele>92.8</ele>
    <time>2024-05-03T20:31:01Z</time>
   </trkpt>
   <trkpt lat="48.7001210" lon="2.0965720">
    <ele>92.8</ele>
    <time>2024-05-03T20:31:02Z</time>
   </trkpt>
   <trkpt lat="48.7001340" lon="2.0965120">
    <ele>92.7</ele>
    <time>2024-05-03T20:31:03Z</time>
   </trkpt>
   <trkpt lat="48.7001420" lon="2.0964400">
    <ele>92.6</ele>
    <time>2024-05-03T20:31:04Z</time>
   </trkpt>
   <trkpt lat="48.7001560" lon="2.0963720">
    <ele>92.5</ele>
    <time>2024-05-03T20:31:05Z</time>
   </trkpt>
   <trkpt lat="48.7001720" lon="2.0963060">
    <ele>92.4</ele>
    <time>2024-05-03T20:31:06Z</time>
   </trkpt>
   <trkpt lat="48.7001870" lon="2.0962420">
    <ele>92.3</ele>
    <time>2024-05-03T20:31:07Z</time>
   </trkpt>
   <trkpt lat="48.7002040" lon="2.0961780">
    <ele>92.2</ele>
    <time>2024-05-03T20:31:08Z</time>
   </trkpt>
   <trkpt lat="48.7002200" lon="2.0961110">
    <ele>92.1</ele>
    <time>2024-05-03T20:31:09Z</time>
   </trkpt>
   <trkpt lat="48.7002380" lon="2.0960460">
    <ele>92.0</ele>
    <time>2024-05-03T20:31:10Z</time>
   </trkpt>
   <trkpt lat="48.7002620" lon="2.0959820">
    <ele>91.9</ele>
    <time>2024-05-03T20:31:11Z</time>
   </trkpt>
   <trkpt lat="48.7002840" lon="2.0959180">
    <ele>91.8</ele>
    <time>2024-05-03T20:31:12Z</time>
   </trkpt>
   <trkpt lat="48.7003080" lon="2.0958540">
    <ele>91.7</ele>
    <time>2024-05-03T20:31:13Z</time>
   </trkpt>
   <trkpt lat="48.7003340" lon="2.0957890">
    <ele>91.7</ele>
    <time>2024-05-03T20:31:14Z</time>
   </trkpt>
   <trkpt lat="48.7003610" lon="2.0957220">
    <ele>91.6</ele>
    <time>2024-05-03T20:31:15Z</time>
   </trkpt>
   <trkpt lat="48.7003840" lon="2.0956490">
    <ele>91.5</ele>
    <time>2024-05-03T20:31:16Z</time>
   </trkpt>
   <trkpt lat="48.7004080" lon="2.0955770">
    <ele>91.4</ele>
    <time>2024-05-03T20:31:17Z</time>
   </trkpt>
   <trkpt lat="48.7004290" lon="2.0955080">
    <ele>91.4</ele>
    <time>2024-05-03T20:31:18Z</time>
   </trkpt>
   <trkpt lat="48.7004530" lon="2.0954400">
    <ele>91.3</ele>
    <time>2024-05-03T20:31:19Z</time>
   </trkpt>
   <trkpt lat="48.7004740" lon="2.0953720">
    <ele>91.3</ele>
    <time>2024-05-03T20:31:20Z</time>
   </trkpt>
   <trkpt lat="48.7004930" lon="2.0953050">
    <ele>91.2</ele>
    <time>2024-05-03T20:31:21Z</time>
   </trkpt>
   <trkpt lat="48.7005120" lon="2.0952370">
    <ele>91.1</ele>
    <time>2024-05-03T20:31:22Z</time>
   </trkpt>
   <trkpt lat="48.7005300" lon="2.0951720">
    <ele>91.0</ele>
    <time>2024-05-03T20:31:23Z</time>
   </trkpt>
   <trkpt lat="48.7005480" lon="2.0951060">
    <ele>91.0</ele>
    <time>2024-05-03T20:31:24Z</time>
   </trkpt>
   <trkpt lat="48.7005660" lon="2.0950390">
    <ele>90.9</ele>
    <time>2024-05-03T20:31:25Z</time>
   </trkpt>
   <trkpt lat="48.7005840" lon="2.0949700">
    <ele>90.8</ele>
    <time>2024-05-03T20:31:26Z</time>
   </trkpt>
   <trkpt lat="48.7006050" lon="2.0949030">
    <ele>90.7</ele>
    <time>2024-05-03T20:31:27Z</time>
   </trkpt>
   <trkpt lat="48.7006260" lon="2.0948360">
    <ele>90.6</ele>
    <time>2024-05-03T20:31:28Z</time>
   </trkpt>
   <trkpt lat="48.7006480" lon="2.0947650">
    <ele>90.5</ele>
    <time>2024-05-03T20:31:29Z</time>
   </trkpt>
   <trkpt lat="48.7006650" lon="2.0946930">
    <ele>90.4</ele>
    <time>2024-05-03T20:31:30Z</time>
   </trkpt>
   <trkpt lat="48.7006850" lon="2.0946220">
    <ele>90.3</ele>
    <time>2024-05-03T20:31:31Z</time>
   </trkpt>
   <trkpt lat="48.7007070" lon="2.0945530">
    <ele>90.2</ele>
    <time>2024-05-03T20:31:32Z</time>
   </trkpt>
   <trkpt lat="48.7007290" lon="2.0944820">
    <ele>90.0</ele>
    <time>2024-05-03T20:31:33Z</time>
   </trkpt>
   <trkpt lat="48.7007510" lon="2.0944110">
    <ele>89.9</ele>
    <time>2024-05-03T20:31:34Z</time>
   </trkpt>
   <trkpt lat="48.7007720" lon="2.0943390">
    <ele>89.8</ele>
    <time>2024-05-03T20:31:35Z</time>
   </trkpt>
   <trkpt lat="48.7007960" lon="2.0942690">
    <ele>89.7</ele>
    <time>2024-05-03T20:31:36Z</time>
   </trkpt>
   <trkpt lat="48.7008210" lon="2.0942010">
    <ele>89.6</ele>
    <time>2024-05-03T20:31:37Z</time>
   </trkpt>
   <trkpt lat="48.7008450" lon="2.0941330">
    <ele>89.5</ele>
    <time>2024-05-03T20:31:38Z</time>
   </trkpt>
   <trkpt lat="48.7008660" lon="2.0940650">
    <ele>89.4</ele>
    <time>2024-05-03T20:31:39Z</time>
   </trkpt>
   <trkpt lat="48.7008880" lon="2.0939980">
    <ele>89.4</ele>
    <time>2024-05-03T20:31:40Z</time>
   </trkpt>
   <trkpt lat="48.7009110" lon="2.0939290">
    <ele>89.3</ele>
    <time>2024-05-03T20:31:41Z</time>
   </trkpt>
   <trkpt lat="48.7009310" lon="2.0938590">
    <ele>89.3</ele>
    <time>2024-05-03T20:31:42Z</time>
   </trkpt>
   <trkpt lat="48.7009520" lon="2.0937910">
    <ele>89.2</ele>
    <time>2024-05-03T20:31:43Z</time>
   </trkpt>
   <trkpt lat="48.7009730" lon="2.0937240">
    <ele>89.2</ele>
    <time>2024-05-03T20:31:44Z</time>
   </trkpt>
   <trkpt lat="48.7009940" lon="2.0936580">
    <ele>89.1</ele>
    <time>2024-05-03T20:31:45Z</time>
   </trkpt>
   <trkpt lat="48.7010080" lon="2.0935880">
    <ele>89.1</ele>
    <time>2024-05-03T20:31:46Z</time>
   </trkpt>
   <trkpt lat="48.7010230" lon="2.0935210">
    <ele>89.1</ele>
    <time>2024-05-03T20:31:47Z</time>
   </trkpt>
   <trkpt lat="48.7010410" lon="2.0934590">
    <ele>89.1</ele>
    <time>2024-05-03T20:31:48Z</time>
   </trkpt>
   <trkpt lat="48.7010540" lon="2.0933990">
    <ele>89.0</ele>
    <time>2024-05-03T20:31:49Z</time>
   </trkpt>
   <trkpt lat="48.7010670" lon="2.0933380">
    <ele>89.0</ele>
    <time>2024-05-03T20:31:50Z</time>
   </trkpt>
   <trkpt lat="48.7010820" lon="2.0932750">
    <ele>89.0</ele>
    <time>2024-05-03T20:31:51Z</time>
   </trkpt>
   <trkpt lat="48.7010990" lon="2.0932100">
    <ele>89.0</ele>
    <time>2024-05-03T20:31:52Z</time>
   </trkpt>
   <trkpt lat="48.7011090" lon="2.0931440">
    <ele>89.0</ele>
    <time>2024-05-03T20:31:53Z</time>
   </trkpt>
   <trkpt lat="48.7011240" lon="2.0930810">
    <ele>89.0</ele>
    <time>2024-05-03T20:31:54Z</time>
   </trkpt>
   <trkpt lat="48.7011420" lon="2.0930220">
    <ele>89.0</ele>
    <time>2024-05-03T20:31:55Z</time>
   </trkpt>
   <trkpt lat="48.7011600" lon="2.0929650">
    <ele>89.0</ele>
    <time>2024-05-03T20:31:56Z</time>
   </trkpt>
   <trkpt lat="48.7011780" lon="2.0929070">
    <ele>89.0</ele>
    <time>2024-05-03T20:31:57Z</time>
   </trkpt>
   <trkpt lat="48.7011960" lon="2.0928520">
    <ele>89.0</ele>
    <time>2024-05-03T20:31:58Z</time>
   </trkpt>
   <trkpt lat="48.7012130" lon="2.0928030">
    <ele>89.0</ele>
    <time>2024-05-03T20:31:59Z</time>
   </trkpt>
   <trkpt lat="48.7012320" lon="2.0927630">
    <ele>89.0</ele>
    <time>2024-05-03T20:32:00Z</time>
   </trkpt>
   <trkpt lat="48.7012550" lon="2.0927320">
    <ele>89.0</ele>
    <time>2024-05-03T20:32:01Z</time>
   </trkpt>
   <trkpt lat="48.7012790" lon="2.0927020">
    <ele>89.0</ele>
    <time>2024-05-03T20:32:02Z</time>
   </trkpt>
   <trkpt lat="48.7012980" lon="2.0926670">
    <ele>89.0</ele>
    <time>2024-05-03T20:32:03Z</time>
   </trkpt>
   <trkpt lat="48.7013140" lon="2.0926270">
    <ele>89.0</ele>
    <time>2024-05-03T20:32:04Z</time>
   </trkpt>
   <trkpt lat="48.7013280" lon="2.0925850">
    <ele>89.0</ele>
    <time>2024-05-03T20:32:05Z</time>
   </trkpt>
   <trkpt lat="48.7013430" lon="2.0925400">
    <ele>89.1</ele>
    <time>2024-05-03T20:32:06Z</time>
   </trkpt>
   <trkpt lat="48.7013580" lon="2.0924930">
    <ele>89.1</ele>
    <time>2024-05-03T20:32:07Z</time>
   </trkpt>
   <trkpt lat="48.7013710" lon="2.0924430">
    <ele>89.1</ele>
    <time>2024-05-03T20:32:08Z</time>
   </trkpt>
   <trkpt lat="48.7013840" lon="2.0923940">
    <ele>89.2</ele>
    <time>2024-05-03T20:32:09Z</time>
   </trkpt>
   <trkpt lat="48.7013970" lon="2.0923470">
    <ele>89.2</ele>
    <time>2024-05-03T20:32:10Z</time>
   </trkpt>
   <trkpt lat="48.7014110" lon="2.0923010">
    <ele>89.2</ele>
    <time>2024-05-03T20:32:11Z</time>
   </trkpt>
   <trkpt lat="48.7014250" lon="2.0922580">
    <ele>89.3</ele>
    <time>2024-05-03T20:32:12Z</time>
   </trkpt>
   <trkpt lat="48.7014390" lon="2.0922150">
    <ele>89.3</ele>
    <time>2024-05-03T20:32:13Z</time>
   </trkpt>
   <trkpt lat="48.7014530" lon="2.0921690">
    <ele>89.3</ele>
    <time>2024-05-03T20:32:14Z</time>
   </trkpt>
   <trkpt lat="48.7014700" lon="2.0921230">
    <ele>89.3</ele>
    <time>2024-05-03T20:32:15Z</time>
   </trkpt>
   <trkpt lat="48.7014870" lon="2.0920770">
    <ele>89.3</ele>
    <time>2024-05-03T20:32:16Z</time>
   </trkpt>
   <trkpt lat="48.7015060" lon="2.0920310">
    <ele>89.2</ele>
    <time>2024-05-03T20:32:17Z</time>
   </trkpt>
   <trkpt lat="48.7015260" lon="2.0919810">
    <ele>89.2</ele>
    <time>2024-05-03T20:32:18Z</time>
   </trkpt>
   <trkpt lat="48.7015460" lon="2.0919310">
    <ele>89.1</ele>
    <time>2024-05-03T20:32:19Z</time>
   </trkpt>
   <trkpt lat="48.7015650" lon="2.0918780">
    <ele>89.0</ele>
    <time>2024-05-03T20:32:20Z</time>
   </trkpt>
   <trkpt lat="48.7015840" lon="2.0918270">
    <ele>88.8</ele>
    <time>2024-05-03T20:32:21Z</time>
   </trkpt>
   <trkpt lat="48.7016060" lon="2.0917770">
    <ele>88.7</ele>
    <time>2024-05-03T20:32:22Z</time>
   </trkpt>
   <trkpt lat="48.7016310" lon="2.0917210">
    <ele>88.6</ele>
    <time>2024-05-03T20:32:23Z</time>
   </trkpt>
   <trkpt lat="48.7016550" lon="2.0916620">
    <ele>88.4</ele>
    <time>2024-05-03T20:32:24Z</time>
   </trkpt>
   <trkpt lat="48.7016860" lon="2.0915990">
    <ele>88.2</ele>
    <time>2024-05-03T20:32:25Z</time>
   </trkpt>
   <trkpt lat="48.7017120" lon="2.0915380">
    <ele>88.0</ele>
    <time>2024-05-03T20:32:26Z</time>
   </trkpt>
   <trkpt lat="48.7017370" lon="2.0914730">
    <ele>87.9</ele>
    <time>2024-05-03T20:32:27Z</time>
   </trkpt>
   <trkpt lat="48.7017580" lon="2.0914030">
    <ele>87.7</ele>
    <time>2024-05-03T20:32:28Z</time>
   </trkpt>
   <trkpt lat="48.7017790" lon="2.0913300">
    <ele>87.6</ele>
    <time>2024-05-03T20:32:29Z</time>
   </trkpt>
   <trkpt lat="48.7017960" lon="2.0912590">
    <ele>87.4</ele>
    <time>2024-05-03T20:32:30Z</time>
   </trkpt>
   <trkpt lat="48.7018090" lon="2.0911870">
    <ele>87.3</ele>
    <time>2024-05-03T20:32:31Z</time>
   </trkpt>
   <trkpt lat="48.7018130" lon="2.0911110">
    <ele>87.1</ele>
    <time>2024-05-03T20:32:32Z</time>
   </trkpt>
   <trkpt lat="48.7018240" lon="2.0910410">
    <ele>86.9</ele>
    <time>2024-05-03T20:32:33Z</time>
   </trkpt>
   <trkpt lat="48.7018320" lon="2.0909690">
    <ele>86.8</ele>
    <time>2024-05-03T20:32:34Z</time>
   </trkpt>
   <trkpt lat="48.7018430" lon="2.0908980">
    <ele>86.6</ele>
    <time>2024-05-03T20:32:35Z</time>
   </trkpt>
   <trkpt lat="48.7018500" lon="2.0908280">
    <ele>86.4</ele>
    <time>2024-05-03T20:32:36Z</time>
   </trkpt>
   <trkpt lat="48.7018560" lon="2.0907630">
    <ele>86.3</ele>
    <time>2024-05-03T20:32:37Z</time>
   </trkpt>
   <trkpt lat="48.7018660" lon="2.0906980">
    <ele>86.1</ele>
    <time>2024-05-03T20:32:38Z</time>
   </trkpt>
   <trkpt lat="48.7018750" lon="2.0906300">
    <ele>85.9</ele>
    <time>2024-05-03T20:32:39Z</time>
   </trkpt>
   <trkpt lat="48.7018830" lon="2.0905620">
    <ele>85.7</ele>
    <time>2024-05-03T20:32:40Z</time>
   </trkpt>
   <trkpt lat="48.7018970" lon="2.0904970">
    <ele>85.5</ele>
    <time>2024-05-03T20:32:41Z</time>
   </trkpt>
   <trkpt lat="48.7019080" lon="2.0904300">
    <ele>85.3</ele>
    <time>2024-05-03T20:32:42Z</time>
   </trkpt>
   <trkpt lat="48.7019140" lon="2.0903660">
    <ele>85.1</ele>
    <time>2024-05-03T20:32:43Z</time>
   </trkpt>
   <trkpt lat="48.7019220" lon="2.0903090">
    <ele>84.9</ele>
    <time>2024-05-03T20:32:44Z</time>
   </trkpt>
   <trkpt lat="48.7019280" lon="2.0902580">
    <ele>84.8</ele>
    <time>2024-05-03T20:32:45Z</time>
   </trkpt>
   <trkpt lat="48.7019320" lon="2.0902060">
    <ele>84.6</ele>
    <time>2024-05-03T20:32:46Z</time>
   </trkpt>
   <trkpt lat="48.7019340" lon="2.0901500">
    <ele>84.4</ele>
    <time>2024-05-03T20:32:47Z</time>
   </trkpt>
   <trkpt lat="48.7019390" lon="2.0900930">
    <ele>84.3</ele>
    <time>2024-05-03T20:32:48Z</time>
   </trkpt>
   <trkpt lat="48.7019450" lon="2.0900360">
    <ele>84.1</ele>
    <time>2024-05-03T20:32:49Z</time>
   </trkpt>
   <trkpt lat="48.7019530" lon="2.0899780">
    <ele>83.9</ele>
    <time>2024-05-03T20:32:50Z</time>
   </trkpt>
   <trkpt lat="48.7019610" lon="2.0899190">
    <ele>83.7</ele>
    <time>2024-05-03T20:32:51Z</time>
   </trkpt>
   <trkpt lat="48.7019720" lon="2.0898640">
    <ele>83.5</ele>
    <time>2024-05-03T20:32:52Z</time>
   </trkpt>
   <trkpt lat="48.7019830" lon="2.0898170">
    <ele>83.3</ele>
    <time>2024-05-03T20:32:53Z</time>
   </trkpt>
   <trkpt lat="48.7019970" lon="2.0897800">
    <ele>83.1</ele>
    <time>2024-05-03T20:32:54Z</time>
   </trkpt>
   <trkpt lat="48.7020130" lon="2.0897270">
    <ele>82.9</ele>
    <time>2024-05-03T20:32:55Z</time>
   </trkpt>
   <trkpt lat="48.7020180" lon="2.0897080">
    <ele>82.8</ele>
    <time>2024-05-03T20:32:56Z</time>
   </trkpt>
   <trkpt lat="48.7020360" lon="2.0896780">
    <ele>82.7</ele>
    <time>2024-05-03T20:32:57Z</time>
   </trkpt>
   <trkpt lat="48.7020610" lon="2.0896570">
    <ele>82.5</ele>
    <time>2024-05-03T20:32:58Z</time>
   </trkpt>
   <trkpt lat="48.7020950" lon="2.0896450">
    <ele>82.3</ele>
    <time>2024-05-03T20:32:59Z</time>
   </trkpt>
   <trkpt lat="48.7021370" lon="2.0896440">
    <ele>82.0</ele>
    <time>2024-05-03T20:33:00Z</time>
   </trkpt>
   <trkpt lat="48.7021800" lon="2.0896430">
    <ele>81.7</ele>
    <time>2024-05-03T20:33:01Z</time>
   </trkpt>
   <trkpt lat="48.7022380" lon="2.0896460">
    <ele>81.3</ele>
    <time>2024-05-03T20:33:02Z</time>
   </trkpt>
   <trkpt lat="48.7022900" lon="2.0896480">
    <ele>81.0</ele>
    <time>2024-05-03T20:33:03Z</time>
   </trkpt>
   <trkpt lat="48.7023440" lon="2.0896490">
    <ele>80.6</ele>
    <time>2024-05-03T20:33:04Z</time>
   </trkpt>
   <trkpt lat="48.7023990" lon="2.0896500">
    <ele>80.3</ele>
    <time>2024-05-03T20:33:05Z</time>
   </trkpt>
   <trkpt lat="48.7024600" lon="2.0896410">
    <ele>79.9</ele>
    <time>2024-05-03T20:33:06Z</time>
   </trkpt>
   <trkpt lat="48.7025220" lon="2.0896380">
    <ele>79.5</ele>
    <time>2024-05-03T20:33:07Z</time>
   </trkpt>
   <trkpt lat="48.7025910" lon="2.0896440">
    <ele>79.0</ele>
    <time>2024-05-03T20:33:08Z</time>
   </trkpt>
   <trkpt lat="48.7026580" lon="2.0896480">
    <ele>78.6</ele>
    <time>2024-05-03T20:33:09Z</time>
   </trkpt>
   <trkpt lat="48.7027170" lon="2.0896440">
    <ele>78.3</ele>
    <time>2024-05-03T20:33:10Z</time>
   </trkpt>
   <trkpt lat="48.7027770" lon="2.0896130">
    <ele>77.9</ele>
    <time>2024-05-03T20:33:11Z</time>
   </trkpt>
   <trkpt lat="48.7028330" lon="2.0895670">
    <ele>77.5</ele>
    <time>2024-05-03T20:33:12Z</time>
   </trkpt>
   <trkpt lat="48.7028610" lon="2.0894870">
    <ele>77.2</ele>
    <time>2024-05-03T20:33:13Z</time>
   </trkpt>
   <trkpt lat="48.7028780" lon="2.0894020">
    <ele>76.9</ele>
    <time>2024-05-03T20:33:14Z</time>
   </trkpt>
   <trkpt lat="48.7028890" lon="2.0893090">
    <ele>76.6</ele>
    <time>2024-05-03T20:33:15Z</time>
   </trkpt>
   <trkpt lat="48.7029050" lon="2.0892100">
    <ele>76.3</ele>
    <time>2024-05-03T20:33:16Z</time>
   </trkpt>
   <trkpt lat="48.7029210" lon="2.0891120">
    <ele>76.1</ele>
    <time>2024-05-03T20:33:17Z</time>
   </trkpt>
   <trkpt lat="48.7029360" lon="2.0890130">
    <ele>75.9</ele>
    <time>2024-05-03T20:33:18Z</time>
   </trkpt>
   <trkpt lat="48.7029530" lon="2.0889310">
    <ele>75.7</ele>
    <time>2024-05-03T20:33:19Z</time>
   </trkpt>
   <trkpt lat="48.7029710" lon="2.0888600">
    <ele>75.5</ele>
    <time>2024-05-03T20:33:20Z</time>
   </trkpt>
   <trkpt lat="48.7029890" lon="2.0887910">
    <ele>75.4</ele>
    <time>2024-05-03T20:33:21Z</time>
   </trkpt>
   <trkpt lat="48.7030140" lon="2.0887250">
    <ele>75.2</ele>
    <time>2024-05-03T20:33:22Z</time>
   </trkpt>
   <trkpt lat="48.7030550" lon="2.0886720">
    <ele>75.0</ele>
    <time>2024-05-03T20:33:23Z</time>
   </trkpt>
   <trkpt lat="48.7030990" lon="2.0886470">
    <ele>74.9</ele>
    <time>2024-05-03T20:33:24Z</time>
   </trkpt>
   <trkpt lat="48.7031610" lon="2.0886450">
    <ele>74.8</ele>
    <time>2024-05-03T20:33:25Z</time>
   </trkpt>
   <trkpt lat="48.7032170" lon="2.0886640">
    <ele>74.7</ele>
    <time>2024-05-03T20:33:26Z</time>
   </trkpt>
   <trkpt lat="48.7032750" lon="2.0886830">
    <ele>74.6</ele>
    <time>2024-05-03T20:33:27Z</time>
   </trkpt>
   <trkpt lat="48.7033220" lon="2.0887000">
    <ele>74.5</ele>
    <time>2024-05-03T20:33:28Z</time>
   </trkpt>
   <trkpt lat="48.7033670" lon="2.0887080">
    <ele>74.5</ele>
    <time>2024-05-03T20:33:29Z</time>
   </trkpt>
   <trkpt lat="48.7034050" lon="2.0887040">
    <ele>74.4</ele>
    <time>2024-05-03T20:33:30Z</time>
   </trkpt>
   <trkpt lat="48.7034460" lon="2.0886940">
    <ele>74.4</ele>
    <time>2024-05-03T20:33:31Z</time>
   </trkpt>
   <trkpt lat="48.7034870" lon="2.0886610">
    <ele>74.4</ele>
    <time>2024-05-03T20:33:32Z</time>
   </trkpt>
   <trkpt lat="48.7035230" lon="2.0886280">
    <ele>74.3</ele>
    <time>2024-05-03T20:33:33Z</time>
   </trkpt>
   <trkpt lat="48.7035650" lon="2.0886050">
    <ele>74.3</ele>
    <time>2024-05-03T20:33:34Z</time>
   </trkpt>
   <trkpt lat="48.7036050" lon="2.0885870">
    <ele>74.3</ele>
    <time>2024-05-03T20:33:35Z</time>
   </trkpt>
   <trkpt lat="48.7036400" lon="2.0885720">
    <ele>74.2</ele>
    <time>2024-05-03T20:33:36Z</time>
   </trkpt>
   <trkpt lat="48.7036750" lon="2.0885450">
    <ele>74.1</ele>
    <time>2024-05-03T20:33:37Z</time>
   </trkpt>
   <trkpt lat="48.7037100" lon="2.0884780">
    <ele>73.9</ele>
    <time>2024-05-03T20:33:38Z</time>
   </trkpt>
   <trkpt lat="48.7036990" lon="2.0884010">
    <ele>73.7</ele>
    <time>2024-05-03T20:33:39Z</time>
   </trkpt>
   <trkpt lat="48.7036760" lon="2.0883180">
    <ele>73.5</ele>
    <time>2024-05-03T20:33:40Z</time>
   </trkpt>
   <trkpt lat="48.7036570" lon="2.0882400">
    <ele>73.3</ele>
    <time>2024-05-03T20:33:41Z</time>
   </trkpt>
   <trkpt lat="48.7036440" lon="2.0881570">
    <ele>73.1</ele>
    <time>2024-05-03T20:33:42Z</time>
   </trkpt>
   <trkpt lat="48.7036280" lon="2.0880740">
    <ele>73.0</ele>
    <time>2024-05-03T20:33:43Z</time>
   </trkpt>
   <trkpt lat="48.7036120" lon="2.0879930">
    <ele>72.8</ele>
    <time>2024-05-03T20:33:44Z</time>
   </trkpt>
   <trkpt lat="48.7036050" lon="2.0879140">
    <ele>72.7</ele>
    <time>2024-05-03T20:33:45Z</time>
   </trkpt>
   <trkpt lat="48.7036040" lon="2.0878310">
    <ele>72.7</ele>
    <time>2024-05-03T20:33:46Z</time>
   </trkpt>
   <trkpt lat="48.7036010" lon="2.0877480">
    <ele>72.6</ele>
    <time>2024-05-03T20:33:47Z</time>
   </trkpt>
   <trkpt lat="48.7035960" lon="2.0876680">
    <ele>72.6</ele>
    <time>2024-05-03T20:33:48Z</time>
   </trkpt>
   <trkpt lat="48.7036030" lon="2.0875890">
    <ele>72.6</ele>
    <time>2024-05-03T20:33:49Z</time>
   </trkpt>
   <trkpt lat="48.7036100" lon="2.0875060">
    <ele>72.5</ele>
    <time>2024-05-03T20:33:50Z</time>
   </trkpt>
   <trkpt lat="48.7036200" lon="2.0874260">
    <ele>72.5</ele>
    <time>2024-05-03T20:33:51Z</time>
   </trkpt>
   <trkpt lat="48.7036320" lon="2.0873470">
    <ele>72.5</ele>
    <time>2024-05-03T20:33:52Z</time>
   </trkpt>
   <trkpt lat="48.7036410" lon="2.0872700">
    <ele>72.6</ele>
    <time>2024-05-03T20:33:53Z</time>
   </trkpt>
   <trkpt lat="48.7036520" lon="2.0871870">
    <ele>72.6</ele>
    <time>2024-05-03T20:33:54Z</time>
   </trkpt>
   <trkpt lat="48.7036640" lon="2.0871040">
    <ele>72.6</ele>
    <time>2024-05-03T20:33:55Z</time>
   </trkpt>
   <trkpt lat="48.7036710" lon="2.0870190">
    <ele>72.6</ele>
    <time>2024-05-03T20:33:56Z</time>
   </trkpt>
   <trkpt lat="48.7036780" lon="2.0869330">
    <ele>72.6</ele>
    <time>2024-05-03T20:33:57Z</time>
   </trkpt>
   <trkpt lat="48.7036880" lon="2.0868490">
    <ele>72.6</ele>
    <time>2024-05-03T20:33:58Z</time>
   </trkpt>
   <trkpt lat="48.7036940" lon="2.0867690">
    <ele>72.6</ele>
    <time>2024-05-03T20:33:59Z</time>
   </trkpt>
   <trkpt lat="48.7037000" lon="2.0866900">
    <ele>72.7</ele>
    <time>2024-05-03T20:34:00Z</time>
   </trkpt>
   <trkpt lat="48.7037050" lon="2.0866130">
    <ele>72.7</ele>
    <time>2024-05-03T20:34:01Z</time>
   </trkpt>
   <trkpt lat="48.7037090" lon="2.0865280">
    <ele>72.7</ele>
    <time>2024-05-03T20:34:02Z</time>
   </trkpt>
   <trkpt lat="48.7037180" lon="2.0864440">
    <ele>72.7</ele>
    <time>2024-05-03T20:34:03Z</time>
   </trkpt>
   <trkpt lat="48.7037300" lon="2.0863620">
    <ele>72.7</ele>
    <time>2024-05-03T20:34:04Z</time>
   </trkpt>
   <trkpt lat="48.7037350" lon="2.0862840">
    <ele>72.8</ele>
    <time>2024-05-03T20:34:05Z</time>
   </trkpt>
   <trkpt lat="48.7037430" lon="2.0862020">
    <ele>72.8</ele>
    <time>2024-05-03T20:34:06Z</time>
   </trkpt>
   <trkpt lat="48.7037510" lon="2.0861210">
    <ele>72.8</ele>
    <time>2024-05-03T20:34:07Z</time>
   </trkpt>
   <trkpt lat="48.7037640" lon="2.0860420">
    <ele>72.8</ele>
    <time>2024-05-03T20:34:08Z</time>
   </trkpt>
   <trkpt lat="48.7037730" lon="2.0859600">
    <ele>72.9</ele>
    <time>2024-05-03T20:34:09Z</time>
   </trkpt>
   <trkpt lat="48.7037810" lon="2.0858750">
    <ele>72.9</ele>
    <time>2024-05-03T20:34:10Z</time>
   </trkpt>
   <trkpt lat="48.7037890" lon="2.0857900">
    <ele>72.9</ele>
    <time>2024-05-03T20:34:11Z</time>
   </trkpt>
   <trkpt lat="48.7037940" lon="2.0857070">
    <ele>73.0</ele>
    <time>2024-05-03T20:34:12Z</time>
   </trkpt>
   <trkpt lat="48.7038030" lon="2.0856270">
    <ele>73.0</ele>
    <time>2024-05-03T20:34:13Z</time>
   </trkpt>
   <trkpt lat="48.7038130" lon="2.0855460">
    <ele>73.1</ele>
    <time>2024-05-03T20:34:14Z</time>
   </trkpt>
   <trkpt lat="48.7038180" lon="2.0854690">
    <ele>73.1</ele>
    <time>2024-05-03T20:34:15Z</time>
   </trkpt>
   <trkpt lat="48.7038270" lon="2.0853870">
    <ele>73.2</ele>
    <time>2024-05-03T20:34:16Z</time>
   </trkpt>
   <trkpt lat="48.7038330" lon="2.0853120">
    <ele>73.2</ele>
    <time>2024-05-03T20:34:17Z</time>
   </trkpt>
   <trkpt lat="48.7038380" lon="2.0852380">
    <ele>73.3</ele>
    <time>2024-05-03T20:34:18Z</time>
   </trkpt>
   <trkpt lat="48.7038420" lon="2.0851690">
    <ele>73.4</ele>
    <time>2024-05-03T20:34:19Z</time>
   </trkpt>
   <trkpt lat="48.7038490" lon="2.0850960">
    <ele>73.4</ele>
    <time>2024-05-03T20:34:20Z</time>
   </trkpt>
   <trkpt lat="48.7038550" lon="2.0850240">
    <ele>73.5</ele>
    <time>2024-05-03T20:34:21Z</time>
   </trkpt>
   <trkpt lat="48.7038600" lon="2.0849600">
    <ele>73.6</ele>
    <time>2024-05-03T20:34:22Z</time>
   </trkpt>
   <trkpt lat="48.7038630" lon="2.0848990">
    <ele>73.6</ele>
    <time>2024-05-03T20:34:23Z</time>
   </trkpt>
   <trkpt lat="48.7038660" lon="2.0848370">
    <ele>73.7</ele>
    <time>2024-05-03T20:34:24Z</time>
   </trkpt>
   <trkpt lat="48.7038680" lon="2.0847830">
    <ele>73.7</ele>
    <time>2024-05-03T20:34:25Z</time>
   </trkpt>
   <trkpt lat="48.7038680" lon="2.0847270">
    <ele>73.8</ele>
    <time>2024-05-03T20:34:26Z</time>
   </trkpt>
   <trkpt lat="48.7038700" lon="2.0846760">
    <ele>73.8</ele>
    <time>2024-05-03T20:34:27Z</time>
   </trkpt>
   <trkpt lat="48.7038800" lon="2.0846290">
    <ele>73.9</ele>
    <time>2024-05-03T20:34:28Z</time>
   </trkpt>
   <trkpt lat="48.7039030" lon="2.0845930">
    <ele>73.9</ele>
    <time>2024-05-03T20:34:29Z</time>
   </trkpt>
   <trkpt lat="48.7039380" lon="2.0845770">
    <ele>74.0</ele>
    <time>2024-05-03T20:34:30Z</time>
   </trkpt>
   <trkpt lat="48.7039760" lon="2.0845780">
    <ele>73.8</ele>
    <time>2024-05-03T20:34:31Z</time>
   </trkpt>
   <trkpt lat="48.7040140" lon="2.0845920">
    <ele>73.7</ele>
    <time>2024-05-03T20:34:32Z</time>
   </trkpt>
   <trkpt lat="48.7040290" lon="2.0845980">
    <ele>73.6</ele>
    <time>2024-05-03T20:34:33Z</time>
   </trkpt>
   <trkpt lat="48.7040610" lon="2.0846140">
    <ele>73.5</ele>
    <time>2024-05-03T20:34:34Z</time>
   </trkpt>
   <trkpt lat="48.7040940" lon="2.0846280">
    <ele>73.3</ele>
    <time>2024-05-03T20:34:35Z</time>
   </trkpt>
   <trkpt lat="48.7041720" lon="2.0846440">
    <ele>73.0</ele>
    <time>2024-05-03T20:34:36Z</time>
   </trkpt>
   <trkpt lat="48.7042260" lon="2.0846270">
    <ele>72.8</ele>
    <time>2024-05-03T20:34:37Z</time>
   </trkpt>
   <trkpt lat="48.7042670" lon="2.0845910">
    <ele>72.7</ele>
    <time>2024-05-03T20:34:38Z</time>
   </trkpt>
   <trkpt lat="48.7042870" lon="2.0845330">
    <ele>72.7</ele>
    <time>2024-05-03T20:34:39Z</time>
   </trkpt>
   <trkpt lat="48.7042820" lon="2.0844660">
    <ele>72.7</ele>
    <time>2024-05-03T20:34:40Z</time>
   </trkpt>
   <trkpt lat="48.7042700" lon="2.0843940">
    <ele>72.6</ele>
    <time>2024-05-03T20:34:41Z</time>
   </trkpt>
   <trkpt lat="48.7042510" lon="2.0843260">
    <ele>72.6</ele>
    <time>2024-05-03T20:34:42Z</time>
   </trkpt>
   <trkpt lat="48.7042300" lon="2.0842570">
    <ele>72.5</ele>
    <time>2024-05-03T20:34:43Z</time>
   </trkpt>
   <trkpt lat="48.7042060" lon="2.0841880">
    <ele>72.5</ele>
    <time>2024-05-03T20:34:44Z</time>
   </trkpt>
   <trkpt lat="48.7041850" lon="2.0841160">
    <ele>72.5</ele>
    <time>2024-05-03T20:34:45Z</time>
   </trkpt>
   <trkpt lat="48.7041690" lon="2.0840460">
    <ele>72.5</ele>
    <time>2024-05-03T20:34:46Z</time>
   </trkpt>
   <trkpt lat="48.7041570" lon="2.0839740">
    <ele>72.5</ele>
    <time>2024-05-03T20:34:47Z</time>
   </trkpt>
   <trkpt lat="48.7041490" lon="2.0839010">
    <ele>72.6</ele>
    <time>2024-05-03T20:34:48Z</time>
   </trkpt>
   <trkpt lat="48.7041400" lon="2.0838290">
    <ele>72.6</ele>
    <time>2024-05-03T20:34:49Z</time>
   </trkpt>
   <trkpt lat="48.7041360" lon="2.0837570">
    <ele>72.7</ele>
    <time>2024-05-03T20:34:50Z</time>
   </trkpt>
   <trkpt lat="48.7041270" lon="2.0836860">
    <ele>72.8</ele>
    <time>2024-05-03T20:34:51Z</time>
   </trkpt>
   <trkpt lat="48.7041180" lon="2.0836140">
    <ele>72.9</ele>
    <time>2024-05-03T20:34:52Z</time>
   </trkpt>
   <trkpt lat="48.7041110" lon="2.0835410">
    <ele>73.0</ele>
    <time>2024-05-03T20:34:53Z</time>
   </trkpt>
   <trkpt lat="48.7041010" lon="2.0834670">
    <ele>73.1</ele>
    <time>2024-05-03T20:34:54Z</time>
   </trkpt>
   <trkpt lat="48.7040890" lon="2.0833950">
    <ele>73.3</ele>
    <time>2024-05-03T20:34:55Z</time>
   </trkpt>
   <trkpt lat="48.7040800" lon="2.0833240">
    <ele>73.4</ele>
    <time>2024-05-03T20:34:56Z</time>
   </trkpt>
   <trkpt lat="48.7040730" lon="2.0832500">
    <ele>73.6</ele>
    <time>2024-05-03T20:34:57Z</time>
   </trkpt>
   <trkpt lat="48.7040680" lon="2.0831780">
    <ele>73.7</ele>
    <time>2024-05-03T20:34:58Z</time>
   </trkpt>
   <trkpt lat="48.7040580" lon="2.0831040">
    <ele>73.9</ele>
    <time>2024-05-03T20:34:59Z</time>
   </trkpt>
   <trkpt lat="48.7040490" lon="2.0830330">
    <ele>74.1</ele>
    <time>2024-05-03T20:35:00Z</time>
   </trkpt>
   <trkpt lat="48.7040410" lon="2.0829640">
    <ele>74.3</ele>
    <time>2024-05-03T20:35:01Z</time>
   </trkpt>
   <trkpt lat="48.7040340" lon="2.0828960">
    <ele>74.5</ele>
    <time>2024-05-03T20:35:02Z</time>
   </trkpt>
   <trkpt lat="48.7040250" lon="2.0828280">
    <ele>74.7</ele>
    <time>2024-05-03T20:35:03Z</time>
   </trkpt>
   <trkpt lat="48.7040170" lon="2.0827630">
    <ele>74.9</ele>
    <time>2024-05-03T20:35:04Z</time>
   </trkpt>
   <trkpt lat="48.7040080" lon="2.0826960">
    <ele>75.1</ele>
    <time>2024-05-03T20:35:05Z</time>
   </trkpt>
   <trkpt lat="48.7039990" lon="2.0826280">
    <ele>75.3</ele>
    <time>2024-05-03T20:35:06Z</time>
   </trkpt>
   <trkpt lat="48.7039920" lon="2.0825600">
    <ele>75.5</ele>
    <time>2024-05-03T20:35:07Z</time>
   </trkpt>
   <trkpt lat="48.7039850" lon="2.0824970">
    <ele>75.7</ele>
    <time>2024-05-03T20:35:08Z</time>
   </trkpt>
   <trkpt lat="48.7039790" lon="2.0824380">
    <ele>75.8</ele>
    <time>2024-05-03T20:35:09Z</time>
   </trkpt>
   <trkpt lat="48.7039710" lon="2.0823800">
    <ele>76.0</ele>
    <time>2024-05-03T20:35:10Z</time>
   </trkpt>
   <trkpt lat="48.7039630" lon="2.0823220">
    <ele>76.2</ele>
    <time>2024-05-03T20:35:11Z</time>
   </trkpt>
   <trkpt lat="48.7039590" lon="2.0822640">
    <ele>76.3</ele>
    <time>2024-05-03T20:35:12Z</time>
   </trkpt>
   <trkpt lat="48.7039540" lon="2.0822090">
    <ele>76.5</ele>
    <time>2024-05-03T20:35:13Z</time>
   </trkpt>
   <trkpt lat="48.7039480" lon="2.0821520">
    <ele>76.7</ele>
    <time>2024-05-03T20:35:14Z</time>
   </trkpt>
   <trkpt lat="48.7039420" lon="2.0820950">
    <ele>76.9</ele>
    <time>2024-05-03T20:35:15Z</time>
   </trkpt>
   <trkpt lat="48.7039360" lon="2.0820380">
    <ele>77.0</ele>
    <time>2024-05-03T20:35:16Z</time>
   </trkpt>
   <trkpt lat="48.7039280" lon="2.0819820">
    <ele>77.2</ele>
    <time>2024-05-03T20:35:17Z</time>
   </trkpt>
   <trkpt lat="48.7039220" lon="2.0819240">
    <ele>77.5</ele>
    <time>2024-05-03T20:35:18Z</time>
   </trkpt>
   <trkpt lat="48.7039160" lon="2.0818680">
    <ele>77.7</ele>
    <time>2024-05-03T20:35:19Z</time>
   </trkpt>
   <trkpt lat="48.7039080" lon="2.0818120">
    <ele>77.9</ele>
    <time>2024-05-03T20:35:20Z</time>
   </trkpt>
   <trkpt lat="48.7039020" lon="2.0817570">
    <ele>78.2</ele>
    <time>2024-05-03T20:35:21Z</time>
   </trkpt>
   <trkpt lat="48.7038990" lon="2.0817010">
    <ele>78.4</ele>
    <time>2024-05-03T20:35:22Z</time>
   </trkpt>
   <trkpt lat="48.7038950" lon="2.0816470">
    <ele>78.6</ele>
    <time>2024-05-03T20:35:23Z</time>
   </trkpt>
   <trkpt lat="48.7038890" lon="2.0815940">
    <ele>78.8</ele>
    <time>2024-05-03T20:35:24Z</time>
   </trkpt>
   <trkpt lat="48.7038830" lon="2.0815430">
    <ele>79.0</ele>
    <time>2024-05-03T20:35:25Z</time>
   </trkpt>
   <trkpt lat="48.7038790" lon="2.0814920">
    <ele>79.1</ele>
    <time>2024-05-03T20:35:26Z</time>
   </trkpt>
   <trkpt lat="48.7038740" lon="2.0814410">
    <ele>79.3</ele>
    <time>2024-05-03T20:35:27Z</time>
   </trkpt>
   <trkpt lat="48.7038700" lon="2.0813880">
    <ele>79.5</ele>
    <time>2024-05-03T20:35:28Z</time>
   </trkpt>
   <trkpt lat="48.7038660" lon="2.0813360">
    <ele>79.6</ele>
    <time>2024-05-03T20:35:29Z</time>
   </trkpt>
   <trkpt lat="48.7038590" lon="2.0812840">
    <ele>79.8</ele>
    <time>2024-05-03T20:35:30Z</time>
   </trkpt>
   <trkpt lat="48.7038560" lon="2.0812330">
    <ele>79.9</ele>
    <time>2024-05-03T20:35:31Z</time>
   </trkpt>
   <trkpt lat="48.7038520" lon="2.0811820">
    <ele>80.0</ele>
    <time>2024-05-03T20:35:32Z</time>
   </trkpt>
   <trkpt lat="48.7038480" lon="2.0811330">
    <ele>80.1</ele>
    <time>2024-05-03T20:35:33Z</time>
   </trkpt>
   <trkpt lat="48.7038460" lon="2.0810840">
    <ele>80.3</ele>
    <time>2024-05-03T20:35:34Z</time>
   </trkpt>
   <trkpt lat="48.7038430" lon="2.0810360">
    <ele>80.4</ele>
    <time>2024-05-03T20:35:35Z</time>
   </trkpt>
   <trkpt lat="48.7038380" lon="2.0809880">
    <ele>80.5</ele>
    <time>2024-05-03T20:35:36Z</time>
   </trkpt>
   <trkpt lat="48.7038340" lon="2.0809420">
    <ele>80.6</ele>
    <time>2024-05-03T20:35:37Z</time>
   </trkpt>
   <trkpt lat="48.7038310" lon="2.0808970">
    <ele>80.7</ele>
    <time>2024-05-03T20:35:38Z</time>
   </trkpt>
   <trkpt lat="48.7038280" lon="2.0808510">
    <ele>80.8</ele>
    <time>2024-05-03T20:35:39Z</time>
   </trkpt>
   <trkpt lat="48.7038220" lon="2.0808050">
    <ele>80.9</ele>
    <time>2024-05-03T20:35:40Z</time>
   </trkpt>
   <trkpt lat="48.7038150" lon="2.0807590">
    <ele>81.0</ele>
    <time>2024-05-03T20:35:41Z</time>
   </trkpt>
   <trkpt lat="48.7038130" lon="2.0807130">
    <ele>81.1</ele>
    <time>2024-05-03T20:35:42Z</time>
   </trkpt>
   <trkpt lat="48.7038090" lon="2.0806660">
    <ele>81.2</ele>
    <time>2024-05-03T20:35:43Z</time>
   </trkpt>
   <trkpt lat="48.7038030" lon="2.0806180">
    <ele>81.3</ele>
    <time>2024-05-03T20:35:44Z</time>
   </trkpt>
   <trkpt lat="48.7037980" lon="2.0805690">
    <ele>81.3</ele>
    <time>2024-05-03T20:35:45Z</time>
   </trkpt>
   <trkpt lat="48.7037940" lon="2.0805180">
    <ele>81.4</ele>
    <time>2024-05-03T20:35:46Z</time>
   </trkpt>
   <trkpt lat="48.7037900" lon="2.0804680">
    <ele>81.5</ele>
    <time>2024-05-03T20:35:47Z</time>
   </trkpt>
   <trkpt lat="48.7037840" lon="2.0804210">
    <ele>81.6</ele>
    <time>2024-05-03T20:35:48Z</time>
   </trkpt>
   <trkpt lat="48.7037790" lon="2.0803770">
    <ele>81.6</ele>
    <time>2024-05-03T20:35:49Z</time>
   </trkpt>
   <trkpt lat="48.7037750" lon="2.0803330">
    <ele>81.7</ele>
    <time>2024-05-03T20:35:50Z</time>
   </trkpt>
   <trkpt lat="48.7037720" lon="2.0802890">
    <ele>81.7</ele>
    <time>2024-05-03T20:35:51Z</time>
   </trkpt>
   <trkpt lat="48.7037690" lon="2.0802450">
    <ele>81.8</ele>
    <time>2024-05-03T20:35:52Z</time>
   </trkpt>
   <trkpt lat="48.7037620" lon="2.0802010">
    <ele>81.8</ele>
    <time>2024-05-03T20:35:53Z</time>
   </trkpt>
   <trkpt lat="48.7037550" lon="2.0801560">
    <ele>81.9</ele>
    <time>2024-05-03T20:35:54Z</time>
   </trkpt>
   <trkpt lat="48.7037510" lon="2.0801090">
    <ele>81.9</ele>
    <time>2024-05-03T20:35:55Z</time>
   </trkpt>
   <trkpt lat="48.7037460" lon="2.0800630">
    <ele>82.0</ele>
    <time>2024-05-03T20:35:56Z</time>
   </trkpt>
   <trkpt lat="48.7037420" lon="2.0800170">
    <ele>82.0</ele>
    <time>2024-05-03T20:35:57Z</time>
   </trkpt>
   <trkpt lat="48.7037390" lon="2.0799700">
    <ele>82.0</ele>
    <time>2024-05-03T20:35:58Z</time>
   </trkpt>
   <trkpt lat="48.7037370" lon="2.0799230">
    <ele>82.0</ele>
    <time>2024-05-03T20:35:59Z</time>
   </trkpt>
   <trkpt lat="48.7037350" lon="2.0798750">
    <ele>82.0</ele>
    <time>2024-05-03T20:36:00Z</time>
   </trkpt>
   <trkpt lat="48.7037330" lon="2.0798280">
    <ele>82.1</ele>
    <time>2024-05-03T20:36:01Z</time>
   </trkpt>
   <trkpt lat="48.7037300" lon="2.0797820">
    <ele>82.1</ele>
    <time>2024-05-03T20:36:02Z</time>
   </trkpt>
   <trkpt lat="48.7037250" lon="2.0797380">
    <ele>82.0</ele>
    <time>2024-05-03T20:36:03Z</time>
   </trkpt>
   <trkpt lat="48.7037170" lon="2.0796970">
    <ele>82.0</ele>
    <time>2024-05-03T20:36:04Z</time>
   </trkpt>
   <trkpt lat="48.7037120" lon="2.0796560">
    <ele>82.0</ele>
    <time>2024-05-03T20:36:05Z</time>
   </trkpt>
   <trkpt lat="48.7037060" lon="2.0796110">
    <ele>82.0</ele>
    <time>2024-05-03T20:36:06Z</time>
   </trkpt>
   <trkpt lat="48.7037010" lon="2.0795620">
    <ele>81.9</ele>
    <time>2024-05-03T20:36:07Z</time>
   </trkpt>
   <trkpt lat="48.7036970" lon="2.0795080">
    <ele>81.9</ele>
    <time>2024-05-03T20:36:08Z</time>
   </trkpt>
   <trkpt lat="48.7036920" lon="2.0794510">
    <ele>81.8</ele>
    <time>2024-05-03T20:36:09Z</time>
   </trkpt>
   <trkpt lat="48.7036860" lon="2.0793910">
    <ele>81.8</ele>
    <time>2024-05-03T20:36:10Z</time>
   </trkpt>
   <trkpt lat="48.7036790" lon="2.0793300">
    <ele>81.7</ele>
    <time>2024-05-03T20:36:11Z</time>
   </trkpt>
   <trkpt lat="48.7036730" lon="2.0792670">
    <ele>81.7</ele>
    <time>2024-05-03T20:36:12Z</time>
   </trkpt>
   <trkpt lat="48.7036670" lon="2.0792030">
    <ele>81.6</ele>
    <time>2024-05-03T20:36:13Z</time>
   </trkpt>
   <trkpt lat="48.7036600" lon="2.0791390">
    <ele>81.6</ele>
    <time>2024-05-03T20:36:14Z</time>
   </trkpt>
   <trkpt lat="48.7036520" lon="2.0790760">
    <ele>81.6</ele>
    <time>2024-05-03T20:36:15Z</time>
   </trkpt>
   <trkpt lat="48.7036410" lon="2.0790140">
    <ele>81.6</ele>
    <time>2024-05-03T20:36:16Z</time>
   </trkpt>
   <trkpt lat="48.7036330" lon="2.0789520">
    <ele>81.6</ele>
    <time>2024-05-03T20:36:17Z</time>
   </trkpt>
   <trkpt lat="48.7036260" lon="2.0788900">
    <ele>81.6</ele>
    <time>2024-05-03T20:36:18Z</time>
   </trkpt>
   <trkpt lat="48.7036200" lon="2.0788260">
    <ele>81.7</ele>
    <time>2024-05-03T20:36:19Z</time>
   </trkpt>
   <trkpt lat="48.7036140" lon="2.0787610">
    <ele>81.7</ele>
    <time>2024-05-03T20:36:20Z</time>
   </trkpt>
   <trkpt lat="48.7036080" lon="2.0786950">
    <ele>81.8</ele>
    <time>2024-05-03T20:36:21Z</time>
   </trkpt>
   <trkpt lat="48.7036010" lon="2.0786290">
    <ele>81.9</ele>
    <time>2024-05-03T20:36:22Z</time>
   </trkpt>
   <trkpt lat="48.7035930" lon="2.0785630">
    <ele>81.9</ele>
    <time>2024-05-03T20:36:23Z</time>
   </trkpt>
   <trkpt lat="48.7035850" lon="2.0784980">
    <ele>82.0</ele>
    <time>2024-05-03T20:36:24Z</time>
   </trkpt>
   <trkpt lat="48.7035790" lon="2.0784330">
    <ele>82.1</ele>
    <time>2024-05-03T20:36:25Z</time>
   </trkpt>
   <trkpt lat="48.7035730" lon="2.0783680">
    <ele>82.2</ele>
    <time>2024-05-03T20:36:26Z</time>
   </trkpt>
   <trkpt lat="48.7035680" lon="2.0783040">
    <ele>82.3</ele>
    <time>2024-05-03T20:36:27Z</time>
   </trkpt>
   <trkpt lat="48.7035610" lon="2.0782400">
    <ele>82.4</ele>
    <time>2024-05-03T20:36:28Z</time>
   </trkpt>
   <trkpt lat="48.7035560" lon="2.0781780">
    <ele>82.4</ele>
    <time>2024-05-03T20:36:29Z</time>
   </trkpt>
   <trkpt lat="48.7035540" lon="2.0781150">
    <ele>82.5</ele>
    <time>2024-05-03T20:36:30Z</time>
   </trkpt>
   <trkpt lat="48.7035540" lon="2.0780540">
    <ele>82.6</ele>
    <time>2024-05-03T20:36:31Z</time>
   </trkpt>
   <trkpt lat="48.7035540" lon="2.0779940">
    <ele>82.6</ele>
    <time>2024-05-03T20:36:32Z</time>
   </trkpt>
   <trkpt lat="48.7035530" lon="2.0779340">
    <ele>82.6</ele>
    <time>2024-05-03T20:36:33Z</time>
   </trkpt>
   <trkpt lat="48.7035520" lon="2.0778730">
    <ele>82.6</ele>
    <time>2024-05-03T20:36:34Z</time>
   </trkpt>
   <trkpt lat="48.7035510" lon="2.0778120">
    <ele>82.7</ele>
    <time>2024-05-03T20:36:35Z</time>
   </trkpt>
   <trkpt lat="48.7035500" lon="2.0777520">
    <ele>82.7</ele>
    <time>2024-05-03T20:36:36Z</time>
   </trkpt>
   <trkpt lat="48.7035480" lon="2.0776930">
    <ele>82.7</ele>
    <time>2024-05-03T20:36:37Z</time>
   </trkpt>
   <trkpt lat="48.7035480" lon="2.0776340">
    <ele>82.8</ele>
    <time>2024-05-03T20:36:38Z</time>
   </trkpt>
   <trkpt lat="48.7035480" lon="2.0775770">
    <ele>82.8</ele>
    <time>2024-05-03T20:36:39Z</time>
   </trkpt>
   <trkpt lat="48.7035490" lon="2.0775210">
    <ele>82.8</ele>
    <time>2024-05-03T20:36:40Z</time>
   </trkpt>
   <trkpt lat="48.7035500" lon="2.0774640">
    <ele>82.8</ele>
    <time>2024-05-03T20:36:41Z</time>
   </trkpt>
   <trkpt lat="48.7035490" lon="2.0774060">
    <ele>82.8</ele>
    <time>2024-05-03T20:36:42Z</time>
   </trkpt>
   <trkpt lat="48.7035490" lon="2.0773490">
    <ele>82.8</ele>
    <time>2024-05-03T20:36:43Z</time>
   </trkpt>
   <trkpt lat="48.7035490" lon="2.0772910">
    <ele>82.8</ele>
    <time>2024-05-03T20:36:44Z</time>
   </trkpt>
   <trkpt lat="48.7035500" lon="2.0772340">
    <ele>82.8</ele>
    <time>2024-05-03T20:36:45Z</time>
   </trkpt>
   <trkpt lat="48.7035540" lon="2.0771770">
    <ele>82.8</ele>
    <time>2024-05-03T20:36:46Z</time>
   </trkpt>
   <trkpt lat="48.7035570" lon="2.0771190">
    <ele>82.8</ele>
    <time>2024-05-03T20:36:47Z</time>
   </trkpt>
   <trkpt lat="48.7035560" lon="2.0770610">
    <ele>82.8</ele>
    <time>2024-05-03T20:36:48Z</time>
   </trkpt>
   <trkpt lat="48.7035560" lon="2.0770040">
    <ele>82.8</ele>
    <time>2024-05-03T20:36:49Z</time>
   </trkpt>
   <trkpt lat="48.7035550" lon="2.0769460">
    <ele>82.7</ele>
    <time>2024-05-03T20:36:50Z</time>
   </trkpt>
   <trkpt lat="48.7035550" lon="2.0768880">
    <ele>82.7</ele>
    <time>2024-05-03T20:36:51Z</time>
   </trkpt>
   <trkpt lat="48.7035550" lon="2.0768280">
    <ele>82.7</ele>
    <time>2024-05-03T20:36:52Z</time>
   </trkpt>
   <trkpt lat="48.7035530" lon="2.0767680">
    <ele>82.6</ele>
    <time>2024-05-03T20:36:53Z</time>
   </trkpt>
   <trkpt lat="48.7035500" lon="2.0767080">
    <ele>82.6</ele>
    <time>2024-05-03T20:36:54Z</time>
   </trkpt>
   <trkpt lat="48.7035500" lon="2.0766470">
    <ele>82.5</ele>
    <time>2024-05-03T20:36:55Z</time>
   </trkpt>
   <trkpt lat="48.7035490" lon="2.0765830">
    <ele>82.4</ele>
    <time>2024-05-03T20:36:56Z</time>
   </trkpt>
   <trkpt lat="48.7035470" lon="2.0765160">
    <ele>82.3</ele>
    <time>2024-05-03T20:36:57Z</time>
   </trkpt>
   <trkpt lat="48.7035420" lon="2.0764430">
    <ele>82.1</ele>
    <time>2024-05-03T20:36:58Z</time>
   </trkpt>
   <trkpt lat="48.7035410" lon="2.0763690">
    <ele>82.0</ele>
    <time>2024-05-03T20:36:59Z</time>
   </trkpt>
   <trkpt lat="48.7035400" lon="2.0762960">
    <ele>81.8</ele>
    <time>2024-05-03T20:37:00Z</time>
   </trkpt>
   <trkpt lat="48.7035370" lon="2.0762220">
    <ele>81.7</ele>
    <time>2024-05-03T20:37:01Z</time>
   </trkpt>
   <trkpt lat="48.7035330" lon="2.0761460">
    <ele>81.5</ele>
    <time>2024-05-03T20:37:02Z</time>
   </trkpt>
   <trkpt lat="48.7035320" lon="2.0760670">
    <ele>81.3</ele>
    <time>2024-05-03T20:37:03Z</time>
   </trkpt>
   <trkpt lat="48.7035320" lon="2.0759880">
    <ele>81.0</ele>
    <time>2024-05-03T20:37:04Z</time>
   </trkpt>
   <trkpt lat="48.7035320" lon="2.0759040">
    <ele>80.8</ele>
    <time>2024-05-03T20:37:05Z</time>
   </trkpt>
   <trkpt lat="48.7035290" lon="2.0758150">
    <ele>80.5</ele>
    <time>2024-05-03T20:37:06Z</time>
   </trkpt>
   <trkpt lat="48.7035240" lon="2.0757230">
    <ele>80.2</ele>
    <time>2024-05-03T20:37:07Z</time>
   </trkpt>
   <trkpt lat="48.7035180" lon="2.0756290">
    <ele>79.9</ele>
    <time>2024-05-03T20:37:08Z</time>
   </trkpt>
   <trkpt lat="48.7035150" lon="2.0755290">
    <ele>79.5</ele>
    <time>2024-05-03T20:37:09Z</time>
   </trkpt>
   <trkpt lat="48.7035110" lon="2.0754280">
    <ele>79.2</ele>
    <time>2024-05-03T20:37:10Z</time>
   </trkpt>
   <trkpt lat="48.7035080" lon="2.0753220">
    <ele>78.9</ele>
    <time>2024-05-03T20:37:11Z</time>
   </trkpt>
   <trkpt lat="48.7035040" lon="2.0752140">
    <ele>78.6</ele>
    <time>2024-05-03T20:37:12Z</time>
   </trkpt>
   <trkpt lat="48.7035020" lon="2.0751010">
    <ele>78.2</ele>
    <time>2024-05-03T20:37:13Z</time>
   </trkpt>
   <trkpt lat="48.7034980" lon="2.0749860">
    <ele>77.9</ele>
    <time>2024-05-03T20:37:14Z</time>
   </trkpt>
   <trkpt lat="48.7034950" lon="2.0748830">
    <ele>77.6</ele>
    <time>2024-05-03T20:37:15Z</time>
   </trkpt>
   <trkpt lat="48.7034910" lon="2.0747850">
    <ele>77.4</ele>
    <time>2024-05-03T20:37:16Z</time>
   </trkpt>
   <trkpt lat="48.7034850" lon="2.0746870">
    <ele>77.1</ele>
    <time>2024-05-03T20:37:17Z</time>
   </trkpt>
   <trkpt lat="48.7034790" lon="2.0745830">
    <ele>76.9</ele>
    <time>2024-05-03T20:37:18Z</time>
   </trkpt>
   <trkpt lat="48.7034740" lon="2.0744760">
    <ele>76.7</ele>
    <time>2024-05-03T20:37:19Z</time>
   </trkpt>
   <trkpt lat="48.7034710" lon="2.0743700">
    <ele>76.5</ele>
    <time>2024-05-03T20:37:20Z</time>
   </trkpt>
   <trkpt lat="48.7034700" lon="2.0742610">
    <ele>76.4</ele>
    <time>2024-05-03T20:37:21Z</time>
   </trkpt>
   <trkpt lat="48.7034710" lon="2.0741540">
    <ele>76.3</ele>
    <time>2024-05-03T20:37:22Z</time>
   </trkpt>
   <trkpt lat="48.7034700" lon="2.0740500">
    <ele>76.3</ele>
    <time>2024-05-03T20:37:23Z</time>
   </trkpt>
   <trkpt lat="48.7034690" lon="2.0739470">
    <ele>76.3</ele>
    <time>2024-05-03T20:37:24Z</time>
   </trkpt>
   <trkpt lat="48.7034690" lon="2.0738440">
    <ele>76.3</ele>
    <time>2024-05-03T20:37:25Z</time>
   </trkpt>
   <trkpt lat="48.7034710" lon="2.0737420">
    <ele>76.3</ele>
    <time>2024-05-03T20:37:26Z</time>
   </trkpt>
   <trkpt lat="48.7034760" lon="2.0736440">
    <ele>76.3</ele>
    <time>2024-05-03T20:37:27Z</time>
   </trkpt>
   <trkpt lat="48.7034850" lon="2.0735500">
    <ele>76.4</ele>
    <time>2024-05-03T20:37:28Z</time>
   </trkpt>
   <trkpt lat="48.7034930" lon="2.0734590">
    <ele>76.4</ele>
    <time>2024-05-03T20:37:29Z</time>
   </trkpt>
   <trkpt lat="48.7034970" lon="2.0733690">
    <ele>76.4</ele>
    <time>2024-05-03T20:37:30Z</time>
   </trkpt>
   <trkpt lat="48.7034980" lon="2.0732830">
    <ele>76.5</ele>
    <time>2024-05-03T20:37:31Z</time>
   </trkpt>
   <trkpt lat="48.7035150" lon="2.0732060">
    <ele>76.6</ele>
    <time>2024-05-03T20:37:32Z</time>
   </trkpt>
   <trkpt lat="48.7035490" lon="2.0731530">
    <ele>76.6</ele>
    <time>2024-05-03T20:37:33Z</time>
   </trkpt>
   <trkpt lat="48.7035930" lon="2.0731130">
    <ele>76.5</ele>
    <time>2024-05-03T20:37:34Z</time>
   </trkpt>
   <trkpt lat="48.7036430" lon="2.0730750">
    <ele>76.1</ele>
    <time>2024-05-03T20:37:35Z</time>
   </trkpt>
   <trkpt lat="48.7036940" lon="2.0730500">
    <ele>75.7</ele>
    <time>2024-05-03T20:37:36Z</time>
   </trkpt>
   <trkpt lat="48.7037500" lon="2.0730380">
    <ele>75.6</ele>
    <time>2024-05-03T20:37:37Z</time>
   </trkpt>
   <trkpt lat="48.7038070" lon="2.0730370">
    <ele>75.4</ele>
    <time>2024-05-03T20:37:38Z</time>
   </trkpt>
   <trkpt lat="48.7038650" lon="2.0730400">
    <ele>75.3</ele>
    <time>2024-05-03T20:37:39Z</time>
   </trkpt>
   <trkpt lat="48.7039230" lon="2.0730380">
    <ele>75.2</ele>
    <time>2024-05-03T20:37:40Z</time>
   </trkpt>
   <trkpt lat="48.7039810" lon="2.0730340">
    <ele>75.1</ele>
    <time>2024-05-03T20:37:41Z</time>
   </trkpt>
   <trkpt lat="48.7040370" lon="2.0730190">
    <ele>75.1</ele>
    <time>2024-05-03T20:37:42Z</time>
   </trkpt>
   <trkpt lat="48.7040860" lon="2.0729830">
    <ele>74.9</ele>
    <time>2024-05-03T20:37:43Z</time>
   </trkpt>
   <trkpt lat="48.7041310" lon="2.0729360">
    <ele>74.8</ele>
    <time>2024-05-03T20:37:44Z</time>
   </trkpt>
   <trkpt lat="48.7041800" lon="2.0729020">
    <ele>74.8</ele>
    <time>2024-05-03T20:37:45Z</time>
   </trkpt>
   <trkpt lat="48.7042320" lon="2.0728800">
    <ele>74.7</ele>
    <time>2024-05-03T20:37:46Z</time>
   </trkpt>
   <trkpt lat="48.7042820" lon="2.0728580">
    <ele>74.7</ele>
    <time>2024-05-03T20:37:47Z</time>
   </trkpt>
   <trkpt lat="48.7043320" lon="2.0728340">
    <ele>74.6</ele>
    <time>2024-05-03T20:37:48Z</time>
   </trkpt>
   <trkpt lat="48.7043790" lon="2.0727990">
    <ele>74.6</ele>
    <time>2024-05-03T20:37:49Z</time>
   </trkpt>
   <trkpt lat="48.7044240" lon="2.0727590">
    <ele>74.6</ele>
    <time>2024-05-03T20:37:50Z</time>
   </trkpt>
   <trkpt lat="48.7044690" lon="2.0727210">
    <ele>74.5</ele>
    <time>2024-05-03T20:37:51Z</time>
   </trkpt>
   <trkpt lat="48.7045140" lon="2.0726950">
    <ele>74.5</ele>
    <time>2024-05-03T20:37:52Z</time>
   </trkpt>
   <trkpt lat="48.7045580" lon="2.0726780">
    <ele>74.5</ele>
    <time>2024-05-03T20:37:53Z</time>
   </trkpt>
   <trkpt lat="48.7046020" lon="2.0726600">
    <ele>74.6</ele>
    <time>2024-05-03T20:37:54Z</time>
   </trkpt>
   <trkpt lat="48.7046380" lon="2.0726410">
    <ele>74.6</ele>
    <time>2024-05-03T20:37:55Z</time>
   </trkpt>
   <trkpt lat="48.7046790" lon="2.0726290">
    <ele>74.6</ele>
    <time>2024-05-03T20:37:56Z</time>
   </trkpt>
   <trkpt lat="48.7047120" lon="2.0726100">
    <ele>74.6</ele>
    <time>2024-05-03T20:37:57Z</time>
   </trkpt>
   <trkpt lat="48.7047500" lon="2.0725830">
    <ele>74.6</ele>
    <time>2024-05-03T20:37:58Z</time>
   </trkpt>
   <trkpt lat="48.7047790" lon="2.0725600">
    <ele>74.6</ele>
    <time>2024-05-03T20:37:59Z</time>
   </trkpt>
   <trkpt lat="48.7048070" lon="2.0725380">
    <ele>74.7</ele>
    <time>2024-05-03T20:38:00Z</time>
   </trkpt>
   <trkpt lat="48.7048350" lon="2.0725030">
    <ele>74.6</ele>
    <time>2024-05-03T20:38:01Z</time>
   </trkpt>
   <trkpt lat="48.7048630" lon="2.0724560">
    <ele>74.6</ele>
    <time>2024-05-03T20:38:02Z</time>
   </trkpt>
   <trkpt lat="48.7048880" lon="2.0724080">
    <ele>74.5</ele>
    <time>2024-05-03T20:38:03Z</time>
   </trkpt>
   <trkpt lat="48.7049110" lon="2.0723570">
    <ele>74.4</ele>
    <time>2024-05-03T20:38:04Z</time>
   </trkpt>
   <trkpt lat="48.7049340" lon="2.0723110">
    <ele>74.4</ele>
    <time>2024-05-03T20:38:05Z</time>
   </trkpt>
   <trkpt lat="48.7049590" lon="2.0722710">
    <ele>74.4</ele>
    <time>2024-05-03T20:38:06Z</time>
   </trkpt>
   <trkpt lat="48.7049830" lon="2.0722320">
    <ele>74.3</ele>
    <time>2024-05-03T20:38:07Z</time>
   </trkpt>
   <trkpt lat="48.7050140" lon="2.0722000">
    <ele>74.3</ele>
    <time>2024-05-03T20:38:08Z</time>
   </trkpt>
   <trkpt lat="48.7050500" lon="2.0721760">
    <ele>74.4</ele>
    <time>2024-05-03T20:38:09Z</time>
   </trkpt>
   <trkpt lat="48.7050840" lon="2.0721460">
    <ele>74.4</ele>
    <time>2024-05-03T20:38:10Z</time>
   </trkpt>
   <trkpt lat="48.7051140" lon="2.0721060">
    <ele>74.5</ele>
    <time>2024-05-03T20:38:11Z</time>
   </trkpt>
   <trkpt lat="48.7051380" lon="2.0720620">
    <ele>74.5</ele>
    <time>2024-05-03T20:38:12Z</time>
   </trkpt>
   <trkpt lat="48.7051620" lon="2.0720210">
    <ele>74.5</ele>
    <time>2024-05-03T20:38:13Z</time>
   </trkpt>
   <trkpt lat="48.7051850" lon="2.0719810">
    <ele>74.5</ele>
    <time>2024-05-03T20:38:14Z</time>
   </trkpt>
   <trkpt lat="48.7052040" lon="2.0719370">
    <ele>74.5</ele>
    <time>2024-05-03T20:38:15Z</time>
   </trkpt>
   <trkpt lat="48.7052190" lon="2.0718930">
    <ele>74.5</ele>
    <time>2024-05-03T20:38:16Z</time>
   </trkpt>
   <trkpt lat="48.7052240" lon="2.0718470">
    <ele>74.5</ele>
    <time>2024-05-03T20:38:17Z</time>
   </trkpt>
   <trkpt lat="48.7052080" lon="2.0718070">
    <ele>74.5</ele>
    <time>2024-05-03T20:38:18Z</time>
   </trkpt>
   <trkpt lat="48.7051800" lon="2.0717790">
    <ele>74.5</ele>
    <time>2024-05-03T20:38:19Z</time>
   </trkpt>
   <trkpt lat="48.7051530" lon="2.0717470">
    <ele>74.4</ele>
    <time>2024-05-03T20:38:20Z</time>
   </trkpt>
   <trkpt lat="48.7051370" lon="2.0716980">
    <ele>74.3</ele>
    <time>2024-05-03T20:38:21Z</time>
   </trkpt>
   <trkpt lat="48.7051340" lon="2.0716420">
    <ele>74.3</ele>
    <time>2024-05-03T20:38:22Z</time>
   </trkpt>
   <trkpt lat="48.7051460" lon="2.0715890">
    <ele>74.4</ele>
    <time>2024-05-03T20:38:23Z</time>
   </trkpt>
   <trkpt lat="48.7051740" lon="2.0715530">
    <ele>74.4</ele>
    <time>2024-05-03T20:38:24Z</time>
   </trkpt>
   <trkpt lat="48.7052090" lon="2.0715300">
    <ele>74.4</ele>
    <time>2024-05-03T20:38:25Z</time>
   </trkpt>
   <trkpt lat="48.7052420" lon="2.0715030">
    <ele>74.5</ele>
    <time>2024-05-03T20:38:26Z</time>
   </trkpt>
   <trkpt lat="48.7052730" lon="2.0714700">
    <ele>74.6</ele>
    <time>2024-05-03T20:38:27Z</time>
   </trkpt>
   <trkpt lat="48.7053050" lon="2.0714370">
    <ele>74.6</ele>
    <time>2024-05-03T20:38:28Z</time>
   </trkpt>
   <trkpt lat="48.7053400" lon="2.0714110">
    <ele>74.7</ele>
    <time>2024-05-03T20:38:29Z</time>
   </trkpt>
   <trkpt lat="48.7053740" lon="2.0713880">
    <ele>74.7</ele>
    <time>2024-05-03T20:38:30Z</time>
   </trkpt>
   <trkpt lat="48.7054070" lon="2.0713640">
    <ele>74.8</ele>
    <time>2024-05-03T20:38:31Z</time>
   </trkpt>
   <trkpt lat="48.7054380" lon="2.0713400">
    <ele>74.9</ele>
    <time>2024-05-03T20:38:32Z</time>
   </trkpt>
   <trkpt lat="48.7054650" lon="2.0713140">
    <ele>75.0</ele>
    <time>2024-05-03T20:38:33Z</time>
   </trkpt>
   <trkpt lat="48.7054870" lon="2.0712860">
    <ele>75.1</ele>
    <time>2024-05-03T20:38:34Z</time>
   </trkpt>
   <trkpt lat="48.7055080" lon="2.0712610">
    <ele>75.1</ele>
    <time>2024-05-03T20:38:35Z</time>
   </trkpt>
   <trkpt lat="48.7055460" lon="2.0712520">
    <ele>75.3</ele>
    <time>2024-05-03T20:38:36Z</time>
   </trkpt>
   <trkpt lat="48.7055590" lon="2.0712570">
    <ele>75.4</ele>
    <time>2024-05-03T20:38:37Z</time>
   </trkpt>
   <trkpt lat="48.7055820" lon="2.0712830">
    <ele>75.4</ele>
    <time>2024-05-03T20:38:38Z</time>
   </trkpt>
   <trkpt lat="48.7055990" lon="2.0713170">
    <ele>75.4</ele>
    <time>2024-05-03T20:38:39Z</time>
   </trkpt>
   <trkpt lat="48.7056290" lon="2.0713570">
    <ele>75.5</ele>
    <time>2024-05-03T20:38:40Z</time>
   </trkpt>
   <trkpt lat="48.7056400" lon="2.0713680">
    <ele>75.5</ele>
    <time>2024-05-03T20:38:41Z</time>
   </trkpt>
   <trkpt lat="48.7056670" lon="2.0713830">
    <ele>75.6</ele>
    <time>2024-05-03T20:38:42Z</time>
   </trkpt>
   <trkpt lat="48.7056940" lon="2.0714020">
    <ele>75.6</ele>
    <time>2024-05-03T20:38:43Z</time>
   </trkpt>
   <trkpt lat="48.7057190" lon="2.0714300">
    <ele>75.6</ele>
    <time>2024-05-03T20:38:44Z</time>
   </trkpt>
   <trkpt lat="48.7057400" lon="2.0714610">
    <ele>75.7</ele>
    <time>2024-05-03T20:38:45Z</time>
   </trkpt>
   <trkpt lat="48.7057640" lon="2.0714870">
    <ele>75.8</ele>
    <time>2024-05-03T20:38:46Z</time>
   </trkpt>
   <trkpt lat="48.7057930" lon="2.0715140">
    <ele>75.9</ele>
    <time>2024-05-03T20:38:47Z</time>
   </trkpt>
   <trkpt lat="48.7058230" lon="2.0715520">
    <ele>76.0</ele>
    <time>2024-05-03T20:38:48Z</time>
   </trkpt>
   <trkpt lat="48.7058540" lon="2.0715930">
    <ele>76.1</ele>
    <time>2024-05-03T20:38:49Z</time>
   </trkpt>
   <trkpt lat="48.7058830" lon="2.0716380">
    <ele>76.2</ele>
    <time>2024-05-03T20:38:50Z</time>
   </trkpt>
   <trkpt lat="48.7059130" lon="2.0716780">
    <ele>76.4</ele>
    <time>2024-05-03T20:38:51Z</time>
   </trkpt>
   <trkpt lat="48.7059470" lon="2.0717080">
    <ele>76.5</ele>
    <time>2024-05-03T20:38:52Z</time>
   </trkpt>
   <trkpt lat="48.7059820" lon="2.0717260">
    <ele>76.6</ele>
    <time>2024-05-03T20:38:53Z</time>
   </trkpt>
   <trkpt lat="48.7060190" lon="2.0717240">
    <ele>76.6</ele>
    <time>2024-05-03T20:38:54Z</time>
   </trkpt>
   <trkpt lat="48.7060560" lon="2.0717090">
    <ele>76.6</ele>
    <time>2024-05-03T20:38:55Z</time>
   </trkpt>
   <trkpt lat="48.7060910" lon="2.0716840">
    <ele>76.7</ele>
    <time>2024-05-03T20:38:56Z</time>
   </trkpt>
   <trkpt lat="48.7061240" lon="2.0716490">
    <ele>76.7</ele>
    <time>2024-05-03T20:38:57Z</time>
   </trkpt>
   <trkpt lat="48.7061550" lon="2.0716020">
    <ele>76.7</ele>
    <time>2024-05-03T20:38:58Z</time>
   </trkpt>
   <trkpt lat="48.7061850" lon="2.0715490">
    <ele>76.7</ele>
    <time>2024-05-03T20:38:59Z</time>
   </trkpt>
   <trkpt lat="48.7062210" lon="2.0715050">
    <ele>76.7</ele>
    <time>2024-05-03T20:39:00Z</time>
   </trkpt>
   <trkpt lat="48.7062740" lon="2.0714710">
    <ele>76.6</ele>
    <time>2024-05-03T20:39:01Z</time>
   </trkpt>
   <trkpt lat="48.7063230" lon="2.0714740">
    <ele>76.5</ele>
    <time>2024-05-03T20:39:02Z</time>
   </trkpt>
   <trkpt lat="48.7063690" lon="2.0714940">
    <ele>76.4</ele>
    <time>2024-05-03T20:39:03Z</time>
   </trkpt>
   <trkpt lat="48.7064180" lon="2.0715170">
    <ele>76.4</ele>
    <time>2024-05-03T20:39:04Z</time>
   </trkpt>
   <trkpt lat="48.7064640" lon="2.0715380">
    <ele>76.3</ele>
    <time>2024-05-03T20:39:05Z</time>
   </trkpt>
   <trkpt lat="48.7065060" lon="2.0715660">
    <ele>76.3</ele>
    <time>2024-05-03T20:39:06Z</time>
   </trkpt>
   <trkpt lat="48.7065510" lon="2.0715960">
    <ele>76.3</ele>
    <time>2024-05-03T20:39:07Z</time>
   </trkpt>
   <trkpt lat="48.7066000" lon="2.0716130">
    <ele>76.2</ele>
    <time>2024-05-03T20:39:08Z</time>
   </trkpt>
   <trkpt lat="48.7066480" lon="2.0716260">
    <ele>76.2</ele>
    <time>2024-05-03T20:39:09Z</time>
   </trkpt>
   <trkpt lat="48.7066950" lon="2.0716370">
    <ele>76.1</ele>
    <time>2024-05-03T20:39:10Z</time>
   </trkpt>
   <trkpt lat="48.7067450" lon="2.0716400">
    <ele>76.1</ele>
    <time>2024-05-03T20:39:11Z</time>
   </trkpt>
   <trkpt lat="48.7067970" lon="2.0716390">
    <ele>76.1</ele>
    <time>2024-05-03T20:39:12Z</time>
   </trkpt>
   <trkpt lat="48.7068520" lon="2.0716350">
    <ele>76.0</ele>
    <time>2024-05-03T20:39:13Z</time>
   </trkpt>
   <trkpt lat="48.7069110" lon="2.0716220">
    <ele>76.0</ele>
    <time>2024-05-03T20:39:14Z</time>
   </trkpt>
   <trkpt lat="48.7069660" lon="2.0715980">
    <ele>76.0</ele>
    <time>2024-05-03T20:39:15Z</time>
   </trkpt>
   <trkpt lat="48.7070190" lon="2.0715650">
    <ele>76.0</ele>
    <time>2024-05-03T20:39:16Z</time>
   </trkpt>
   <trkpt lat="48.7070680" lon="2.0715250">
    <ele>76.0</ele>
    <time>2024-05-03T20:39:17Z</time>
   </trkpt>
   <trkpt lat="48.7071110" lon="2.0714740">
    <ele>76.0</ele>
    <time>2024-05-03T20:39:18Z</time>
   </trkpt>
   <trkpt lat="48.7071500" lon="2.0714220">
    <ele>76.0</ele>
    <time>2024-05-03T20:39:19Z</time>
   </trkpt>
   <trkpt lat="48.7071910" lon="2.0713690">
    <ele>76.0</ele>
    <time>2024-05-03T20:39:20Z</time>
   </trkpt>
   <trkpt lat="48.7072390" lon="2.0713280">
    <ele>76.0</ele>
    <time>2024-05-03T20:39:21Z</time>
   </trkpt>
   <trkpt lat="48.7072950" lon="2.0713020">
    <ele>75.9</ele>
    <time>2024-05-03T20:39:22Z</time>
   </trkpt>
   <trkpt lat="48.7073500" lon="2.0712750">
    <ele>75.9</ele>
    <time>2024-05-03T20:39:23Z</time>
   </trkpt>
   <trkpt lat="48.7074000" lon="2.0712490">
    <ele>75.9</ele>
    <time>2024-05-03T20:39:24Z</time>
   </trkpt>
   <trkpt lat="48.7074500" lon="2.0712170">
    <ele>75.9</ele>
    <time>2024-05-03T20:39:25Z</time>
   </trkpt>
   <trkpt lat="48.7074990" lon="2.0711870">
    <ele>75.9</ele>
    <time>2024-05-03T20:39:26Z</time>
   </trkpt>
   <trkpt lat="48.7075500" lon="2.0711580">
    <ele>75.9</ele>
    <time>2024-05-03T20:39:27Z</time>
   </trkpt>
   <trkpt lat="48.7075990" lon="2.0711270">
    <ele>75.9</ele>
    <time>2024-05-03T20:39:28Z</time>
   </trkpt>
   <trkpt lat="48.7076430" lon="2.0710860">
    <ele>75.9</ele>
    <time>2024-05-03T20:39:29Z</time>
   </trkpt>
   <trkpt lat="48.7076860" lon="2.0710430">
    <ele>76.0</ele>
    <time>2024-05-03T20:39:30Z</time>
   </trkpt>
   <trkpt lat="48.7077290" lon="2.0709980">
    <ele>76.0</ele>
    <time>2024-05-03T20:39:31Z</time>
   </trkpt>
   <trkpt lat="48.7077700" lon="2.0709480">
    <ele>76.0</ele>
    <time>2024-05-03T20:39:32Z</time>
   </trkpt>
   <trkpt lat="48.7078120" lon="2.0709020">
    <ele>76.0</ele>
    <time>2024-05-03T20:39:33Z</time>
   </trkpt>
   <trkpt lat="48.7078560" lon="2.0708620">
    <ele>76.1</ele>
    <time>2024-05-03T20:39:34Z</time>
   </trkpt>
   <trkpt lat="48.7079000" lon="2.0708190">
    <ele>76.1</ele>
    <time>2024-05-03T20:39:35Z</time>
   </trkpt>
   <trkpt lat="48.7079450" lon="2.0707830">
    <ele>76.2</ele>
    <time>2024-05-03T20:39:36Z</time>
   </trkpt>
   <trkpt lat="48.7079890" lon="2.0707530">
    <ele>76.3</ele>
    <time>2024-05-03T20:39:37Z</time>
   </trkpt>
   <trkpt lat="48.7080320" lon="2.0707250">
    <ele>76.4</ele>
    <time>2024-05-03T20:39:38Z</time>
   </trkpt>
   <trkpt lat="48.7080730" lon="2.0707000">
    <ele>76.6</ele>
    <time>2024-05-03T20:39:39Z</time>
   </trkpt>
   <trkpt lat="48.7081120" lon="2.0706810">
    <ele>76.7</ele>
    <time>2024-05-03T20:39:40Z</time>
   </trkpt>
   <trkpt lat="48.7081520" lon="2.0706590">
    <ele>76.8</ele>
    <time>2024-05-03T20:39:41Z</time>
   </trkpt>
   <trkpt lat="48.7081880" lon="2.0706330">
    <ele>77.0</ele>
    <time>2024-05-03T20:39:42Z</time>
   </trkpt>
   <trkpt lat="48.7082240" lon="2.0706080">
    <ele>77.1</ele>
    <time>2024-05-03T20:39:43Z</time>
   </trkpt>
   <trkpt lat="48.7082580" lon="2.0705780">
    <ele>77.3</ele>
    <time>2024-05-03T20:39:44Z</time>
   </trkpt>
   <trkpt lat="48.7082910" lon="2.0705470">
    <ele>77.4</ele>
    <time>2024-05-03T20:39:45Z</time>
   </trkpt>
   <trkpt lat="48.7083200" lon="2.0705120">
    <ele>77.6</ele>
    <time>2024-05-03T20:39:46Z</time>
   </trkpt>
   <trkpt lat="48.7083470" lon="2.0704720">
    <ele>77.8</ele>
    <time>2024-05-03T20:39:47Z</time>
   </trkpt>
   <trkpt lat="48.7083710" lon="2.0704340">
    <ele>77.9</ele>
    <time>2024-05-03T20:39:48Z</time>
   </trkpt>
   <trkpt lat="48.7083980" lon="2.0703990">
    <ele>78.1</ele>
    <time>2024-05-03T20:39:49Z</time>
   </trkpt>
   <trkpt lat="48.7084250" lon="2.0703640">
    <ele>78.2</ele>
    <time>2024-05-03T20:39:50Z</time>
   </trkpt>
   <trkpt lat="48.7084500" lon="2.0703260">
    <ele>78.4</ele>
    <time>2024-05-03T20:39:51Z</time>
   </trkpt>
   <trkpt lat="48.7084750" lon="2.0702890">
    <ele>78.5</ele>
    <time>2024-05-03T20:39:52Z</time>
   </trkpt>
   <trkpt lat="48.7085010" lon="2.0702520">
    <ele>78.7</ele>
    <time>2024-05-03T20:39:53Z</time>
   </trkpt>
   <trkpt lat="48.7085260" lon="2.0702170">
    <ele>78.9</ele>
    <time>2024-05-03T20:39:54Z</time>
   </trkpt>
   <trkpt lat="48.7085520" lon="2.0701830">
    <ele>79.0</ele>
    <time>2024-05-03T20:39:55Z</time>
   </trkpt>
   <trkpt lat="48.7085780" lon="2.0701520">
    <ele>79.2</ele>
    <time>2024-05-03T20:39:56Z</time>
   </trkpt>
   <trkpt lat="48.7086030" lon="2.0701240">
    <ele>79.3</ele>
    <time>2024-05-03T20:39:57Z</time>
   </trkpt>
   <trkpt lat="48.7086270" lon="2.0700980">
    <ele>79.4</ele>
    <time>2024-05-03T20:39:58Z</time>
   </trkpt>
   <trkpt lat="48.7086510" lon="2.0700700">
    <ele>79.5</ele>
    <time>2024-05-03T20:39:59Z</time>
   </trkpt>
   <trkpt lat="48.7086730" lon="2.0700420">
    <ele>79.6</ele>
    <time>2024-05-03T20:40:00Z</time>
   </trkpt>
   <trkpt lat="48.7086970" lon="2.0700160">
    <ele>79.7</ele>
    <time>2024-05-03T20:40:01Z</time>
   </trkpt>
   <trkpt lat="48.7087220" lon="2.0699940">
    <ele>79.8</ele>
    <time>2024-05-03T20:40:02Z</time>
   </trkpt>
   <trkpt lat="48.7087470" lon="2.0699730">
    <ele>79.9</ele>
    <time>2024-05-03T20:40:03Z</time>
   </trkpt>
   <trkpt lat="48.7087740" lon="2.0699520">
    <ele>80.0</ele>
    <time>2024-05-03T20:40:04Z</time>
   </trkpt>
   <trkpt lat="48.7088020" lon="2.0699310">
    <ele>80.1</ele>
    <time>2024-05-03T20:40:05Z</time>
   </trkpt>
   <trkpt lat="48.7088300" lon="2.0699110">
    <ele>80.1</ele>
    <time>2024-05-03T20:40:06Z</time>
   </trkpt>
   <trkpt lat="48.7088590" lon="2.0698910">
    <ele>80.2</ele>
    <time>2024-05-03T20:40:07Z</time>
   </trkpt>
   <trkpt lat="48.7088890" lon="2.0698700">
    <ele>80.3</ele>
    <time>2024-05-03T20:40:08Z</time>
   </trkpt>
   <trkpt lat="48.7089200" lon="2.0698510">
    <ele>80.3</ele>
    <time>2024-05-03T20:40:09Z</time>
   </trkpt>
   <trkpt lat="48.7089510" lon="2.0698360">
    <ele>80.4</ele>
    <time>2024-05-03T20:40:10Z</time>
   </trkpt>
   <trkpt lat="48.7089800" lon="2.0698190">
    <ele>80.4</ele>
    <time>2024-05-03T20:40:11Z</time>
   </trkpt>
   <trkpt lat="48.7090080" lon="2.0698040">
    <ele>80.4</ele>
    <time>2024-05-03T20:40:12Z</time>
   </trkpt>
   <trkpt lat="48.7090360" lon="2.0697910">
    <ele>80.4</ele>
    <time>2024-05-03T20:40:13Z</time>
   </trkpt>
   <trkpt lat="48.7090640" lon="2.0697800">
    <ele>80.4</ele>
    <time>2024-05-03T20:40:14Z</time>
   </trkpt>
   <trkpt lat="48.7090940" lon="2.0697710">
    <ele>80.5</ele>
    <time>2024-05-03T20:40:15Z</time>
   </trkpt>
   <trkpt lat="48.7091250" lon="2.0697620">
    <ele>80.5</ele>
    <time>2024-05-03T20:40:16Z</time>
   </trkpt>
   <trkpt lat="48.7091560" lon="2.0697480">
    <ele>80.5</ele>
    <time>2024-05-03T20:40:17Z</time>
   </trkpt>
   <trkpt lat="48.7091870" lon="2.0697290">
    <ele>80.5</ele>
    <time>2024-05-03T20:40:18Z</time>
   </trkpt>
   <trkpt lat="48.7092180" lon="2.0697140">
    <ele>80.5</ele>
    <time>2024-05-03T20:40:19Z</time>
   </trkpt>
   <trkpt lat="48.7092510" lon="2.0697050">
    <ele>80.5</ele>
    <time>2024-05-03T20:40:20Z</time>
   </trkpt>
   <trkpt lat="48.7092850" lon="2.0697000">
    <ele>80.5</ele>
    <time>2024-05-03T20:40:21Z</time>
   </trkpt>
   <trkpt lat="48.7093200" lon="2.0696950">
    <ele>80.5</ele>
    <time>2024-05-03T20:40:22Z</time>
   </trkpt>
   <trkpt lat="48.7093520" lon="2.0697060">
    <ele>80.5</ele>
    <time>2024-05-03T20:40:23Z</time>
   </trkpt>
   <trkpt lat="48.7093740" lon="2.0697410">
    <ele>80.5</ele>
    <time>2024-05-03T20:40:24Z</time>
   </trkpt>
   <trkpt lat="48.7093820" lon="2.0697850">
    <ele>80.5</ele>
    <time>2024-05-03T20:40:25Z</time>
   </trkpt>
   <trkpt lat="48.7093820" lon="2.0697950">
    <ele>80.5</ele>
    <time>2024-05-03T20:40:26Z</time>
   </trkpt>
   <trkpt lat="48.7093800" lon="2.0698000">
    <ele>80.5</ele>
    <time>2024-05-03T20:40:27Z</time>
   </trkpt>
   <trkpt lat="48.7093750" lon="2.0698010">
    <ele>80.5</ele>
    <time>2024-05-03T20:40:28Z</time>
   </trkpt>
   <trkpt lat="48.7093710" lon="2.0698020">
    <ele>80.5</ele>
    <time>2024-05-03T20:40:29Z</time>
   </trkpt>
   <trkpt lat="48.7093700" lon="2.0698020">
    <ele>80.5</ele>
    <time>2024-05-03T20:40:30Z</time>
   </trkpt>
   <trkpt lat="48.7093690" lon="2.0698020">
    <ele>80.5</ele>
    <time>2024-05-03T20:40:31Z</time>
   </trkpt>
   <trkpt lat="48.7093690" lon="2.0698010">
    <ele>80.5</ele>
    <time>2024-05-03T20:40:32Z</time>
   </trkpt>
   <trkpt lat="48.7093690" lon="2.0698000">
    <ele>82.9</ele>
    <time>2024-05-03T20:40:33Z</time>
   </trkpt>
   <trkpt lat="48.7093690" lon="2.0698000">
    <ele>82.9</ele>
    <time>2024-05-03T20:40:35Z</time>
   </trkpt>
  </trkseg>
 </trk>
</gpx>
