<?xml version="1.0" encoding="UTF-8"?>
<gpx xmlns:xsi="http://www.w3.org/2001/XMLSchema-instance" xsi:schemaLocation="http://www.topografix.com/GPX/1/1 http://www.topografix.com/GPX/1/1/gpx.xsd" creator="StravaGPX" version="1.1" xmlns="http://www.topografix.com/GPX/1/1">
 <metadata>
  <time>2024-04-21T12:42:55Z</time>
 </metadata>
 <trk>
  <name>I had a doubt but I prefer sun 🌞 instead of hail 🌨️, definitely ☀️😎🚵‍♂️</name>
  <type>cycling</type>
  <trkseg>
   <trkpt lat="48.2789680" lon="7.4643790">
    <ele>172.4</ele>
    <time>2024-04-21T12:42:55Z</time>
   </trkpt>
   <trkpt lat="48.2789640" lon="7.4643760">
    <ele>172.4</ele>
    <time>2024-04-21T12:42:56Z</time>
   </trkpt>
   <trkpt lat="48.2789610" lon="7.4643740">
    <ele>172.4</ele>
    <time>2024-04-21T12:42:57Z</time>
   </trkpt>
   <trkpt lat="48.2789570" lon="7.4643720">
    <ele>172.4</ele>
    <time>2024-04-21T12:42:58Z</time>
   </trkpt>
   <trkpt lat="48.2789530" lon="7.4643700">
    <ele>172.4</ele>
    <time>2024-04-21T12:42:59Z</time>
   </trkpt>
   <trkpt lat="48.2789500" lon="7.4643670">
    <ele>172.4</ele>
    <time>2024-04-21T12:43:00Z</time>
   </trkpt>
   <trkpt lat="48.2789460" lon="7.4643650">
    <ele>172.4</ele>
    <time>2024-04-21T12:43:01Z</time>
   </trkpt>
   <trkpt lat="48.2789420" lon="7.4643630">
    <ele>172.4</ele>
    <time>2024-04-21T12:43:02Z</time>
   </trkpt>
   <trkpt lat="48.2789390" lon="7.4643610">
    <ele>172.4</ele>
    <time>2024-04-21T12:43:03Z</time>
   </trkpt>
   <trkpt lat="48.2789350" lon="7.4643590">
    <ele>172.4</ele>
    <time>2024-04-21T12:43:04Z</time>
   </trkpt>
   <trkpt lat="48.2789310" lon="7.4643570">
    <ele>172.4</ele>
    <time>2024-04-21T12:43:05Z</time>
   </trkpt>
   <trkpt lat="48.2789280" lon="7.4643550">
    <ele>172.4</ele>
    <time>2024-04-21T12:43:06Z</time>
   </trkpt>
   <trkpt lat="48.2789100" lon="7.4643640">
    <ele>172.5</ele>
    <time>2024-04-21T12:43:07Z</time>
   </trkpt>
   <trkpt lat="48.2788960" lon="7.4643750">
    <ele>172.5</ele>
    <time>2024-04-21T12:43:08Z</time>
   </trkpt>
   <trkpt lat="48.2788770" lon="7.4644130">
    <ele>172.5</ele>
    <time>2024-04-21T12:43:09Z</time>
   </trkpt>
   <trkpt lat="48.2788720" lon="7.4644270">
    <ele>172.5</ele>
    <time>2024-04-21T12:43:10Z</time>
   </trkpt>
   <trkpt lat="48.2788650" lon="7.4644780">
    <ele>172.5</ele>
    <time>2024-04-21T12:43:11Z</time>
   </trkpt>
   <trkpt lat="48.2788630" lon="7.4644940">
    <ele>172.5</ele>
    <time>2024-04-21T12:43:12Z</time>
   </trkpt>
   <trkpt lat="48.2788600" lon="7.4645240">
    <ele>172.6</ele>
    <time>2024-04-21T12:43:13Z</time>
   </trkpt>
   <trkpt lat="48.2788550" lon="7.4645440">
    <ele>172.6</ele>
    <time>2024-04-21T12:43:14Z</time>
   </trkpt>
   <trkpt lat="48.2788470" lon="7.4645590">
    <ele>172.6</ele>
    <time>2024-04-21T12:43:15Z</time>
   </trkpt>
   <trkpt lat="48.2788410" lon="7.4645850">
    <ele>172.6</ele>
    <time>2024-04-21T12:43:16Z</time>
   </trkpt>
   <trkpt lat="48.2788360" lon="7.4646420">
    <ele>172.6</ele>
    <time>2024-04-21T12:43:17Z</time>
   </trkpt>
   <trkpt lat="48.2788360" lon="7.4646630">
    <ele>172.6</ele>
    <time>2024-04-21T12:43:18Z</time>
   </trkpt>
   <trkpt lat="48.2788540" lon="7.4647200">
    <ele>172.7</ele>
    <time>2024-04-21T12:43:19Z</time>
   </trkpt>
   <trkpt lat="48.2788610" lon="7.4647380">
    <ele>172.7</ele>
    <time>2024-04-21T12:43:20Z</time>
   </trkpt>
   <trkpt lat="48.2788710" lon="7.4647820">
    <ele>172.8</ele>
    <time>2024-04-21T12:43:21Z</time>
   </trkpt>
   <trkpt lat="48.2788680" lon="7.4648360">
    <ele>172.8</ele>
    <time>2024-04-21T12:43:22Z</time>
   </trkpt>
   <trkpt lat="48.2788520" lon="7.4648860">
    <ele>172.9</ele>
    <time>2024-04-21T12:43:23Z</time>
   </trkpt>
   <trkpt lat="48.2788280" lon="7.4649290">
    <ele>172.9</ele>
    <time>2024-04-21T12:43:24Z</time>
   </trkpt>
   <trkpt lat="48.2788020" lon="7.4649730">
    <ele>173.0</ele>
    <time>2024-04-21T12:43:25Z</time>
   </trkpt>
   <trkpt lat="48.2787760" lon="7.4650150">
    <ele>173.1</ele>
    <time>2024-04-21T12:43:26Z</time>
   </trkpt>
   <trkpt lat="48.2787500" lon="7.4650570">
    <ele>173.1</ele>
    <time>2024-04-21T12:43:27Z</time>
   </trkpt>
   <trkpt lat="48.2787240" lon="7.4651000">
    <ele>173.2</ele>
    <time>2024-04-21T12:43:28Z</time>
   </trkpt>
   <trkpt lat="48.2786960" lon="7.4651420">
    <ele>173.2</ele>
    <time>2024-04-21T12:43:29Z</time>
   </trkpt>
   <trkpt lat="48.2786470" lon="7.4651390">
    <ele>173.3</ele>
    <time>2024-04-21T12:43:30Z</time>
   </trkpt>
   <trkpt lat="48.2786010" lon="7.4651160">
    <ele>173.3</ele>
    <time>2024-04-21T12:43:31Z</time>
   </trkpt>
   <trkpt lat="48.2785570" lon="7.4650930">
    <ele>173.3</ele>
    <time>2024-04-21T12:43:32Z</time>
   </trkpt>
   <trkpt lat="48.2785110" lon="7.4650760">
    <ele>173.2</ele>
    <time>2024-04-21T12:43:33Z</time>
   </trkpt>
   <trkpt lat="48.2784630" lon="7.4650540">
    <ele>173.2</ele>
    <time>2024-04-21T12:43:34Z</time>
   </trkpt>
   <trkpt lat="48.2784160" lon="7.4650260">
    <ele>173.2</ele>
    <time>2024-04-21T12:43:35Z</time>
   </trkpt>
   <trkpt lat="48.2783680" lon="7.4649950">
    <ele>173.3</ele>
    <time>2024-04-21T12:43:36Z</time>
   </trkpt>
   <trkpt lat="48.2783220" lon="7.4649540">
    <ele>173.3</ele>
    <time>2024-04-21T12:43:37Z</time>
   </trkpt>
   <trkpt lat="48.2782760" lon="7.4649160">
    <ele>173.3</ele>
    <time>2024-04-21T12:43:38Z</time>
   </trkpt>
   <trkpt lat="48.2782290" lon="7.4648780">
    <ele>173.3</ele>
    <time>2024-04-21T12:43:39Z</time>
   </trkpt>
   <trkpt lat="48.2781820" lon="7.4648400">
    <ele>173.3</ele>
    <time>2024-04-21T12:43:40Z</time>
   </trkpt>
   <trkpt lat="48.2781350" lon="7.4648010">
    <ele>173.3</ele>
    <time>2024-04-21T12:43:41Z</time>
   </trkpt>
   <trkpt lat="48.2780870" lon="7.4647620">
    <ele>173.3</ele>
    <time>2024-04-21T12:43:42Z</time>
   </trkpt>
   <trkpt lat="48.2780370" lon="7.4647150">
    <ele>173.3</ele>
    <time>2024-04-21T12:43:43Z</time>
   </trkpt>
   <trkpt lat="48.2779870" lon="7.4646720">
    <ele>173.3</ele>
    <time>2024-04-21T12:43:44Z</time>
   </trkpt>
   <trkpt lat="48.2779350" lon="7.4646270">
    <ele>173.3</ele>
    <time>2024-04-21T12:43:45Z</time>
   </trkpt>
   <trkpt lat="48.2778830" lon="7.4645850">
    <ele>173.3</ele>
    <time>2024-04-21T12:43:46Z</time>
   </trkpt>
   <trkpt lat="48.2778290" lon="7.4645450">
    <ele>173.3</ele>
    <time>2024-04-21T12:43:47Z</time>
   </trkpt>
   <trkpt lat="48.2777740" lon="7.4645060">
    <ele>173.3</ele>
    <time>2024-04-21T12:43:48Z</time>
   </trkpt>
   <trkpt lat="48.2777220" lon="7.4644610">
    <ele>173.3</ele>
    <time>2024-04-21T12:43:49Z</time>
   </trkpt>
   <trkpt lat="48.2776690" lon="7.4644140">
    <ele>173.3</ele>
    <time>2024-04-21T12:43:50Z</time>
   </trkpt>
   <trkpt lat="48.2776150" lon="7.4643720">
    <ele>173.3</ele>
    <time>2024-04-21T12:43:51Z</time>
   </trkpt>
   <trkpt lat="48.2775600" lon="7.4643300">
    <ele>173.3</ele>
    <time>2024-04-21T12:43:52Z</time>
   </trkpt>
   <trkpt lat="48.2775060" lon="7.4642890">
    <ele>173.4</ele>
    <time>2024-04-21T12:43:53Z</time>
   </trkpt>
   <trkpt lat="48.2774560" lon="7.4642430">
    <ele>173.4</ele>
    <time>2024-04-21T12:43:54Z</time>
   </trkpt>
   <trkpt lat="48.2774080" lon="7.4641930">
    <ele>173.4</ele>
    <time>2024-04-21T12:43:55Z</time>
   </trkpt>
   <trkpt lat="48.2773580" lon="7.4641470">
    <ele>173.5</ele>
    <time>2024-04-21T12:43:56Z</time>
   </trkpt>
   <trkpt lat="48.2773060" lon="7.4641030">
    <ele>173.5</ele>
    <time>2024-04-21T12:43:57Z</time>
   </trkpt>
   <trkpt lat="48.2772530" lon="7.4640650">
    <ele>173.6</ele>
    <time>2024-04-21T12:43:58Z</time>
   </trkpt>
   <trkpt lat="48.2772010" lon="7.4640310">
    <ele>173.5</ele>
    <time>2024-04-21T12:43:59Z</time>
   </trkpt>
   <trkpt lat="48.2771460" lon="7.4640010">
    <ele>173.4</ele>
    <time>2024-04-21T12:44:00Z</time>
   </trkpt>
   <trkpt lat="48.2770910" lon="7.4639720">
    <ele>173.4</ele>
    <time>2024-04-21T12:44:01Z</time>
   </trkpt>
   <trkpt lat="48.2770390" lon="7.4639370">
    <ele>173.4</ele>
    <time>2024-04-21T12:44:02Z</time>
   </trkpt>
   <trkpt lat="48.2769870" lon="7.4638930">
    <ele>173.3</ele>
    <time>2024-04-21T12:44:03Z</time>
   </trkpt>
   <trkpt lat="48.2769350" lon="7.4638500">
    <ele>173.3</ele>
    <time>2024-04-21T12:44:04Z</time>
   </trkpt>
   <trkpt lat="48.2768850" lon="7.4638050">
    <ele>173.3</ele>
    <time>2024-04-21T12:44:05Z</time>
   </trkpt>
   <trkpt lat="48.2768330" lon="7.4637600">
    <ele>173.3</ele>
    <time>2024-04-21T12:44:06Z</time>
   </trkpt>
   <trkpt lat="48.2767790" lon="7.4637160">
    <ele>173.3</ele>
    <time>2024-04-21T12:44:07Z</time>
   </trkpt>
   <trkpt lat="48.2767240" lon="7.4636720">
    <ele>173.3</ele>
    <time>2024-04-21T12:44:08Z</time>
   </trkpt>
   <trkpt lat="48.2766700" lon="7.4636280">
    <ele>173.3</ele>
    <time>2024-04-21T12:44:09Z</time>
   </trkpt>
   <trkpt lat="48.2766190" lon="7.4635810">
    <ele>173.4</ele>
    <time>2024-04-21T12:44:10Z</time>
   </trkpt>
   <trkpt lat="48.2765710" lon="7.4635300">
    <ele>173.4</ele>
    <time>2024-04-21T12:44:11Z</time>
   </trkpt>
   <trkpt lat="48.2765240" lon="7.4634790">
    <ele>173.5</ele>
    <time>2024-04-21T12:44:12Z</time>
   </trkpt>
   <trkpt lat="48.2764790" lon="7.4634240">
    <ele>173.6</ele>
    <time>2024-04-21T12:44:13Z</time>
   </trkpt>
   <trkpt lat="48.2764320" lon="7.4633700">
    <ele>173.7</ele>
    <time>2024-04-21T12:44:14Z</time>
   </trkpt>
   <trkpt lat="48.2763870" lon="7.4633160">
    <ele>173.9</ele>
    <time>2024-04-21T12:44:15Z</time>
   </trkpt>
   <trkpt lat="48.2763590" lon="7.4632410">
    <ele>173.9</ele>
    <time>2024-04-21T12:44:16Z</time>
   </trkpt>
   <trkpt lat="48.2763510" lon="7.4631550">
    <ele>173.9</ele>
    <time>2024-04-21T12:44:17Z</time>
   </trkpt>
   <trkpt lat="48.2763410" lon="7.4630700">
    <ele>173.9</ele>
    <time>2024-04-21T12:44:18Z</time>
   </trkpt>
   <trkpt lat="48.2763230" lon="7.4629890">
    <ele>173.9</ele>
    <time>2024-04-21T12:44:19Z</time>
   </trkpt>
   <trkpt lat="48.2762940" lon="7.4629160">
    <ele>173.9</ele>
    <time>2024-04-21T12:44:20Z</time>
   </trkpt>
   <trkpt lat="48.2762500" lon="7.4628610">
    <ele>173.9</ele>
    <time>2024-04-21T12:44:21Z</time>
   </trkpt>
   <trkpt lat="48.2761990" lon="7.4628210">
    <ele>173.9</ele>
    <time>2024-04-21T12:44:22Z</time>
   </trkpt>
   <trkpt lat="48.2761410" lon="7.4627970">
    <ele>173.9</ele>
    <time>2024-04-21T12:44:23Z</time>
   </trkpt>
   <trkpt lat="48.2760800" lon="7.4627940">
    <ele>173.9</ele>
    <time>2024-04-21T12:44:24Z</time>
   </trkpt>
   <trkpt lat="48.2760190" lon="7.4628060">
    <ele>173.9</ele>
    <time>2024-04-21T12:44:25Z</time>
   </trkpt>
   <trkpt lat="48.2759610" lon="7.4628290">
    <ele>173.9</ele>
    <time>2024-04-21T12:44:26Z</time>
   </trkpt>
   <trkpt lat="48.2759030" lon="7.4628560">
    <ele>173.9</ele>
    <time>2024-04-21T12:44:27Z</time>
   </trkpt>
   <trkpt lat="48.2758410" lon="7.4628510">
    <ele>173.8</ele>
    <time>2024-04-21T12:44:28Z</time>
   </trkpt>
   <trkpt lat="48.2757800" lon="7.4628290">
    <ele>173.8</ele>
    <time>2024-04-21T12:44:29Z</time>
   </trkpt>
   <trkpt lat="48.2757240" lon="7.4627990">
    <ele>173.8</ele>
    <time>2024-04-21T12:44:30Z</time>
   </trkpt>
   <trkpt lat="48.2756740" lon="7.4627540">
    <ele>173.8</ele>
    <time>2024-04-21T12:44:31Z</time>
   </trkpt>
   <trkpt lat="48.2756250" lon="7.4627090">
    <ele>173.8</ele>
    <time>2024-04-21T12:44:32Z</time>
   </trkpt>
   <trkpt lat="48.2755770" lon="7.4626690">
    <ele>173.8</ele>
    <time>2024-04-21T12:44:33Z</time>
   </trkpt>
   <trkpt lat="48.2755270" lon="7.4626310">
    <ele>173.8</ele>
    <time>2024-04-21T12:44:34Z</time>
   </trkpt>
   <trkpt lat="48.2754790" lon="7.4625920">
    <ele>173.8</ele>
    <time>2024-04-21T12:44:35Z</time>
   </trkpt>
   <trkpt lat="48.2754330" lon="7.4625580">
    <ele>173.8</ele>
    <time>2024-04-21T12:44:36Z</time>
   </trkpt>
   <trkpt lat="48.2753890" lon="7.4625320">
    <ele>173.8</ele>
    <time>2024-04-21T12:44:37Z</time>
   </trkpt>
   <trkpt lat="48.2753690" lon="7.4625040">
    <ele>173.8</ele>
    <time>2024-04-21T12:44:38Z</time>
   </trkpt>
   <trkpt lat="48.2753790" lon="7.4624840">
    <ele>173.8</ele>
    <time>2024-04-21T12:44:39Z</time>
   </trkpt>
   <trkpt lat="48.2753960" lon="7.4624770">
    <ele>173.8</ele>
    <time>2024-04-21T12:44:40Z</time>
   </trkpt>
   <trkpt lat="48.2754220" lon="7.4625060">
    <ele>173.8</ele>
    <time>2024-04-21T12:44:41Z</time>
   </trkpt>
   <trkpt lat="48.2754290" lon="7.4625200">
    <ele>173.8</ele>
    <time>2024-04-21T12:44:42Z</time>
   </trkpt>
   <trkpt lat="48.2754530" lon="7.4625460">
    <ele>173.8</ele>
    <time>2024-04-21T12:44:43Z</time>
   </trkpt>
   <trkpt lat="48.2754870" lon="7.4625740">
    <ele>173.8</ele>
    <time>2024-04-21T12:44:44Z</time>
   </trkpt>
   <trkpt lat="48.2755220" lon="7.4625990">
    <ele>173.8</ele>
    <time>2024-04-21T12:44:45Z</time>
   </trkpt>
   <trkpt lat="48.2755600" lon="7.4626200">
    <ele>173.8</ele>
    <time>2024-04-21T12:44:46Z</time>
   </trkpt>
   <trkpt lat="48.2756020" lon="7.4626340">
    <ele>173.8</ele>
    <time>2024-04-21T12:44:47Z</time>
   </trkpt>
   <trkpt lat="48.2756470" lon="7.4626430">
    <ele>173.8</ele>
    <time>2024-04-21T12:44:48Z</time>
   </trkpt>
   <trkpt lat="48.2756930" lon="7.4626490">
    <ele>173.8</ele>
    <time>2024-04-21T12:44:49Z</time>
   </trkpt>
   <trkpt lat="48.2757390" lon="7.4626550">
    <ele>173.8</ele>
    <time>2024-04-21T12:44:50Z</time>
   </trkpt>
   <trkpt lat="48.2757840" lon="7.4626640">
    <ele>173.8</ele>
    <time>2024-04-21T12:44:51Z</time>
   </trkpt>
   <trkpt lat="48.2758310" lon="7.4626700">
    <ele>173.8</ele>
    <time>2024-04-21T12:44:52Z</time>
   </trkpt>
   <trkpt lat="48.2758800" lon="7.4626770">
    <ele>173.8</ele>
    <time>2024-04-21T12:44:53Z</time>
   </trkpt>
   <trkpt lat="48.2759290" lon="7.4626810">
    <ele>173.9</ele>
    <time>2024-04-21T12:44:54Z</time>
   </trkpt>
   <trkpt lat="48.2759750" lon="7.4626760">
    <ele>173.9</ele>
    <time>2024-04-21T12:44:55Z</time>
   </trkpt>
   <trkpt lat="48.2760200" lon="7.4626650">
    <ele>173.9</ele>
    <time>2024-04-21T12:44:56Z</time>
   </trkpt>
   <trkpt lat="48.2760640" lon="7.4626510">
    <ele>173.9</ele>
    <time>2024-04-21T12:44:57Z</time>
   </trkpt>
   <trkpt lat="48.2761050" lon="7.4626260">
    <ele>173.9</ele>
    <time>2024-04-21T12:44:58Z</time>
   </trkpt>
   <trkpt lat="48.2761350" lon="7.4625800">
    <ele>173.7</ele>
    <time>2024-04-21T12:44:59Z</time>
   </trkpt>
   <trkpt lat="48.2761560" lon="7.4625180">
    <ele>173.6</ele>
    <time>2024-04-21T12:45:00Z</time>
   </trkpt>
   <trkpt lat="48.2761670" lon="7.4624440">
    <ele>173.4</ele>
    <time>2024-04-21T12:45:01Z</time>
   </trkpt>
   <trkpt lat="48.2761730" lon="7.4623630">
    <ele>173.2</ele>
    <time>2024-04-21T12:45:02Z</time>
   </trkpt>
   <trkpt lat="48.2761880" lon="7.4622800">
    <ele>173.1</ele>
    <time>2024-04-21T12:45:03Z</time>
   </trkpt>
   <trkpt lat="48.2762140" lon="7.4622010">
    <ele>173.0</ele>
    <time>2024-04-21T12:45:04Z</time>
   </trkpt>
   <trkpt lat="48.2762400" lon="7.4621230">
    <ele>173.0</ele>
    <time>2024-04-21T12:45:05Z</time>
   </trkpt>
   <trkpt lat="48.2762640" lon="7.4620420">
    <ele>173.0</ele>
    <time>2024-04-21T12:45:06Z</time>
   </trkpt>
   <trkpt lat="48.2762880" lon="7.4619620">
    <ele>173.1</ele>
    <time>2024-04-21T12:45:07Z</time>
   </trkpt>
   <trkpt lat="48.2763090" lon="7.4618800">
    <ele>173.1</ele>
    <time>2024-04-21T12:45:08Z</time>
   </trkpt>
   <trkpt lat="48.2763280" lon="7.4617950">
    <ele>173.1</ele>
    <time>2024-04-21T12:45:09Z</time>
   </trkpt>
   <trkpt lat="48.2763430" lon="7.4617080">
    <ele>173.2</ele>
    <time>2024-04-21T12:45:10Z</time>
   </trkpt>
   <trkpt lat="48.2763540" lon="7.4616200">
    <ele>173.2</ele>
    <time>2024-04-21T12:45:11Z</time>
   </trkpt>
   <trkpt lat="48.2763700" lon="7.4615350">
    <ele>173.2</ele>
    <time>2024-04-21T12:45:12Z</time>
   </trkpt>
   <trkpt lat="48.2763870" lon="7.4614520">
    <ele>173.3</ele>
    <time>2024-04-21T12:45:13Z</time>
   </trkpt>
   <trkpt lat="48.2764000" lon="7.4613660">
    <ele>173.3</ele>
    <time>2024-04-21T12:45:14Z</time>
   </trkpt>
   <trkpt lat="48.2764140" lon="7.4612800">
    <ele>173.3</ele>
    <time>2024-04-21T12:45:15Z</time>
   </trkpt>
   <trkpt lat="48.2764280" lon="7.4611950">
    <ele>173.3</ele>
    <time>2024-04-21T12:45:16Z</time>
   </trkpt>
   <trkpt lat="48.2764450" lon="7.4611120">
    <ele>173.3</ele>
    <time>2024-04-21T12:45:17Z</time>
   </trkpt>
   <trkpt lat="48.2764610" lon="7.4610260">
    <ele>173.3</ele>
    <time>2024-04-21T12:45:18Z</time>
   </trkpt>
   <trkpt lat="48.2764780" lon="7.4609410">
    <ele>173.3</ele>
    <time>2024-04-21T12:45:19Z</time>
   </trkpt>
   <trkpt lat="48.2764930" lon="7.4608540">
    <ele>173.4</ele>
    <time>2024-04-21T12:45:20Z</time>
   </trkpt>
   <trkpt lat="48.2765090" lon="7.4607670">
    <ele>173.4</ele>
    <time>2024-04-21T12:45:21Z</time>
   </trkpt>
   <trkpt lat="48.2765280" lon="7.4606820">
    <ele>173.5</ele>
    <time>2024-04-21T12:45:22Z</time>
   </trkpt>
   <trkpt lat="48.2765480" lon="7.4605990">
    <ele>173.5</ele>
    <time>2024-04-21T12:45:23Z</time>
   </trkpt>
   <trkpt lat="48.2765700" lon="7.4605170">
    <ele>173.6</ele>
    <time>2024-04-21T12:45:24Z</time>
   </trkpt>
   <trkpt lat="48.2765880" lon="7.4604340">
    <ele>173.7</ele>
    <time>2024-04-21T12:45:25Z</time>
   </trkpt>
   <trkpt lat="48.2766030" lon="7.4603510">
    <ele>173.7</ele>
    <time>2024-04-21T12:45:26Z</time>
   </trkpt>
   <trkpt lat="48.2766230" lon="7.4602660">
    <ele>173.8</ele>
    <time>2024-04-21T12:45:27Z</time>
   </trkpt>
   <trkpt lat="48.2766430" lon="7.4601810">
    <ele>173.9</ele>
    <time>2024-04-21T12:45:28Z</time>
   </trkpt>
   <trkpt lat="48.2766640" lon="7.4600950">
    <ele>173.9</ele>
    <time>2024-04-21T12:45:29Z</time>
   </trkpt>
   <trkpt lat="48.2766840" lon="7.4600090">
    <ele>173.9</ele>
    <time>2024-04-21T12:45:30Z</time>
   </trkpt>
   <trkpt lat="48.2767040" lon="7.4599270">
    <ele>174.0</ele>
    <time>2024-04-21T12:45:31Z</time>
   </trkpt>
   <trkpt lat="48.2767240" lon="7.4598430">
    <ele>174.0</ele>
    <time>2024-04-21T12:45:32Z</time>
   </trkpt>
   <trkpt lat="48.2767460" lon="7.4597620">
    <ele>174.0</ele>
    <time>2024-04-21T12:45:33Z</time>
   </trkpt>
   <trkpt lat="48.2767680" lon="7.4596800">
    <ele>174.0</ele>
    <time>2024-04-21T12:45:34Z</time>
   </trkpt>
   <trkpt lat="48.2767880" lon="7.4596000">
    <ele>174.0</ele>
    <time>2024-04-21T12:45:35Z</time>
   </trkpt>
   <trkpt lat="48.2768060" lon="7.4595200">
    <ele>174.1</ele>
    <time>2024-04-21T12:45:36Z</time>
   </trkpt>
   <trkpt lat="48.2768280" lon="7.4594400">
    <ele>174.1</ele>
    <time>2024-04-21T12:45:37Z</time>
   </trkpt>
   <trkpt lat="48.2768520" lon="7.4593620">
    <ele>174.2</ele>
    <time>2024-04-21T12:45:38Z</time>
   </trkpt>
   <trkpt lat="48.2768790" lon="7.4592870">
    <ele>174.2</ele>
    <time>2024-04-21T12:45:39Z</time>
   </trkpt>
   <trkpt lat="48.2769100" lon="7.4592130">
    <ele>174.2</ele>
    <time>2024-04-21T12:45:40Z</time>
   </trkpt>
   <trkpt lat="48.2769390" lon="7.4591420">
    <ele>174.2</ele>
    <time>2024-04-21T12:45:41Z</time>
   </trkpt>
   <trkpt lat="48.2769650" lon="7.4590670">
    <ele>174.2</ele>
    <time>2024-04-21T12:45:42Z</time>
   </trkpt>
   <trkpt lat="48.2769870" lon="7.4589850">
    <ele>174.2</ele>
    <time>2024-04-21T12:45:43Z</time>
   </trkpt>
   <trkpt lat="48.2770080" lon="7.4589050">
    <ele>174.3</ele>
    <time>2024-04-21T12:45:44Z</time>
   </trkpt>
   <trkpt lat="48.2770300" lon="7.4588240">
    <ele>174.3</ele>
    <time>2024-04-21T12:45:45Z</time>
   </trkpt>
   <trkpt lat="48.2770520" lon="7.4587450">
    <ele>174.2</ele>
    <time>2024-04-21T12:45:46Z</time>
   </trkpt>
   <trkpt lat="48.2770740" lon="7.4586640">
    <ele>174.2</ele>
    <time>2024-04-21T12:45:47Z</time>
   </trkpt>
   <trkpt lat="48.2770950" lon="7.4585820">
    <ele>174.2</ele>
    <time>2024-04-21T12:45:48Z</time>
   </trkpt>
   <trkpt lat="48.2771170" lon="7.4584980">
    <ele>174.1</ele>
    <time>2024-04-21T12:45:49Z</time>
   </trkpt>
   <trkpt lat="48.2771410" lon="7.4584150">
    <ele>174.1</ele>
    <time>2024-04-21T12:45:50Z</time>
   </trkpt>
   <trkpt lat="48.2771640" lon="7.4583320">
    <ele>174.1</ele>
    <time>2024-04-21T12:45:51Z</time>
   </trkpt>
   <trkpt lat="48.2771870" lon="7.4582460">
    <ele>174.1</ele>
    <time>2024-04-21T12:45:52Z</time>
   </trkpt>
   <trkpt lat="48.2772130" lon="7.4581620">
    <ele>174.1</ele>
    <time>2024-04-21T12:45:53Z</time>
   </trkpt>
   <trkpt lat="48.2772390" lon="7.4580760">
    <ele>174.0</ele>
    <time>2024-04-21T12:45:54Z</time>
   </trkpt>
   <trkpt lat="48.2772660" lon="7.4579900">
    <ele>174.0</ele>
    <time>2024-04-21T12:45:55Z</time>
   </trkpt>
   <trkpt lat="48.2772910" lon="7.4579060">
    <ele>174.1</ele>
    <time>2024-04-21T12:45:56Z</time>
   </trkpt>
   <trkpt lat="48.2773150" lon="7.4578230">
    <ele>174.1</ele>
    <time>2024-04-21T12:45:57Z</time>
   </trkpt>
   <trkpt lat="48.2773400" lon="7.4577390">
    <ele>174.1</ele>
    <time>2024-04-21T12:45:58Z</time>
   </trkpt>
   <trkpt lat="48.2773620" lon="7.4576560">
    <ele>174.1</ele>
    <time>2024-04-21T12:45:59Z</time>
   </trkpt>
   <trkpt lat="48.2773840" lon="7.4575730">
    <ele>174.1</ele>
    <time>2024-04-21T12:46:00Z</time>
   </trkpt>
   <trkpt lat="48.2774100" lon="7.4574950">
    <ele>174.1</ele>
    <time>2024-04-21T12:46:01Z</time>
   </trkpt>
   <trkpt lat="48.2774310" lon="7.4574150">
    <ele>174.1</ele>
    <time>2024-04-21T12:46:02Z</time>
   </trkpt>
   <trkpt lat="48.2774490" lon="7.4573350">
    <ele>174.1</ele>
    <time>2024-04-21T12:46:03Z</time>
   </trkpt>
   <trkpt lat="48.2774660" lon="7.4572550">
    <ele>174.1</ele>
    <time>2024-04-21T12:46:04Z</time>
   </trkpt>
   <trkpt lat="48.2774860" lon="7.4571740">
    <ele>174.0</ele>
    <time>2024-04-21T12:46:05Z</time>
   </trkpt>
   <trkpt lat="48.2775070" lon="7.4570920">
    <ele>174.0</ele>
    <time>2024-04-21T12:46:06Z</time>
   </trkpt>
   <trkpt lat="48.2775280" lon="7.4570100">
    <ele>174.0</ele>
    <time>2024-04-21T12:46:07Z</time>
   </trkpt>
   <trkpt lat="48.2775480" lon="7.4569280">
    <ele>174.1</ele>
    <time>2024-04-21T12:46:08Z</time>
   </trkpt>
   <trkpt lat="48.2775690" lon="7.4568480">
    <ele>174.2</ele>
    <time>2024-04-21T12:46:09Z</time>
   </trkpt>
   <trkpt lat="48.2775900" lon="7.4567690">
    <ele>174.3</ele>
    <time>2024-04-21T12:46:10Z</time>
   </trkpt>
   <trkpt lat="48.2776090" lon="7.4566930">
    <ele>174.4</ele>
    <time>2024-04-21T12:46:11Z</time>
   </trkpt>
   <trkpt lat="48.2776270" lon="7.4566170">
    <ele>174.5</ele>
    <time>2024-04-21T12:46:12Z</time>
   </trkpt>
   <trkpt lat="48.2776470" lon="7.4565440">
    <ele>174.7</ele>
    <time>2024-04-21T12:46:13Z</time>
   </trkpt>
   <trkpt lat="48.2776680" lon="7.4564730">
    <ele>174.9</ele>
    <time>2024-04-21T12:46:14Z</time>
   </trkpt>
   <trkpt lat="48.2776850" lon="7.4564040">
    <ele>175.1</ele>
    <time>2024-04-21T12:46:15Z</time>
   </trkpt>
   <trkpt lat="48.2777010" lon="7.4563370">
    <ele>175.3</ele>
    <time>2024-04-21T12:46:16Z</time>
   </trkpt>
   <trkpt lat="48.2777160" lon="7.4562730">
    <ele>175.5</ele>
    <time>2024-04-21T12:46:17Z</time>
   </trkpt>
   <trkpt lat="48.2777310" lon="7.4562140">
    <ele>175.6</ele>
    <time>2024-04-21T12:46:18Z</time>
   </trkpt>
   <trkpt lat="48.2777460" lon="7.4561610">
    <ele>175.8</ele>
    <time>2024-04-21T12:46:19Z</time>
   </trkpt>
   <trkpt lat="48.2777590" lon="7.4561080">
    <ele>176.0</ele>
    <time>2024-04-21T12:46:20Z</time>
   </trkpt>
   <trkpt lat="48.2777710" lon="7.4560570">
    <ele>176.1</ele>
    <time>2024-04-21T12:46:21Z</time>
   </trkpt>
   <trkpt lat="48.2777820" lon="7.4560060">
    <ele>176.3</ele>
    <time>2024-04-21T12:46:22Z</time>
   </trkpt>
   <trkpt lat="48.2777930" lon="7.4559570">
    <ele>176.5</ele>
    <time>2024-04-21T12:46:23Z</time>
   </trkpt>
   <trkpt lat="48.2778060" lon="7.4559100">
    <ele>176.6</ele>
    <time>2024-04-21T12:46:24Z</time>
   </trkpt>
   <trkpt lat="48.2778190" lon="7.4558620">
    <ele>176.8</ele>
    <time>2024-04-21T12:46:25Z</time>
   </trkpt>
   <trkpt lat="48.2778320" lon="7.4558160">
    <ele>177.0</ele>
    <time>2024-04-21T12:46:26Z</time>
   </trkpt>
   <trkpt lat="48.2778420" lon="7.4557690">
    <ele>177.1</ele>
    <time>2024-04-21T12:46:27Z</time>
   </trkpt>
   <trkpt lat="48.2778520" lon="7.4557230">
    <ele>177.3</ele>
    <time>2024-04-21T12:46:28Z</time>
   </trkpt>
   <trkpt lat="48.2778630" lon="7.4556770">
    <ele>177.5</ele>
    <time>2024-04-21T12:46:29Z</time>
   </trkpt>
   <trkpt lat="48.2778730" lon="7.4556320">
    <ele>177.7</ele>
    <time>2024-04-21T12:46:30Z</time>
   </trkpt>
   <trkpt lat="48.2778830" lon="7.4555870">
    <ele>177.8</ele>
    <time>2024-04-21T12:46:31Z</time>
   </trkpt>
   <trkpt lat="48.2778930" lon="7.4555420">
    <ele>178.0</ele>
    <time>2024-04-21T12:46:32Z</time>
   </trkpt>
   <trkpt lat="48.2779030" lon="7.4554970">
    <ele>178.2</ele>
    <time>2024-04-21T12:46:33Z</time>
   </trkpt>
   <trkpt lat="48.2779140" lon="7.4554520">
    <ele>178.4</ele>
    <time>2024-04-21T12:46:34Z</time>
   </trkpt>
   <trkpt lat="48.2779230" lon="7.4554070">
    <ele>178.6</ele>
    <time>2024-04-21T12:46:35Z</time>
   </trkpt>
   <trkpt lat="48.2779330" lon="7.4553610">
    <ele>178.7</ele>
    <time>2024-04-21T12:46:36Z</time>
   </trkpt>
   <trkpt lat="48.2779440" lon="7.4553150">
    <ele>178.9</ele>
    <time>2024-04-21T12:46:37Z</time>
   </trkpt>
   <trkpt lat="48.2779540" lon="7.4552700">
    <ele>179.1</ele>
    <time>2024-04-21T12:46:38Z</time>
   </trkpt>
   <trkpt lat="48.2779660" lon="7.4552240">
    <ele>179.2</ele>
    <time>2024-04-21T12:46:39Z</time>
   </trkpt>
   <trkpt lat="48.2779780" lon="7.4551790">
    <ele>179.4</ele>
    <time>2024-04-21T12:46:40Z</time>
   </trkpt>
   <trkpt lat="48.2779890" lon="7.4551330">
    <ele>179.5</ele>
    <time>2024-04-21T12:46:41Z</time>
   </trkpt>
   <trkpt lat="48.2779990" lon="7.4550870">
    <ele>179.7</ele>
    <time>2024-04-21T12:46:42Z</time>
   </trkpt>
   <trkpt lat="48.2780090" lon="7.4550410">
    <ele>179.9</ele>
    <time>2024-04-21T12:46:43Z</time>
   </trkpt>
   <trkpt lat="48.2780190" lon="7.4549960">
    <ele>180.0</ele>
    <time>2024-04-21T12:46:44Z</time>
   </trkpt>
   <trkpt lat="48.2780310" lon="7.4549520">
    <ele>180.2</ele>
    <time>2024-04-21T12:46:45Z</time>
   </trkpt>
   <trkpt lat="48.2780420" lon="7.4549080">
    <ele>180.3</ele>
    <time>2024-04-21T12:46:46Z</time>
   </trkpt>
   <trkpt lat="48.2780520" lon="7.4548630">
    <ele>180.5</ele>
    <time>2024-04-21T12:46:47Z</time>
   </trkpt>
   <trkpt lat="48.2780620" lon="7.4548180">
    <ele>180.6</ele>
    <time>2024-04-21T12:46:48Z</time>
   </trkpt>
   <trkpt lat="48.2780720" lon="7.4547730">
    <ele>180.7</ele>
    <time>2024-04-21T12:46:49Z</time>
   </trkpt>
   <trkpt lat="48.2780830" lon="7.4547290">
    <ele>180.8</ele>
    <time>2024-04-21T12:46:50Z</time>
   </trkpt>
   <trkpt lat="48.2780940" lon="7.4546850">
    <ele>181.0</ele>
    <time>2024-04-21T12:46:51Z</time>
   </trkpt>
   <trkpt lat="48.2781040" lon="7.4546380">
    <ele>181.1</ele>
    <time>2024-04-21T12:46:52Z</time>
   </trkpt>
   <trkpt lat="48.2781150" lon="7.4545910">
    <ele>181.2</ele>
    <time>2024-04-21T12:46:53Z</time>
   </trkpt>
   <trkpt lat="48.2781260" lon="7.4545440">
    <ele>181.3</ele>
    <time>2024-04-21T12:46:54Z</time>
   </trkpt>
   <trkpt lat="48.2781360" lon="7.4544960">
    <ele>181.4</ele>
    <time>2024-04-21T12:46:55Z</time>
   </trkpt>
   <trkpt lat="48.2781490" lon="7.4544490">
    <ele>181.5</ele>
    <time>2024-04-21T12:46:56Z</time>
   </trkpt>
   <trkpt lat="48.2781620" lon="7.4544020">
    <ele>181.6</ele>
    <time>2024-04-21T12:46:57Z</time>
   </trkpt>
   <trkpt lat="48.2781730" lon="7.4543570">
    <ele>181.6</ele>
    <time>2024-04-21T12:46:58Z</time>
   </trkpt>
   <trkpt lat="48.2781840" lon="7.4543130">
    <ele>181.6</ele>
    <time>2024-04-21T12:46:59Z</time>
   </trkpt>
   <trkpt lat="48.2781930" lon="7.4542650">
    <ele>181.6</ele>
    <time>2024-04-21T12:47:00Z</time>
   </trkpt>
   <trkpt lat="48.2782020" lon="7.4542160">
    <ele>181.6</ele>
    <time>2024-04-21T12:47:01Z</time>
   </trkpt>
   <trkpt lat="48.2782130" lon="7.4541680">
    <ele>181.6</ele>
    <time>2024-04-21T12:47:02Z</time>
   </trkpt>
   <trkpt lat="48.2782240" lon="7.4541170">
    <ele>181.6</ele>
    <time>2024-04-21T12:47:03Z</time>
   </trkpt>
   <trkpt lat="48.2782380" lon="7.4540630">
    <ele>181.5</ele>
    <time>2024-04-21T12:47:04Z</time>
   </trkpt>
   <trkpt lat="48.2782530" lon="7.4540050">
    <ele>181.5</ele>
    <time>2024-04-21T12:47:05Z</time>
   </trkpt>
   <trkpt lat="48.2782670" lon="7.4539430">
    <ele>181.4</ele>
    <time>2024-04-21T12:47:06Z</time>
   </trkpt>
   <trkpt lat="48.2782830" lon="7.4538740">
    <ele>181.3</ele>
    <time>2024-04-21T12:47:07Z</time>
   </trkpt>
   <trkpt lat="48.2782990" lon="7.4538030">
    <ele>181.2</ele>
    <time>2024-04-21T12:47:08Z</time>
   </trkpt>
   <trkpt lat="48.2783150" lon="7.4537290">
    <ele>181.0</ele>
    <time>2024-04-21T12:47:09Z</time>
   </trkpt>
   <trkpt lat="48.2783320" lon="7.4536510">
    <ele>180.8</ele>
    <time>2024-04-21T12:47:10Z</time>
   </trkpt>
   <trkpt lat="48.2783520" lon="7.4535710">
    <ele>180.6</ele>
    <time>2024-04-21T12:47:11Z</time>
   </trkpt>
   <trkpt lat="48.2783700" lon="7.4534880">
    <ele>180.4</ele>
    <time>2024-04-21T12:47:12Z</time>
   </trkpt>
   <trkpt lat="48.2783920" lon="7.4533960">
    <ele>180.1</ele>
    <time>2024-04-21T12:47:13Z</time>
   </trkpt>
   <trkpt lat="48.2784150" lon="7.4533010">
    <ele>179.8</ele>
    <time>2024-04-21T12:47:14Z</time>
   </trkpt>
   <trkpt lat="48.2784360" lon="7.4532030">
    <ele>179.5</ele>
    <time>2024-04-21T12:47:15Z</time>
   </trkpt>
   <trkpt lat="48.2784590" lon="7.4531010">
    <ele>179.2</ele>
    <time>2024-04-21T12:47:16Z</time>
   </trkpt>
   <trkpt lat="48.2784800" lon="7.4529960">
    <ele>178.8</ele>
    <time>2024-04-21T12:47:17Z</time>
   </trkpt>
   <trkpt lat="48.2785040" lon="7.4528860">
    <ele>178.3</ele>
    <time>2024-04-21T12:47:18Z</time>
   </trkpt>
   <trkpt lat="48.2785320" lon="7.4527720">
    <ele>177.9</ele>
    <time>2024-04-21T12:47:19Z</time>
   </trkpt>
   <trkpt lat="48.2785600" lon="7.4526520">
    <ele>177.6</ele>
    <time>2024-04-21T12:47:20Z</time>
   </trkpt>
   <trkpt lat="48.2785890" lon="7.4525310">
    <ele>177.4</ele>
    <time>2024-04-21T12:47:21Z</time>
   </trkpt>
   <trkpt lat="48.2786180" lon="7.4524070">
    <ele>177.1</ele>
    <time>2024-04-21T12:47:22Z</time>
   </trkpt>
   <trkpt lat="48.2786470" lon="7.4522820">
    <ele>176.9</ele>
    <time>2024-04-21T12:47:23Z</time>
   </trkpt>
   <trkpt lat="48.2786750" lon="7.4521570">
    <ele>176.7</ele>
    <time>2024-04-21T12:47:24Z</time>
   </trkpt>
   <trkpt lat="48.2787050" lon="7.4520340">
    <ele>176.6</ele>
    <time>2024-04-21T12:47:25Z</time>
   </trkpt>
   <trkpt lat="48.2787340" lon="7.4519130">
    <ele>176.6</ele>
    <time>2024-04-21T12:47:26Z</time>
   </trkpt>
   <trkpt lat="48.2787610" lon="7.4517930">
    <ele>176.5</ele>
    <time>2024-04-21T12:47:27Z</time>
   </trkpt>
   <trkpt lat="48.2787870" lon="7.4516760">
    <ele>176.5</ele>
    <time>2024-04-21T12:47:28Z</time>
   </trkpt>
   <trkpt lat="48.2788100" lon="7.4515580">
    <ele>176.4</ele>
    <time>2024-04-21T12:47:29Z</time>
   </trkpt>
   <trkpt lat="48.2788340" lon="7.4514450">
    <ele>176.4</ele>
    <time>2024-04-21T12:47:30Z</time>
   </trkpt>
   <trkpt lat="48.2788590" lon="7.4513330">
    <ele>176.4</ele>
    <time>2024-04-21T12:47:31Z</time>
   </trkpt>
   <trkpt lat="48.2788860" lon="7.4512240">
    <ele>176.5</ele>
    <time>2024-04-21T12:47:32Z</time>
   </trkpt>
   <trkpt lat="48.2789120" lon="7.4511170">
    <ele>176.5</ele>
    <time>2024-04-21T12:47:33Z</time>
   </trkpt>
   <trkpt lat="48.2789360" lon="7.4510120">
    <ele>176.6</ele>
    <time>2024-04-21T12:47:34Z</time>
   </trkpt>
   <trkpt lat="48.2789590" lon="7.4509060">
    <ele>176.6</ele>
    <time>2024-04-21T12:47:35Z</time>
   </trkpt>
   <trkpt lat="48.2789810" lon="7.4508010">
    <ele>176.7</ele>
    <time>2024-04-21T12:47:36Z</time>
   </trkpt>
   <trkpt lat="48.2789960" lon="7.4506960">
    <ele>176.7</ele>
    <time>2024-04-21T12:47:37Z</time>
   </trkpt>
   <trkpt lat="48.2790040" lon="7.4505920">
    <ele>176.7</ele>
    <time>2024-04-21T12:47:38Z</time>
   </trkpt>
   <trkpt lat="48.2789980" lon="7.4504880">
    <ele>176.7</ele>
    <time>2024-04-21T12:47:39Z</time>
   </trkpt>
   <trkpt lat="48.2789910" lon="7.4503890">
    <ele>176.7</ele>
    <time>2024-04-21T12:47:40Z</time>
   </trkpt>
   <trkpt lat="48.2789760" lon="7.4502880">
    <ele>176.7</ele>
    <time>2024-04-21T12:47:41Z</time>
   </trkpt>
   <trkpt lat="48.2789580" lon="7.4501890">
    <ele>176.7</ele>
    <time>2024-04-21T12:47:42Z</time>
   </trkpt>
   <trkpt lat="48.2789400" lon="7.4500890">
    <ele>176.7</ele>
    <time>2024-04-21T12:47:43Z</time>
   </trkpt>
   <trkpt lat="48.2789220" lon="7.4499910">
    <ele>176.7</ele>
    <time>2024-04-21T12:47:44Z</time>
   </trkpt>
   <trkpt lat="48.2789010" lon="7.4498920">
    <ele>176.7</ele>
    <time>2024-04-21T12:47:45Z</time>
   </trkpt>
   <trkpt lat="48.2788800" lon="7.4497950">
    <ele>176.7</ele>
    <time>2024-04-21T12:47:46Z</time>
   </trkpt>
   <trkpt lat="48.2788580" lon="7.4496980">
    <ele>176.7</ele>
    <time>2024-04-21T12:47:47Z</time>
   </trkpt>
   <trkpt lat="48.2788350" lon="7.4496090">
    <ele>176.7</ele>
    <time>2024-04-21T12:47:48Z</time>
   </trkpt>
   <trkpt lat="48.2788120" lon="7.4495200">
    <ele>176.7</ele>
    <time>2024-04-21T12:47:49Z</time>
   </trkpt>
   <trkpt lat="48.2787860" lon="7.4494310">
    <ele>176.7</ele>
    <time>2024-04-21T12:47:50Z</time>
   </trkpt>
   <trkpt lat="48.2787560" lon="7.4493490">
    <ele>176.7</ele>
    <time>2024-04-21T12:47:51Z</time>
   </trkpt>
   <trkpt lat="48.2787220" lon="7.4492680">
    <ele>176.7</ele>
    <time>2024-04-21T12:47:52Z</time>
   </trkpt>
   <trkpt lat="48.2786880" lon="7.4491870">
    <ele>176.7</ele>
    <time>2024-04-21T12:47:53Z</time>
   </trkpt>
   <trkpt lat="48.2786540" lon="7.4491080">
    <ele>176.7</ele>
    <time>2024-04-21T12:47:54Z</time>
   </trkpt>
   <trkpt lat="48.2786260" lon="7.4490260">
    <ele>176.8</ele>
    <time>2024-04-21T12:47:55Z</time>
   </trkpt>
   <trkpt lat="48.2786180" lon="7.4489320">
    <ele>176.8</ele>
    <time>2024-04-21T12:47:56Z</time>
   </trkpt>
   <trkpt lat="48.2786370" lon="7.4488390">
    <ele>176.7</ele>
    <time>2024-04-21T12:47:57Z</time>
   </trkpt>
   <trkpt lat="48.2786720" lon="7.4487590">
    <ele>176.7</ele>
    <time>2024-04-21T12:47:58Z</time>
   </trkpt>
   <trkpt lat="48.2787120" lon="7.4486850">
    <ele>176.7</ele>
    <time>2024-04-21T12:47:59Z</time>
   </trkpt>
   <trkpt lat="48.2787540" lon="7.4486140">
    <ele>176.7</ele>
    <time>2024-04-21T12:48:00Z</time>
   </trkpt>
   <trkpt lat="48.2787960" lon="7.4485430">
    <ele>176.8</ele>
    <time>2024-04-21T12:48:01Z</time>
   </trkpt>
   <trkpt lat="48.2788370" lon="7.4484740">
    <ele>176.8</ele>
    <time>2024-04-21T12:48:02Z</time>
   </trkpt>
   <trkpt lat="48.2788790" lon="7.4484090">
    <ele>176.8</ele>
    <time>2024-04-21T12:48:03Z</time>
   </trkpt>
   <trkpt lat="48.2789220" lon="7.4483470">
    <ele>176.9</ele>
    <time>2024-04-21T12:48:04Z</time>
   </trkpt>
   <trkpt lat="48.2789650" lon="7.4482860">
    <ele>176.9</ele>
    <time>2024-04-21T12:48:05Z</time>
   </trkpt>
   <trkpt lat="48.2790090" lon="7.4482290">
    <ele>177.0</ele>
    <time>2024-04-21T12:48:06Z</time>
   </trkpt>
   <trkpt lat="48.2790520" lon="7.4481750">
    <ele>177.0</ele>
    <time>2024-04-21T12:48:07Z</time>
   </trkpt>
   <trkpt lat="48.2790940" lon="7.4481220">
    <ele>177.1</ele>
    <time>2024-04-21T12:48:08Z</time>
   </trkpt>
   <trkpt lat="48.2791340" lon="7.4480740">
    <ele>177.2</ele>
    <time>2024-04-21T12:48:09Z</time>
   </trkpt>
   <trkpt lat="48.2791740" lon="7.4480280">
    <ele>177.3</ele>
    <time>2024-04-21T12:48:10Z</time>
   </trkpt>
   <trkpt lat="48.2792160" lon="7.4479820">
    <ele>177.4</ele>
    <time>2024-04-21T12:48:11Z</time>
   </trkpt>
   <trkpt lat="48.2792540" lon="7.4479370">
    <ele>177.6</ele>
    <time>2024-04-21T12:48:12Z</time>
   </trkpt>
   <trkpt lat="48.2792910" lon="7.4478930">
    <ele>177.7</ele>
    <time>2024-04-21T12:48:13Z</time>
   </trkpt>
   <trkpt lat="48.2793250" lon="7.4478490">
    <ele>177.9</ele>
    <time>2024-04-21T12:48:14Z</time>
   </trkpt>
   <trkpt lat="48.2793570" lon="7.4478090">
    <ele>178.1</ele>
    <time>2024-04-21T12:48:15Z</time>
   </trkpt>
   <trkpt lat="48.2793910" lon="7.4477750">
    <ele>178.2</ele>
    <time>2024-04-21T12:48:16Z</time>
   </trkpt>
   <trkpt lat="48.2794220" lon="7.4477430">
    <ele>178.4</ele>
    <time>2024-04-21T12:48:17Z</time>
   </trkpt>
   <trkpt lat="48.2794540" lon="7.4477150">
    <ele>178.6</ele>
    <time>2024-04-21T12:48:18Z</time>
   </trkpt>
   <trkpt lat="48.2794850" lon="7.4476910">
    <ele>178.8</ele>
    <time>2024-04-21T12:48:19Z</time>
   </trkpt>
   <trkpt lat="48.2795140" lon="7.4476640">
    <ele>178.9</ele>
    <time>2024-04-21T12:48:20Z</time>
   </trkpt>
   <trkpt lat="48.2795450" lon="7.4476400">
    <ele>179.1</ele>
    <time>2024-04-21T12:48:21Z</time>
   </trkpt>
   <trkpt lat="48.2795750" lon="7.4476150">
    <ele>179.3</ele>
    <time>2024-04-21T12:48:22Z</time>
   </trkpt>
   <trkpt lat="48.2796010" lon="7.4475900">
    <ele>179.5</ele>
    <time>2024-04-21T12:48:23Z</time>
   </trkpt>
   <trkpt lat="48.2796250" lon="7.4475630">
    <ele>179.7</ele>
    <time>2024-04-21T12:48:24Z</time>
   </trkpt>
   <trkpt lat="48.2796500" lon="7.4475380">
    <ele>179.9</ele>
    <time>2024-04-21T12:48:25Z</time>
   </trkpt>
   <trkpt lat="48.2796760" lon="7.4475130">
    <ele>180.0</ele>
    <time>2024-04-21T12:48:26Z</time>
   </trkpt>
   <trkpt lat="48.2797020" lon="7.4474890">
    <ele>180.2</ele>
    <time>2024-04-21T12:48:27Z</time>
   </trkpt>
   <trkpt lat="48.2797280" lon="7.4474650">
    <ele>180.4</ele>
    <time>2024-04-21T12:48:28Z</time>
   </trkpt>
   <trkpt lat="48.2797530" lon="7.4474400">
    <ele>180.6</ele>
    <time>2024-04-21T12:48:29Z</time>
   </trkpt>
   <trkpt lat="48.2797780" lon="7.4474130">
    <ele>180.8</ele>
    <time>2024-04-21T12:48:30Z</time>
   </trkpt>
   <trkpt lat="48.2798030" lon="7.4473880">
    <ele>181.0</ele>
    <time>2024-04-21T12:48:31Z</time>
   </trkpt>
   <trkpt lat="48.2798290" lon="7.4473640">
    <ele>181.1</ele>
    <time>2024-04-21T12:48:32Z</time>
   </trkpt>
   <trkpt lat="48.2798530" lon="7.4473360">
    <ele>181.3</ele>
    <time>2024-04-21T12:48:33Z</time>
   </trkpt>
   <trkpt lat="48.2798770" lon="7.4473090">
    <ele>181.5</ele>
    <time>2024-04-21T12:48:34Z</time>
   </trkpt>
   <trkpt lat="48.2799010" lon="7.4472840">
    <ele>181.6</ele>
    <time>2024-04-21T12:48:35Z</time>
   </trkpt>
   <trkpt lat="48.2799260" lon="7.4472600">
    <ele>181.8</ele>
    <time>2024-04-21T12:48:36Z</time>
   </trkpt>
   <trkpt lat="48.2799520" lon="7.4472390">
    <ele>181.9</ele>
    <time>2024-04-21T12:48:37Z</time>
   </trkpt>
   <trkpt lat="48.2799800" lon="7.4472200">
    <ele>182.1</ele>
    <time>2024-04-21T12:48:38Z</time>
   </trkpt>
   <trkpt lat="48.2800080" lon="7.4471980">
    <ele>182.2</ele>
    <time>2024-04-21T12:48:39Z</time>
   </trkpt>
   <trkpt lat="48.2800340" lon="7.4471720">
    <ele>182.4</ele>
    <time>2024-04-21T12:48:40Z</time>
   </trkpt>
   <trkpt lat="48.2800600" lon="7.4471470">
    <ele>182.5</ele>
    <time>2024-04-21T12:48:41Z</time>
   </trkpt>
   <trkpt lat="48.2800880" lon="7.4471210">
    <ele>182.7</ele>
    <time>2024-04-21T12:48:42Z</time>
   </trkpt>
   <trkpt lat="48.2801140" lon="7.4470930">
    <ele>182.8</ele>
    <time>2024-04-21T12:48:43Z</time>
   </trkpt>
   <trkpt lat="48.2801400" lon="7.4470650">
    <ele>183.0</ele>
    <time>2024-04-21T12:48:44Z</time>
   </trkpt>
   <trkpt lat="48.2801670" lon="7.4470390">
    <ele>183.1</ele>
    <time>2024-04-21T12:48:45Z</time>
   </trkpt>
   <trkpt lat="48.2801960" lon="7.4470150">
    <ele>183.2</ele>
    <time>2024-04-21T12:48:46Z</time>
   </trkpt>
   <trkpt lat="48.2802230" lon="7.4469860">
    <ele>183.3</ele>
    <time>2024-04-21T12:48:47Z</time>
   </trkpt>
   <trkpt lat="48.2802500" lon="7.4469560">
    <ele>183.4</ele>
    <time>2024-04-21T12:48:48Z</time>
   </trkpt>
   <trkpt lat="48.2802810" lon="7.4469320">
    <ele>183.5</ele>
    <time>2024-04-21T12:48:49Z</time>
   </trkpt>
   <trkpt lat="48.2803120" lon="7.4469080">
    <ele>183.5</ele>
    <time>2024-04-21T12:48:50Z</time>
   </trkpt>
   <trkpt lat="48.2803430" lon="7.4468840">
    <ele>183.6</ele>
    <time>2024-04-21T12:48:51Z</time>
   </trkpt>
   <trkpt lat="48.2803740" lon="7.4468540">
    <ele>183.7</ele>
    <time>2024-04-21T12:48:52Z</time>
   </trkpt>
   <trkpt lat="48.2804030" lon="7.4468220">
    <ele>183.7</ele>
    <time>2024-04-21T12:48:53Z</time>
   </trkpt>
   <trkpt lat="48.2804340" lon="7.4467940">
    <ele>183.7</ele>
    <time>2024-04-21T12:48:54Z</time>
   </trkpt>
   <trkpt lat="48.2804640" lon="7.4467680">
    <ele>183.7</ele>
    <time>2024-04-21T12:48:55Z</time>
   </trkpt>
   <trkpt lat="48.2804940" lon="7.4467420">
    <ele>183.8</ele>
    <time>2024-04-21T12:48:56Z</time>
   </trkpt>
   <trkpt lat="48.2805230" lon="7.4467100">
    <ele>183.8</ele>
    <time>2024-04-21T12:48:57Z</time>
   </trkpt>
   <trkpt lat="48.2805520" lon="7.4466780">
    <ele>183.8</ele>
    <time>2024-04-21T12:48:58Z</time>
   </trkpt>
   <trkpt lat="48.2805830" lon="7.4466460">
    <ele>183.8</ele>
    <time>2024-04-21T12:48:59Z</time>
   </trkpt>
   <trkpt lat="48.2806140" lon="7.4466120">
    <ele>183.8</ele>
    <time>2024-04-21T12:49:00Z</time>
   </trkpt>
   <trkpt lat="48.2806450" lon="7.4465790">
    <ele>183.8</ele>
    <time>2024-04-21T12:49:01Z</time>
   </trkpt>
   <trkpt lat="48.2806780" lon="7.4465460">
    <ele>183.8</ele>
    <time>2024-04-21T12:49:02Z</time>
   </trkpt>
   <trkpt lat="48.2807110" lon="7.4465110">
    <ele>183.8</ele>
    <time>2024-04-21T12:49:03Z</time>
   </trkpt>
   <trkpt lat="48.2807440" lon="7.4464720">
    <ele>183.7</ele>
    <time>2024-04-21T12:49:04Z</time>
   </trkpt>
   <trkpt lat="48.2807800" lon="7.4464340">
    <ele>183.7</ele>
    <time>2024-04-21T12:49:05Z</time>
   </trkpt>
   <trkpt lat="48.2808170" lon="7.4463890">
    <ele>183.6</ele>
    <time>2024-04-21T12:49:06Z</time>
   </trkpt>
   <trkpt lat="48.2808550" lon="7.4463410">
    <ele>183.5</ele>
    <time>2024-04-21T12:49:07Z</time>
   </trkpt>
   <trkpt lat="48.2808950" lon="7.4462940">
    <ele>183.5</ele>
    <time>2024-04-21T12:49:08Z</time>
   </trkpt>
   <trkpt lat="48.2809330" lon="7.4462440">
    <ele>183.3</ele>
    <time>2024-04-21T12:49:09Z</time>
   </trkpt>
   <trkpt lat="48.2809670" lon="7.4461890">
    <ele>183.2</ele>
    <time>2024-04-21T12:49:10Z</time>
   </trkpt>
   <trkpt lat="48.2810030" lon="7.4461360">
    <ele>183.1</ele>
    <time>2024-04-21T12:49:11Z</time>
   </trkpt>
   <trkpt lat="48.2810420" lon="7.4460880">
    <ele>182.9</ele>
    <time>2024-04-21T12:49:12Z</time>
   </trkpt>
   <trkpt lat="48.2810800" lon="7.4460360">
    <ele>182.7</ele>
    <time>2024-04-21T12:49:13Z</time>
   </trkpt>
   <trkpt lat="48.2811170" lon="7.4459780">
    <ele>182.4</ele>
    <time>2024-04-21T12:49:14Z</time>
   </trkpt>
   <trkpt lat="48.2811540" lon="7.4459170">
    <ele>182.1</ele>
    <time>2024-04-21T12:49:15Z</time>
   </trkpt>
   <trkpt lat="48.2811940" lon="7.4458540">
    <ele>181.7</ele>
    <time>2024-04-21T12:49:16Z</time>
   </trkpt>
   <trkpt lat="48.2812320" lon="7.4457860">
    <ele>181.3</ele>
    <time>2024-04-21T12:49:17Z</time>
   </trkpt>
   <trkpt lat="48.2812760" lon="7.4457180">
    <ele>181.0</ele>
    <time>2024-04-21T12:49:18Z</time>
   </trkpt>
   <trkpt lat="48.2813200" lon="7.4456480">
    <ele>180.6</ele>
    <time>2024-04-21T12:49:19Z</time>
   </trkpt>
   <trkpt lat="48.2813650" lon="7.4455760">
    <ele>180.2</ele>
    <time>2024-04-21T12:49:20Z</time>
   </trkpt>
   <trkpt lat="48.2814100" lon="7.4454990">
    <ele>179.9</ele>
    <time>2024-04-21T12:49:21Z</time>
   </trkpt>
   <trkpt lat="48.2814570" lon="7.4454170">
    <ele>179.6</ele>
    <time>2024-04-21T12:49:22Z</time>
   </trkpt>
   <trkpt lat="48.2815050" lon="7.4453340">
    <ele>179.3</ele>
    <time>2024-04-21T12:49:23Z</time>
   </trkpt>
   <trkpt lat="48.2815500" lon="7.4452480">
    <ele>179.0</ele>
    <time>2024-04-21T12:49:24Z</time>
   </trkpt>
   <trkpt lat="48.2816030" lon="7.4451730">
    <ele>178.8</ele>
    <time>2024-04-21T12:49:25Z</time>
   </trkpt>
   <trkpt lat="48.2816380" lon="7.4451050">
    <ele>178.7</ele>
    <time>2024-04-21T12:49:26Z</time>
   </trkpt>
   <trkpt lat="48.2816360" lon="7.4450350">
    <ele>178.5</ele>
    <time>2024-04-21T12:49:27Z</time>
   </trkpt>
   <trkpt lat="48.2816030" lon="7.4449960">
    <ele>178.4</ele>
    <time>2024-04-21T12:49:28Z</time>
   </trkpt>
   <trkpt lat="48.2815580" lon="7.4450060">
    <ele>178.3</ele>
    <time>2024-04-21T12:49:29Z</time>
   </trkpt>
   <trkpt lat="48.2815180" lon="7.4450450">
    <ele>178.2</ele>
    <time>2024-04-21T12:49:30Z</time>
   </trkpt>
   <trkpt lat="48.2814860" lon="7.4451000">
    <ele>178.0</ele>
    <time>2024-04-21T12:49:31Z</time>
   </trkpt>
   <trkpt lat="48.2814460" lon="7.4451460">
    <ele>178.0</ele>
    <time>2024-04-21T12:49:32Z</time>
   </trkpt>
   <trkpt lat="48.2814000" lon="7.4451870">
    <ele>177.9</ele>
    <time>2024-04-21T12:49:33Z</time>
   </trkpt>
   <trkpt lat="48.2813510" lon="7.4452320">
    <ele>177.8</ele>
    <time>2024-04-21T12:49:34Z</time>
   </trkpt>
   <trkpt lat="48.2813010" lon="7.4452770">
    <ele>177.8</ele>
    <time>2024-04-21T12:49:35Z</time>
   </trkpt>
   <trkpt lat="48.2812490" lon="7.4453240">
    <ele>177.7</ele>
    <time>2024-04-21T12:49:36Z</time>
   </trkpt>
   <trkpt lat="48.2811970" lon="7.4453730">
    <ele>177.7</ele>
    <time>2024-04-21T12:49:37Z</time>
   </trkpt>
   <trkpt lat="48.2811440" lon="7.4454220">
    <ele>177.7</ele>
    <time>2024-04-21T12:49:38Z</time>
   </trkpt>
   <trkpt lat="48.2810880" lon="7.4454680">
    <ele>177.7</ele>
    <time>2024-04-21T12:49:39Z</time>
   </trkpt>
   <trkpt lat="48.2810340" lon="7.4455150">
    <ele>177.7</ele>
    <time>2024-04-21T12:49:40Z</time>
   </trkpt>
   <trkpt lat="48.2809840" lon="7.4455760">
    <ele>177.7</ele>
    <time>2024-04-21T12:49:41Z</time>
   </trkpt>
   <trkpt lat="48.2809370" lon="7.4456440">
    <ele>177.7</ele>
    <time>2024-04-21T12:49:42Z</time>
   </trkpt>
   <trkpt lat="48.2808930" lon="7.4457110">
    <ele>177.7</ele>
    <time>2024-04-21T12:49:43Z</time>
   </trkpt>
   <trkpt lat="48.2808510" lon="7.4457790">
    <ele>177.7</ele>
    <time>2024-04-21T12:49:44Z</time>
   </trkpt>
   <trkpt lat="48.2808100" lon="7.4458490">
    <ele>177.7</ele>
    <time>2024-04-21T12:49:45Z</time>
   </trkpt>
   <trkpt lat="48.2807680" lon="7.4459200">
    <ele>177.7</ele>
    <time>2024-04-21T12:49:46Z</time>
   </trkpt>
   <trkpt lat="48.2807250" lon="7.4459900">
    <ele>177.7</ele>
    <time>2024-04-21T12:49:47Z</time>
   </trkpt>
   <trkpt lat="48.2806820" lon="7.4460610">
    <ele>177.7</ele>
    <time>2024-04-21T12:49:48Z</time>
   </trkpt>
   <trkpt lat="48.2806420" lon="7.4461350">
    <ele>177.7</ele>
    <time>2024-04-21T12:49:49Z</time>
   </trkpt>
   <trkpt lat="48.2805990" lon="7.4462030">
    <ele>177.7</ele>
    <time>2024-04-21T12:49:50Z</time>
   </trkpt>
   <trkpt lat="48.2805510" lon="7.4462610">
    <ele>177.7</ele>
    <time>2024-04-21T12:49:51Z</time>
   </trkpt>
   <trkpt lat="48.2804910" lon="7.4462930">
    <ele>177.6</ele>
    <time>2024-04-21T12:49:52Z</time>
   </trkpt>
   <trkpt lat="48.2804250" lon="7.4462800">
    <ele>177.6</ele>
    <time>2024-04-21T12:49:53Z</time>
   </trkpt>
   <trkpt lat="48.2803680" lon="7.4462210">
    <ele>177.5</ele>
    <time>2024-04-21T12:49:54Z</time>
   </trkpt>
   <trkpt lat="48.2803290" lon="7.4461380">
    <ele>177.4</ele>
    <time>2024-04-21T12:49:55Z</time>
   </trkpt>
   <trkpt lat="48.2802970" lon="7.4460460">
    <ele>177.3</ele>
    <time>2024-04-21T12:49:56Z</time>
   </trkpt>
   <trkpt lat="48.2802690" lon="7.4459550">
    <ele>177.2</ele>
    <time>2024-04-21T12:49:57Z</time>
   </trkpt>
   <trkpt lat="48.2802400" lon="7.4458660">
    <ele>177.2</ele>
    <time>2024-04-21T12:49:58Z</time>
   </trkpt>
   <trkpt lat="48.2802100" lon="7.4457770">
    <ele>177.2</ele>
    <time>2024-04-21T12:49:59Z</time>
   </trkpt>
   <trkpt lat="48.2801800" lon="7.4456880">
    <ele>177.2</ele>
    <time>2024-04-21T12:50:00Z</time>
   </trkpt>
   <trkpt lat="48.2801480" lon="7.4456030">
    <ele>177.3</ele>
    <time>2024-04-21T12:50:01Z</time>
   </trkpt>
   <trkpt lat="48.2801140" lon="7.4455200">
    <ele>177.3</ele>
    <time>2024-04-21T12:50:02Z</time>
   </trkpt>
   <trkpt lat="48.2800800" lon="7.4454410">
    <ele>177.4</ele>
    <time>2024-04-21T12:50:03Z</time>
   </trkpt>
   <trkpt lat="48.2800460" lon="7.4453570">
    <ele>177.4</ele>
    <time>2024-04-21T12:50:04Z</time>
   </trkpt>
   <trkpt lat="48.2800110" lon="7.4452740">
    <ele>177.5</ele>
    <time>2024-04-21T12:50:05Z</time>
   </trkpt>
   <trkpt lat="48.2799760" lon="7.4451880">
    <ele>177.5</ele>
    <time>2024-04-21T12:50:06Z</time>
   </trkpt>
   <trkpt lat="48.2799420" lon="7.4451070">
    <ele>177.5</ele>
    <time>2024-04-21T12:50:07Z</time>
   </trkpt>
   <trkpt lat="48.2799090" lon="7.4450240">
    <ele>177.6</ele>
    <time>2024-04-21T12:50:08Z</time>
   </trkpt>
   <trkpt lat="48.2798760" lon="7.4449430">
    <ele>177.6</ele>
    <time>2024-04-21T12:50:09Z</time>
   </trkpt>
   <trkpt lat="48.2798420" lon="7.4448620">
    <ele>177.7</ele>
    <time>2024-04-21T12:50:10Z</time>
   </trkpt>
   <trkpt lat="48.2798090" lon="7.4447830">
    <ele>177.7</ele>
    <time>2024-04-21T12:50:11Z</time>
   </trkpt>
   <trkpt lat="48.2797760" lon="7.4447040">
    <ele>177.8</ele>
    <time>2024-04-21T12:50:12Z</time>
   </trkpt>
   <trkpt lat="48.2797440" lon="7.4446250">
    <ele>177.8</ele>
    <time>2024-04-21T12:50:13Z</time>
   </trkpt>
   <trkpt lat="48.2797120" lon="7.4445450">
    <ele>177.9</ele>
    <time>2024-04-21T12:50:14Z</time>
   </trkpt>
   <trkpt lat="48.2796800" lon="7.4444610">
    <ele>177.9</ele>
    <time>2024-04-21T12:50:15Z</time>
   </trkpt>
   <trkpt lat="48.2796490" lon="7.4443790">
    <ele>177.9</ele>
    <time>2024-04-21T12:50:16Z</time>
   </trkpt>
   <trkpt lat="48.2796160" lon="7.4443010">
    <ele>178.0</ele>
    <time>2024-04-21T12:50:17Z</time>
   </trkpt>
   <trkpt lat="48.2795830" lon="7.4442180">
    <ele>178.0</ele>
    <time>2024-04-21T12:50:18Z</time>
   </trkpt>
   <trkpt lat="48.2795500" lon="7.4441340">
    <ele>178.0</ele>
    <time>2024-04-21T12:50:19Z</time>
   </trkpt>
   <trkpt lat="48.2795160" lon="7.4440510">
    <ele>178.0</ele>
    <time>2024-04-21T12:50:20Z</time>
   </trkpt>
   <trkpt lat="48.2794860" lon="7.4439690">
    <ele>178.1</ele>
    <time>2024-04-21T12:50:21Z</time>
   </trkpt>
   <trkpt lat="48.2794560" lon="7.4438860">
    <ele>178.1</ele>
    <time>2024-04-21T12:50:22Z</time>
   </trkpt>
   <trkpt lat="48.2794340" lon="7.4437970">
    <ele>178.2</ele>
    <time>2024-04-21T12:50:23Z</time>
   </trkpt>
   <trkpt lat="48.2794330" lon="7.4437010">
    <ele>178.3</ele>
    <time>2024-04-21T12:50:24Z</time>
   </trkpt>
   <trkpt lat="48.2794560" lon="7.4436090">
    <ele>178.3</ele>
    <time>2024-04-21T12:50:25Z</time>
   </trkpt>
   <trkpt lat="48.2794870" lon="7.4435230">
    <ele>178.3</ele>
    <time>2024-04-21T12:50:26Z</time>
   </trkpt>
   <trkpt lat="48.2795160" lon="7.4434400">
    <ele>178.3</ele>
    <time>2024-04-21T12:50:27Z</time>
   </trkpt>
   <trkpt lat="48.2795460" lon="7.4433610">
    <ele>178.3</ele>
    <time>2024-04-21T12:50:28Z</time>
   </trkpt>
   <trkpt lat="48.2795710" lon="7.4432820">
    <ele>178.3</ele>
    <time>2024-04-21T12:50:29Z</time>
   </trkpt>
   <trkpt lat="48.2795940" lon="7.4432010">
    <ele>178.4</ele>
    <time>2024-04-21T12:50:30Z</time>
   </trkpt>
   <trkpt lat="48.2796190" lon="7.4431230">
    <ele>178.4</ele>
    <time>2024-04-21T12:50:31Z</time>
   </trkpt>
   <trkpt lat="48.2796410" lon="7.4430430">
    <ele>178.4</ele>
    <time>2024-04-21T12:50:32Z</time>
   </trkpt>
   <trkpt lat="48.2796630" lon="7.4429640">
    <ele>178.5</ele>
    <time>2024-04-21T12:50:33Z</time>
   </trkpt>
   <trkpt lat="48.2796900" lon="7.4428860">
    <ele>178.5</ele>
    <time>2024-04-21T12:50:34Z</time>
   </trkpt>
   <trkpt lat="48.2797140" lon="7.4428080">
    <ele>178.5</ele>
    <time>2024-04-21T12:50:35Z</time>
   </trkpt>
   <trkpt lat="48.2797380" lon="7.4427300">
    <ele>178.5</ele>
    <time>2024-04-21T12:50:36Z</time>
   </trkpt>
   <trkpt lat="48.2797620" lon="7.4426510">
    <ele>178.6</ele>
    <time>2024-04-21T12:50:37Z</time>
   </trkpt>
   <trkpt lat="48.2797830" lon="7.4425740">
    <ele>178.6</ele>
    <time>2024-04-21T12:50:38Z</time>
   </trkpt>
   <trkpt lat="48.2798050" lon="7.4424960">
    <ele>178.7</ele>
    <time>2024-04-21T12:50:39Z</time>
   </trkpt>
   <trkpt lat="48.2798250" lon="7.4424170">
    <ele>178.7</ele>
    <time>2024-04-21T12:50:40Z</time>
   </trkpt>
   <trkpt lat="48.2798450" lon="7.4423400">
    <ele>178.8</ele>
    <time>2024-04-21T12:50:41Z</time>
   </trkpt>
   <trkpt lat="48.2798650" lon="7.4422640">
    <ele>178.8</ele>
    <time>2024-04-21T12:50:42Z</time>
   </trkpt>
   <trkpt lat="48.2798860" lon="7.4421880">
    <ele>178.9</ele>
    <time>2024-04-21T12:50:43Z</time>
   </trkpt>
   <trkpt lat="48.2799050" lon="7.4421120">
    <ele>178.9</ele>
    <time>2024-04-21T12:50:44Z</time>
   </trkpt>
   <trkpt lat="48.2799230" lon="7.4420360">
    <ele>179.0</ele>
    <time>2024-04-21T12:50:45Z</time>
   </trkpt>
   <trkpt lat="48.2799430" lon="7.4419620">
    <ele>179.0</ele>
    <time>2024-04-21T12:50:46Z</time>
   </trkpt>
   <trkpt lat="48.2799590" lon="7.4418850">
    <ele>179.1</ele>
    <time>2024-04-21T12:50:47Z</time>
   </trkpt>
   <trkpt lat="48.2799730" lon="7.4418060">
    <ele>179.1</ele>
    <time>2024-04-21T12:50:48Z</time>
   </trkpt>
   <trkpt lat="48.2799890" lon="7.4417280">
    <ele>179.2</ele>
    <time>2024-04-21T12:50:49Z</time>
   </trkpt>
   <trkpt lat="48.2800030" lon="7.4416490">
    <ele>179.3</ele>
    <time>2024-04-21T12:50:50Z</time>
   </trkpt>
   <trkpt lat="48.2800160" lon="7.4415680">
    <ele>179.3</ele>
    <time>2024-04-21T12:50:51Z</time>
   </trkpt>
   <trkpt lat="48.2800300" lon="7.4414880">
    <ele>179.4</ele>
    <time>2024-04-21T12:50:52Z</time>
   </trkpt>
   <trkpt lat="48.2800440" lon="7.4414080">
    <ele>179.4</ele>
    <time>2024-04-21T12:50:53Z</time>
   </trkpt>
   <trkpt lat="48.2800590" lon="7.4413280">
    <ele>179.4</ele>
    <time>2024-04-21T12:50:54Z</time>
   </trkpt>
   <trkpt lat="48.2800710" lon="7.4412510">
    <ele>179.5</ele>
    <time>2024-04-21T12:50:55Z</time>
   </trkpt>
   <trkpt lat="48.2800830" lon="7.4411770">
    <ele>179.5</ele>
    <time>2024-04-21T12:50:56Z</time>
   </trkpt>
   <trkpt lat="48.2800970" lon="7.4410990">
    <ele>179.5</ele>
    <time>2024-04-21T12:50:57Z</time>
   </trkpt>
   <trkpt lat="48.2801100" lon="7.4410200">
    <ele>179.5</ele>
    <time>2024-04-21T12:50:58Z</time>
   </trkpt>
   <trkpt lat="48.2801240" lon="7.4409430">
    <ele>179.5</ele>
    <time>2024-04-21T12:50:59Z</time>
   </trkpt>
   <trkpt lat="48.2801370" lon="7.4408630">
    <ele>179.5</ele>
    <time>2024-04-21T12:51:00Z</time>
   </trkpt>
   <trkpt lat="48.2801520" lon="7.4407820">
    <ele>179.5</ele>
    <time>2024-04-21T12:51:01Z</time>
   </trkpt>
   <trkpt lat="48.2801670" lon="7.4407020">
    <ele>179.5</ele>
    <time>2024-04-21T12:51:02Z</time>
   </trkpt>
   <trkpt lat="48.2801810" lon="7.4406210">
    <ele>179.5</ele>
    <time>2024-04-21T12:51:03Z</time>
   </trkpt>
   <trkpt lat="48.2801950" lon="7.4405390">
    <ele>179.5</ele>
    <time>2024-04-21T12:51:04Z</time>
   </trkpt>
   <trkpt lat="48.2802090" lon="7.4404560">
    <ele>179.5</ele>
    <time>2024-04-21T12:51:05Z</time>
   </trkpt>
   <trkpt lat="48.2802210" lon="7.4403750">
    <ele>179.5</ele>
    <time>2024-04-21T12:51:06Z</time>
   </trkpt>
   <trkpt lat="48.2802330" lon="7.4402930">
    <ele>179.5</ele>
    <time>2024-04-21T12:51:07Z</time>
   </trkpt>
   <trkpt lat="48.2802440" lon="7.4402130">
    <ele>179.5</ele>
    <time>2024-04-21T12:51:08Z</time>
   </trkpt>
   <trkpt lat="48.2802530" lon="7.4401330">
    <ele>179.5</ele>
    <time>2024-04-21T12:51:09Z</time>
   </trkpt>
   <trkpt lat="48.2802610" lon="7.4400540">
    <ele>179.5</ele>
    <time>2024-04-21T12:51:10Z</time>
   </trkpt>
   <trkpt lat="48.2802690" lon="7.4399750">
    <ele>179.5</ele>
    <time>2024-04-21T12:51:11Z</time>
   </trkpt>
   <trkpt lat="48.2802720" lon="7.4398950">
    <ele>179.5</ele>
    <time>2024-04-21T12:51:12Z</time>
   </trkpt>
   <trkpt lat="48.2802730" lon="7.4398160">
    <ele>179.6</ele>
    <time>2024-04-21T12:51:13Z</time>
   </trkpt>
   <trkpt lat="48.2802710" lon="7.4397380">
    <ele>179.6</ele>
    <time>2024-04-21T12:51:14Z</time>
   </trkpt>
   <trkpt lat="48.2802670" lon="7.4396630">
    <ele>179.6</ele>
    <time>2024-04-21T12:51:15Z</time>
   </trkpt>
   <trkpt lat="48.2802640" lon="7.4395960">
    <ele>179.6</ele>
    <time>2024-04-21T12:51:16Z</time>
   </trkpt>
   <trkpt lat="48.2802710" lon="7.4395350">
    <ele>179.6</ele>
    <time>2024-04-21T12:51:17Z</time>
   </trkpt>
   <trkpt lat="48.2802790" lon="7.4394720">
    <ele>179.6</ele>
    <time>2024-04-21T12:51:18Z</time>
   </trkpt>
   <trkpt lat="48.2802870" lon="7.4394020">
    <ele>179.6</ele>
    <time>2024-04-21T12:51:19Z</time>
   </trkpt>
   <trkpt lat="48.2802930" lon="7.4393290">
    <ele>179.6</ele>
    <time>2024-04-21T12:51:20Z</time>
   </trkpt>
   <trkpt lat="48.2802960" lon="7.4392510">
    <ele>179.6</ele>
    <time>2024-04-21T12:51:21Z</time>
   </trkpt>
   <trkpt lat="48.2802950" lon="7.4391710">
    <ele>179.6</ele>
    <time>2024-04-21T12:51:22Z</time>
   </trkpt>
   <trkpt lat="48.2802940" lon="7.4390900">
    <ele>179.6</ele>
    <time>2024-04-21T12:51:23Z</time>
   </trkpt>
   <trkpt lat="48.2802930" lon="7.4390080">
    <ele>179.6</ele>
    <time>2024-04-21T12:51:24Z</time>
   </trkpt>
   <trkpt lat="48.2802930" lon="7.4389250">
    <ele>179.6</ele>
    <time>2024-04-21T12:51:25Z</time>
   </trkpt>
   <trkpt lat="48.2802940" lon="7.4388410">
    <ele>179.6</ele>
    <time>2024-04-21T12:51:26Z</time>
   </trkpt>
   <trkpt lat="48.2802920" lon="7.4387560">
    <ele>179.6</ele>
    <time>2024-04-21T12:51:27Z</time>
   </trkpt>
   <trkpt lat="48.2802880" lon="7.4386710">
    <ele>179.6</ele>
    <time>2024-04-21T12:51:28Z</time>
   </trkpt>
   <trkpt lat="48.2802850" lon="7.4385840">
    <ele>179.6</ele>
    <time>2024-04-21T12:51:29Z</time>
   </trkpt>
   <trkpt lat="48.2802830" lon="7.4384970">
    <ele>179.7</ele>
    <time>2024-04-21T12:51:30Z</time>
   </trkpt>
   <trkpt lat="48.2802810" lon="7.4384100">
    <ele>179.7</ele>
    <time>2024-04-21T12:51:31Z</time>
   </trkpt>
   <trkpt lat="48.2802780" lon="7.4383260">
    <ele>179.7</ele>
    <time>2024-04-21T12:51:32Z</time>
   </trkpt>
   <trkpt lat="48.2802760" lon="7.4382380">
    <ele>179.7</ele>
    <time>2024-04-21T12:51:33Z</time>
   </trkpt>
   <trkpt lat="48.2802740" lon="7.4381520">
    <ele>179.8</ele>
    <time>2024-04-21T12:51:34Z</time>
   </trkpt>
   <trkpt lat="48.2802730" lon="7.4380640">
    <ele>179.8</ele>
    <time>2024-04-21T12:51:35Z</time>
   </trkpt>
   <trkpt lat="48.2802750" lon="7.4379760">
    <ele>179.8</ele>
    <time>2024-04-21T12:51:36Z</time>
   </trkpt>
   <trkpt lat="48.2802730" lon="7.4378880">
    <ele>179.9</ele>
    <time>2024-04-21T12:51:37Z</time>
   </trkpt>
   <trkpt lat="48.2802700" lon="7.4378000">
    <ele>179.9</ele>
    <time>2024-04-21T12:51:38Z</time>
   </trkpt>
   <trkpt lat="48.2802690" lon="7.4377120">
    <ele>179.9</ele>
    <time>2024-04-21T12:51:39Z</time>
   </trkpt>
   <trkpt lat="48.2802670" lon="7.4376260">
    <ele>179.9</ele>
    <time>2024-04-21T12:51:40Z</time>
   </trkpt>
   <trkpt lat="48.2802620" lon="7.4375410">
    <ele>179.9</ele>
    <time>2024-04-21T12:51:41Z</time>
   </trkpt>
   <trkpt lat="48.2802610" lon="7.4374560">
    <ele>180.0</ele>
    <time>2024-04-21T12:51:42Z</time>
   </trkpt>
   <trkpt lat="48.2802620" lon="7.4373690">
    <ele>180.0</ele>
    <time>2024-04-21T12:51:43Z</time>
   </trkpt>
   <trkpt lat="48.2802580" lon="7.4372840">
    <ele>180.0</ele>
    <time>2024-04-21T12:51:44Z</time>
   </trkpt>
   <trkpt lat="48.2802550" lon="7.4371990">
    <ele>180.1</ele>
    <time>2024-04-21T12:51:45Z</time>
   </trkpt>
   <trkpt lat="48.2802530" lon="7.4371160">
    <ele>180.1</ele>
    <time>2024-04-21T12:51:46Z</time>
   </trkpt>
   <trkpt lat="48.2802540" lon="7.4370330">
    <ele>180.2</ele>
    <time>2024-04-21T12:51:47Z</time>
   </trkpt>
   <trkpt lat="48.2802600" lon="7.4369500">
    <ele>180.2</ele>
    <time>2024-04-21T12:51:48Z</time>
   </trkpt>
   <trkpt lat="48.2802580" lon="7.4368670">
    <ele>180.2</ele>
    <time>2024-04-21T12:51:49Z</time>
   </trkpt>
   <trkpt lat="48.2802560" lon="7.4367850">
    <ele>180.2</ele>
    <time>2024-04-21T12:51:50Z</time>
   </trkpt>
   <trkpt lat="48.2802540" lon="7.4367040">
    <ele>180.2</ele>
    <time>2024-04-21T12:51:51Z</time>
   </trkpt>
   <trkpt lat="48.2802530" lon="7.4366200">
    <ele>180.2</ele>
    <time>2024-04-21T12:51:52Z</time>
   </trkpt>
   <trkpt lat="48.2802500" lon="7.4365360">
    <ele>180.3</ele>
    <time>2024-04-21T12:51:53Z</time>
   </trkpt>
   <trkpt lat="48.2802480" lon="7.4364520">
    <ele>180.3</ele>
    <time>2024-04-21T12:51:54Z</time>
   </trkpt>
   <trkpt lat="48.2802460" lon="7.4363690">
    <ele>180.3</ele>
    <time>2024-04-21T12:51:55Z</time>
   </trkpt>
   <trkpt lat="48.2802460" lon="7.4362860">
    <ele>180.3</ele>
    <time>2024-04-21T12:51:56Z</time>
   </trkpt>
   <trkpt lat="48.2802450" lon="7.4362020">
    <ele>180.4</ele>
    <time>2024-04-21T12:51:57Z</time>
   </trkpt>
   <trkpt lat="48.2802440" lon="7.4361160">
    <ele>180.4</ele>
    <time>2024-04-21T12:51:58Z</time>
   </trkpt>
   <trkpt lat="48.2802440" lon="7.4360320">
    <ele>180.4</ele>
    <time>2024-04-21T12:51:59Z</time>
   </trkpt>
   <trkpt lat="48.2802410" lon="7.4359500">
    <ele>180.5</ele>
    <time>2024-04-21T12:52:00Z</time>
   </trkpt>
   <trkpt lat="48.2802370" lon="7.4358700">
    <ele>180.5</ele>
    <time>2024-04-21T12:52:01Z</time>
   </trkpt>
   <trkpt lat="48.2802340" lon="7.4357880">
    <ele>180.5</ele>
    <time>2024-04-21T12:52:02Z</time>
   </trkpt>
   <trkpt lat="48.2802320" lon="7.4357080">
    <ele>180.6</ele>
    <time>2024-04-21T12:52:03Z</time>
   </trkpt>
   <trkpt lat="48.2802290" lon="7.4356290">
    <ele>180.6</ele>
    <time>2024-04-21T12:52:04Z</time>
   </trkpt>
   <trkpt lat="48.2802230" lon="7.4355510">
    <ele>180.7</ele>
    <time>2024-04-21T12:52:05Z</time>
   </trkpt>
   <trkpt lat="48.2802200" lon="7.4354710">
    <ele>180.7</ele>
    <time>2024-04-21T12:52:06Z</time>
   </trkpt>
   <trkpt lat="48.2802180" lon="7.4353920">
    <ele>180.8</ele>
    <time>2024-04-21T12:52:07Z</time>
   </trkpt>
   <trkpt lat="48.2802150" lon="7.4353120">
    <ele>180.8</ele>
    <time>2024-04-21T12:52:08Z</time>
   </trkpt>
   <trkpt lat="48.2802130" lon="7.4352300">
    <ele>180.9</ele>
    <time>2024-04-21T12:52:09Z</time>
   </trkpt>
   <trkpt lat="48.2802130" lon="7.4351460">
    <ele>180.9</ele>
    <time>2024-04-21T12:52:10Z</time>
   </trkpt>
   <trkpt lat="48.2802130" lon="7.4350610">
    <ele>181.0</ele>
    <time>2024-04-21T12:52:11Z</time>
   </trkpt>
   <trkpt lat="48.2802110" lon="7.4349750">
    <ele>181.0</ele>
    <time>2024-04-21T12:52:12Z</time>
   </trkpt>
   <trkpt lat="48.2802080" lon="7.4348910">
    <ele>181.1</ele>
    <time>2024-04-21T12:52:13Z</time>
   </trkpt>
   <trkpt lat="48.2802070" lon="7.4348070">
    <ele>181.1</ele>
    <time>2024-04-21T12:52:14Z</time>
   </trkpt>
   <trkpt lat="48.2802070" lon="7.4347230">
    <ele>181.1</ele>
    <time>2024-04-21T12:52:15Z</time>
   </trkpt>
   <trkpt lat="48.2802070" lon="7.4346410">
    <ele>181.2</ele>
    <time>2024-04-21T12:52:16Z</time>
   </trkpt>
   <trkpt lat="48.2802100" lon="7.4345610">
    <ele>181.2</ele>
    <time>2024-04-21T12:52:17Z</time>
   </trkpt>
   <trkpt lat="48.2802140" lon="7.4344810">
    <ele>181.2</ele>
    <time>2024-04-21T12:52:18Z</time>
   </trkpt>
   <trkpt lat="48.2802190" lon="7.4343990">
    <ele>181.3</ele>
    <time>2024-04-21T12:52:19Z</time>
   </trkpt>
   <trkpt lat="48.2802270" lon="7.4343200">
    <ele>181.3</ele>
    <time>2024-04-21T12:52:20Z</time>
   </trkpt>
   <trkpt lat="48.2802340" lon="7.4342440">
    <ele>181.4</ele>
    <time>2024-04-21T12:52:21Z</time>
   </trkpt>
   <trkpt lat="48.2802430" lon="7.4341680">
    <ele>181.4</ele>
    <time>2024-04-21T12:52:22Z</time>
   </trkpt>
   <trkpt lat="48.2802550" lon="7.4340930">
    <ele>181.5</ele>
    <time>2024-04-21T12:52:23Z</time>
   </trkpt>
   <trkpt lat="48.2802660" lon="7.4340190">
    <ele>181.5</ele>
    <time>2024-04-21T12:52:24Z</time>
   </trkpt>
   <trkpt lat="48.2802810" lon="7.4339480">
    <ele>181.6</ele>
    <time>2024-04-21T12:52:25Z</time>
   </trkpt>
   <trkpt lat="48.2802990" lon="7.4338770">
    <ele>181.6</ele>
    <time>2024-04-21T12:52:26Z</time>
   </trkpt>
   <trkpt lat="48.2803170" lon="7.4338060">
    <ele>181.7</ele>
    <time>2024-04-21T12:52:27Z</time>
   </trkpt>
   <trkpt lat="48.2803340" lon="7.4337380">
    <ele>181.8</ele>
    <time>2024-04-21T12:52:28Z</time>
   </trkpt>
   <trkpt lat="48.2803530" lon="7.4336740">
    <ele>181.8</ele>
    <time>2024-04-21T12:52:29Z</time>
   </trkpt>
   <trkpt lat="48.2803720" lon="7.4336140">
    <ele>181.9</ele>
    <time>2024-04-21T12:52:30Z</time>
   </trkpt>
   <trkpt lat="48.2803930" lon="7.4335560">
    <ele>181.9</ele>
    <time>2024-04-21T12:52:31Z</time>
   </trkpt>
   <trkpt lat="48.2804140" lon="7.4334970">
    <ele>182.0</ele>
    <time>2024-04-21T12:52:32Z</time>
   </trkpt>
   <trkpt lat="48.2804330" lon="7.4334360">
    <ele>182.1</ele>
    <time>2024-04-21T12:52:33Z</time>
   </trkpt>
   <trkpt lat="48.2804470" lon="7.4333720">
    <ele>182.2</ele>
    <time>2024-04-21T12:52:34Z</time>
   </trkpt>
   <trkpt lat="48.2804590" lon="7.4333010">
    <ele>182.3</ele>
    <time>2024-04-21T12:52:35Z</time>
   </trkpt>
   <trkpt lat="48.2804750" lon="7.4332280">
    <ele>182.4</ele>
    <time>2024-04-21T12:52:36Z</time>
   </trkpt>
   <trkpt lat="48.2804970" lon="7.4331590">
    <ele>182.6</ele>
    <time>2024-04-21T12:52:37Z</time>
   </trkpt>
   <trkpt lat="48.2805200" lon="7.4330890">
    <ele>182.6</ele>
    <time>2024-04-21T12:52:38Z</time>
   </trkpt>
   <trkpt lat="48.2805440" lon="7.4330180">
    <ele>182.6</ele>
    <time>2024-04-21T12:52:39Z</time>
   </trkpt>
   <trkpt lat="48.2805730" lon="7.4329540">
    <ele>182.6</ele>
    <time>2024-04-21T12:52:40Z</time>
   </trkpt>
   <trkpt lat="48.2806010" lon="7.4328890">
    <ele>182.7</ele>
    <time>2024-04-21T12:52:41Z</time>
   </trkpt>
   <trkpt lat="48.2806270" lon="7.4328190">
    <ele>182.7</ele>
    <time>2024-04-21T12:52:42Z</time>
   </trkpt>
   <trkpt lat="48.2806520" lon="7.4327500">
    <ele>182.7</ele>
    <time>2024-04-21T12:52:43Z</time>
   </trkpt>
   <trkpt lat="48.2806780" lon="7.4326810">
    <ele>182.7</ele>
    <time>2024-04-21T12:52:44Z</time>
   </trkpt>
   <trkpt lat="48.2807080" lon="7.4326100">
    <ele>182.7</ele>
    <time>2024-04-21T12:52:45Z</time>
   </trkpt>
   <trkpt lat="48.2807350" lon="7.4325370">
    <ele>182.7</ele>
    <time>2024-04-21T12:52:46Z</time>
   </trkpt>
   <trkpt lat="48.2807600" lon="7.4324660">
    <ele>182.8</ele>
    <time>2024-04-21T12:52:47Z</time>
   </trkpt>
   <trkpt lat="48.2807830" lon="7.4323950">
    <ele>182.8</ele>
    <time>2024-04-21T12:52:48Z</time>
   </trkpt>
   <trkpt lat="48.2808050" lon="7.4323210">
    <ele>182.8</ele>
    <time>2024-04-21T12:52:49Z</time>
   </trkpt>
   <trkpt lat="48.2808250" lon="7.4322440">
    <ele>182.9</ele>
    <time>2024-04-21T12:52:50Z</time>
   </trkpt>
   <trkpt lat="48.2808470" lon="7.4321690">
    <ele>182.9</ele>
    <time>2024-04-21T12:52:51Z</time>
   </trkpt>
   <trkpt lat="48.2808740" lon="7.4320980">
    <ele>182.9</ele>
    <time>2024-04-21T12:52:52Z</time>
   </trkpt>
   <trkpt lat="48.2809040" lon="7.4320280">
    <ele>183.0</ele>
    <time>2024-04-21T12:52:53Z</time>
   </trkpt>
   <trkpt lat="48.2809330" lon="7.4319590">
    <ele>183.0</ele>
    <time>2024-04-21T12:52:54Z</time>
   </trkpt>
   <trkpt lat="48.2809620" lon="7.4318880">
    <ele>183.0</ele>
    <time>2024-04-21T12:52:55Z</time>
   </trkpt>
   <trkpt lat="48.2809870" lon="7.4318160">
    <ele>183.0</ele>
    <time>2024-04-21T12:52:56Z</time>
   </trkpt>
   <trkpt lat="48.2810150" lon="7.4317460">
    <ele>183.1</ele>
    <time>2024-04-21T12:52:57Z</time>
   </trkpt>
   <trkpt lat="48.2810450" lon="7.4316780">
    <ele>183.1</ele>
    <time>2024-04-21T12:52:58Z</time>
   </trkpt>
   <trkpt lat="48.2810730" lon="7.4316080">
    <ele>183.1</ele>
    <time>2024-04-21T12:52:59Z</time>
   </trkpt>
   <trkpt lat="48.2811010" lon="7.4315390">
    <ele>183.2</ele>
    <time>2024-04-21T12:53:00Z</time>
   </trkpt>
   <trkpt lat="48.2811300" lon="7.4314700">
    <ele>183.2</ele>
    <time>2024-04-21T12:53:01Z</time>
   </trkpt>
   <trkpt lat="48.2811590" lon="7.4314010">
    <ele>183.2</ele>
    <time>2024-04-21T12:53:02Z</time>
   </trkpt>
   <trkpt lat="48.2811880" lon="7.4313340">
    <ele>183.3</ele>
    <time>2024-04-21T12:53:03Z</time>
   </trkpt>
   <trkpt lat="48.2812160" lon="7.4312640">
    <ele>183.3</ele>
    <time>2024-04-21T12:53:04Z</time>
   </trkpt>
   <trkpt lat="48.2812450" lon="7.4311970">
    <ele>183.3</ele>
    <time>2024-04-21T12:53:05Z</time>
   </trkpt>
   <trkpt lat="48.2812750" lon="7.4311290">
    <ele>183.3</ele>
    <time>2024-04-21T12:53:06Z</time>
   </trkpt>
   <trkpt lat="48.2813030" lon="7.4310590">
    <ele>183.4</ele>
    <time>2024-04-21T12:53:07Z</time>
   </trkpt>
   <trkpt lat="48.2813310" lon="7.4309890">
    <ele>183.4</ele>
    <time>2024-04-21T12:53:08Z</time>
   </trkpt>
   <trkpt lat="48.2813600" lon="7.4309210">
    <ele>183.5</ele>
    <time>2024-04-21T12:53:09Z</time>
   </trkpt>
   <trkpt lat="48.2813880" lon="7.4308530">
    <ele>183.5</ele>
    <time>2024-04-21T12:53:10Z</time>
   </trkpt>
   <trkpt lat="48.2814150" lon="7.4307840">
    <ele>183.5</ele>
    <time>2024-04-21T12:53:11Z</time>
   </trkpt>
   <trkpt lat="48.2814410" lon="7.4307150">
    <ele>183.6</ele>
    <time>2024-04-21T12:53:12Z</time>
   </trkpt>
   <trkpt lat="48.2814650" lon="7.4306430">
    <ele>183.6</ele>
    <time>2024-04-21T12:53:13Z</time>
   </trkpt>
   <trkpt lat="48.2814890" lon="7.4305740">
    <ele>183.7</ele>
    <time>2024-04-21T12:53:14Z</time>
   </trkpt>
   <trkpt lat="48.2815130" lon="7.4305040">
    <ele>183.7</ele>
    <time>2024-04-21T12:53:15Z</time>
   </trkpt>
   <trkpt lat="48.2815360" lon="7.4304350">
    <ele>183.7</ele>
    <time>2024-04-21T12:53:16Z</time>
   </trkpt>
   <trkpt lat="48.2815600" lon="7.4303650">
    <ele>183.7</ele>
    <time>2024-04-21T12:53:17Z</time>
   </trkpt>
   <trkpt lat="48.2815840" lon="7.4302950">
    <ele>183.8</ele>
    <time>2024-04-21T12:53:18Z</time>
   </trkpt>
   <trkpt lat="48.2816060" lon="7.4302240">
    <ele>183.8</ele>
    <time>2024-04-21T12:53:19Z</time>
   </trkpt>
   <trkpt lat="48.2816300" lon="7.4301530">
    <ele>183.9</ele>
    <time>2024-04-21T12:53:20Z</time>
   </trkpt>
   <trkpt lat="48.2816550" lon="7.4300820">
    <ele>183.9</ele>
    <time>2024-04-21T12:53:21Z</time>
   </trkpt>
   <trkpt lat="48.2816820" lon="7.4300110">
    <ele>183.9</ele>
    <time>2024-04-21T12:53:22Z</time>
   </trkpt>
   <trkpt lat="48.2817080" lon="7.4299360">
    <ele>184.0</ele>
    <time>2024-04-21T12:53:23Z</time>
   </trkpt>
   <trkpt lat="48.2817340" lon="7.4298600">
    <ele>184.0</ele>
    <time>2024-04-21T12:53:24Z</time>
   </trkpt>
   <trkpt lat="48.2817610" lon="7.4297850">
    <ele>184.0</ele>
    <time>2024-04-21T12:53:25Z</time>
   </trkpt>
   <trkpt lat="48.2817900" lon="7.4297130">
    <ele>184.1</ele>
    <time>2024-04-21T12:53:26Z</time>
   </trkpt>
   <trkpt lat="48.2818180" lon="7.4296400">
    <ele>184.1</ele>
    <time>2024-04-21T12:53:27Z</time>
   </trkpt>
   <trkpt lat="48.2818490" lon="7.4295670">
    <ele>184.1</ele>
    <time>2024-04-21T12:53:28Z</time>
   </trkpt>
   <trkpt lat="48.2818780" lon="7.4294940">
    <ele>184.1</ele>
    <time>2024-04-21T12:53:29Z</time>
   </trkpt>
   <trkpt lat="48.2819080" lon="7.4294210">
    <ele>184.1</ele>
    <time>2024-04-21T12:53:30Z</time>
   </trkpt>
   <trkpt lat="48.2819380" lon="7.4293490">
    <ele>184.1</ele>
    <time>2024-04-21T12:53:31Z</time>
   </trkpt>
   <trkpt lat="48.2819700" lon="7.4292800">
    <ele>184.1</ele>
    <time>2024-04-21T12:53:32Z</time>
   </trkpt>
   <trkpt lat="48.2820040" lon="7.4292140">
    <ele>184.1</ele>
    <time>2024-04-21T12:53:33Z</time>
   </trkpt>
   <trkpt lat="48.2820340" lon="7.4291450">
    <ele>184.2</ele>
    <time>2024-04-21T12:53:34Z</time>
   </trkpt>
   <trkpt lat="48.2820670" lon="7.4290750">
    <ele>184.2</ele>
    <time>2024-04-21T12:53:35Z</time>
   </trkpt>
   <trkpt lat="48.2821020" lon="7.4290080">
    <ele>184.2</ele>
    <time>2024-04-21T12:53:36Z</time>
   </trkpt>
   <trkpt lat="48.2821340" lon="7.4289390">
    <ele>184.2</ele>
    <time>2024-04-21T12:53:37Z</time>
   </trkpt>
   <trkpt lat="48.2821680" lon="7.4288710">
    <ele>184.3</ele>
    <time>2024-04-21T12:53:38Z</time>
   </trkpt>
   <trkpt lat="48.2822030" lon="7.4288040">
    <ele>184.3</ele>
    <time>2024-04-21T12:53:39Z</time>
   </trkpt>
   <trkpt lat="48.2822350" lon="7.4287380">
    <ele>184.3</ele>
    <time>2024-04-21T12:53:40Z</time>
   </trkpt>
   <trkpt lat="48.2822660" lon="7.4286710">
    <ele>184.3</ele>
    <time>2024-04-21T12:53:41Z</time>
   </trkpt>
   <trkpt lat="48.2823010" lon="7.4286040">
    <ele>184.4</ele>
    <time>2024-04-21T12:53:42Z</time>
   </trkpt>
   <trkpt lat="48.2823350" lon="7.4285380">
    <ele>184.4</ele>
    <time>2024-04-21T12:53:43Z</time>
   </trkpt>
   <trkpt lat="48.2823680" lon="7.4284720">
    <ele>184.4</ele>
    <time>2024-04-21T12:53:44Z</time>
   </trkpt>
   <trkpt lat="48.2824000" lon="7.4284070">
    <ele>184.4</ele>
    <time>2024-04-21T12:53:45Z</time>
   </trkpt>
   <trkpt lat="48.2824340" lon="7.4283410">
    <ele>184.4</ele>
    <time>2024-04-21T12:53:46Z</time>
   </trkpt>
   <trkpt lat="48.2824690" lon="7.4282770">
    <ele>184.4</ele>
    <time>2024-04-21T12:53:47Z</time>
   </trkpt>
   <trkpt lat="48.2825050" lon="7.4282160">
    <ele>184.4</ele>
    <time>2024-04-21T12:53:48Z</time>
   </trkpt>
   <trkpt lat="48.2825370" lon="7.4281510">
    <ele>184.5</ele>
    <time>2024-04-21T12:53:49Z</time>
   </trkpt>
   <trkpt lat="48.2825680" lon="7.4280860">
    <ele>184.5</ele>
    <time>2024-04-21T12:53:50Z</time>
   </trkpt>
   <trkpt lat="48.2826010" lon="7.4280220">
    <ele>184.5</ele>
    <time>2024-04-21T12:53:51Z</time>
   </trkpt>
   <trkpt lat="48.2826350" lon="7.4279570">
    <ele>184.5</ele>
    <time>2024-04-21T12:53:52Z</time>
   </trkpt>
   <trkpt lat="48.2826670" lon="7.4278910">
    <ele>184.5</ele>
    <time>2024-04-21T12:53:53Z</time>
   </trkpt>
   <trkpt lat="48.2826970" lon="7.4278240">
    <ele>184.5</ele>
    <time>2024-04-21T12:53:54Z</time>
   </trkpt>
   <trkpt lat="48.2827300" lon="7.4277580">
    <ele>184.5</ele>
    <time>2024-04-21T12:53:55Z</time>
   </trkpt>
   <trkpt lat="48.2827630" lon="7.4276940">
    <ele>184.5</ele>
    <time>2024-04-21T12:53:56Z</time>
   </trkpt>
   <trkpt lat="48.2827990" lon="7.4276290">
    <ele>184.5</ele>
    <time>2024-04-21T12:53:57Z</time>
   </trkpt>
   <trkpt lat="48.2828350" lon="7.4275650">
    <ele>184.5</ele>
    <time>2024-04-21T12:53:58Z</time>
   </trkpt>
   <trkpt lat="48.2828710" lon="7.4275010">
    <ele>184.5</ele>
    <time>2024-04-21T12:53:59Z</time>
   </trkpt>
   <trkpt lat="48.2829090" lon="7.4274380">
    <ele>184.5</ele>
    <time>2024-04-21T12:54:00Z</time>
   </trkpt>
   <trkpt lat="48.2829450" lon="7.4273710">
    <ele>184.5</ele>
    <time>2024-04-21T12:54:01Z</time>
   </trkpt>
   <trkpt lat="48.2829820" lon="7.4273040">
    <ele>184.5</ele>
    <time>2024-04-21T12:54:02Z</time>
   </trkpt>
   <trkpt lat="48.2830200" lon="7.4272370">
    <ele>184.5</ele>
    <time>2024-04-21T12:54:03Z</time>
   </trkpt>
   <trkpt lat="48.2830560" lon="7.4271710">
    <ele>184.5</ele>
    <time>2024-04-21T12:54:04Z</time>
   </trkpt>
   <trkpt lat="48.2830890" lon="7.4271010">
    <ele>184.6</ele>
    <time>2024-04-21T12:54:05Z</time>
   </trkpt>
   <trkpt lat="48.2831240" lon="7.4270340">
    <ele>184.6</ele>
    <time>2024-04-21T12:54:06Z</time>
   </trkpt>
   <trkpt lat="48.2831600" lon="7.4269680">
    <ele>184.6</ele>
    <time>2024-04-21T12:54:07Z</time>
   </trkpt>
   <trkpt lat="48.2831920" lon="7.4268980">
    <ele>184.6</ele>
    <time>2024-04-21T12:54:08Z</time>
   </trkpt>
   <trkpt lat="48.2832260" lon="7.4268330">
    <ele>184.6</ele>
    <time>2024-04-21T12:54:09Z</time>
   </trkpt>
   <trkpt lat="48.2832570" lon="7.4267640">
    <ele>184.7</ele>
    <time>2024-04-21T12:54:10Z</time>
   </trkpt>
   <trkpt lat="48.2832850" lon="7.4266950">
    <ele>184.7</ele>
    <time>2024-04-21T12:54:11Z</time>
   </trkpt>
   <trkpt lat="48.2833140" lon="7.4266220">
    <ele>184.8</ele>
    <time>2024-04-21T12:54:12Z</time>
   </trkpt>
   <trkpt lat="48.2833420" lon="7.4265490">
    <ele>184.8</ele>
    <time>2024-04-21T12:54:13Z</time>
   </trkpt>
   <trkpt lat="48.2833720" lon="7.4264850">
    <ele>184.8</ele>
    <time>2024-04-21T12:54:14Z</time>
   </trkpt>
   <trkpt lat="48.2834010" lon="7.4264170">
    <ele>184.8</ele>
    <time>2024-04-21T12:54:15Z</time>
   </trkpt>
   <trkpt lat="48.2834300" lon="7.4263500">
    <ele>184.8</ele>
    <time>2024-04-21T12:54:16Z</time>
   </trkpt>
   <trkpt lat="48.2834590" lon="7.4262800">
    <ele>184.8</ele>
    <time>2024-04-21T12:54:17Z</time>
   </trkpt>
   <trkpt lat="48.2834870" lon="7.4262070">
    <ele>184.9</ele>
    <time>2024-04-21T12:54:18Z</time>
   </trkpt>
   <trkpt lat="48.2835160" lon="7.4261380">
    <ele>184.9</ele>
    <time>2024-04-21T12:54:19Z</time>
   </trkpt>
   <trkpt lat="48.2835480" lon="7.4260710">
    <ele>184.9</ele>
    <time>2024-04-21T12:54:20Z</time>
   </trkpt>
   <trkpt lat="48.2835810" lon="7.4260030">
    <ele>184.9</ele>
    <time>2024-04-21T12:54:21Z</time>
   </trkpt>
   <trkpt lat="48.2836100" lon="7.4259300">
    <ele>184.9</ele>
    <time>2024-04-21T12:54:22Z</time>
   </trkpt>
   <trkpt lat="48.2836390" lon="7.4258580">
    <ele>184.9</ele>
    <time>2024-04-21T12:54:23Z</time>
   </trkpt>
   <trkpt lat="48.2836660" lon="7.4257860">
    <ele>185.0</ele>
    <time>2024-04-21T12:54:24Z</time>
   </trkpt>
   <trkpt lat="48.2836960" lon="7.4257170">
    <ele>185.0</ele>
    <time>2024-04-21T12:54:25Z</time>
   </trkpt>
   <trkpt lat="48.2837260" lon="7.4256480">
    <ele>185.0</ele>
    <time>2024-04-21T12:54:26Z</time>
   </trkpt>
   <trkpt lat="48.2837540" lon="7.4255760">
    <ele>185.1</ele>
    <time>2024-04-21T12:54:27Z</time>
   </trkpt>
   <trkpt lat="48.2837840" lon="7.4255080">
    <ele>185.1</ele>
    <time>2024-04-21T12:54:28Z</time>
   </trkpt>
   <trkpt lat="48.2838170" lon="7.4254380">
    <ele>185.1</ele>
    <time>2024-04-21T12:54:29Z</time>
   </trkpt>
   <trkpt lat="48.2838480" lon="7.4253680">
    <ele>185.2</ele>
    <time>2024-04-21T12:54:30Z</time>
   </trkpt>
   <trkpt lat="48.2838780" lon="7.4252960">
    <ele>185.2</ele>
    <time>2024-04-21T12:54:31Z</time>
   </trkpt>
   <trkpt lat="48.2839080" lon="7.4252230">
    <ele>185.2</ele>
    <time>2024-04-21T12:54:32Z</time>
   </trkpt>
   <trkpt lat="48.2839330" lon="7.4251480">
    <ele>185.2</ele>
    <time>2024-04-21T12:54:33Z</time>
   </trkpt>
   <trkpt lat="48.2839620" lon="7.4250770">
    <ele>185.2</ele>
    <time>2024-04-21T12:54:34Z</time>
   </trkpt>
   <trkpt lat="48.2839950" lon="7.4250070">
    <ele>185.3</ele>
    <time>2024-04-21T12:54:35Z</time>
   </trkpt>
   <trkpt lat="48.2840250" lon="7.4249370">
    <ele>185.3</ele>
    <time>2024-04-21T12:54:36Z</time>
   </trkpt>
   <trkpt lat="48.2840530" lon="7.4248690">
    <ele>185.3</ele>
    <time>2024-04-21T12:54:37Z</time>
   </trkpt>
   <trkpt lat="48.2840820" lon="7.4248020">
    <ele>185.3</ele>
    <time>2024-04-21T12:54:38Z</time>
   </trkpt>
   <trkpt lat="48.2841090" lon="7.4247330">
    <ele>185.3</ele>
    <time>2024-04-21T12:54:39Z</time>
   </trkpt>
   <trkpt lat="48.2841370" lon="7.4246650">
    <ele>185.3</ele>
    <time>2024-04-21T12:54:40Z</time>
   </trkpt>
   <trkpt lat="48.2841640" lon="7.4245950">
    <ele>185.3</ele>
    <time>2024-04-21T12:54:41Z</time>
   </trkpt>
   <trkpt lat="48.2841900" lon="7.4245230">
    <ele>185.3</ele>
    <time>2024-04-21T12:54:42Z</time>
   </trkpt>
   <trkpt lat="48.2842150" lon="7.4244520">
    <ele>185.4</ele>
    <time>2024-04-21T12:54:43Z</time>
   </trkpt>
   <trkpt lat="48.2842380" lon="7.4243770">
    <ele>185.4</ele>
    <time>2024-04-21T12:54:44Z</time>
   </trkpt>
   <trkpt lat="48.2842570" lon="7.4243020">
    <ele>185.4</ele>
    <time>2024-04-21T12:54:45Z</time>
   </trkpt>
   <trkpt lat="48.2842740" lon="7.4242230">
    <ele>185.5</ele>
    <time>2024-04-21T12:54:46Z</time>
   </trkpt>
   <trkpt lat="48.2842930" lon="7.4241470">
    <ele>185.5</ele>
    <time>2024-04-21T12:54:47Z</time>
   </trkpt>
   <trkpt lat="48.2843100" lon="7.4240720">
    <ele>185.6</ele>
    <time>2024-04-21T12:54:48Z</time>
   </trkpt>
   <trkpt lat="48.2843290" lon="7.4240000">
    <ele>185.6</ele>
    <time>2024-04-21T12:54:49Z</time>
   </trkpt>
   <trkpt lat="48.2843470" lon="7.4239310">
    <ele>185.6</ele>
    <time>2024-04-21T12:54:50Z</time>
   </trkpt>
   <trkpt lat="48.2843670" lon="7.4238710">
    <ele>185.7</ele>
    <time>2024-04-21T12:54:51Z</time>
   </trkpt>
   <trkpt lat="48.2843850" lon="7.4238150">
    <ele>185.7</ele>
    <time>2024-04-21T12:54:52Z</time>
   </trkpt>
   <trkpt lat="48.2843780" lon="7.4237530">
    <ele>185.7</ele>
    <time>2024-04-21T12:54:53Z</time>
   </trkpt>
   <trkpt lat="48.2843470" lon="7.4237010">
    <ele>185.7</ele>
    <time>2024-04-21T12:54:54Z</time>
   </trkpt>
   <trkpt lat="48.2843190" lon="7.4236460">
    <ele>185.8</ele>
    <time>2024-04-21T12:54:55Z</time>
   </trkpt>
   <trkpt lat="48.2842980" lon="7.4235870">
    <ele>185.8</ele>
    <time>2024-04-21T12:54:56Z</time>
   </trkpt>
   <trkpt lat="48.2842870" lon="7.4235200">
    <ele>185.8</ele>
    <time>2024-04-21T12:54:57Z</time>
   </trkpt>
   <trkpt lat="48.2842850" lon="7.4234480">
    <ele>185.8</ele>
    <time>2024-04-21T12:54:58Z</time>
   </trkpt>
   <trkpt lat="48.2842920" lon="7.4233710">
    <ele>185.9</ele>
    <time>2024-04-21T12:54:59Z</time>
   </trkpt>
   <trkpt lat="48.2842950" lon="7.4232930">
    <ele>185.9</ele>
    <time>2024-04-21T12:55:00Z</time>
   </trkpt>
   <trkpt lat="48.2842960" lon="7.4232110">
    <ele>185.9</ele>
    <time>2024-04-21T12:55:01Z</time>
   </trkpt>
   <trkpt lat="48.2842960" lon="7.4231230">
    <ele>185.9</ele>
    <time>2024-04-21T12:55:02Z</time>
   </trkpt>
   <trkpt lat="48.2842980" lon="7.4230370">
    <ele>186.0</ele>
    <time>2024-04-21T12:55:03Z</time>
   </trkpt>
   <trkpt lat="48.2842980" lon="7.4229510">
    <ele>186.0</ele>
    <time>2024-04-21T12:55:04Z</time>
   </trkpt>
   <trkpt lat="48.2842970" lon="7.4228660">
    <ele>186.0</ele>
    <time>2024-04-21T12:55:05Z</time>
   </trkpt>
   <trkpt lat="48.2842960" lon="7.4227800">
    <ele>186.1</ele>
    <time>2024-04-21T12:55:06Z</time>
   </trkpt>
   <trkpt lat="48.2842960" lon="7.4226960">
    <ele>186.1</ele>
    <time>2024-04-21T12:55:07Z</time>
   </trkpt>
   <trkpt lat="48.2842990" lon="7.4226090">
    <ele>186.2</ele>
    <time>2024-04-21T12:55:08Z</time>
   </trkpt>
   <trkpt lat="48.2843000" lon="7.4225220">
    <ele>186.2</ele>
    <time>2024-04-21T12:55:09Z</time>
   </trkpt>
   <trkpt lat="48.2843000" lon="7.4224340">
    <ele>186.3</ele>
    <time>2024-04-21T12:55:10Z</time>
   </trkpt>
   <trkpt lat="48.2843030" lon="7.4223460">
    <ele>186.3</ele>
    <time>2024-04-21T12:55:11Z</time>
   </trkpt>
   <trkpt lat="48.2843100" lon="7.4222590">
    <ele>186.4</ele>
    <time>2024-04-21T12:55:12Z</time>
   </trkpt>
   <trkpt lat="48.2843220" lon="7.4221720">
    <ele>186.4</ele>
    <time>2024-04-21T12:55:13Z</time>
   </trkpt>
   <trkpt lat="48.2843330" lon="7.4220860">
    <ele>186.4</ele>
    <time>2024-04-21T12:55:14Z</time>
   </trkpt>
   <trkpt lat="48.2843420" lon="7.4220020">
    <ele>186.5</ele>
    <time>2024-04-21T12:55:15Z</time>
   </trkpt>
   <trkpt lat="48.2843520" lon="7.4219180">
    <ele>186.5</ele>
    <time>2024-04-21T12:55:16Z</time>
   </trkpt>
   <trkpt lat="48.2843650" lon="7.4218370">
    <ele>186.6</ele>
    <time>2024-04-21T12:55:17Z</time>
   </trkpt>
   <trkpt lat="48.2843750" lon="7.4217540">
    <ele>186.6</ele>
    <time>2024-04-21T12:55:18Z</time>
   </trkpt>
   <trkpt lat="48.2843870" lon="7.4216720">
    <ele>186.7</ele>
    <time>2024-04-21T12:55:19Z</time>
   </trkpt>
   <trkpt lat="48.2844040" lon="7.4215920">
    <ele>186.7</ele>
    <time>2024-04-21T12:55:20Z</time>
   </trkpt>
   <trkpt lat="48.2844180" lon="7.4215110">
    <ele>186.7</ele>
    <time>2024-04-21T12:55:21Z</time>
   </trkpt>
   <trkpt lat="48.2844320" lon="7.4214290">
    <ele>186.7</ele>
    <time>2024-04-21T12:55:22Z</time>
   </trkpt>
   <trkpt lat="48.2844420" lon="7.4213460">
    <ele>186.8</ele>
    <time>2024-04-21T12:55:23Z</time>
   </trkpt>
   <trkpt lat="48.2844500" lon="7.4212650">
    <ele>186.8</ele>
    <time>2024-04-21T12:55:24Z</time>
   </trkpt>
   <trkpt lat="48.2844580" lon="7.4211840">
    <ele>186.8</ele>
    <time>2024-04-21T12:55:25Z</time>
   </trkpt>
   <trkpt lat="48.2844650" lon="7.4211040">
    <ele>186.8</ele>
    <time>2024-04-21T12:55:26Z</time>
   </trkpt>
   <trkpt lat="48.2844780" lon="7.4210240">
    <ele>186.8</ele>
    <time>2024-04-21T12:55:27Z</time>
   </trkpt>
   <trkpt lat="48.2844950" lon="7.4209470">
    <ele>186.8</ele>
    <time>2024-04-21T12:55:28Z</time>
   </trkpt>
   <trkpt lat="48.2845090" lon="7.4208680">
    <ele>186.8</ele>
    <time>2024-04-21T12:55:29Z</time>
   </trkpt>
   <trkpt lat="48.2845230" lon="7.4207860">
    <ele>186.8</ele>
    <time>2024-04-21T12:55:30Z</time>
   </trkpt>
   <trkpt lat="48.2845340" lon="7.4207040">
    <ele>186.8</ele>
    <time>2024-04-21T12:55:31Z</time>
   </trkpt>
   <trkpt lat="48.2845410" lon="7.4206210">
    <ele>186.8</ele>
    <time>2024-04-21T12:55:32Z</time>
   </trkpt>
   <trkpt lat="48.2845440" lon="7.4205350">
    <ele>186.8</ele>
    <time>2024-04-21T12:55:33Z</time>
   </trkpt>
   <trkpt lat="48.2845370" lon="7.4204540">
    <ele>186.8</ele>
    <time>2024-04-21T12:55:34Z</time>
   </trkpt>
   <trkpt lat="48.2845240" lon="7.4203760">
    <ele>186.8</ele>
    <time>2024-04-21T12:55:35Z</time>
   </trkpt>
   <trkpt lat="48.2845150" lon="7.4202980">
    <ele>186.8</ele>
    <time>2024-04-21T12:55:36Z</time>
   </trkpt>
   <trkpt lat="48.2845140" lon="7.4202190">
    <ele>186.8</ele>
    <time>2024-04-21T12:55:37Z</time>
   </trkpt>
   <trkpt lat="48.2845150" lon="7.4201430">
    <ele>186.8</ele>
    <time>2024-04-21T12:55:38Z</time>
   </trkpt>
   <trkpt lat="48.2845150" lon="7.4200670">
    <ele>186.7</ele>
    <time>2024-04-21T12:55:39Z</time>
   </trkpt>
   <trkpt lat="48.2845180" lon="7.4199910">
    <ele>186.7</ele>
    <time>2024-04-21T12:55:40Z</time>
   </trkpt>
   <trkpt lat="48.2845220" lon="7.4199140">
    <ele>186.7</ele>
    <time>2024-04-21T12:55:41Z</time>
   </trkpt>
   <trkpt lat="48.2845300" lon="7.4198400">
    <ele>186.7</ele>
    <time>2024-04-21T12:55:42Z</time>
   </trkpt>
   <trkpt lat="48.2845380" lon="7.4197660">
    <ele>186.7</ele>
    <time>2024-04-21T12:55:43Z</time>
   </trkpt>
   <trkpt lat="48.2845480" lon="7.4196900">
    <ele>186.8</ele>
    <time>2024-04-21T12:55:44Z</time>
   </trkpt>
   <trkpt lat="48.2845520" lon="7.4196140">
    <ele>186.8</ele>
    <time>2024-04-21T12:55:45Z</time>
   </trkpt>
   <trkpt lat="48.2845540" lon="7.4195400">
    <ele>186.8</ele>
    <time>2024-04-21T12:55:46Z</time>
   </trkpt>
   <trkpt lat="48.2845560" lon="7.4194620">
    <ele>186.9</ele>
    <time>2024-04-21T12:55:47Z</time>
   </trkpt>
   <trkpt lat="48.2845550" lon="7.4193830">
    <ele>186.9</ele>
    <time>2024-04-21T12:55:48Z</time>
   </trkpt>
   <trkpt lat="48.2845540" lon="7.4193070">
    <ele>186.9</ele>
    <time>2024-04-21T12:55:49Z</time>
   </trkpt>
   <trkpt lat="48.2845550" lon="7.4192290">
    <ele>186.9</ele>
    <time>2024-04-21T12:55:50Z</time>
   </trkpt>
   <trkpt lat="48.2845510" lon="7.4191490">
    <ele>187.0</ele>
    <time>2024-04-21T12:55:51Z</time>
   </trkpt>
   <trkpt lat="48.2845550" lon="7.4190710">
    <ele>187.0</ele>
    <time>2024-04-21T12:55:52Z</time>
   </trkpt>
   <trkpt lat="48.2845630" lon="7.4189910">
    <ele>187.0</ele>
    <time>2024-04-21T12:55:53Z</time>
   </trkpt>
   <trkpt lat="48.2845720" lon="7.4189160">
    <ele>187.1</ele>
    <time>2024-04-21T12:55:54Z</time>
   </trkpt>
   <trkpt lat="48.2845820" lon="7.4188430">
    <ele>187.1</ele>
    <time>2024-04-21T12:55:55Z</time>
   </trkpt>
   <trkpt lat="48.2845920" lon="7.4187700">
    <ele>187.2</ele>
    <time>2024-04-21T12:55:56Z</time>
   </trkpt>
   <trkpt lat="48.2845970" lon="7.4186940">
    <ele>187.2</ele>
    <time>2024-04-21T12:55:57Z</time>
   </trkpt>
   <trkpt lat="48.2846020" lon="7.4186180">
    <ele>187.3</ele>
    <time>2024-04-21T12:55:58Z</time>
   </trkpt>
   <trkpt lat="48.2846040" lon="7.4185430">
    <ele>187.3</ele>
    <time>2024-04-21T12:55:59Z</time>
   </trkpt>
   <trkpt lat="48.2846070" lon="7.4184710">
    <ele>187.3</ele>
    <time>2024-04-21T12:56:00Z</time>
   </trkpt>
   <trkpt lat="48.2846080" lon="7.4184020">
    <ele>187.4</ele>
    <time>2024-04-21T12:56:01Z</time>
   </trkpt>
   <trkpt lat="48.2846070" lon="7.4183330">
    <ele>187.4</ele>
    <time>2024-04-21T12:56:02Z</time>
   </trkpt>
   <trkpt lat="48.2846090" lon="7.4182630">
    <ele>187.5</ele>
    <time>2024-04-21T12:56:03Z</time>
   </trkpt>
   <trkpt lat="48.2846100" lon="7.4181900">
    <ele>187.5</ele>
    <time>2024-04-21T12:56:04Z</time>
   </trkpt>
   <trkpt lat="48.2846150" lon="7.4181170">
    <ele>187.6</ele>
    <time>2024-04-21T12:56:05Z</time>
   </trkpt>
   <trkpt lat="48.2846210" lon="7.4180420">
    <ele>187.6</ele>
    <time>2024-04-21T12:56:06Z</time>
   </trkpt>
   <trkpt lat="48.2846260" lon="7.4179640">
    <ele>187.6</ele>
    <time>2024-04-21T12:56:07Z</time>
   </trkpt>
   <trkpt lat="48.2846290" lon="7.4178860">
    <ele>187.6</ele>
    <time>2024-04-21T12:56:08Z</time>
   </trkpt>
   <trkpt lat="48.2846310" lon="7.4178080">
    <ele>187.6</ele>
    <time>2024-04-21T12:56:09Z</time>
   </trkpt>
   <trkpt lat="48.2846370" lon="7.4177310">
    <ele>187.7</ele>
    <time>2024-04-21T12:56:10Z</time>
   </trkpt>
   <trkpt lat="48.2846480" lon="7.4176530">
    <ele>187.7</ele>
    <time>2024-04-21T12:56:11Z</time>
   </trkpt>
   <trkpt lat="48.2846560" lon="7.4175760">
    <ele>187.7</ele>
    <time>2024-04-21T12:56:12Z</time>
   </trkpt>
   <trkpt lat="48.2846650" lon="7.4174950">
    <ele>187.7</ele>
    <time>2024-04-21T12:56:13Z</time>
   </trkpt>
   <trkpt lat="48.2846740" lon="7.4174150">
    <ele>187.7</ele>
    <time>2024-04-21T12:56:14Z</time>
   </trkpt>
   <trkpt lat="48.2846820" lon="7.4173340">
    <ele>187.7</ele>
    <time>2024-04-21T12:56:15Z</time>
   </trkpt>
   <trkpt lat="48.2846900" lon="7.4172520">
    <ele>187.7</ele>
    <time>2024-04-21T12:56:16Z</time>
   </trkpt>
   <trkpt lat="48.2846960" lon="7.4171710">
    <ele>187.7</ele>
    <time>2024-04-21T12:56:17Z</time>
   </trkpt>
   <trkpt lat="48.2847030" lon="7.4170870">
    <ele>187.8</ele>
    <time>2024-04-21T12:56:18Z</time>
   </trkpt>
   <trkpt lat="48.2847120" lon="7.4170020">
    <ele>187.8</ele>
    <time>2024-04-21T12:56:19Z</time>
   </trkpt>
   <trkpt lat="48.2847220" lon="7.4169200">
    <ele>187.8</ele>
    <time>2024-04-21T12:56:20Z</time>
   </trkpt>
   <trkpt lat="48.2847300" lon="7.4168360">
    <ele>187.8</ele>
    <time>2024-04-21T12:56:21Z</time>
   </trkpt>
   <trkpt lat="48.2847270" lon="7.4167470">
    <ele>187.8</ele>
    <time>2024-04-21T12:56:22Z</time>
   </trkpt>
   <trkpt lat="48.2847170" lon="7.4166610">
    <ele>187.8</ele>
    <time>2024-04-21T12:56:23Z</time>
   </trkpt>
   <trkpt lat="48.2846930" lon="7.4165840">
    <ele>187.8</ele>
    <time>2024-04-21T12:56:24Z</time>
   </trkpt>
   <trkpt lat="48.2846580" lon="7.4165140">
    <ele>187.9</ele>
    <time>2024-04-21T12:56:25Z</time>
   </trkpt>
   <trkpt lat="48.2846290" lon="7.4164400">
    <ele>187.9</ele>
    <time>2024-04-21T12:56:26Z</time>
   </trkpt>
   <trkpt lat="48.2846030" lon="7.4163640">
    <ele>188.0</ele>
    <time>2024-04-21T12:56:27Z</time>
   </trkpt>
   <trkpt lat="48.2845780" lon="7.4162890">
    <ele>188.0</ele>
    <time>2024-04-21T12:56:28Z</time>
   </trkpt>
   <trkpt lat="48.2845540" lon="7.4162160">
    <ele>188.1</ele>
    <time>2024-04-21T12:56:29Z</time>
   </trkpt>
   <trkpt lat="48.2845320" lon="7.4161430">
    <ele>188.1</ele>
    <time>2024-04-21T12:56:30Z</time>
   </trkpt>
   <trkpt lat="48.2845120" lon="7.4160690">
    <ele>188.1</ele>
    <time>2024-04-21T12:56:31Z</time>
   </trkpt>
   <trkpt lat="48.2844900" lon="7.4159950">
    <ele>188.2</ele>
    <time>2024-04-21T12:56:32Z</time>
   </trkpt>
   <trkpt lat="48.2844640" lon="7.4159240">
    <ele>188.2</ele>
    <time>2024-04-21T12:56:33Z</time>
   </trkpt>
   <trkpt lat="48.2844330" lon="7.4158550">
    <ele>188.2</ele>
    <time>2024-04-21T12:56:34Z</time>
   </trkpt>
   <trkpt lat="48.2843990" lon="7.4157860">
    <ele>188.2</ele>
    <time>2024-04-21T12:56:35Z</time>
   </trkpt>
   <trkpt lat="48.2843600" lon="7.4157300">
    <ele>188.2</ele>
    <time>2024-04-21T12:56:36Z</time>
   </trkpt>
   <trkpt lat="48.2843150" lon="7.4156840">
    <ele>188.3</ele>
    <time>2024-04-21T12:56:37Z</time>
   </trkpt>
   <trkpt lat="48.2842670" lon="7.4156420">
    <ele>188.3</ele>
    <time>2024-04-21T12:56:38Z</time>
   </trkpt>
   <trkpt lat="48.2842170" lon="7.4156070">
    <ele>188.3</ele>
    <time>2024-04-21T12:56:39Z</time>
   </trkpt>
   <trkpt lat="48.2841640" lon="7.4155860">
    <ele>188.3</ele>
    <time>2024-04-21T12:56:40Z</time>
   </trkpt>
   <trkpt lat="48.2841120" lon="7.4155710">
    <ele>188.4</ele>
    <time>2024-04-21T12:56:41Z</time>
   </trkpt>
   <trkpt lat="48.2840640" lon="7.4155480">
    <ele>188.4</ele>
    <time>2024-04-21T12:56:42Z</time>
   </trkpt>
   <trkpt lat="48.2840240" lon="7.4155080">
    <ele>188.5</ele>
    <time>2024-04-21T12:56:43Z</time>
   </trkpt>
   <trkpt lat="48.2840030" lon="7.4154550">
    <ele>188.5</ele>
    <time>2024-04-21T12:56:44Z</time>
   </trkpt>
   <trkpt lat="48.2840040" lon="7.4153910">
    <ele>188.5</ele>
    <time>2024-04-21T12:56:45Z</time>
   </trkpt>
   <trkpt lat="48.2840050" lon="7.4153260">
    <ele>188.5</ele>
    <time>2024-04-21T12:56:46Z</time>
   </trkpt>
   <trkpt lat="48.2840090" lon="7.4152590">
    <ele>188.5</ele>
    <time>2024-04-21T12:56:47Z</time>
   </trkpt>
   <trkpt lat="48.2840130" lon="7.4151950">
    <ele>188.5</ele>
    <time>2024-04-21T12:56:48Z</time>
   </trkpt>
   <trkpt lat="48.2840160" lon="7.4151300">
    <ele>188.5</ele>
    <time>2024-04-21T12:56:49Z</time>
   </trkpt>
   <trkpt lat="48.2840230" lon="7.4150640">
    <ele>188.5</ele>
    <time>2024-04-21T12:56:50Z</time>
   </trkpt>
   <trkpt lat="48.2840270" lon="7.4149940">
    <ele>188.5</ele>
    <time>2024-04-21T12:56:51Z</time>
   </trkpt>
   <trkpt lat="48.2840310" lon="7.4149250">
    <ele>188.6</ele>
    <time>2024-04-21T12:56:52Z</time>
   </trkpt>
   <trkpt lat="48.2840340" lon="7.4148570">
    <ele>188.6</ele>
    <time>2024-04-21T12:56:53Z</time>
   </trkpt>
   <trkpt lat="48.2840380" lon="7.4147860">
    <ele>188.6</ele>
    <time>2024-04-21T12:56:54Z</time>
   </trkpt>
   <trkpt lat="48.2840450" lon="7.4147190">
    <ele>188.7</ele>
    <time>2024-04-21T12:56:55Z</time>
   </trkpt>
   <trkpt lat="48.2840500" lon="7.4146520">
    <ele>188.7</ele>
    <time>2024-04-21T12:56:56Z</time>
   </trkpt>
   <trkpt lat="48.2840570" lon="7.4145850">
    <ele>188.8</ele>
    <time>2024-04-21T12:56:57Z</time>
   </trkpt>
   <trkpt lat="48.2840660" lon="7.4145170">
    <ele>188.8</ele>
    <time>2024-04-21T12:56:58Z</time>
   </trkpt>
   <trkpt lat="48.2840750" lon="7.4144460">
    <ele>188.8</ele>
    <time>2024-04-21T12:56:59Z</time>
   </trkpt>
   <trkpt lat="48.2840850" lon="7.4143760">
    <ele>188.8</ele>
    <time>2024-04-21T12:57:00Z</time>
   </trkpt>
   <trkpt lat="48.2840940" lon="7.4143050">
    <ele>188.8</ele>
    <time>2024-04-21T12:57:01Z</time>
   </trkpt>
   <trkpt lat="48.2841010" lon="7.4142330">
    <ele>188.8</ele>
    <time>2024-04-21T12:57:02Z</time>
   </trkpt>
   <trkpt lat="48.2841100" lon="7.4141570">
    <ele>188.8</ele>
    <time>2024-04-21T12:57:03Z</time>
   </trkpt>
   <trkpt lat="48.2841190" lon="7.4140820">
    <ele>188.8</ele>
    <time>2024-04-21T12:57:04Z</time>
   </trkpt>
   <trkpt lat="48.2841290" lon="7.4140050">
    <ele>188.7</ele>
    <time>2024-04-21T12:57:05Z</time>
   </trkpt>
   <trkpt lat="48.2841390" lon="7.4139270">
    <ele>188.8</ele>
    <time>2024-04-21T12:57:06Z</time>
   </trkpt>
   <trkpt lat="48.2841480" lon="7.4138470">
    <ele>188.8</ele>
    <time>2024-04-21T12:57:07Z</time>
   </trkpt>
   <trkpt lat="48.2841570" lon="7.4137710">
    <ele>188.8</ele>
    <time>2024-04-21T12:57:08Z</time>
   </trkpt>
   <trkpt lat="48.2841680" lon="7.4136960">
    <ele>188.9</ele>
    <time>2024-04-21T12:57:09Z</time>
   </trkpt>
   <trkpt lat="48.2841780" lon="7.4136210">
    <ele>188.9</ele>
    <time>2024-04-21T12:57:10Z</time>
   </trkpt>
   <trkpt lat="48.2841910" lon="7.4135470">
    <ele>189.0</ele>
    <time>2024-04-21T12:57:11Z</time>
   </trkpt>
   <trkpt lat="48.2842070" lon="7.4134770">
    <ele>189.0</ele>
    <time>2024-04-21T12:57:12Z</time>
   </trkpt>
   <trkpt lat="48.2842280" lon="7.4134120">
    <ele>189.1</ele>
    <time>2024-04-21T12:57:13Z</time>
   </trkpt>
   <trkpt lat="48.2842470" lon="7.4133480">
    <ele>189.1</ele>
    <time>2024-04-21T12:57:14Z</time>
   </trkpt>
   <trkpt lat="48.2842660" lon="7.4132860">
    <ele>189.2</ele>
    <time>2024-04-21T12:57:15Z</time>
   </trkpt>
   <trkpt lat="48.2842850" lon="7.4132220">
    <ele>189.3</ele>
    <time>2024-04-21T12:57:16Z</time>
   </trkpt>
   <trkpt lat="48.2842980" lon="7.4131550">
    <ele>189.3</ele>
    <time>2024-04-21T12:57:17Z</time>
   </trkpt>
   <trkpt lat="48.2843100" lon="7.4130890">
    <ele>189.4</ele>
    <time>2024-04-21T12:57:18Z</time>
   </trkpt>
   <trkpt lat="48.2843210" lon="7.4130230">
    <ele>189.5</ele>
    <time>2024-04-21T12:57:19Z</time>
   </trkpt>
   <trkpt lat="48.2843310" lon="7.4129570">
    <ele>189.5</ele>
    <time>2024-04-21T12:57:20Z</time>
   </trkpt>
   <trkpt lat="48.2843370" lon="7.4128890">
    <ele>189.6</ele>
    <time>2024-04-21T12:57:21Z</time>
   </trkpt>
   <trkpt lat="48.2843420" lon="7.4128220">
    <ele>189.6</ele>
    <time>2024-04-21T12:57:22Z</time>
   </trkpt>
   <trkpt lat="48.2843460" lon="7.4127560">
    <ele>189.7</ele>
    <time>2024-04-21T12:57:23Z</time>
   </trkpt>
   <trkpt lat="48.2843500" lon="7.4126890">
    <ele>189.7</ele>
    <time>2024-04-21T12:57:24Z</time>
   </trkpt>
   <trkpt lat="48.2843550" lon="7.4126230">
    <ele>189.7</ele>
    <time>2024-04-21T12:57:25Z</time>
   </trkpt>
   <trkpt lat="48.2843630" lon="7.4125540">
    <ele>189.7</ele>
    <time>2024-04-21T12:57:26Z</time>
   </trkpt>
   <trkpt lat="48.2843700" lon="7.4124850">
    <ele>189.7</ele>
    <time>2024-04-21T12:57:27Z</time>
   </trkpt>
   <trkpt lat="48.2843750" lon="7.4124160">
    <ele>189.7</ele>
    <time>2024-04-21T12:57:28Z</time>
   </trkpt>
   <trkpt lat="48.2843770" lon="7.4123430">
    <ele>189.7</ele>
    <time>2024-04-21T12:57:29Z</time>
   </trkpt>
   <trkpt lat="48.2843710" lon="7.4122710">
    <ele>189.7</ele>
    <time>2024-04-21T12:57:30Z</time>
   </trkpt>
   <trkpt lat="48.2843630" lon="7.4121980">
    <ele>189.7</ele>
    <time>2024-04-21T12:57:31Z</time>
   </trkpt>
   <trkpt lat="48.2843510" lon="7.4121250">
    <ele>189.7</ele>
    <time>2024-04-21T12:57:32Z</time>
   </trkpt>
   <trkpt lat="48.2843340" lon="7.4120540">
    <ele>189.7</ele>
    <time>2024-04-21T12:57:33Z</time>
   </trkpt>
   <trkpt lat="48.2843170" lon="7.4119860">
    <ele>189.7</ele>
    <time>2024-04-21T12:57:34Z</time>
   </trkpt>
   <trkpt lat="48.2842970" lon="7.4119190">
    <ele>189.8</ele>
    <time>2024-04-21T12:57:35Z</time>
   </trkpt>
   <trkpt lat="48.2842800" lon="7.4118480">
    <ele>189.8</ele>
    <time>2024-04-21T12:57:36Z</time>
   </trkpt>
   <trkpt lat="48.2842660" lon="7.4117770">
    <ele>189.8</ele>
    <time>2024-04-21T12:57:37Z</time>
   </trkpt>
   <trkpt lat="48.2842520" lon="7.4117080">
    <ele>189.8</ele>
    <time>2024-04-21T12:57:38Z</time>
   </trkpt>
   <trkpt lat="48.2842400" lon="7.4116370">
    <ele>189.9</ele>
    <time>2024-04-21T12:57:39Z</time>
   </trkpt>
   <trkpt lat="48.2842300" lon="7.4115660">
    <ele>189.9</ele>
    <time>2024-04-21T12:57:40Z</time>
   </trkpt>
   <trkpt lat="48.2842190" lon="7.4114930">
    <ele>190.0</ele>
    <time>2024-04-21T12:57:41Z</time>
   </trkpt>
   <trkpt lat="48.2842120" lon="7.4114210">
    <ele>190.0</ele>
    <time>2024-04-21T12:57:42Z</time>
   </trkpt>
   <trkpt lat="48.2842060" lon="7.4113500">
    <ele>190.0</ele>
    <time>2024-04-21T12:57:43Z</time>
   </trkpt>
   <trkpt lat="48.2841940" lon="7.4112820">
    <ele>190.1</ele>
    <time>2024-04-21T12:57:44Z</time>
   </trkpt>
   <trkpt lat="48.2841830" lon="7.4112130">
    <ele>190.1</ele>
    <time>2024-04-21T12:57:45Z</time>
   </trkpt>
   <trkpt lat="48.2841730" lon="7.4111440">
    <ele>190.2</ele>
    <time>2024-04-21T12:57:46Z</time>
   </trkpt>
   <trkpt lat="48.2841650" lon="7.4110740">
    <ele>190.3</ele>
    <time>2024-04-21T12:57:47Z</time>
   </trkpt>
   <trkpt lat="48.2841570" lon="7.4110090">
    <ele>190.3</ele>
    <time>2024-04-21T12:57:48Z</time>
   </trkpt>
   <trkpt lat="48.2841430" lon="7.4109440">
    <ele>190.4</ele>
    <time>2024-04-21T12:57:49Z</time>
   </trkpt>
   <trkpt lat="48.2841330" lon="7.4108790">
    <ele>190.5</ele>
    <time>2024-04-21T12:57:50Z</time>
   </trkpt>
   <trkpt lat="48.2841230" lon="7.4108140">
    <ele>190.5</ele>
    <time>2024-04-21T12:57:51Z</time>
   </trkpt>
   <trkpt lat="48.2841090" lon="7.4107540">
    <ele>190.6</ele>
    <time>2024-04-21T12:57:52Z</time>
   </trkpt>
   <trkpt lat="48.2840950" lon="7.4106940">
    <ele>190.6</ele>
    <time>2024-04-21T12:57:53Z</time>
   </trkpt>
   <trkpt lat="48.2840830" lon="7.4106320">
    <ele>190.6</ele>
    <time>2024-04-21T12:57:54Z</time>
   </trkpt>
   <trkpt lat="48.2840700" lon="7.4105690">
    <ele>190.6</ele>
    <time>2024-04-21T12:57:55Z</time>
   </trkpt>
   <trkpt lat="48.2840530" lon="7.4105060">
    <ele>190.7</ele>
    <time>2024-04-21T12:57:56Z</time>
   </trkpt>
   <trkpt lat="48.2840360" lon="7.4104450">
    <ele>190.7</ele>
    <time>2024-04-21T12:57:57Z</time>
   </trkpt>
   <trkpt lat="48.2840210" lon="7.4103840">
    <ele>190.7</ele>
    <time>2024-04-21T12:57:58Z</time>
   </trkpt>
   <trkpt lat="48.2840060" lon="7.4103240">
    <ele>190.8</ele>
    <time>2024-04-21T12:57:59Z</time>
   </trkpt>
   <trkpt lat="48.2839870" lon="7.4102650">
    <ele>190.8</ele>
    <time>2024-04-21T12:58:00Z</time>
   </trkpt>
   <trkpt lat="48.2839680" lon="7.4102080">
    <ele>190.8</ele>
    <time>2024-04-21T12:58:01Z</time>
   </trkpt>
   <trkpt lat="48.2839500" lon="7.4101500">
    <ele>190.8</ele>
    <time>2024-04-21T12:58:02Z</time>
   </trkpt>
   <trkpt lat="48.2839330" lon="7.4100910">
    <ele>190.9</ele>
    <time>2024-04-21T12:58:03Z</time>
   </trkpt>
   <trkpt lat="48.2839130" lon="7.4100320">
    <ele>190.9</ele>
    <time>2024-04-21T12:58:04Z</time>
   </trkpt>
   <trkpt lat="48.2838920" lon="7.4099720">
    <ele>190.9</ele>
    <time>2024-04-21T12:58:05Z</time>
   </trkpt>
   <trkpt lat="48.2838700" lon="7.4099100">
    <ele>190.9</ele>
    <time>2024-04-21T12:58:06Z</time>
   </trkpt>
   <trkpt lat="48.2838490" lon="7.4098480">
    <ele>190.9</ele>
    <time>2024-04-21T12:58:07Z</time>
   </trkpt>
   <trkpt lat="48.2838290" lon="7.4097820">
    <ele>190.9</ele>
    <time>2024-04-21T12:58:08Z</time>
   </trkpt>
   <trkpt lat="48.2838100" lon="7.4097150">
    <ele>190.9</ele>
    <time>2024-04-21T12:58:09Z</time>
   </trkpt>
   <trkpt lat="48.2837910" lon="7.4096470">
    <ele>190.9</ele>
    <time>2024-04-21T12:58:10Z</time>
   </trkpt>
   <trkpt lat="48.2837690" lon="7.4095800">
    <ele>190.9</ele>
    <time>2024-04-21T12:58:11Z</time>
   </trkpt>
   <trkpt lat="48.2837470" lon="7.4095140">
    <ele>190.9</ele>
    <time>2024-04-21T12:58:12Z</time>
   </trkpt>
   <trkpt lat="48.2837240" lon="7.4094450">
    <ele>190.9</ele>
    <time>2024-04-21T12:58:13Z</time>
   </trkpt>
   <trkpt lat="48.2837060" lon="7.4093760">
    <ele>190.9</ele>
    <time>2024-04-21T12:58:14Z</time>
   </trkpt>
   <trkpt lat="48.2836890" lon="7.4093050">
    <ele>191.0</ele>
    <time>2024-04-21T12:58:15Z</time>
   </trkpt>
   <trkpt lat="48.2836710" lon="7.4092360">
    <ele>191.0</ele>
    <time>2024-04-21T12:58:16Z</time>
   </trkpt>
   <trkpt lat="48.2836530" lon="7.4091660">
    <ele>191.0</ele>
    <time>2024-04-21T12:58:17Z</time>
   </trkpt>
   <trkpt lat="48.2836340" lon="7.4090970">
    <ele>191.0</ele>
    <time>2024-04-21T12:58:18Z</time>
   </trkpt>
   <trkpt lat="48.2836190" lon="7.4090280">
    <ele>191.1</ele>
    <time>2024-04-21T12:58:19Z</time>
   </trkpt>
   <trkpt lat="48.2836070" lon="7.4089570">
    <ele>191.1</ele>
    <time>2024-04-21T12:58:20Z</time>
   </trkpt>
   <trkpt lat="48.2835950" lon="7.4088860">
    <ele>191.2</ele>
    <time>2024-04-21T12:58:21Z</time>
   </trkpt>
   <trkpt lat="48.2835850" lon="7.4088160">
    <ele>191.2</ele>
    <time>2024-04-21T12:58:22Z</time>
   </trkpt>
   <trkpt lat="48.2835800" lon="7.4087450">
    <ele>191.3</ele>
    <time>2024-04-21T12:58:23Z</time>
   </trkpt>
   <trkpt lat="48.2835760" lon="7.4086740">
    <ele>191.4</ele>
    <time>2024-04-21T12:58:24Z</time>
   </trkpt>
   <trkpt lat="48.2835710" lon="7.4086040">
    <ele>191.4</ele>
    <time>2024-04-21T12:58:25Z</time>
   </trkpt>
   <trkpt lat="48.2835660" lon="7.4085370">
    <ele>191.5</ele>
    <time>2024-04-21T12:58:26Z</time>
   </trkpt>
   <trkpt lat="48.2835610" lon="7.4084690">
    <ele>191.5</ele>
    <time>2024-04-21T12:58:27Z</time>
   </trkpt>
   <trkpt lat="48.2835570" lon="7.4084010">
    <ele>191.6</ele>
    <time>2024-04-21T12:58:28Z</time>
   </trkpt>
   <trkpt lat="48.2835490" lon="7.4083310">
    <ele>191.7</ele>
    <time>2024-04-21T12:58:29Z</time>
   </trkpt>
   <trkpt lat="48.2835400" lon="7.4082630">
    <ele>191.7</ele>
    <time>2024-04-21T12:58:30Z</time>
   </trkpt>
   <trkpt lat="48.2835320" lon="7.4081960">
    <ele>191.7</ele>
    <time>2024-04-21T12:58:31Z</time>
   </trkpt>
   <trkpt lat="48.2835260" lon="7.4081290">
    <ele>191.8</ele>
    <time>2024-04-21T12:58:32Z</time>
   </trkpt>
   <trkpt lat="48.2835210" lon="7.4080600">
    <ele>191.8</ele>
    <time>2024-04-21T12:58:33Z</time>
   </trkpt>
   <trkpt lat="48.2835180" lon="7.4079900">
    <ele>191.9</ele>
    <time>2024-04-21T12:58:34Z</time>
   </trkpt>
   <trkpt lat="48.2835180" lon="7.4079200">
    <ele>191.9</ele>
    <time>2024-04-21T12:58:35Z</time>
   </trkpt>
   <trkpt lat="48.2835160" lon="7.4078520">
    <ele>191.9</ele>
    <time>2024-04-21T12:58:36Z</time>
   </trkpt>
   <trkpt lat="48.2835190" lon="7.4077850">
    <ele>192.0</ele>
    <time>2024-04-21T12:58:37Z</time>
   </trkpt>
   <trkpt lat="48.2835200" lon="7.4077150">
    <ele>192.0</ele>
    <time>2024-04-21T12:58:38Z</time>
   </trkpt>
   <trkpt lat="48.2835200" lon="7.4076450">
    <ele>192.0</ele>
    <time>2024-04-21T12:58:39Z</time>
   </trkpt>
   <trkpt lat="48.2835230" lon="7.4075750">
    <ele>192.1</ele>
    <time>2024-04-21T12:58:40Z</time>
   </trkpt>
   <trkpt lat="48.2835270" lon="7.4075050">
    <ele>192.1</ele>
    <time>2024-04-21T12:58:41Z</time>
   </trkpt>
   <trkpt lat="48.2835330" lon="7.4074330">
    <ele>192.1</ele>
    <time>2024-04-21T12:58:42Z</time>
   </trkpt>
   <trkpt lat="48.2835380" lon="7.4073620">
    <ele>192.2</ele>
    <time>2024-04-21T12:58:43Z</time>
   </trkpt>
   <trkpt lat="48.2835450" lon="7.4072900">
    <ele>192.2</ele>
    <time>2024-04-21T12:58:44Z</time>
   </trkpt>
   <trkpt lat="48.2835490" lon="7.4072160">
    <ele>192.2</ele>
    <time>2024-04-21T12:58:45Z</time>
   </trkpt>
   <trkpt lat="48.2835510" lon="7.4071440">
    <ele>192.2</ele>
    <time>2024-04-21T12:58:46Z</time>
   </trkpt>
   <trkpt lat="48.2835530" lon="7.4070710">
    <ele>192.2</ele>
    <time>2024-04-21T12:58:47Z</time>
   </trkpt>
   <trkpt lat="48.2835570" lon="7.4069980">
    <ele>192.2</ele>
    <time>2024-04-21T12:58:48Z</time>
   </trkpt>
   <trkpt lat="48.2835590" lon="7.4069270">
    <ele>192.2</ele>
    <time>2024-04-21T12:58:49Z</time>
   </trkpt>
   <trkpt lat="48.2835590" lon="7.4068570">
    <ele>192.3</ele>
    <time>2024-04-21T12:58:50Z</time>
   </trkpt>
   <trkpt lat="48.2835600" lon="7.4067880">
    <ele>192.3</ele>
    <time>2024-04-21T12:58:51Z</time>
   </trkpt>
   <trkpt lat="48.2835610" lon="7.4067160">
    <ele>192.3</ele>
    <time>2024-04-21T12:58:52Z</time>
   </trkpt>
   <trkpt lat="48.2835610" lon="7.4066440">
    <ele>192.4</ele>
    <time>2024-04-21T12:58:53Z</time>
   </trkpt>
   <trkpt lat="48.2835600" lon="7.4065730">
    <ele>192.4</ele>
    <time>2024-04-21T12:58:54Z</time>
   </trkpt>
   <trkpt lat="48.2835590" lon="7.4065020">
    <ele>192.4</ele>
    <time>2024-04-21T12:58:55Z</time>
   </trkpt>
   <trkpt lat="48.2835530" lon="7.4064330">
    <ele>192.5</ele>
    <time>2024-04-21T12:58:56Z</time>
   </trkpt>
   <trkpt lat="48.2835450" lon="7.4063640">
    <ele>192.5</ele>
    <time>2024-04-21T12:58:57Z</time>
   </trkpt>
   <trkpt lat="48.2835320" lon="7.4062970">
    <ele>192.5</ele>
    <time>2024-04-21T12:58:58Z</time>
   </trkpt>
   <trkpt lat="48.2835210" lon="7.4062300">
    <ele>192.6</ele>
    <time>2024-04-21T12:58:59Z</time>
   </trkpt>
   <trkpt lat="48.2835100" lon="7.4061610">
    <ele>192.6</ele>
    <time>2024-04-21T12:59:00Z</time>
   </trkpt>
   <trkpt lat="48.2834960" lon="7.4060940">
    <ele>192.6</ele>
    <time>2024-04-21T12:59:01Z</time>
   </trkpt>
   <trkpt lat="48.2834790" lon="7.4060300">
    <ele>192.6</ele>
    <time>2024-04-21T12:59:02Z</time>
   </trkpt>
   <trkpt lat="48.2834590" lon="7.4059660">
    <ele>192.6</ele>
    <time>2024-04-21T12:59:03Z</time>
   </trkpt>
   <trkpt lat="48.2834390" lon="7.4059010">
    <ele>192.7</ele>
    <time>2024-04-21T12:59:04Z</time>
   </trkpt>
   <trkpt lat="48.2834130" lon="7.4058360">
    <ele>192.7</ele>
    <time>2024-04-21T12:59:05Z</time>
   </trkpt>
   <trkpt lat="48.2833910" lon="7.4057730">
    <ele>192.7</ele>
    <time>2024-04-21T12:59:06Z</time>
   </trkpt>
   <trkpt lat="48.2833760" lon="7.4057040">
    <ele>192.7</ele>
    <time>2024-04-21T12:59:07Z</time>
   </trkpt>
   <trkpt lat="48.2833570" lon="7.4056370">
    <ele>192.7</ele>
    <time>2024-04-21T12:59:08Z</time>
   </trkpt>
   <trkpt lat="48.2833370" lon="7.4055710">
    <ele>192.7</ele>
    <time>2024-04-21T12:59:09Z</time>
   </trkpt>
   <trkpt lat="48.2833150" lon="7.4055080">
    <ele>192.8</ele>
    <time>2024-04-21T12:59:10Z</time>
   </trkpt>
   <trkpt lat="48.2832920" lon="7.4054460">
    <ele>192.8</ele>
    <time>2024-04-21T12:59:11Z</time>
   </trkpt>
   <trkpt lat="48.2832660" lon="7.4053820">
    <ele>192.8</ele>
    <time>2024-04-21T12:59:12Z</time>
   </trkpt>
   <trkpt lat="48.2832440" lon="7.4053160">
    <ele>192.8</ele>
    <time>2024-04-21T12:59:13Z</time>
   </trkpt>
   <trkpt lat="48.2832180" lon="7.4052550">
    <ele>192.8</ele>
    <time>2024-04-21T12:59:14Z</time>
   </trkpt>
   <trkpt lat="48.2831900" lon="7.4051950">
    <ele>192.8</ele>
    <time>2024-04-21T12:59:15Z</time>
   </trkpt>
   <trkpt lat="48.2831600" lon="7.4051350">
    <ele>192.8</ele>
    <time>2024-04-21T12:59:16Z</time>
   </trkpt>
   <trkpt lat="48.2831310" lon="7.4050710">
    <ele>192.8</ele>
    <time>2024-04-21T12:59:17Z</time>
   </trkpt>
   <trkpt lat="48.2831070" lon="7.4050040">
    <ele>192.9</ele>
    <time>2024-04-21T12:59:18Z</time>
   </trkpt>
   <trkpt lat="48.2830840" lon="7.4049420">
    <ele>192.9</ele>
    <time>2024-04-21T12:59:19Z</time>
   </trkpt>
   <trkpt lat="48.2830550" lon="7.4048840">
    <ele>192.9</ele>
    <time>2024-04-21T12:59:20Z</time>
   </trkpt>
   <trkpt lat="48.2830290" lon="7.4048210">
    <ele>192.9</ele>
    <time>2024-04-21T12:59:21Z</time>
   </trkpt>
   <trkpt lat="48.2830050" lon="7.4047570">
    <ele>192.9</ele>
    <time>2024-04-21T12:59:22Z</time>
   </trkpt>
   <trkpt lat="48.2829790" lon="7.4046940">
    <ele>192.9</ele>
    <time>2024-04-21T12:59:23Z</time>
   </trkpt>
   <trkpt lat="48.2829490" lon="7.4046350">
    <ele>192.9</ele>
    <time>2024-04-21T12:59:24Z</time>
   </trkpt>
   <trkpt lat="48.2829200" lon="7.4045750">
    <ele>192.9</ele>
    <time>2024-04-21T12:59:25Z</time>
   </trkpt>
   <trkpt lat="48.2828900" lon="7.4045140">
    <ele>192.9</ele>
    <time>2024-04-21T12:59:26Z</time>
   </trkpt>
   <trkpt lat="48.2828580" lon="7.4044560">
    <ele>192.9</ele>
    <time>2024-04-21T12:59:27Z</time>
   </trkpt>
   <trkpt lat="48.2828220" lon="7.4044010">
    <ele>192.9</ele>
    <time>2024-04-21T12:59:28Z</time>
   </trkpt>
   <trkpt lat="48.2827870" lon="7.4043490">
    <ele>192.9</ele>
    <time>2024-04-21T12:59:29Z</time>
   </trkpt>
   <trkpt lat="48.2827480" lon="7.4043010">
    <ele>192.9</ele>
    <time>2024-04-21T12:59:30Z</time>
   </trkpt>
   <trkpt lat="48.2827100" lon="7.4042560">
    <ele>192.9</ele>
    <time>2024-04-21T12:59:31Z</time>
   </trkpt>
   <trkpt lat="48.2826760" lon="7.4042100">
    <ele>192.9</ele>
    <time>2024-04-21T12:59:32Z</time>
   </trkpt>
   <trkpt lat="48.2826440" lon="7.4041590">
    <ele>192.9</ele>
    <time>2024-04-21T12:59:33Z</time>
   </trkpt>
   <trkpt lat="48.2826170" lon="7.4040990">
    <ele>193.0</ele>
    <time>2024-04-21T12:59:34Z</time>
   </trkpt>
   <trkpt lat="48.2826020" lon="7.4040300">
    <ele>193.0</ele>
    <time>2024-04-21T12:59:35Z</time>
   </trkpt>
   <trkpt lat="48.2825940" lon="7.4039560">
    <ele>193.0</ele>
    <time>2024-04-21T12:59:36Z</time>
   </trkpt>
   <trkpt lat="48.2825860" lon="7.4038830">
    <ele>193.0</ele>
    <time>2024-04-21T12:59:37Z</time>
   </trkpt>
   <trkpt lat="48.2825780" lon="7.4038090">
    <ele>193.0</ele>
    <time>2024-04-21T12:59:38Z</time>
   </trkpt>
   <trkpt lat="48.2825700" lon="7.4037350">
    <ele>193.1</ele>
    <time>2024-04-21T12:59:39Z</time>
   </trkpt>
   <trkpt lat="48.2825670" lon="7.4036590">
    <ele>193.1</ele>
    <time>2024-04-21T12:59:40Z</time>
   </trkpt>
   <trkpt lat="48.2825620" lon="7.4035860">
    <ele>193.1</ele>
    <time>2024-04-21T12:59:41Z</time>
   </trkpt>
   <trkpt lat="48.2825560" lon="7.4035120">
    <ele>193.1</ele>
    <time>2024-04-21T12:59:42Z</time>
   </trkpt>
   <trkpt lat="48.2825490" lon="7.4034390">
    <ele>193.2</ele>
    <time>2024-04-21T12:59:43Z</time>
   </trkpt>
   <trkpt lat="48.2825450" lon="7.4033630">
    <ele>193.2</ele>
    <time>2024-04-21T12:59:44Z</time>
   </trkpt>
   <trkpt lat="48.2825410" lon="7.4032880">
    <ele>193.3</ele>
    <time>2024-04-21T12:59:45Z</time>
   </trkpt>
   <trkpt lat="48.2825370" lon="7.4032130">
    <ele>193.3</ele>
    <time>2024-04-21T12:59:46Z</time>
   </trkpt>
   <trkpt lat="48.2825350" lon="7.4031360">
    <ele>193.4</ele>
    <time>2024-04-21T12:59:47Z</time>
   </trkpt>
   <trkpt lat="48.2825320" lon="7.4030630">
    <ele>193.4</ele>
    <time>2024-04-21T12:59:48Z</time>
   </trkpt>
   <trkpt lat="48.2825280" lon="7.4029890">
    <ele>193.5</ele>
    <time>2024-04-21T12:59:49Z</time>
   </trkpt>
   <trkpt lat="48.2825220" lon="7.4029180">
    <ele>193.6</ele>
    <time>2024-04-21T12:59:50Z</time>
   </trkpt>
   <trkpt lat="48.2825210" lon="7.4028480">
    <ele>193.6</ele>
    <time>2024-04-21T12:59:51Z</time>
   </trkpt>
   <trkpt lat="48.2825210" lon="7.4027800">
    <ele>193.7</ele>
    <time>2024-04-21T12:59:52Z</time>
   </trkpt>
   <trkpt lat="48.2825150" lon="7.4027140">
    <ele>193.8</ele>
    <time>2024-04-21T12:59:53Z</time>
   </trkpt>
   <trkpt lat="48.2825080" lon="7.4026470">
    <ele>193.9</ele>
    <time>2024-04-21T12:59:54Z</time>
   </trkpt>
   <trkpt lat="48.2824970" lon="7.4025840">
    <ele>193.9</ele>
    <time>2024-04-21T12:59:55Z</time>
   </trkpt>
   <trkpt lat="48.2824760" lon="7.4025300">
    <ele>194.0</ele>
    <time>2024-04-21T12:59:56Z</time>
   </trkpt>
   <trkpt lat="48.2824460" lon="7.4024850">
    <ele>194.0</ele>
    <time>2024-04-21T12:59:57Z</time>
   </trkpt>
   <trkpt lat="48.2824120" lon="7.4024510">
    <ele>194.1</ele>
    <time>2024-04-21T12:59:58Z</time>
   </trkpt>
   <trkpt lat="48.2823740" lon="7.4024370">
    <ele>194.2</ele>
    <time>2024-04-21T12:59:59Z</time>
   </trkpt>
   <trkpt lat="48.2823380" lon="7.4024550">
    <ele>194.3</ele>
    <time>2024-04-21T13:00:00Z</time>
   </trkpt>
   <trkpt lat="48.2823050" lon="7.4024820">
    <ele>194.5</ele>
    <time>2024-04-21T13:00:01Z</time>
   </trkpt>
   <trkpt lat="48.2822660" lon="7.4024830">
    <ele>194.6</ele>
    <time>2024-04-21T13:00:02Z</time>
   </trkpt>
   <trkpt lat="48.2822270" lon="7.4024630">
    <ele>194.7</ele>
    <time>2024-04-21T13:00:03Z</time>
   </trkpt>
   <trkpt lat="48.2821870" lon="7.4024350">
    <ele>194.8</ele>
    <time>2024-04-21T13:00:04Z</time>
   </trkpt>
   <trkpt lat="48.2821450" lon="7.4024140">
    <ele>194.9</ele>
    <time>2024-04-21T13:00:05Z</time>
   </trkpt>
   <trkpt lat="48.2820990" lon="7.4023930">
    <ele>195.0</ele>
    <time>2024-04-21T13:00:06Z</time>
   </trkpt>
   <trkpt lat="48.2820540" lon="7.4023820">
    <ele>195.1</ele>
    <time>2024-04-21T13:00:07Z</time>
   </trkpt>
   <trkpt lat="48.2820070" lon="7.4023740">
    <ele>195.2</ele>
    <time>2024-04-21T13:00:08Z</time>
   </trkpt>
   <trkpt lat="48.2819610" lon="7.4023660">
    <ele>195.3</ele>
    <time>2024-04-21T13:00:09Z</time>
   </trkpt>
   <trkpt lat="48.2819160" lon="7.4023620">
    <ele>195.5</ele>
    <time>2024-04-21T13:00:10Z</time>
   </trkpt>
   <trkpt lat="48.2818690" lon="7.4023570">
    <ele>195.6</ele>
    <time>2024-04-21T13:00:11Z</time>
   </trkpt>
   <trkpt lat="48.2818200" lon="7.4023580">
    <ele>195.7</ele>
    <time>2024-04-21T13:00:12Z</time>
   </trkpt>
   <trkpt lat="48.2817740" lon="7.4023590">
    <ele>195.9</ele>
    <time>2024-04-21T13:00:13Z</time>
   </trkpt>
   <trkpt lat="48.2817280" lon="7.4023580">
    <ele>196.0</ele>
    <time>2024-04-21T13:00:14Z</time>
   </trkpt>
   <trkpt lat="48.2816840" lon="7.4023570">
    <ele>196.2</ele>
    <time>2024-04-21T13:00:15Z</time>
   </trkpt>
   <trkpt lat="48.2816430" lon="7.4023430">
    <ele>196.3</ele>
    <time>2024-04-21T13:00:16Z</time>
   </trkpt>
   <trkpt lat="48.2816070" lon="7.4023050">
    <ele>196.5</ele>
    <time>2024-04-21T13:00:17Z</time>
   </trkpt>
   <trkpt lat="48.2815820" lon="7.4022490">
    <ele>196.6</ele>
    <time>2024-04-21T13:00:18Z</time>
   </trkpt>
   <trkpt lat="48.2815820" lon="7.4021890">
    <ele>196.5</ele>
    <time>2024-04-21T13:00:19Z</time>
   </trkpt>
   <trkpt lat="48.2815890" lon="7.4021100">
    <ele>196.4</ele>
    <time>2024-04-21T13:00:20Z</time>
   </trkpt>
   <trkpt lat="48.2816080" lon="7.4020200">
    <ele>196.3</ele>
    <time>2024-04-21T13:00:21Z</time>
   </trkpt>
   <trkpt lat="48.2816640" lon="7.4019860">
    <ele>196.2</ele>
    <time>2024-04-21T13:00:22Z</time>
   </trkpt>
   <trkpt lat="48.2817080" lon="7.4019570">
    <ele>196.1</ele>
    <time>2024-04-21T13:00:23Z</time>
   </trkpt>
   <trkpt lat="48.2817490" lon="7.4019420">
    <ele>196.0</ele>
    <time>2024-04-21T13:00:24Z</time>
   </trkpt>
   <trkpt lat="48.2817890" lon="7.4019320">
    <ele>195.9</ele>
    <time>2024-04-21T13:00:25Z</time>
   </trkpt>
   <trkpt lat="48.2818320" lon="7.4019250">
    <ele>195.8</ele>
    <time>2024-04-21T13:00:26Z</time>
   </trkpt>
   <trkpt lat="48.2818720" lon="7.4019150">
    <ele>195.7</ele>
    <time>2024-04-21T13:00:27Z</time>
   </trkpt>
   <trkpt lat="48.2819070" lon="7.4018860">
    <ele>195.6</ele>
    <time>2024-04-21T13:00:28Z</time>
   </trkpt>
   <trkpt lat="48.2819400" lon="7.4018520">
    <ele>195.6</ele>
    <time>2024-04-21T13:00:29Z</time>
   </trkpt>
   <trkpt lat="48.2819780" lon="7.4018330">
    <ele>195.5</ele>
    <time>2024-04-21T13:00:30Z</time>
   </trkpt>
   <trkpt lat="48.2820230" lon="7.4018310">
    <ele>195.4</ele>
    <time>2024-04-21T13:00:31Z</time>
   </trkpt>
   <trkpt lat="48.2820680" lon="7.4018420">
    <ele>195.3</ele>
    <time>2024-04-21T13:00:32Z</time>
   </trkpt>
   <trkpt lat="48.2821150" lon="7.4018660">
    <ele>195.2</ele>
    <time>2024-04-21T13:00:33Z</time>
   </trkpt>
   <trkpt lat="48.2821630" lon="7.4018940">
    <ele>195.1</ele>
    <time>2024-04-21T13:00:34Z</time>
   </trkpt>
   <trkpt lat="48.2822110" lon="7.4019230">
    <ele>195.0</ele>
    <time>2024-04-21T13:00:35Z</time>
   </trkpt>
   <trkpt lat="48.2822590" lon="7.4019520">
    <ele>195.0</ele>
    <time>2024-04-21T13:00:36Z</time>
   </trkpt>
   <trkpt lat="48.2823060" lon="7.4019840">
    <ele>194.9</ele>
    <time>2024-04-21T13:00:37Z</time>
   </trkpt>
   <trkpt lat="48.2823500" lon="7.4020250">
    <ele>194.8</ele>
    <time>2024-04-21T13:00:38Z</time>
   </trkpt>
   <trkpt lat="48.2823830" lon="7.4020820">
    <ele>194.7</ele>
    <time>2024-04-21T13:00:39Z</time>
   </trkpt>
   <trkpt lat="48.2823900" lon="7.4021540">
    <ele>194.7</ele>
    <time>2024-04-21T13:00:40Z</time>
   </trkpt>
   <trkpt lat="48.2823610" lon="7.4022070">
    <ele>194.6</ele>
    <time>2024-04-21T13:00:41Z</time>
   </trkpt>
   <trkpt lat="48.2823200" lon="7.4022110">
    <ele>194.7</ele>
    <time>2024-04-21T13:00:42Z</time>
   </trkpt>
   <trkpt lat="48.2822800" lon="7.4021950">
    <ele>194.7</ele>
    <time>2024-04-21T13:00:43Z</time>
   </trkpt>
   <trkpt lat="48.2822380" lon="7.4021770">
    <ele>194.8</ele>
    <time>2024-04-21T13:00:44Z</time>
   </trkpt>
   <trkpt lat="48.2821950" lon="7.4021630">
    <ele>194.9</ele>
    <time>2024-04-21T13:00:45Z</time>
   </trkpt>
   <trkpt lat="48.2821490" lon="7.4021480">
    <ele>195.0</ele>
    <time>2024-04-21T13:00:46Z</time>
   </trkpt>
   <trkpt lat="48.2821050" lon="7.4021310">
    <ele>195.1</ele>
    <time>2024-04-21T13:00:47Z</time>
   </trkpt>
   <trkpt lat="48.2820620" lon="7.4021150">
    <ele>195.2</ele>
    <time>2024-04-21T13:00:48Z</time>
   </trkpt>
   <trkpt lat="48.2820190" lon="7.4020980">
    <ele>195.3</ele>
    <time>2024-04-21T13:00:49Z</time>
   </trkpt>
   <trkpt lat="48.2819760" lon="7.4020840">
    <ele>195.4</ele>
    <time>2024-04-21T13:00:50Z</time>
   </trkpt>
   <trkpt lat="48.2819330" lon="7.4020710">
    <ele>195.5</ele>
    <time>2024-04-21T13:00:51Z</time>
   </trkpt>
   <trkpt lat="48.2818890" lon="7.4020640">
    <ele>195.6</ele>
    <time>2024-04-21T13:00:52Z</time>
   </trkpt>
   <trkpt lat="48.2818470" lon="7.4020570">
    <ele>195.7</ele>
    <time>2024-04-21T13:00:53Z</time>
   </trkpt>
   <trkpt lat="48.2818060" lon="7.4020450">
    <ele>195.8</ele>
    <time>2024-04-21T13:00:54Z</time>
   </trkpt>
   <trkpt lat="48.2817670" lon="7.4020320">
    <ele>196.0</ele>
    <time>2024-04-21T13:00:55Z</time>
   </trkpt>
   <trkpt lat="48.2817260" lon="7.4020220">
    <ele>196.1</ele>
    <time>2024-04-21T13:00:56Z</time>
   </trkpt>
   <trkpt lat="48.2816850" lon="7.4020140">
    <ele>196.3</ele>
    <time>2024-04-21T13:00:57Z</time>
   </trkpt>
   <trkpt lat="48.2816440" lon="7.4020100">
    <ele>196.4</ele>
    <time>2024-04-21T13:00:58Z</time>
   </trkpt>
   <trkpt lat="48.2816040" lon="7.4020040">
    <ele>196.6</ele>
    <time>2024-04-21T13:00:59Z</time>
   </trkpt>
   <trkpt lat="48.2815650" lon="7.4019950">
    <ele>196.7</ele>
    <time>2024-04-21T13:01:00Z</time>
   </trkpt>
   <trkpt lat="48.2815250" lon="7.4019870">
    <ele>196.9</ele>
    <time>2024-04-21T13:01:01Z</time>
   </trkpt>
   <trkpt lat="48.2814850" lon="7.4019840">
    <ele>197.0</ele>
    <time>2024-04-21T13:01:02Z</time>
   </trkpt>
   <trkpt lat="48.2814440" lon="7.4019850">
    <ele>197.2</ele>
    <time>2024-04-21T13:01:03Z</time>
   </trkpt>
   <trkpt lat="48.2814040" lon="7.4019850">
    <ele>197.3</ele>
    <time>2024-04-21T13:01:04Z</time>
   </trkpt>
   <trkpt lat="48.2813650" lon="7.4019840">
    <ele>197.4</ele>
    <time>2024-04-21T13:01:05Z</time>
   </trkpt>
   <trkpt lat="48.2813260" lon="7.4019820">
    <ele>197.5</ele>
    <time>2024-04-21T13:01:06Z</time>
   </trkpt>
   <trkpt lat="48.2812860" lon="7.4019760">
    <ele>197.6</ele>
    <time>2024-04-21T13:01:07Z</time>
   </trkpt>
   <trkpt lat="48.2812480" lon="7.4019710">
    <ele>197.7</ele>
    <time>2024-04-21T13:01:08Z</time>
   </trkpt>
   <trkpt lat="48.2812100" lon="7.4019630">
    <ele>197.8</ele>
    <time>2024-04-21T13:01:09Z</time>
   </trkpt>
   <trkpt lat="48.2811730" lon="7.4019530">
    <ele>197.9</ele>
    <time>2024-04-21T13:01:10Z</time>
   </trkpt>
   <trkpt lat="48.2811360" lon="7.4019400">
    <ele>198.0</ele>
    <time>2024-04-21T13:01:11Z</time>
   </trkpt>
   <trkpt lat="48.2810980" lon="7.4019280">
    <ele>198.1</ele>
    <time>2024-04-21T13:01:12Z</time>
   </trkpt>
   <trkpt lat="48.2810580" lon="7.4019270">
    <ele>198.2</ele>
    <time>2024-04-21T13:01:13Z</time>
   </trkpt>
   <trkpt lat="48.2810160" lon="7.4019290">
    <ele>198.3</ele>
    <time>2024-04-21T13:01:14Z</time>
   </trkpt>
   <trkpt lat="48.2809760" lon="7.4019240">
    <ele>198.4</ele>
    <time>2024-04-21T13:01:15Z</time>
   </trkpt>
   <trkpt lat="48.2809360" lon="7.4019150">
    <ele>198.5</ele>
    <time>2024-04-21T13:01:16Z</time>
   </trkpt>
   <trkpt lat="48.2808950" lon="7.4019090">
    <ele>198.6</ele>
    <time>2024-04-21T13:01:17Z</time>
   </trkpt>
   <trkpt lat="48.2808540" lon="7.4019010">
    <ele>198.7</ele>
    <time>2024-04-21T13:01:18Z</time>
   </trkpt>
   <trkpt lat="48.2808120" lon="7.4018950">
    <ele>198.8</ele>
    <time>2024-04-21T13:01:19Z</time>
   </trkpt>
   <trkpt lat="48.2807690" lon="7.4018910">
    <ele>198.8</ele>
    <time>2024-04-21T13:01:20Z</time>
   </trkpt>
   <trkpt lat="48.2807260" lon="7.4018870">
    <ele>198.8</ele>
    <time>2024-04-21T13:01:21Z</time>
   </trkpt>
   <trkpt lat="48.2806790" lon="7.4019050">
    <ele>198.9</ele>
    <time>2024-04-21T13:01:22Z</time>
   </trkpt>
   <trkpt lat="48.2806340" lon="7.4018980">
    <ele>198.9</ele>
    <time>2024-04-21T13:01:23Z</time>
   </trkpt>
   <trkpt lat="48.2805870" lon="7.4018930">
    <ele>198.8</ele>
    <time>2024-04-21T13:01:24Z</time>
   </trkpt>
   <trkpt lat="48.2805380" lon="7.4018910">
    <ele>198.8</ele>
    <time>2024-04-21T13:01:25Z</time>
   </trkpt>
   <trkpt lat="48.2804870" lon="7.4018910">
    <ele>198.7</ele>
    <time>2024-04-21T13:01:26Z</time>
   </trkpt>
   <trkpt lat="48.2804370" lon="7.4018810">
    <ele>198.6</ele>
    <time>2024-04-21T13:01:27Z</time>
   </trkpt>
   <trkpt lat="48.2803880" lon="7.4018660">
    <ele>198.5</ele>
    <time>2024-04-21T13:01:28Z</time>
   </trkpt>
   <trkpt lat="48.2803360" lon="7.4018560">
    <ele>198.4</ele>
    <time>2024-04-21T13:01:29Z</time>
   </trkpt>
   <trkpt lat="48.2802820" lon="7.4018550">
    <ele>198.2</ele>
    <time>2024-04-21T13:01:30Z</time>
   </trkpt>
   <trkpt lat="48.2802260" lon="7.4018500">
    <ele>198.0</ele>
    <time>2024-04-21T13:01:31Z</time>
   </trkpt>
   <trkpt lat="48.2801740" lon="7.4018430">
    <ele>197.7</ele>
    <time>2024-04-21T13:01:32Z</time>
   </trkpt>
   <trkpt lat="48.2801220" lon="7.4018470">
    <ele>197.5</ele>
    <time>2024-04-21T13:01:33Z</time>
   </trkpt>
   <trkpt lat="48.2800670" lon="7.4018500">
    <ele>197.3</ele>
    <time>2024-04-21T13:01:34Z</time>
   </trkpt>
   <trkpt lat="48.2800100" lon="7.4018490">
    <ele>197.0</ele>
    <time>2024-04-21T13:01:35Z</time>
   </trkpt>
   <trkpt lat="48.2799510" lon="7.4018480">
    <ele>196.7</ele>
    <time>2024-04-21T13:01:36Z</time>
   </trkpt>
   <trkpt lat="48.2798880" lon="7.4018540">
    <ele>196.3</ele>
    <time>2024-04-21T13:01:37Z</time>
   </trkpt>
   <trkpt lat="48.2798240" lon="7.4018660">
    <ele>196.0</ele>
    <time>2024-04-21T13:01:38Z</time>
   </trkpt>
   <trkpt lat="48.2797580" lon="7.4018830">
    <ele>195.6</ele>
    <time>2024-04-21T13:01:39Z</time>
   </trkpt>
   <trkpt lat="48.2796910" lon="7.4019020">
    <ele>195.3</ele>
    <time>2024-04-21T13:01:40Z</time>
   </trkpt>
   <trkpt lat="48.2796210" lon="7.4019180">
    <ele>195.0</ele>
    <time>2024-04-21T13:01:41Z</time>
   </trkpt>
   <trkpt lat="48.2795490" lon="7.4019350">
    <ele>194.7</ele>
    <time>2024-04-21T13:01:42Z</time>
   </trkpt>
   <trkpt lat="48.2794750" lon="7.4019560">
    <ele>194.3</ele>
    <time>2024-04-21T13:01:43Z</time>
   </trkpt>
   <trkpt lat="48.2794020" lon="7.4019750">
    <ele>194.1</ele>
    <time>2024-04-21T13:01:44Z</time>
   </trkpt>
   <trkpt lat="48.2793260" lon="7.4019890">
    <ele>193.8</ele>
    <time>2024-04-21T13:01:45Z</time>
   </trkpt>
   <trkpt lat="48.2792480" lon="7.4020000">
    <ele>193.6</ele>
    <time>2024-04-21T13:01:46Z</time>
   </trkpt>
   <trkpt lat="48.2791730" lon="7.4020010">
    <ele>193.5</ele>
    <time>2024-04-21T13:01:47Z</time>
   </trkpt>
   <trkpt lat="48.2791000" lon="7.4020040">
    <ele>193.4</ele>
    <time>2024-04-21T13:01:48Z</time>
   </trkpt>
   <trkpt lat="48.2790260" lon="7.4020090">
    <ele>193.4</ele>
    <time>2024-04-21T13:01:49Z</time>
   </trkpt>
   <trkpt lat="48.2789510" lon="7.4020050">
    <ele>193.3</ele>
    <time>2024-04-21T13:01:50Z</time>
   </trkpt>
   <trkpt lat="48.2788770" lon="7.4020030">
    <ele>193.2</ele>
    <time>2024-04-21T13:01:51Z</time>
   </trkpt>
   <trkpt lat="48.2787990" lon="7.4019880">
    <ele>193.1</ele>
    <time>2024-04-21T13:01:52Z</time>
   </trkpt>
   <trkpt lat="48.2787250" lon="7.4019650">
    <ele>192.9</ele>
    <time>2024-04-21T13:01:53Z</time>
   </trkpt>
   <trkpt lat="48.2786530" lon="7.4019450">
    <ele>192.8</ele>
    <time>2024-04-21T13:01:54Z</time>
   </trkpt>
   <trkpt lat="48.2785820" lon="7.4019250">
    <ele>192.8</ele>
    <time>2024-04-21T13:01:55Z</time>
   </trkpt>
   <trkpt lat="48.2785160" lon="7.4018990">
    <ele>192.7</ele>
    <time>2024-04-21T13:01:56Z</time>
   </trkpt>
   <trkpt lat="48.2784490" lon="7.4018740">
    <ele>192.7</ele>
    <time>2024-04-21T13:01:57Z</time>
   </trkpt>
   <trkpt lat="48.2783820" lon="7.4018530">
    <ele>192.7</ele>
    <time>2024-04-21T13:01:58Z</time>
   </trkpt>
   <trkpt lat="48.2783130" lon="7.4018380">
    <ele>192.7</ele>
    <time>2024-04-21T13:01:59Z</time>
   </trkpt>
   <trkpt lat="48.2782450" lon="7.4018200">
    <ele>192.7</ele>
    <time>2024-04-21T13:02:00Z</time>
   </trkpt>
   <trkpt lat="48.2781780" lon="7.4018000">
    <ele>192.7</ele>
    <time>2024-04-21T13:02:01Z</time>
   </trkpt>
   <trkpt lat="48.2781100" lon="7.4017750">
    <ele>192.7</ele>
    <time>2024-04-21T13:02:02Z</time>
   </trkpt>
   <trkpt lat="48.2780400" lon="7.4017520">
    <ele>192.7</ele>
    <time>2024-04-21T13:02:03Z</time>
   </trkpt>
   <trkpt lat="48.2779720" lon="7.4017330">
    <ele>192.7</ele>
    <time>2024-04-21T13:02:04Z</time>
   </trkpt>
   <trkpt lat="48.2779050" lon="7.4017140">
    <ele>192.7</ele>
    <time>2024-04-21T13:02:05Z</time>
   </trkpt>
   <trkpt lat="48.2778380" lon="7.4016860">
    <ele>192.6</ele>
    <time>2024-04-21T13:02:06Z</time>
   </trkpt>
   <trkpt lat="48.2777690" lon="7.4016610">
    <ele>192.6</ele>
    <time>2024-04-21T13:02:07Z</time>
   </trkpt>
   <trkpt lat="48.2777000" lon="7.4016320">
    <ele>192.6</ele>
    <time>2024-04-21T13:02:08Z</time>
   </trkpt>
   <trkpt lat="48.2776330" lon="7.4016100">
    <ele>192.7</ele>
    <time>2024-04-21T13:02:09Z</time>
   </trkpt>
   <trkpt lat="48.2775680" lon="7.4015760">
    <ele>192.7</ele>
    <time>2024-04-21T13:02:10Z</time>
   </trkpt>
   <trkpt lat="48.2775080" lon="7.4015280">
    <ele>192.7</ele>
    <time>2024-04-21T13:02:11Z</time>
   </trkpt>
   <trkpt lat="48.2774450" lon="7.4014980">
    <ele>192.7</ele>
    <time>2024-04-21T13:02:12Z</time>
   </trkpt>
   <trkpt lat="48.2773820" lon="7.4014680">
    <ele>192.8</ele>
    <time>2024-04-21T13:02:13Z</time>
   </trkpt>
   <trkpt lat="48.2773210" lon="7.4014340">
    <ele>192.8</ele>
    <time>2024-04-21T13:02:14Z</time>
   </trkpt>
   <trkpt lat="48.2772600" lon="7.4013960">
    <ele>192.8</ele>
    <time>2024-04-21T13:02:15Z</time>
   </trkpt>
   <trkpt lat="48.2772010" lon="7.4013560">
    <ele>192.8</ele>
    <time>2024-04-21T13:02:16Z</time>
   </trkpt>
   <trkpt lat="48.2771420" lon="7.4013190">
    <ele>192.8</ele>
    <time>2024-04-21T13:02:17Z</time>
   </trkpt>
   <trkpt lat="48.2770820" lon="7.4012840">
    <ele>192.8</ele>
    <time>2024-04-21T13:02:18Z</time>
   </trkpt>
   <trkpt lat="48.2770240" lon="7.4012490">
    <ele>192.8</ele>
    <time>2024-04-21T13:02:19Z</time>
   </trkpt>
   <trkpt lat="48.2769650" lon="7.4012130">
    <ele>192.8</ele>
    <time>2024-04-21T13:02:20Z</time>
   </trkpt>
   <trkpt lat="48.2769100" lon="7.4011670">
    <ele>192.8</ele>
    <time>2024-04-21T13:02:21Z</time>
   </trkpt>
   <trkpt lat="48.2768530" lon="7.4011340">
    <ele>192.8</ele>
    <time>2024-04-21T13:02:22Z</time>
   </trkpt>
   <trkpt lat="48.2767940" lon="7.4011140">
    <ele>192.9</ele>
    <time>2024-04-21T13:02:23Z</time>
   </trkpt>
   <trkpt lat="48.2767420" lon="7.4010840">
    <ele>192.9</ele>
    <time>2024-04-21T13:02:24Z</time>
   </trkpt>
   <trkpt lat="48.2767050" lon="7.4010280">
    <ele>192.9</ele>
    <time>2024-04-21T13:02:25Z</time>
   </trkpt>
   <trkpt lat="48.2766930" lon="7.4009510">
    <ele>192.9</ele>
    <time>2024-04-21T13:02:26Z</time>
   </trkpt>
   <trkpt lat="48.2767090" lon="7.4008740">
    <ele>193.2</ele>
    <time>2024-04-21T13:02:27Z</time>
   </trkpt>
   <trkpt lat="48.2767380" lon="7.4008060">
    <ele>193.4</ele>
    <time>2024-04-21T13:02:28Z</time>
   </trkpt>
   <trkpt lat="48.2767690" lon="7.4007390">
    <ele>193.5</ele>
    <time>2024-04-21T13:02:29Z</time>
   </trkpt>
   <trkpt lat="48.2768000" lon="7.4006690">
    <ele>193.7</ele>
    <time>2024-04-21T13:02:30Z</time>
   </trkpt>
   <trkpt lat="48.2768270" lon="7.4005930">
    <ele>193.8</ele>
    <time>2024-04-21T13:02:31Z</time>
   </trkpt>
   <trkpt lat="48.2768490" lon="7.4005140">
    <ele>194.0</ele>
    <time>2024-04-21T13:02:32Z</time>
   </trkpt>
   <trkpt lat="48.2768720" lon="7.4004410">
    <ele>194.1</ele>
    <time>2024-04-21T13:02:33Z</time>
   </trkpt>
   <trkpt lat="48.2768890" lon="7.4003620">
    <ele>194.3</ele>
    <time>2024-04-21T13:02:34Z</time>
   </trkpt>
   <trkpt lat="48.2769030" lon="7.4002830">
    <ele>194.4</ele>
    <time>2024-04-21T13:02:35Z</time>
   </trkpt>
   <trkpt lat="48.2769190" lon="7.4002060">
    <ele>194.6</ele>
    <time>2024-04-21T13:02:36Z</time>
   </trkpt>
   <trkpt lat="48.2769390" lon="7.4001340">
    <ele>194.7</ele>
    <time>2024-04-21T13:02:37Z</time>
   </trkpt>
   <trkpt lat="48.2769600" lon="7.4000610">
    <ele>194.7</ele>
    <time>2024-04-21T13:02:38Z</time>
   </trkpt>
   <trkpt lat="48.2769750" lon="7.3999770">
    <ele>194.7</ele>
    <time>2024-04-21T13:02:39Z</time>
   </trkpt>
   <trkpt lat="48.2769930" lon="7.3998920">
    <ele>194.7</ele>
    <time>2024-04-21T13:02:40Z</time>
   </trkpt>
   <trkpt lat="48.2770180" lon="7.3998170">
    <ele>194.7</ele>
    <time>2024-04-21T13:02:41Z</time>
   </trkpt>
   <trkpt lat="48.2770390" lon="7.3997410">
    <ele>194.7</ele>
    <time>2024-04-21T13:02:42Z</time>
   </trkpt>
   <trkpt lat="48.2770600" lon="7.3996580">
    <ele>194.7</ele>
    <time>2024-04-21T13:02:43Z</time>
   </trkpt>
   <trkpt lat="48.2770840" lon="7.3995770">
    <ele>194.7</ele>
    <time>2024-04-21T13:02:44Z</time>
   </trkpt>
   <trkpt lat="48.2771070" lon="7.3994970">
    <ele>194.7</ele>
    <time>2024-04-21T13:02:45Z</time>
   </trkpt>
   <trkpt lat="48.2771300" lon="7.3994210">
    <ele>194.7</ele>
    <time>2024-04-21T13:02:46Z</time>
   </trkpt>
   <trkpt lat="48.2771550" lon="7.3993450">
    <ele>194.7</ele>
    <time>2024-04-21T13:02:47Z</time>
   </trkpt>
   <trkpt lat="48.2771790" lon="7.3992640">
    <ele>194.7</ele>
    <time>2024-04-21T13:02:48Z</time>
   </trkpt>
   <trkpt lat="48.2772030" lon="7.3991810">
    <ele>194.7</ele>
    <time>2024-04-21T13:02:49Z</time>
   </trkpt>
   <trkpt lat="48.2772260" lon="7.3991000">
    <ele>194.7</ele>
    <time>2024-04-21T13:02:50Z</time>
   </trkpt>
   <trkpt lat="48.2772490" lon="7.3990210">
    <ele>194.8</ele>
    <time>2024-04-21T13:02:51Z</time>
   </trkpt>
   <trkpt lat="48.2772730" lon="7.3989380">
    <ele>194.8</ele>
    <time>2024-04-21T13:02:52Z</time>
   </trkpt>
   <trkpt lat="48.2772960" lon="7.3988550">
    <ele>194.8</ele>
    <time>2024-04-21T13:02:53Z</time>
   </trkpt>
   <trkpt lat="48.2773190" lon="7.3987740">
    <ele>194.9</ele>
    <time>2024-04-21T13:02:54Z</time>
   </trkpt>
   <trkpt lat="48.2773420" lon="7.3986950">
    <ele>194.9</ele>
    <time>2024-04-21T13:02:55Z</time>
   </trkpt>
   <trkpt lat="48.2773640" lon="7.3986160">
    <ele>194.9</ele>
    <time>2024-04-21T13:02:56Z</time>
   </trkpt>
   <trkpt lat="48.2773870" lon="7.3985370">
    <ele>194.9</ele>
    <time>2024-04-21T13:02:57Z</time>
   </trkpt>
   <trkpt lat="48.2774140" lon="7.3984620">
    <ele>194.9</ele>
    <time>2024-04-21T13:02:58Z</time>
   </trkpt>
   <trkpt lat="48.2774390" lon="7.3983850">
    <ele>194.8</ele>
    <time>2024-04-21T13:02:59Z</time>
   </trkpt>
   <trkpt lat="48.2774620" lon="7.3983040">
    <ele>194.8</ele>
    <time>2024-04-21T13:03:00Z</time>
   </trkpt>
   <trkpt lat="48.2774870" lon="7.3982280">
    <ele>194.7</ele>
    <time>2024-04-21T13:03:01Z</time>
   </trkpt>
   <trkpt lat="48.2775140" lon="7.3981520">
    <ele>194.7</ele>
    <time>2024-04-21T13:03:02Z</time>
   </trkpt>
   <trkpt lat="48.2775370" lon="7.3980720">
    <ele>194.7</ele>
    <time>2024-04-21T13:03:03Z</time>
   </trkpt>
   <trkpt lat="48.2775560" lon="7.3979930">
    <ele>194.6</ele>
    <time>2024-04-21T13:03:04Z</time>
   </trkpt>
   <trkpt lat="48.2775760" lon="7.3979170">
    <ele>194.6</ele>
    <time>2024-04-21T13:03:05Z</time>
   </trkpt>
   <trkpt lat="48.2776020" lon="7.3978460">
    <ele>194.6</ele>
    <time>2024-04-21T13:03:06Z</time>
   </trkpt>
   <trkpt lat="48.2776280" lon="7.3977780">
    <ele>194.6</ele>
    <time>2024-04-21T13:03:07Z</time>
   </trkpt>
   <trkpt lat="48.2776550" lon="7.3977080">
    <ele>194.5</ele>
    <time>2024-04-21T13:03:08Z</time>
   </trkpt>
   <trkpt lat="48.2776820" lon="7.3976360">
    <ele>194.5</ele>
    <time>2024-04-21T13:03:09Z</time>
   </trkpt>
   <trkpt lat="48.2777080" lon="7.3975620">
    <ele>194.5</ele>
    <time>2024-04-21T13:03:10Z</time>
   </trkpt>
   <trkpt lat="48.2777340" lon="7.3974910">
    <ele>194.4</ele>
    <time>2024-04-21T13:03:11Z</time>
   </trkpt>
   <trkpt lat="48.2777570" lon="7.3974180">
    <ele>194.4</ele>
    <time>2024-04-21T13:03:12Z</time>
   </trkpt>
   <trkpt lat="48.2777790" lon="7.3973450">
    <ele>194.4</ele>
    <time>2024-04-21T13:03:13Z</time>
   </trkpt>
   <trkpt lat="48.2778050" lon="7.3972750">
    <ele>194.3</ele>
    <time>2024-04-21T13:03:14Z</time>
   </trkpt>
   <trkpt lat="48.2778320" lon="7.3972050">
    <ele>194.3</ele>
    <time>2024-04-21T13:03:15Z</time>
   </trkpt>
   <trkpt lat="48.2778600" lon="7.3971340">
    <ele>194.2</ele>
    <time>2024-04-21T13:03:16Z</time>
   </trkpt>
   <trkpt lat="48.2778800" lon="7.3970610">
    <ele>194.2</ele>
    <time>2024-04-21T13:03:17Z</time>
   </trkpt>
   <trkpt lat="48.2778980" lon="7.3969880">
    <ele>194.2</ele>
    <time>2024-04-21T13:03:18Z</time>
   </trkpt>
   <trkpt lat="48.2779230" lon="7.3969210">
    <ele>194.1</ele>
    <time>2024-04-21T13:03:19Z</time>
   </trkpt>
   <trkpt lat="48.2779520" lon="7.3968570">
    <ele>194.1</ele>
    <time>2024-04-21T13:03:20Z</time>
   </trkpt>
   <trkpt lat="48.2779770" lon="7.3967920">
    <ele>194.0</ele>
    <time>2024-04-21T13:03:21Z</time>
   </trkpt>
   <trkpt lat="48.2780020" lon="7.3967230">
    <ele>194.0</ele>
    <time>2024-04-21T13:03:22Z</time>
   </trkpt>
   <trkpt lat="48.2780300" lon="7.3966540">
    <ele>193.9</ele>
    <time>2024-04-21T13:03:23Z</time>
   </trkpt>
   <trkpt lat="48.2780570" lon="7.3965870">
    <ele>193.9</ele>
    <time>2024-04-21T13:03:24Z</time>
   </trkpt>
   <trkpt lat="48.2780840" lon="7.3965250">
    <ele>193.8</ele>
    <time>2024-04-21T13:03:25Z</time>
   </trkpt>
   <trkpt lat="48.2781100" lon="7.3964620">
    <ele>193.8</ele>
    <time>2024-04-21T13:03:26Z</time>
   </trkpt>
   <trkpt lat="48.2781370" lon="7.3964050">
    <ele>193.8</ele>
    <time>2024-04-21T13:03:27Z</time>
   </trkpt>
   <trkpt lat="48.2781650" lon="7.3963530">
    <ele>193.8</ele>
    <time>2024-04-21T13:03:28Z</time>
   </trkpt>
   <trkpt lat="48.2781910" lon="7.3962980">
    <ele>193.8</ele>
    <time>2024-04-21T13:03:29Z</time>
   </trkpt>
   <trkpt lat="48.2782190" lon="7.3962420">
    <ele>193.8</ele>
    <time>2024-04-21T13:03:30Z</time>
   </trkpt>
   <trkpt lat="48.2782440" lon="7.3961870">
    <ele>193.8</ele>
    <time>2024-04-21T13:03:31Z</time>
   </trkpt>
   <trkpt lat="48.2782660" lon="7.3961300">
    <ele>193.8</ele>
    <time>2024-04-21T13:03:32Z</time>
   </trkpt>
   <trkpt lat="48.2782910" lon="7.3960740">
    <ele>193.8</ele>
    <time>2024-04-21T13:03:33Z</time>
   </trkpt>
   <trkpt lat="48.2783200" lon="7.3960280">
    <ele>193.8</ele>
    <time>2024-04-21T13:03:34Z</time>
   </trkpt>
   <trkpt lat="48.2783530" lon="7.3959880">
    <ele>193.9</ele>
    <time>2024-04-21T13:03:35Z</time>
   </trkpt>
   <trkpt lat="48.2783940" lon="7.3959670">
    <ele>193.9</ele>
    <time>2024-04-21T13:03:36Z</time>
   </trkpt>
   <trkpt lat="48.2784370" lon="7.3959720">
    <ele>193.9</ele>
    <time>2024-04-21T13:03:37Z</time>
   </trkpt>
   <trkpt lat="48.2784800" lon="7.3959850">
    <ele>193.9</ele>
    <time>2024-04-21T13:03:38Z</time>
   </trkpt>
   <trkpt lat="48.2785240" lon="7.3959980">
    <ele>193.9</ele>
    <time>2024-04-21T13:03:39Z</time>
   </trkpt>
   <trkpt lat="48.2785670" lon="7.3960100">
    <ele>193.9</ele>
    <time>2024-04-21T13:03:40Z</time>
   </trkpt>
   <trkpt lat="48.2786130" lon="7.3960160">
    <ele>193.9</ele>
    <time>2024-04-21T13:03:41Z</time>
   </trkpt>
   <trkpt lat="48.2786610" lon="7.3960250">
    <ele>193.9</ele>
    <time>2024-04-21T13:03:42Z</time>
   </trkpt>
   <trkpt lat="48.2787060" lon="7.3960380">
    <ele>193.9</ele>
    <time>2024-04-21T13:03:43Z</time>
   </trkpt>
   <trkpt lat="48.2787520" lon="7.3960540">
    <ele>193.9</ele>
    <time>2024-04-21T13:03:44Z</time>
   </trkpt>
   <trkpt lat="48.2788010" lon="7.3960690">
    <ele>193.9</ele>
    <time>2024-04-21T13:03:45Z</time>
   </trkpt>
   <trkpt lat="48.2788510" lon="7.3960750">
    <ele>193.9</ele>
    <time>2024-04-21T13:03:46Z</time>
   </trkpt>
   <trkpt lat="48.2789000" lon="7.3960810">
    <ele>193.9</ele>
    <time>2024-04-21T13:03:47Z</time>
   </trkpt>
   <trkpt lat="48.2789520" lon="7.3960910">
    <ele>193.9</ele>
    <time>2024-04-21T13:03:48Z</time>
   </trkpt>
   <trkpt lat="48.2790000" lon="7.3961010">
    <ele>194.0</ele>
    <time>2024-04-21T13:03:49Z</time>
   </trkpt>
   <trkpt lat="48.2790520" lon="7.3961040">
    <ele>194.0</ele>
    <time>2024-04-21T13:03:50Z</time>
   </trkpt>
   <trkpt lat="48.2791050" lon="7.3961090">
    <ele>194.1</ele>
    <time>2024-04-21T13:03:51Z</time>
   </trkpt>
   <trkpt lat="48.2791580" lon="7.3961170">
    <ele>194.1</ele>
    <time>2024-04-21T13:03:52Z</time>
   </trkpt>
   <trkpt lat="48.2792120" lon="7.3961250">
    <ele>194.2</ele>
    <time>2024-04-21T13:03:53Z</time>
   </trkpt>
   <trkpt lat="48.2792660" lon="7.3961280">
    <ele>194.2</ele>
    <time>2024-04-21T13:03:54Z</time>
   </trkpt>
   <trkpt lat="48.2793200" lon="7.3961350">
    <ele>194.3</ele>
    <time>2024-04-21T13:03:55Z</time>
   </trkpt>
   <trkpt lat="48.2793730" lon="7.3961510">
    <ele>194.4</ele>
    <time>2024-04-21T13:03:56Z</time>
   </trkpt>
   <trkpt lat="48.2794260" lon="7.3961620">
    <ele>194.4</ele>
    <time>2024-04-21T13:03:57Z</time>
   </trkpt>
   <trkpt lat="48.2794770" lon="7.3961820">
    <ele>194.5</ele>
    <time>2024-04-21T13:03:58Z</time>
   </trkpt>
   <trkpt lat="48.2795250" lon="7.3962200">
    <ele>194.5</ele>
    <time>2024-04-21T13:03:59Z</time>
   </trkpt>
   <trkpt lat="48.2795700" lon="7.3962660">
    <ele>194.6</ele>
    <time>2024-04-21T13:04:00Z</time>
   </trkpt>
   <trkpt lat="48.2796180" lon="7.3963060">
    <ele>194.6</ele>
    <time>2024-04-21T13:04:01Z</time>
   </trkpt>
   <trkpt lat="48.2796670" lon="7.3963400">
    <ele>194.7</ele>
    <time>2024-04-21T13:04:02Z</time>
   </trkpt>
   <trkpt lat="48.2797150" lon="7.3963670">
    <ele>194.7</ele>
    <time>2024-04-21T13:04:03Z</time>
   </trkpt>
   <trkpt lat="48.2797660" lon="7.3963780">
    <ele>194.7</ele>
    <time>2024-04-21T13:04:04Z</time>
   </trkpt>
   <trkpt lat="48.2798210" lon="7.3963780">
    <ele>194.7</ele>
    <time>2024-04-21T13:04:05Z</time>
   </trkpt>
   <trkpt lat="48.2798760" lon="7.3963780">
    <ele>194.7</ele>
    <time>2024-04-21T13:04:06Z</time>
   </trkpt>
   <trkpt lat="48.2799320" lon="7.3963800">
    <ele>194.8</ele>
    <time>2024-04-21T13:04:07Z</time>
   </trkpt>
   <trkpt lat="48.2799890" lon="7.3963830">
    <ele>194.8</ele>
    <time>2024-04-21T13:04:08Z</time>
   </trkpt>
   <trkpt lat="48.2800490" lon="7.3963850">
    <ele>194.8</ele>
    <time>2024-04-21T13:04:09Z</time>
   </trkpt>
   <trkpt lat="48.2801080" lon="7.3963890">
    <ele>194.8</ele>
    <time>2024-04-21T13:04:10Z</time>
   </trkpt>
   <trkpt lat="48.2801650" lon="7.3963940">
    <ele>194.8</ele>
    <time>2024-04-21T13:04:11Z</time>
   </trkpt>
   <trkpt lat="48.2802250" lon="7.3964020">
    <ele>194.8</ele>
    <time>2024-04-21T13:04:12Z</time>
   </trkpt>
   <trkpt lat="48.2802830" lon="7.3964070">
    <ele>194.9</ele>
    <time>2024-04-21T13:04:13Z</time>
   </trkpt>
   <trkpt lat="48.2803390" lon="7.3964110">
    <ele>194.9</ele>
    <time>2024-04-21T13:04:14Z</time>
   </trkpt>
   <trkpt lat="48.2803980" lon="7.3964110">
    <ele>194.9</ele>
    <time>2024-04-21T13:04:15Z</time>
   </trkpt>
   <trkpt lat="48.2804540" lon="7.3963990">
    <ele>194.9</ele>
    <time>2024-04-21T13:04:16Z</time>
   </trkpt>
   <trkpt lat="48.2805080" lon="7.3963750">
    <ele>195.0</ele>
    <time>2024-04-21T13:04:17Z</time>
   </trkpt>
   <trkpt lat="48.2805580" lon="7.3963400">
    <ele>195.1</ele>
    <time>2024-04-21T13:04:18Z</time>
   </trkpt>
   <trkpt lat="48.2806080" lon="7.3963000">
    <ele>195.1</ele>
    <time>2024-04-21T13:04:19Z</time>
   </trkpt>
   <trkpt lat="48.2806600" lon="7.3962690">
    <ele>195.1</ele>
    <time>2024-04-21T13:04:20Z</time>
   </trkpt>
   <trkpt lat="48.2807140" lon="7.3962510">
    <ele>195.1</ele>
    <time>2024-04-21T13:04:21Z</time>
   </trkpt>
   <trkpt lat="48.2807690" lon="7.3962410">
    <ele>195.1</ele>
    <time>2024-04-21T13:04:22Z</time>
   </trkpt>
   <trkpt lat="48.2808220" lon="7.3962420">
    <ele>195.1</ele>
    <time>2024-04-21T13:04:23Z</time>
   </trkpt>
   <trkpt lat="48.2808760" lon="7.3962490">
    <ele>195.2</ele>
    <time>2024-04-21T13:04:24Z</time>
   </trkpt>
   <trkpt lat="48.2809320" lon="7.3962530">
    <ele>195.2</ele>
    <time>2024-04-21T13:04:25Z</time>
   </trkpt>
   <trkpt lat="48.2809880" lon="7.3962530">
    <ele>195.2</ele>
    <time>2024-04-21T13:04:26Z</time>
   </trkpt>
   <trkpt lat="48.2810430" lon="7.3962580">
    <ele>195.0</ele>
    <time>2024-04-21T13:04:27Z</time>
   </trkpt>
   <trkpt lat="48.2810970" lon="7.3962630">
    <ele>194.7</ele>
    <time>2024-04-21T13:04:28Z</time>
   </trkpt>
   <trkpt lat="48.2811510" lon="7.3962700">
    <ele>194.4</ele>
    <time>2024-04-21T13:04:29Z</time>
   </trkpt>
   <trkpt lat="48.2812050" lon="7.3962700">
    <ele>194.2</ele>
    <time>2024-04-21T13:04:30Z</time>
   </trkpt>
   <trkpt lat="48.2812590" lon="7.3962690">
    <ele>193.9</ele>
    <time>2024-04-21T13:04:31Z</time>
   </trkpt>
   <trkpt lat="48.2813130" lon="7.3962690">
    <ele>193.7</ele>
    <time>2024-04-21T13:04:32Z</time>
   </trkpt>
   <trkpt lat="48.2813670" lon="7.3962700">
    <ele>193.4</ele>
    <time>2024-04-21T13:04:33Z</time>
   </trkpt>
   <trkpt lat="48.2814200" lon="7.3962770">
    <ele>193.2</ele>
    <time>2024-04-21T13:04:34Z</time>
   </trkpt>
   <trkpt lat="48.2814740" lon="7.3962920">
    <ele>193.0</ele>
    <time>2024-04-21T13:04:35Z</time>
   </trkpt>
   <trkpt lat="48.2815210" lon="7.3963200">
    <ele>192.7</ele>
    <time>2024-04-21T13:04:36Z</time>
   </trkpt>
   <trkpt lat="48.2815660" lon="7.3963610">
    <ele>192.5</ele>
    <time>2024-04-21T13:04:37Z</time>
   </trkpt>
   <trkpt lat="48.2816100" lon="7.3964040">
    <ele>192.4</ele>
    <time>2024-04-21T13:04:38Z</time>
   </trkpt>
   <trkpt lat="48.2816550" lon="7.3964470">
    <ele>192.2</ele>
    <time>2024-04-21T13:04:39Z</time>
   </trkpt>
   <trkpt lat="48.2816970" lon="7.3964890">
    <ele>192.0</ele>
    <time>2024-04-21T13:04:40Z</time>
   </trkpt>
   <trkpt lat="48.2817330" lon="7.3965350">
    <ele>191.8</ele>
    <time>2024-04-21T13:04:41Z</time>
   </trkpt>
   <trkpt lat="48.2817710" lon="7.3965680">
    <ele>191.7</ele>
    <time>2024-04-21T13:04:42Z</time>
   </trkpt>
   <trkpt lat="48.2818120" lon="7.3965840">
    <ele>191.5</ele>
    <time>2024-04-21T13:04:43Z</time>
   </trkpt>
   <trkpt lat="48.2818550" lon="7.3965750">
    <ele>191.4</ele>
    <time>2024-04-21T13:04:44Z</time>
   </trkpt>
   <trkpt lat="48.2818940" lon="7.3965440">
    <ele>191.3</ele>
    <time>2024-04-21T13:04:45Z</time>
   </trkpt>
   <trkpt lat="48.2819260" lon="7.3964990">
    <ele>191.3</ele>
    <time>2024-04-21T13:04:46Z</time>
   </trkpt>
   <trkpt lat="48.2819490" lon="7.3964430">
    <ele>191.4</ele>
    <time>2024-04-21T13:04:47Z</time>
   </trkpt>
   <trkpt lat="48.2819690" lon="7.3963870">
    <ele>191.5</ele>
    <time>2024-04-21T13:04:48Z</time>
   </trkpt>
   <trkpt lat="48.2819900" lon="7.3963300">
    <ele>191.7</ele>
    <time>2024-04-21T13:04:49Z</time>
   </trkpt>
   <trkpt lat="48.2820140" lon="7.3962760">
    <ele>191.8</ele>
    <time>2024-04-21T13:04:50Z</time>
   </trkpt>
   <trkpt lat="48.2820350" lon="7.3962180">
    <ele>191.9</ele>
    <time>2024-04-21T13:04:51Z</time>
   </trkpt>
   <trkpt lat="48.2820510" lon="7.3961570">
    <ele>192.0</ele>
    <time>2024-04-21T13:04:52Z</time>
   </trkpt>
   <trkpt lat="48.2820680" lon="7.3960950">
    <ele>192.1</ele>
    <time>2024-04-21T13:04:53Z</time>
   </trkpt>
   <trkpt lat="48.2820760" lon="7.3960300">
    <ele>192.3</ele>
    <time>2024-04-21T13:04:54Z</time>
   </trkpt>
   <trkpt lat="48.2820810" lon="7.3959650">
    <ele>192.4</ele>
    <time>2024-04-21T13:04:55Z</time>
   </trkpt>
   <trkpt lat="48.2820880" lon="7.3959000">
    <ele>192.5</ele>
    <time>2024-04-21T13:04:56Z</time>
   </trkpt>
   <trkpt lat="48.2820910" lon="7.3958320">
    <ele>192.6</ele>
    <time>2024-04-21T13:04:57Z</time>
   </trkpt>
   <trkpt lat="48.2820950" lon="7.3957640">
    <ele>192.7</ele>
    <time>2024-04-21T13:04:58Z</time>
   </trkpt>
   <trkpt lat="48.2821000" lon="7.3956930">
    <ele>192.9</ele>
    <time>2024-04-21T13:04:59Z</time>
   </trkpt>
   <trkpt lat="48.2821080" lon="7.3956200">
    <ele>193.0</ele>
    <time>2024-04-21T13:05:00Z</time>
   </trkpt>
   <trkpt lat="48.2821130" lon="7.3955500">
    <ele>193.1</ele>
    <time>2024-04-21T13:05:01Z</time>
   </trkpt>
   <trkpt lat="48.2821180" lon="7.3954790">
    <ele>193.3</ele>
    <time>2024-04-21T13:05:02Z</time>
   </trkpt>
   <trkpt lat="48.2821220" lon="7.3954060">
    <ele>193.4</ele>
    <time>2024-04-21T13:05:03Z</time>
   </trkpt>
   <trkpt lat="48.2821290" lon="7.3953360">
    <ele>193.5</ele>
    <time>2024-04-21T13:05:04Z</time>
   </trkpt>
   <trkpt lat="48.2821300" lon="7.3952630">
    <ele>193.6</ele>
    <time>2024-04-21T13:05:05Z</time>
   </trkpt>
   <trkpt lat="48.2821360" lon="7.3951900">
    <ele>193.8</ele>
    <time>2024-04-21T13:05:06Z</time>
   </trkpt>
   <trkpt lat="48.2821420" lon="7.3951200">
    <ele>193.9</ele>
    <time>2024-04-21T13:05:07Z</time>
   </trkpt>
   <trkpt lat="48.2821430" lon="7.3950470">
    <ele>194.0</ele>
    <time>2024-04-21T13:05:08Z</time>
   </trkpt>
   <trkpt lat="48.2821500" lon="7.3949770">
    <ele>194.1</ele>
    <time>2024-04-21T13:05:09Z</time>
   </trkpt>
   <trkpt lat="48.2821580" lon="7.3949070">
    <ele>194.3</ele>
    <time>2024-04-21T13:05:10Z</time>
   </trkpt>
   <trkpt lat="48.2821590" lon="7.3948360">
    <ele>194.4</ele>
    <time>2024-04-21T13:05:11Z</time>
   </trkpt>
   <trkpt lat="48.2821630" lon="7.3947690">
    <ele>194.5</ele>
    <time>2024-04-21T13:05:12Z</time>
   </trkpt>
   <trkpt lat="48.2821670" lon="7.3946990">
    <ele>194.7</ele>
    <time>2024-04-21T13:05:13Z</time>
   </trkpt>
   <trkpt lat="48.2821680" lon="7.3946300">
    <ele>194.8</ele>
    <time>2024-04-21T13:05:14Z</time>
   </trkpt>
   <trkpt lat="48.2821700" lon="7.3945560">
    <ele>195.0</ele>
    <time>2024-04-21T13:05:15Z</time>
   </trkpt>
   <trkpt lat="48.2821730" lon="7.3944830">
    <ele>195.1</ele>
    <time>2024-04-21T13:05:16Z</time>
   </trkpt>
   <trkpt lat="48.2821730" lon="7.3944110">
    <ele>195.3</ele>
    <time>2024-04-21T13:05:17Z</time>
   </trkpt>
   <trkpt lat="48.2821730" lon="7.3943400">
    <ele>195.4</ele>
    <time>2024-04-21T13:05:18Z</time>
   </trkpt>
   <trkpt lat="48.2821740" lon="7.3942670">
    <ele>195.6</ele>
    <time>2024-04-21T13:05:19Z</time>
   </trkpt>
   <trkpt lat="48.2821790" lon="7.3941960">
    <ele>195.8</ele>
    <time>2024-04-21T13:05:20Z</time>
   </trkpt>
   <trkpt lat="48.2821810" lon="7.3941250">
    <ele>196.0</ele>
    <time>2024-04-21T13:05:21Z</time>
   </trkpt>
   <trkpt lat="48.2821890" lon="7.3940570">
    <ele>196.1</ele>
    <time>2024-04-21T13:05:22Z</time>
   </trkpt>
   <trkpt lat="48.2821970" lon="7.3939890">
    <ele>196.3</ele>
    <time>2024-04-21T13:05:23Z</time>
   </trkpt>
   <trkpt lat="48.2822010" lon="7.3939220">
    <ele>196.5</ele>
    <time>2024-04-21T13:05:24Z</time>
   </trkpt>
   <trkpt lat="48.2822020" lon="7.3938550">
    <ele>196.6</ele>
    <time>2024-04-21T13:05:25Z</time>
   </trkpt>
   <trkpt lat="48.2822040" lon="7.3937940">
    <ele>196.8</ele>
    <time>2024-04-21T13:05:26Z</time>
   </trkpt>
   <trkpt lat="48.2822090" lon="7.3937340">
    <ele>196.9</ele>
    <time>2024-04-21T13:05:27Z</time>
   </trkpt>
   <trkpt lat="48.2822150" lon="7.3936720">
    <ele>197.1</ele>
    <time>2024-04-21T13:05:28Z</time>
   </trkpt>
   <trkpt lat="48.2822290" lon="7.3936140">
    <ele>197.2</ele>
    <time>2024-04-21T13:05:29Z</time>
   </trkpt>
   <trkpt lat="48.2822470" lon="7.3935630">
    <ele>197.3</ele>
    <time>2024-04-21T13:05:30Z</time>
   </trkpt>
   <trkpt lat="48.2822760" lon="7.3935250">
    <ele>197.3</ele>
    <time>2024-04-21T13:05:31Z</time>
   </trkpt>
   <trkpt lat="48.2823100" lon="7.3934980">
    <ele>197.4</ele>
    <time>2024-04-21T13:05:32Z</time>
   </trkpt>
   <trkpt lat="48.2823490" lon="7.3934830">
    <ele>197.4</ele>
    <time>2024-04-21T13:05:33Z</time>
   </trkpt>
   <trkpt lat="48.2823890" lon="7.3934790">
    <ele>197.4</ele>
    <time>2024-04-21T13:05:34Z</time>
   </trkpt>
   <trkpt lat="48.2824320" lon="7.3934840">
    <ele>197.4</ele>
    <time>2024-04-21T13:05:35Z</time>
   </trkpt>
   <trkpt lat="48.2824850" lon="7.3934980">
    <ele>197.4</ele>
    <time>2024-04-21T13:05:36Z</time>
   </trkpt>
   <trkpt lat="48.2825360" lon="7.3935140">
    <ele>197.3</ele>
    <time>2024-04-21T13:05:37Z</time>
   </trkpt>
   <trkpt lat="48.2825800" lon="7.3935340">
    <ele>197.3</ele>
    <time>2024-04-21T13:05:38Z</time>
   </trkpt>
   <trkpt lat="48.2826270" lon="7.3935520">
    <ele>197.2</ele>
    <time>2024-04-21T13:05:39Z</time>
   </trkpt>
   <trkpt lat="48.2826730" lon="7.3935720">
    <ele>197.1</ele>
    <time>2024-04-21T13:05:40Z</time>
   </trkpt>
   <trkpt lat="48.2827260" lon="7.3935860">
    <ele>197.1</ele>
    <time>2024-04-21T13:05:41Z</time>
   </trkpt>
   <trkpt lat="48.2827810" lon="7.3936030">
    <ele>197.0</ele>
    <time>2024-04-21T13:05:42Z</time>
   </trkpt>
   <trkpt lat="48.2828310" lon="7.3936200">
    <ele>196.9</ele>
    <time>2024-04-21T13:05:43Z</time>
   </trkpt>
   <trkpt lat="48.2828840" lon="7.3936280">
    <ele>196.8</ele>
    <time>2024-04-21T13:05:44Z</time>
   </trkpt>
   <trkpt lat="48.2829410" lon="7.3936220">
    <ele>196.8</ele>
    <time>2024-04-21T13:05:45Z</time>
   </trkpt>
   <trkpt lat="48.2829970" lon="7.3936150">
    <ele>196.7</ele>
    <time>2024-04-21T13:05:46Z</time>
   </trkpt>
   <trkpt lat="48.2830520" lon="7.3935990">
    <ele>196.7</ele>
    <time>2024-04-21T13:05:47Z</time>
   </trkpt>
   <trkpt lat="48.2831070" lon="7.3935790">
    <ele>196.7</ele>
    <time>2024-04-21T13:05:48Z</time>
   </trkpt>
   <trkpt lat="48.2831590" lon="7.3935470">
    <ele>196.6</ele>
    <time>2024-04-21T13:05:49Z</time>
   </trkpt>
   <trkpt lat="48.2832050" lon="7.3935000">
    <ele>196.6</ele>
    <time>2024-04-21T13:05:50Z</time>
   </trkpt>
   <trkpt lat="48.2832540" lon="7.3934690">
    <ele>196.6</ele>
    <time>2024-04-21T13:05:51Z</time>
   </trkpt>
   <trkpt lat="48.2833020" lon="7.3934280">
    <ele>196.6</ele>
    <time>2024-04-21T13:05:52Z</time>
   </trkpt>
   <trkpt lat="48.2833430" lon="7.3933770">
    <ele>196.6</ele>
    <time>2024-04-21T13:05:53Z</time>
   </trkpt>
   <trkpt lat="48.2833820" lon="7.3933260">
    <ele>196.6</ele>
    <time>2024-04-21T13:05:54Z</time>
   </trkpt>
   <trkpt lat="48.2834240" lon="7.3932860">
    <ele>196.6</ele>
    <time>2024-04-21T13:05:55Z</time>
   </trkpt>
   <trkpt lat="48.2834640" lon="7.3932390">
    <ele>196.6</ele>
    <time>2024-04-21T13:05:56Z</time>
   </trkpt>
   <trkpt lat="48.2834970" lon="7.3931830">
    <ele>196.6</ele>
    <time>2024-04-21T13:05:57Z</time>
   </trkpt>
   <trkpt lat="48.2835270" lon="7.3931230">
    <ele>196.7</ele>
    <time>2024-04-21T13:05:58Z</time>
   </trkpt>
   <trkpt lat="48.2835580" lon="7.3930680">
    <ele>196.7</ele>
    <time>2024-04-21T13:05:59Z</time>
   </trkpt>
   <trkpt lat="48.2835890" lon="7.3930100">
    <ele>196.7</ele>
    <time>2024-04-21T13:06:00Z</time>
   </trkpt>
   <trkpt lat="48.2836180" lon="7.3929540">
    <ele>196.8</ele>
    <time>2024-04-21T13:06:01Z</time>
   </trkpt>
   <trkpt lat="48.2836400" lon="7.3928920">
    <ele>196.8</ele>
    <time>2024-04-21T13:06:02Z</time>
   </trkpt>
   <trkpt lat="48.2836650" lon="7.3928330">
    <ele>196.9</ele>
    <time>2024-04-21T13:06:03Z</time>
   </trkpt>
   <trkpt lat="48.2836920" lon="7.3927800">
    <ele>196.9</ele>
    <time>2024-04-21T13:06:04Z</time>
   </trkpt>
   <trkpt lat="48.2837170" lon="7.3927320">
    <ele>197.0</ele>
    <time>2024-04-21T13:06:05Z</time>
   </trkpt>
   <trkpt lat="48.2837400" lon="7.3926910">
    <ele>197.0</ele>
    <time>2024-04-21T13:06:06Z</time>
   </trkpt>
   <trkpt lat="48.2837620" lon="7.3926520">
    <ele>197.0</ele>
    <time>2024-04-21T13:06:07Z</time>
   </trkpt>
   <trkpt lat="48.2837860" lon="7.3926150">
    <ele>197.0</ele>
    <time>2024-04-21T13:06:08Z</time>
   </trkpt>
   <trkpt lat="48.2838060" lon="7.3925790">
    <ele>197.0</ele>
    <time>2024-04-21T13:06:09Z</time>
   </trkpt>
   <trkpt lat="48.2838330" lon="7.3925670">
    <ele>197.0</ele>
    <time>2024-04-21T13:06:10Z</time>
   </trkpt>
   <trkpt lat="48.2838410" lon="7.3925710">
    <ele>197.0</ele>
    <time>2024-04-21T13:06:11Z</time>
   </trkpt>
   <trkpt lat="48.2838510" lon="7.3925880">
    <ele>197.0</ele>
    <time>2024-04-21T13:06:12Z</time>
   </trkpt>
   <trkpt lat="48.2838630" lon="7.3926040">
    <ele>197.0</ele>
    <time>2024-04-21T13:06:13Z</time>
   </trkpt>
   <trkpt lat="48.2838760" lon="7.3926030">
    <ele>197.0</ele>
    <time>2024-04-21T13:06:14Z</time>
   </trkpt>
   <trkpt lat="48.2838810" lon="7.3925940">
    <ele>197.0</ele>
    <time>2024-04-21T13:06:15Z</time>
   </trkpt>
   <trkpt lat="48.2838830" lon="7.3925950">
    <ele>197.0</ele>
    <time>2024-04-21T13:06:16Z</time>
   </trkpt>
   <trkpt lat="48.2838880" lon="7.3925960">
    <ele>197.0</ele>
    <time>2024-04-21T13:06:17Z</time>
   </trkpt>
   <trkpt lat="48.2838920" lon="7.3925980">
    <ele>197.0</ele>
    <time>2024-04-21T13:06:18Z</time>
   </trkpt>
   <trkpt lat="48.2838960" lon="7.3925990">
    <ele>197.0</ele>
    <time>2024-04-21T13:06:19Z</time>
   </trkpt>
   <trkpt lat="48.2839000" lon="7.3925970">
    <ele>197.0</ele>
    <time>2024-04-21T13:06:20Z</time>
   </trkpt>
   <trkpt lat="48.2839030" lon="7.3925940">
    <ele>197.0</ele>
    <time>2024-04-21T13:06:21Z</time>
   </trkpt>
   <trkpt lat="48.2839070" lon="7.3925910">
    <ele>197.0</ele>
    <time>2024-04-21T13:06:22Z</time>
   </trkpt>
   <trkpt lat="48.2839090" lon="7.3925870">
    <ele>197.0</ele>
    <time>2024-04-21T13:06:23Z</time>
   </trkpt>
   <trkpt lat="48.2839090" lon="7.3925860">
    <ele>197.0</ele>
    <time>2024-04-21T13:06:24Z</time>
   </trkpt>
   <trkpt lat="48.2839130" lon="7.3925830">
    <ele>197.0</ele>
    <time>2024-04-21T13:06:25Z</time>
   </trkpt>
   <trkpt lat="48.2839220" lon="7.3925810">
    <ele>197.0</ele>
    <time>2024-04-21T13:06:26Z</time>
   </trkpt>
   <trkpt lat="48.2839340" lon="7.3925790">
    <ele>197.0</ele>
    <time>2024-04-21T13:06:27Z</time>
   </trkpt>
   <trkpt lat="48.2839500" lon="7.3925740">
    <ele>197.0</ele>
    <time>2024-04-21T13:06:28Z</time>
   </trkpt>
   <trkpt lat="48.2839760" lon="7.3925460">
    <ele>196.9</ele>
    <time>2024-04-21T13:06:29Z</time>
   </trkpt>
   <trkpt lat="48.2839840" lon="7.3925330">
    <ele>196.9</ele>
    <time>2024-04-21T13:06:30Z</time>
   </trkpt>
   <trkpt lat="48.2840040" lon="7.3924940">
    <ele>196.9</ele>
    <time>2024-04-21T13:06:31Z</time>
   </trkpt>
   <trkpt lat="48.2840120" lon="7.3924830">
    <ele>196.9</ele>
    <time>2024-04-21T13:06:32Z</time>
   </trkpt>
   <trkpt lat="48.2840360" lon="7.3924560">
    <ele>196.9</ele>
    <time>2024-04-21T13:06:33Z</time>
   </trkpt>
   <trkpt lat="48.2840450" lon="7.3924490">
    <ele>196.9</ele>
    <time>2024-04-21T13:06:34Z</time>
   </trkpt>
   <trkpt lat="48.2840780" lon="7.3924490">
    <ele>196.9</ele>
    <time>2024-04-21T13:06:35Z</time>
   </trkpt>
   <trkpt lat="48.2840900" lon="7.3924520">
    <ele>196.9</ele>
    <time>2024-04-21T13:06:36Z</time>
   </trkpt>
   <trkpt lat="48.2841260" lon="7.3924570">
    <ele>196.9</ele>
    <time>2024-04-21T13:06:37Z</time>
   </trkpt>
   <trkpt lat="48.2841370" lon="7.3924600">
    <ele>196.9</ele>
    <time>2024-04-21T13:06:38Z</time>
   </trkpt>
   <trkpt lat="48.2841610" lon="7.3924850">
    <ele>196.9</ele>
    <time>2024-04-21T13:06:39Z</time>
   </trkpt>
   <trkpt lat="48.2841680" lon="7.3924960">
    <ele>196.9</ele>
    <time>2024-04-21T13:06:40Z</time>
   </trkpt>
   <trkpt lat="48.2841880" lon="7.3925250">
    <ele>196.9</ele>
    <time>2024-04-21T13:06:41Z</time>
   </trkpt>
   <trkpt lat="48.2841960" lon="7.3925350">
    <ele>196.9</ele>
    <time>2024-04-21T13:06:42Z</time>
   </trkpt>
   <trkpt lat="48.2842220" lon="7.3925670">
    <ele>196.9</ele>
    <time>2024-04-21T13:06:43Z</time>
   </trkpt>
   <trkpt lat="48.2842320" lon="7.3925760">
    <ele>197.0</ele>
    <time>2024-04-21T13:06:44Z</time>
   </trkpt>
   <trkpt lat="48.2842630" lon="7.3926000">
    <ele>197.0</ele>
    <time>2024-04-21T13:06:45Z</time>
   </trkpt>
   <trkpt lat="48.2842750" lon="7.3926050">
    <ele>197.0</ele>
    <time>2024-04-21T13:06:46Z</time>
   </trkpt>
   <trkpt lat="48.2843030" lon="7.3926250">
    <ele>197.0</ele>
    <time>2024-04-21T13:06:47Z</time>
   </trkpt>
   <trkpt lat="48.2843110" lon="7.3926360">
    <ele>197.0</ele>
    <time>2024-04-21T13:06:48Z</time>
   </trkpt>
   <trkpt lat="48.2843240" lon="7.3926450">
    <ele>197.0</ele>
    <time>2024-04-21T13:06:49Z</time>
   </trkpt>
   <trkpt lat="48.2843400" lon="7.3926460">
    <ele>197.0</ele>
    <time>2024-04-21T13:06:50Z</time>
   </trkpt>
   <trkpt lat="48.2843700" lon="7.3926280">
    <ele>196.9</ele>
    <time>2024-04-21T13:06:51Z</time>
   </trkpt>
   <trkpt lat="48.2843800" lon="7.3926160">
    <ele>196.9</ele>
    <time>2024-04-21T13:06:52Z</time>
   </trkpt>
   <trkpt lat="48.2843980" lon="7.3925780">
    <ele>197.0</ele>
    <time>2024-04-21T13:06:53Z</time>
   </trkpt>
   <trkpt lat="48.2844150" lon="7.3925390">
    <ele>197.1</ele>
    <time>2024-04-21T13:06:54Z</time>
   </trkpt>
   <trkpt lat="48.2844300" lon="7.3925000">
    <ele>197.1</ele>
    <time>2024-04-21T13:06:55Z</time>
   </trkpt>
   <trkpt lat="48.2844400" lon="7.3924580">
    <ele>197.2</ele>
    <time>2024-04-21T13:06:56Z</time>
   </trkpt>
   <trkpt lat="48.2844480" lon="7.3924150">
    <ele>197.3</ele>
    <time>2024-04-21T13:06:57Z</time>
   </trkpt>
   <trkpt lat="48.2844570" lon="7.3923590">
    <ele>197.3</ele>
    <time>2024-04-21T13:06:58Z</time>
   </trkpt>
   <trkpt lat="48.2844610" lon="7.3923410">
    <ele>197.3</ele>
    <time>2024-04-21T13:06:59Z</time>
   </trkpt>
   <trkpt lat="48.2844720" lon="7.3923030">
    <ele>197.4</ele>
    <time>2024-04-21T13:07:00Z</time>
   </trkpt>
   <trkpt lat="48.2844850" lon="7.3922670">
    <ele>197.4</ele>
    <time>2024-04-21T13:07:01Z</time>
   </trkpt>
   <trkpt lat="48.2845030" lon="7.3922200">
    <ele>197.5</ele>
    <time>2024-04-21T13:07:02Z</time>
   </trkpt>
   <trkpt lat="48.2845080" lon="7.3922050">
    <ele>197.5</ele>
    <time>2024-04-21T13:07:03Z</time>
   </trkpt>
   <trkpt lat="48.2845190" lon="7.3921650">
    <ele>197.5</ele>
    <time>2024-04-21T13:07:04Z</time>
   </trkpt>
   <trkpt lat="48.2845320" lon="7.3921200">
    <ele>197.6</ele>
    <time>2024-04-21T13:07:05Z</time>
   </trkpt>
   <trkpt lat="48.2845450" lon="7.3920780">
    <ele>197.6</ele>
    <time>2024-04-21T13:07:06Z</time>
   </trkpt>
   <trkpt lat="48.2845600" lon="7.3920330">
    <ele>197.6</ele>
    <time>2024-04-21T13:07:07Z</time>
   </trkpt>
   <trkpt lat="48.2845740" lon="7.3919870">
    <ele>197.6</ele>
    <time>2024-04-21T13:07:08Z</time>
   </trkpt>
   <trkpt lat="48.2845870" lon="7.3919430">
    <ele>197.6</ele>
    <time>2024-04-21T13:07:09Z</time>
   </trkpt>
   <trkpt lat="48.2846020" lon="7.3918990">
    <ele>197.6</ele>
    <time>2024-04-21T13:07:10Z</time>
   </trkpt>
   <trkpt lat="48.2846160" lon="7.3918540">
    <ele>197.6</ele>
    <time>2024-04-21T13:07:11Z</time>
   </trkpt>
   <trkpt lat="48.2846310" lon="7.3918100">
    <ele>197.6</ele>
    <time>2024-04-21T13:07:12Z</time>
   </trkpt>
   <trkpt lat="48.2846460" lon="7.3917660">
    <ele>197.6</ele>
    <time>2024-04-21T13:07:13Z</time>
   </trkpt>
   <trkpt lat="48.2846580" lon="7.3917210">
    <ele>197.7</ele>
    <time>2024-04-21T13:07:14Z</time>
   </trkpt>
   <trkpt lat="48.2846700" lon="7.3916770">
    <ele>197.7</ele>
    <time>2024-04-21T13:07:15Z</time>
   </trkpt>
   <trkpt lat="48.2846840" lon="7.3916330">
    <ele>197.8</ele>
    <time>2024-04-21T13:07:16Z</time>
   </trkpt>
   <trkpt lat="48.2846980" lon="7.3915890">
    <ele>197.8</ele>
    <time>2024-04-21T13:07:17Z</time>
   </trkpt>
   <trkpt lat="48.2847100" lon="7.3915460">
    <ele>197.9</ele>
    <time>2024-04-21T13:07:18Z</time>
   </trkpt>
   <trkpt lat="48.2847240" lon="7.3915040">
    <ele>197.9</ele>
    <time>2024-04-21T13:07:19Z</time>
   </trkpt>
   <trkpt lat="48.2847370" lon="7.3914620">
    <ele>198.0</ele>
    <time>2024-04-21T13:07:20Z</time>
   </trkpt>
   <trkpt lat="48.2847510" lon="7.3914200">
    <ele>198.0</ele>
    <time>2024-04-21T13:07:21Z</time>
   </trkpt>
   <trkpt lat="48.2847640" lon="7.3913780">
    <ele>198.1</ele>
    <time>2024-04-21T13:07:22Z</time>
   </trkpt>
   <trkpt lat="48.2847750" lon="7.3913350">
    <ele>198.1</ele>
    <time>2024-04-21T13:07:23Z</time>
   </trkpt>
   <trkpt lat="48.2847870" lon="7.3912920">
    <ele>198.1</ele>
    <time>2024-04-21T13:07:24Z</time>
   </trkpt>
   <trkpt lat="48.2848010" lon="7.3912480">
    <ele>198.1</ele>
    <time>2024-04-21T13:07:25Z</time>
   </trkpt>
   <trkpt lat="48.2848140" lon="7.3912040">
    <ele>198.2</ele>
    <time>2024-04-21T13:07:26Z</time>
   </trkpt>
   <trkpt lat="48.2848280" lon="7.3911600">
    <ele>198.2</ele>
    <time>2024-04-21T13:07:27Z</time>
   </trkpt>
   <trkpt lat="48.2848390" lon="7.3911150">
    <ele>198.2</ele>
    <time>2024-04-21T13:07:28Z</time>
   </trkpt>
   <trkpt lat="48.2848490" lon="7.3910680">
    <ele>198.2</ele>
    <time>2024-04-21T13:07:29Z</time>
   </trkpt>
   <trkpt lat="48.2848610" lon="7.3910220">
    <ele>198.2</ele>
    <time>2024-04-21T13:07:30Z</time>
   </trkpt>
   <trkpt lat="48.2848730" lon="7.3909760">
    <ele>198.2</ele>
    <time>2024-04-21T13:07:31Z</time>
   </trkpt>
   <trkpt lat="48.2848840" lon="7.3909300">
    <ele>198.2</ele>
    <time>2024-04-21T13:07:32Z</time>
   </trkpt>
   <trkpt lat="48.2848970" lon="7.3908810">
    <ele>198.2</ele>
    <time>2024-04-21T13:07:33Z</time>
   </trkpt>
   <trkpt lat="48.2849090" lon="7.3908290">
    <ele>198.2</ele>
    <time>2024-04-21T13:07:34Z</time>
   </trkpt>
   <trkpt lat="48.2849210" lon="7.3907730">
    <ele>198.1</ele>
    <time>2024-04-21T13:07:35Z</time>
   </trkpt>
   <trkpt lat="48.2849360" lon="7.3907150">
    <ele>198.1</ele>
    <time>2024-04-21T13:07:36Z</time>
   </trkpt>
   <trkpt lat="48.2849480" lon="7.3906540">
    <ele>198.1</ele>
    <time>2024-04-21T13:07:37Z</time>
   </trkpt>
   <trkpt lat="48.2849580" lon="7.3905900">
    <ele>198.1</ele>
    <time>2024-04-21T13:07:38Z</time>
   </trkpt>
   <trkpt lat="48.2849660" lon="7.3905230">
    <ele>198.0</ele>
    <time>2024-04-21T13:07:39Z</time>
   </trkpt>
   <trkpt lat="48.2849580" lon="7.3904480">
    <ele>198.0</ele>
    <time>2024-04-21T13:07:40Z</time>
   </trkpt>
   <trkpt lat="48.2849570" lon="7.3903800">
    <ele>198.0</ele>
    <time>2024-04-21T13:07:41Z</time>
   </trkpt>
   <trkpt lat="48.2849710" lon="7.3903150">
    <ele>198.0</ele>
    <time>2024-04-21T13:07:42Z</time>
   </trkpt>
   <trkpt lat="48.2849820" lon="7.3902510">
    <ele>198.0</ele>
    <time>2024-04-21T13:07:43Z</time>
   </trkpt>
   <trkpt lat="48.2849950" lon="7.3901890">
    <ele>198.0</ele>
    <time>2024-04-21T13:07:44Z</time>
   </trkpt>
   <trkpt lat="48.2850140" lon="7.3901310">
    <ele>198.0</ele>
    <time>2024-04-21T13:07:45Z</time>
   </trkpt>
   <trkpt lat="48.2850380" lon="7.3900790">
    <ele>198.0</ele>
    <time>2024-04-21T13:07:46Z</time>
   </trkpt>
   <trkpt lat="48.2850700" lon="7.3900360">
    <ele>198.0</ele>
    <time>2024-04-21T13:07:47Z</time>
   </trkpt>
   <trkpt lat="48.2850940" lon="7.3899780">
    <ele>198.0</ele>
    <time>2024-04-21T13:07:48Z</time>
   </trkpt>
   <trkpt lat="48.2851150" lon="7.3899170">
    <ele>197.9</ele>
    <time>2024-04-21T13:07:49Z</time>
   </trkpt>
   <trkpt lat="48.2851340" lon="7.3898510">
    <ele>197.9</ele>
    <time>2024-04-21T13:07:50Z</time>
   </trkpt>
   <trkpt lat="48.2851500" lon="7.3897860">
    <ele>197.9</ele>
    <time>2024-04-21T13:07:51Z</time>
   </trkpt>
   <trkpt lat="48.2851720" lon="7.3897240">
    <ele>197.8</ele>
    <time>2024-04-21T13:07:52Z</time>
   </trkpt>
   <trkpt lat="48.2851920" lon="7.3896580">
    <ele>197.8</ele>
    <time>2024-04-21T13:07:53Z</time>
   </trkpt>
   <trkpt lat="48.2852110" lon="7.3895900">
    <ele>197.8</ele>
    <time>2024-04-21T13:07:54Z</time>
   </trkpt>
   <trkpt lat="48.2852270" lon="7.3895230">
    <ele>197.8</ele>
    <time>2024-04-21T13:07:55Z</time>
   </trkpt>
   <trkpt lat="48.2852420" lon="7.3894540">
    <ele>197.8</ele>
    <time>2024-04-21T13:07:56Z</time>
   </trkpt>
   <trkpt lat="48.2852590" lon="7.3893840">
    <ele>197.8</ele>
    <time>2024-04-21T13:07:57Z</time>
   </trkpt>
   <trkpt lat="48.2852740" lon="7.3893150">
    <ele>197.8</ele>
    <time>2024-04-21T13:07:58Z</time>
   </trkpt>
   <trkpt lat="48.2852870" lon="7.3892470">
    <ele>197.8</ele>
    <time>2024-04-21T13:07:59Z</time>
   </trkpt>
   <trkpt lat="48.2853020" lon="7.3891800">
    <ele>197.8</ele>
    <time>2024-04-21T13:08:00Z</time>
   </trkpt>
   <trkpt lat="48.2853150" lon="7.3891120">
    <ele>197.8</ele>
    <time>2024-04-21T13:08:01Z</time>
   </trkpt>
   <trkpt lat="48.2853260" lon="7.3890440">
    <ele>197.8</ele>
    <time>2024-04-21T13:08:02Z</time>
   </trkpt>
   <trkpt lat="48.2853380" lon="7.3889770">
    <ele>197.8</ele>
    <time>2024-04-21T13:08:03Z</time>
   </trkpt>
   <trkpt lat="48.2853530" lon="7.3889130">
    <ele>197.8</ele>
    <time>2024-04-21T13:08:04Z</time>
   </trkpt>
   <trkpt lat="48.2853710" lon="7.3888540">
    <ele>197.8</ele>
    <time>2024-04-21T13:08:05Z</time>
   </trkpt>
   <trkpt lat="48.2853840" lon="7.3887920">
    <ele>197.8</ele>
    <time>2024-04-21T13:08:06Z</time>
   </trkpt>
   <trkpt lat="48.2853930" lon="7.3887280">
    <ele>197.8</ele>
    <time>2024-04-21T13:08:07Z</time>
   </trkpt>
   <trkpt lat="48.2854050" lon="7.3886670">
    <ele>197.9</ele>
    <time>2024-04-21T13:08:08Z</time>
   </trkpt>
   <trkpt lat="48.2854180" lon="7.3886070">
    <ele>197.9</ele>
    <time>2024-04-21T13:08:09Z</time>
   </trkpt>
   <trkpt lat="48.2854300" lon="7.3885450">
    <ele>197.9</ele>
    <time>2024-04-21T13:08:10Z</time>
   </trkpt>
   <trkpt lat="48.2854420" lon="7.3884850">
    <ele>198.0</ele>
    <time>2024-04-21T13:08:11Z</time>
   </trkpt>
   <trkpt lat="48.2854510" lon="7.3884280">
    <ele>198.0</ele>
    <time>2024-04-21T13:08:12Z</time>
   </trkpt>
   <trkpt lat="48.2854620" lon="7.3883700">
    <ele>198.1</ele>
    <time>2024-04-21T13:08:13Z</time>
   </trkpt>
   <trkpt lat="48.2854760" lon="7.3883090">
    <ele>198.1</ele>
    <time>2024-04-21T13:08:14Z</time>
   </trkpt>
   <trkpt lat="48.2854860" lon="7.3882440">
    <ele>198.2</ele>
    <time>2024-04-21T13:08:15Z</time>
   </trkpt>
   <trkpt lat="48.2855010" lon="7.3881830">
    <ele>198.3</ele>
    <time>2024-04-21T13:08:16Z</time>
   </trkpt>
   <trkpt lat="48.2855150" lon="7.3881250">
    <ele>198.3</ele>
    <time>2024-04-21T13:08:17Z</time>
   </trkpt>
   <trkpt lat="48.2855250" lon="7.3880680">
    <ele>198.4</ele>
    <time>2024-04-21T13:08:18Z</time>
   </trkpt>
   <trkpt lat="48.2855360" lon="7.3880120">
    <ele>198.4</ele>
    <time>2024-04-21T13:08:19Z</time>
   </trkpt>
   <trkpt lat="48.2855410" lon="7.3879530">
    <ele>198.5</ele>
    <time>2024-04-21T13:08:20Z</time>
   </trkpt>
   <trkpt lat="48.2855570" lon="7.3878990">
    <ele>198.5</ele>
    <time>2024-04-21T13:08:21Z</time>
   </trkpt>
   <trkpt lat="48.2855680" lon="7.3878420">
    <ele>198.5</ele>
    <time>2024-04-21T13:08:22Z</time>
   </trkpt>
   <trkpt lat="48.2855750" lon="7.3877830">
    <ele>198.6</ele>
    <time>2024-04-21T13:08:23Z</time>
   </trkpt>
   <trkpt lat="48.2855840" lon="7.3877260">
    <ele>198.6</ele>
    <time>2024-04-21T13:08:24Z</time>
   </trkpt>
   <trkpt lat="48.2855930" lon="7.3876690">
    <ele>198.6</ele>
    <time>2024-04-21T13:08:25Z</time>
   </trkpt>
   <trkpt lat="48.2855960" lon="7.3876100">
    <ele>198.6</ele>
    <time>2024-04-21T13:08:26Z</time>
   </trkpt>
   <trkpt lat="48.2855990" lon="7.3875510">
    <ele>198.6</ele>
    <time>2024-04-21T13:08:27Z</time>
   </trkpt>
   <trkpt lat="48.2856030" lon="7.3874910">
    <ele>198.7</ele>
    <time>2024-04-21T13:08:28Z</time>
   </trkpt>
   <trkpt lat="48.2856060" lon="7.3874280">
    <ele>198.7</ele>
    <time>2024-04-21T13:08:29Z</time>
   </trkpt>
   <trkpt lat="48.2856110" lon="7.3873670">
    <ele>198.7</ele>
    <time>2024-04-21T13:08:30Z</time>
   </trkpt>
   <trkpt lat="48.2856130" lon="7.3873040">
    <ele>198.8</ele>
    <time>2024-04-21T13:08:31Z</time>
   </trkpt>
   <trkpt lat="48.2856130" lon="7.3872410">
    <ele>198.8</ele>
    <time>2024-04-21T13:08:32Z</time>
   </trkpt>
   <trkpt lat="48.2856160" lon="7.3871800">
    <ele>198.9</ele>
    <time>2024-04-21T13:08:33Z</time>
   </trkpt>
   <trkpt lat="48.2856180" lon="7.3871210">
    <ele>198.9</ele>
    <time>2024-04-21T13:08:34Z</time>
   </trkpt>
   <trkpt lat="48.2856180" lon="7.3870630">
    <ele>199.0</ele>
    <time>2024-04-21T13:08:35Z</time>
   </trkpt>
   <trkpt lat="48.2856190" lon="7.3870070">
    <ele>199.1</ele>
    <time>2024-04-21T13:08:36Z</time>
   </trkpt>
   <trkpt lat="48.2856210" lon="7.3869520">
    <ele>199.2</ele>
    <time>2024-04-21T13:08:37Z</time>
   </trkpt>
   <trkpt lat="48.2856260" lon="7.3868990">
    <ele>199.3</ele>
    <time>2024-04-21T13:08:38Z</time>
   </trkpt>
   <trkpt lat="48.2856320" lon="7.3868480">
    <ele>199.4</ele>
    <time>2024-04-21T13:08:39Z</time>
   </trkpt>
   <trkpt lat="48.2856350" lon="7.3867960">
    <ele>199.6</ele>
    <time>2024-04-21T13:08:40Z</time>
   </trkpt>
   <trkpt lat="48.2856450" lon="7.3867460">
    <ele>199.7</ele>
    <time>2024-04-21T13:08:41Z</time>
   </trkpt>
   <trkpt lat="48.2856610" lon="7.3867030">
    <ele>199.7</ele>
    <time>2024-04-21T13:08:42Z</time>
   </trkpt>
   <trkpt lat="48.2856850" lon="7.3866680">
    <ele>199.8</ele>
    <time>2024-04-21T13:08:43Z</time>
   </trkpt>
   <trkpt lat="48.2857130" lon="7.3866350">
    <ele>199.8</ele>
    <time>2024-04-21T13:08:44Z</time>
   </trkpt>
   <trkpt lat="48.2857390" lon="7.3865970">
    <ele>199.9</ele>
    <time>2024-04-21T13:08:45Z</time>
   </trkpt>
   <trkpt lat="48.2857660" lon="7.3865620">
    <ele>199.9</ele>
    <time>2024-04-21T13:08:46Z</time>
   </trkpt>
   <trkpt lat="48.2857910" lon="7.3865260">
    <ele>199.9</ele>
    <time>2024-04-21T13:08:47Z</time>
   </trkpt>
   <trkpt lat="48.2858120" lon="7.3864830">
    <ele>199.9</ele>
    <time>2024-04-21T13:08:48Z</time>
   </trkpt>
   <trkpt lat="48.2858390" lon="7.3864480">
    <ele>199.9</ele>
    <time>2024-04-21T13:08:49Z</time>
   </trkpt>
   <trkpt lat="48.2858690" lon="7.3864160">
    <ele>199.9</ele>
    <time>2024-04-21T13:08:50Z</time>
   </trkpt>
   <trkpt lat="48.2858980" lon="7.3863800">
    <ele>199.9</ele>
    <time>2024-04-21T13:08:51Z</time>
   </trkpt>
   <trkpt lat="48.2859260" lon="7.3863420">
    <ele>199.9</ele>
    <time>2024-04-21T13:08:52Z</time>
   </trkpt>
   <trkpt lat="48.2859550" lon="7.3863090">
    <ele>199.9</ele>
    <time>2024-04-21T13:08:53Z</time>
   </trkpt>
   <trkpt lat="48.2859870" lon="7.3862790">
    <ele>199.9</ele>
    <time>2024-04-21T13:08:54Z</time>
   </trkpt>
   <trkpt lat="48.2860180" lon="7.3862460">
    <ele>199.9</ele>
    <time>2024-04-21T13:08:55Z</time>
   </trkpt>
   <trkpt lat="48.2860520" lon="7.3862160">
    <ele>199.8</ele>
    <time>2024-04-21T13:08:56Z</time>
   </trkpt>
   <trkpt lat="48.2860840" lon="7.3861800">
    <ele>199.8</ele>
    <time>2024-04-21T13:08:57Z</time>
   </trkpt>
   <trkpt lat="48.2861130" lon="7.3861340">
    <ele>199.7</ele>
    <time>2024-04-21T13:08:58Z</time>
   </trkpt>
   <trkpt lat="48.2861450" lon="7.3860980">
    <ele>199.7</ele>
    <time>2024-04-21T13:08:59Z</time>
   </trkpt>
   <trkpt lat="48.2861800" lon="7.3860680">
    <ele>199.6</ele>
    <time>2024-04-21T13:09:00Z</time>
   </trkpt>
   <trkpt lat="48.2861990" lon="7.3860110">
    <ele>199.6</ele>
    <time>2024-04-21T13:09:01Z</time>
   </trkpt>
   <trkpt lat="48.2862050" lon="7.3859510">
    <ele>199.7</ele>
    <time>2024-04-21T13:09:02Z</time>
   </trkpt>
   <trkpt lat="48.2862060" lon="7.3858900">
    <ele>199.7</ele>
    <time>2024-04-21T13:09:03Z</time>
   </trkpt>
   <trkpt lat="48.2862200" lon="7.3858380">
    <ele>199.8</ele>
    <time>2024-04-21T13:09:04Z</time>
   </trkpt>
   <trkpt lat="48.2862350" lon="7.3857900">
    <ele>199.9</ele>
    <time>2024-04-21T13:09:05Z</time>
   </trkpt>
   <trkpt lat="48.2862430" lon="7.3857390">
    <ele>200.0</ele>
    <time>2024-04-21T13:09:06Z</time>
   </trkpt>
   <trkpt lat="48.2862530" lon="7.3856860">
    <ele>200.1</ele>
    <time>2024-04-21T13:09:07Z</time>
   </trkpt>
   <trkpt lat="48.2862630" lon="7.3856340">
    <ele>200.3</ele>
    <time>2024-04-21T13:09:08Z</time>
   </trkpt>
   <trkpt lat="48.2862700" lon="7.3855820">
    <ele>200.4</ele>
    <time>2024-04-21T13:09:09Z</time>
   </trkpt>
   <trkpt lat="48.2862770" lon="7.3855320">
    <ele>200.4</ele>
    <time>2024-04-21T13:09:10Z</time>
   </trkpt>
   <trkpt lat="48.2862870" lon="7.3854800">
    <ele>200.5</ele>
    <time>2024-04-21T13:09:11Z</time>
   </trkpt>
   <trkpt lat="48.2862930" lon="7.3854240">
    <ele>200.6</ele>
    <time>2024-04-21T13:09:12Z</time>
   </trkpt>
   <trkpt lat="48.2862940" lon="7.3853710">
    <ele>200.7</ele>
    <time>2024-04-21T13:09:13Z</time>
   </trkpt>
   <trkpt lat="48.2862940" lon="7.3853180">
    <ele>200.7</ele>
    <time>2024-04-21T13:09:14Z</time>
   </trkpt>
   <trkpt lat="48.2862920" lon="7.3852690">
    <ele>200.7</ele>
    <time>2024-04-21T13:09:15Z</time>
   </trkpt>
   <trkpt lat="48.2862880" lon="7.3852210">
    <ele>200.8</ele>
    <time>2024-04-21T13:09:16Z</time>
   </trkpt>
   <trkpt lat="48.2862810" lon="7.3851750">
    <ele>200.8</ele>
    <time>2024-04-21T13:09:17Z</time>
   </trkpt>
   <trkpt lat="48.2862720" lon="7.3851280">
    <ele>200.8</ele>
    <time>2024-04-21T13:09:18Z</time>
   </trkpt>
   <trkpt lat="48.2862640" lon="7.3850790">
    <ele>200.9</ele>
    <time>2024-04-21T13:09:19Z</time>
   </trkpt>
   <trkpt lat="48.2862530" lon="7.3850290">
    <ele>200.9</ele>
    <time>2024-04-21T13:09:20Z</time>
   </trkpt>
   <trkpt lat="48.2862410" lon="7.3849800">
    <ele>200.9</ele>
    <time>2024-04-21T13:09:21Z</time>
   </trkpt>
   <trkpt lat="48.2862320" lon="7.3849300">
    <ele>200.9</ele>
    <time>2024-04-21T13:09:22Z</time>
   </trkpt>
   <trkpt lat="48.2862240" lon="7.3848790">
    <ele>200.9</ele>
    <time>2024-04-21T13:09:23Z</time>
   </trkpt>
   <trkpt lat="48.2862140" lon="7.3848300">
    <ele>201.0</ele>
    <time>2024-04-21T13:09:24Z</time>
   </trkpt>
   <trkpt lat="48.2862050" lon="7.3847830">
    <ele>201.0</ele>
    <time>2024-04-21T13:09:25Z</time>
   </trkpt>
   <trkpt lat="48.2861970" lon="7.3847350">
    <ele>201.0</ele>
    <time>2024-04-21T13:09:26Z</time>
   </trkpt>
   <trkpt lat="48.2861910" lon="7.3846860">
    <ele>201.0</ele>
    <time>2024-04-21T13:09:27Z</time>
   </trkpt>
   <trkpt lat="48.2861800" lon="7.3846390">
    <ele>201.0</ele>
    <time>2024-04-21T13:09:28Z</time>
   </trkpt>
   <trkpt lat="48.2861660" lon="7.3845940">
    <ele>201.1</ele>
    <time>2024-04-21T13:09:29Z</time>
   </trkpt>
   <trkpt lat="48.2861570" lon="7.3845490">
    <ele>201.1</ele>
    <time>2024-04-21T13:09:30Z</time>
   </trkpt>
   <trkpt lat="48.2861480" lon="7.3845050">
    <ele>201.1</ele>
    <time>2024-04-21T13:09:31Z</time>
   </trkpt>
   <trkpt lat="48.2861370" lon="7.3844620">
    <ele>201.1</ele>
    <time>2024-04-21T13:09:32Z</time>
   </trkpt>
   <trkpt lat="48.2861290" lon="7.3844200">
    <ele>201.1</ele>
    <time>2024-04-21T13:09:33Z</time>
   </trkpt>
   <trkpt lat="48.2861200" lon="7.3843790">
    <ele>201.1</ele>
    <time>2024-04-21T13:09:34Z</time>
   </trkpt>
   <trkpt lat="48.2861080" lon="7.3843380">
    <ele>201.1</ele>
    <time>2024-04-21T13:09:35Z</time>
   </trkpt>
   <trkpt lat="48.2860990" lon="7.3842930">
    <ele>201.1</ele>
    <time>2024-04-21T13:09:36Z</time>
   </trkpt>
   <trkpt lat="48.2860920" lon="7.3842470">
    <ele>201.1</ele>
    <time>2024-04-21T13:09:37Z</time>
   </trkpt>
   <trkpt lat="48.2860870" lon="7.3842010">
    <ele>201.1</ele>
    <time>2024-04-21T13:09:38Z</time>
   </trkpt>
   <trkpt lat="48.2860860" lon="7.3841540">
    <ele>201.2</ele>
    <time>2024-04-21T13:09:39Z</time>
   </trkpt>
   <trkpt lat="48.2860850" lon="7.3841070">
    <ele>201.2</ele>
    <time>2024-04-21T13:09:40Z</time>
   </trkpt>
   <trkpt lat="48.2860780" lon="7.3840600">
    <ele>201.2</ele>
    <time>2024-04-21T13:09:41Z</time>
   </trkpt>
   <trkpt lat="48.2860670" lon="7.3840150">
    <ele>201.2</ele>
    <time>2024-04-21T13:09:42Z</time>
   </trkpt>
   <trkpt lat="48.2860550" lon="7.3839720">
    <ele>201.2</ele>
    <time>2024-04-21T13:09:43Z</time>
   </trkpt>
   <trkpt lat="48.2860470" lon="7.3839270">
    <ele>201.3</ele>
    <time>2024-04-21T13:09:44Z</time>
   </trkpt>
   <trkpt lat="48.2860410" lon="7.3838810">
    <ele>201.3</ele>
    <time>2024-04-21T13:09:45Z</time>
   </trkpt>
   <trkpt lat="48.2860340" lon="7.3838360">
    <ele>201.3</ele>
    <time>2024-04-21T13:09:46Z</time>
   </trkpt>
   <trkpt lat="48.2860250" lon="7.3837920">
    <ele>201.3</ele>
    <time>2024-04-21T13:09:47Z</time>
   </trkpt>
   <trkpt lat="48.2860160" lon="7.3837470">
    <ele>201.4</ele>
    <time>2024-04-21T13:09:48Z</time>
   </trkpt>
   <trkpt lat="48.2860070" lon="7.3837020">
    <ele>201.4</ele>
    <time>2024-04-21T13:09:49Z</time>
   </trkpt>
   <trkpt lat="48.2859980" lon="7.3836570">
    <ele>201.4</ele>
    <time>2024-04-21T13:09:50Z</time>
   </trkpt>
   <trkpt lat="48.2859900" lon="7.3836120">
    <ele>201.5</ele>
    <time>2024-04-21T13:09:51Z</time>
   </trkpt>
   <trkpt lat="48.2859810" lon="7.3835660">
    <ele>201.5</ele>
    <time>2024-04-21T13:09:52Z</time>
   </trkpt>
   <trkpt lat="48.2859740" lon="7.3835210">
    <ele>201.5</ele>
    <time>2024-04-21T13:09:53Z</time>
   </trkpt>
   <trkpt lat="48.2859700" lon="7.3834770">
    <ele>201.6</ele>
    <time>2024-04-21T13:09:54Z</time>
   </trkpt>
   <trkpt lat="48.2859650" lon="7.3834320">
    <ele>201.6</ele>
    <time>2024-04-21T13:09:55Z</time>
   </trkpt>
   <trkpt lat="48.2859570" lon="7.3833900">
    <ele>201.6</ele>
    <time>2024-04-21T13:09:56Z</time>
   </trkpt>
   <trkpt lat="48.2859470" lon="7.3833490">
    <ele>201.7</ele>
    <time>2024-04-21T13:09:57Z</time>
   </trkpt>
   <trkpt lat="48.2859410" lon="7.3833090">
    <ele>201.7</ele>
    <time>2024-04-21T13:09:58Z</time>
   </trkpt>
   <trkpt lat="48.2859360" lon="7.3832690">
    <ele>201.7</ele>
    <time>2024-04-21T13:09:59Z</time>
   </trkpt>
   <trkpt lat="48.2859300" lon="7.3832280">
    <ele>201.8</ele>
    <time>2024-04-21T13:10:00Z</time>
   </trkpt>
   <trkpt lat="48.2859320" lon="7.3831880">
    <ele>201.8</ele>
    <time>2024-04-21T13:10:01Z</time>
   </trkpt>
   <trkpt lat="48.2859370" lon="7.3831280">
    <ele>201.9</ele>
    <time>2024-04-21T13:10:02Z</time>
   </trkpt>
   <trkpt lat="48.2859370" lon="7.3831080">
    <ele>201.9</ele>
    <time>2024-04-21T13:10:03Z</time>
   </trkpt>
   <trkpt lat="48.2859340" lon="7.3830650">
    <ele>201.9</ele>
    <time>2024-04-21T13:10:04Z</time>
   </trkpt>
   <trkpt lat="48.2859340" lon="7.3830230">
    <ele>202.0</ele>
    <time>2024-04-21T13:10:05Z</time>
   </trkpt>
   <trkpt lat="48.2859360" lon="7.3829800">
    <ele>202.0</ele>
    <time>2024-04-21T13:10:06Z</time>
   </trkpt>
   <trkpt lat="48.2859360" lon="7.3829360">
    <ele>202.0</ele>
    <time>2024-04-21T13:10:07Z</time>
   </trkpt>
   <trkpt lat="48.2859390" lon="7.3828920">
    <ele>202.1</ele>
    <time>2024-04-21T13:10:08Z</time>
   </trkpt>
   <trkpt lat="48.2859410" lon="7.3828480">
    <ele>202.1</ele>
    <time>2024-04-21T13:10:09Z</time>
   </trkpt>
   <trkpt lat="48.2859350" lon="7.3828030">
    <ele>202.2</ele>
    <time>2024-04-21T13:10:10Z</time>
   </trkpt>
   <trkpt lat="48.2859280" lon="7.3827570">
    <ele>202.2</ele>
    <time>2024-04-21T13:10:11Z</time>
   </trkpt>
   <trkpt lat="48.2859240" lon="7.3827110">
    <ele>202.2</ele>
    <time>2024-04-21T13:10:12Z</time>
   </trkpt>
   <trkpt lat="48.2859230" lon="7.3826680">
    <ele>202.3</ele>
    <time>2024-04-21T13:10:13Z</time>
   </trkpt>
   <trkpt lat="48.2859240" lon="7.3826260">
    <ele>202.3</ele>
    <time>2024-04-21T13:10:14Z</time>
   </trkpt>
   <trkpt lat="48.2859230" lon="7.3825830">
    <ele>202.3</ele>
    <time>2024-04-21T13:10:15Z</time>
   </trkpt>
   <trkpt lat="48.2859190" lon="7.3825380">
    <ele>202.4</ele>
    <time>2024-04-21T13:10:16Z</time>
   </trkpt>
   <trkpt lat="48.2859120" lon="7.3824930">
    <ele>202.4</ele>
    <time>2024-04-21T13:10:17Z</time>
   </trkpt>
   <trkpt lat="48.2859060" lon="7.3824500">
    <ele>202.5</ele>
    <time>2024-04-21T13:10:18Z</time>
   </trkpt>
   <trkpt lat="48.2859000" lon="7.3824070">
    <ele>202.5</ele>
    <time>2024-04-21T13:10:19Z</time>
   </trkpt>
   <trkpt lat="48.2858940" lon="7.3823620">
    <ele>202.6</ele>
    <time>2024-04-21T13:10:20Z</time>
   </trkpt>
   <trkpt lat="48.2858860" lon="7.3823170">
    <ele>202.6</ele>
    <time>2024-04-21T13:10:21Z</time>
   </trkpt>
   <trkpt lat="48.2858770" lon="7.3822730">
    <ele>202.7</ele>
    <time>2024-04-21T13:10:22Z</time>
   </trkpt>
   <trkpt lat="48.2858670" lon="7.3822280">
    <ele>202.7</ele>
    <time>2024-04-21T13:10:23Z</time>
   </trkpt>
   <trkpt lat="48.2858570" lon="7.3821840">
    <ele>202.8</ele>
    <time>2024-04-21T13:10:24Z</time>
   </trkpt>
   <trkpt lat="48.2858490" lon="7.3821370">
    <ele>202.8</ele>
    <time>2024-04-21T13:10:25Z</time>
   </trkpt>
   <trkpt lat="48.2858440" lon="7.3820870">
    <ele>202.8</ele>
    <time>2024-04-21T13:10:26Z</time>
   </trkpt>
   <trkpt lat="48.2858380" lon="7.3820380">
    <ele>202.9</ele>
    <time>2024-04-21T13:10:27Z</time>
   </trkpt>
   <trkpt lat="48.2858320" lon="7.3819880">
    <ele>202.9</ele>
    <time>2024-04-21T13:10:28Z</time>
   </trkpt>
   <trkpt lat="48.2858250" lon="7.3819370">
    <ele>203.0</ele>
    <time>2024-04-21T13:10:29Z</time>
   </trkpt>
   <trkpt lat="48.2858160" lon="7.3818860">
    <ele>203.0</ele>
    <time>2024-04-21T13:10:30Z</time>
   </trkpt>
   <trkpt lat="48.2858070" lon="7.3818340">
    <ele>203.1</ele>
    <time>2024-04-21T13:10:31Z</time>
   </trkpt>
   <trkpt lat="48.2857950" lon="7.3817830">
    <ele>203.2</ele>
    <time>2024-04-21T13:10:32Z</time>
   </trkpt>
   <trkpt lat="48.2857820" lon="7.3817310">
    <ele>203.2</ele>
    <time>2024-04-21T13:10:33Z</time>
   </trkpt>
   <trkpt lat="48.2857700" lon="7.3816790">
    <ele>203.3</ele>
    <time>2024-04-21T13:10:34Z</time>
   </trkpt>
   <trkpt lat="48.2857550" lon="7.3816300">
    <ele>203.3</ele>
    <time>2024-04-21T13:10:35Z</time>
   </trkpt>
   <trkpt lat="48.2857400" lon="7.3815810">
    <ele>203.4</ele>
    <time>2024-04-21T13:10:36Z</time>
   </trkpt>
   <trkpt lat="48.2857250" lon="7.3815310">
    <ele>203.4</ele>
    <time>2024-04-21T13:10:37Z</time>
   </trkpt>
   <trkpt lat="48.2857110" lon="7.3814780">
    <ele>203.5</ele>
    <time>2024-04-21T13:10:38Z</time>
   </trkpt>
   <trkpt lat="48.2857010" lon="7.3814230">
    <ele>203.5</ele>
    <time>2024-04-21T13:10:39Z</time>
   </trkpt>
   <trkpt lat="48.2856910" lon="7.3813680">
    <ele>203.6</ele>
    <time>2024-04-21T13:10:40Z</time>
   </trkpt>
   <trkpt lat="48.2856770" lon="7.3813150">
    <ele>203.6</ele>
    <time>2024-04-21T13:10:41Z</time>
   </trkpt>
   <trkpt lat="48.2856630" lon="7.3812630">
    <ele>203.7</ele>
    <time>2024-04-21T13:10:42Z</time>
   </trkpt>
   <trkpt lat="48.2856460" lon="7.3812160">
    <ele>203.8</ele>
    <time>2024-04-21T13:10:43Z</time>
   </trkpt>
   <trkpt lat="48.2856330" lon="7.3811710">
    <ele>203.8</ele>
    <time>2024-04-21T13:10:44Z</time>
   </trkpt>
   <trkpt lat="48.2856230" lon="7.3811230">
    <ele>203.9</ele>
    <time>2024-04-21T13:10:45Z</time>
   </trkpt>
   <trkpt lat="48.2856090" lon="7.3810770">
    <ele>204.0</ele>
    <time>2024-04-21T13:10:46Z</time>
   </trkpt>
   <trkpt lat="48.2855890" lon="7.3810410">
    <ele>204.1</ele>
    <time>2024-04-21T13:10:47Z</time>
   </trkpt>
   <trkpt lat="48.2855640" lon="7.3810170">
    <ele>204.2</ele>
    <time>2024-04-21T13:10:48Z</time>
   </trkpt>
   <trkpt lat="48.2855470" lon="7.3810000">
    <ele>204.2</ele>
    <time>2024-04-21T13:10:49Z</time>
   </trkpt>
   <trkpt lat="48.2855400" lon="7.3809860">
    <ele>204.2</ele>
    <time>2024-04-21T13:10:50Z</time>
   </trkpt>
   <trkpt lat="48.2855560" lon="7.3809430">
    <ele>204.3</ele>
    <time>2024-04-21T13:10:51Z</time>
   </trkpt>
   <trkpt lat="48.2855630" lon="7.3809280">
    <ele>204.4</ele>
    <time>2024-04-21T13:10:52Z</time>
   </trkpt>
   <trkpt lat="48.2855750" lon="7.3808910">
    <ele>204.4</ele>
    <time>2024-04-21T13:10:53Z</time>
   </trkpt>
   <trkpt lat="48.2855880" lon="7.3808530">
    <ele>204.5</ele>
    <time>2024-04-21T13:10:54Z</time>
   </trkpt>
   <trkpt lat="48.2856010" lon="7.3807980">
    <ele>204.5</ele>
    <time>2024-04-21T13:10:55Z</time>
   </trkpt>
   <trkpt lat="48.2856050" lon="7.3807800">
    <ele>204.5</ele>
    <time>2024-04-21T13:10:56Z</time>
   </trkpt>
   <trkpt lat="48.2856130" lon="7.3807400">
    <ele>204.5</ele>
    <time>2024-04-21T13:10:57Z</time>
   </trkpt>
   <trkpt lat="48.2856200" lon="7.3806960">
    <ele>204.5</ele>
    <time>2024-04-21T13:10:58Z</time>
   </trkpt>
   <trkpt lat="48.2856270" lon="7.3806510">
    <ele>204.5</ele>
    <time>2024-04-21T13:10:59Z</time>
   </trkpt>
   <trkpt lat="48.2856350" lon="7.3806040">
    <ele>204.5</ele>
    <time>2024-04-21T13:11:00Z</time>
   </trkpt>
   <trkpt lat="48.2856430" lon="7.3805540">
    <ele>204.6</ele>
    <time>2024-04-21T13:11:01Z</time>
   </trkpt>
   <trkpt lat="48.2856510" lon="7.3805030">
    <ele>204.6</ele>
    <time>2024-04-21T13:11:02Z</time>
   </trkpt>
   <trkpt lat="48.2856590" lon="7.3804530">
    <ele>204.6</ele>
    <time>2024-04-21T13:11:03Z</time>
   </trkpt>
   <trkpt lat="48.2856680" lon="7.3804060">
    <ele>204.6</ele>
    <time>2024-04-21T13:11:04Z</time>
   </trkpt>
   <trkpt lat="48.2856770" lon="7.3803560">
    <ele>204.7</ele>
    <time>2024-04-21T13:11:05Z</time>
   </trkpt>
   <trkpt lat="48.2856860" lon="7.3803060">
    <ele>204.7</ele>
    <time>2024-04-21T13:11:06Z</time>
   </trkpt>
   <trkpt lat="48.2856980" lon="7.3802590">
    <ele>204.8</ele>
    <time>2024-04-21T13:11:07Z</time>
   </trkpt>
   <trkpt lat="48.2857130" lon="7.3802130">
    <ele>204.9</ele>
    <time>2024-04-21T13:11:08Z</time>
   </trkpt>
   <trkpt lat="48.2857300" lon="7.3801700">
    <ele>204.9</ele>
    <time>2024-04-21T13:11:09Z</time>
   </trkpt>
   <trkpt lat="48.2857520" lon="7.3801290">
    <ele>205.0</ele>
    <time>2024-04-21T13:11:10Z</time>
   </trkpt>
   <trkpt lat="48.2857790" lon="7.3800920">
    <ele>205.0</ele>
    <time>2024-04-21T13:11:11Z</time>
   </trkpt>
   <trkpt lat="48.2858080" lon="7.3800560">
    <ele>205.1</ele>
    <time>2024-04-21T13:11:12Z</time>
   </trkpt>
   <trkpt lat="48.2858360" lon="7.3800160">
    <ele>205.1</ele>
    <time>2024-04-21T13:11:13Z</time>
   </trkpt>
   <trkpt lat="48.2858660" lon="7.3799740">
    <ele>205.2</ele>
    <time>2024-04-21T13:11:14Z</time>
   </trkpt>
   <trkpt lat="48.2858950" lon="7.3799290">
    <ele>205.2</ele>
    <time>2024-04-21T13:11:15Z</time>
   </trkpt>
   <trkpt lat="48.2859240" lon="7.3798820">
    <ele>205.3</ele>
    <time>2024-04-21T13:11:16Z</time>
   </trkpt>
   <trkpt lat="48.2859540" lon="7.3798360">
    <ele>205.4</ele>
    <time>2024-04-21T13:11:17Z</time>
   </trkpt>
   <trkpt lat="48.2859810" lon="7.3797820">
    <ele>205.4</ele>
    <time>2024-04-21T13:11:18Z</time>
   </trkpt>
   <trkpt lat="48.2860050" lon="7.3797270">
    <ele>205.5</ele>
    <time>2024-04-21T13:11:19Z</time>
   </trkpt>
   <trkpt lat="48.2860240" lon="7.3796710">
    <ele>205.6</ele>
    <time>2024-04-21T13:11:20Z</time>
   </trkpt>
   <trkpt lat="48.2860400" lon="7.3796140">
    <ele>205.6</ele>
    <time>2024-04-21T13:11:21Z</time>
   </trkpt>
   <trkpt lat="48.2860570" lon="7.3795570">
    <ele>205.7</ele>
    <time>2024-04-21T13:11:22Z</time>
   </trkpt>
   <trkpt lat="48.2860740" lon="7.3795020">
    <ele>205.8</ele>
    <time>2024-04-21T13:11:23Z</time>
   </trkpt>
   <trkpt lat="48.2860940" lon="7.3794520">
    <ele>205.9</ele>
    <time>2024-04-21T13:11:24Z</time>
   </trkpt>
   <trkpt lat="48.2861180" lon="7.3794050">
    <ele>206.0</ele>
    <time>2024-04-21T13:11:25Z</time>
   </trkpt>
   <trkpt lat="48.2861470" lon="7.3793570">
    <ele>206.2</ele>
    <time>2024-04-21T13:11:26Z</time>
   </trkpt>
   <trkpt lat="48.2861760" lon="7.3793060">
    <ele>206.2</ele>
    <time>2024-04-21T13:11:27Z</time>
   </trkpt>
   <trkpt lat="48.2862090" lon="7.3792570">
    <ele>206.2</ele>
    <time>2024-04-21T13:11:28Z</time>
   </trkpt>
   <trkpt lat="48.2862430" lon="7.3792070">
    <ele>206.2</ele>
    <time>2024-04-21T13:11:29Z</time>
   </trkpt>
   <trkpt lat="48.2862770" lon="7.3791590">
    <ele>206.2</ele>
    <time>2024-04-21T13:11:30Z</time>
   </trkpt>
   <trkpt lat="48.2863120" lon="7.3791100">
    <ele>206.2</ele>
    <time>2024-04-21T13:11:31Z</time>
   </trkpt>
   <trkpt lat="48.2863440" lon="7.3790540">
    <ele>206.2</ele>
    <time>2024-04-21T13:11:32Z</time>
   </trkpt>
   <trkpt lat="48.2863750" lon="7.3789940">
    <ele>206.2</ele>
    <time>2024-04-21T13:11:33Z</time>
   </trkpt>
   <trkpt lat="48.2864040" lon="7.3789310">
    <ele>206.2</ele>
    <time>2024-04-21T13:11:34Z</time>
   </trkpt>
   <trkpt lat="48.2864330" lon="7.3788690">
    <ele>206.2</ele>
    <time>2024-04-21T13:11:35Z</time>
   </trkpt>
   <trkpt lat="48.2864600" lon="7.3788030">
    <ele>206.2</ele>
    <time>2024-04-21T13:11:36Z</time>
   </trkpt>
   <trkpt lat="48.2864880" lon="7.3787390">
    <ele>206.2</ele>
    <time>2024-04-21T13:11:37Z</time>
   </trkpt>
   <trkpt lat="48.2865140" lon="7.3786740">
    <ele>206.3</ele>
    <time>2024-04-21T13:11:38Z</time>
   </trkpt>
   <trkpt lat="48.2865380" lon="7.3786050">
    <ele>206.3</ele>
    <time>2024-04-21T13:11:39Z</time>
   </trkpt>
   <trkpt lat="48.2865630" lon="7.3785380">
    <ele>206.3</ele>
    <time>2024-04-21T13:11:40Z</time>
   </trkpt>
   <trkpt lat="48.2865890" lon="7.3784650">
    <ele>206.3</ele>
    <time>2024-04-21T13:11:41Z</time>
   </trkpt>
   <trkpt lat="48.2866140" lon="7.3783880">
    <ele>206.3</ele>
    <time>2024-04-21T13:11:42Z</time>
   </trkpt>
   <trkpt lat="48.2866380" lon="7.3783100">
    <ele>206.3</ele>
    <time>2024-04-21T13:11:43Z</time>
   </trkpt>
   <trkpt lat="48.2866620" lon="7.3782350">
    <ele>206.3</ele>
    <time>2024-04-21T13:11:44Z</time>
   </trkpt>
   <trkpt lat="48.2866880" lon="7.3781570">
    <ele>206.3</ele>
    <time>2024-04-21T13:11:45Z</time>
   </trkpt>
   <trkpt lat="48.2867160" lon="7.3780750">
    <ele>206.3</ele>
    <time>2024-04-21T13:11:46Z</time>
   </trkpt>
   <trkpt lat="48.2867420" lon="7.3779920">
    <ele>206.3</ele>
    <time>2024-04-21T13:11:47Z</time>
   </trkpt>
   <trkpt lat="48.2867660" lon="7.3779090">
    <ele>206.3</ele>
    <time>2024-04-21T13:11:48Z</time>
   </trkpt>
   <trkpt lat="48.2867930" lon="7.3778230">
    <ele>206.4</ele>
    <time>2024-04-21T13:11:49Z</time>
   </trkpt>
   <trkpt lat="48.2868210" lon="7.3777360">
    <ele>206.4</ele>
    <time>2024-04-21T13:11:50Z</time>
   </trkpt>
   <trkpt lat="48.2868480" lon="7.3776500">
    <ele>206.4</ele>
    <time>2024-04-21T13:11:51Z</time>
   </trkpt>
   <trkpt lat="48.2868750" lon="7.3775670">
    <ele>206.5</ele>
    <time>2024-04-21T13:11:52Z</time>
   </trkpt>
   <trkpt lat="48.2869010" lon="7.3774810">
    <ele>206.5</ele>
    <time>2024-04-21T13:11:53Z</time>
   </trkpt>
   <trkpt lat="48.2869290" lon="7.3773930">
    <ele>206.5</ele>
    <time>2024-04-21T13:11:54Z</time>
   </trkpt>
   <trkpt lat="48.2869550" lon="7.3773020">
    <ele>206.6</ele>
    <time>2024-04-21T13:11:55Z</time>
   </trkpt>
   <trkpt lat="48.2869840" lon="7.3772180">
    <ele>206.6</ele>
    <time>2024-04-21T13:11:56Z</time>
   </trkpt>
   <trkpt lat="48.2870160" lon="7.3771370">
    <ele>206.6</ele>
    <time>2024-04-21T13:11:57Z</time>
   </trkpt>
   <trkpt lat="48.2870490" lon="7.3770580">
    <ele>206.7</ele>
    <time>2024-04-21T13:11:58Z</time>
   </trkpt>
   <trkpt lat="48.2870810" lon="7.3769740">
    <ele>206.7</ele>
    <time>2024-04-21T13:11:59Z</time>
   </trkpt>
   <trkpt lat="48.2871100" lon="7.3768910">
    <ele>206.7</ele>
    <time>2024-04-21T13:12:00Z</time>
   </trkpt>
   <trkpt lat="48.2871320" lon="7.3768050">
    <ele>206.8</ele>
    <time>2024-04-21T13:12:01Z</time>
   </trkpt>
   <trkpt lat="48.2871500" lon="7.3767180">
    <ele>206.8</ele>
    <time>2024-04-21T13:12:02Z</time>
   </trkpt>
   <trkpt lat="48.2871690" lon="7.3766290">
    <ele>206.8</ele>
    <time>2024-04-21T13:12:03Z</time>
   </trkpt>
   <trkpt lat="48.2871940" lon="7.3765460">
    <ele>206.9</ele>
    <time>2024-04-21T13:12:04Z</time>
   </trkpt>
   <trkpt lat="48.2872210" lon="7.3764660">
    <ele>206.9</ele>
    <time>2024-04-21T13:12:05Z</time>
   </trkpt>
   <trkpt lat="48.2872480" lon="7.3763840">
    <ele>206.9</ele>
    <time>2024-04-21T13:12:06Z</time>
   </trkpt>
   <trkpt lat="48.2872720" lon="7.3763000">
    <ele>206.9</ele>
    <time>2024-04-21T13:12:07Z</time>
   </trkpt>
   <trkpt lat="48.2873010" lon="7.3762160">
    <ele>207.0</ele>
    <time>2024-04-21T13:12:08Z</time>
   </trkpt>
   <trkpt lat="48.2873290" lon="7.3761360">
    <ele>207.0</ele>
    <time>2024-04-21T13:12:09Z</time>
   </trkpt>
   <trkpt lat="48.2873580" lon="7.3760570">
    <ele>207.0</ele>
    <time>2024-04-21T13:12:10Z</time>
   </trkpt>
   <trkpt lat="48.2873860" lon="7.3759750">
    <ele>207.0</ele>
    <time>2024-04-21T13:12:11Z</time>
   </trkpt>
   <trkpt lat="48.2874120" lon="7.3758930">
    <ele>207.1</ele>
    <time>2024-04-21T13:12:12Z</time>
   </trkpt>
   <trkpt lat="48.2874370" lon="7.3758140">
    <ele>207.1</ele>
    <time>2024-04-21T13:12:13Z</time>
   </trkpt>
   <trkpt lat="48.2874610" lon="7.3757340">
    <ele>207.1</ele>
    <time>2024-04-21T13:12:14Z</time>
   </trkpt>
   <trkpt lat="48.2874870" lon="7.3756550">
    <ele>207.2</ele>
    <time>2024-04-21T13:12:15Z</time>
   </trkpt>
   <trkpt lat="48.2875130" lon="7.3755740">
    <ele>207.2</ele>
    <time>2024-04-21T13:12:16Z</time>
   </trkpt>
   <trkpt lat="48.2875390" lon="7.3754920">
    <ele>207.2</ele>
    <time>2024-04-21T13:12:17Z</time>
   </trkpt>
   <trkpt lat="48.2875650" lon="7.3754110">
    <ele>207.3</ele>
    <time>2024-04-21T13:12:18Z</time>
   </trkpt>
   <trkpt lat="48.2875900" lon="7.3753310">
    <ele>207.3</ele>
    <time>2024-04-21T13:12:19Z</time>
   </trkpt>
   <trkpt lat="48.2876150" lon="7.3752510">
    <ele>207.3</ele>
    <time>2024-04-21T13:12:20Z</time>
   </trkpt>
   <trkpt lat="48.2876400" lon="7.3751690">
    <ele>207.4</ele>
    <time>2024-04-21T13:12:21Z</time>
   </trkpt>
   <trkpt lat="48.2876660" lon="7.3750860">
    <ele>207.4</ele>
    <time>2024-04-21T13:12:22Z</time>
   </trkpt>
   <trkpt lat="48.2876900" lon="7.3750080">
    <ele>207.5</ele>
    <time>2024-04-21T13:12:23Z</time>
   </trkpt>
   <trkpt lat="48.2877130" lon="7.3749310">
    <ele>207.6</ele>
    <time>2024-04-21T13:12:24Z</time>
   </trkpt>
   <trkpt lat="48.2877390" lon="7.3748520">
    <ele>207.7</ele>
    <time>2024-04-21T13:12:25Z</time>
   </trkpt>
   <trkpt lat="48.2877630" lon="7.3747750">
    <ele>207.7</ele>
    <time>2024-04-21T13:12:26Z</time>
   </trkpt>
   <trkpt lat="48.2877860" lon="7.3746980">
    <ele>207.8</ele>
    <time>2024-04-21T13:12:27Z</time>
   </trkpt>
   <trkpt lat="48.2878120" lon="7.3746260">
    <ele>207.9</ele>
    <time>2024-04-21T13:12:28Z</time>
   </trkpt>
   <trkpt lat="48.2878390" lon="7.3745540">
    <ele>208.0</ele>
    <time>2024-04-21T13:12:29Z</time>
   </trkpt>
   <trkpt lat="48.2878620" lon="7.3744810">
    <ele>208.0</ele>
    <time>2024-04-21T13:12:30Z</time>
   </trkpt>
   <trkpt lat="48.2878860" lon="7.3744090">
    <ele>208.1</ele>
    <time>2024-04-21T13:12:31Z</time>
   </trkpt>
   <trkpt lat="48.2879080" lon="7.3743370">
    <ele>208.1</ele>
    <time>2024-04-21T13:12:32Z</time>
   </trkpt>
   <trkpt lat="48.2879300" lon="7.3742620">
    <ele>208.2</ele>
    <time>2024-04-21T13:12:33Z</time>
   </trkpt>
   <trkpt lat="48.2879510" lon="7.3741900">
    <ele>208.2</ele>
    <time>2024-04-21T13:12:34Z</time>
   </trkpt>
   <trkpt lat="48.2879740" lon="7.3741190">
    <ele>208.3</ele>
    <time>2024-04-21T13:12:35Z</time>
   </trkpt>
   <trkpt lat="48.2879960" lon="7.3740480">
    <ele>208.3</ele>
    <time>2024-04-21T13:12:36Z</time>
   </trkpt>
   <trkpt lat="48.2880170" lon="7.3739780">
    <ele>208.3</ele>
    <time>2024-04-21T13:12:37Z</time>
   </trkpt>
   <trkpt lat="48.2880400" lon="7.3739060">
    <ele>208.3</ele>
    <time>2024-04-21T13:12:38Z</time>
   </trkpt>
   <trkpt lat="48.2880630" lon="7.3738360">
    <ele>208.3</ele>
    <time>2024-04-21T13:12:39Z</time>
   </trkpt>
   <trkpt lat="48.2880860" lon="7.3737670">
    <ele>208.4</ele>
    <time>2024-04-21T13:12:40Z</time>
   </trkpt>
   <trkpt lat="48.2881090" lon="7.3736960">
    <ele>208.4</ele>
    <time>2024-04-21T13:12:41Z</time>
   </trkpt>
   <trkpt lat="48.2881310" lon="7.3736240">
    <ele>208.4</ele>
    <time>2024-04-21T13:12:42Z</time>
   </trkpt>
   <trkpt lat="48.2881550" lon="7.3735500">
    <ele>208.4</ele>
    <time>2024-04-21T13:12:43Z</time>
   </trkpt>
   <trkpt lat="48.2881800" lon="7.3734780">
    <ele>208.5</ele>
    <time>2024-04-21T13:12:44Z</time>
   </trkpt>
   <trkpt lat="48.2882040" lon="7.3734050">
    <ele>208.5</ele>
    <time>2024-04-21T13:12:45Z</time>
   </trkpt>
   <trkpt lat="48.2882290" lon="7.3733290">
    <ele>208.5</ele>
    <time>2024-04-21T13:12:46Z</time>
   </trkpt>
   <trkpt lat="48.2882530" lon="7.3732560">
    <ele>208.5</ele>
    <time>2024-04-21T13:12:47Z</time>
   </trkpt>
   <trkpt lat="48.2882760" lon="7.3731820">
    <ele>208.6</ele>
    <time>2024-04-21T13:12:48Z</time>
   </trkpt>
   <trkpt lat="48.2882990" lon="7.3731100">
    <ele>208.6</ele>
    <time>2024-04-21T13:12:49Z</time>
   </trkpt>
   <trkpt lat="48.2883220" lon="7.3730390">
    <ele>208.6</ele>
    <time>2024-04-21T13:12:50Z</time>
   </trkpt>
   <trkpt lat="48.2883440" lon="7.3729690">
    <ele>208.6</ele>
    <time>2024-04-21T13:12:51Z</time>
   </trkpt>
   <trkpt lat="48.2883680" lon="7.3729010">
    <ele>208.6</ele>
    <time>2024-04-21T13:12:52Z</time>
   </trkpt>
   <trkpt lat="48.2883900" lon="7.3728330">
    <ele>208.6</ele>
    <time>2024-04-21T13:12:53Z</time>
   </trkpt>
   <trkpt lat="48.2884090" lon="7.3727630">
    <ele>208.6</ele>
    <time>2024-04-21T13:12:54Z</time>
   </trkpt>
   <trkpt lat="48.2884310" lon="7.3726930">
    <ele>208.6</ele>
    <time>2024-04-21T13:12:55Z</time>
   </trkpt>
   <trkpt lat="48.2884570" lon="7.3726210">
    <ele>208.7</ele>
    <time>2024-04-21T13:12:56Z</time>
   </trkpt>
   <trkpt lat="48.2884830" lon="7.3725480">
    <ele>208.7</ele>
    <time>2024-04-21T13:12:57Z</time>
   </trkpt>
   <trkpt lat="48.2885080" lon="7.3724730">
    <ele>208.7</ele>
    <time>2024-04-21T13:12:58Z</time>
   </trkpt>
   <trkpt lat="48.2885310" lon="7.3723980">
    <ele>208.7</ele>
    <time>2024-04-21T13:12:59Z</time>
   </trkpt>
   <trkpt lat="48.2885530" lon="7.3723220">
    <ele>208.7</ele>
    <time>2024-04-21T13:13:00Z</time>
   </trkpt>
   <trkpt lat="48.2885740" lon="7.3722460">
    <ele>208.7</ele>
    <time>2024-04-21T13:13:01Z</time>
   </trkpt>
   <trkpt lat="48.2885960" lon="7.3721730">
    <ele>208.7</ele>
    <time>2024-04-21T13:13:02Z</time>
   </trkpt>
   <trkpt lat="48.2886210" lon="7.3721020">
    <ele>208.7</ele>
    <time>2024-04-21T13:13:03Z</time>
   </trkpt>
   <trkpt lat="48.2886480" lon="7.3720280">
    <ele>208.7</ele>
    <time>2024-04-21T13:13:04Z</time>
   </trkpt>
   <trkpt lat="48.2886710" lon="7.3719530">
    <ele>208.8</ele>
    <time>2024-04-21T13:13:05Z</time>
   </trkpt>
   <trkpt lat="48.2886930" lon="7.3718780">
    <ele>208.8</ele>
    <time>2024-04-21T13:13:06Z</time>
   </trkpt>
   <trkpt lat="48.2887150" lon="7.3718030">
    <ele>208.8</ele>
    <time>2024-04-21T13:13:07Z</time>
   </trkpt>
   <trkpt lat="48.2887370" lon="7.3717280">
    <ele>208.8</ele>
    <time>2024-04-21T13:13:08Z</time>
   </trkpt>
   <trkpt lat="48.2887600" lon="7.3716550">
    <ele>208.8</ele>
    <time>2024-04-21T13:13:09Z</time>
   </trkpt>
   <trkpt lat="48.2887830" lon="7.3715840">
    <ele>208.8</ele>
    <time>2024-04-21T13:13:10Z</time>
   </trkpt>
   <trkpt lat="48.2888050" lon="7.3715110">
    <ele>208.9</ele>
    <time>2024-04-21T13:13:11Z</time>
   </trkpt>
   <trkpt lat="48.2888300" lon="7.3714350">
    <ele>208.9</ele>
    <time>2024-04-21T13:13:12Z</time>
   </trkpt>
   <trkpt lat="48.2888530" lon="7.3713620">
    <ele>208.9</ele>
    <time>2024-04-21T13:13:13Z</time>
   </trkpt>
   <trkpt lat="48.2888760" lon="7.3712880">
    <ele>208.9</ele>
    <time>2024-04-21T13:13:14Z</time>
   </trkpt>
   <trkpt lat="48.2888980" lon="7.3712110">
    <ele>208.9</ele>
    <time>2024-04-21T13:13:15Z</time>
   </trkpt>
   <trkpt lat="48.2889210" lon="7.3711340">
    <ele>209.0</ele>
    <time>2024-04-21T13:13:16Z</time>
   </trkpt>
   <trkpt lat="48.2889460" lon="7.3710590">
    <ele>209.0</ele>
    <time>2024-04-21T13:13:17Z</time>
   </trkpt>
   <trkpt lat="48.2889710" lon="7.3709850">
    <ele>209.0</ele>
    <time>2024-04-21T13:13:18Z</time>
   </trkpt>
   <trkpt lat="48.2889950" lon="7.3709080">
    <ele>209.0</ele>
    <time>2024-04-21T13:13:19Z</time>
   </trkpt>
   <trkpt lat="48.2890190" lon="7.3708320">
    <ele>209.0</ele>
    <time>2024-04-21T13:13:20Z</time>
   </trkpt>
   <trkpt lat="48.2890410" lon="7.3707560">
    <ele>209.0</ele>
    <time>2024-04-21T13:13:21Z</time>
   </trkpt>
   <trkpt lat="48.2890640" lon="7.3706790">
    <ele>209.1</ele>
    <time>2024-04-21T13:13:22Z</time>
   </trkpt>
   <trkpt lat="48.2890880" lon="7.3706030">
    <ele>209.1</ele>
    <time>2024-04-21T13:13:23Z</time>
   </trkpt>
   <trkpt lat="48.2891130" lon="7.3705260">
    <ele>209.1</ele>
    <time>2024-04-21T13:13:24Z</time>
   </trkpt>
   <trkpt lat="48.2891400" lon="7.3704490">
    <ele>209.1</ele>
    <time>2024-04-21T13:13:25Z</time>
   </trkpt>
   <trkpt lat="48.2891640" lon="7.3703710">
    <ele>209.1</ele>
    <time>2024-04-21T13:13:26Z</time>
   </trkpt>
   <trkpt lat="48.2891910" lon="7.3702930">
    <ele>209.2</ele>
    <time>2024-04-21T13:13:27Z</time>
   </trkpt>
   <trkpt lat="48.2892170" lon="7.3702130">
    <ele>209.2</ele>
    <time>2024-04-21T13:13:28Z</time>
   </trkpt>
   <trkpt lat="48.2892430" lon="7.3701330">
    <ele>209.2</ele>
    <time>2024-04-21T13:13:29Z</time>
   </trkpt>
   <trkpt lat="48.2892680" lon="7.3700550">
    <ele>209.2</ele>
    <time>2024-04-21T13:13:30Z</time>
   </trkpt>
   <trkpt lat="48.2892940" lon="7.3699770">
    <ele>209.2</ele>
    <time>2024-04-21T13:13:31Z</time>
   </trkpt>
   <trkpt lat="48.2893180" lon="7.3698960">
    <ele>209.2</ele>
    <time>2024-04-21T13:13:32Z</time>
   </trkpt>
   <trkpt lat="48.2893410" lon="7.3698180">
    <ele>209.2</ele>
    <time>2024-04-21T13:13:33Z</time>
   </trkpt>
   <trkpt lat="48.2893650" lon="7.3697400">
    <ele>209.2</ele>
    <time>2024-04-21T13:13:34Z</time>
   </trkpt>
   <trkpt lat="48.2893900" lon="7.3696650">
    <ele>209.2</ele>
    <time>2024-04-21T13:13:35Z</time>
   </trkpt>
   <trkpt lat="48.2894150" lon="7.3695880">
    <ele>209.3</ele>
    <time>2024-04-21T13:13:36Z</time>
   </trkpt>
   <trkpt lat="48.2894390" lon="7.3695090">
    <ele>209.3</ele>
    <time>2024-04-21T13:13:37Z</time>
   </trkpt>
   <trkpt lat="48.2894650" lon="7.3694330">
    <ele>209.3</ele>
    <time>2024-04-21T13:13:38Z</time>
   </trkpt>
   <trkpt lat="48.2894890" lon="7.3693550">
    <ele>209.3</ele>
    <time>2024-04-21T13:13:39Z</time>
   </trkpt>
   <trkpt lat="48.2895130" lon="7.3692770">
    <ele>209.4</ele>
    <time>2024-04-21T13:13:40Z</time>
   </trkpt>
   <trkpt lat="48.2895360" lon="7.3692000">
    <ele>209.4</ele>
    <time>2024-04-21T13:13:41Z</time>
   </trkpt>
   <trkpt lat="48.2895610" lon="7.3691240">
    <ele>209.4</ele>
    <time>2024-04-21T13:13:42Z</time>
   </trkpt>
   <trkpt lat="48.2895840" lon="7.3690490">
    <ele>209.5</ele>
    <time>2024-04-21T13:13:43Z</time>
   </trkpt>
   <trkpt lat="48.2896070" lon="7.3689720">
    <ele>209.5</ele>
    <time>2024-04-21T13:13:44Z</time>
   </trkpt>
   <trkpt lat="48.2896290" lon="7.3688970">
    <ele>209.5</ele>
    <time>2024-04-21T13:13:45Z</time>
   </trkpt>
   <trkpt lat="48.2896540" lon="7.3688230">
    <ele>209.5</ele>
    <time>2024-04-21T13:13:46Z</time>
   </trkpt>
   <trkpt lat="48.2896790" lon="7.3687490">
    <ele>209.5</ele>
    <time>2024-04-21T13:13:47Z</time>
   </trkpt>
   <trkpt lat="48.2897040" lon="7.3686740">
    <ele>209.5</ele>
    <time>2024-04-21T13:13:48Z</time>
   </trkpt>
   <trkpt lat="48.2897280" lon="7.3685960">
    <ele>209.5</ele>
    <time>2024-04-21T13:13:49Z</time>
   </trkpt>
   <trkpt lat="48.2897530" lon="7.3685170">
    <ele>209.5</ele>
    <time>2024-04-21T13:13:50Z</time>
   </trkpt>
   <trkpt lat="48.2897810" lon="7.3684410">
    <ele>209.5</ele>
    <time>2024-04-21T13:13:51Z</time>
   </trkpt>
   <trkpt lat="48.2898050" lon="7.3683660">
    <ele>209.5</ele>
    <time>2024-04-21T13:13:52Z</time>
   </trkpt>
   <trkpt lat="48.2898280" lon="7.3682900">
    <ele>209.6</ele>
    <time>2024-04-21T13:13:53Z</time>
   </trkpt>
   <trkpt lat="48.2898500" lon="7.3682130">
    <ele>209.6</ele>
    <time>2024-04-21T13:13:54Z</time>
   </trkpt>
   <trkpt lat="48.2898740" lon="7.3681380">
    <ele>209.6</ele>
    <time>2024-04-21T13:13:55Z</time>
   </trkpt>
   <trkpt lat="48.2898970" lon="7.3680600">
    <ele>209.6</ele>
    <time>2024-04-21T13:13:56Z</time>
   </trkpt>
   <trkpt lat="48.2899200" lon="7.3679840">
    <ele>209.6</ele>
    <time>2024-04-21T13:13:57Z</time>
   </trkpt>
   <trkpt lat="48.2899440" lon="7.3679100">
    <ele>209.6</ele>
    <time>2024-04-21T13:13:58Z</time>
   </trkpt>
   <trkpt lat="48.2899690" lon="7.3678330">
    <ele>209.6</ele>
    <time>2024-04-21T13:13:59Z</time>
   </trkpt>
   <trkpt lat="48.2899920" lon="7.3677540">
    <ele>209.6</ele>
    <time>2024-04-21T13:14:00Z</time>
   </trkpt>
   <trkpt lat="48.2900150" lon="7.3676730">
    <ele>209.6</ele>
    <time>2024-04-21T13:14:01Z</time>
   </trkpt>
   <trkpt lat="48.2900400" lon="7.3675960">
    <ele>209.6</ele>
    <time>2024-04-21T13:14:02Z</time>
   </trkpt>
   <trkpt lat="48.2900650" lon="7.3675200">
    <ele>209.7</ele>
    <time>2024-04-21T13:14:03Z</time>
   </trkpt>
   <trkpt lat="48.2900890" lon="7.3674420">
    <ele>209.7</ele>
    <time>2024-04-21T13:14:04Z</time>
   </trkpt>
   <trkpt lat="48.2901140" lon="7.3673630">
    <ele>209.7</ele>
    <time>2024-04-21T13:14:05Z</time>
   </trkpt>
   <trkpt lat="48.2901370" lon="7.3672850">
    <ele>209.7</ele>
    <time>2024-04-21T13:14:06Z</time>
   </trkpt>
   <trkpt lat="48.2901630" lon="7.3672080">
    <ele>209.7</ele>
    <time>2024-04-21T13:14:07Z</time>
   </trkpt>
   <trkpt lat="48.2901870" lon="7.3671320">
    <ele>209.7</ele>
    <time>2024-04-21T13:14:08Z</time>
   </trkpt>
   <trkpt lat="48.2902110" lon="7.3670530">
    <ele>209.7</ele>
    <time>2024-04-21T13:14:09Z</time>
   </trkpt>
   <trkpt lat="48.2902380" lon="7.3669740">
    <ele>209.7</ele>
    <time>2024-04-21T13:14:10Z</time>
   </trkpt>
   <trkpt lat="48.2902630" lon="7.3668970">
    <ele>209.7</ele>
    <time>2024-04-21T13:14:11Z</time>
   </trkpt>
   <trkpt lat="48.2902910" lon="7.3668200">
    <ele>209.7</ele>
    <time>2024-04-21T13:14:12Z</time>
   </trkpt>
   <trkpt lat="48.2903180" lon="7.3667430">
    <ele>209.7</ele>
    <time>2024-04-21T13:14:13Z</time>
   </trkpt>
   <trkpt lat="48.2903430" lon="7.3666620">
    <ele>209.8</ele>
    <time>2024-04-21T13:14:14Z</time>
   </trkpt>
   <trkpt lat="48.2903700" lon="7.3665810">
    <ele>209.8</ele>
    <time>2024-04-21T13:14:15Z</time>
   </trkpt>
   <trkpt lat="48.2903960" lon="7.3665030">
    <ele>209.8</ele>
    <time>2024-04-21T13:14:16Z</time>
   </trkpt>
   <trkpt lat="48.2904210" lon="7.3664240">
    <ele>209.8</ele>
    <time>2024-04-21T13:14:17Z</time>
   </trkpt>
   <trkpt lat="48.2904450" lon="7.3663460">
    <ele>209.8</ele>
    <time>2024-04-21T13:14:18Z</time>
   </trkpt>
   <trkpt lat="48.2904700" lon="7.3662650">
    <ele>209.8</ele>
    <time>2024-04-21T13:14:19Z</time>
   </trkpt>
   <trkpt lat="48.2904940" lon="7.3661840">
    <ele>209.8</ele>
    <time>2024-04-21T13:14:20Z</time>
   </trkpt>
   <trkpt lat="48.2905180" lon="7.3661060">
    <ele>209.9</ele>
    <time>2024-04-21T13:14:21Z</time>
   </trkpt>
   <trkpt lat="48.2905430" lon="7.3660250">
    <ele>209.9</ele>
    <time>2024-04-21T13:14:22Z</time>
   </trkpt>
   <trkpt lat="48.2905670" lon="7.3659440">
    <ele>209.9</ele>
    <time>2024-04-21T13:14:23Z</time>
   </trkpt>
   <trkpt lat="48.2905920" lon="7.3658690">
    <ele>209.9</ele>
    <time>2024-04-21T13:14:24Z</time>
   </trkpt>
   <trkpt lat="48.2906160" lon="7.3657960">
    <ele>209.9</ele>
    <time>2024-04-21T13:14:25Z</time>
   </trkpt>
   <trkpt lat="48.2906410" lon="7.3657200">
    <ele>209.9</ele>
    <time>2024-04-21T13:14:26Z</time>
   </trkpt>
   <trkpt lat="48.2906660" lon="7.3656470">
    <ele>210.0</ele>
    <time>2024-04-21T13:14:27Z</time>
   </trkpt>
   <trkpt lat="48.2906900" lon="7.3655750">
    <ele>210.0</ele>
    <time>2024-04-21T13:14:28Z</time>
   </trkpt>
   <trkpt lat="48.2907120" lon="7.3654990">
    <ele>210.0</ele>
    <time>2024-04-21T13:14:29Z</time>
   </trkpt>
   <trkpt lat="48.2907350" lon="7.3654250">
    <ele>210.0</ele>
    <time>2024-04-21T13:14:30Z</time>
   </trkpt>
   <trkpt lat="48.2907590" lon="7.3653500">
    <ele>210.0</ele>
    <time>2024-04-21T13:14:31Z</time>
   </trkpt>
   <trkpt lat="48.2907830" lon="7.3652750">
    <ele>210.1</ele>
    <time>2024-04-21T13:14:32Z</time>
   </trkpt>
   <trkpt lat="48.2908090" lon="7.3652010">
    <ele>210.1</ele>
    <time>2024-04-21T13:14:33Z</time>
   </trkpt>
   <trkpt lat="48.2908310" lon="7.3651280">
    <ele>210.1</ele>
    <time>2024-04-21T13:14:34Z</time>
   </trkpt>
   <trkpt lat="48.2908550" lon="7.3650530">
    <ele>210.1</ele>
    <time>2024-04-21T13:14:35Z</time>
   </trkpt>
   <trkpt lat="48.2908780" lon="7.3649820">
    <ele>210.1</ele>
    <time>2024-04-21T13:14:36Z</time>
   </trkpt>
   <trkpt lat="48.2909010" lon="7.3649110">
    <ele>210.2</ele>
    <time>2024-04-21T13:14:37Z</time>
   </trkpt>
   <trkpt lat="48.2909240" lon="7.3648390">
    <ele>210.2</ele>
    <time>2024-04-21T13:14:38Z</time>
   </trkpt>
   <trkpt lat="48.2909470" lon="7.3647670">
    <ele>210.3</ele>
    <time>2024-04-21T13:14:39Z</time>
   </trkpt>
   <trkpt lat="48.2909700" lon="7.3646940">
    <ele>210.3</ele>
    <time>2024-04-21T13:14:40Z</time>
   </trkpt>
   <trkpt lat="48.2909930" lon="7.3646180">
    <ele>210.3</ele>
    <time>2024-04-21T13:14:41Z</time>
   </trkpt>
   <trkpt lat="48.2910160" lon="7.3645420">
    <ele>210.4</ele>
    <time>2024-04-21T13:14:42Z</time>
   </trkpt>
   <trkpt lat="48.2910390" lon="7.3644690">
    <ele>210.4</ele>
    <time>2024-04-21T13:14:43Z</time>
   </trkpt>
   <trkpt lat="48.2910610" lon="7.3643960">
    <ele>210.4</ele>
    <time>2024-04-21T13:14:44Z</time>
   </trkpt>
   <trkpt lat="48.2910850" lon="7.3643240">
    <ele>210.4</ele>
    <time>2024-04-21T13:14:45Z</time>
   </trkpt>
   <trkpt lat="48.2911100" lon="7.3642530">
    <ele>210.5</ele>
    <time>2024-04-21T13:14:46Z</time>
   </trkpt>
   <trkpt lat="48.2911330" lon="7.3641770">
    <ele>210.5</ele>
    <time>2024-04-21T13:14:47Z</time>
   </trkpt>
   <trkpt lat="48.2911560" lon="7.3641020">
    <ele>210.6</ele>
    <time>2024-04-21T13:14:48Z</time>
   </trkpt>
   <trkpt lat="48.2911770" lon="7.3640260">
    <ele>210.6</ele>
    <time>2024-04-21T13:14:49Z</time>
   </trkpt>
   <trkpt lat="48.2912020" lon="7.3639490">
    <ele>210.6</ele>
    <time>2024-04-21T13:14:50Z</time>
   </trkpt>
   <trkpt lat="48.2912260" lon="7.3638740">
    <ele>210.7</ele>
    <time>2024-04-21T13:14:51Z</time>
   </trkpt>
   <trkpt lat="48.2912490" lon="7.3638000">
    <ele>210.7</ele>
    <time>2024-04-21T13:14:52Z</time>
   </trkpt>
   <trkpt lat="48.2912750" lon="7.3637280">
    <ele>210.8</ele>
    <time>2024-04-21T13:14:53Z</time>
   </trkpt>
   <trkpt lat="48.2912970" lon="7.3636520">
    <ele>210.8</ele>
    <time>2024-04-21T13:14:54Z</time>
   </trkpt>
   <trkpt lat="48.2913200" lon="7.3635790">
    <ele>210.8</ele>
    <time>2024-04-21T13:14:55Z</time>
   </trkpt>
   <trkpt lat="48.2913430" lon="7.3635050">
    <ele>210.9</ele>
    <time>2024-04-21T13:14:56Z</time>
   </trkpt>
   <trkpt lat="48.2913660" lon="7.3634310">
    <ele>210.9</ele>
    <time>2024-04-21T13:14:57Z</time>
   </trkpt>
   <trkpt lat="48.2913880" lon="7.3633570">
    <ele>211.0</ele>
    <time>2024-04-21T13:14:58Z</time>
   </trkpt>
   <trkpt lat="48.2914110" lon="7.3632810">
    <ele>211.0</ele>
    <time>2024-04-21T13:14:59Z</time>
   </trkpt>
   <trkpt lat="48.2914360" lon="7.3632070">
    <ele>211.0</ele>
    <time>2024-04-21T13:15:00Z</time>
   </trkpt>
   <trkpt lat="48.2914590" lon="7.3631350">
    <ele>211.1</ele>
    <time>2024-04-21T13:15:01Z</time>
   </trkpt>
   <trkpt lat="48.2914820" lon="7.3630580">
    <ele>211.1</ele>
    <time>2024-04-21T13:15:02Z</time>
   </trkpt>
   <trkpt lat="48.2915030" lon="7.3629820">
    <ele>211.2</ele>
    <time>2024-04-21T13:15:03Z</time>
   </trkpt>
   <trkpt lat="48.2915260" lon="7.3629070">
    <ele>211.2</ele>
    <time>2024-04-21T13:15:04Z</time>
   </trkpt>
   <trkpt lat="48.2915480" lon="7.3628310">
    <ele>211.2</ele>
    <time>2024-04-21T13:15:05Z</time>
   </trkpt>
   <trkpt lat="48.2915720" lon="7.3627570">
    <ele>211.2</ele>
    <time>2024-04-21T13:15:06Z</time>
   </trkpt>
   <trkpt lat="48.2915930" lon="7.3626850">
    <ele>211.3</ele>
    <time>2024-04-21T13:15:07Z</time>
   </trkpt>
   <trkpt lat="48.2916160" lon="7.3626140">
    <ele>211.3</ele>
    <time>2024-04-21T13:15:08Z</time>
   </trkpt>
   <trkpt lat="48.2916390" lon="7.3625430">
    <ele>211.3</ele>
    <time>2024-04-21T13:15:09Z</time>
   </trkpt>
   <trkpt lat="48.2916610" lon="7.3624700">
    <ele>211.3</ele>
    <time>2024-04-21T13:15:10Z</time>
   </trkpt>
   <trkpt lat="48.2916850" lon="7.3623960">
    <ele>211.4</ele>
    <time>2024-04-21T13:15:11Z</time>
   </trkpt>
   <trkpt lat="48.2917100" lon="7.3623250">
    <ele>211.4</ele>
    <time>2024-04-21T13:15:12Z</time>
   </trkpt>
   <trkpt lat="48.2917340" lon="7.3622520">
    <ele>211.4</ele>
    <time>2024-04-21T13:15:13Z</time>
   </trkpt>
   <trkpt lat="48.2917580" lon="7.3621780">
    <ele>211.4</ele>
    <time>2024-04-21T13:15:14Z</time>
   </trkpt>
   <trkpt lat="48.2917850" lon="7.3621030">
    <ele>211.5</ele>
    <time>2024-04-21T13:15:15Z</time>
   </trkpt>
   <trkpt lat="48.2918110" lon="7.3620280">
    <ele>211.5</ele>
    <time>2024-04-21T13:15:16Z</time>
   </trkpt>
   <trkpt lat="48.2918380" lon="7.3619530">
    <ele>211.6</ele>
    <time>2024-04-21T13:15:17Z</time>
   </trkpt>
   <trkpt lat="48.2918680" lon="7.3618800">
    <ele>211.6</ele>
    <time>2024-04-21T13:15:18Z</time>
   </trkpt>
   <trkpt lat="48.2918990" lon="7.3618080">
    <ele>211.7</ele>
    <time>2024-04-21T13:15:19Z</time>
   </trkpt>
   <trkpt lat="48.2919310" lon="7.3617350">
    <ele>211.7</ele>
    <time>2024-04-21T13:15:20Z</time>
   </trkpt>
   <trkpt lat="48.2919610" lon="7.3616650">
    <ele>211.7</ele>
    <time>2024-04-21T13:15:21Z</time>
   </trkpt>
   <trkpt lat="48.2919940" lon="7.3615970">
    <ele>211.7</ele>
    <time>2024-04-21T13:15:22Z</time>
   </trkpt>
   <trkpt lat="48.2920270" lon="7.3615300">
    <ele>211.7</ele>
    <time>2024-04-21T13:15:23Z</time>
   </trkpt>
   <trkpt lat="48.2920590" lon="7.3614630">
    <ele>211.7</ele>
    <time>2024-04-21T13:15:24Z</time>
   </trkpt>
   <trkpt lat="48.2920990" lon="7.3613990">
    <ele>211.7</ele>
    <time>2024-04-21T13:15:25Z</time>
   </trkpt>
   <trkpt lat="48.2921350" lon="7.3613340">
    <ele>211.7</ele>
    <time>2024-04-21T13:15:26Z</time>
   </trkpt>
   <trkpt lat="48.2921710" lon="7.3612680">
    <ele>211.7</ele>
    <time>2024-04-21T13:15:27Z</time>
   </trkpt>
   <trkpt lat="48.2922110" lon="7.3612070">
    <ele>211.8</ele>
    <time>2024-04-21T13:15:28Z</time>
   </trkpt>
   <trkpt lat="48.2922520" lon="7.3611490">
    <ele>211.8</ele>
    <time>2024-04-21T13:15:29Z</time>
   </trkpt>
   <trkpt lat="48.2922920" lon="7.3610900">
    <ele>211.8</ele>
    <time>2024-04-21T13:15:30Z</time>
   </trkpt>
   <trkpt lat="48.2923340" lon="7.3610350">
    <ele>211.8</ele>
    <time>2024-04-21T13:15:31Z</time>
   </trkpt>
   <trkpt lat="48.2923790" lon="7.3609840">
    <ele>211.8</ele>
    <time>2024-04-21T13:15:32Z</time>
   </trkpt>
   <trkpt lat="48.2924230" lon="7.3609310">
    <ele>211.9</ele>
    <time>2024-04-21T13:15:33Z</time>
   </trkpt>
   <trkpt lat="48.2924670" lon="7.3608780">
    <ele>211.9</ele>
    <time>2024-04-21T13:15:34Z</time>
   </trkpt>
   <trkpt lat="48.2925130" lon="7.3608300">
    <ele>211.9</ele>
    <time>2024-04-21T13:15:35Z</time>
   </trkpt>
   <trkpt lat="48.2925610" lon="7.3607840">
    <ele>211.9</ele>
    <time>2024-04-21T13:15:36Z</time>
   </trkpt>
   <trkpt lat="48.2926110" lon="7.3607390">
    <ele>211.9</ele>
    <time>2024-04-21T13:15:37Z</time>
   </trkpt>
   <trkpt lat="48.2926590" lon="7.3606960">
    <ele>212.0</ele>
    <time>2024-04-21T13:15:38Z</time>
   </trkpt>
   <trkpt lat="48.2927070" lon="7.3606500">
    <ele>212.0</ele>
    <time>2024-04-21T13:15:39Z</time>
   </trkpt>
   <trkpt lat="48.2927550" lon="7.3606090">
    <ele>212.1</ele>
    <time>2024-04-21T13:15:40Z</time>
   </trkpt>
   <trkpt lat="48.2928060" lon="7.3605680">
    <ele>212.1</ele>
    <time>2024-04-21T13:15:41Z</time>
   </trkpt>
   <trkpt lat="48.2928570" lon="7.3605280">
    <ele>212.1</ele>
    <time>2024-04-21T13:15:42Z</time>
   </trkpt>
   <trkpt lat="48.2929070" lon="7.3604880">
    <ele>212.2</ele>
    <time>2024-04-21T13:15:43Z</time>
   </trkpt>
   <trkpt lat="48.2929580" lon="7.3604500">
    <ele>212.2</ele>
    <time>2024-04-21T13:15:44Z</time>
   </trkpt>
   <trkpt lat="48.2930110" lon="7.3604140">
    <ele>212.2</ele>
    <time>2024-04-21T13:15:45Z</time>
   </trkpt>
   <trkpt lat="48.2930620" lon="7.3603760">
    <ele>212.2</ele>
    <time>2024-04-21T13:15:46Z</time>
   </trkpt>
   <trkpt lat="48.2931140" lon="7.3603410">
    <ele>212.3</ele>
    <time>2024-04-21T13:15:47Z</time>
   </trkpt>
   <trkpt lat="48.2931640" lon="7.3603010">
    <ele>212.3</ele>
    <time>2024-04-21T13:15:48Z</time>
   </trkpt>
   <trkpt lat="48.2932160" lon="7.3602630">
    <ele>212.4</ele>
    <time>2024-04-21T13:15:49Z</time>
   </trkpt>
   <trkpt lat="48.2932660" lon="7.3602280">
    <ele>212.4</ele>
    <time>2024-04-21T13:15:50Z</time>
   </trkpt>
   <trkpt lat="48.2933190" lon="7.3601990">
    <ele>212.4</ele>
    <time>2024-04-21T13:15:51Z</time>
   </trkpt>
   <trkpt lat="48.2933700" lon="7.3601640">
    <ele>212.5</ele>
    <time>2024-04-21T13:15:52Z</time>
   </trkpt>
   <trkpt lat="48.2934200" lon="7.3601280">
    <ele>212.5</ele>
    <time>2024-04-21T13:15:53Z</time>
   </trkpt>
   <trkpt lat="48.2934710" lon="7.3600930">
    <ele>212.6</ele>
    <time>2024-04-21T13:15:54Z</time>
   </trkpt>
   <trkpt lat="48.2935210" lon="7.3600560">
    <ele>212.6</ele>
    <time>2024-04-21T13:15:55Z</time>
   </trkpt>
   <trkpt lat="48.2935740" lon="7.3600230">
    <ele>212.7</ele>
    <time>2024-04-21T13:15:56Z</time>
   </trkpt>
   <trkpt lat="48.2936260" lon="7.3599880">
    <ele>212.7</ele>
    <time>2024-04-21T13:15:57Z</time>
   </trkpt>
   <trkpt lat="48.2936790" lon="7.3599510">
    <ele>212.8</ele>
    <time>2024-04-21T13:15:58Z</time>
   </trkpt>
   <trkpt lat="48.2937310" lon="7.3599170">
    <ele>212.8</ele>
    <time>2024-04-21T13:15:59Z</time>
   </trkpt>
   <trkpt lat="48.2937830" lon="7.3598800">
    <ele>212.8</ele>
    <time>2024-04-21T13:16:00Z</time>
   </trkpt>
   <trkpt lat="48.2938340" lon="7.3598430">
    <ele>212.9</ele>
    <time>2024-04-21T13:16:01Z</time>
   </trkpt>
   <trkpt lat="48.2938840" lon="7.3598090">
    <ele>212.9</ele>
    <time>2024-04-21T13:16:02Z</time>
   </trkpt>
   <trkpt lat="48.2939350" lon="7.3597750">
    <ele>213.0</ele>
    <time>2024-04-21T13:16:03Z</time>
   </trkpt>
   <trkpt lat="48.2939890" lon="7.3597430">
    <ele>213.0</ele>
    <time>2024-04-21T13:16:04Z</time>
   </trkpt>
   <trkpt lat="48.2940410" lon="7.3597090">
    <ele>213.1</ele>
    <time>2024-04-21T13:16:05Z</time>
   </trkpt>
   <trkpt lat="48.2940930" lon="7.3596700">
    <ele>213.1</ele>
    <time>2024-04-21T13:16:06Z</time>
   </trkpt>
   <trkpt lat="48.2941470" lon="7.3596310">
    <ele>213.2</ele>
    <time>2024-04-21T13:16:07Z</time>
   </trkpt>
   <trkpt lat="48.2941990" lon="7.3595950">
    <ele>213.2</ele>
    <time>2024-04-21T13:16:08Z</time>
   </trkpt>
   <trkpt lat="48.2942480" lon="7.3595600">
    <ele>213.3</ele>
    <time>2024-04-21T13:16:09Z</time>
   </trkpt>
   <trkpt lat="48.2942990" lon="7.3595260">
    <ele>213.3</ele>
    <time>2024-04-21T13:16:10Z</time>
   </trkpt>
   <trkpt lat="48.2943520" lon="7.3594890">
    <ele>213.4</ele>
    <time>2024-04-21T13:16:11Z</time>
   </trkpt>
   <trkpt lat="48.2944050" lon="7.3594530">
    <ele>213.4</ele>
    <time>2024-04-21T13:16:12Z</time>
   </trkpt>
   <trkpt lat="48.2944580" lon="7.3594190">
    <ele>213.4</ele>
    <time>2024-04-21T13:16:13Z</time>
   </trkpt>
   <trkpt lat="48.2945100" lon="7.3593790">
    <ele>213.5</ele>
    <time>2024-04-21T13:16:14Z</time>
   </trkpt>
   <trkpt lat="48.2945630" lon="7.3593430">
    <ele>213.5</ele>
    <time>2024-04-21T13:16:15Z</time>
   </trkpt>
   <trkpt lat="48.2946170" lon="7.3593050">
    <ele>213.6</ele>
    <time>2024-04-21T13:16:16Z</time>
   </trkpt>
   <trkpt lat="48.2946690" lon="7.3592700">
    <ele>213.6</ele>
    <time>2024-04-21T13:16:17Z</time>
   </trkpt>
   <trkpt lat="48.2947210" lon="7.3592350">
    <ele>213.7</ele>
    <time>2024-04-21T13:16:18Z</time>
   </trkpt>
   <trkpt lat="48.2947720" lon="7.3592050">
    <ele>213.7</ele>
    <time>2024-04-21T13:16:19Z</time>
   </trkpt>
   <trkpt lat="48.2948250" lon="7.3591730">
    <ele>213.7</ele>
    <time>2024-04-21T13:16:20Z</time>
   </trkpt>
   <trkpt lat="48.2948770" lon="7.3591410">
    <ele>213.7</ele>
    <time>2024-04-21T13:16:21Z</time>
   </trkpt>
   <trkpt lat="48.2949280" lon="7.3591050">
    <ele>213.8</ele>
    <time>2024-04-21T13:16:22Z</time>
   </trkpt>
   <trkpt lat="48.2949780" lon="7.3590670">
    <ele>213.8</ele>
    <time>2024-04-21T13:16:23Z</time>
   </trkpt>
   <trkpt lat="48.2950290" lon="7.3590320">
    <ele>213.8</ele>
    <time>2024-04-21T13:16:24Z</time>
   </trkpt>
   <trkpt lat="48.2950820" lon="7.3589990">
    <ele>213.9</ele>
    <time>2024-04-21T13:16:25Z</time>
   </trkpt>
   <trkpt lat="48.2951340" lon="7.3589670">
    <ele>213.9</ele>
    <time>2024-04-21T13:16:26Z</time>
   </trkpt>
   <trkpt lat="48.2951840" lon="7.3589330">
    <ele>213.9</ele>
    <time>2024-04-21T13:16:27Z</time>
   </trkpt>
   <trkpt lat="48.2952340" lon="7.3588990">
    <ele>213.9</ele>
    <time>2024-04-21T13:16:28Z</time>
   </trkpt>
   <trkpt lat="48.2952870" lon="7.3588720">
    <ele>213.9</ele>
    <time>2024-04-21T13:16:29Z</time>
   </trkpt>
   <trkpt lat="48.2953400" lon="7.3588450">
    <ele>213.9</ele>
    <time>2024-04-21T13:16:30Z</time>
   </trkpt>
   <trkpt lat="48.2953930" lon="7.3588130">
    <ele>213.9</ele>
    <time>2024-04-21T13:16:31Z</time>
   </trkpt>
   <trkpt lat="48.2954450" lon="7.3587790">
    <ele>213.9</ele>
    <time>2024-04-21T13:16:32Z</time>
   </trkpt>
   <trkpt lat="48.2954990" lon="7.3587500">
    <ele>213.9</ele>
    <time>2024-04-21T13:16:33Z</time>
   </trkpt>
   <trkpt lat="48.2955520" lon="7.3587200">
    <ele>213.9</ele>
    <time>2024-04-21T13:16:34Z</time>
   </trkpt>
   <trkpt lat="48.2956040" lon="7.3586860">
    <ele>213.9</ele>
    <time>2024-04-21T13:16:35Z</time>
   </trkpt>
   <trkpt lat="48.2956570" lon="7.3586500">
    <ele>213.9</ele>
    <time>2024-04-21T13:16:36Z</time>
   </trkpt>
   <trkpt lat="48.2957110" lon="7.3586160">
    <ele>213.9</ele>
    <time>2024-04-21T13:16:37Z</time>
   </trkpt>
   <trkpt lat="48.2957660" lon="7.3585860">
    <ele>213.9</ele>
    <time>2024-04-21T13:16:38Z</time>
   </trkpt>
   <trkpt lat="48.2958200" lon="7.3585560">
    <ele>214.0</ele>
    <time>2024-04-21T13:16:39Z</time>
   </trkpt>
   <trkpt lat="48.2958750" lon="7.3585260">
    <ele>214.0</ele>
    <time>2024-04-21T13:16:40Z</time>
   </trkpt>
   <trkpt lat="48.2959290" lon="7.3584940">
    <ele>214.0</ele>
    <time>2024-04-21T13:16:41Z</time>
   </trkpt>
   <trkpt lat="48.2959830" lon="7.3584610">
    <ele>214.0</ele>
    <time>2024-04-21T13:16:42Z</time>
   </trkpt>
   <trkpt lat="48.2960390" lon="7.3584260">
    <ele>214.1</ele>
    <time>2024-04-21T13:16:43Z</time>
   </trkpt>
   <trkpt lat="48.2960930" lon="7.3583880">
    <ele>214.1</ele>
    <time>2024-04-21T13:16:44Z</time>
   </trkpt>
   <trkpt lat="48.2961470" lon="7.3583480">
    <ele>214.2</ele>
    <time>2024-04-21T13:16:45Z</time>
   </trkpt>
   <trkpt lat="48.2962010" lon="7.3583090">
    <ele>214.3</ele>
    <time>2024-04-21T13:16:46Z</time>
   </trkpt>
   <trkpt lat="48.2962570" lon="7.3582720">
    <ele>214.4</ele>
    <time>2024-04-21T13:16:47Z</time>
   </trkpt>
   <trkpt lat="48.2963100" lon="7.3582280">
    <ele>214.4</ele>
    <time>2024-04-21T13:16:48Z</time>
   </trkpt>
   <trkpt lat="48.2963620" lon="7.3581850">
    <ele>214.5</ele>
    <time>2024-04-21T13:16:49Z</time>
   </trkpt>
   <trkpt lat="48.2964160" lon="7.3581430">
    <ele>214.6</ele>
    <time>2024-04-21T13:16:50Z</time>
   </trkpt>
   <trkpt lat="48.2964680" lon="7.3580980">
    <ele>214.7</ele>
    <time>2024-04-21T13:16:51Z</time>
   </trkpt>
   <trkpt lat="48.2965220" lon="7.3580550">
    <ele>214.8</ele>
    <time>2024-04-21T13:16:52Z</time>
   </trkpt>
   <trkpt lat="48.2965750" lon="7.3580160">
    <ele>214.9</ele>
    <time>2024-04-21T13:16:53Z</time>
   </trkpt>
   <trkpt lat="48.2966270" lon="7.3579760">
    <ele>214.9</ele>
    <time>2024-04-21T13:16:54Z</time>
   </trkpt>
   <trkpt lat="48.2966780" lon="7.3579330">
    <ele>215.0</ele>
    <time>2024-04-21T13:16:55Z</time>
   </trkpt>
   <trkpt lat="48.2967290" lon="7.3578870">
    <ele>215.1</ele>
    <time>2024-04-21T13:16:56Z</time>
   </trkpt>
   <trkpt lat="48.2967840" lon="7.3578460">
    <ele>215.1</ele>
    <time>2024-04-21T13:16:57Z</time>
   </trkpt>
   <trkpt lat="48.2968390" lon="7.3578060">
    <ele>215.2</ele>
    <time>2024-04-21T13:16:58Z</time>
   </trkpt>
   <trkpt lat="48.2968960" lon="7.3577690">
    <ele>215.2</ele>
    <time>2024-04-21T13:16:59Z</time>
   </trkpt>
   <trkpt lat="48.2969500" lon="7.3577310">
    <ele>215.3</ele>
    <time>2024-04-21T13:17:00Z</time>
   </trkpt>
   <trkpt lat="48.2970030" lon="7.3576940">
    <ele>215.3</ele>
    <time>2024-04-21T13:17:01Z</time>
   </trkpt>
   <trkpt lat="48.2970580" lon="7.3576560">
    <ele>215.4</ele>
    <time>2024-04-21T13:17:02Z</time>
   </trkpt>
   <trkpt lat="48.2971130" lon="7.3576230">
    <ele>215.4</ele>
    <time>2024-04-21T13:17:03Z</time>
   </trkpt>
   <trkpt lat="48.2971650" lon="7.3575900">
    <ele>215.5</ele>
    <time>2024-04-21T13:17:04Z</time>
   </trkpt>
   <trkpt lat="48.2972160" lon="7.3575530">
    <ele>215.5</ele>
    <time>2024-04-21T13:17:05Z</time>
   </trkpt>
   <trkpt lat="48.2972690" lon="7.3575150">
    <ele>215.5</ele>
    <time>2024-04-21T13:17:06Z</time>
   </trkpt>
   <trkpt lat="48.2973200" lon="7.3574800">
    <ele>215.6</ele>
    <time>2024-04-21T13:17:07Z</time>
   </trkpt>
   <trkpt lat="48.2973730" lon="7.3574420">
    <ele>215.6</ele>
    <time>2024-04-21T13:17:08Z</time>
   </trkpt>
   <trkpt lat="48.2974240" lon="7.3574060">
    <ele>215.6</ele>
    <time>2024-04-21T13:17:09Z</time>
   </trkpt>
   <trkpt lat="48.2974740" lon="7.3573710">
    <ele>215.7</ele>
    <time>2024-04-21T13:17:10Z</time>
   </trkpt>
   <trkpt lat="48.2975270" lon="7.3573360">
    <ele>215.7</ele>
    <time>2024-04-21T13:17:11Z</time>
   </trkpt>
   <trkpt lat="48.2975790" lon="7.3573000">
    <ele>215.8</ele>
    <time>2024-04-21T13:17:12Z</time>
   </trkpt>
   <trkpt lat="48.2976270" lon="7.3572630">
    <ele>215.8</ele>
    <time>2024-04-21T13:17:13Z</time>
   </trkpt>
   <trkpt lat="48.2976770" lon="7.3572290">
    <ele>215.9</ele>
    <time>2024-04-21T13:17:14Z</time>
   </trkpt>
   <trkpt lat="48.2977310" lon="7.3571970">
    <ele>215.9</ele>
    <time>2024-04-21T13:17:15Z</time>
   </trkpt>
   <trkpt lat="48.2977820" lon="7.3571640">
    <ele>216.0</ele>
    <time>2024-04-21T13:17:16Z</time>
   </trkpt>
   <trkpt lat="48.2978320" lon="7.3571330">
    <ele>216.0</ele>
    <time>2024-04-21T13:17:17Z</time>
   </trkpt>
   <trkpt lat="48.2978790" lon="7.3571000">
    <ele>216.1</ele>
    <time>2024-04-21T13:17:18Z</time>
   </trkpt>
   <trkpt lat="48.2979280" lon="7.3570670">
    <ele>216.1</ele>
    <time>2024-04-21T13:17:19Z</time>
   </trkpt>
   <trkpt lat="48.2979760" lon="7.3570320">
    <ele>216.2</ele>
    <time>2024-04-21T13:17:20Z</time>
   </trkpt>
   <trkpt lat="48.2980270" lon="7.3569980">
    <ele>216.2</ele>
    <time>2024-04-21T13:17:21Z</time>
   </trkpt>
   <trkpt lat="48.2980750" lon="7.3569620">
    <ele>216.3</ele>
    <time>2024-04-21T13:17:22Z</time>
   </trkpt>
   <trkpt lat="48.2981240" lon="7.3569280">
    <ele>216.4</ele>
    <time>2024-04-21T13:17:23Z</time>
   </trkpt>
   <trkpt lat="48.2981710" lon="7.3568950">
    <ele>216.4</ele>
    <time>2024-04-21T13:17:24Z</time>
   </trkpt>
   <trkpt lat="48.2982180" lon="7.3568610">
    <ele>216.4</ele>
    <time>2024-04-21T13:17:25Z</time>
   </trkpt>
   <trkpt lat="48.2982640" lon="7.3568280">
    <ele>216.5</ele>
    <time>2024-04-21T13:17:26Z</time>
   </trkpt>
   <trkpt lat="48.2983090" lon="7.3567960">
    <ele>216.5</ele>
    <time>2024-04-21T13:17:27Z</time>
   </trkpt>
   <trkpt lat="48.2983540" lon="7.3567630">
    <ele>216.6</ele>
    <time>2024-04-21T13:17:28Z</time>
   </trkpt>
   <trkpt lat="48.2983990" lon="7.3567350">
    <ele>216.6</ele>
    <time>2024-04-21T13:17:29Z</time>
   </trkpt>
   <trkpt lat="48.2984440" lon="7.3567070">
    <ele>216.7</ele>
    <time>2024-04-21T13:17:30Z</time>
   </trkpt>
   <trkpt lat="48.2984880" lon="7.3566760">
    <ele>216.7</ele>
    <time>2024-04-21T13:17:31Z</time>
   </trkpt>
   <trkpt lat="48.2985300" lon="7.3566450">
    <ele>216.8</ele>
    <time>2024-04-21T13:17:32Z</time>
   </trkpt>
   <trkpt lat="48.2985750" lon="7.3566180">
    <ele>216.8</ele>
    <time>2024-04-21T13:17:33Z</time>
   </trkpt>
   <trkpt lat="48.2986220" lon="7.3565920">
    <ele>216.9</ele>
    <time>2024-04-21T13:17:34Z</time>
   </trkpt>
   <trkpt lat="48.2986650" lon="7.3565590">
    <ele>216.9</ele>
    <time>2024-04-21T13:17:35Z</time>
   </trkpt>
   <trkpt lat="48.2987120" lon="7.3565340">
    <ele>216.9</ele>
    <time>2024-04-21T13:17:36Z</time>
   </trkpt>
   <trkpt lat="48.2987570" lon="7.3565070">
    <ele>217.0</ele>
    <time>2024-04-21T13:17:37Z</time>
   </trkpt>
   <trkpt lat="48.2988010" lon="7.3564770">
    <ele>217.0</ele>
    <time>2024-04-21T13:17:38Z</time>
   </trkpt>
   <trkpt lat="48.2988460" lon="7.3564510">
    <ele>217.0</ele>
    <time>2024-04-21T13:17:39Z</time>
   </trkpt>
   <trkpt lat="48.2988930" lon="7.3564270">
    <ele>217.1</ele>
    <time>2024-04-21T13:17:40Z</time>
   </trkpt>
   <trkpt lat="48.2989400" lon="7.3563980">
    <ele>217.1</ele>
    <time>2024-04-21T13:17:41Z</time>
   </trkpt>
   <trkpt lat="48.2989880" lon="7.3563710">
    <ele>217.2</ele>
    <time>2024-04-21T13:17:42Z</time>
   </trkpt>
   <trkpt lat="48.2990340" lon="7.3563430">
    <ele>217.2</ele>
    <time>2024-04-21T13:17:43Z</time>
   </trkpt>
   <trkpt lat="48.2990790" lon="7.3563150">
    <ele>217.3</ele>
    <time>2024-04-21T13:17:44Z</time>
   </trkpt>
   <trkpt lat="48.2991250" lon="7.3562840">
    <ele>217.3</ele>
    <time>2024-04-21T13:17:45Z</time>
   </trkpt>
   <trkpt lat="48.2991730" lon="7.3562590">
    <ele>217.4</ele>
    <time>2024-04-21T13:17:46Z</time>
   </trkpt>
   <trkpt lat="48.2992180" lon="7.3562290">
    <ele>217.4</ele>
    <time>2024-04-21T13:17:47Z</time>
   </trkpt>
   <trkpt lat="48.2992630" lon="7.3562000">
    <ele>217.5</ele>
    <time>2024-04-21T13:17:48Z</time>
   </trkpt>
   <trkpt lat="48.2993070" lon="7.3561700">
    <ele>217.5</ele>
    <time>2024-04-21T13:17:49Z</time>
   </trkpt>
   <trkpt lat="48.2993540" lon="7.3561420">
    <ele>217.6</ele>
    <time>2024-04-21T13:17:50Z</time>
   </trkpt>
   <trkpt lat="48.2994020" lon="7.3561140">
    <ele>217.7</ele>
    <time>2024-04-21T13:17:51Z</time>
   </trkpt>
   <trkpt lat="48.2994510" lon="7.3560880">
    <ele>217.8</ele>
    <time>2024-04-21T13:17:52Z</time>
   </trkpt>
   <trkpt lat="48.2995000" lon="7.3560600">
    <ele>217.8</ele>
    <time>2024-04-21T13:17:53Z</time>
   </trkpt>
   <trkpt lat="48.2995450" lon="7.3560300">
    <ele>217.9</ele>
    <time>2024-04-21T13:17:54Z</time>
   </trkpt>
   <trkpt lat="48.2995920" lon="7.3560000">
    <ele>218.0</ele>
    <time>2024-04-21T13:17:55Z</time>
   </trkpt>
   <trkpt lat="48.2996390" lon="7.3559710">
    <ele>218.1</ele>
    <time>2024-04-21T13:17:56Z</time>
   </trkpt>
   <trkpt lat="48.2996860" lon="7.3559410">
    <ele>218.2</ele>
    <time>2024-04-21T13:17:57Z</time>
   </trkpt>
   <trkpt lat="48.2997320" lon="7.3559110">
    <ele>218.3</ele>
    <time>2024-04-21T13:17:58Z</time>
   </trkpt>
   <trkpt lat="48.2997780" lon="7.3558810">
    <ele>218.4</ele>
    <time>2024-04-21T13:17:59Z</time>
   </trkpt>
   <trkpt lat="48.2998200" lon="7.3558510">
    <ele>218.5</ele>
    <time>2024-04-21T13:18:00Z</time>
   </trkpt>
   <trkpt lat="48.2998620" lon="7.3558200">
    <ele>218.6</ele>
    <time>2024-04-21T13:18:01Z</time>
   </trkpt>
   <trkpt lat="48.2999030" lon="7.3557910">
    <ele>218.7</ele>
    <time>2024-04-21T13:18:02Z</time>
   </trkpt>
   <trkpt lat="48.2999420" lon="7.3557660">
    <ele>218.8</ele>
    <time>2024-04-21T13:18:03Z</time>
   </trkpt>
   <trkpt lat="48.2999810" lon="7.3557410">
    <ele>218.9</ele>
    <time>2024-04-21T13:18:04Z</time>
   </trkpt>
   <trkpt lat="48.3000160" lon="7.3557190">
    <ele>218.9</ele>
    <time>2024-04-21T13:18:05Z</time>
   </trkpt>
   <trkpt lat="48.3000500" lon="7.3556960">
    <ele>219.0</ele>
    <time>2024-04-21T13:18:06Z</time>
   </trkpt>
   <trkpt lat="48.3000820" lon="7.3556770">
    <ele>219.1</ele>
    <time>2024-04-21T13:18:07Z</time>
   </trkpt>
   <trkpt lat="48.3001100" lon="7.3556650">
    <ele>219.1</ele>
    <time>2024-04-21T13:18:08Z</time>
   </trkpt>
   <trkpt lat="48.3001440" lon="7.3556660">
    <ele>219.2</ele>
    <time>2024-04-21T13:18:09Z</time>
   </trkpt>
   <trkpt lat="48.3001540" lon="7.3556650">
    <ele>219.2</ele>
    <time>2024-04-21T13:18:10Z</time>
   </trkpt>
   <trkpt lat="48.3001630" lon="7.3556540">
    <ele>219.2</ele>
    <time>2024-04-21T13:18:11Z</time>
   </trkpt>
   <trkpt lat="48.3001640" lon="7.3556500">
    <ele>219.2</ele>
    <time>2024-04-21T13:18:12Z</time>
   </trkpt>
   <trkpt lat="48.3001610" lon="7.3556500">
    <ele>219.2</ele>
    <time>2024-04-21T13:18:13Z</time>
   </trkpt>
   <trkpt lat="48.3001590" lon="7.3556510">
    <ele>219.2</ele>
    <time>2024-04-21T13:18:14Z</time>
   </trkpt>
   <trkpt lat="48.3001590" lon="7.3556520">
    <ele>219.2</ele>
    <time>2024-04-21T13:18:15Z</time>
   </trkpt>
   <trkpt lat="48.3001630" lon="7.3556510">
    <ele>219.2</ele>
    <time>2024-04-21T13:18:16Z</time>
   </trkpt>
   <trkpt lat="48.3001690" lon="7.3556470">
    <ele>219.2</ele>
    <time>2024-04-21T13:18:17Z</time>
   </trkpt>
   <trkpt lat="48.3001730" lon="7.3556420">
    <ele>219.2</ele>
    <time>2024-04-21T13:18:18Z</time>
   </trkpt>
   <trkpt lat="48.3001760" lon="7.3556410">
    <ele>219.2</ele>
    <time>2024-04-21T13:18:19Z</time>
   </trkpt>
   <trkpt lat="48.3001790" lon="7.3556430">
    <ele>219.2</ele>
    <time>2024-04-21T13:18:20Z</time>
   </trkpt>
   <trkpt lat="48.3001820" lon="7.3556440">
    <ele>219.2</ele>
    <time>2024-04-21T13:18:21Z</time>
   </trkpt>
   <trkpt lat="48.3001840" lon="7.3556450">
    <ele>219.2</ele>
    <time>2024-04-21T13:18:22Z</time>
   </trkpt>
   <trkpt lat="48.3001860" lon="7.3556460">
    <ele>219.2</ele>
    <time>2024-04-21T13:18:23Z</time>
   </trkpt>
   <trkpt lat="48.3001880" lon="7.3556470">
    <ele>219.2</ele>
    <time>2024-04-21T13:18:24Z</time>
   </trkpt>
   <trkpt lat="48.3001900" lon="7.3556470">
    <ele>219.2</ele>
    <time>2024-04-21T13:18:25Z</time>
   </trkpt>
   <trkpt lat="48.3001910" lon="7.3556480">
    <ele>219.2</ele>
    <time>2024-04-21T13:18:26Z</time>
   </trkpt>
   <trkpt lat="48.3001930" lon="7.3556490">
    <ele>219.2</ele>
    <time>2024-04-21T13:18:27Z</time>
   </trkpt>
   <trkpt lat="48.3001930" lon="7.3556490">
    <ele>219.2</ele>
    <time>2024-04-21T13:18:28Z</time>
   </trkpt>
   <trkpt lat="48.3001940" lon="7.3556490">
    <ele>219.2</ele>
    <time>2024-04-21T13:18:29Z</time>
   </trkpt>
   <trkpt lat="48.3001940" lon="7.3556490">
    <ele>219.2</ele>
    <time>2024-04-21T13:18:30Z</time>
   </trkpt>
   <trkpt lat="48.3001650" lon="7.3556780">
    <ele>219.3</ele>
    <time>2024-04-21T13:22:46Z</time>
   </trkpt>
   <trkpt lat="48.3001530" lon="7.3556850">
    <ele>219.3</ele>
    <time>2024-04-21T13:22:47Z</time>
   </trkpt>
   <trkpt lat="48.3001460" lon="7.3556880">
    <ele>219.3</ele>
    <time>2024-04-21T13:22:48Z</time>
   </trkpt>
   <trkpt lat="48.3001410" lon="7.3556910">
    <ele>219.3</ele>
    <time>2024-04-21T13:22:49Z</time>
   </trkpt>
   <trkpt lat="48.3001370" lon="7.3556930">
    <ele>219.3</ele>
    <time>2024-04-21T13:22:50Z</time>
   </trkpt>
   <trkpt lat="48.3001340" lon="7.3556950">
    <ele>219.3</ele>
    <time>2024-04-21T13:22:51Z</time>
   </trkpt>
   <trkpt lat="48.3001320" lon="7.3556950">
    <ele>219.3</ele>
    <time>2024-04-21T13:22:52Z</time>
   </trkpt>
   <trkpt lat="48.3001300" lon="7.3556940">
    <ele>219.3</ele>
    <time>2024-04-21T13:22:53Z</time>
   </trkpt>
   <trkpt lat="48.3001300" lon="7.3556940">
    <ele>219.3</ele>
    <time>2024-04-21T13:22:54Z</time>
   </trkpt>
   <trkpt lat="48.3001310" lon="7.3556900">
    <ele>219.3</ele>
    <time>2024-04-21T13:22:55Z</time>
   </trkpt>
   <trkpt lat="48.3001330" lon="7.3556860">
    <ele>219.3</ele>
    <time>2024-04-21T13:22:56Z</time>
   </trkpt>
   <trkpt lat="48.3001370" lon="7.3556810">
    <ele>219.3</ele>
    <time>2024-04-21T13:22:57Z</time>
   </trkpt>
   <trkpt lat="48.3001390" lon="7.3556790">
    <ele>219.3</ele>
    <time>2024-04-21T13:22:58Z</time>
   </trkpt>
   <trkpt lat="48.3001410" lon="7.3556770">
    <ele>219.3</ele>
    <time>2024-04-21T13:22:59Z</time>
   </trkpt>
   <trkpt lat="48.3001420" lon="7.3556770">
    <ele>219.3</ele>
    <time>2024-04-21T13:23:00Z</time>
   </trkpt>
   <trkpt lat="48.3001420" lon="7.3556780">
    <ele>219.3</ele>
    <time>2024-04-21T13:23:01Z</time>
   </trkpt>
   <trkpt lat="48.3001420" lon="7.3556780">
    <ele>219.3</ele>
    <time>2024-04-21T13:23:02Z</time>
   </trkpt>
   <trkpt lat="48.3001430" lon="7.3556780">
    <ele>219.3</ele>
    <time>2024-04-21T13:23:03Z</time>
   </trkpt>
   <trkpt lat="48.3001430" lon="7.3556780">
    <ele>219.3</ele>
    <time>2024-04-21T13:23:04Z</time>
   </trkpt>
   <trkpt lat="48.3001430" lon="7.3556780">
    <ele>219.3</ele>
    <time>2024-04-21T13:23:05Z</time>
   </trkpt>
   <trkpt lat="48.3001420" lon="7.3556780">
    <ele>219.3</ele>
    <time>2024-04-21T13:23:06Z</time>
   </trkpt>
   <trkpt lat="48.3001420" lon="7.3556780">
    <ele>219.3</ele>
    <time>2024-04-21T13:23:07Z</time>
   </trkpt>
   <trkpt lat="48.3001410" lon="7.3556780">
    <ele>219.3</ele>
    <time>2024-04-21T13:23:08Z</time>
   </trkpt>
   <trkpt lat="48.3001410" lon="7.3556780">
    <ele>219.3</ele>
    <time>2024-04-21T13:23:09Z</time>
   </trkpt>
   <trkpt lat="48.3001410" lon="7.3556790">
    <ele>219.3</ele>
    <time>2024-04-21T13:23:10Z</time>
   </trkpt>
   <trkpt lat="48.3001410" lon="7.3556790">
    <ele>219.3</ele>
    <time>2024-04-21T13:23:11Z</time>
   </trkpt>
   <trkpt lat="48.3001820" lon="7.3556470">
    <ele>219.4</ele>
    <time>2024-04-21T13:26:45Z</time>
   </trkpt>
   <trkpt lat="48.3001850" lon="7.3556450">
    <ele>219.4</ele>
    <time>2024-04-21T13:26:46Z</time>
   </trkpt>
   <trkpt lat="48.3001850" lon="7.3556420">
    <ele>219.4</ele>
    <time>2024-04-21T13:26:47Z</time>
   </trkpt>
   <trkpt lat="48.3001830" lon="7.3556410">
    <ele>219.4</ele>
    <time>2024-04-21T13:26:48Z</time>
   </trkpt>
   <trkpt lat="48.3001820" lon="7.3556410">
    <ele>219.4</ele>
    <time>2024-04-21T13:26:49Z</time>
   </trkpt>
   <trkpt lat="48.3001810" lon="7.3556410">
    <ele>219.4</ele>
    <time>2024-04-21T13:26:50Z</time>
   </trkpt>
   <trkpt lat="48.3001800" lon="7.3556410">
    <ele>219.4</ele>
    <time>2024-04-21T13:26:51Z</time>
   </trkpt>
   <trkpt lat="48.3001790" lon="7.3556420">
    <ele>219.4</ele>
    <time>2024-04-21T13:26:52Z</time>
   </trkpt>
   <trkpt lat="48.3001780" lon="7.3556430">
    <ele>219.4</ele>
    <time>2024-04-21T13:26:53Z</time>
   </trkpt>
   <trkpt lat="48.3001770" lon="7.3556440">
    <ele>219.4</ele>
    <time>2024-04-21T13:26:54Z</time>
   </trkpt>
   <trkpt lat="48.3001770" lon="7.3556440">
    <ele>219.4</ele>
    <time>2024-04-21T13:26:55Z</time>
   </trkpt>
   <trkpt lat="48.3001770" lon="7.3556440">
    <ele>219.4</ele>
    <time>2024-04-21T13:26:56Z</time>
   </trkpt>
   <trkpt lat="48.3001760" lon="7.3556450">
    <ele>219.4</ele>
    <time>2024-04-21T13:26:57Z</time>
   </trkpt>
   <trkpt lat="48.3001760" lon="7.3556450">
    <ele>219.4</ele>
    <time>2024-04-21T13:26:58Z</time>
   </trkpt>
   <trkpt lat="48.3001760" lon="7.3556450">
    <ele>219.4</ele>
    <time>2024-04-21T13:26:59Z</time>
   </trkpt>
   <trkpt lat="48.3001760" lon="7.3556450">
    <ele>219.4</ele>
    <time>2024-04-21T13:27:00Z</time>
   </trkpt>
   <trkpt lat="48.3001780" lon="7.3555860">
    <ele>219.4</ele>
    <time>2024-04-21T13:27:32Z</time>
   </trkpt>
   <trkpt lat="48.3002040" lon="7.3555700">
    <ele>219.5</ele>
    <time>2024-04-21T13:27:33Z</time>
   </trkpt>
   <trkpt lat="48.3002340" lon="7.3555500">
    <ele>219.5</ele>
    <time>2024-04-21T13:27:34Z</time>
   </trkpt>
   <trkpt lat="48.3002620" lon="7.3555300">
    <ele>219.6</ele>
    <time>2024-04-21T13:27:35Z</time>
   </trkpt>
   <trkpt lat="48.3002930" lon="7.3555100">
    <ele>219.6</ele>
    <time>2024-04-21T13:27:36Z</time>
   </trkpt>
   <trkpt lat="48.3003230" lon="7.3554890">
    <ele>219.6</ele>
    <time>2024-04-21T13:27:37Z</time>
   </trkpt>
   <trkpt lat="48.3003500" lon="7.3554720">
    <ele>219.7</ele>
    <time>2024-04-21T13:27:38Z</time>
   </trkpt>
   <trkpt lat="48.3003790" lon="7.3554560">
    <ele>219.7</ele>
    <time>2024-04-21T13:27:39Z</time>
   </trkpt>
   <trkpt lat="48.3004090" lon="7.3554390">
    <ele>219.8</ele>
    <time>2024-04-21T13:27:40Z</time>
   </trkpt>
   <trkpt lat="48.3004380" lon="7.3554220">
    <ele>219.8</ele>
    <time>2024-04-21T13:27:41Z</time>
   </trkpt>
   <trkpt lat="48.3004660" lon="7.3554060">
    <ele>219.8</ele>
    <time>2024-04-21T13:27:42Z</time>
   </trkpt>
   <trkpt lat="48.3004950" lon="7.3553890">
    <ele>219.9</ele>
    <time>2024-04-21T13:27:43Z</time>
   </trkpt>
   <trkpt lat="48.3005250" lon="7.3553720">
    <ele>219.9</ele>
    <time>2024-04-21T13:27:44Z</time>
   </trkpt>
   <trkpt lat="48.3005550" lon="7.3553530">
    <ele>220.0</ele>
    <time>2024-04-21T13:27:45Z</time>
   </trkpt>
   <trkpt lat="48.3005880" lon="7.3553310">
    <ele>220.0</ele>
    <time>2024-04-21T13:27:46Z</time>
   </trkpt>
   <trkpt lat="48.3006250" lon="7.3553060">
    <ele>220.0</ele>
    <time>2024-04-21T13:27:47Z</time>
   </trkpt>
   <trkpt lat="48.3006600" lon="7.3552860">
    <ele>220.1</ele>
    <time>2024-04-21T13:27:48Z</time>
   </trkpt>
   <trkpt lat="48.3006970" lon="7.3552690">
    <ele>220.2</ele>
    <time>2024-04-21T13:27:49Z</time>
   </trkpt>
   <trkpt lat="48.3007350" lon="7.3552500">
    <ele>220.3</ele>
    <time>2024-04-21T13:27:50Z</time>
   </trkpt>
   <trkpt lat="48.3007740" lon="7.3552370">
    <ele>220.4</ele>
    <time>2024-04-21T13:27:51Z</time>
   </trkpt>
   <trkpt lat="48.3008150" lon="7.3552270">
    <ele>220.5</ele>
    <time>2024-04-21T13:27:52Z</time>
   </trkpt>
   <trkpt lat="48.3008540" lon="7.3552120">
    <ele>220.6</ele>
    <time>2024-04-21T13:27:53Z</time>
   </trkpt>
   <trkpt lat="48.3008920" lon="7.3551990">
    <ele>220.7</ele>
    <time>2024-04-21T13:27:54Z</time>
   </trkpt>
   <trkpt lat="48.3009310" lon="7.3551870">
    <ele>220.8</ele>
    <time>2024-04-21T13:27:55Z</time>
   </trkpt>
   <trkpt lat="48.3009700" lon="7.3551720">
    <ele>220.9</ele>
    <time>2024-04-21T13:27:56Z</time>
   </trkpt>
   <trkpt lat="48.3010110" lon="7.3551510">
    <ele>220.9</ele>
    <time>2024-04-21T13:27:57Z</time>
   </trkpt>
   <trkpt lat="48.3010530" lon="7.3551330">
    <ele>221.0</ele>
    <time>2024-04-21T13:27:58Z</time>
   </trkpt>
   <trkpt lat="48.3010950" lon="7.3551150">
    <ele>221.1</ele>
    <time>2024-04-21T13:27:59Z</time>
   </trkpt>
   <trkpt lat="48.3011370" lon="7.3550960">
    <ele>221.1</ele>
    <time>2024-04-21T13:28:00Z</time>
   </trkpt>
   <trkpt lat="48.3011790" lon="7.3550570">
    <ele>221.2</ele>
    <time>2024-04-21T13:28:01Z</time>
   </trkpt>
   <trkpt lat="48.3012230" lon="7.3550390">
    <ele>221.2</ele>
    <time>2024-04-21T13:28:02Z</time>
   </trkpt>
   <trkpt lat="48.3012690" lon="7.3550230">
    <ele>221.3</ele>
    <time>2024-04-21T13:28:03Z</time>
   </trkpt>
   <trkpt lat="48.3013180" lon="7.3550060">
    <ele>221.4</ele>
    <time>2024-04-21T13:28:04Z</time>
   </trkpt>
   <trkpt lat="48.3013700" lon="7.3549900">
    <ele>221.4</ele>
    <time>2024-04-21T13:28:05Z</time>
   </trkpt>
   <trkpt lat="48.3014220" lon="7.3549730">
    <ele>221.4</ele>
    <time>2024-04-21T13:28:06Z</time>
   </trkpt>
   <trkpt lat="48.3014740" lon="7.3549560">
    <ele>221.4</ele>
    <time>2024-04-21T13:28:07Z</time>
   </trkpt>
   <trkpt lat="48.3015270" lon="7.3549410">
    <ele>221.5</ele>
    <time>2024-04-21T13:28:08Z</time>
   </trkpt>
   <trkpt lat="48.3015830" lon="7.3549300">
    <ele>221.5</ele>
    <time>2024-04-21T13:28:09Z</time>
   </trkpt>
   <trkpt lat="48.3016410" lon="7.3549160">
    <ele>221.5</ele>
    <time>2024-04-21T13:28:10Z</time>
   </trkpt>
   <trkpt lat="48.3016970" lon="7.3548980">
    <ele>221.5</ele>
    <time>2024-04-21T13:28:11Z</time>
   </trkpt>
   <trkpt lat="48.3017530" lon="7.3548840">
    <ele>221.5</ele>
    <time>2024-04-21T13:28:12Z</time>
   </trkpt>
   <trkpt lat="48.3018090" lon="7.3548680">
    <ele>221.5</ele>
    <time>2024-04-21T13:28:13Z</time>
   </trkpt>
   <trkpt lat="48.3018640" lon="7.3548500">
    <ele>221.6</ele>
    <time>2024-04-21T13:28:14Z</time>
   </trkpt>
   <trkpt lat="48.3019230" lon="7.3548350">
    <ele>221.6</ele>
    <time>2024-04-21T13:28:15Z</time>
   </trkpt>
   <trkpt lat="48.3019810" lon="7.3548170">
    <ele>221.7</ele>
    <time>2024-04-21T13:28:16Z</time>
   </trkpt>
   <trkpt lat="48.3020380" lon="7.3548000">
    <ele>221.7</ele>
    <time>2024-04-21T13:28:17Z</time>
   </trkpt>
   <trkpt lat="48.3020960" lon="7.3547840">
    <ele>221.8</ele>
    <time>2024-04-21T13:28:18Z</time>
   </trkpt>
   <trkpt lat="48.3021540" lon="7.3547650">
    <ele>221.8</ele>
    <time>2024-04-21T13:28:19Z</time>
   </trkpt>
   <trkpt lat="48.3022140" lon="7.3547500">
    <ele>221.8</ele>
    <time>2024-04-21T13:28:20Z</time>
   </trkpt>
   <trkpt lat="48.3022750" lon="7.3547340">
    <ele>221.8</ele>
    <time>2024-04-21T13:28:21Z</time>
   </trkpt>
   <trkpt lat="48.3023330" lon="7.3547140">
    <ele>221.8</ele>
    <time>2024-04-21T13:28:22Z</time>
   </trkpt>
   <trkpt lat="48.3023950" lon="7.3546970">
    <ele>221.8</ele>
    <time>2024-04-21T13:28:23Z</time>
   </trkpt>
   <trkpt lat="48.3024550" lon="7.3546800">
    <ele>221.8</ele>
    <time>2024-04-21T13:28:24Z</time>
   </trkpt>
   <trkpt lat="48.3025160" lon="7.3546630">
    <ele>221.8</ele>
    <time>2024-04-21T13:28:25Z</time>
   </trkpt>
   <trkpt lat="48.3025780" lon="7.3546480">
    <ele>221.9</ele>
    <time>2024-04-21T13:28:26Z</time>
   </trkpt>
   <trkpt lat="48.3026410" lon="7.3546310">
    <ele>221.9</ele>
    <time>2024-04-21T13:28:27Z</time>
   </trkpt>
   <trkpt lat="48.3027010" lon="7.3546140">
    <ele>221.9</ele>
    <time>2024-04-21T13:28:28Z</time>
   </trkpt>
   <trkpt lat="48.3027640" lon="7.3545960">
    <ele>221.9</ele>
    <time>2024-04-21T13:28:29Z</time>
   </trkpt>
   <trkpt lat="48.3028260" lon="7.3545780">
    <ele>221.9</ele>
    <time>2024-04-21T13:28:30Z</time>
   </trkpt>
   <trkpt lat="48.3028870" lon="7.3545620">
    <ele>221.9</ele>
    <time>2024-04-21T13:28:31Z</time>
   </trkpt>
   <trkpt lat="48.3029490" lon="7.3545450">
    <ele>221.9</ele>
    <time>2024-04-21T13:28:32Z</time>
   </trkpt>
   <trkpt lat="48.3030110" lon="7.3545280">
    <ele>221.9</ele>
    <time>2024-04-21T13:28:33Z</time>
   </trkpt>
   <trkpt lat="48.3030740" lon="7.3545080">
    <ele>222.0</ele>
    <time>2024-04-21T13:28:34Z</time>
   </trkpt>
   <trkpt lat="48.3031360" lon="7.3544880">
    <ele>222.0</ele>
    <time>2024-04-21T13:28:35Z</time>
   </trkpt>
   <trkpt lat="48.3031960" lon="7.3544690">
    <ele>222.1</ele>
    <time>2024-04-21T13:28:36Z</time>
   </trkpt>
   <trkpt lat="48.3032570" lon="7.3544490">
    <ele>222.2</ele>
    <time>2024-04-21T13:28:37Z</time>
   </trkpt>
   <trkpt lat="48.3033200" lon="7.3544310">
    <ele>222.2</ele>
    <time>2024-04-21T13:28:38Z</time>
   </trkpt>
   <trkpt lat="48.3033810" lon="7.3544150">
    <ele>222.3</ele>
    <time>2024-04-21T13:28:39Z</time>
   </trkpt>
   <trkpt lat="48.3034440" lon="7.3543990">
    <ele>222.3</ele>
    <time>2024-04-21T13:28:40Z</time>
   </trkpt>
   <trkpt lat="48.3035050" lon="7.3543840">
    <ele>222.4</ele>
    <time>2024-04-21T13:28:41Z</time>
   </trkpt>
   <trkpt lat="48.3035660" lon="7.3543650">
    <ele>222.4</ele>
    <time>2024-04-21T13:28:42Z</time>
   </trkpt>
   <trkpt lat="48.3036270" lon="7.3543490">
    <ele>222.5</ele>
    <time>2024-04-21T13:28:43Z</time>
   </trkpt>
   <trkpt lat="48.3036880" lon="7.3543310">
    <ele>222.5</ele>
    <time>2024-04-21T13:28:44Z</time>
   </trkpt>
   <trkpt lat="48.3037470" lon="7.3543130">
    <ele>222.5</ele>
    <time>2024-04-21T13:28:45Z</time>
   </trkpt>
   <trkpt lat="48.3038080" lon="7.3542960">
    <ele>222.5</ele>
    <time>2024-04-21T13:28:46Z</time>
   </trkpt>
   <trkpt lat="48.3038700" lon="7.3542810">
    <ele>222.6</ele>
    <time>2024-04-21T13:28:47Z</time>
   </trkpt>
   <trkpt lat="48.3039310" lon="7.3542640">
    <ele>222.6</ele>
    <time>2024-04-21T13:28:48Z</time>
   </trkpt>
   <trkpt lat="48.3039910" lon="7.3542470">
    <ele>222.6</ele>
    <time>2024-04-21T13:28:49Z</time>
   </trkpt>
   <trkpt lat="48.3040520" lon="7.3542300">
    <ele>222.7</ele>
    <time>2024-04-21T13:28:50Z</time>
   </trkpt>
   <trkpt lat="48.3041140" lon="7.3542150">
    <ele>222.7</ele>
    <time>2024-04-21T13:28:51Z</time>
   </trkpt>
   <trkpt lat="48.3041760" lon="7.3542020">
    <ele>222.7</ele>
    <time>2024-04-21T13:28:52Z</time>
   </trkpt>
   <trkpt lat="48.3042400" lon="7.3541940">
    <ele>222.8</ele>
    <time>2024-04-21T13:28:53Z</time>
   </trkpt>
   <trkpt lat="48.3043030" lon="7.3541850">
    <ele>222.8</ele>
    <time>2024-04-21T13:28:54Z</time>
   </trkpt>
   <trkpt lat="48.3043670" lon="7.3541790">
    <ele>222.8</ele>
    <time>2024-04-21T13:28:55Z</time>
   </trkpt>
   <trkpt lat="48.3044320" lon="7.3541720">
    <ele>222.8</ele>
    <time>2024-04-21T13:28:56Z</time>
   </trkpt>
   <trkpt lat="48.3044980" lon="7.3541710">
    <ele>222.9</ele>
    <time>2024-04-21T13:28:57Z</time>
   </trkpt>
   <trkpt lat="48.3045650" lon="7.3541720">
    <ele>222.9</ele>
    <time>2024-04-21T13:28:58Z</time>
   </trkpt>
   <trkpt lat="48.3046280" lon="7.3541750">
    <ele>223.0</ele>
    <time>2024-04-21T13:28:59Z</time>
   </trkpt>
   <trkpt lat="48.3046950" lon="7.3541760">
    <ele>223.0</ele>
    <time>2024-04-21T13:29:00Z</time>
   </trkpt>
   <trkpt lat="48.3047580" lon="7.3541800">
    <ele>223.1</ele>
    <time>2024-04-21T13:29:01Z</time>
   </trkpt>
   <trkpt lat="48.3048210" lon="7.3541840">
    <ele>223.2</ele>
    <time>2024-04-21T13:29:02Z</time>
   </trkpt>
   <trkpt lat="48.3048850" lon="7.3541940">
    <ele>223.2</ele>
    <time>2024-04-21T13:29:03Z</time>
   </trkpt>
   <trkpt lat="48.3049510" lon="7.3542060">
    <ele>223.3</ele>
    <time>2024-04-21T13:29:04Z</time>
   </trkpt>
   <trkpt lat="48.3050140" lon="7.3542230">
    <ele>223.3</ele>
    <time>2024-04-21T13:29:05Z</time>
   </trkpt>
   <trkpt lat="48.3050790" lon="7.3542350">
    <ele>223.4</ele>
    <time>2024-04-21T13:29:06Z</time>
   </trkpt>
   <trkpt lat="48.3051420" lon="7.3542470">
    <ele>223.4</ele>
    <time>2024-04-21T13:29:07Z</time>
   </trkpt>
   <trkpt lat="48.3052040" lon="7.3542620">
    <ele>223.5</ele>
    <time>2024-04-21T13:29:08Z</time>
   </trkpt>
   <trkpt lat="48.3052680" lon="7.3542740">
    <ele>223.6</ele>
    <time>2024-04-21T13:29:09Z</time>
   </trkpt>
   <trkpt lat="48.3053290" lon="7.3542870">
    <ele>223.6</ele>
    <time>2024-04-21T13:29:10Z</time>
   </trkpt>
   <trkpt lat="48.3053880" lon="7.3542980">
    <ele>223.7</ele>
    <time>2024-04-21T13:29:11Z</time>
   </trkpt>
   <trkpt lat="48.3054520" lon="7.3543130">
    <ele>223.8</ele>
    <time>2024-04-21T13:29:12Z</time>
   </trkpt>
   <trkpt lat="48.3055160" lon="7.3543290">
    <ele>223.8</ele>
    <time>2024-04-21T13:29:13Z</time>
   </trkpt>
   <trkpt lat="48.3055790" lon="7.3543440">
    <ele>223.9</ele>
    <time>2024-04-21T13:29:14Z</time>
   </trkpt>
   <trkpt lat="48.3056380" lon="7.3543580">
    <ele>224.0</ele>
    <time>2024-04-21T13:29:15Z</time>
   </trkpt>
   <trkpt lat="48.3056990" lon="7.3543690">
    <ele>224.0</ele>
    <time>2024-04-21T13:29:16Z</time>
   </trkpt>
   <trkpt lat="48.3057610" lon="7.3543800">
    <ele>224.1</ele>
    <time>2024-04-21T13:29:17Z</time>
   </trkpt>
   <trkpt lat="48.3058240" lon="7.3543910">
    <ele>224.2</ele>
    <time>2024-04-21T13:29:18Z</time>
   </trkpt>
   <trkpt lat="48.3058840" lon="7.3544020">
    <ele>224.3</ele>
    <time>2024-04-21T13:29:19Z</time>
   </trkpt>
   <trkpt lat="48.3059480" lon="7.3544150">
    <ele>224.3</ele>
    <time>2024-04-21T13:29:20Z</time>
   </trkpt>
   <trkpt lat="48.3060120" lon="7.3544260">
    <ele>224.4</ele>
    <time>2024-04-21T13:29:21Z</time>
   </trkpt>
   <trkpt lat="48.3060760" lon="7.3544400">
    <ele>224.5</ele>
    <time>2024-04-21T13:29:22Z</time>
   </trkpt>
   <trkpt lat="48.3061390" lon="7.3544510">
    <ele>224.6</ele>
    <time>2024-04-21T13:29:23Z</time>
   </trkpt>
   <trkpt lat="48.3062010" lon="7.3544610">
    <ele>224.7</ele>
    <time>2024-04-21T13:29:24Z</time>
   </trkpt>
   <trkpt lat="48.3062620" lon="7.3544740">
    <ele>224.7</ele>
    <time>2024-04-21T13:29:25Z</time>
   </trkpt>
   <trkpt lat="48.3063240" lon="7.3544870">
    <ele>224.8</ele>
    <time>2024-04-21T13:29:26Z</time>
   </trkpt>
   <trkpt lat="48.3063870" lon="7.3544990">
    <ele>224.9</ele>
    <time>2024-04-21T13:29:27Z</time>
   </trkpt>
   <trkpt lat="48.3064500" lon="7.3545140">
    <ele>225.0</ele>
    <time>2024-04-21T13:29:28Z</time>
   </trkpt>
   <trkpt lat="48.3065100" lon="7.3545270">
    <ele>225.1</ele>
    <time>2024-04-21T13:29:29Z</time>
   </trkpt>
   <trkpt lat="48.3065700" lon="7.3545380">
    <ele>225.2</ele>
    <time>2024-04-21T13:29:30Z</time>
   </trkpt>
   <trkpt lat="48.3066310" lon="7.3545500">
    <ele>225.3</ele>
    <time>2024-04-21T13:29:31Z</time>
   </trkpt>
   <trkpt lat="48.3066890" lon="7.3545640">
    <ele>225.4</ele>
    <time>2024-04-21T13:29:32Z</time>
   </trkpt>
   <trkpt lat="48.3067510" lon="7.3545730">
    <ele>225.4</ele>
    <time>2024-04-21T13:29:33Z</time>
   </trkpt>
   <trkpt lat="48.3068100" lon="7.3545840">
    <ele>225.5</ele>
    <time>2024-04-21T13:29:34Z</time>
   </trkpt>
   <trkpt lat="48.3068700" lon="7.3545920">
    <ele>225.6</ele>
    <time>2024-04-21T13:29:35Z</time>
   </trkpt>
   <trkpt lat="48.3069280" lon="7.3546040">
    <ele>225.6</ele>
    <time>2024-04-21T13:29:36Z</time>
   </trkpt>
   <trkpt lat="48.3069850" lon="7.3546150">
    <ele>225.7</ele>
    <time>2024-04-21T13:29:37Z</time>
   </trkpt>
   <trkpt lat="48.3070410" lon="7.3546260">
    <ele>225.8</ele>
    <time>2024-04-21T13:29:38Z</time>
   </trkpt>
   <trkpt lat="48.3070980" lon="7.3546330">
    <ele>225.8</ele>
    <time>2024-04-21T13:29:39Z</time>
   </trkpt>
   <trkpt lat="48.3071520" lon="7.3546400">
    <ele>225.9</ele>
    <time>2024-04-21T13:29:40Z</time>
   </trkpt>
   <trkpt lat="48.3072070" lon="7.3546430">
    <ele>225.9</ele>
    <time>2024-04-21T13:29:41Z</time>
   </trkpt>
   <trkpt lat="48.3072630" lon="7.3546490">
    <ele>226.0</ele>
    <time>2024-04-21T13:29:42Z</time>
   </trkpt>
   <trkpt lat="48.3073190" lon="7.3546490">
    <ele>226.1</ele>
    <time>2024-04-21T13:29:43Z</time>
   </trkpt>
   <trkpt lat="48.3073760" lon="7.3546560">
    <ele>226.1</ele>
    <time>2024-04-21T13:29:44Z</time>
   </trkpt>
   <trkpt lat="48.3074320" lon="7.3546570">
    <ele>226.2</ele>
    <time>2024-04-21T13:29:45Z</time>
   </trkpt>
   <trkpt lat="48.3074880" lon="7.3546570">
    <ele>226.2</ele>
    <time>2024-04-21T13:29:46Z</time>
   </trkpt>
   <trkpt lat="48.3075440" lon="7.3546480">
    <ele>226.3</ele>
    <time>2024-04-21T13:29:47Z</time>
   </trkpt>
   <trkpt lat="48.3076000" lon="7.3546410">
    <ele>226.4</ele>
    <time>2024-04-21T13:29:48Z</time>
   </trkpt>
   <trkpt lat="48.3076570" lon="7.3546320">
    <ele>226.4</ele>
    <time>2024-04-21T13:29:49Z</time>
   </trkpt>
   <trkpt lat="48.3077100" lon="7.3546180">
    <ele>226.5</ele>
    <time>2024-04-21T13:29:50Z</time>
   </trkpt>
   <trkpt lat="48.3077640" lon="7.3546010">
    <ele>226.6</ele>
    <time>2024-04-21T13:29:51Z</time>
   </trkpt>
   <trkpt lat="48.3078180" lon="7.3545860">
    <ele>226.6</ele>
    <time>2024-04-21T13:29:52Z</time>
   </trkpt>
   <trkpt lat="48.3078710" lon="7.3545690">
    <ele>226.7</ele>
    <time>2024-04-21T13:29:53Z</time>
   </trkpt>
   <trkpt lat="48.3079240" lon="7.3545470">
    <ele>226.8</ele>
    <time>2024-04-21T13:29:54Z</time>
   </trkpt>
   <trkpt lat="48.3079760" lon="7.3545200">
    <ele>226.8</ele>
    <time>2024-04-21T13:29:55Z</time>
   </trkpt>
   <trkpt lat="48.3080270" lon="7.3544900">
    <ele>226.9</ele>
    <time>2024-04-21T13:29:56Z</time>
   </trkpt>
   <trkpt lat="48.3080780" lon="7.3544560">
    <ele>227.0</ele>
    <time>2024-04-21T13:29:57Z</time>
   </trkpt>
   <trkpt lat="48.3081300" lon="7.3544240">
    <ele>227.0</ele>
    <time>2024-04-21T13:29:58Z</time>
   </trkpt>
   <trkpt lat="48.3081820" lon="7.3543940">
    <ele>227.1</ele>
    <time>2024-04-21T13:29:59Z</time>
   </trkpt>
   <trkpt lat="48.3082350" lon="7.3543640">
    <ele>227.2</ele>
    <time>2024-04-21T13:30:00Z</time>
   </trkpt>
   <trkpt lat="48.3082870" lon="7.3543330">
    <ele>227.2</ele>
    <time>2024-04-21T13:30:01Z</time>
   </trkpt>
   <trkpt lat="48.3083370" lon="7.3542980">
    <ele>227.3</ele>
    <time>2024-04-21T13:30:02Z</time>
   </trkpt>
   <trkpt lat="48.3083870" lon="7.3542620">
    <ele>227.3</ele>
    <time>2024-04-21T13:30:03Z</time>
   </trkpt>
   <trkpt lat="48.3084370" lon="7.3542270">
    <ele>227.4</ele>
    <time>2024-04-21T13:30:04Z</time>
   </trkpt>
   <trkpt lat="48.3084870" lon="7.3541930">
    <ele>227.4</ele>
    <time>2024-04-21T13:30:05Z</time>
   </trkpt>
   <trkpt lat="48.3085380" lon="7.3541590">
    <ele>227.5</ele>
    <time>2024-04-21T13:30:06Z</time>
   </trkpt>
   <trkpt lat="48.3085870" lon="7.3541200">
    <ele>227.6</ele>
    <time>2024-04-21T13:30:07Z</time>
   </trkpt>
   <trkpt lat="48.3086370" lon="7.3540850">
    <ele>227.7</ele>
    <time>2024-04-21T13:30:08Z</time>
   </trkpt>
   <trkpt lat="48.3086880" lon="7.3540510">
    <ele>227.7</ele>
    <time>2024-04-21T13:30:09Z</time>
   </trkpt>
   <trkpt lat="48.3087390" lon="7.3540160">
    <ele>227.8</ele>
    <time>2024-04-21T13:30:10Z</time>
   </trkpt>
   <trkpt lat="48.3087890" lon="7.3539770">
    <ele>227.9</ele>
    <time>2024-04-21T13:30:11Z</time>
   </trkpt>
   <trkpt lat="48.3088390" lon="7.3539400">
    <ele>227.9</ele>
    <time>2024-04-21T13:30:12Z</time>
   </trkpt>
   <trkpt lat="48.3088890" lon="7.3539030">
    <ele>228.0</ele>
    <time>2024-04-21T13:30:13Z</time>
   </trkpt>
   <trkpt lat="48.3089380" lon="7.3538660">
    <ele>228.1</ele>
    <time>2024-04-21T13:30:14Z</time>
   </trkpt>
   <trkpt lat="48.3089890" lon="7.3538280">
    <ele>228.1</ele>
    <time>2024-04-21T13:30:15Z</time>
   </trkpt>
   <trkpt lat="48.3090400" lon="7.3537930">
    <ele>228.2</ele>
    <time>2024-04-21T13:30:16Z</time>
   </trkpt>
   <trkpt lat="48.3090900" lon="7.3537560">
    <ele>228.3</ele>
    <time>2024-04-21T13:30:17Z</time>
   </trkpt>
   <trkpt lat="48.3091400" lon="7.3537200">
    <ele>228.3</ele>
    <time>2024-04-21T13:30:18Z</time>
   </trkpt>
   <trkpt lat="48.3091910" lon="7.3536850">
    <ele>228.4</ele>
    <time>2024-04-21T13:30:19Z</time>
   </trkpt>
   <trkpt lat="48.3092400" lon="7.3536510">
    <ele>228.4</ele>
    <time>2024-04-21T13:30:20Z</time>
   </trkpt>
   <trkpt lat="48.3092900" lon="7.3536160">
    <ele>228.5</ele>
    <time>2024-04-21T13:30:21Z</time>
   </trkpt>
   <trkpt lat="48.3093390" lon="7.3535830">
    <ele>228.6</ele>
    <time>2024-04-21T13:30:22Z</time>
   </trkpt>
   <trkpt lat="48.3093870" lon="7.3535490">
    <ele>228.7</ele>
    <time>2024-04-21T13:30:23Z</time>
   </trkpt>
   <trkpt lat="48.3094340" lon="7.3535150">
    <ele>228.7</ele>
    <time>2024-04-21T13:30:24Z</time>
   </trkpt>
   <trkpt lat="48.3094830" lon="7.3534850">
    <ele>228.8</ele>
    <time>2024-04-21T13:30:25Z</time>
   </trkpt>
   <trkpt lat="48.3095320" lon="7.3534550">
    <ele>228.8</ele>
    <time>2024-04-21T13:30:26Z</time>
   </trkpt>
   <trkpt lat="48.3095800" lon="7.3534260">
    <ele>228.9</ele>
    <time>2024-04-21T13:30:27Z</time>
   </trkpt>
   <trkpt lat="48.3096290" lon="7.3533980">
    <ele>228.9</ele>
    <time>2024-04-21T13:30:28Z</time>
   </trkpt>
   <trkpt lat="48.3096790" lon="7.3533720">
    <ele>228.9</ele>
    <time>2024-04-21T13:30:29Z</time>
   </trkpt>
   <trkpt lat="48.3097270" lon="7.3533430">
    <ele>228.9</ele>
    <time>2024-04-21T13:30:30Z</time>
   </trkpt>
   <trkpt lat="48.3097760" lon="7.3533150">
    <ele>228.9</ele>
    <time>2024-04-21T13:30:31Z</time>
   </trkpt>
   <trkpt lat="48.3098240" lon="7.3532860">
    <ele>229.0</ele>
    <time>2024-04-21T13:30:32Z</time>
   </trkpt>
   <trkpt lat="48.3098760" lon="7.3532550">
    <ele>229.0</ele>
    <time>2024-04-21T13:30:33Z</time>
   </trkpt>
   <trkpt lat="48.3099260" lon="7.3532260">
    <ele>229.0</ele>
    <time>2024-04-21T13:30:34Z</time>
   </trkpt>
   <trkpt lat="48.3099750" lon="7.3531960">
    <ele>229.0</ele>
    <time>2024-04-21T13:30:35Z</time>
   </trkpt>
   <trkpt lat="48.3100270" lon="7.3531660">
    <ele>229.0</ele>
    <time>2024-04-21T13:30:36Z</time>
   </trkpt>
   <trkpt lat="48.3100770" lon="7.3531380">
    <ele>229.0</ele>
    <time>2024-04-21T13:30:37Z</time>
   </trkpt>
   <trkpt lat="48.3101290" lon="7.3531040">
    <ele>229.0</ele>
    <time>2024-04-21T13:30:38Z</time>
   </trkpt>
   <trkpt lat="48.3101790" lon="7.3530710">
    <ele>229.0</ele>
    <time>2024-04-21T13:30:39Z</time>
   </trkpt>
   <trkpt lat="48.3102300" lon="7.3530370">
    <ele>228.9</ele>
    <time>2024-04-21T13:30:40Z</time>
   </trkpt>
   <trkpt lat="48.3102820" lon="7.3529980">
    <ele>229.0</ele>
    <time>2024-04-21T13:30:41Z</time>
   </trkpt>
   <trkpt lat="48.3103340" lon="7.3529610">
    <ele>229.0</ele>
    <time>2024-04-21T13:30:42Z</time>
   </trkpt>
   <trkpt lat="48.3103850" lon="7.3529220">
    <ele>229.1</ele>
    <time>2024-04-21T13:30:43Z</time>
   </trkpt>
   <trkpt lat="48.3104370" lon="7.3528860">
    <ele>229.1</ele>
    <time>2024-04-21T13:30:44Z</time>
   </trkpt>
   <trkpt lat="48.3104900" lon="7.3528490">
    <ele>229.2</ele>
    <time>2024-04-21T13:30:45Z</time>
   </trkpt>
   <trkpt lat="48.3105440" lon="7.3528130">
    <ele>229.2</ele>
    <time>2024-04-21T13:30:46Z</time>
   </trkpt>
   <trkpt lat="48.3105960" lon="7.3527700">
    <ele>229.3</ele>
    <time>2024-04-21T13:30:47Z</time>
   </trkpt>
   <trkpt lat="48.3106480" lon="7.3527250">
    <ele>229.3</ele>
    <time>2024-04-21T13:30:48Z</time>
   </trkpt>
   <trkpt lat="48.3107000" lon="7.3526840">
    <ele>229.4</ele>
    <time>2024-04-21T13:30:49Z</time>
   </trkpt>
   <trkpt lat="48.3107520" lon="7.3526390">
    <ele>229.4</ele>
    <time>2024-04-21T13:30:50Z</time>
   </trkpt>
   <trkpt lat="48.3108050" lon="7.3525950">
    <ele>229.4</ele>
    <time>2024-04-21T13:30:51Z</time>
   </trkpt>
   <trkpt lat="48.3108570" lon="7.3525510">
    <ele>229.5</ele>
    <time>2024-04-21T13:30:52Z</time>
   </trkpt>
   <trkpt lat="48.3109070" lon="7.3525060">
    <ele>229.5</ele>
    <time>2024-04-21T13:30:53Z</time>
   </trkpt>
   <trkpt lat="48.3109620" lon="7.3524660">
    <ele>229.5</ele>
    <time>2024-04-21T13:30:54Z</time>
   </trkpt>
   <trkpt lat="48.3110170" lon="7.3524220">
    <ele>229.6</ele>
    <time>2024-04-21T13:30:55Z</time>
   </trkpt>
   <trkpt lat="48.3110720" lon="7.3523780">
    <ele>229.6</ele>
    <time>2024-04-21T13:30:56Z</time>
   </trkpt>
   <trkpt lat="48.3111260" lon="7.3523360">
    <ele>229.6</ele>
    <time>2024-04-21T13:30:57Z</time>
   </trkpt>
   <trkpt lat="48.3111810" lon="7.3522910">
    <ele>229.6</ele>
    <time>2024-04-21T13:30:58Z</time>
   </trkpt>
   <trkpt lat="48.3112360" lon="7.3522470">
    <ele>229.6</ele>
    <time>2024-04-21T13:30:59Z</time>
   </trkpt>
   <trkpt lat="48.3112900" lon="7.3522040">
    <ele>229.6</ele>
    <time>2024-04-21T13:31:00Z</time>
   </trkpt>
   <trkpt lat="48.3113430" lon="7.3521620">
    <ele>229.6</ele>
    <time>2024-04-21T13:31:01Z</time>
   </trkpt>
   <trkpt lat="48.3113990" lon="7.3521240">
    <ele>229.6</ele>
    <time>2024-04-21T13:31:02Z</time>
   </trkpt>
   <trkpt lat="48.3114550" lon="7.3520840">
    <ele>229.6</ele>
    <time>2024-04-21T13:31:03Z</time>
   </trkpt>
   <trkpt lat="48.3115120" lon="7.3520460">
    <ele>229.6</ele>
    <time>2024-04-21T13:31:04Z</time>
   </trkpt>
   <trkpt lat="48.3115650" lon="7.3520070">
    <ele>229.7</ele>
    <time>2024-04-21T13:31:05Z</time>
   </trkpt>
   <trkpt lat="48.3116200" lon="7.3519700">
    <ele>229.7</ele>
    <time>2024-04-21T13:31:06Z</time>
   </trkpt>
   <trkpt lat="48.3116740" lon="7.3519290">
    <ele>229.7</ele>
    <time>2024-04-21T13:31:07Z</time>
   </trkpt>
   <trkpt lat="48.3117290" lon="7.3518890">
    <ele>229.7</ele>
    <time>2024-04-21T13:31:08Z</time>
   </trkpt>
   <trkpt lat="48.3117860" lon="7.3518480">
    <ele>229.8</ele>
    <time>2024-04-21T13:31:09Z</time>
   </trkpt>
   <trkpt lat="48.3118420" lon="7.3518090">
    <ele>229.8</ele>
    <time>2024-04-21T13:31:10Z</time>
   </trkpt>
   <trkpt lat="48.3119010" lon="7.3517670">
    <ele>229.8</ele>
    <time>2024-04-21T13:31:11Z</time>
   </trkpt>
   <trkpt lat="48.3119630" lon="7.3517240">
    <ele>229.8</ele>
    <time>2024-04-21T13:31:12Z</time>
   </trkpt>
   <trkpt lat="48.3120230" lon="7.3516800">
    <ele>229.8</ele>
    <time>2024-04-21T13:31:13Z</time>
   </trkpt>
   <trkpt lat="48.3120830" lon="7.3516370">
    <ele>229.8</ele>
    <time>2024-04-21T13:31:14Z</time>
   </trkpt>
   <trkpt lat="48.3121430" lon="7.3515960">
    <ele>229.8</ele>
    <time>2024-04-21T13:31:15Z</time>
   </trkpt>
   <trkpt lat="48.3122040" lon="7.3515570">
    <ele>229.8</ele>
    <time>2024-04-21T13:31:16Z</time>
   </trkpt>
   <trkpt lat="48.3122630" lon="7.3515160">
    <ele>229.8</ele>
    <time>2024-04-21T13:31:17Z</time>
   </trkpt>
   <trkpt lat="48.3123210" lon="7.3514750">
    <ele>229.8</ele>
    <time>2024-04-21T13:31:18Z</time>
   </trkpt>
   <trkpt lat="48.3123800" lon="7.3514330">
    <ele>229.8</ele>
    <time>2024-04-21T13:31:19Z</time>
   </trkpt>
   <trkpt lat="48.3124390" lon="7.3513880">
    <ele>229.8</ele>
    <time>2024-04-21T13:31:20Z</time>
   </trkpt>
   <trkpt lat="48.3124980" lon="7.3513420">
    <ele>229.8</ele>
    <time>2024-04-21T13:31:21Z</time>
   </trkpt>
   <trkpt lat="48.3125550" lon="7.3513010">
    <ele>229.8</ele>
    <time>2024-04-21T13:31:22Z</time>
   </trkpt>
   <trkpt lat="48.3126130" lon="7.3512570">
    <ele>229.8</ele>
    <time>2024-04-21T13:31:23Z</time>
   </trkpt>
   <trkpt lat="48.3126730" lon="7.3512120">
    <ele>229.9</ele>
    <time>2024-04-21T13:31:24Z</time>
   </trkpt>
   <trkpt lat="48.3127350" lon="7.3511690">
    <ele>229.9</ele>
    <time>2024-04-21T13:31:25Z</time>
   </trkpt>
   <trkpt lat="48.3127980" lon="7.3511310">
    <ele>229.9</ele>
    <time>2024-04-21T13:31:26Z</time>
   </trkpt>
   <trkpt lat="48.3128580" lon="7.3510860">
    <ele>229.9</ele>
    <time>2024-04-21T13:31:27Z</time>
   </trkpt>
   <trkpt lat="48.3129200" lon="7.3510410">
    <ele>229.9</ele>
    <time>2024-04-21T13:31:28Z</time>
   </trkpt>
   <trkpt lat="48.3129780" lon="7.3509980">
    <ele>229.9</ele>
    <time>2024-04-21T13:31:29Z</time>
   </trkpt>
   <trkpt lat="48.3130400" lon="7.3509550">
    <ele>230.0</ele>
    <time>2024-04-21T13:31:30Z</time>
   </trkpt>
   <trkpt lat="48.3131010" lon="7.3509100">
    <ele>230.0</ele>
    <time>2024-04-21T13:31:31Z</time>
   </trkpt>
   <trkpt lat="48.3131600" lon="7.3508640">
    <ele>230.0</ele>
    <time>2024-04-21T13:31:32Z</time>
   </trkpt>
   <trkpt lat="48.3132210" lon="7.3508210">
    <ele>230.0</ele>
    <time>2024-04-21T13:31:33Z</time>
   </trkpt>
   <trkpt lat="48.3132790" lon="7.3507780">
    <ele>230.0</ele>
    <time>2024-04-21T13:31:34Z</time>
   </trkpt>
   <trkpt lat="48.3133330" lon="7.3507320">
    <ele>230.0</ele>
    <time>2024-04-21T13:31:35Z</time>
   </trkpt>
   <trkpt lat="48.3133860" lon="7.3506920">
    <ele>230.0</ele>
    <time>2024-04-21T13:31:36Z</time>
   </trkpt>
   <trkpt lat="48.3134370" lon="7.3506520">
    <ele>230.0</ele>
    <time>2024-04-21T13:31:37Z</time>
   </trkpt>
   <trkpt lat="48.3134870" lon="7.3506100">
    <ele>230.1</ele>
    <time>2024-04-21T13:31:38Z</time>
   </trkpt>
   <trkpt lat="48.3135380" lon="7.3505780">
    <ele>230.1</ele>
    <time>2024-04-21T13:31:39Z</time>
   </trkpt>
   <trkpt lat="48.3135890" lon="7.3505440">
    <ele>230.1</ele>
    <time>2024-04-21T13:31:40Z</time>
   </trkpt>
   <trkpt lat="48.3136370" lon="7.3505070">
    <ele>230.0</ele>
    <time>2024-04-21T13:31:41Z</time>
   </trkpt>
   <trkpt lat="48.3136890" lon="7.3504730">
    <ele>230.0</ele>
    <time>2024-04-21T13:31:42Z</time>
   </trkpt>
   <trkpt lat="48.3137430" lon="7.3504330">
    <ele>230.0</ele>
    <time>2024-04-21T13:31:43Z</time>
   </trkpt>
   <trkpt lat="48.3138030" lon="7.3504010">
    <ele>230.0</ele>
    <time>2024-04-21T13:31:44Z</time>
   </trkpt>
   <trkpt lat="48.3138620" lon="7.3503620">
    <ele>230.0</ele>
    <time>2024-04-21T13:31:45Z</time>
   </trkpt>
   <trkpt lat="48.3139220" lon="7.3503180">
    <ele>230.0</ele>
    <time>2024-04-21T13:31:46Z</time>
   </trkpt>
   <trkpt lat="48.3139820" lon="7.3502810">
    <ele>230.0</ele>
    <time>2024-04-21T13:31:47Z</time>
   </trkpt>
   <trkpt lat="48.3140420" lon="7.3502400">
    <ele>230.0</ele>
    <time>2024-04-21T13:31:48Z</time>
   </trkpt>
   <trkpt lat="48.3141010" lon="7.3501950">
    <ele>230.0</ele>
    <time>2024-04-21T13:31:49Z</time>
   </trkpt>
   <trkpt lat="48.3141620" lon="7.3501500">
    <ele>230.1</ele>
    <time>2024-04-21T13:31:50Z</time>
   </trkpt>
   <trkpt lat="48.3142200" lon="7.3501060">
    <ele>230.1</ele>
    <time>2024-04-21T13:31:51Z</time>
   </trkpt>
   <trkpt lat="48.3142790" lon="7.3500610">
    <ele>230.1</ele>
    <time>2024-04-21T13:31:52Z</time>
   </trkpt>
   <trkpt lat="48.3143390" lon="7.3500200">
    <ele>230.1</ele>
    <time>2024-04-21T13:31:53Z</time>
   </trkpt>
   <trkpt lat="48.3144000" lon="7.3499770">
    <ele>230.2</ele>
    <time>2024-04-21T13:31:54Z</time>
   </trkpt>
   <trkpt lat="48.3144630" lon="7.3499350">
    <ele>230.2</ele>
    <time>2024-04-21T13:31:55Z</time>
   </trkpt>
   <trkpt lat="48.3145230" lon="7.3498960">
    <ele>230.2</ele>
    <time>2024-04-21T13:31:56Z</time>
   </trkpt>
   <trkpt lat="48.3145840" lon="7.3498560">
    <ele>230.2</ele>
    <time>2024-04-21T13:31:57Z</time>
   </trkpt>
   <trkpt lat="48.3146470" lon="7.3498170">
    <ele>230.2</ele>
    <time>2024-04-21T13:31:58Z</time>
   </trkpt>
   <trkpt lat="48.3147100" lon="7.3497790">
    <ele>230.2</ele>
    <time>2024-04-21T13:31:59Z</time>
   </trkpt>
   <trkpt lat="48.3147720" lon="7.3497410">
    <ele>230.2</ele>
    <time>2024-04-21T13:32:00Z</time>
   </trkpt>
   <trkpt lat="48.3148330" lon="7.3497010">
    <ele>230.2</ele>
    <time>2024-04-21T13:32:01Z</time>
   </trkpt>
   <trkpt lat="48.3148950" lon="7.3496620">
    <ele>230.2</ele>
    <time>2024-04-21T13:32:02Z</time>
   </trkpt>
   <trkpt lat="48.3149570" lon="7.3496220">
    <ele>230.3</ele>
    <time>2024-04-21T13:32:03Z</time>
   </trkpt>
   <trkpt lat="48.3150210" lon="7.3495800">
    <ele>230.3</ele>
    <time>2024-04-21T13:32:04Z</time>
   </trkpt>
   <trkpt lat="48.3150820" lon="7.3495420">
    <ele>230.3</ele>
    <time>2024-04-21T13:32:05Z</time>
   </trkpt>
   <trkpt lat="48.3151450" lon="7.3495010">
    <ele>230.3</ele>
    <time>2024-04-21T13:32:06Z</time>
   </trkpt>
   <trkpt lat="48.3152060" lon="7.3494590">
    <ele>230.4</ele>
    <time>2024-04-21T13:32:07Z</time>
   </trkpt>
   <trkpt lat="48.3152680" lon="7.3494170">
    <ele>230.4</ele>
    <time>2024-04-21T13:32:08Z</time>
   </trkpt>
   <trkpt lat="48.3153290" lon="7.3493700">
    <ele>230.4</ele>
    <time>2024-04-21T13:32:09Z</time>
   </trkpt>
   <trkpt lat="48.3153910" lon="7.3493250">
    <ele>230.4</ele>
    <time>2024-04-21T13:32:10Z</time>
   </trkpt>
   <trkpt lat="48.3154540" lon="7.3492760">
    <ele>230.4</ele>
    <time>2024-04-21T13:32:11Z</time>
   </trkpt>
   <trkpt lat="48.3155160" lon="7.3492250">
    <ele>230.4</ele>
    <time>2024-04-21T13:32:12Z</time>
   </trkpt>
   <trkpt lat="48.3155790" lon="7.3491760">
    <ele>230.4</ele>
    <time>2024-04-21T13:32:13Z</time>
   </trkpt>
   <trkpt lat="48.3156430" lon="7.3491270">
    <ele>230.4</ele>
    <time>2024-04-21T13:32:14Z</time>
   </trkpt>
   <trkpt lat="48.3157070" lon="7.3490810">
    <ele>230.4</ele>
    <time>2024-04-21T13:32:15Z</time>
   </trkpt>
   <trkpt lat="48.3157690" lon="7.3490340">
    <ele>230.4</ele>
    <time>2024-04-21T13:32:16Z</time>
   </trkpt>
   <trkpt lat="48.3158350" lon="7.3489900">
    <ele>230.4</ele>
    <time>2024-04-21T13:32:17Z</time>
   </trkpt>
   <trkpt lat="48.3159000" lon="7.3489470">
    <ele>230.4</ele>
    <time>2024-04-21T13:32:18Z</time>
   </trkpt>
   <trkpt lat="48.3159650" lon="7.3489060">
    <ele>230.3</ele>
    <time>2024-04-21T13:32:19Z</time>
   </trkpt>
   <trkpt lat="48.3160310" lon="7.3488660">
    <ele>230.3</ele>
    <time>2024-04-21T13:32:20Z</time>
   </trkpt>
   <trkpt lat="48.3160970" lon="7.3488290">
    <ele>230.3</ele>
    <time>2024-04-21T13:32:21Z</time>
   </trkpt>
   <trkpt lat="48.3161650" lon="7.3488020">
    <ele>230.4</ele>
    <time>2024-04-21T13:32:22Z</time>
   </trkpt>
   <trkpt lat="48.3162340" lon="7.3487790">
    <ele>230.4</ele>
    <time>2024-04-21T13:32:23Z</time>
   </trkpt>
   <trkpt lat="48.3163040" lon="7.3487620">
    <ele>230.4</ele>
    <time>2024-04-21T13:32:24Z</time>
   </trkpt>
   <trkpt lat="48.3163700" lon="7.3487420">
    <ele>230.4</ele>
    <time>2024-04-21T13:32:25Z</time>
   </trkpt>
   <trkpt lat="48.3164390" lon="7.3487300">
    <ele>230.5</ele>
    <time>2024-04-21T13:32:26Z</time>
   </trkpt>
   <trkpt lat="48.3165020" lon="7.3487240">
    <ele>230.5</ele>
    <time>2024-04-21T13:32:27Z</time>
   </trkpt>
   <trkpt lat="48.3165680" lon="7.3487270">
    <ele>230.5</ele>
    <time>2024-04-21T13:32:28Z</time>
   </trkpt>
   <trkpt lat="48.3166380" lon="7.3487290">
    <ele>230.5</ele>
    <time>2024-04-21T13:32:29Z</time>
   </trkpt>
   <trkpt lat="48.3167080" lon="7.3487340">
    <ele>230.5</ele>
    <time>2024-04-21T13:32:30Z</time>
   </trkpt>
   <trkpt lat="48.3167760" lon="7.3487470">
    <ele>230.6</ele>
    <time>2024-04-21T13:32:31Z</time>
   </trkpt>
   <trkpt lat="48.3168410" lon="7.3487600">
    <ele>230.6</ele>
    <time>2024-04-21T13:32:32Z</time>
   </trkpt>
   <trkpt lat="48.3169060" lon="7.3487700">
    <ele>230.6</ele>
    <time>2024-04-21T13:32:33Z</time>
   </trkpt>
   <trkpt lat="48.3169670" lon="7.3487850">
    <ele>230.6</ele>
    <time>2024-04-21T13:32:34Z</time>
   </trkpt>
   <trkpt lat="48.3170280" lon="7.3488020">
    <ele>230.6</ele>
    <time>2024-04-21T13:32:35Z</time>
   </trkpt>
   <trkpt lat="48.3170900" lon="7.3488150">
    <ele>230.7</ele>
    <time>2024-04-21T13:32:36Z</time>
   </trkpt>
   <trkpt lat="48.3171560" lon="7.3488280">
    <ele>230.7</ele>
    <time>2024-04-21T13:32:37Z</time>
   </trkpt>
   <trkpt lat="48.3172190" lon="7.3488370">
    <ele>230.7</ele>
    <time>2024-04-21T13:32:38Z</time>
   </trkpt>
   <trkpt lat="48.3172830" lon="7.3488470">
    <ele>230.8</ele>
    <time>2024-04-21T13:32:39Z</time>
   </trkpt>
   <trkpt lat="48.3173470" lon="7.3488620">
    <ele>230.8</ele>
    <time>2024-04-21T13:32:40Z</time>
   </trkpt>
   <trkpt lat="48.3174110" lon="7.3488740">
    <ele>230.8</ele>
    <time>2024-04-21T13:32:41Z</time>
   </trkpt>
   <trkpt lat="48.3174750" lon="7.3488860">
    <ele>230.8</ele>
    <time>2024-04-21T13:32:42Z</time>
   </trkpt>
   <trkpt lat="48.3175410" lon="7.3489020">
    <ele>230.9</ele>
    <time>2024-04-21T13:32:43Z</time>
   </trkpt>
   <trkpt lat="48.3176050" lon="7.3489150">
    <ele>230.9</ele>
    <time>2024-04-21T13:32:44Z</time>
   </trkpt>
   <trkpt lat="48.3176690" lon="7.3489330">
    <ele>231.0</ele>
    <time>2024-04-21T13:32:45Z</time>
   </trkpt>
   <trkpt lat="48.3177330" lon="7.3489440">
    <ele>231.0</ele>
    <time>2024-04-21T13:32:46Z</time>
   </trkpt>
   <trkpt lat="48.3177960" lon="7.3489560">
    <ele>231.1</ele>
    <time>2024-04-21T13:32:47Z</time>
   </trkpt>
   <trkpt lat="48.3178610" lon="7.3489680">
    <ele>231.1</ele>
    <time>2024-04-21T13:32:48Z</time>
   </trkpt>
   <trkpt lat="48.3179250" lon="7.3489810">
    <ele>231.2</ele>
    <time>2024-04-21T13:32:49Z</time>
   </trkpt>
   <trkpt lat="48.3179870" lon="7.3489960">
    <ele>231.3</ele>
    <time>2024-04-21T13:32:50Z</time>
   </trkpt>
   <trkpt lat="48.3180490" lon="7.3490070">
    <ele>231.3</ele>
    <time>2024-04-21T13:32:51Z</time>
   </trkpt>
   <trkpt lat="48.3181120" lon="7.3490170">
    <ele>231.4</ele>
    <time>2024-04-21T13:32:52Z</time>
   </trkpt>
   <trkpt lat="48.3181730" lon="7.3490330">
    <ele>231.5</ele>
    <time>2024-04-21T13:32:53Z</time>
   </trkpt>
   <trkpt lat="48.3182360" lon="7.3490460">
    <ele>231.5</ele>
    <time>2024-04-21T13:32:54Z</time>
   </trkpt>
   <trkpt lat="48.3182990" lon="7.3490550">
    <ele>231.6</ele>
    <time>2024-04-21T13:32:55Z</time>
   </trkpt>
   <trkpt lat="48.3183610" lon="7.3490640">
    <ele>231.7</ele>
    <time>2024-04-21T13:32:56Z</time>
   </trkpt>
   <trkpt lat="48.3184190" lon="7.3490760">
    <ele>231.7</ele>
    <time>2024-04-21T13:32:57Z</time>
   </trkpt>
   <trkpt lat="48.3184790" lon="7.3490910">
    <ele>231.7</ele>
    <time>2024-04-21T13:32:58Z</time>
   </trkpt>
   <trkpt lat="48.3185360" lon="7.3491000">
    <ele>231.8</ele>
    <time>2024-04-21T13:32:59Z</time>
   </trkpt>
   <trkpt lat="48.3185940" lon="7.3491030">
    <ele>231.8</ele>
    <time>2024-04-21T13:33:00Z</time>
   </trkpt>
   <trkpt lat="48.3186530" lon="7.3491090">
    <ele>231.8</ele>
    <time>2024-04-21T13:33:01Z</time>
   </trkpt>
   <trkpt lat="48.3187100" lon="7.3491170">
    <ele>231.8</ele>
    <time>2024-04-21T13:33:02Z</time>
   </trkpt>
   <trkpt lat="48.3187660" lon="7.3491290">
    <ele>231.8</ele>
    <time>2024-04-21T13:33:03Z</time>
   </trkpt>
   <trkpt lat="48.3188230" lon="7.3491430">
    <ele>231.9</ele>
    <time>2024-04-21T13:33:04Z</time>
   </trkpt>
   <trkpt lat="48.3188800" lon="7.3491490">
    <ele>231.9</ele>
    <time>2024-04-21T13:33:05Z</time>
   </trkpt>
   <trkpt lat="48.3189360" lon="7.3491480">
    <ele>232.0</ele>
    <time>2024-04-21T13:33:06Z</time>
   </trkpt>
   <trkpt lat="48.3189930" lon="7.3491440">
    <ele>232.1</ele>
    <time>2024-04-21T13:33:07Z</time>
   </trkpt>
   <trkpt lat="48.3190490" lon="7.3491310">
    <ele>232.2</ele>
    <time>2024-04-21T13:33:08Z</time>
   </trkpt>
   <trkpt lat="48.3191040" lon="7.3491220">
    <ele>232.2</ele>
    <time>2024-04-21T13:33:09Z</time>
   </trkpt>
   <trkpt lat="48.3191580" lon="7.3491340">
    <ele>232.3</ele>
    <time>2024-04-21T13:33:10Z</time>
   </trkpt>
   <trkpt lat="48.3192070" lon="7.3491700">
    <ele>232.3</ele>
    <time>2024-04-21T13:33:11Z</time>
   </trkpt>
   <trkpt lat="48.3192550" lon="7.3492080">
    <ele>232.4</ele>
    <time>2024-04-21T13:33:12Z</time>
   </trkpt>
   <trkpt lat="48.3193070" lon="7.3492300">
    <ele>232.4</ele>
    <time>2024-04-21T13:33:13Z</time>
   </trkpt>
   <trkpt lat="48.3193620" lon="7.3492290">
    <ele>232.4</ele>
    <time>2024-04-21T13:33:14Z</time>
   </trkpt>
   <trkpt lat="48.3194150" lon="7.3492050">
    <ele>232.5</ele>
    <time>2024-04-21T13:33:15Z</time>
   </trkpt>
   <trkpt lat="48.3194590" lon="7.3491540">
    <ele>232.5</ele>
    <time>2024-04-21T13:33:16Z</time>
   </trkpt>
   <trkpt lat="48.3194910" lon="7.3490850">
    <ele>232.5</ele>
    <time>2024-04-21T13:33:17Z</time>
   </trkpt>
   <trkpt lat="48.3195170" lon="7.3490110">
    <ele>232.6</ele>
    <time>2024-04-21T13:33:18Z</time>
   </trkpt>
   <trkpt lat="48.3195320" lon="7.3489280">
    <ele>232.6</ele>
    <time>2024-04-21T13:33:19Z</time>
   </trkpt>
   <trkpt lat="48.3195460" lon="7.3488440">
    <ele>232.7</ele>
    <time>2024-04-21T13:33:20Z</time>
   </trkpt>
   <trkpt lat="48.3195710" lon="7.3487670">
    <ele>232.8</ele>
    <time>2024-04-21T13:33:21Z</time>
   </trkpt>
   <trkpt lat="48.3196010" lon="7.3486940">
    <ele>232.9</ele>
    <time>2024-04-21T13:33:22Z</time>
   </trkpt>
   <trkpt lat="48.3196300" lon="7.3486190">
    <ele>232.9</ele>
    <time>2024-04-21T13:33:23Z</time>
   </trkpt>
   <trkpt lat="48.3196600" lon="7.3485470">
    <ele>233.0</ele>
    <time>2024-04-21T13:33:24Z</time>
   </trkpt>
   <trkpt lat="48.3196910" lon="7.3484760">
    <ele>233.1</ele>
    <time>2024-04-21T13:33:25Z</time>
   </trkpt>
   <trkpt lat="48.3197270" lon="7.3484070">
    <ele>233.2</ele>
    <time>2024-04-21T13:33:26Z</time>
   </trkpt>
   <trkpt lat="48.3197640" lon="7.3483430">
    <ele>233.3</ele>
    <time>2024-04-21T13:33:27Z</time>
   </trkpt>
   <trkpt lat="48.3198090" lon="7.3482860">
    <ele>233.3</ele>
    <time>2024-04-21T13:33:28Z</time>
   </trkpt>
   <trkpt lat="48.3198520" lon="7.3482270">
    <ele>233.4</ele>
    <time>2024-04-21T13:33:29Z</time>
   </trkpt>
   <trkpt lat="48.3198960" lon="7.3481710">
    <ele>233.4</ele>
    <time>2024-04-21T13:33:30Z</time>
   </trkpt>
   <trkpt lat="48.3199380" lon="7.3481140">
    <ele>233.4</ele>
    <time>2024-04-21T13:33:31Z</time>
   </trkpt>
   <trkpt lat="48.3199800" lon="7.3480570">
    <ele>233.5</ele>
    <time>2024-04-21T13:33:32Z</time>
   </trkpt>
   <trkpt lat="48.3200250" lon="7.3480010">
    <ele>233.5</ele>
    <time>2024-04-21T13:33:33Z</time>
   </trkpt>
   <trkpt lat="48.3200700" lon="7.3479440">
    <ele>233.6</ele>
    <time>2024-04-21T13:33:34Z</time>
   </trkpt>
   <trkpt lat="48.3201140" lon="7.3478860">
    <ele>233.6</ele>
    <time>2024-04-21T13:33:35Z</time>
   </trkpt>
   <trkpt lat="48.3201580" lon="7.3478280">
    <ele>233.6</ele>
    <time>2024-04-21T13:33:36Z</time>
   </trkpt>
   <trkpt lat="48.3202020" lon="7.3477720">
    <ele>233.6</ele>
    <time>2024-04-21T13:33:37Z</time>
   </trkpt>
   <trkpt lat="48.3202470" lon="7.3477190">
    <ele>233.7</ele>
    <time>2024-04-21T13:33:38Z</time>
   </trkpt>
   <trkpt lat="48.3202930" lon="7.3476630">
    <ele>233.7</ele>
    <time>2024-04-21T13:33:39Z</time>
   </trkpt>
   <trkpt lat="48.3203380" lon="7.3476070">
    <ele>233.7</ele>
    <time>2024-04-21T13:33:40Z</time>
   </trkpt>
   <trkpt lat="48.3203840" lon="7.3475490">
    <ele>233.7</ele>
    <time>2024-04-21T13:33:41Z</time>
   </trkpt>
   <trkpt lat="48.3204280" lon="7.3474900">
    <ele>233.8</ele>
    <time>2024-04-21T13:33:42Z</time>
   </trkpt>
   <trkpt lat="48.3204760" lon="7.3474320">
    <ele>233.8</ele>
    <time>2024-04-21T13:33:43Z</time>
   </trkpt>
   <trkpt lat="48.3205210" lon="7.3473690">
    <ele>233.8</ele>
    <time>2024-04-21T13:33:44Z</time>
   </trkpt>
   <trkpt lat="48.3205660" lon="7.3473070">
    <ele>233.8</ele>
    <time>2024-04-21T13:33:45Z</time>
   </trkpt>
   <trkpt lat="48.3206150" lon="7.3472490">
    <ele>233.9</ele>
    <time>2024-04-21T13:33:46Z</time>
   </trkpt>
   <trkpt lat="48.3206610" lon="7.3471910">
    <ele>233.9</ele>
    <time>2024-04-21T13:33:47Z</time>
   </trkpt>
   <trkpt lat="48.3207070" lon="7.3471300">
    <ele>233.9</ele>
    <time>2024-04-21T13:33:48Z</time>
   </trkpt>
   <trkpt lat="48.3207550" lon="7.3470740">
    <ele>234.0</ele>
    <time>2024-04-21T13:33:49Z</time>
   </trkpt>
   <trkpt lat="48.3208020" lon="7.3470180">
    <ele>234.0</ele>
    <time>2024-04-21T13:33:50Z</time>
   </trkpt>
   <trkpt lat="48.3208480" lon="7.3469600">
    <ele>234.0</ele>
    <time>2024-04-21T13:33:51Z</time>
   </trkpt>
   <trkpt lat="48.3208950" lon="7.3469040">
    <ele>234.0</ele>
    <time>2024-04-21T13:33:52Z</time>
   </trkpt>
   <trkpt lat="48.3209420" lon="7.3468490">
    <ele>234.0</ele>
    <time>2024-04-21T13:33:53Z</time>
   </trkpt>
   <trkpt lat="48.3209890" lon="7.3467920">
    <ele>234.0</ele>
    <time>2024-04-21T13:33:54Z</time>
   </trkpt>
   <trkpt lat="48.3210330" lon="7.3467350">
    <ele>234.0</ele>
    <time>2024-04-21T13:33:55Z</time>
   </trkpt>
   <trkpt lat="48.3210820" lon="7.3466810">
    <ele>234.1</ele>
    <time>2024-04-21T13:33:56Z</time>
   </trkpt>
   <trkpt lat="48.3211290" lon="7.3466260">
    <ele>234.1</ele>
    <time>2024-04-21T13:33:57Z</time>
   </trkpt>
   <trkpt lat="48.3211750" lon="7.3465710">
    <ele>234.1</ele>
    <time>2024-04-21T13:33:58Z</time>
   </trkpt>
   <trkpt lat="48.3212190" lon="7.3465130">
    <ele>234.2</ele>
    <time>2024-04-21T13:33:59Z</time>
   </trkpt>
   <trkpt lat="48.3212640" lon="7.3464530">
    <ele>234.2</ele>
    <time>2024-04-21T13:34:00Z</time>
   </trkpt>
   <trkpt lat="48.3213070" lon="7.3463920">
    <ele>234.2</ele>
    <time>2024-04-21T13:34:01Z</time>
   </trkpt>
   <trkpt lat="48.3213460" lon="7.3463300">
    <ele>234.2</ele>
    <time>2024-04-21T13:34:02Z</time>
   </trkpt>
   <trkpt lat="48.3213840" lon="7.3462650">
    <ele>234.3</ele>
    <time>2024-04-21T13:34:03Z</time>
   </trkpt>
   <trkpt lat="48.3214230" lon="7.3462010">
    <ele>234.3</ele>
    <time>2024-04-21T13:34:04Z</time>
   </trkpt>
   <trkpt lat="48.3214590" lon="7.3461340">
    <ele>234.3</ele>
    <time>2024-04-21T13:34:05Z</time>
   </trkpt>
   <trkpt lat="48.3214940" lon="7.3460680">
    <ele>234.3</ele>
    <time>2024-04-21T13:34:06Z</time>
   </trkpt>
   <trkpt lat="48.3215290" lon="7.3460020">
    <ele>234.3</ele>
    <time>2024-04-21T13:34:07Z</time>
   </trkpt>
   <trkpt lat="48.3215610" lon="7.3459340">
    <ele>234.3</ele>
    <time>2024-04-21T13:34:08Z</time>
   </trkpt>
   <trkpt lat="48.3215890" lon="7.3458620">
    <ele>234.4</ele>
    <time>2024-04-21T13:34:09Z</time>
   </trkpt>
   <trkpt lat="48.3216180" lon="7.3457900">
    <ele>234.4</ele>
    <time>2024-04-21T13:34:10Z</time>
   </trkpt>
   <trkpt lat="48.3216460" lon="7.3457160">
    <ele>234.4</ele>
    <time>2024-04-21T13:34:11Z</time>
   </trkpt>
   <trkpt lat="48.3216740" lon="7.3456440">
    <ele>234.4</ele>
    <time>2024-04-21T13:34:12Z</time>
   </trkpt>
   <trkpt lat="48.3217040" lon="7.3455720">
    <ele>234.4</ele>
    <time>2024-04-21T13:34:13Z</time>
   </trkpt>
   <trkpt lat="48.3217310" lon="7.3454970">
    <ele>234.4</ele>
    <time>2024-04-21T13:34:14Z</time>
   </trkpt>
   <trkpt lat="48.3217620" lon="7.3454260">
    <ele>234.4</ele>
    <time>2024-04-21T13:34:15Z</time>
   </trkpt>
   <trkpt lat="48.3217910" lon="7.3453520">
    <ele>234.4</ele>
    <time>2024-04-21T13:34:16Z</time>
   </trkpt>
   <trkpt lat="48.3218170" lon="7.3452750">
    <ele>234.4</ele>
    <time>2024-04-21T13:34:17Z</time>
   </trkpt>
   <trkpt lat="48.3218440" lon="7.3451970">
    <ele>234.4</ele>
    <time>2024-04-21T13:34:18Z</time>
   </trkpt>
   <trkpt lat="48.3218720" lon="7.3451220">
    <ele>234.4</ele>
    <time>2024-04-21T13:34:19Z</time>
   </trkpt>
   <trkpt lat="48.3218980" lon="7.3450440">
    <ele>234.4</ele>
    <time>2024-04-21T13:34:20Z</time>
   </trkpt>
   <trkpt lat="48.3219270" lon="7.3449670">
    <ele>234.4</ele>
    <time>2024-04-21T13:34:21Z</time>
   </trkpt>
   <trkpt lat="48.3219520" lon="7.3448930">
    <ele>234.4</ele>
    <time>2024-04-21T13:34:22Z</time>
   </trkpt>
   <trkpt lat="48.3219760" lon="7.3448200">
    <ele>234.4</ele>
    <time>2024-04-21T13:34:23Z</time>
   </trkpt>
   <trkpt lat="48.3220030" lon="7.3447470">
    <ele>234.5</ele>
    <time>2024-04-21T13:34:24Z</time>
   </trkpt>
   <trkpt lat="48.3220300" lon="7.3446750">
    <ele>234.5</ele>
    <time>2024-04-21T13:34:25Z</time>
   </trkpt>
   <trkpt lat="48.3220540" lon="7.3446020">
    <ele>234.5</ele>
    <time>2024-04-21T13:34:26Z</time>
   </trkpt>
   <trkpt lat="48.3220770" lon="7.3445350">
    <ele>234.5</ele>
    <time>2024-04-21T13:34:27Z</time>
   </trkpt>
   <trkpt lat="48.3220940" lon="7.3444750">
    <ele>234.6</ele>
    <time>2024-04-21T13:34:28Z</time>
   </trkpt>
   <trkpt lat="48.3220950" lon="7.3444140">
    <ele>234.4</ele>
    <time>2024-04-21T13:34:29Z</time>
   </trkpt>
   <trkpt lat="48.3220560" lon="7.3443840">
    <ele>234.3</ele>
    <time>2024-04-21T13:34:30Z</time>
   </trkpt>
   <trkpt lat="48.3220220" lon="7.3443670">
    <ele>234.2</ele>
    <time>2024-04-21T13:34:31Z</time>
   </trkpt>
   <trkpt lat="48.3220040" lon="7.3443210">
    <ele>234.2</ele>
    <time>2024-04-21T13:34:32Z</time>
   </trkpt>
   <trkpt lat="48.3220070" lon="7.3442590">
    <ele>234.2</ele>
    <time>2024-04-21T13:34:33Z</time>
   </trkpt>
   <trkpt lat="48.3220310" lon="7.3442070">
    <ele>234.2</ele>
    <time>2024-04-21T13:34:34Z</time>
   </trkpt>
   <trkpt lat="48.3220580" lon="7.3441550">
    <ele>234.1</ele>
    <time>2024-04-21T13:34:35Z</time>
   </trkpt>
   <trkpt lat="48.3220840" lon="7.3440930">
    <ele>234.1</ele>
    <time>2024-04-21T13:34:36Z</time>
   </trkpt>
   <trkpt lat="48.3221100" lon="7.3440230">
    <ele>234.2</ele>
    <time>2024-04-21T13:34:37Z</time>
   </trkpt>
   <trkpt lat="48.3221350" lon="7.3439490">
    <ele>234.2</ele>
    <time>2024-04-21T13:34:38Z</time>
   </trkpt>
   <trkpt lat="48.3221650" lon="7.3438820">
    <ele>234.2</ele>
    <time>2024-04-21T13:34:39Z</time>
   </trkpt>
   <trkpt lat="48.3221950" lon="7.3438160">
    <ele>234.3</ele>
    <time>2024-04-21T13:34:40Z</time>
   </trkpt>
   <trkpt lat="48.3222210" lon="7.3437430">
    <ele>234.3</ele>
    <time>2024-04-21T13:34:41Z</time>
   </trkpt>
   <trkpt lat="48.3222460" lon="7.3436710">
    <ele>234.3</ele>
    <time>2024-04-21T13:34:42Z</time>
   </trkpt>
   <trkpt lat="48.3222680" lon="7.3435960">
    <ele>234.3</ele>
    <time>2024-04-21T13:34:43Z</time>
   </trkpt>
   <trkpt lat="48.3222920" lon="7.3435250">
    <ele>234.3</ele>
    <time>2024-04-21T13:34:44Z</time>
   </trkpt>
   <trkpt lat="48.3223190" lon="7.3434580">
    <ele>234.3</ele>
    <time>2024-04-21T13:34:45Z</time>
   </trkpt>
   <trkpt lat="48.3223450" lon="7.3433900">
    <ele>234.4</ele>
    <time>2024-04-21T13:34:46Z</time>
   </trkpt>
   <trkpt lat="48.3223690" lon="7.3433210">
    <ele>234.4</ele>
    <time>2024-04-21T13:34:47Z</time>
   </trkpt>
   <trkpt lat="48.3223940" lon="7.3432540">
    <ele>234.4</ele>
    <time>2024-04-21T13:34:48Z</time>
   </trkpt>
   <trkpt lat="48.3224200" lon="7.3431860">
    <ele>234.4</ele>
    <time>2024-04-21T13:34:49Z</time>
   </trkpt>
   <trkpt lat="48.3224420" lon="7.3431170">
    <ele>234.4</ele>
    <time>2024-04-21T13:34:50Z</time>
   </trkpt>
   <trkpt lat="48.3224670" lon="7.3430480">
    <ele>234.5</ele>
    <time>2024-04-21T13:34:51Z</time>
   </trkpt>
   <trkpt lat="48.3224940" lon="7.3429800">
    <ele>234.5</ele>
    <time>2024-04-21T13:34:52Z</time>
   </trkpt>
   <trkpt lat="48.3225220" lon="7.3429100">
    <ele>234.5</ele>
    <time>2024-04-21T13:34:53Z</time>
   </trkpt>
   <trkpt lat="48.3225490" lon="7.3428420">
    <ele>234.5</ele>
    <time>2024-04-21T13:34:54Z</time>
   </trkpt>
   <trkpt lat="48.3225760" lon="7.3427780">
    <ele>234.6</ele>
    <time>2024-04-21T13:34:55Z</time>
   </trkpt>
   <trkpt lat="48.3226010" lon="7.3427120">
    <ele>234.6</ele>
    <time>2024-04-21T13:34:56Z</time>
   </trkpt>
   <trkpt lat="48.3226230" lon="7.3426470">
    <ele>234.6</ele>
    <time>2024-04-21T13:34:57Z</time>
   </trkpt>
   <trkpt lat="48.3226480" lon="7.3425810">
    <ele>234.6</ele>
    <time>2024-04-21T13:34:58Z</time>
   </trkpt>
   <trkpt lat="48.3226730" lon="7.3425160">
    <ele>234.6</ele>
    <time>2024-04-21T13:34:59Z</time>
   </trkpt>
   <trkpt lat="48.3227000" lon="7.3424460">
    <ele>234.7</ele>
    <time>2024-04-21T13:35:00Z</time>
   </trkpt>
   <trkpt lat="48.3227250" lon="7.3423750">
    <ele>234.7</ele>
    <time>2024-04-21T13:35:01Z</time>
   </trkpt>
   <trkpt lat="48.3227490" lon="7.3423020">
    <ele>234.8</ele>
    <time>2024-04-21T13:35:02Z</time>
   </trkpt>
   <trkpt lat="48.3227720" lon="7.3422330">
    <ele>234.8</ele>
    <time>2024-04-21T13:35:03Z</time>
   </trkpt>
   <trkpt lat="48.3228000" lon="7.3421690">
    <ele>234.8</ele>
    <time>2024-04-21T13:35:04Z</time>
   </trkpt>
   <trkpt lat="48.3228230" lon="7.3421050">
    <ele>234.8</ele>
    <time>2024-04-21T13:35:05Z</time>
   </trkpt>
   <trkpt lat="48.3228450" lon="7.3420450">
    <ele>234.9</ele>
    <time>2024-04-21T13:35:06Z</time>
   </trkpt>
   <trkpt lat="48.3228710" lon="7.3419830">
    <ele>234.9</ele>
    <time>2024-04-21T13:35:07Z</time>
   </trkpt>
   <trkpt lat="48.3228970" lon="7.3419160">
    <ele>234.9</ele>
    <time>2024-04-21T13:35:08Z</time>
   </trkpt>
   <trkpt lat="48.3229210" lon="7.3418430">
    <ele>234.9</ele>
    <time>2024-04-21T13:35:09Z</time>
   </trkpt>
   <trkpt lat="48.3229440" lon="7.3417710">
    <ele>234.9</ele>
    <time>2024-04-21T13:35:10Z</time>
   </trkpt>
   <trkpt lat="48.3229720" lon="7.3417020">
    <ele>234.9</ele>
    <time>2024-04-21T13:35:11Z</time>
   </trkpt>
   <trkpt lat="48.3229990" lon="7.3416320">
    <ele>234.9</ele>
    <time>2024-04-21T13:35:12Z</time>
   </trkpt>
   <trkpt lat="48.3230260" lon="7.3415610">
    <ele>234.9</ele>
    <time>2024-04-21T13:35:13Z</time>
   </trkpt>
   <trkpt lat="48.3230510" lon="7.3414910">
    <ele>235.0</ele>
    <time>2024-04-21T13:35:14Z</time>
   </trkpt>
   <trkpt lat="48.3230710" lon="7.3414160">
    <ele>235.0</ele>
    <time>2024-04-21T13:35:15Z</time>
   </trkpt>
   <trkpt lat="48.3230930" lon="7.3413440">
    <ele>235.0</ele>
    <time>2024-04-21T13:35:16Z</time>
   </trkpt>
   <trkpt lat="48.3231190" lon="7.3412780">
    <ele>235.0</ele>
    <time>2024-04-21T13:35:17Z</time>
   </trkpt>
   <trkpt lat="48.3231450" lon="7.3412090">
    <ele>235.0</ele>
    <time>2024-04-21T13:35:18Z</time>
   </trkpt>
   <trkpt lat="48.3231740" lon="7.3411400">
    <ele>235.1</ele>
    <time>2024-04-21T13:35:19Z</time>
   </trkpt>
   <trkpt lat="48.3231960" lon="7.3410690">
    <ele>235.1</ele>
    <time>2024-04-21T13:35:20Z</time>
   </trkpt>
   <trkpt lat="48.3232240" lon="7.3410010">
    <ele>235.2</ele>
    <time>2024-04-21T13:35:21Z</time>
   </trkpt>
   <trkpt lat="48.3232490" lon="7.3409310">
    <ele>235.2</ele>
    <time>2024-04-21T13:35:22Z</time>
   </trkpt>
   <trkpt lat="48.3232720" lon="7.3408620">
    <ele>235.2</ele>
    <time>2024-04-21T13:35:23Z</time>
   </trkpt>
   <trkpt lat="48.3232970" lon="7.3407960">
    <ele>235.3</ele>
    <time>2024-04-21T13:35:24Z</time>
   </trkpt>
   <trkpt lat="48.3233220" lon="7.3407300">
    <ele>235.3</ele>
    <time>2024-04-21T13:35:25Z</time>
   </trkpt>
   <trkpt lat="48.3233440" lon="7.3406640">
    <ele>235.4</ele>
    <time>2024-04-21T13:35:26Z</time>
   </trkpt>
   <trkpt lat="48.3233670" lon="7.3405990">
    <ele>235.4</ele>
    <time>2024-04-21T13:35:27Z</time>
   </trkpt>
   <trkpt lat="48.3233920" lon="7.3405330">
    <ele>235.5</ele>
    <time>2024-04-21T13:35:28Z</time>
   </trkpt>
   <trkpt lat="48.3234140" lon="7.3404640">
    <ele>235.5</ele>
    <time>2024-04-21T13:35:29Z</time>
   </trkpt>
   <trkpt lat="48.3234370" lon="7.3403950">
    <ele>235.6</ele>
    <time>2024-04-21T13:35:30Z</time>
   </trkpt>
   <trkpt lat="48.3234600" lon="7.3403280">
    <ele>235.6</ele>
    <time>2024-04-21T13:35:31Z</time>
   </trkpt>
   <trkpt lat="48.3234830" lon="7.3402600">
    <ele>235.6</ele>
    <time>2024-04-21T13:35:32Z</time>
   </trkpt>
   <trkpt lat="48.3235080" lon="7.3401920">
    <ele>235.7</ele>
    <time>2024-04-21T13:35:33Z</time>
   </trkpt>
   <trkpt lat="48.3235340" lon="7.3401260">
    <ele>235.7</ele>
    <time>2024-04-21T13:35:34Z</time>
   </trkpt>
   <trkpt lat="48.3235580" lon="7.3400610">
    <ele>235.8</ele>
    <time>2024-04-21T13:35:35Z</time>
   </trkpt>
   <trkpt lat="48.3235820" lon="7.3399920">
    <ele>235.8</ele>
    <time>2024-04-21T13:35:36Z</time>
   </trkpt>
   <trkpt lat="48.3236060" lon="7.3399220">
    <ele>235.8</ele>
    <time>2024-04-21T13:35:37Z</time>
   </trkpt>
   <trkpt lat="48.3236290" lon="7.3398520">
    <ele>235.9</ele>
    <time>2024-04-21T13:35:38Z</time>
   </trkpt>
   <trkpt lat="48.3236520" lon="7.3397840">
    <ele>235.9</ele>
    <time>2024-04-21T13:35:39Z</time>
   </trkpt>
   <trkpt lat="48.3236750" lon="7.3397160">
    <ele>235.9</ele>
    <time>2024-04-21T13:35:40Z</time>
   </trkpt>
   <trkpt lat="48.3236990" lon="7.3396480">
    <ele>236.0</ele>
    <time>2024-04-21T13:35:41Z</time>
   </trkpt>
   <trkpt lat="48.3237260" lon="7.3395830">
    <ele>236.0</ele>
    <time>2024-04-21T13:35:42Z</time>
   </trkpt>
   <trkpt lat="48.3237510" lon="7.3395180">
    <ele>236.1</ele>
    <time>2024-04-21T13:35:43Z</time>
   </trkpt>
   <trkpt lat="48.3237750" lon="7.3394520">
    <ele>236.1</ele>
    <time>2024-04-21T13:35:44Z</time>
   </trkpt>
   <trkpt lat="48.3237980" lon="7.3393890">
    <ele>236.1</ele>
    <time>2024-04-21T13:35:45Z</time>
   </trkpt>
   <trkpt lat="48.3238210" lon="7.3393270">
    <ele>236.2</ele>
    <time>2024-04-21T13:35:46Z</time>
   </trkpt>
   <trkpt lat="48.3238420" lon="7.3392640">
    <ele>236.2</ele>
    <time>2024-04-21T13:35:47Z</time>
   </trkpt>
   <trkpt lat="48.3238610" lon="7.3391990">
    <ele>236.2</ele>
    <time>2024-04-21T13:35:48Z</time>
   </trkpt>
   <trkpt lat="48.3238820" lon="7.3391340">
    <ele>236.2</ele>
    <time>2024-04-21T13:35:49Z</time>
   </trkpt>
   <trkpt lat="48.3239040" lon="7.3390700">
    <ele>236.2</ele>
    <time>2024-04-21T13:35:50Z</time>
   </trkpt>
   <trkpt lat="48.3239220" lon="7.3390040">
    <ele>236.3</ele>
    <time>2024-04-21T13:35:51Z</time>
   </trkpt>
   <trkpt lat="48.3239390" lon="7.3389360">
    <ele>236.3</ele>
    <time>2024-04-21T13:35:52Z</time>
   </trkpt>
   <trkpt lat="48.3239530" lon="7.3388660">
    <ele>236.3</ele>
    <time>2024-04-21T13:35:53Z</time>
   </trkpt>
   <trkpt lat="48.3239700" lon="7.3387970">
    <ele>236.4</ele>
    <time>2024-04-21T13:35:54Z</time>
   </trkpt>
   <trkpt lat="48.3239880" lon="7.3387290">
    <ele>236.4</ele>
    <time>2024-04-21T13:35:55Z</time>
   </trkpt>
   <trkpt lat="48.3240080" lon="7.3386660">
    <ele>236.4</ele>
    <time>2024-04-21T13:35:56Z</time>
   </trkpt>
   <trkpt lat="48.3240230" lon="7.3385980">
    <ele>236.5</ele>
    <time>2024-04-21T13:35:57Z</time>
   </trkpt>
   <trkpt lat="48.3240410" lon="7.3385350">
    <ele>236.5</ele>
    <time>2024-04-21T13:35:58Z</time>
   </trkpt>
   <trkpt lat="48.3240560" lon="7.3384670">
    <ele>236.6</ele>
    <time>2024-04-21T13:35:59Z</time>
   </trkpt>
   <trkpt lat="48.3240700" lon="7.3383990">
    <ele>236.6</ele>
    <time>2024-04-21T13:36:00Z</time>
   </trkpt>
   <trkpt lat="48.3240830" lon="7.3383320">
    <ele>236.6</ele>
    <time>2024-04-21T13:36:01Z</time>
   </trkpt>
   <trkpt lat="48.3240970" lon="7.3382640">
    <ele>236.7</ele>
    <time>2024-04-21T13:36:02Z</time>
   </trkpt>
   <trkpt lat="48.3241130" lon="7.3381950">
    <ele>236.7</ele>
    <time>2024-04-21T13:36:03Z</time>
   </trkpt>
   <trkpt lat="48.3241280" lon="7.3381250">
    <ele>236.8</ele>
    <time>2024-04-21T13:36:04Z</time>
   </trkpt>
   <trkpt lat="48.3241430" lon="7.3380570">
    <ele>236.8</ele>
    <time>2024-04-21T13:36:05Z</time>
   </trkpt>
   <trkpt lat="48.3241570" lon="7.3379880">
    <ele>236.8</ele>
    <time>2024-04-21T13:36:06Z</time>
   </trkpt>
   <trkpt lat="48.3241710" lon="7.3379190">
    <ele>236.9</ele>
    <time>2024-04-21T13:36:07Z</time>
   </trkpt>
   <trkpt lat="48.3241870" lon="7.3378530">
    <ele>236.9</ele>
    <time>2024-04-21T13:36:08Z</time>
   </trkpt>
   <trkpt lat="48.3242040" lon="7.3377870">
    <ele>237.0</ele>
    <time>2024-04-21T13:36:09Z</time>
   </trkpt>
   <trkpt lat="48.3242220" lon="7.3377230">
    <ele>237.1</ele>
    <time>2024-04-21T13:36:10Z</time>
   </trkpt>
   <trkpt lat="48.3242380" lon="7.3376530">
    <ele>237.1</ele>
    <time>2024-04-21T13:36:11Z</time>
   </trkpt>
   <trkpt lat="48.3242530" lon="7.3375820">
    <ele>237.2</ele>
    <time>2024-04-21T13:36:12Z</time>
   </trkpt>
   <trkpt lat="48.3242660" lon="7.3375110">
    <ele>237.2</ele>
    <time>2024-04-21T13:36:13Z</time>
   </trkpt>
   <trkpt lat="48.3242810" lon="7.3374420">
    <ele>237.3</ele>
    <time>2024-04-21T13:36:14Z</time>
   </trkpt>
   <trkpt lat="48.3243000" lon="7.3373720">
    <ele>237.4</ele>
    <time>2024-04-21T13:36:15Z</time>
   </trkpt>
   <trkpt lat="48.3243180" lon="7.3372980">
    <ele>237.4</ele>
    <time>2024-04-21T13:36:16Z</time>
   </trkpt>
   <trkpt lat="48.3243320" lon="7.3372230">
    <ele>237.5</ele>
    <time>2024-04-21T13:36:17Z</time>
   </trkpt>
   <trkpt lat="48.3243480" lon="7.3371500">
    <ele>237.5</ele>
    <time>2024-04-21T13:36:18Z</time>
   </trkpt>
   <trkpt lat="48.3243640" lon="7.3370770">
    <ele>237.6</ele>
    <time>2024-04-21T13:36:19Z</time>
   </trkpt>
   <trkpt lat="48.3243780" lon="7.3370070">
    <ele>237.7</ele>
    <time>2024-04-21T13:36:20Z</time>
   </trkpt>
   <trkpt lat="48.3243920" lon="7.3369370">
    <ele>237.8</ele>
    <time>2024-04-21T13:36:21Z</time>
   </trkpt>
   <trkpt lat="48.3244090" lon="7.3368710">
    <ele>237.8</ele>
    <time>2024-04-21T13:36:22Z</time>
   </trkpt>
   <trkpt lat="48.3244260" lon="7.3368030">
    <ele>237.9</ele>
    <time>2024-04-21T13:36:23Z</time>
   </trkpt>
   <trkpt lat="48.3244410" lon="7.3367340">
    <ele>238.0</ele>
    <time>2024-04-21T13:36:24Z</time>
   </trkpt>
   <trkpt lat="48.3244550" lon="7.3366650">
    <ele>238.0</ele>
    <time>2024-04-21T13:36:25Z</time>
   </trkpt>
   <trkpt lat="48.3244670" lon="7.3365940">
    <ele>238.1</ele>
    <time>2024-04-21T13:36:26Z</time>
   </trkpt>
   <trkpt lat="48.3244830" lon="7.3365250">
    <ele>238.2</ele>
    <time>2024-04-21T13:36:27Z</time>
   </trkpt>
   <trkpt lat="48.3245000" lon="7.3364550">
    <ele>238.3</ele>
    <time>2024-04-21T13:36:28Z</time>
   </trkpt>
   <trkpt lat="48.3245150" lon="7.3363840">
    <ele>238.3</ele>
    <time>2024-04-21T13:36:29Z</time>
   </trkpt>
   <trkpt lat="48.3245300" lon="7.3363140">
    <ele>238.4</ele>
    <time>2024-04-21T13:36:30Z</time>
   </trkpt>
   <trkpt lat="48.3245460" lon="7.3362440">
    <ele>238.4</ele>
    <time>2024-04-21T13:36:31Z</time>
   </trkpt>
   <trkpt lat="48.3245660" lon="7.3361750">
    <ele>238.5</ele>
    <time>2024-04-21T13:36:32Z</time>
   </trkpt>
   <trkpt lat="48.3245860" lon="7.3361040">
    <ele>238.5</ele>
    <time>2024-04-21T13:36:33Z</time>
   </trkpt>
   <trkpt lat="48.3246040" lon="7.3360320">
    <ele>238.6</ele>
    <time>2024-04-21T13:36:34Z</time>
   </trkpt>
   <trkpt lat="48.3246240" lon="7.3359560">
    <ele>238.6</ele>
    <time>2024-04-21T13:36:35Z</time>
   </trkpt>
   <trkpt lat="48.3246450" lon="7.3358810">
    <ele>238.7</ele>
    <time>2024-04-21T13:36:36Z</time>
   </trkpt>
   <trkpt lat="48.3246660" lon="7.3358070">
    <ele>238.7</ele>
    <time>2024-04-21T13:36:37Z</time>
   </trkpt>
   <trkpt lat="48.3246890" lon="7.3357330">
    <ele>238.8</ele>
    <time>2024-04-21T13:36:38Z</time>
   </trkpt>
   <trkpt lat="48.3247150" lon="7.3356590">
    <ele>238.9</ele>
    <time>2024-04-21T13:36:39Z</time>
   </trkpt>
   <trkpt lat="48.3247390" lon="7.3355830">
    <ele>238.9</ele>
    <time>2024-04-21T13:36:40Z</time>
   </trkpt>
   <trkpt lat="48.3247630" lon="7.3355050">
    <ele>239.0</ele>
    <time>2024-04-21T13:36:41Z</time>
   </trkpt>
   <trkpt lat="48.3247860" lon="7.3354270">
    <ele>239.1</ele>
    <time>2024-04-21T13:36:42Z</time>
   </trkpt>
   <trkpt lat="48.3248080" lon="7.3353470">
    <ele>239.3</ele>
    <time>2024-04-21T13:36:43Z</time>
   </trkpt>
   <trkpt lat="48.3248300" lon="7.3352670">
    <ele>239.5</ele>
    <time>2024-04-21T13:36:44Z</time>
   </trkpt>
   <trkpt lat="48.3248490" lon="7.3351890">
    <ele>239.6</ele>
    <time>2024-04-21T13:36:45Z</time>
   </trkpt>
   <trkpt lat="48.3248650" lon="7.3351140">
    <ele>239.8</ele>
    <time>2024-04-21T13:36:46Z</time>
   </trkpt>
   <trkpt lat="48.3248890" lon="7.3350500">
    <ele>240.1</ele>
    <time>2024-04-21T13:36:47Z</time>
   </trkpt>
   <trkpt lat="48.3249230" lon="7.3349970">
    <ele>240.3</ele>
    <time>2024-04-21T13:36:48Z</time>
   </trkpt>
   <trkpt lat="48.3249620" lon="7.3349580">
    <ele>240.6</ele>
    <time>2024-04-21T13:36:49Z</time>
   </trkpt>
   <trkpt lat="48.3250000" lon="7.3349470">
    <ele>240.7</ele>
    <time>2024-04-21T13:36:50Z</time>
   </trkpt>
   <trkpt lat="48.3250300" lon="7.3349770">
    <ele>240.8</ele>
    <time>2024-04-21T13:36:51Z</time>
   </trkpt>
   <trkpt lat="48.3250550" lon="7.3350190">
    <ele>240.9</ele>
    <time>2024-04-21T13:36:52Z</time>
   </trkpt>
   <trkpt lat="48.3250790" lon="7.3350580">
    <ele>240.9</ele>
    <time>2024-04-21T13:36:53Z</time>
   </trkpt>
   <trkpt lat="48.3251010" lon="7.3350920">
    <ele>241.0</ele>
    <time>2024-04-21T13:36:54Z</time>
   </trkpt>
   <trkpt lat="48.3251240" lon="7.3351260">
    <ele>241.0</ele>
    <time>2024-04-21T13:36:55Z</time>
   </trkpt>
   <trkpt lat="48.3251510" lon="7.3351560">
    <ele>241.1</ele>
    <time>2024-04-21T13:36:56Z</time>
   </trkpt>
   <trkpt lat="48.3251890" lon="7.3351690">
    <ele>241.1</ele>
    <time>2024-04-21T13:36:57Z</time>
   </trkpt>
   <trkpt lat="48.3252320" lon="7.3351660">
    <ele>241.1</ele>
    <time>2024-04-21T13:36:58Z</time>
   </trkpt>
   <trkpt lat="48.3252770" lon="7.3351380">
    <ele>241.1</ele>
    <time>2024-04-21T13:36:59Z</time>
   </trkpt>
   <trkpt lat="48.3253180" lon="7.3350870">
    <ele>241.1</ele>
    <time>2024-04-21T13:37:00Z</time>
   </trkpt>
   <trkpt lat="48.3253510" lon="7.3350300">
    <ele>241.1</ele>
    <time>2024-04-21T13:37:01Z</time>
   </trkpt>
   <trkpt lat="48.3253870" lon="7.3349750">
    <ele>241.2</ele>
    <time>2024-04-21T13:37:02Z</time>
   </trkpt>
   <trkpt lat="48.3254250" lon="7.3349260">
    <ele>241.2</ele>
    <time>2024-04-21T13:37:03Z</time>
   </trkpt>
   <trkpt lat="48.3254650" lon="7.3348770">
    <ele>241.2</ele>
    <time>2024-04-21T13:37:04Z</time>
   </trkpt>
   <trkpt lat="48.3255050" lon="7.3348300">
    <ele>241.3</ele>
    <time>2024-04-21T13:37:05Z</time>
   </trkpt>
   <trkpt lat="48.3255450" lon="7.3347840">
    <ele>241.3</ele>
    <time>2024-04-21T13:37:06Z</time>
   </trkpt>
   <trkpt lat="48.3255870" lon="7.3347360">
    <ele>241.3</ele>
    <time>2024-04-21T13:37:07Z</time>
   </trkpt>
   <trkpt lat="48.3256310" lon="7.3346920">
    <ele>241.4</ele>
    <time>2024-04-21T13:37:08Z</time>
   </trkpt>
   <trkpt lat="48.3256730" lon="7.3346440">
    <ele>241.4</ele>
    <time>2024-04-21T13:37:09Z</time>
   </trkpt>
   <trkpt lat="48.3257150" lon="7.3345970">
    <ele>241.4</ele>
    <time>2024-04-21T13:37:10Z</time>
   </trkpt>
   <trkpt lat="48.3257570" lon="7.3345510">
    <ele>241.4</ele>
    <time>2024-04-21T13:37:11Z</time>
   </trkpt>
   <trkpt lat="48.3257990" lon="7.3345020">
    <ele>241.5</ele>
    <time>2024-04-21T13:37:12Z</time>
   </trkpt>
   <trkpt lat="48.3258410" lon="7.3344580">
    <ele>241.5</ele>
    <time>2024-04-21T13:37:13Z</time>
   </trkpt>
   <trkpt lat="48.3258830" lon="7.3344150">
    <ele>241.5</ele>
    <time>2024-04-21T13:37:14Z</time>
   </trkpt>
   <trkpt lat="48.3259240" lon="7.3343650">
    <ele>241.5</ele>
    <time>2024-04-21T13:37:15Z</time>
   </trkpt>
   <trkpt lat="48.3259690" lon="7.3343180">
    <ele>241.6</ele>
    <time>2024-04-21T13:37:16Z</time>
   </trkpt>
   <trkpt lat="48.3260110" lon="7.3342680">
    <ele>241.6</ele>
    <time>2024-04-21T13:37:17Z</time>
   </trkpt>
   <trkpt lat="48.3260550" lon="7.3342190">
    <ele>241.6</ele>
    <time>2024-04-21T13:37:18Z</time>
   </trkpt>
   <trkpt lat="48.3260990" lon="7.3341720">
    <ele>241.6</ele>
    <time>2024-04-21T13:37:19Z</time>
   </trkpt>
   <trkpt lat="48.3261420" lon="7.3341220">
    <ele>241.7</ele>
    <time>2024-04-21T13:37:20Z</time>
   </trkpt>
   <trkpt lat="48.3261870" lon="7.3340730">
    <ele>241.7</ele>
    <time>2024-04-21T13:37:21Z</time>
   </trkpt>
   <trkpt lat="48.3262300" lon="7.3340250">
    <ele>241.7</ele>
    <time>2024-04-21T13:37:22Z</time>
   </trkpt>
   <trkpt lat="48.3262730" lon="7.3339780">
    <ele>241.7</ele>
    <time>2024-04-21T13:37:23Z</time>
   </trkpt>
   <trkpt lat="48.3263150" lon="7.3339300">
    <ele>241.7</ele>
    <time>2024-04-21T13:37:24Z</time>
   </trkpt>
   <trkpt lat="48.3263560" lon="7.3338820">
    <ele>241.7</ele>
    <time>2024-04-21T13:37:25Z</time>
   </trkpt>
   <trkpt lat="48.3264000" lon="7.3338320">
    <ele>241.7</ele>
    <time>2024-04-21T13:37:26Z</time>
   </trkpt>
   <trkpt lat="48.3264430" lon="7.3337810">
    <ele>241.7</ele>
    <time>2024-04-21T13:37:27Z</time>
   </trkpt>
   <trkpt lat="48.3264840" lon="7.3337320">
    <ele>241.8</ele>
    <time>2024-04-21T13:37:28Z</time>
   </trkpt>
   <trkpt lat="48.3265260" lon="7.3336830">
    <ele>241.8</ele>
    <time>2024-04-21T13:37:29Z</time>
   </trkpt>
   <trkpt lat="48.3265680" lon="7.3336330">
    <ele>241.8</ele>
    <time>2024-04-21T13:37:30Z</time>
   </trkpt>
   <trkpt lat="48.3266140" lon="7.3335860">
    <ele>241.9</ele>
    <time>2024-04-21T13:37:31Z</time>
   </trkpt>
   <trkpt lat="48.3266570" lon="7.3335370">
    <ele>241.9</ele>
    <time>2024-04-21T13:37:32Z</time>
   </trkpt>
   <trkpt lat="48.3267000" lon="7.3334880">
    <ele>242.0</ele>
    <time>2024-04-21T13:37:33Z</time>
   </trkpt>
   <trkpt lat="48.3267410" lon="7.3334370">
    <ele>242.0</ele>
    <time>2024-04-21T13:37:34Z</time>
   </trkpt>
   <trkpt lat="48.3267830" lon="7.3333950">
    <ele>242.0</ele>
    <time>2024-04-21T13:37:35Z</time>
   </trkpt>
   <trkpt lat="48.3268260" lon="7.3333500">
    <ele>242.1</ele>
    <time>2024-04-21T13:37:36Z</time>
   </trkpt>
   <trkpt lat="48.3268670" lon="7.3333000">
    <ele>242.1</ele>
    <time>2024-04-21T13:37:37Z</time>
   </trkpt>
   <trkpt lat="48.3269070" lon="7.3332510">
    <ele>242.2</ele>
    <time>2024-04-21T13:37:38Z</time>
   </trkpt>
   <trkpt lat="48.3269490" lon="7.3332080">
    <ele>242.2</ele>
    <time>2024-04-21T13:37:39Z</time>
   </trkpt>
   <trkpt lat="48.3269890" lon="7.3331630">
    <ele>242.3</ele>
    <time>2024-04-21T13:37:40Z</time>
   </trkpt>
   <trkpt lat="48.3270280" lon="7.3331170">
    <ele>242.4</ele>
    <time>2024-04-21T13:37:41Z</time>
   </trkpt>
   <trkpt lat="48.3270660" lon="7.3330720">
    <ele>242.4</ele>
    <time>2024-04-21T13:37:42Z</time>
   </trkpt>
   <trkpt lat="48.3271030" lon="7.3330250">
    <ele>242.5</ele>
    <time>2024-04-21T13:37:43Z</time>
   </trkpt>
   <trkpt lat="48.3271410" lon="7.3329830">
    <ele>242.6</ele>
    <time>2024-04-21T13:37:44Z</time>
   </trkpt>
   <trkpt lat="48.3271800" lon="7.3329410">
    <ele>242.6</ele>
    <time>2024-04-21T13:37:45Z</time>
   </trkpt>
   <trkpt lat="48.3272180" lon="7.3328960">
    <ele>242.7</ele>
    <time>2024-04-21T13:37:46Z</time>
   </trkpt>
   <trkpt lat="48.3272560" lon="7.3328520">
    <ele>242.8</ele>
    <time>2024-04-21T13:37:47Z</time>
   </trkpt>
   <trkpt lat="48.3272940" lon="7.3328090">
    <ele>242.9</ele>
    <time>2024-04-21T13:37:48Z</time>
   </trkpt>
   <trkpt lat="48.3273330" lon="7.3327690">
    <ele>243.0</ele>
    <time>2024-04-21T13:37:49Z</time>
   </trkpt>
   <trkpt lat="48.3273730" lon="7.3327280">
    <ele>243.1</ele>
    <time>2024-04-21T13:37:50Z</time>
   </trkpt>
   <trkpt lat="48.3274120" lon="7.3326860">
    <ele>243.2</ele>
    <time>2024-04-21T13:37:51Z</time>
   </trkpt>
   <trkpt lat="48.3274490" lon="7.3326430">
    <ele>243.3</ele>
    <time>2024-04-21T13:37:52Z</time>
   </trkpt>
   <trkpt lat="48.3274860" lon="7.3326010">
    <ele>243.4</ele>
    <time>2024-04-21T13:37:53Z</time>
   </trkpt>
   <trkpt lat="48.3275240" lon="7.3325560">
    <ele>243.5</ele>
    <time>2024-04-21T13:37:54Z</time>
   </trkpt>
   <trkpt lat="48.3275620" lon="7.3325160">
    <ele>243.7</ele>
    <time>2024-04-21T13:37:55Z</time>
   </trkpt>
   <trkpt lat="48.3275980" lon="7.3324750">
    <ele>243.8</ele>
    <time>2024-04-21T13:37:56Z</time>
   </trkpt>
   <trkpt lat="48.3276350" lon="7.3324350">
    <ele>243.9</ele>
    <time>2024-04-21T13:37:57Z</time>
   </trkpt>
   <trkpt lat="48.3276720" lon="7.3323920">
    <ele>244.0</ele>
    <time>2024-04-21T13:37:58Z</time>
   </trkpt>
   <trkpt lat="48.3277060" lon="7.3323500">
    <ele>244.1</ele>
    <time>2024-04-21T13:37:59Z</time>
   </trkpt>
   <trkpt lat="48.3277410" lon="7.3323100">
    <ele>244.2</ele>
    <time>2024-04-21T13:38:00Z</time>
   </trkpt>
   <trkpt lat="48.3277780" lon="7.3322710">
    <ele>244.3</ele>
    <time>2024-04-21T13:38:01Z</time>
   </trkpt>
   <trkpt lat="48.3278130" lon="7.3322280">
    <ele>244.4</ele>
    <time>2024-04-21T13:38:02Z</time>
   </trkpt>
   <trkpt lat="48.3278470" lon="7.3321890">
    <ele>244.5</ele>
    <time>2024-04-21T13:38:03Z</time>
   </trkpt>
   <trkpt lat="48.3278830" lon="7.3321490">
    <ele>244.7</ele>
    <time>2024-04-21T13:38:04Z</time>
   </trkpt>
   <trkpt lat="48.3279190" lon="7.3321060">
    <ele>244.8</ele>
    <time>2024-04-21T13:38:05Z</time>
   </trkpt>
   <trkpt lat="48.3279530" lon="7.3320670">
    <ele>244.9</ele>
    <time>2024-04-21T13:38:06Z</time>
   </trkpt>
   <trkpt lat="48.3279890" lon="7.3320280">
    <ele>245.0</ele>
    <time>2024-04-21T13:38:07Z</time>
   </trkpt>
   <trkpt lat="48.3280240" lon="7.3319870">
    <ele>245.2</ele>
    <time>2024-04-21T13:38:08Z</time>
   </trkpt>
   <trkpt lat="48.3280600" lon="7.3319470">
    <ele>245.3</ele>
    <time>2024-04-21T13:38:09Z</time>
   </trkpt>
   <trkpt lat="48.3280980" lon="7.3319060">
    <ele>245.5</ele>
    <time>2024-04-21T13:38:10Z</time>
   </trkpt>
   <trkpt lat="48.3281350" lon="7.3318660">
    <ele>245.6</ele>
    <time>2024-04-21T13:38:11Z</time>
   </trkpt>
   <trkpt lat="48.3281700" lon="7.3318260">
    <ele>245.8</ele>
    <time>2024-04-21T13:38:12Z</time>
   </trkpt>
   <trkpt lat="48.3282050" lon="7.3317840">
    <ele>245.9</ele>
    <time>2024-04-21T13:38:13Z</time>
   </trkpt>
   <trkpt lat="48.3282380" lon="7.3317440">
    <ele>246.1</ele>
    <time>2024-04-21T13:38:14Z</time>
   </trkpt>
   <trkpt lat="48.3282740" lon="7.3317020">
    <ele>246.2</ele>
    <time>2024-04-21T13:38:15Z</time>
   </trkpt>
   <trkpt lat="48.3283090" lon="7.3316600">
    <ele>246.3</ele>
    <time>2024-04-21T13:38:16Z</time>
   </trkpt>
   <trkpt lat="48.3283440" lon="7.3316220">
    <ele>246.5</ele>
    <time>2024-04-21T13:38:17Z</time>
   </trkpt>
   <trkpt lat="48.3283790" lon="7.3315840">
    <ele>246.6</ele>
    <time>2024-04-21T13:38:18Z</time>
   </trkpt>
   <trkpt lat="48.3284150" lon="7.3315450">
    <ele>246.7</ele>
    <time>2024-04-21T13:38:19Z</time>
   </trkpt>
   <trkpt lat="48.3284510" lon="7.3315050">
    <ele>246.9</ele>
    <time>2024-04-21T13:38:20Z</time>
   </trkpt>
   <trkpt lat="48.3284870" lon="7.3314690">
    <ele>247.0</ele>
    <time>2024-04-21T13:38:21Z</time>
   </trkpt>
   <trkpt lat="48.3285250" lon="7.3314380">
    <ele>247.1</ele>
    <time>2024-04-21T13:38:22Z</time>
   </trkpt>
   <trkpt lat="48.3285630" lon="7.3314080">
    <ele>247.3</ele>
    <time>2024-04-21T13:38:23Z</time>
   </trkpt>
   <trkpt lat="48.3286000" lon="7.3313770">
    <ele>247.4</ele>
    <time>2024-04-21T13:38:24Z</time>
   </trkpt>
   <trkpt lat="48.3286380" lon="7.3313460">
    <ele>247.5</ele>
    <time>2024-04-21T13:38:25Z</time>
   </trkpt>
   <trkpt lat="48.3286740" lon="7.3313130">
    <ele>247.6</ele>
    <time>2024-04-21T13:38:26Z</time>
   </trkpt>
   <trkpt lat="48.3287110" lon="7.3312840">
    <ele>247.8</ele>
    <time>2024-04-21T13:38:27Z</time>
   </trkpt>
   <trkpt lat="48.3287490" lon="7.3312580">
    <ele>247.9</ele>
    <time>2024-04-21T13:38:28Z</time>
   </trkpt>
   <trkpt lat="48.3287880" lon="7.3312300">
    <ele>248.0</ele>
    <time>2024-04-21T13:38:29Z</time>
   </trkpt>
   <trkpt lat="48.3288270" lon="7.3312050">
    <ele>248.2</ele>
    <time>2024-04-21T13:38:30Z</time>
   </trkpt>
   <trkpt lat="48.3288660" lon="7.3311820">
    <ele>248.3</ele>
    <time>2024-04-21T13:38:31Z</time>
   </trkpt>
   <trkpt lat="48.3289060" lon="7.3311620">
    <ele>248.4</ele>
    <time>2024-04-21T13:38:32Z</time>
   </trkpt>
   <trkpt lat="48.3289450" lon="7.3311410">
    <ele>248.5</ele>
    <time>2024-04-21T13:38:33Z</time>
   </trkpt>
   <trkpt lat="48.3289850" lon="7.3311210">
    <ele>248.6</ele>
    <time>2024-04-21T13:38:34Z</time>
   </trkpt>
   <trkpt lat="48.3290260" lon="7.3311030">
    <ele>248.8</ele>
    <time>2024-04-21T13:38:35Z</time>
   </trkpt>
   <trkpt lat="48.3290680" lon="7.3310890">
    <ele>248.9</ele>
    <time>2024-04-21T13:38:36Z</time>
   </trkpt>
   <trkpt lat="48.3291120" lon="7.3310760">
    <ele>249.0</ele>
    <time>2024-04-21T13:38:37Z</time>
   </trkpt>
   <trkpt lat="48.3291600" lon="7.3310700">
    <ele>249.2</ele>
    <time>2024-04-21T13:38:38Z</time>
   </trkpt>
   <trkpt lat="48.3292050" lon="7.3310580">
    <ele>249.3</ele>
    <time>2024-04-21T13:38:39Z</time>
   </trkpt>
   <trkpt lat="48.3292510" lon="7.3310460">
    <ele>249.5</ele>
    <time>2024-04-21T13:38:40Z</time>
   </trkpt>
   <trkpt lat="48.3292960" lon="7.3310340">
    <ele>249.6</ele>
    <time>2024-04-21T13:38:41Z</time>
   </trkpt>
   <trkpt lat="48.3293460" lon="7.3310290">
    <ele>249.7</ele>
    <time>2024-04-21T13:38:42Z</time>
   </trkpt>
   <trkpt lat="48.3293930" lon="7.3310220">
    <ele>249.9</ele>
    <time>2024-04-21T13:38:43Z</time>
   </trkpt>
   <trkpt lat="48.3294420" lon="7.3310170">
    <ele>250.0</ele>
    <time>2024-04-21T13:38:44Z</time>
   </trkpt>
   <trkpt lat="48.3294910" lon="7.3310120">
    <ele>250.1</ele>
    <time>2024-04-21T13:38:45Z</time>
   </trkpt>
   <trkpt lat="48.3295390" lon="7.3310050">
    <ele>250.3</ele>
    <time>2024-04-21T13:38:46Z</time>
   </trkpt>
   <trkpt lat="48.3295850" lon="7.3310010">
    <ele>250.4</ele>
    <time>2024-04-21T13:38:47Z</time>
   </trkpt>
   <trkpt lat="48.3296340" lon="7.3309970">
    <ele>250.6</ele>
    <time>2024-04-21T13:38:48Z</time>
   </trkpt>
   <trkpt lat="48.3296830" lon="7.3309900">
    <ele>250.7</ele>
    <time>2024-04-21T13:38:49Z</time>
   </trkpt>
   <trkpt lat="48.3297310" lon="7.3309820">
    <ele>250.9</ele>
    <time>2024-04-21T13:38:50Z</time>
   </trkpt>
   <trkpt lat="48.3297790" lon="7.3309790">
    <ele>251.0</ele>
    <time>2024-04-21T13:38:51Z</time>
   </trkpt>
   <trkpt lat="48.3298270" lon="7.3309820">
    <ele>251.1</ele>
    <time>2024-04-21T13:38:52Z</time>
   </trkpt>
   <trkpt lat="48.3298750" lon="7.3309760">
    <ele>251.3</ele>
    <time>2024-04-21T13:38:53Z</time>
   </trkpt>
   <trkpt lat="48.3299240" lon="7.3309710">
    <ele>251.4</ele>
    <time>2024-04-21T13:38:54Z</time>
   </trkpt>
   <trkpt lat="48.3299720" lon="7.3309630">
    <ele>251.6</ele>
    <time>2024-04-21T13:38:55Z</time>
   </trkpt>
   <trkpt lat="48.3300200" lon="7.3309620">
    <ele>251.7</ele>
    <time>2024-04-21T13:38:56Z</time>
   </trkpt>
   <trkpt lat="48.3300680" lon="7.3309610">
    <ele>251.8</ele>
    <time>2024-04-21T13:38:57Z</time>
   </trkpt>
   <trkpt lat="48.3301160" lon="7.3309580">
    <ele>251.9</ele>
    <time>2024-04-21T13:38:58Z</time>
   </trkpt>
   <trkpt lat="48.3301640" lon="7.3309520">
    <ele>252.1</ele>
    <time>2024-04-21T13:38:59Z</time>
   </trkpt>
   <trkpt lat="48.3302110" lon="7.3309510">
    <ele>252.2</ele>
    <time>2024-04-21T13:39:00Z</time>
   </trkpt>
   <trkpt lat="48.3302580" lon="7.3309490">
    <ele>252.3</ele>
    <time>2024-04-21T13:39:01Z</time>
   </trkpt>
   <trkpt lat="48.3303070" lon="7.3309460">
    <ele>252.3</ele>
    <time>2024-04-21T13:39:02Z</time>
   </trkpt>
   <trkpt lat="48.3303560" lon="7.3309380">
    <ele>252.3</ele>
    <time>2024-04-21T13:39:03Z</time>
   </trkpt>
   <trkpt lat="48.3304030" lon="7.3309340">
    <ele>252.4</ele>
    <time>2024-04-21T13:39:04Z</time>
   </trkpt>
   <trkpt lat="48.3304500" lon="7.3309300">
    <ele>252.4</ele>
    <time>2024-04-21T13:39:05Z</time>
   </trkpt>
   <trkpt lat="48.3304980" lon="7.3309250">
    <ele>252.5</ele>
    <time>2024-04-21T13:39:06Z</time>
   </trkpt>
   <trkpt lat="48.3305440" lon="7.3309220">
    <ele>252.5</ele>
    <time>2024-04-21T13:39:07Z</time>
   </trkpt>
   <trkpt lat="48.3305910" lon="7.3309170">
    <ele>252.6</ele>
    <time>2024-04-21T13:39:08Z</time>
   </trkpt>
   <trkpt lat="48.3306380" lon="7.3309150">
    <ele>252.6</ele>
    <time>2024-04-21T13:39:09Z</time>
   </trkpt>
   <trkpt lat="48.3306830" lon="7.3309110">
    <ele>252.7</ele>
    <time>2024-04-21T13:39:10Z</time>
   </trkpt>
   <trkpt lat="48.3307280" lon="7.3309080">
    <ele>252.7</ele>
    <time>2024-04-21T13:39:11Z</time>
   </trkpt>
   <trkpt lat="48.3307740" lon="7.3309060">
    <ele>252.7</ele>
    <time>2024-04-21T13:39:12Z</time>
   </trkpt>
   <trkpt lat="48.3308200" lon="7.3308990">
    <ele>252.8</ele>
    <time>2024-04-21T13:39:13Z</time>
   </trkpt>
   <trkpt lat="48.3308680" lon="7.3308920">
    <ele>252.8</ele>
    <time>2024-04-21T13:39:14Z</time>
   </trkpt>
   <trkpt lat="48.3309170" lon="7.3308860">
    <ele>252.9</ele>
    <time>2024-04-21T13:39:15Z</time>
   </trkpt>
   <trkpt lat="48.3309660" lon="7.3308770">
    <ele>252.9</ele>
    <time>2024-04-21T13:39:16Z</time>
   </trkpt>
   <trkpt lat="48.3310180" lon="7.3308740">
    <ele>253.0</ele>
    <time>2024-04-21T13:39:17Z</time>
   </trkpt>
   <trkpt lat="48.3310700" lon="7.3308680">
    <ele>253.1</ele>
    <time>2024-04-21T13:39:18Z</time>
   </trkpt>
   <trkpt lat="48.3311220" lon="7.3308550">
    <ele>253.2</ele>
    <time>2024-04-21T13:39:19Z</time>
   </trkpt>
   <trkpt lat="48.3311750" lon="7.3308380">
    <ele>253.2</ele>
    <time>2024-04-21T13:39:20Z</time>
   </trkpt>
   <trkpt lat="48.3312290" lon="7.3308200">
    <ele>253.2</ele>
    <time>2024-04-21T13:39:21Z</time>
   </trkpt>
   <trkpt lat="48.3312830" lon="7.3307990">
    <ele>253.3</ele>
    <time>2024-04-21T13:39:22Z</time>
   </trkpt>
   <trkpt lat="48.3313360" lon="7.3307770">
    <ele>253.3</ele>
    <time>2024-04-21T13:39:23Z</time>
   </trkpt>
   <trkpt lat="48.3313920" lon="7.3307550">
    <ele>253.3</ele>
    <time>2024-04-21T13:39:24Z</time>
   </trkpt>
   <trkpt lat="48.3314450" lon="7.3307340">
    <ele>253.4</ele>
    <time>2024-04-21T13:39:25Z</time>
   </trkpt>
   <trkpt lat="48.3314970" lon="7.3307110">
    <ele>253.4</ele>
    <time>2024-04-21T13:39:26Z</time>
   </trkpt>
   <trkpt lat="48.3315490" lon="7.3306860">
    <ele>253.4</ele>
    <time>2024-04-21T13:39:27Z</time>
   </trkpt>
   <trkpt lat="48.3316000" lon="7.3306600">
    <ele>253.4</ele>
    <time>2024-04-21T13:39:28Z</time>
   </trkpt>
   <trkpt lat="48.3316500" lon="7.3306330">
    <ele>253.4</ele>
    <time>2024-04-21T13:39:29Z</time>
   </trkpt>
   <trkpt lat="48.3317000" lon="7.3306050">
    <ele>253.3</ele>
    <time>2024-04-21T13:39:30Z</time>
   </trkpt>
   <trkpt lat="48.3317540" lon="7.3305820">
    <ele>253.3</ele>
    <time>2024-04-21T13:39:31Z</time>
   </trkpt>
   <trkpt lat="48.3318100" lon="7.3305600">
    <ele>253.3</ele>
    <time>2024-04-21T13:39:32Z</time>
   </trkpt>
   <trkpt lat="48.3318650" lon="7.3305320">
    <ele>253.2</ele>
    <time>2024-04-21T13:39:33Z</time>
   </trkpt>
   <trkpt lat="48.3319210" lon="7.3305050">
    <ele>253.2</ele>
    <time>2024-04-21T13:39:34Z</time>
   </trkpt>
   <trkpt lat="48.3319770" lon="7.3304740">
    <ele>253.1</ele>
    <time>2024-04-21T13:39:35Z</time>
   </trkpt>
   <trkpt lat="48.3320330" lon="7.3304420">
    <ele>253.1</ele>
    <time>2024-04-21T13:39:36Z</time>
   </trkpt>
   <trkpt lat="48.3320900" lon="7.3304080">
    <ele>253.1</ele>
    <time>2024-04-21T13:39:37Z</time>
   </trkpt>
   <trkpt lat="48.3321450" lon="7.3303740">
    <ele>253.0</ele>
    <time>2024-04-21T13:39:38Z</time>
   </trkpt>
   <trkpt lat="48.3322010" lon="7.3303340">
    <ele>253.0</ele>
    <time>2024-04-21T13:39:39Z</time>
   </trkpt>
   <trkpt lat="48.3322590" lon="7.3303000">
    <ele>253.0</ele>
    <time>2024-04-21T13:39:40Z</time>
   </trkpt>
   <trkpt lat="48.3323150" lon="7.3302590">
    <ele>252.9</ele>
    <time>2024-04-21T13:39:41Z</time>
   </trkpt>
   <trkpt lat="48.3323710" lon="7.3302180">
    <ele>252.9</ele>
    <time>2024-04-21T13:39:42Z</time>
   </trkpt>
   <trkpt lat="48.3324230" lon="7.3301710">
    <ele>252.9</ele>
    <time>2024-04-21T13:39:43Z</time>
   </trkpt>
   <trkpt lat="48.3324750" lon="7.3301220">
    <ele>252.8</ele>
    <time>2024-04-21T13:39:44Z</time>
   </trkpt>
   <trkpt lat="48.3325270" lon="7.3300700">
    <ele>252.8</ele>
    <time>2024-04-21T13:39:45Z</time>
   </trkpt>
   <trkpt lat="48.3325770" lon="7.3300160">
    <ele>252.7</ele>
    <time>2024-04-21T13:39:46Z</time>
   </trkpt>
   <trkpt lat="48.3326260" lon="7.3299560">
    <ele>252.7</ele>
    <time>2024-04-21T13:39:47Z</time>
   </trkpt>
   <trkpt lat="48.3326750" lon="7.3298950">
    <ele>252.6</ele>
    <time>2024-04-21T13:39:48Z</time>
   </trkpt>
   <trkpt lat="48.3327240" lon="7.3298300">
    <ele>252.6</ele>
    <time>2024-04-21T13:39:49Z</time>
   </trkpt>
   <trkpt lat="48.3327720" lon="7.3297610">
    <ele>252.6</ele>
    <time>2024-04-21T13:39:50Z</time>
   </trkpt>
   <trkpt lat="48.3328210" lon="7.3296910">
    <ele>252.5</ele>
    <time>2024-04-21T13:39:51Z</time>
   </trkpt>
   <trkpt lat="48.3328710" lon="7.3296210">
    <ele>252.5</ele>
    <time>2024-04-21T13:39:52Z</time>
   </trkpt>
   <trkpt lat="48.3329190" lon="7.3295420">
    <ele>252.4</ele>
    <time>2024-04-21T13:39:53Z</time>
   </trkpt>
   <trkpt lat="48.3329670" lon="7.3294620">
    <ele>252.4</ele>
    <time>2024-04-21T13:39:54Z</time>
   </trkpt>
   <trkpt lat="48.3330160" lon="7.3293790">
    <ele>252.3</ele>
    <time>2024-04-21T13:39:55Z</time>
   </trkpt>
   <trkpt lat="48.3330620" lon="7.3292950">
    <ele>252.3</ele>
    <time>2024-04-21T13:39:56Z</time>
   </trkpt>
   <trkpt lat="48.3331090" lon="7.3292130">
    <ele>252.3</ele>
    <time>2024-04-21T13:39:57Z</time>
   </trkpt>
   <trkpt lat="48.3331540" lon="7.3291320">
    <ele>252.2</ele>
    <time>2024-04-21T13:39:58Z</time>
   </trkpt>
   <trkpt lat="48.3331990" lon="7.3290500">
    <ele>252.2</ele>
    <time>2024-04-21T13:39:59Z</time>
   </trkpt>
   <trkpt lat="48.3332450" lon="7.3289710">
    <ele>252.2</ele>
    <time>2024-04-21T13:40:00Z</time>
   </trkpt>
   <trkpt lat="48.3332890" lon="7.3288890">
    <ele>252.3</ele>
    <time>2024-04-21T13:40:01Z</time>
   </trkpt>
   <trkpt lat="48.3333330" lon="7.3288080">
    <ele>252.3</ele>
    <time>2024-04-21T13:40:02Z</time>
   </trkpt>
   <trkpt lat="48.3333790" lon="7.3287280">
    <ele>252.3</ele>
    <time>2024-04-21T13:40:03Z</time>
   </trkpt>
   <trkpt lat="48.3334240" lon="7.3286510">
    <ele>252.3</ele>
    <time>2024-04-21T13:40:04Z</time>
   </trkpt>
   <trkpt lat="48.3334670" lon="7.3285740">
    <ele>252.3</ele>
    <time>2024-04-21T13:40:05Z</time>
   </trkpt>
   <trkpt lat="48.3335120" lon="7.3284990">
    <ele>252.4</ele>
    <time>2024-04-21T13:40:06Z</time>
   </trkpt>
   <trkpt lat="48.3335590" lon="7.3284280">
    <ele>252.4</ele>
    <time>2024-04-21T13:40:07Z</time>
   </trkpt>
   <trkpt lat="48.3336080" lon="7.3283590">
    <ele>252.4</ele>
    <time>2024-04-21T13:40:08Z</time>
   </trkpt>
   <trkpt lat="48.3336560" lon="7.3282810">
    <ele>252.4</ele>
    <time>2024-04-21T13:40:09Z</time>
   </trkpt>
   <trkpt lat="48.3337070" lon="7.3282140">
    <ele>252.4</ele>
    <time>2024-04-21T13:40:10Z</time>
   </trkpt>
   <trkpt lat="48.3337580" lon="7.3281440">
    <ele>252.4</ele>
    <time>2024-04-21T13:40:11Z</time>
   </trkpt>
   <trkpt lat="48.3338070" lon="7.3280730">
    <ele>252.5</ele>
    <time>2024-04-21T13:40:12Z</time>
   </trkpt>
   <trkpt lat="48.3338560" lon="7.3280050">
    <ele>252.5</ele>
    <time>2024-04-21T13:40:13Z</time>
   </trkpt>
   <trkpt lat="48.3339100" lon="7.3279430">
    <ele>252.5</ele>
    <time>2024-04-21T13:40:14Z</time>
   </trkpt>
   <trkpt lat="48.3339620" lon="7.3278820">
    <ele>252.6</ele>
    <time>2024-04-21T13:40:15Z</time>
   </trkpt>
   <trkpt lat="48.3340150" lon="7.3278210">
    <ele>252.6</ele>
    <time>2024-04-21T13:40:16Z</time>
   </trkpt>
   <trkpt lat="48.3340700" lon="7.3277640">
    <ele>252.7</ele>
    <time>2024-04-21T13:40:17Z</time>
   </trkpt>
   <trkpt lat="48.3341250" lon="7.3277070">
    <ele>252.7</ele>
    <time>2024-04-21T13:40:18Z</time>
   </trkpt>
   <trkpt lat="48.3341800" lon="7.3276520">
    <ele>252.7</ele>
    <time>2024-04-21T13:40:19Z</time>
   </trkpt>
   <trkpt lat="48.3342340" lon="7.3275990">
    <ele>252.7</ele>
    <time>2024-04-21T13:40:20Z</time>
   </trkpt>
   <trkpt lat="48.3342940" lon="7.3275490">
    <ele>252.8</ele>
    <time>2024-04-21T13:40:21Z</time>
   </trkpt>
   <trkpt lat="48.3343520" lon="7.3275020">
    <ele>252.8</ele>
    <time>2024-04-21T13:40:22Z</time>
   </trkpt>
   <trkpt lat="48.3344110" lon="7.3274570">
    <ele>252.9</ele>
    <time>2024-04-21T13:40:23Z</time>
   </trkpt>
   <trkpt lat="48.3344760" lon="7.3274170">
    <ele>252.9</ele>
    <time>2024-04-21T13:40:24Z</time>
   </trkpt>
   <trkpt lat="48.3345390" lon="7.3273790">
    <ele>253.0</ele>
    <time>2024-04-21T13:40:25Z</time>
   </trkpt>
   <trkpt lat="48.3346040" lon="7.3273430">
    <ele>253.0</ele>
    <time>2024-04-21T13:40:26Z</time>
   </trkpt>
   <trkpt lat="48.3346690" lon="7.3273060">
    <ele>253.0</ele>
    <time>2024-04-21T13:40:27Z</time>
   </trkpt>
   <trkpt lat="48.3347340" lon="7.3272740">
    <ele>253.1</ele>
    <time>2024-04-21T13:40:28Z</time>
   </trkpt>
   <trkpt lat="48.3347990" lon="7.3272470">
    <ele>253.1</ele>
    <time>2024-04-21T13:40:29Z</time>
   </trkpt>
   <trkpt lat="48.3348650" lon="7.3272200">
    <ele>253.2</ele>
    <time>2024-04-21T13:40:30Z</time>
   </trkpt>
   <trkpt lat="48.3349310" lon="7.3271940">
    <ele>253.2</ele>
    <time>2024-04-21T13:40:31Z</time>
   </trkpt>
   <trkpt lat="48.3349970" lon="7.3271680">
    <ele>253.3</ele>
    <time>2024-04-21T13:40:32Z</time>
   </trkpt>
   <trkpt lat="48.3350640" lon="7.3271440">
    <ele>253.3</ele>
    <time>2024-04-21T13:40:33Z</time>
   </trkpt>
   <trkpt lat="48.3351300" lon="7.3271170">
    <ele>253.3</ele>
    <time>2024-04-21T13:40:34Z</time>
   </trkpt>
   <trkpt lat="48.3351960" lon="7.3270900">
    <ele>253.4</ele>
    <time>2024-04-21T13:40:35Z</time>
   </trkpt>
   <trkpt lat="48.3352640" lon="7.3270690">
    <ele>253.4</ele>
    <time>2024-04-21T13:40:36Z</time>
   </trkpt>
   <trkpt lat="48.3353310" lon="7.3270450">
    <ele>253.5</ele>
    <time>2024-04-21T13:40:37Z</time>
   </trkpt>
   <trkpt lat="48.3354000" lon="7.3270210">
    <ele>253.5</ele>
    <time>2024-04-21T13:40:38Z</time>
   </trkpt>
   <trkpt lat="48.3354640" lon="7.3269960">
    <ele>253.6</ele>
    <time>2024-04-21T13:40:39Z</time>
   </trkpt>
   <trkpt lat="48.3355290" lon="7.3269670">
    <ele>253.7</ele>
    <time>2024-04-21T13:40:40Z</time>
   </trkpt>
   <trkpt lat="48.3355890" lon="7.3269350">
    <ele>253.7</ele>
    <time>2024-04-21T13:40:41Z</time>
   </trkpt>
   <trkpt lat="48.3356520" lon="7.3269030">
    <ele>253.7</ele>
    <time>2024-04-21T13:40:42Z</time>
   </trkpt>
   <trkpt lat="48.3357120" lon="7.3268650">
    <ele>253.8</ele>
    <time>2024-04-21T13:40:43Z</time>
   </trkpt>
   <trkpt lat="48.3357720" lon="7.3268240">
    <ele>253.8</ele>
    <time>2024-04-21T13:40:44Z</time>
   </trkpt>
   <trkpt lat="48.3358280" lon="7.3267760">
    <ele>253.8</ele>
    <time>2024-04-21T13:40:45Z</time>
   </trkpt>
   <trkpt lat="48.3358860" lon="7.3267280">
    <ele>253.9</ele>
    <time>2024-04-21T13:40:46Z</time>
   </trkpt>
   <trkpt lat="48.3359430" lon="7.3266850">
    <ele>253.9</ele>
    <time>2024-04-21T13:40:47Z</time>
   </trkpt>
   <trkpt lat="48.3360010" lon="7.3266360">
    <ele>253.9</ele>
    <time>2024-04-21T13:40:48Z</time>
   </trkpt>
   <trkpt lat="48.3360550" lon="7.3265850">
    <ele>254.0</ele>
    <time>2024-04-21T13:40:49Z</time>
   </trkpt>
   <trkpt lat="48.3361100" lon="7.3265240">
    <ele>254.0</ele>
    <time>2024-04-21T13:40:50Z</time>
   </trkpt>
   <trkpt lat="48.3361610" lon="7.3264590">
    <ele>254.0</ele>
    <time>2024-04-21T13:40:51Z</time>
   </trkpt>
   <trkpt lat="48.3362110" lon="7.3263910">
    <ele>254.1</ele>
    <time>2024-04-21T13:40:52Z</time>
   </trkpt>
   <trkpt lat="48.3362590" lon="7.3263190">
    <ele>254.2</ele>
    <time>2024-04-21T13:40:53Z</time>
   </trkpt>
   <trkpt lat="48.3363040" lon="7.3262430">
    <ele>254.2</ele>
    <time>2024-04-21T13:40:54Z</time>
   </trkpt>
   <trkpt lat="48.3363460" lon="7.3261660">
    <ele>254.3</ele>
    <time>2024-04-21T13:40:55Z</time>
   </trkpt>
   <trkpt lat="48.3363860" lon="7.3260850">
    <ele>254.4</ele>
    <time>2024-04-21T13:40:56Z</time>
   </trkpt>
   <trkpt lat="48.3364240" lon="7.3260030">
    <ele>254.4</ele>
    <time>2024-04-21T13:40:57Z</time>
   </trkpt>
   <trkpt lat="48.3364570" lon="7.3259190">
    <ele>254.5</ele>
    <time>2024-04-21T13:40:58Z</time>
   </trkpt>
   <trkpt lat="48.3364880" lon="7.3258330">
    <ele>254.5</ele>
    <time>2024-04-21T13:40:59Z</time>
   </trkpt>
   <trkpt lat="48.3365180" lon="7.3257440">
    <ele>254.6</ele>
    <time>2024-04-21T13:41:00Z</time>
   </trkpt>
   <trkpt lat="48.3365450" lon="7.3256530">
    <ele>254.6</ele>
    <time>2024-04-21T13:41:01Z</time>
   </trkpt>
   <trkpt lat="48.3365630" lon="7.3255580">
    <ele>254.7</ele>
    <time>2024-04-21T13:41:02Z</time>
   </trkpt>
   <trkpt lat="48.3365740" lon="7.3254600">
    <ele>254.7</ele>
    <time>2024-04-21T13:41:03Z</time>
   </trkpt>
   <trkpt lat="48.3365840" lon="7.3253620">
    <ele>254.8</ele>
    <time>2024-04-21T13:41:04Z</time>
   </trkpt>
   <trkpt lat="48.3365950" lon="7.3252640">
    <ele>254.8</ele>
    <time>2024-04-21T13:41:05Z</time>
   </trkpt>
   <trkpt lat="48.3366090" lon="7.3251700">
    <ele>254.8</ele>
    <time>2024-04-21T13:41:06Z</time>
   </trkpt>
   <trkpt lat="48.3366390" lon="7.3250860">
    <ele>254.8</ele>
    <time>2024-04-21T13:41:07Z</time>
   </trkpt>
   <trkpt lat="48.3366800" lon="7.3250080">
    <ele>254.9</ele>
    <time>2024-04-21T13:41:08Z</time>
   </trkpt>
   <trkpt lat="48.3367190" lon="7.3249290">
    <ele>255.0</ele>
    <time>2024-04-21T13:41:09Z</time>
   </trkpt>
   <trkpt lat="48.3367520" lon="7.3248450">
    <ele>255.0</ele>
    <time>2024-04-21T13:41:10Z</time>
   </trkpt>
   <trkpt lat="48.3367760" lon="7.3247520">
    <ele>255.0</ele>
    <time>2024-04-21T13:41:11Z</time>
   </trkpt>
   <trkpt lat="48.3367910" lon="7.3246530">
    <ele>255.0</ele>
    <time>2024-04-21T13:41:12Z</time>
   </trkpt>
   <trkpt lat="48.3368120" lon="7.3245590">
    <ele>255.0</ele>
    <time>2024-04-21T13:41:13Z</time>
   </trkpt>
   <trkpt lat="48.3368340" lon="7.3244660">
    <ele>255.1</ele>
    <time>2024-04-21T13:41:14Z</time>
   </trkpt>
   <trkpt lat="48.3368590" lon="7.3243750">
    <ele>255.1</ele>
    <time>2024-04-21T13:41:15Z</time>
   </trkpt>
   <trkpt lat="48.3368850" lon="7.3242840">
    <ele>255.1</ele>
    <time>2024-04-21T13:41:16Z</time>
   </trkpt>
   <trkpt lat="48.3369080" lon="7.3241920">
    <ele>255.2</ele>
    <time>2024-04-21T13:41:17Z</time>
   </trkpt>
   <trkpt lat="48.3369300" lon="7.3240990">
    <ele>255.2</ele>
    <time>2024-04-21T13:41:18Z</time>
   </trkpt>
   <trkpt lat="48.3369560" lon="7.3240050">
    <ele>255.2</ele>
    <time>2024-04-21T13:41:19Z</time>
   </trkpt>
   <trkpt lat="48.3369840" lon="7.3239110">
    <ele>255.2</ele>
    <time>2024-04-21T13:41:20Z</time>
   </trkpt>
   <trkpt lat="48.3370060" lon="7.3238190">
    <ele>255.2</ele>
    <time>2024-04-21T13:41:21Z</time>
   </trkpt>
   <trkpt lat="48.3370330" lon="7.3237240">
    <ele>255.2</ele>
    <time>2024-04-21T13:41:22Z</time>
   </trkpt>
   <trkpt lat="48.3370620" lon="7.3236270">
    <ele>255.2</ele>
    <time>2024-04-21T13:41:23Z</time>
   </trkpt>
   <trkpt lat="48.3370910" lon="7.3235310">
    <ele>255.1</ele>
    <time>2024-04-21T13:41:24Z</time>
   </trkpt>
   <trkpt lat="48.3371180" lon="7.3234380">
    <ele>255.1</ele>
    <time>2024-04-21T13:41:25Z</time>
   </trkpt>
   <trkpt lat="48.3371460" lon="7.3233420">
    <ele>255.0</ele>
    <time>2024-04-21T13:41:26Z</time>
   </trkpt>
   <trkpt lat="48.3371780" lon="7.3232480">
    <ele>255.0</ele>
    <time>2024-04-21T13:41:27Z</time>
   </trkpt>
   <trkpt lat="48.3372110" lon="7.3231530">
    <ele>254.9</ele>
    <time>2024-04-21T13:41:28Z</time>
   </trkpt>
   <trkpt lat="48.3372450" lon="7.3230620">
    <ele>254.8</ele>
    <time>2024-04-21T13:41:29Z</time>
   </trkpt>
   <trkpt lat="48.3372820" lon="7.3229710">
    <ele>254.8</ele>
    <time>2024-04-21T13:41:30Z</time>
   </trkpt>
   <trkpt lat="48.3373200" lon="7.3228800">
    <ele>254.8</ele>
    <time>2024-04-21T13:41:31Z</time>
   </trkpt>
   <trkpt lat="48.3373550" lon="7.3227900">
    <ele>254.7</ele>
    <time>2024-04-21T13:41:32Z</time>
   </trkpt>
   <trkpt lat="48.3373900" lon="7.3226970">
    <ele>254.7</ele>
    <time>2024-04-21T13:41:33Z</time>
   </trkpt>
   <trkpt lat="48.3374260" lon="7.3226070">
    <ele>254.7</ele>
    <time>2024-04-21T13:41:34Z</time>
   </trkpt>
   <trkpt lat="48.3374640" lon="7.3225160">
    <ele>254.6</ele>
    <time>2024-04-21T13:41:35Z</time>
   </trkpt>
   <trkpt lat="48.3375040" lon="7.3224260">
    <ele>254.6</ele>
    <time>2024-04-21T13:41:36Z</time>
   </trkpt>
   <trkpt lat="48.3375440" lon="7.3223380">
    <ele>254.6</ele>
    <time>2024-04-21T13:41:37Z</time>
   </trkpt>
   <trkpt lat="48.3375850" lon="7.3222510">
    <ele>254.5</ele>
    <time>2024-04-21T13:41:38Z</time>
   </trkpt>
   <trkpt lat="48.3376280" lon="7.3221650">
    <ele>254.5</ele>
    <time>2024-04-21T13:41:39Z</time>
   </trkpt>
   <trkpt lat="48.3376680" lon="7.3220760">
    <ele>254.5</ele>
    <time>2024-04-21T13:41:40Z</time>
   </trkpt>
   <trkpt lat="48.3377070" lon="7.3219890">
    <ele>254.6</ele>
    <time>2024-04-21T13:41:41Z</time>
   </trkpt>
   <trkpt lat="48.3377480" lon="7.3219050">
    <ele>254.6</ele>
    <time>2024-04-21T13:41:42Z</time>
   </trkpt>
   <trkpt lat="48.3377910" lon="7.3218220">
    <ele>254.7</ele>
    <time>2024-04-21T13:41:43Z</time>
   </trkpt>
   <trkpt lat="48.3378340" lon="7.3217410">
    <ele>254.7</ele>
    <time>2024-04-21T13:41:44Z</time>
   </trkpt>
   <trkpt lat="48.3378780" lon="7.3216610">
    <ele>254.8</ele>
    <time>2024-04-21T13:41:45Z</time>
   </trkpt>
   <trkpt lat="48.3379220" lon="7.3215840">
    <ele>254.9</ele>
    <time>2024-04-21T13:41:46Z</time>
   </trkpt>
   <trkpt lat="48.3379690" lon="7.3215110">
    <ele>255.0</ele>
    <time>2024-04-21T13:41:47Z</time>
   </trkpt>
   <trkpt lat="48.3380150" lon="7.3214380">
    <ele>255.1</ele>
    <time>2024-04-21T13:41:48Z</time>
   </trkpt>
   <trkpt lat="48.3380610" lon="7.3213660">
    <ele>255.2</ele>
    <time>2024-04-21T13:41:49Z</time>
   </trkpt>
   <trkpt lat="48.3381010" lon="7.3212930">
    <ele>255.4</ele>
    <time>2024-04-21T13:41:50Z</time>
   </trkpt>
   <trkpt lat="48.3381380" lon="7.3212220">
    <ele>255.5</ele>
    <time>2024-04-21T13:41:51Z</time>
   </trkpt>
   <trkpt lat="48.3381800" lon="7.3211560">
    <ele>255.6</ele>
    <time>2024-04-21T13:41:52Z</time>
   </trkpt>
   <trkpt lat="48.3382210" lon="7.3210920">
    <ele>255.7</ele>
    <time>2024-04-21T13:41:53Z</time>
   </trkpt>
   <trkpt lat="48.3382590" lon="7.3210340">
    <ele>255.8</ele>
    <time>2024-04-21T13:41:54Z</time>
   </trkpt>
   <trkpt lat="48.3382980" lon="7.3209770">
    <ele>255.8</ele>
    <time>2024-04-21T13:41:55Z</time>
   </trkpt>
   <trkpt lat="48.3383350" lon="7.3209210">
    <ele>255.8</ele>
    <time>2024-04-21T13:41:56Z</time>
   </trkpt>
   <trkpt lat="48.3383700" lon="7.3208650">
    <ele>255.9</ele>
    <time>2024-04-21T13:41:57Z</time>
   </trkpt>
   <trkpt lat="48.3384060" lon="7.3208080">
    <ele>255.9</ele>
    <time>2024-04-21T13:41:58Z</time>
   </trkpt>
   <trkpt lat="48.3384430" lon="7.3207540">
    <ele>255.9</ele>
    <time>2024-04-21T13:41:59Z</time>
   </trkpt>
   <trkpt lat="48.3384800" lon="7.3207010">
    <ele>256.0</ele>
    <time>2024-04-21T13:42:00Z</time>
   </trkpt>
   <trkpt lat="48.3385150" lon="7.3206450">
    <ele>256.1</ele>
    <time>2024-04-21T13:42:01Z</time>
   </trkpt>
   <trkpt lat="48.3385510" lon="7.3205910">
    <ele>256.1</ele>
    <time>2024-04-21T13:42:02Z</time>
   </trkpt>
   <trkpt lat="48.3385870" lon="7.3205390">
    <ele>256.2</ele>
    <time>2024-04-21T13:42:03Z</time>
   </trkpt>
   <trkpt lat="48.3386200" lon="7.3204850">
    <ele>256.3</ele>
    <time>2024-04-21T13:42:04Z</time>
   </trkpt>
   <trkpt lat="48.3386530" lon="7.3204320">
    <ele>256.3</ele>
    <time>2024-04-21T13:42:05Z</time>
   </trkpt>
   <trkpt lat="48.3386840" lon="7.3203770">
    <ele>256.4</ele>
    <time>2024-04-21T13:42:06Z</time>
   </trkpt>
   <trkpt lat="48.3387150" lon="7.3203210">
    <ele>256.4</ele>
    <time>2024-04-21T13:42:07Z</time>
   </trkpt>
   <trkpt lat="48.3387460" lon="7.3202650">
    <ele>256.5</ele>
    <time>2024-04-21T13:42:08Z</time>
   </trkpt>
   <trkpt lat="48.3387760" lon="7.3202080">
    <ele>256.6</ele>
    <time>2024-04-21T13:42:09Z</time>
   </trkpt>
   <trkpt lat="48.3388020" lon="7.3201470">
    <ele>256.7</ele>
    <time>2024-04-21T13:42:10Z</time>
   </trkpt>
   <trkpt lat="48.3388290" lon="7.3200860">
    <ele>256.9</ele>
    <time>2024-04-21T13:42:11Z</time>
   </trkpt>
   <trkpt lat="48.3388550" lon="7.3200270">
    <ele>257.0</ele>
    <time>2024-04-21T13:42:12Z</time>
   </trkpt>
   <trkpt lat="48.3388830" lon="7.3199670">
    <ele>257.2</ele>
    <time>2024-04-21T13:42:13Z</time>
   </trkpt>
   <trkpt lat="48.3389090" lon="7.3199060">
    <ele>257.4</ele>
    <time>2024-04-21T13:42:14Z</time>
   </trkpt>
   <trkpt lat="48.3389340" lon="7.3198450">
    <ele>257.5</ele>
    <time>2024-04-21T13:42:15Z</time>
   </trkpt>
   <trkpt lat="48.3389590" lon="7.3197840">
    <ele>257.7</ele>
    <time>2024-04-21T13:42:16Z</time>
   </trkpt>
   <trkpt lat="48.3389820" lon="7.3197220">
    <ele>257.8</ele>
    <time>2024-04-21T13:42:17Z</time>
   </trkpt>
   <trkpt lat="48.3390070" lon="7.3196610">
    <ele>258.0</ele>
    <time>2024-04-21T13:42:18Z</time>
   </trkpt>
   <trkpt lat="48.3390340" lon="7.3196020">
    <ele>258.2</ele>
    <time>2024-04-21T13:42:19Z</time>
   </trkpt>
   <trkpt lat="48.3390630" lon="7.3195430">
    <ele>258.2</ele>
    <time>2024-04-21T13:42:20Z</time>
   </trkpt>
   <trkpt lat="48.3390930" lon="7.3194810">
    <ele>258.3</ele>
    <time>2024-04-21T13:42:21Z</time>
   </trkpt>
   <trkpt lat="48.3391230" lon="7.3194190">
    <ele>258.4</ele>
    <time>2024-04-21T13:42:22Z</time>
   </trkpt>
   <trkpt lat="48.3391550" lon="7.3193570">
    <ele>258.4</ele>
    <time>2024-04-21T13:42:23Z</time>
   </trkpt>
   <trkpt lat="48.3391880" lon="7.3192940">
    <ele>258.5</ele>
    <time>2024-04-21T13:42:24Z</time>
   </trkpt>
   <trkpt lat="48.3392220" lon="7.3192290">
    <ele>258.5</ele>
    <time>2024-04-21T13:42:25Z</time>
   </trkpt>
   <trkpt lat="48.3392570" lon="7.3191630">
    <ele>258.6</ele>
    <time>2024-04-21T13:42:26Z</time>
   </trkpt>
   <trkpt lat="48.3392920" lon="7.3190960">
    <ele>258.6</ele>
    <time>2024-04-21T13:42:27Z</time>
   </trkpt>
   <trkpt lat="48.3393260" lon="7.3190300">
    <ele>258.7</ele>
    <time>2024-04-21T13:42:28Z</time>
   </trkpt>
   <trkpt lat="48.3393610" lon="7.3189610">
    <ele>258.7</ele>
    <time>2024-04-21T13:42:29Z</time>
   </trkpt>
   <trkpt lat="48.3393980" lon="7.3188920">
    <ele>258.8</ele>
    <time>2024-04-21T13:42:30Z</time>
   </trkpt>
   <trkpt lat="48.3394350" lon="7.3188210">
    <ele>258.8</ele>
    <time>2024-04-21T13:42:31Z</time>
   </trkpt>
   <trkpt lat="48.3394720" lon="7.3187500">
    <ele>258.9</ele>
    <time>2024-04-21T13:42:32Z</time>
   </trkpt>
   <trkpt lat="48.3395140" lon="7.3186800">
    <ele>258.9</ele>
    <time>2024-04-21T13:42:33Z</time>
   </trkpt>
   <trkpt lat="48.3395540" lon="7.3186080">
    <ele>258.9</ele>
    <time>2024-04-21T13:42:34Z</time>
   </trkpt>
   <trkpt lat="48.3395940" lon="7.3185360">
    <ele>258.9</ele>
    <time>2024-04-21T13:42:35Z</time>
   </trkpt>
   <trkpt lat="48.3396310" lon="7.3184640">
    <ele>258.9</ele>
    <time>2024-04-21T13:42:36Z</time>
   </trkpt>
   <trkpt lat="48.3396690" lon="7.3183900">
    <ele>258.9</ele>
    <time>2024-04-21T13:42:37Z</time>
   </trkpt>
   <trkpt lat="48.3397070" lon="7.3183180">
    <ele>259.0</ele>
    <time>2024-04-21T13:42:38Z</time>
   </trkpt>
   <trkpt lat="48.3397450" lon="7.3182480">
    <ele>259.0</ele>
    <time>2024-04-21T13:42:39Z</time>
   </trkpt>
   <trkpt lat="48.3397830" lon="7.3181810">
    <ele>259.1</ele>
    <time>2024-04-21T13:42:40Z</time>
   </trkpt>
   <trkpt lat="48.3398210" lon="7.3181140">
    <ele>259.1</ele>
    <time>2024-04-21T13:42:41Z</time>
   </trkpt>
   <trkpt lat="48.3398590" lon="7.3180430">
    <ele>259.2</ele>
    <time>2024-04-21T13:42:42Z</time>
   </trkpt>
   <trkpt lat="48.3398940" lon="7.3179720">
    <ele>259.2</ele>
    <time>2024-04-21T13:42:43Z</time>
   </trkpt>
   <trkpt lat="48.3399290" lon="7.3179010">
    <ele>259.3</ele>
    <time>2024-04-21T13:42:44Z</time>
   </trkpt>
   <trkpt lat="48.3399640" lon="7.3178310">
    <ele>259.3</ele>
    <time>2024-04-21T13:42:45Z</time>
   </trkpt>
   <trkpt lat="48.3400010" lon="7.3177610">
    <ele>259.4</ele>
    <time>2024-04-21T13:42:46Z</time>
   </trkpt>
   <trkpt lat="48.3400330" lon="7.3176920">
    <ele>259.4</ele>
    <time>2024-04-21T13:42:47Z</time>
   </trkpt>
   <trkpt lat="48.3400670" lon="7.3176230">
    <ele>259.5</ele>
    <time>2024-04-21T13:42:48Z</time>
   </trkpt>
   <trkpt lat="48.3401010" lon="7.3175530">
    <ele>259.5</ele>
    <time>2024-04-21T13:42:49Z</time>
   </trkpt>
   <trkpt lat="48.3401340" lon="7.3174810">
    <ele>259.6</ele>
    <time>2024-04-21T13:42:50Z</time>
   </trkpt>
   <trkpt lat="48.3401680" lon="7.3174090">
    <ele>259.6</ele>
    <time>2024-04-21T13:42:51Z</time>
   </trkpt>
   <trkpt lat="48.3401980" lon="7.3173330">
    <ele>259.7</ele>
    <time>2024-04-21T13:42:52Z</time>
   </trkpt>
   <trkpt lat="48.3402270" lon="7.3172530">
    <ele>259.7</ele>
    <time>2024-04-21T13:42:53Z</time>
   </trkpt>
   <trkpt lat="48.3402540" lon="7.3171720">
    <ele>259.8</ele>
    <time>2024-04-21T13:42:54Z</time>
   </trkpt>
   <trkpt lat="48.3402790" lon="7.3170920">
    <ele>259.8</ele>
    <time>2024-04-21T13:42:55Z</time>
   </trkpt>
   <trkpt lat="48.3403040" lon="7.3170120">
    <ele>259.8</ele>
    <time>2024-04-21T13:42:56Z</time>
   </trkpt>
   <trkpt lat="48.3403240" lon="7.3169320">
    <ele>259.8</ele>
    <time>2024-04-21T13:42:57Z</time>
   </trkpt>
   <trkpt lat="48.3403420" lon="7.3168520">
    <ele>259.8</ele>
    <time>2024-04-21T13:42:58Z</time>
   </trkpt>
   <trkpt lat="48.3403590" lon="7.3167710">
    <ele>259.8</ele>
    <time>2024-04-21T13:42:59Z</time>
   </trkpt>
   <trkpt lat="48.3403730" lon="7.3166920">
    <ele>259.8</ele>
    <time>2024-04-21T13:43:00Z</time>
   </trkpt>
   <trkpt lat="48.3403860" lon="7.3166110">
    <ele>259.8</ele>
    <time>2024-04-21T13:43:01Z</time>
   </trkpt>
   <trkpt lat="48.3403990" lon="7.3165320">
    <ele>259.8</ele>
    <time>2024-04-21T13:43:02Z</time>
   </trkpt>
   <trkpt lat="48.3404070" lon="7.3164450">
    <ele>259.8</ele>
    <time>2024-04-21T13:43:03Z</time>
   </trkpt>
   <trkpt lat="48.3404140" lon="7.3163550">
    <ele>259.8</ele>
    <time>2024-04-21T13:43:04Z</time>
   </trkpt>
   <trkpt lat="48.3404260" lon="7.3162650">
    <ele>259.8</ele>
    <time>2024-04-21T13:43:05Z</time>
   </trkpt>
   <trkpt lat="48.3404380" lon="7.3161750">
    <ele>259.8</ele>
    <time>2024-04-21T13:43:06Z</time>
   </trkpt>
   <trkpt lat="48.3404450" lon="7.3160830">
    <ele>259.8</ele>
    <time>2024-04-21T13:43:07Z</time>
   </trkpt>
   <trkpt lat="48.3404540" lon="7.3159950">
    <ele>259.7</ele>
    <time>2024-04-21T13:43:08Z</time>
   </trkpt>
   <trkpt lat="48.3404640" lon="7.3159020">
    <ele>259.7</ele>
    <time>2024-04-21T13:43:09Z</time>
   </trkpt>
   <trkpt lat="48.3404690" lon="7.3158050">
    <ele>259.6</ele>
    <time>2024-04-21T13:43:10Z</time>
   </trkpt>
   <trkpt lat="48.3404710" lon="7.3157080">
    <ele>259.6</ele>
    <time>2024-04-21T13:43:11Z</time>
   </trkpt>
   <trkpt lat="48.3404760" lon="7.3156080">
    <ele>259.5</ele>
    <time>2024-04-21T13:43:12Z</time>
   </trkpt>
   <trkpt lat="48.3404820" lon="7.3155130">
    <ele>259.4</ele>
    <time>2024-04-21T13:43:13Z</time>
   </trkpt>
   <trkpt lat="48.3404860" lon="7.3154100">
    <ele>259.3</ele>
    <time>2024-04-21T13:43:14Z</time>
   </trkpt>
   <trkpt lat="48.3404870" lon="7.3153140">
    <ele>259.3</ele>
    <time>2024-04-21T13:43:15Z</time>
   </trkpt>
   <trkpt lat="48.3404890" lon="7.3152190">
    <ele>259.2</ele>
    <time>2024-04-21T13:43:16Z</time>
   </trkpt>
   <trkpt lat="48.3404950" lon="7.3151180">
    <ele>259.2</ele>
    <time>2024-04-21T13:43:17Z</time>
   </trkpt>
   <trkpt lat="48.3404980" lon="7.3150220">
    <ele>259.2</ele>
    <time>2024-04-21T13:43:18Z</time>
   </trkpt>
   <trkpt lat="48.3405030" lon="7.3149260">
    <ele>259.2</ele>
    <time>2024-04-21T13:43:19Z</time>
   </trkpt>
   <trkpt lat="48.3405110" lon="7.3148350">
    <ele>259.2</ele>
    <time>2024-04-21T13:43:20Z</time>
   </trkpt>
   <trkpt lat="48.3405190" lon="7.3147420">
    <ele>259.2</ele>
    <time>2024-04-21T13:43:21Z</time>
   </trkpt>
   <trkpt lat="48.3405290" lon="7.3146500">
    <ele>259.2</ele>
    <time>2024-04-21T13:43:22Z</time>
   </trkpt>
   <trkpt lat="48.3405360" lon="7.3145550">
    <ele>259.1</ele>
    <time>2024-04-21T13:43:23Z</time>
   </trkpt>
   <trkpt lat="48.3405410" lon="7.3144580">
    <ele>259.1</ele>
    <time>2024-04-21T13:43:24Z</time>
   </trkpt>
   <trkpt lat="48.3405460" lon="7.3143610">
    <ele>259.1</ele>
    <time>2024-04-21T13:43:25Z</time>
   </trkpt>
   <trkpt lat="48.3405530" lon="7.3142670">
    <ele>259.1</ele>
    <time>2024-04-21T13:43:26Z</time>
   </trkpt>
   <trkpt lat="48.3405620" lon="7.3141750">
    <ele>259.1</ele>
    <time>2024-04-21T13:43:27Z</time>
   </trkpt>
   <trkpt lat="48.3405690" lon="7.3140820">
    <ele>259.1</ele>
    <time>2024-04-21T13:43:28Z</time>
   </trkpt>
   <trkpt lat="48.3405750" lon="7.3139920">
    <ele>259.1</ele>
    <time>2024-04-21T13:43:29Z</time>
   </trkpt>
   <trkpt lat="48.3405830" lon="7.3139020">
    <ele>259.1</ele>
    <time>2024-04-21T13:43:30Z</time>
   </trkpt>
   <trkpt lat="48.3405930" lon="7.3138100">
    <ele>259.1</ele>
    <time>2024-04-21T13:43:31Z</time>
   </trkpt>
   <trkpt lat="48.3406070" lon="7.3137210">
    <ele>259.1</ele>
    <time>2024-04-21T13:43:32Z</time>
   </trkpt>
   <trkpt lat="48.3406170" lon="7.3136310">
    <ele>259.1</ele>
    <time>2024-04-21T13:43:33Z</time>
   </trkpt>
   <trkpt lat="48.3406280" lon="7.3135330">
    <ele>259.2</ele>
    <time>2024-04-21T13:43:34Z</time>
   </trkpt>
   <trkpt lat="48.3406380" lon="7.3134390">
    <ele>259.2</ele>
    <time>2024-04-21T13:43:35Z</time>
   </trkpt>
   <trkpt lat="48.3406470" lon="7.3133470">
    <ele>259.2</ele>
    <time>2024-04-21T13:43:36Z</time>
   </trkpt>
   <trkpt lat="48.3406550" lon="7.3132520">
    <ele>259.3</ele>
    <time>2024-04-21T13:43:37Z</time>
   </trkpt>
   <trkpt lat="48.3406620" lon="7.3131610">
    <ele>259.3</ele>
    <time>2024-04-21T13:43:38Z</time>
   </trkpt>
   <trkpt lat="48.3406720" lon="7.3130740">
    <ele>259.3</ele>
    <time>2024-04-21T13:43:39Z</time>
   </trkpt>
   <trkpt lat="48.3406830" lon="7.3129860">
    <ele>259.3</ele>
    <time>2024-04-21T13:43:40Z</time>
   </trkpt>
   <trkpt lat="48.3406990" lon="7.3128970">
    <ele>259.4</ele>
    <time>2024-04-21T13:43:41Z</time>
   </trkpt>
   <trkpt lat="48.3407140" lon="7.3128080">
    <ele>259.4</ele>
    <time>2024-04-21T13:43:42Z</time>
   </trkpt>
   <trkpt lat="48.3407230" lon="7.3127200">
    <ele>259.4</ele>
    <time>2024-04-21T13:43:43Z</time>
   </trkpt>
   <trkpt lat="48.3407310" lon="7.3126340">
    <ele>259.4</ele>
    <time>2024-04-21T13:43:44Z</time>
   </trkpt>
   <trkpt lat="48.3407430" lon="7.3125470">
    <ele>259.5</ele>
    <time>2024-04-21T13:43:45Z</time>
   </trkpt>
   <trkpt lat="48.3407540" lon="7.3124630">
    <ele>259.5</ele>
    <time>2024-04-21T13:43:46Z</time>
   </trkpt>
   <trkpt lat="48.3407660" lon="7.3123800">
    <ele>259.5</ele>
    <time>2024-04-21T13:43:47Z</time>
   </trkpt>
   <trkpt lat="48.3407780" lon="7.3122960">
    <ele>259.6</ele>
    <time>2024-04-21T13:43:48Z</time>
   </trkpt>
   <trkpt lat="48.3407870" lon="7.3122120">
    <ele>259.6</ele>
    <time>2024-04-21T13:43:49Z</time>
   </trkpt>
   <trkpt lat="48.3407970" lon="7.3121290">
    <ele>259.6</ele>
    <time>2024-04-21T13:43:50Z</time>
   </trkpt>
   <trkpt lat="48.3408080" lon="7.3120420">
    <ele>259.7</ele>
    <time>2024-04-21T13:43:51Z</time>
   </trkpt>
   <trkpt lat="48.3408200" lon="7.3119570">
    <ele>259.7</ele>
    <time>2024-04-21T13:43:52Z</time>
   </trkpt>
   <trkpt lat="48.3408330" lon="7.3118750">
    <ele>259.8</ele>
    <time>2024-04-21T13:43:53Z</time>
   </trkpt>
   <trkpt lat="48.3408460" lon="7.3117930">
    <ele>259.9</ele>
    <time>2024-04-21T13:43:54Z</time>
   </trkpt>
   <trkpt lat="48.3408590" lon="7.3117130">
    <ele>259.9</ele>
    <time>2024-04-21T13:43:55Z</time>
   </trkpt>
   <trkpt lat="48.3408710" lon="7.3116320">
    <ele>260.0</ele>
    <time>2024-04-21T13:43:56Z</time>
   </trkpt>
   <trkpt lat="48.3408810" lon="7.3115510">
    <ele>260.0</ele>
    <time>2024-04-21T13:43:57Z</time>
   </trkpt>
   <trkpt lat="48.3408890" lon="7.3114740">
    <ele>260.1</ele>
    <time>2024-04-21T13:43:58Z</time>
   </trkpt>
   <trkpt lat="48.3408960" lon="7.3113960">
    <ele>260.2</ele>
    <time>2024-04-21T13:43:59Z</time>
   </trkpt>
   <trkpt lat="48.3409050" lon="7.3113230">
    <ele>260.2</ele>
    <time>2024-04-21T13:44:00Z</time>
   </trkpt>
   <trkpt lat="48.3409170" lon="7.3112500">
    <ele>260.3</ele>
    <time>2024-04-21T13:44:01Z</time>
   </trkpt>
   <trkpt lat="48.3409320" lon="7.3111770">
    <ele>260.4</ele>
    <time>2024-04-21T13:44:02Z</time>
   </trkpt>
   <trkpt lat="48.3409460" lon="7.3111050">
    <ele>260.4</ele>
    <time>2024-04-21T13:44:03Z</time>
   </trkpt>
   <trkpt lat="48.3409580" lon="7.3110340">
    <ele>260.5</ele>
    <time>2024-04-21T13:44:04Z</time>
   </trkpt>
   <trkpt lat="48.3409770" lon="7.3109670">
    <ele>260.5</ele>
    <time>2024-04-21T13:44:05Z</time>
   </trkpt>
   <trkpt lat="48.3410010" lon="7.3109030">
    <ele>260.6</ele>
    <time>2024-04-21T13:44:06Z</time>
   </trkpt>
   <trkpt lat="48.3410290" lon="7.3108450">
    <ele>260.6</ele>
    <time>2024-04-21T13:44:07Z</time>
   </trkpt>
   <trkpt lat="48.3410570" lon="7.3107860">
    <ele>260.6</ele>
    <time>2024-04-21T13:44:08Z</time>
   </trkpt>
   <trkpt lat="48.3410830" lon="7.3107230">
    <ele>260.7</ele>
    <time>2024-04-21T13:44:09Z</time>
   </trkpt>
   <trkpt lat="48.3411000" lon="7.3106500">
    <ele>260.8</ele>
    <time>2024-04-21T13:44:10Z</time>
   </trkpt>
   <trkpt lat="48.3411090" lon="7.3105740">
    <ele>260.8</ele>
    <time>2024-04-21T13:44:11Z</time>
   </trkpt>
   <trkpt lat="48.3411170" lon="7.3104970">
    <ele>260.9</ele>
    <time>2024-04-21T13:44:12Z</time>
   </trkpt>
   <trkpt lat="48.3411280" lon="7.3104240">
    <ele>260.9</ele>
    <time>2024-04-21T13:44:13Z</time>
   </trkpt>
   <trkpt lat="48.3411450" lon="7.3103540">
    <ele>261.0</ele>
    <time>2024-04-21T13:44:14Z</time>
   </trkpt>
   <trkpt lat="48.3411660" lon="7.3102860">
    <ele>261.1</ele>
    <time>2024-04-21T13:44:15Z</time>
   </trkpt>
   <trkpt lat="48.3411890" lon="7.3102180">
    <ele>261.1</ele>
    <time>2024-04-21T13:44:16Z</time>
   </trkpt>
   <trkpt lat="48.3412130" lon="7.3101530">
    <ele>261.2</ele>
    <time>2024-04-21T13:44:17Z</time>
   </trkpt>
   <trkpt lat="48.3412370" lon="7.3100860">
    <ele>261.3</ele>
    <time>2024-04-21T13:44:18Z</time>
   </trkpt>
   <trkpt lat="48.3412580" lon="7.3100180">
    <ele>261.3</ele>
    <time>2024-04-21T13:44:19Z</time>
   </trkpt>
   <trkpt lat="48.3412800" lon="7.3099530">
    <ele>261.4</ele>
    <time>2024-04-21T13:44:20Z</time>
   </trkpt>
   <trkpt lat="48.3413010" lon="7.3098860">
    <ele>261.5</ele>
    <time>2024-04-21T13:44:21Z</time>
   </trkpt>
   <trkpt lat="48.3413230" lon="7.3098190">
    <ele>261.6</ele>
    <time>2024-04-21T13:44:22Z</time>
   </trkpt>
   <trkpt lat="48.3413480" lon="7.3097520">
    <ele>261.6</ele>
    <time>2024-04-21T13:44:23Z</time>
   </trkpt>
   <trkpt lat="48.3413720" lon="7.3096860">
    <ele>261.7</ele>
    <time>2024-04-21T13:44:24Z</time>
   </trkpt>
   <trkpt lat="48.3413960" lon="7.3096260">
    <ele>261.8</ele>
    <time>2024-04-21T13:44:25Z</time>
   </trkpt>
   <trkpt lat="48.3414190" lon="7.3095620">
    <ele>261.9</ele>
    <time>2024-04-21T13:44:26Z</time>
   </trkpt>
   <trkpt lat="48.3414430" lon="7.3094980">
    <ele>261.9</ele>
    <time>2024-04-21T13:44:27Z</time>
   </trkpt>
   <trkpt lat="48.3414680" lon="7.3094380">
    <ele>262.0</ele>
    <time>2024-04-21T13:44:28Z</time>
   </trkpt>
   <trkpt lat="48.3414910" lon="7.3093750">
    <ele>262.1</ele>
    <time>2024-04-21T13:44:29Z</time>
   </trkpt>
   <trkpt lat="48.3415150" lon="7.3093100">
    <ele>262.1</ele>
    <time>2024-04-21T13:44:30Z</time>
   </trkpt>
   <trkpt lat="48.3415380" lon="7.3092450">
    <ele>262.2</ele>
    <time>2024-04-21T13:44:31Z</time>
   </trkpt>
   <trkpt lat="48.3415630" lon="7.3091830">
    <ele>262.3</ele>
    <time>2024-04-21T13:44:32Z</time>
   </trkpt>
   <trkpt lat="48.3415920" lon="7.3091270">
    <ele>262.4</ele>
    <time>2024-04-21T13:44:33Z</time>
   </trkpt>
   <trkpt lat="48.3416220" lon="7.3090710">
    <ele>262.5</ele>
    <time>2024-04-21T13:44:34Z</time>
   </trkpt>
   <trkpt lat="48.3416500" lon="7.3090180">
    <ele>262.6</ele>
    <time>2024-04-21T13:44:35Z</time>
   </trkpt>
   <trkpt lat="48.3416820" lon="7.3089660">
    <ele>262.7</ele>
    <time>2024-04-21T13:44:36Z</time>
   </trkpt>
   <trkpt lat="48.3417130" lon="7.3089120">
    <ele>262.8</ele>
    <time>2024-04-21T13:44:37Z</time>
   </trkpt>
   <trkpt lat="48.3417470" lon="7.3088610">
    <ele>262.9</ele>
    <time>2024-04-21T13:44:38Z</time>
   </trkpt>
   <trkpt lat="48.3417840" lon="7.3088090">
    <ele>263.0</ele>
    <time>2024-04-21T13:44:39Z</time>
   </trkpt>
   <trkpt lat="48.3418210" lon="7.3087570">
    <ele>263.1</ele>
    <time>2024-04-21T13:44:40Z</time>
   </trkpt>
   <trkpt lat="48.3418600" lon="7.3087110">
    <ele>263.2</ele>
    <time>2024-04-21T13:44:41Z</time>
   </trkpt>
   <trkpt lat="48.3419000" lon="7.3086650">
    <ele>263.3</ele>
    <time>2024-04-21T13:44:42Z</time>
   </trkpt>
   <trkpt lat="48.3419410" lon="7.3086200">
    <ele>263.4</ele>
    <time>2024-04-21T13:44:43Z</time>
   </trkpt>
   <trkpt lat="48.3419840" lon="7.3085790">
    <ele>263.5</ele>
    <time>2024-04-21T13:44:44Z</time>
   </trkpt>
   <trkpt lat="48.3420240" lon="7.3085400">
    <ele>263.6</ele>
    <time>2024-04-21T13:44:45Z</time>
   </trkpt>
   <trkpt lat="48.3420650" lon="7.3085000">
    <ele>263.7</ele>
    <time>2024-04-21T13:44:46Z</time>
   </trkpt>
   <trkpt lat="48.3421080" lon="7.3084600">
    <ele>263.7</ele>
    <time>2024-04-21T13:44:47Z</time>
   </trkpt>
   <trkpt lat="48.3421510" lon="7.3084230">
    <ele>263.8</ele>
    <time>2024-04-21T13:44:48Z</time>
   </trkpt>
   <trkpt lat="48.3421940" lon="7.3083820">
    <ele>263.9</ele>
    <time>2024-04-21T13:44:49Z</time>
   </trkpt>
   <trkpt lat="48.3422370" lon="7.3083400">
    <ele>264.1</ele>
    <time>2024-04-21T13:44:50Z</time>
   </trkpt>
   <trkpt lat="48.3422820" lon="7.3083000">
    <ele>264.2</ele>
    <time>2024-04-21T13:44:51Z</time>
   </trkpt>
   <trkpt lat="48.3423270" lon="7.3082600">
    <ele>264.3</ele>
    <time>2024-04-21T13:44:52Z</time>
   </trkpt>
   <trkpt lat="48.3423710" lon="7.3082230">
    <ele>264.4</ele>
    <time>2024-04-21T13:44:53Z</time>
   </trkpt>
   <trkpt lat="48.3424150" lon="7.3081810">
    <ele>264.5</ele>
    <time>2024-04-21T13:44:54Z</time>
   </trkpt>
   <trkpt lat="48.3424570" lon="7.3081410">
    <ele>264.6</ele>
    <time>2024-04-21T13:44:55Z</time>
   </trkpt>
   <trkpt lat="48.3424990" lon="7.3080960">
    <ele>264.7</ele>
    <time>2024-04-21T13:44:56Z</time>
   </trkpt>
   <trkpt lat="48.3425410" lon="7.3080530">
    <ele>264.8</ele>
    <time>2024-04-21T13:44:57Z</time>
   </trkpt>
   <trkpt lat="48.3425780" lon="7.3080030">
    <ele>264.9</ele>
    <time>2024-04-21T13:44:58Z</time>
   </trkpt>
   <trkpt lat="48.3426160" lon="7.3079510">
    <ele>265.0</ele>
    <time>2024-04-21T13:44:59Z</time>
   </trkpt>
   <trkpt lat="48.3426540" lon="7.3079020">
    <ele>265.1</ele>
    <time>2024-04-21T13:45:00Z</time>
   </trkpt>
   <trkpt lat="48.3426920" lon="7.3078540">
    <ele>265.1</ele>
    <time>2024-04-21T13:45:01Z</time>
   </trkpt>
   <trkpt lat="48.3427280" lon="7.3078000">
    <ele>265.2</ele>
    <time>2024-04-21T13:45:02Z</time>
   </trkpt>
   <trkpt lat="48.3427620" lon="7.3077450">
    <ele>265.3</ele>
    <time>2024-04-21T13:45:03Z</time>
   </trkpt>
   <trkpt lat="48.3427950" lon="7.3076860">
    <ele>265.4</ele>
    <time>2024-04-21T13:45:04Z</time>
   </trkpt>
   <trkpt lat="48.3428310" lon="7.3076290">
    <ele>265.5</ele>
    <time>2024-04-21T13:45:05Z</time>
   </trkpt>
   <trkpt lat="48.3428670" lon="7.3075730">
    <ele>265.5</ele>
    <time>2024-04-21T13:45:06Z</time>
   </trkpt>
   <trkpt lat="48.3429030" lon="7.3075170">
    <ele>265.6</ele>
    <time>2024-04-21T13:45:07Z</time>
   </trkpt>
   <trkpt lat="48.3429360" lon="7.3074550">
    <ele>265.7</ele>
    <time>2024-04-21T13:45:08Z</time>
   </trkpt>
   <trkpt lat="48.3429720" lon="7.3073950">
    <ele>265.8</ele>
    <time>2024-04-21T13:45:09Z</time>
   </trkpt>
   <trkpt lat="48.3430080" lon="7.3073380">
    <ele>265.8</ele>
    <time>2024-04-21T13:45:10Z</time>
   </trkpt>
   <trkpt lat="48.3430480" lon="7.3072850">
    <ele>265.8</ele>
    <time>2024-04-21T13:45:11Z</time>
   </trkpt>
   <trkpt lat="48.3430860" lon="7.3072260">
    <ele>265.8</ele>
    <time>2024-04-21T13:45:12Z</time>
   </trkpt>
   <trkpt lat="48.3431230" lon="7.3071670">
    <ele>265.9</ele>
    <time>2024-04-21T13:45:13Z</time>
   </trkpt>
   <trkpt lat="48.3431570" lon="7.3071090">
    <ele>265.9</ele>
    <time>2024-04-21T13:45:14Z</time>
   </trkpt>
   <trkpt lat="48.3431930" lon="7.3070530">
    <ele>265.9</ele>
    <time>2024-04-21T13:45:15Z</time>
   </trkpt>
   <trkpt lat="48.3432300" lon="7.3069930">
    <ele>265.9</ele>
    <time>2024-04-21T13:45:16Z</time>
   </trkpt>
   <trkpt lat="48.3432610" lon="7.3069270">
    <ele>265.9</ele>
    <time>2024-04-21T13:45:17Z</time>
   </trkpt>
   <trkpt lat="48.3432940" lon="7.3068610">
    <ele>265.9</ele>
    <time>2024-04-21T13:45:18Z</time>
   </trkpt>
   <trkpt lat="48.3433290" lon="7.3067930">
    <ele>265.9</ele>
    <time>2024-04-21T13:45:19Z</time>
   </trkpt>
   <trkpt lat="48.3433640" lon="7.3067250">
    <ele>265.9</ele>
    <time>2024-04-21T13:45:20Z</time>
   </trkpt>
   <trkpt lat="48.3434040" lon="7.3066620">
    <ele>266.0</ele>
    <time>2024-04-21T13:45:21Z</time>
   </trkpt>
   <trkpt lat="48.3434470" lon="7.3066020">
    <ele>266.0</ele>
    <time>2024-04-21T13:45:22Z</time>
   </trkpt>
   <trkpt lat="48.3434900" lon="7.3065410">
    <ele>266.0</ele>
    <time>2024-04-21T13:45:23Z</time>
   </trkpt>
   <trkpt lat="48.3435320" lon="7.3064710">
    <ele>266.0</ele>
    <time>2024-04-21T13:45:24Z</time>
   </trkpt>
   <trkpt lat="48.3435670" lon="7.3063970">
    <ele>266.1</ele>
    <time>2024-04-21T13:45:25Z</time>
   </trkpt>
   <trkpt lat="48.3436020" lon="7.3063260">
    <ele>266.2</ele>
    <time>2024-04-21T13:45:26Z</time>
   </trkpt>
   <trkpt lat="48.3436400" lon="7.3062590">
    <ele>266.2</ele>
    <time>2024-04-21T13:45:27Z</time>
   </trkpt>
   <trkpt lat="48.3436830" lon="7.3061930">
    <ele>266.3</ele>
    <time>2024-04-21T13:45:28Z</time>
   </trkpt>
   <trkpt lat="48.3437250" lon="7.3061240">
    <ele>266.3</ele>
    <time>2024-04-21T13:45:29Z</time>
   </trkpt>
   <trkpt lat="48.3437640" lon="7.3060520">
    <ele>266.4</ele>
    <time>2024-04-21T13:45:30Z</time>
   </trkpt>
   <trkpt lat="48.3438000" lon="7.3059790">
    <ele>266.4</ele>
    <time>2024-04-21T13:45:31Z</time>
   </trkpt>
   <trkpt lat="48.3438380" lon="7.3059080">
    <ele>266.5</ele>
    <time>2024-04-21T13:45:32Z</time>
   </trkpt>
   <trkpt lat="48.3438770" lon="7.3058430">
    <ele>266.6</ele>
    <time>2024-04-21T13:45:33Z</time>
   </trkpt>
   <trkpt lat="48.3439170" lon="7.3057750">
    <ele>266.6</ele>
    <time>2024-04-21T13:45:34Z</time>
   </trkpt>
   <trkpt lat="48.3439500" lon="7.3056990">
    <ele>266.7</ele>
    <time>2024-04-21T13:45:35Z</time>
   </trkpt>
   <trkpt lat="48.3439850" lon="7.3056300">
    <ele>266.8</ele>
    <time>2024-04-21T13:45:36Z</time>
   </trkpt>
   <trkpt lat="48.3440200" lon="7.3055640">
    <ele>266.8</ele>
    <time>2024-04-21T13:45:37Z</time>
   </trkpt>
   <trkpt lat="48.3440540" lon="7.3054980">
    <ele>266.9</ele>
    <time>2024-04-21T13:45:38Z</time>
   </trkpt>
   <trkpt lat="48.3440840" lon="7.3054320">
    <ele>267.0</ele>
    <time>2024-04-21T13:45:39Z</time>
   </trkpt>
   <trkpt lat="48.3441130" lon="7.3053650">
    <ele>267.2</ele>
    <time>2024-04-21T13:45:40Z</time>
   </trkpt>
   <trkpt lat="48.3441350" lon="7.3052980">
    <ele>267.3</ele>
    <time>2024-04-21T13:45:41Z</time>
   </trkpt>
   <trkpt lat="48.3441590" lon="7.3052350">
    <ele>267.4</ele>
    <time>2024-04-21T13:45:42Z</time>
   </trkpt>
   <trkpt lat="48.3441870" lon="7.3051780">
    <ele>267.6</ele>
    <time>2024-04-21T13:45:43Z</time>
   </trkpt>
   <trkpt lat="48.3442150" lon="7.3051220">
    <ele>267.8</ele>
    <time>2024-04-21T13:45:44Z</time>
   </trkpt>
   <trkpt lat="48.3442480" lon="7.3050730">
    <ele>267.9</ele>
    <time>2024-04-21T13:45:45Z</time>
   </trkpt>
   <trkpt lat="48.3442880" lon="7.3050450">
    <ele>268.0</ele>
    <time>2024-04-21T13:45:46Z</time>
   </trkpt>
   <trkpt lat="48.3443290" lon="7.3050210">
    <ele>268.2</ele>
    <time>2024-04-21T13:45:47Z</time>
   </trkpt>
   <trkpt lat="48.3443690" lon="7.3049940">
    <ele>268.3</ele>
    <time>2024-04-21T13:45:48Z</time>
   </trkpt>
   <trkpt lat="48.3444070" lon="7.3049620">
    <ele>268.4</ele>
    <time>2024-04-21T13:45:49Z</time>
   </trkpt>
   <trkpt lat="48.3444440" lon="7.3049230">
    <ele>268.5</ele>
    <time>2024-04-21T13:45:50Z</time>
   </trkpt>
   <trkpt lat="48.3444790" lon="7.3048900">
    <ele>268.6</ele>
    <time>2024-04-21T13:45:51Z</time>
   </trkpt>
   <trkpt lat="48.3445080" lon="7.3048530">
    <ele>268.7</ele>
    <time>2024-04-21T13:45:52Z</time>
   </trkpt>
   <trkpt lat="48.3445350" lon="7.3048180">
    <ele>268.9</ele>
    <time>2024-04-21T13:45:53Z</time>
   </trkpt>
   <trkpt lat="48.3445610" lon="7.3047850">
    <ele>269.1</ele>
    <time>2024-04-21T13:45:54Z</time>
   </trkpt>
   <trkpt lat="48.3445860" lon="7.3047490">
    <ele>269.2</ele>
    <time>2024-04-21T13:45:55Z</time>
   </trkpt>
   <trkpt lat="48.3446100" lon="7.3047140">
    <ele>269.4</ele>
    <time>2024-04-21T13:45:56Z</time>
   </trkpt>
   <trkpt lat="48.3446360" lon="7.3046790">
    <ele>269.7</ele>
    <time>2024-04-21T13:45:57Z</time>
   </trkpt>
   <trkpt lat="48.3446600" lon="7.3046440">
    <ele>269.9</ele>
    <time>2024-04-21T13:45:58Z</time>
   </trkpt>
   <trkpt lat="48.3446840" lon="7.3046070">
    <ele>270.1</ele>
    <time>2024-04-21T13:45:59Z</time>
   </trkpt>
   <trkpt lat="48.3447090" lon="7.3045700">
    <ele>270.3</ele>
    <time>2024-04-21T13:46:00Z</time>
   </trkpt>
   <trkpt lat="48.3447340" lon="7.3045330">
    <ele>270.6</ele>
    <time>2024-04-21T13:46:01Z</time>
   </trkpt>
   <trkpt lat="48.3447600" lon="7.3044960">
    <ele>270.8</ele>
    <time>2024-04-21T13:46:02Z</time>
   </trkpt>
   <trkpt lat="48.3447850" lon="7.3044560">
    <ele>271.0</ele>
    <time>2024-04-21T13:46:03Z</time>
   </trkpt>
   <trkpt lat="48.3448100" lon="7.3044170">
    <ele>271.3</ele>
    <time>2024-04-21T13:46:04Z</time>
   </trkpt>
   <trkpt lat="48.3448360" lon="7.3043790">
    <ele>271.5</ele>
    <time>2024-04-21T13:46:05Z</time>
   </trkpt>
   <trkpt lat="48.3448630" lon="7.3043450">
    <ele>271.8</ele>
    <time>2024-04-21T13:46:06Z</time>
   </trkpt>
   <trkpt lat="48.3448900" lon="7.3043110">
    <ele>272.0</ele>
    <time>2024-04-21T13:46:07Z</time>
   </trkpt>
   <trkpt lat="48.3449150" lon="7.3042730">
    <ele>272.3</ele>
    <time>2024-04-21T13:46:08Z</time>
   </trkpt>
   <trkpt lat="48.3449410" lon="7.3042370">
    <ele>272.5</ele>
    <time>2024-04-21T13:46:09Z</time>
   </trkpt>
   <trkpt lat="48.3449670" lon="7.3042010">
    <ele>272.8</ele>
    <time>2024-04-21T13:46:10Z</time>
   </trkpt>
   <trkpt lat="48.3449940" lon="7.3041670">
    <ele>273.0</ele>
    <time>2024-04-21T13:46:11Z</time>
   </trkpt>
   <trkpt lat="48.3450210" lon="7.3041320">
    <ele>273.3</ele>
    <time>2024-04-21T13:46:12Z</time>
   </trkpt>
   <trkpt lat="48.3450480" lon="7.3040970">
    <ele>273.5</ele>
    <time>2024-04-21T13:46:13Z</time>
   </trkpt>
   <trkpt lat="48.3450740" lon="7.3040630">
    <ele>273.8</ele>
    <time>2024-04-21T13:46:14Z</time>
   </trkpt>
   <trkpt lat="48.3451010" lon="7.3040300">
    <ele>274.0</ele>
    <time>2024-04-21T13:46:15Z</time>
   </trkpt>
   <trkpt lat="48.3451260" lon="7.3039940">
    <ele>274.2</ele>
    <time>2024-04-21T13:46:16Z</time>
   </trkpt>
   <trkpt lat="48.3451510" lon="7.3039570">
    <ele>274.4</ele>
    <time>2024-04-21T13:46:17Z</time>
   </trkpt>
   <trkpt lat="48.3451770" lon="7.3039210">
    <ele>274.7</ele>
    <time>2024-04-21T13:46:18Z</time>
   </trkpt>
   <trkpt lat="48.3452050" lon="7.3038850">
    <ele>274.9</ele>
    <time>2024-04-21T13:46:19Z</time>
   </trkpt>
   <trkpt lat="48.3452340" lon="7.3038490">
    <ele>275.1</ele>
    <time>2024-04-21T13:46:20Z</time>
   </trkpt>
   <trkpt lat="48.3452610" lon="7.3038090">
    <ele>275.3</ele>
    <time>2024-04-21T13:46:21Z</time>
   </trkpt>
   <trkpt lat="48.3452860" lon="7.3037670">
    <ele>275.5</ele>
    <time>2024-04-21T13:46:22Z</time>
   </trkpt>
   <trkpt lat="48.3453140" lon="7.3037290">
    <ele>275.7</ele>
    <time>2024-04-21T13:46:23Z</time>
   </trkpt>
   <trkpt lat="48.3453460" lon="7.3036960">
    <ele>275.8</ele>
    <time>2024-04-21T13:46:24Z</time>
   </trkpt>
   <trkpt lat="48.3453750" lon="7.3036580">
    <ele>276.0</ele>
    <time>2024-04-21T13:46:25Z</time>
   </trkpt>
   <trkpt lat="48.3454040" lon="7.3036170">
    <ele>276.2</ele>
    <time>2024-04-21T13:46:26Z</time>
   </trkpt>
   <trkpt lat="48.3454340" lon="7.3035780">
    <ele>276.3</ele>
    <time>2024-04-21T13:46:27Z</time>
   </trkpt>
   <trkpt lat="48.3454640" lon="7.3035410">
    <ele>276.4</ele>
    <time>2024-04-21T13:46:28Z</time>
   </trkpt>
   <trkpt lat="48.3454940" lon="7.3035040">
    <ele>276.6</ele>
    <time>2024-04-21T13:46:29Z</time>
   </trkpt>
   <trkpt lat="48.3455230" lon="7.3034640">
    <ele>276.7</ele>
    <time>2024-04-21T13:46:30Z</time>
   </trkpt>
   <trkpt lat="48.3455520" lon="7.3034260">
    <ele>276.8</ele>
    <time>2024-04-21T13:46:31Z</time>
   </trkpt>
   <trkpt lat="48.3455830" lon="7.3033880">
    <ele>276.9</ele>
    <time>2024-04-21T13:46:32Z</time>
   </trkpt>
   <trkpt lat="48.3456130" lon="7.3033480">
    <ele>277.0</ele>
    <time>2024-04-21T13:46:33Z</time>
   </trkpt>
   <trkpt lat="48.3456440" lon="7.3033060">
    <ele>277.2</ele>
    <time>2024-04-21T13:46:34Z</time>
   </trkpt>
   <trkpt lat="48.3456750" lon="7.3032630">
    <ele>277.3</ele>
    <time>2024-04-21T13:46:35Z</time>
   </trkpt>
   <trkpt lat="48.3457050" lon="7.3032200">
    <ele>277.3</ele>
    <time>2024-04-21T13:46:36Z</time>
   </trkpt>
   <trkpt lat="48.3457380" lon="7.3031790">
    <ele>277.4</ele>
    <time>2024-04-21T13:46:37Z</time>
   </trkpt>
   <trkpt lat="48.3457710" lon="7.3031360">
    <ele>277.5</ele>
    <time>2024-04-21T13:46:38Z</time>
   </trkpt>
   <trkpt lat="48.3458040" lon="7.3030920">
    <ele>277.6</ele>
    <time>2024-04-21T13:46:39Z</time>
   </trkpt>
   <trkpt lat="48.3458360" lon="7.3030450">
    <ele>277.6</ele>
    <time>2024-04-21T13:46:40Z</time>
   </trkpt>
   <trkpt lat="48.3458670" lon="7.3029960">
    <ele>277.7</ele>
    <time>2024-04-21T13:46:41Z</time>
   </trkpt>
   <trkpt lat="48.3458990" lon="7.3029490">
    <ele>277.8</ele>
    <time>2024-04-21T13:46:42Z</time>
   </trkpt>
   <trkpt lat="48.3459300" lon="7.3029010">
    <ele>277.8</ele>
    <time>2024-04-21T13:46:43Z</time>
   </trkpt>
   <trkpt lat="48.3459600" lon="7.3028500">
    <ele>277.9</ele>
    <time>2024-04-21T13:46:44Z</time>
   </trkpt>
   <trkpt lat="48.3459880" lon="7.3027990">
    <ele>277.9</ele>
    <time>2024-04-21T13:46:45Z</time>
   </trkpt>
   <trkpt lat="48.3460200" lon="7.3027470">
    <ele>278.0</ele>
    <time>2024-04-21T13:46:46Z</time>
   </trkpt>
   <trkpt lat="48.3460470" lon="7.3026900">
    <ele>278.0</ele>
    <time>2024-04-21T13:46:47Z</time>
   </trkpt>
   <trkpt lat="48.3460710" lon="7.3026310">
    <ele>278.0</ele>
    <time>2024-04-21T13:46:48Z</time>
   </trkpt>
   <trkpt lat="48.3460930" lon="7.3025700">
    <ele>278.1</ele>
    <time>2024-04-21T13:46:49Z</time>
   </trkpt>
   <trkpt lat="48.3461170" lon="7.3025080">
    <ele>278.1</ele>
    <time>2024-04-21T13:46:50Z</time>
   </trkpt>
   <trkpt lat="48.3461410" lon="7.3024430">
    <ele>278.1</ele>
    <time>2024-04-21T13:46:51Z</time>
   </trkpt>
   <trkpt lat="48.3461630" lon="7.3023790">
    <ele>278.1</ele>
    <time>2024-04-21T13:46:52Z</time>
   </trkpt>
   <trkpt lat="48.3461890" lon="7.3023150">
    <ele>278.2</ele>
    <time>2024-04-21T13:46:53Z</time>
   </trkpt>
   <trkpt lat="48.3462120" lon="7.3022480">
    <ele>278.2</ele>
    <time>2024-04-21T13:46:54Z</time>
   </trkpt>
   <trkpt lat="48.3462360" lon="7.3021780">
    <ele>278.2</ele>
    <time>2024-04-21T13:46:55Z</time>
   </trkpt>
   <trkpt lat="48.3462600" lon="7.3021090">
    <ele>278.2</ele>
    <time>2024-04-21T13:46:56Z</time>
   </trkpt>
   <trkpt lat="48.3462840" lon="7.3020390">
    <ele>278.2</ele>
    <time>2024-04-21T13:46:57Z</time>
   </trkpt>
   <trkpt lat="48.3463070" lon="7.3019680">
    <ele>278.2</ele>
    <time>2024-04-21T13:46:58Z</time>
   </trkpt>
   <trkpt lat="48.3463300" lon="7.3018960">
    <ele>278.2</ele>
    <time>2024-04-21T13:46:59Z</time>
   </trkpt>
   <trkpt lat="48.3463550" lon="7.3018240">
    <ele>278.3</ele>
    <time>2024-04-21T13:47:00Z</time>
   </trkpt>
   <trkpt lat="48.3463780" lon="7.3017510">
    <ele>278.3</ele>
    <time>2024-04-21T13:47:01Z</time>
   </trkpt>
   <trkpt lat="48.3464010" lon="7.3016790">
    <ele>278.3</ele>
    <time>2024-04-21T13:47:02Z</time>
   </trkpt>
   <trkpt lat="48.3464220" lon="7.3016070">
    <ele>278.4</ele>
    <time>2024-04-21T13:47:03Z</time>
   </trkpt>
   <trkpt lat="48.3464430" lon="7.3015370">
    <ele>278.5</ele>
    <time>2024-04-21T13:47:04Z</time>
   </trkpt>
   <trkpt lat="48.3464670" lon="7.3014670">
    <ele>278.5</ele>
    <time>2024-04-21T13:47:05Z</time>
   </trkpt>
   <trkpt lat="48.3464930" lon="7.3013970">
    <ele>278.6</ele>
    <time>2024-04-21T13:47:06Z</time>
   </trkpt>
   <trkpt lat="48.3465180" lon="7.3013280">
    <ele>278.6</ele>
    <time>2024-04-21T13:47:07Z</time>
   </trkpt>
   <trkpt lat="48.3465430" lon="7.3012580">
    <ele>278.7</ele>
    <time>2024-04-21T13:47:08Z</time>
   </trkpt>
   <trkpt lat="48.3465670" lon="7.3011880">
    <ele>278.7</ele>
    <time>2024-04-21T13:47:09Z</time>
   </trkpt>
   <trkpt lat="48.3465910" lon="7.3011170">
    <ele>278.7</ele>
    <time>2024-04-21T13:47:10Z</time>
   </trkpt>
   <trkpt lat="48.3466120" lon="7.3010470">
    <ele>278.8</ele>
    <time>2024-04-21T13:47:11Z</time>
   </trkpt>
   <trkpt lat="48.3466370" lon="7.3009760">
    <ele>278.8</ele>
    <time>2024-04-21T13:47:12Z</time>
   </trkpt>
   <trkpt lat="48.3466600" lon="7.3009030">
    <ele>278.8</ele>
    <time>2024-04-21T13:47:13Z</time>
   </trkpt>
   <trkpt lat="48.3466830" lon="7.3008280">
    <ele>278.8</ele>
    <time>2024-04-21T13:47:14Z</time>
   </trkpt>
   <trkpt lat="48.3467080" lon="7.3007540">
    <ele>278.8</ele>
    <time>2024-04-21T13:47:15Z</time>
   </trkpt>
   <trkpt lat="48.3467330" lon="7.3006780">
    <ele>278.8</ele>
    <time>2024-04-21T13:47:16Z</time>
   </trkpt>
   <trkpt lat="48.3467580" lon="7.3006020">
    <ele>278.8</ele>
    <time>2024-04-21T13:47:17Z</time>
   </trkpt>
   <trkpt lat="48.3467840" lon="7.3005250">
    <ele>278.8</ele>
    <time>2024-04-21T13:47:18Z</time>
   </trkpt>
   <trkpt lat="48.3468110" lon="7.3004490">
    <ele>278.9</ele>
    <time>2024-04-21T13:47:19Z</time>
   </trkpt>
   <trkpt lat="48.3468380" lon="7.3003750">
    <ele>278.9</ele>
    <time>2024-04-21T13:47:20Z</time>
   </trkpt>
   <trkpt lat="48.3468660" lon="7.3002980">
    <ele>278.9</ele>
    <time>2024-04-21T13:47:21Z</time>
   </trkpt>
   <trkpt lat="48.3468910" lon="7.3002190">
    <ele>278.9</ele>
    <time>2024-04-21T13:47:22Z</time>
   </trkpt>
   <trkpt lat="48.3469150" lon="7.3001410">
    <ele>278.9</ele>
    <time>2024-04-21T13:47:23Z</time>
   </trkpt>
   <trkpt lat="48.3469430" lon="7.3000650">
    <ele>278.9</ele>
    <time>2024-04-21T13:47:24Z</time>
   </trkpt>
   <trkpt lat="48.3469690" lon="7.2999870">
    <ele>279.0</ele>
    <time>2024-04-21T13:47:25Z</time>
   </trkpt>
   <trkpt lat="48.3469950" lon="7.2999070">
    <ele>279.0</ele>
    <time>2024-04-21T13:47:26Z</time>
   </trkpt>
   <trkpt lat="48.3470230" lon="7.2998290">
    <ele>279.0</ele>
    <time>2024-04-21T13:47:27Z</time>
   </trkpt>
   <trkpt lat="48.3470480" lon="7.2997520">
    <ele>279.1</ele>
    <time>2024-04-21T13:47:28Z</time>
   </trkpt>
   <trkpt lat="48.3470720" lon="7.2996740">
    <ele>279.1</ele>
    <time>2024-04-21T13:47:29Z</time>
   </trkpt>
   <trkpt lat="48.3470990" lon="7.2995990">
    <ele>279.2</ele>
    <time>2024-04-21T13:47:30Z</time>
   </trkpt>
   <trkpt lat="48.3471250" lon="7.2995240">
    <ele>279.3</ele>
    <time>2024-04-21T13:47:31Z</time>
   </trkpt>
   <trkpt lat="48.3471490" lon="7.2994480">
    <ele>279.3</ele>
    <time>2024-04-21T13:47:32Z</time>
   </trkpt>
   <trkpt lat="48.3471750" lon="7.2993740">
    <ele>279.4</ele>
    <time>2024-04-21T13:47:33Z</time>
   </trkpt>
   <trkpt lat="48.3472030" lon="7.2993020">
    <ele>279.5</ele>
    <time>2024-04-21T13:47:34Z</time>
   </trkpt>
   <trkpt lat="48.3472300" lon="7.2992270">
    <ele>279.6</ele>
    <time>2024-04-21T13:47:35Z</time>
   </trkpt>
   <trkpt lat="48.3472550" lon="7.2991490">
    <ele>279.7</ele>
    <time>2024-04-21T13:47:36Z</time>
   </trkpt>
   <trkpt lat="48.3472800" lon="7.2990730">
    <ele>279.8</ele>
    <time>2024-04-21T13:47:37Z</time>
   </trkpt>
   <trkpt lat="48.3473060" lon="7.2989970">
    <ele>279.9</ele>
    <time>2024-04-21T13:47:38Z</time>
   </trkpt>
   <trkpt lat="48.3473310" lon="7.2989210">
    <ele>280.0</ele>
    <time>2024-04-21T13:47:39Z</time>
   </trkpt>
   <trkpt lat="48.3473560" lon="7.2988460">
    <ele>280.1</ele>
    <time>2024-04-21T13:47:40Z</time>
   </trkpt>
   <trkpt lat="48.3473800" lon="7.2987700">
    <ele>280.2</ele>
    <time>2024-04-21T13:47:41Z</time>
   </trkpt>
   <trkpt lat="48.3474080" lon="7.2986980">
    <ele>280.3</ele>
    <time>2024-04-21T13:47:42Z</time>
   </trkpt>
   <trkpt lat="48.3474340" lon="7.2986270">
    <ele>280.4</ele>
    <time>2024-04-21T13:47:43Z</time>
   </trkpt>
   <trkpt lat="48.3474610" lon="7.2985510">
    <ele>280.5</ele>
    <time>2024-04-21T13:47:44Z</time>
   </trkpt>
   <trkpt lat="48.3474890" lon="7.2984780">
    <ele>280.6</ele>
    <time>2024-04-21T13:47:45Z</time>
   </trkpt>
   <trkpt lat="48.3475170" lon="7.2984030">
    <ele>280.7</ele>
    <time>2024-04-21T13:47:46Z</time>
   </trkpt>
   <trkpt lat="48.3475440" lon="7.2983290">
    <ele>280.8</ele>
    <time>2024-04-21T13:47:47Z</time>
   </trkpt>
   <trkpt lat="48.3475710" lon="7.2982540">
    <ele>280.8</ele>
    <time>2024-04-21T13:47:48Z</time>
   </trkpt>
   <trkpt lat="48.3475970" lon="7.2981800">
    <ele>280.9</ele>
    <time>2024-04-21T13:47:49Z</time>
   </trkpt>
   <trkpt lat="48.3476200" lon="7.2981070">
    <ele>281.0</ele>
    <time>2024-04-21T13:47:50Z</time>
   </trkpt>
   <trkpt lat="48.3476450" lon="7.2980340">
    <ele>281.1</ele>
    <time>2024-04-21T13:47:51Z</time>
   </trkpt>
   <trkpt lat="48.3476700" lon="7.2979630">
    <ele>281.2</ele>
    <time>2024-04-21T13:47:52Z</time>
   </trkpt>
   <trkpt lat="48.3476940" lon="7.2978920">
    <ele>281.2</ele>
    <time>2024-04-21T13:47:53Z</time>
   </trkpt>
   <trkpt lat="48.3477160" lon="7.2978250">
    <ele>281.3</ele>
    <time>2024-04-21T13:47:54Z</time>
   </trkpt>
   <trkpt lat="48.3477360" lon="7.2977570">
    <ele>281.4</ele>
    <time>2024-04-21T13:47:55Z</time>
   </trkpt>
   <trkpt lat="48.3477540" lon="7.2976930">
    <ele>281.5</ele>
    <time>2024-04-21T13:47:56Z</time>
   </trkpt>
   <trkpt lat="48.3477740" lon="7.2976300">
    <ele>281.6</ele>
    <time>2024-04-21T13:47:57Z</time>
   </trkpt>
   <trkpt lat="48.3477950" lon="7.2975680">
    <ele>281.7</ele>
    <time>2024-04-21T13:47:58Z</time>
   </trkpt>
   <trkpt lat="48.3478150" lon="7.2975010">
    <ele>281.8</ele>
    <time>2024-04-21T13:47:59Z</time>
   </trkpt>
   <trkpt lat="48.3478330" lon="7.2974340">
    <ele>281.9</ele>
    <time>2024-04-21T13:48:00Z</time>
   </trkpt>
   <trkpt lat="48.3478500" lon="7.2973680">
    <ele>282.0</ele>
    <time>2024-04-21T13:48:01Z</time>
   </trkpt>
   <trkpt lat="48.3478690" lon="7.2973030">
    <ele>282.1</ele>
    <time>2024-04-21T13:48:02Z</time>
   </trkpt>
   <trkpt lat="48.3478850" lon="7.2972370">
    <ele>282.2</ele>
    <time>2024-04-21T13:48:03Z</time>
   </trkpt>
   <trkpt lat="48.3478990" lon="7.2971700">
    <ele>282.3</ele>
    <time>2024-04-21T13:48:04Z</time>
   </trkpt>
   <trkpt lat="48.3479120" lon="7.2971020">
    <ele>282.4</ele>
    <time>2024-04-21T13:48:05Z</time>
   </trkpt>
   <trkpt lat="48.3479240" lon="7.2970310">
    <ele>282.5</ele>
    <time>2024-04-21T13:48:06Z</time>
   </trkpt>
   <trkpt lat="48.3479380" lon="7.2969630">
    <ele>282.6</ele>
    <time>2024-04-21T13:48:07Z</time>
   </trkpt>
   <trkpt lat="48.3479540" lon="7.2968980">
    <ele>282.7</ele>
    <time>2024-04-21T13:48:08Z</time>
   </trkpt>
   <trkpt lat="48.3479680" lon="7.2968320">
    <ele>282.8</ele>
    <time>2024-04-21T13:48:09Z</time>
   </trkpt>
   <trkpt lat="48.3479840" lon="7.2967650">
    <ele>282.9</ele>
    <time>2024-04-21T13:48:10Z</time>
   </trkpt>
   <trkpt lat="48.3479980" lon="7.2966960">
    <ele>282.9</ele>
    <time>2024-04-21T13:48:11Z</time>
   </trkpt>
   <trkpt lat="48.3480110" lon="7.2966250">
    <ele>283.0</ele>
    <time>2024-04-21T13:48:12Z</time>
   </trkpt>
   <trkpt lat="48.3480260" lon="7.2965560">
    <ele>283.1</ele>
    <time>2024-04-21T13:48:13Z</time>
   </trkpt>
   <trkpt lat="48.3480400" lon="7.2964840">
    <ele>283.1</ele>
    <time>2024-04-21T13:48:14Z</time>
   </trkpt>
   <trkpt lat="48.3480530" lon="7.2964120">
    <ele>283.2</ele>
    <time>2024-04-21T13:48:15Z</time>
   </trkpt>
   <trkpt lat="48.3480670" lon="7.2963410">
    <ele>283.2</ele>
    <time>2024-04-21T13:48:16Z</time>
   </trkpt>
   <trkpt lat="48.3480840" lon="7.2962690">
    <ele>283.3</ele>
    <time>2024-04-21T13:48:17Z</time>
   </trkpt>
   <trkpt lat="48.3481000" lon="7.2961920">
    <ele>283.4</ele>
    <time>2024-04-21T13:48:18Z</time>
   </trkpt>
   <trkpt lat="48.3481150" lon="7.2961160">
    <ele>283.4</ele>
    <time>2024-04-21T13:48:19Z</time>
   </trkpt>
   <trkpt lat="48.3481300" lon="7.2960410">
    <ele>283.5</ele>
    <time>2024-04-21T13:48:20Z</time>
   </trkpt>
   <trkpt lat="48.3481450" lon="7.2959640">
    <ele>283.6</ele>
    <time>2024-04-21T13:48:21Z</time>
   </trkpt>
   <trkpt lat="48.3481610" lon="7.2958860">
    <ele>283.6</ele>
    <time>2024-04-21T13:48:22Z</time>
   </trkpt>
   <trkpt lat="48.3481750" lon="7.2958130">
    <ele>283.7</ele>
    <time>2024-04-21T13:48:23Z</time>
   </trkpt>
   <trkpt lat="48.3481880" lon="7.2957360">
    <ele>283.7</ele>
    <time>2024-04-21T13:48:24Z</time>
   </trkpt>
   <trkpt lat="48.3482020" lon="7.2956610">
    <ele>283.8</ele>
    <time>2024-04-21T13:48:25Z</time>
   </trkpt>
   <trkpt lat="48.3482190" lon="7.2955910">
    <ele>283.9</ele>
    <time>2024-04-21T13:48:26Z</time>
   </trkpt>
   <trkpt lat="48.3482350" lon="7.2955210">
    <ele>284.0</ele>
    <time>2024-04-21T13:48:27Z</time>
   </trkpt>
   <trkpt lat="48.3482470" lon="7.2954470">
    <ele>284.1</ele>
    <time>2024-04-21T13:48:28Z</time>
   </trkpt>
   <trkpt lat="48.3482610" lon="7.2953770">
    <ele>284.2</ele>
    <time>2024-04-21T13:48:29Z</time>
   </trkpt>
   <trkpt lat="48.3482770" lon="7.2953060">
    <ele>284.3</ele>
    <time>2024-04-21T13:48:30Z</time>
   </trkpt>
   <trkpt lat="48.3482920" lon="7.2952370">
    <ele>284.4</ele>
    <time>2024-04-21T13:48:31Z</time>
   </trkpt>
   <trkpt lat="48.3483050" lon="7.2951660">
    <ele>284.5</ele>
    <time>2024-04-21T13:48:32Z</time>
   </trkpt>
   <trkpt lat="48.3483190" lon="7.2950940">
    <ele>284.6</ele>
    <time>2024-04-21T13:48:33Z</time>
   </trkpt>
   <trkpt lat="48.3483350" lon="7.2950220">
    <ele>284.7</ele>
    <time>2024-04-21T13:48:34Z</time>
   </trkpt>
   <trkpt lat="48.3483490" lon="7.2949520">
    <ele>284.8</ele>
    <time>2024-04-21T13:48:35Z</time>
   </trkpt>
   <trkpt lat="48.3483640" lon="7.2948820">
    <ele>284.9</ele>
    <time>2024-04-21T13:48:36Z</time>
   </trkpt>
   <trkpt lat="48.3483780" lon="7.2948100">
    <ele>285.0</ele>
    <time>2024-04-21T13:48:37Z</time>
   </trkpt>
   <trkpt lat="48.3483950" lon="7.2947400">
    <ele>285.1</ele>
    <time>2024-04-21T13:48:38Z</time>
   </trkpt>
   <trkpt lat="48.3484110" lon="7.2946700">
    <ele>285.3</ele>
    <time>2024-04-21T13:48:39Z</time>
   </trkpt>
   <trkpt lat="48.3484300" lon="7.2946020">
    <ele>285.4</ele>
    <time>2024-04-21T13:48:40Z</time>
   </trkpt>
   <trkpt lat="48.3484490" lon="7.2945330">
    <ele>285.5</ele>
    <time>2024-04-21T13:48:41Z</time>
   </trkpt>
   <trkpt lat="48.3484670" lon="7.2944630">
    <ele>285.7</ele>
    <time>2024-04-21T13:48:42Z</time>
   </trkpt>
   <trkpt lat="48.3484870" lon="7.2943900">
    <ele>285.8</ele>
    <time>2024-04-21T13:48:43Z</time>
   </trkpt>
   <trkpt lat="48.3485070" lon="7.2943200">
    <ele>286.0</ele>
    <time>2024-04-21T13:48:44Z</time>
   </trkpt>
   <trkpt lat="48.3485270" lon="7.2942510">
    <ele>286.1</ele>
    <time>2024-04-21T13:48:45Z</time>
   </trkpt>
   <trkpt lat="48.3485480" lon="7.2941900">
    <ele>286.2</ele>
    <time>2024-04-21T13:48:46Z</time>
   </trkpt>
   <trkpt lat="48.3485680" lon="7.2941250">
    <ele>286.4</ele>
    <time>2024-04-21T13:48:47Z</time>
   </trkpt>
   <trkpt lat="48.3485890" lon="7.2940610">
    <ele>286.5</ele>
    <time>2024-04-21T13:48:48Z</time>
   </trkpt>
   <trkpt lat="48.3486120" lon="7.2939960">
    <ele>286.5</ele>
    <time>2024-04-21T13:48:49Z</time>
   </trkpt>
   <trkpt lat="48.3486320" lon="7.2939320">
    <ele>286.6</ele>
    <time>2024-04-21T13:48:50Z</time>
   </trkpt>
   <trkpt lat="48.3486530" lon="7.2938700">
    <ele>286.7</ele>
    <time>2024-04-21T13:48:51Z</time>
   </trkpt>
   <trkpt lat="48.3486780" lon="7.2938110">
    <ele>286.7</ele>
    <time>2024-04-21T13:48:52Z</time>
   </trkpt>
   <trkpt lat="48.3487020" lon="7.2937550">
    <ele>286.8</ele>
    <time>2024-04-21T13:48:53Z</time>
   </trkpt>
   <trkpt lat="48.3487270" lon="7.2936960">
    <ele>286.8</ele>
    <time>2024-04-21T13:48:54Z</time>
   </trkpt>
   <trkpt lat="48.3487550" lon="7.2936430">
    <ele>286.8</ele>
    <time>2024-04-21T13:48:55Z</time>
   </trkpt>
   <trkpt lat="48.3487800" lon="7.2935910">
    <ele>286.8</ele>
    <time>2024-04-21T13:48:56Z</time>
   </trkpt>
   <trkpt lat="48.3488030" lon="7.2935360">
    <ele>286.7</ele>
    <time>2024-04-21T13:48:57Z</time>
   </trkpt>
   <trkpt lat="48.3488290" lon="7.2934810">
    <ele>286.7</ele>
    <time>2024-04-21T13:48:58Z</time>
   </trkpt>
   <trkpt lat="48.3488530" lon="7.2934280">
    <ele>286.7</ele>
    <time>2024-04-21T13:48:59Z</time>
   </trkpt>
   <trkpt lat="48.3488770" lon="7.2933740">
    <ele>286.7</ele>
    <time>2024-04-21T13:49:00Z</time>
   </trkpt>
   <trkpt lat="48.3489030" lon="7.2933210">
    <ele>286.6</ele>
    <time>2024-04-21T13:49:01Z</time>
   </trkpt>
   <trkpt lat="48.3489360" lon="7.2932700">
    <ele>286.5</ele>
    <time>2024-04-21T13:49:02Z</time>
   </trkpt>
   <trkpt lat="48.3489750" lon="7.2932270">
    <ele>286.5</ele>
    <time>2024-04-21T13:49:03Z</time>
   </trkpt>
   <trkpt lat="48.3490190" lon="7.2931920">
    <ele>286.4</ele>
    <time>2024-04-21T13:49:04Z</time>
   </trkpt>
   <trkpt lat="48.3490600" lon="7.2931500">
    <ele>286.3</ele>
    <time>2024-04-21T13:49:05Z</time>
   </trkpt>
   <trkpt lat="48.3490900" lon="7.2930860">
    <ele>286.2</ele>
    <time>2024-04-21T13:49:06Z</time>
   </trkpt>
   <trkpt lat="48.3491040" lon="7.2930030">
    <ele>286.1</ele>
    <time>2024-04-21T13:49:07Z</time>
   </trkpt>
   <trkpt lat="48.3491090" lon="7.2929160">
    <ele>286.1</ele>
    <time>2024-04-21T13:49:08Z</time>
   </trkpt>
   <trkpt lat="48.3491190" lon="7.2928290">
    <ele>286.0</ele>
    <time>2024-04-21T13:49:09Z</time>
   </trkpt>
   <trkpt lat="48.3491350" lon="7.2927420">
    <ele>286.0</ele>
    <time>2024-04-21T13:49:10Z</time>
   </trkpt>
   <trkpt lat="48.3491540" lon="7.2926510">
    <ele>285.9</ele>
    <time>2024-04-21T13:49:11Z</time>
   </trkpt>
   <trkpt lat="48.3491780" lon="7.2925590">
    <ele>285.8</ele>
    <time>2024-04-21T13:49:12Z</time>
   </trkpt>
   <trkpt lat="48.3492080" lon="7.2924680">
    <ele>285.7</ele>
    <time>2024-04-21T13:49:13Z</time>
   </trkpt>
   <trkpt lat="48.3492370" lon="7.2923750">
    <ele>285.6</ele>
    <time>2024-04-21T13:49:14Z</time>
   </trkpt>
   <trkpt lat="48.3492660" lon="7.2922840">
    <ele>285.4</ele>
    <time>2024-04-21T13:49:15Z</time>
   </trkpt>
   <trkpt lat="48.3492970" lon="7.2921890">
    <ele>285.3</ele>
    <time>2024-04-21T13:49:16Z</time>
   </trkpt>
   <trkpt lat="48.3493270" lon="7.2920950">
    <ele>285.2</ele>
    <time>2024-04-21T13:49:17Z</time>
   </trkpt>
   <trkpt lat="48.3493560" lon="7.2920020">
    <ele>285.1</ele>
    <time>2024-04-21T13:49:18Z</time>
   </trkpt>
   <trkpt lat="48.3493850" lon="7.2919090">
    <ele>285.0</ele>
    <time>2024-04-21T13:49:19Z</time>
   </trkpt>
   <trkpt lat="48.3494150" lon="7.2918150">
    <ele>285.0</ele>
    <time>2024-04-21T13:49:20Z</time>
   </trkpt>
   <trkpt lat="48.3494470" lon="7.2917240">
    <ele>285.0</ele>
    <time>2024-04-21T13:49:21Z</time>
   </trkpt>
   <trkpt lat="48.3494800" lon="7.2916340">
    <ele>285.0</ele>
    <time>2024-04-21T13:49:22Z</time>
   </trkpt>
   <trkpt lat="48.3495150" lon="7.2915440">
    <ele>285.0</ele>
    <time>2024-04-21T13:49:23Z</time>
   </trkpt>
   <trkpt lat="48.3495450" lon="7.2914540">
    <ele>285.0</ele>
    <time>2024-04-21T13:49:24Z</time>
   </trkpt>
   <trkpt lat="48.3495750" lon="7.2913650">
    <ele>284.9</ele>
    <time>2024-04-21T13:49:25Z</time>
   </trkpt>
   <trkpt lat="48.3496030" lon="7.2912760">
    <ele>284.9</ele>
    <time>2024-04-21T13:49:26Z</time>
   </trkpt>
   <trkpt lat="48.3496310" lon="7.2911870">
    <ele>284.9</ele>
    <time>2024-04-21T13:49:27Z</time>
   </trkpt>
   <trkpt lat="48.3496610" lon="7.2910990">
    <ele>284.9</ele>
    <time>2024-04-21T13:49:28Z</time>
   </trkpt>
   <trkpt lat="48.3496900" lon="7.2910130">
    <ele>284.9</ele>
    <time>2024-04-21T13:49:29Z</time>
   </trkpt>
   <trkpt lat="48.3497200" lon="7.2909310">
    <ele>285.0</ele>
    <time>2024-04-21T13:49:30Z</time>
   </trkpt>
   <trkpt lat="48.3497470" lon="7.2908530">
    <ele>285.1</ele>
    <time>2024-04-21T13:49:31Z</time>
   </trkpt>
   <trkpt lat="48.3497730" lon="7.2907780">
    <ele>285.2</ele>
    <time>2024-04-21T13:49:32Z</time>
   </trkpt>
   <trkpt lat="48.3497990" lon="7.2907010">
    <ele>285.3</ele>
    <time>2024-04-21T13:49:33Z</time>
   </trkpt>
   <trkpt lat="48.3498250" lon="7.2906270">
    <ele>285.5</ele>
    <time>2024-04-21T13:49:34Z</time>
   </trkpt>
   <trkpt lat="48.3498480" lon="7.2905510">
    <ele>285.6</ele>
    <time>2024-04-21T13:49:35Z</time>
   </trkpt>
   <trkpt lat="48.3498690" lon="7.2904790">
    <ele>285.8</ele>
    <time>2024-04-21T13:49:36Z</time>
   </trkpt>
   <trkpt lat="48.3498920" lon="7.2904150">
    <ele>286.0</ele>
    <time>2024-04-21T13:49:37Z</time>
   </trkpt>
   <trkpt lat="48.3499140" lon="7.2903580">
    <ele>286.1</ele>
    <time>2024-04-21T13:49:38Z</time>
   </trkpt>
   <trkpt lat="48.3499330" lon="7.2903040">
    <ele>286.3</ele>
    <time>2024-04-21T13:49:39Z</time>
   </trkpt>
   <trkpt lat="48.3499480" lon="7.2902540">
    <ele>286.4</ele>
    <time>2024-04-21T13:49:40Z</time>
   </trkpt>
   <trkpt lat="48.3499630" lon="7.2902130">
    <ele>286.6</ele>
    <time>2024-04-21T13:49:41Z</time>
   </trkpt>
   <trkpt lat="48.3499810" lon="7.2901670">
    <ele>286.8</ele>
    <time>2024-04-21T13:49:42Z</time>
   </trkpt>
   <trkpt lat="48.3499880" lon="7.2901540">
    <ele>286.8</ele>
    <time>2024-04-21T13:49:43Z</time>
   </trkpt>
   <trkpt lat="48.3500030" lon="7.2901080">
    <ele>287.0</ele>
    <time>2024-04-21T13:49:44Z</time>
   </trkpt>
   <trkpt lat="48.3500070" lon="7.2900930">
    <ele>287.0</ele>
    <time>2024-04-21T13:49:45Z</time>
   </trkpt>
   <trkpt lat="48.3500210" lon="7.2900420">
    <ele>287.2</ele>
    <time>2024-04-21T13:49:46Z</time>
   </trkpt>
   <trkpt lat="48.3500250" lon="7.2900250">
    <ele>287.3</ele>
    <time>2024-04-21T13:49:47Z</time>
   </trkpt>
   <trkpt lat="48.3500430" lon="7.2899740">
    <ele>287.5</ele>
    <time>2024-04-21T13:49:48Z</time>
   </trkpt>
   <trkpt lat="48.3500490" lon="7.2899570">
    <ele>287.6</ele>
    <time>2024-04-21T13:49:49Z</time>
   </trkpt>
   <trkpt lat="48.3500660" lon="7.2899100">
    <ele>287.8</ele>
    <time>2024-04-21T13:49:50Z</time>
   </trkpt>
   <trkpt lat="48.3500710" lon="7.2898960">
    <ele>287.8</ele>
    <time>2024-04-21T13:49:51Z</time>
   </trkpt>
   <trkpt lat="48.3500880" lon="7.2898540">
    <ele>288.0</ele>
    <time>2024-04-21T13:49:52Z</time>
   </trkpt>
   <trkpt lat="48.3500940" lon="7.2898390">
    <ele>288.1</ele>
    <time>2024-04-21T13:49:53Z</time>
   </trkpt>
   <trkpt lat="48.3501080" lon="7.2898010">
    <ele>288.3</ele>
    <time>2024-04-21T13:49:54Z</time>
   </trkpt>
   <trkpt lat="48.3501130" lon="7.2897880">
    <ele>288.3</ele>
    <time>2024-04-21T13:49:55Z</time>
   </trkpt>
   <trkpt lat="48.3501200" lon="7.2897640">
    <ele>288.4</ele>
    <time>2024-04-21T13:49:56Z</time>
   </trkpt>
   <trkpt lat="48.3501300" lon="7.2897450">
    <ele>288.5</ele>
    <time>2024-04-21T13:49:57Z</time>
   </trkpt>
   <trkpt lat="48.3501370" lon="7.2897230">
    <ele>288.6</ele>
    <time>2024-04-21T13:49:58Z</time>
   </trkpt>
   <trkpt lat="48.3501440" lon="7.2897000">
    <ele>288.7</ele>
    <time>2024-04-21T13:49:59Z</time>
   </trkpt>
   <trkpt lat="48.3501490" lon="7.2896730">
    <ele>288.8</ele>
    <time>2024-04-21T13:50:00Z</time>
   </trkpt>
   <trkpt lat="48.3501570" lon="7.2896510">
    <ele>288.9</ele>
    <time>2024-04-21T13:50:01Z</time>
   </trkpt>
   <trkpt lat="48.3501680" lon="7.2896220">
    <ele>289.0</ele>
    <time>2024-04-21T13:50:02Z</time>
   </trkpt>
   <trkpt lat="48.3501720" lon="7.2896100">
    <ele>289.1</ele>
    <time>2024-04-21T13:50:03Z</time>
   </trkpt>
   <trkpt lat="48.3501760" lon="7.2895970">
    <ele>289.1</ele>
    <time>2024-04-21T13:50:04Z</time>
   </trkpt>
   <trkpt lat="48.3501880" lon="7.2895510">
    <ele>289.3</ele>
    <time>2024-04-21T13:50:05Z</time>
   </trkpt>
   <trkpt lat="48.3501930" lon="7.2895360">
    <ele>289.4</ele>
    <time>2024-04-21T13:50:06Z</time>
   </trkpt>
   <trkpt lat="48.3502100" lon="7.2894910">
    <ele>289.6</ele>
    <time>2024-04-21T13:50:07Z</time>
   </trkpt>
   <trkpt lat="48.3502160" lon="7.2894760">
    <ele>289.7</ele>
    <time>2024-04-21T13:50:08Z</time>
   </trkpt>
   <trkpt lat="48.3502320" lon="7.2894360">
    <ele>289.9</ele>
    <time>2024-04-21T13:50:09Z</time>
   </trkpt>
   <trkpt lat="48.3502370" lon="7.2894220">
    <ele>289.9</ele>
    <time>2024-04-21T13:50:10Z</time>
   </trkpt>
   <trkpt lat="48.3502570" lon="7.2893800">
    <ele>290.1</ele>
    <time>2024-04-21T13:50:11Z</time>
   </trkpt>
   <trkpt lat="48.3502640" lon="7.2893660">
    <ele>290.2</ele>
    <time>2024-04-21T13:50:12Z</time>
   </trkpt>
   <trkpt lat="48.3502960" lon="7.2893550">
    <ele>290.4</ele>
    <time>2024-04-21T13:50:13Z</time>
   </trkpt>
   <trkpt lat="48.3503070" lon="7.2893580">
    <ele>290.5</ele>
    <time>2024-04-21T13:50:14Z</time>
   </trkpt>
   <trkpt lat="48.3503300" lon="7.2893820">
    <ele>290.6</ele>
    <time>2024-04-21T13:50:15Z</time>
   </trkpt>
   <trkpt lat="48.3503370" lon="7.2893900">
    <ele>290.7</ele>
    <time>2024-04-21T13:50:16Z</time>
   </trkpt>
   <trkpt lat="48.3503450" lon="7.2894080">
    <ele>290.8</ele>
    <time>2024-04-21T13:50:17Z</time>
   </trkpt>
   <trkpt lat="48.3503520" lon="7.2894250">
    <ele>290.9</ele>
    <time>2024-04-21T13:50:18Z</time>
   </trkpt>
   <trkpt lat="48.3503650" lon="7.2894310">
    <ele>290.9</ele>
    <time>2024-04-21T13:50:19Z</time>
   </trkpt>
   <trkpt lat="48.3503740" lon="7.2894330">
    <ele>291.0</ele>
    <time>2024-04-21T13:50:20Z</time>
   </trkpt>
   <trkpt lat="48.3503780" lon="7.2894250">
    <ele>291.0</ele>
    <time>2024-04-21T13:50:21Z</time>
   </trkpt>
   <trkpt lat="48.3503760" lon="7.2894060">
    <ele>291.1</ele>
    <time>2024-04-21T13:50:22Z</time>
   </trkpt>
   <trkpt lat="48.3503650" lon="7.2893680">
    <ele>291.3</ele>
    <time>2024-04-21T13:50:23Z</time>
   </trkpt>
   <trkpt lat="48.3503470" lon="7.2893330">
    <ele>291.4</ele>
    <time>2024-04-21T13:50:24Z</time>
   </trkpt>
   <trkpt lat="48.3503220" lon="7.2893050">
    <ele>291.2</ele>
    <time>2024-04-21T13:50:25Z</time>
   </trkpt>
   <trkpt lat="48.3502920" lon="7.2892890">
    <ele>291.0</ele>
    <time>2024-04-21T13:50:26Z</time>
   </trkpt>
   <trkpt lat="48.3502540" lon="7.2892970">
    <ele>290.8</ele>
    <time>2024-04-21T13:50:27Z</time>
   </trkpt>
   <trkpt lat="48.3502150" lon="7.2893290">
    <ele>290.6</ele>
    <time>2024-04-21T13:50:28Z</time>
   </trkpt>
   <trkpt lat="48.3501830" lon="7.2894120">
    <ele>290.2</ele>
    <time>2024-04-21T13:50:29Z</time>
   </trkpt>
   <trkpt lat="48.3501600" lon="7.2894800">
    <ele>290.0</ele>
    <time>2024-04-21T13:50:30Z</time>
   </trkpt>
   <trkpt lat="48.3501390" lon="7.2895500">
    <ele>289.7</ele>
    <time>2024-04-21T13:50:31Z</time>
   </trkpt>
   <trkpt lat="48.3501200" lon="7.2896250">
    <ele>289.4</ele>
    <time>2024-04-21T13:50:32Z</time>
   </trkpt>
   <trkpt lat="48.3500930" lon="7.2896970">
    <ele>289.1</ele>
    <time>2024-04-21T13:50:33Z</time>
   </trkpt>
   <trkpt lat="48.3500650" lon="7.2897740">
    <ele>288.8</ele>
    <time>2024-04-21T13:50:34Z</time>
   </trkpt>
   <trkpt lat="48.3500440" lon="7.2898450">
    <ele>288.5</ele>
    <time>2024-04-21T13:50:35Z</time>
   </trkpt>
   <trkpt lat="48.3500260" lon="7.2899060">
    <ele>288.3</ele>
    <time>2024-04-21T13:50:36Z</time>
   </trkpt>
   <trkpt lat="48.3500070" lon="7.2899600">
    <ele>288.1</ele>
    <time>2024-04-21T13:50:37Z</time>
   </trkpt>
   <trkpt lat="48.3499870" lon="7.2900070">
    <ele>287.9</ele>
    <time>2024-04-21T13:50:38Z</time>
   </trkpt>
   <trkpt lat="48.3499700" lon="7.2900460">
    <ele>287.7</ele>
    <time>2024-04-21T13:50:39Z</time>
   </trkpt>
   <trkpt lat="48.3499480" lon="7.2900830">
    <ele>287.5</ele>
    <time>2024-04-21T13:50:40Z</time>
   </trkpt>
   <trkpt lat="48.3499400" lon="7.2900930">
    <ele>287.5</ele>
    <time>2024-04-21T13:50:41Z</time>
   </trkpt>
   <trkpt lat="48.3499200" lon="7.2901230">
    <ele>287.3</ele>
    <time>2024-04-21T13:50:42Z</time>
   </trkpt>
   <trkpt lat="48.3499150" lon="7.2901340">
    <ele>287.3</ele>
    <time>2024-04-21T13:50:43Z</time>
   </trkpt>
   <trkpt lat="48.3499040" lon="7.2901460">
    <ele>287.2</ele>
    <time>2024-04-21T13:50:44Z</time>
   </trkpt>
   <trkpt lat="48.3499010" lon="7.2901500">
    <ele>287.2</ele>
    <time>2024-04-21T13:50:45Z</time>
   </trkpt>
   <trkpt lat="48.3498980" lon="7.2901530">
    <ele>287.2</ele>
    <time>2024-04-21T13:50:46Z</time>
   </trkpt>
   <trkpt lat="48.3498950" lon="7.2901560">
    <ele>287.2</ele>
    <time>2024-04-21T13:50:47Z</time>
   </trkpt>
   <trkpt lat="48.3498910" lon="7.2901590">
    <ele>287.2</ele>
    <time>2024-04-21T13:50:48Z</time>
   </trkpt>
   <trkpt lat="48.3498880" lon="7.2901620">
    <ele>287.1</ele>
    <time>2024-04-21T13:50:49Z</time>
   </trkpt>
   <trkpt lat="48.3498850" lon="7.2901650">
    <ele>287.1</ele>
    <time>2024-04-21T13:50:50Z</time>
   </trkpt>
   <trkpt lat="48.3498810" lon="7.2901680">
    <ele>287.1</ele>
    <time>2024-04-21T13:50:51Z</time>
   </trkpt>
   <trkpt lat="48.3498780" lon="7.2901710">
    <ele>287.1</ele>
    <time>2024-04-21T13:50:52Z</time>
   </trkpt>
   <trkpt lat="48.3498750" lon="7.2901740">
    <ele>287.1</ele>
    <time>2024-04-21T13:50:53Z</time>
   </trkpt>
   <trkpt lat="48.3498710" lon="7.2901780">
    <ele>287.0</ele>
    <time>2024-04-21T13:50:54Z</time>
   </trkpt>
   <trkpt lat="48.3498680" lon="7.2901810">
    <ele>287.0</ele>
    <time>2024-04-21T13:51:19Z</time>
   </trkpt>
   <trkpt lat="48.3498650" lon="7.2901840">
    <ele>287.0</ele>
    <time>2024-04-21T13:51:20Z</time>
   </trkpt>
   <trkpt lat="48.3498610" lon="7.2901870">
    <ele>287.0</ele>
    <time>2024-04-21T13:51:21Z</time>
   </trkpt>
   <trkpt lat="48.3498580" lon="7.2901900">
    <ele>287.0</ele>
    <time>2024-04-21T13:51:22Z</time>
   </trkpt>
   <trkpt lat="48.3498420" lon="7.2901780">
    <ele>286.9</ele>
    <time>2024-04-21T13:51:23Z</time>
   </trkpt>
   <trkpt lat="48.3498280" lon="7.2901620">
    <ele>286.8</ele>
    <time>2024-04-21T13:51:24Z</time>
   </trkpt>
   <trkpt lat="48.3498140" lon="7.2901480">
    <ele>286.7</ele>
    <time>2024-04-21T13:51:25Z</time>
   </trkpt>
   <trkpt lat="48.3498030" lon="7.2901390">
    <ele>286.7</ele>
    <time>2024-04-21T13:51:26Z</time>
   </trkpt>
   <trkpt lat="48.3497950" lon="7.2901350">
    <ele>286.6</ele>
    <time>2024-04-21T13:51:27Z</time>
   </trkpt>
   <trkpt lat="48.3497920" lon="7.2901330">
    <ele>286.6</ele>
    <time>2024-04-21T13:51:28Z</time>
   </trkpt>
   <trkpt lat="48.3497920" lon="7.2901370">
    <ele>286.6</ele>
    <time>2024-04-21T13:51:29Z</time>
   </trkpt>
   <trkpt lat="48.3497910" lon="7.2901410">
    <ele>286.6</ele>
    <time>2024-04-21T13:51:30Z</time>
   </trkpt>
   <trkpt lat="48.3497900" lon="7.2901440">
    <ele>286.6</ele>
    <time>2024-04-21T13:51:31Z</time>
   </trkpt>
   <trkpt lat="48.3497880" lon="7.2901460">
    <ele>286.6</ele>
    <time>2024-04-21T13:51:32Z</time>
   </trkpt>
   <trkpt lat="48.3497860" lon="7.2901480">
    <ele>286.6</ele>
    <time>2024-04-21T13:51:33Z</time>
   </trkpt>
   <trkpt lat="48.3497850" lon="7.2901500">
    <ele>286.6</ele>
    <time>2024-04-21T13:51:34Z</time>
   </trkpt>
   <trkpt lat="48.3497840" lon="7.2901510">
    <ele>286.6</ele>
    <time>2024-04-21T13:51:35Z</time>
   </trkpt>
   <trkpt lat="48.3497840" lon="7.2901520">
    <ele>286.6</ele>
    <time>2024-04-21T13:51:36Z</time>
   </trkpt>
   <trkpt lat="48.3497840" lon="7.2901530">
    <ele>286.6</ele>
    <time>2024-04-21T13:51:37Z</time>
   </trkpt>
   <trkpt lat="48.3497840" lon="7.2901530">
    <ele>286.6</ele>
    <time>2024-04-21T13:51:38Z</time>
   </trkpt>
   <trkpt lat="48.3497840" lon="7.2901530">
    <ele>286.6</ele>
    <time>2024-04-21T13:51:39Z</time>
   </trkpt>
  </trkseg>
 </trk>
</gpx>
