<?xml version="1.0" encoding="UTF-8"?>
<gpx xmlns:xsi="http://www.w3.org/2001/XMLSchema-instance" xsi:schemaLocation="http://www.topografix.com/GPX/1/1 http://www.topografix.com/GPX/1/1/gpx.xsd" creator="StravaGPX" version="1.1" xmlns="http://www.topografix.com/GPX/1/1">
 <metadata>
  <time>2024-04-20T18:54:32Z</time>
 </metadata>
 <trk>
  <name>Working my self confidence (and my legs as well) 😅</name>
  <type>cycling</type>
  <trkseg>
   <trkpt lat="48.5843430" lon="7.7343240">
    <ele>142.4</ele>
    <time>2024-04-20T18:54:32Z</time>
   </trkpt>
   <trkpt lat="48.5843430" lon="7.7343240">
    <ele>142.4</ele>
    <time>2024-04-20T18:54:33Z</time>
   </trkpt>
   <trkpt lat="48.5843430" lon="7.7343240">
    <ele>142.4</ele>
    <time>2024-04-20T18:54:34Z</time>
   </trkpt>
   <trkpt lat="48.5843430" lon="7.7343240">
    <ele>142.4</ele>
    <time>2024-04-20T18:54:35Z</time>
   </trkpt>
   <trkpt lat="48.5843430" lon="7.7343240">
    <ele>142.4</ele>
    <time>2024-04-20T18:54:36Z</time>
   </trkpt>
   <trkpt lat="48.5843430" lon="7.7343240">
    <ele>142.4</ele>
    <time>2024-04-20T18:54:37Z</time>
   </trkpt>
   <trkpt lat="48.5843430" lon="7.7343240">
    <ele>142.4</ele>
    <time>2024-04-20T18:54:38Z</time>
   </trkpt>
   <trkpt lat="48.5843420" lon="7.7343300">
    <ele>142.4</ele>
    <time>2024-04-20T18:54:39Z</time>
   </trkpt>
   <trkpt lat="48.5843410" lon="7.7343490">
    <ele>142.4</ele>
    <time>2024-04-20T18:54:40Z</time>
   </trkpt>
   <trkpt lat="48.5843430" lon="7.7343750">
    <ele>142.4</ele>
    <time>2024-04-20T18:54:41Z</time>
   </trkpt>
   <trkpt lat="48.5843440" lon="7.7343980">
    <ele>142.4</ele>
    <time>2024-04-20T18:54:42Z</time>
   </trkpt>
   <trkpt lat="48.5843430" lon="7.7344160">
    <ele>142.4</ele>
    <time>2024-04-20T18:54:43Z</time>
   </trkpt>
   <trkpt lat="48.5843280" lon="7.7344360">
    <ele>142.4</ele>
    <time>2024-04-20T18:54:44Z</time>
   </trkpt>
   <trkpt lat="48.5843180" lon="7.7344400">
    <ele>142.4</ele>
    <time>2024-04-20T18:54:45Z</time>
   </trkpt>
   <trkpt lat="48.5843070" lon="7.7344440">
    <ele>142.4</ele>
    <time>2024-04-20T18:54:46Z</time>
   </trkpt>
   <trkpt lat="48.5842890" lon="7.7344340">
    <ele>142.4</ele>
    <time>2024-04-20T18:54:47Z</time>
   </trkpt>
   <trkpt lat="48.5842770" lon="7.7344230">
    <ele>142.4</ele>
    <time>2024-04-20T18:54:48Z</time>
   </trkpt>
   <trkpt lat="48.5842670" lon="7.7344150">
    <ele>142.4</ele>
    <time>2024-04-20T18:54:49Z</time>
   </trkpt>
   <trkpt lat="48.5842620" lon="7.7344140">
    <ele>142.4</ele>
    <time>2024-04-20T18:54:50Z</time>
   </trkpt>
   <trkpt lat="48.5842580" lon="7.7344130">
    <ele>142.4</ele>
    <time>2024-04-20T18:54:51Z</time>
   </trkpt>
   <trkpt lat="48.5842540" lon="7.7344120">
    <ele>142.4</ele>
    <time>2024-04-20T18:54:52Z</time>
   </trkpt>
   <trkpt lat="48.5842490" lon="7.7344110">
    <ele>142.4</ele>
    <time>2024-04-20T18:54:53Z</time>
   </trkpt>
   <trkpt lat="48.5842450" lon="7.7344100">
    <ele>142.4</ele>
    <time>2024-04-20T18:54:54Z</time>
   </trkpt>
   <trkpt lat="48.5842400" lon="7.7344090">
    <ele>142.4</ele>
    <time>2024-04-20T18:54:55Z</time>
   </trkpt>
   <trkpt lat="48.5842360" lon="7.7344080">
    <ele>142.4</ele>
    <time>2024-04-20T18:54:56Z</time>
   </trkpt>
   <trkpt lat="48.5842320" lon="7.7344070">
    <ele>142.4</ele>
    <time>2024-04-20T18:54:57Z</time>
   </trkpt>
   <trkpt lat="48.5842270" lon="7.7344060">
    <ele>142.4</ele>
    <time>2024-04-20T18:54:58Z</time>
   </trkpt>
   <trkpt lat="48.5842230" lon="7.7344050">
    <ele>142.4</ele>
    <time>2024-04-20T18:55:41Z</time>
   </trkpt>
   <trkpt lat="48.5842190" lon="7.7344040">
    <ele>142.4</ele>
    <time>2024-04-20T18:55:42Z</time>
   </trkpt>
   <trkpt lat="48.5842140" lon="7.7344030">
    <ele>142.4</ele>
    <time>2024-04-20T18:55:43Z</time>
   </trkpt>
   <trkpt lat="48.5841860" lon="7.7344160">
    <ele>142.4</ele>
    <time>2024-04-20T18:55:44Z</time>
   </trkpt>
   <trkpt lat="48.5841520" lon="7.7344180">
    <ele>142.5</ele>
    <time>2024-04-20T18:55:45Z</time>
   </trkpt>
   <trkpt lat="48.5841420" lon="7.7344150">
    <ele>142.5</ele>
    <time>2024-04-20T18:55:46Z</time>
   </trkpt>
   <trkpt lat="48.5841160" lon="7.7343990">
    <ele>142.6</ele>
    <time>2024-04-20T18:55:47Z</time>
   </trkpt>
   <trkpt lat="48.5841080" lon="7.7343930">
    <ele>142.6</ele>
    <time>2024-04-20T18:55:48Z</time>
   </trkpt>
   <trkpt lat="48.5840770" lon="7.7343720">
    <ele>142.6</ele>
    <time>2024-04-20T18:55:49Z</time>
   </trkpt>
   <trkpt lat="48.5840670" lon="7.7343660">
    <ele>142.7</ele>
    <time>2024-04-20T18:55:50Z</time>
   </trkpt>
   <trkpt lat="48.5840400" lon="7.7343500">
    <ele>142.7</ele>
    <time>2024-04-20T18:55:51Z</time>
   </trkpt>
   <trkpt lat="48.5840310" lon="7.7343440">
    <ele>142.7</ele>
    <time>2024-04-20T18:55:52Z</time>
   </trkpt>
   <trkpt lat="48.5840020" lon="7.7343180">
    <ele>142.7</ele>
    <time>2024-04-20T18:55:53Z</time>
   </trkpt>
   <trkpt lat="48.5839910" lon="7.7343080">
    <ele>142.7</ele>
    <time>2024-04-20T18:55:54Z</time>
   </trkpt>
   <trkpt lat="48.5839620" lon="7.7342830">
    <ele>142.8</ele>
    <time>2024-04-20T18:55:55Z</time>
   </trkpt>
   <trkpt lat="48.5839300" lon="7.7342580">
    <ele>142.8</ele>
    <time>2024-04-20T18:55:56Z</time>
   </trkpt>
   <trkpt lat="48.5838970" lon="7.7342320">
    <ele>142.9</ele>
    <time>2024-04-20T18:55:57Z</time>
   </trkpt>
   <trkpt lat="48.5838630" lon="7.7341990">
    <ele>142.9</ele>
    <time>2024-04-20T18:55:58Z</time>
   </trkpt>
   <trkpt lat="48.5838300" lon="7.7341600">
    <ele>142.9</ele>
    <time>2024-04-20T18:55:59Z</time>
   </trkpt>
   <trkpt lat="48.5837960" lon="7.7341140">
    <ele>143.0</ele>
    <time>2024-04-20T18:56:00Z</time>
   </trkpt>
   <trkpt lat="48.5837620" lon="7.7340680">
    <ele>143.0</ele>
    <time>2024-04-20T18:56:01Z</time>
   </trkpt>
   <trkpt lat="48.5837260" lon="7.7340230">
    <ele>143.0</ele>
    <time>2024-04-20T18:56:02Z</time>
   </trkpt>
   <trkpt lat="48.5836900" lon="7.7339810">
    <ele>143.1</ele>
    <time>2024-04-20T18:56:03Z</time>
   </trkpt>
   <trkpt lat="48.5836530" lon="7.7339380">
    <ele>143.1</ele>
    <time>2024-04-20T18:56:04Z</time>
   </trkpt>
   <trkpt lat="48.5836160" lon="7.7338940">
    <ele>143.2</ele>
    <time>2024-04-20T18:56:05Z</time>
   </trkpt>
   <trkpt lat="48.5835780" lon="7.7338500">
    <ele>143.3</ele>
    <time>2024-04-20T18:56:06Z</time>
   </trkpt>
   <trkpt lat="48.5835390" lon="7.7338050">
    <ele>143.4</ele>
    <time>2024-04-20T18:56:07Z</time>
   </trkpt>
   <trkpt lat="48.5835060" lon="7.7337600">
    <ele>143.5</ele>
    <time>2024-04-20T18:56:08Z</time>
   </trkpt>
   <trkpt lat="48.5834810" lon="7.7337100">
    <ele>143.6</ele>
    <time>2024-04-20T18:56:09Z</time>
   </trkpt>
   <trkpt lat="48.5834520" lon="7.7336680">
    <ele>143.6</ele>
    <time>2024-04-20T18:56:10Z</time>
   </trkpt>
   <trkpt lat="48.5834140" lon="7.7336340">
    <ele>143.7</ele>
    <time>2024-04-20T18:56:11Z</time>
   </trkpt>
   <trkpt lat="48.5833720" lon="7.7336050">
    <ele>143.8</ele>
    <time>2024-04-20T18:56:12Z</time>
   </trkpt>
   <trkpt lat="48.5833260" lon="7.7335730">
    <ele>143.9</ele>
    <time>2024-04-20T18:56:13Z</time>
   </trkpt>
   <trkpt lat="48.5832840" lon="7.7335320">
    <ele>143.9</ele>
    <time>2024-04-20T18:56:14Z</time>
   </trkpt>
   <trkpt lat="48.5832420" lon="7.7334880">
    <ele>144.0</ele>
    <time>2024-04-20T18:56:15Z</time>
   </trkpt>
   <trkpt lat="48.5832030" lon="7.7334490">
    <ele>144.0</ele>
    <time>2024-04-20T18:56:16Z</time>
   </trkpt>
   <trkpt lat="48.5831670" lon="7.7334100">
    <ele>144.0</ele>
    <time>2024-04-20T18:56:17Z</time>
   </trkpt>
   <trkpt lat="48.5831360" lon="7.7333700">
    <ele>144.1</ele>
    <time>2024-04-20T18:56:18Z</time>
   </trkpt>
   <trkpt lat="48.5831050" lon="7.7333290">
    <ele>144.1</ele>
    <time>2024-04-20T18:56:19Z</time>
   </trkpt>
   <trkpt lat="48.5830640" lon="7.7332900">
    <ele>144.2</ele>
    <time>2024-04-20T18:56:20Z</time>
   </trkpt>
   <trkpt lat="48.5830230" lon="7.7332450">
    <ele>144.2</ele>
    <time>2024-04-20T18:56:21Z</time>
   </trkpt>
   <trkpt lat="48.5829820" lon="7.7331950">
    <ele>144.3</ele>
    <time>2024-04-20T18:56:22Z</time>
   </trkpt>
   <trkpt lat="48.5829390" lon="7.7331410">
    <ele>144.4</ele>
    <time>2024-04-20T18:56:23Z</time>
   </trkpt>
   <trkpt lat="48.5828960" lon="7.7330920">
    <ele>144.4</ele>
    <time>2024-04-20T18:56:24Z</time>
   </trkpt>
   <trkpt lat="48.5828500" lon="7.7330400">
    <ele>144.5</ele>
    <time>2024-04-20T18:56:25Z</time>
   </trkpt>
   <trkpt lat="48.5828050" lon="7.7329870">
    <ele>144.6</ele>
    <time>2024-04-20T18:56:26Z</time>
   </trkpt>
   <trkpt lat="48.5827590" lon="7.7329360">
    <ele>144.7</ele>
    <time>2024-04-20T18:56:27Z</time>
   </trkpt>
   <trkpt lat="48.5827120" lon="7.7328870">
    <ele>144.8</ele>
    <time>2024-04-20T18:56:28Z</time>
   </trkpt>
   <trkpt lat="48.5826670" lon="7.7328370">
    <ele>144.9</ele>
    <time>2024-04-20T18:56:29Z</time>
   </trkpt>
   <trkpt lat="48.5826200" lon="7.7327880">
    <ele>144.9</ele>
    <time>2024-04-20T18:56:30Z</time>
   </trkpt>
   <trkpt lat="48.5825750" lon="7.7327400">
    <ele>145.0</ele>
    <time>2024-04-20T18:56:31Z</time>
   </trkpt>
   <trkpt lat="48.5825290" lon="7.7326960">
    <ele>145.1</ele>
    <time>2024-04-20T18:56:32Z</time>
   </trkpt>
   <trkpt lat="48.5824830" lon="7.7326550">
    <ele>145.1</ele>
    <time>2024-04-20T18:56:33Z</time>
   </trkpt>
   <trkpt lat="48.5824350" lon="7.7326180">
    <ele>145.2</ele>
    <time>2024-04-20T18:56:34Z</time>
   </trkpt>
   <trkpt lat="48.5823870" lon="7.7325870">
    <ele>145.2</ele>
    <time>2024-04-20T18:56:35Z</time>
   </trkpt>
   <trkpt lat="48.5823380" lon="7.7325480">
    <ele>145.3</ele>
    <time>2024-04-20T18:56:36Z</time>
   </trkpt>
   <trkpt lat="48.5822940" lon="7.7324930">
    <ele>145.4</ele>
    <time>2024-04-20T18:56:37Z</time>
   </trkpt>
   <trkpt lat="48.5822440" lon="7.7324520">
    <ele>145.5</ele>
    <time>2024-04-20T18:56:38Z</time>
   </trkpt>
   <trkpt lat="48.5821920" lon="7.7324130">
    <ele>145.5</ele>
    <time>2024-04-20T18:56:39Z</time>
   </trkpt>
   <trkpt lat="48.5821410" lon="7.7323730">
    <ele>145.5</ele>
    <time>2024-04-20T18:56:40Z</time>
   </trkpt>
   <trkpt lat="48.5820880" lon="7.7323370">
    <ele>145.5</ele>
    <time>2024-04-20T18:56:41Z</time>
   </trkpt>
   <trkpt lat="48.5820320" lon="7.7323110">
    <ele>145.5</ele>
    <time>2024-04-20T18:56:42Z</time>
   </trkpt>
   <trkpt lat="48.5819800" lon="7.7322780">
    <ele>145.5</ele>
    <time>2024-04-20T18:56:43Z</time>
   </trkpt>
   <trkpt lat="48.5819270" lon="7.7322320">
    <ele>145.4</ele>
    <time>2024-04-20T18:56:44Z</time>
   </trkpt>
   <trkpt lat="48.5818730" lon="7.7321920">
    <ele>145.4</ele>
    <time>2024-04-20T18:56:45Z</time>
   </trkpt>
   <trkpt lat="48.5818160" lon="7.7321550">
    <ele>145.3</ele>
    <time>2024-04-20T18:56:46Z</time>
   </trkpt>
   <trkpt lat="48.5817580" lon="7.7321170">
    <ele>145.2</ele>
    <time>2024-04-20T18:56:47Z</time>
   </trkpt>
   <trkpt lat="48.5817010" lon="7.7320800">
    <ele>145.1</ele>
    <time>2024-04-20T18:56:48Z</time>
   </trkpt>
   <trkpt lat="48.5816410" lon="7.7320450">
    <ele>145.0</ele>
    <time>2024-04-20T18:56:49Z</time>
   </trkpt>
   <trkpt lat="48.5815820" lon="7.7320060">
    <ele>144.9</ele>
    <time>2024-04-20T18:56:50Z</time>
   </trkpt>
   <trkpt lat="48.5815210" lon="7.7319630">
    <ele>144.8</ele>
    <time>2024-04-20T18:56:51Z</time>
   </trkpt>
   <trkpt lat="48.5814610" lon="7.7319210">
    <ele>144.7</ele>
    <time>2024-04-20T18:56:52Z</time>
   </trkpt>
   <trkpt lat="48.5814010" lon="7.7318790">
    <ele>144.6</ele>
    <time>2024-04-20T18:56:53Z</time>
   </trkpt>
   <trkpt lat="48.5813400" lon="7.7318370">
    <ele>144.5</ele>
    <time>2024-04-20T18:56:54Z</time>
   </trkpt>
   <trkpt lat="48.5812790" lon="7.7317990">
    <ele>144.4</ele>
    <time>2024-04-20T18:56:55Z</time>
   </trkpt>
   <trkpt lat="48.5812180" lon="7.7317580">
    <ele>144.3</ele>
    <time>2024-04-20T18:56:56Z</time>
   </trkpt>
   <trkpt lat="48.5811590" lon="7.7317220">
    <ele>144.2</ele>
    <time>2024-04-20T18:56:57Z</time>
   </trkpt>
   <trkpt lat="48.5810970" lon="7.7316910">
    <ele>144.1</ele>
    <time>2024-04-20T18:56:58Z</time>
   </trkpt>
   <trkpt lat="48.5810340" lon="7.7316550">
    <ele>144.0</ele>
    <time>2024-04-20T18:56:59Z</time>
   </trkpt>
   <trkpt lat="48.5809700" lon="7.7316170">
    <ele>143.9</ele>
    <time>2024-04-20T18:57:00Z</time>
   </trkpt>
   <trkpt lat="48.5809080" lon="7.7315790">
    <ele>143.8</ele>
    <time>2024-04-20T18:57:01Z</time>
   </trkpt>
   <trkpt lat="48.5808460" lon="7.7315380">
    <ele>143.6</ele>
    <time>2024-04-20T18:57:02Z</time>
   </trkpt>
   <trkpt lat="48.5807840" lon="7.7314980">
    <ele>143.5</ele>
    <time>2024-04-20T18:57:03Z</time>
   </trkpt>
   <trkpt lat="48.5807210" lon="7.7314580">
    <ele>143.4</ele>
    <time>2024-04-20T18:57:04Z</time>
   </trkpt>
   <trkpt lat="48.5806590" lon="7.7314180">
    <ele>143.2</ele>
    <time>2024-04-20T18:57:05Z</time>
   </trkpt>
   <trkpt lat="48.5805950" lon="7.7313780">
    <ele>143.1</ele>
    <time>2024-04-20T18:57:06Z</time>
   </trkpt>
   <trkpt lat="48.5805300" lon="7.7313390">
    <ele>143.0</ele>
    <time>2024-04-20T18:57:07Z</time>
   </trkpt>
   <trkpt lat="48.5804660" lon="7.7313020">
    <ele>142.9</ele>
    <time>2024-04-20T18:57:08Z</time>
   </trkpt>
   <trkpt lat="48.5804050" lon="7.7312560">
    <ele>142.7</ele>
    <time>2024-04-20T18:57:09Z</time>
   </trkpt>
   <trkpt lat="48.5803470" lon="7.7312040">
    <ele>142.6</ele>
    <time>2024-04-20T18:57:10Z</time>
   </trkpt>
   <trkpt lat="48.5802860" lon="7.7311670">
    <ele>142.5</ele>
    <time>2024-04-20T18:57:11Z</time>
   </trkpt>
   <trkpt lat="48.5802250" lon="7.7311300">
    <ele>142.4</ele>
    <time>2024-04-20T18:57:12Z</time>
   </trkpt>
   <trkpt lat="48.5801670" lon="7.7310870">
    <ele>142.2</ele>
    <time>2024-04-20T18:57:13Z</time>
   </trkpt>
   <trkpt lat="48.5801110" lon="7.7310450">
    <ele>142.1</ele>
    <time>2024-04-20T18:57:14Z</time>
   </trkpt>
   <trkpt lat="48.5800530" lon="7.7310110">
    <ele>142.0</ele>
    <time>2024-04-20T18:57:15Z</time>
   </trkpt>
   <trkpt lat="48.5799970" lon="7.7309730">
    <ele>141.9</ele>
    <time>2024-04-20T18:57:16Z</time>
   </trkpt>
   <trkpt lat="48.5799410" lon="7.7309380">
    <ele>141.8</ele>
    <time>2024-04-20T18:57:17Z</time>
   </trkpt>
   <trkpt lat="48.5798850" lon="7.7309000">
    <ele>141.7</ele>
    <time>2024-04-20T18:57:18Z</time>
   </trkpt>
   <trkpt lat="48.5798370" lon="7.7308630">
    <ele>141.7</ele>
    <time>2024-04-20T18:57:19Z</time>
   </trkpt>
   <trkpt lat="48.5798030" lon="7.7308330">
    <ele>141.7</ele>
    <time>2024-04-20T18:57:20Z</time>
   </trkpt>
   <trkpt lat="48.5797730" lon="7.7308170">
    <ele>141.7</ele>
    <time>2024-04-20T18:57:21Z</time>
   </trkpt>
   <trkpt lat="48.5797650" lon="7.7308130">
    <ele>141.7</ele>
    <time>2024-04-20T18:57:22Z</time>
   </trkpt>
   <trkpt lat="48.5797380" lon="7.7307980">
    <ele>141.6</ele>
    <time>2024-04-20T18:57:23Z</time>
   </trkpt>
   <trkpt lat="48.5797290" lon="7.7307940">
    <ele>141.6</ele>
    <time>2024-04-20T18:57:24Z</time>
   </trkpt>
   <trkpt lat="48.5797060" lon="7.7307580">
    <ele>141.5</ele>
    <time>2024-04-20T18:57:25Z</time>
   </trkpt>
   <trkpt lat="48.5796990" lon="7.7307470">
    <ele>141.5</ele>
    <time>2024-04-20T18:57:26Z</time>
   </trkpt>
   <trkpt lat="48.5796760" lon="7.7307200">
    <ele>141.4</ele>
    <time>2024-04-20T18:57:27Z</time>
   </trkpt>
   <trkpt lat="48.5796670" lon="7.7307120">
    <ele>141.4</ele>
    <time>2024-04-20T18:57:28Z</time>
   </trkpt>
   <trkpt lat="48.5796410" lon="7.7306990">
    <ele>141.4</ele>
    <time>2024-04-20T18:57:29Z</time>
   </trkpt>
   <trkpt lat="48.5796060" lon="7.7306920">
    <ele>141.3</ele>
    <time>2024-04-20T18:57:30Z</time>
   </trkpt>
   <trkpt lat="48.5795680" lon="7.7306810">
    <ele>141.2</ele>
    <time>2024-04-20T18:57:31Z</time>
   </trkpt>
   <trkpt lat="48.5795300" lon="7.7306670">
    <ele>141.2</ele>
    <time>2024-04-20T18:57:32Z</time>
   </trkpt>
   <trkpt lat="48.5794920" lon="7.7306450">
    <ele>141.1</ele>
    <time>2024-04-20T18:57:33Z</time>
   </trkpt>
   <trkpt lat="48.5794490" lon="7.7306300">
    <ele>141.0</ele>
    <time>2024-04-20T18:57:34Z</time>
   </trkpt>
   <trkpt lat="48.5793950" lon="7.7306410">
    <ele>140.9</ele>
    <time>2024-04-20T18:57:35Z</time>
   </trkpt>
   <trkpt lat="48.5793460" lon="7.7306720">
    <ele>140.9</ele>
    <time>2024-04-20T18:57:36Z</time>
   </trkpt>
   <trkpt lat="48.5792980" lon="7.7307010">
    <ele>140.9</ele>
    <time>2024-04-20T18:57:37Z</time>
   </trkpt>
   <trkpt lat="48.5792480" lon="7.7307230">
    <ele>140.8</ele>
    <time>2024-04-20T18:57:38Z</time>
   </trkpt>
   <trkpt lat="48.5791930" lon="7.7307370">
    <ele>140.8</ele>
    <time>2024-04-20T18:57:39Z</time>
   </trkpt>
   <trkpt lat="48.5791360" lon="7.7307610">
    <ele>140.8</ele>
    <time>2024-04-20T18:57:40Z</time>
   </trkpt>
   <trkpt lat="48.5790790" lon="7.7307880">
    <ele>140.8</ele>
    <time>2024-04-20T18:57:41Z</time>
   </trkpt>
   <trkpt lat="48.5790150" lon="7.7308000">
    <ele>140.8</ele>
    <time>2024-04-20T18:57:42Z</time>
   </trkpt>
   <trkpt lat="48.5789550" lon="7.7308220">
    <ele>140.8</ele>
    <time>2024-04-20T18:57:43Z</time>
   </trkpt>
   <trkpt lat="48.5788950" lon="7.7308340">
    <ele>140.9</ele>
    <time>2024-04-20T18:57:44Z</time>
   </trkpt>
   <trkpt lat="48.5788360" lon="7.7308510">
    <ele>140.9</ele>
    <time>2024-04-20T18:57:45Z</time>
   </trkpt>
   <trkpt lat="48.5787780" lon="7.7308710">
    <ele>141.0</ele>
    <time>2024-04-20T18:57:46Z</time>
   </trkpt>
   <trkpt lat="48.5787200" lon="7.7308890">
    <ele>141.0</ele>
    <time>2024-04-20T18:57:47Z</time>
   </trkpt>
   <trkpt lat="48.5786590" lon="7.7308980">
    <ele>141.1</ele>
    <time>2024-04-20T18:57:48Z</time>
   </trkpt>
   <trkpt lat="48.5786010" lon="7.7309110">
    <ele>141.1</ele>
    <time>2024-04-20T18:57:49Z</time>
   </trkpt>
   <trkpt lat="48.5785460" lon="7.7309300">
    <ele>141.1</ele>
    <time>2024-04-20T18:57:50Z</time>
   </trkpt>
   <trkpt lat="48.5784910" lon="7.7309500">
    <ele>141.1</ele>
    <time>2024-04-20T18:57:51Z</time>
   </trkpt>
   <trkpt lat="48.5784360" lon="7.7309720">
    <ele>141.2</ele>
    <time>2024-04-20T18:57:52Z</time>
   </trkpt>
   <trkpt lat="48.5783780" lon="7.7309890">
    <ele>141.2</ele>
    <time>2024-04-20T18:57:53Z</time>
   </trkpt>
   <trkpt lat="48.5783180" lon="7.7310030">
    <ele>141.2</ele>
    <time>2024-04-20T18:57:54Z</time>
   </trkpt>
   <trkpt lat="48.5782600" lon="7.7310270">
    <ele>141.2</ele>
    <time>2024-04-20T18:57:55Z</time>
   </trkpt>
   <trkpt lat="48.5782040" lon="7.7310540">
    <ele>141.2</ele>
    <time>2024-04-20T18:57:56Z</time>
   </trkpt>
   <trkpt lat="48.5781430" lon="7.7310810">
    <ele>141.2</ele>
    <time>2024-04-20T18:57:57Z</time>
   </trkpt>
   <trkpt lat="48.5780810" lon="7.7310980">
    <ele>141.2</ele>
    <time>2024-04-20T18:57:58Z</time>
   </trkpt>
   <trkpt lat="48.5780190" lon="7.7311130">
    <ele>141.2</ele>
    <time>2024-04-20T18:57:59Z</time>
   </trkpt>
   <trkpt lat="48.5779590" lon="7.7311330">
    <ele>141.2</ele>
    <time>2024-04-20T18:58:00Z</time>
   </trkpt>
   <trkpt lat="48.5778980" lon="7.7311600">
    <ele>141.2</ele>
    <time>2024-04-20T18:58:01Z</time>
   </trkpt>
   <trkpt lat="48.5778350" lon="7.7311820">
    <ele>141.2</ele>
    <time>2024-04-20T18:58:02Z</time>
   </trkpt>
   <trkpt lat="48.5777720" lon="7.7312010">
    <ele>141.2</ele>
    <time>2024-04-20T18:58:03Z</time>
   </trkpt>
   <trkpt lat="48.5777100" lon="7.7312200">
    <ele>141.3</ele>
    <time>2024-04-20T18:58:04Z</time>
   </trkpt>
   <trkpt lat="48.5776510" lon="7.7312270">
    <ele>141.3</ele>
    <time>2024-04-20T18:58:05Z</time>
   </trkpt>
   <trkpt lat="48.5775920" lon="7.7312320">
    <ele>141.3</ele>
    <time>2024-04-20T18:58:06Z</time>
   </trkpt>
   <trkpt lat="48.5775320" lon="7.7312480">
    <ele>141.4</ele>
    <time>2024-04-20T18:58:07Z</time>
   </trkpt>
   <trkpt lat="48.5774710" lon="7.7312760">
    <ele>141.3</ele>
    <time>2024-04-20T18:58:08Z</time>
   </trkpt>
   <trkpt lat="48.5774160" lon="7.7313060">
    <ele>141.3</ele>
    <time>2024-04-20T18:58:09Z</time>
   </trkpt>
   <trkpt lat="48.5773560" lon="7.7313310">
    <ele>141.2</ele>
    <time>2024-04-20T18:58:10Z</time>
   </trkpt>
   <trkpt lat="48.5772920" lon="7.7313600">
    <ele>141.2</ele>
    <time>2024-04-20T18:58:11Z</time>
   </trkpt>
   <trkpt lat="48.5772260" lon="7.7313840">
    <ele>141.1</ele>
    <time>2024-04-20T18:58:12Z</time>
   </trkpt>
   <trkpt lat="48.5771600" lon="7.7314060">
    <ele>141.1</ele>
    <time>2024-04-20T18:58:13Z</time>
   </trkpt>
   <trkpt lat="48.5770970" lon="7.7314280">
    <ele>141.1</ele>
    <time>2024-04-20T18:58:14Z</time>
   </trkpt>
   <trkpt lat="48.5770320" lon="7.7314460">
    <ele>141.1</ele>
    <time>2024-04-20T18:58:15Z</time>
   </trkpt>
   <trkpt lat="48.5769670" lon="7.7314610">
    <ele>141.1</ele>
    <time>2024-04-20T18:58:16Z</time>
   </trkpt>
   <trkpt lat="48.5769050" lon="7.7314780">
    <ele>141.1</ele>
    <time>2024-04-20T18:58:17Z</time>
   </trkpt>
   <trkpt lat="48.5768420" lon="7.7314960">
    <ele>141.1</ele>
    <time>2024-04-20T18:58:18Z</time>
   </trkpt>
   <trkpt lat="48.5767840" lon="7.7315140">
    <ele>141.1</ele>
    <time>2024-04-20T18:58:19Z</time>
   </trkpt>
   <trkpt lat="48.5767280" lon="7.7315380">
    <ele>141.0</ele>
    <time>2024-04-20T18:58:20Z</time>
   </trkpt>
   <trkpt lat="48.5766680" lon="7.7315520">
    <ele>141.0</ele>
    <time>2024-04-20T18:58:21Z</time>
   </trkpt>
   <trkpt lat="48.5766080" lon="7.7315670">
    <ele>141.0</ele>
    <time>2024-04-20T18:58:22Z</time>
   </trkpt>
   <trkpt lat="48.5765550" lon="7.7315830">
    <ele>141.0</ele>
    <time>2024-04-20T18:58:23Z</time>
   </trkpt>
   <trkpt lat="48.5765030" lon="7.7315970">
    <ele>141.0</ele>
    <time>2024-04-20T18:58:24Z</time>
   </trkpt>
   <trkpt lat="48.5764500" lon="7.7316150">
    <ele>141.0</ele>
    <time>2024-04-20T18:58:25Z</time>
   </trkpt>
   <trkpt lat="48.5764000" lon="7.7316240">
    <ele>141.0</ele>
    <time>2024-04-20T18:58:26Z</time>
   </trkpt>
   <trkpt lat="48.5763530" lon="7.7316280">
    <ele>141.0</ele>
    <time>2024-04-20T18:58:27Z</time>
   </trkpt>
   <trkpt lat="48.5763100" lon="7.7316520">
    <ele>141.1</ele>
    <time>2024-04-20T18:58:28Z</time>
   </trkpt>
   <trkpt lat="48.5762680" lon="7.7316870">
    <ele>141.1</ele>
    <time>2024-04-20T18:58:29Z</time>
   </trkpt>
   <trkpt lat="48.5762210" lon="7.7317140">
    <ele>141.1</ele>
    <time>2024-04-20T18:58:30Z</time>
   </trkpt>
   <trkpt lat="48.5761790" lon="7.7317540">
    <ele>141.1</ele>
    <time>2024-04-20T18:58:31Z</time>
   </trkpt>
   <trkpt lat="48.5761420" lon="7.7317970">
    <ele>141.0</ele>
    <time>2024-04-20T18:58:32Z</time>
   </trkpt>
   <trkpt lat="48.5761080" lon="7.7318440">
    <ele>141.0</ele>
    <time>2024-04-20T18:58:33Z</time>
   </trkpt>
   <trkpt lat="48.5760740" lon="7.7318940">
    <ele>140.9</ele>
    <time>2024-04-20T18:58:34Z</time>
   </trkpt>
   <trkpt lat="48.5760410" lon="7.7319620">
    <ele>140.8</ele>
    <time>2024-04-20T18:58:35Z</time>
   </trkpt>
   <trkpt lat="48.5760060" lon="7.7320270">
    <ele>140.7</ele>
    <time>2024-04-20T18:58:36Z</time>
   </trkpt>
   <trkpt lat="48.5759670" lon="7.7320940">
    <ele>140.6</ele>
    <time>2024-04-20T18:58:37Z</time>
   </trkpt>
   <trkpt lat="48.5759310" lon="7.7321640">
    <ele>140.5</ele>
    <time>2024-04-20T18:58:38Z</time>
   </trkpt>
   <trkpt lat="48.5758920" lon="7.7322390">
    <ele>140.4</ele>
    <time>2024-04-20T18:58:39Z</time>
   </trkpt>
   <trkpt lat="48.5758500" lon="7.7323130">
    <ele>140.3</ele>
    <time>2024-04-20T18:58:40Z</time>
   </trkpt>
   <trkpt lat="48.5758090" lon="7.7323910">
    <ele>140.2</ele>
    <time>2024-04-20T18:58:41Z</time>
   </trkpt>
   <trkpt lat="48.5757690" lon="7.7324690">
    <ele>140.2</ele>
    <time>2024-04-20T18:58:42Z</time>
   </trkpt>
   <trkpt lat="48.5757360" lon="7.7325360">
    <ele>140.2</ele>
    <time>2024-04-20T18:58:43Z</time>
   </trkpt>
   <trkpt lat="48.5757030" lon="7.7325980">
    <ele>140.2</ele>
    <time>2024-04-20T18:58:44Z</time>
   </trkpt>
   <trkpt lat="48.5756730" lon="7.7326560">
    <ele>140.1</ele>
    <time>2024-04-20T18:58:45Z</time>
   </trkpt>
   <trkpt lat="48.5756360" lon="7.7327120">
    <ele>140.1</ele>
    <time>2024-04-20T18:58:46Z</time>
   </trkpt>
   <trkpt lat="48.5755990" lon="7.7327730">
    <ele>140.1</ele>
    <time>2024-04-20T18:58:47Z</time>
   </trkpt>
   <trkpt lat="48.5755620" lon="7.7328410">
    <ele>140.0</ele>
    <time>2024-04-20T18:58:48Z</time>
   </trkpt>
   <trkpt lat="48.5755260" lon="7.7329080">
    <ele>140.0</ele>
    <time>2024-04-20T18:58:49Z</time>
   </trkpt>
   <trkpt lat="48.5754880" lon="7.7329770">
    <ele>140.0</ele>
    <time>2024-04-20T18:58:50Z</time>
   </trkpt>
   <trkpt lat="48.5754510" lon="7.7330440">
    <ele>140.0</ele>
    <time>2024-04-20T18:58:51Z</time>
   </trkpt>
   <trkpt lat="48.5754140" lon="7.7331140">
    <ele>140.0</ele>
    <time>2024-04-20T18:58:52Z</time>
   </trkpt>
   <trkpt lat="48.5753800" lon="7.7331890">
    <ele>140.0</ele>
    <time>2024-04-20T18:58:53Z</time>
   </trkpt>
   <trkpt lat="48.5753400" lon="7.7332570">
    <ele>140.1</ele>
    <time>2024-04-20T18:58:54Z</time>
   </trkpt>
   <trkpt lat="48.5752980" lon="7.7333270">
    <ele>140.1</ele>
    <time>2024-04-20T18:58:55Z</time>
   </trkpt>
   <trkpt lat="48.5752590" lon="7.7333990">
    <ele>140.2</ele>
    <time>2024-04-20T18:58:56Z</time>
   </trkpt>
   <trkpt lat="48.5752240" lon="7.7334630">
    <ele>140.3</ele>
    <time>2024-04-20T18:58:57Z</time>
   </trkpt>
   <trkpt lat="48.5751880" lon="7.7335260">
    <ele>140.4</ele>
    <time>2024-04-20T18:58:58Z</time>
   </trkpt>
   <trkpt lat="48.5751530" lon="7.7335900">
    <ele>140.5</ele>
    <time>2024-04-20T18:58:59Z</time>
   </trkpt>
   <trkpt lat="48.5751210" lon="7.7336520">
    <ele>140.6</ele>
    <time>2024-04-20T18:59:00Z</time>
   </trkpt>
   <trkpt lat="48.5750970" lon="7.7336860">
    <ele>140.6</ele>
    <time>2024-04-20T18:59:01Z</time>
   </trkpt>
   <trkpt lat="48.5750820" lon="7.7337040">
    <ele>140.6</ele>
    <time>2024-04-20T18:59:02Z</time>
   </trkpt>
   <trkpt lat="48.5750700" lon="7.7337100">
    <ele>140.6</ele>
    <time>2024-04-20T18:59:03Z</time>
   </trkpt>
   <trkpt lat="48.5750610" lon="7.7337180">
    <ele>140.6</ele>
    <time>2024-04-20T18:59:04Z</time>
   </trkpt>
   <trkpt lat="48.5750600" lon="7.7337190">
    <ele>140.6</ele>
    <time>2024-04-20T18:59:05Z</time>
   </trkpt>
   <trkpt lat="48.5750600" lon="7.7337170">
    <ele>140.6</ele>
    <time>2024-04-20T18:59:06Z</time>
   </trkpt>
   <trkpt lat="48.5750600" lon="7.7337160">
    <ele>140.6</ele>
    <time>2024-04-20T18:59:07Z</time>
   </trkpt>
   <trkpt lat="48.5750540" lon="7.7337130">
    <ele>140.6</ele>
    <time>2024-04-20T18:59:08Z</time>
   </trkpt>
   <trkpt lat="48.5750380" lon="7.7337170">
    <ele>140.6</ele>
    <time>2024-04-20T18:59:09Z</time>
   </trkpt>
   <trkpt lat="48.5750140" lon="7.7337530">
    <ele>140.6</ele>
    <time>2024-04-20T18:59:10Z</time>
   </trkpt>
   <trkpt lat="48.5750100" lon="7.7337720">
    <ele>140.6</ele>
    <time>2024-04-20T18:59:11Z</time>
   </trkpt>
   <trkpt lat="48.5750040" lon="7.7338210">
    <ele>140.6</ele>
    <time>2024-04-20T18:59:12Z</time>
   </trkpt>
   <trkpt lat="48.5749850" lon="7.7338670">
    <ele>140.7</ele>
    <time>2024-04-20T18:59:13Z</time>
   </trkpt>
   <trkpt lat="48.5749540" lon="7.7339130">
    <ele>140.7</ele>
    <time>2024-04-20T18:59:14Z</time>
   </trkpt>
   <trkpt lat="48.5749230" lon="7.7339660">
    <ele>140.6</ele>
    <time>2024-04-20T18:59:15Z</time>
   </trkpt>
   <trkpt lat="48.5749020" lon="7.7340380">
    <ele>140.7</ele>
    <time>2024-04-20T18:59:16Z</time>
   </trkpt>
   <trkpt lat="48.5748920" lon="7.7341190">
    <ele>140.8</ele>
    <time>2024-04-20T18:59:17Z</time>
   </trkpt>
   <trkpt lat="48.5748830" lon="7.7341990">
    <ele>140.8</ele>
    <time>2024-04-20T18:59:18Z</time>
   </trkpt>
   <trkpt lat="48.5748740" lon="7.7342780">
    <ele>140.9</ele>
    <time>2024-04-20T18:59:19Z</time>
   </trkpt>
   <trkpt lat="48.5748670" lon="7.7343580">
    <ele>141.0</ele>
    <time>2024-04-20T18:59:20Z</time>
   </trkpt>
   <trkpt lat="48.5748620" lon="7.7344410">
    <ele>141.1</ele>
    <time>2024-04-20T18:59:21Z</time>
   </trkpt>
   <trkpt lat="48.5748600" lon="7.7345200">
    <ele>141.2</ele>
    <time>2024-04-20T18:59:22Z</time>
   </trkpt>
   <trkpt lat="48.5748580" lon="7.7345980">
    <ele>141.3</ele>
    <time>2024-04-20T18:59:23Z</time>
   </trkpt>
   <trkpt lat="48.5748550" lon="7.7346770">
    <ele>141.4</ele>
    <time>2024-04-20T18:59:24Z</time>
   </trkpt>
   <trkpt lat="48.5748540" lon="7.7347550">
    <ele>141.6</ele>
    <time>2024-04-20T18:59:25Z</time>
   </trkpt>
   <trkpt lat="48.5748550" lon="7.7348350">
    <ele>141.7</ele>
    <time>2024-04-20T18:59:26Z</time>
   </trkpt>
   <trkpt lat="48.5748560" lon="7.7349120">
    <ele>141.8</ele>
    <time>2024-04-20T18:59:27Z</time>
   </trkpt>
   <trkpt lat="48.5748570" lon="7.7349890">
    <ele>141.9</ele>
    <time>2024-04-20T18:59:28Z</time>
   </trkpt>
   <trkpt lat="48.5748570" lon="7.7350680">
    <ele>142.1</ele>
    <time>2024-04-20T18:59:29Z</time>
   </trkpt>
   <trkpt lat="48.5748600" lon="7.7351460">
    <ele>142.2</ele>
    <time>2024-04-20T18:59:30Z</time>
   </trkpt>
   <trkpt lat="48.5748610" lon="7.7352250">
    <ele>142.4</ele>
    <time>2024-04-20T18:59:31Z</time>
   </trkpt>
   <trkpt lat="48.5748590" lon="7.7353030">
    <ele>142.6</ele>
    <time>2024-04-20T18:59:32Z</time>
   </trkpt>
   <trkpt lat="48.5748570" lon="7.7353800">
    <ele>142.7</ele>
    <time>2024-04-20T18:59:33Z</time>
   </trkpt>
   <trkpt lat="48.5748530" lon="7.7354560">
    <ele>142.9</ele>
    <time>2024-04-20T18:59:34Z</time>
   </trkpt>
   <trkpt lat="48.5748470" lon="7.7355310">
    <ele>143.0</ele>
    <time>2024-04-20T18:59:35Z</time>
   </trkpt>
   <trkpt lat="48.5748390" lon="7.7356060">
    <ele>143.2</ele>
    <time>2024-04-20T18:59:36Z</time>
   </trkpt>
   <trkpt lat="48.5748320" lon="7.7356780">
    <ele>143.3</ele>
    <time>2024-04-20T18:59:37Z</time>
   </trkpt>
   <trkpt lat="48.5748210" lon="7.7357510">
    <ele>143.5</ele>
    <time>2024-04-20T18:59:38Z</time>
   </trkpt>
   <trkpt lat="48.5748110" lon="7.7358250">
    <ele>143.6</ele>
    <time>2024-04-20T18:59:39Z</time>
   </trkpt>
   <trkpt lat="48.5748030" lon="7.7359000">
    <ele>143.7</ele>
    <time>2024-04-20T18:59:40Z</time>
   </trkpt>
   <trkpt lat="48.5747940" lon="7.7359750">
    <ele>143.9</ele>
    <time>2024-04-20T18:59:41Z</time>
   </trkpt>
   <trkpt lat="48.5747800" lon="7.7360470">
    <ele>144.0</ele>
    <time>2024-04-20T18:59:42Z</time>
   </trkpt>
   <trkpt lat="48.5747640" lon="7.7361180">
    <ele>144.1</ele>
    <time>2024-04-20T18:59:43Z</time>
   </trkpt>
   <trkpt lat="48.5747510" lon="7.7361890">
    <ele>144.1</ele>
    <time>2024-04-20T18:59:44Z</time>
   </trkpt>
   <trkpt lat="48.5747390" lon="7.7362600">
    <ele>144.2</ele>
    <time>2024-04-20T18:59:45Z</time>
   </trkpt>
   <trkpt lat="48.5747280" lon="7.7363340">
    <ele>144.2</ele>
    <time>2024-04-20T18:59:46Z</time>
   </trkpt>
   <trkpt lat="48.5747130" lon="7.7364090">
    <ele>144.2</ele>
    <time>2024-04-20T18:59:47Z</time>
   </trkpt>
   <trkpt lat="48.5747020" lon="7.7364840">
    <ele>144.3</ele>
    <time>2024-04-20T18:59:48Z</time>
   </trkpt>
   <trkpt lat="48.5746870" lon="7.7365570">
    <ele>144.3</ele>
    <time>2024-04-20T18:59:49Z</time>
   </trkpt>
   <trkpt lat="48.5746740" lon="7.7366330">
    <ele>144.4</ele>
    <time>2024-04-20T18:59:50Z</time>
   </trkpt>
   <trkpt lat="48.5746590" lon="7.7367070">
    <ele>144.4</ele>
    <time>2024-04-20T18:59:51Z</time>
   </trkpt>
   <trkpt lat="48.5746460" lon="7.7367860">
    <ele>144.4</ele>
    <time>2024-04-20T18:59:52Z</time>
   </trkpt>
   <trkpt lat="48.5746330" lon="7.7368660">
    <ele>144.4</ele>
    <time>2024-04-20T18:59:53Z</time>
   </trkpt>
   <trkpt lat="48.5746190" lon="7.7369470">
    <ele>144.4</ele>
    <time>2024-04-20T18:59:54Z</time>
   </trkpt>
   <trkpt lat="48.5746060" lon="7.7370290">
    <ele>144.4</ele>
    <time>2024-04-20T18:59:55Z</time>
   </trkpt>
   <trkpt lat="48.5745900" lon="7.7371110">
    <ele>144.4</ele>
    <time>2024-04-20T18:59:56Z</time>
   </trkpt>
   <trkpt lat="48.5745760" lon="7.7371950">
    <ele>144.4</ele>
    <time>2024-04-20T18:59:57Z</time>
   </trkpt>
   <trkpt lat="48.5745640" lon="7.7372760">
    <ele>144.4</ele>
    <time>2024-04-20T18:59:58Z</time>
   </trkpt>
   <trkpt lat="48.5745500" lon="7.7373560">
    <ele>144.4</ele>
    <time>2024-04-20T18:59:59Z</time>
   </trkpt>
   <trkpt lat="48.5745340" lon="7.7374290">
    <ele>144.4</ele>
    <time>2024-04-20T19:00:00Z</time>
   </trkpt>
   <trkpt lat="48.5745180" lon="7.7375010">
    <ele>144.4</ele>
    <time>2024-04-20T19:00:01Z</time>
   </trkpt>
   <trkpt lat="48.5745070" lon="7.7375750">
    <ele>144.5</ele>
    <time>2024-04-20T19:00:02Z</time>
   </trkpt>
   <trkpt lat="48.5744920" lon="7.7376440">
    <ele>144.5</ele>
    <time>2024-04-20T19:00:03Z</time>
   </trkpt>
   <trkpt lat="48.5744690" lon="7.7377070">
    <ele>144.5</ele>
    <time>2024-04-20T19:00:04Z</time>
   </trkpt>
   <trkpt lat="48.5744420" lon="7.7377640">
    <ele>144.5</ele>
    <time>2024-04-20T19:00:05Z</time>
   </trkpt>
   <trkpt lat="48.5744040" lon="7.7378010">
    <ele>144.5</ele>
    <time>2024-04-20T19:00:06Z</time>
   </trkpt>
   <trkpt lat="48.5743610" lon="7.7378250">
    <ele>144.5</ele>
    <time>2024-04-20T19:00:07Z</time>
   </trkpt>
   <trkpt lat="48.5743120" lon="7.7378390">
    <ele>144.4</ele>
    <time>2024-04-20T19:00:08Z</time>
   </trkpt>
   <trkpt lat="48.5742600" lon="7.7378370">
    <ele>144.4</ele>
    <time>2024-04-20T19:00:09Z</time>
   </trkpt>
   <trkpt lat="48.5742100" lon="7.7378280">
    <ele>144.4</ele>
    <time>2024-04-20T19:00:10Z</time>
   </trkpt>
   <trkpt lat="48.5741600" lon="7.7378190">
    <ele>144.4</ele>
    <time>2024-04-20T19:00:11Z</time>
   </trkpt>
   <trkpt lat="48.5741080" lon="7.7378110">
    <ele>144.4</ele>
    <time>2024-04-20T19:00:12Z</time>
   </trkpt>
   <trkpt lat="48.5740550" lon="7.7378040">
    <ele>144.4</ele>
    <time>2024-04-20T19:00:13Z</time>
   </trkpt>
   <trkpt lat="48.5740020" lon="7.7378000">
    <ele>144.3</ele>
    <time>2024-04-20T19:00:14Z</time>
   </trkpt>
   <trkpt lat="48.5739470" lon="7.7377910">
    <ele>144.1</ele>
    <time>2024-04-20T19:00:15Z</time>
   </trkpt>
   <trkpt lat="48.5738870" lon="7.7377800">
    <ele>144.0</ele>
    <time>2024-04-20T19:00:16Z</time>
   </trkpt>
   <trkpt lat="48.5738250" lon="7.7377670">
    <ele>143.9</ele>
    <time>2024-04-20T19:00:17Z</time>
   </trkpt>
   <trkpt lat="48.5737630" lon="7.7377570">
    <ele>143.7</ele>
    <time>2024-04-20T19:00:18Z</time>
   </trkpt>
   <trkpt lat="48.5737000" lon="7.7377460">
    <ele>143.6</ele>
    <time>2024-04-20T19:00:19Z</time>
   </trkpt>
   <trkpt lat="48.5736370" lon="7.7377390">
    <ele>143.4</ele>
    <time>2024-04-20T19:00:20Z</time>
   </trkpt>
   <trkpt lat="48.5735730" lon="7.7377280">
    <ele>143.2</ele>
    <time>2024-04-20T19:00:21Z</time>
   </trkpt>
   <trkpt lat="48.5735070" lon="7.7377220">
    <ele>143.0</ele>
    <time>2024-04-20T19:00:22Z</time>
   </trkpt>
   <trkpt lat="48.5734420" lon="7.7377160">
    <ele>142.7</ele>
    <time>2024-04-20T19:00:23Z</time>
   </trkpt>
   <trkpt lat="48.5733770" lon="7.7377080">
    <ele>142.3</ele>
    <time>2024-04-20T19:00:24Z</time>
   </trkpt>
   <trkpt lat="48.5733100" lon="7.7376990">
    <ele>142.0</ele>
    <time>2024-04-20T19:00:25Z</time>
   </trkpt>
   <trkpt lat="48.5732430" lon="7.7376890">
    <ele>141.7</ele>
    <time>2024-04-20T19:00:26Z</time>
   </trkpt>
   <trkpt lat="48.5731760" lon="7.7376820">
    <ele>141.5</ele>
    <time>2024-04-20T19:00:27Z</time>
   </trkpt>
   <trkpt lat="48.5731130" lon="7.7376740">
    <ele>141.2</ele>
    <time>2024-04-20T19:00:28Z</time>
   </trkpt>
   <trkpt lat="48.5730520" lon="7.7376550">
    <ele>141.0</ele>
    <time>2024-04-20T19:00:29Z</time>
   </trkpt>
   <trkpt lat="48.5729920" lon="7.7376230">
    <ele>140.8</ele>
    <time>2024-04-20T19:00:30Z</time>
   </trkpt>
   <trkpt lat="48.5729340" lon="7.7375850">
    <ele>140.5</ele>
    <time>2024-04-20T19:00:31Z</time>
   </trkpt>
   <trkpt lat="48.5728750" lon="7.7375410">
    <ele>140.3</ele>
    <time>2024-04-20T19:00:32Z</time>
   </trkpt>
   <trkpt lat="48.5728180" lon="7.7374940">
    <ele>140.1</ele>
    <time>2024-04-20T19:00:33Z</time>
   </trkpt>
   <trkpt lat="48.5727640" lon="7.7374360">
    <ele>140.0</ele>
    <time>2024-04-20T19:00:34Z</time>
   </trkpt>
   <trkpt lat="48.5727110" lon="7.7373770">
    <ele>139.9</ele>
    <time>2024-04-20T19:00:35Z</time>
   </trkpt>
   <trkpt lat="48.5726560" lon="7.7373390">
    <ele>139.8</ele>
    <time>2024-04-20T19:00:36Z</time>
   </trkpt>
   <trkpt lat="48.5726000" lon="7.7373110">
    <ele>139.7</ele>
    <time>2024-04-20T19:00:37Z</time>
   </trkpt>
   <trkpt lat="48.5725540" lon="7.7372590">
    <ele>139.7</ele>
    <time>2024-04-20T19:00:38Z</time>
   </trkpt>
   <trkpt lat="48.5725070" lon="7.7372080">
    <ele>139.6</ele>
    <time>2024-04-20T19:00:39Z</time>
   </trkpt>
   <trkpt lat="48.5724620" lon="7.7371590">
    <ele>139.6</ele>
    <time>2024-04-20T19:00:40Z</time>
   </trkpt>
   <trkpt lat="48.5724190" lon="7.7371080">
    <ele>139.6</ele>
    <time>2024-04-20T19:00:41Z</time>
   </trkpt>
   <trkpt lat="48.5723790" lon="7.7370620">
    <ele>139.6</ele>
    <time>2024-04-20T19:00:42Z</time>
   </trkpt>
   <trkpt lat="48.5723380" lon="7.7370110">
    <ele>139.6</ele>
    <time>2024-04-20T19:00:43Z</time>
   </trkpt>
   <trkpt lat="48.5722990" lon="7.7369570">
    <ele>139.6</ele>
    <time>2024-04-20T19:00:44Z</time>
   </trkpt>
   <trkpt lat="48.5722520" lon="7.7369090">
    <ele>139.6</ele>
    <time>2024-04-20T19:00:45Z</time>
   </trkpt>
   <trkpt lat="48.5722010" lon="7.7368560">
    <ele>139.7</ele>
    <time>2024-04-20T19:00:46Z</time>
   </trkpt>
   <trkpt lat="48.5721510" lon="7.7367980">
    <ele>139.7</ele>
    <time>2024-04-20T19:00:47Z</time>
   </trkpt>
   <trkpt lat="48.5721030" lon="7.7367400">
    <ele>139.8</ele>
    <time>2024-04-20T19:00:48Z</time>
   </trkpt>
   <trkpt lat="48.5720530" lon="7.7366870">
    <ele>139.9</ele>
    <time>2024-04-20T19:00:49Z</time>
   </trkpt>
   <trkpt lat="48.5720000" lon="7.7366400">
    <ele>139.9</ele>
    <time>2024-04-20T19:00:50Z</time>
   </trkpt>
   <trkpt lat="48.5719440" lon="7.7365990">
    <ele>140.0</ele>
    <time>2024-04-20T19:00:51Z</time>
   </trkpt>
   <trkpt lat="48.5718880" lon="7.7365590">
    <ele>140.1</ele>
    <time>2024-04-20T19:00:52Z</time>
   </trkpt>
   <trkpt lat="48.5718290" lon="7.7365190">
    <ele>140.2</ele>
    <time>2024-04-20T19:00:53Z</time>
   </trkpt>
   <trkpt lat="48.5717700" lon="7.7364840">
    <ele>140.3</ele>
    <time>2024-04-20T19:00:54Z</time>
   </trkpt>
   <trkpt lat="48.5717120" lon="7.7364450">
    <ele>140.4</ele>
    <time>2024-04-20T19:00:55Z</time>
   </trkpt>
   <trkpt lat="48.5716570" lon="7.7364000">
    <ele>140.5</ele>
    <time>2024-04-20T19:00:56Z</time>
   </trkpt>
   <trkpt lat="48.5716000" lon="7.7363560">
    <ele>140.6</ele>
    <time>2024-04-20T19:00:57Z</time>
   </trkpt>
   <trkpt lat="48.5715430" lon="7.7363120">
    <ele>140.6</ele>
    <time>2024-04-20T19:00:58Z</time>
   </trkpt>
   <trkpt lat="48.5714840" lon="7.7362700">
    <ele>140.7</ele>
    <time>2024-04-20T19:00:59Z</time>
   </trkpt>
   <trkpt lat="48.5714240" lon="7.7362290">
    <ele>140.7</ele>
    <time>2024-04-20T19:01:00Z</time>
   </trkpt>
   <trkpt lat="48.5713650" lon="7.7361880">
    <ele>140.7</ele>
    <time>2024-04-20T19:01:01Z</time>
   </trkpt>
   <trkpt lat="48.5713050" lon="7.7361440">
    <ele>140.7</ele>
    <time>2024-04-20T19:01:02Z</time>
   </trkpt>
   <trkpt lat="48.5712440" lon="7.7361000">
    <ele>140.7</ele>
    <time>2024-04-20T19:01:03Z</time>
   </trkpt>
   <trkpt lat="48.5711810" lon="7.7360580">
    <ele>140.7</ele>
    <time>2024-04-20T19:01:04Z</time>
   </trkpt>
   <trkpt lat="48.5711170" lon="7.7360130">
    <ele>140.7</ele>
    <time>2024-04-20T19:01:05Z</time>
   </trkpt>
   <trkpt lat="48.5710540" lon="7.7359670">
    <ele>140.7</ele>
    <time>2024-04-20T19:01:06Z</time>
   </trkpt>
   <trkpt lat="48.5709940" lon="7.7359250">
    <ele>140.7</ele>
    <time>2024-04-20T19:01:07Z</time>
   </trkpt>
   <trkpt lat="48.5709320" lon="7.7358840">
    <ele>140.7</ele>
    <time>2024-04-20T19:01:08Z</time>
   </trkpt>
   <trkpt lat="48.5708640" lon="7.7358410">
    <ele>140.6</ele>
    <time>2024-04-20T19:01:09Z</time>
   </trkpt>
   <trkpt lat="48.5707920" lon="7.7357910">
    <ele>140.6</ele>
    <time>2024-04-20T19:01:10Z</time>
   </trkpt>
   <trkpt lat="48.5707280" lon="7.7357420">
    <ele>140.5</ele>
    <time>2024-04-20T19:01:11Z</time>
   </trkpt>
   <trkpt lat="48.5706650" lon="7.7356900">
    <ele>140.5</ele>
    <time>2024-04-20T19:01:12Z</time>
   </trkpt>
   <trkpt lat="48.5706010" lon="7.7356400">
    <ele>140.4</ele>
    <time>2024-04-20T19:01:13Z</time>
   </trkpt>
   <trkpt lat="48.5705360" lon="7.7355930">
    <ele>140.4</ele>
    <time>2024-04-20T19:01:14Z</time>
   </trkpt>
   <trkpt lat="48.5704700" lon="7.7355470">
    <ele>140.3</ele>
    <time>2024-04-20T19:01:15Z</time>
   </trkpt>
   <trkpt lat="48.5704040" lon="7.7354990">
    <ele>140.3</ele>
    <time>2024-04-20T19:01:16Z</time>
   </trkpt>
   <trkpt lat="48.5703380" lon="7.7354530">
    <ele>140.3</ele>
    <time>2024-04-20T19:01:17Z</time>
   </trkpt>
   <trkpt lat="48.5702690" lon="7.7354140">
    <ele>140.2</ele>
    <time>2024-04-20T19:01:18Z</time>
   </trkpt>
   <trkpt lat="48.5702000" lon="7.7353850">
    <ele>140.2</ele>
    <time>2024-04-20T19:01:19Z</time>
   </trkpt>
   <trkpt lat="48.5701280" lon="7.7353660">
    <ele>140.2</ele>
    <time>2024-04-20T19:01:20Z</time>
   </trkpt>
   <trkpt lat="48.5700560" lon="7.7353520">
    <ele>140.3</ele>
    <time>2024-04-20T19:01:21Z</time>
   </trkpt>
   <trkpt lat="48.5699870" lon="7.7353440">
    <ele>140.3</ele>
    <time>2024-04-20T19:01:22Z</time>
   </trkpt>
   <trkpt lat="48.5699190" lon="7.7353390">
    <ele>140.3</ele>
    <time>2024-04-20T19:01:23Z</time>
   </trkpt>
   <trkpt lat="48.5698530" lon="7.7353330">
    <ele>140.3</ele>
    <time>2024-04-20T19:01:24Z</time>
   </trkpt>
   <trkpt lat="48.5697860" lon="7.7353240">
    <ele>140.3</ele>
    <time>2024-04-20T19:01:25Z</time>
   </trkpt>
   <trkpt lat="48.5697180" lon="7.7353140">
    <ele>140.2</ele>
    <time>2024-04-20T19:01:26Z</time>
   </trkpt>
   <trkpt lat="48.5696520" lon="7.7353030">
    <ele>140.2</ele>
    <time>2024-04-20T19:01:27Z</time>
   </trkpt>
   <trkpt lat="48.5695870" lon="7.7353020">
    <ele>140.2</ele>
    <time>2024-04-20T19:01:28Z</time>
   </trkpt>
   <trkpt lat="48.5695230" lon="7.7353040">
    <ele>140.3</ele>
    <time>2024-04-20T19:01:29Z</time>
   </trkpt>
   <trkpt lat="48.5694630" lon="7.7353110">
    <ele>140.3</ele>
    <time>2024-04-20T19:01:30Z</time>
   </trkpt>
   <trkpt lat="48.5694080" lon="7.7353250">
    <ele>140.4</ele>
    <time>2024-04-20T19:01:31Z</time>
   </trkpt>
   <trkpt lat="48.5693540" lon="7.7353410">
    <ele>140.4</ele>
    <time>2024-04-20T19:01:32Z</time>
   </trkpt>
   <trkpt lat="48.5693020" lon="7.7353510">
    <ele>140.5</ele>
    <time>2024-04-20T19:01:33Z</time>
   </trkpt>
   <trkpt lat="48.5692540" lon="7.7353370">
    <ele>140.6</ele>
    <time>2024-04-20T19:01:34Z</time>
   </trkpt>
   <trkpt lat="48.5692100" lon="7.7353020">
    <ele>140.7</ele>
    <time>2024-04-20T19:01:35Z</time>
   </trkpt>
   <trkpt lat="48.5691610" lon="7.7352720">
    <ele>140.9</ele>
    <time>2024-04-20T19:01:36Z</time>
   </trkpt>
   <trkpt lat="48.5691050" lon="7.7352600">
    <ele>140.9</ele>
    <time>2024-04-20T19:01:37Z</time>
   </trkpt>
   <trkpt lat="48.5690460" lon="7.7352540">
    <ele>140.9</ele>
    <time>2024-04-20T19:01:38Z</time>
   </trkpt>
   <trkpt lat="48.5689850" lon="7.7352570">
    <ele>141.0</ele>
    <time>2024-04-20T19:01:39Z</time>
   </trkpt>
   <trkpt lat="48.5689220" lon="7.7352460">
    <ele>140.9</ele>
    <time>2024-04-20T19:01:40Z</time>
   </trkpt>
   <trkpt lat="48.5688600" lon="7.7352290">
    <ele>140.9</ele>
    <time>2024-04-20T19:01:41Z</time>
   </trkpt>
   <trkpt lat="48.5687980" lon="7.7352150">
    <ele>140.9</ele>
    <time>2024-04-20T19:01:42Z</time>
   </trkpt>
   <trkpt lat="48.5687350" lon="7.7352010">
    <ele>140.9</ele>
    <time>2024-04-20T19:01:43Z</time>
   </trkpt>
   <trkpt lat="48.5686750" lon="7.7351810">
    <ele>141.0</ele>
    <time>2024-04-20T19:01:44Z</time>
   </trkpt>
   <trkpt lat="48.5686140" lon="7.7351610">
    <ele>141.1</ele>
    <time>2024-04-20T19:01:45Z</time>
   </trkpt>
   <trkpt lat="48.5685540" lon="7.7351410">
    <ele>141.2</ele>
    <time>2024-04-20T19:01:46Z</time>
   </trkpt>
   <trkpt lat="48.5684960" lon="7.7351250">
    <ele>141.3</ele>
    <time>2024-04-20T19:01:47Z</time>
   </trkpt>
   <trkpt lat="48.5684380" lon="7.7351050">
    <ele>141.4</ele>
    <time>2024-04-20T19:01:48Z</time>
   </trkpt>
   <trkpt lat="48.5683810" lon="7.7350860">
    <ele>141.5</ele>
    <time>2024-04-20T19:01:49Z</time>
   </trkpt>
   <trkpt lat="48.5683250" lon="7.7350680">
    <ele>141.6</ele>
    <time>2024-04-20T19:01:50Z</time>
   </trkpt>
   <trkpt lat="48.5682700" lon="7.7350510">
    <ele>141.7</ele>
    <time>2024-04-20T19:01:51Z</time>
   </trkpt>
   <trkpt lat="48.5682150" lon="7.7350370">
    <ele>141.8</ele>
    <time>2024-04-20T19:01:52Z</time>
   </trkpt>
   <trkpt lat="48.5681600" lon="7.7350230">
    <ele>141.8</ele>
    <time>2024-04-20T19:01:53Z</time>
   </trkpt>
   <trkpt lat="48.5681050" lon="7.7350110">
    <ele>141.9</ele>
    <time>2024-04-20T19:01:54Z</time>
   </trkpt>
   <trkpt lat="48.5680510" lon="7.7350030">
    <ele>141.9</ele>
    <time>2024-04-20T19:01:55Z</time>
   </trkpt>
   <trkpt lat="48.5679950" lon="7.7349910">
    <ele>141.9</ele>
    <time>2024-04-20T19:01:56Z</time>
   </trkpt>
   <trkpt lat="48.5679370" lon="7.7349830">
    <ele>142.0</ele>
    <time>2024-04-20T19:01:57Z</time>
   </trkpt>
   <trkpt lat="48.5678780" lon="7.7349780">
    <ele>142.0</ele>
    <time>2024-04-20T19:01:58Z</time>
   </trkpt>
   <trkpt lat="48.5678200" lon="7.7349710">
    <ele>142.0</ele>
    <time>2024-04-20T19:01:59Z</time>
   </trkpt>
   <trkpt lat="48.5677600" lon="7.7349650">
    <ele>142.0</ele>
    <time>2024-04-20T19:02:00Z</time>
   </trkpt>
   <trkpt lat="48.5677010" lon="7.7349610">
    <ele>142.1</ele>
    <time>2024-04-20T19:02:01Z</time>
   </trkpt>
   <trkpt lat="48.5676420" lon="7.7349530">
    <ele>142.1</ele>
    <time>2024-04-20T19:02:02Z</time>
   </trkpt>
   <trkpt lat="48.5675810" lon="7.7349430">
    <ele>142.1</ele>
    <time>2024-04-20T19:02:03Z</time>
   </trkpt>
   <trkpt lat="48.5675210" lon="7.7349340">
    <ele>142.1</ele>
    <time>2024-04-20T19:02:04Z</time>
   </trkpt>
   <trkpt lat="48.5674600" lon="7.7349240">
    <ele>142.1</ele>
    <time>2024-04-20T19:02:05Z</time>
   </trkpt>
   <trkpt lat="48.5673980" lon="7.7349060">
    <ele>142.1</ele>
    <time>2024-04-20T19:02:06Z</time>
   </trkpt>
   <trkpt lat="48.5673360" lon="7.7349000">
    <ele>142.2</ele>
    <time>2024-04-20T19:02:07Z</time>
   </trkpt>
   <trkpt lat="48.5672740" lon="7.7348940">
    <ele>142.2</ele>
    <time>2024-04-20T19:02:08Z</time>
   </trkpt>
   <trkpt lat="48.5672120" lon="7.7348890">
    <ele>142.2</ele>
    <time>2024-04-20T19:02:09Z</time>
   </trkpt>
   <trkpt lat="48.5671500" lon="7.7348820">
    <ele>142.2</ele>
    <time>2024-04-20T19:02:10Z</time>
   </trkpt>
   <trkpt lat="48.5670890" lon="7.7348760">
    <ele>142.1</ele>
    <time>2024-04-20T19:02:11Z</time>
   </trkpt>
   <trkpt lat="48.5670260" lon="7.7348700">
    <ele>142.1</ele>
    <time>2024-04-20T19:02:12Z</time>
   </trkpt>
   <trkpt lat="48.5669640" lon="7.7348650">
    <ele>142.1</ele>
    <time>2024-04-20T19:02:13Z</time>
   </trkpt>
   <trkpt lat="48.5669010" lon="7.7348580">
    <ele>142.1</ele>
    <time>2024-04-20T19:02:14Z</time>
   </trkpt>
   <trkpt lat="48.5668380" lon="7.7348480">
    <ele>142.1</ele>
    <time>2024-04-20T19:02:15Z</time>
   </trkpt>
   <trkpt lat="48.5667740" lon="7.7348430">
    <ele>142.2</ele>
    <time>2024-04-20T19:02:16Z</time>
   </trkpt>
   <trkpt lat="48.5667090" lon="7.7348320">
    <ele>142.2</ele>
    <time>2024-04-20T19:02:17Z</time>
   </trkpt>
   <trkpt lat="48.5666430" lon="7.7348270">
    <ele>142.2</ele>
    <time>2024-04-20T19:02:18Z</time>
   </trkpt>
   <trkpt lat="48.5665780" lon="7.7348190">
    <ele>142.2</ele>
    <time>2024-04-20T19:02:19Z</time>
   </trkpt>
   <trkpt lat="48.5665130" lon="7.7348130">
    <ele>142.1</ele>
    <time>2024-04-20T19:02:20Z</time>
   </trkpt>
   <trkpt lat="48.5664490" lon="7.7348080">
    <ele>142.1</ele>
    <time>2024-04-20T19:02:21Z</time>
   </trkpt>
   <trkpt lat="48.5663830" lon="7.7347990">
    <ele>142.1</ele>
    <time>2024-04-20T19:02:22Z</time>
   </trkpt>
   <trkpt lat="48.5663170" lon="7.7347930">
    <ele>142.1</ele>
    <time>2024-04-20T19:02:23Z</time>
   </trkpt>
   <trkpt lat="48.5662490" lon="7.7347850">
    <ele>142.1</ele>
    <time>2024-04-20T19:02:24Z</time>
   </trkpt>
   <trkpt lat="48.5661820" lon="7.7347860">
    <ele>142.2</ele>
    <time>2024-04-20T19:02:25Z</time>
   </trkpt>
   <trkpt lat="48.5661140" lon="7.7347880">
    <ele>142.2</ele>
    <time>2024-04-20T19:02:26Z</time>
   </trkpt>
   <trkpt lat="48.5660500" lon="7.7347870">
    <ele>142.2</ele>
    <time>2024-04-20T19:02:27Z</time>
   </trkpt>
   <trkpt lat="48.5659830" lon="7.7347840">
    <ele>142.2</ele>
    <time>2024-04-20T19:02:28Z</time>
   </trkpt>
   <trkpt lat="48.5659150" lon="7.7347750">
    <ele>142.2</ele>
    <time>2024-04-20T19:02:29Z</time>
   </trkpt>
   <trkpt lat="48.5658450" lon="7.7347640">
    <ele>142.2</ele>
    <time>2024-04-20T19:02:30Z</time>
   </trkpt>
   <trkpt lat="48.5657760" lon="7.7347590">
    <ele>142.3</ele>
    <time>2024-04-20T19:02:31Z</time>
   </trkpt>
   <trkpt lat="48.5657090" lon="7.7347520">
    <ele>142.3</ele>
    <time>2024-04-20T19:02:32Z</time>
   </trkpt>
   <trkpt lat="48.5656410" lon="7.7347410">
    <ele>142.3</ele>
    <time>2024-04-20T19:02:33Z</time>
   </trkpt>
   <trkpt lat="48.5655720" lon="7.7347320">
    <ele>142.2</ele>
    <time>2024-04-20T19:02:34Z</time>
   </trkpt>
   <trkpt lat="48.5655050" lon="7.7347250">
    <ele>142.2</ele>
    <time>2024-04-20T19:02:35Z</time>
   </trkpt>
   <trkpt lat="48.5654330" lon="7.7347150">
    <ele>142.2</ele>
    <time>2024-04-20T19:02:36Z</time>
   </trkpt>
   <trkpt lat="48.5653640" lon="7.7347050">
    <ele>142.2</ele>
    <time>2024-04-20T19:02:37Z</time>
   </trkpt>
   <trkpt lat="48.5652930" lon="7.7346910">
    <ele>142.1</ele>
    <time>2024-04-20T19:02:38Z</time>
   </trkpt>
   <trkpt lat="48.5652240" lon="7.7346860">
    <ele>142.1</ele>
    <time>2024-04-20T19:02:39Z</time>
   </trkpt>
   <trkpt lat="48.5651550" lon="7.7346710">
    <ele>142.1</ele>
    <time>2024-04-20T19:02:40Z</time>
   </trkpt>
   <trkpt lat="48.5650860" lon="7.7346600">
    <ele>142.1</ele>
    <time>2024-04-20T19:02:41Z</time>
   </trkpt>
   <trkpt lat="48.5650160" lon="7.7346530">
    <ele>142.2</ele>
    <time>2024-04-20T19:02:42Z</time>
   </trkpt>
   <trkpt lat="48.5649470" lon="7.7346480">
    <ele>142.2</ele>
    <time>2024-04-20T19:02:43Z</time>
   </trkpt>
   <trkpt lat="48.5648780" lon="7.7346390">
    <ele>142.2</ele>
    <time>2024-04-20T19:02:44Z</time>
   </trkpt>
   <trkpt lat="48.5648080" lon="7.7346300">
    <ele>142.2</ele>
    <time>2024-04-20T19:02:45Z</time>
   </trkpt>
   <trkpt lat="48.5647400" lon="7.7346190">
    <ele>142.2</ele>
    <time>2024-04-20T19:02:46Z</time>
   </trkpt>
   <trkpt lat="48.5646730" lon="7.7346080">
    <ele>142.1</ele>
    <time>2024-04-20T19:02:47Z</time>
   </trkpt>
   <trkpt lat="48.5646070" lon="7.7345970">
    <ele>142.1</ele>
    <time>2024-04-20T19:02:48Z</time>
   </trkpt>
   <trkpt lat="48.5645400" lon="7.7345880">
    <ele>142.2</ele>
    <time>2024-04-20T19:02:49Z</time>
   </trkpt>
   <trkpt lat="48.5644760" lon="7.7345830">
    <ele>142.2</ele>
    <time>2024-04-20T19:02:50Z</time>
   </trkpt>
   <trkpt lat="48.5644100" lon="7.7345760">
    <ele>142.2</ele>
    <time>2024-04-20T19:02:51Z</time>
   </trkpt>
   <trkpt lat="48.5643420" lon="7.7345640">
    <ele>142.2</ele>
    <time>2024-04-20T19:02:52Z</time>
   </trkpt>
   <trkpt lat="48.5642750" lon="7.7345580">
    <ele>142.3</ele>
    <time>2024-04-20T19:02:53Z</time>
   </trkpt>
   <trkpt lat="48.5642070" lon="7.7345600">
    <ele>142.3</ele>
    <time>2024-04-20T19:02:54Z</time>
   </trkpt>
   <trkpt lat="48.5641360" lon="7.7345710">
    <ele>142.3</ele>
    <time>2024-04-20T19:02:55Z</time>
   </trkpt>
   <trkpt lat="48.5640680" lon="7.7345780">
    <ele>142.3</ele>
    <time>2024-04-20T19:02:56Z</time>
   </trkpt>
   <trkpt lat="48.5639990" lon="7.7345770">
    <ele>142.4</ele>
    <time>2024-04-20T19:02:57Z</time>
   </trkpt>
   <trkpt lat="48.5639310" lon="7.7345700">
    <ele>142.4</ele>
    <time>2024-04-20T19:02:58Z</time>
   </trkpt>
   <trkpt lat="48.5638620" lon="7.7345580">
    <ele>142.4</ele>
    <time>2024-04-20T19:02:59Z</time>
   </trkpt>
   <trkpt lat="48.5637940" lon="7.7345510">
    <ele>142.4</ele>
    <time>2024-04-20T19:03:00Z</time>
   </trkpt>
   <trkpt lat="48.5637250" lon="7.7345450">
    <ele>142.4</ele>
    <time>2024-04-20T19:03:01Z</time>
   </trkpt>
   <trkpt lat="48.5636560" lon="7.7345380">
    <ele>142.4</ele>
    <time>2024-04-20T19:03:02Z</time>
   </trkpt>
   <trkpt lat="48.5635870" lon="7.7345300">
    <ele>142.4</ele>
    <time>2024-04-20T19:03:03Z</time>
   </trkpt>
   <trkpt lat="48.5635170" lon="7.7345190">
    <ele>142.4</ele>
    <time>2024-04-20T19:03:04Z</time>
   </trkpt>
   <trkpt lat="48.5634470" lon="7.7345100">
    <ele>142.4</ele>
    <time>2024-04-20T19:03:05Z</time>
   </trkpt>
   <trkpt lat="48.5633790" lon="7.7345030">
    <ele>142.4</ele>
    <time>2024-04-20T19:03:06Z</time>
   </trkpt>
   <trkpt lat="48.5633100" lon="7.7344920">
    <ele>142.4</ele>
    <time>2024-04-20T19:03:07Z</time>
   </trkpt>
   <trkpt lat="48.5632430" lon="7.7344860">
    <ele>142.4</ele>
    <time>2024-04-20T19:03:08Z</time>
   </trkpt>
   <trkpt lat="48.5631760" lon="7.7344770">
    <ele>142.4</ele>
    <time>2024-04-20T19:03:09Z</time>
   </trkpt>
   <trkpt lat="48.5631090" lon="7.7344680">
    <ele>142.4</ele>
    <time>2024-04-20T19:03:10Z</time>
   </trkpt>
   <trkpt lat="48.5630410" lon="7.7344570">
    <ele>142.4</ele>
    <time>2024-04-20T19:03:11Z</time>
   </trkpt>
   <trkpt lat="48.5629750" lon="7.7344480">
    <ele>142.4</ele>
    <time>2024-04-20T19:03:12Z</time>
   </trkpt>
   <trkpt lat="48.5629080" lon="7.7344390">
    <ele>142.4</ele>
    <time>2024-04-20T19:03:13Z</time>
   </trkpt>
   <trkpt lat="48.5628400" lon="7.7344280">
    <ele>142.3</ele>
    <time>2024-04-20T19:03:14Z</time>
   </trkpt>
   <trkpt lat="48.5627730" lon="7.7344220">
    <ele>142.3</ele>
    <time>2024-04-20T19:03:15Z</time>
   </trkpt>
   <trkpt lat="48.5627030" lon="7.7344110">
    <ele>142.3</ele>
    <time>2024-04-20T19:03:16Z</time>
   </trkpt>
   <trkpt lat="48.5626350" lon="7.7344040">
    <ele>142.3</ele>
    <time>2024-04-20T19:03:17Z</time>
   </trkpt>
   <trkpt lat="48.5625670" lon="7.7343930">
    <ele>142.2</ele>
    <time>2024-04-20T19:03:18Z</time>
   </trkpt>
   <trkpt lat="48.5624990" lon="7.7343860">
    <ele>142.2</ele>
    <time>2024-04-20T19:03:19Z</time>
   </trkpt>
   <trkpt lat="48.5624330" lon="7.7343810">
    <ele>142.2</ele>
    <time>2024-04-20T19:03:20Z</time>
   </trkpt>
   <trkpt lat="48.5623660" lon="7.7343730">
    <ele>142.2</ele>
    <time>2024-04-20T19:03:21Z</time>
   </trkpt>
   <trkpt lat="48.5622970" lon="7.7343620">
    <ele>142.2</ele>
    <time>2024-04-20T19:03:22Z</time>
   </trkpt>
   <trkpt lat="48.5622280" lon="7.7343520">
    <ele>142.3</ele>
    <time>2024-04-20T19:03:23Z</time>
   </trkpt>
   <trkpt lat="48.5621610" lon="7.7343330">
    <ele>142.3</ele>
    <time>2024-04-20T19:03:24Z</time>
   </trkpt>
   <trkpt lat="48.5620940" lon="7.7343040">
    <ele>142.3</ele>
    <time>2024-04-20T19:03:25Z</time>
   </trkpt>
   <trkpt lat="48.5620280" lon="7.7342780">
    <ele>142.4</ele>
    <time>2024-04-20T19:03:26Z</time>
   </trkpt>
   <trkpt lat="48.5619590" lon="7.7342700">
    <ele>142.4</ele>
    <time>2024-04-20T19:03:27Z</time>
   </trkpt>
   <trkpt lat="48.5618910" lon="7.7342600">
    <ele>142.4</ele>
    <time>2024-04-20T19:03:28Z</time>
   </trkpt>
   <trkpt lat="48.5618230" lon="7.7342500">
    <ele>142.4</ele>
    <time>2024-04-20T19:03:29Z</time>
   </trkpt>
   <trkpt lat="48.5617540" lon="7.7342400">
    <ele>142.4</ele>
    <time>2024-04-20T19:03:30Z</time>
   </trkpt>
   <trkpt lat="48.5616880" lon="7.7342290">
    <ele>142.4</ele>
    <time>2024-04-20T19:03:31Z</time>
   </trkpt>
   <trkpt lat="48.5616190" lon="7.7342210">
    <ele>142.4</ele>
    <time>2024-04-20T19:03:32Z</time>
   </trkpt>
   <trkpt lat="48.5615500" lon="7.7342110">
    <ele>142.4</ele>
    <time>2024-04-20T19:03:33Z</time>
   </trkpt>
   <trkpt lat="48.5614820" lon="7.7342050">
    <ele>142.4</ele>
    <time>2024-04-20T19:03:34Z</time>
   </trkpt>
   <trkpt lat="48.5614160" lon="7.7341920">
    <ele>142.3</ele>
    <time>2024-04-20T19:03:35Z</time>
   </trkpt>
   <trkpt lat="48.5613490" lon="7.7341830">
    <ele>142.4</ele>
    <time>2024-04-20T19:03:36Z</time>
   </trkpt>
   <trkpt lat="48.5612830" lon="7.7341740">
    <ele>142.4</ele>
    <time>2024-04-20T19:03:37Z</time>
   </trkpt>
   <trkpt lat="48.5612160" lon="7.7341660">
    <ele>142.4</ele>
    <time>2024-04-20T19:03:38Z</time>
   </trkpt>
   <trkpt lat="48.5611500" lon="7.7341580">
    <ele>142.4</ele>
    <time>2024-04-20T19:03:39Z</time>
   </trkpt>
   <trkpt lat="48.5610820" lon="7.7341520">
    <ele>142.5</ele>
    <time>2024-04-20T19:03:40Z</time>
   </trkpt>
   <trkpt lat="48.5610160" lon="7.7341440">
    <ele>142.5</ele>
    <time>2024-04-20T19:03:41Z</time>
   </trkpt>
   <trkpt lat="48.5609500" lon="7.7341360">
    <ele>142.5</ele>
    <time>2024-04-20T19:03:42Z</time>
   </trkpt>
   <trkpt lat="48.5608830" lon="7.7341270">
    <ele>142.5</ele>
    <time>2024-04-20T19:03:43Z</time>
   </trkpt>
   <trkpt lat="48.5608180" lon="7.7341160">
    <ele>142.6</ele>
    <time>2024-04-20T19:03:44Z</time>
   </trkpt>
   <trkpt lat="48.5607510" lon="7.7341090">
    <ele>142.6</ele>
    <time>2024-04-20T19:03:45Z</time>
   </trkpt>
   <trkpt lat="48.5606850" lon="7.7341010">
    <ele>142.5</ele>
    <time>2024-04-20T19:03:46Z</time>
   </trkpt>
   <trkpt lat="48.5606190" lon="7.7340940">
    <ele>142.5</ele>
    <time>2024-04-20T19:03:47Z</time>
   </trkpt>
   <trkpt lat="48.5605530" lon="7.7340860">
    <ele>142.5</ele>
    <time>2024-04-20T19:03:48Z</time>
   </trkpt>
   <trkpt lat="48.5604860" lon="7.7340780">
    <ele>142.5</ele>
    <time>2024-04-20T19:03:49Z</time>
   </trkpt>
   <trkpt lat="48.5604200" lon="7.7340700">
    <ele>142.4</ele>
    <time>2024-04-20T19:03:50Z</time>
   </trkpt>
   <trkpt lat="48.5603520" lon="7.7340610">
    <ele>142.4</ele>
    <time>2024-04-20T19:03:51Z</time>
   </trkpt>
   <trkpt lat="48.5602820" lon="7.7340510">
    <ele>142.4</ele>
    <time>2024-04-20T19:03:52Z</time>
   </trkpt>
   <trkpt lat="48.5602140" lon="7.7340420">
    <ele>142.3</ele>
    <time>2024-04-20T19:03:53Z</time>
   </trkpt>
   <trkpt lat="48.5601450" lon="7.7340360">
    <ele>142.3</ele>
    <time>2024-04-20T19:03:54Z</time>
   </trkpt>
   <trkpt lat="48.5600750" lon="7.7340270">
    <ele>142.3</ele>
    <time>2024-04-20T19:03:55Z</time>
   </trkpt>
   <trkpt lat="48.5600050" lon="7.7340180">
    <ele>142.2</ele>
    <time>2024-04-20T19:03:56Z</time>
   </trkpt>
   <trkpt lat="48.5599340" lon="7.7340100">
    <ele>142.2</ele>
    <time>2024-04-20T19:03:57Z</time>
   </trkpt>
   <trkpt lat="48.5598620" lon="7.7339960">
    <ele>142.2</ele>
    <time>2024-04-20T19:03:58Z</time>
   </trkpt>
   <trkpt lat="48.5597890" lon="7.7339940">
    <ele>142.1</ele>
    <time>2024-04-20T19:03:59Z</time>
   </trkpt>
   <trkpt lat="48.5597180" lon="7.7339900">
    <ele>142.1</ele>
    <time>2024-04-20T19:04:00Z</time>
   </trkpt>
   <trkpt lat="48.5596460" lon="7.7339810">
    <ele>142.1</ele>
    <time>2024-04-20T19:04:01Z</time>
   </trkpt>
   <trkpt lat="48.5595770" lon="7.7339730">
    <ele>142.1</ele>
    <time>2024-04-20T19:04:02Z</time>
   </trkpt>
   <trkpt lat="48.5595060" lon="7.7339650">
    <ele>142.1</ele>
    <time>2024-04-20T19:04:03Z</time>
   </trkpt>
   <trkpt lat="48.5594350" lon="7.7339580">
    <ele>142.2</ele>
    <time>2024-04-20T19:04:04Z</time>
   </trkpt>
   <trkpt lat="48.5593650" lon="7.7339460">
    <ele>142.2</ele>
    <time>2024-04-20T19:04:05Z</time>
   </trkpt>
   <trkpt lat="48.5592930" lon="7.7339380">
    <ele>142.2</ele>
    <time>2024-04-20T19:04:06Z</time>
   </trkpt>
   <trkpt lat="48.5592220" lon="7.7339260">
    <ele>142.2</ele>
    <time>2024-04-20T19:04:07Z</time>
   </trkpt>
   <trkpt lat="48.5591540" lon="7.7339110">
    <ele>142.2</ele>
    <time>2024-04-20T19:04:08Z</time>
   </trkpt>
   <trkpt lat="48.5590850" lon="7.7338970">
    <ele>142.2</ele>
    <time>2024-04-20T19:04:09Z</time>
   </trkpt>
   <trkpt lat="48.5590160" lon="7.7338860">
    <ele>142.2</ele>
    <time>2024-04-20T19:04:10Z</time>
   </trkpt>
   <trkpt lat="48.5589460" lon="7.7338760">
    <ele>142.2</ele>
    <time>2024-04-20T19:04:11Z</time>
   </trkpt>
   <trkpt lat="48.5588770" lon="7.7338640">
    <ele>142.2</ele>
    <time>2024-04-20T19:04:12Z</time>
   </trkpt>
   <trkpt lat="48.5588080" lon="7.7338540">
    <ele>142.3</ele>
    <time>2024-04-20T19:04:13Z</time>
   </trkpt>
   <trkpt lat="48.5587380" lon="7.7338460">
    <ele>142.3</ele>
    <time>2024-04-20T19:04:14Z</time>
   </trkpt>
   <trkpt lat="48.5586690" lon="7.7338390">
    <ele>142.3</ele>
    <time>2024-04-20T19:04:15Z</time>
   </trkpt>
   <trkpt lat="48.5586010" lon="7.7338300">
    <ele>142.3</ele>
    <time>2024-04-20T19:04:16Z</time>
   </trkpt>
   <trkpt lat="48.5585320" lon="7.7338190">
    <ele>142.3</ele>
    <time>2024-04-20T19:04:17Z</time>
   </trkpt>
   <trkpt lat="48.5584630" lon="7.7338120">
    <ele>142.3</ele>
    <time>2024-04-20T19:04:18Z</time>
   </trkpt>
   <trkpt lat="48.5583940" lon="7.7338050">
    <ele>142.3</ele>
    <time>2024-04-20T19:04:19Z</time>
   </trkpt>
   <trkpt lat="48.5583250" lon="7.7337960">
    <ele>142.4</ele>
    <time>2024-04-20T19:04:20Z</time>
   </trkpt>
   <trkpt lat="48.5582570" lon="7.7337870">
    <ele>142.4</ele>
    <time>2024-04-20T19:04:21Z</time>
   </trkpt>
   <trkpt lat="48.5581900" lon="7.7337730">
    <ele>142.4</ele>
    <time>2024-04-20T19:04:22Z</time>
   </trkpt>
   <trkpt lat="48.5581220" lon="7.7337670">
    <ele>142.4</ele>
    <time>2024-04-20T19:04:23Z</time>
   </trkpt>
   <trkpt lat="48.5580530" lon="7.7337620">
    <ele>142.4</ele>
    <time>2024-04-20T19:04:24Z</time>
   </trkpt>
   <trkpt lat="48.5579870" lon="7.7337490">
    <ele>142.3</ele>
    <time>2024-04-20T19:04:25Z</time>
   </trkpt>
   <trkpt lat="48.5579170" lon="7.7337430">
    <ele>142.3</ele>
    <time>2024-04-20T19:04:26Z</time>
   </trkpt>
   <trkpt lat="48.5578460" lon="7.7337360">
    <ele>142.3</ele>
    <time>2024-04-20T19:04:27Z</time>
   </trkpt>
   <trkpt lat="48.5577760" lon="7.7337370">
    <ele>142.3</ele>
    <time>2024-04-20T19:04:28Z</time>
   </trkpt>
   <trkpt lat="48.5577060" lon="7.7337320">
    <ele>142.3</ele>
    <time>2024-04-20T19:04:29Z</time>
   </trkpt>
   <trkpt lat="48.5576370" lon="7.7337260">
    <ele>142.3</ele>
    <time>2024-04-20T19:04:30Z</time>
   </trkpt>
   <trkpt lat="48.5575700" lon="7.7337150">
    <ele>142.2</ele>
    <time>2024-04-20T19:04:31Z</time>
   </trkpt>
   <trkpt lat="48.5575060" lon="7.7337030">
    <ele>142.2</ele>
    <time>2024-04-20T19:04:32Z</time>
   </trkpt>
   <trkpt lat="48.5574360" lon="7.7336860">
    <ele>142.3</ele>
    <time>2024-04-20T19:04:33Z</time>
   </trkpt>
   <trkpt lat="48.5573670" lon="7.7336700">
    <ele>142.3</ele>
    <time>2024-04-20T19:04:34Z</time>
   </trkpt>
   <trkpt lat="48.5572970" lon="7.7336620">
    <ele>142.3</ele>
    <time>2024-04-20T19:04:35Z</time>
   </trkpt>
   <trkpt lat="48.5572270" lon="7.7336530">
    <ele>142.3</ele>
    <time>2024-04-20T19:04:36Z</time>
   </trkpt>
   <trkpt lat="48.5571580" lon="7.7336430">
    <ele>142.3</ele>
    <time>2024-04-20T19:04:37Z</time>
   </trkpt>
   <trkpt lat="48.5570910" lon="7.7336370">
    <ele>142.3</ele>
    <time>2024-04-20T19:04:38Z</time>
   </trkpt>
   <trkpt lat="48.5570260" lon="7.7336280">
    <ele>142.3</ele>
    <time>2024-04-20T19:04:39Z</time>
   </trkpt>
   <trkpt lat="48.5569600" lon="7.7336200">
    <ele>142.3</ele>
    <time>2024-04-20T19:04:40Z</time>
   </trkpt>
   <trkpt lat="48.5568940" lon="7.7336130">
    <ele>142.3</ele>
    <time>2024-04-20T19:04:41Z</time>
   </trkpt>
   <trkpt lat="48.5568280" lon="7.7336050">
    <ele>142.3</ele>
    <time>2024-04-20T19:04:42Z</time>
   </trkpt>
   <trkpt lat="48.5567640" lon="7.7336010">
    <ele>142.3</ele>
    <time>2024-04-20T19:04:43Z</time>
   </trkpt>
   <trkpt lat="48.5566990" lon="7.7335900">
    <ele>142.3</ele>
    <time>2024-04-20T19:04:44Z</time>
   </trkpt>
   <trkpt lat="48.5566330" lon="7.7335760">
    <ele>142.2</ele>
    <time>2024-04-20T19:04:45Z</time>
   </trkpt>
   <trkpt lat="48.5565680" lon="7.7335690">
    <ele>142.2</ele>
    <time>2024-04-20T19:04:46Z</time>
   </trkpt>
   <trkpt lat="48.5565030" lon="7.7335630">
    <ele>142.2</ele>
    <time>2024-04-20T19:04:47Z</time>
   </trkpt>
   <trkpt lat="48.5564370" lon="7.7335560">
    <ele>142.2</ele>
    <time>2024-04-20T19:04:48Z</time>
   </trkpt>
   <trkpt lat="48.5563700" lon="7.7335480">
    <ele>142.1</ele>
    <time>2024-04-20T19:04:49Z</time>
   </trkpt>
   <trkpt lat="48.5563020" lon="7.7335390">
    <ele>142.1</ele>
    <time>2024-04-20T19:04:50Z</time>
   </trkpt>
   <trkpt lat="48.5562340" lon="7.7335310">
    <ele>142.1</ele>
    <time>2024-04-20T19:04:51Z</time>
   </trkpt>
   <trkpt lat="48.5561650" lon="7.7335210">
    <ele>142.1</ele>
    <time>2024-04-20T19:04:52Z</time>
   </trkpt>
   <trkpt lat="48.5560970" lon="7.7335080">
    <ele>142.1</ele>
    <time>2024-04-20T19:04:53Z</time>
   </trkpt>
   <trkpt lat="48.5560270" lon="7.7334960">
    <ele>142.0</ele>
    <time>2024-04-20T19:04:54Z</time>
   </trkpt>
   <trkpt lat="48.5559590" lon="7.7334850">
    <ele>142.0</ele>
    <time>2024-04-20T19:04:55Z</time>
   </trkpt>
   <trkpt lat="48.5558900" lon="7.7334740">
    <ele>142.0</ele>
    <time>2024-04-20T19:04:56Z</time>
   </trkpt>
   <trkpt lat="48.5558210" lon="7.7334680">
    <ele>142.0</ele>
    <time>2024-04-20T19:04:57Z</time>
   </trkpt>
   <trkpt lat="48.5557510" lon="7.7334610">
    <ele>142.0</ele>
    <time>2024-04-20T19:04:58Z</time>
   </trkpt>
   <trkpt lat="48.5556810" lon="7.7334510">
    <ele>142.0</ele>
    <time>2024-04-20T19:04:59Z</time>
   </trkpt>
   <trkpt lat="48.5556110" lon="7.7334480">
    <ele>142.0</ele>
    <time>2024-04-20T19:05:00Z</time>
   </trkpt>
   <trkpt lat="48.5555400" lon="7.7334460">
    <ele>142.0</ele>
    <time>2024-04-20T19:05:01Z</time>
   </trkpt>
   <trkpt lat="48.5554710" lon="7.7334410">
    <ele>142.0</ele>
    <time>2024-04-20T19:05:02Z</time>
   </trkpt>
   <trkpt lat="48.5554010" lon="7.7334350">
    <ele>141.9</ele>
    <time>2024-04-20T19:05:03Z</time>
   </trkpt>
   <trkpt lat="48.5553310" lon="7.7334260">
    <ele>141.9</ele>
    <time>2024-04-20T19:05:04Z</time>
   </trkpt>
   <trkpt lat="48.5552610" lon="7.7334120">
    <ele>141.9</ele>
    <time>2024-04-20T19:05:05Z</time>
   </trkpt>
   <trkpt lat="48.5551910" lon="7.7334000">
    <ele>141.9</ele>
    <time>2024-04-20T19:05:06Z</time>
   </trkpt>
   <trkpt lat="48.5551230" lon="7.7333900">
    <ele>141.9</ele>
    <time>2024-04-20T19:05:07Z</time>
   </trkpt>
   <trkpt lat="48.5550550" lon="7.7333790">
    <ele>141.9</ele>
    <time>2024-04-20T19:05:08Z</time>
   </trkpt>
   <trkpt lat="48.5549880" lon="7.7333680">
    <ele>141.9</ele>
    <time>2024-04-20T19:05:09Z</time>
   </trkpt>
   <trkpt lat="48.5549230" lon="7.7333600">
    <ele>141.9</ele>
    <time>2024-04-20T19:05:10Z</time>
   </trkpt>
   <trkpt lat="48.5548590" lon="7.7333530">
    <ele>141.9</ele>
    <time>2024-04-20T19:05:11Z</time>
   </trkpt>
   <trkpt lat="48.5547930" lon="7.7333420">
    <ele>141.8</ele>
    <time>2024-04-20T19:05:12Z</time>
   </trkpt>
   <trkpt lat="48.5547280" lon="7.7333310">
    <ele>141.8</ele>
    <time>2024-04-20T19:05:13Z</time>
   </trkpt>
   <trkpt lat="48.5546640" lon="7.7333240">
    <ele>141.8</ele>
    <time>2024-04-20T19:05:14Z</time>
   </trkpt>
   <trkpt lat="48.5545980" lon="7.7333140">
    <ele>141.8</ele>
    <time>2024-04-20T19:05:15Z</time>
   </trkpt>
   <trkpt lat="48.5545320" lon="7.7333100">
    <ele>141.9</ele>
    <time>2024-04-20T19:05:16Z</time>
   </trkpt>
   <trkpt lat="48.5544650" lon="7.7333000">
    <ele>141.9</ele>
    <time>2024-04-20T19:05:17Z</time>
   </trkpt>
   <trkpt lat="48.5543990" lon="7.7332890">
    <ele>141.9</ele>
    <time>2024-04-20T19:05:18Z</time>
   </trkpt>
   <trkpt lat="48.5543310" lon="7.7332750">
    <ele>141.9</ele>
    <time>2024-04-20T19:05:19Z</time>
   </trkpt>
   <trkpt lat="48.5542640" lon="7.7332600">
    <ele>141.9</ele>
    <time>2024-04-20T19:05:20Z</time>
   </trkpt>
   <trkpt lat="48.5541970" lon="7.7332560">
    <ele>141.9</ele>
    <time>2024-04-20T19:05:21Z</time>
   </trkpt>
   <trkpt lat="48.5541310" lon="7.7332480">
    <ele>141.9</ele>
    <time>2024-04-20T19:05:22Z</time>
   </trkpt>
   <trkpt lat="48.5540650" lon="7.7332360">
    <ele>141.9</ele>
    <time>2024-04-20T19:05:23Z</time>
   </trkpt>
   <trkpt lat="48.5540000" lon="7.7332250">
    <ele>141.9</ele>
    <time>2024-04-20T19:05:24Z</time>
   </trkpt>
   <trkpt lat="48.5539350" lon="7.7332140">
    <ele>141.9</ele>
    <time>2024-04-20T19:05:25Z</time>
   </trkpt>
   <trkpt lat="48.5538700" lon="7.7332050">
    <ele>141.9</ele>
    <time>2024-04-20T19:05:26Z</time>
   </trkpt>
   <trkpt lat="48.5538040" lon="7.7331970">
    <ele>141.9</ele>
    <time>2024-04-20T19:05:27Z</time>
   </trkpt>
   <trkpt lat="48.5537380" lon="7.7331890">
    <ele>141.9</ele>
    <time>2024-04-20T19:05:28Z</time>
   </trkpt>
   <trkpt lat="48.5536730" lon="7.7331850">
    <ele>141.9</ele>
    <time>2024-04-20T19:05:29Z</time>
   </trkpt>
   <trkpt lat="48.5536090" lon="7.7331760">
    <ele>141.9</ele>
    <time>2024-04-20T19:05:30Z</time>
   </trkpt>
   <trkpt lat="48.5535450" lon="7.7331650">
    <ele>141.9</ele>
    <time>2024-04-20T19:05:31Z</time>
   </trkpt>
   <trkpt lat="48.5534800" lon="7.7331550">
    <ele>141.9</ele>
    <time>2024-04-20T19:05:32Z</time>
   </trkpt>
   <trkpt lat="48.5534140" lon="7.7331440">
    <ele>141.9</ele>
    <time>2024-04-20T19:05:33Z</time>
   </trkpt>
   <trkpt lat="48.5533470" lon="7.7331410">
    <ele>141.9</ele>
    <time>2024-04-20T19:05:34Z</time>
   </trkpt>
   <trkpt lat="48.5532800" lon="7.7331370">
    <ele>142.0</ele>
    <time>2024-04-20T19:05:35Z</time>
   </trkpt>
   <trkpt lat="48.5532150" lon="7.7331240">
    <ele>142.0</ele>
    <time>2024-04-20T19:05:36Z</time>
   </trkpt>
   <trkpt lat="48.5531490" lon="7.7331190">
    <ele>141.9</ele>
    <time>2024-04-20T19:05:37Z</time>
   </trkpt>
   <trkpt lat="48.5530820" lon="7.7331130">
    <ele>141.9</ele>
    <time>2024-04-20T19:05:38Z</time>
   </trkpt>
   <trkpt lat="48.5530170" lon="7.7331050">
    <ele>141.9</ele>
    <time>2024-04-20T19:05:39Z</time>
   </trkpt>
   <trkpt lat="48.5529500" lon="7.7330990">
    <ele>141.9</ele>
    <time>2024-04-20T19:05:40Z</time>
   </trkpt>
   <trkpt lat="48.5528840" lon="7.7330920">
    <ele>141.9</ele>
    <time>2024-04-20T19:05:41Z</time>
   </trkpt>
   <trkpt lat="48.5528160" lon="7.7330860">
    <ele>141.9</ele>
    <time>2024-04-20T19:05:42Z</time>
   </trkpt>
   <trkpt lat="48.5527480" lon="7.7330760">
    <ele>141.9</ele>
    <time>2024-04-20T19:05:43Z</time>
   </trkpt>
   <trkpt lat="48.5526830" lon="7.7330690">
    <ele>141.9</ele>
    <time>2024-04-20T19:05:44Z</time>
   </trkpt>
   <trkpt lat="48.5526190" lon="7.7330610">
    <ele>141.9</ele>
    <time>2024-04-20T19:05:45Z</time>
   </trkpt>
   <trkpt lat="48.5525530" lon="7.7330480">
    <ele>141.9</ele>
    <time>2024-04-20T19:05:46Z</time>
   </trkpt>
   <trkpt lat="48.5524870" lon="7.7330400">
    <ele>141.9</ele>
    <time>2024-04-20T19:05:47Z</time>
   </trkpt>
   <trkpt lat="48.5524210" lon="7.7330310">
    <ele>141.9</ele>
    <time>2024-04-20T19:05:48Z</time>
   </trkpt>
   <trkpt lat="48.5523550" lon="7.7330190">
    <ele>141.8</ele>
    <time>2024-04-20T19:05:49Z</time>
   </trkpt>
   <trkpt lat="48.5522920" lon="7.7330050">
    <ele>141.8</ele>
    <time>2024-04-20T19:05:50Z</time>
   </trkpt>
   <trkpt lat="48.5522270" lon="7.7329990">
    <ele>141.8</ele>
    <time>2024-04-20T19:05:51Z</time>
   </trkpt>
   <trkpt lat="48.5521620" lon="7.7329900">
    <ele>141.9</ele>
    <time>2024-04-20T19:05:52Z</time>
   </trkpt>
   <trkpt lat="48.5520970" lon="7.7329820">
    <ele>141.9</ele>
    <time>2024-04-20T19:05:53Z</time>
   </trkpt>
   <trkpt lat="48.5520370" lon="7.7329760">
    <ele>141.9</ele>
    <time>2024-04-20T19:05:54Z</time>
   </trkpt>
   <trkpt lat="48.5519730" lon="7.7329680">
    <ele>141.9</ele>
    <time>2024-04-20T19:05:55Z</time>
   </trkpt>
   <trkpt lat="48.5519070" lon="7.7329560">
    <ele>141.9</ele>
    <time>2024-04-20T19:05:56Z</time>
   </trkpt>
   <trkpt lat="48.5518410" lon="7.7329430">
    <ele>141.9</ele>
    <time>2024-04-20T19:05:57Z</time>
   </trkpt>
   <trkpt lat="48.5517740" lon="7.7329350">
    <ele>142.0</ele>
    <time>2024-04-20T19:05:58Z</time>
   </trkpt>
   <trkpt lat="48.5517080" lon="7.7329300">
    <ele>142.0</ele>
    <time>2024-04-20T19:05:59Z</time>
   </trkpt>
   <trkpt lat="48.5516420" lon="7.7329230">
    <ele>142.0</ele>
    <time>2024-04-20T19:06:00Z</time>
   </trkpt>
   <trkpt lat="48.5515780" lon="7.7329150">
    <ele>142.0</ele>
    <time>2024-04-20T19:06:01Z</time>
   </trkpt>
   <trkpt lat="48.5515150" lon="7.7329090">
    <ele>142.0</ele>
    <time>2024-04-20T19:06:02Z</time>
   </trkpt>
   <trkpt lat="48.5514530" lon="7.7328990">
    <ele>142.1</ele>
    <time>2024-04-20T19:06:03Z</time>
   </trkpt>
   <trkpt lat="48.5513910" lon="7.7328860">
    <ele>142.1</ele>
    <time>2024-04-20T19:06:04Z</time>
   </trkpt>
   <trkpt lat="48.5513300" lon="7.7328740">
    <ele>142.1</ele>
    <time>2024-04-20T19:06:05Z</time>
   </trkpt>
   <trkpt lat="48.5512660" lon="7.7328640">
    <ele>142.1</ele>
    <time>2024-04-20T19:06:06Z</time>
   </trkpt>
   <trkpt lat="48.5512020" lon="7.7328590">
    <ele>142.1</ele>
    <time>2024-04-20T19:06:07Z</time>
   </trkpt>
   <trkpt lat="48.5511380" lon="7.7328490">
    <ele>142.1</ele>
    <time>2024-04-20T19:06:08Z</time>
   </trkpt>
   <trkpt lat="48.5510750" lon="7.7328450">
    <ele>142.1</ele>
    <time>2024-04-20T19:06:09Z</time>
   </trkpt>
   <trkpt lat="48.5510110" lon="7.7328350">
    <ele>142.1</ele>
    <time>2024-04-20T19:06:10Z</time>
   </trkpt>
   <trkpt lat="48.5509450" lon="7.7328240">
    <ele>142.0</ele>
    <time>2024-04-20T19:06:11Z</time>
   </trkpt>
   <trkpt lat="48.5508780" lon="7.7328170">
    <ele>142.0</ele>
    <time>2024-04-20T19:06:12Z</time>
   </trkpt>
   <trkpt lat="48.5508110" lon="7.7328150">
    <ele>142.1</ele>
    <time>2024-04-20T19:06:13Z</time>
   </trkpt>
   <trkpt lat="48.5507420" lon="7.7328100">
    <ele>142.1</ele>
    <time>2024-04-20T19:06:14Z</time>
   </trkpt>
   <trkpt lat="48.5506760" lon="7.7328020">
    <ele>142.1</ele>
    <time>2024-04-20T19:06:15Z</time>
   </trkpt>
   <trkpt lat="48.5506090" lon="7.7327980">
    <ele>142.1</ele>
    <time>2024-04-20T19:06:16Z</time>
   </trkpt>
   <trkpt lat="48.5505430" lon="7.7327780">
    <ele>142.1</ele>
    <time>2024-04-20T19:06:17Z</time>
   </trkpt>
   <trkpt lat="48.5504750" lon="7.7327680">
    <ele>142.1</ele>
    <time>2024-04-20T19:06:18Z</time>
   </trkpt>
   <trkpt lat="48.5504080" lon="7.7327650">
    <ele>142.0</ele>
    <time>2024-04-20T19:06:19Z</time>
   </trkpt>
   <trkpt lat="48.5503390" lon="7.7327580">
    <ele>142.0</ele>
    <time>2024-04-20T19:06:20Z</time>
   </trkpt>
   <trkpt lat="48.5502700" lon="7.7327470">
    <ele>142.0</ele>
    <time>2024-04-20T19:06:21Z</time>
   </trkpt>
   <trkpt lat="48.5501990" lon="7.7327430">
    <ele>142.0</ele>
    <time>2024-04-20T19:06:22Z</time>
   </trkpt>
   <trkpt lat="48.5501300" lon="7.7327390">
    <ele>142.0</ele>
    <time>2024-04-20T19:06:23Z</time>
   </trkpt>
   <trkpt lat="48.5500620" lon="7.7327340">
    <ele>142.0</ele>
    <time>2024-04-20T19:06:24Z</time>
   </trkpt>
   <trkpt lat="48.5499950" lon="7.7327260">
    <ele>142.0</ele>
    <time>2024-04-20T19:06:25Z</time>
   </trkpt>
   <trkpt lat="48.5499300" lon="7.7327180">
    <ele>142.1</ele>
    <time>2024-04-20T19:06:26Z</time>
   </trkpt>
   <trkpt lat="48.5498640" lon="7.7327090">
    <ele>142.1</ele>
    <time>2024-04-20T19:06:27Z</time>
   </trkpt>
   <trkpt lat="48.5497970" lon="7.7326950">
    <ele>142.1</ele>
    <time>2024-04-20T19:06:28Z</time>
   </trkpt>
   <trkpt lat="48.5497260" lon="7.7326930">
    <ele>142.1</ele>
    <time>2024-04-20T19:06:29Z</time>
   </trkpt>
   <trkpt lat="48.5496570" lon="7.7326930">
    <ele>142.0</ele>
    <time>2024-04-20T19:06:30Z</time>
   </trkpt>
   <trkpt lat="48.5495880" lon="7.7326880">
    <ele>142.0</ele>
    <time>2024-04-20T19:06:31Z</time>
   </trkpt>
   <trkpt lat="48.5495190" lon="7.7326790">
    <ele>142.0</ele>
    <time>2024-04-20T19:06:32Z</time>
   </trkpt>
   <trkpt lat="48.5494540" lon="7.7326730">
    <ele>142.0</ele>
    <time>2024-04-20T19:06:33Z</time>
   </trkpt>
   <trkpt lat="48.5493830" lon="7.7326590">
    <ele>142.0</ele>
    <time>2024-04-20T19:06:34Z</time>
   </trkpt>
   <trkpt lat="48.5493140" lon="7.7326380">
    <ele>141.9</ele>
    <time>2024-04-20T19:06:35Z</time>
   </trkpt>
   <trkpt lat="48.5492440" lon="7.7326240">
    <ele>141.9</ele>
    <time>2024-04-20T19:06:36Z</time>
   </trkpt>
   <trkpt lat="48.5491750" lon="7.7326100">
    <ele>141.9</ele>
    <time>2024-04-20T19:06:37Z</time>
   </trkpt>
   <trkpt lat="48.5491050" lon="7.7325990">
    <ele>141.8</ele>
    <time>2024-04-20T19:06:38Z</time>
   </trkpt>
   <trkpt lat="48.5490350" lon="7.7325850">
    <ele>141.8</ele>
    <time>2024-04-20T19:06:39Z</time>
   </trkpt>
   <trkpt lat="48.5489640" lon="7.7325820">
    <ele>141.8</ele>
    <time>2024-04-20T19:06:40Z</time>
   </trkpt>
   <trkpt lat="48.5488940" lon="7.7325750">
    <ele>141.7</ele>
    <time>2024-04-20T19:06:41Z</time>
   </trkpt>
   <trkpt lat="48.5488240" lon="7.7325690">
    <ele>141.7</ele>
    <time>2024-04-20T19:06:42Z</time>
   </trkpt>
   <trkpt lat="48.5487530" lon="7.7325630">
    <ele>141.7</ele>
    <time>2024-04-20T19:06:43Z</time>
   </trkpt>
   <trkpt lat="48.5486810" lon="7.7325590">
    <ele>141.7</ele>
    <time>2024-04-20T19:06:44Z</time>
   </trkpt>
   <trkpt lat="48.5486100" lon="7.7325470">
    <ele>141.6</ele>
    <time>2024-04-20T19:06:45Z</time>
   </trkpt>
   <trkpt lat="48.5485400" lon="7.7325350">
    <ele>141.6</ele>
    <time>2024-04-20T19:06:46Z</time>
   </trkpt>
   <trkpt lat="48.5484690" lon="7.7325260">
    <ele>141.6</ele>
    <time>2024-04-20T19:06:47Z</time>
   </trkpt>
   <trkpt lat="48.5484000" lon="7.7325160">
    <ele>141.6</ele>
    <time>2024-04-20T19:06:48Z</time>
   </trkpt>
   <trkpt lat="48.5483290" lon="7.7325100">
    <ele>141.5</ele>
    <time>2024-04-20T19:06:49Z</time>
   </trkpt>
   <trkpt lat="48.5482600" lon="7.7325050">
    <ele>141.5</ele>
    <time>2024-04-20T19:06:50Z</time>
   </trkpt>
   <trkpt lat="48.5481900" lon="7.7324940">
    <ele>141.5</ele>
    <time>2024-04-20T19:06:51Z</time>
   </trkpt>
   <trkpt lat="48.5481210" lon="7.7324880">
    <ele>141.5</ele>
    <time>2024-04-20T19:06:52Z</time>
   </trkpt>
   <trkpt lat="48.5480520" lon="7.7324790">
    <ele>141.5</ele>
    <time>2024-04-20T19:06:53Z</time>
   </trkpt>
   <trkpt lat="48.5479840" lon="7.7324700">
    <ele>141.5</ele>
    <time>2024-04-20T19:06:54Z</time>
   </trkpt>
   <trkpt lat="48.5479160" lon="7.7324640">
    <ele>141.5</ele>
    <time>2024-04-20T19:06:55Z</time>
   </trkpt>
   <trkpt lat="48.5478480" lon="7.7324590">
    <ele>141.5</ele>
    <time>2024-04-20T19:06:56Z</time>
   </trkpt>
   <trkpt lat="48.5477800" lon="7.7324470">
    <ele>141.5</ele>
    <time>2024-04-20T19:06:57Z</time>
   </trkpt>
   <trkpt lat="48.5477110" lon="7.7324340">
    <ele>141.5</ele>
    <time>2024-04-20T19:06:58Z</time>
   </trkpt>
   <trkpt lat="48.5476420" lon="7.7324220">
    <ele>141.5</ele>
    <time>2024-04-20T19:06:59Z</time>
   </trkpt>
   <trkpt lat="48.5475740" lon="7.7324180">
    <ele>141.5</ele>
    <time>2024-04-20T19:07:00Z</time>
   </trkpt>
   <trkpt lat="48.5475050" lon="7.7324070">
    <ele>141.5</ele>
    <time>2024-04-20T19:07:01Z</time>
   </trkpt>
   <trkpt lat="48.5474360" lon="7.7324010">
    <ele>141.5</ele>
    <time>2024-04-20T19:07:02Z</time>
   </trkpt>
   <trkpt lat="48.5473660" lon="7.7323920">
    <ele>141.5</ele>
    <time>2024-04-20T19:07:03Z</time>
   </trkpt>
   <trkpt lat="48.5472950" lon="7.7323870">
    <ele>141.5</ele>
    <time>2024-04-20T19:07:04Z</time>
   </trkpt>
   <trkpt lat="48.5472260" lon="7.7323790">
    <ele>141.5</ele>
    <time>2024-04-20T19:07:05Z</time>
   </trkpt>
   <trkpt lat="48.5471550" lon="7.7323710">
    <ele>141.6</ele>
    <time>2024-04-20T19:07:06Z</time>
   </trkpt>
   <trkpt lat="48.5470870" lon="7.7323620">
    <ele>141.6</ele>
    <time>2024-04-20T19:07:07Z</time>
   </trkpt>
   <trkpt lat="48.5470190" lon="7.7323610">
    <ele>141.6</ele>
    <time>2024-04-20T19:07:08Z</time>
   </trkpt>
   <trkpt lat="48.5469500" lon="7.7323570">
    <ele>141.6</ele>
    <time>2024-04-20T19:07:09Z</time>
   </trkpt>
   <trkpt lat="48.5468810" lon="7.7323500">
    <ele>141.6</ele>
    <time>2024-04-20T19:07:10Z</time>
   </trkpt>
   <trkpt lat="48.5468120" lon="7.7323440">
    <ele>141.7</ele>
    <time>2024-04-20T19:07:11Z</time>
   </trkpt>
   <trkpt lat="48.5467460" lon="7.7323360">
    <ele>141.7</ele>
    <time>2024-04-20T19:07:12Z</time>
   </trkpt>
   <trkpt lat="48.5466810" lon="7.7323300">
    <ele>141.7</ele>
    <time>2024-04-20T19:07:13Z</time>
   </trkpt>
   <trkpt lat="48.5466150" lon="7.7323220">
    <ele>141.8</ele>
    <time>2024-04-20T19:07:14Z</time>
   </trkpt>
   <trkpt lat="48.5465470" lon="7.7323120">
    <ele>141.8</ele>
    <time>2024-04-20T19:07:15Z</time>
   </trkpt>
   <trkpt lat="48.5464810" lon="7.7323040">
    <ele>141.9</ele>
    <time>2024-04-20T19:07:16Z</time>
   </trkpt>
   <trkpt lat="48.5464140" lon="7.7322940">
    <ele>142.0</ele>
    <time>2024-04-20T19:07:17Z</time>
   </trkpt>
   <trkpt lat="48.5463480" lon="7.7322830">
    <ele>142.1</ele>
    <time>2024-04-20T19:07:18Z</time>
   </trkpt>
   <trkpt lat="48.5462810" lon="7.7322730">
    <ele>142.2</ele>
    <time>2024-04-20T19:07:19Z</time>
   </trkpt>
   <trkpt lat="48.5462160" lon="7.7322630">
    <ele>142.3</ele>
    <time>2024-04-20T19:07:20Z</time>
   </trkpt>
   <trkpt lat="48.5461560" lon="7.7322550">
    <ele>142.4</ele>
    <time>2024-04-20T19:07:21Z</time>
   </trkpt>
   <trkpt lat="48.5460900" lon="7.7322520">
    <ele>142.5</ele>
    <time>2024-04-20T19:07:22Z</time>
   </trkpt>
   <trkpt lat="48.5460190" lon="7.7322430">
    <ele>142.5</ele>
    <time>2024-04-20T19:07:23Z</time>
   </trkpt>
   <trkpt lat="48.5459560" lon="7.7322350">
    <ele>142.6</ele>
    <time>2024-04-20T19:07:24Z</time>
   </trkpt>
   <trkpt lat="48.5458950" lon="7.7322170">
    <ele>142.7</ele>
    <time>2024-04-20T19:07:25Z</time>
   </trkpt>
   <trkpt lat="48.5458320" lon="7.7322030">
    <ele>142.7</ele>
    <time>2024-04-20T19:07:26Z</time>
   </trkpt>
   <trkpt lat="48.5457680" lon="7.7321850">
    <ele>142.8</ele>
    <time>2024-04-20T19:07:27Z</time>
   </trkpt>
   <trkpt lat="48.5457060" lon="7.7321730">
    <ele>142.9</ele>
    <time>2024-04-20T19:07:28Z</time>
   </trkpt>
   <trkpt lat="48.5456450" lon="7.7321660">
    <ele>143.0</ele>
    <time>2024-04-20T19:07:29Z</time>
   </trkpt>
   <trkpt lat="48.5455860" lon="7.7321570">
    <ele>143.1</ele>
    <time>2024-04-20T19:07:30Z</time>
   </trkpt>
   <trkpt lat="48.5455270" lon="7.7321510">
    <ele>143.2</ele>
    <time>2024-04-20T19:07:31Z</time>
   </trkpt>
   <trkpt lat="48.5454700" lon="7.7321560">
    <ele>143.3</ele>
    <time>2024-04-20T19:07:32Z</time>
   </trkpt>
   <trkpt lat="48.5454150" lon="7.7321510">
    <ele>143.4</ele>
    <time>2024-04-20T19:07:33Z</time>
   </trkpt>
   <trkpt lat="48.5453630" lon="7.7321310">
    <ele>143.5</ele>
    <time>2024-04-20T19:07:34Z</time>
   </trkpt>
   <trkpt lat="48.5453120" lon="7.7321170">
    <ele>143.4</ele>
    <time>2024-04-20T19:07:35Z</time>
   </trkpt>
   <trkpt lat="48.5452550" lon="7.7321100">
    <ele>143.3</ele>
    <time>2024-04-20T19:07:36Z</time>
   </trkpt>
   <trkpt lat="48.5451930" lon="7.7321140">
    <ele>143.1</ele>
    <time>2024-04-20T19:07:37Z</time>
   </trkpt>
   <trkpt lat="48.5451260" lon="7.7321110">
    <ele>142.9</ele>
    <time>2024-04-20T19:07:38Z</time>
   </trkpt>
   <trkpt lat="48.5450550" lon="7.7321050">
    <ele>142.8</ele>
    <time>2024-04-20T19:07:39Z</time>
   </trkpt>
   <trkpt lat="48.5449840" lon="7.7320980">
    <ele>142.6</ele>
    <time>2024-04-20T19:07:40Z</time>
   </trkpt>
   <trkpt lat="48.5449130" lon="7.7320890">
    <ele>142.5</ele>
    <time>2024-04-20T19:07:41Z</time>
   </trkpt>
   <trkpt lat="48.5448420" lon="7.7320810">
    <ele>142.5</ele>
    <time>2024-04-20T19:07:42Z</time>
   </trkpt>
   <trkpt lat="48.5447750" lon="7.7320680">
    <ele>142.4</ele>
    <time>2024-04-20T19:07:43Z</time>
   </trkpt>
   <trkpt lat="48.5447040" lon="7.7320500">
    <ele>142.4</ele>
    <time>2024-04-20T19:07:44Z</time>
   </trkpt>
   <trkpt lat="48.5446310" lon="7.7320460">
    <ele>142.4</ele>
    <time>2024-04-20T19:07:45Z</time>
   </trkpt>
   <trkpt lat="48.5445650" lon="7.7320410">
    <ele>142.4</ele>
    <time>2024-04-20T19:07:46Z</time>
   </trkpt>
   <trkpt lat="48.5444900" lon="7.7320300">
    <ele>142.4</ele>
    <time>2024-04-20T19:07:47Z</time>
   </trkpt>
   <trkpt lat="48.5444100" lon="7.7319980">
    <ele>142.3</ele>
    <time>2024-04-20T19:07:48Z</time>
   </trkpt>
   <trkpt lat="48.5443390" lon="7.7319820">
    <ele>142.3</ele>
    <time>2024-04-20T19:07:49Z</time>
   </trkpt>
   <trkpt lat="48.5442670" lon="7.7319810">
    <ele>142.3</ele>
    <time>2024-04-20T19:07:50Z</time>
   </trkpt>
   <trkpt lat="48.5441970" lon="7.7319750">
    <ele>142.2</ele>
    <time>2024-04-20T19:07:51Z</time>
   </trkpt>
   <trkpt lat="48.5441280" lon="7.7319680">
    <ele>142.2</ele>
    <time>2024-04-20T19:07:52Z</time>
   </trkpt>
   <trkpt lat="48.5440580" lon="7.7319580">
    <ele>142.2</ele>
    <time>2024-04-20T19:07:53Z</time>
   </trkpt>
   <trkpt lat="48.5439890" lon="7.7319530">
    <ele>142.2</ele>
    <time>2024-04-20T19:07:54Z</time>
   </trkpt>
   <trkpt lat="48.5439200" lon="7.7319450">
    <ele>142.1</ele>
    <time>2024-04-20T19:07:55Z</time>
   </trkpt>
   <trkpt lat="48.5438510" lon="7.7319330">
    <ele>142.1</ele>
    <time>2024-04-20T19:07:56Z</time>
   </trkpt>
   <trkpt lat="48.5437800" lon="7.7319230">
    <ele>142.1</ele>
    <time>2024-04-20T19:07:57Z</time>
   </trkpt>
   <trkpt lat="48.5437100" lon="7.7319180">
    <ele>142.2</ele>
    <time>2024-04-20T19:07:58Z</time>
   </trkpt>
   <trkpt lat="48.5436390" lon="7.7319120">
    <ele>142.2</ele>
    <time>2024-04-20T19:07:59Z</time>
   </trkpt>
   <trkpt lat="48.5435680" lon="7.7319040">
    <ele>142.2</ele>
    <time>2024-04-20T19:08:00Z</time>
   </trkpt>
   <trkpt lat="48.5434990" lon="7.7318930">
    <ele>142.2</ele>
    <time>2024-04-20T19:08:01Z</time>
   </trkpt>
   <trkpt lat="48.5434310" lon="7.7318840">
    <ele>142.2</ele>
    <time>2024-04-20T19:08:02Z</time>
   </trkpt>
   <trkpt lat="48.5433630" lon="7.7318740">
    <ele>142.3</ele>
    <time>2024-04-20T19:08:03Z</time>
   </trkpt>
   <trkpt lat="48.5432940" lon="7.7318670">
    <ele>142.3</ele>
    <time>2024-04-20T19:08:04Z</time>
   </trkpt>
   <trkpt lat="48.5432280" lon="7.7318600">
    <ele>142.4</ele>
    <time>2024-04-20T19:08:05Z</time>
   </trkpt>
   <trkpt lat="48.5431620" lon="7.7318530">
    <ele>142.4</ele>
    <time>2024-04-20T19:08:06Z</time>
   </trkpt>
   <trkpt lat="48.5430970" lon="7.7318430">
    <ele>142.5</ele>
    <time>2024-04-20T19:08:07Z</time>
   </trkpt>
   <trkpt lat="48.5430310" lon="7.7318340">
    <ele>142.5</ele>
    <time>2024-04-20T19:08:08Z</time>
   </trkpt>
   <trkpt lat="48.5429640" lon="7.7318250">
    <ele>142.6</ele>
    <time>2024-04-20T19:08:09Z</time>
   </trkpt>
   <trkpt lat="48.5428960" lon="7.7318150">
    <ele>142.6</ele>
    <time>2024-04-20T19:08:10Z</time>
   </trkpt>
   <trkpt lat="48.5428290" lon="7.7318100">
    <ele>142.6</ele>
    <time>2024-04-20T19:08:11Z</time>
   </trkpt>
   <trkpt lat="48.5427640" lon="7.7318040">
    <ele>142.6</ele>
    <time>2024-04-20T19:08:12Z</time>
   </trkpt>
   <trkpt lat="48.5426980" lon="7.7317940">
    <ele>142.6</ele>
    <time>2024-04-20T19:08:13Z</time>
   </trkpt>
   <trkpt lat="48.5426340" lon="7.7317810">
    <ele>142.6</ele>
    <time>2024-04-20T19:08:14Z</time>
   </trkpt>
   <trkpt lat="48.5425700" lon="7.7317650">
    <ele>142.6</ele>
    <time>2024-04-20T19:08:15Z</time>
   </trkpt>
   <trkpt lat="48.5425030" lon="7.7317560">
    <ele>142.6</ele>
    <time>2024-04-20T19:08:16Z</time>
   </trkpt>
   <trkpt lat="48.5424360" lon="7.7317510">
    <ele>142.5</ele>
    <time>2024-04-20T19:08:17Z</time>
   </trkpt>
   <trkpt lat="48.5423660" lon="7.7317510">
    <ele>142.5</ele>
    <time>2024-04-20T19:08:18Z</time>
   </trkpt>
   <trkpt lat="48.5422950" lon="7.7317480">
    <ele>142.5</ele>
    <time>2024-04-20T19:08:19Z</time>
   </trkpt>
   <trkpt lat="48.5422230" lon="7.7317360">
    <ele>142.5</ele>
    <time>2024-04-20T19:08:20Z</time>
   </trkpt>
   <trkpt lat="48.5421520" lon="7.7317310">
    <ele>142.5</ele>
    <time>2024-04-20T19:08:21Z</time>
   </trkpt>
   <trkpt lat="48.5420840" lon="7.7317280">
    <ele>142.5</ele>
    <time>2024-04-20T19:08:22Z</time>
   </trkpt>
   <trkpt lat="48.5420170" lon="7.7317270">
    <ele>142.5</ele>
    <time>2024-04-20T19:08:23Z</time>
   </trkpt>
   <trkpt lat="48.5419490" lon="7.7317280">
    <ele>142.6</ele>
    <time>2024-04-20T19:08:24Z</time>
   </trkpt>
   <trkpt lat="48.5418820" lon="7.7317230">
    <ele>142.6</ele>
    <time>2024-04-20T19:08:25Z</time>
   </trkpt>
   <trkpt lat="48.5418160" lon="7.7317170">
    <ele>142.6</ele>
    <time>2024-04-20T19:08:26Z</time>
   </trkpt>
   <trkpt lat="48.5417510" lon="7.7317220">
    <ele>142.7</ele>
    <time>2024-04-20T19:08:27Z</time>
   </trkpt>
   <trkpt lat="48.5416880" lon="7.7317230">
    <ele>142.7</ele>
    <time>2024-04-20T19:08:28Z</time>
   </trkpt>
   <trkpt lat="48.5416230" lon="7.7317190">
    <ele>142.7</ele>
    <time>2024-04-20T19:08:29Z</time>
   </trkpt>
   <trkpt lat="48.5415560" lon="7.7317080">
    <ele>142.7</ele>
    <time>2024-04-20T19:08:30Z</time>
   </trkpt>
   <trkpt lat="48.5414900" lon="7.7316990">
    <ele>142.6</ele>
    <time>2024-04-20T19:08:31Z</time>
   </trkpt>
   <trkpt lat="48.5414230" lon="7.7316980">
    <ele>142.6</ele>
    <time>2024-04-20T19:08:32Z</time>
   </trkpt>
   <trkpt lat="48.5413550" lon="7.7316990">
    <ele>142.6</ele>
    <time>2024-04-20T19:08:33Z</time>
   </trkpt>
   <trkpt lat="48.5412900" lon="7.7316930">
    <ele>142.6</ele>
    <time>2024-04-20T19:08:34Z</time>
   </trkpt>
   <trkpt lat="48.5412250" lon="7.7316860">
    <ele>142.6</ele>
    <time>2024-04-20T19:08:35Z</time>
   </trkpt>
   <trkpt lat="48.5411580" lon="7.7316870">
    <ele>142.6</ele>
    <time>2024-04-20T19:08:36Z</time>
   </trkpt>
   <trkpt lat="48.5410920" lon="7.7316800">
    <ele>142.6</ele>
    <time>2024-04-20T19:08:37Z</time>
   </trkpt>
   <trkpt lat="48.5410250" lon="7.7316750">
    <ele>142.6</ele>
    <time>2024-04-20T19:08:38Z</time>
   </trkpt>
   <trkpt lat="48.5409580" lon="7.7316700">
    <ele>142.6</ele>
    <time>2024-04-20T19:08:39Z</time>
   </trkpt>
   <trkpt lat="48.5408930" lon="7.7316580">
    <ele>142.6</ele>
    <time>2024-04-20T19:08:40Z</time>
   </trkpt>
   <trkpt lat="48.5408280" lon="7.7316490">
    <ele>142.6</ele>
    <time>2024-04-20T19:08:41Z</time>
   </trkpt>
   <trkpt lat="48.5407620" lon="7.7316410">
    <ele>142.7</ele>
    <time>2024-04-20T19:08:42Z</time>
   </trkpt>
   <trkpt lat="48.5406970" lon="7.7316250">
    <ele>142.7</ele>
    <time>2024-04-20T19:08:43Z</time>
   </trkpt>
   <trkpt lat="48.5406310" lon="7.7316170">
    <ele>142.7</ele>
    <time>2024-04-20T19:08:44Z</time>
   </trkpt>
   <trkpt lat="48.5405660" lon="7.7316030">
    <ele>142.7</ele>
    <time>2024-04-20T19:08:45Z</time>
   </trkpt>
   <trkpt lat="48.5404990" lon="7.7315930">
    <ele>142.7</ele>
    <time>2024-04-20T19:08:46Z</time>
   </trkpt>
   <trkpt lat="48.5404300" lon="7.7315790">
    <ele>142.7</ele>
    <time>2024-04-20T19:08:47Z</time>
   </trkpt>
   <trkpt lat="48.5403650" lon="7.7315700">
    <ele>142.6</ele>
    <time>2024-04-20T19:08:48Z</time>
   </trkpt>
   <trkpt lat="48.5402990" lon="7.7315620">
    <ele>142.6</ele>
    <time>2024-04-20T19:08:49Z</time>
   </trkpt>
   <trkpt lat="48.5402320" lon="7.7315540">
    <ele>142.7</ele>
    <time>2024-04-20T19:08:50Z</time>
   </trkpt>
   <trkpt lat="48.5401660" lon="7.7315500">
    <ele>142.7</ele>
    <time>2024-04-20T19:08:51Z</time>
   </trkpt>
   <trkpt lat="48.5401020" lon="7.7315420">
    <ele>142.7</ele>
    <time>2024-04-20T19:08:52Z</time>
   </trkpt>
   <trkpt lat="48.5400400" lon="7.7315390">
    <ele>142.7</ele>
    <time>2024-04-20T19:08:53Z</time>
   </trkpt>
   <trkpt lat="48.5399750" lon="7.7315340">
    <ele>142.7</ele>
    <time>2024-04-20T19:08:54Z</time>
   </trkpt>
   <trkpt lat="48.5399110" lon="7.7315170">
    <ele>142.8</ele>
    <time>2024-04-20T19:08:55Z</time>
   </trkpt>
   <trkpt lat="48.5398470" lon="7.7314830">
    <ele>142.8</ele>
    <time>2024-04-20T19:08:56Z</time>
   </trkpt>
   <trkpt lat="48.5397850" lon="7.7314590">
    <ele>142.8</ele>
    <time>2024-04-20T19:08:57Z</time>
   </trkpt>
   <trkpt lat="48.5397260" lon="7.7314580">
    <ele>142.8</ele>
    <time>2024-04-20T19:08:58Z</time>
   </trkpt>
   <trkpt lat="48.5396770" lon="7.7314570">
    <ele>142.8</ele>
    <time>2024-04-20T19:08:59Z</time>
   </trkpt>
   <trkpt lat="48.5396320" lon="7.7314470">
    <ele>142.9</ele>
    <time>2024-04-20T19:09:00Z</time>
   </trkpt>
   <trkpt lat="48.5395880" lon="7.7314100">
    <ele>143.0</ele>
    <time>2024-04-20T19:09:01Z</time>
   </trkpt>
   <trkpt lat="48.5395410" lon="7.7313790">
    <ele>143.0</ele>
    <time>2024-04-20T19:09:02Z</time>
   </trkpt>
   <trkpt lat="48.5394980" lon="7.7313500">
    <ele>143.1</ele>
    <time>2024-04-20T19:09:03Z</time>
   </trkpt>
   <trkpt lat="48.5394620" lon="7.7313170">
    <ele>143.2</ele>
    <time>2024-04-20T19:09:04Z</time>
   </trkpt>
   <trkpt lat="48.5394250" lon="7.7313060">
    <ele>143.3</ele>
    <time>2024-04-20T19:09:05Z</time>
   </trkpt>
   <trkpt lat="48.5393840" lon="7.7312980">
    <ele>143.3</ele>
    <time>2024-04-20T19:09:06Z</time>
   </trkpt>
   <trkpt lat="48.5393420" lon="7.7312910">
    <ele>143.4</ele>
    <time>2024-04-20T19:09:07Z</time>
   </trkpt>
   <trkpt lat="48.5392510" lon="7.7312760">
    <ele>143.5</ele>
    <time>2024-04-20T19:09:09Z</time>
   </trkpt>
   <trkpt lat="48.5392020" lon="7.7312640">
    <ele>143.6</ele>
    <time>2024-04-20T19:09:10Z</time>
   </trkpt>
   <trkpt lat="48.5391520" lon="7.7312530">
    <ele>143.6</ele>
    <time>2024-04-20T19:09:11Z</time>
   </trkpt>
   <trkpt lat="48.5391030" lon="7.7312430">
    <ele>143.6</ele>
    <time>2024-04-20T19:09:12Z</time>
   </trkpt>
   <trkpt lat="48.5390520" lon="7.7312350">
    <ele>143.6</ele>
    <time>2024-04-20T19:09:13Z</time>
   </trkpt>
   <trkpt lat="48.5390000" lon="7.7312270">
    <ele>143.6</ele>
    <time>2024-04-20T19:09:14Z</time>
   </trkpt>
   <trkpt lat="48.5389480" lon="7.7312160">
    <ele>143.6</ele>
    <time>2024-04-20T19:09:15Z</time>
   </trkpt>
   <trkpt lat="48.5388950" lon="7.7312070">
    <ele>143.6</ele>
    <time>2024-04-20T19:09:16Z</time>
   </trkpt>
   <trkpt lat="48.5388390" lon="7.7311950">
    <ele>143.6</ele>
    <time>2024-04-20T19:09:17Z</time>
   </trkpt>
   <trkpt lat="48.5387850" lon="7.7311890">
    <ele>143.6</ele>
    <time>2024-04-20T19:09:18Z</time>
   </trkpt>
   <trkpt lat="48.5387300" lon="7.7311840">
    <ele>143.6</ele>
    <time>2024-04-20T19:09:19Z</time>
   </trkpt>
   <trkpt lat="48.5386740" lon="7.7311750">
    <ele>143.7</ele>
    <time>2024-04-20T19:09:20Z</time>
   </trkpt>
   <trkpt lat="48.5386180" lon="7.7311700">
    <ele>143.8</ele>
    <time>2024-04-20T19:09:21Z</time>
   </trkpt>
   <trkpt lat="48.5385630" lon="7.7311660">
    <ele>143.9</ele>
    <time>2024-04-20T19:09:22Z</time>
   </trkpt>
   <trkpt lat="48.5385070" lon="7.7311620">
    <ele>144.1</ele>
    <time>2024-04-20T19:09:23Z</time>
   </trkpt>
   <trkpt lat="48.5384560" lon="7.7311640">
    <ele>144.3</ele>
    <time>2024-04-20T19:09:24Z</time>
   </trkpt>
   <trkpt lat="48.5384080" lon="7.7311620">
    <ele>144.6</ele>
    <time>2024-04-20T19:09:25Z</time>
   </trkpt>
   <trkpt lat="48.5383640" lon="7.7311620">
    <ele>144.9</ele>
    <time>2024-04-20T19:09:26Z</time>
   </trkpt>
   <trkpt lat="48.5383230" lon="7.7311610">
    <ele>145.1</ele>
    <time>2024-04-20T19:09:27Z</time>
   </trkpt>
   <trkpt lat="48.5382850" lon="7.7311620">
    <ele>145.4</ele>
    <time>2024-04-20T19:09:28Z</time>
   </trkpt>
   <trkpt lat="48.5382470" lon="7.7311640">
    <ele>145.6</ele>
    <time>2024-04-20T19:09:29Z</time>
   </trkpt>
   <trkpt lat="48.5382100" lon="7.7311630">
    <ele>145.9</ele>
    <time>2024-04-20T19:09:30Z</time>
   </trkpt>
   <trkpt lat="48.5381720" lon="7.7311680">
    <ele>146.2</ele>
    <time>2024-04-20T19:09:31Z</time>
   </trkpt>
   <trkpt lat="48.5381360" lon="7.7311760">
    <ele>146.5</ele>
    <time>2024-04-20T19:09:32Z</time>
   </trkpt>
   <trkpt lat="48.5381020" lon="7.7311800">
    <ele>146.7</ele>
    <time>2024-04-20T19:09:33Z</time>
   </trkpt>
   <trkpt lat="48.5380680" lon="7.7311830">
    <ele>146.9</ele>
    <time>2024-04-20T19:09:34Z</time>
   </trkpt>
   <trkpt lat="48.5380390" lon="7.7311800">
    <ele>147.2</ele>
    <time>2024-04-20T19:09:35Z</time>
   </trkpt>
   <trkpt lat="48.5380090" lon="7.7311910">
    <ele>147.4</ele>
    <time>2024-04-20T19:09:36Z</time>
   </trkpt>
   <trkpt lat="48.5380010" lon="7.7311960">
    <ele>147.4</ele>
    <time>2024-04-20T19:09:37Z</time>
   </trkpt>
   <trkpt lat="48.5379760" lon="7.7311760">
    <ele>147.5</ele>
    <time>2024-04-20T19:09:38Z</time>
   </trkpt>
   <trkpt lat="48.5379690" lon="7.7311630">
    <ele>147.5</ele>
    <time>2024-04-20T19:09:39Z</time>
   </trkpt>
   <trkpt lat="48.5379680" lon="7.7311210">
    <ele>147.6</ele>
    <time>2024-04-20T19:09:40Z</time>
   </trkpt>
   <trkpt lat="48.5379750" lon="7.7310760">
    <ele>147.6</ele>
    <time>2024-04-20T19:09:41Z</time>
   </trkpt>
   <trkpt lat="48.5379830" lon="7.7310290">
    <ele>147.7</ele>
    <time>2024-04-20T19:09:42Z</time>
   </trkpt>
   <trkpt lat="48.5379890" lon="7.7309790">
    <ele>147.7</ele>
    <time>2024-04-20T19:09:43Z</time>
   </trkpt>
   <trkpt lat="48.5379950" lon="7.7309250">
    <ele>147.8</ele>
    <time>2024-04-20T19:09:44Z</time>
   </trkpt>
   <trkpt lat="48.5380010" lon="7.7308700">
    <ele>147.8</ele>
    <time>2024-04-20T19:09:45Z</time>
   </trkpt>
   <trkpt lat="48.5380080" lon="7.7308180">
    <ele>147.9</ele>
    <time>2024-04-20T19:09:46Z</time>
   </trkpt>
   <trkpt lat="48.5380130" lon="7.7307670">
    <ele>147.9</ele>
    <time>2024-04-20T19:09:47Z</time>
   </trkpt>
   <trkpt lat="48.5380180" lon="7.7307200">
    <ele>147.9</ele>
    <time>2024-04-20T19:09:48Z</time>
   </trkpt>
   <trkpt lat="48.5380240" lon="7.7306740">
    <ele>147.9</ele>
    <time>2024-04-20T19:09:49Z</time>
   </trkpt>
   <trkpt lat="48.5380270" lon="7.7306630">
    <ele>147.9</ele>
    <time>2024-04-20T19:09:50Z</time>
   </trkpt>
   <trkpt lat="48.5380340" lon="7.7306440">
    <ele>147.9</ele>
    <time>2024-04-20T19:09:51Z</time>
   </trkpt>
   <trkpt lat="48.5380360" lon="7.7306260">
    <ele>147.9</ele>
    <time>2024-04-20T19:09:52Z</time>
   </trkpt>
   <trkpt lat="48.5380310" lon="7.7306140">
    <ele>147.8</ele>
    <time>2024-04-20T19:09:53Z</time>
   </trkpt>
   <trkpt lat="48.5380240" lon="7.7306160">
    <ele>147.7</ele>
    <time>2024-04-20T19:09:54Z</time>
   </trkpt>
   <trkpt lat="48.5380190" lon="7.7306200">
    <ele>147.7</ele>
    <time>2024-04-20T19:09:55Z</time>
   </trkpt>
   <trkpt lat="48.5380170" lon="7.7306220">
    <ele>147.6</ele>
    <time>2024-04-20T19:09:56Z</time>
   </trkpt>
   <trkpt lat="48.5380150" lon="7.7306220">
    <ele>147.6</ele>
    <time>2024-04-20T19:09:57Z</time>
   </trkpt>
   <trkpt lat="48.5380140" lon="7.7306230">
    <ele>147.5</ele>
    <time>2024-04-20T19:09:58Z</time>
   </trkpt>
   <trkpt lat="48.5380130" lon="7.7306230">
    <ele>147.4</ele>
    <time>2024-04-20T19:09:59Z</time>
   </trkpt>
   <trkpt lat="48.5380130" lon="7.7306220">
    <ele>147.4</ele>
    <time>2024-04-20T19:10:00Z</time>
   </trkpt>
   <trkpt lat="48.5380120" lon="7.7306220">
    <ele>147.3</ele>
    <time>2024-04-20T19:10:01Z</time>
   </trkpt>
   <trkpt lat="48.5380120" lon="7.7306220">
    <ele>147.2</ele>
    <time>2024-04-20T19:10:02Z</time>
   </trkpt>
   <trkpt lat="48.5380120" lon="7.7306220">
    <ele>147.2</ele>
    <time>2024-04-20T19:10:03Z</time>
   </trkpt>
   <trkpt lat="48.5380110" lon="7.7306220">
    <ele>147.1</ele>
    <time>2024-04-20T19:10:04Z</time>
   </trkpt>
   <trkpt lat="48.5380110" lon="7.7306220">
    <ele>147.1</ele>
    <time>2024-04-20T19:10:05Z</time>
   </trkpt>
   <trkpt lat="48.5380110" lon="7.7306210">
    <ele>147.0</ele>
    <time>2024-04-20T19:10:06Z</time>
   </trkpt>
   <trkpt lat="48.5380030" lon="7.7306200">
    <ele>146.9</ele>
    <time>2024-04-20T19:10:08Z</time>
   </trkpt>
   <trkpt lat="48.5379890" lon="7.7306170">
    <ele>146.9</ele>
    <time>2024-04-20T19:10:09Z</time>
   </trkpt>
   <trkpt lat="48.5379700" lon="7.7306110">
    <ele>146.8</ele>
    <time>2024-04-20T19:10:10Z</time>
   </trkpt>
   <trkpt lat="48.5379360" lon="7.7305900">
    <ele>146.6</ele>
    <time>2024-04-20T19:10:11Z</time>
   </trkpt>
   <trkpt lat="48.5379230" lon="7.7305850">
    <ele>146.5</ele>
    <time>2024-04-20T19:10:12Z</time>
   </trkpt>
   <trkpt lat="48.5378920" lon="7.7305950">
    <ele>146.3</ele>
    <time>2024-04-20T19:10:13Z</time>
   </trkpt>
   <trkpt lat="48.5378630" lon="7.7306130">
    <ele>146.1</ele>
    <time>2024-04-20T19:10:14Z</time>
   </trkpt>
   <trkpt lat="48.5378340" lon="7.7306210">
    <ele>145.8</ele>
    <time>2024-04-20T19:10:15Z</time>
   </trkpt>
   <trkpt lat="48.5377660" lon="7.7306370">
    <ele>145.3</ele>
    <time>2024-04-20T19:10:16Z</time>
   </trkpt>
   <trkpt lat="48.5376960" lon="7.7306390">
    <ele>144.8</ele>
    <time>2024-04-20T19:10:17Z</time>
   </trkpt>
   <trkpt lat="48.5376270" lon="7.7306390">
    <ele>144.3</ele>
    <time>2024-04-20T19:10:18Z</time>
   </trkpt>
   <trkpt lat="48.5375530" lon="7.7306370">
    <ele>143.8</ele>
    <time>2024-04-20T19:10:19Z</time>
   </trkpt>
   <trkpt lat="48.5374780" lon="7.7306330">
    <ele>143.6</ele>
    <time>2024-04-20T19:10:20Z</time>
   </trkpt>
   <trkpt lat="48.5374020" lon="7.7306270">
    <ele>143.5</ele>
    <time>2024-04-20T19:10:21Z</time>
   </trkpt>
   <trkpt lat="48.5373250" lon="7.7306140">
    <ele>143.4</ele>
    <time>2024-04-20T19:10:22Z</time>
   </trkpt>
   <trkpt lat="48.5372450" lon="7.7305910">
    <ele>143.3</ele>
    <time>2024-04-20T19:10:23Z</time>
   </trkpt>
   <trkpt lat="48.5371650" lon="7.7305810">
    <ele>143.3</ele>
    <time>2024-04-20T19:10:24Z</time>
   </trkpt>
   <trkpt lat="48.5370850" lon="7.7305710">
    <ele>143.3</ele>
    <time>2024-04-20T19:10:25Z</time>
   </trkpt>
   <trkpt lat="48.5370040" lon="7.7305610">
    <ele>143.3</ele>
    <time>2024-04-20T19:10:26Z</time>
   </trkpt>
   <trkpt lat="48.5369250" lon="7.7305460">
    <ele>143.3</ele>
    <time>2024-04-20T19:10:27Z</time>
   </trkpt>
   <trkpt lat="48.5368470" lon="7.7305330">
    <ele>143.3</ele>
    <time>2024-04-20T19:10:28Z</time>
   </trkpt>
   <trkpt lat="48.5367700" lon="7.7305210">
    <ele>143.3</ele>
    <time>2024-04-20T19:10:29Z</time>
   </trkpt>
   <trkpt lat="48.5366960" lon="7.7305160">
    <ele>143.3</ele>
    <time>2024-04-20T19:10:30Z</time>
   </trkpt>
   <trkpt lat="48.5366190" lon="7.7305090">
    <ele>143.3</ele>
    <time>2024-04-20T19:10:31Z</time>
   </trkpt>
   <trkpt lat="48.5365470" lon="7.7305060">
    <ele>143.3</ele>
    <time>2024-04-20T19:10:32Z</time>
   </trkpt>
   <trkpt lat="48.5364730" lon="7.7305030">
    <ele>143.3</ele>
    <time>2024-04-20T19:10:33Z</time>
   </trkpt>
   <trkpt lat="48.5363940" lon="7.7304970">
    <ele>143.3</ele>
    <time>2024-04-20T19:10:34Z</time>
   </trkpt>
   <trkpt lat="48.5363150" lon="7.7304810">
    <ele>143.2</ele>
    <time>2024-04-20T19:10:35Z</time>
   </trkpt>
   <trkpt lat="48.5362370" lon="7.7304640">
    <ele>143.2</ele>
    <time>2024-04-20T19:10:36Z</time>
   </trkpt>
   <trkpt lat="48.5361580" lon="7.7304520">
    <ele>143.2</ele>
    <time>2024-04-20T19:10:37Z</time>
   </trkpt>
   <trkpt lat="48.5360780" lon="7.7304410">
    <ele>143.2</ele>
    <time>2024-04-20T19:10:38Z</time>
   </trkpt>
   <trkpt lat="48.5359980" lon="7.7304350">
    <ele>143.2</ele>
    <time>2024-04-20T19:10:39Z</time>
   </trkpt>
   <trkpt lat="48.5359210" lon="7.7304300">
    <ele>143.2</ele>
    <time>2024-04-20T19:10:40Z</time>
   </trkpt>
   <trkpt lat="48.5358470" lon="7.7304190">
    <ele>143.2</ele>
    <time>2024-04-20T19:10:41Z</time>
   </trkpt>
   <trkpt lat="48.5357710" lon="7.7304070">
    <ele>143.2</ele>
    <time>2024-04-20T19:10:42Z</time>
   </trkpt>
   <trkpt lat="48.5356960" lon="7.7303950">
    <ele>143.2</ele>
    <time>2024-04-20T19:10:43Z</time>
   </trkpt>
   <trkpt lat="48.5356250" lon="7.7303940">
    <ele>143.3</ele>
    <time>2024-04-20T19:10:44Z</time>
   </trkpt>
   <trkpt lat="48.5355510" lon="7.7303860">
    <ele>143.3</ele>
    <time>2024-04-20T19:10:45Z</time>
   </trkpt>
   <trkpt lat="48.5354760" lon="7.7303740">
    <ele>143.3</ele>
    <time>2024-04-20T19:10:46Z</time>
   </trkpt>
   <trkpt lat="48.5354000" lon="7.7303600">
    <ele>143.3</ele>
    <time>2024-04-20T19:10:47Z</time>
   </trkpt>
   <trkpt lat="48.5353250" lon="7.7303500">
    <ele>143.3</ele>
    <time>2024-04-20T19:10:48Z</time>
   </trkpt>
   <trkpt lat="48.5352500" lon="7.7303410">
    <ele>143.3</ele>
    <time>2024-04-20T19:10:49Z</time>
   </trkpt>
   <trkpt lat="48.5351770" lon="7.7303320">
    <ele>143.3</ele>
    <time>2024-04-20T19:10:50Z</time>
   </trkpt>
   <trkpt lat="48.5351030" lon="7.7303260">
    <ele>143.3</ele>
    <time>2024-04-20T19:10:51Z</time>
   </trkpt>
   <trkpt lat="48.5350320" lon="7.7303230">
    <ele>143.3</ele>
    <time>2024-04-20T19:10:52Z</time>
   </trkpt>
   <trkpt lat="48.5349630" lon="7.7303130">
    <ele>143.3</ele>
    <time>2024-04-20T19:10:53Z</time>
   </trkpt>
   <trkpt lat="48.5348930" lon="7.7302980">
    <ele>143.3</ele>
    <time>2024-04-20T19:10:54Z</time>
   </trkpt>
   <trkpt lat="48.5348200" lon="7.7302880">
    <ele>143.3</ele>
    <time>2024-04-20T19:10:55Z</time>
   </trkpt>
   <trkpt lat="48.5347480" lon="7.7302760">
    <ele>143.3</ele>
    <time>2024-04-20T19:10:56Z</time>
   </trkpt>
   <trkpt lat="48.5346760" lon="7.7302670">
    <ele>143.3</ele>
    <time>2024-04-20T19:10:57Z</time>
   </trkpt>
   <trkpt lat="48.5346060" lon="7.7302560">
    <ele>143.3</ele>
    <time>2024-04-20T19:10:58Z</time>
   </trkpt>
   <trkpt lat="48.5345340" lon="7.7302470">
    <ele>143.4</ele>
    <time>2024-04-20T19:10:59Z</time>
   </trkpt>
   <trkpt lat="48.5344630" lon="7.7302320">
    <ele>143.4</ele>
    <time>2024-04-20T19:11:00Z</time>
   </trkpt>
   <trkpt lat="48.5343910" lon="7.7302210">
    <ele>143.4</ele>
    <time>2024-04-20T19:11:01Z</time>
   </trkpt>
   <trkpt lat="48.5343190" lon="7.7302100">
    <ele>143.4</ele>
    <time>2024-04-20T19:11:02Z</time>
   </trkpt>
   <trkpt lat="48.5342480" lon="7.7301980">
    <ele>143.4</ele>
    <time>2024-04-20T19:11:03Z</time>
   </trkpt>
   <trkpt lat="48.5341770" lon="7.7301920">
    <ele>143.4</ele>
    <time>2024-04-20T19:11:04Z</time>
   </trkpt>
   <trkpt lat="48.5341060" lon="7.7301850">
    <ele>143.4</ele>
    <time>2024-04-20T19:11:05Z</time>
   </trkpt>
   <trkpt lat="48.5340340" lon="7.7301780">
    <ele>143.3</ele>
    <time>2024-04-20T19:11:06Z</time>
   </trkpt>
   <trkpt lat="48.5339630" lon="7.7301730">
    <ele>143.3</ele>
    <time>2024-04-20T19:11:07Z</time>
   </trkpt>
   <trkpt lat="48.5338900" lon="7.7301640">
    <ele>143.3</ele>
    <time>2024-04-20T19:11:08Z</time>
   </trkpt>
   <trkpt lat="48.5338180" lon="7.7301510">
    <ele>143.3</ele>
    <time>2024-04-20T19:11:09Z</time>
   </trkpt>
   <trkpt lat="48.5337430" lon="7.7301420">
    <ele>143.2</ele>
    <time>2024-04-20T19:11:10Z</time>
   </trkpt>
   <trkpt lat="48.5336720" lon="7.7301340">
    <ele>143.2</ele>
    <time>2024-04-20T19:11:11Z</time>
   </trkpt>
   <trkpt lat="48.5335970" lon="7.7301240">
    <ele>143.2</ele>
    <time>2024-04-20T19:11:12Z</time>
   </trkpt>
   <trkpt lat="48.5335250" lon="7.7301220">
    <ele>143.2</ele>
    <time>2024-04-20T19:11:13Z</time>
   </trkpt>
   <trkpt lat="48.5334510" lon="7.7301140">
    <ele>143.2</ele>
    <time>2024-04-20T19:11:14Z</time>
   </trkpt>
   <trkpt lat="48.5333770" lon="7.7301070">
    <ele>143.2</ele>
    <time>2024-04-20T19:11:15Z</time>
   </trkpt>
   <trkpt lat="48.5333040" lon="7.7300960">
    <ele>143.2</ele>
    <time>2024-04-20T19:11:16Z</time>
   </trkpt>
   <trkpt lat="48.5332310" lon="7.7300870">
    <ele>143.2</ele>
    <time>2024-04-20T19:11:17Z</time>
   </trkpt>
   <trkpt lat="48.5331590" lon="7.7300800">
    <ele>143.2</ele>
    <time>2024-04-20T19:11:18Z</time>
   </trkpt>
   <trkpt lat="48.5330910" lon="7.7300710">
    <ele>143.2</ele>
    <time>2024-04-20T19:11:19Z</time>
   </trkpt>
   <trkpt lat="48.5330180" lon="7.7300570">
    <ele>143.1</ele>
    <time>2024-04-20T19:11:20Z</time>
   </trkpt>
   <trkpt lat="48.5329460" lon="7.7300480">
    <ele>143.1</ele>
    <time>2024-04-20T19:11:21Z</time>
   </trkpt>
   <trkpt lat="48.5328730" lon="7.7300340">
    <ele>143.1</ele>
    <time>2024-04-20T19:11:22Z</time>
   </trkpt>
   <trkpt lat="48.5328010" lon="7.7300270">
    <ele>143.1</ele>
    <time>2024-04-20T19:11:23Z</time>
   </trkpt>
   <trkpt lat="48.5327290" lon="7.7300180">
    <ele>143.1</ele>
    <time>2024-04-20T19:11:24Z</time>
   </trkpt>
   <trkpt lat="48.5326550" lon="7.7300060">
    <ele>143.1</ele>
    <time>2024-04-20T19:11:25Z</time>
   </trkpt>
   <trkpt lat="48.5325810" lon="7.7299980">
    <ele>143.0</ele>
    <time>2024-04-20T19:11:26Z</time>
   </trkpt>
   <trkpt lat="48.5325090" lon="7.7299900">
    <ele>143.0</ele>
    <time>2024-04-20T19:11:27Z</time>
   </trkpt>
   <trkpt lat="48.5324370" lon="7.7299730">
    <ele>143.0</ele>
    <time>2024-04-20T19:11:28Z</time>
   </trkpt>
   <trkpt lat="48.5323630" lon="7.7299590">
    <ele>143.0</ele>
    <time>2024-04-20T19:11:29Z</time>
   </trkpt>
   <trkpt lat="48.5322900" lon="7.7299490">
    <ele>143.0</ele>
    <time>2024-04-20T19:11:30Z</time>
   </trkpt>
   <trkpt lat="48.5322160" lon="7.7299380">
    <ele>143.0</ele>
    <time>2024-04-20T19:11:31Z</time>
   </trkpt>
   <trkpt lat="48.5321440" lon="7.7299250">
    <ele>143.0</ele>
    <time>2024-04-20T19:11:32Z</time>
   </trkpt>
   <trkpt lat="48.5320720" lon="7.7299190">
    <ele>143.0</ele>
    <time>2024-04-20T19:11:33Z</time>
   </trkpt>
   <trkpt lat="48.5319990" lon="7.7299100">
    <ele>143.0</ele>
    <time>2024-04-20T19:11:34Z</time>
   </trkpt>
   <trkpt lat="48.5319270" lon="7.7298980">
    <ele>143.0</ele>
    <time>2024-04-20T19:11:35Z</time>
   </trkpt>
   <trkpt lat="48.5318550" lon="7.7298820">
    <ele>143.0</ele>
    <time>2024-04-20T19:11:36Z</time>
   </trkpt>
   <trkpt lat="48.5317830" lon="7.7298730">
    <ele>143.0</ele>
    <time>2024-04-20T19:11:37Z</time>
   </trkpt>
   <trkpt lat="48.5317110" lon="7.7298670">
    <ele>143.0</ele>
    <time>2024-04-20T19:11:38Z</time>
   </trkpt>
   <trkpt lat="48.5316410" lon="7.7298540">
    <ele>143.0</ele>
    <time>2024-04-20T19:11:39Z</time>
   </trkpt>
   <trkpt lat="48.5315720" lon="7.7298450">
    <ele>143.0</ele>
    <time>2024-04-20T19:11:40Z</time>
   </trkpt>
   <trkpt lat="48.5315010" lon="7.7298380">
    <ele>143.0</ele>
    <time>2024-04-20T19:11:41Z</time>
   </trkpt>
   <trkpt lat="48.5314330" lon="7.7298310">
    <ele>143.0</ele>
    <time>2024-04-20T19:11:42Z</time>
   </trkpt>
   <trkpt lat="48.5313620" lon="7.7298230">
    <ele>143.1</ele>
    <time>2024-04-20T19:11:43Z</time>
   </trkpt>
   <trkpt lat="48.5312940" lon="7.7298160">
    <ele>143.1</ele>
    <time>2024-04-20T19:11:44Z</time>
   </trkpt>
   <trkpt lat="48.5312240" lon="7.7298110">
    <ele>143.1</ele>
    <time>2024-04-20T19:11:45Z</time>
   </trkpt>
   <trkpt lat="48.5311550" lon="7.7298070">
    <ele>143.1</ele>
    <time>2024-04-20T19:11:46Z</time>
   </trkpt>
   <trkpt lat="48.5310870" lon="7.7297960">
    <ele>143.1</ele>
    <time>2024-04-20T19:11:47Z</time>
   </trkpt>
   <trkpt lat="48.5310170" lon="7.7297910">
    <ele>143.1</ele>
    <time>2024-04-20T19:11:48Z</time>
   </trkpt>
   <trkpt lat="48.5309470" lon="7.7297790">
    <ele>143.1</ele>
    <time>2024-04-20T19:11:49Z</time>
   </trkpt>
   <trkpt lat="48.5308750" lon="7.7297740">
    <ele>143.1</ele>
    <time>2024-04-20T19:11:50Z</time>
   </trkpt>
   <trkpt lat="48.5308040" lon="7.7297710">
    <ele>143.1</ele>
    <time>2024-04-20T19:11:51Z</time>
   </trkpt>
   <trkpt lat="48.5307360" lon="7.7297610">
    <ele>143.1</ele>
    <time>2024-04-20T19:11:52Z</time>
   </trkpt>
   <trkpt lat="48.5306670" lon="7.7297550">
    <ele>143.1</ele>
    <time>2024-04-20T19:11:53Z</time>
   </trkpt>
   <trkpt lat="48.5305990" lon="7.7297410">
    <ele>143.1</ele>
    <time>2024-04-20T19:11:54Z</time>
   </trkpt>
   <trkpt lat="48.5305290" lon="7.7297350">
    <ele>143.1</ele>
    <time>2024-04-20T19:11:55Z</time>
   </trkpt>
   <trkpt lat="48.5304570" lon="7.7297230">
    <ele>143.1</ele>
    <time>2024-04-20T19:11:56Z</time>
   </trkpt>
   <trkpt lat="48.5303840" lon="7.7297100">
    <ele>143.2</ele>
    <time>2024-04-20T19:11:57Z</time>
   </trkpt>
   <trkpt lat="48.5303140" lon="7.7297000">
    <ele>143.2</ele>
    <time>2024-04-20T19:11:58Z</time>
   </trkpt>
   <trkpt lat="48.5302480" lon="7.7296930">
    <ele>143.2</ele>
    <time>2024-04-20T19:11:59Z</time>
   </trkpt>
   <trkpt lat="48.5301810" lon="7.7296840">
    <ele>143.2</ele>
    <time>2024-04-20T19:12:00Z</time>
   </trkpt>
   <trkpt lat="48.5301110" lon="7.7296770">
    <ele>143.3</ele>
    <time>2024-04-20T19:12:01Z</time>
   </trkpt>
   <trkpt lat="48.5300440" lon="7.7296630">
    <ele>143.3</ele>
    <time>2024-04-20T19:12:02Z</time>
   </trkpt>
   <trkpt lat="48.5299780" lon="7.7296510">
    <ele>143.3</ele>
    <time>2024-04-20T19:12:03Z</time>
   </trkpt>
   <trkpt lat="48.5299110" lon="7.7296430">
    <ele>143.3</ele>
    <time>2024-04-20T19:12:04Z</time>
   </trkpt>
   <trkpt lat="48.5298470" lon="7.7296380">
    <ele>143.3</ele>
    <time>2024-04-20T19:12:05Z</time>
   </trkpt>
   <trkpt lat="48.5297830" lon="7.7296270">
    <ele>143.3</ele>
    <time>2024-04-20T19:12:06Z</time>
   </trkpt>
   <trkpt lat="48.5297190" lon="7.7296160">
    <ele>143.3</ele>
    <time>2024-04-20T19:12:07Z</time>
   </trkpt>
   <trkpt lat="48.5296570" lon="7.7296080">
    <ele>143.4</ele>
    <time>2024-04-20T19:12:08Z</time>
   </trkpt>
   <trkpt lat="48.5295930" lon="7.7296000">
    <ele>143.4</ele>
    <time>2024-04-20T19:12:09Z</time>
   </trkpt>
   <trkpt lat="48.5295300" lon="7.7295920">
    <ele>143.4</ele>
    <time>2024-04-20T19:12:10Z</time>
   </trkpt>
   <trkpt lat="48.5294670" lon="7.7295870">
    <ele>143.4</ele>
    <time>2024-04-20T19:12:11Z</time>
   </trkpt>
   <trkpt lat="48.5294070" lon="7.7295770">
    <ele>143.4</ele>
    <time>2024-04-20T19:12:12Z</time>
   </trkpt>
   <trkpt lat="48.5293490" lon="7.7295710">
    <ele>143.4</ele>
    <time>2024-04-20T19:12:13Z</time>
   </trkpt>
   <trkpt lat="48.5292910" lon="7.7295830">
    <ele>143.4</ele>
    <time>2024-04-20T19:12:14Z</time>
   </trkpt>
   <trkpt lat="48.5292360" lon="7.7296140">
    <ele>143.5</ele>
    <time>2024-04-20T19:12:15Z</time>
   </trkpt>
   <trkpt lat="48.5291870" lon="7.7296500">
    <ele>143.5</ele>
    <time>2024-04-20T19:12:16Z</time>
   </trkpt>
   <trkpt lat="48.5291370" lon="7.7296670">
    <ele>143.5</ele>
    <time>2024-04-20T19:12:17Z</time>
   </trkpt>
   <trkpt lat="48.5290810" lon="7.7296650">
    <ele>143.5</ele>
    <time>2024-04-20T19:12:18Z</time>
   </trkpt>
   <trkpt lat="48.5290260" lon="7.7296540">
    <ele>143.5</ele>
    <time>2024-04-20T19:12:19Z</time>
   </trkpt>
   <trkpt lat="48.5289710" lon="7.7296440">
    <ele>143.5</ele>
    <time>2024-04-20T19:12:20Z</time>
   </trkpt>
   <trkpt lat="48.5289130" lon="7.7296220">
    <ele>143.5</ele>
    <time>2024-04-20T19:12:21Z</time>
   </trkpt>
   <trkpt lat="48.5288620" lon="7.7295700">
    <ele>143.4</ele>
    <time>2024-04-20T19:12:22Z</time>
   </trkpt>
   <trkpt lat="48.5288070" lon="7.7295180">
    <ele>143.3</ele>
    <time>2024-04-20T19:12:23Z</time>
   </trkpt>
   <trkpt lat="48.5287420" lon="7.7294870">
    <ele>143.2</ele>
    <time>2024-04-20T19:12:24Z</time>
   </trkpt>
   <trkpt lat="48.5286730" lon="7.7294760">
    <ele>143.2</ele>
    <time>2024-04-20T19:12:25Z</time>
   </trkpt>
   <trkpt lat="48.5286050" lon="7.7294700">
    <ele>143.1</ele>
    <time>2024-04-20T19:12:26Z</time>
   </trkpt>
   <trkpt lat="48.5285380" lon="7.7294690">
    <ele>143.1</ele>
    <time>2024-04-20T19:12:27Z</time>
   </trkpt>
   <trkpt lat="48.5284690" lon="7.7294630">
    <ele>143.1</ele>
    <time>2024-04-20T19:12:28Z</time>
   </trkpt>
   <trkpt lat="48.5284000" lon="7.7294530">
    <ele>143.1</ele>
    <time>2024-04-20T19:12:29Z</time>
   </trkpt>
   <trkpt lat="48.5283330" lon="7.7294460">
    <ele>143.1</ele>
    <time>2024-04-20T19:12:30Z</time>
   </trkpt>
   <trkpt lat="48.5282640" lon="7.7294370">
    <ele>143.2</ele>
    <time>2024-04-20T19:12:31Z</time>
   </trkpt>
   <trkpt lat="48.5281990" lon="7.7294270">
    <ele>143.2</ele>
    <time>2024-04-20T19:12:32Z</time>
   </trkpt>
   <trkpt lat="48.5281330" lon="7.7294170">
    <ele>143.2</ele>
    <time>2024-04-20T19:12:33Z</time>
   </trkpt>
   <trkpt lat="48.5280660" lon="7.7294110">
    <ele>143.2</ele>
    <time>2024-04-20T19:12:34Z</time>
   </trkpt>
   <trkpt lat="48.5280010" lon="7.7293950">
    <ele>143.3</ele>
    <time>2024-04-20T19:12:35Z</time>
   </trkpt>
   <trkpt lat="48.5279340" lon="7.7293810">
    <ele>143.3</ele>
    <time>2024-04-20T19:12:36Z</time>
   </trkpt>
   <trkpt lat="48.5278690" lon="7.7293680">
    <ele>143.3</ele>
    <time>2024-04-20T19:12:37Z</time>
   </trkpt>
   <trkpt lat="48.5278030" lon="7.7293580">
    <ele>143.3</ele>
    <time>2024-04-20T19:12:38Z</time>
   </trkpt>
   <trkpt lat="48.5277350" lon="7.7293500">
    <ele>143.3</ele>
    <time>2024-04-20T19:12:39Z</time>
   </trkpt>
   <trkpt lat="48.5276710" lon="7.7293380">
    <ele>143.3</ele>
    <time>2024-04-20T19:12:40Z</time>
   </trkpt>
   <trkpt lat="48.5276080" lon="7.7293250">
    <ele>143.3</ele>
    <time>2024-04-20T19:12:41Z</time>
   </trkpt>
   <trkpt lat="48.5275460" lon="7.7293170">
    <ele>143.3</ele>
    <time>2024-04-20T19:12:42Z</time>
   </trkpt>
   <trkpt lat="48.5274860" lon="7.7293120">
    <ele>143.3</ele>
    <time>2024-04-20T19:12:43Z</time>
   </trkpt>
   <trkpt lat="48.5274250" lon="7.7293090">
    <ele>143.3</ele>
    <time>2024-04-20T19:12:44Z</time>
   </trkpt>
   <trkpt lat="48.5273630" lon="7.7293040">
    <ele>143.3</ele>
    <time>2024-04-20T19:12:45Z</time>
   </trkpt>
   <trkpt lat="48.5273000" lon="7.7292990">
    <ele>143.3</ele>
    <time>2024-04-20T19:12:46Z</time>
   </trkpt>
   <trkpt lat="48.5272380" lon="7.7292910">
    <ele>143.3</ele>
    <time>2024-04-20T19:12:47Z</time>
   </trkpt>
   <trkpt lat="48.5271750" lon="7.7292790">
    <ele>143.4</ele>
    <time>2024-04-20T19:12:48Z</time>
   </trkpt>
   <trkpt lat="48.5271140" lon="7.7292740">
    <ele>143.4</ele>
    <time>2024-04-20T19:12:49Z</time>
   </trkpt>
   <trkpt lat="48.5270530" lon="7.7292720">
    <ele>143.4</ele>
    <time>2024-04-20T19:12:50Z</time>
   </trkpt>
   <trkpt lat="48.5269930" lon="7.7292680">
    <ele>143.4</ele>
    <time>2024-04-20T19:12:51Z</time>
   </trkpt>
   <trkpt lat="48.5269310" lon="7.7292570">
    <ele>143.4</ele>
    <time>2024-04-20T19:12:52Z</time>
   </trkpt>
   <trkpt lat="48.5268720" lon="7.7292500">
    <ele>143.4</ele>
    <time>2024-04-20T19:12:53Z</time>
   </trkpt>
   <trkpt lat="48.5268100" lon="7.7292430">
    <ele>143.4</ele>
    <time>2024-04-20T19:12:54Z</time>
   </trkpt>
   <trkpt lat="48.5267480" lon="7.7292360">
    <ele>143.4</ele>
    <time>2024-04-20T19:12:55Z</time>
   </trkpt>
   <trkpt lat="48.5266860" lon="7.7292280">
    <ele>143.4</ele>
    <time>2024-04-20T19:12:56Z</time>
   </trkpt>
   <trkpt lat="48.5266230" lon="7.7292230">
    <ele>143.4</ele>
    <time>2024-04-20T19:12:57Z</time>
   </trkpt>
   <trkpt lat="48.5265590" lon="7.7292150">
    <ele>143.5</ele>
    <time>2024-04-20T19:12:58Z</time>
   </trkpt>
   <trkpt lat="48.5264970" lon="7.7292020">
    <ele>143.5</ele>
    <time>2024-04-20T19:12:59Z</time>
   </trkpt>
   <trkpt lat="48.5264330" lon="7.7291880">
    <ele>143.5</ele>
    <time>2024-04-20T19:13:00Z</time>
   </trkpt>
   <trkpt lat="48.5263670" lon="7.7291750">
    <ele>143.5</ele>
    <time>2024-04-20T19:13:01Z</time>
   </trkpt>
   <trkpt lat="48.5263030" lon="7.7291630">
    <ele>143.5</ele>
    <time>2024-04-20T19:13:02Z</time>
   </trkpt>
   <trkpt lat="48.5262390" lon="7.7291530">
    <ele>143.5</ele>
    <time>2024-04-20T19:13:03Z</time>
   </trkpt>
   <trkpt lat="48.5261750" lon="7.7291490">
    <ele>143.5</ele>
    <time>2024-04-20T19:13:04Z</time>
   </trkpt>
   <trkpt lat="48.5261110" lon="7.7291410">
    <ele>143.5</ele>
    <time>2024-04-20T19:13:05Z</time>
   </trkpt>
   <trkpt lat="48.5260480" lon="7.7291320">
    <ele>143.5</ele>
    <time>2024-04-20T19:13:06Z</time>
   </trkpt>
   <trkpt lat="48.5259830" lon="7.7291240">
    <ele>143.5</ele>
    <time>2024-04-20T19:13:07Z</time>
   </trkpt>
   <trkpt lat="48.5259180" lon="7.7291160">
    <ele>143.4</ele>
    <time>2024-04-20T19:13:08Z</time>
   </trkpt>
   <trkpt lat="48.5258530" lon="7.7291070">
    <ele>143.4</ele>
    <time>2024-04-20T19:13:09Z</time>
   </trkpt>
   <trkpt lat="48.5257900" lon="7.7291010">
    <ele>143.4</ele>
    <time>2024-04-20T19:13:10Z</time>
   </trkpt>
   <trkpt lat="48.5257260" lon="7.7290940">
    <ele>143.4</ele>
    <time>2024-04-20T19:13:11Z</time>
   </trkpt>
   <trkpt lat="48.5256620" lon="7.7290920">
    <ele>143.4</ele>
    <time>2024-04-20T19:13:12Z</time>
   </trkpt>
   <trkpt lat="48.5255970" lon="7.7290840">
    <ele>143.3</ele>
    <time>2024-04-20T19:13:13Z</time>
   </trkpt>
   <trkpt lat="48.5255340" lon="7.7290740">
    <ele>143.3</ele>
    <time>2024-04-20T19:13:14Z</time>
   </trkpt>
   <trkpt lat="48.5254710" lon="7.7290640">
    <ele>143.4</ele>
    <time>2024-04-20T19:13:15Z</time>
   </trkpt>
   <trkpt lat="48.5254080" lon="7.7290530">
    <ele>143.4</ele>
    <time>2024-04-20T19:13:16Z</time>
   </trkpt>
   <trkpt lat="48.5253470" lon="7.7290430">
    <ele>143.4</ele>
    <time>2024-04-20T19:13:17Z</time>
   </trkpt>
   <trkpt lat="48.5252850" lon="7.7290330">
    <ele>143.4</ele>
    <time>2024-04-20T19:13:18Z</time>
   </trkpt>
   <trkpt lat="48.5252230" lon="7.7290260">
    <ele>143.4</ele>
    <time>2024-04-20T19:13:19Z</time>
   </trkpt>
   <trkpt lat="48.5251600" lon="7.7290160">
    <ele>143.4</ele>
    <time>2024-04-20T19:13:20Z</time>
   </trkpt>
   <trkpt lat="48.5250970" lon="7.7290110">
    <ele>143.3</ele>
    <time>2024-04-20T19:13:21Z</time>
   </trkpt>
   <trkpt lat="48.5250340" lon="7.7290000">
    <ele>143.3</ele>
    <time>2024-04-20T19:13:22Z</time>
   </trkpt>
   <trkpt lat="48.5249680" lon="7.7289910">
    <ele>143.3</ele>
    <time>2024-04-20T19:13:23Z</time>
   </trkpt>
   <trkpt lat="48.5249030" lon="7.7289770">
    <ele>143.3</ele>
    <time>2024-04-20T19:13:24Z</time>
   </trkpt>
   <trkpt lat="48.5248410" lon="7.7289700">
    <ele>143.3</ele>
    <time>2024-04-20T19:13:25Z</time>
   </trkpt>
   <trkpt lat="48.5247780" lon="7.7289640">
    <ele>143.3</ele>
    <time>2024-04-20T19:13:26Z</time>
   </trkpt>
   <trkpt lat="48.5247150" lon="7.7289540">
    <ele>143.3</ele>
    <time>2024-04-20T19:13:27Z</time>
   </trkpt>
   <trkpt lat="48.5246510" lon="7.7289470">
    <ele>143.3</ele>
    <time>2024-04-20T19:13:28Z</time>
   </trkpt>
   <trkpt lat="48.5245880" lon="7.7289410">
    <ele>143.3</ele>
    <time>2024-04-20T19:13:29Z</time>
   </trkpt>
   <trkpt lat="48.5245250" lon="7.7289300">
    <ele>143.3</ele>
    <time>2024-04-20T19:13:30Z</time>
   </trkpt>
   <trkpt lat="48.5244600" lon="7.7289210">
    <ele>143.3</ele>
    <time>2024-04-20T19:13:31Z</time>
   </trkpt>
   <trkpt lat="48.5243970" lon="7.7289160">
    <ele>143.3</ele>
    <time>2024-04-20T19:13:32Z</time>
   </trkpt>
   <trkpt lat="48.5243320" lon="7.7289090">
    <ele>143.3</ele>
    <time>2024-04-20T19:13:33Z</time>
   </trkpt>
   <trkpt lat="48.5242680" lon="7.7289050">
    <ele>143.3</ele>
    <time>2024-04-20T19:13:34Z</time>
   </trkpt>
   <trkpt lat="48.5242050" lon="7.7288940">
    <ele>143.3</ele>
    <time>2024-04-20T19:13:35Z</time>
   </trkpt>
   <trkpt lat="48.5241410" lon="7.7288860">
    <ele>143.3</ele>
    <time>2024-04-20T19:13:36Z</time>
   </trkpt>
   <trkpt lat="48.5240780" lon="7.7288770">
    <ele>143.3</ele>
    <time>2024-04-20T19:13:37Z</time>
   </trkpt>
   <trkpt lat="48.5240170" lon="7.7288680">
    <ele>143.3</ele>
    <time>2024-04-20T19:13:38Z</time>
   </trkpt>
   <trkpt lat="48.5239550" lon="7.7288620">
    <ele>143.3</ele>
    <time>2024-04-20T19:13:39Z</time>
   </trkpt>
   <trkpt lat="48.5238910" lon="7.7288540">
    <ele>143.3</ele>
    <time>2024-04-20T19:13:40Z</time>
   </trkpt>
   <trkpt lat="48.5238280" lon="7.7288490">
    <ele>143.3</ele>
    <time>2024-04-20T19:13:41Z</time>
   </trkpt>
   <trkpt lat="48.5237640" lon="7.7288430">
    <ele>143.3</ele>
    <time>2024-04-20T19:13:42Z</time>
   </trkpt>
   <trkpt lat="48.5237030" lon="7.7288330">
    <ele>143.3</ele>
    <time>2024-04-20T19:13:43Z</time>
   </trkpt>
   <trkpt lat="48.5236410" lon="7.7288230">
    <ele>143.3</ele>
    <time>2024-04-20T19:13:44Z</time>
   </trkpt>
   <trkpt lat="48.5235790" lon="7.7288160">
    <ele>143.3</ele>
    <time>2024-04-20T19:13:45Z</time>
   </trkpt>
   <trkpt lat="48.5235180" lon="7.7288080">
    <ele>143.3</ele>
    <time>2024-04-20T19:13:46Z</time>
   </trkpt>
   <trkpt lat="48.5234570" lon="7.7287990">
    <ele>143.4</ele>
    <time>2024-04-20T19:13:47Z</time>
   </trkpt>
   <trkpt lat="48.5233950" lon="7.7287940">
    <ele>143.4</ele>
    <time>2024-04-20T19:13:48Z</time>
   </trkpt>
   <trkpt lat="48.5233320" lon="7.7287880">
    <ele>143.4</ele>
    <time>2024-04-20T19:13:49Z</time>
   </trkpt>
   <trkpt lat="48.5232720" lon="7.7287770">
    <ele>143.4</ele>
    <time>2024-04-20T19:13:50Z</time>
   </trkpt>
   <trkpt lat="48.5232130" lon="7.7287650">
    <ele>143.4</ele>
    <time>2024-04-20T19:13:51Z</time>
   </trkpt>
   <trkpt lat="48.5231560" lon="7.7287550">
    <ele>143.4</ele>
    <time>2024-04-20T19:13:52Z</time>
   </trkpt>
   <trkpt lat="48.5230980" lon="7.7287540">
    <ele>143.5</ele>
    <time>2024-04-20T19:13:53Z</time>
   </trkpt>
   <trkpt lat="48.5230380" lon="7.7287470">
    <ele>143.5</ele>
    <time>2024-04-20T19:13:54Z</time>
   </trkpt>
   <trkpt lat="48.5229770" lon="7.7287360">
    <ele>143.5</ele>
    <time>2024-04-20T19:13:55Z</time>
   </trkpt>
   <trkpt lat="48.5229150" lon="7.7287220">
    <ele>143.5</ele>
    <time>2024-04-20T19:13:56Z</time>
   </trkpt>
   <trkpt lat="48.5228560" lon="7.7287130">
    <ele>143.5</ele>
    <time>2024-04-20T19:13:57Z</time>
   </trkpt>
   <trkpt lat="48.5227960" lon="7.7287050">
    <ele>143.5</ele>
    <time>2024-04-20T19:13:58Z</time>
   </trkpt>
   <trkpt lat="48.5227330" lon="7.7286990">
    <ele>143.5</ele>
    <time>2024-04-20T19:13:59Z</time>
   </trkpt>
   <trkpt lat="48.5226710" lon="7.7286910">
    <ele>143.5</ele>
    <time>2024-04-20T19:14:00Z</time>
   </trkpt>
   <trkpt lat="48.5226080" lon="7.7286800">
    <ele>143.5</ele>
    <time>2024-04-20T19:14:01Z</time>
   </trkpt>
   <trkpt lat="48.5225490" lon="7.7286740">
    <ele>143.5</ele>
    <time>2024-04-20T19:14:02Z</time>
   </trkpt>
   <trkpt lat="48.5224840" lon="7.7286650">
    <ele>143.5</ele>
    <time>2024-04-20T19:14:03Z</time>
   </trkpt>
   <trkpt lat="48.5224240" lon="7.7286580">
    <ele>143.5</ele>
    <time>2024-04-20T19:14:04Z</time>
   </trkpt>
   <trkpt lat="48.5223650" lon="7.7286490">
    <ele>143.5</ele>
    <time>2024-04-20T19:14:05Z</time>
   </trkpt>
   <trkpt lat="48.5223050" lon="7.7286440">
    <ele>143.5</ele>
    <time>2024-04-20T19:14:06Z</time>
   </trkpt>
   <trkpt lat="48.5222460" lon="7.7286340">
    <ele>143.5</ele>
    <time>2024-04-20T19:14:07Z</time>
   </trkpt>
   <trkpt lat="48.5221860" lon="7.7286250">
    <ele>143.5</ele>
    <time>2024-04-20T19:14:08Z</time>
   </trkpt>
   <trkpt lat="48.5221240" lon="7.7286140">
    <ele>143.5</ele>
    <time>2024-04-20T19:14:09Z</time>
   </trkpt>
   <trkpt lat="48.5220620" lon="7.7286010">
    <ele>143.5</ele>
    <time>2024-04-20T19:14:10Z</time>
   </trkpt>
   <trkpt lat="48.5220020" lon="7.7285900">
    <ele>143.5</ele>
    <time>2024-04-20T19:14:11Z</time>
   </trkpt>
   <trkpt lat="48.5219430" lon="7.7285820">
    <ele>143.5</ele>
    <time>2024-04-20T19:14:12Z</time>
   </trkpt>
   <trkpt lat="48.5218840" lon="7.7285720">
    <ele>143.5</ele>
    <time>2024-04-20T19:14:13Z</time>
   </trkpt>
   <trkpt lat="48.5218240" lon="7.7285600">
    <ele>143.5</ele>
    <time>2024-04-20T19:14:14Z</time>
   </trkpt>
   <trkpt lat="48.5217650" lon="7.7285510">
    <ele>143.5</ele>
    <time>2024-04-20T19:14:15Z</time>
   </trkpt>
   <trkpt lat="48.5217040" lon="7.7285400">
    <ele>143.5</ele>
    <time>2024-04-20T19:14:16Z</time>
   </trkpt>
   <trkpt lat="48.5216420" lon="7.7285310">
    <ele>143.5</ele>
    <time>2024-04-20T19:14:17Z</time>
   </trkpt>
   <trkpt lat="48.5215820" lon="7.7285210">
    <ele>143.5</ele>
    <time>2024-04-20T19:14:18Z</time>
   </trkpt>
   <trkpt lat="48.5215210" lon="7.7285110">
    <ele>143.4</ele>
    <time>2024-04-20T19:14:19Z</time>
   </trkpt>
   <trkpt lat="48.5214620" lon="7.7285000">
    <ele>143.4</ele>
    <time>2024-04-20T19:14:20Z</time>
   </trkpt>
   <trkpt lat="48.5214030" lon="7.7284940">
    <ele>143.4</ele>
    <time>2024-04-20T19:14:21Z</time>
   </trkpt>
   <trkpt lat="48.5213430" lon="7.7284910">
    <ele>143.4</ele>
    <time>2024-04-20T19:14:22Z</time>
   </trkpt>
   <trkpt lat="48.5212800" lon="7.7284830">
    <ele>143.4</ele>
    <time>2024-04-20T19:14:23Z</time>
   </trkpt>
   <trkpt lat="48.5212170" lon="7.7284730">
    <ele>143.5</ele>
    <time>2024-04-20T19:14:24Z</time>
   </trkpt>
   <trkpt lat="48.5211540" lon="7.7284680">
    <ele>143.5</ele>
    <time>2024-04-20T19:14:25Z</time>
   </trkpt>
   <trkpt lat="48.5210900" lon="7.7284650">
    <ele>143.5</ele>
    <time>2024-04-20T19:14:26Z</time>
   </trkpt>
   <trkpt lat="48.5210240" lon="7.7284720">
    <ele>143.5</ele>
    <time>2024-04-20T19:14:27Z</time>
   </trkpt>
   <trkpt lat="48.5209590" lon="7.7284830">
    <ele>143.6</ele>
    <time>2024-04-20T19:14:28Z</time>
   </trkpt>
   <trkpt lat="48.5208990" lon="7.7284970">
    <ele>143.6</ele>
    <time>2024-04-20T19:14:29Z</time>
   </trkpt>
   <trkpt lat="48.5208400" lon="7.7285140">
    <ele>143.6</ele>
    <time>2024-04-20T19:14:30Z</time>
   </trkpt>
   <trkpt lat="48.5207800" lon="7.7285270">
    <ele>143.6</ele>
    <time>2024-04-20T19:14:31Z</time>
   </trkpt>
   <trkpt lat="48.5207210" lon="7.7285330">
    <ele>143.7</ele>
    <time>2024-04-20T19:14:32Z</time>
   </trkpt>
   <trkpt lat="48.5206620" lon="7.7285310">
    <ele>143.7</ele>
    <time>2024-04-20T19:14:33Z</time>
   </trkpt>
   <trkpt lat="48.5206060" lon="7.7285400">
    <ele>143.7</ele>
    <time>2024-04-20T19:14:34Z</time>
   </trkpt>
   <trkpt lat="48.5205500" lon="7.7285550">
    <ele>143.7</ele>
    <time>2024-04-20T19:14:35Z</time>
   </trkpt>
   <trkpt lat="48.5204970" lon="7.7285570">
    <ele>143.8</ele>
    <time>2024-04-20T19:14:36Z</time>
   </trkpt>
   <trkpt lat="48.5204400" lon="7.7285380">
    <ele>143.8</ele>
    <time>2024-04-20T19:14:37Z</time>
   </trkpt>
   <trkpt lat="48.5203840" lon="7.7285060">
    <ele>143.8</ele>
    <time>2024-04-20T19:14:38Z</time>
   </trkpt>
   <trkpt lat="48.5203240" lon="7.7284760">
    <ele>143.8</ele>
    <time>2024-04-20T19:14:39Z</time>
   </trkpt>
   <trkpt lat="48.5202620" lon="7.7284550">
    <ele>143.8</ele>
    <time>2024-04-20T19:14:40Z</time>
   </trkpt>
   <trkpt lat="48.5202010" lon="7.7284360">
    <ele>143.8</ele>
    <time>2024-04-20T19:14:41Z</time>
   </trkpt>
   <trkpt lat="48.5201400" lon="7.7284180">
    <ele>143.8</ele>
    <time>2024-04-20T19:14:42Z</time>
   </trkpt>
   <trkpt lat="48.5200800" lon="7.7284020">
    <ele>143.9</ele>
    <time>2024-04-20T19:14:43Z</time>
   </trkpt>
   <trkpt lat="48.5200190" lon="7.7283830">
    <ele>143.9</ele>
    <time>2024-04-20T19:14:44Z</time>
   </trkpt>
   <trkpt lat="48.5199600" lon="7.7283660">
    <ele>143.9</ele>
    <time>2024-04-20T19:14:45Z</time>
   </trkpt>
   <trkpt lat="48.5199000" lon="7.7283480">
    <ele>143.9</ele>
    <time>2024-04-20T19:14:46Z</time>
   </trkpt>
   <trkpt lat="48.5198400" lon="7.7283340">
    <ele>143.9</ele>
    <time>2024-04-20T19:14:47Z</time>
   </trkpt>
   <trkpt lat="48.5197780" lon="7.7283260">
    <ele>144.0</ele>
    <time>2024-04-20T19:14:48Z</time>
   </trkpt>
   <trkpt lat="48.5197150" lon="7.7283150">
    <ele>144.0</ele>
    <time>2024-04-20T19:14:49Z</time>
   </trkpt>
   <trkpt lat="48.5196510" lon="7.7283030">
    <ele>144.1</ele>
    <time>2024-04-20T19:14:50Z</time>
   </trkpt>
   <trkpt lat="48.5195880" lon="7.7282930">
    <ele>144.1</ele>
    <time>2024-04-20T19:14:51Z</time>
   </trkpt>
   <trkpt lat="48.5195260" lon="7.7282860">
    <ele>144.1</ele>
    <time>2024-04-20T19:14:52Z</time>
   </trkpt>
   <trkpt lat="48.5194660" lon="7.7282790">
    <ele>144.2</ele>
    <time>2024-04-20T19:14:53Z</time>
   </trkpt>
   <trkpt lat="48.5194030" lon="7.7282720">
    <ele>144.2</ele>
    <time>2024-04-20T19:14:54Z</time>
   </trkpt>
   <trkpt lat="48.5193410" lon="7.7282670">
    <ele>144.2</ele>
    <time>2024-04-20T19:14:55Z</time>
   </trkpt>
   <trkpt lat="48.5192770" lon="7.7282630">
    <ele>144.2</ele>
    <time>2024-04-20T19:14:56Z</time>
   </trkpt>
   <trkpt lat="48.5192130" lon="7.7282560">
    <ele>144.2</ele>
    <time>2024-04-20T19:14:57Z</time>
   </trkpt>
   <trkpt lat="48.5191480" lon="7.7282460">
    <ele>144.2</ele>
    <time>2024-04-20T19:14:58Z</time>
   </trkpt>
   <trkpt lat="48.5190840" lon="7.7282380">
    <ele>144.2</ele>
    <time>2024-04-20T19:14:59Z</time>
   </trkpt>
   <trkpt lat="48.5190190" lon="7.7282320">
    <ele>144.2</ele>
    <time>2024-04-20T19:15:00Z</time>
   </trkpt>
   <trkpt lat="48.5189540" lon="7.7282250">
    <ele>144.3</ele>
    <time>2024-04-20T19:15:01Z</time>
   </trkpt>
   <trkpt lat="48.5188870" lon="7.7282180">
    <ele>144.3</ele>
    <time>2024-04-20T19:15:02Z</time>
   </trkpt>
   <trkpt lat="48.5188210" lon="7.7282070">
    <ele>144.3</ele>
    <time>2024-04-20T19:15:03Z</time>
   </trkpt>
   <trkpt lat="48.5187580" lon="7.7281970">
    <ele>144.3</ele>
    <time>2024-04-20T19:15:04Z</time>
   </trkpt>
   <trkpt lat="48.5186940" lon="7.7281880">
    <ele>144.3</ele>
    <time>2024-04-20T19:15:05Z</time>
   </trkpt>
   <trkpt lat="48.5186310" lon="7.7281830">
    <ele>144.3</ele>
    <time>2024-04-20T19:15:06Z</time>
   </trkpt>
   <trkpt lat="48.5185670" lon="7.7281780">
    <ele>144.3</ele>
    <time>2024-04-20T19:15:07Z</time>
   </trkpt>
   <trkpt lat="48.5185020" lon="7.7281720">
    <ele>144.3</ele>
    <time>2024-04-20T19:15:08Z</time>
   </trkpt>
   <trkpt lat="48.5184380" lon="7.7281620">
    <ele>144.3</ele>
    <time>2024-04-20T19:15:09Z</time>
   </trkpt>
   <trkpt lat="48.5183730" lon="7.7281520">
    <ele>144.3</ele>
    <time>2024-04-20T19:15:10Z</time>
   </trkpt>
   <trkpt lat="48.5183080" lon="7.7281400">
    <ele>144.3</ele>
    <time>2024-04-20T19:15:11Z</time>
   </trkpt>
   <trkpt lat="48.5182450" lon="7.7281310">
    <ele>144.2</ele>
    <time>2024-04-20T19:15:12Z</time>
   </trkpt>
   <trkpt lat="48.5181790" lon="7.7281180">
    <ele>144.2</ele>
    <time>2024-04-20T19:15:13Z</time>
   </trkpt>
   <trkpt lat="48.5181140" lon="7.7281090">
    <ele>144.2</ele>
    <time>2024-04-20T19:15:14Z</time>
   </trkpt>
   <trkpt lat="48.5180490" lon="7.7281020">
    <ele>144.1</ele>
    <time>2024-04-20T19:15:15Z</time>
   </trkpt>
   <trkpt lat="48.5179830" lon="7.7280920">
    <ele>144.1</ele>
    <time>2024-04-20T19:15:16Z</time>
   </trkpt>
   <trkpt lat="48.5179180" lon="7.7280880">
    <ele>144.1</ele>
    <time>2024-04-20T19:15:17Z</time>
   </trkpt>
   <trkpt lat="48.5178530" lon="7.7280790">
    <ele>144.1</ele>
    <time>2024-04-20T19:15:18Z</time>
   </trkpt>
   <trkpt lat="48.5177900" lon="7.7280720">
    <ele>144.0</ele>
    <time>2024-04-20T19:15:19Z</time>
   </trkpt>
   <trkpt lat="48.5177250" lon="7.7280610">
    <ele>144.0</ele>
    <time>2024-04-20T19:15:20Z</time>
   </trkpt>
   <trkpt lat="48.5176610" lon="7.7280490">
    <ele>144.0</ele>
    <time>2024-04-20T19:15:21Z</time>
   </trkpt>
   <trkpt lat="48.5175980" lon="7.7280370">
    <ele>144.0</ele>
    <time>2024-04-20T19:15:22Z</time>
   </trkpt>
   <trkpt lat="48.5175350" lon="7.7280310">
    <ele>144.0</ele>
    <time>2024-04-20T19:15:23Z</time>
   </trkpt>
   <trkpt lat="48.5174720" lon="7.7280230">
    <ele>144.1</ele>
    <time>2024-04-20T19:15:24Z</time>
   </trkpt>
   <trkpt lat="48.5174100" lon="7.7280150">
    <ele>144.1</ele>
    <time>2024-04-20T19:15:25Z</time>
   </trkpt>
   <trkpt lat="48.5173470" lon="7.7280080">
    <ele>144.1</ele>
    <time>2024-04-20T19:15:26Z</time>
   </trkpt>
   <trkpt lat="48.5172830" lon="7.7279980">
    <ele>144.1</ele>
    <time>2024-04-20T19:15:27Z</time>
   </trkpt>
   <trkpt lat="48.5172200" lon="7.7279850">
    <ele>144.1</ele>
    <time>2024-04-20T19:15:28Z</time>
   </trkpt>
   <trkpt lat="48.5171560" lon="7.7279740">
    <ele>144.1</ele>
    <time>2024-04-20T19:15:29Z</time>
   </trkpt>
   <trkpt lat="48.5170920" lon="7.7279700">
    <ele>144.1</ele>
    <time>2024-04-20T19:15:30Z</time>
   </trkpt>
   <trkpt lat="48.5170300" lon="7.7279680">
    <ele>144.1</ele>
    <time>2024-04-20T19:15:31Z</time>
   </trkpt>
   <trkpt lat="48.5169670" lon="7.7279650">
    <ele>144.1</ele>
    <time>2024-04-20T19:15:32Z</time>
   </trkpt>
   <trkpt lat="48.5169030" lon="7.7279580">
    <ele>144.1</ele>
    <time>2024-04-20T19:15:33Z</time>
   </trkpt>
   <trkpt lat="48.5168390" lon="7.7279560">
    <ele>144.1</ele>
    <time>2024-04-20T19:15:34Z</time>
   </trkpt>
   <trkpt lat="48.5167750" lon="7.7279470">
    <ele>144.1</ele>
    <time>2024-04-20T19:15:35Z</time>
   </trkpt>
   <trkpt lat="48.5167110" lon="7.7279320">
    <ele>144.1</ele>
    <time>2024-04-20T19:15:36Z</time>
   </trkpt>
   <trkpt lat="48.5166460" lon="7.7279180">
    <ele>144.1</ele>
    <time>2024-04-20T19:15:37Z</time>
   </trkpt>
   <trkpt lat="48.5165820" lon="7.7279110">
    <ele>144.1</ele>
    <time>2024-04-20T19:15:38Z</time>
   </trkpt>
   <trkpt lat="48.5165180" lon="7.7279050">
    <ele>144.1</ele>
    <time>2024-04-20T19:15:39Z</time>
   </trkpt>
   <trkpt lat="48.5164540" lon="7.7279030">
    <ele>144.1</ele>
    <time>2024-04-20T19:15:40Z</time>
   </trkpt>
   <trkpt lat="48.5163930" lon="7.7278970">
    <ele>144.1</ele>
    <time>2024-04-20T19:15:41Z</time>
   </trkpt>
   <trkpt lat="48.5163310" lon="7.7278880">
    <ele>144.1</ele>
    <time>2024-04-20T19:15:42Z</time>
   </trkpt>
   <trkpt lat="48.5162670" lon="7.7278730">
    <ele>144.2</ele>
    <time>2024-04-20T19:15:43Z</time>
   </trkpt>
   <trkpt lat="48.5162060" lon="7.7278640">
    <ele>144.2</ele>
    <time>2024-04-20T19:15:44Z</time>
   </trkpt>
   <trkpt lat="48.5161460" lon="7.7278560">
    <ele>144.2</ele>
    <time>2024-04-20T19:15:45Z</time>
   </trkpt>
   <trkpt lat="48.5160850" lon="7.7278490">
    <ele>144.2</ele>
    <time>2024-04-20T19:15:46Z</time>
   </trkpt>
   <trkpt lat="48.5160210" lon="7.7278420">
    <ele>144.1</ele>
    <time>2024-04-20T19:15:47Z</time>
   </trkpt>
   <trkpt lat="48.5159590" lon="7.7278370">
    <ele>144.1</ele>
    <time>2024-04-20T19:15:48Z</time>
   </trkpt>
   <trkpt lat="48.5158960" lon="7.7278270">
    <ele>144.1</ele>
    <time>2024-04-20T19:15:49Z</time>
   </trkpt>
   <trkpt lat="48.5158320" lon="7.7278200">
    <ele>144.0</ele>
    <time>2024-04-20T19:15:50Z</time>
   </trkpt>
   <trkpt lat="48.5157640" lon="7.7278130">
    <ele>144.0</ele>
    <time>2024-04-20T19:15:51Z</time>
   </trkpt>
   <trkpt lat="48.5156990" lon="7.7278050">
    <ele>144.0</ele>
    <time>2024-04-20T19:15:52Z</time>
   </trkpt>
   <trkpt lat="48.5156320" lon="7.7277950">
    <ele>143.9</ele>
    <time>2024-04-20T19:15:53Z</time>
   </trkpt>
   <trkpt lat="48.5155670" lon="7.7277860">
    <ele>143.9</ele>
    <time>2024-04-20T19:15:54Z</time>
   </trkpt>
   <trkpt lat="48.5155030" lon="7.7277780">
    <ele>143.9</ele>
    <time>2024-04-20T19:15:55Z</time>
   </trkpt>
   <trkpt lat="48.5154370" lon="7.7277670">
    <ele>143.8</ele>
    <time>2024-04-20T19:15:56Z</time>
   </trkpt>
   <trkpt lat="48.5153750" lon="7.7277590">
    <ele>143.8</ele>
    <time>2024-04-20T19:15:57Z</time>
   </trkpt>
   <trkpt lat="48.5153100" lon="7.7277490">
    <ele>143.8</ele>
    <time>2024-04-20T19:15:58Z</time>
   </trkpt>
   <trkpt lat="48.5152460" lon="7.7277420">
    <ele>143.8</ele>
    <time>2024-04-20T19:15:59Z</time>
   </trkpt>
   <trkpt lat="48.5151840" lon="7.7277340">
    <ele>143.8</ele>
    <time>2024-04-20T19:16:00Z</time>
   </trkpt>
   <trkpt lat="48.5151240" lon="7.7277190">
    <ele>143.8</ele>
    <time>2024-04-20T19:16:01Z</time>
   </trkpt>
   <trkpt lat="48.5150610" lon="7.7277100">
    <ele>143.8</ele>
    <time>2024-04-20T19:16:02Z</time>
   </trkpt>
   <trkpt lat="48.5149990" lon="7.7277030">
    <ele>143.8</ele>
    <time>2024-04-20T19:16:03Z</time>
   </trkpt>
   <trkpt lat="48.5149370" lon="7.7276970">
    <ele>143.8</ele>
    <time>2024-04-20T19:16:04Z</time>
   </trkpt>
   <trkpt lat="48.5148770" lon="7.7276940">
    <ele>143.8</ele>
    <time>2024-04-20T19:16:05Z</time>
   </trkpt>
   <trkpt lat="48.5148170" lon="7.7276850">
    <ele>143.8</ele>
    <time>2024-04-20T19:16:06Z</time>
   </trkpt>
   <trkpt lat="48.5147560" lon="7.7276790">
    <ele>143.8</ele>
    <time>2024-04-20T19:16:07Z</time>
   </trkpt>
   <trkpt lat="48.5146950" lon="7.7276680">
    <ele>143.8</ele>
    <time>2024-04-20T19:16:08Z</time>
   </trkpt>
   <trkpt lat="48.5146330" lon="7.7276540">
    <ele>143.8</ele>
    <time>2024-04-20T19:16:09Z</time>
   </trkpt>
   <trkpt lat="48.5145730" lon="7.7276450">
    <ele>143.8</ele>
    <time>2024-04-20T19:16:10Z</time>
   </trkpt>
   <trkpt lat="48.5145120" lon="7.7276340">
    <ele>143.8</ele>
    <time>2024-04-20T19:16:11Z</time>
   </trkpt>
   <trkpt lat="48.5144500" lon="7.7276250">
    <ele>143.8</ele>
    <time>2024-04-20T19:16:12Z</time>
   </trkpt>
   <trkpt lat="48.5143900" lon="7.7276210">
    <ele>143.9</ele>
    <time>2024-04-20T19:16:13Z</time>
   </trkpt>
   <trkpt lat="48.5143290" lon="7.7276150">
    <ele>143.9</ele>
    <time>2024-04-20T19:16:14Z</time>
   </trkpt>
   <trkpt lat="48.5142680" lon="7.7276090">
    <ele>143.9</ele>
    <time>2024-04-20T19:16:15Z</time>
   </trkpt>
   <trkpt lat="48.5142070" lon="7.7276020">
    <ele>143.9</ele>
    <time>2024-04-20T19:16:16Z</time>
   </trkpt>
   <trkpt lat="48.5141460" lon="7.7275950">
    <ele>143.9</ele>
    <time>2024-04-20T19:16:17Z</time>
   </trkpt>
   <trkpt lat="48.5140840" lon="7.7275870">
    <ele>143.9</ele>
    <time>2024-04-20T19:16:18Z</time>
   </trkpt>
   <trkpt lat="48.5140230" lon="7.7275790">
    <ele>143.9</ele>
    <time>2024-04-20T19:16:19Z</time>
   </trkpt>
   <trkpt lat="48.5139630" lon="7.7275720">
    <ele>143.9</ele>
    <time>2024-04-20T19:16:20Z</time>
   </trkpt>
   <trkpt lat="48.5139010" lon="7.7275620">
    <ele>144.0</ele>
    <time>2024-04-20T19:16:21Z</time>
   </trkpt>
   <trkpt lat="48.5138410" lon="7.7275570">
    <ele>144.0</ele>
    <time>2024-04-20T19:16:22Z</time>
   </trkpt>
   <trkpt lat="48.5137790" lon="7.7275460">
    <ele>144.0</ele>
    <time>2024-04-20T19:16:23Z</time>
   </trkpt>
   <trkpt lat="48.5137150" lon="7.7275310">
    <ele>144.0</ele>
    <time>2024-04-20T19:16:24Z</time>
   </trkpt>
   <trkpt lat="48.5136560" lon="7.7275230">
    <ele>144.0</ele>
    <time>2024-04-20T19:16:25Z</time>
   </trkpt>
   <trkpt lat="48.5135940" lon="7.7275170">
    <ele>144.0</ele>
    <time>2024-04-20T19:16:26Z</time>
   </trkpt>
   <trkpt lat="48.5135320" lon="7.7275090">
    <ele>144.0</ele>
    <time>2024-04-20T19:16:27Z</time>
   </trkpt>
   <trkpt lat="48.5134720" lon="7.7275030">
    <ele>144.0</ele>
    <time>2024-04-20T19:16:28Z</time>
   </trkpt>
   <trkpt lat="48.5134110" lon="7.7274970">
    <ele>144.0</ele>
    <time>2024-04-20T19:16:29Z</time>
   </trkpt>
   <trkpt lat="48.5133480" lon="7.7274870">
    <ele>144.0</ele>
    <time>2024-04-20T19:16:30Z</time>
   </trkpt>
   <trkpt lat="48.5132870" lon="7.7274800">
    <ele>144.0</ele>
    <time>2024-04-20T19:16:31Z</time>
   </trkpt>
   <trkpt lat="48.5132240" lon="7.7274680">
    <ele>144.0</ele>
    <time>2024-04-20T19:16:32Z</time>
   </trkpt>
   <trkpt lat="48.5131610" lon="7.7274590">
    <ele>144.0</ele>
    <time>2024-04-20T19:16:33Z</time>
   </trkpt>
   <trkpt lat="48.5131000" lon="7.7274540">
    <ele>144.1</ele>
    <time>2024-04-20T19:16:34Z</time>
   </trkpt>
   <trkpt lat="48.5130400" lon="7.7274460">
    <ele>144.1</ele>
    <time>2024-04-20T19:16:35Z</time>
   </trkpt>
   <trkpt lat="48.5129780" lon="7.7274390">
    <ele>144.1</ele>
    <time>2024-04-20T19:16:36Z</time>
   </trkpt>
   <trkpt lat="48.5129160" lon="7.7274280">
    <ele>144.1</ele>
    <time>2024-04-20T19:16:37Z</time>
   </trkpt>
   <trkpt lat="48.5128550" lon="7.7274190">
    <ele>144.2</ele>
    <time>2024-04-20T19:16:38Z</time>
   </trkpt>
   <trkpt lat="48.5127940" lon="7.7274110">
    <ele>144.2</ele>
    <time>2024-04-20T19:16:39Z</time>
   </trkpt>
   <trkpt lat="48.5127300" lon="7.7273980">
    <ele>144.2</ele>
    <time>2024-04-20T19:16:40Z</time>
   </trkpt>
   <trkpt lat="48.5126670" lon="7.7273890">
    <ele>144.2</ele>
    <time>2024-04-20T19:16:41Z</time>
   </trkpt>
   <trkpt lat="48.5126040" lon="7.7273770">
    <ele>144.2</ele>
    <time>2024-04-20T19:16:42Z</time>
   </trkpt>
   <trkpt lat="48.5125420" lon="7.7273710">
    <ele>144.2</ele>
    <time>2024-04-20T19:16:43Z</time>
   </trkpt>
   <trkpt lat="48.5124820" lon="7.7273680">
    <ele>144.2</ele>
    <time>2024-04-20T19:16:44Z</time>
   </trkpt>
   <trkpt lat="48.5124220" lon="7.7273610">
    <ele>144.2</ele>
    <time>2024-04-20T19:16:45Z</time>
   </trkpt>
   <trkpt lat="48.5123600" lon="7.7273560">
    <ele>144.2</ele>
    <time>2024-04-20T19:16:46Z</time>
   </trkpt>
   <trkpt lat="48.5122970" lon="7.7273520">
    <ele>144.2</ele>
    <time>2024-04-20T19:16:47Z</time>
   </trkpt>
   <trkpt lat="48.5122330" lon="7.7273460">
    <ele>144.2</ele>
    <time>2024-04-20T19:16:48Z</time>
   </trkpt>
   <trkpt lat="48.5121720" lon="7.7273390">
    <ele>144.2</ele>
    <time>2024-04-20T19:16:49Z</time>
   </trkpt>
   <trkpt lat="48.5121110" lon="7.7273300">
    <ele>144.2</ele>
    <time>2024-04-20T19:16:50Z</time>
   </trkpt>
   <trkpt lat="48.5120510" lon="7.7273240">
    <ele>144.2</ele>
    <time>2024-04-20T19:16:51Z</time>
   </trkpt>
   <trkpt lat="48.5119860" lon="7.7273200">
    <ele>144.3</ele>
    <time>2024-04-20T19:16:52Z</time>
   </trkpt>
   <trkpt lat="48.5119210" lon="7.7273170">
    <ele>144.3</ele>
    <time>2024-04-20T19:16:53Z</time>
   </trkpt>
   <trkpt lat="48.5118580" lon="7.7273110">
    <ele>144.3</ele>
    <time>2024-04-20T19:16:54Z</time>
   </trkpt>
   <trkpt lat="48.5117950" lon="7.7273000">
    <ele>144.3</ele>
    <time>2024-04-20T19:16:55Z</time>
   </trkpt>
   <trkpt lat="48.5117330" lon="7.7272940">
    <ele>144.2</ele>
    <time>2024-04-20T19:16:56Z</time>
   </trkpt>
   <trkpt lat="48.5116710" lon="7.7272880">
    <ele>144.2</ele>
    <time>2024-04-20T19:16:57Z</time>
   </trkpt>
   <trkpt lat="48.5116110" lon="7.7272860">
    <ele>144.2</ele>
    <time>2024-04-20T19:16:58Z</time>
   </trkpt>
   <trkpt lat="48.5115510" lon="7.7272810">
    <ele>144.2</ele>
    <time>2024-04-20T19:16:59Z</time>
   </trkpt>
   <trkpt lat="48.5114920" lon="7.7272680">
    <ele>144.2</ele>
    <time>2024-04-20T19:17:00Z</time>
   </trkpt>
   <trkpt lat="48.5114300" lon="7.7272570">
    <ele>144.2</ele>
    <time>2024-04-20T19:17:01Z</time>
   </trkpt>
   <trkpt lat="48.5113690" lon="7.7272480">
    <ele>144.2</ele>
    <time>2024-04-20T19:17:02Z</time>
   </trkpt>
   <trkpt lat="48.5113070" lon="7.7272420">
    <ele>144.2</ele>
    <time>2024-04-20T19:17:03Z</time>
   </trkpt>
   <trkpt lat="48.5112460" lon="7.7272380">
    <ele>144.2</ele>
    <time>2024-04-20T19:17:04Z</time>
   </trkpt>
   <trkpt lat="48.5111850" lon="7.7272410">
    <ele>144.2</ele>
    <time>2024-04-20T19:17:05Z</time>
   </trkpt>
   <trkpt lat="48.5111250" lon="7.7272450">
    <ele>144.3</ele>
    <time>2024-04-20T19:17:06Z</time>
   </trkpt>
   <trkpt lat="48.5110650" lon="7.7272570">
    <ele>144.3</ele>
    <time>2024-04-20T19:17:07Z</time>
   </trkpt>
   <trkpt lat="48.5110070" lon="7.7272790">
    <ele>144.4</ele>
    <time>2024-04-20T19:17:08Z</time>
   </trkpt>
   <trkpt lat="48.5109490" lon="7.7273130">
    <ele>144.4</ele>
    <time>2024-04-20T19:17:09Z</time>
   </trkpt>
   <trkpt lat="48.5109000" lon="7.7273480">
    <ele>144.5</ele>
    <time>2024-04-20T19:17:10Z</time>
   </trkpt>
   <trkpt lat="48.5108630" lon="7.7273710">
    <ele>144.6</ele>
    <time>2024-04-20T19:17:11Z</time>
   </trkpt>
   <trkpt lat="48.5108120" lon="7.7273620">
    <ele>144.7</ele>
    <time>2024-04-20T19:17:12Z</time>
   </trkpt>
   <trkpt lat="48.5107520" lon="7.7273360">
    <ele>144.8</ele>
    <time>2024-04-20T19:17:13Z</time>
   </trkpt>
   <trkpt lat="48.5106950" lon="7.7273200">
    <ele>144.9</ele>
    <time>2024-04-20T19:17:14Z</time>
   </trkpt>
   <trkpt lat="48.5106370" lon="7.7273020">
    <ele>145.0</ele>
    <time>2024-04-20T19:17:15Z</time>
   </trkpt>
   <trkpt lat="48.5105780" lon="7.7272800">
    <ele>145.1</ele>
    <time>2024-04-20T19:17:16Z</time>
   </trkpt>
   <trkpt lat="48.5105240" lon="7.7272660">
    <ele>145.2</ele>
    <time>2024-04-20T19:17:17Z</time>
   </trkpt>
   <trkpt lat="48.5104670" lon="7.7272440">
    <ele>145.3</ele>
    <time>2024-04-20T19:17:18Z</time>
   </trkpt>
   <trkpt lat="48.5104150" lon="7.7272260">
    <ele>145.4</ele>
    <time>2024-04-20T19:17:19Z</time>
   </trkpt>
   <trkpt lat="48.5103630" lon="7.7272170">
    <ele>145.4</ele>
    <time>2024-04-20T19:17:20Z</time>
   </trkpt>
   <trkpt lat="48.5103090" lon="7.7272140">
    <ele>145.5</ele>
    <time>2024-04-20T19:17:21Z</time>
   </trkpt>
   <trkpt lat="48.5102530" lon="7.7272070">
    <ele>145.5</ele>
    <time>2024-04-20T19:17:22Z</time>
   </trkpt>
   <trkpt lat="48.5101980" lon="7.7272000">
    <ele>145.6</ele>
    <time>2024-04-20T19:17:23Z</time>
   </trkpt>
   <trkpt lat="48.5101400" lon="7.7271870">
    <ele>145.6</ele>
    <time>2024-04-20T19:17:24Z</time>
   </trkpt>
   <trkpt lat="48.5100830" lon="7.7271820">
    <ele>145.6</ele>
    <time>2024-04-20T19:17:25Z</time>
   </trkpt>
   <trkpt lat="48.5100240" lon="7.7271760">
    <ele>145.6</ele>
    <time>2024-04-20T19:17:26Z</time>
   </trkpt>
   <trkpt lat="48.5099650" lon="7.7271660">
    <ele>145.6</ele>
    <time>2024-04-20T19:17:27Z</time>
   </trkpt>
   <trkpt lat="48.5099070" lon="7.7271550">
    <ele>145.6</ele>
    <time>2024-04-20T19:17:28Z</time>
   </trkpt>
   <trkpt lat="48.5098480" lon="7.7271530">
    <ele>145.6</ele>
    <time>2024-04-20T19:17:29Z</time>
   </trkpt>
   <trkpt lat="48.5097890" lon="7.7271470">
    <ele>145.6</ele>
    <time>2024-04-20T19:17:30Z</time>
   </trkpt>
   <trkpt lat="48.5097320" lon="7.7271370">
    <ele>145.7</ele>
    <time>2024-04-20T19:17:31Z</time>
   </trkpt>
   <trkpt lat="48.5096730" lon="7.7271270">
    <ele>145.7</ele>
    <time>2024-04-20T19:17:32Z</time>
   </trkpt>
   <trkpt lat="48.5096130" lon="7.7271140">
    <ele>145.6</ele>
    <time>2024-04-20T19:17:33Z</time>
   </trkpt>
   <trkpt lat="48.5095510" lon="7.7271050">
    <ele>145.6</ele>
    <time>2024-04-20T19:17:34Z</time>
   </trkpt>
   <trkpt lat="48.5094890" lon="7.7271010">
    <ele>145.6</ele>
    <time>2024-04-20T19:17:35Z</time>
   </trkpt>
   <trkpt lat="48.5094290" lon="7.7270960">
    <ele>145.6</ele>
    <time>2024-04-20T19:17:36Z</time>
   </trkpt>
   <trkpt lat="48.5093690" lon="7.7270870">
    <ele>145.6</ele>
    <time>2024-04-20T19:17:37Z</time>
   </trkpt>
   <trkpt lat="48.5093080" lon="7.7270770">
    <ele>145.6</ele>
    <time>2024-04-20T19:17:38Z</time>
   </trkpt>
   <trkpt lat="48.5092470" lon="7.7270650">
    <ele>145.6</ele>
    <time>2024-04-20T19:17:39Z</time>
   </trkpt>
   <trkpt lat="48.5091860" lon="7.7270560">
    <ele>145.6</ele>
    <time>2024-04-20T19:17:40Z</time>
   </trkpt>
   <trkpt lat="48.5091250" lon="7.7270500">
    <ele>145.6</ele>
    <time>2024-04-20T19:17:41Z</time>
   </trkpt>
   <trkpt lat="48.5090640" lon="7.7270430">
    <ele>145.6</ele>
    <time>2024-04-20T19:17:42Z</time>
   </trkpt>
   <trkpt lat="48.5090040" lon="7.7270320">
    <ele>145.5</ele>
    <time>2024-04-20T19:17:43Z</time>
   </trkpt>
   <trkpt lat="48.5089460" lon="7.7270110">
    <ele>145.5</ele>
    <time>2024-04-20T19:17:44Z</time>
   </trkpt>
   <trkpt lat="48.5088840" lon="7.7269850">
    <ele>145.4</ele>
    <time>2024-04-20T19:17:45Z</time>
   </trkpt>
   <trkpt lat="48.5088220" lon="7.7269620">
    <ele>145.4</ele>
    <time>2024-04-20T19:17:46Z</time>
   </trkpt>
   <trkpt lat="48.5087580" lon="7.7269400">
    <ele>145.3</ele>
    <time>2024-04-20T19:17:47Z</time>
   </trkpt>
   <trkpt lat="48.5086910" lon="7.7269260">
    <ele>145.2</ele>
    <time>2024-04-20T19:17:48Z</time>
   </trkpt>
   <trkpt lat="48.5086250" lon="7.7269220">
    <ele>145.2</ele>
    <time>2024-04-20T19:17:49Z</time>
   </trkpt>
   <trkpt lat="48.5085600" lon="7.7269150">
    <ele>145.2</ele>
    <time>2024-04-20T19:17:50Z</time>
   </trkpt>
   <trkpt lat="48.5084960" lon="7.7269110">
    <ele>145.2</ele>
    <time>2024-04-20T19:17:51Z</time>
   </trkpt>
   <trkpt lat="48.5084330" lon="7.7269020">
    <ele>145.1</ele>
    <time>2024-04-20T19:17:52Z</time>
   </trkpt>
   <trkpt lat="48.5083680" lon="7.7268900">
    <ele>145.1</ele>
    <time>2024-04-20T19:17:53Z</time>
   </trkpt>
   <trkpt lat="48.5083050" lon="7.7268800">
    <ele>145.1</ele>
    <time>2024-04-20T19:17:54Z</time>
   </trkpt>
   <trkpt lat="48.5082410" lon="7.7268740">
    <ele>145.0</ele>
    <time>2024-04-20T19:17:55Z</time>
   </trkpt>
   <trkpt lat="48.5081760" lon="7.7268650">
    <ele>145.0</ele>
    <time>2024-04-20T19:17:56Z</time>
   </trkpt>
   <trkpt lat="48.5081120" lon="7.7268590">
    <ele>145.0</ele>
    <time>2024-04-20T19:17:57Z</time>
   </trkpt>
   <trkpt lat="48.5080480" lon="7.7268500">
    <ele>145.0</ele>
    <time>2024-04-20T19:17:58Z</time>
   </trkpt>
   <trkpt lat="48.5079810" lon="7.7268410">
    <ele>145.0</ele>
    <time>2024-04-20T19:17:59Z</time>
   </trkpt>
   <trkpt lat="48.5079160" lon="7.7268290">
    <ele>145.0</ele>
    <time>2024-04-20T19:18:00Z</time>
   </trkpt>
   <trkpt lat="48.5078500" lon="7.7268180">
    <ele>145.0</ele>
    <time>2024-04-20T19:18:01Z</time>
   </trkpt>
   <trkpt lat="48.5077870" lon="7.7268080">
    <ele>145.0</ele>
    <time>2024-04-20T19:18:02Z</time>
   </trkpt>
   <trkpt lat="48.5077210" lon="7.7268050">
    <ele>145.0</ele>
    <time>2024-04-20T19:18:03Z</time>
   </trkpt>
   <trkpt lat="48.5076560" lon="7.7267950">
    <ele>145.0</ele>
    <time>2024-04-20T19:18:04Z</time>
   </trkpt>
   <trkpt lat="48.5075940" lon="7.7267860">
    <ele>145.0</ele>
    <time>2024-04-20T19:18:05Z</time>
   </trkpt>
   <trkpt lat="48.5075320" lon="7.7267770">
    <ele>145.0</ele>
    <time>2024-04-20T19:18:06Z</time>
   </trkpt>
   <trkpt lat="48.5074650" lon="7.7267670">
    <ele>145.0</ele>
    <time>2024-04-20T19:18:07Z</time>
   </trkpt>
   <trkpt lat="48.5074000" lon="7.7267650">
    <ele>145.0</ele>
    <time>2024-04-20T19:18:08Z</time>
   </trkpt>
   <trkpt lat="48.5073340" lon="7.7267570">
    <ele>145.0</ele>
    <time>2024-04-20T19:18:09Z</time>
   </trkpt>
   <trkpt lat="48.5072680" lon="7.7267470">
    <ele>144.9</ele>
    <time>2024-04-20T19:18:10Z</time>
   </trkpt>
   <trkpt lat="48.5072020" lon="7.7267360">
    <ele>144.9</ele>
    <time>2024-04-20T19:18:11Z</time>
   </trkpt>
   <trkpt lat="48.5071380" lon="7.7267240">
    <ele>144.9</ele>
    <time>2024-04-20T19:18:12Z</time>
   </trkpt>
   <trkpt lat="48.5070710" lon="7.7267160">
    <ele>144.9</ele>
    <time>2024-04-20T19:18:13Z</time>
   </trkpt>
   <trkpt lat="48.5070070" lon="7.7267130">
    <ele>144.9</ele>
    <time>2024-04-20T19:18:14Z</time>
   </trkpt>
   <trkpt lat="48.5069400" lon="7.7267060">
    <ele>144.9</ele>
    <time>2024-04-20T19:18:15Z</time>
   </trkpt>
   <trkpt lat="48.5068750" lon="7.7266990">
    <ele>144.9</ele>
    <time>2024-04-20T19:18:16Z</time>
   </trkpt>
   <trkpt lat="48.5068110" lon="7.7266950">
    <ele>144.9</ele>
    <time>2024-04-20T19:18:17Z</time>
   </trkpt>
   <trkpt lat="48.5067480" lon="7.7266890">
    <ele>144.9</ele>
    <time>2024-04-20T19:18:18Z</time>
   </trkpt>
   <trkpt lat="48.5066860" lon="7.7266800">
    <ele>145.0</ele>
    <time>2024-04-20T19:18:19Z</time>
   </trkpt>
   <trkpt lat="48.5066260" lon="7.7266740">
    <ele>145.0</ele>
    <time>2024-04-20T19:18:20Z</time>
   </trkpt>
   <trkpt lat="48.5065650" lon="7.7266660">
    <ele>145.0</ele>
    <time>2024-04-20T19:18:21Z</time>
   </trkpt>
   <trkpt lat="48.5065030" lon="7.7266590">
    <ele>145.1</ele>
    <time>2024-04-20T19:18:22Z</time>
   </trkpt>
   <trkpt lat="48.5064400" lon="7.7266480">
    <ele>145.1</ele>
    <time>2024-04-20T19:18:23Z</time>
   </trkpt>
   <trkpt lat="48.5063770" lon="7.7266390">
    <ele>145.1</ele>
    <time>2024-04-20T19:18:24Z</time>
   </trkpt>
   <trkpt lat="48.5063130" lon="7.7266290">
    <ele>145.1</ele>
    <time>2024-04-20T19:18:25Z</time>
   </trkpt>
   <trkpt lat="48.5062500" lon="7.7266210">
    <ele>145.1</ele>
    <time>2024-04-20T19:18:26Z</time>
   </trkpt>
   <trkpt lat="48.5061860" lon="7.7266000">
    <ele>145.1</ele>
    <time>2024-04-20T19:18:27Z</time>
   </trkpt>
   <trkpt lat="48.5061240" lon="7.7265740">
    <ele>145.1</ele>
    <time>2024-04-20T19:18:28Z</time>
   </trkpt>
   <trkpt lat="48.5060630" lon="7.7265460">
    <ele>145.1</ele>
    <time>2024-04-20T19:18:29Z</time>
   </trkpt>
   <trkpt lat="48.5060000" lon="7.7265260">
    <ele>145.1</ele>
    <time>2024-04-20T19:18:30Z</time>
   </trkpt>
   <trkpt lat="48.5059370" lon="7.7265070">
    <ele>145.1</ele>
    <time>2024-04-20T19:18:31Z</time>
   </trkpt>
   <trkpt lat="48.5058750" lon="7.7264920">
    <ele>145.1</ele>
    <time>2024-04-20T19:18:32Z</time>
   </trkpt>
   <trkpt lat="48.5058140" lon="7.7264830">
    <ele>145.1</ele>
    <time>2024-04-20T19:18:33Z</time>
   </trkpt>
   <trkpt lat="48.5057530" lon="7.7264780">
    <ele>145.1</ele>
    <time>2024-04-20T19:18:34Z</time>
   </trkpt>
   <trkpt lat="48.5056910" lon="7.7264710">
    <ele>145.1</ele>
    <time>2024-04-20T19:18:35Z</time>
   </trkpt>
   <trkpt lat="48.5056310" lon="7.7264640">
    <ele>145.1</ele>
    <time>2024-04-20T19:18:36Z</time>
   </trkpt>
   <trkpt lat="48.5055670" lon="7.7264570">
    <ele>145.1</ele>
    <time>2024-04-20T19:18:37Z</time>
   </trkpt>
   <trkpt lat="48.5055030" lon="7.7264470">
    <ele>145.0</ele>
    <time>2024-04-20T19:18:38Z</time>
   </trkpt>
   <trkpt lat="48.5054390" lon="7.7264400">
    <ele>145.0</ele>
    <time>2024-04-20T19:18:39Z</time>
   </trkpt>
   <trkpt lat="48.5053790" lon="7.7264320">
    <ele>145.0</ele>
    <time>2024-04-20T19:18:40Z</time>
   </trkpt>
   <trkpt lat="48.5053170" lon="7.7264220">
    <ele>145.0</ele>
    <time>2024-04-20T19:18:41Z</time>
   </trkpt>
   <trkpt lat="48.5052570" lon="7.7264170">
    <ele>145.0</ele>
    <time>2024-04-20T19:18:42Z</time>
   </trkpt>
   <trkpt lat="48.5051960" lon="7.7264040">
    <ele>145.1</ele>
    <time>2024-04-20T19:18:43Z</time>
   </trkpt>
   <trkpt lat="48.5051360" lon="7.7263980">
    <ele>145.1</ele>
    <time>2024-04-20T19:18:44Z</time>
   </trkpt>
   <trkpt lat="48.5050740" lon="7.7263860">
    <ele>145.1</ele>
    <time>2024-04-20T19:18:45Z</time>
   </trkpt>
   <trkpt lat="48.5050110" lon="7.7263750">
    <ele>145.1</ele>
    <time>2024-04-20T19:18:46Z</time>
   </trkpt>
   <trkpt lat="48.5049490" lon="7.7263580">
    <ele>145.2</ele>
    <time>2024-04-20T19:18:47Z</time>
   </trkpt>
   <trkpt lat="48.5048870" lon="7.7263470">
    <ele>145.2</ele>
    <time>2024-04-20T19:18:48Z</time>
   </trkpt>
   <trkpt lat="48.5048290" lon="7.7263380">
    <ele>145.2</ele>
    <time>2024-04-20T19:18:49Z</time>
   </trkpt>
   <trkpt lat="48.5047710" lon="7.7263300">
    <ele>145.3</ele>
    <time>2024-04-20T19:18:50Z</time>
   </trkpt>
   <trkpt lat="48.5047120" lon="7.7263200">
    <ele>145.3</ele>
    <time>2024-04-20T19:18:51Z</time>
   </trkpt>
   <trkpt lat="48.5046510" lon="7.7263150">
    <ele>145.4</ele>
    <time>2024-04-20T19:18:52Z</time>
   </trkpt>
   <trkpt lat="48.5045920" lon="7.7263150">
    <ele>145.4</ele>
    <time>2024-04-20T19:18:53Z</time>
   </trkpt>
   <trkpt lat="48.5045360" lon="7.7263160">
    <ele>145.5</ele>
    <time>2024-04-20T19:18:54Z</time>
   </trkpt>
   <trkpt lat="48.5044780" lon="7.7263130">
    <ele>145.6</ele>
    <time>2024-04-20T19:18:55Z</time>
   </trkpt>
   <trkpt lat="48.5044200" lon="7.7263160">
    <ele>145.6</ele>
    <time>2024-04-20T19:18:56Z</time>
   </trkpt>
   <trkpt lat="48.5043630" lon="7.7263310">
    <ele>145.7</ele>
    <time>2024-04-20T19:18:57Z</time>
   </trkpt>
   <trkpt lat="48.5043060" lon="7.7263450">
    <ele>145.7</ele>
    <time>2024-04-20T19:18:58Z</time>
   </trkpt>
   <trkpt lat="48.5042490" lon="7.7263610">
    <ele>145.7</ele>
    <time>2024-04-20T19:18:59Z</time>
   </trkpt>
   <trkpt lat="48.5041910" lon="7.7263620">
    <ele>145.8</ele>
    <time>2024-04-20T19:19:00Z</time>
   </trkpt>
   <trkpt lat="48.5041330" lon="7.7263510">
    <ele>145.8</ele>
    <time>2024-04-20T19:19:01Z</time>
   </trkpt>
   <trkpt lat="48.5040750" lon="7.7263380">
    <ele>145.8</ele>
    <time>2024-04-20T19:19:02Z</time>
   </trkpt>
   <trkpt lat="48.5040170" lon="7.7263260">
    <ele>145.8</ele>
    <time>2024-04-20T19:19:03Z</time>
   </trkpt>
   <trkpt lat="48.5039570" lon="7.7263190">
    <ele>145.8</ele>
    <time>2024-04-20T19:19:04Z</time>
   </trkpt>
   <trkpt lat="48.5038980" lon="7.7263200">
    <ele>145.8</ele>
    <time>2024-04-20T19:19:05Z</time>
   </trkpt>
   <trkpt lat="48.5038370" lon="7.7263180">
    <ele>145.8</ele>
    <time>2024-04-20T19:19:06Z</time>
   </trkpt>
   <trkpt lat="48.5037760" lon="7.7263100">
    <ele>145.8</ele>
    <time>2024-04-20T19:19:07Z</time>
   </trkpt>
   <trkpt lat="48.5037150" lon="7.7263020">
    <ele>145.8</ele>
    <time>2024-04-20T19:19:08Z</time>
   </trkpt>
   <trkpt lat="48.5036560" lon="7.7262940">
    <ele>145.8</ele>
    <time>2024-04-20T19:19:09Z</time>
   </trkpt>
   <trkpt lat="48.5035980" lon="7.7262820">
    <ele>145.8</ele>
    <time>2024-04-20T19:19:10Z</time>
   </trkpt>
   <trkpt lat="48.5035400" lon="7.7262740">
    <ele>145.8</ele>
    <time>2024-04-20T19:19:11Z</time>
   </trkpt>
   <trkpt lat="48.5034790" lon="7.7262680">
    <ele>145.9</ele>
    <time>2024-04-20T19:19:12Z</time>
   </trkpt>
   <trkpt lat="48.5034210" lon="7.7262580">
    <ele>145.9</ele>
    <time>2024-04-20T19:19:13Z</time>
   </trkpt>
   <trkpt lat="48.5033630" lon="7.7262480">
    <ele>145.9</ele>
    <time>2024-04-20T19:19:14Z</time>
   </trkpt>
   <trkpt lat="48.5033040" lon="7.7262400">
    <ele>145.9</ele>
    <time>2024-04-20T19:19:15Z</time>
   </trkpt>
   <trkpt lat="48.5032430" lon="7.7262390">
    <ele>145.9</ele>
    <time>2024-04-20T19:19:16Z</time>
   </trkpt>
   <trkpt lat="48.5031840" lon="7.7262370">
    <ele>145.9</ele>
    <time>2024-04-20T19:19:17Z</time>
   </trkpt>
   <trkpt lat="48.5031250" lon="7.7262320">
    <ele>145.9</ele>
    <time>2024-04-20T19:19:18Z</time>
   </trkpt>
   <trkpt lat="48.5030660" lon="7.7262170">
    <ele>145.9</ele>
    <time>2024-04-20T19:19:19Z</time>
   </trkpt>
   <trkpt lat="48.5030080" lon="7.7262070">
    <ele>145.9</ele>
    <time>2024-04-20T19:19:20Z</time>
   </trkpt>
   <trkpt lat="48.5029490" lon="7.7261960">
    <ele>145.9</ele>
    <time>2024-04-20T19:19:21Z</time>
   </trkpt>
   <trkpt lat="48.5028890" lon="7.7261920">
    <ele>145.8</ele>
    <time>2024-04-20T19:19:22Z</time>
   </trkpt>
   <trkpt lat="48.5028290" lon="7.7261880">
    <ele>145.8</ele>
    <time>2024-04-20T19:19:23Z</time>
   </trkpt>
   <trkpt lat="48.5027690" lon="7.7261790">
    <ele>145.8</ele>
    <time>2024-04-20T19:19:24Z</time>
   </trkpt>
   <trkpt lat="48.5027080" lon="7.7261710">
    <ele>145.7</ele>
    <time>2024-04-20T19:19:25Z</time>
   </trkpt>
   <trkpt lat="48.5026480" lon="7.7261620">
    <ele>145.7</ele>
    <time>2024-04-20T19:19:26Z</time>
   </trkpt>
   <trkpt lat="48.5025880" lon="7.7261540">
    <ele>145.7</ele>
    <time>2024-04-20T19:19:27Z</time>
   </trkpt>
   <trkpt lat="48.5025260" lon="7.7261470">
    <ele>145.7</ele>
    <time>2024-04-20T19:19:28Z</time>
   </trkpt>
   <trkpt lat="48.5024650" lon="7.7261440">
    <ele>145.7</ele>
    <time>2024-04-20T19:19:29Z</time>
   </trkpt>
   <trkpt lat="48.5024050" lon="7.7261570">
    <ele>145.7</ele>
    <time>2024-04-20T19:19:30Z</time>
   </trkpt>
   <trkpt lat="48.5023430" lon="7.7261740">
    <ele>145.8</ele>
    <time>2024-04-20T19:19:31Z</time>
   </trkpt>
   <trkpt lat="48.5022820" lon="7.7261810">
    <ele>145.8</ele>
    <time>2024-04-20T19:19:32Z</time>
   </trkpt>
   <trkpt lat="48.5022210" lon="7.7261810">
    <ele>145.8</ele>
    <time>2024-04-20T19:19:33Z</time>
   </trkpt>
   <trkpt lat="48.5021600" lon="7.7261740">
    <ele>145.8</ele>
    <time>2024-04-20T19:19:34Z</time>
   </trkpt>
   <trkpt lat="48.5020960" lon="7.7261670">
    <ele>145.9</ele>
    <time>2024-04-20T19:19:35Z</time>
   </trkpt>
   <trkpt lat="48.5020350" lon="7.7261520">
    <ele>145.9</ele>
    <time>2024-04-20T19:19:36Z</time>
   </trkpt>
   <trkpt lat="48.5019740" lon="7.7261430">
    <ele>145.9</ele>
    <time>2024-04-20T19:19:37Z</time>
   </trkpt>
   <trkpt lat="48.5019130" lon="7.7261370">
    <ele>145.9</ele>
    <time>2024-04-20T19:19:38Z</time>
   </trkpt>
   <trkpt lat="48.5018520" lon="7.7261300">
    <ele>145.9</ele>
    <time>2024-04-20T19:19:39Z</time>
   </trkpt>
   <trkpt lat="48.5017930" lon="7.7261220">
    <ele>146.0</ele>
    <time>2024-04-20T19:19:40Z</time>
   </trkpt>
   <trkpt lat="48.5017330" lon="7.7261080">
    <ele>146.0</ele>
    <time>2024-04-20T19:19:41Z</time>
   </trkpt>
   <trkpt lat="48.5016740" lon="7.7260960">
    <ele>145.9</ele>
    <time>2024-04-20T19:19:42Z</time>
   </trkpt>
   <trkpt lat="48.5016050" lon="7.7260840">
    <ele>145.9</ele>
    <time>2024-04-20T19:19:43Z</time>
   </trkpt>
   <trkpt lat="48.5015480" lon="7.7260560">
    <ele>145.8</ele>
    <time>2024-04-20T19:19:44Z</time>
   </trkpt>
   <trkpt lat="48.5014870" lon="7.7260320">
    <ele>145.6</ele>
    <time>2024-04-20T19:19:45Z</time>
   </trkpt>
   <trkpt lat="48.5014260" lon="7.7260090">
    <ele>145.5</ele>
    <time>2024-04-20T19:19:46Z</time>
   </trkpt>
   <trkpt lat="48.5013630" lon="7.7259850">
    <ele>145.4</ele>
    <time>2024-04-20T19:19:47Z</time>
   </trkpt>
   <trkpt lat="48.5012940" lon="7.7259700">
    <ele>145.3</ele>
    <time>2024-04-20T19:19:48Z</time>
   </trkpt>
   <trkpt lat="48.5012220" lon="7.7259660">
    <ele>145.2</ele>
    <time>2024-04-20T19:19:49Z</time>
   </trkpt>
   <trkpt lat="48.5011530" lon="7.7259600">
    <ele>145.1</ele>
    <time>2024-04-20T19:19:50Z</time>
   </trkpt>
   <trkpt lat="48.5010840" lon="7.7259560">
    <ele>145.1</ele>
    <time>2024-04-20T19:19:51Z</time>
   </trkpt>
   <trkpt lat="48.5010150" lon="7.7259490">
    <ele>145.1</ele>
    <time>2024-04-20T19:19:52Z</time>
   </trkpt>
   <trkpt lat="48.5009470" lon="7.7259390">
    <ele>145.1</ele>
    <time>2024-04-20T19:19:53Z</time>
   </trkpt>
   <trkpt lat="48.5008800" lon="7.7259320">
    <ele>145.1</ele>
    <time>2024-04-20T19:19:54Z</time>
   </trkpt>
   <trkpt lat="48.5008130" lon="7.7259240">
    <ele>145.1</ele>
    <time>2024-04-20T19:19:55Z</time>
   </trkpt>
   <trkpt lat="48.5007470" lon="7.7259120">
    <ele>145.1</ele>
    <time>2024-04-20T19:19:56Z</time>
   </trkpt>
   <trkpt lat="48.5006820" lon="7.7259020">
    <ele>145.2</ele>
    <time>2024-04-20T19:19:57Z</time>
   </trkpt>
   <trkpt lat="48.5006170" lon="7.7258950">
    <ele>145.2</ele>
    <time>2024-04-20T19:19:58Z</time>
   </trkpt>
   <trkpt lat="48.5005530" lon="7.7258860">
    <ele>145.2</ele>
    <time>2024-04-20T19:19:59Z</time>
   </trkpt>
   <trkpt lat="48.5004890" lon="7.7258770">
    <ele>145.3</ele>
    <time>2024-04-20T19:20:00Z</time>
   </trkpt>
   <trkpt lat="48.5004260" lon="7.7258710">
    <ele>145.3</ele>
    <time>2024-04-20T19:20:01Z</time>
   </trkpt>
   <trkpt lat="48.5003630" lon="7.7258620">
    <ele>145.3</ele>
    <time>2024-04-20T19:20:02Z</time>
   </trkpt>
   <trkpt lat="48.5003010" lon="7.7258530">
    <ele>145.3</ele>
    <time>2024-04-20T19:20:03Z</time>
   </trkpt>
   <trkpt lat="48.5002390" lon="7.7258420">
    <ele>145.3</ele>
    <time>2024-04-20T19:20:04Z</time>
   </trkpt>
   <trkpt lat="48.5001770" lon="7.7258350">
    <ele>145.3</ele>
    <time>2024-04-20T19:20:05Z</time>
   </trkpt>
   <trkpt lat="48.5001140" lon="7.7258260">
    <ele>145.3</ele>
    <time>2024-04-20T19:20:06Z</time>
   </trkpt>
   <trkpt lat="48.5000540" lon="7.7258200">
    <ele>145.3</ele>
    <time>2024-04-20T19:20:07Z</time>
   </trkpt>
   <trkpt lat="48.4999950" lon="7.7258130">
    <ele>145.3</ele>
    <time>2024-04-20T19:20:08Z</time>
   </trkpt>
   <trkpt lat="48.4999340" lon="7.7258050">
    <ele>145.3</ele>
    <time>2024-04-20T19:20:09Z</time>
   </trkpt>
   <trkpt lat="48.4998730" lon="7.7257980">
    <ele>145.3</ele>
    <time>2024-04-20T19:20:10Z</time>
   </trkpt>
   <trkpt lat="48.4998120" lon="7.7257940">
    <ele>145.3</ele>
    <time>2024-04-20T19:20:11Z</time>
   </trkpt>
   <trkpt lat="48.4997520" lon="7.7257840">
    <ele>145.3</ele>
    <time>2024-04-20T19:20:12Z</time>
   </trkpt>
   <trkpt lat="48.4996900" lon="7.7257760">
    <ele>145.3</ele>
    <time>2024-04-20T19:20:13Z</time>
   </trkpt>
   <trkpt lat="48.4996270" lon="7.7257650">
    <ele>145.3</ele>
    <time>2024-04-20T19:20:14Z</time>
   </trkpt>
   <trkpt lat="48.4995650" lon="7.7257560">
    <ele>145.3</ele>
    <time>2024-04-20T19:20:15Z</time>
   </trkpt>
   <trkpt lat="48.4995030" lon="7.7257440">
    <ele>145.3</ele>
    <time>2024-04-20T19:20:16Z</time>
   </trkpt>
   <trkpt lat="48.4994420" lon="7.7257340">
    <ele>145.3</ele>
    <time>2024-04-20T19:20:17Z</time>
   </trkpt>
   <trkpt lat="48.4993830" lon="7.7257250">
    <ele>145.4</ele>
    <time>2024-04-20T19:20:18Z</time>
   </trkpt>
   <trkpt lat="48.4993240" lon="7.7257170">
    <ele>145.4</ele>
    <time>2024-04-20T19:20:19Z</time>
   </trkpt>
   <trkpt lat="48.4992650" lon="7.7257100">
    <ele>145.4</ele>
    <time>2024-04-20T19:20:20Z</time>
   </trkpt>
   <trkpt lat="48.4992040" lon="7.7257020">
    <ele>145.4</ele>
    <time>2024-04-20T19:20:21Z</time>
   </trkpt>
   <trkpt lat="48.4991430" lon="7.7256950">
    <ele>145.4</ele>
    <time>2024-04-20T19:20:22Z</time>
   </trkpt>
   <trkpt lat="48.4990820" lon="7.7256880">
    <ele>145.5</ele>
    <time>2024-04-20T19:20:23Z</time>
   </trkpt>
   <trkpt lat="48.4990210" lon="7.7256790">
    <ele>145.5</ele>
    <time>2024-04-20T19:20:24Z</time>
   </trkpt>
   <trkpt lat="48.4989600" lon="7.7256680">
    <ele>145.5</ele>
    <time>2024-04-20T19:20:25Z</time>
   </trkpt>
   <trkpt lat="48.4988960" lon="7.7256630">
    <ele>145.5</ele>
    <time>2024-04-20T19:20:26Z</time>
   </trkpt>
   <trkpt lat="48.4988370" lon="7.7256550">
    <ele>145.5</ele>
    <time>2024-04-20T19:20:27Z</time>
   </trkpt>
   <trkpt lat="48.4987750" lon="7.7256520">
    <ele>145.4</ele>
    <time>2024-04-20T19:20:28Z</time>
   </trkpt>
   <trkpt lat="48.4987140" lon="7.7256400">
    <ele>145.4</ele>
    <time>2024-04-20T19:20:29Z</time>
   </trkpt>
   <trkpt lat="48.4986570" lon="7.7256310">
    <ele>145.4</ele>
    <time>2024-04-20T19:20:30Z</time>
   </trkpt>
   <trkpt lat="48.4985970" lon="7.7256260">
    <ele>145.4</ele>
    <time>2024-04-20T19:20:31Z</time>
   </trkpt>
   <trkpt lat="48.4985370" lon="7.7256190">
    <ele>145.3</ele>
    <time>2024-04-20T19:20:32Z</time>
   </trkpt>
   <trkpt lat="48.4984740" lon="7.7256140">
    <ele>145.3</ele>
    <time>2024-04-20T19:20:33Z</time>
   </trkpt>
   <trkpt lat="48.4984110" lon="7.7256030">
    <ele>145.3</ele>
    <time>2024-04-20T19:20:34Z</time>
   </trkpt>
   <trkpt lat="48.4983490" lon="7.7255940">
    <ele>145.3</ele>
    <time>2024-04-20T19:20:35Z</time>
   </trkpt>
   <trkpt lat="48.4982880" lon="7.7255940">
    <ele>145.3</ele>
    <time>2024-04-20T19:20:36Z</time>
   </trkpt>
   <trkpt lat="48.4982250" lon="7.7255860">
    <ele>145.3</ele>
    <time>2024-04-20T19:20:37Z</time>
   </trkpt>
   <trkpt lat="48.4981630" lon="7.7255760">
    <ele>145.3</ele>
    <time>2024-04-20T19:20:38Z</time>
   </trkpt>
   <trkpt lat="48.4981020" lon="7.7255690">
    <ele>145.3</ele>
    <time>2024-04-20T19:20:39Z</time>
   </trkpt>
   <trkpt lat="48.4980400" lon="7.7255600">
    <ele>145.4</ele>
    <time>2024-04-20T19:20:40Z</time>
   </trkpt>
   <trkpt lat="48.4979810" lon="7.7255500">
    <ele>145.4</ele>
    <time>2024-04-20T19:20:41Z</time>
   </trkpt>
   <trkpt lat="48.4979220" lon="7.7255390">
    <ele>145.4</ele>
    <time>2024-04-20T19:20:42Z</time>
   </trkpt>
   <trkpt lat="48.4978630" lon="7.7255310">
    <ele>145.5</ele>
    <time>2024-04-20T19:20:43Z</time>
   </trkpt>
   <trkpt lat="48.4978030" lon="7.7255230">
    <ele>145.5</ele>
    <time>2024-04-20T19:20:44Z</time>
   </trkpt>
   <trkpt lat="48.4977440" lon="7.7255170">
    <ele>145.5</ele>
    <time>2024-04-20T19:20:45Z</time>
   </trkpt>
   <trkpt lat="48.4976850" lon="7.7255080">
    <ele>145.5</ele>
    <time>2024-04-20T19:20:46Z</time>
   </trkpt>
   <trkpt lat="48.4976260" lon="7.7255010">
    <ele>145.6</ele>
    <time>2024-04-20T19:20:47Z</time>
   </trkpt>
   <trkpt lat="48.4975650" lon="7.7254910">
    <ele>145.6</ele>
    <time>2024-04-20T19:20:48Z</time>
   </trkpt>
   <trkpt lat="48.4975040" lon="7.7254860">
    <ele>145.6</ele>
    <time>2024-04-20T19:20:49Z</time>
   </trkpt>
   <trkpt lat="48.4974450" lon="7.7254760">
    <ele>145.6</ele>
    <time>2024-04-20T19:20:50Z</time>
   </trkpt>
   <trkpt lat="48.4973890" lon="7.7254640">
    <ele>145.6</ele>
    <time>2024-04-20T19:20:51Z</time>
   </trkpt>
   <trkpt lat="48.4973310" lon="7.7254580">
    <ele>145.6</ele>
    <time>2024-04-20T19:20:52Z</time>
   </trkpt>
   <trkpt lat="48.4972730" lon="7.7254500">
    <ele>145.6</ele>
    <time>2024-04-20T19:20:53Z</time>
   </trkpt>
   <trkpt lat="48.4972140" lon="7.7254410">
    <ele>145.6</ele>
    <time>2024-04-20T19:20:54Z</time>
   </trkpt>
   <trkpt lat="48.4971550" lon="7.7254320">
    <ele>145.6</ele>
    <time>2024-04-20T19:20:55Z</time>
   </trkpt>
   <trkpt lat="48.4970960" lon="7.7254220">
    <ele>145.6</ele>
    <time>2024-04-20T19:20:56Z</time>
   </trkpt>
   <trkpt lat="48.4970380" lon="7.7254130">
    <ele>145.6</ele>
    <time>2024-04-20T19:20:57Z</time>
   </trkpt>
   <trkpt lat="48.4969800" lon="7.7254040">
    <ele>145.6</ele>
    <time>2024-04-20T19:20:58Z</time>
   </trkpt>
   <trkpt lat="48.4969190" lon="7.7254020">
    <ele>145.6</ele>
    <time>2024-04-20T19:20:59Z</time>
   </trkpt>
   <trkpt lat="48.4968590" lon="7.7253960">
    <ele>145.7</ele>
    <time>2024-04-20T19:21:00Z</time>
   </trkpt>
   <trkpt lat="48.4967980" lon="7.7253900">
    <ele>145.7</ele>
    <time>2024-04-20T19:21:01Z</time>
   </trkpt>
   <trkpt lat="48.4967390" lon="7.7253830">
    <ele>145.7</ele>
    <time>2024-04-20T19:21:02Z</time>
   </trkpt>
   <trkpt lat="48.4966810" lon="7.7253730">
    <ele>145.7</ele>
    <time>2024-04-20T19:21:03Z</time>
   </trkpt>
   <trkpt lat="48.4966220" lon="7.7253700">
    <ele>145.7</ele>
    <time>2024-04-20T19:21:04Z</time>
   </trkpt>
   <trkpt lat="48.4965610" lon="7.7253570">
    <ele>145.7</ele>
    <time>2024-04-20T19:21:05Z</time>
   </trkpt>
   <trkpt lat="48.4965000" lon="7.7253460">
    <ele>145.7</ele>
    <time>2024-04-20T19:21:06Z</time>
   </trkpt>
   <trkpt lat="48.4964400" lon="7.7253360">
    <ele>145.8</ele>
    <time>2024-04-20T19:21:07Z</time>
   </trkpt>
   <trkpt lat="48.4963820" lon="7.7253290">
    <ele>145.8</ele>
    <time>2024-04-20T19:21:08Z</time>
   </trkpt>
   <trkpt lat="48.4963230" lon="7.7253210">
    <ele>145.8</ele>
    <time>2024-04-20T19:21:09Z</time>
   </trkpt>
   <trkpt lat="48.4962640" lon="7.7253170">
    <ele>145.8</ele>
    <time>2024-04-20T19:21:10Z</time>
   </trkpt>
   <trkpt lat="48.4962040" lon="7.7253130">
    <ele>145.8</ele>
    <time>2024-04-20T19:21:11Z</time>
   </trkpt>
   <trkpt lat="48.4961460" lon="7.7253070">
    <ele>145.8</ele>
    <time>2024-04-20T19:21:12Z</time>
   </trkpt>
   <trkpt lat="48.4960890" lon="7.7252980">
    <ele>145.8</ele>
    <time>2024-04-20T19:21:13Z</time>
   </trkpt>
   <trkpt lat="48.4960310" lon="7.7252900">
    <ele>145.8</ele>
    <time>2024-04-20T19:21:14Z</time>
   </trkpt>
   <trkpt lat="48.4959720" lon="7.7252890">
    <ele>145.9</ele>
    <time>2024-04-20T19:21:15Z</time>
   </trkpt>
   <trkpt lat="48.4959120" lon="7.7252830">
    <ele>145.9</ele>
    <time>2024-04-20T19:21:16Z</time>
   </trkpt>
   <trkpt lat="48.4958540" lon="7.7252730">
    <ele>145.9</ele>
    <time>2024-04-20T19:21:17Z</time>
   </trkpt>
   <trkpt lat="48.4957950" lon="7.7252610">
    <ele>145.9</ele>
    <time>2024-04-20T19:21:18Z</time>
   </trkpt>
   <trkpt lat="48.4957350" lon="7.7252490">
    <ele>145.9</ele>
    <time>2024-04-20T19:21:19Z</time>
   </trkpt>
   <trkpt lat="48.4956750" lon="7.7252420">
    <ele>145.8</ele>
    <time>2024-04-20T19:21:20Z</time>
   </trkpt>
   <trkpt lat="48.4956140" lon="7.7252360">
    <ele>145.8</ele>
    <time>2024-04-20T19:21:21Z</time>
   </trkpt>
   <trkpt lat="48.4955530" lon="7.7252280">
    <ele>145.7</ele>
    <time>2024-04-20T19:21:22Z</time>
   </trkpt>
   <trkpt lat="48.4954900" lon="7.7252240">
    <ele>145.7</ele>
    <time>2024-04-20T19:21:23Z</time>
   </trkpt>
   <trkpt lat="48.4954280" lon="7.7252170">
    <ele>145.6</ele>
    <time>2024-04-20T19:21:24Z</time>
   </trkpt>
   <trkpt lat="48.4953640" lon="7.7252120">
    <ele>145.5</ele>
    <time>2024-04-20T19:21:25Z</time>
   </trkpt>
   <trkpt lat="48.4953000" lon="7.7252020">
    <ele>145.5</ele>
    <time>2024-04-20T19:21:26Z</time>
   </trkpt>
   <trkpt lat="48.4952360" lon="7.7251900">
    <ele>145.4</ele>
    <time>2024-04-20T19:21:27Z</time>
   </trkpt>
   <trkpt lat="48.4951720" lon="7.7251800">
    <ele>145.4</ele>
    <time>2024-04-20T19:21:28Z</time>
   </trkpt>
   <trkpt lat="48.4951080" lon="7.7251690">
    <ele>145.3</ele>
    <time>2024-04-20T19:21:29Z</time>
   </trkpt>
   <trkpt lat="48.4950450" lon="7.7251610">
    <ele>145.3</ele>
    <time>2024-04-20T19:21:30Z</time>
   </trkpt>
   <trkpt lat="48.4949820" lon="7.7251520">
    <ele>145.2</ele>
    <time>2024-04-20T19:21:31Z</time>
   </trkpt>
   <trkpt lat="48.4949190" lon="7.7251500">
    <ele>145.2</ele>
    <time>2024-04-20T19:21:32Z</time>
   </trkpt>
   <trkpt lat="48.4948590" lon="7.7251440">
    <ele>145.2</ele>
    <time>2024-04-20T19:21:33Z</time>
   </trkpt>
   <trkpt lat="48.4948000" lon="7.7251370">
    <ele>145.2</ele>
    <time>2024-04-20T19:21:34Z</time>
   </trkpt>
   <trkpt lat="48.4947390" lon="7.7251260">
    <ele>145.2</ele>
    <time>2024-04-20T19:21:35Z</time>
   </trkpt>
   <trkpt lat="48.4946760" lon="7.7251180">
    <ele>145.2</ele>
    <time>2024-04-20T19:21:36Z</time>
   </trkpt>
   <trkpt lat="48.4946120" lon="7.7251130">
    <ele>145.2</ele>
    <time>2024-04-20T19:21:37Z</time>
   </trkpt>
   <trkpt lat="48.4945490" lon="7.7251050">
    <ele>145.2</ele>
    <time>2024-04-20T19:21:38Z</time>
   </trkpt>
   <trkpt lat="48.4944860" lon="7.7250990">
    <ele>145.2</ele>
    <time>2024-04-20T19:21:39Z</time>
   </trkpt>
   <trkpt lat="48.4944230" lon="7.7250950">
    <ele>145.2</ele>
    <time>2024-04-20T19:21:40Z</time>
   </trkpt>
   <trkpt lat="48.4943620" lon="7.7250910">
    <ele>145.2</ele>
    <time>2024-04-20T19:21:41Z</time>
   </trkpt>
   <trkpt lat="48.4943000" lon="7.7250760">
    <ele>145.2</ele>
    <time>2024-04-20T19:21:42Z</time>
   </trkpt>
   <trkpt lat="48.4942350" lon="7.7250650">
    <ele>145.2</ele>
    <time>2024-04-20T19:21:43Z</time>
   </trkpt>
   <trkpt lat="48.4941740" lon="7.7250600">
    <ele>145.3</ele>
    <time>2024-04-20T19:21:44Z</time>
   </trkpt>
   <trkpt lat="48.4941120" lon="7.7250500">
    <ele>145.3</ele>
    <time>2024-04-20T19:21:45Z</time>
   </trkpt>
   <trkpt lat="48.4940500" lon="7.7250400">
    <ele>145.3</ele>
    <time>2024-04-20T19:21:46Z</time>
   </trkpt>
   <trkpt lat="48.4939910" lon="7.7250310">
    <ele>145.4</ele>
    <time>2024-04-20T19:21:47Z</time>
   </trkpt>
   <trkpt lat="48.4939340" lon="7.7250260">
    <ele>145.4</ele>
    <time>2024-04-20T19:21:48Z</time>
   </trkpt>
   <trkpt lat="48.4938760" lon="7.7250190">
    <ele>145.4</ele>
    <time>2024-04-20T19:21:49Z</time>
   </trkpt>
   <trkpt lat="48.4938170" lon="7.7250120">
    <ele>145.4</ele>
    <time>2024-04-20T19:21:50Z</time>
   </trkpt>
   <trkpt lat="48.4937590" lon="7.7250080">
    <ele>145.5</ele>
    <time>2024-04-20T19:21:51Z</time>
   </trkpt>
   <trkpt lat="48.4937020" lon="7.7249950">
    <ele>145.5</ele>
    <time>2024-04-20T19:21:52Z</time>
   </trkpt>
   <trkpt lat="48.4936450" lon="7.7249810">
    <ele>145.5</ele>
    <time>2024-04-20T19:21:53Z</time>
   </trkpt>
   <trkpt lat="48.4935860" lon="7.7249740">
    <ele>145.5</ele>
    <time>2024-04-20T19:21:54Z</time>
   </trkpt>
   <trkpt lat="48.4935270" lon="7.7249660">
    <ele>145.4</ele>
    <time>2024-04-20T19:21:55Z</time>
   </trkpt>
   <trkpt lat="48.4934660" lon="7.7249570">
    <ele>145.4</ele>
    <time>2024-04-20T19:21:56Z</time>
   </trkpt>
   <trkpt lat="48.4934040" lon="7.7249380">
    <ele>145.4</ele>
    <time>2024-04-20T19:21:57Z</time>
   </trkpt>
   <trkpt lat="48.4933460" lon="7.7249340">
    <ele>145.4</ele>
    <time>2024-04-20T19:21:58Z</time>
   </trkpt>
   <trkpt lat="48.4932850" lon="7.7249250">
    <ele>145.4</ele>
    <time>2024-04-20T19:21:59Z</time>
   </trkpt>
   <trkpt lat="48.4932240" lon="7.7249110">
    <ele>145.5</ele>
    <time>2024-04-20T19:22:00Z</time>
   </trkpt>
   <trkpt lat="48.4931630" lon="7.7249030">
    <ele>145.5</ele>
    <time>2024-04-20T19:22:01Z</time>
   </trkpt>
   <trkpt lat="48.4931020" lon="7.7248950">
    <ele>145.5</ele>
    <time>2024-04-20T19:22:02Z</time>
   </trkpt>
   <trkpt lat="48.4930420" lon="7.7248820">
    <ele>145.5</ele>
    <time>2024-04-20T19:22:03Z</time>
   </trkpt>
   <trkpt lat="48.4929810" lon="7.7248720">
    <ele>145.5</ele>
    <time>2024-04-20T19:22:04Z</time>
   </trkpt>
   <trkpt lat="48.4929220" lon="7.7248670">
    <ele>145.5</ele>
    <time>2024-04-20T19:22:05Z</time>
   </trkpt>
   <trkpt lat="48.4928630" lon="7.7248580">
    <ele>145.5</ele>
    <time>2024-04-20T19:22:06Z</time>
   </trkpt>
   <trkpt lat="48.4928020" lon="7.7248510">
    <ele>145.6</ele>
    <time>2024-04-20T19:22:07Z</time>
   </trkpt>
   <trkpt lat="48.4927430" lon="7.7248380">
    <ele>145.6</ele>
    <time>2024-04-20T19:22:08Z</time>
   </trkpt>
   <trkpt lat="48.4926840" lon="7.7248300">
    <ele>145.6</ele>
    <time>2024-04-20T19:22:09Z</time>
   </trkpt>
   <trkpt lat="48.4926240" lon="7.7248250">
    <ele>145.6</ele>
    <time>2024-04-20T19:22:10Z</time>
   </trkpt>
   <trkpt lat="48.4925650" lon="7.7248170">
    <ele>145.6</ele>
    <time>2024-04-20T19:22:11Z</time>
   </trkpt>
   <trkpt lat="48.4925030" lon="7.7248060">
    <ele>145.6</ele>
    <time>2024-04-20T19:22:12Z</time>
   </trkpt>
   <trkpt lat="48.4924430" lon="7.7247880">
    <ele>145.6</ele>
    <time>2024-04-20T19:22:13Z</time>
   </trkpt>
   <trkpt lat="48.4923840" lon="7.7247700">
    <ele>145.6</ele>
    <time>2024-04-20T19:22:14Z</time>
   </trkpt>
   <trkpt lat="48.4923240" lon="7.7247520">
    <ele>145.6</ele>
    <time>2024-04-20T19:22:15Z</time>
   </trkpt>
   <trkpt lat="48.4922650" lon="7.7247380">
    <ele>145.7</ele>
    <time>2024-04-20T19:22:16Z</time>
   </trkpt>
   <trkpt lat="48.4922050" lon="7.7247200">
    <ele>145.7</ele>
    <time>2024-04-20T19:22:17Z</time>
   </trkpt>
   <trkpt lat="48.4921470" lon="7.7247040">
    <ele>145.6</ele>
    <time>2024-04-20T19:22:18Z</time>
   </trkpt>
   <trkpt lat="48.4920910" lon="7.7246870">
    <ele>145.6</ele>
    <time>2024-04-20T19:22:19Z</time>
   </trkpt>
   <trkpt lat="48.4920330" lon="7.7246700">
    <ele>145.6</ele>
    <time>2024-04-20T19:22:20Z</time>
   </trkpt>
   <trkpt lat="48.4919730" lon="7.7246500">
    <ele>145.6</ele>
    <time>2024-04-20T19:22:21Z</time>
   </trkpt>
   <trkpt lat="48.4919150" lon="7.7246300">
    <ele>145.6</ele>
    <time>2024-04-20T19:22:22Z</time>
   </trkpt>
   <trkpt lat="48.4918580" lon="7.7246090">
    <ele>145.6</ele>
    <time>2024-04-20T19:22:23Z</time>
   </trkpt>
   <trkpt lat="48.4917990" lon="7.7245870">
    <ele>145.6</ele>
    <time>2024-04-20T19:22:24Z</time>
   </trkpt>
   <trkpt lat="48.4917410" lon="7.7245670">
    <ele>145.5</ele>
    <time>2024-04-20T19:22:25Z</time>
   </trkpt>
   <trkpt lat="48.4916810" lon="7.7245470">
    <ele>145.5</ele>
    <time>2024-04-20T19:22:26Z</time>
   </trkpt>
   <trkpt lat="48.4916210" lon="7.7245280">
    <ele>145.4</ele>
    <time>2024-04-20T19:22:27Z</time>
   </trkpt>
   <trkpt lat="48.4915620" lon="7.7245070">
    <ele>145.4</ele>
    <time>2024-04-20T19:22:28Z</time>
   </trkpt>
   <trkpt lat="48.4915040" lon="7.7244840">
    <ele>145.4</ele>
    <time>2024-04-20T19:22:29Z</time>
   </trkpt>
   <trkpt lat="48.4914450" lon="7.7244630">
    <ele>145.4</ele>
    <time>2024-04-20T19:22:30Z</time>
   </trkpt>
   <trkpt lat="48.4913850" lon="7.7244440">
    <ele>145.5</ele>
    <time>2024-04-20T19:22:31Z</time>
   </trkpt>
   <trkpt lat="48.4913290" lon="7.7244240">
    <ele>145.5</ele>
    <time>2024-04-20T19:22:32Z</time>
   </trkpt>
   <trkpt lat="48.4912730" lon="7.7243990">
    <ele>145.5</ele>
    <time>2024-04-20T19:22:33Z</time>
   </trkpt>
   <trkpt lat="48.4912150" lon="7.7243750">
    <ele>145.6</ele>
    <time>2024-04-20T19:22:34Z</time>
   </trkpt>
   <trkpt lat="48.4911580" lon="7.7243520">
    <ele>145.6</ele>
    <time>2024-04-20T19:22:35Z</time>
   </trkpt>
   <trkpt lat="48.4910980" lon="7.7243340">
    <ele>145.6</ele>
    <time>2024-04-20T19:22:36Z</time>
   </trkpt>
   <trkpt lat="48.4910410" lon="7.7243090">
    <ele>145.6</ele>
    <time>2024-04-20T19:22:37Z</time>
   </trkpt>
   <trkpt lat="48.4909830" lon="7.7242850">
    <ele>145.6</ele>
    <time>2024-04-20T19:22:38Z</time>
   </trkpt>
   <trkpt lat="48.4909250" lon="7.7242540">
    <ele>145.6</ele>
    <time>2024-04-20T19:22:39Z</time>
   </trkpt>
   <trkpt lat="48.4908680" lon="7.7242260">
    <ele>145.7</ele>
    <time>2024-04-20T19:22:40Z</time>
   </trkpt>
   <trkpt lat="48.4908130" lon="7.7242040">
    <ele>145.7</ele>
    <time>2024-04-20T19:22:41Z</time>
   </trkpt>
   <trkpt lat="48.4907570" lon="7.7241860">
    <ele>145.7</ele>
    <time>2024-04-20T19:22:42Z</time>
   </trkpt>
   <trkpt lat="48.4906990" lon="7.7241740">
    <ele>145.7</ele>
    <time>2024-04-20T19:22:43Z</time>
   </trkpt>
   <trkpt lat="48.4906400" lon="7.7241570">
    <ele>145.7</ele>
    <time>2024-04-20T19:22:44Z</time>
   </trkpt>
   <trkpt lat="48.4905810" lon="7.7241260">
    <ele>145.7</ele>
    <time>2024-04-20T19:22:45Z</time>
   </trkpt>
   <trkpt lat="48.4905230" lon="7.7241000">
    <ele>145.7</ele>
    <time>2024-04-20T19:22:46Z</time>
   </trkpt>
   <trkpt lat="48.4904650" lon="7.7240720">
    <ele>145.6</ele>
    <time>2024-04-20T19:22:47Z</time>
   </trkpt>
   <trkpt lat="48.4904100" lon="7.7240550">
    <ele>145.6</ele>
    <time>2024-04-20T19:22:48Z</time>
   </trkpt>
   <trkpt lat="48.4903530" lon="7.7240410">
    <ele>145.7</ele>
    <time>2024-04-20T19:22:49Z</time>
   </trkpt>
   <trkpt lat="48.4902990" lon="7.7240200">
    <ele>145.7</ele>
    <time>2024-04-20T19:22:50Z</time>
   </trkpt>
   <trkpt lat="48.4902450" lon="7.7239990">
    <ele>145.7</ele>
    <time>2024-04-20T19:22:51Z</time>
   </trkpt>
   <trkpt lat="48.4901880" lon="7.7239710">
    <ele>145.7</ele>
    <time>2024-04-20T19:22:52Z</time>
   </trkpt>
   <trkpt lat="48.4901290" lon="7.7239430">
    <ele>145.7</ele>
    <time>2024-04-20T19:22:53Z</time>
   </trkpt>
   <trkpt lat="48.4900690" lon="7.7239220">
    <ele>145.6</ele>
    <time>2024-04-20T19:22:54Z</time>
   </trkpt>
   <trkpt lat="48.4900080" lon="7.7238990">
    <ele>145.5</ele>
    <time>2024-04-20T19:22:55Z</time>
   </trkpt>
   <trkpt lat="48.4899440" lon="7.7238790">
    <ele>145.5</ele>
    <time>2024-04-20T19:22:56Z</time>
   </trkpt>
   <trkpt lat="48.4898810" lon="7.7238570">
    <ele>145.4</ele>
    <time>2024-04-20T19:22:57Z</time>
   </trkpt>
   <trkpt lat="48.4898180" lon="7.7238340">
    <ele>145.4</ele>
    <time>2024-04-20T19:22:58Z</time>
   </trkpt>
   <trkpt lat="48.4897610" lon="7.7238090">
    <ele>145.3</ele>
    <time>2024-04-20T19:22:59Z</time>
   </trkpt>
   <trkpt lat="48.4897030" lon="7.7237810">
    <ele>145.3</ele>
    <time>2024-04-20T19:23:00Z</time>
   </trkpt>
   <trkpt lat="48.4896450" lon="7.7237580">
    <ele>145.3</ele>
    <time>2024-04-20T19:23:01Z</time>
   </trkpt>
   <trkpt lat="48.4895840" lon="7.7237350">
    <ele>145.3</ele>
    <time>2024-04-20T19:23:02Z</time>
   </trkpt>
   <trkpt lat="48.4895260" lon="7.7237160">
    <ele>145.2</ele>
    <time>2024-04-20T19:23:03Z</time>
   </trkpt>
   <trkpt lat="48.4894670" lon="7.7236980">
    <ele>145.2</ele>
    <time>2024-04-20T19:23:04Z</time>
   </trkpt>
   <trkpt lat="48.4894080" lon="7.7236800">
    <ele>145.2</ele>
    <time>2024-04-20T19:23:05Z</time>
   </trkpt>
   <trkpt lat="48.4893510" lon="7.7236590">
    <ele>145.2</ele>
    <time>2024-04-20T19:23:06Z</time>
   </trkpt>
   <trkpt lat="48.4892910" lon="7.7236380">
    <ele>145.2</ele>
    <time>2024-04-20T19:23:07Z</time>
   </trkpt>
   <trkpt lat="48.4892320" lon="7.7236070">
    <ele>145.3</ele>
    <time>2024-04-20T19:23:08Z</time>
   </trkpt>
   <trkpt lat="48.4891720" lon="7.7235800">
    <ele>145.3</ele>
    <time>2024-04-20T19:23:09Z</time>
   </trkpt>
   <trkpt lat="48.4891130" lon="7.7235560">
    <ele>145.3</ele>
    <time>2024-04-20T19:23:10Z</time>
   </trkpt>
   <trkpt lat="48.4890540" lon="7.7235320">
    <ele>145.4</ele>
    <time>2024-04-20T19:23:11Z</time>
   </trkpt>
   <trkpt lat="48.4889960" lon="7.7235110">
    <ele>145.5</ele>
    <time>2024-04-20T19:23:12Z</time>
   </trkpt>
   <trkpt lat="48.4889390" lon="7.7234920">
    <ele>145.6</ele>
    <time>2024-04-20T19:23:13Z</time>
   </trkpt>
   <trkpt lat="48.4888800" lon="7.7234700">
    <ele>145.7</ele>
    <time>2024-04-20T19:23:14Z</time>
   </trkpt>
   <trkpt lat="48.4888230" lon="7.7234510">
    <ele>145.8</ele>
    <time>2024-04-20T19:23:15Z</time>
   </trkpt>
   <trkpt lat="48.4887680" lon="7.7234510">
    <ele>145.9</ele>
    <time>2024-04-20T19:23:16Z</time>
   </trkpt>
   <trkpt lat="48.4887180" lon="7.7234690">
    <ele>146.1</ele>
    <time>2024-04-20T19:23:17Z</time>
   </trkpt>
   <trkpt lat="48.4886690" lon="7.7234830">
    <ele>146.2</ele>
    <time>2024-04-20T19:23:18Z</time>
   </trkpt>
   <trkpt lat="48.4886230" lon="7.7234760">
    <ele>146.3</ele>
    <time>2024-04-20T19:23:19Z</time>
   </trkpt>
   <trkpt lat="48.4885820" lon="7.7234540">
    <ele>146.3</ele>
    <time>2024-04-20T19:23:20Z</time>
   </trkpt>
   <trkpt lat="48.4885280" lon="7.7234210">
    <ele>146.4</ele>
    <time>2024-04-20T19:23:21Z</time>
   </trkpt>
   <trkpt lat="48.4884750" lon="7.7234020">
    <ele>146.4</ele>
    <time>2024-04-20T19:23:22Z</time>
   </trkpt>
   <trkpt lat="48.4884210" lon="7.7233840">
    <ele>146.3</ele>
    <time>2024-04-20T19:23:23Z</time>
   </trkpt>
   <trkpt lat="48.4883680" lon="7.7233660">
    <ele>146.2</ele>
    <time>2024-04-20T19:23:24Z</time>
   </trkpt>
   <trkpt lat="48.4883140" lon="7.7233420">
    <ele>146.1</ele>
    <time>2024-04-20T19:23:25Z</time>
   </trkpt>
   <trkpt lat="48.4882590" lon="7.7233230">
    <ele>146.0</ele>
    <time>2024-04-20T19:23:26Z</time>
   </trkpt>
   <trkpt lat="48.4882010" lon="7.7232990">
    <ele>145.9</ele>
    <time>2024-04-20T19:23:27Z</time>
   </trkpt>
   <trkpt lat="48.4881420" lon="7.7232780">
    <ele>145.9</ele>
    <time>2024-04-20T19:23:28Z</time>
   </trkpt>
   <trkpt lat="48.4880860" lon="7.7232600">
    <ele>145.8</ele>
    <time>2024-04-20T19:23:29Z</time>
   </trkpt>
   <trkpt lat="48.4880280" lon="7.7232370">
    <ele>145.7</ele>
    <time>2024-04-20T19:23:30Z</time>
   </trkpt>
   <trkpt lat="48.4879710" lon="7.7232150">
    <ele>145.7</ele>
    <time>2024-04-20T19:23:31Z</time>
   </trkpt>
   <trkpt lat="48.4879140" lon="7.7231950">
    <ele>145.7</ele>
    <time>2024-04-20T19:23:32Z</time>
   </trkpt>
   <trkpt lat="48.4878550" lon="7.7231720">
    <ele>145.7</ele>
    <time>2024-04-20T19:23:33Z</time>
   </trkpt>
   <trkpt lat="48.4877950" lon="7.7231460">
    <ele>145.7</ele>
    <time>2024-04-20T19:23:34Z</time>
   </trkpt>
   <trkpt lat="48.4877360" lon="7.7231220">
    <ele>145.7</ele>
    <time>2024-04-20T19:23:35Z</time>
   </trkpt>
   <trkpt lat="48.4876760" lon="7.7230960">
    <ele>145.7</ele>
    <time>2024-04-20T19:23:36Z</time>
   </trkpt>
   <trkpt lat="48.4876160" lon="7.7230700">
    <ele>145.7</ele>
    <time>2024-04-20T19:23:37Z</time>
   </trkpt>
   <trkpt lat="48.4875590" lon="7.7230430">
    <ele>145.7</ele>
    <time>2024-04-20T19:23:38Z</time>
   </trkpt>
   <trkpt lat="48.4875110" lon="7.7230210">
    <ele>145.8</ele>
    <time>2024-04-20T19:23:39Z</time>
   </trkpt>
   <trkpt lat="48.4874550" lon="7.7229990">
    <ele>145.8</ele>
    <time>2024-04-20T19:23:40Z</time>
   </trkpt>
   <trkpt lat="48.4874040" lon="7.7229830">
    <ele>145.8</ele>
    <time>2024-04-20T19:23:41Z</time>
   </trkpt>
   <trkpt lat="48.4873510" lon="7.7229680">
    <ele>145.8</ele>
    <time>2024-04-20T19:23:42Z</time>
   </trkpt>
   <trkpt lat="48.4872950" lon="7.7229460">
    <ele>145.9</ele>
    <time>2024-04-20T19:23:43Z</time>
   </trkpt>
   <trkpt lat="48.4872360" lon="7.7229240">
    <ele>145.9</ele>
    <time>2024-04-20T19:23:44Z</time>
   </trkpt>
   <trkpt lat="48.4871790" lon="7.7229000">
    <ele>145.9</ele>
    <time>2024-04-20T19:23:45Z</time>
   </trkpt>
   <trkpt lat="48.4871240" lon="7.7228740">
    <ele>146.0</ele>
    <time>2024-04-20T19:23:46Z</time>
   </trkpt>
   <trkpt lat="48.4870650" lon="7.7228540">
    <ele>146.0</ele>
    <time>2024-04-20T19:23:47Z</time>
   </trkpt>
   <trkpt lat="48.4870090" lon="7.7228360">
    <ele>146.0</ele>
    <time>2024-04-20T19:23:48Z</time>
   </trkpt>
   <trkpt lat="48.4869520" lon="7.7228120">
    <ele>146.0</ele>
    <time>2024-04-20T19:23:49Z</time>
   </trkpt>
   <trkpt lat="48.4868970" lon="7.7227750">
    <ele>145.9</ele>
    <time>2024-04-20T19:23:50Z</time>
   </trkpt>
   <trkpt lat="48.4868470" lon="7.7227230">
    <ele>145.8</ele>
    <time>2024-04-20T19:23:51Z</time>
   </trkpt>
   <trkpt lat="48.4867980" lon="7.7226480">
    <ele>145.6</ele>
    <time>2024-04-20T19:23:52Z</time>
   </trkpt>
   <trkpt lat="48.4867380" lon="7.7225900">
    <ele>145.5</ele>
    <time>2024-04-20T19:23:53Z</time>
   </trkpt>
   <trkpt lat="48.4866740" lon="7.7225550">
    <ele>145.3</ele>
    <time>2024-04-20T19:23:54Z</time>
   </trkpt>
   <trkpt lat="48.4866040" lon="7.7225260">
    <ele>145.2</ele>
    <time>2024-04-20T19:23:55Z</time>
   </trkpt>
   <trkpt lat="48.4865350" lon="7.7225030">
    <ele>145.0</ele>
    <time>2024-04-20T19:23:56Z</time>
   </trkpt>
   <trkpt lat="48.4864670" lon="7.7224800">
    <ele>145.0</ele>
    <time>2024-04-20T19:23:57Z</time>
   </trkpt>
   <trkpt lat="48.4863970" lon="7.7224680">
    <ele>145.0</ele>
    <time>2024-04-20T19:23:58Z</time>
   </trkpt>
   <trkpt lat="48.4863300" lon="7.7224540">
    <ele>145.0</ele>
    <time>2024-04-20T19:23:59Z</time>
   </trkpt>
   <trkpt lat="48.4862660" lon="7.7224350">
    <ele>145.0</ele>
    <time>2024-04-20T19:24:00Z</time>
   </trkpt>
   <trkpt lat="48.4862040" lon="7.7224090">
    <ele>145.0</ele>
    <time>2024-04-20T19:24:01Z</time>
   </trkpt>
   <trkpt lat="48.4861410" lon="7.7223820">
    <ele>145.1</ele>
    <time>2024-04-20T19:24:02Z</time>
   </trkpt>
   <trkpt lat="48.4860790" lon="7.7223540">
    <ele>145.1</ele>
    <time>2024-04-20T19:24:03Z</time>
   </trkpt>
   <trkpt lat="48.4860170" lon="7.7223300">
    <ele>145.1</ele>
    <time>2024-04-20T19:24:04Z</time>
   </trkpt>
   <trkpt lat="48.4859570" lon="7.7223060">
    <ele>145.1</ele>
    <time>2024-04-20T19:24:05Z</time>
   </trkpt>
   <trkpt lat="48.4858960" lon="7.7222850">
    <ele>145.2</ele>
    <time>2024-04-20T19:24:06Z</time>
   </trkpt>
   <trkpt lat="48.4858330" lon="7.7222630">
    <ele>145.2</ele>
    <time>2024-04-20T19:24:07Z</time>
   </trkpt>
   <trkpt lat="48.4857700" lon="7.7222370">
    <ele>145.2</ele>
    <time>2024-04-20T19:24:08Z</time>
   </trkpt>
   <trkpt lat="48.4857070" lon="7.7222120">
    <ele>145.2</ele>
    <time>2024-04-20T19:24:09Z</time>
   </trkpt>
   <trkpt lat="48.4856440" lon="7.7221850">
    <ele>145.2</ele>
    <time>2024-04-20T19:24:10Z</time>
   </trkpt>
   <trkpt lat="48.4855800" lon="7.7221590">
    <ele>145.2</ele>
    <time>2024-04-20T19:24:11Z</time>
   </trkpt>
   <trkpt lat="48.4855160" lon="7.7221330">
    <ele>145.2</ele>
    <time>2024-04-20T19:24:12Z</time>
   </trkpt>
   <trkpt lat="48.4854520" lon="7.7221100">
    <ele>145.2</ele>
    <time>2024-04-20T19:24:13Z</time>
   </trkpt>
   <trkpt lat="48.4853890" lon="7.7220850">
    <ele>145.2</ele>
    <time>2024-04-20T19:24:14Z</time>
   </trkpt>
   <trkpt lat="48.4853260" lon="7.7220610">
    <ele>145.2</ele>
    <time>2024-04-20T19:24:15Z</time>
   </trkpt>
   <trkpt lat="48.4852610" lon="7.7220440">
    <ele>145.2</ele>
    <time>2024-04-20T19:24:16Z</time>
   </trkpt>
   <trkpt lat="48.4851960" lon="7.7220270">
    <ele>145.3</ele>
    <time>2024-04-20T19:24:17Z</time>
   </trkpt>
   <trkpt lat="48.4851320" lon="7.7220060">
    <ele>145.3</ele>
    <time>2024-04-20T19:24:18Z</time>
   </trkpt>
   <trkpt lat="48.4850720" lon="7.7219840">
    <ele>145.3</ele>
    <time>2024-04-20T19:24:19Z</time>
   </trkpt>
   <trkpt lat="48.4850100" lon="7.7219590">
    <ele>145.3</ele>
    <time>2024-04-20T19:24:20Z</time>
   </trkpt>
   <trkpt lat="48.4849460" lon="7.7219290">
    <ele>145.4</ele>
    <time>2024-04-20T19:24:21Z</time>
   </trkpt>
   <trkpt lat="48.4848840" lon="7.7219020">
    <ele>145.4</ele>
    <time>2024-04-20T19:24:22Z</time>
   </trkpt>
   <trkpt lat="48.4848250" lon="7.7218750">
    <ele>145.5</ele>
    <time>2024-04-20T19:24:23Z</time>
   </trkpt>
   <trkpt lat="48.4847640" lon="7.7218570">
    <ele>145.5</ele>
    <time>2024-04-20T19:24:24Z</time>
   </trkpt>
   <trkpt lat="48.4847040" lon="7.7218390">
    <ele>145.5</ele>
    <time>2024-04-20T19:24:25Z</time>
   </trkpt>
   <trkpt lat="48.4846450" lon="7.7218120">
    <ele>145.6</ele>
    <time>2024-04-20T19:24:26Z</time>
   </trkpt>
   <trkpt lat="48.4845840" lon="7.7217870">
    <ele>145.6</ele>
    <time>2024-04-20T19:24:27Z</time>
   </trkpt>
   <trkpt lat="48.4845240" lon="7.7217670">
    <ele>145.6</ele>
    <time>2024-04-20T19:24:28Z</time>
   </trkpt>
   <trkpt lat="48.4844650" lon="7.7217470">
    <ele>145.6</ele>
    <time>2024-04-20T19:24:29Z</time>
   </trkpt>
   <trkpt lat="48.4844030" lon="7.7217240">
    <ele>145.7</ele>
    <time>2024-04-20T19:24:30Z</time>
   </trkpt>
   <trkpt lat="48.4843420" lon="7.7216990">
    <ele>145.7</ele>
    <time>2024-04-20T19:24:31Z</time>
   </trkpt>
   <trkpt lat="48.4842820" lon="7.7216760">
    <ele>145.8</ele>
    <time>2024-04-20T19:24:32Z</time>
   </trkpt>
   <trkpt lat="48.4842220" lon="7.7216500">
    <ele>145.8</ele>
    <time>2024-04-20T19:24:33Z</time>
   </trkpt>
   <trkpt lat="48.4841630" lon="7.7216280">
    <ele>145.9</ele>
    <time>2024-04-20T19:24:34Z</time>
   </trkpt>
   <trkpt lat="48.4841050" lon="7.7216050">
    <ele>145.9</ele>
    <time>2024-04-20T19:24:35Z</time>
   </trkpt>
   <trkpt lat="48.4840450" lon="7.7215820">
    <ele>146.0</ele>
    <time>2024-04-20T19:24:36Z</time>
   </trkpt>
   <trkpt lat="48.4839830" lon="7.7215560">
    <ele>146.0</ele>
    <time>2024-04-20T19:24:37Z</time>
   </trkpt>
   <trkpt lat="48.4839220" lon="7.7215320">
    <ele>146.0</ele>
    <time>2024-04-20T19:24:38Z</time>
   </trkpt>
   <trkpt lat="48.4838620" lon="7.7215110">
    <ele>146.1</ele>
    <time>2024-04-20T19:24:39Z</time>
   </trkpt>
   <trkpt lat="48.4838030" lon="7.7214880">
    <ele>146.1</ele>
    <time>2024-04-20T19:24:40Z</time>
   </trkpt>
   <trkpt lat="48.4837430" lon="7.7214650">
    <ele>146.1</ele>
    <time>2024-04-20T19:24:41Z</time>
   </trkpt>
   <trkpt lat="48.4836830" lon="7.7214420">
    <ele>146.2</ele>
    <time>2024-04-20T19:24:42Z</time>
   </trkpt>
   <trkpt lat="48.4836230" lon="7.7214210">
    <ele>146.2</ele>
    <time>2024-04-20T19:24:43Z</time>
   </trkpt>
   <trkpt lat="48.4835630" lon="7.7213990">
    <ele>146.3</ele>
    <time>2024-04-20T19:24:44Z</time>
   </trkpt>
   <trkpt lat="48.4835040" lon="7.7213780">
    <ele>146.3</ele>
    <time>2024-04-20T19:24:45Z</time>
   </trkpt>
   <trkpt lat="48.4834470" lon="7.7213560">
    <ele>146.3</ele>
    <time>2024-04-20T19:24:46Z</time>
   </trkpt>
   <trkpt lat="48.4833880" lon="7.7213350">
    <ele>146.3</ele>
    <time>2024-04-20T19:24:47Z</time>
   </trkpt>
   <trkpt lat="48.4833280" lon="7.7213150">
    <ele>146.3</ele>
    <time>2024-04-20T19:24:48Z</time>
   </trkpt>
   <trkpt lat="48.4832670" lon="7.7213010">
    <ele>146.3</ele>
    <time>2024-04-20T19:24:49Z</time>
   </trkpt>
   <trkpt lat="48.4832040" lon="7.7212990">
    <ele>146.4</ele>
    <time>2024-04-20T19:24:50Z</time>
   </trkpt>
   <trkpt lat="48.4831410" lon="7.7213000">
    <ele>146.4</ele>
    <time>2024-04-20T19:24:51Z</time>
   </trkpt>
   <trkpt lat="48.4830790" lon="7.7212930">
    <ele>146.4</ele>
    <time>2024-04-20T19:24:52Z</time>
   </trkpt>
   <trkpt lat="48.4830150" lon="7.7212790">
    <ele>146.5</ele>
    <time>2024-04-20T19:24:53Z</time>
   </trkpt>
   <trkpt lat="48.4829550" lon="7.7212550">
    <ele>146.6</ele>
    <time>2024-04-20T19:24:54Z</time>
   </trkpt>
   <trkpt lat="48.4828960" lon="7.7212350">
    <ele>146.7</ele>
    <time>2024-04-20T19:24:55Z</time>
   </trkpt>
   <trkpt lat="48.4828360" lon="7.7212200">
    <ele>146.8</ele>
    <time>2024-04-20T19:24:56Z</time>
   </trkpt>
   <trkpt lat="48.4827760" lon="7.7212060">
    <ele>146.8</ele>
    <time>2024-04-20T19:24:57Z</time>
   </trkpt>
   <trkpt lat="48.4827160" lon="7.7211920">
    <ele>146.8</ele>
    <time>2024-04-20T19:24:58Z</time>
   </trkpt>
   <trkpt lat="48.4826570" lon="7.7211820">
    <ele>146.8</ele>
    <time>2024-04-20T19:24:59Z</time>
   </trkpt>
   <trkpt lat="48.4825960" lon="7.7211730">
    <ele>146.8</ele>
    <time>2024-04-20T19:25:00Z</time>
   </trkpt>
   <trkpt lat="48.4825340" lon="7.7211570">
    <ele>146.8</ele>
    <time>2024-04-20T19:25:01Z</time>
   </trkpt>
   <trkpt lat="48.4824710" lon="7.7211310">
    <ele>146.9</ele>
    <time>2024-04-20T19:25:02Z</time>
   </trkpt>
   <trkpt lat="48.4824050" lon="7.7210920">
    <ele>147.0</ele>
    <time>2024-04-20T19:25:03Z</time>
   </trkpt>
   <trkpt lat="48.4823440" lon="7.7210620">
    <ele>147.1</ele>
    <time>2024-04-20T19:25:04Z</time>
   </trkpt>
   <trkpt lat="48.4822940" lon="7.7210360">
    <ele>147.1</ele>
    <time>2024-04-20T19:25:05Z</time>
   </trkpt>
   <trkpt lat="48.4822490" lon="7.7210170">
    <ele>147.2</ele>
    <time>2024-04-20T19:25:06Z</time>
   </trkpt>
   <trkpt lat="48.4822060" lon="7.7210010">
    <ele>147.3</ele>
    <time>2024-04-20T19:25:07Z</time>
   </trkpt>
   <trkpt lat="48.4821600" lon="7.7209830">
    <ele>147.3</ele>
    <time>2024-04-20T19:25:08Z</time>
   </trkpt>
   <trkpt lat="48.4821140" lon="7.7209650">
    <ele>147.3</ele>
    <time>2024-04-20T19:25:09Z</time>
   </trkpt>
   <trkpt lat="48.4820670" lon="7.7209420">
    <ele>147.3</ele>
    <time>2024-04-20T19:25:10Z</time>
   </trkpt>
   <trkpt lat="48.4820190" lon="7.7209150">
    <ele>147.3</ele>
    <time>2024-04-20T19:25:11Z</time>
   </trkpt>
   <trkpt lat="48.4819710" lon="7.7208900">
    <ele>147.3</ele>
    <time>2024-04-20T19:25:12Z</time>
   </trkpt>
   <trkpt lat="48.4819190" lon="7.7208690">
    <ele>147.3</ele>
    <time>2024-04-20T19:25:13Z</time>
   </trkpt>
   <trkpt lat="48.4818680" lon="7.7208450">
    <ele>147.3</ele>
    <time>2024-04-20T19:25:14Z</time>
   </trkpt>
   <trkpt lat="48.4818150" lon="7.7208220">
    <ele>147.3</ele>
    <time>2024-04-20T19:25:15Z</time>
   </trkpt>
   <trkpt lat="48.4817590" lon="7.7208000">
    <ele>147.3</ele>
    <time>2024-04-20T19:25:16Z</time>
   </trkpt>
   <trkpt lat="48.4817050" lon="7.7207790">
    <ele>147.4</ele>
    <time>2024-04-20T19:25:17Z</time>
   </trkpt>
   <trkpt lat="48.4816500" lon="7.7207600">
    <ele>147.4</ele>
    <time>2024-04-20T19:25:18Z</time>
   </trkpt>
   <trkpt lat="48.4815940" lon="7.7207380">
    <ele>147.4</ele>
    <time>2024-04-20T19:25:19Z</time>
   </trkpt>
   <trkpt lat="48.4815390" lon="7.7207140">
    <ele>147.4</ele>
    <time>2024-04-20T19:25:20Z</time>
   </trkpt>
   <trkpt lat="48.4814820" lon="7.7206900">
    <ele>147.4</ele>
    <time>2024-04-20T19:25:21Z</time>
   </trkpt>
   <trkpt lat="48.4814260" lon="7.7206680">
    <ele>147.4</ele>
    <time>2024-04-20T19:25:22Z</time>
   </trkpt>
   <trkpt lat="48.4813680" lon="7.7206480">
    <ele>147.4</ele>
    <time>2024-04-20T19:25:23Z</time>
   </trkpt>
   <trkpt lat="48.4813110" lon="7.7206290">
    <ele>147.4</ele>
    <time>2024-04-20T19:25:24Z</time>
   </trkpt>
   <trkpt lat="48.4812540" lon="7.7206040">
    <ele>147.4</ele>
    <time>2024-04-20T19:25:25Z</time>
   </trkpt>
   <trkpt lat="48.4811970" lon="7.7205820">
    <ele>147.4</ele>
    <time>2024-04-20T19:25:26Z</time>
   </trkpt>
   <trkpt lat="48.4811380" lon="7.7205580">
    <ele>147.4</ele>
    <time>2024-04-20T19:25:27Z</time>
   </trkpt>
   <trkpt lat="48.4810790" lon="7.7205350">
    <ele>147.4</ele>
    <time>2024-04-20T19:25:28Z</time>
   </trkpt>
   <trkpt lat="48.4810190" lon="7.7205120">
    <ele>147.4</ele>
    <time>2024-04-20T19:25:29Z</time>
   </trkpt>
   <trkpt lat="48.4809580" lon="7.7204870">
    <ele>147.4</ele>
    <time>2024-04-20T19:25:30Z</time>
   </trkpt>
   <trkpt lat="48.4808970" lon="7.7204670">
    <ele>147.4</ele>
    <time>2024-04-20T19:25:31Z</time>
   </trkpt>
   <trkpt lat="48.4808360" lon="7.7204420">
    <ele>147.4</ele>
    <time>2024-04-20T19:25:32Z</time>
   </trkpt>
   <trkpt lat="48.4807750" lon="7.7204180">
    <ele>147.4</ele>
    <time>2024-04-20T19:25:33Z</time>
   </trkpt>
   <trkpt lat="48.4807170" lon="7.7203910">
    <ele>147.4</ele>
    <time>2024-04-20T19:25:34Z</time>
   </trkpt>
   <trkpt lat="48.4806570" lon="7.7203680">
    <ele>147.4</ele>
    <time>2024-04-20T19:25:35Z</time>
   </trkpt>
   <trkpt lat="48.4805980" lon="7.7203440">
    <ele>147.4</ele>
    <time>2024-04-20T19:25:36Z</time>
   </trkpt>
   <trkpt lat="48.4805370" lon="7.7203220">
    <ele>147.5</ele>
    <time>2024-04-20T19:25:37Z</time>
   </trkpt>
   <trkpt lat="48.4804780" lon="7.7202980">
    <ele>147.5</ele>
    <time>2024-04-20T19:25:38Z</time>
   </trkpt>
   <trkpt lat="48.4804190" lon="7.7202750">
    <ele>147.5</ele>
    <time>2024-04-20T19:25:39Z</time>
   </trkpt>
   <trkpt lat="48.4803600" lon="7.7202480">
    <ele>147.5</ele>
    <time>2024-04-20T19:25:40Z</time>
   </trkpt>
   <trkpt lat="48.4802990" lon="7.7202290">
    <ele>147.5</ele>
    <time>2024-04-20T19:25:41Z</time>
   </trkpt>
   <trkpt lat="48.4802380" lon="7.7202000">
    <ele>147.6</ele>
    <time>2024-04-20T19:25:42Z</time>
   </trkpt>
   <trkpt lat="48.4801770" lon="7.7201770">
    <ele>147.6</ele>
    <time>2024-04-20T19:25:43Z</time>
   </trkpt>
   <trkpt lat="48.4801170" lon="7.7201540">
    <ele>147.6</ele>
    <time>2024-04-20T19:25:44Z</time>
   </trkpt>
   <trkpt lat="48.4800560" lon="7.7201340">
    <ele>147.6</ele>
    <time>2024-04-20T19:25:45Z</time>
   </trkpt>
   <trkpt lat="48.4799960" lon="7.7201140">
    <ele>147.6</ele>
    <time>2024-04-20T19:25:46Z</time>
   </trkpt>
   <trkpt lat="48.4799350" lon="7.7200960">
    <ele>147.6</ele>
    <time>2024-04-20T19:25:47Z</time>
   </trkpt>
   <trkpt lat="48.4798750" lon="7.7200730">
    <ele>147.6</ele>
    <time>2024-04-20T19:25:48Z</time>
   </trkpt>
   <trkpt lat="48.4798170" lon="7.7200510">
    <ele>147.6</ele>
    <time>2024-04-20T19:25:49Z</time>
   </trkpt>
   <trkpt lat="48.4797570" lon="7.7200230">
    <ele>147.6</ele>
    <time>2024-04-20T19:25:50Z</time>
   </trkpt>
   <trkpt lat="48.4796960" lon="7.7199950">
    <ele>147.6</ele>
    <time>2024-04-20T19:25:51Z</time>
   </trkpt>
   <trkpt lat="48.4796350" lon="7.7199730">
    <ele>147.6</ele>
    <time>2024-04-20T19:25:52Z</time>
   </trkpt>
   <trkpt lat="48.4795750" lon="7.7199510">
    <ele>147.6</ele>
    <time>2024-04-20T19:25:53Z</time>
   </trkpt>
   <trkpt lat="48.4795130" lon="7.7199280">
    <ele>147.6</ele>
    <time>2024-04-20T19:25:54Z</time>
   </trkpt>
   <trkpt lat="48.4794520" lon="7.7199050">
    <ele>147.6</ele>
    <time>2024-04-20T19:25:55Z</time>
   </trkpt>
   <trkpt lat="48.4793920" lon="7.7198820">
    <ele>147.6</ele>
    <time>2024-04-20T19:25:56Z</time>
   </trkpt>
   <trkpt lat="48.4793330" lon="7.7198600">
    <ele>147.6</ele>
    <time>2024-04-20T19:25:57Z</time>
   </trkpt>
   <trkpt lat="48.4792730" lon="7.7198380">
    <ele>147.6</ele>
    <time>2024-04-20T19:25:58Z</time>
   </trkpt>
   <trkpt lat="48.4792110" lon="7.7198150">
    <ele>147.6</ele>
    <time>2024-04-20T19:25:59Z</time>
   </trkpt>
   <trkpt lat="48.4791510" lon="7.7197930">
    <ele>147.6</ele>
    <time>2024-04-20T19:26:00Z</time>
   </trkpt>
   <trkpt lat="48.4790890" lon="7.7197690">
    <ele>147.6</ele>
    <time>2024-04-20T19:26:01Z</time>
   </trkpt>
   <trkpt lat="48.4790260" lon="7.7197460">
    <ele>147.6</ele>
    <time>2024-04-20T19:26:02Z</time>
   </trkpt>
   <trkpt lat="48.4789630" lon="7.7197230">
    <ele>147.6</ele>
    <time>2024-04-20T19:26:03Z</time>
   </trkpt>
   <trkpt lat="48.4789030" lon="7.7196980">
    <ele>147.6</ele>
    <time>2024-04-20T19:26:04Z</time>
   </trkpt>
   <trkpt lat="48.4788400" lon="7.7196730">
    <ele>147.6</ele>
    <time>2024-04-20T19:26:05Z</time>
   </trkpt>
   <trkpt lat="48.4787780" lon="7.7196510">
    <ele>147.6</ele>
    <time>2024-04-20T19:26:06Z</time>
   </trkpt>
   <trkpt lat="48.4787160" lon="7.7196290">
    <ele>147.6</ele>
    <time>2024-04-20T19:26:07Z</time>
   </trkpt>
   <trkpt lat="48.4786520" lon="7.7196070">
    <ele>147.6</ele>
    <time>2024-04-20T19:26:08Z</time>
   </trkpt>
   <trkpt lat="48.4785900" lon="7.7195800">
    <ele>147.6</ele>
    <time>2024-04-20T19:26:09Z</time>
   </trkpt>
   <trkpt lat="48.4785280" lon="7.7195520">
    <ele>147.5</ele>
    <time>2024-04-20T19:26:10Z</time>
   </trkpt>
   <trkpt lat="48.4784660" lon="7.7195280">
    <ele>147.5</ele>
    <time>2024-04-20T19:26:11Z</time>
   </trkpt>
   <trkpt lat="48.4784050" lon="7.7195050">
    <ele>147.5</ele>
    <time>2024-04-20T19:26:12Z</time>
   </trkpt>
   <trkpt lat="48.4783420" lon="7.7194780">
    <ele>147.5</ele>
    <time>2024-04-20T19:26:13Z</time>
   </trkpt>
   <trkpt lat="48.4782800" lon="7.7194520">
    <ele>147.5</ele>
    <time>2024-04-20T19:26:14Z</time>
   </trkpt>
   <trkpt lat="48.4782200" lon="7.7194310">
    <ele>147.5</ele>
    <time>2024-04-20T19:26:15Z</time>
   </trkpt>
   <trkpt lat="48.4781590" lon="7.7194070">
    <ele>147.5</ele>
    <time>2024-04-20T19:26:16Z</time>
   </trkpt>
   <trkpt lat="48.4780980" lon="7.7193860">
    <ele>147.5</ele>
    <time>2024-04-20T19:26:17Z</time>
   </trkpt>
   <trkpt lat="48.4780380" lon="7.7193630">
    <ele>147.5</ele>
    <time>2024-04-20T19:26:18Z</time>
   </trkpt>
   <trkpt lat="48.4779780" lon="7.7193370">
    <ele>147.6</ele>
    <time>2024-04-20T19:26:19Z</time>
   </trkpt>
   <trkpt lat="48.4779180" lon="7.7193120">
    <ele>147.6</ele>
    <time>2024-04-20T19:26:20Z</time>
   </trkpt>
   <trkpt lat="48.4778560" lon="7.7192880">
    <ele>147.6</ele>
    <time>2024-04-20T19:26:21Z</time>
   </trkpt>
   <trkpt lat="48.4777950" lon="7.7192640">
    <ele>147.6</ele>
    <time>2024-04-20T19:26:22Z</time>
   </trkpt>
   <trkpt lat="48.4777330" lon="7.7192400">
    <ele>147.6</ele>
    <time>2024-04-20T19:26:23Z</time>
   </trkpt>
   <trkpt lat="48.4776720" lon="7.7192180">
    <ele>147.5</ele>
    <time>2024-04-20T19:26:24Z</time>
   </trkpt>
   <trkpt lat="48.4776120" lon="7.7191920">
    <ele>147.5</ele>
    <time>2024-04-20T19:26:25Z</time>
   </trkpt>
   <trkpt lat="48.4775500" lon="7.7191680">
    <ele>147.5</ele>
    <time>2024-04-20T19:26:26Z</time>
   </trkpt>
   <trkpt lat="48.4774870" lon="7.7191420">
    <ele>147.5</ele>
    <time>2024-04-20T19:26:27Z</time>
   </trkpt>
   <trkpt lat="48.4774260" lon="7.7191160">
    <ele>147.5</ele>
    <time>2024-04-20T19:26:28Z</time>
   </trkpt>
   <trkpt lat="48.4773640" lon="7.7190890">
    <ele>147.5</ele>
    <time>2024-04-20T19:26:29Z</time>
   </trkpt>
   <trkpt lat="48.4773030" lon="7.7190640">
    <ele>147.5</ele>
    <time>2024-04-20T19:26:30Z</time>
   </trkpt>
   <trkpt lat="48.4772430" lon="7.7190390">
    <ele>147.5</ele>
    <time>2024-04-20T19:26:31Z</time>
   </trkpt>
   <trkpt lat="48.4771810" lon="7.7190140">
    <ele>147.5</ele>
    <time>2024-04-20T19:26:32Z</time>
   </trkpt>
   <trkpt lat="48.4771190" lon="7.7189910">
    <ele>147.4</ele>
    <time>2024-04-20T19:26:33Z</time>
   </trkpt>
   <trkpt lat="48.4770580" lon="7.7189700">
    <ele>147.4</ele>
    <time>2024-04-20T19:26:34Z</time>
   </trkpt>
   <trkpt lat="48.4769950" lon="7.7189470">
    <ele>147.4</ele>
    <time>2024-04-20T19:26:35Z</time>
   </trkpt>
   <trkpt lat="48.4769350" lon="7.7189230">
    <ele>147.4</ele>
    <time>2024-04-20T19:26:36Z</time>
   </trkpt>
   <trkpt lat="48.4768760" lon="7.7188980">
    <ele>147.4</ele>
    <time>2024-04-20T19:26:37Z</time>
   </trkpt>
   <trkpt lat="48.4768160" lon="7.7188760">
    <ele>147.4</ele>
    <time>2024-04-20T19:26:38Z</time>
   </trkpt>
   <trkpt lat="48.4767580" lon="7.7188530">
    <ele>147.4</ele>
    <time>2024-04-20T19:26:39Z</time>
   </trkpt>
   <trkpt lat="48.4767010" lon="7.7188310">
    <ele>147.5</ele>
    <time>2024-04-20T19:26:40Z</time>
   </trkpt>
   <trkpt lat="48.4766390" lon="7.7188080">
    <ele>147.5</ele>
    <time>2024-04-20T19:26:41Z</time>
   </trkpt>
   <trkpt lat="48.4765810" lon="7.7187850">
    <ele>147.5</ele>
    <time>2024-04-20T19:26:42Z</time>
   </trkpt>
   <trkpt lat="48.4765210" lon="7.7187610">
    <ele>147.5</ele>
    <time>2024-04-20T19:26:43Z</time>
   </trkpt>
   <trkpt lat="48.4764610" lon="7.7187400">
    <ele>147.5</ele>
    <time>2024-04-20T19:26:44Z</time>
   </trkpt>
   <trkpt lat="48.4764030" lon="7.7187150">
    <ele>147.6</ele>
    <time>2024-04-20T19:26:45Z</time>
   </trkpt>
   <trkpt lat="48.4763440" lon="7.7186930">
    <ele>147.6</ele>
    <time>2024-04-20T19:26:46Z</time>
   </trkpt>
   <trkpt lat="48.4762860" lon="7.7186730">
    <ele>147.6</ele>
    <time>2024-04-20T19:26:47Z</time>
   </trkpt>
   <trkpt lat="48.4762270" lon="7.7186510">
    <ele>147.6</ele>
    <time>2024-04-20T19:26:48Z</time>
   </trkpt>
   <trkpt lat="48.4761690" lon="7.7186300">
    <ele>147.6</ele>
    <time>2024-04-20T19:26:49Z</time>
   </trkpt>
   <trkpt lat="48.4761100" lon="7.7186050">
    <ele>147.6</ele>
    <time>2024-04-20T19:26:50Z</time>
   </trkpt>
   <trkpt lat="48.4760500" lon="7.7185810">
    <ele>147.6</ele>
    <time>2024-04-20T19:26:51Z</time>
   </trkpt>
   <trkpt lat="48.4759900" lon="7.7185590">
    <ele>147.6</ele>
    <time>2024-04-20T19:26:52Z</time>
   </trkpt>
   <trkpt lat="48.4759300" lon="7.7185380">
    <ele>147.6</ele>
    <time>2024-04-20T19:26:53Z</time>
   </trkpt>
   <trkpt lat="48.4758700" lon="7.7185120">
    <ele>147.5</ele>
    <time>2024-04-20T19:26:54Z</time>
   </trkpt>
   <trkpt lat="48.4758090" lon="7.7184870">
    <ele>147.5</ele>
    <time>2024-04-20T19:26:55Z</time>
   </trkpt>
   <trkpt lat="48.4757480" lon="7.7184590">
    <ele>147.5</ele>
    <time>2024-04-20T19:26:56Z</time>
   </trkpt>
   <trkpt lat="48.4756870" lon="7.7184330">
    <ele>147.5</ele>
    <time>2024-04-20T19:26:57Z</time>
   </trkpt>
   <trkpt lat="48.4756250" lon="7.7184100">
    <ele>147.5</ele>
    <time>2024-04-20T19:26:58Z</time>
   </trkpt>
   <trkpt lat="48.4755620" lon="7.7183860">
    <ele>147.4</ele>
    <time>2024-04-20T19:26:59Z</time>
   </trkpt>
   <trkpt lat="48.4754980" lon="7.7183630">
    <ele>147.4</ele>
    <time>2024-04-20T19:27:00Z</time>
   </trkpt>
   <trkpt lat="48.4754340" lon="7.7183350">
    <ele>147.4</ele>
    <time>2024-04-20T19:27:01Z</time>
   </trkpt>
   <trkpt lat="48.4753700" lon="7.7183080">
    <ele>147.4</ele>
    <time>2024-04-20T19:27:02Z</time>
   </trkpt>
   <trkpt lat="48.4753090" lon="7.7182850">
    <ele>147.4</ele>
    <time>2024-04-20T19:27:03Z</time>
   </trkpt>
   <trkpt lat="48.4752480" lon="7.7182620">
    <ele>147.4</ele>
    <time>2024-04-20T19:27:04Z</time>
   </trkpt>
   <trkpt lat="48.4751850" lon="7.7182410">
    <ele>147.4</ele>
    <time>2024-04-20T19:27:05Z</time>
   </trkpt>
   <trkpt lat="48.4751240" lon="7.7182210">
    <ele>147.4</ele>
    <time>2024-04-20T19:27:06Z</time>
   </trkpt>
   <trkpt lat="48.4750640" lon="7.7181950">
    <ele>147.5</ele>
    <time>2024-04-20T19:27:07Z</time>
   </trkpt>
   <trkpt lat="48.4750030" lon="7.7181710">
    <ele>147.5</ele>
    <time>2024-04-20T19:27:08Z</time>
   </trkpt>
   <trkpt lat="48.4749400" lon="7.7181460">
    <ele>147.5</ele>
    <time>2024-04-20T19:27:09Z</time>
   </trkpt>
   <trkpt lat="48.4748790" lon="7.7181240">
    <ele>147.5</ele>
    <time>2024-04-20T19:27:10Z</time>
   </trkpt>
   <trkpt lat="48.4748170" lon="7.7181010">
    <ele>147.6</ele>
    <time>2024-04-20T19:27:11Z</time>
   </trkpt>
   <trkpt lat="48.4747550" lon="7.7180770">
    <ele>147.6</ele>
    <time>2024-04-20T19:27:12Z</time>
   </trkpt>
   <trkpt lat="48.4746940" lon="7.7180520">
    <ele>147.6</ele>
    <time>2024-04-20T19:27:13Z</time>
   </trkpt>
   <trkpt lat="48.4746330" lon="7.7180290">
    <ele>147.6</ele>
    <time>2024-04-20T19:27:14Z</time>
   </trkpt>
   <trkpt lat="48.4745730" lon="7.7180060">
    <ele>147.6</ele>
    <time>2024-04-20T19:27:15Z</time>
   </trkpt>
   <trkpt lat="48.4745120" lon="7.7179840">
    <ele>147.6</ele>
    <time>2024-04-20T19:27:16Z</time>
   </trkpt>
   <trkpt lat="48.4744520" lon="7.7179600">
    <ele>147.6</ele>
    <time>2024-04-20T19:27:17Z</time>
   </trkpt>
   <trkpt lat="48.4743910" lon="7.7179310">
    <ele>147.6</ele>
    <time>2024-04-20T19:27:18Z</time>
   </trkpt>
   <trkpt lat="48.4743290" lon="7.7179080">
    <ele>147.6</ele>
    <time>2024-04-20T19:27:19Z</time>
   </trkpt>
   <trkpt lat="48.4742680" lon="7.7178860">
    <ele>147.6</ele>
    <time>2024-04-20T19:27:20Z</time>
   </trkpt>
   <trkpt lat="48.4742070" lon="7.7178630">
    <ele>147.6</ele>
    <time>2024-04-20T19:27:21Z</time>
   </trkpt>
   <trkpt lat="48.4741460" lon="7.7178400">
    <ele>147.6</ele>
    <time>2024-04-20T19:27:22Z</time>
   </trkpt>
   <trkpt lat="48.4740860" lon="7.7178160">
    <ele>147.6</ele>
    <time>2024-04-20T19:27:23Z</time>
   </trkpt>
   <trkpt lat="48.4740250" lon="7.7177920">
    <ele>147.6</ele>
    <time>2024-04-20T19:27:24Z</time>
   </trkpt>
   <trkpt lat="48.4739660" lon="7.7177640">
    <ele>147.6</ele>
    <time>2024-04-20T19:27:25Z</time>
   </trkpt>
   <trkpt lat="48.4739050" lon="7.7177380">
    <ele>147.6</ele>
    <time>2024-04-20T19:27:26Z</time>
   </trkpt>
   <trkpt lat="48.4738420" lon="7.7177190">
    <ele>147.6</ele>
    <time>2024-04-20T19:27:27Z</time>
   </trkpt>
   <trkpt lat="48.4737790" lon="7.7176960">
    <ele>147.6</ele>
    <time>2024-04-20T19:27:28Z</time>
   </trkpt>
   <trkpt lat="48.4737180" lon="7.7176730">
    <ele>147.6</ele>
    <time>2024-04-20T19:27:29Z</time>
   </trkpt>
   <trkpt lat="48.4736580" lon="7.7176470">
    <ele>147.6</ele>
    <time>2024-04-20T19:27:30Z</time>
   </trkpt>
   <trkpt lat="48.4735980" lon="7.7176250">
    <ele>147.6</ele>
    <time>2024-04-20T19:27:31Z</time>
   </trkpt>
   <trkpt lat="48.4735360" lon="7.7176010">
    <ele>147.6</ele>
    <time>2024-04-20T19:27:32Z</time>
   </trkpt>
   <trkpt lat="48.4734740" lon="7.7175800">
    <ele>147.6</ele>
    <time>2024-04-20T19:27:33Z</time>
   </trkpt>
   <trkpt lat="48.4734120" lon="7.7175560">
    <ele>147.6</ele>
    <time>2024-04-20T19:27:34Z</time>
   </trkpt>
   <trkpt lat="48.4733500" lon="7.7175350">
    <ele>147.6</ele>
    <time>2024-04-20T19:27:35Z</time>
   </trkpt>
   <trkpt lat="48.4732890" lon="7.7175120">
    <ele>147.6</ele>
    <time>2024-04-20T19:27:36Z</time>
   </trkpt>
   <trkpt lat="48.4732280" lon="7.7174910">
    <ele>147.6</ele>
    <time>2024-04-20T19:27:37Z</time>
   </trkpt>
   <trkpt lat="48.4731660" lon="7.7174660">
    <ele>147.6</ele>
    <time>2024-04-20T19:27:38Z</time>
   </trkpt>
   <trkpt lat="48.4731070" lon="7.7174410">
    <ele>147.6</ele>
    <time>2024-04-20T19:27:39Z</time>
   </trkpt>
   <trkpt lat="48.4730470" lon="7.7174180">
    <ele>147.6</ele>
    <time>2024-04-20T19:27:40Z</time>
   </trkpt>
   <trkpt lat="48.4729870" lon="7.7173930">
    <ele>147.6</ele>
    <time>2024-04-20T19:27:41Z</time>
   </trkpt>
   <trkpt lat="48.4729270" lon="7.7173680">
    <ele>147.6</ele>
    <time>2024-04-20T19:27:42Z</time>
   </trkpt>
   <trkpt lat="48.4728660" lon="7.7173410">
    <ele>147.6</ele>
    <time>2024-04-20T19:27:43Z</time>
   </trkpt>
   <trkpt lat="48.4728050" lon="7.7173190">
    <ele>147.6</ele>
    <time>2024-04-20T19:27:44Z</time>
   </trkpt>
   <trkpt lat="48.4727460" lon="7.7172970">
    <ele>147.7</ele>
    <time>2024-04-20T19:27:45Z</time>
   </trkpt>
   <trkpt lat="48.4726840" lon="7.7172710">
    <ele>147.7</ele>
    <time>2024-04-20T19:27:46Z</time>
   </trkpt>
   <trkpt lat="48.4726220" lon="7.7172440">
    <ele>147.7</ele>
    <time>2024-04-20T19:27:47Z</time>
   </trkpt>
   <trkpt lat="48.4725590" lon="7.7172190">
    <ele>147.7</ele>
    <time>2024-04-20T19:27:48Z</time>
   </trkpt>
   <trkpt lat="48.4724970" lon="7.7171970">
    <ele>147.6</ele>
    <time>2024-04-20T19:27:49Z</time>
   </trkpt>
   <trkpt lat="48.4724340" lon="7.7171740">
    <ele>147.6</ele>
    <time>2024-04-20T19:27:50Z</time>
   </trkpt>
   <trkpt lat="48.4723700" lon="7.7171470">
    <ele>147.6</ele>
    <time>2024-04-20T19:27:51Z</time>
   </trkpt>
   <trkpt lat="48.4723060" lon="7.7171240">
    <ele>147.6</ele>
    <time>2024-04-20T19:27:52Z</time>
   </trkpt>
   <trkpt lat="48.4722420" lon="7.7170980">
    <ele>147.7</ele>
    <time>2024-04-20T19:27:53Z</time>
   </trkpt>
   <trkpt lat="48.4721780" lon="7.7170710">
    <ele>147.7</ele>
    <time>2024-04-20T19:27:54Z</time>
   </trkpt>
   <trkpt lat="48.4721140" lon="7.7170450">
    <ele>147.7</ele>
    <time>2024-04-20T19:27:55Z</time>
   </trkpt>
   <trkpt lat="48.4720490" lon="7.7170180">
    <ele>147.7</ele>
    <time>2024-04-20T19:27:56Z</time>
   </trkpt>
   <trkpt lat="48.4719850" lon="7.7169930">
    <ele>147.7</ele>
    <time>2024-04-20T19:27:57Z</time>
   </trkpt>
   <trkpt lat="48.4719200" lon="7.7169680">
    <ele>147.7</ele>
    <time>2024-04-20T19:27:58Z</time>
   </trkpt>
   <trkpt lat="48.4718550" lon="7.7169460">
    <ele>147.7</ele>
    <time>2024-04-20T19:27:59Z</time>
   </trkpt>
   <trkpt lat="48.4717910" lon="7.7169190">
    <ele>147.7</ele>
    <time>2024-04-20T19:28:00Z</time>
   </trkpt>
   <trkpt lat="48.4717250" lon="7.7168940">
    <ele>147.7</ele>
    <time>2024-04-20T19:28:01Z</time>
   </trkpt>
   <trkpt lat="48.4716610" lon="7.7168720">
    <ele>147.7</ele>
    <time>2024-04-20T19:28:02Z</time>
   </trkpt>
   <trkpt lat="48.4715950" lon="7.7168470">
    <ele>147.8</ele>
    <time>2024-04-20T19:28:03Z</time>
   </trkpt>
   <trkpt lat="48.4715290" lon="7.7168220">
    <ele>147.8</ele>
    <time>2024-04-20T19:28:04Z</time>
   </trkpt>
   <trkpt lat="48.4714640" lon="7.7167950">
    <ele>147.8</ele>
    <time>2024-04-20T19:28:05Z</time>
   </trkpt>
   <trkpt lat="48.4713990" lon="7.7167710">
    <ele>147.8</ele>
    <time>2024-04-20T19:28:06Z</time>
   </trkpt>
   <trkpt lat="48.4713340" lon="7.7167520">
    <ele>147.9</ele>
    <time>2024-04-20T19:28:07Z</time>
   </trkpt>
   <trkpt lat="48.4712690" lon="7.7167300">
    <ele>148.0</ele>
    <time>2024-04-20T19:28:08Z</time>
   </trkpt>
   <trkpt lat="48.4712030" lon="7.7167060">
    <ele>148.0</ele>
    <time>2024-04-20T19:28:09Z</time>
   </trkpt>
   <trkpt lat="48.4711350" lon="7.7166890">
    <ele>148.0</ele>
    <time>2024-04-20T19:28:10Z</time>
   </trkpt>
   <trkpt lat="48.4710700" lon="7.7166810">
    <ele>148.1</ele>
    <time>2024-04-20T19:28:11Z</time>
   </trkpt>
   <trkpt lat="48.4710080" lon="7.7166690">
    <ele>148.1</ele>
    <time>2024-04-20T19:28:12Z</time>
   </trkpt>
   <trkpt lat="48.4709460" lon="7.7166530">
    <ele>148.2</ele>
    <time>2024-04-20T19:28:13Z</time>
   </trkpt>
   <trkpt lat="48.4708840" lon="7.7166220">
    <ele>148.2</ele>
    <time>2024-04-20T19:28:14Z</time>
   </trkpt>
   <trkpt lat="48.4708240" lon="7.7165800">
    <ele>148.2</ele>
    <time>2024-04-20T19:28:15Z</time>
   </trkpt>
   <trkpt lat="48.4707640" lon="7.7165410">
    <ele>148.1</ele>
    <time>2024-04-20T19:28:16Z</time>
   </trkpt>
   <trkpt lat="48.4707010" lon="7.7165150">
    <ele>148.1</ele>
    <time>2024-04-20T19:28:17Z</time>
   </trkpt>
   <trkpt lat="48.4706370" lon="7.7164870">
    <ele>148.1</ele>
    <time>2024-04-20T19:28:18Z</time>
   </trkpt>
   <trkpt lat="48.4705720" lon="7.7164620">
    <ele>148.0</ele>
    <time>2024-04-20T19:28:19Z</time>
   </trkpt>
   <trkpt lat="48.4705080" lon="7.7164400">
    <ele>148.0</ele>
    <time>2024-04-20T19:28:20Z</time>
   </trkpt>
   <trkpt lat="48.4704450" lon="7.7164150">
    <ele>147.9</ele>
    <time>2024-04-20T19:28:21Z</time>
   </trkpt>
   <trkpt lat="48.4703810" lon="7.7163860">
    <ele>147.9</ele>
    <time>2024-04-20T19:28:22Z</time>
   </trkpt>
   <trkpt lat="48.4703180" lon="7.7163570">
    <ele>147.9</ele>
    <time>2024-04-20T19:28:23Z</time>
   </trkpt>
   <trkpt lat="48.4702530" lon="7.7163300">
    <ele>147.9</ele>
    <time>2024-04-20T19:28:24Z</time>
   </trkpt>
   <trkpt lat="48.4701840" lon="7.7163080">
    <ele>147.8</ele>
    <time>2024-04-20T19:28:25Z</time>
   </trkpt>
   <trkpt lat="48.4701170" lon="7.7162840">
    <ele>147.8</ele>
    <time>2024-04-20T19:28:26Z</time>
   </trkpt>
   <trkpt lat="48.4700520" lon="7.7162610">
    <ele>147.8</ele>
    <time>2024-04-20T19:28:27Z</time>
   </trkpt>
   <trkpt lat="48.4699900" lon="7.7162330">
    <ele>147.8</ele>
    <time>2024-04-20T19:28:28Z</time>
   </trkpt>
   <trkpt lat="48.4699300" lon="7.7162090">
    <ele>147.7</ele>
    <time>2024-04-20T19:28:29Z</time>
   </trkpt>
   <trkpt lat="48.4698650" lon="7.7161840">
    <ele>147.7</ele>
    <time>2024-04-20T19:28:30Z</time>
   </trkpt>
   <trkpt lat="48.4697990" lon="7.7161560">
    <ele>147.7</ele>
    <time>2024-04-20T19:28:31Z</time>
   </trkpt>
   <trkpt lat="48.4697350" lon="7.7161330">
    <ele>147.7</ele>
    <time>2024-04-20T19:28:32Z</time>
   </trkpt>
   <trkpt lat="48.4696710" lon="7.7161060">
    <ele>147.7</ele>
    <time>2024-04-20T19:28:33Z</time>
   </trkpt>
   <trkpt lat="48.4696060" lon="7.7160830">
    <ele>147.8</ele>
    <time>2024-04-20T19:28:34Z</time>
   </trkpt>
   <trkpt lat="48.4695400" lon="7.7160600">
    <ele>147.8</ele>
    <time>2024-04-20T19:28:35Z</time>
   </trkpt>
   <trkpt lat="48.4694750" lon="7.7160360">
    <ele>147.7</ele>
    <time>2024-04-20T19:28:36Z</time>
   </trkpt>
   <trkpt lat="48.4694090" lon="7.7160080">
    <ele>147.7</ele>
    <time>2024-04-20T19:28:37Z</time>
   </trkpt>
   <trkpt lat="48.4693400" lon="7.7159860">
    <ele>147.6</ele>
    <time>2024-04-20T19:28:38Z</time>
   </trkpt>
   <trkpt lat="48.4692730" lon="7.7159600">
    <ele>147.6</ele>
    <time>2024-04-20T19:28:39Z</time>
   </trkpt>
   <trkpt lat="48.4692060" lon="7.7159340">
    <ele>147.6</ele>
    <time>2024-04-20T19:28:40Z</time>
   </trkpt>
   <trkpt lat="48.4691390" lon="7.7159060">
    <ele>147.6</ele>
    <time>2024-04-20T19:28:41Z</time>
   </trkpt>
   <trkpt lat="48.4690740" lon="7.7158750">
    <ele>147.6</ele>
    <time>2024-04-20T19:28:42Z</time>
   </trkpt>
   <trkpt lat="48.4690070" lon="7.7158500">
    <ele>147.6</ele>
    <time>2024-04-20T19:28:43Z</time>
   </trkpt>
   <trkpt lat="48.4689410" lon="7.7158270">
    <ele>147.6</ele>
    <time>2024-04-20T19:28:44Z</time>
   </trkpt>
   <trkpt lat="48.4688790" lon="7.7158020">
    <ele>147.6</ele>
    <time>2024-04-20T19:28:45Z</time>
   </trkpt>
   <trkpt lat="48.4688140" lon="7.7157770">
    <ele>147.6</ele>
    <time>2024-04-20T19:28:46Z</time>
   </trkpt>
   <trkpt lat="48.4687490" lon="7.7157540">
    <ele>147.6</ele>
    <time>2024-04-20T19:28:47Z</time>
   </trkpt>
   <trkpt lat="48.4686840" lon="7.7157290">
    <ele>147.6</ele>
    <time>2024-04-20T19:28:48Z</time>
   </trkpt>
   <trkpt lat="48.4686180" lon="7.7157040">
    <ele>147.6</ele>
    <time>2024-04-20T19:28:49Z</time>
   </trkpt>
   <trkpt lat="48.4685510" lon="7.7156800">
    <ele>147.6</ele>
    <time>2024-04-20T19:28:50Z</time>
   </trkpt>
   <trkpt lat="48.4684860" lon="7.7156530">
    <ele>147.6</ele>
    <time>2024-04-20T19:28:51Z</time>
   </trkpt>
   <trkpt lat="48.4684220" lon="7.7156270">
    <ele>147.6</ele>
    <time>2024-04-20T19:28:52Z</time>
   </trkpt>
   <trkpt lat="48.4683600" lon="7.7156040">
    <ele>147.5</ele>
    <time>2024-04-20T19:28:53Z</time>
   </trkpt>
   <trkpt lat="48.4682960" lon="7.7155800">
    <ele>147.5</ele>
    <time>2024-04-20T19:28:54Z</time>
   </trkpt>
   <trkpt lat="48.4682310" lon="7.7155540">
    <ele>147.5</ele>
    <time>2024-04-20T19:28:55Z</time>
   </trkpt>
   <trkpt lat="48.4681660" lon="7.7155290">
    <ele>147.5</ele>
    <time>2024-04-20T19:28:56Z</time>
   </trkpt>
   <trkpt lat="48.4681010" lon="7.7155030">
    <ele>147.5</ele>
    <time>2024-04-20T19:28:57Z</time>
   </trkpt>
   <trkpt lat="48.4680360" lon="7.7154840">
    <ele>147.5</ele>
    <time>2024-04-20T19:28:58Z</time>
   </trkpt>
   <trkpt lat="48.4679710" lon="7.7154610">
    <ele>147.5</ele>
    <time>2024-04-20T19:28:59Z</time>
   </trkpt>
   <trkpt lat="48.4679060" lon="7.7154370">
    <ele>147.5</ele>
    <time>2024-04-20T19:29:00Z</time>
   </trkpt>
   <trkpt lat="48.4678450" lon="7.7154070">
    <ele>147.5</ele>
    <time>2024-04-20T19:29:01Z</time>
   </trkpt>
   <trkpt lat="48.4677830" lon="7.7153810">
    <ele>147.5</ele>
    <time>2024-04-20T19:29:02Z</time>
   </trkpt>
   <trkpt lat="48.4677220" lon="7.7153530">
    <ele>147.5</ele>
    <time>2024-04-20T19:29:03Z</time>
   </trkpt>
   <trkpt lat="48.4676600" lon="7.7153260">
    <ele>147.5</ele>
    <time>2024-04-20T19:29:04Z</time>
   </trkpt>
   <trkpt lat="48.4675990" lon="7.7152990">
    <ele>147.5</ele>
    <time>2024-04-20T19:29:05Z</time>
   </trkpt>
   <trkpt lat="48.4675360" lon="7.7152790">
    <ele>147.5</ele>
    <time>2024-04-20T19:29:06Z</time>
   </trkpt>
   <trkpt lat="48.4674710" lon="7.7152510">
    <ele>147.5</ele>
    <time>2024-04-20T19:29:07Z</time>
   </trkpt>
   <trkpt lat="48.4674070" lon="7.7152230">
    <ele>147.5</ele>
    <time>2024-04-20T19:29:08Z</time>
   </trkpt>
   <trkpt lat="48.4673460" lon="7.7151990">
    <ele>147.5</ele>
    <time>2024-04-20T19:29:09Z</time>
   </trkpt>
   <trkpt lat="48.4672850" lon="7.7151800">
    <ele>147.5</ele>
    <time>2024-04-20T19:29:10Z</time>
   </trkpt>
   <trkpt lat="48.4672250" lon="7.7151580">
    <ele>147.5</ele>
    <time>2024-04-20T19:29:11Z</time>
   </trkpt>
   <trkpt lat="48.4671630" lon="7.7151340">
    <ele>147.5</ele>
    <time>2024-04-20T19:29:12Z</time>
   </trkpt>
   <trkpt lat="48.4670990" lon="7.7151130">
    <ele>147.5</ele>
    <time>2024-04-20T19:29:13Z</time>
   </trkpt>
   <trkpt lat="48.4670380" lon="7.7150880">
    <ele>147.5</ele>
    <time>2024-04-20T19:29:14Z</time>
   </trkpt>
   <trkpt lat="48.4669790" lon="7.7150630">
    <ele>147.5</ele>
    <time>2024-04-20T19:29:15Z</time>
   </trkpt>
   <trkpt lat="48.4669200" lon="7.7150390">
    <ele>147.5</ele>
    <time>2024-04-20T19:29:16Z</time>
   </trkpt>
   <trkpt lat="48.4668620" lon="7.7150160">
    <ele>147.6</ele>
    <time>2024-04-20T19:29:17Z</time>
   </trkpt>
   <trkpt lat="48.4667990" lon="7.7149960">
    <ele>147.6</ele>
    <time>2024-04-20T19:29:18Z</time>
   </trkpt>
   <trkpt lat="48.4667370" lon="7.7149730">
    <ele>147.6</ele>
    <time>2024-04-20T19:29:19Z</time>
   </trkpt>
   <trkpt lat="48.4666790" lon="7.7149470">
    <ele>147.6</ele>
    <time>2024-04-20T19:29:20Z</time>
   </trkpt>
   <trkpt lat="48.4666180" lon="7.7149250">
    <ele>147.6</ele>
    <time>2024-04-20T19:29:21Z</time>
   </trkpt>
   <trkpt lat="48.4665570" lon="7.7149050">
    <ele>147.6</ele>
    <time>2024-04-20T19:29:22Z</time>
   </trkpt>
   <trkpt lat="48.4664970" lon="7.7148810">
    <ele>147.6</ele>
    <time>2024-04-20T19:29:23Z</time>
   </trkpt>
   <trkpt lat="48.4664340" lon="7.7148550">
    <ele>147.6</ele>
    <time>2024-04-20T19:29:24Z</time>
   </trkpt>
   <trkpt lat="48.4663700" lon="7.7148280">
    <ele>147.6</ele>
    <time>2024-04-20T19:29:25Z</time>
   </trkpt>
   <trkpt lat="48.4663080" lon="7.7148020">
    <ele>147.6</ele>
    <time>2024-04-20T19:29:26Z</time>
   </trkpt>
   <trkpt lat="48.4662470" lon="7.7147810">
    <ele>147.6</ele>
    <time>2024-04-20T19:29:27Z</time>
   </trkpt>
   <trkpt lat="48.4661860" lon="7.7147560">
    <ele>147.6</ele>
    <time>2024-04-20T19:29:28Z</time>
   </trkpt>
   <trkpt lat="48.4661250" lon="7.7147320">
    <ele>147.6</ele>
    <time>2024-04-20T19:29:29Z</time>
   </trkpt>
   <trkpt lat="48.4660650" lon="7.7147050">
    <ele>147.6</ele>
    <time>2024-04-20T19:29:30Z</time>
   </trkpt>
   <trkpt lat="48.4660050" lon="7.7146810">
    <ele>147.7</ele>
    <time>2024-04-20T19:29:31Z</time>
   </trkpt>
   <trkpt lat="48.4659440" lon="7.7146550">
    <ele>147.7</ele>
    <time>2024-04-20T19:29:32Z</time>
   </trkpt>
   <trkpt lat="48.4658830" lon="7.7146330">
    <ele>147.7</ele>
    <time>2024-04-20T19:29:33Z</time>
   </trkpt>
   <trkpt lat="48.4658200" lon="7.7146100">
    <ele>147.6</ele>
    <time>2024-04-20T19:29:34Z</time>
   </trkpt>
   <trkpt lat="48.4657600" lon="7.7145860">
    <ele>147.6</ele>
    <time>2024-04-20T19:29:35Z</time>
   </trkpt>
   <trkpt lat="48.4656990" lon="7.7145600">
    <ele>147.6</ele>
    <time>2024-04-20T19:29:36Z</time>
   </trkpt>
   <trkpt lat="48.4656380" lon="7.7145390">
    <ele>147.6</ele>
    <time>2024-04-20T19:29:37Z</time>
   </trkpt>
   <trkpt lat="48.4655780" lon="7.7145120">
    <ele>147.6</ele>
    <time>2024-04-20T19:29:38Z</time>
   </trkpt>
   <trkpt lat="48.4655170" lon="7.7144870">
    <ele>147.6</ele>
    <time>2024-04-20T19:29:39Z</time>
   </trkpt>
   <trkpt lat="48.4654550" lon="7.7144640">
    <ele>147.6</ele>
    <time>2024-04-20T19:29:40Z</time>
   </trkpt>
   <trkpt lat="48.4653950" lon="7.7144400">
    <ele>147.5</ele>
    <time>2024-04-20T19:29:41Z</time>
   </trkpt>
   <trkpt lat="48.4653330" lon="7.7144170">
    <ele>147.5</ele>
    <time>2024-04-20T19:29:42Z</time>
   </trkpt>
   <trkpt lat="48.4652710" lon="7.7143920">
    <ele>147.5</ele>
    <time>2024-04-20T19:29:43Z</time>
   </trkpt>
   <trkpt lat="48.4652110" lon="7.7143680">
    <ele>147.5</ele>
    <time>2024-04-20T19:29:44Z</time>
   </trkpt>
   <trkpt lat="48.4651480" lon="7.7143460">
    <ele>147.5</ele>
    <time>2024-04-20T19:29:45Z</time>
   </trkpt>
   <trkpt lat="48.4650870" lon="7.7143240">
    <ele>147.5</ele>
    <time>2024-04-20T19:29:46Z</time>
   </trkpt>
   <trkpt lat="48.4650270" lon="7.7143020">
    <ele>147.5</ele>
    <time>2024-04-20T19:29:47Z</time>
   </trkpt>
   <trkpt lat="48.4649680" lon="7.7142780">
    <ele>147.5</ele>
    <time>2024-04-20T19:29:48Z</time>
   </trkpt>
   <trkpt lat="48.4649040" lon="7.7142540">
    <ele>147.5</ele>
    <time>2024-04-20T19:29:49Z</time>
   </trkpt>
   <trkpt lat="48.4648420" lon="7.7142320">
    <ele>147.5</ele>
    <time>2024-04-20T19:29:50Z</time>
   </trkpt>
   <trkpt lat="48.4647800" lon="7.7142120">
    <ele>147.5</ele>
    <time>2024-04-20T19:29:51Z</time>
   </trkpt>
   <trkpt lat="48.4647180" lon="7.7141870">
    <ele>147.5</ele>
    <time>2024-04-20T19:29:52Z</time>
   </trkpt>
   <trkpt lat="48.4646570" lon="7.7141600">
    <ele>147.5</ele>
    <time>2024-04-20T19:29:53Z</time>
   </trkpt>
   <trkpt lat="48.4645960" lon="7.7141340">
    <ele>147.5</ele>
    <time>2024-04-20T19:29:54Z</time>
   </trkpt>
   <trkpt lat="48.4645340" lon="7.7141090">
    <ele>147.5</ele>
    <time>2024-04-20T19:29:55Z</time>
   </trkpt>
   <trkpt lat="48.4644700" lon="7.7140860">
    <ele>147.5</ele>
    <time>2024-04-20T19:29:56Z</time>
   </trkpt>
   <trkpt lat="48.4644090" lon="7.7140600">
    <ele>147.6</ele>
    <time>2024-04-20T19:29:57Z</time>
   </trkpt>
   <trkpt lat="48.4643490" lon="7.7140360">
    <ele>147.6</ele>
    <time>2024-04-20T19:29:58Z</time>
   </trkpt>
   <trkpt lat="48.4642880" lon="7.7140100">
    <ele>147.6</ele>
    <time>2024-04-20T19:29:59Z</time>
   </trkpt>
   <trkpt lat="48.4642270" lon="7.7139870">
    <ele>147.5</ele>
    <time>2024-04-20T19:30:00Z</time>
   </trkpt>
   <trkpt lat="48.4641680" lon="7.7139610">
    <ele>147.5</ele>
    <time>2024-04-20T19:30:01Z</time>
   </trkpt>
   <trkpt lat="48.4641050" lon="7.7139410">
    <ele>147.5</ele>
    <time>2024-04-20T19:30:02Z</time>
   </trkpt>
   <trkpt lat="48.4640420" lon="7.7139170">
    <ele>147.5</ele>
    <time>2024-04-20T19:30:03Z</time>
   </trkpt>
   <trkpt lat="48.4639820" lon="7.7138920">
    <ele>147.5</ele>
    <time>2024-04-20T19:30:04Z</time>
   </trkpt>
   <trkpt lat="48.4639220" lon="7.7138680">
    <ele>147.5</ele>
    <time>2024-04-20T19:30:05Z</time>
   </trkpt>
   <trkpt lat="48.4638590" lon="7.7138400">
    <ele>147.5</ele>
    <time>2024-04-20T19:30:06Z</time>
   </trkpt>
   <trkpt lat="48.4637970" lon="7.7138180">
    <ele>147.5</ele>
    <time>2024-04-20T19:30:07Z</time>
   </trkpt>
   <trkpt lat="48.4637350" lon="7.7137930">
    <ele>147.6</ele>
    <time>2024-04-20T19:30:08Z</time>
   </trkpt>
   <trkpt lat="48.4636730" lon="7.7137720">
    <ele>147.6</ele>
    <time>2024-04-20T19:30:09Z</time>
   </trkpt>
   <trkpt lat="48.4636120" lon="7.7137480">
    <ele>147.6</ele>
    <time>2024-04-20T19:30:10Z</time>
   </trkpt>
   <trkpt lat="48.4635510" lon="7.7137250">
    <ele>147.6</ele>
    <time>2024-04-20T19:30:11Z</time>
   </trkpt>
   <trkpt lat="48.4634890" lon="7.7137020">
    <ele>147.7</ele>
    <time>2024-04-20T19:30:12Z</time>
   </trkpt>
   <trkpt lat="48.4634270" lon="7.7136810">
    <ele>147.7</ele>
    <time>2024-04-20T19:30:13Z</time>
   </trkpt>
   <trkpt lat="48.4633670" lon="7.7136560">
    <ele>147.7</ele>
    <time>2024-04-20T19:30:14Z</time>
   </trkpt>
   <trkpt lat="48.4633040" lon="7.7136310">
    <ele>147.7</ele>
    <time>2024-04-20T19:30:15Z</time>
   </trkpt>
   <trkpt lat="48.4632420" lon="7.7136090">
    <ele>147.7</ele>
    <time>2024-04-20T19:30:16Z</time>
   </trkpt>
   <trkpt lat="48.4631790" lon="7.7135870">
    <ele>147.7</ele>
    <time>2024-04-20T19:30:17Z</time>
   </trkpt>
   <trkpt lat="48.4631170" lon="7.7135640">
    <ele>147.7</ele>
    <time>2024-04-20T19:30:18Z</time>
   </trkpt>
   <trkpt lat="48.4630550" lon="7.7135400">
    <ele>147.7</ele>
    <time>2024-04-20T19:30:19Z</time>
   </trkpt>
   <trkpt lat="48.4629940" lon="7.7135160">
    <ele>147.7</ele>
    <time>2024-04-20T19:30:20Z</time>
   </trkpt>
   <trkpt lat="48.4629320" lon="7.7134940">
    <ele>147.8</ele>
    <time>2024-04-20T19:30:21Z</time>
   </trkpt>
   <trkpt lat="48.4628670" lon="7.7134710">
    <ele>147.8</ele>
    <time>2024-04-20T19:30:22Z</time>
   </trkpt>
   <trkpt lat="48.4628030" lon="7.7134450">
    <ele>147.8</ele>
    <time>2024-04-20T19:30:23Z</time>
   </trkpt>
   <trkpt lat="48.4627400" lon="7.7134220">
    <ele>147.8</ele>
    <time>2024-04-20T19:30:24Z</time>
   </trkpt>
   <trkpt lat="48.4626770" lon="7.7133960">
    <ele>147.8</ele>
    <time>2024-04-20T19:30:25Z</time>
   </trkpt>
   <trkpt lat="48.4626140" lon="7.7133670">
    <ele>147.8</ele>
    <time>2024-04-20T19:30:26Z</time>
   </trkpt>
   <trkpt lat="48.4625530" lon="7.7133400">
    <ele>147.8</ele>
    <time>2024-04-20T19:30:27Z</time>
   </trkpt>
   <trkpt lat="48.4624900" lon="7.7133150">
    <ele>147.8</ele>
    <time>2024-04-20T19:30:28Z</time>
   </trkpt>
   <trkpt lat="48.4624290" lon="7.7132910">
    <ele>147.8</ele>
    <time>2024-04-20T19:30:29Z</time>
   </trkpt>
   <trkpt lat="48.4623650" lon="7.7132690">
    <ele>147.9</ele>
    <time>2024-04-20T19:30:30Z</time>
   </trkpt>
   <trkpt lat="48.4623010" lon="7.7132480">
    <ele>147.9</ele>
    <time>2024-04-20T19:30:31Z</time>
   </trkpt>
   <trkpt lat="48.4622390" lon="7.7132190">
    <ele>147.9</ele>
    <time>2024-04-20T19:30:32Z</time>
   </trkpt>
   <trkpt lat="48.4621770" lon="7.7131940">
    <ele>147.9</ele>
    <time>2024-04-20T19:30:33Z</time>
   </trkpt>
   <trkpt lat="48.4621130" lon="7.7131710">
    <ele>147.9</ele>
    <time>2024-04-20T19:30:34Z</time>
   </trkpt>
   <trkpt lat="48.4620500" lon="7.7131500">
    <ele>147.9</ele>
    <time>2024-04-20T19:30:35Z</time>
   </trkpt>
   <trkpt lat="48.4619860" lon="7.7131250">
    <ele>147.9</ele>
    <time>2024-04-20T19:30:36Z</time>
   </trkpt>
   <trkpt lat="48.4619250" lon="7.7130980">
    <ele>147.9</ele>
    <time>2024-04-20T19:30:37Z</time>
   </trkpt>
   <trkpt lat="48.4618630" lon="7.7130740">
    <ele>148.0</ele>
    <time>2024-04-20T19:30:38Z</time>
   </trkpt>
   <trkpt lat="48.4618000" lon="7.7130460">
    <ele>148.0</ele>
    <time>2024-04-20T19:30:39Z</time>
   </trkpt>
   <trkpt lat="48.4617370" lon="7.7130220">
    <ele>148.0</ele>
    <time>2024-04-20T19:30:40Z</time>
   </trkpt>
   <trkpt lat="48.4616740" lon="7.7129970">
    <ele>148.0</ele>
    <time>2024-04-20T19:30:41Z</time>
   </trkpt>
   <trkpt lat="48.4616110" lon="7.7129750">
    <ele>148.0</ele>
    <time>2024-04-20T19:30:42Z</time>
   </trkpt>
   <trkpt lat="48.4615480" lon="7.7129500">
    <ele>148.0</ele>
    <time>2024-04-20T19:30:43Z</time>
   </trkpt>
   <trkpt lat="48.4614850" lon="7.7129250">
    <ele>148.0</ele>
    <time>2024-04-20T19:30:44Z</time>
   </trkpt>
   <trkpt lat="48.4614220" lon="7.7129040">
    <ele>148.0</ele>
    <time>2024-04-20T19:30:45Z</time>
   </trkpt>
   <trkpt lat="48.4613610" lon="7.7128820">
    <ele>148.1</ele>
    <time>2024-04-20T19:30:46Z</time>
   </trkpt>
   <trkpt lat="48.4612970" lon="7.7128570">
    <ele>148.1</ele>
    <time>2024-04-20T19:30:47Z</time>
   </trkpt>
   <trkpt lat="48.4612330" lon="7.7128330">
    <ele>148.1</ele>
    <time>2024-04-20T19:30:48Z</time>
   </trkpt>
   <trkpt lat="48.4611700" lon="7.7128050">
    <ele>148.1</ele>
    <time>2024-04-20T19:30:49Z</time>
   </trkpt>
   <trkpt lat="48.4611060" lon="7.7127790">
    <ele>148.1</ele>
    <time>2024-04-20T19:30:50Z</time>
   </trkpt>
   <trkpt lat="48.4610420" lon="7.7127540">
    <ele>148.0</ele>
    <time>2024-04-20T19:30:51Z</time>
   </trkpt>
   <trkpt lat="48.4609760" lon="7.7127320">
    <ele>148.0</ele>
    <time>2024-04-20T19:30:52Z</time>
   </trkpt>
   <trkpt lat="48.4609120" lon="7.7127080">
    <ele>148.0</ele>
    <time>2024-04-20T19:30:53Z</time>
   </trkpt>
   <trkpt lat="48.4608510" lon="7.7126840">
    <ele>148.0</ele>
    <time>2024-04-20T19:30:54Z</time>
   </trkpt>
   <trkpt lat="48.4607870" lon="7.7126560">
    <ele>148.0</ele>
    <time>2024-04-20T19:30:55Z</time>
   </trkpt>
   <trkpt lat="48.4607240" lon="7.7126350">
    <ele>148.0</ele>
    <time>2024-04-20T19:30:56Z</time>
   </trkpt>
   <trkpt lat="48.4606600" lon="7.7126120">
    <ele>148.0</ele>
    <time>2024-04-20T19:30:57Z</time>
   </trkpt>
   <trkpt lat="48.4605970" lon="7.7125880">
    <ele>148.0</ele>
    <time>2024-04-20T19:30:58Z</time>
   </trkpt>
   <trkpt lat="48.4605350" lon="7.7125630">
    <ele>148.0</ele>
    <time>2024-04-20T19:30:59Z</time>
   </trkpt>
   <trkpt lat="48.4604700" lon="7.7125350">
    <ele>148.0</ele>
    <time>2024-04-20T19:31:00Z</time>
   </trkpt>
   <trkpt lat="48.4604070" lon="7.7125090">
    <ele>148.0</ele>
    <time>2024-04-20T19:31:01Z</time>
   </trkpt>
   <trkpt lat="48.4603430" lon="7.7124850">
    <ele>148.0</ele>
    <time>2024-04-20T19:31:02Z</time>
   </trkpt>
   <trkpt lat="48.4602810" lon="7.7124580">
    <ele>148.1</ele>
    <time>2024-04-20T19:31:03Z</time>
   </trkpt>
   <trkpt lat="48.4602200" lon="7.7124350">
    <ele>148.1</ele>
    <time>2024-04-20T19:31:04Z</time>
   </trkpt>
   <trkpt lat="48.4601600" lon="7.7124120">
    <ele>148.1</ele>
    <time>2024-04-20T19:31:05Z</time>
   </trkpt>
   <trkpt lat="48.4601000" lon="7.7123880">
    <ele>148.1</ele>
    <time>2024-04-20T19:31:06Z</time>
   </trkpt>
   <trkpt lat="48.4600400" lon="7.7123650">
    <ele>148.2</ele>
    <time>2024-04-20T19:31:07Z</time>
   </trkpt>
   <trkpt lat="48.4599810" lon="7.7123430">
    <ele>148.2</ele>
    <time>2024-04-20T19:31:08Z</time>
   </trkpt>
   <trkpt lat="48.4599210" lon="7.7123210">
    <ele>148.2</ele>
    <time>2024-04-20T19:31:09Z</time>
   </trkpt>
   <trkpt lat="48.4598610" lon="7.7122970">
    <ele>148.3</ele>
    <time>2024-04-20T19:31:10Z</time>
   </trkpt>
   <trkpt lat="48.4598010" lon="7.7122710">
    <ele>148.3</ele>
    <time>2024-04-20T19:31:11Z</time>
   </trkpt>
   <trkpt lat="48.4597430" lon="7.7122470">
    <ele>148.3</ele>
    <time>2024-04-20T19:31:12Z</time>
   </trkpt>
   <trkpt lat="48.4596820" lon="7.7122190">
    <ele>148.3</ele>
    <time>2024-04-20T19:31:13Z</time>
   </trkpt>
   <trkpt lat="48.4596210" lon="7.7121930">
    <ele>148.3</ele>
    <time>2024-04-20T19:31:14Z</time>
   </trkpt>
   <trkpt lat="48.4595590" lon="7.7121690">
    <ele>148.3</ele>
    <time>2024-04-20T19:31:15Z</time>
   </trkpt>
   <trkpt lat="48.4594980" lon="7.7121440">
    <ele>148.3</ele>
    <time>2024-04-20T19:31:16Z</time>
   </trkpt>
   <trkpt lat="48.4594370" lon="7.7121190">
    <ele>148.3</ele>
    <time>2024-04-20T19:31:17Z</time>
   </trkpt>
   <trkpt lat="48.4593770" lon="7.7120930">
    <ele>148.3</ele>
    <time>2024-04-20T19:31:18Z</time>
   </trkpt>
   <trkpt lat="48.4593150" lon="7.7120730">
    <ele>148.3</ele>
    <time>2024-04-20T19:31:19Z</time>
   </trkpt>
   <trkpt lat="48.4592530" lon="7.7120480">
    <ele>148.3</ele>
    <time>2024-04-20T19:31:20Z</time>
   </trkpt>
   <trkpt lat="48.4591910" lon="7.7120250">
    <ele>148.3</ele>
    <time>2024-04-20T19:31:21Z</time>
   </trkpt>
   <trkpt lat="48.4591260" lon="7.7120040">
    <ele>148.3</ele>
    <time>2024-04-20T19:31:22Z</time>
   </trkpt>
   <trkpt lat="48.4590650" lon="7.7119810">
    <ele>148.3</ele>
    <time>2024-04-20T19:31:23Z</time>
   </trkpt>
   <trkpt lat="48.4590040" lon="7.7119560">
    <ele>148.3</ele>
    <time>2024-04-20T19:31:24Z</time>
   </trkpt>
   <trkpt lat="48.4589430" lon="7.7119330">
    <ele>148.3</ele>
    <time>2024-04-20T19:31:25Z</time>
   </trkpt>
   <trkpt lat="48.4588800" lon="7.7119080">
    <ele>148.4</ele>
    <time>2024-04-20T19:31:26Z</time>
   </trkpt>
   <trkpt lat="48.4588220" lon="7.7118880">
    <ele>148.4</ele>
    <time>2024-04-20T19:31:27Z</time>
   </trkpt>
   <trkpt lat="48.4587640" lon="7.7118670">
    <ele>148.4</ele>
    <time>2024-04-20T19:31:28Z</time>
   </trkpt>
   <trkpt lat="48.4587060" lon="7.7118420">
    <ele>148.4</ele>
    <time>2024-04-20T19:31:29Z</time>
   </trkpt>
   <trkpt lat="48.4586480" lon="7.7118220">
    <ele>148.5</ele>
    <time>2024-04-20T19:31:30Z</time>
   </trkpt>
   <trkpt lat="48.4585910" lon="7.7118000">
    <ele>148.5</ele>
    <time>2024-04-20T19:31:31Z</time>
   </trkpt>
   <trkpt lat="48.4585340" lon="7.7117830">
    <ele>148.5</ele>
    <time>2024-04-20T19:31:32Z</time>
   </trkpt>
   <trkpt lat="48.4584760" lon="7.7117550">
    <ele>148.5</ele>
    <time>2024-04-20T19:31:33Z</time>
   </trkpt>
   <trkpt lat="48.4584180" lon="7.7117330">
    <ele>148.5</ele>
    <time>2024-04-20T19:31:34Z</time>
   </trkpt>
   <trkpt lat="48.4583600" lon="7.7117100">
    <ele>148.5</ele>
    <time>2024-04-20T19:31:35Z</time>
   </trkpt>
   <trkpt lat="48.4583030" lon="7.7116870">
    <ele>148.5</ele>
    <time>2024-04-20T19:31:36Z</time>
   </trkpt>
   <trkpt lat="48.4582420" lon="7.7116610">
    <ele>148.5</ele>
    <time>2024-04-20T19:31:37Z</time>
   </trkpt>
   <trkpt lat="48.4581840" lon="7.7116400">
    <ele>148.5</ele>
    <time>2024-04-20T19:31:38Z</time>
   </trkpt>
   <trkpt lat="48.4581230" lon="7.7116170">
    <ele>148.5</ele>
    <time>2024-04-20T19:31:39Z</time>
   </trkpt>
   <trkpt lat="48.4580630" lon="7.7115940">
    <ele>148.5</ele>
    <time>2024-04-20T19:31:40Z</time>
   </trkpt>
   <trkpt lat="48.4580020" lon="7.7115700">
    <ele>148.5</ele>
    <time>2024-04-20T19:31:41Z</time>
   </trkpt>
   <trkpt lat="48.4579420" lon="7.7115450">
    <ele>148.5</ele>
    <time>2024-04-20T19:31:42Z</time>
   </trkpt>
   <trkpt lat="48.4578800" lon="7.7115200">
    <ele>148.4</ele>
    <time>2024-04-20T19:31:43Z</time>
   </trkpt>
   <trkpt lat="48.4578180" lon="7.7114950">
    <ele>148.4</ele>
    <time>2024-04-20T19:31:44Z</time>
   </trkpt>
   <trkpt lat="48.4577550" lon="7.7114750">
    <ele>148.4</ele>
    <time>2024-04-20T19:31:45Z</time>
   </trkpt>
   <trkpt lat="48.4576920" lon="7.7114510">
    <ele>148.4</ele>
    <time>2024-04-20T19:31:46Z</time>
   </trkpt>
   <trkpt lat="48.4576310" lon="7.7114300">
    <ele>148.4</ele>
    <time>2024-04-20T19:31:47Z</time>
   </trkpt>
   <trkpt lat="48.4575710" lon="7.7114110">
    <ele>148.3</ele>
    <time>2024-04-20T19:31:48Z</time>
   </trkpt>
   <trkpt lat="48.4575100" lon="7.7113920">
    <ele>148.3</ele>
    <time>2024-04-20T19:31:49Z</time>
   </trkpt>
   <trkpt lat="48.4574530" lon="7.7113690">
    <ele>148.4</ele>
    <time>2024-04-20T19:31:50Z</time>
   </trkpt>
   <trkpt lat="48.4573950" lon="7.7113450">
    <ele>148.4</ele>
    <time>2024-04-20T19:31:51Z</time>
   </trkpt>
   <trkpt lat="48.4573350" lon="7.7113210">
    <ele>148.4</ele>
    <time>2024-04-20T19:31:52Z</time>
   </trkpt>
   <trkpt lat="48.4572750" lon="7.7112950">
    <ele>148.4</ele>
    <time>2024-04-20T19:31:53Z</time>
   </trkpt>
   <trkpt lat="48.4572140" lon="7.7112690">
    <ele>148.4</ele>
    <time>2024-04-20T19:31:54Z</time>
   </trkpt>
   <trkpt lat="48.4571510" lon="7.7112450">
    <ele>148.4</ele>
    <time>2024-04-20T19:31:55Z</time>
   </trkpt>
   <trkpt lat="48.4570900" lon="7.7112240">
    <ele>148.4</ele>
    <time>2024-04-20T19:31:56Z</time>
   </trkpt>
   <trkpt lat="48.4570310" lon="7.7112040">
    <ele>148.4</ele>
    <time>2024-04-20T19:31:57Z</time>
   </trkpt>
   <trkpt lat="48.4569720" lon="7.7111840">
    <ele>148.5</ele>
    <time>2024-04-20T19:31:58Z</time>
   </trkpt>
   <trkpt lat="48.4569130" lon="7.7111610">
    <ele>148.5</ele>
    <time>2024-04-20T19:31:59Z</time>
   </trkpt>
   <trkpt lat="48.4568550" lon="7.7111360">
    <ele>148.5</ele>
    <time>2024-04-20T19:32:00Z</time>
   </trkpt>
   <trkpt lat="48.4567930" lon="7.7111150">
    <ele>148.5</ele>
    <time>2024-04-20T19:32:01Z</time>
   </trkpt>
   <trkpt lat="48.4567330" lon="7.7110930">
    <ele>148.5</ele>
    <time>2024-04-20T19:32:02Z</time>
   </trkpt>
   <trkpt lat="48.4566730" lon="7.7110670">
    <ele>148.5</ele>
    <time>2024-04-20T19:32:03Z</time>
   </trkpt>
   <trkpt lat="48.4566140" lon="7.7110400">
    <ele>148.5</ele>
    <time>2024-04-20T19:32:04Z</time>
   </trkpt>
   <trkpt lat="48.4565540" lon="7.7110130">
    <ele>148.5</ele>
    <time>2024-04-20T19:32:05Z</time>
   </trkpt>
   <trkpt lat="48.4564960" lon="7.7109890">
    <ele>148.5</ele>
    <time>2024-04-20T19:32:06Z</time>
   </trkpt>
   <trkpt lat="48.4564340" lon="7.7109670">
    <ele>148.5</ele>
    <time>2024-04-20T19:32:07Z</time>
   </trkpt>
   <trkpt lat="48.4563720" lon="7.7109440">
    <ele>148.5</ele>
    <time>2024-04-20T19:32:08Z</time>
   </trkpt>
   <trkpt lat="48.4563120" lon="7.7109250">
    <ele>148.5</ele>
    <time>2024-04-20T19:32:09Z</time>
   </trkpt>
   <trkpt lat="48.4562510" lon="7.7109020">
    <ele>148.5</ele>
    <time>2024-04-20T19:32:10Z</time>
   </trkpt>
   <trkpt lat="48.4561930" lon="7.7108790">
    <ele>148.5</ele>
    <time>2024-04-20T19:32:11Z</time>
   </trkpt>
   <trkpt lat="48.4561340" lon="7.7108580">
    <ele>148.5</ele>
    <time>2024-04-20T19:32:12Z</time>
   </trkpt>
   <trkpt lat="48.4560750" lon="7.7108350">
    <ele>148.5</ele>
    <time>2024-04-20T19:32:13Z</time>
   </trkpt>
   <trkpt lat="48.4560140" lon="7.7108110">
    <ele>148.5</ele>
    <time>2024-04-20T19:32:14Z</time>
   </trkpt>
   <trkpt lat="48.4559530" lon="7.7107850">
    <ele>148.5</ele>
    <time>2024-04-20T19:32:15Z</time>
   </trkpt>
   <trkpt lat="48.4558900" lon="7.7107550">
    <ele>148.5</ele>
    <time>2024-04-20T19:32:16Z</time>
   </trkpt>
   <trkpt lat="48.4558290" lon="7.7107270">
    <ele>148.5</ele>
    <time>2024-04-20T19:32:17Z</time>
   </trkpt>
   <trkpt lat="48.4557700" lon="7.7107000">
    <ele>148.5</ele>
    <time>2024-04-20T19:32:18Z</time>
   </trkpt>
   <trkpt lat="48.4557070" lon="7.7106760">
    <ele>148.5</ele>
    <time>2024-04-20T19:32:19Z</time>
   </trkpt>
   <trkpt lat="48.4556450" lon="7.7106560">
    <ele>148.5</ele>
    <time>2024-04-20T19:32:20Z</time>
   </trkpt>
   <trkpt lat="48.4555860" lon="7.7106340">
    <ele>148.5</ele>
    <time>2024-04-20T19:32:21Z</time>
   </trkpt>
   <trkpt lat="48.4555260" lon="7.7106100">
    <ele>148.5</ele>
    <time>2024-04-20T19:32:22Z</time>
   </trkpt>
   <trkpt lat="48.4554650" lon="7.7105850">
    <ele>148.5</ele>
    <time>2024-04-20T19:32:23Z</time>
   </trkpt>
   <trkpt lat="48.4554010" lon="7.7105580">
    <ele>148.5</ele>
    <time>2024-04-20T19:32:24Z</time>
   </trkpt>
   <trkpt lat="48.4553370" lon="7.7105350">
    <ele>148.5</ele>
    <time>2024-04-20T19:32:25Z</time>
   </trkpt>
   <trkpt lat="48.4552730" lon="7.7105110">
    <ele>148.5</ele>
    <time>2024-04-20T19:32:26Z</time>
   </trkpt>
   <trkpt lat="48.4552090" lon="7.7104890">
    <ele>148.5</ele>
    <time>2024-04-20T19:32:27Z</time>
   </trkpt>
   <trkpt lat="48.4551460" lon="7.7104680">
    <ele>148.5</ele>
    <time>2024-04-20T19:32:28Z</time>
   </trkpt>
   <trkpt lat="48.4550830" lon="7.7104430">
    <ele>148.5</ele>
    <time>2024-04-20T19:32:29Z</time>
   </trkpt>
   <trkpt lat="48.4550210" lon="7.7104200">
    <ele>148.5</ele>
    <time>2024-04-20T19:32:30Z</time>
   </trkpt>
   <trkpt lat="48.4549610" lon="7.7103950">
    <ele>148.5</ele>
    <time>2024-04-20T19:32:31Z</time>
   </trkpt>
   <trkpt lat="48.4549020" lon="7.7103730">
    <ele>148.5</ele>
    <time>2024-04-20T19:32:32Z</time>
   </trkpt>
   <trkpt lat="48.4548430" lon="7.7103480">
    <ele>148.5</ele>
    <time>2024-04-20T19:32:33Z</time>
   </trkpt>
   <trkpt lat="48.4547830" lon="7.7103280">
    <ele>148.5</ele>
    <time>2024-04-20T19:32:34Z</time>
   </trkpt>
   <trkpt lat="48.4547200" lon="7.7103030">
    <ele>148.5</ele>
    <time>2024-04-20T19:32:35Z</time>
   </trkpt>
   <trkpt lat="48.4546570" lon="7.7102750">
    <ele>148.5</ele>
    <time>2024-04-20T19:32:36Z</time>
   </trkpt>
   <trkpt lat="48.4545970" lon="7.7102480">
    <ele>148.5</ele>
    <time>2024-04-20T19:32:37Z</time>
   </trkpt>
   <trkpt lat="48.4545380" lon="7.7102220">
    <ele>148.5</ele>
    <time>2024-04-20T19:32:38Z</time>
   </trkpt>
   <trkpt lat="48.4544750" lon="7.7102010">
    <ele>148.5</ele>
    <time>2024-04-20T19:32:39Z</time>
   </trkpt>
   <trkpt lat="48.4544120" lon="7.7101780">
    <ele>148.5</ele>
    <time>2024-04-20T19:32:40Z</time>
   </trkpt>
   <trkpt lat="48.4543500" lon="7.7101550">
    <ele>148.5</ele>
    <time>2024-04-20T19:32:41Z</time>
   </trkpt>
   <trkpt lat="48.4542890" lon="7.7101280">
    <ele>148.5</ele>
    <time>2024-04-20T19:32:42Z</time>
   </trkpt>
   <trkpt lat="48.4542290" lon="7.7101060">
    <ele>148.6</ele>
    <time>2024-04-20T19:32:43Z</time>
   </trkpt>
   <trkpt lat="48.4541690" lon="7.7100820">
    <ele>148.6</ele>
    <time>2024-04-20T19:32:44Z</time>
   </trkpt>
   <trkpt lat="48.4541100" lon="7.7100610">
    <ele>148.6</ele>
    <time>2024-04-20T19:32:45Z</time>
   </trkpt>
   <trkpt lat="48.4540490" lon="7.7100370">
    <ele>148.7</ele>
    <time>2024-04-20T19:32:46Z</time>
   </trkpt>
   <trkpt lat="48.4539880" lon="7.7100120">
    <ele>148.7</ele>
    <time>2024-04-20T19:32:47Z</time>
   </trkpt>
   <trkpt lat="48.4539250" lon="7.7099870">
    <ele>148.7</ele>
    <time>2024-04-20T19:32:48Z</time>
   </trkpt>
   <trkpt lat="48.4538670" lon="7.7099660">
    <ele>148.8</ele>
    <time>2024-04-20T19:32:49Z</time>
   </trkpt>
   <trkpt lat="48.4538090" lon="7.7099400">
    <ele>148.8</ele>
    <time>2024-04-20T19:32:50Z</time>
   </trkpt>
   <trkpt lat="48.4537520" lon="7.7099180">
    <ele>148.8</ele>
    <time>2024-04-20T19:32:51Z</time>
   </trkpt>
   <trkpt lat="48.4536940" lon="7.7098980">
    <ele>148.8</ele>
    <time>2024-04-20T19:32:52Z</time>
   </trkpt>
   <trkpt lat="48.4536360" lon="7.7098790">
    <ele>148.8</ele>
    <time>2024-04-20T19:32:53Z</time>
   </trkpt>
   <trkpt lat="48.4535780" lon="7.7098560">
    <ele>148.8</ele>
    <time>2024-04-20T19:32:54Z</time>
   </trkpt>
   <trkpt lat="48.4535190" lon="7.7098330">
    <ele>148.8</ele>
    <time>2024-04-20T19:32:55Z</time>
   </trkpt>
   <trkpt lat="48.4534600" lon="7.7098080">
    <ele>148.8</ele>
    <time>2024-04-20T19:32:56Z</time>
   </trkpt>
   <trkpt lat="48.4534000" lon="7.7097830">
    <ele>148.8</ele>
    <time>2024-04-20T19:32:57Z</time>
   </trkpt>
   <trkpt lat="48.4533420" lon="7.7097650">
    <ele>148.8</ele>
    <time>2024-04-20T19:32:58Z</time>
   </trkpt>
   <trkpt lat="48.4532830" lon="7.7097450">
    <ele>148.8</ele>
    <time>2024-04-20T19:32:59Z</time>
   </trkpt>
   <trkpt lat="48.4532250" lon="7.7097180">
    <ele>148.8</ele>
    <time>2024-04-20T19:33:00Z</time>
   </trkpt>
   <trkpt lat="48.4531670" lon="7.7096940">
    <ele>148.8</ele>
    <time>2024-04-20T19:33:01Z</time>
   </trkpt>
   <trkpt lat="48.4531080" lon="7.7096700">
    <ele>148.8</ele>
    <time>2024-04-20T19:33:02Z</time>
   </trkpt>
   <trkpt lat="48.4530490" lon="7.7096490">
    <ele>148.8</ele>
    <time>2024-04-20T19:33:03Z</time>
   </trkpt>
   <trkpt lat="48.4529890" lon="7.7096310">
    <ele>148.8</ele>
    <time>2024-04-20T19:33:04Z</time>
   </trkpt>
   <trkpt lat="48.4529310" lon="7.7096090">
    <ele>148.8</ele>
    <time>2024-04-20T19:33:05Z</time>
   </trkpt>
   <trkpt lat="48.4528730" lon="7.7095870">
    <ele>148.8</ele>
    <time>2024-04-20T19:33:06Z</time>
   </trkpt>
   <trkpt lat="48.4528150" lon="7.7095610">
    <ele>148.8</ele>
    <time>2024-04-20T19:33:07Z</time>
   </trkpt>
   <trkpt lat="48.4527570" lon="7.7095390">
    <ele>148.8</ele>
    <time>2024-04-20T19:33:08Z</time>
   </trkpt>
   <trkpt lat="48.4527010" lon="7.7095160">
    <ele>148.9</ele>
    <time>2024-04-20T19:33:09Z</time>
   </trkpt>
   <trkpt lat="48.4526440" lon="7.7094940">
    <ele>148.9</ele>
    <time>2024-04-20T19:33:10Z</time>
   </trkpt>
   <trkpt lat="48.4525870" lon="7.7094770">
    <ele>148.9</ele>
    <time>2024-04-20T19:33:11Z</time>
   </trkpt>
   <trkpt lat="48.4525300" lon="7.7094680">
    <ele>148.9</ele>
    <time>2024-04-20T19:33:12Z</time>
   </trkpt>
   <trkpt lat="48.4524740" lon="7.7094560">
    <ele>148.9</ele>
    <time>2024-04-20T19:33:13Z</time>
   </trkpt>
   <trkpt lat="48.4524150" lon="7.7094390">
    <ele>148.9</ele>
    <time>2024-04-20T19:33:14Z</time>
   </trkpt>
   <trkpt lat="48.4523540" lon="7.7094190">
    <ele>148.9</ele>
    <time>2024-04-20T19:33:15Z</time>
   </trkpt>
   <trkpt lat="48.4522920" lon="7.7094070">
    <ele>148.9</ele>
    <time>2024-04-20T19:33:16Z</time>
   </trkpt>
   <trkpt lat="48.4522310" lon="7.7094100">
    <ele>148.9</ele>
    <time>2024-04-20T19:33:17Z</time>
   </trkpt>
   <trkpt lat="48.4521680" lon="7.7094000">
    <ele>149.0</ele>
    <time>2024-04-20T19:33:18Z</time>
   </trkpt>
   <trkpt lat="48.4521130" lon="7.7093660">
    <ele>149.0</ele>
    <time>2024-04-20T19:33:19Z</time>
   </trkpt>
   <trkpt lat="48.4520610" lon="7.7093360">
    <ele>149.1</ele>
    <time>2024-04-20T19:33:20Z</time>
   </trkpt>
   <trkpt lat="48.4520090" lon="7.7093060">
    <ele>149.3</ele>
    <time>2024-04-20T19:33:21Z</time>
   </trkpt>
   <trkpt lat="48.4519600" lon="7.7092820">
    <ele>149.4</ele>
    <time>2024-04-20T19:33:22Z</time>
   </trkpt>
   <trkpt lat="48.4519130" lon="7.7092610">
    <ele>149.5</ele>
    <time>2024-04-20T19:33:23Z</time>
   </trkpt>
   <trkpt lat="48.4518670" lon="7.7092370">
    <ele>149.6</ele>
    <time>2024-04-20T19:33:24Z</time>
   </trkpt>
   <trkpt lat="48.4518200" lon="7.7092200">
    <ele>149.7</ele>
    <time>2024-04-20T19:33:25Z</time>
   </trkpt>
   <trkpt lat="48.4517730" lon="7.7091990">
    <ele>149.7</ele>
    <time>2024-04-20T19:33:26Z</time>
   </trkpt>
   <trkpt lat="48.4517290" lon="7.7091710">
    <ele>149.8</ele>
    <time>2024-04-20T19:33:27Z</time>
   </trkpt>
   <trkpt lat="48.4516850" lon="7.7091350">
    <ele>149.8</ele>
    <time>2024-04-20T19:33:28Z</time>
   </trkpt>
   <trkpt lat="48.4516460" lon="7.7090960">
    <ele>149.9</ele>
    <time>2024-04-20T19:33:29Z</time>
   </trkpt>
   <trkpt lat="48.4515990" lon="7.7090690">
    <ele>149.9</ele>
    <time>2024-04-20T19:33:30Z</time>
   </trkpt>
   <trkpt lat="48.4515510" lon="7.7090480">
    <ele>149.9</ele>
    <time>2024-04-20T19:33:31Z</time>
   </trkpt>
   <trkpt lat="48.4514980" lon="7.7090280">
    <ele>149.9</ele>
    <time>2024-04-20T19:33:32Z</time>
   </trkpt>
   <trkpt lat="48.4514420" lon="7.7090080">
    <ele>149.9</ele>
    <time>2024-04-20T19:33:33Z</time>
   </trkpt>
   <trkpt lat="48.4513860" lon="7.7089880">
    <ele>149.9</ele>
    <time>2024-04-20T19:33:34Z</time>
   </trkpt>
   <trkpt lat="48.4513300" lon="7.7089680">
    <ele>150.0</ele>
    <time>2024-04-20T19:33:35Z</time>
   </trkpt>
   <trkpt lat="48.4512750" lon="7.7089460">
    <ele>150.0</ele>
    <time>2024-04-20T19:33:36Z</time>
   </trkpt>
   <trkpt lat="48.4512180" lon="7.7089250">
    <ele>150.0</ele>
    <time>2024-04-20T19:33:37Z</time>
   </trkpt>
   <trkpt lat="48.4511620" lon="7.7089060">
    <ele>150.1</ele>
    <time>2024-04-20T19:33:38Z</time>
   </trkpt>
   <trkpt lat="48.4511080" lon="7.7088870">
    <ele>150.1</ele>
    <time>2024-04-20T19:33:39Z</time>
   </trkpt>
   <trkpt lat="48.4510540" lon="7.7088690">
    <ele>150.2</ele>
    <time>2024-04-20T19:33:40Z</time>
   </trkpt>
   <trkpt lat="48.4510010" lon="7.7088580">
    <ele>150.2</ele>
    <time>2024-04-20T19:33:41Z</time>
   </trkpt>
   <trkpt lat="48.4509500" lon="7.7088580">
    <ele>150.3</ele>
    <time>2024-04-20T19:33:42Z</time>
   </trkpt>
   <trkpt lat="48.4509000" lon="7.7088740">
    <ele>150.3</ele>
    <time>2024-04-20T19:33:43Z</time>
   </trkpt>
   <trkpt lat="48.4508540" lon="7.7088770">
    <ele>150.3</ele>
    <time>2024-04-20T19:33:44Z</time>
   </trkpt>
   <trkpt lat="48.4508120" lon="7.7088670">
    <ele>150.3</ele>
    <time>2024-04-20T19:33:45Z</time>
   </trkpt>
   <trkpt lat="48.4507700" lon="7.7088460">
    <ele>150.3</ele>
    <time>2024-04-20T19:33:46Z</time>
   </trkpt>
   <trkpt lat="48.4507270" lon="7.7088180">
    <ele>150.3</ele>
    <time>2024-04-20T19:33:47Z</time>
   </trkpt>
   <trkpt lat="48.4506900" lon="7.7087750">
    <ele>150.3</ele>
    <time>2024-04-20T19:33:48Z</time>
   </trkpt>
   <trkpt lat="48.4506560" lon="7.7087230">
    <ele>150.3</ele>
    <time>2024-04-20T19:33:49Z</time>
   </trkpt>
   <trkpt lat="48.4506160" lon="7.7086800">
    <ele>150.3</ele>
    <time>2024-04-20T19:33:50Z</time>
   </trkpt>
   <trkpt lat="48.4505700" lon="7.7086460">
    <ele>150.3</ele>
    <time>2024-04-20T19:33:51Z</time>
   </trkpt>
   <trkpt lat="48.4505190" lon="7.7086150">
    <ele>150.3</ele>
    <time>2024-04-20T19:33:52Z</time>
   </trkpt>
   <trkpt lat="48.4504660" lon="7.7085840">
    <ele>150.2</ele>
    <time>2024-04-20T19:33:53Z</time>
   </trkpt>
   <trkpt lat="48.4504130" lon="7.7085630">
    <ele>150.2</ele>
    <time>2024-04-20T19:33:54Z</time>
   </trkpt>
   <trkpt lat="48.4503550" lon="7.7085390">
    <ele>150.2</ele>
    <time>2024-04-20T19:33:55Z</time>
   </trkpt>
   <trkpt lat="48.4502980" lon="7.7085130">
    <ele>150.2</ele>
    <time>2024-04-20T19:33:56Z</time>
   </trkpt>
   <trkpt lat="48.4502420" lon="7.7084910">
    <ele>150.2</ele>
    <time>2024-04-20T19:33:57Z</time>
   </trkpt>
   <trkpt lat="48.4501860" lon="7.7084680">
    <ele>150.2</ele>
    <time>2024-04-20T19:33:58Z</time>
   </trkpt>
   <trkpt lat="48.4501300" lon="7.7084500">
    <ele>150.2</ele>
    <time>2024-04-20T19:33:59Z</time>
   </trkpt>
   <trkpt lat="48.4500730" lon="7.7084280">
    <ele>150.1</ele>
    <time>2024-04-20T19:34:00Z</time>
   </trkpt>
   <trkpt lat="48.4500170" lon="7.7084030">
    <ele>150.1</ele>
    <time>2024-04-20T19:34:01Z</time>
   </trkpt>
   <trkpt lat="48.4499610" lon="7.7083810">
    <ele>150.1</ele>
    <time>2024-04-20T19:34:02Z</time>
   </trkpt>
   <trkpt lat="48.4499070" lon="7.7083600">
    <ele>150.0</ele>
    <time>2024-04-20T19:34:03Z</time>
   </trkpt>
   <trkpt lat="48.4498520" lon="7.7083380">
    <ele>150.0</ele>
    <time>2024-04-20T19:34:04Z</time>
   </trkpt>
   <trkpt lat="48.4497940" lon="7.7083210">
    <ele>150.0</ele>
    <time>2024-04-20T19:34:05Z</time>
   </trkpt>
   <trkpt lat="48.4497370" lon="7.7083010">
    <ele>150.0</ele>
    <time>2024-04-20T19:34:06Z</time>
   </trkpt>
   <trkpt lat="48.4496810" lon="7.7082840">
    <ele>150.0</ele>
    <time>2024-04-20T19:34:07Z</time>
   </trkpt>
   <trkpt lat="48.4496240" lon="7.7082620">
    <ele>150.0</ele>
    <time>2024-04-20T19:34:08Z</time>
   </trkpt>
   <trkpt lat="48.4495700" lon="7.7082360">
    <ele>150.0</ele>
    <time>2024-04-20T19:34:09Z</time>
   </trkpt>
   <trkpt lat="48.4495130" lon="7.7082100">
    <ele>150.0</ele>
    <time>2024-04-20T19:34:10Z</time>
   </trkpt>
   <trkpt lat="48.4494580" lon="7.7081850">
    <ele>149.9</ele>
    <time>2024-04-20T19:34:11Z</time>
   </trkpt>
   <trkpt lat="48.4493980" lon="7.7081650">
    <ele>149.9</ele>
    <time>2024-04-20T19:34:12Z</time>
   </trkpt>
   <trkpt lat="48.4493360" lon="7.7081410">
    <ele>149.8</ele>
    <time>2024-04-20T19:34:13Z</time>
   </trkpt>
   <trkpt lat="48.4492710" lon="7.7081200">
    <ele>149.7</ele>
    <time>2024-04-20T19:34:14Z</time>
   </trkpt>
   <trkpt lat="48.4492080" lon="7.7080980">
    <ele>149.7</ele>
    <time>2024-04-20T19:34:15Z</time>
   </trkpt>
   <trkpt lat="48.4491500" lon="7.7080750">
    <ele>149.6</ele>
    <time>2024-04-20T19:34:16Z</time>
   </trkpt>
   <trkpt lat="48.4490890" lon="7.7080480">
    <ele>149.6</ele>
    <time>2024-04-20T19:34:17Z</time>
   </trkpt>
   <trkpt lat="48.4490270" lon="7.7080220">
    <ele>149.6</ele>
    <time>2024-04-20T19:34:18Z</time>
   </trkpt>
   <trkpt lat="48.4489630" lon="7.7079920">
    <ele>149.5</ele>
    <time>2024-04-20T19:34:19Z</time>
   </trkpt>
   <trkpt lat="48.4489030" lon="7.7079670">
    <ele>149.5</ele>
    <time>2024-04-20T19:34:20Z</time>
   </trkpt>
   <trkpt lat="48.4488420" lon="7.7079430">
    <ele>149.5</ele>
    <time>2024-04-20T19:34:21Z</time>
   </trkpt>
   <trkpt lat="48.4487830" lon="7.7079240">
    <ele>149.4</ele>
    <time>2024-04-20T19:34:22Z</time>
   </trkpt>
   <trkpt lat="48.4487220" lon="7.7079060">
    <ele>149.4</ele>
    <time>2024-04-20T19:34:23Z</time>
   </trkpt>
   <trkpt lat="48.4486600" lon="7.7078860">
    <ele>149.4</ele>
    <time>2024-04-20T19:34:24Z</time>
   </trkpt>
   <trkpt lat="48.4485980" lon="7.7078610">
    <ele>149.4</ele>
    <time>2024-04-20T19:34:25Z</time>
   </trkpt>
   <trkpt lat="48.4485370" lon="7.7078350">
    <ele>149.4</ele>
    <time>2024-04-20T19:34:26Z</time>
   </trkpt>
   <trkpt lat="48.4484790" lon="7.7078090">
    <ele>149.4</ele>
    <time>2024-04-20T19:34:27Z</time>
   </trkpt>
   <trkpt lat="48.4484200" lon="7.7077860">
    <ele>149.4</ele>
    <time>2024-04-20T19:34:28Z</time>
   </trkpt>
   <trkpt lat="48.4483610" lon="7.7077590">
    <ele>149.4</ele>
    <time>2024-04-20T19:34:29Z</time>
   </trkpt>
   <trkpt lat="48.4482990" lon="7.7077360">
    <ele>149.4</ele>
    <time>2024-04-20T19:34:30Z</time>
   </trkpt>
   <trkpt lat="48.4482400" lon="7.7077140">
    <ele>149.4</ele>
    <time>2024-04-20T19:34:31Z</time>
   </trkpt>
   <trkpt lat="48.4481810" lon="7.7076890">
    <ele>149.4</ele>
    <time>2024-04-20T19:34:32Z</time>
   </trkpt>
   <trkpt lat="48.4481220" lon="7.7076690">
    <ele>149.4</ele>
    <time>2024-04-20T19:34:33Z</time>
   </trkpt>
   <trkpt lat="48.4480620" lon="7.7076510">
    <ele>149.3</ele>
    <time>2024-04-20T19:34:34Z</time>
   </trkpt>
   <trkpt lat="48.4480000" lon="7.7076210">
    <ele>149.3</ele>
    <time>2024-04-20T19:34:35Z</time>
   </trkpt>
   <trkpt lat="48.4479380" lon="7.7075990">
    <ele>149.3</ele>
    <time>2024-04-20T19:34:36Z</time>
   </trkpt>
   <trkpt lat="48.4478770" lon="7.7075780">
    <ele>149.3</ele>
    <time>2024-04-20T19:34:37Z</time>
   </trkpt>
   <trkpt lat="48.4478170" lon="7.7075510">
    <ele>149.4</ele>
    <time>2024-04-20T19:34:38Z</time>
   </trkpt>
   <trkpt lat="48.4477580" lon="7.7075280">
    <ele>149.4</ele>
    <time>2024-04-20T19:34:39Z</time>
   </trkpt>
   <trkpt lat="48.4476980" lon="7.7075070">
    <ele>149.4</ele>
    <time>2024-04-20T19:34:40Z</time>
   </trkpt>
   <trkpt lat="48.4476370" lon="7.7074860">
    <ele>149.4</ele>
    <time>2024-04-20T19:34:41Z</time>
   </trkpt>
   <trkpt lat="48.4475760" lon="7.7074640">
    <ele>149.4</ele>
    <time>2024-04-20T19:34:42Z</time>
   </trkpt>
   <trkpt lat="48.4475160" lon="7.7074420">
    <ele>149.4</ele>
    <time>2024-04-20T19:34:43Z</time>
   </trkpt>
   <trkpt lat="48.4474570" lon="7.7074200">
    <ele>149.5</ele>
    <time>2024-04-20T19:34:44Z</time>
   </trkpt>
   <trkpt lat="48.4473960" lon="7.7073930">
    <ele>149.5</ele>
    <time>2024-04-20T19:34:45Z</time>
   </trkpt>
   <trkpt lat="48.4473350" lon="7.7073660">
    <ele>149.5</ele>
    <time>2024-04-20T19:34:46Z</time>
   </trkpt>
   <trkpt lat="48.4472730" lon="7.7073420">
    <ele>149.6</ele>
    <time>2024-04-20T19:34:47Z</time>
   </trkpt>
   <trkpt lat="48.4472100" lon="7.7073190">
    <ele>149.6</ele>
    <time>2024-04-20T19:34:48Z</time>
   </trkpt>
   <trkpt lat="48.4471500" lon="7.7072980">
    <ele>149.6</ele>
    <time>2024-04-20T19:34:49Z</time>
   </trkpt>
   <trkpt lat="48.4470880" lon="7.7072750">
    <ele>149.6</ele>
    <time>2024-04-20T19:34:50Z</time>
   </trkpt>
   <trkpt lat="48.4470250" lon="7.7072490">
    <ele>149.6</ele>
    <time>2024-04-20T19:34:51Z</time>
   </trkpt>
   <trkpt lat="48.4469620" lon="7.7072250">
    <ele>149.6</ele>
    <time>2024-04-20T19:34:52Z</time>
   </trkpt>
   <trkpt lat="48.4468980" lon="7.7072030">
    <ele>149.6</ele>
    <time>2024-04-20T19:34:53Z</time>
   </trkpt>
   <trkpt lat="48.4468370" lon="7.7071790">
    <ele>149.6</ele>
    <time>2024-04-20T19:34:54Z</time>
   </trkpt>
   <trkpt lat="48.4467780" lon="7.7071510">
    <ele>149.5</ele>
    <time>2024-04-20T19:34:55Z</time>
   </trkpt>
   <trkpt lat="48.4467190" lon="7.7071270">
    <ele>149.5</ele>
    <time>2024-04-20T19:34:56Z</time>
   </trkpt>
   <trkpt lat="48.4466560" lon="7.7070980">
    <ele>149.5</ele>
    <time>2024-04-20T19:34:57Z</time>
   </trkpt>
   <trkpt lat="48.4465960" lon="7.7070750">
    <ele>149.5</ele>
    <time>2024-04-20T19:34:58Z</time>
   </trkpt>
   <trkpt lat="48.4464710" lon="7.7070260">
    <ele>149.5</ele>
    <time>2024-04-20T19:35:00Z</time>
   </trkpt>
   <trkpt lat="48.4464090" lon="7.7070040">
    <ele>149.6</ele>
    <time>2024-04-20T19:35:01Z</time>
   </trkpt>
   <trkpt lat="48.4463450" lon="7.7069810">
    <ele>149.6</ele>
    <time>2024-04-20T19:35:02Z</time>
   </trkpt>
   <trkpt lat="48.4462830" lon="7.7069570">
    <ele>149.6</ele>
    <time>2024-04-20T19:35:03Z</time>
   </trkpt>
   <trkpt lat="48.4462210" lon="7.7069340">
    <ele>149.7</ele>
    <time>2024-04-20T19:35:04Z</time>
   </trkpt>
   <trkpt lat="48.4461600" lon="7.7069050">
    <ele>149.7</ele>
    <time>2024-04-20T19:35:05Z</time>
   </trkpt>
   <trkpt lat="48.4461020" lon="7.7068760">
    <ele>149.7</ele>
    <time>2024-04-20T19:35:06Z</time>
   </trkpt>
   <trkpt lat="48.4460390" lon="7.7068530">
    <ele>149.7</ele>
    <time>2024-04-20T19:35:07Z</time>
   </trkpt>
   <trkpt lat="48.4459770" lon="7.7068300">
    <ele>149.7</ele>
    <time>2024-04-20T19:35:08Z</time>
   </trkpt>
   <trkpt lat="48.4459140" lon="7.7068100">
    <ele>149.7</ele>
    <time>2024-04-20T19:35:09Z</time>
   </trkpt>
   <trkpt lat="48.4458520" lon="7.7067900">
    <ele>149.7</ele>
    <time>2024-04-20T19:35:10Z</time>
   </trkpt>
   <trkpt lat="48.4457920" lon="7.7067650">
    <ele>149.7</ele>
    <time>2024-04-20T19:35:11Z</time>
   </trkpt>
   <trkpt lat="48.4457310" lon="7.7067400">
    <ele>149.7</ele>
    <time>2024-04-20T19:35:12Z</time>
   </trkpt>
   <trkpt lat="48.4456690" lon="7.7067140">
    <ele>149.7</ele>
    <time>2024-04-20T19:35:13Z</time>
   </trkpt>
   <trkpt lat="48.4456050" lon="7.7066910">
    <ele>149.7</ele>
    <time>2024-04-20T19:35:14Z</time>
   </trkpt>
   <trkpt lat="48.4455430" lon="7.7066690">
    <ele>149.7</ele>
    <time>2024-04-20T19:35:15Z</time>
   </trkpt>
   <trkpt lat="48.4454820" lon="7.7066440">
    <ele>149.7</ele>
    <time>2024-04-20T19:35:16Z</time>
   </trkpt>
   <trkpt lat="48.4454200" lon="7.7066200">
    <ele>149.6</ele>
    <time>2024-04-20T19:35:17Z</time>
   </trkpt>
   <trkpt lat="48.4453570" lon="7.7065960">
    <ele>149.6</ele>
    <time>2024-04-20T19:35:18Z</time>
   </trkpt>
   <trkpt lat="48.4452940" lon="7.7065720">
    <ele>149.6</ele>
    <time>2024-04-20T19:35:19Z</time>
   </trkpt>
   <trkpt lat="48.4452340" lon="7.7065520">
    <ele>149.6</ele>
    <time>2024-04-20T19:35:20Z</time>
   </trkpt>
   <trkpt lat="48.4451730" lon="7.7065280">
    <ele>149.6</ele>
    <time>2024-04-20T19:35:21Z</time>
   </trkpt>
   <trkpt lat="48.4451100" lon="7.7064990">
    <ele>149.6</ele>
    <time>2024-04-20T19:35:22Z</time>
   </trkpt>
   <trkpt lat="48.4450470" lon="7.7064760">
    <ele>149.6</ele>
    <time>2024-04-20T19:35:23Z</time>
   </trkpt>
   <trkpt lat="48.4449840" lon="7.7064520">
    <ele>149.6</ele>
    <time>2024-04-20T19:35:24Z</time>
   </trkpt>
   <trkpt lat="48.4449220" lon="7.7064270">
    <ele>149.6</ele>
    <time>2024-04-20T19:35:25Z</time>
   </trkpt>
   <trkpt lat="48.4448600" lon="7.7064040">
    <ele>149.6</ele>
    <time>2024-04-20T19:35:26Z</time>
   </trkpt>
   <trkpt lat="48.4447990" lon="7.7063790">
    <ele>149.6</ele>
    <time>2024-04-20T19:35:27Z</time>
   </trkpt>
   <trkpt lat="48.4447350" lon="7.7063520">
    <ele>149.6</ele>
    <time>2024-04-20T19:35:28Z</time>
   </trkpt>
   <trkpt lat="48.4446720" lon="7.7063270">
    <ele>149.7</ele>
    <time>2024-04-20T19:35:29Z</time>
   </trkpt>
   <trkpt lat="48.4446090" lon="7.7063040">
    <ele>149.7</ele>
    <time>2024-04-20T19:35:30Z</time>
   </trkpt>
   <trkpt lat="48.4445470" lon="7.7062790">
    <ele>149.7</ele>
    <time>2024-04-20T19:35:31Z</time>
   </trkpt>
   <trkpt lat="48.4444850" lon="7.7062550">
    <ele>149.7</ele>
    <time>2024-04-20T19:35:32Z</time>
   </trkpt>
   <trkpt lat="48.4444230" lon="7.7062300">
    <ele>149.7</ele>
    <time>2024-04-20T19:35:33Z</time>
   </trkpt>
   <trkpt lat="48.4443630" lon="7.7062070">
    <ele>149.7</ele>
    <time>2024-04-20T19:35:34Z</time>
   </trkpt>
   <trkpt lat="48.4443020" lon="7.7061850">
    <ele>149.7</ele>
    <time>2024-04-20T19:35:35Z</time>
   </trkpt>
   <trkpt lat="48.4442380" lon="7.7061610">
    <ele>149.7</ele>
    <time>2024-04-20T19:35:36Z</time>
   </trkpt>
   <trkpt lat="48.4441740" lon="7.7061380">
    <ele>149.7</ele>
    <time>2024-04-20T19:35:37Z</time>
   </trkpt>
   <trkpt lat="48.4441100" lon="7.7061120">
    <ele>149.7</ele>
    <time>2024-04-20T19:35:38Z</time>
   </trkpt>
   <trkpt lat="48.4440450" lon="7.7060890">
    <ele>149.7</ele>
    <time>2024-04-20T19:35:39Z</time>
   </trkpt>
   <trkpt lat="48.4439810" lon="7.7060660">
    <ele>149.7</ele>
    <time>2024-04-20T19:35:40Z</time>
   </trkpt>
   <trkpt lat="48.4439210" lon="7.7060470">
    <ele>149.7</ele>
    <time>2024-04-20T19:35:41Z</time>
   </trkpt>
   <trkpt lat="48.4438580" lon="7.7060220">
    <ele>149.8</ele>
    <time>2024-04-20T19:35:42Z</time>
   </trkpt>
   <trkpt lat="48.4437960" lon="7.7059940">
    <ele>149.8</ele>
    <time>2024-04-20T19:35:43Z</time>
   </trkpt>
   <trkpt lat="48.4437350" lon="7.7059720">
    <ele>149.8</ele>
    <time>2024-04-20T19:35:44Z</time>
   </trkpt>
   <trkpt lat="48.4436740" lon="7.7059520">
    <ele>149.8</ele>
    <time>2024-04-20T19:35:45Z</time>
   </trkpt>
   <trkpt lat="48.4436130" lon="7.7059270">
    <ele>149.9</ele>
    <time>2024-04-20T19:35:46Z</time>
   </trkpt>
   <trkpt lat="48.4435530" lon="7.7059020">
    <ele>149.9</ele>
    <time>2024-04-20T19:35:47Z</time>
   </trkpt>
   <trkpt lat="48.4434900" lon="7.7058740">
    <ele>149.9</ele>
    <time>2024-04-20T19:35:48Z</time>
   </trkpt>
   <trkpt lat="48.4434280" lon="7.7058470">
    <ele>150.0</ele>
    <time>2024-04-20T19:35:49Z</time>
   </trkpt>
   <trkpt lat="48.4433630" lon="7.7058190">
    <ele>150.0</ele>
    <time>2024-04-20T19:35:50Z</time>
   </trkpt>
   <trkpt lat="48.4433010" lon="7.7057950">
    <ele>150.0</ele>
    <time>2024-04-20T19:35:51Z</time>
   </trkpt>
   <trkpt lat="48.4432390" lon="7.7057700">
    <ele>150.0</ele>
    <time>2024-04-20T19:35:52Z</time>
   </trkpt>
   <trkpt lat="48.4431770" lon="7.7057450">
    <ele>150.1</ele>
    <time>2024-04-20T19:35:53Z</time>
   </trkpt>
   <trkpt lat="48.4431150" lon="7.7057220">
    <ele>150.1</ele>
    <time>2024-04-20T19:35:54Z</time>
   </trkpt>
   <trkpt lat="48.4430540" lon="7.7056980">
    <ele>150.1</ele>
    <time>2024-04-20T19:35:55Z</time>
   </trkpt>
   <trkpt lat="48.4429950" lon="7.7056730">
    <ele>150.2</ele>
    <time>2024-04-20T19:35:56Z</time>
   </trkpt>
   <trkpt lat="48.4429350" lon="7.7056510">
    <ele>150.2</ele>
    <time>2024-04-20T19:35:57Z</time>
   </trkpt>
   <trkpt lat="48.4428750" lon="7.7056250">
    <ele>150.2</ele>
    <time>2024-04-20T19:35:58Z</time>
   </trkpt>
   <trkpt lat="48.4428160" lon="7.7056020">
    <ele>150.1</ele>
    <time>2024-04-20T19:35:59Z</time>
   </trkpt>
   <trkpt lat="48.4427590" lon="7.7055800">
    <ele>150.1</ele>
    <time>2024-04-20T19:36:00Z</time>
   </trkpt>
   <trkpt lat="48.4427020" lon="7.7055560">
    <ele>150.2</ele>
    <time>2024-04-20T19:36:01Z</time>
   </trkpt>
   <trkpt lat="48.4426460" lon="7.7055350">
    <ele>150.2</ele>
    <time>2024-04-20T19:36:02Z</time>
   </trkpt>
   <trkpt lat="48.4425870" lon="7.7055120">
    <ele>150.2</ele>
    <time>2024-04-20T19:36:03Z</time>
   </trkpt>
   <trkpt lat="48.4425280" lon="7.7054910">
    <ele>150.3</ele>
    <time>2024-04-20T19:36:04Z</time>
   </trkpt>
   <trkpt lat="48.4424700" lon="7.7054720">
    <ele>150.3</ele>
    <time>2024-04-20T19:36:05Z</time>
   </trkpt>
   <trkpt lat="48.4424110" lon="7.7054560">
    <ele>150.3</ele>
    <time>2024-04-20T19:36:06Z</time>
   </trkpt>
   <trkpt lat="48.4423530" lon="7.7054440">
    <ele>150.3</ele>
    <time>2024-04-20T19:36:07Z</time>
   </trkpt>
   <trkpt lat="48.4422930" lon="7.7054330">
    <ele>150.3</ele>
    <time>2024-04-20T19:36:08Z</time>
   </trkpt>
   <trkpt lat="48.4422340" lon="7.7054210">
    <ele>150.3</ele>
    <time>2024-04-20T19:36:09Z</time>
   </trkpt>
   <trkpt lat="48.4421760" lon="7.7054080">
    <ele>150.3</ele>
    <time>2024-04-20T19:36:10Z</time>
   </trkpt>
   <trkpt lat="48.4421190" lon="7.7053860">
    <ele>150.3</ele>
    <time>2024-04-20T19:36:11Z</time>
   </trkpt>
   <trkpt lat="48.4420610" lon="7.7053620">
    <ele>150.3</ele>
    <time>2024-04-20T19:36:12Z</time>
   </trkpt>
   <trkpt lat="48.4420030" lon="7.7053400">
    <ele>150.3</ele>
    <time>2024-04-20T19:36:13Z</time>
   </trkpt>
   <trkpt lat="48.4419440" lon="7.7053220">
    <ele>150.3</ele>
    <time>2024-04-20T19:36:14Z</time>
   </trkpt>
   <trkpt lat="48.4418860" lon="7.7053020">
    <ele>150.3</ele>
    <time>2024-04-20T19:36:15Z</time>
   </trkpt>
   <trkpt lat="48.4418250" lon="7.7052870">
    <ele>150.3</ele>
    <time>2024-04-20T19:36:16Z</time>
   </trkpt>
   <trkpt lat="48.4417640" lon="7.7052780">
    <ele>150.4</ele>
    <time>2024-04-20T19:36:17Z</time>
   </trkpt>
   <trkpt lat="48.4417030" lon="7.7052720">
    <ele>150.4</ele>
    <time>2024-04-20T19:36:18Z</time>
   </trkpt>
   <trkpt lat="48.4416440" lon="7.7052680">
    <ele>150.4</ele>
    <time>2024-04-20T19:36:19Z</time>
   </trkpt>
   <trkpt lat="48.4415840" lon="7.7052520">
    <ele>150.4</ele>
    <time>2024-04-20T19:36:20Z</time>
   </trkpt>
   <trkpt lat="48.4415310" lon="7.7052180">
    <ele>150.4</ele>
    <time>2024-04-20T19:36:21Z</time>
   </trkpt>
   <trkpt lat="48.4414760" lon="7.7051830">
    <ele>150.4</ele>
    <time>2024-04-20T19:36:22Z</time>
   </trkpt>
   <trkpt lat="48.4414240" lon="7.7051440">
    <ele>150.4</ele>
    <time>2024-04-20T19:36:23Z</time>
   </trkpt>
   <trkpt lat="48.4413700" lon="7.7051100">
    <ele>150.4</ele>
    <time>2024-04-20T19:36:24Z</time>
   </trkpt>
   <trkpt lat="48.4413150" lon="7.7050890">
    <ele>150.4</ele>
    <time>2024-04-20T19:36:25Z</time>
   </trkpt>
   <trkpt lat="48.4412580" lon="7.7050670">
    <ele>150.4</ele>
    <time>2024-04-20T19:36:26Z</time>
   </trkpt>
   <trkpt lat="48.4411980" lon="7.7050450">
    <ele>150.4</ele>
    <time>2024-04-20T19:36:27Z</time>
   </trkpt>
   <trkpt lat="48.4411390" lon="7.7050240">
    <ele>150.4</ele>
    <time>2024-04-20T19:36:28Z</time>
   </trkpt>
   <trkpt lat="48.4410790" lon="7.7050020">
    <ele>150.4</ele>
    <time>2024-04-20T19:36:29Z</time>
   </trkpt>
   <trkpt lat="48.4410190" lon="7.7049780">
    <ele>150.3</ele>
    <time>2024-04-20T19:36:30Z</time>
   </trkpt>
   <trkpt lat="48.4409580" lon="7.7049550">
    <ele>150.3</ele>
    <time>2024-04-20T19:36:31Z</time>
   </trkpt>
   <trkpt lat="48.4408990" lon="7.7049290">
    <ele>150.3</ele>
    <time>2024-04-20T19:36:32Z</time>
   </trkpt>
   <trkpt lat="48.4408370" lon="7.7049070">
    <ele>150.3</ele>
    <time>2024-04-20T19:36:33Z</time>
   </trkpt>
   <trkpt lat="48.4407750" lon="7.7048850">
    <ele>150.3</ele>
    <time>2024-04-20T19:36:34Z</time>
   </trkpt>
   <trkpt lat="48.4407130" lon="7.7048640">
    <ele>150.3</ele>
    <time>2024-04-20T19:36:35Z</time>
   </trkpt>
   <trkpt lat="48.4406510" lon="7.7048420">
    <ele>150.4</ele>
    <time>2024-04-20T19:36:36Z</time>
   </trkpt>
   <trkpt lat="48.4405900" lon="7.7048180">
    <ele>150.4</ele>
    <time>2024-04-20T19:36:37Z</time>
   </trkpt>
   <trkpt lat="48.4405280" lon="7.7047910">
    <ele>150.3</ele>
    <time>2024-04-20T19:36:38Z</time>
   </trkpt>
   <trkpt lat="48.4404660" lon="7.7047700">
    <ele>150.3</ele>
    <time>2024-04-20T19:36:39Z</time>
   </trkpt>
   <trkpt lat="48.4404040" lon="7.7047460">
    <ele>150.3</ele>
    <time>2024-04-20T19:36:40Z</time>
   </trkpt>
   <trkpt lat="48.4403420" lon="7.7047200">
    <ele>150.3</ele>
    <time>2024-04-20T19:36:41Z</time>
   </trkpt>
   <trkpt lat="48.4402800" lon="7.7046950">
    <ele>150.3</ele>
    <time>2024-04-20T19:36:42Z</time>
   </trkpt>
   <trkpt lat="48.4402170" lon="7.7046720">
    <ele>150.2</ele>
    <time>2024-04-20T19:36:43Z</time>
   </trkpt>
   <trkpt lat="48.4401520" lon="7.7046500">
    <ele>150.2</ele>
    <time>2024-04-20T19:36:44Z</time>
   </trkpt>
   <trkpt lat="48.4400870" lon="7.7046240">
    <ele>150.1</ele>
    <time>2024-04-20T19:36:45Z</time>
   </trkpt>
   <trkpt lat="48.4400200" lon="7.7046040">
    <ele>150.1</ele>
    <time>2024-04-20T19:36:46Z</time>
   </trkpt>
   <trkpt lat="48.4399520" lon="7.7045810">
    <ele>150.1</ele>
    <time>2024-04-20T19:36:47Z</time>
   </trkpt>
   <trkpt lat="48.4398840" lon="7.7045590">
    <ele>150.0</ele>
    <time>2024-04-20T19:36:48Z</time>
   </trkpt>
   <trkpt lat="48.4398170" lon="7.7045320">
    <ele>150.0</ele>
    <time>2024-04-20T19:36:49Z</time>
   </trkpt>
   <trkpt lat="48.4397520" lon="7.7045040">
    <ele>150.0</ele>
    <time>2024-04-20T19:36:50Z</time>
   </trkpt>
   <trkpt lat="48.4396870" lon="7.7044780">
    <ele>150.0</ele>
    <time>2024-04-20T19:36:51Z</time>
   </trkpt>
   <trkpt lat="48.4396200" lon="7.7044520">
    <ele>150.0</ele>
    <time>2024-04-20T19:36:52Z</time>
   </trkpt>
   <trkpt lat="48.4395530" lon="7.7044220">
    <ele>150.0</ele>
    <time>2024-04-20T19:36:53Z</time>
   </trkpt>
   <trkpt lat="48.4394870" lon="7.7043850">
    <ele>150.0</ele>
    <time>2024-04-20T19:36:54Z</time>
   </trkpt>
   <trkpt lat="48.4394240" lon="7.7043440">
    <ele>150.0</ele>
    <time>2024-04-20T19:36:55Z</time>
   </trkpt>
   <trkpt lat="48.4393590" lon="7.7043020">
    <ele>149.9</ele>
    <time>2024-04-20T19:36:56Z</time>
   </trkpt>
   <trkpt lat="48.4392930" lon="7.7042670">
    <ele>149.9</ele>
    <time>2024-04-20T19:36:57Z</time>
   </trkpt>
   <trkpt lat="48.4392240" lon="7.7042360">
    <ele>149.9</ele>
    <time>2024-04-20T19:36:58Z</time>
   </trkpt>
   <trkpt lat="48.4391530" lon="7.7042020">
    <ele>149.8</ele>
    <time>2024-04-20T19:36:59Z</time>
   </trkpt>
   <trkpt lat="48.4390910" lon="7.7041730">
    <ele>149.8</ele>
    <time>2024-04-20T19:37:00Z</time>
   </trkpt>
   <trkpt lat="48.4390240" lon="7.7041450">
    <ele>149.8</ele>
    <time>2024-04-20T19:37:01Z</time>
   </trkpt>
   <trkpt lat="48.4389580" lon="7.7041180">
    <ele>149.8</ele>
    <time>2024-04-20T19:37:02Z</time>
   </trkpt>
   <trkpt lat="48.4388930" lon="7.7040980">
    <ele>149.8</ele>
    <time>2024-04-20T19:37:03Z</time>
   </trkpt>
   <trkpt lat="48.4388280" lon="7.7040710">
    <ele>149.8</ele>
    <time>2024-04-20T19:37:04Z</time>
   </trkpt>
   <trkpt lat="48.4387610" lon="7.7040380">
    <ele>149.9</ele>
    <time>2024-04-20T19:37:05Z</time>
   </trkpt>
   <trkpt lat="48.4386970" lon="7.7040070">
    <ele>149.9</ele>
    <time>2024-04-20T19:37:06Z</time>
   </trkpt>
   <trkpt lat="48.4386270" lon="7.7039820">
    <ele>149.9</ele>
    <time>2024-04-20T19:37:07Z</time>
   </trkpt>
   <trkpt lat="48.4385530" lon="7.7039550">
    <ele>149.9</ele>
    <time>2024-04-20T19:37:08Z</time>
   </trkpt>
   <trkpt lat="48.4384850" lon="7.7039210">
    <ele>149.9</ele>
    <time>2024-04-20T19:37:09Z</time>
   </trkpt>
   <trkpt lat="48.4384180" lon="7.7038880">
    <ele>149.9</ele>
    <time>2024-04-20T19:37:10Z</time>
   </trkpt>
   <trkpt lat="48.4383490" lon="7.7038660">
    <ele>149.9</ele>
    <time>2024-04-20T19:37:11Z</time>
   </trkpt>
   <trkpt lat="48.4382820" lon="7.7038370">
    <ele>150.0</ele>
    <time>2024-04-20T19:37:12Z</time>
   </trkpt>
   <trkpt lat="48.4382120" lon="7.7038090">
    <ele>150.0</ele>
    <time>2024-04-20T19:37:13Z</time>
   </trkpt>
   <trkpt lat="48.4381460" lon="7.7037790">
    <ele>149.9</ele>
    <time>2024-04-20T19:37:14Z</time>
   </trkpt>
   <trkpt lat="48.4380790" lon="7.7037560">
    <ele>149.9</ele>
    <time>2024-04-20T19:37:15Z</time>
   </trkpt>
   <trkpt lat="48.4380110" lon="7.7037280">
    <ele>149.9</ele>
    <time>2024-04-20T19:37:16Z</time>
   </trkpt>
   <trkpt lat="48.4379430" lon="7.7037010">
    <ele>149.8</ele>
    <time>2024-04-20T19:37:17Z</time>
   </trkpt>
   <trkpt lat="48.4378750" lon="7.7036750">
    <ele>149.8</ele>
    <time>2024-04-20T19:37:18Z</time>
   </trkpt>
   <trkpt lat="48.4378060" lon="7.7036550">
    <ele>149.8</ele>
    <time>2024-04-20T19:37:19Z</time>
   </trkpt>
   <trkpt lat="48.4377410" lon="7.7036310">
    <ele>149.8</ele>
    <time>2024-04-20T19:37:20Z</time>
   </trkpt>
   <trkpt lat="48.4376760" lon="7.7036050">
    <ele>149.8</ele>
    <time>2024-04-20T19:37:21Z</time>
   </trkpt>
   <trkpt lat="48.4376090" lon="7.7035790">
    <ele>149.8</ele>
    <time>2024-04-20T19:37:22Z</time>
   </trkpt>
   <trkpt lat="48.4375430" lon="7.7035570">
    <ele>149.8</ele>
    <time>2024-04-20T19:37:23Z</time>
   </trkpt>
   <trkpt lat="48.4374770" lon="7.7035320">
    <ele>149.8</ele>
    <time>2024-04-20T19:37:24Z</time>
   </trkpt>
   <trkpt lat="48.4374100" lon="7.7035060">
    <ele>149.8</ele>
    <time>2024-04-20T19:37:25Z</time>
   </trkpt>
   <trkpt lat="48.4373440" lon="7.7034810">
    <ele>149.9</ele>
    <time>2024-04-20T19:37:26Z</time>
   </trkpt>
   <trkpt lat="48.4372770" lon="7.7034580">
    <ele>149.9</ele>
    <time>2024-04-20T19:37:27Z</time>
   </trkpt>
   <trkpt lat="48.4372110" lon="7.7034320">
    <ele>149.9</ele>
    <time>2024-04-20T19:37:28Z</time>
   </trkpt>
   <trkpt lat="48.4371430" lon="7.7034050">
    <ele>149.9</ele>
    <time>2024-04-20T19:37:29Z</time>
   </trkpt>
   <trkpt lat="48.4370780" lon="7.7033830">
    <ele>149.9</ele>
    <time>2024-04-20T19:37:30Z</time>
   </trkpt>
   <trkpt lat="48.4370120" lon="7.7033600">
    <ele>149.9</ele>
    <time>2024-04-20T19:37:31Z</time>
   </trkpt>
   <trkpt lat="48.4369470" lon="7.7033350">
    <ele>149.9</ele>
    <time>2024-04-20T19:37:32Z</time>
   </trkpt>
   <trkpt lat="48.4368820" lon="7.7033100">
    <ele>149.8</ele>
    <time>2024-04-20T19:37:33Z</time>
   </trkpt>
   <trkpt lat="48.4368150" lon="7.7032870">
    <ele>149.8</ele>
    <time>2024-04-20T19:37:34Z</time>
   </trkpt>
   <trkpt lat="48.4367480" lon="7.7032630">
    <ele>149.8</ele>
    <time>2024-04-20T19:37:35Z</time>
   </trkpt>
   <trkpt lat="48.4366800" lon="7.7032390">
    <ele>149.8</ele>
    <time>2024-04-20T19:37:36Z</time>
   </trkpt>
   <trkpt lat="48.4366120" lon="7.7032150">
    <ele>149.8</ele>
    <time>2024-04-20T19:37:37Z</time>
   </trkpt>
   <trkpt lat="48.4365460" lon="7.7031860">
    <ele>149.8</ele>
    <time>2024-04-20T19:37:38Z</time>
   </trkpt>
   <trkpt lat="48.4364800" lon="7.7031560">
    <ele>149.8</ele>
    <time>2024-04-20T19:37:39Z</time>
   </trkpt>
   <trkpt lat="48.4364150" lon="7.7031300">
    <ele>149.8</ele>
    <time>2024-04-20T19:37:40Z</time>
   </trkpt>
   <trkpt lat="48.4363480" lon="7.7031070">
    <ele>149.8</ele>
    <time>2024-04-20T19:37:41Z</time>
   </trkpt>
   <trkpt lat="48.4362780" lon="7.7030790">
    <ele>149.9</ele>
    <time>2024-04-20T19:37:42Z</time>
   </trkpt>
   <trkpt lat="48.4362140" lon="7.7030480">
    <ele>149.9</ele>
    <time>2024-04-20T19:37:43Z</time>
   </trkpt>
   <trkpt lat="48.4361470" lon="7.7030280">
    <ele>150.0</ele>
    <time>2024-04-20T19:37:44Z</time>
   </trkpt>
   <trkpt lat="48.4360830" lon="7.7030020">
    <ele>150.0</ele>
    <time>2024-04-20T19:37:45Z</time>
   </trkpt>
   <trkpt lat="48.4360170" lon="7.7029710">
    <ele>150.1</ele>
    <time>2024-04-20T19:37:46Z</time>
   </trkpt>
   <trkpt lat="48.4359520" lon="7.7029460">
    <ele>150.1</ele>
    <time>2024-04-20T19:37:47Z</time>
   </trkpt>
   <trkpt lat="48.4358850" lon="7.7029220">
    <ele>150.1</ele>
    <time>2024-04-20T19:37:48Z</time>
   </trkpt>
   <trkpt lat="48.4358200" lon="7.7029000">
    <ele>150.1</ele>
    <time>2024-04-20T19:37:49Z</time>
   </trkpt>
   <trkpt lat="48.4357510" lon="7.7028710">
    <ele>150.1</ele>
    <time>2024-04-20T19:37:50Z</time>
   </trkpt>
   <trkpt lat="48.4356840" lon="7.7028450">
    <ele>150.1</ele>
    <time>2024-04-20T19:37:51Z</time>
   </trkpt>
   <trkpt lat="48.4356190" lon="7.7028210">
    <ele>150.2</ele>
    <time>2024-04-20T19:37:52Z</time>
   </trkpt>
   <trkpt lat="48.4355560" lon="7.7027890">
    <ele>150.2</ele>
    <time>2024-04-20T19:37:53Z</time>
   </trkpt>
   <trkpt lat="48.4354910" lon="7.7027610">
    <ele>150.2</ele>
    <time>2024-04-20T19:37:54Z</time>
   </trkpt>
   <trkpt lat="48.4354240" lon="7.7027420">
    <ele>150.2</ele>
    <time>2024-04-20T19:37:55Z</time>
   </trkpt>
   <trkpt lat="48.4353550" lon="7.7027280">
    <ele>150.2</ele>
    <time>2024-04-20T19:37:56Z</time>
   </trkpt>
   <trkpt lat="48.4352950" lon="7.7027270">
    <ele>150.2</ele>
    <time>2024-04-20T19:37:57Z</time>
   </trkpt>
   <trkpt lat="48.4352360" lon="7.7027200">
    <ele>150.2</ele>
    <time>2024-04-20T19:37:58Z</time>
   </trkpt>
   <trkpt lat="48.4351770" lon="7.7027060">
    <ele>150.2</ele>
    <time>2024-04-20T19:37:59Z</time>
   </trkpt>
   <trkpt lat="48.4351190" lon="7.7026820">
    <ele>150.2</ele>
    <time>2024-04-20T19:38:00Z</time>
   </trkpt>
   <trkpt lat="48.4350590" lon="7.7026570">
    <ele>150.2</ele>
    <time>2024-04-20T19:38:01Z</time>
   </trkpt>
   <trkpt lat="48.4349980" lon="7.7026390">
    <ele>150.2</ele>
    <time>2024-04-20T19:38:02Z</time>
   </trkpt>
   <trkpt lat="48.4349370" lon="7.7026180">
    <ele>150.2</ele>
    <time>2024-04-20T19:38:03Z</time>
   </trkpt>
   <trkpt lat="48.4348760" lon="7.7025970">
    <ele>150.2</ele>
    <time>2024-04-20T19:38:04Z</time>
   </trkpt>
   <trkpt lat="48.4348150" lon="7.7025790">
    <ele>150.3</ele>
    <time>2024-04-20T19:38:05Z</time>
   </trkpt>
   <trkpt lat="48.4347560" lon="7.7025560">
    <ele>150.3</ele>
    <time>2024-04-20T19:38:06Z</time>
   </trkpt>
   <trkpt lat="48.4346960" lon="7.7025320">
    <ele>150.3</ele>
    <time>2024-04-20T19:38:07Z</time>
   </trkpt>
   <trkpt lat="48.4346360" lon="7.7025070">
    <ele>150.3</ele>
    <time>2024-04-20T19:38:08Z</time>
   </trkpt>
   <trkpt lat="48.4345770" lon="7.7024850">
    <ele>150.3</ele>
    <time>2024-04-20T19:38:09Z</time>
   </trkpt>
   <trkpt lat="48.4345160" lon="7.7024620">
    <ele>150.4</ele>
    <time>2024-04-20T19:38:10Z</time>
   </trkpt>
   <trkpt lat="48.4344580" lon="7.7024410">
    <ele>150.4</ele>
    <time>2024-04-20T19:38:11Z</time>
   </trkpt>
   <trkpt lat="48.4343970" lon="7.7024150">
    <ele>150.4</ele>
    <time>2024-04-20T19:38:12Z</time>
   </trkpt>
   <trkpt lat="48.4343350" lon="7.7023890">
    <ele>150.4</ele>
    <time>2024-04-20T19:38:13Z</time>
   </trkpt>
   <trkpt lat="48.4342740" lon="7.7023650">
    <ele>150.4</ele>
    <time>2024-04-20T19:38:14Z</time>
   </trkpt>
   <trkpt lat="48.4342130" lon="7.7023430">
    <ele>150.4</ele>
    <time>2024-04-20T19:38:15Z</time>
   </trkpt>
   <trkpt lat="48.4341520" lon="7.7023190">
    <ele>150.5</ele>
    <time>2024-04-20T19:38:16Z</time>
   </trkpt>
   <trkpt lat="48.4340910" lon="7.7022990">
    <ele>150.5</ele>
    <time>2024-04-20T19:38:17Z</time>
   </trkpt>
   <trkpt lat="48.4340310" lon="7.7022760">
    <ele>150.5</ele>
    <time>2024-04-20T19:38:18Z</time>
   </trkpt>
   <trkpt lat="48.4339730" lon="7.7022500">
    <ele>150.5</ele>
    <time>2024-04-20T19:38:19Z</time>
   </trkpt>
   <trkpt lat="48.4339100" lon="7.7022260">
    <ele>150.5</ele>
    <time>2024-04-20T19:38:20Z</time>
   </trkpt>
   <trkpt lat="48.4338510" lon="7.7021980">
    <ele>150.5</ele>
    <time>2024-04-20T19:38:21Z</time>
   </trkpt>
   <trkpt lat="48.4337910" lon="7.7021720">
    <ele>150.5</ele>
    <time>2024-04-20T19:38:22Z</time>
   </trkpt>
   <trkpt lat="48.4337290" lon="7.7021460">
    <ele>150.4</ele>
    <time>2024-04-20T19:38:23Z</time>
   </trkpt>
   <trkpt lat="48.4336680" lon="7.7021220">
    <ele>150.4</ele>
    <time>2024-04-20T19:38:24Z</time>
   </trkpt>
   <trkpt lat="48.4336060" lon="7.7021000">
    <ele>150.4</ele>
    <time>2024-04-20T19:38:25Z</time>
   </trkpt>
   <trkpt lat="48.4335440" lon="7.7020740">
    <ele>150.5</ele>
    <time>2024-04-20T19:38:26Z</time>
   </trkpt>
   <trkpt lat="48.4334830" lon="7.7020490">
    <ele>150.5</ele>
    <time>2024-04-20T19:38:27Z</time>
   </trkpt>
   <trkpt lat="48.4334190" lon="7.7020260">
    <ele>150.5</ele>
    <time>2024-04-20T19:38:28Z</time>
   </trkpt>
   <trkpt lat="48.4333540" lon="7.7020010">
    <ele>150.5</ele>
    <time>2024-04-20T19:38:29Z</time>
   </trkpt>
   <trkpt lat="48.4332910" lon="7.7019730">
    <ele>150.5</ele>
    <time>2024-04-20T19:38:30Z</time>
   </trkpt>
   <trkpt lat="48.4332260" lon="7.7019460">
    <ele>150.5</ele>
    <time>2024-04-20T19:38:31Z</time>
   </trkpt>
   <trkpt lat="48.4331640" lon="7.7019270">
    <ele>150.5</ele>
    <time>2024-04-20T19:38:32Z</time>
   </trkpt>
   <trkpt lat="48.4331000" lon="7.7019030">
    <ele>150.5</ele>
    <time>2024-04-20T19:38:33Z</time>
   </trkpt>
   <trkpt lat="48.4330360" lon="7.7018740">
    <ele>150.5</ele>
    <time>2024-04-20T19:38:34Z</time>
   </trkpt>
   <trkpt lat="48.4329700" lon="7.7018500">
    <ele>150.5</ele>
    <time>2024-04-20T19:38:35Z</time>
   </trkpt>
   <trkpt lat="48.4329040" lon="7.7018250">
    <ele>150.5</ele>
    <time>2024-04-20T19:38:36Z</time>
   </trkpt>
   <trkpt lat="48.4328420" lon="7.7018030">
    <ele>150.4</ele>
    <time>2024-04-20T19:38:37Z</time>
   </trkpt>
   <trkpt lat="48.4327770" lon="7.7017770">
    <ele>150.4</ele>
    <time>2024-04-20T19:38:38Z</time>
   </trkpt>
   <trkpt lat="48.4327120" lon="7.7017540">
    <ele>150.4</ele>
    <time>2024-04-20T19:38:39Z</time>
   </trkpt>
   <trkpt lat="48.4326470" lon="7.7017270">
    <ele>150.4</ele>
    <time>2024-04-20T19:38:40Z</time>
   </trkpt>
   <trkpt lat="48.4325850" lon="7.7016970">
    <ele>150.4</ele>
    <time>2024-04-20T19:38:41Z</time>
   </trkpt>
   <trkpt lat="48.4325220" lon="7.7016720">
    <ele>150.4</ele>
    <time>2024-04-20T19:38:42Z</time>
   </trkpt>
   <trkpt lat="48.4324610" lon="7.7016500">
    <ele>150.4</ele>
    <time>2024-04-20T19:38:43Z</time>
   </trkpt>
   <trkpt lat="48.4323980" lon="7.7016240">
    <ele>150.4</ele>
    <time>2024-04-20T19:38:44Z</time>
   </trkpt>
   <trkpt lat="48.4323330" lon="7.7015970">
    <ele>150.4</ele>
    <time>2024-04-20T19:38:45Z</time>
   </trkpt>
   <trkpt lat="48.4322680" lon="7.7015740">
    <ele>150.4</ele>
    <time>2024-04-20T19:38:46Z</time>
   </trkpt>
   <trkpt lat="48.4322030" lon="7.7015530">
    <ele>150.4</ele>
    <time>2024-04-20T19:38:47Z</time>
   </trkpt>
   <trkpt lat="48.4321390" lon="7.7015260">
    <ele>150.4</ele>
    <time>2024-04-20T19:38:48Z</time>
   </trkpt>
   <trkpt lat="48.4320780" lon="7.7015000">
    <ele>150.3</ele>
    <time>2024-04-20T19:38:49Z</time>
   </trkpt>
   <trkpt lat="48.4320170" lon="7.7014730">
    <ele>150.3</ele>
    <time>2024-04-20T19:38:50Z</time>
   </trkpt>
   <trkpt lat="48.4319530" lon="7.7014460">
    <ele>150.3</ele>
    <time>2024-04-20T19:38:51Z</time>
   </trkpt>
   <trkpt lat="48.4318880" lon="7.7014210">
    <ele>150.3</ele>
    <time>2024-04-20T19:38:52Z</time>
   </trkpt>
   <trkpt lat="48.4318230" lon="7.7013970">
    <ele>150.3</ele>
    <time>2024-04-20T19:38:53Z</time>
   </trkpt>
   <trkpt lat="48.4317600" lon="7.7013740">
    <ele>150.3</ele>
    <time>2024-04-20T19:38:54Z</time>
   </trkpt>
   <trkpt lat="48.4316980" lon="7.7013490">
    <ele>150.3</ele>
    <time>2024-04-20T19:38:55Z</time>
   </trkpt>
   <trkpt lat="48.4316350" lon="7.7013240">
    <ele>150.3</ele>
    <time>2024-04-20T19:38:56Z</time>
   </trkpt>
   <trkpt lat="48.4315710" lon="7.7012990">
    <ele>150.3</ele>
    <time>2024-04-20T19:38:57Z</time>
   </trkpt>
   <trkpt lat="48.4315090" lon="7.7012700">
    <ele>150.3</ele>
    <time>2024-04-20T19:38:58Z</time>
   </trkpt>
   <trkpt lat="48.4314440" lon="7.7012430">
    <ele>150.3</ele>
    <time>2024-04-20T19:38:59Z</time>
   </trkpt>
   <trkpt lat="48.4313800" lon="7.7012200">
    <ele>150.3</ele>
    <time>2024-04-20T19:39:00Z</time>
   </trkpt>
   <trkpt lat="48.4313170" lon="7.7011930">
    <ele>150.2</ele>
    <time>2024-04-20T19:39:01Z</time>
   </trkpt>
   <trkpt lat="48.4312550" lon="7.7011670">
    <ele>150.2</ele>
    <time>2024-04-20T19:39:02Z</time>
   </trkpt>
   <trkpt lat="48.4311920" lon="7.7011450">
    <ele>150.2</ele>
    <time>2024-04-20T19:39:03Z</time>
   </trkpt>
   <trkpt lat="48.4311290" lon="7.7011250">
    <ele>150.2</ele>
    <time>2024-04-20T19:39:04Z</time>
   </trkpt>
   <trkpt lat="48.4310680" lon="7.7011030">
    <ele>150.2</ele>
    <time>2024-04-20T19:39:05Z</time>
   </trkpt>
   <trkpt lat="48.4310050" lon="7.7010830">
    <ele>150.1</ele>
    <time>2024-04-20T19:39:06Z</time>
   </trkpt>
   <trkpt lat="48.4309400" lon="7.7010580">
    <ele>150.1</ele>
    <time>2024-04-20T19:39:07Z</time>
   </trkpt>
   <trkpt lat="48.4308760" lon="7.7010360">
    <ele>150.1</ele>
    <time>2024-04-20T19:39:08Z</time>
   </trkpt>
   <trkpt lat="48.4308160" lon="7.7010090">
    <ele>150.1</ele>
    <time>2024-04-20T19:39:09Z</time>
   </trkpt>
   <trkpt lat="48.4307520" lon="7.7009860">
    <ele>150.1</ele>
    <time>2024-04-20T19:39:10Z</time>
   </trkpt>
   <trkpt lat="48.4306910" lon="7.7009620">
    <ele>150.1</ele>
    <time>2024-04-20T19:39:11Z</time>
   </trkpt>
   <trkpt lat="48.4306290" lon="7.7009400">
    <ele>150.1</ele>
    <time>2024-04-20T19:39:12Z</time>
   </trkpt>
   <trkpt lat="48.4305660" lon="7.7009150">
    <ele>150.2</ele>
    <time>2024-04-20T19:39:13Z</time>
   </trkpt>
   <trkpt lat="48.4305010" lon="7.7008890">
    <ele>150.2</ele>
    <time>2024-04-20T19:39:14Z</time>
   </trkpt>
   <trkpt lat="48.4304410" lon="7.7008620">
    <ele>150.2</ele>
    <time>2024-04-20T19:39:15Z</time>
   </trkpt>
   <trkpt lat="48.4303810" lon="7.7008390">
    <ele>150.2</ele>
    <time>2024-04-20T19:39:16Z</time>
   </trkpt>
   <trkpt lat="48.4303200" lon="7.7008160">
    <ele>150.2</ele>
    <time>2024-04-20T19:39:17Z</time>
   </trkpt>
   <trkpt lat="48.4302570" lon="7.7007940">
    <ele>150.2</ele>
    <time>2024-04-20T19:39:18Z</time>
   </trkpt>
   <trkpt lat="48.4301980" lon="7.7007670">
    <ele>150.3</ele>
    <time>2024-04-20T19:39:19Z</time>
   </trkpt>
   <trkpt lat="48.4301360" lon="7.7007430">
    <ele>150.3</ele>
    <time>2024-04-20T19:39:20Z</time>
   </trkpt>
   <trkpt lat="48.4300740" lon="7.7007200">
    <ele>150.3</ele>
    <time>2024-04-20T19:39:21Z</time>
   </trkpt>
   <trkpt lat="48.4300100" lon="7.7006970">
    <ele>150.2</ele>
    <time>2024-04-20T19:39:22Z</time>
   </trkpt>
   <trkpt lat="48.4299480" lon="7.7006720">
    <ele>150.2</ele>
    <time>2024-04-20T19:39:23Z</time>
   </trkpt>
   <trkpt lat="48.4298870" lon="7.7006450">
    <ele>150.2</ele>
    <time>2024-04-20T19:39:24Z</time>
   </trkpt>
   <trkpt lat="48.4298260" lon="7.7006270">
    <ele>150.2</ele>
    <time>2024-04-20T19:39:25Z</time>
   </trkpt>
   <trkpt lat="48.4297680" lon="7.7006040">
    <ele>150.3</ele>
    <time>2024-04-20T19:39:26Z</time>
   </trkpt>
   <trkpt lat="48.4297080" lon="7.7005800">
    <ele>150.3</ele>
    <time>2024-04-20T19:39:27Z</time>
   </trkpt>
   <trkpt lat="48.4296470" lon="7.7005570">
    <ele>150.3</ele>
    <time>2024-04-20T19:39:28Z</time>
   </trkpt>
   <trkpt lat="48.4295870" lon="7.7005330">
    <ele>150.2</ele>
    <time>2024-04-20T19:39:29Z</time>
   </trkpt>
   <trkpt lat="48.4295260" lon="7.7005020">
    <ele>150.2</ele>
    <time>2024-04-20T19:39:30Z</time>
   </trkpt>
   <trkpt lat="48.4294670" lon="7.7004790">
    <ele>150.2</ele>
    <time>2024-04-20T19:39:31Z</time>
   </trkpt>
   <trkpt lat="48.4294070" lon="7.7004560">
    <ele>150.2</ele>
    <time>2024-04-20T19:39:32Z</time>
   </trkpt>
   <trkpt lat="48.4293460" lon="7.7004350">
    <ele>150.2</ele>
    <time>2024-04-20T19:39:33Z</time>
   </trkpt>
   <trkpt lat="48.4292850" lon="7.7004080">
    <ele>150.2</ele>
    <time>2024-04-20T19:39:34Z</time>
   </trkpt>
   <trkpt lat="48.4292260" lon="7.7003830">
    <ele>150.2</ele>
    <time>2024-04-20T19:39:35Z</time>
   </trkpt>
   <trkpt lat="48.4291650" lon="7.7003610">
    <ele>150.2</ele>
    <time>2024-04-20T19:39:36Z</time>
   </trkpt>
   <trkpt lat="48.4291050" lon="7.7003380">
    <ele>150.2</ele>
    <time>2024-04-20T19:39:37Z</time>
   </trkpt>
   <trkpt lat="48.4290420" lon="7.7003160">
    <ele>150.2</ele>
    <time>2024-04-20T19:39:38Z</time>
   </trkpt>
   <trkpt lat="48.4289800" lon="7.7002960">
    <ele>150.2</ele>
    <time>2024-04-20T19:39:39Z</time>
   </trkpt>
   <trkpt lat="48.4289180" lon="7.7002760">
    <ele>150.2</ele>
    <time>2024-04-20T19:39:40Z</time>
   </trkpt>
   <trkpt lat="48.4288580" lon="7.7002570">
    <ele>150.2</ele>
    <time>2024-04-20T19:39:41Z</time>
   </trkpt>
   <trkpt lat="48.4287980" lon="7.7002320">
    <ele>150.2</ele>
    <time>2024-04-20T19:39:42Z</time>
   </trkpt>
   <trkpt lat="48.4287380" lon="7.7002090">
    <ele>150.2</ele>
    <time>2024-04-20T19:39:43Z</time>
   </trkpt>
   <trkpt lat="48.4286780" lon="7.7001820">
    <ele>150.1</ele>
    <time>2024-04-20T19:39:44Z</time>
   </trkpt>
   <trkpt lat="48.4286180" lon="7.7001570">
    <ele>150.1</ele>
    <time>2024-04-20T19:39:45Z</time>
   </trkpt>
   <trkpt lat="48.4285570" lon="7.7001330">
    <ele>150.1</ele>
    <time>2024-04-20T19:39:46Z</time>
   </trkpt>
   <trkpt lat="48.4284970" lon="7.7001080">
    <ele>150.1</ele>
    <time>2024-04-20T19:39:47Z</time>
   </trkpt>
   <trkpt lat="48.4284390" lon="7.7000850">
    <ele>150.1</ele>
    <time>2024-04-20T19:39:48Z</time>
   </trkpt>
   <trkpt lat="48.4283780" lon="7.7000650">
    <ele>150.1</ele>
    <time>2024-04-20T19:39:49Z</time>
   </trkpt>
   <trkpt lat="48.4283180" lon="7.7000420">
    <ele>150.1</ele>
    <time>2024-04-20T19:39:50Z</time>
   </trkpt>
   <trkpt lat="48.4282590" lon="7.7000150">
    <ele>150.1</ele>
    <time>2024-04-20T19:39:51Z</time>
   </trkpt>
   <trkpt lat="48.4281990" lon="7.6999910">
    <ele>150.1</ele>
    <time>2024-04-20T19:39:52Z</time>
   </trkpt>
   <trkpt lat="48.4281370" lon="7.6999650">
    <ele>150.1</ele>
    <time>2024-04-20T19:39:53Z</time>
   </trkpt>
   <trkpt lat="48.4280780" lon="7.6999410">
    <ele>150.1</ele>
    <time>2024-04-20T19:39:54Z</time>
   </trkpt>
   <trkpt lat="48.4280180" lon="7.6999210">
    <ele>150.1</ele>
    <time>2024-04-20T19:39:55Z</time>
   </trkpt>
   <trkpt lat="48.4279580" lon="7.6999030">
    <ele>150.1</ele>
    <time>2024-04-20T19:39:56Z</time>
   </trkpt>
   <trkpt lat="48.4278970" lon="7.6998800">
    <ele>150.1</ele>
    <time>2024-04-20T19:39:57Z</time>
   </trkpt>
   <trkpt lat="48.4278370" lon="7.6998570">
    <ele>150.1</ele>
    <time>2024-04-20T19:39:58Z</time>
   </trkpt>
   <trkpt lat="48.4277770" lon="7.6998330">
    <ele>150.1</ele>
    <time>2024-04-20T19:39:59Z</time>
   </trkpt>
   <trkpt lat="48.4277170" lon="7.6998080">
    <ele>150.1</ele>
    <time>2024-04-20T19:40:00Z</time>
   </trkpt>
   <trkpt lat="48.4276580" lon="7.6997840">
    <ele>150.1</ele>
    <time>2024-04-20T19:40:01Z</time>
   </trkpt>
   <trkpt lat="48.4275970" lon="7.6997640">
    <ele>150.1</ele>
    <time>2024-04-20T19:40:02Z</time>
   </trkpt>
   <trkpt lat="48.4275370" lon="7.6997400">
    <ele>150.1</ele>
    <time>2024-04-20T19:40:03Z</time>
   </trkpt>
   <trkpt lat="48.4274770" lon="7.6997140">
    <ele>150.1</ele>
    <time>2024-04-20T19:40:04Z</time>
   </trkpt>
   <trkpt lat="48.4274180" lon="7.6996930">
    <ele>150.1</ele>
    <time>2024-04-20T19:40:05Z</time>
   </trkpt>
   <trkpt lat="48.4273590" lon="7.6996700">
    <ele>150.1</ele>
    <time>2024-04-20T19:40:06Z</time>
   </trkpt>
   <trkpt lat="48.4272990" lon="7.6996470">
    <ele>150.1</ele>
    <time>2024-04-20T19:40:07Z</time>
   </trkpt>
   <trkpt lat="48.4272400" lon="7.6996250">
    <ele>150.1</ele>
    <time>2024-04-20T19:40:08Z</time>
   </trkpt>
   <trkpt lat="48.4271820" lon="7.6996030">
    <ele>150.1</ele>
    <time>2024-04-20T19:40:09Z</time>
   </trkpt>
   <trkpt lat="48.4271250" lon="7.6995830">
    <ele>150.1</ele>
    <time>2024-04-20T19:40:10Z</time>
   </trkpt>
   <trkpt lat="48.4270650" lon="7.6995580">
    <ele>150.1</ele>
    <time>2024-04-20T19:40:11Z</time>
   </trkpt>
   <trkpt lat="48.4270030" lon="7.6995310">
    <ele>150.0</ele>
    <time>2024-04-20T19:40:12Z</time>
   </trkpt>
   <trkpt lat="48.4269410" lon="7.6995070">
    <ele>150.0</ele>
    <time>2024-04-20T19:40:13Z</time>
   </trkpt>
   <trkpt lat="48.4268790" lon="7.6994890">
    <ele>150.0</ele>
    <time>2024-04-20T19:40:14Z</time>
   </trkpt>
   <trkpt lat="48.4268190" lon="7.6994690">
    <ele>150.0</ele>
    <time>2024-04-20T19:40:15Z</time>
   </trkpt>
   <trkpt lat="48.4267590" lon="7.6994450">
    <ele>150.1</ele>
    <time>2024-04-20T19:40:16Z</time>
   </trkpt>
   <trkpt lat="48.4266990" lon="7.6994230">
    <ele>150.1</ele>
    <time>2024-04-20T19:40:17Z</time>
   </trkpt>
   <trkpt lat="48.4266420" lon="7.6993950">
    <ele>150.1</ele>
    <time>2024-04-20T19:40:18Z</time>
   </trkpt>
   <trkpt lat="48.4265820" lon="7.6993690">
    <ele>150.1</ele>
    <time>2024-04-20T19:40:19Z</time>
   </trkpt>
   <trkpt lat="48.4265220" lon="7.6993430">
    <ele>150.1</ele>
    <time>2024-04-20T19:40:20Z</time>
   </trkpt>
   <trkpt lat="48.4264640" lon="7.6993170">
    <ele>150.1</ele>
    <time>2024-04-20T19:40:21Z</time>
   </trkpt>
   <trkpt lat="48.4264050" lon="7.6992920">
    <ele>150.1</ele>
    <time>2024-04-20T19:40:22Z</time>
   </trkpt>
   <trkpt lat="48.4263470" lon="7.6992670">
    <ele>150.2</ele>
    <time>2024-04-20T19:40:23Z</time>
   </trkpt>
   <trkpt lat="48.4262880" lon="7.6992450">
    <ele>150.2</ele>
    <time>2024-04-20T19:40:24Z</time>
   </trkpt>
   <trkpt lat="48.4262310" lon="7.6992200">
    <ele>150.2</ele>
    <time>2024-04-20T19:40:25Z</time>
   </trkpt>
   <trkpt lat="48.4261750" lon="7.6991940">
    <ele>150.3</ele>
    <time>2024-04-20T19:40:26Z</time>
   </trkpt>
   <trkpt lat="48.4261170" lon="7.6991650">
    <ele>150.3</ele>
    <time>2024-04-20T19:40:27Z</time>
   </trkpt>
   <trkpt lat="48.4260580" lon="7.6991420">
    <ele>150.3</ele>
    <time>2024-04-20T19:40:28Z</time>
   </trkpt>
   <trkpt lat="48.4259980" lon="7.6991180">
    <ele>150.3</ele>
    <time>2024-04-20T19:40:29Z</time>
   </trkpt>
   <trkpt lat="48.4259390" lon="7.6990940">
    <ele>150.4</ele>
    <time>2024-04-20T19:40:30Z</time>
   </trkpt>
   <trkpt lat="48.4258810" lon="7.6990720">
    <ele>150.4</ele>
    <time>2024-04-20T19:40:31Z</time>
   </trkpt>
   <trkpt lat="48.4258230" lon="7.6990480">
    <ele>150.4</ele>
    <time>2024-04-20T19:40:32Z</time>
   </trkpt>
   <trkpt lat="48.4257650" lon="7.6990220">
    <ele>150.5</ele>
    <time>2024-04-20T19:40:33Z</time>
   </trkpt>
   <trkpt lat="48.4257050" lon="7.6990000">
    <ele>150.5</ele>
    <time>2024-04-20T19:40:34Z</time>
   </trkpt>
   <trkpt lat="48.4256430" lon="7.6989800">
    <ele>150.6</ele>
    <time>2024-04-20T19:40:35Z</time>
   </trkpt>
   <trkpt lat="48.4255840" lon="7.6989640">
    <ele>150.6</ele>
    <time>2024-04-20T19:40:36Z</time>
   </trkpt>
   <trkpt lat="48.4255230" lon="7.6989520">
    <ele>150.7</ele>
    <time>2024-04-20T19:40:37Z</time>
   </trkpt>
   <trkpt lat="48.4254600" lon="7.6989470">
    <ele>150.7</ele>
    <time>2024-04-20T19:40:38Z</time>
   </trkpt>
   <trkpt lat="48.4253990" lon="7.6989390">
    <ele>150.8</ele>
    <time>2024-04-20T19:40:39Z</time>
   </trkpt>
   <trkpt lat="48.4253410" lon="7.6989210">
    <ele>150.8</ele>
    <time>2024-04-20T19:40:40Z</time>
   </trkpt>
   <trkpt lat="48.4252830" lon="7.6989030">
    <ele>150.9</ele>
    <time>2024-04-20T19:40:41Z</time>
   </trkpt>
   <trkpt lat="48.4252260" lon="7.6988700">
    <ele>150.9</ele>
    <time>2024-04-20T19:40:42Z</time>
   </trkpt>
   <trkpt lat="48.4251740" lon="7.6988400">
    <ele>151.0</ele>
    <time>2024-04-20T19:40:43Z</time>
   </trkpt>
   <trkpt lat="48.4251230" lon="7.6988110">
    <ele>151.1</ele>
    <time>2024-04-20T19:40:44Z</time>
   </trkpt>
   <trkpt lat="48.4250760" lon="7.6987800">
    <ele>151.1</ele>
    <time>2024-04-20T19:40:45Z</time>
   </trkpt>
   <trkpt lat="48.4250310" lon="7.6987580">
    <ele>151.1</ele>
    <time>2024-04-20T19:40:46Z</time>
   </trkpt>
   <trkpt lat="48.4249850" lon="7.6987350">
    <ele>151.1</ele>
    <time>2024-04-20T19:40:47Z</time>
   </trkpt>
   <trkpt lat="48.4249350" lon="7.6987170">
    <ele>151.1</ele>
    <time>2024-04-20T19:40:48Z</time>
   </trkpt>
   <trkpt lat="48.4248850" lon="7.6986940">
    <ele>151.1</ele>
    <time>2024-04-20T19:40:49Z</time>
   </trkpt>
   <trkpt lat="48.4248340" lon="7.6986740">
    <ele>151.1</ele>
    <time>2024-04-20T19:40:50Z</time>
   </trkpt>
   <trkpt lat="48.4247820" lon="7.6986540">
    <ele>151.1</ele>
    <time>2024-04-20T19:40:51Z</time>
   </trkpt>
   <trkpt lat="48.4247300" lon="7.6986340">
    <ele>151.1</ele>
    <time>2024-04-20T19:40:52Z</time>
   </trkpt>
   <trkpt lat="48.4246750" lon="7.6986140">
    <ele>151.1</ele>
    <time>2024-04-20T19:40:53Z</time>
   </trkpt>
   <trkpt lat="48.4246200" lon="7.6985910">
    <ele>151.1</ele>
    <time>2024-04-20T19:40:54Z</time>
   </trkpt>
   <trkpt lat="48.4245650" lon="7.6985700">
    <ele>151.1</ele>
    <time>2024-04-20T19:40:55Z</time>
   </trkpt>
   <trkpt lat="48.4245090" lon="7.6985530">
    <ele>151.1</ele>
    <time>2024-04-20T19:40:56Z</time>
   </trkpt>
   <trkpt lat="48.4244520" lon="7.6985300">
    <ele>151.1</ele>
    <time>2024-04-20T19:40:57Z</time>
   </trkpt>
   <trkpt lat="48.4243980" lon="7.6985090">
    <ele>151.1</ele>
    <time>2024-04-20T19:40:58Z</time>
   </trkpt>
   <trkpt lat="48.4243430" lon="7.6984810">
    <ele>151.1</ele>
    <time>2024-04-20T19:40:59Z</time>
   </trkpt>
   <trkpt lat="48.4242880" lon="7.6984610">
    <ele>151.1</ele>
    <time>2024-04-20T19:41:00Z</time>
   </trkpt>
   <trkpt lat="48.4242310" lon="7.6984400">
    <ele>151.1</ele>
    <time>2024-04-20T19:41:01Z</time>
   </trkpt>
   <trkpt lat="48.4241750" lon="7.6984180">
    <ele>151.2</ele>
    <time>2024-04-20T19:41:02Z</time>
   </trkpt>
   <trkpt lat="48.4241180" lon="7.6983970">
    <ele>151.2</ele>
    <time>2024-04-20T19:41:03Z</time>
   </trkpt>
   <trkpt lat="48.4240610" lon="7.6983720">
    <ele>151.2</ele>
    <time>2024-04-20T19:41:04Z</time>
   </trkpt>
   <trkpt lat="48.4240050" lon="7.6983510">
    <ele>151.2</ele>
    <time>2024-04-20T19:41:05Z</time>
   </trkpt>
   <trkpt lat="48.4239500" lon="7.6983300">
    <ele>151.3</ele>
    <time>2024-04-20T19:41:06Z</time>
   </trkpt>
   <trkpt lat="48.4238940" lon="7.6983100">
    <ele>151.3</ele>
    <time>2024-04-20T19:41:07Z</time>
   </trkpt>
   <trkpt lat="48.4238380" lon="7.6982870">
    <ele>151.4</ele>
    <time>2024-04-20T19:41:08Z</time>
   </trkpt>
   <trkpt lat="48.4237830" lon="7.6982620">
    <ele>151.4</ele>
    <time>2024-04-20T19:41:09Z</time>
   </trkpt>
   <trkpt lat="48.4237280" lon="7.6982380">
    <ele>151.4</ele>
    <time>2024-04-20T19:41:10Z</time>
   </trkpt>
   <trkpt lat="48.4236710" lon="7.6982160">
    <ele>151.5</ele>
    <time>2024-04-20T19:41:11Z</time>
   </trkpt>
   <trkpt lat="48.4236150" lon="7.6981970">
    <ele>151.5</ele>
    <time>2024-04-20T19:41:12Z</time>
   </trkpt>
   <trkpt lat="48.4235580" lon="7.6981760">
    <ele>151.6</ele>
    <time>2024-04-20T19:41:13Z</time>
   </trkpt>
   <trkpt lat="48.4235020" lon="7.6981520">
    <ele>151.6</ele>
    <time>2024-04-20T19:41:14Z</time>
   </trkpt>
   <trkpt lat="48.4234470" lon="7.6981270">
    <ele>151.6</ele>
    <time>2024-04-20T19:41:15Z</time>
   </trkpt>
   <trkpt lat="48.4233920" lon="7.6981030">
    <ele>151.6</ele>
    <time>2024-04-20T19:41:16Z</time>
   </trkpt>
   <trkpt lat="48.4233370" lon="7.6980750">
    <ele>151.7</ele>
    <time>2024-04-20T19:41:17Z</time>
   </trkpt>
   <trkpt lat="48.4232810" lon="7.6980480">
    <ele>151.7</ele>
    <time>2024-04-20T19:41:18Z</time>
   </trkpt>
   <trkpt lat="48.4232240" lon="7.6980230">
    <ele>151.7</ele>
    <time>2024-04-20T19:41:19Z</time>
   </trkpt>
   <trkpt lat="48.4231680" lon="7.6979990">
    <ele>151.8</ele>
    <time>2024-04-20T19:41:20Z</time>
   </trkpt>
   <trkpt lat="48.4231120" lon="7.6979760">
    <ele>151.8</ele>
    <time>2024-04-20T19:41:21Z</time>
   </trkpt>
   <trkpt lat="48.4230580" lon="7.6979520">
    <ele>151.8</ele>
    <time>2024-04-20T19:41:22Z</time>
   </trkpt>
   <trkpt lat="48.4230020" lon="7.6979290">
    <ele>151.8</ele>
    <time>2024-04-20T19:41:23Z</time>
   </trkpt>
   <trkpt lat="48.4229460" lon="7.6979030">
    <ele>151.8</ele>
    <time>2024-04-20T19:41:24Z</time>
   </trkpt>
   <trkpt lat="48.4228900" lon="7.6978810">
    <ele>151.9</ele>
    <time>2024-04-20T19:41:25Z</time>
   </trkpt>
   <trkpt lat="48.4228340" lon="7.6978580">
    <ele>151.9</ele>
    <time>2024-04-20T19:41:26Z</time>
   </trkpt>
   <trkpt lat="48.4227760" lon="7.6978490">
    <ele>152.0</ele>
    <time>2024-04-20T19:41:27Z</time>
   </trkpt>
   <trkpt lat="48.4227230" lon="7.6978390">
    <ele>152.0</ele>
    <time>2024-04-20T19:41:28Z</time>
   </trkpt>
   <trkpt lat="48.4226720" lon="7.6978240">
    <ele>152.0</ele>
    <time>2024-04-20T19:41:29Z</time>
   </trkpt>
   <trkpt lat="48.4226220" lon="7.6978150">
    <ele>152.1</ele>
    <time>2024-04-20T19:41:30Z</time>
   </trkpt>
   <trkpt lat="48.4225710" lon="7.6978010">
    <ele>152.1</ele>
    <time>2024-04-20T19:41:31Z</time>
   </trkpt>
   <trkpt lat="48.4225190" lon="7.6977840">
    <ele>152.0</ele>
    <time>2024-04-20T19:41:32Z</time>
   </trkpt>
   <trkpt lat="48.4224670" lon="7.6977620">
    <ele>152.0</ele>
    <time>2024-04-20T19:41:33Z</time>
   </trkpt>
   <trkpt lat="48.4224130" lon="7.6977410">
    <ele>152.0</ele>
    <time>2024-04-20T19:41:34Z</time>
   </trkpt>
   <trkpt lat="48.4223600" lon="7.6977160">
    <ele>152.0</ele>
    <time>2024-04-20T19:41:35Z</time>
   </trkpt>
   <trkpt lat="48.4223060" lon="7.6976940">
    <ele>152.1</ele>
    <time>2024-04-20T19:41:36Z</time>
   </trkpt>
   <trkpt lat="48.4222520" lon="7.6976750">
    <ele>152.1</ele>
    <time>2024-04-20T19:41:37Z</time>
   </trkpt>
   <trkpt lat="48.4221990" lon="7.6976430">
    <ele>152.1</ele>
    <time>2024-04-20T19:41:38Z</time>
   </trkpt>
   <trkpt lat="48.4221500" lon="7.6976040">
    <ele>152.2</ele>
    <time>2024-04-20T19:41:39Z</time>
   </trkpt>
   <trkpt lat="48.4221020" lon="7.6975640">
    <ele>152.2</ele>
    <time>2024-04-20T19:41:40Z</time>
   </trkpt>
   <trkpt lat="48.4220520" lon="7.6975250">
    <ele>152.3</ele>
    <time>2024-04-20T19:41:41Z</time>
   </trkpt>
   <trkpt lat="48.4220030" lon="7.6974840">
    <ele>152.4</ele>
    <time>2024-04-20T19:41:42Z</time>
   </trkpt>
   <trkpt lat="48.4219560" lon="7.6974400">
    <ele>152.5</ele>
    <time>2024-04-20T19:41:43Z</time>
   </trkpt>
   <trkpt lat="48.4219100" lon="7.6973920">
    <ele>152.7</ele>
    <time>2024-04-20T19:41:44Z</time>
   </trkpt>
   <trkpt lat="48.4218670" lon="7.6973400">
    <ele>152.8</ele>
    <time>2024-04-20T19:41:45Z</time>
   </trkpt>
   <trkpt lat="48.4218270" lon="7.6972890">
    <ele>152.9</ele>
    <time>2024-04-20T19:41:46Z</time>
   </trkpt>
   <trkpt lat="48.4217860" lon="7.6972470">
    <ele>153.0</ele>
    <time>2024-04-20T19:41:47Z</time>
   </trkpt>
   <trkpt lat="48.4217470" lon="7.6972220">
    <ele>153.0</ele>
    <time>2024-04-20T19:41:48Z</time>
   </trkpt>
   <trkpt lat="48.4217010" lon="7.6972060">
    <ele>153.0</ele>
    <time>2024-04-20T19:41:49Z</time>
   </trkpt>
   <trkpt lat="48.4216520" lon="7.6971970">
    <ele>153.1</ele>
    <time>2024-04-20T19:41:50Z</time>
   </trkpt>
   <trkpt lat="48.4216050" lon="7.6971920">
    <ele>153.2</ele>
    <time>2024-04-20T19:41:51Z</time>
   </trkpt>
   <trkpt lat="48.4215600" lon="7.6971840">
    <ele>153.3</ele>
    <time>2024-04-20T19:41:52Z</time>
   </trkpt>
   <trkpt lat="48.4215150" lon="7.6971730">
    <ele>153.4</ele>
    <time>2024-04-20T19:41:53Z</time>
   </trkpt>
   <trkpt lat="48.4214710" lon="7.6971720">
    <ele>153.4</ele>
    <time>2024-04-20T19:41:54Z</time>
   </trkpt>
   <trkpt lat="48.4214290" lon="7.6971690">
    <ele>153.5</ele>
    <time>2024-04-20T19:41:55Z</time>
   </trkpt>
   <trkpt lat="48.4213880" lon="7.6971620">
    <ele>153.5</ele>
    <time>2024-04-20T19:41:56Z</time>
   </trkpt>
   <trkpt lat="48.4213450" lon="7.6971540">
    <ele>153.5</ele>
    <time>2024-04-20T19:41:57Z</time>
   </trkpt>
   <trkpt lat="48.4212970" lon="7.6971540">
    <ele>153.5</ele>
    <time>2024-04-20T19:41:58Z</time>
   </trkpt>
   <trkpt lat="48.4212450" lon="7.6971560">
    <ele>153.4</ele>
    <time>2024-04-20T19:41:59Z</time>
   </trkpt>
   <trkpt lat="48.4211900" lon="7.6971480">
    <ele>153.3</ele>
    <time>2024-04-20T19:42:00Z</time>
   </trkpt>
   <trkpt lat="48.4211330" lon="7.6971360">
    <ele>153.2</ele>
    <time>2024-04-20T19:42:01Z</time>
   </trkpt>
   <trkpt lat="48.4210740" lon="7.6971310">
    <ele>153.1</ele>
    <time>2024-04-20T19:42:02Z</time>
   </trkpt>
   <trkpt lat="48.4210150" lon="7.6971260">
    <ele>153.0</ele>
    <time>2024-04-20T19:42:03Z</time>
   </trkpt>
   <trkpt lat="48.4209530" lon="7.6971220">
    <ele>152.8</ele>
    <time>2024-04-20T19:42:04Z</time>
   </trkpt>
   <trkpt lat="48.4208900" lon="7.6971130">
    <ele>152.6</ele>
    <time>2024-04-20T19:42:05Z</time>
   </trkpt>
   <trkpt lat="48.4208240" lon="7.6971070">
    <ele>152.3</ele>
    <time>2024-04-20T19:42:06Z</time>
   </trkpt>
   <trkpt lat="48.4207530" lon="7.6970900">
    <ele>152.0</ele>
    <time>2024-04-20T19:42:07Z</time>
   </trkpt>
   <trkpt lat="48.4206810" lon="7.6970670">
    <ele>151.8</ele>
    <time>2024-04-20T19:42:08Z</time>
   </trkpt>
   <trkpt lat="48.4206090" lon="7.6970390">
    <ele>151.6</ele>
    <time>2024-04-20T19:42:09Z</time>
   </trkpt>
   <trkpt lat="48.4205350" lon="7.6970140">
    <ele>151.5</ele>
    <time>2024-04-20T19:42:10Z</time>
   </trkpt>
   <trkpt lat="48.4204610" lon="7.6969890">
    <ele>151.4</ele>
    <time>2024-04-20T19:42:11Z</time>
   </trkpt>
   <trkpt lat="48.4203880" lon="7.6969610">
    <ele>151.3</ele>
    <time>2024-04-20T19:42:12Z</time>
   </trkpt>
   <trkpt lat="48.4203150" lon="7.6969300">
    <ele>151.3</ele>
    <time>2024-04-20T19:42:13Z</time>
   </trkpt>
   <trkpt lat="48.4202450" lon="7.6968980">
    <ele>151.3</ele>
    <time>2024-04-20T19:42:14Z</time>
   </trkpt>
   <trkpt lat="48.4201740" lon="7.6968600">
    <ele>151.3</ele>
    <time>2024-04-20T19:42:15Z</time>
   </trkpt>
   <trkpt lat="48.4201000" lon="7.6968350">
    <ele>151.3</ele>
    <time>2024-04-20T19:42:16Z</time>
   </trkpt>
   <trkpt lat="48.4200280" lon="7.6968130">
    <ele>151.3</ele>
    <time>2024-04-20T19:42:17Z</time>
   </trkpt>
   <trkpt lat="48.4199550" lon="7.6967840">
    <ele>151.3</ele>
    <time>2024-04-20T19:42:18Z</time>
   </trkpt>
   <trkpt lat="48.4198820" lon="7.6967540">
    <ele>151.3</ele>
    <time>2024-04-20T19:42:19Z</time>
   </trkpt>
   <trkpt lat="48.4198120" lon="7.6967250">
    <ele>151.3</ele>
    <time>2024-04-20T19:42:20Z</time>
   </trkpt>
   <trkpt lat="48.4197420" lon="7.6966990">
    <ele>151.3</ele>
    <time>2024-04-20T19:42:21Z</time>
   </trkpt>
   <trkpt lat="48.4196700" lon="7.6966690">
    <ele>151.3</ele>
    <time>2024-04-20T19:42:22Z</time>
   </trkpt>
   <trkpt lat="48.4195980" lon="7.6966410">
    <ele>151.3</ele>
    <time>2024-04-20T19:42:23Z</time>
   </trkpt>
   <trkpt lat="48.4195290" lon="7.6966150">
    <ele>151.3</ele>
    <time>2024-04-20T19:42:24Z</time>
   </trkpt>
   <trkpt lat="48.4194560" lon="7.6965870">
    <ele>151.3</ele>
    <time>2024-04-20T19:42:25Z</time>
   </trkpt>
   <trkpt lat="48.4193850" lon="7.6965590">
    <ele>151.3</ele>
    <time>2024-04-20T19:42:26Z</time>
   </trkpt>
   <trkpt lat="48.4193130" lon="7.6965340">
    <ele>151.3</ele>
    <time>2024-04-20T19:42:27Z</time>
   </trkpt>
   <trkpt lat="48.4192390" lon="7.6965090">
    <ele>151.3</ele>
    <time>2024-04-20T19:42:28Z</time>
   </trkpt>
   <trkpt lat="48.4191680" lon="7.6964790">
    <ele>151.3</ele>
    <time>2024-04-20T19:42:29Z</time>
   </trkpt>
   <trkpt lat="48.4190960" lon="7.6964510">
    <ele>151.3</ele>
    <time>2024-04-20T19:42:30Z</time>
   </trkpt>
   <trkpt lat="48.4190240" lon="7.6964240">
    <ele>151.3</ele>
    <time>2024-04-20T19:42:31Z</time>
   </trkpt>
   <trkpt lat="48.4189550" lon="7.6964000">
    <ele>151.3</ele>
    <time>2024-04-20T19:42:32Z</time>
   </trkpt>
   <trkpt lat="48.4188840" lon="7.6963690">
    <ele>151.4</ele>
    <time>2024-04-20T19:42:33Z</time>
   </trkpt>
   <trkpt lat="48.4188150" lon="7.6963410">
    <ele>151.4</ele>
    <time>2024-04-20T19:42:34Z</time>
   </trkpt>
   <trkpt lat="48.4187460" lon="7.6963130">
    <ele>151.4</ele>
    <time>2024-04-20T19:42:35Z</time>
   </trkpt>
   <trkpt lat="48.4186780" lon="7.6962880">
    <ele>151.5</ele>
    <time>2024-04-20T19:42:36Z</time>
   </trkpt>
   <trkpt lat="48.4186100" lon="7.6962670">
    <ele>151.5</ele>
    <time>2024-04-20T19:42:37Z</time>
   </trkpt>
   <trkpt lat="48.4185420" lon="7.6962370">
    <ele>151.5</ele>
    <time>2024-04-20T19:42:38Z</time>
   </trkpt>
   <trkpt lat="48.4184750" lon="7.6962120">
    <ele>151.5</ele>
    <time>2024-04-20T19:42:39Z</time>
   </trkpt>
   <trkpt lat="48.4184080" lon="7.6961830">
    <ele>151.5</ele>
    <time>2024-04-20T19:42:40Z</time>
   </trkpt>
   <trkpt lat="48.4183420" lon="7.6961560">
    <ele>151.6</ele>
    <time>2024-04-20T19:42:41Z</time>
   </trkpt>
   <trkpt lat="48.4182760" lon="7.6961340">
    <ele>151.6</ele>
    <time>2024-04-20T19:42:42Z</time>
   </trkpt>
   <trkpt lat="48.4182120" lon="7.6961080">
    <ele>151.6</ele>
    <time>2024-04-20T19:42:43Z</time>
   </trkpt>
   <trkpt lat="48.4181450" lon="7.6960850">
    <ele>151.6</ele>
    <time>2024-04-20T19:42:44Z</time>
   </trkpt>
   <trkpt lat="48.4180820" lon="7.6960630">
    <ele>151.6</ele>
    <time>2024-04-20T19:42:45Z</time>
   </trkpt>
   <trkpt lat="48.4180170" lon="7.6960350">
    <ele>151.6</ele>
    <time>2024-04-20T19:42:46Z</time>
   </trkpt>
   <trkpt lat="48.4179550" lon="7.6960080">
    <ele>151.6</ele>
    <time>2024-04-20T19:42:47Z</time>
   </trkpt>
   <trkpt lat="48.4178920" lon="7.6959810">
    <ele>151.6</ele>
    <time>2024-04-20T19:42:48Z</time>
   </trkpt>
   <trkpt lat="48.4178290" lon="7.6959580">
    <ele>151.6</ele>
    <time>2024-04-20T19:42:49Z</time>
   </trkpt>
   <trkpt lat="48.4177650" lon="7.6959330">
    <ele>151.6</ele>
    <time>2024-04-20T19:42:50Z</time>
   </trkpt>
   <trkpt lat="48.4176990" lon="7.6959110">
    <ele>151.6</ele>
    <time>2024-04-20T19:42:51Z</time>
   </trkpt>
   <trkpt lat="48.4176340" lon="7.6958880">
    <ele>151.6</ele>
    <time>2024-04-20T19:42:52Z</time>
   </trkpt>
   <trkpt lat="48.4175700" lon="7.6958670">
    <ele>151.7</ele>
    <time>2024-04-20T19:42:53Z</time>
   </trkpt>
   <trkpt lat="48.4175090" lon="7.6958490">
    <ele>151.7</ele>
    <time>2024-04-20T19:42:54Z</time>
   </trkpt>
   <trkpt lat="48.4174480" lon="7.6958310">
    <ele>151.7</ele>
    <time>2024-04-20T19:42:55Z</time>
   </trkpt>
   <trkpt lat="48.4173870" lon="7.6958070">
    <ele>151.7</ele>
    <time>2024-04-20T19:42:56Z</time>
   </trkpt>
   <trkpt lat="48.4173280" lon="7.6957840">
    <ele>151.7</ele>
    <time>2024-04-20T19:42:57Z</time>
   </trkpt>
   <trkpt lat="48.4172680" lon="7.6957690">
    <ele>151.7</ele>
    <time>2024-04-20T19:42:58Z</time>
   </trkpt>
   <trkpt lat="48.4172110" lon="7.6957560">
    <ele>151.8</ele>
    <time>2024-04-20T19:42:59Z</time>
   </trkpt>
   <trkpt lat="48.4171560" lon="7.6957460">
    <ele>151.9</ele>
    <time>2024-04-20T19:43:00Z</time>
   </trkpt>
   <trkpt lat="48.4171010" lon="7.6957510">
    <ele>151.9</ele>
    <time>2024-04-20T19:43:01Z</time>
   </trkpt>
   <trkpt lat="48.4170500" lon="7.6957610">
    <ele>151.9</ele>
    <time>2024-04-20T19:43:02Z</time>
   </trkpt>
   <trkpt lat="48.4169940" lon="7.6957450">
    <ele>152.0</ele>
    <time>2024-04-20T19:43:03Z</time>
   </trkpt>
   <trkpt lat="48.4169470" lon="7.6957090">
    <ele>152.0</ele>
    <time>2024-04-20T19:43:04Z</time>
   </trkpt>
   <trkpt lat="48.4169000" lon="7.6956790">
    <ele>152.0</ele>
    <time>2024-04-20T19:43:05Z</time>
   </trkpt>
   <trkpt lat="48.4168510" lon="7.6956520">
    <ele>152.1</ele>
    <time>2024-04-20T19:43:06Z</time>
   </trkpt>
   <trkpt lat="48.4168080" lon="7.6956190">
    <ele>152.1</ele>
    <time>2024-04-20T19:43:07Z</time>
   </trkpt>
   <trkpt lat="48.4167680" lon="7.6955890">
    <ele>152.1</ele>
    <time>2024-04-20T19:43:08Z</time>
   </trkpt>
   <trkpt lat="48.4167270" lon="7.6955700">
    <ele>152.1</ele>
    <time>2024-04-20T19:43:09Z</time>
   </trkpt>
   <trkpt lat="48.4166800" lon="7.6955560">
    <ele>152.1</ele>
    <time>2024-04-20T19:43:10Z</time>
   </trkpt>
   <trkpt lat="48.4166330" lon="7.6955420">
    <ele>152.1</ele>
    <time>2024-04-20T19:43:11Z</time>
   </trkpt>
   <trkpt lat="48.4165880" lon="7.6955250">
    <ele>152.1</ele>
    <time>2024-04-20T19:43:12Z</time>
   </trkpt>
   <trkpt lat="48.4165420" lon="7.6955060">
    <ele>152.0</ele>
    <time>2024-04-20T19:43:13Z</time>
   </trkpt>
   <trkpt lat="48.4164960" lon="7.6954860">
    <ele>152.0</ele>
    <time>2024-04-20T19:43:14Z</time>
   </trkpt>
   <trkpt lat="48.4164490" lon="7.6954660">
    <ele>152.0</ele>
    <time>2024-04-20T19:43:15Z</time>
   </trkpt>
   <trkpt lat="48.4164030" lon="7.6954440">
    <ele>152.0</ele>
    <time>2024-04-20T19:43:16Z</time>
   </trkpt>
   <trkpt lat="48.4163570" lon="7.6954200">
    <ele>152.0</ele>
    <time>2024-04-20T19:43:17Z</time>
   </trkpt>
   <trkpt lat="48.4163100" lon="7.6953970">
    <ele>152.0</ele>
    <time>2024-04-20T19:43:18Z</time>
   </trkpt>
   <trkpt lat="48.4162630" lon="7.6953770">
    <ele>152.0</ele>
    <time>2024-04-20T19:43:19Z</time>
   </trkpt>
   <trkpt lat="48.4162150" lon="7.6953540">
    <ele>151.9</ele>
    <time>2024-04-20T19:43:20Z</time>
   </trkpt>
   <trkpt lat="48.4161670" lon="7.6953340">
    <ele>151.9</ele>
    <time>2024-04-20T19:43:21Z</time>
   </trkpt>
   <trkpt lat="48.4161190" lon="7.6953130">
    <ele>151.9</ele>
    <time>2024-04-20T19:43:22Z</time>
   </trkpt>
   <trkpt lat="48.4160700" lon="7.6952890">
    <ele>151.9</ele>
    <time>2024-04-20T19:43:23Z</time>
   </trkpt>
   <trkpt lat="48.4160210" lon="7.6952650">
    <ele>151.9</ele>
    <time>2024-04-20T19:43:24Z</time>
   </trkpt>
   <trkpt lat="48.4159720" lon="7.6952420">
    <ele>151.9</ele>
    <time>2024-04-20T19:43:25Z</time>
   </trkpt>
   <trkpt lat="48.4159230" lon="7.6952200">
    <ele>151.9</ele>
    <time>2024-04-20T19:43:26Z</time>
   </trkpt>
   <trkpt lat="48.4158750" lon="7.6951940">
    <ele>151.9</ele>
    <time>2024-04-20T19:43:27Z</time>
   </trkpt>
   <trkpt lat="48.4158260" lon="7.6951690">
    <ele>151.9</ele>
    <time>2024-04-20T19:43:28Z</time>
   </trkpt>
   <trkpt lat="48.4157770" lon="7.6951440">
    <ele>151.9</ele>
    <time>2024-04-20T19:43:29Z</time>
   </trkpt>
   <trkpt lat="48.4157260" lon="7.6951190">
    <ele>151.9</ele>
    <time>2024-04-20T19:43:30Z</time>
   </trkpt>
   <trkpt lat="48.4156770" lon="7.6950930">
    <ele>151.9</ele>
    <time>2024-04-20T19:43:31Z</time>
   </trkpt>
   <trkpt lat="48.4156290" lon="7.6950650">
    <ele>151.9</ele>
    <time>2024-04-20T19:43:32Z</time>
   </trkpt>
   <trkpt lat="48.4155780" lon="7.6950440">
    <ele>151.9</ele>
    <time>2024-04-20T19:43:33Z</time>
   </trkpt>
   <trkpt lat="48.4155270" lon="7.6950210">
    <ele>151.9</ele>
    <time>2024-04-20T19:43:34Z</time>
   </trkpt>
   <trkpt lat="48.4154760" lon="7.6949970">
    <ele>151.9</ele>
    <time>2024-04-20T19:43:35Z</time>
   </trkpt>
   <trkpt lat="48.4154230" lon="7.6949780">
    <ele>152.0</ele>
    <time>2024-04-20T19:43:36Z</time>
   </trkpt>
   <trkpt lat="48.4153710" lon="7.6949570">
    <ele>152.0</ele>
    <time>2024-04-20T19:43:37Z</time>
   </trkpt>
   <trkpt lat="48.4153200" lon="7.6949330">
    <ele>152.0</ele>
    <time>2024-04-20T19:43:38Z</time>
   </trkpt>
   <trkpt lat="48.4152660" lon="7.6949150">
    <ele>152.0</ele>
    <time>2024-04-20T19:43:39Z</time>
   </trkpt>
   <trkpt lat="48.4152130" lon="7.6948930">
    <ele>152.0</ele>
    <time>2024-04-20T19:43:40Z</time>
   </trkpt>
   <trkpt lat="48.4151610" lon="7.6948710">
    <ele>152.0</ele>
    <time>2024-04-20T19:43:41Z</time>
   </trkpt>
   <trkpt lat="48.4151080" lon="7.6948510">
    <ele>152.0</ele>
    <time>2024-04-20T19:43:42Z</time>
   </trkpt>
   <trkpt lat="48.4150540" lon="7.6948320">
    <ele>152.0</ele>
    <time>2024-04-20T19:43:43Z</time>
   </trkpt>
   <trkpt lat="48.4150010" lon="7.6948090">
    <ele>152.0</ele>
    <time>2024-04-20T19:43:44Z</time>
   </trkpt>
   <trkpt lat="48.4149480" lon="7.6947850">
    <ele>152.0</ele>
    <time>2024-04-20T19:43:45Z</time>
   </trkpt>
   <trkpt lat="48.4148940" lon="7.6947640">
    <ele>152.0</ele>
    <time>2024-04-20T19:43:46Z</time>
   </trkpt>
   <trkpt lat="48.4148400" lon="7.6947460">
    <ele>152.0</ele>
    <time>2024-04-20T19:43:47Z</time>
   </trkpt>
   <trkpt lat="48.4147860" lon="7.6947260">
    <ele>152.0</ele>
    <time>2024-04-20T19:43:48Z</time>
   </trkpt>
   <trkpt lat="48.4147330" lon="7.6947060">
    <ele>152.0</ele>
    <time>2024-04-20T19:43:49Z</time>
   </trkpt>
   <trkpt lat="48.4146790" lon="7.6946860">
    <ele>152.0</ele>
    <time>2024-04-20T19:43:50Z</time>
   </trkpt>
   <trkpt lat="48.4146250" lon="7.6946620">
    <ele>152.0</ele>
    <time>2024-04-20T19:43:51Z</time>
   </trkpt>
   <trkpt lat="48.4145720" lon="7.6946380">
    <ele>152.0</ele>
    <time>2024-04-20T19:43:52Z</time>
   </trkpt>
   <trkpt lat="48.4145170" lon="7.6946150">
    <ele>152.0</ele>
    <time>2024-04-20T19:43:53Z</time>
   </trkpt>
   <trkpt lat="48.4144630" lon="7.6945950">
    <ele>152.0</ele>
    <time>2024-04-20T19:43:54Z</time>
   </trkpt>
   <trkpt lat="48.4144090" lon="7.6945750">
    <ele>152.0</ele>
    <time>2024-04-20T19:43:55Z</time>
   </trkpt>
   <trkpt lat="48.4143550" lon="7.6945560">
    <ele>152.0</ele>
    <time>2024-04-20T19:43:56Z</time>
   </trkpt>
   <trkpt lat="48.4143010" lon="7.6945350">
    <ele>152.0</ele>
    <time>2024-04-20T19:43:57Z</time>
   </trkpt>
   <trkpt lat="48.4142480" lon="7.6945120">
    <ele>152.1</ele>
    <time>2024-04-20T19:43:58Z</time>
   </trkpt>
   <trkpt lat="48.4141950" lon="7.6944900">
    <ele>152.1</ele>
    <time>2024-04-20T19:43:59Z</time>
   </trkpt>
   <trkpt lat="48.4141410" lon="7.6944700">
    <ele>152.1</ele>
    <time>2024-04-20T19:44:00Z</time>
   </trkpt>
   <trkpt lat="48.4140860" lon="7.6944490">
    <ele>152.1</ele>
    <time>2024-04-20T19:44:01Z</time>
   </trkpt>
   <trkpt lat="48.4140300" lon="7.6944270">
    <ele>152.1</ele>
    <time>2024-04-20T19:44:02Z</time>
   </trkpt>
   <trkpt lat="48.4139740" lon="7.6944070">
    <ele>152.1</ele>
    <time>2024-04-20T19:44:03Z</time>
   </trkpt>
   <trkpt lat="48.4139180" lon="7.6943850">
    <ele>152.1</ele>
    <time>2024-04-20T19:44:04Z</time>
   </trkpt>
   <trkpt lat="48.4138620" lon="7.6943650">
    <ele>152.2</ele>
    <time>2024-04-20T19:44:05Z</time>
   </trkpt>
   <trkpt lat="48.4138070" lon="7.6943420">
    <ele>152.2</ele>
    <time>2024-04-20T19:44:06Z</time>
   </trkpt>
   <trkpt lat="48.4137510" lon="7.6943200">
    <ele>152.2</ele>
    <time>2024-04-20T19:44:07Z</time>
   </trkpt>
   <trkpt lat="48.4136960" lon="7.6942990">
    <ele>152.2</ele>
    <time>2024-04-20T19:44:08Z</time>
   </trkpt>
   <trkpt lat="48.4136390" lon="7.6942800">
    <ele>152.2</ele>
    <time>2024-04-20T19:44:09Z</time>
   </trkpt>
   <trkpt lat="48.4135820" lon="7.6942640">
    <ele>152.2</ele>
    <time>2024-04-20T19:44:10Z</time>
   </trkpt>
   <trkpt lat="48.4135250" lon="7.6942490">
    <ele>152.2</ele>
    <time>2024-04-20T19:44:11Z</time>
   </trkpt>
   <trkpt lat="48.4134680" lon="7.6942320">
    <ele>152.2</ele>
    <time>2024-04-20T19:44:12Z</time>
   </trkpt>
   <trkpt lat="48.4134110" lon="7.6942140">
    <ele>152.2</ele>
    <time>2024-04-20T19:44:13Z</time>
   </trkpt>
   <trkpt lat="48.4133540" lon="7.6941970">
    <ele>152.2</ele>
    <time>2024-04-20T19:44:14Z</time>
   </trkpt>
   <trkpt lat="48.4132990" lon="7.6941750">
    <ele>152.2</ele>
    <time>2024-04-20T19:44:15Z</time>
   </trkpt>
   <trkpt lat="48.4132460" lon="7.6941520">
    <ele>152.2</ele>
    <time>2024-04-20T19:44:16Z</time>
   </trkpt>
   <trkpt lat="48.4131900" lon="7.6941290">
    <ele>152.2</ele>
    <time>2024-04-20T19:44:17Z</time>
   </trkpt>
   <trkpt lat="48.4131340" lon="7.6941090">
    <ele>152.2</ele>
    <time>2024-04-20T19:44:18Z</time>
   </trkpt>
   <trkpt lat="48.4130780" lon="7.6940900">
    <ele>152.3</ele>
    <time>2024-04-20T19:44:19Z</time>
   </trkpt>
   <trkpt lat="48.4130240" lon="7.6940680">
    <ele>152.3</ele>
    <time>2024-04-20T19:44:20Z</time>
   </trkpt>
   <trkpt lat="48.4129690" lon="7.6940450">
    <ele>152.3</ele>
    <time>2024-04-20T19:44:21Z</time>
   </trkpt>
   <trkpt lat="48.4129150" lon="7.6940210">
    <ele>152.4</ele>
    <time>2024-04-20T19:44:22Z</time>
   </trkpt>
   <trkpt lat="48.4128610" lon="7.6939960">
    <ele>152.4</ele>
    <time>2024-04-20T19:44:23Z</time>
   </trkpt>
   <trkpt lat="48.4128060" lon="7.6939720">
    <ele>152.4</ele>
    <time>2024-04-20T19:44:24Z</time>
   </trkpt>
   <trkpt lat="48.4127500" lon="7.6939470">
    <ele>152.4</ele>
    <time>2024-04-20T19:44:25Z</time>
   </trkpt>
   <trkpt lat="48.4126920" lon="7.6939300">
    <ele>152.4</ele>
    <time>2024-04-20T19:44:26Z</time>
   </trkpt>
   <trkpt lat="48.4126330" lon="7.6939150">
    <ele>152.4</ele>
    <time>2024-04-20T19:44:27Z</time>
   </trkpt>
   <trkpt lat="48.4125730" lon="7.6939090">
    <ele>152.3</ele>
    <time>2024-04-20T19:44:28Z</time>
   </trkpt>
   <trkpt lat="48.4125150" lon="7.6939010">
    <ele>152.3</ele>
    <time>2024-04-20T19:44:29Z</time>
   </trkpt>
   <trkpt lat="48.4124560" lon="7.6938910">
    <ele>152.3</ele>
    <time>2024-04-20T19:44:30Z</time>
   </trkpt>
   <trkpt lat="48.4123980" lon="7.6938750">
    <ele>152.3</ele>
    <time>2024-04-20T19:44:31Z</time>
   </trkpt>
   <trkpt lat="48.4123400" lon="7.6938560">
    <ele>152.2</ele>
    <time>2024-04-20T19:44:32Z</time>
   </trkpt>
   <trkpt lat="48.4122820" lon="7.6938330">
    <ele>152.2</ele>
    <time>2024-04-20T19:44:33Z</time>
   </trkpt>
   <trkpt lat="48.4122270" lon="7.6938120">
    <ele>152.2</ele>
    <time>2024-04-20T19:44:34Z</time>
   </trkpt>
   <trkpt lat="48.4121690" lon="7.6937930">
    <ele>152.3</ele>
    <time>2024-04-20T19:44:35Z</time>
   </trkpt>
   <trkpt lat="48.4121120" lon="7.6937750">
    <ele>152.3</ele>
    <time>2024-04-20T19:44:36Z</time>
   </trkpt>
   <trkpt lat="48.4120550" lon="7.6937520">
    <ele>152.3</ele>
    <time>2024-04-20T19:44:37Z</time>
   </trkpt>
   <trkpt lat="48.4119980" lon="7.6937310">
    <ele>152.3</ele>
    <time>2024-04-20T19:44:38Z</time>
   </trkpt>
   <trkpt lat="48.4119410" lon="7.6937070">
    <ele>152.3</ele>
    <time>2024-04-20T19:44:39Z</time>
   </trkpt>
   <trkpt lat="48.4118850" lon="7.6936890">
    <ele>152.4</ele>
    <time>2024-04-20T19:44:40Z</time>
   </trkpt>
   <trkpt lat="48.4118290" lon="7.6936670">
    <ele>152.4</ele>
    <time>2024-04-20T19:44:41Z</time>
   </trkpt>
   <trkpt lat="48.4117720" lon="7.6936480">
    <ele>152.4</ele>
    <time>2024-04-20T19:44:42Z</time>
   </trkpt>
   <trkpt lat="48.4117150" lon="7.6936260">
    <ele>152.4</ele>
    <time>2024-04-20T19:44:43Z</time>
   </trkpt>
   <trkpt lat="48.4116580" lon="7.6936030">
    <ele>152.4</ele>
    <time>2024-04-20T19:44:44Z</time>
   </trkpt>
   <trkpt lat="48.4116000" lon="7.6935830">
    <ele>152.4</ele>
    <time>2024-04-20T19:44:45Z</time>
   </trkpt>
   <trkpt lat="48.4115440" lon="7.6935610">
    <ele>152.4</ele>
    <time>2024-04-20T19:44:46Z</time>
   </trkpt>
   <trkpt lat="48.4114880" lon="7.6935420">
    <ele>152.4</ele>
    <time>2024-04-20T19:44:47Z</time>
   </trkpt>
   <trkpt lat="48.4114320" lon="7.6935190">
    <ele>152.4</ele>
    <time>2024-04-20T19:44:48Z</time>
   </trkpt>
   <trkpt lat="48.4113760" lon="7.6935000">
    <ele>152.4</ele>
    <time>2024-04-20T19:44:49Z</time>
   </trkpt>
   <trkpt lat="48.4113200" lon="7.6934820">
    <ele>152.4</ele>
    <time>2024-04-20T19:44:50Z</time>
   </trkpt>
   <trkpt lat="48.4112650" lon="7.6934580">
    <ele>152.4</ele>
    <time>2024-04-20T19:44:51Z</time>
   </trkpt>
   <trkpt lat="48.4112110" lon="7.6934300">
    <ele>152.4</ele>
    <time>2024-04-20T19:44:52Z</time>
   </trkpt>
   <trkpt lat="48.4111580" lon="7.6933990">
    <ele>152.5</ele>
    <time>2024-04-20T19:44:53Z</time>
   </trkpt>
   <trkpt lat="48.4111060" lon="7.6933630">
    <ele>152.5</ele>
    <time>2024-04-20T19:44:54Z</time>
   </trkpt>
   <trkpt lat="48.4110560" lon="7.6933210">
    <ele>152.5</ele>
    <time>2024-04-20T19:44:55Z</time>
   </trkpt>
   <trkpt lat="48.4110080" lon="7.6932790">
    <ele>152.6</ele>
    <time>2024-04-20T19:44:56Z</time>
   </trkpt>
   <trkpt lat="48.4109590" lon="7.6932360">
    <ele>152.6</ele>
    <time>2024-04-20T19:44:57Z</time>
   </trkpt>
   <trkpt lat="48.4109070" lon="7.6932070">
    <ele>152.6</ele>
    <time>2024-04-20T19:44:58Z</time>
   </trkpt>
   <trkpt lat="48.4108540" lon="7.6931820">
    <ele>152.6</ele>
    <time>2024-04-20T19:44:59Z</time>
   </trkpt>
   <trkpt lat="48.4107990" lon="7.6931590">
    <ele>152.6</ele>
    <time>2024-04-20T19:45:00Z</time>
   </trkpt>
   <trkpt lat="48.4107460" lon="7.6931370">
    <ele>152.7</ele>
    <time>2024-04-20T19:45:01Z</time>
   </trkpt>
   <trkpt lat="48.4106910" lon="7.6931170">
    <ele>152.7</ele>
    <time>2024-04-20T19:45:02Z</time>
   </trkpt>
   <trkpt lat="48.4106360" lon="7.6930960">
    <ele>152.7</ele>
    <time>2024-04-20T19:45:03Z</time>
   </trkpt>
   <trkpt lat="48.4105820" lon="7.6930760">
    <ele>152.7</ele>
    <time>2024-04-20T19:45:04Z</time>
   </trkpt>
   <trkpt lat="48.4105280" lon="7.6930550">
    <ele>152.7</ele>
    <time>2024-04-20T19:45:05Z</time>
   </trkpt>
   <trkpt lat="48.4104750" lon="7.6930310">
    <ele>152.7</ele>
    <time>2024-04-20T19:45:06Z</time>
   </trkpt>
   <trkpt lat="48.4104220" lon="7.6930080">
    <ele>152.7</ele>
    <time>2024-04-20T19:45:07Z</time>
   </trkpt>
   <trkpt lat="48.4103690" lon="7.6929860">
    <ele>152.7</ele>
    <time>2024-04-20T19:45:08Z</time>
   </trkpt>
   <trkpt lat="48.4103150" lon="7.6929670">
    <ele>152.7</ele>
    <time>2024-04-20T19:45:09Z</time>
   </trkpt>
   <trkpt lat="48.4102620" lon="7.6929460">
    <ele>152.7</ele>
    <time>2024-04-20T19:45:10Z</time>
   </trkpt>
   <trkpt lat="48.4102080" lon="7.6929250">
    <ele>152.7</ele>
    <time>2024-04-20T19:45:11Z</time>
   </trkpt>
   <trkpt lat="48.4101540" lon="7.6929020">
    <ele>152.6</ele>
    <time>2024-04-20T19:45:12Z</time>
   </trkpt>
   <trkpt lat="48.4101000" lon="7.6928840">
    <ele>152.6</ele>
    <time>2024-04-20T19:45:13Z</time>
   </trkpt>
   <trkpt lat="48.4100450" lon="7.6928660">
    <ele>152.7</ele>
    <time>2024-04-20T19:45:14Z</time>
   </trkpt>
   <trkpt lat="48.4099890" lon="7.6928450">
    <ele>152.7</ele>
    <time>2024-04-20T19:45:15Z</time>
   </trkpt>
   <trkpt lat="48.4099340" lon="7.6928280">
    <ele>152.7</ele>
    <time>2024-04-20T19:45:16Z</time>
   </trkpt>
   <trkpt lat="48.4098780" lon="7.6928090">
    <ele>152.7</ele>
    <time>2024-04-20T19:45:17Z</time>
   </trkpt>
   <trkpt lat="48.4098220" lon="7.6927880">
    <ele>152.7</ele>
    <time>2024-04-20T19:45:18Z</time>
   </trkpt>
   <trkpt lat="48.4097660" lon="7.6927660">
    <ele>152.7</ele>
    <time>2024-04-20T19:45:19Z</time>
   </trkpt>
   <trkpt lat="48.4097090" lon="7.6927450">
    <ele>152.7</ele>
    <time>2024-04-20T19:45:20Z</time>
   </trkpt>
   <trkpt lat="48.4096510" lon="7.6927230">
    <ele>152.7</ele>
    <time>2024-04-20T19:45:21Z</time>
   </trkpt>
   <trkpt lat="48.4095940" lon="7.6927000">
    <ele>152.7</ele>
    <time>2024-04-20T19:45:22Z</time>
   </trkpt>
   <trkpt lat="48.4095400" lon="7.6926770">
    <ele>152.7</ele>
    <time>2024-04-20T19:45:23Z</time>
   </trkpt>
   <trkpt lat="48.4094860" lon="7.6926530">
    <ele>152.7</ele>
    <time>2024-04-20T19:45:24Z</time>
   </trkpt>
   <trkpt lat="48.4094300" lon="7.6926310">
    <ele>152.7</ele>
    <time>2024-04-20T19:45:25Z</time>
   </trkpt>
   <trkpt lat="48.4093740" lon="7.6926080">
    <ele>152.7</ele>
    <time>2024-04-20T19:45:26Z</time>
   </trkpt>
   <trkpt lat="48.4093180" lon="7.6925820">
    <ele>152.7</ele>
    <time>2024-04-20T19:45:27Z</time>
   </trkpt>
   <trkpt lat="48.4092640" lon="7.6925590">
    <ele>152.7</ele>
    <time>2024-04-20T19:45:28Z</time>
   </trkpt>
   <trkpt lat="48.4092070" lon="7.6925330">
    <ele>152.7</ele>
    <time>2024-04-20T19:45:29Z</time>
   </trkpt>
   <trkpt lat="48.4091540" lon="7.6925100">
    <ele>152.7</ele>
    <time>2024-04-20T19:45:30Z</time>
   </trkpt>
   <trkpt lat="48.4090990" lon="7.6924830">
    <ele>152.7</ele>
    <time>2024-04-20T19:45:31Z</time>
   </trkpt>
   <trkpt lat="48.4090470" lon="7.6924580">
    <ele>152.8</ele>
    <time>2024-04-20T19:45:32Z</time>
   </trkpt>
   <trkpt lat="48.4089930" lon="7.6924380">
    <ele>152.8</ele>
    <time>2024-04-20T19:45:33Z</time>
   </trkpt>
   <trkpt lat="48.4089390" lon="7.6924170">
    <ele>152.8</ele>
    <time>2024-04-20T19:45:34Z</time>
   </trkpt>
   <trkpt lat="48.4088840" lon="7.6923960">
    <ele>152.8</ele>
    <time>2024-04-20T19:45:35Z</time>
   </trkpt>
   <trkpt lat="48.4088290" lon="7.6923720">
    <ele>152.8</ele>
    <time>2024-04-20T19:45:36Z</time>
   </trkpt>
   <trkpt lat="48.4087740" lon="7.6923480">
    <ele>152.8</ele>
    <time>2024-04-20T19:45:37Z</time>
   </trkpt>
   <trkpt lat="48.4087190" lon="7.6923290">
    <ele>152.8</ele>
    <time>2024-04-20T19:45:38Z</time>
   </trkpt>
   <trkpt lat="48.4086610" lon="7.6923090">
    <ele>152.8</ele>
    <time>2024-04-20T19:45:39Z</time>
   </trkpt>
   <trkpt lat="48.4086040" lon="7.6922870">
    <ele>152.8</ele>
    <time>2024-04-20T19:45:40Z</time>
   </trkpt>
   <trkpt lat="48.4085480" lon="7.6922670">
    <ele>152.9</ele>
    <time>2024-04-20T19:45:41Z</time>
   </trkpt>
   <trkpt lat="48.4084920" lon="7.6922440">
    <ele>152.9</ele>
    <time>2024-04-20T19:45:42Z</time>
   </trkpt>
   <trkpt lat="48.4084370" lon="7.6922230">
    <ele>152.9</ele>
    <time>2024-04-20T19:45:43Z</time>
   </trkpt>
   <trkpt lat="48.4083810" lon="7.6922030">
    <ele>153.0</ele>
    <time>2024-04-20T19:45:44Z</time>
   </trkpt>
   <trkpt lat="48.4083260" lon="7.6921790">
    <ele>153.1</ele>
    <time>2024-04-20T19:45:45Z</time>
   </trkpt>
   <trkpt lat="48.4082710" lon="7.6921600">
    <ele>153.1</ele>
    <time>2024-04-20T19:45:46Z</time>
   </trkpt>
   <trkpt lat="48.4082160" lon="7.6921400">
    <ele>153.1</ele>
    <time>2024-04-20T19:45:47Z</time>
   </trkpt>
   <trkpt lat="48.4081610" lon="7.6921200">
    <ele>153.2</ele>
    <time>2024-04-20T19:45:48Z</time>
   </trkpt>
   <trkpt lat="48.4081060" lon="7.6920970">
    <ele>153.2</ele>
    <time>2024-04-20T19:45:49Z</time>
   </trkpt>
   <trkpt lat="48.4080500" lon="7.6920730">
    <ele>153.2</ele>
    <time>2024-04-20T19:45:50Z</time>
   </trkpt>
   <trkpt lat="48.4079920" lon="7.6920560">
    <ele>153.2</ele>
    <time>2024-04-20T19:45:51Z</time>
   </trkpt>
   <trkpt lat="48.4079300" lon="7.6920460">
    <ele>153.2</ele>
    <time>2024-04-20T19:45:52Z</time>
   </trkpt>
   <trkpt lat="48.4078710" lon="7.6920410">
    <ele>153.2</ele>
    <time>2024-04-20T19:45:53Z</time>
   </trkpt>
   <trkpt lat="48.4078120" lon="7.6920420">
    <ele>153.2</ele>
    <time>2024-04-20T19:45:54Z</time>
   </trkpt>
   <trkpt lat="48.4077540" lon="7.6920390">
    <ele>153.2</ele>
    <time>2024-04-20T19:45:55Z</time>
   </trkpt>
   <trkpt lat="48.4077010" lon="7.6920340">
    <ele>153.2</ele>
    <time>2024-04-20T19:45:56Z</time>
   </trkpt>
   <trkpt lat="48.4076470" lon="7.6920130">
    <ele>153.2</ele>
    <time>2024-04-20T19:45:57Z</time>
   </trkpt>
   <trkpt lat="48.4075890" lon="7.6919870">
    <ele>153.2</ele>
    <time>2024-04-20T19:45:58Z</time>
   </trkpt>
   <trkpt lat="48.4075330" lon="7.6919660">
    <ele>153.1</ele>
    <time>2024-04-20T19:45:59Z</time>
   </trkpt>
   <trkpt lat="48.4074760" lon="7.6919500">
    <ele>153.1</ele>
    <time>2024-04-20T19:46:00Z</time>
   </trkpt>
   <trkpt lat="48.4074180" lon="7.6919320">
    <ele>153.0</ele>
    <time>2024-04-20T19:46:01Z</time>
   </trkpt>
   <trkpt lat="48.4073590" lon="7.6919130">
    <ele>153.0</ele>
    <time>2024-04-20T19:46:02Z</time>
   </trkpt>
   <trkpt lat="48.4073010" lon="7.6918900">
    <ele>153.0</ele>
    <time>2024-04-20T19:46:03Z</time>
   </trkpt>
   <trkpt lat="48.4072410" lon="7.6918700">
    <ele>152.9</ele>
    <time>2024-04-20T19:46:04Z</time>
   </trkpt>
   <trkpt lat="48.4071820" lon="7.6918490">
    <ele>152.9</ele>
    <time>2024-04-20T19:46:05Z</time>
   </trkpt>
   <trkpt lat="48.4071220" lon="7.6918280">
    <ele>152.9</ele>
    <time>2024-04-20T19:46:06Z</time>
   </trkpt>
   <trkpt lat="48.4070610" lon="7.6918070">
    <ele>152.9</ele>
    <time>2024-04-20T19:46:07Z</time>
   </trkpt>
   <trkpt lat="48.4069980" lon="7.6917840">
    <ele>152.8</ele>
    <time>2024-04-20T19:46:08Z</time>
   </trkpt>
   <trkpt lat="48.4069380" lon="7.6917600">
    <ele>152.8</ele>
    <time>2024-04-20T19:46:09Z</time>
   </trkpt>
   <trkpt lat="48.4068780" lon="7.6917370">
    <ele>152.9</ele>
    <time>2024-04-20T19:46:10Z</time>
   </trkpt>
   <trkpt lat="48.4068180" lon="7.6917140">
    <ele>152.9</ele>
    <time>2024-04-20T19:46:11Z</time>
   </trkpt>
   <trkpt lat="48.4067570" lon="7.6916930">
    <ele>152.9</ele>
    <time>2024-04-20T19:46:12Z</time>
   </trkpt>
   <trkpt lat="48.4066950" lon="7.6916710">
    <ele>152.9</ele>
    <time>2024-04-20T19:46:13Z</time>
   </trkpt>
   <trkpt lat="48.4066330" lon="7.6916470">
    <ele>152.9</ele>
    <time>2024-04-20T19:46:14Z</time>
   </trkpt>
   <trkpt lat="48.4065700" lon="7.6916230">
    <ele>152.9</ele>
    <time>2024-04-20T19:46:15Z</time>
   </trkpt>
   <trkpt lat="48.4065080" lon="7.6916000">
    <ele>152.9</ele>
    <time>2024-04-20T19:46:16Z</time>
   </trkpt>
   <trkpt lat="48.4064470" lon="7.6915780">
    <ele>152.9</ele>
    <time>2024-04-20T19:46:17Z</time>
   </trkpt>
   <trkpt lat="48.4063850" lon="7.6915550">
    <ele>152.8</ele>
    <time>2024-04-20T19:46:18Z</time>
   </trkpt>
   <trkpt lat="48.4063250" lon="7.6915310">
    <ele>152.8</ele>
    <time>2024-04-20T19:46:19Z</time>
   </trkpt>
   <trkpt lat="48.4062650" lon="7.6915050">
    <ele>152.8</ele>
    <time>2024-04-20T19:46:20Z</time>
   </trkpt>
   <trkpt lat="48.4062040" lon="7.6914810">
    <ele>152.8</ele>
    <time>2024-04-20T19:46:21Z</time>
   </trkpt>
   <trkpt lat="48.4061430" lon="7.6914580">
    <ele>152.8</ele>
    <time>2024-04-20T19:46:22Z</time>
   </trkpt>
   <trkpt lat="48.4060830" lon="7.6914370">
    <ele>152.8</ele>
    <time>2024-04-20T19:46:23Z</time>
   </trkpt>
   <trkpt lat="48.4060220" lon="7.6914140">
    <ele>152.7</ele>
    <time>2024-04-20T19:46:24Z</time>
   </trkpt>
   <trkpt lat="48.4059610" lon="7.6913900">
    <ele>152.7</ele>
    <time>2024-04-20T19:46:25Z</time>
   </trkpt>
   <trkpt lat="48.4059010" lon="7.6913670">
    <ele>152.7</ele>
    <time>2024-04-20T19:46:26Z</time>
   </trkpt>
   <trkpt lat="48.4058390" lon="7.6913430">
    <ele>152.7</ele>
    <time>2024-04-20T19:46:27Z</time>
   </trkpt>
   <trkpt lat="48.4057780" lon="7.6913210">
    <ele>152.7</ele>
    <time>2024-04-20T19:46:28Z</time>
   </trkpt>
   <trkpt lat="48.4057180" lon="7.6913000">
    <ele>152.8</ele>
    <time>2024-04-20T19:46:29Z</time>
   </trkpt>
   <trkpt lat="48.4056570" lon="7.6912770">
    <ele>152.8</ele>
    <time>2024-04-20T19:46:30Z</time>
   </trkpt>
   <trkpt lat="48.4055980" lon="7.6912540">
    <ele>152.8</ele>
    <time>2024-04-20T19:46:31Z</time>
   </trkpt>
   <trkpt lat="48.4055390" lon="7.6912330">
    <ele>152.9</ele>
    <time>2024-04-20T19:46:32Z</time>
   </trkpt>
   <trkpt lat="48.4054800" lon="7.6912110">
    <ele>152.9</ele>
    <time>2024-04-20T19:46:33Z</time>
   </trkpt>
   <trkpt lat="48.4054190" lon="7.6911860">
    <ele>152.9</ele>
    <time>2024-04-20T19:46:34Z</time>
   </trkpt>
   <trkpt lat="48.4053610" lon="7.6911620">
    <ele>152.9</ele>
    <time>2024-04-20T19:46:35Z</time>
   </trkpt>
   <trkpt lat="48.4053030" lon="7.6911370">
    <ele>152.9</ele>
    <time>2024-04-20T19:46:36Z</time>
   </trkpt>
   <trkpt lat="48.4052440" lon="7.6911140">
    <ele>152.9</ele>
    <time>2024-04-20T19:46:37Z</time>
   </trkpt>
   <trkpt lat="48.4051860" lon="7.6910890">
    <ele>152.9</ele>
    <time>2024-04-20T19:46:38Z</time>
   </trkpt>
   <trkpt lat="48.4051280" lon="7.6910670">
    <ele>152.9</ele>
    <time>2024-04-20T19:46:39Z</time>
   </trkpt>
   <trkpt lat="48.4050700" lon="7.6910450">
    <ele>152.9</ele>
    <time>2024-04-20T19:46:40Z</time>
   </trkpt>
   <trkpt lat="48.4050110" lon="7.6910240">
    <ele>152.9</ele>
    <time>2024-04-20T19:46:41Z</time>
   </trkpt>
   <trkpt lat="48.4049520" lon="7.6910030">
    <ele>152.9</ele>
    <time>2024-04-20T19:46:42Z</time>
   </trkpt>
   <trkpt lat="48.4048920" lon="7.6909800">
    <ele>152.9</ele>
    <time>2024-04-20T19:46:43Z</time>
   </trkpt>
   <trkpt lat="48.4048330" lon="7.6909570">
    <ele>152.9</ele>
    <time>2024-04-20T19:46:44Z</time>
   </trkpt>
   <trkpt lat="48.4047730" lon="7.6909350">
    <ele>152.9</ele>
    <time>2024-04-20T19:46:45Z</time>
   </trkpt>
   <trkpt lat="48.4047130" lon="7.6909120">
    <ele>152.9</ele>
    <time>2024-04-20T19:46:46Z</time>
   </trkpt>
   <trkpt lat="48.4046530" lon="7.6908860">
    <ele>152.9</ele>
    <time>2024-04-20T19:46:47Z</time>
   </trkpt>
   <trkpt lat="48.4045960" lon="7.6908660">
    <ele>152.9</ele>
    <time>2024-04-20T19:46:48Z</time>
   </trkpt>
   <trkpt lat="48.4045380" lon="7.6908410">
    <ele>152.9</ele>
    <time>2024-04-20T19:46:49Z</time>
   </trkpt>
   <trkpt lat="48.4044810" lon="7.6908190">
    <ele>153.0</ele>
    <time>2024-04-20T19:46:50Z</time>
   </trkpt>
   <trkpt lat="48.4044230" lon="7.6907990">
    <ele>153.0</ele>
    <time>2024-04-20T19:46:51Z</time>
   </trkpt>
   <trkpt lat="48.4043650" lon="7.6907780">
    <ele>153.0</ele>
    <time>2024-04-20T19:46:52Z</time>
   </trkpt>
   <trkpt lat="48.4043070" lon="7.6907530">
    <ele>153.0</ele>
    <time>2024-04-20T19:46:53Z</time>
   </trkpt>
   <trkpt lat="48.4042490" lon="7.6907260">
    <ele>153.0</ele>
    <time>2024-04-20T19:46:54Z</time>
   </trkpt>
   <trkpt lat="48.4041900" lon="7.6907030">
    <ele>153.0</ele>
    <time>2024-04-20T19:46:55Z</time>
   </trkpt>
   <trkpt lat="48.4041310" lon="7.6906810">
    <ele>153.0</ele>
    <time>2024-04-20T19:46:56Z</time>
   </trkpt>
   <trkpt lat="48.4040720" lon="7.6906560">
    <ele>153.0</ele>
    <time>2024-04-20T19:46:57Z</time>
   </trkpt>
   <trkpt lat="48.4040120" lon="7.6906310">
    <ele>153.0</ele>
    <time>2024-04-20T19:46:58Z</time>
   </trkpt>
   <trkpt lat="48.4039520" lon="7.6906100">
    <ele>153.0</ele>
    <time>2024-04-20T19:46:59Z</time>
   </trkpt>
   <trkpt lat="48.4038920" lon="7.6905900">
    <ele>153.0</ele>
    <time>2024-04-20T19:47:00Z</time>
   </trkpt>
   <trkpt lat="48.4038330" lon="7.6905670">
    <ele>153.0</ele>
    <time>2024-04-20T19:47:01Z</time>
   </trkpt>
   <trkpt lat="48.4037730" lon="7.6905400">
    <ele>153.0</ele>
    <time>2024-04-20T19:47:02Z</time>
   </trkpt>
   <trkpt lat="48.4037140" lon="7.6905190">
    <ele>153.0</ele>
    <time>2024-04-20T19:47:03Z</time>
   </trkpt>
   <trkpt lat="48.4036540" lon="7.6904990">
    <ele>152.9</ele>
    <time>2024-04-20T19:47:04Z</time>
   </trkpt>
   <trkpt lat="48.4035920" lon="7.6904770">
    <ele>152.9</ele>
    <time>2024-04-20T19:47:05Z</time>
   </trkpt>
   <trkpt lat="48.4035310" lon="7.6904480">
    <ele>152.9</ele>
    <time>2024-04-20T19:47:06Z</time>
   </trkpt>
   <trkpt lat="48.4034710" lon="7.6904260">
    <ele>152.9</ele>
    <time>2024-04-20T19:47:07Z</time>
   </trkpt>
   <trkpt lat="48.4034110" lon="7.6904030">
    <ele>152.9</ele>
    <time>2024-04-20T19:47:08Z</time>
   </trkpt>
   <trkpt lat="48.4033510" lon="7.6903840">
    <ele>152.9</ele>
    <time>2024-04-20T19:47:09Z</time>
   </trkpt>
   <trkpt lat="48.4032900" lon="7.6903620">
    <ele>152.9</ele>
    <time>2024-04-20T19:47:10Z</time>
   </trkpt>
   <trkpt lat="48.4032320" lon="7.6903350">
    <ele>152.9</ele>
    <time>2024-04-20T19:47:11Z</time>
   </trkpt>
   <trkpt lat="48.4031720" lon="7.6903110">
    <ele>152.9</ele>
    <time>2024-04-20T19:47:12Z</time>
   </trkpt>
   <trkpt lat="48.4031130" lon="7.6902900">
    <ele>152.9</ele>
    <time>2024-04-20T19:47:13Z</time>
   </trkpt>
   <trkpt lat="48.4030550" lon="7.6902650">
    <ele>152.9</ele>
    <time>2024-04-20T19:47:14Z</time>
   </trkpt>
   <trkpt lat="48.4029960" lon="7.6902390">
    <ele>152.9</ele>
    <time>2024-04-20T19:47:15Z</time>
   </trkpt>
   <trkpt lat="48.4029360" lon="7.6902160">
    <ele>152.9</ele>
    <time>2024-04-20T19:47:16Z</time>
   </trkpt>
   <trkpt lat="48.4028740" lon="7.6901920">
    <ele>152.9</ele>
    <time>2024-04-20T19:47:17Z</time>
   </trkpt>
   <trkpt lat="48.4028140" lon="7.6901710">
    <ele>152.9</ele>
    <time>2024-04-20T19:47:18Z</time>
   </trkpt>
   <trkpt lat="48.4027550" lon="7.6901490">
    <ele>152.9</ele>
    <time>2024-04-20T19:47:19Z</time>
   </trkpt>
   <trkpt lat="48.4026950" lon="7.6901250">
    <ele>152.9</ele>
    <time>2024-04-20T19:47:20Z</time>
   </trkpt>
   <trkpt lat="48.4026360" lon="7.6900990">
    <ele>152.9</ele>
    <time>2024-04-20T19:47:21Z</time>
   </trkpt>
   <trkpt lat="48.4025770" lon="7.6900770">
    <ele>152.9</ele>
    <time>2024-04-20T19:47:22Z</time>
   </trkpt>
   <trkpt lat="48.4025180" lon="7.6900560">
    <ele>152.9</ele>
    <time>2024-04-20T19:47:23Z</time>
   </trkpt>
   <trkpt lat="48.4024610" lon="7.6900340">
    <ele>152.9</ele>
    <time>2024-04-20T19:47:24Z</time>
   </trkpt>
   <trkpt lat="48.4024040" lon="7.6900080">
    <ele>152.9</ele>
    <time>2024-04-20T19:47:25Z</time>
   </trkpt>
   <trkpt lat="48.4023460" lon="7.6899840">
    <ele>152.9</ele>
    <time>2024-04-20T19:47:26Z</time>
   </trkpt>
   <trkpt lat="48.4022870" lon="7.6899610">
    <ele>152.8</ele>
    <time>2024-04-20T19:47:27Z</time>
   </trkpt>
   <trkpt lat="48.4022280" lon="7.6899420">
    <ele>152.8</ele>
    <time>2024-04-20T19:47:28Z</time>
   </trkpt>
   <trkpt lat="48.4021690" lon="7.6899220">
    <ele>152.8</ele>
    <time>2024-04-20T19:47:29Z</time>
   </trkpt>
   <trkpt lat="48.4021100" lon="7.6898990">
    <ele>152.8</ele>
    <time>2024-04-20T19:47:30Z</time>
   </trkpt>
   <trkpt lat="48.4020510" lon="7.6898790">
    <ele>152.8</ele>
    <time>2024-04-20T19:47:31Z</time>
   </trkpt>
   <trkpt lat="48.4019930" lon="7.6898560">
    <ele>152.8</ele>
    <time>2024-04-20T19:47:32Z</time>
   </trkpt>
   <trkpt lat="48.4019340" lon="7.6898380">
    <ele>152.7</ele>
    <time>2024-04-20T19:47:33Z</time>
   </trkpt>
   <trkpt lat="48.4018760" lon="7.6898160">
    <ele>152.7</ele>
    <time>2024-04-20T19:47:34Z</time>
   </trkpt>
   <trkpt lat="48.4018200" lon="7.6897930">
    <ele>152.7</ele>
    <time>2024-04-20T19:47:35Z</time>
   </trkpt>
   <trkpt lat="48.4017640" lon="7.6897700">
    <ele>152.7</ele>
    <time>2024-04-20T19:47:36Z</time>
   </trkpt>
   <trkpt lat="48.4017060" lon="7.6897480">
    <ele>152.7</ele>
    <time>2024-04-20T19:47:37Z</time>
   </trkpt>
   <trkpt lat="48.4016490" lon="7.6897260">
    <ele>152.7</ele>
    <time>2024-04-20T19:47:38Z</time>
   </trkpt>
   <trkpt lat="48.4015930" lon="7.6897050">
    <ele>152.7</ele>
    <time>2024-04-20T19:47:39Z</time>
   </trkpt>
   <trkpt lat="48.4015380" lon="7.6896850">
    <ele>152.7</ele>
    <time>2024-04-20T19:47:40Z</time>
   </trkpt>
   <trkpt lat="48.4014830" lon="7.6896620">
    <ele>152.7</ele>
    <time>2024-04-20T19:47:41Z</time>
   </trkpt>
   <trkpt lat="48.4014270" lon="7.6896400">
    <ele>152.7</ele>
    <time>2024-04-20T19:47:42Z</time>
   </trkpt>
   <trkpt lat="48.4013730" lon="7.6896200">
    <ele>152.7</ele>
    <time>2024-04-20T19:47:43Z</time>
   </trkpt>
   <trkpt lat="48.4013190" lon="7.6896010">
    <ele>152.7</ele>
    <time>2024-04-20T19:47:44Z</time>
   </trkpt>
   <trkpt lat="48.4012650" lon="7.6895830">
    <ele>152.7</ele>
    <time>2024-04-20T19:47:45Z</time>
   </trkpt>
   <trkpt lat="48.4012100" lon="7.6895600">
    <ele>152.7</ele>
    <time>2024-04-20T19:47:46Z</time>
   </trkpt>
   <trkpt lat="48.4011570" lon="7.6895400">
    <ele>152.7</ele>
    <time>2024-04-20T19:47:47Z</time>
   </trkpt>
   <trkpt lat="48.4011050" lon="7.6895180">
    <ele>152.7</ele>
    <time>2024-04-20T19:47:48Z</time>
   </trkpt>
   <trkpt lat="48.4010510" lon="7.6894990">
    <ele>152.8</ele>
    <time>2024-04-20T19:47:49Z</time>
   </trkpt>
   <trkpt lat="48.4009990" lon="7.6894790">
    <ele>152.8</ele>
    <time>2024-04-20T19:47:50Z</time>
   </trkpt>
   <trkpt lat="48.4009480" lon="7.6894580">
    <ele>152.8</ele>
    <time>2024-04-20T19:47:51Z</time>
   </trkpt>
   <trkpt lat="48.4008960" lon="7.6894360">
    <ele>152.8</ele>
    <time>2024-04-20T19:47:52Z</time>
   </trkpt>
   <trkpt lat="48.4008450" lon="7.6894160">
    <ele>152.8</ele>
    <time>2024-04-20T19:47:53Z</time>
   </trkpt>
   <trkpt lat="48.4007930" lon="7.6893980">
    <ele>152.8</ele>
    <time>2024-04-20T19:47:54Z</time>
   </trkpt>
   <trkpt lat="48.4007410" lon="7.6893770">
    <ele>152.8</ele>
    <time>2024-04-20T19:47:55Z</time>
   </trkpt>
   <trkpt lat="48.4006880" lon="7.6893570">
    <ele>152.8</ele>
    <time>2024-04-20T19:47:56Z</time>
   </trkpt>
   <trkpt lat="48.4006370" lon="7.6893350">
    <ele>152.8</ele>
    <time>2024-04-20T19:47:57Z</time>
   </trkpt>
   <trkpt lat="48.4005830" lon="7.6893140">
    <ele>152.8</ele>
    <time>2024-04-20T19:47:58Z</time>
   </trkpt>
   <trkpt lat="48.4005310" lon="7.6892910">
    <ele>152.8</ele>
    <time>2024-04-20T19:47:59Z</time>
   </trkpt>
   <trkpt lat="48.4004780" lon="7.6892740">
    <ele>152.8</ele>
    <time>2024-04-20T19:48:00Z</time>
   </trkpt>
   <trkpt lat="48.4004260" lon="7.6892520">
    <ele>152.8</ele>
    <time>2024-04-20T19:48:01Z</time>
   </trkpt>
   <trkpt lat="48.4003740" lon="7.6892290">
    <ele>152.8</ele>
    <time>2024-04-20T19:48:02Z</time>
   </trkpt>
   <trkpt lat="48.4003200" lon="7.6892100">
    <ele>152.8</ele>
    <time>2024-04-20T19:48:03Z</time>
   </trkpt>
   <trkpt lat="48.4002670" lon="7.6891860">
    <ele>152.9</ele>
    <time>2024-04-20T19:48:04Z</time>
   </trkpt>
   <trkpt lat="48.4002140" lon="7.6891660">
    <ele>152.9</ele>
    <time>2024-04-20T19:48:05Z</time>
   </trkpt>
   <trkpt lat="48.4001600" lon="7.6891460">
    <ele>152.8</ele>
    <time>2024-04-20T19:48:06Z</time>
   </trkpt>
   <trkpt lat="48.4001050" lon="7.6891250">
    <ele>152.8</ele>
    <time>2024-04-20T19:48:07Z</time>
   </trkpt>
   <trkpt lat="48.4000500" lon="7.6891080">
    <ele>152.8</ele>
    <time>2024-04-20T19:48:08Z</time>
   </trkpt>
   <trkpt lat="48.3999960" lon="7.6890900">
    <ele>152.8</ele>
    <time>2024-04-20T19:48:09Z</time>
   </trkpt>
   <trkpt lat="48.3999430" lon="7.6890680">
    <ele>152.8</ele>
    <time>2024-04-20T19:48:10Z</time>
   </trkpt>
   <trkpt lat="48.3998890" lon="7.6890450">
    <ele>152.8</ele>
    <time>2024-04-20T19:48:11Z</time>
   </trkpt>
   <trkpt lat="48.3998340" lon="7.6890260">
    <ele>152.9</ele>
    <time>2024-04-20T19:48:12Z</time>
   </trkpt>
   <trkpt lat="48.3997790" lon="7.6890060">
    <ele>152.9</ele>
    <time>2024-04-20T19:48:13Z</time>
   </trkpt>
   <trkpt lat="48.3997240" lon="7.6889860">
    <ele>152.9</ele>
    <time>2024-04-20T19:48:14Z</time>
   </trkpt>
   <trkpt lat="48.3996690" lon="7.6889650">
    <ele>152.9</ele>
    <time>2024-04-20T19:48:15Z</time>
   </trkpt>
   <trkpt lat="48.3996140" lon="7.6889450">
    <ele>152.9</ele>
    <time>2024-04-20T19:48:16Z</time>
   </trkpt>
   <trkpt lat="48.3995590" lon="7.6889200">
    <ele>152.9</ele>
    <time>2024-04-20T19:48:17Z</time>
   </trkpt>
   <trkpt lat="48.3995040" lon="7.6888990">
    <ele>152.9</ele>
    <time>2024-04-20T19:48:18Z</time>
   </trkpt>
   <trkpt lat="48.3994490" lon="7.6888760">
    <ele>152.9</ele>
    <time>2024-04-20T19:48:19Z</time>
   </trkpt>
   <trkpt lat="48.3993950" lon="7.6888560">
    <ele>152.9</ele>
    <time>2024-04-20T19:48:20Z</time>
   </trkpt>
   <trkpt lat="48.3993400" lon="7.6888360">
    <ele>152.8</ele>
    <time>2024-04-20T19:48:21Z</time>
   </trkpt>
   <trkpt lat="48.3992850" lon="7.6888140">
    <ele>152.8</ele>
    <time>2024-04-20T19:48:22Z</time>
   </trkpt>
   <trkpt lat="48.3992300" lon="7.6887940">
    <ele>152.8</ele>
    <time>2024-04-20T19:48:23Z</time>
   </trkpt>
   <trkpt lat="48.3991760" lon="7.6887750">
    <ele>152.8</ele>
    <time>2024-04-20T19:48:24Z</time>
   </trkpt>
   <trkpt lat="48.3991220" lon="7.6887520">
    <ele>152.8</ele>
    <time>2024-04-20T19:48:25Z</time>
   </trkpt>
   <trkpt lat="48.3990670" lon="7.6887310">
    <ele>152.8</ele>
    <time>2024-04-20T19:48:26Z</time>
   </trkpt>
   <trkpt lat="48.3990120" lon="7.6887080">
    <ele>152.8</ele>
    <time>2024-04-20T19:48:27Z</time>
   </trkpt>
   <trkpt lat="48.3989580" lon="7.6886910">
    <ele>152.9</ele>
    <time>2024-04-20T19:48:28Z</time>
   </trkpt>
   <trkpt lat="48.3989040" lon="7.6886690">
    <ele>152.9</ele>
    <time>2024-04-20T19:48:29Z</time>
   </trkpt>
   <trkpt lat="48.3988500" lon="7.6886510">
    <ele>152.9</ele>
    <time>2024-04-20T19:48:30Z</time>
   </trkpt>
   <trkpt lat="48.3987970" lon="7.6886340">
    <ele>152.9</ele>
    <time>2024-04-20T19:48:31Z</time>
   </trkpt>
   <trkpt lat="48.3987430" lon="7.6886130">
    <ele>152.9</ele>
    <time>2024-04-20T19:48:32Z</time>
   </trkpt>
   <trkpt lat="48.3986910" lon="7.6885920">
    <ele>152.9</ele>
    <time>2024-04-20T19:48:33Z</time>
   </trkpt>
   <trkpt lat="48.3986380" lon="7.6885710">
    <ele>152.9</ele>
    <time>2024-04-20T19:48:34Z</time>
   </trkpt>
   <trkpt lat="48.3985850" lon="7.6885530">
    <ele>152.9</ele>
    <time>2024-04-20T19:48:35Z</time>
   </trkpt>
   <trkpt lat="48.3985310" lon="7.6885320">
    <ele>152.9</ele>
    <time>2024-04-20T19:48:36Z</time>
   </trkpt>
   <trkpt lat="48.3984780" lon="7.6885130">
    <ele>152.9</ele>
    <time>2024-04-20T19:48:37Z</time>
   </trkpt>
   <trkpt lat="48.3984240" lon="7.6884910">
    <ele>152.9</ele>
    <time>2024-04-20T19:48:38Z</time>
   </trkpt>
   <trkpt lat="48.3983700" lon="7.6884720">
    <ele>152.9</ele>
    <time>2024-04-20T19:48:39Z</time>
   </trkpt>
   <trkpt lat="48.3983160" lon="7.6884510">
    <ele>152.8</ele>
    <time>2024-04-20T19:48:40Z</time>
   </trkpt>
   <trkpt lat="48.3982620" lon="7.6884320">
    <ele>152.8</ele>
    <time>2024-04-20T19:48:41Z</time>
   </trkpt>
   <trkpt lat="48.3982090" lon="7.6884080">
    <ele>152.7</ele>
    <time>2024-04-20T19:48:42Z</time>
   </trkpt>
   <trkpt lat="48.3981560" lon="7.6883870">
    <ele>152.7</ele>
    <time>2024-04-20T19:48:43Z</time>
   </trkpt>
   <trkpt lat="48.3981020" lon="7.6883620">
    <ele>152.7</ele>
    <time>2024-04-20T19:48:44Z</time>
   </trkpt>
   <trkpt lat="48.3980490" lon="7.6883420">
    <ele>152.7</ele>
    <time>2024-04-20T19:48:45Z</time>
   </trkpt>
   <trkpt lat="48.3979960" lon="7.6883220">
    <ele>152.7</ele>
    <time>2024-04-20T19:48:46Z</time>
   </trkpt>
   <trkpt lat="48.3979430" lon="7.6883040">
    <ele>152.7</ele>
    <time>2024-04-20T19:48:47Z</time>
   </trkpt>
   <trkpt lat="48.3978900" lon="7.6882870">
    <ele>152.7</ele>
    <time>2024-04-20T19:48:48Z</time>
   </trkpt>
   <trkpt lat="48.3978380" lon="7.6882660">
    <ele>152.7</ele>
    <time>2024-04-20T19:48:49Z</time>
   </trkpt>
   <trkpt lat="48.3977860" lon="7.6882430">
    <ele>152.7</ele>
    <time>2024-04-20T19:48:50Z</time>
   </trkpt>
   <trkpt lat="48.3977350" lon="7.6882200">
    <ele>152.7</ele>
    <time>2024-04-20T19:48:51Z</time>
   </trkpt>
   <trkpt lat="48.3976820" lon="7.6881980">
    <ele>152.7</ele>
    <time>2024-04-20T19:48:52Z</time>
   </trkpt>
   <trkpt lat="48.3976290" lon="7.6881800">
    <ele>152.7</ele>
    <time>2024-04-20T19:48:53Z</time>
   </trkpt>
   <trkpt lat="48.3975770" lon="7.6881590">
    <ele>152.6</ele>
    <time>2024-04-20T19:48:54Z</time>
   </trkpt>
   <trkpt lat="48.3975260" lon="7.6881370">
    <ele>152.6</ele>
    <time>2024-04-20T19:48:55Z</time>
   </trkpt>
   <trkpt lat="48.3974740" lon="7.6881200">
    <ele>152.5</ele>
    <time>2024-04-20T19:48:56Z</time>
   </trkpt>
   <trkpt lat="48.3974220" lon="7.6880980">
    <ele>152.5</ele>
    <time>2024-04-20T19:48:57Z</time>
   </trkpt>
   <trkpt lat="48.3973680" lon="7.6880750">
    <ele>152.5</ele>
    <time>2024-04-20T19:48:58Z</time>
   </trkpt>
   <trkpt lat="48.3973130" lon="7.6880530">
    <ele>152.4</ele>
    <time>2024-04-20T19:48:59Z</time>
   </trkpt>
   <trkpt lat="48.3972580" lon="7.6880320">
    <ele>152.4</ele>
    <time>2024-04-20T19:49:00Z</time>
   </trkpt>
   <trkpt lat="48.3972030" lon="7.6880140">
    <ele>152.4</ele>
    <time>2024-04-20T19:49:01Z</time>
   </trkpt>
   <trkpt lat="48.3971480" lon="7.6879930">
    <ele>152.4</ele>
    <time>2024-04-20T19:49:02Z</time>
   </trkpt>
   <trkpt lat="48.3970940" lon="7.6879700">
    <ele>152.4</ele>
    <time>2024-04-20T19:49:03Z</time>
   </trkpt>
   <trkpt lat="48.3970390" lon="7.6879500">
    <ele>152.4</ele>
    <time>2024-04-20T19:49:04Z</time>
   </trkpt>
   <trkpt lat="48.3969830" lon="7.6879310">
    <ele>152.4</ele>
    <time>2024-04-20T19:49:05Z</time>
   </trkpt>
   <trkpt lat="48.3969290" lon="7.6879120">
    <ele>152.4</ele>
    <time>2024-04-20T19:49:06Z</time>
   </trkpt>
   <trkpt lat="48.3968740" lon="7.6878900">
    <ele>152.4</ele>
    <time>2024-04-20T19:49:07Z</time>
   </trkpt>
   <trkpt lat="48.3968210" lon="7.6878720">
    <ele>152.4</ele>
    <time>2024-04-20T19:49:08Z</time>
   </trkpt>
   <trkpt lat="48.3967680" lon="7.6878500">
    <ele>152.4</ele>
    <time>2024-04-20T19:49:09Z</time>
   </trkpt>
   <trkpt lat="48.3967130" lon="7.6878310">
    <ele>152.3</ele>
    <time>2024-04-20T19:49:10Z</time>
   </trkpt>
   <trkpt lat="48.3966600" lon="7.6878070">
    <ele>152.3</ele>
    <time>2024-04-20T19:49:11Z</time>
   </trkpt>
   <trkpt lat="48.3966050" lon="7.6877920">
    <ele>152.3</ele>
    <time>2024-04-20T19:49:12Z</time>
   </trkpt>
   <trkpt lat="48.3965490" lon="7.6877700">
    <ele>152.3</ele>
    <time>2024-04-20T19:49:13Z</time>
   </trkpt>
   <trkpt lat="48.3964950" lon="7.6877500">
    <ele>152.3</ele>
    <time>2024-04-20T19:49:14Z</time>
   </trkpt>
   <trkpt lat="48.3964410" lon="7.6877300">
    <ele>152.3</ele>
    <time>2024-04-20T19:49:15Z</time>
   </trkpt>
   <trkpt lat="48.3963880" lon="7.6877120">
    <ele>152.3</ele>
    <time>2024-04-20T19:49:16Z</time>
   </trkpt>
   <trkpt lat="48.3963340" lon="7.6876920">
    <ele>152.3</ele>
    <time>2024-04-20T19:49:17Z</time>
   </trkpt>
   <trkpt lat="48.3962790" lon="7.6876690">
    <ele>152.3</ele>
    <time>2024-04-20T19:49:18Z</time>
   </trkpt>
   <trkpt lat="48.3962240" lon="7.6876440">
    <ele>152.3</ele>
    <time>2024-04-20T19:49:19Z</time>
   </trkpt>
   <trkpt lat="48.3961710" lon="7.6876240">
    <ele>152.3</ele>
    <time>2024-04-20T19:49:20Z</time>
   </trkpt>
   <trkpt lat="48.3961190" lon="7.6876080">
    <ele>152.3</ele>
    <time>2024-04-20T19:49:21Z</time>
   </trkpt>
   <trkpt lat="48.3960660" lon="7.6875940">
    <ele>152.3</ele>
    <time>2024-04-20T19:49:22Z</time>
   </trkpt>
   <trkpt lat="48.3960130" lon="7.6875680">
    <ele>152.3</ele>
    <time>2024-04-20T19:49:23Z</time>
   </trkpt>
   <trkpt lat="48.3959600" lon="7.6875420">
    <ele>152.2</ele>
    <time>2024-04-20T19:49:24Z</time>
   </trkpt>
   <trkpt lat="48.3959060" lon="7.6875220">
    <ele>152.2</ele>
    <time>2024-04-20T19:49:25Z</time>
   </trkpt>
   <trkpt lat="48.3958530" lon="7.6875080">
    <ele>152.2</ele>
    <time>2024-04-20T19:49:26Z</time>
   </trkpt>
   <trkpt lat="48.3958000" lon="7.6874910">
    <ele>152.2</ele>
    <time>2024-04-20T19:49:27Z</time>
   </trkpt>
   <trkpt lat="48.3957460" lon="7.6874720">
    <ele>152.2</ele>
    <time>2024-04-20T19:49:28Z</time>
   </trkpt>
   <trkpt lat="48.3956950" lon="7.6874430">
    <ele>152.2</ele>
    <time>2024-04-20T19:49:29Z</time>
   </trkpt>
   <trkpt lat="48.3956410" lon="7.6874220">
    <ele>152.2</ele>
    <time>2024-04-20T19:49:30Z</time>
   </trkpt>
   <trkpt lat="48.3955870" lon="7.6874030">
    <ele>152.2</ele>
    <time>2024-04-20T19:49:31Z</time>
   </trkpt>
   <trkpt lat="48.3955350" lon="7.6873850">
    <ele>152.2</ele>
    <time>2024-04-20T19:49:32Z</time>
   </trkpt>
   <trkpt lat="48.3954830" lon="7.6873670">
    <ele>152.2</ele>
    <time>2024-04-20T19:49:33Z</time>
   </trkpt>
   <trkpt lat="48.3954290" lon="7.6873480">
    <ele>152.1</ele>
    <time>2024-04-20T19:49:34Z</time>
   </trkpt>
   <trkpt lat="48.3953770" lon="7.6873310">
    <ele>152.1</ele>
    <time>2024-04-20T19:49:35Z</time>
   </trkpt>
   <trkpt lat="48.3953250" lon="7.6873120">
    <ele>152.1</ele>
    <time>2024-04-20T19:49:36Z</time>
   </trkpt>
   <trkpt lat="48.3952730" lon="7.6872900">
    <ele>152.1</ele>
    <time>2024-04-20T19:49:37Z</time>
   </trkpt>
   <trkpt lat="48.3952210" lon="7.6872680">
    <ele>152.1</ele>
    <time>2024-04-20T19:49:38Z</time>
   </trkpt>
   <trkpt lat="48.3951680" lon="7.6872480">
    <ele>152.1</ele>
    <time>2024-04-20T19:49:39Z</time>
   </trkpt>
   <trkpt lat="48.3951160" lon="7.6872330">
    <ele>152.1</ele>
    <time>2024-04-20T19:49:40Z</time>
   </trkpt>
   <trkpt lat="48.3950660" lon="7.6872120">
    <ele>152.1</ele>
    <time>2024-04-20T19:49:41Z</time>
   </trkpt>
   <trkpt lat="48.3950150" lon="7.6871900">
    <ele>152.1</ele>
    <time>2024-04-20T19:49:42Z</time>
   </trkpt>
   <trkpt lat="48.3949650" lon="7.6871690">
    <ele>152.1</ele>
    <time>2024-04-20T19:49:43Z</time>
   </trkpt>
   <trkpt lat="48.3949140" lon="7.6871480">
    <ele>152.1</ele>
    <time>2024-04-20T19:49:44Z</time>
   </trkpt>
   <trkpt lat="48.3948630" lon="7.6871290">
    <ele>152.1</ele>
    <time>2024-04-20T19:49:45Z</time>
   </trkpt>
   <trkpt lat="48.3948130" lon="7.6871110">
    <ele>152.1</ele>
    <time>2024-04-20T19:49:46Z</time>
   </trkpt>
   <trkpt lat="48.3947610" lon="7.6870930">
    <ele>152.1</ele>
    <time>2024-04-20T19:49:47Z</time>
   </trkpt>
   <trkpt lat="48.3947110" lon="7.6870690">
    <ele>152.1</ele>
    <time>2024-04-20T19:49:48Z</time>
   </trkpt>
   <trkpt lat="48.3946590" lon="7.6870450">
    <ele>152.1</ele>
    <time>2024-04-20T19:49:49Z</time>
   </trkpt>
   <trkpt lat="48.3946060" lon="7.6870230">
    <ele>152.0</ele>
    <time>2024-04-20T19:49:50Z</time>
   </trkpt>
   <trkpt lat="48.3945540" lon="7.6870020">
    <ele>152.0</ele>
    <time>2024-04-20T19:49:51Z</time>
   </trkpt>
   <trkpt lat="48.3945010" lon="7.6869880">
    <ele>152.0</ele>
    <time>2024-04-20T19:49:52Z</time>
   </trkpt>
   <trkpt lat="48.3944490" lon="7.6869650">
    <ele>152.0</ele>
    <time>2024-04-20T19:49:53Z</time>
   </trkpt>
   <trkpt lat="48.3943950" lon="7.6869460">
    <ele>152.0</ele>
    <time>2024-04-20T19:49:54Z</time>
   </trkpt>
   <trkpt lat="48.3943410" lon="7.6869280">
    <ele>152.0</ele>
    <time>2024-04-20T19:49:55Z</time>
   </trkpt>
   <trkpt lat="48.3942870" lon="7.6869080">
    <ele>152.0</ele>
    <time>2024-04-20T19:49:56Z</time>
   </trkpt>
   <trkpt lat="48.3942350" lon="7.6868850">
    <ele>151.9</ele>
    <time>2024-04-20T19:49:57Z</time>
   </trkpt>
   <trkpt lat="48.3941800" lon="7.6868650">
    <ele>151.9</ele>
    <time>2024-04-20T19:49:58Z</time>
   </trkpt>
   <trkpt lat="48.3941260" lon="7.6868440">
    <ele>151.9</ele>
    <time>2024-04-20T19:49:59Z</time>
   </trkpt>
   <trkpt lat="48.3940720" lon="7.6868240">
    <ele>151.9</ele>
    <time>2024-04-20T19:50:00Z</time>
   </trkpt>
   <trkpt lat="48.3940190" lon="7.6868030">
    <ele>151.9</ele>
    <time>2024-04-20T19:50:01Z</time>
   </trkpt>
   <trkpt lat="48.3939650" lon="7.6867830">
    <ele>151.9</ele>
    <time>2024-04-20T19:50:02Z</time>
   </trkpt>
   <trkpt lat="48.3939110" lon="7.6867590">
    <ele>151.8</ele>
    <time>2024-04-20T19:50:03Z</time>
   </trkpt>
   <trkpt lat="48.3938570" lon="7.6867380">
    <ele>151.8</ele>
    <time>2024-04-20T19:50:04Z</time>
   </trkpt>
   <trkpt lat="48.3938050" lon="7.6867170">
    <ele>151.8</ele>
    <time>2024-04-20T19:50:05Z</time>
   </trkpt>
   <trkpt lat="48.3937510" lon="7.6866970">
    <ele>151.8</ele>
    <time>2024-04-20T19:50:06Z</time>
   </trkpt>
   <trkpt lat="48.3936980" lon="7.6866760">
    <ele>151.8</ele>
    <time>2024-04-20T19:50:07Z</time>
   </trkpt>
   <trkpt lat="48.3936430" lon="7.6866560">
    <ele>151.8</ele>
    <time>2024-04-20T19:50:08Z</time>
   </trkpt>
   <trkpt lat="48.3935890" lon="7.6866340">
    <ele>151.8</ele>
    <time>2024-04-20T19:50:09Z</time>
   </trkpt>
   <trkpt lat="48.3935350" lon="7.6866110">
    <ele>151.8</ele>
    <time>2024-04-20T19:50:10Z</time>
   </trkpt>
   <trkpt lat="48.3934830" lon="7.6865900">
    <ele>151.8</ele>
    <time>2024-04-20T19:50:11Z</time>
   </trkpt>
   <trkpt lat="48.3934310" lon="7.6865720">
    <ele>151.8</ele>
    <time>2024-04-20T19:50:12Z</time>
   </trkpt>
   <trkpt lat="48.3933780" lon="7.6865510">
    <ele>151.8</ele>
    <time>2024-04-20T19:50:13Z</time>
   </trkpt>
   <trkpt lat="48.3933260" lon="7.6865300">
    <ele>151.8</ele>
    <time>2024-04-20T19:50:14Z</time>
   </trkpt>
   <trkpt lat="48.3932730" lon="7.6865110">
    <ele>151.8</ele>
    <time>2024-04-20T19:50:15Z</time>
   </trkpt>
   <trkpt lat="48.3932200" lon="7.6864930">
    <ele>151.8</ele>
    <time>2024-04-20T19:50:16Z</time>
   </trkpt>
   <trkpt lat="48.3931650" lon="7.6864720">
    <ele>151.8</ele>
    <time>2024-04-20T19:50:17Z</time>
   </trkpt>
   <trkpt lat="48.3931120" lon="7.6864520">
    <ele>151.8</ele>
    <time>2024-04-20T19:50:18Z</time>
   </trkpt>
   <trkpt lat="48.3930590" lon="7.6864320">
    <ele>151.8</ele>
    <time>2024-04-20T19:50:19Z</time>
   </trkpt>
   <trkpt lat="48.3930070" lon="7.6864080">
    <ele>151.8</ele>
    <time>2024-04-20T19:50:20Z</time>
   </trkpt>
   <trkpt lat="48.3929560" lon="7.6863880">
    <ele>151.8</ele>
    <time>2024-04-20T19:50:21Z</time>
   </trkpt>
   <trkpt lat="48.3929050" lon="7.6863710">
    <ele>151.8</ele>
    <time>2024-04-20T19:50:22Z</time>
   </trkpt>
   <trkpt lat="48.3928540" lon="7.6863520">
    <ele>151.8</ele>
    <time>2024-04-20T19:50:23Z</time>
   </trkpt>
   <trkpt lat="48.3928020" lon="7.6863340">
    <ele>151.8</ele>
    <time>2024-04-20T19:50:24Z</time>
   </trkpt>
   <trkpt lat="48.3927510" lon="7.6863140">
    <ele>151.8</ele>
    <time>2024-04-20T19:50:25Z</time>
   </trkpt>
   <trkpt lat="48.3926980" lon="7.6862940">
    <ele>151.7</ele>
    <time>2024-04-20T19:50:26Z</time>
   </trkpt>
   <trkpt lat="48.3926450" lon="7.6862740">
    <ele>151.7</ele>
    <time>2024-04-20T19:50:27Z</time>
   </trkpt>
   <trkpt lat="48.3925910" lon="7.6862510">
    <ele>151.6</ele>
    <time>2024-04-20T19:50:28Z</time>
   </trkpt>
   <trkpt lat="48.3925370" lon="7.6862280">
    <ele>151.6</ele>
    <time>2024-04-20T19:50:29Z</time>
   </trkpt>
   <trkpt lat="48.3924830" lon="7.6862090">
    <ele>151.6</ele>
    <time>2024-04-20T19:50:30Z</time>
   </trkpt>
   <trkpt lat="48.3924300" lon="7.6861830">
    <ele>151.5</ele>
    <time>2024-04-20T19:50:31Z</time>
   </trkpt>
   <trkpt lat="48.3923760" lon="7.6861590">
    <ele>151.5</ele>
    <time>2024-04-20T19:50:32Z</time>
   </trkpt>
   <trkpt lat="48.3923220" lon="7.6861400">
    <ele>151.5</ele>
    <time>2024-04-20T19:50:33Z</time>
   </trkpt>
   <trkpt lat="48.3922680" lon="7.6861200">
    <ele>151.5</ele>
    <time>2024-04-20T19:50:34Z</time>
   </trkpt>
   <trkpt lat="48.3922140" lon="7.6861010">
    <ele>151.4</ele>
    <time>2024-04-20T19:50:35Z</time>
   </trkpt>
   <trkpt lat="48.3921610" lon="7.6860810">
    <ele>151.4</ele>
    <time>2024-04-20T19:50:36Z</time>
   </trkpt>
   <trkpt lat="48.3921090" lon="7.6860610">
    <ele>151.4</ele>
    <time>2024-04-20T19:50:37Z</time>
   </trkpt>
   <trkpt lat="48.3920550" lon="7.6860410">
    <ele>151.4</ele>
    <time>2024-04-20T19:50:38Z</time>
   </trkpt>
   <trkpt lat="48.3920020" lon="7.6860230">
    <ele>151.4</ele>
    <time>2024-04-20T19:50:39Z</time>
   </trkpt>
   <trkpt lat="48.3919480" lon="7.6860000">
    <ele>151.4</ele>
    <time>2024-04-20T19:50:40Z</time>
   </trkpt>
   <trkpt lat="48.3918930" lon="7.6859790">
    <ele>151.4</ele>
    <time>2024-04-20T19:50:41Z</time>
   </trkpt>
   <trkpt lat="48.3918400" lon="7.6859580">
    <ele>151.5</ele>
    <time>2024-04-20T19:50:42Z</time>
   </trkpt>
   <trkpt lat="48.3917860" lon="7.6859390">
    <ele>151.5</ele>
    <time>2024-04-20T19:50:43Z</time>
   </trkpt>
   <trkpt lat="48.3917340" lon="7.6859180">
    <ele>151.5</ele>
    <time>2024-04-20T19:50:44Z</time>
   </trkpt>
   <trkpt lat="48.3916830" lon="7.6858980">
    <ele>151.5</ele>
    <time>2024-04-20T19:50:45Z</time>
   </trkpt>
   <trkpt lat="48.3916290" lon="7.6858780">
    <ele>151.5</ele>
    <time>2024-04-20T19:50:46Z</time>
   </trkpt>
   <trkpt lat="48.3915770" lon="7.6858550">
    <ele>151.5</ele>
    <time>2024-04-20T19:50:47Z</time>
   </trkpt>
   <trkpt lat="48.3915240" lon="7.6858330">
    <ele>151.5</ele>
    <time>2024-04-20T19:50:48Z</time>
   </trkpt>
   <trkpt lat="48.3914740" lon="7.6858110">
    <ele>151.5</ele>
    <time>2024-04-20T19:50:49Z</time>
   </trkpt>
   <trkpt lat="48.3914220" lon="7.6857910">
    <ele>151.5</ele>
    <time>2024-04-20T19:50:50Z</time>
   </trkpt>
   <trkpt lat="48.3913690" lon="7.6857720">
    <ele>151.5</ele>
    <time>2024-04-20T19:50:51Z</time>
   </trkpt>
   <trkpt lat="48.3913160" lon="7.6857460">
    <ele>151.6</ele>
    <time>2024-04-20T19:50:52Z</time>
   </trkpt>
   <trkpt lat="48.3912620" lon="7.6857290">
    <ele>151.7</ele>
    <time>2024-04-20T19:50:53Z</time>
   </trkpt>
   <trkpt lat="48.3912100" lon="7.6857070">
    <ele>151.7</ele>
    <time>2024-04-20T19:50:54Z</time>
   </trkpt>
   <trkpt lat="48.3911600" lon="7.6856820">
    <ele>151.8</ele>
    <time>2024-04-20T19:50:55Z</time>
   </trkpt>
   <trkpt lat="48.3911090" lon="7.6856620">
    <ele>151.9</ele>
    <time>2024-04-20T19:50:56Z</time>
   </trkpt>
   <trkpt lat="48.3910600" lon="7.6856400">
    <ele>152.0</ele>
    <time>2024-04-20T19:50:57Z</time>
   </trkpt>
   <trkpt lat="48.3910110" lon="7.6856190">
    <ele>152.1</ele>
    <time>2024-04-20T19:50:58Z</time>
   </trkpt>
   <trkpt lat="48.3909630" lon="7.6856050">
    <ele>152.3</ele>
    <time>2024-04-20T19:50:59Z</time>
   </trkpt>
   <trkpt lat="48.3909190" lon="7.6855830">
    <ele>152.5</ele>
    <time>2024-04-20T19:51:00Z</time>
   </trkpt>
   <trkpt lat="48.3908790" lon="7.6855630">
    <ele>152.7</ele>
    <time>2024-04-20T19:51:01Z</time>
   </trkpt>
   <trkpt lat="48.3908420" lon="7.6855470">
    <ele>152.8</ele>
    <time>2024-04-20T19:51:02Z</time>
   </trkpt>
   <trkpt lat="48.3908070" lon="7.6855340">
    <ele>153.0</ele>
    <time>2024-04-20T19:51:03Z</time>
   </trkpt>
   <trkpt lat="48.3907700" lon="7.6855230">
    <ele>153.2</ele>
    <time>2024-04-20T19:51:04Z</time>
   </trkpt>
   <trkpt lat="48.3907340" lon="7.6855070">
    <ele>153.5</ele>
    <time>2024-04-20T19:51:05Z</time>
   </trkpt>
   <trkpt lat="48.3906980" lon="7.6854910">
    <ele>153.7</ele>
    <time>2024-04-20T19:51:06Z</time>
   </trkpt>
   <trkpt lat="48.3906610" lon="7.6854770">
    <ele>153.9</ele>
    <time>2024-04-20T19:51:07Z</time>
   </trkpt>
   <trkpt lat="48.3906250" lon="7.6854640">
    <ele>154.2</ele>
    <time>2024-04-20T19:51:08Z</time>
   </trkpt>
   <trkpt lat="48.3905910" lon="7.6854550">
    <ele>154.4</ele>
    <time>2024-04-20T19:51:09Z</time>
   </trkpt>
   <trkpt lat="48.3905580" lon="7.6854450">
    <ele>154.6</ele>
    <time>2024-04-20T19:51:10Z</time>
   </trkpt>
   <trkpt lat="48.3905260" lon="7.6854350">
    <ele>154.8</ele>
    <time>2024-04-20T19:51:11Z</time>
   </trkpt>
   <trkpt lat="48.3904950" lon="7.6854260">
    <ele>155.1</ele>
    <time>2024-04-20T19:51:12Z</time>
   </trkpt>
   <trkpt lat="48.3904680" lon="7.6854240">
    <ele>155.3</ele>
    <time>2024-04-20T19:51:13Z</time>
   </trkpt>
   <trkpt lat="48.3904340" lon="7.6854240">
    <ele>155.5</ele>
    <time>2024-04-20T19:51:14Z</time>
   </trkpt>
   <trkpt lat="48.3904250" lon="7.6854220">
    <ele>155.5</ele>
    <time>2024-04-20T19:51:15Z</time>
   </trkpt>
   <trkpt lat="48.3904110" lon="7.6854050">
    <ele>155.6</ele>
    <time>2024-04-20T19:51:16Z</time>
   </trkpt>
   <trkpt lat="48.3903960" lon="7.6853930">
    <ele>155.8</ele>
    <time>2024-04-20T19:51:17Z</time>
   </trkpt>
   <trkpt lat="48.3903690" lon="7.6854060">
    <ele>155.6</ele>
    <time>2024-04-20T19:51:18Z</time>
   </trkpt>
   <trkpt lat="48.3903600" lon="7.6854110">
    <ele>155.6</ele>
    <time>2024-04-20T19:51:19Z</time>
   </trkpt>
   <trkpt lat="48.3903260" lon="7.6854000">
    <ele>155.4</ele>
    <time>2024-04-20T19:51:20Z</time>
   </trkpt>
   <trkpt lat="48.3903120" lon="7.6853970">
    <ele>155.3</ele>
    <time>2024-04-20T19:51:21Z</time>
   </trkpt>
   <trkpt lat="48.3902810" lon="7.6853850">
    <ele>155.1</ele>
    <time>2024-04-20T19:51:22Z</time>
   </trkpt>
   <trkpt lat="48.3902460" lon="7.6853720">
    <ele>154.9</ele>
    <time>2024-04-20T19:51:23Z</time>
   </trkpt>
   <trkpt lat="48.3902060" lon="7.6853560">
    <ele>154.7</ele>
    <time>2024-04-20T19:51:24Z</time>
   </trkpt>
   <trkpt lat="48.3901660" lon="7.6853320">
    <ele>154.4</ele>
    <time>2024-04-20T19:51:25Z</time>
   </trkpt>
   <trkpt lat="48.3901190" lon="7.6853140">
    <ele>154.2</ele>
    <time>2024-04-20T19:51:26Z</time>
   </trkpt>
   <trkpt lat="48.3900680" lon="7.6852980">
    <ele>154.0</ele>
    <time>2024-04-20T19:51:27Z</time>
   </trkpt>
   <trkpt lat="48.3900180" lon="7.6852770">
    <ele>153.8</ele>
    <time>2024-04-20T19:51:28Z</time>
   </trkpt>
   <trkpt lat="48.3899690" lon="7.6852470">
    <ele>153.7</ele>
    <time>2024-04-20T19:51:29Z</time>
   </trkpt>
   <trkpt lat="48.3899190" lon="7.6852190">
    <ele>153.6</ele>
    <time>2024-04-20T19:51:30Z</time>
   </trkpt>
   <trkpt lat="48.3898680" lon="7.6851900">
    <ele>153.6</ele>
    <time>2024-04-20T19:51:31Z</time>
   </trkpt>
   <trkpt lat="48.3898160" lon="7.6851650">
    <ele>153.5</ele>
    <time>2024-04-20T19:51:32Z</time>
   </trkpt>
   <trkpt lat="48.3897640" lon="7.6851410">
    <ele>153.5</ele>
    <time>2024-04-20T19:51:33Z</time>
   </trkpt>
   <trkpt lat="48.3897110" lon="7.6851190">
    <ele>153.5</ele>
    <time>2024-04-20T19:51:34Z</time>
   </trkpt>
   <trkpt lat="48.3896580" lon="7.6850960">
    <ele>153.5</ele>
    <time>2024-04-20T19:51:35Z</time>
   </trkpt>
   <trkpt lat="48.3896040" lon="7.6850740">
    <ele>153.5</ele>
    <time>2024-04-20T19:51:36Z</time>
   </trkpt>
   <trkpt lat="48.3895500" lon="7.6850540">
    <ele>153.5</ele>
    <time>2024-04-20T19:51:37Z</time>
   </trkpt>
   <trkpt lat="48.3894970" lon="7.6850330">
    <ele>153.5</ele>
    <time>2024-04-20T19:51:38Z</time>
   </trkpt>
   <trkpt lat="48.3894420" lon="7.6850090">
    <ele>153.5</ele>
    <time>2024-04-20T19:51:39Z</time>
   </trkpt>
   <trkpt lat="48.3893870" lon="7.6849880">
    <ele>153.5</ele>
    <time>2024-04-20T19:51:40Z</time>
   </trkpt>
   <trkpt lat="48.3893310" lon="7.6849700">
    <ele>153.5</ele>
    <time>2024-04-20T19:51:41Z</time>
   </trkpt>
   <trkpt lat="48.3892750" lon="7.6849520">
    <ele>153.4</ele>
    <time>2024-04-20T19:51:42Z</time>
   </trkpt>
   <trkpt lat="48.3892230" lon="7.6849300">
    <ele>153.4</ele>
    <time>2024-04-20T19:51:43Z</time>
   </trkpt>
   <trkpt lat="48.3891690" lon="7.6849040">
    <ele>153.4</ele>
    <time>2024-04-20T19:51:44Z</time>
   </trkpt>
   <trkpt lat="48.3891130" lon="7.6848790">
    <ele>153.4</ele>
    <time>2024-04-20T19:51:45Z</time>
   </trkpt>
   <trkpt lat="48.3890580" lon="7.6848580">
    <ele>153.4</ele>
    <time>2024-04-20T19:51:46Z</time>
   </trkpt>
   <trkpt lat="48.3890020" lon="7.6848380">
    <ele>153.4</ele>
    <time>2024-04-20T19:51:47Z</time>
   </trkpt>
   <trkpt lat="48.3889480" lon="7.6848140">
    <ele>153.4</ele>
    <time>2024-04-20T19:51:48Z</time>
   </trkpt>
   <trkpt lat="48.3888940" lon="7.6847930">
    <ele>153.4</ele>
    <time>2024-04-20T19:51:49Z</time>
   </trkpt>
   <trkpt lat="48.3888390" lon="7.6847760">
    <ele>153.3</ele>
    <time>2024-04-20T19:51:50Z</time>
   </trkpt>
   <trkpt lat="48.3887820" lon="7.6847560">
    <ele>153.3</ele>
    <time>2024-04-20T19:51:51Z</time>
   </trkpt>
   <trkpt lat="48.3887260" lon="7.6847320">
    <ele>153.3</ele>
    <time>2024-04-20T19:51:52Z</time>
   </trkpt>
   <trkpt lat="48.3886690" lon="7.6847060">
    <ele>153.3</ele>
    <time>2024-04-20T19:51:53Z</time>
   </trkpt>
   <trkpt lat="48.3886120" lon="7.6846830">
    <ele>153.3</ele>
    <time>2024-04-20T19:51:54Z</time>
   </trkpt>
   <trkpt lat="48.3885540" lon="7.6846610">
    <ele>153.3</ele>
    <time>2024-04-20T19:51:55Z</time>
   </trkpt>
   <trkpt lat="48.3884960" lon="7.6846390">
    <ele>153.3</ele>
    <time>2024-04-20T19:51:56Z</time>
   </trkpt>
   <trkpt lat="48.3884400" lon="7.6846130">
    <ele>153.4</ele>
    <time>2024-04-20T19:51:57Z</time>
   </trkpt>
   <trkpt lat="48.3883830" lon="7.6845920">
    <ele>153.4</ele>
    <time>2024-04-20T19:51:58Z</time>
   </trkpt>
   <trkpt lat="48.3883250" lon="7.6845750">
    <ele>153.4</ele>
    <time>2024-04-20T19:51:59Z</time>
   </trkpt>
   <trkpt lat="48.3882670" lon="7.6845580">
    <ele>153.4</ele>
    <time>2024-04-20T19:52:00Z</time>
   </trkpt>
   <trkpt lat="48.3882090" lon="7.6845360">
    <ele>153.4</ele>
    <time>2024-04-20T19:52:01Z</time>
   </trkpt>
   <trkpt lat="48.3881530" lon="7.6845130">
    <ele>153.4</ele>
    <time>2024-04-20T19:52:02Z</time>
   </trkpt>
   <trkpt lat="48.3880970" lon="7.6844910">
    <ele>153.5</ele>
    <time>2024-04-20T19:52:03Z</time>
   </trkpt>
   <trkpt lat="48.3880430" lon="7.6844730">
    <ele>153.5</ele>
    <time>2024-04-20T19:52:04Z</time>
   </trkpt>
   <trkpt lat="48.3879860" lon="7.6844510">
    <ele>153.5</ele>
    <time>2024-04-20T19:52:05Z</time>
   </trkpt>
   <trkpt lat="48.3879280" lon="7.6844290">
    <ele>153.5</ele>
    <time>2024-04-20T19:52:06Z</time>
   </trkpt>
   <trkpt lat="48.3878720" lon="7.6844080">
    <ele>153.6</ele>
    <time>2024-04-20T19:52:07Z</time>
   </trkpt>
   <trkpt lat="48.3878120" lon="7.6843850">
    <ele>153.6</ele>
    <time>2024-04-20T19:52:08Z</time>
   </trkpt>
   <trkpt lat="48.3877520" lon="7.6843600">
    <ele>153.6</ele>
    <time>2024-04-20T19:52:09Z</time>
   </trkpt>
   <trkpt lat="48.3876930" lon="7.6843370">
    <ele>153.6</ele>
    <time>2024-04-20T19:52:10Z</time>
   </trkpt>
   <trkpt lat="48.3876340" lon="7.6843150">
    <ele>153.7</ele>
    <time>2024-04-20T19:52:11Z</time>
   </trkpt>
   <trkpt lat="48.3875740" lon="7.6842930">
    <ele>153.7</ele>
    <time>2024-04-20T19:52:12Z</time>
   </trkpt>
   <trkpt lat="48.3875130" lon="7.6842670">
    <ele>153.7</ele>
    <time>2024-04-20T19:52:13Z</time>
   </trkpt>
   <trkpt lat="48.3874550" lon="7.6842430">
    <ele>153.7</ele>
    <time>2024-04-20T19:52:14Z</time>
   </trkpt>
   <trkpt lat="48.3873960" lon="7.6842220">
    <ele>153.8</ele>
    <time>2024-04-20T19:52:15Z</time>
   </trkpt>
   <trkpt lat="48.3873360" lon="7.6842020">
    <ele>153.8</ele>
    <time>2024-04-20T19:52:16Z</time>
   </trkpt>
   <trkpt lat="48.3872780" lon="7.6841770">
    <ele>153.8</ele>
    <time>2024-04-20T19:52:17Z</time>
   </trkpt>
   <trkpt lat="48.3872210" lon="7.6841470">
    <ele>153.9</ele>
    <time>2024-04-20T19:52:18Z</time>
   </trkpt>
   <trkpt lat="48.3871630" lon="7.6841220">
    <ele>153.9</ele>
    <time>2024-04-20T19:52:19Z</time>
   </trkpt>
   <trkpt lat="48.3871030" lon="7.6841050">
    <ele>153.9</ele>
    <time>2024-04-20T19:52:20Z</time>
   </trkpt>
   <trkpt lat="48.3870420" lon="7.6840840">
    <ele>153.9</ele>
    <time>2024-04-20T19:52:21Z</time>
   </trkpt>
   <trkpt lat="48.3869840" lon="7.6840650">
    <ele>154.0</ele>
    <time>2024-04-20T19:52:22Z</time>
   </trkpt>
   <trkpt lat="48.3869260" lon="7.6840430">
    <ele>154.0</ele>
    <time>2024-04-20T19:52:23Z</time>
   </trkpt>
   <trkpt lat="48.3868670" lon="7.6840220">
    <ele>154.0</ele>
    <time>2024-04-20T19:52:24Z</time>
   </trkpt>
   <trkpt lat="48.3868090" lon="7.6839990">
    <ele>154.1</ele>
    <time>2024-04-20T19:52:25Z</time>
   </trkpt>
   <trkpt lat="48.3867510" lon="7.6839800">
    <ele>154.1</ele>
    <time>2024-04-20T19:52:26Z</time>
   </trkpt>
   <trkpt lat="48.3866920" lon="7.6839650">
    <ele>154.2</ele>
    <time>2024-04-20T19:52:27Z</time>
   </trkpt>
   <trkpt lat="48.3866330" lon="7.6839640">
    <ele>154.2</ele>
    <time>2024-04-20T19:52:28Z</time>
   </trkpt>
   <trkpt lat="48.3865770" lon="7.6839620">
    <ele>154.3</ele>
    <time>2024-04-20T19:52:29Z</time>
   </trkpt>
   <trkpt lat="48.3865250" lon="7.6839470">
    <ele>154.3</ele>
    <time>2024-04-20T19:52:30Z</time>
   </trkpt>
   <trkpt lat="48.3864740" lon="7.6839220">
    <ele>154.3</ele>
    <time>2024-04-20T19:52:31Z</time>
   </trkpt>
   <trkpt lat="48.3864210" lon="7.6838850">
    <ele>154.3</ele>
    <time>2024-04-20T19:52:32Z</time>
   </trkpt>
   <trkpt lat="48.3863670" lon="7.6838440">
    <ele>154.2</ele>
    <time>2024-04-20T19:52:33Z</time>
   </trkpt>
   <trkpt lat="48.3863130" lon="7.6838130">
    <ele>154.2</ele>
    <time>2024-04-20T19:52:34Z</time>
   </trkpt>
   <trkpt lat="48.3862570" lon="7.6837890">
    <ele>154.2</ele>
    <time>2024-04-20T19:52:35Z</time>
   </trkpt>
   <trkpt lat="48.3862000" lon="7.6837650">
    <ele>154.2</ele>
    <time>2024-04-20T19:52:36Z</time>
   </trkpt>
   <trkpt lat="48.3861430" lon="7.6837470">
    <ele>154.2</ele>
    <time>2024-04-20T19:52:37Z</time>
   </trkpt>
   <trkpt lat="48.3860880" lon="7.6837280">
    <ele>154.2</ele>
    <time>2024-04-20T19:52:38Z</time>
   </trkpt>
   <trkpt lat="48.3860340" lon="7.6837030">
    <ele>154.2</ele>
    <time>2024-04-20T19:52:39Z</time>
   </trkpt>
   <trkpt lat="48.3859780" lon="7.6836800">
    <ele>154.2</ele>
    <time>2024-04-20T19:52:40Z</time>
   </trkpt>
   <trkpt lat="48.3859210" lon="7.6836550">
    <ele>154.2</ele>
    <time>2024-04-20T19:52:41Z</time>
   </trkpt>
   <trkpt lat="48.3858620" lon="7.6836300">
    <ele>154.2</ele>
    <time>2024-04-20T19:52:42Z</time>
   </trkpt>
   <trkpt lat="48.3858040" lon="7.6836070">
    <ele>154.2</ele>
    <time>2024-04-20T19:52:43Z</time>
   </trkpt>
   <trkpt lat="48.3857450" lon="7.6835870">
    <ele>154.2</ele>
    <time>2024-04-20T19:52:44Z</time>
   </trkpt>
   <trkpt lat="48.3856880" lon="7.6835690">
    <ele>154.3</ele>
    <time>2024-04-20T19:52:45Z</time>
   </trkpt>
   <trkpt lat="48.3856300" lon="7.6835460">
    <ele>154.3</ele>
    <time>2024-04-20T19:52:46Z</time>
   </trkpt>
   <trkpt lat="48.3855720" lon="7.6835200">
    <ele>154.3</ele>
    <time>2024-04-20T19:52:47Z</time>
   </trkpt>
   <trkpt lat="48.3855130" lon="7.6834990">
    <ele>154.3</ele>
    <time>2024-04-20T19:52:48Z</time>
   </trkpt>
   <trkpt lat="48.3854550" lon="7.6834730">
    <ele>154.3</ele>
    <time>2024-04-20T19:52:49Z</time>
   </trkpt>
   <trkpt lat="48.3853980" lon="7.6834490">
    <ele>154.4</ele>
    <time>2024-04-20T19:52:50Z</time>
   </trkpt>
   <trkpt lat="48.3853400" lon="7.6834250">
    <ele>154.4</ele>
    <time>2024-04-20T19:52:51Z</time>
   </trkpt>
   <trkpt lat="48.3852820" lon="7.6834040">
    <ele>154.5</ele>
    <time>2024-04-20T19:52:52Z</time>
   </trkpt>
   <trkpt lat="48.3852230" lon="7.6833830">
    <ele>154.5</ele>
    <time>2024-04-20T19:52:53Z</time>
   </trkpt>
   <trkpt lat="48.3851650" lon="7.6833620">
    <ele>154.5</ele>
    <time>2024-04-20T19:52:54Z</time>
   </trkpt>
   <trkpt lat="48.3851080" lon="7.6833400">
    <ele>154.6</ele>
    <time>2024-04-20T19:52:55Z</time>
   </trkpt>
   <trkpt lat="48.3850500" lon="7.6833160">
    <ele>154.6</ele>
    <time>2024-04-20T19:52:56Z</time>
   </trkpt>
   <trkpt lat="48.3849920" lon="7.6832960">
    <ele>154.6</ele>
    <time>2024-04-20T19:52:57Z</time>
   </trkpt>
   <trkpt lat="48.3849330" lon="7.6832750">
    <ele>154.7</ele>
    <time>2024-04-20T19:52:58Z</time>
   </trkpt>
   <trkpt lat="48.3848730" lon="7.6832530">
    <ele>154.7</ele>
    <time>2024-04-20T19:52:59Z</time>
   </trkpt>
   <trkpt lat="48.3848150" lon="7.6832290">
    <ele>154.7</ele>
    <time>2024-04-20T19:53:00Z</time>
   </trkpt>
   <trkpt lat="48.3847580" lon="7.6832080">
    <ele>154.7</ele>
    <time>2024-04-20T19:53:01Z</time>
   </trkpt>
   <trkpt lat="48.3847030" lon="7.6831900">
    <ele>154.7</ele>
    <time>2024-04-20T19:53:02Z</time>
   </trkpt>
   <trkpt lat="48.3846440" lon="7.6831670">
    <ele>154.7</ele>
    <time>2024-04-20T19:53:03Z</time>
   </trkpt>
   <trkpt lat="48.3845860" lon="7.6831450">
    <ele>154.7</ele>
    <time>2024-04-20T19:53:04Z</time>
   </trkpt>
   <trkpt lat="48.3845270" lon="7.6831180">
    <ele>154.7</ele>
    <time>2024-04-20T19:53:05Z</time>
   </trkpt>
   <trkpt lat="48.3844680" lon="7.6830970">
    <ele>154.7</ele>
    <time>2024-04-20T19:53:06Z</time>
   </trkpt>
   <trkpt lat="48.3844110" lon="7.6830700">
    <ele>154.7</ele>
    <time>2024-04-20T19:53:07Z</time>
   </trkpt>
   <trkpt lat="48.3843510" lon="7.6830460">
    <ele>154.7</ele>
    <time>2024-04-20T19:53:08Z</time>
   </trkpt>
   <trkpt lat="48.3842930" lon="7.6830250">
    <ele>154.7</ele>
    <time>2024-04-20T19:53:09Z</time>
   </trkpt>
   <trkpt lat="48.3842350" lon="7.6830040">
    <ele>154.7</ele>
    <time>2024-04-20T19:53:10Z</time>
   </trkpt>
   <trkpt lat="48.3841800" lon="7.6829840">
    <ele>154.7</ele>
    <time>2024-04-20T19:53:11Z</time>
   </trkpt>
   <trkpt lat="48.3841220" lon="7.6829590">
    <ele>154.7</ele>
    <time>2024-04-20T19:53:12Z</time>
   </trkpt>
   <trkpt lat="48.3840640" lon="7.6829350">
    <ele>154.7</ele>
    <time>2024-04-20T19:53:13Z</time>
   </trkpt>
   <trkpt lat="48.3840040" lon="7.6829130">
    <ele>154.8</ele>
    <time>2024-04-20T19:53:14Z</time>
   </trkpt>
   <trkpt lat="48.3839450" lon="7.6828930">
    <ele>154.8</ele>
    <time>2024-04-20T19:53:15Z</time>
   </trkpt>
   <trkpt lat="48.3838880" lon="7.6828700">
    <ele>154.9</ele>
    <time>2024-04-20T19:53:16Z</time>
   </trkpt>
   <trkpt lat="48.3838290" lon="7.6828510">
    <ele>154.9</ele>
    <time>2024-04-20T19:53:17Z</time>
   </trkpt>
   <trkpt lat="48.3837720" lon="7.6828300">
    <ele>155.0</ele>
    <time>2024-04-20T19:53:18Z</time>
   </trkpt>
   <trkpt lat="48.3837160" lon="7.6828040">
    <ele>155.0</ele>
    <time>2024-04-20T19:53:19Z</time>
   </trkpt>
   <trkpt lat="48.3836600" lon="7.6827820">
    <ele>155.1</ele>
    <time>2024-04-20T19:53:20Z</time>
   </trkpt>
   <trkpt lat="48.3836010" lon="7.6827660">
    <ele>155.1</ele>
    <time>2024-04-20T19:53:21Z</time>
   </trkpt>
   <trkpt lat="48.3835430" lon="7.6827450">
    <ele>155.1</ele>
    <time>2024-04-20T19:53:22Z</time>
   </trkpt>
   <trkpt lat="48.3834850" lon="7.6827210">
    <ele>155.1</ele>
    <time>2024-04-20T19:53:23Z</time>
   </trkpt>
   <trkpt lat="48.3834250" lon="7.6826980">
    <ele>155.1</ele>
    <time>2024-04-20T19:53:24Z</time>
   </trkpt>
   <trkpt lat="48.3833650" lon="7.6826730">
    <ele>155.1</ele>
    <time>2024-04-20T19:53:25Z</time>
   </trkpt>
   <trkpt lat="48.3833040" lon="7.6826520">
    <ele>155.1</ele>
    <time>2024-04-20T19:53:26Z</time>
   </trkpt>
   <trkpt lat="48.3832430" lon="7.6826310">
    <ele>155.1</ele>
    <time>2024-04-20T19:53:27Z</time>
   </trkpt>
   <trkpt lat="48.3831830" lon="7.6826040">
    <ele>155.1</ele>
    <time>2024-04-20T19:53:28Z</time>
   </trkpt>
   <trkpt lat="48.3831210" lon="7.6825770">
    <ele>155.1</ele>
    <time>2024-04-20T19:53:29Z</time>
   </trkpt>
   <trkpt lat="48.3830590" lon="7.6825570">
    <ele>155.1</ele>
    <time>2024-04-20T19:53:30Z</time>
   </trkpt>
   <trkpt lat="48.3829990" lon="7.6825330">
    <ele>155.1</ele>
    <time>2024-04-20T19:53:31Z</time>
   </trkpt>
   <trkpt lat="48.3829390" lon="7.6825050">
    <ele>155.1</ele>
    <time>2024-04-20T19:53:32Z</time>
   </trkpt>
   <trkpt lat="48.3828770" lon="7.6824850">
    <ele>155.1</ele>
    <time>2024-04-20T19:53:33Z</time>
   </trkpt>
   <trkpt lat="48.3828170" lon="7.6824670">
    <ele>155.1</ele>
    <time>2024-04-20T19:53:34Z</time>
   </trkpt>
   <trkpt lat="48.3827590" lon="7.6824460">
    <ele>155.1</ele>
    <time>2024-04-20T19:53:35Z</time>
   </trkpt>
   <trkpt lat="48.3827000" lon="7.6824230">
    <ele>155.1</ele>
    <time>2024-04-20T19:53:36Z</time>
   </trkpt>
   <trkpt lat="48.3826430" lon="7.6824030">
    <ele>155.1</ele>
    <time>2024-04-20T19:53:37Z</time>
   </trkpt>
   <trkpt lat="48.3825840" lon="7.6823810">
    <ele>155.1</ele>
    <time>2024-04-20T19:53:38Z</time>
   </trkpt>
   <trkpt lat="48.3825260" lon="7.6823590">
    <ele>155.1</ele>
    <time>2024-04-20T19:53:39Z</time>
   </trkpt>
   <trkpt lat="48.3824690" lon="7.6823350">
    <ele>155.2</ele>
    <time>2024-04-20T19:53:40Z</time>
   </trkpt>
   <trkpt lat="48.3824110" lon="7.6823130">
    <ele>155.2</ele>
    <time>2024-04-20T19:53:41Z</time>
   </trkpt>
   <trkpt lat="48.3823530" lon="7.6822870">
    <ele>155.2</ele>
    <time>2024-04-20T19:53:42Z</time>
   </trkpt>
   <trkpt lat="48.3822920" lon="7.6822650">
    <ele>155.3</ele>
    <time>2024-04-20T19:53:43Z</time>
   </trkpt>
   <trkpt lat="48.3822300" lon="7.6822420">
    <ele>155.3</ele>
    <time>2024-04-20T19:53:44Z</time>
   </trkpt>
   <trkpt lat="48.3821710" lon="7.6822190">
    <ele>155.3</ele>
    <time>2024-04-20T19:53:45Z</time>
   </trkpt>
   <trkpt lat="48.3821120" lon="7.6821940">
    <ele>155.2</ele>
    <time>2024-04-20T19:53:46Z</time>
   </trkpt>
   <trkpt lat="48.3820540" lon="7.6821730">
    <ele>155.2</ele>
    <time>2024-04-20T19:53:47Z</time>
   </trkpt>
   <trkpt lat="48.3819940" lon="7.6821480">
    <ele>155.2</ele>
    <time>2024-04-20T19:53:48Z</time>
   </trkpt>
   <trkpt lat="48.3819340" lon="7.6821240">
    <ele>155.2</ele>
    <time>2024-04-20T19:53:49Z</time>
   </trkpt>
   <trkpt lat="48.3818740" lon="7.6821010">
    <ele>155.3</ele>
    <time>2024-04-20T19:53:50Z</time>
   </trkpt>
   <trkpt lat="48.3818150" lon="7.6820800">
    <ele>155.3</ele>
    <time>2024-04-20T19:53:51Z</time>
   </trkpt>
   <trkpt lat="48.3817560" lon="7.6820580">
    <ele>155.3</ele>
    <time>2024-04-20T19:53:52Z</time>
   </trkpt>
   <trkpt lat="48.3816950" lon="7.6820320">
    <ele>155.2</ele>
    <time>2024-04-20T19:53:53Z</time>
   </trkpt>
   <trkpt lat="48.3816320" lon="7.6820090">
    <ele>155.2</ele>
    <time>2024-04-20T19:53:54Z</time>
   </trkpt>
   <trkpt lat="48.3815720" lon="7.6819860">
    <ele>155.2</ele>
    <time>2024-04-20T19:53:55Z</time>
   </trkpt>
   <trkpt lat="48.3815100" lon="7.6819650">
    <ele>155.2</ele>
    <time>2024-04-20T19:53:56Z</time>
   </trkpt>
   <trkpt lat="48.3814490" lon="7.6819400">
    <ele>155.2</ele>
    <time>2024-04-20T19:53:57Z</time>
   </trkpt>
   <trkpt lat="48.3813880" lon="7.6819160">
    <ele>155.2</ele>
    <time>2024-04-20T19:53:58Z</time>
   </trkpt>
   <trkpt lat="48.3813260" lon="7.6818900">
    <ele>155.2</ele>
    <time>2024-04-20T19:53:59Z</time>
   </trkpt>
   <trkpt lat="48.3812670" lon="7.6818670">
    <ele>155.2</ele>
    <time>2024-04-20T19:54:00Z</time>
   </trkpt>
   <trkpt lat="48.3812090" lon="7.6818440">
    <ele>155.2</ele>
    <time>2024-04-20T19:54:01Z</time>
   </trkpt>
   <trkpt lat="48.3811480" lon="7.6818220">
    <ele>155.2</ele>
    <time>2024-04-20T19:54:02Z</time>
   </trkpt>
   <trkpt lat="48.3810880" lon="7.6817970">
    <ele>155.2</ele>
    <time>2024-04-20T19:54:03Z</time>
   </trkpt>
   <trkpt lat="48.3810290" lon="7.6817800">
    <ele>155.3</ele>
    <time>2024-04-20T19:54:04Z</time>
   </trkpt>
   <trkpt lat="48.3809670" lon="7.6817510">
    <ele>155.3</ele>
    <time>2024-04-20T19:54:05Z</time>
   </trkpt>
   <trkpt lat="48.3809050" lon="7.6817270">
    <ele>155.2</ele>
    <time>2024-04-20T19:54:06Z</time>
   </trkpt>
   <trkpt lat="48.3808450" lon="7.6817060">
    <ele>155.2</ele>
    <time>2024-04-20T19:54:07Z</time>
   </trkpt>
   <trkpt lat="48.3807860" lon="7.6816830">
    <ele>155.2</ele>
    <time>2024-04-20T19:54:08Z</time>
   </trkpt>
   <trkpt lat="48.3807260" lon="7.6816580">
    <ele>155.2</ele>
    <time>2024-04-20T19:54:09Z</time>
   </trkpt>
   <trkpt lat="48.3806670" lon="7.6816310">
    <ele>155.2</ele>
    <time>2024-04-20T19:54:10Z</time>
   </trkpt>
   <trkpt lat="48.3806060" lon="7.6816020">
    <ele>155.2</ele>
    <time>2024-04-20T19:54:11Z</time>
   </trkpt>
   <trkpt lat="48.3805460" lon="7.6815790">
    <ele>155.2</ele>
    <time>2024-04-20T19:54:12Z</time>
   </trkpt>
   <trkpt lat="48.3804860" lon="7.6815550">
    <ele>155.2</ele>
    <time>2024-04-20T19:54:13Z</time>
   </trkpt>
   <trkpt lat="48.3804250" lon="7.6815330">
    <ele>155.2</ele>
    <time>2024-04-20T19:54:14Z</time>
   </trkpt>
   <trkpt lat="48.3803650" lon="7.6815120">
    <ele>155.2</ele>
    <time>2024-04-20T19:54:15Z</time>
   </trkpt>
   <trkpt lat="48.3803050" lon="7.6814920">
    <ele>155.2</ele>
    <time>2024-04-20T19:54:16Z</time>
   </trkpt>
   <trkpt lat="48.3802460" lon="7.6814690">
    <ele>155.2</ele>
    <time>2024-04-20T19:54:17Z</time>
   </trkpt>
   <trkpt lat="48.3801860" lon="7.6814450">
    <ele>155.2</ele>
    <time>2024-04-20T19:54:18Z</time>
   </trkpt>
   <trkpt lat="48.3801280" lon="7.6814220">
    <ele>155.2</ele>
    <time>2024-04-20T19:54:19Z</time>
   </trkpt>
   <trkpt lat="48.3800680" lon="7.6814000">
    <ele>155.2</ele>
    <time>2024-04-20T19:54:20Z</time>
   </trkpt>
   <trkpt lat="48.3800080" lon="7.6813790">
    <ele>155.3</ele>
    <time>2024-04-20T19:54:21Z</time>
   </trkpt>
   <trkpt lat="48.3799460" lon="7.6813560">
    <ele>155.3</ele>
    <time>2024-04-20T19:54:22Z</time>
   </trkpt>
   <trkpt lat="48.3798870" lon="7.6813340">
    <ele>155.3</ele>
    <time>2024-04-20T19:54:23Z</time>
   </trkpt>
   <trkpt lat="48.3798270" lon="7.6813080">
    <ele>155.3</ele>
    <time>2024-04-20T19:54:24Z</time>
   </trkpt>
   <trkpt lat="48.3797670" lon="7.6812850">
    <ele>155.3</ele>
    <time>2024-04-20T19:54:25Z</time>
   </trkpt>
   <trkpt lat="48.3797060" lon="7.6812640">
    <ele>155.2</ele>
    <time>2024-04-20T19:54:26Z</time>
   </trkpt>
   <trkpt lat="48.3796460" lon="7.6812420">
    <ele>155.2</ele>
    <time>2024-04-20T19:54:27Z</time>
   </trkpt>
   <trkpt lat="48.3795840" lon="7.6812160">
    <ele>155.2</ele>
    <time>2024-04-20T19:54:28Z</time>
   </trkpt>
   <trkpt lat="48.3795240" lon="7.6811890">
    <ele>155.2</ele>
    <time>2024-04-20T19:54:29Z</time>
   </trkpt>
   <trkpt lat="48.3794620" lon="7.6811640">
    <ele>155.1</ele>
    <time>2024-04-20T19:54:30Z</time>
   </trkpt>
   <trkpt lat="48.3794020" lon="7.6811390">
    <ele>155.1</ele>
    <time>2024-04-20T19:54:31Z</time>
   </trkpt>
   <trkpt lat="48.3793410" lon="7.6811150">
    <ele>155.1</ele>
    <time>2024-04-20T19:54:32Z</time>
   </trkpt>
   <trkpt lat="48.3792790" lon="7.6810900">
    <ele>155.2</ele>
    <time>2024-04-20T19:54:33Z</time>
   </trkpt>
   <trkpt lat="48.3792160" lon="7.6810700">
    <ele>155.2</ele>
    <time>2024-04-20T19:54:34Z</time>
   </trkpt>
   <trkpt lat="48.3791550" lon="7.6810490">
    <ele>155.2</ele>
    <time>2024-04-20T19:54:35Z</time>
   </trkpt>
   <trkpt lat="48.3790940" lon="7.6810250">
    <ele>155.2</ele>
    <time>2024-04-20T19:54:36Z</time>
   </trkpt>
   <trkpt lat="48.3790340" lon="7.6810000">
    <ele>155.2</ele>
    <time>2024-04-20T19:54:37Z</time>
   </trkpt>
   <trkpt lat="48.3789740" lon="7.6809770">
    <ele>155.2</ele>
    <time>2024-04-20T19:54:38Z</time>
   </trkpt>
   <trkpt lat="48.3789150" lon="7.6809530">
    <ele>155.2</ele>
    <time>2024-04-20T19:54:39Z</time>
   </trkpt>
   <trkpt lat="48.3788550" lon="7.6809300">
    <ele>155.2</ele>
    <time>2024-04-20T19:54:40Z</time>
   </trkpt>
   <trkpt lat="48.3787950" lon="7.6809040">
    <ele>155.2</ele>
    <time>2024-04-20T19:54:41Z</time>
   </trkpt>
   <trkpt lat="48.3787360" lon="7.6808820">
    <ele>155.2</ele>
    <time>2024-04-20T19:54:42Z</time>
   </trkpt>
   <trkpt lat="48.3786750" lon="7.6808610">
    <ele>155.2</ele>
    <time>2024-04-20T19:54:43Z</time>
   </trkpt>
   <trkpt lat="48.3786150" lon="7.6808410">
    <ele>155.2</ele>
    <time>2024-04-20T19:54:44Z</time>
   </trkpt>
   <trkpt lat="48.3785540" lon="7.6808180">
    <ele>155.2</ele>
    <time>2024-04-20T19:54:45Z</time>
   </trkpt>
   <trkpt lat="48.3784930" lon="7.6807940">
    <ele>155.2</ele>
    <time>2024-04-20T19:54:46Z</time>
   </trkpt>
   <trkpt lat="48.3784340" lon="7.6807710">
    <ele>155.2</ele>
    <time>2024-04-20T19:54:47Z</time>
   </trkpt>
   <trkpt lat="48.3783760" lon="7.6807490">
    <ele>155.2</ele>
    <time>2024-04-20T19:54:48Z</time>
   </trkpt>
   <trkpt lat="48.3783160" lon="7.6807230">
    <ele>155.2</ele>
    <time>2024-04-20T19:54:49Z</time>
   </trkpt>
   <trkpt lat="48.3782560" lon="7.6806980">
    <ele>155.2</ele>
    <time>2024-04-20T19:54:50Z</time>
   </trkpt>
   <trkpt lat="48.3781980" lon="7.6806720">
    <ele>155.2</ele>
    <time>2024-04-20T19:54:51Z</time>
   </trkpt>
   <trkpt lat="48.3781400" lon="7.6806500">
    <ele>155.2</ele>
    <time>2024-04-20T19:54:52Z</time>
   </trkpt>
   <trkpt lat="48.3780810" lon="7.6806260">
    <ele>155.2</ele>
    <time>2024-04-20T19:54:53Z</time>
   </trkpt>
   <trkpt lat="48.3780220" lon="7.6805990">
    <ele>155.3</ele>
    <time>2024-04-20T19:54:54Z</time>
   </trkpt>
   <trkpt lat="48.3779620" lon="7.6805750">
    <ele>155.3</ele>
    <time>2024-04-20T19:54:55Z</time>
   </trkpt>
   <trkpt lat="48.3779020" lon="7.6805540">
    <ele>155.3</ele>
    <time>2024-04-20T19:54:56Z</time>
   </trkpt>
   <trkpt lat="48.3778430" lon="7.6805340">
    <ele>155.3</ele>
    <time>2024-04-20T19:54:57Z</time>
   </trkpt>
   <trkpt lat="48.3777830" lon="7.6805140">
    <ele>155.3</ele>
    <time>2024-04-20T19:54:58Z</time>
   </trkpt>
   <trkpt lat="48.3777260" lon="7.6804900">
    <ele>155.3</ele>
    <time>2024-04-20T19:54:59Z</time>
   </trkpt>
   <trkpt lat="48.3776660" lon="7.6804670">
    <ele>155.3</ele>
    <time>2024-04-20T19:55:00Z</time>
   </trkpt>
   <trkpt lat="48.3776060" lon="7.6804460">
    <ele>155.3</ele>
    <time>2024-04-20T19:55:01Z</time>
   </trkpt>
   <trkpt lat="48.3775430" lon="7.6804230">
    <ele>155.3</ele>
    <time>2024-04-20T19:55:02Z</time>
   </trkpt>
   <trkpt lat="48.3774820" lon="7.6804000">
    <ele>155.2</ele>
    <time>2024-04-20T19:55:03Z</time>
   </trkpt>
   <trkpt lat="48.3774220" lon="7.6803730">
    <ele>155.2</ele>
    <time>2024-04-20T19:55:04Z</time>
   </trkpt>
   <trkpt lat="48.3773610" lon="7.6803460">
    <ele>155.2</ele>
    <time>2024-04-20T19:55:05Z</time>
   </trkpt>
   <trkpt lat="48.3772980" lon="7.6803210">
    <ele>155.2</ele>
    <time>2024-04-20T19:55:06Z</time>
   </trkpt>
   <trkpt lat="48.3772360" lon="7.6802970">
    <ele>155.2</ele>
    <time>2024-04-20T19:55:07Z</time>
   </trkpt>
   <trkpt lat="48.3771730" lon="7.6802730">
    <ele>155.1</ele>
    <time>2024-04-20T19:55:08Z</time>
   </trkpt>
   <trkpt lat="48.3771120" lon="7.6802460">
    <ele>155.1</ele>
    <time>2024-04-20T19:55:09Z</time>
   </trkpt>
   <trkpt lat="48.3770500" lon="7.6802220">
    <ele>155.1</ele>
    <time>2024-04-20T19:55:10Z</time>
   </trkpt>
   <trkpt lat="48.3769880" lon="7.6801990">
    <ele>155.2</ele>
    <time>2024-04-20T19:55:11Z</time>
   </trkpt>
   <trkpt lat="48.3769280" lon="7.6801700">
    <ele>155.2</ele>
    <time>2024-04-20T19:55:12Z</time>
   </trkpt>
   <trkpt lat="48.3768670" lon="7.6801450">
    <ele>155.2</ele>
    <time>2024-04-20T19:55:13Z</time>
   </trkpt>
   <trkpt lat="48.3768070" lon="7.6801240">
    <ele>155.3</ele>
    <time>2024-04-20T19:55:14Z</time>
   </trkpt>
   <trkpt lat="48.3767460" lon="7.6801030">
    <ele>155.3</ele>
    <time>2024-04-20T19:55:15Z</time>
   </trkpt>
   <trkpt lat="48.3766840" lon="7.6800880">
    <ele>155.4</ele>
    <time>2024-04-20T19:55:16Z</time>
   </trkpt>
   <trkpt lat="48.3766230" lon="7.6800830">
    <ele>155.4</ele>
    <time>2024-04-20T19:55:17Z</time>
   </trkpt>
   <trkpt lat="48.3765660" lon="7.6800690">
    <ele>155.4</ele>
    <time>2024-04-20T19:55:18Z</time>
   </trkpt>
   <trkpt lat="48.3765080" lon="7.6800500">
    <ele>155.4</ele>
    <time>2024-04-20T19:55:19Z</time>
   </trkpt>
   <trkpt lat="48.3764520" lon="7.6800250">
    <ele>155.4</ele>
    <time>2024-04-20T19:55:20Z</time>
   </trkpt>
   <trkpt lat="48.3763940" lon="7.6799850">
    <ele>155.4</ele>
    <time>2024-04-20T19:55:21Z</time>
   </trkpt>
   <trkpt lat="48.3763370" lon="7.6799520">
    <ele>155.3</ele>
    <time>2024-04-20T19:55:22Z</time>
   </trkpt>
   <trkpt lat="48.3762770" lon="7.6799270">
    <ele>155.3</ele>
    <time>2024-04-20T19:55:23Z</time>
   </trkpt>
   <trkpt lat="48.3762200" lon="7.6799020">
    <ele>155.2</ele>
    <time>2024-04-20T19:55:24Z</time>
   </trkpt>
   <trkpt lat="48.3761600" lon="7.6798810">
    <ele>155.2</ele>
    <time>2024-04-20T19:55:25Z</time>
   </trkpt>
   <trkpt lat="48.3761000" lon="7.6798600">
    <ele>155.2</ele>
    <time>2024-04-20T19:55:26Z</time>
   </trkpt>
   <trkpt lat="48.3760420" lon="7.6798410">
    <ele>155.1</ele>
    <time>2024-04-20T19:55:27Z</time>
   </trkpt>
   <trkpt lat="48.3759850" lon="7.6798170">
    <ele>155.1</ele>
    <time>2024-04-20T19:55:28Z</time>
   </trkpt>
   <trkpt lat="48.3759250" lon="7.6797890">
    <ele>155.1</ele>
    <time>2024-04-20T19:55:29Z</time>
   </trkpt>
   <trkpt lat="48.3758670" lon="7.6797630">
    <ele>155.1</ele>
    <time>2024-04-20T19:55:30Z</time>
   </trkpt>
   <trkpt lat="48.3758110" lon="7.6797410">
    <ele>155.1</ele>
    <time>2024-04-20T19:55:31Z</time>
   </trkpt>
   <trkpt lat="48.3757540" lon="7.6797230">
    <ele>155.1</ele>
    <time>2024-04-20T19:55:32Z</time>
   </trkpt>
   <trkpt lat="48.3756980" lon="7.6797010">
    <ele>155.1</ele>
    <time>2024-04-20T19:55:33Z</time>
   </trkpt>
   <trkpt lat="48.3756430" lon="7.6796800">
    <ele>155.1</ele>
    <time>2024-04-20T19:55:34Z</time>
   </trkpt>
   <trkpt lat="48.3755870" lon="7.6796600">
    <ele>155.1</ele>
    <time>2024-04-20T19:55:35Z</time>
   </trkpt>
   <trkpt lat="48.3755290" lon="7.6796400">
    <ele>155.2</ele>
    <time>2024-04-20T19:55:36Z</time>
   </trkpt>
   <trkpt lat="48.3754730" lon="7.6796230">
    <ele>155.2</ele>
    <time>2024-04-20T19:55:37Z</time>
   </trkpt>
   <trkpt lat="48.3754190" lon="7.6796010">
    <ele>155.2</ele>
    <time>2024-04-20T19:55:38Z</time>
   </trkpt>
   <trkpt lat="48.3753650" lon="7.6795770">
    <ele>155.2</ele>
    <time>2024-04-20T19:55:39Z</time>
   </trkpt>
   <trkpt lat="48.3753100" lon="7.6795530">
    <ele>155.2</ele>
    <time>2024-04-20T19:55:40Z</time>
   </trkpt>
   <trkpt lat="48.3752550" lon="7.6795340">
    <ele>155.2</ele>
    <time>2024-04-20T19:55:41Z</time>
   </trkpt>
   <trkpt lat="48.3752000" lon="7.6795140">
    <ele>155.2</ele>
    <time>2024-04-20T19:55:42Z</time>
   </trkpt>
   <trkpt lat="48.3751450" lon="7.6794920">
    <ele>155.2</ele>
    <time>2024-04-20T19:55:43Z</time>
   </trkpt>
   <trkpt lat="48.3750920" lon="7.6794670">
    <ele>155.2</ele>
    <time>2024-04-20T19:55:44Z</time>
   </trkpt>
   <trkpt lat="48.3750390" lon="7.6794450">
    <ele>155.2</ele>
    <time>2024-04-20T19:55:45Z</time>
   </trkpt>
   <trkpt lat="48.3749850" lon="7.6794250">
    <ele>155.3</ele>
    <time>2024-04-20T19:55:46Z</time>
   </trkpt>
   <trkpt lat="48.3749320" lon="7.6794050">
    <ele>155.3</ele>
    <time>2024-04-20T19:55:47Z</time>
   </trkpt>
   <trkpt lat="48.3748790" lon="7.6793810">
    <ele>155.3</ele>
    <time>2024-04-20T19:55:48Z</time>
   </trkpt>
   <trkpt lat="48.3748260" lon="7.6793590">
    <ele>155.3</ele>
    <time>2024-04-20T19:55:49Z</time>
   </trkpt>
   <trkpt lat="48.3747710" lon="7.6793390">
    <ele>155.3</ele>
    <time>2024-04-20T19:55:50Z</time>
   </trkpt>
   <trkpt lat="48.3747160" lon="7.6793180">
    <ele>155.3</ele>
    <time>2024-04-20T19:55:51Z</time>
   </trkpt>
   <trkpt lat="48.3746620" lon="7.6792970">
    <ele>155.3</ele>
    <time>2024-04-20T19:55:52Z</time>
   </trkpt>
   <trkpt lat="48.3746060" lon="7.6792740">
    <ele>155.3</ele>
    <time>2024-04-20T19:55:53Z</time>
   </trkpt>
   <trkpt lat="48.3745520" lon="7.6792490">
    <ele>155.3</ele>
    <time>2024-04-20T19:55:54Z</time>
   </trkpt>
   <trkpt lat="48.3744960" lon="7.6792320">
    <ele>155.3</ele>
    <time>2024-04-20T19:55:55Z</time>
   </trkpt>
   <trkpt lat="48.3744400" lon="7.6792080">
    <ele>155.3</ele>
    <time>2024-04-20T19:55:56Z</time>
   </trkpt>
   <trkpt lat="48.3743870" lon="7.6791840">
    <ele>155.3</ele>
    <time>2024-04-20T19:55:57Z</time>
   </trkpt>
   <trkpt lat="48.3743310" lon="7.6791620">
    <ele>155.3</ele>
    <time>2024-04-20T19:55:58Z</time>
   </trkpt>
   <trkpt lat="48.3742740" lon="7.6791420">
    <ele>155.3</ele>
    <time>2024-04-20T19:55:59Z</time>
   </trkpt>
   <trkpt lat="48.3742180" lon="7.6791210">
    <ele>155.3</ele>
    <time>2024-04-20T19:56:00Z</time>
   </trkpt>
   <trkpt lat="48.3741620" lon="7.6791000">
    <ele>155.3</ele>
    <time>2024-04-20T19:56:01Z</time>
   </trkpt>
   <trkpt lat="48.3741060" lon="7.6790780">
    <ele>155.3</ele>
    <time>2024-04-20T19:56:02Z</time>
   </trkpt>
   <trkpt lat="48.3740490" lon="7.6790570">
    <ele>155.3</ele>
    <time>2024-04-20T19:56:03Z</time>
   </trkpt>
   <trkpt lat="48.3739940" lon="7.6790360">
    <ele>155.3</ele>
    <time>2024-04-20T19:56:04Z</time>
   </trkpt>
   <trkpt lat="48.3739390" lon="7.6790180">
    <ele>155.3</ele>
    <time>2024-04-20T19:56:05Z</time>
   </trkpt>
   <trkpt lat="48.3738860" lon="7.6789980">
    <ele>155.3</ele>
    <time>2024-04-20T19:56:06Z</time>
   </trkpt>
   <trkpt lat="48.3738320" lon="7.6789760">
    <ele>155.3</ele>
    <time>2024-04-20T19:56:07Z</time>
   </trkpt>
   <trkpt lat="48.3737760" lon="7.6789550">
    <ele>155.3</ele>
    <time>2024-04-20T19:56:08Z</time>
   </trkpt>
   <trkpt lat="48.3737210" lon="7.6789330">
    <ele>155.3</ele>
    <time>2024-04-20T19:56:09Z</time>
   </trkpt>
   <trkpt lat="48.3736660" lon="7.6789140">
    <ele>155.3</ele>
    <time>2024-04-20T19:56:10Z</time>
   </trkpt>
   <trkpt lat="48.3736130" lon="7.6788920">
    <ele>155.3</ele>
    <time>2024-04-20T19:56:11Z</time>
   </trkpt>
   <trkpt lat="48.3735580" lon="7.6788700">
    <ele>155.4</ele>
    <time>2024-04-20T19:56:12Z</time>
   </trkpt>
   <trkpt lat="48.3735030" lon="7.6788490">
    <ele>155.4</ele>
    <time>2024-04-20T19:56:13Z</time>
   </trkpt>
   <trkpt lat="48.3734490" lon="7.6788290">
    <ele>155.4</ele>
    <time>2024-04-20T19:56:14Z</time>
   </trkpt>
   <trkpt lat="48.3733960" lon="7.6788090">
    <ele>155.4</ele>
    <time>2024-04-20T19:56:15Z</time>
   </trkpt>
   <trkpt lat="48.3733430" lon="7.6787850">
    <ele>155.4</ele>
    <time>2024-04-20T19:56:16Z</time>
   </trkpt>
   <trkpt lat="48.3732910" lon="7.6787620">
    <ele>155.4</ele>
    <time>2024-04-20T19:56:17Z</time>
   </trkpt>
   <trkpt lat="48.3732360" lon="7.6787430">
    <ele>155.4</ele>
    <time>2024-04-20T19:56:18Z</time>
   </trkpt>
   <trkpt lat="48.3731810" lon="7.6787220">
    <ele>155.4</ele>
    <time>2024-04-20T19:56:19Z</time>
   </trkpt>
   <trkpt lat="48.3731250" lon="7.6787020">
    <ele>155.4</ele>
    <time>2024-04-20T19:56:20Z</time>
   </trkpt>
   <trkpt lat="48.3730700" lon="7.6786810">
    <ele>155.4</ele>
    <time>2024-04-20T19:56:21Z</time>
   </trkpt>
   <trkpt lat="48.3730150" lon="7.6786580">
    <ele>155.4</ele>
    <time>2024-04-20T19:56:22Z</time>
   </trkpt>
   <trkpt lat="48.3729600" lon="7.6786360">
    <ele>155.4</ele>
    <time>2024-04-20T19:56:23Z</time>
   </trkpt>
   <trkpt lat="48.3729040" lon="7.6786150">
    <ele>155.4</ele>
    <time>2024-04-20T19:56:24Z</time>
   </trkpt>
   <trkpt lat="48.3728480" lon="7.6785940">
    <ele>155.4</ele>
    <time>2024-04-20T19:56:25Z</time>
   </trkpt>
   <trkpt lat="48.3727930" lon="7.6785710">
    <ele>155.4</ele>
    <time>2024-04-20T19:56:26Z</time>
   </trkpt>
   <trkpt lat="48.3727350" lon="7.6785470">
    <ele>155.4</ele>
    <time>2024-04-20T19:56:27Z</time>
   </trkpt>
   <trkpt lat="48.3726780" lon="7.6785260">
    <ele>155.4</ele>
    <time>2024-04-20T19:56:28Z</time>
   </trkpt>
   <trkpt lat="48.3726220" lon="7.6785050">
    <ele>155.3</ele>
    <time>2024-04-20T19:56:29Z</time>
   </trkpt>
   <trkpt lat="48.3725660" lon="7.6784820">
    <ele>155.3</ele>
    <time>2024-04-20T19:56:30Z</time>
   </trkpt>
   <trkpt lat="48.3725100" lon="7.6784630">
    <ele>155.3</ele>
    <time>2024-04-20T19:56:31Z</time>
   </trkpt>
   <trkpt lat="48.3724530" lon="7.6784420">
    <ele>155.3</ele>
    <time>2024-04-20T19:56:32Z</time>
   </trkpt>
   <trkpt lat="48.3723960" lon="7.6784190">
    <ele>155.3</ele>
    <time>2024-04-20T19:56:33Z</time>
   </trkpt>
   <trkpt lat="48.3723380" lon="7.6783980">
    <ele>155.3</ele>
    <time>2024-04-20T19:56:34Z</time>
   </trkpt>
   <trkpt lat="48.3722800" lon="7.6783740">
    <ele>155.3</ele>
    <time>2024-04-20T19:56:35Z</time>
   </trkpt>
   <trkpt lat="48.3722210" lon="7.6783510">
    <ele>155.3</ele>
    <time>2024-04-20T19:56:36Z</time>
   </trkpt>
   <trkpt lat="48.3721620" lon="7.6783280">
    <ele>155.3</ele>
    <time>2024-04-20T19:56:37Z</time>
   </trkpt>
   <trkpt lat="48.3721040" lon="7.6783040">
    <ele>155.3</ele>
    <time>2024-04-20T19:56:38Z</time>
   </trkpt>
   <trkpt lat="48.3720450" lon="7.6782830">
    <ele>155.3</ele>
    <time>2024-04-20T19:56:39Z</time>
   </trkpt>
   <trkpt lat="48.3719870" lon="7.6782640">
    <ele>155.3</ele>
    <time>2024-04-20T19:56:40Z</time>
   </trkpt>
   <trkpt lat="48.3719290" lon="7.6782420">
    <ele>155.3</ele>
    <time>2024-04-20T19:56:41Z</time>
   </trkpt>
   <trkpt lat="48.3718710" lon="7.6782230">
    <ele>155.3</ele>
    <time>2024-04-20T19:56:42Z</time>
   </trkpt>
   <trkpt lat="48.3718130" lon="7.6782010">
    <ele>155.3</ele>
    <time>2024-04-20T19:56:43Z</time>
   </trkpt>
   <trkpt lat="48.3717550" lon="7.6781780">
    <ele>155.3</ele>
    <time>2024-04-20T19:56:44Z</time>
   </trkpt>
   <trkpt lat="48.3716970" lon="7.6781570">
    <ele>155.3</ele>
    <time>2024-04-20T19:56:45Z</time>
   </trkpt>
   <trkpt lat="48.3716390" lon="7.6781390">
    <ele>155.3</ele>
    <time>2024-04-20T19:56:46Z</time>
   </trkpt>
   <trkpt lat="48.3715810" lon="7.6781220">
    <ele>155.3</ele>
    <time>2024-04-20T19:56:47Z</time>
   </trkpt>
   <trkpt lat="48.3715220" lon="7.6781000">
    <ele>155.3</ele>
    <time>2024-04-20T19:56:48Z</time>
   </trkpt>
   <trkpt lat="48.3714630" lon="7.6780740">
    <ele>155.3</ele>
    <time>2024-04-20T19:56:49Z</time>
   </trkpt>
   <trkpt lat="48.3714050" lon="7.6780470">
    <ele>155.2</ele>
    <time>2024-04-20T19:56:50Z</time>
   </trkpt>
   <trkpt lat="48.3713470" lon="7.6780200">
    <ele>155.2</ele>
    <time>2024-04-20T19:56:51Z</time>
   </trkpt>
   <trkpt lat="48.3712880" lon="7.6779950">
    <ele>155.2</ele>
    <time>2024-04-20T19:56:52Z</time>
   </trkpt>
   <trkpt lat="48.3712280" lon="7.6779710">
    <ele>155.2</ele>
    <time>2024-04-20T19:56:53Z</time>
   </trkpt>
   <trkpt lat="48.3711680" lon="7.6779500">
    <ele>155.2</ele>
    <time>2024-04-20T19:56:54Z</time>
   </trkpt>
   <trkpt lat="48.3711080" lon="7.6779260">
    <ele>155.2</ele>
    <time>2024-04-20T19:56:55Z</time>
   </trkpt>
   <trkpt lat="48.3710480" lon="7.6779020">
    <ele>155.2</ele>
    <time>2024-04-20T19:56:56Z</time>
   </trkpt>
   <trkpt lat="48.3709880" lon="7.6778790">
    <ele>155.2</ele>
    <time>2024-04-20T19:56:57Z</time>
   </trkpt>
   <trkpt lat="48.3709270" lon="7.6778570">
    <ele>155.2</ele>
    <time>2024-04-20T19:56:58Z</time>
   </trkpt>
   <trkpt lat="48.3708670" lon="7.6778350">
    <ele>155.2</ele>
    <time>2024-04-20T19:56:59Z</time>
   </trkpt>
   <trkpt lat="48.3708070" lon="7.6778120">
    <ele>155.2</ele>
    <time>2024-04-20T19:57:00Z</time>
   </trkpt>
   <trkpt lat="48.3707480" lon="7.6777910">
    <ele>155.3</ele>
    <time>2024-04-20T19:57:01Z</time>
   </trkpt>
   <trkpt lat="48.3706870" lon="7.6777710">
    <ele>155.3</ele>
    <time>2024-04-20T19:57:02Z</time>
   </trkpt>
   <trkpt lat="48.3706270" lon="7.6777520">
    <ele>155.3</ele>
    <time>2024-04-20T19:57:03Z</time>
   </trkpt>
   <trkpt lat="48.3705670" lon="7.6777290">
    <ele>155.3</ele>
    <time>2024-04-20T19:57:04Z</time>
   </trkpt>
   <trkpt lat="48.3705080" lon="7.6777060">
    <ele>155.3</ele>
    <time>2024-04-20T19:57:05Z</time>
   </trkpt>
   <trkpt lat="48.3704490" lon="7.6776820">
    <ele>155.4</ele>
    <time>2024-04-20T19:57:06Z</time>
   </trkpt>
   <trkpt lat="48.3703920" lon="7.6776580">
    <ele>155.4</ele>
    <time>2024-04-20T19:57:07Z</time>
   </trkpt>
   <trkpt lat="48.3703350" lon="7.6776370">
    <ele>155.4</ele>
    <time>2024-04-20T19:57:08Z</time>
   </trkpt>
   <trkpt lat="48.3702770" lon="7.6776160">
    <ele>155.4</ele>
    <time>2024-04-20T19:57:09Z</time>
   </trkpt>
   <trkpt lat="48.3702210" lon="7.6775940">
    <ele>155.5</ele>
    <time>2024-04-20T19:57:10Z</time>
   </trkpt>
   <trkpt lat="48.3701640" lon="7.6775720">
    <ele>155.5</ele>
    <time>2024-04-20T19:57:11Z</time>
   </trkpt>
   <trkpt lat="48.3701090" lon="7.6775460">
    <ele>155.5</ele>
    <time>2024-04-20T19:57:12Z</time>
   </trkpt>
   <trkpt lat="48.3700530" lon="7.6775210">
    <ele>155.5</ele>
    <time>2024-04-20T19:57:13Z</time>
   </trkpt>
   <trkpt lat="48.3699990" lon="7.6774950">
    <ele>155.5</ele>
    <time>2024-04-20T19:57:14Z</time>
   </trkpt>
   <trkpt lat="48.3699440" lon="7.6774740">
    <ele>155.5</ele>
    <time>2024-04-20T19:57:15Z</time>
   </trkpt>
   <trkpt lat="48.3698880" lon="7.6774550">
    <ele>155.5</ele>
    <time>2024-04-20T19:57:16Z</time>
   </trkpt>
   <trkpt lat="48.3698340" lon="7.6774320">
    <ele>155.5</ele>
    <time>2024-04-20T19:57:17Z</time>
   </trkpt>
   <trkpt lat="48.3697770" lon="7.6774130">
    <ele>155.5</ele>
    <time>2024-04-20T19:57:18Z</time>
   </trkpt>
   <trkpt lat="48.3697220" lon="7.6773950">
    <ele>155.5</ele>
    <time>2024-04-20T19:57:19Z</time>
   </trkpt>
   <trkpt lat="48.3696660" lon="7.6773740">
    <ele>155.5</ele>
    <time>2024-04-20T19:57:20Z</time>
   </trkpt>
   <trkpt lat="48.3696100" lon="7.6773510">
    <ele>155.5</ele>
    <time>2024-04-20T19:57:21Z</time>
   </trkpt>
   <trkpt lat="48.3695540" lon="7.6773290">
    <ele>155.5</ele>
    <time>2024-04-20T19:57:22Z</time>
   </trkpt>
   <trkpt lat="48.3694980" lon="7.6773090">
    <ele>155.5</ele>
    <time>2024-04-20T19:57:23Z</time>
   </trkpt>
   <trkpt lat="48.3694420" lon="7.6772900">
    <ele>155.5</ele>
    <time>2024-04-20T19:57:24Z</time>
   </trkpt>
   <trkpt lat="48.3693870" lon="7.6772730">
    <ele>155.5</ele>
    <time>2024-04-20T19:57:25Z</time>
   </trkpt>
   <trkpt lat="48.3693310" lon="7.6772480">
    <ele>155.5</ele>
    <time>2024-04-20T19:57:26Z</time>
   </trkpt>
   <trkpt lat="48.3692750" lon="7.6772220">
    <ele>155.5</ele>
    <time>2024-04-20T19:57:27Z</time>
   </trkpt>
   <trkpt lat="48.3692170" lon="7.6771980">
    <ele>155.5</ele>
    <time>2024-04-20T19:57:28Z</time>
   </trkpt>
   <trkpt lat="48.3691590" lon="7.6771770">
    <ele>155.5</ele>
    <time>2024-04-20T19:57:29Z</time>
   </trkpt>
   <trkpt lat="48.3691050" lon="7.6771530">
    <ele>155.5</ele>
    <time>2024-04-20T19:57:30Z</time>
   </trkpt>
   <trkpt lat="48.3690490" lon="7.6771330">
    <ele>155.5</ele>
    <time>2024-04-20T19:57:31Z</time>
   </trkpt>
   <trkpt lat="48.3689930" lon="7.6771110">
    <ele>155.5</ele>
    <time>2024-04-20T19:57:32Z</time>
   </trkpt>
   <trkpt lat="48.3689380" lon="7.6770900">
    <ele>155.5</ele>
    <time>2024-04-20T19:57:33Z</time>
   </trkpt>
   <trkpt lat="48.3688810" lon="7.6770690">
    <ele>155.5</ele>
    <time>2024-04-20T19:57:34Z</time>
   </trkpt>
   <trkpt lat="48.3688220" lon="7.6770480">
    <ele>155.5</ele>
    <time>2024-04-20T19:57:35Z</time>
   </trkpt>
   <trkpt lat="48.3687650" lon="7.6770260">
    <ele>155.5</ele>
    <time>2024-04-20T19:57:36Z</time>
   </trkpt>
   <trkpt lat="48.3687080" lon="7.6770030">
    <ele>155.5</ele>
    <time>2024-04-20T19:57:37Z</time>
   </trkpt>
   <trkpt lat="48.3686520" lon="7.6769790">
    <ele>155.5</ele>
    <time>2024-04-20T19:57:38Z</time>
   </trkpt>
   <trkpt lat="48.3685950" lon="7.6769580">
    <ele>155.5</ele>
    <time>2024-04-20T19:57:39Z</time>
   </trkpt>
   <trkpt lat="48.3685380" lon="7.6769380">
    <ele>155.5</ele>
    <time>2024-04-20T19:57:40Z</time>
   </trkpt>
   <trkpt lat="48.3684810" lon="7.6769160">
    <ele>155.5</ele>
    <time>2024-04-20T19:57:41Z</time>
   </trkpt>
   <trkpt lat="48.3684260" lon="7.6768970">
    <ele>155.5</ele>
    <time>2024-04-20T19:57:42Z</time>
   </trkpt>
   <trkpt lat="48.3683690" lon="7.6768770">
    <ele>155.5</ele>
    <time>2024-04-20T19:57:43Z</time>
   </trkpt>
   <trkpt lat="48.3683120" lon="7.6768550">
    <ele>155.5</ele>
    <time>2024-04-20T19:57:44Z</time>
   </trkpt>
   <trkpt lat="48.3682540" lon="7.6768290">
    <ele>155.5</ele>
    <time>2024-04-20T19:57:45Z</time>
   </trkpt>
   <trkpt lat="48.3681970" lon="7.6768060">
    <ele>155.5</ele>
    <time>2024-04-20T19:57:46Z</time>
   </trkpt>
   <trkpt lat="48.3681390" lon="7.6767820">
    <ele>155.5</ele>
    <time>2024-04-20T19:57:47Z</time>
   </trkpt>
   <trkpt lat="48.3680820" lon="7.6767600">
    <ele>155.5</ele>
    <time>2024-04-20T19:57:48Z</time>
   </trkpt>
   <trkpt lat="48.3680260" lon="7.6767370">
    <ele>155.5</ele>
    <time>2024-04-20T19:57:49Z</time>
   </trkpt>
   <trkpt lat="48.3679710" lon="7.6767140">
    <ele>155.5</ele>
    <time>2024-04-20T19:57:50Z</time>
   </trkpt>
   <trkpt lat="48.3679140" lon="7.6766940">
    <ele>155.5</ele>
    <time>2024-04-20T19:57:51Z</time>
   </trkpt>
   <trkpt lat="48.3678570" lon="7.6766750">
    <ele>155.6</ele>
    <time>2024-04-20T19:57:52Z</time>
   </trkpt>
   <trkpt lat="48.3678000" lon="7.6766530">
    <ele>155.6</ele>
    <time>2024-04-20T19:57:53Z</time>
   </trkpt>
   <trkpt lat="48.3677430" lon="7.6766310">
    <ele>155.6</ele>
    <time>2024-04-20T19:57:54Z</time>
   </trkpt>
   <trkpt lat="48.3676860" lon="7.6766090">
    <ele>155.6</ele>
    <time>2024-04-20T19:57:55Z</time>
   </trkpt>
   <trkpt lat="48.3676300" lon="7.6765880">
    <ele>155.6</ele>
    <time>2024-04-20T19:57:56Z</time>
   </trkpt>
   <trkpt lat="48.3675740" lon="7.6765640">
    <ele>155.6</ele>
    <time>2024-04-20T19:57:57Z</time>
   </trkpt>
   <trkpt lat="48.3675180" lon="7.6765400">
    <ele>155.6</ele>
    <time>2024-04-20T19:57:58Z</time>
   </trkpt>
   <trkpt lat="48.3674630" lon="7.6765210">
    <ele>155.6</ele>
    <time>2024-04-20T19:57:59Z</time>
   </trkpt>
   <trkpt lat="48.3674080" lon="7.6765000">
    <ele>155.6</ele>
    <time>2024-04-20T19:58:00Z</time>
   </trkpt>
   <trkpt lat="48.3673510" lon="7.6764790">
    <ele>155.6</ele>
    <time>2024-04-20T19:58:01Z</time>
   </trkpt>
   <trkpt lat="48.3672940" lon="7.6764620">
    <ele>155.6</ele>
    <time>2024-04-20T19:58:02Z</time>
   </trkpt>
   <trkpt lat="48.3672360" lon="7.6764410">
    <ele>155.6</ele>
    <time>2024-04-20T19:58:03Z</time>
   </trkpt>
   <trkpt lat="48.3671780" lon="7.6764210">
    <ele>155.6</ele>
    <time>2024-04-20T19:58:04Z</time>
   </trkpt>
   <trkpt lat="48.3671200" lon="7.6764020">
    <ele>155.6</ele>
    <time>2024-04-20T19:58:05Z</time>
   </trkpt>
   <trkpt lat="48.3670630" lon="7.6763790">
    <ele>155.6</ele>
    <time>2024-04-20T19:58:06Z</time>
   </trkpt>
   <trkpt lat="48.3670060" lon="7.6763580">
    <ele>155.7</ele>
    <time>2024-04-20T19:58:07Z</time>
   </trkpt>
   <trkpt lat="48.3669480" lon="7.6763370">
    <ele>155.7</ele>
    <time>2024-04-20T19:58:08Z</time>
   </trkpt>
   <trkpt lat="48.3668910" lon="7.6763130">
    <ele>155.8</ele>
    <time>2024-04-20T19:58:09Z</time>
   </trkpt>
   <trkpt lat="48.3668330" lon="7.6762910">
    <ele>155.8</ele>
    <time>2024-04-20T19:58:10Z</time>
   </trkpt>
   <trkpt lat="48.3667750" lon="7.6762720">
    <ele>155.9</ele>
    <time>2024-04-20T19:58:11Z</time>
   </trkpt>
   <trkpt lat="48.3667190" lon="7.6762520">
    <ele>156.0</ele>
    <time>2024-04-20T19:58:12Z</time>
   </trkpt>
   <trkpt lat="48.3666620" lon="7.6762340">
    <ele>156.1</ele>
    <time>2024-04-20T19:58:13Z</time>
   </trkpt>
   <trkpt lat="48.3666040" lon="7.6762120">
    <ele>156.2</ele>
    <time>2024-04-20T19:58:14Z</time>
   </trkpt>
   <trkpt lat="48.3665470" lon="7.6761890">
    <ele>156.3</ele>
    <time>2024-04-20T19:58:15Z</time>
   </trkpt>
   <trkpt lat="48.3664940" lon="7.6761700">
    <ele>156.5</ele>
    <time>2024-04-20T19:58:16Z</time>
   </trkpt>
   <trkpt lat="48.3664430" lon="7.6761500">
    <ele>156.6</ele>
    <time>2024-04-20T19:58:17Z</time>
   </trkpt>
   <trkpt lat="48.3663910" lon="7.6761310">
    <ele>156.7</ele>
    <time>2024-04-20T19:58:18Z</time>
   </trkpt>
   <trkpt lat="48.3663400" lon="7.6761130">
    <ele>156.9</ele>
    <time>2024-04-20T19:58:19Z</time>
   </trkpt>
   <trkpt lat="48.3662920" lon="7.6761010">
    <ele>157.0</ele>
    <time>2024-04-20T19:58:20Z</time>
   </trkpt>
   <trkpt lat="48.3662430" lon="7.6760930">
    <ele>157.2</ele>
    <time>2024-04-20T19:58:21Z</time>
   </trkpt>
   <trkpt lat="48.3661980" lon="7.6760770">
    <ele>157.3</ele>
    <time>2024-04-20T19:58:22Z</time>
   </trkpt>
   <trkpt lat="48.3661530" lon="7.6760610">
    <ele>157.3</ele>
    <time>2024-04-20T19:58:23Z</time>
   </trkpt>
   <trkpt lat="48.3661070" lon="7.6760460">
    <ele>157.4</ele>
    <time>2024-04-20T19:58:24Z</time>
   </trkpt>
   <trkpt lat="48.3660620" lon="7.6760320">
    <ele>157.4</ele>
    <time>2024-04-20T19:58:25Z</time>
   </trkpt>
   <trkpt lat="48.3660150" lon="7.6760180">
    <ele>157.5</ele>
    <time>2024-04-20T19:58:26Z</time>
   </trkpt>
   <trkpt lat="48.3659660" lon="7.6760020">
    <ele>157.5</ele>
    <time>2024-04-20T19:58:27Z</time>
   </trkpt>
   <trkpt lat="48.3659180" lon="7.6759850">
    <ele>157.6</ele>
    <time>2024-04-20T19:58:28Z</time>
   </trkpt>
   <trkpt lat="48.3658690" lon="7.6759670">
    <ele>157.6</ele>
    <time>2024-04-20T19:58:29Z</time>
   </trkpt>
   <trkpt lat="48.3658190" lon="7.6759470">
    <ele>157.6</ele>
    <time>2024-04-20T19:58:30Z</time>
   </trkpt>
   <trkpt lat="48.3657720" lon="7.6759190">
    <ele>157.6</ele>
    <time>2024-04-20T19:58:31Z</time>
   </trkpt>
   <trkpt lat="48.3657230" lon="7.6758920">
    <ele>157.7</ele>
    <time>2024-04-20T19:58:32Z</time>
   </trkpt>
   <trkpt lat="48.3656750" lon="7.6758690">
    <ele>157.7</ele>
    <time>2024-04-20T19:58:33Z</time>
   </trkpt>
   <trkpt lat="48.3656250" lon="7.6758480">
    <ele>157.7</ele>
    <time>2024-04-20T19:58:34Z</time>
   </trkpt>
   <trkpt lat="48.3655750" lon="7.6758230">
    <ele>157.7</ele>
    <time>2024-04-20T19:58:35Z</time>
   </trkpt>
   <trkpt lat="48.3655250" lon="7.6758030">
    <ele>157.7</ele>
    <time>2024-04-20T19:58:36Z</time>
   </trkpt>
   <trkpt lat="48.3654720" lon="7.6757850">
    <ele>157.7</ele>
    <time>2024-04-20T19:58:37Z</time>
   </trkpt>
   <trkpt lat="48.3654210" lon="7.6757630">
    <ele>157.7</ele>
    <time>2024-04-20T19:58:38Z</time>
   </trkpt>
   <trkpt lat="48.3653710" lon="7.6757420">
    <ele>157.7</ele>
    <time>2024-04-20T19:58:39Z</time>
   </trkpt>
   <trkpt lat="48.3653210" lon="7.6757210">
    <ele>157.7</ele>
    <time>2024-04-20T19:58:40Z</time>
   </trkpt>
   <trkpt lat="48.3652690" lon="7.6756970">
    <ele>157.7</ele>
    <time>2024-04-20T19:58:41Z</time>
   </trkpt>
   <trkpt lat="48.3652170" lon="7.6756770">
    <ele>157.7</ele>
    <time>2024-04-20T19:58:42Z</time>
   </trkpt>
   <trkpt lat="48.3651640" lon="7.6756580">
    <ele>157.7</ele>
    <time>2024-04-20T19:58:43Z</time>
   </trkpt>
   <trkpt lat="48.3651100" lon="7.6756380">
    <ele>157.7</ele>
    <time>2024-04-20T19:58:44Z</time>
   </trkpt>
   <trkpt lat="48.3650580" lon="7.6756140">
    <ele>157.7</ele>
    <time>2024-04-20T19:58:45Z</time>
   </trkpt>
   <trkpt lat="48.3650030" lon="7.6755930">
    <ele>157.7</ele>
    <time>2024-04-20T19:58:46Z</time>
   </trkpt>
   <trkpt lat="48.3649500" lon="7.6755700">
    <ele>157.7</ele>
    <time>2024-04-20T19:58:47Z</time>
   </trkpt>
   <trkpt lat="48.3648960" lon="7.6755480">
    <ele>157.7</ele>
    <time>2024-04-20T19:58:48Z</time>
   </trkpt>
   <trkpt lat="48.3648400" lon="7.6755270">
    <ele>157.7</ele>
    <time>2024-04-20T19:58:49Z</time>
   </trkpt>
   <trkpt lat="48.3647870" lon="7.6755020">
    <ele>157.6</ele>
    <time>2024-04-20T19:58:50Z</time>
   </trkpt>
   <trkpt lat="48.3647310" lon="7.6754800">
    <ele>157.6</ele>
    <time>2024-04-20T19:58:51Z</time>
   </trkpt>
   <trkpt lat="48.3646780" lon="7.6754580">
    <ele>157.6</ele>
    <time>2024-04-20T19:58:52Z</time>
   </trkpt>
   <trkpt lat="48.3646220" lon="7.6754360">
    <ele>157.5</ele>
    <time>2024-04-20T19:58:53Z</time>
   </trkpt>
   <trkpt lat="48.3645650" lon="7.6754160">
    <ele>157.5</ele>
    <time>2024-04-20T19:58:54Z</time>
   </trkpt>
   <trkpt lat="48.3645080" lon="7.6753950">
    <ele>157.5</ele>
    <time>2024-04-20T19:58:55Z</time>
   </trkpt>
   <trkpt lat="48.3644550" lon="7.6753730">
    <ele>157.5</ele>
    <time>2024-04-20T19:58:56Z</time>
   </trkpt>
   <trkpt lat="48.3643980" lon="7.6753520">
    <ele>157.5</ele>
    <time>2024-04-20T19:58:57Z</time>
   </trkpt>
   <trkpt lat="48.3643440" lon="7.6753330">
    <ele>157.5</ele>
    <time>2024-04-20T19:58:58Z</time>
   </trkpt>
   <trkpt lat="48.3642900" lon="7.6753090">
    <ele>157.5</ele>
    <time>2024-04-20T19:58:59Z</time>
   </trkpt>
   <trkpt lat="48.3642340" lon="7.6752800">
    <ele>157.5</ele>
    <time>2024-04-20T19:59:00Z</time>
   </trkpt>
   <trkpt lat="48.3641790" lon="7.6752610">
    <ele>157.5</ele>
    <time>2024-04-20T19:59:01Z</time>
   </trkpt>
   <trkpt lat="48.3641220" lon="7.6752440">
    <ele>157.5</ele>
    <time>2024-04-20T19:59:02Z</time>
   </trkpt>
   <trkpt lat="48.3640640" lon="7.6752240">
    <ele>157.4</ele>
    <time>2024-04-20T19:59:03Z</time>
   </trkpt>
   <trkpt lat="48.3640070" lon="7.6752030">
    <ele>157.4</ele>
    <time>2024-04-20T19:59:04Z</time>
   </trkpt>
   <trkpt lat="48.3639490" lon="7.6751820">
    <ele>157.4</ele>
    <time>2024-04-20T19:59:05Z</time>
   </trkpt>
   <trkpt lat="48.3638920" lon="7.6751610">
    <ele>157.4</ele>
    <time>2024-04-20T19:59:06Z</time>
   </trkpt>
   <trkpt lat="48.3638350" lon="7.6751380">
    <ele>157.4</ele>
    <time>2024-04-20T19:59:07Z</time>
   </trkpt>
   <trkpt lat="48.3637770" lon="7.6751120">
    <ele>157.4</ele>
    <time>2024-04-20T19:59:08Z</time>
   </trkpt>
   <trkpt lat="48.3637180" lon="7.6750850">
    <ele>157.4</ele>
    <time>2024-04-20T19:59:09Z</time>
   </trkpt>
   <trkpt lat="48.3636600" lon="7.6750600">
    <ele>157.3</ele>
    <time>2024-04-20T19:59:10Z</time>
   </trkpt>
   <trkpt lat="48.3636020" lon="7.6750390">
    <ele>157.3</ele>
    <time>2024-04-20T19:59:11Z</time>
   </trkpt>
   <trkpt lat="48.3635430" lon="7.6750180">
    <ele>157.3</ele>
    <time>2024-04-20T19:59:12Z</time>
   </trkpt>
   <trkpt lat="48.3634850" lon="7.6749960">
    <ele>157.3</ele>
    <time>2024-04-20T19:59:13Z</time>
   </trkpt>
   <trkpt lat="48.3634270" lon="7.6749760">
    <ele>157.3</ele>
    <time>2024-04-20T19:59:14Z</time>
   </trkpt>
   <trkpt lat="48.3633670" lon="7.6749550">
    <ele>157.3</ele>
    <time>2024-04-20T19:59:15Z</time>
   </trkpt>
   <trkpt lat="48.3633100" lon="7.6749320">
    <ele>157.3</ele>
    <time>2024-04-20T19:59:16Z</time>
   </trkpt>
   <trkpt lat="48.3632530" lon="7.6749100">
    <ele>157.3</ele>
    <time>2024-04-20T19:59:17Z</time>
   </trkpt>
   <trkpt lat="48.3631940" lon="7.6748890">
    <ele>157.3</ele>
    <time>2024-04-20T19:59:18Z</time>
   </trkpt>
   <trkpt lat="48.3631350" lon="7.6748670">
    <ele>157.3</ele>
    <time>2024-04-20T19:59:19Z</time>
   </trkpt>
   <trkpt lat="48.3630770" lon="7.6748410">
    <ele>157.3</ele>
    <time>2024-04-20T19:59:20Z</time>
   </trkpt>
   <trkpt lat="48.3630200" lon="7.6748170">
    <ele>157.3</ele>
    <time>2024-04-20T19:59:21Z</time>
   </trkpt>
   <trkpt lat="48.3629590" lon="7.6747930">
    <ele>157.3</ele>
    <time>2024-04-20T19:59:22Z</time>
   </trkpt>
   <trkpt lat="48.3629010" lon="7.6747700">
    <ele>157.3</ele>
    <time>2024-04-20T19:59:23Z</time>
   </trkpt>
   <trkpt lat="48.3628420" lon="7.6747490">
    <ele>157.3</ele>
    <time>2024-04-20T19:59:24Z</time>
   </trkpt>
   <trkpt lat="48.3627840" lon="7.6747270">
    <ele>157.3</ele>
    <time>2024-04-20T19:59:25Z</time>
   </trkpt>
   <trkpt lat="48.3627250" lon="7.6747070">
    <ele>157.3</ele>
    <time>2024-04-20T19:59:26Z</time>
   </trkpt>
   <trkpt lat="48.3626660" lon="7.6746830">
    <ele>157.3</ele>
    <time>2024-04-20T19:59:27Z</time>
   </trkpt>
   <trkpt lat="48.3626090" lon="7.6746560">
    <ele>157.3</ele>
    <time>2024-04-20T19:59:28Z</time>
   </trkpt>
   <trkpt lat="48.3625490" lon="7.6746310">
    <ele>157.3</ele>
    <time>2024-04-20T19:59:29Z</time>
   </trkpt>
   <trkpt lat="48.3624890" lon="7.6746070">
    <ele>157.3</ele>
    <time>2024-04-20T19:59:30Z</time>
   </trkpt>
   <trkpt lat="48.3624320" lon="7.6745830">
    <ele>157.3</ele>
    <time>2024-04-20T19:59:31Z</time>
   </trkpt>
   <trkpt lat="48.3623730" lon="7.6745650">
    <ele>157.3</ele>
    <time>2024-04-20T19:59:32Z</time>
   </trkpt>
   <trkpt lat="48.3623150" lon="7.6745470">
    <ele>157.3</ele>
    <time>2024-04-20T19:59:33Z</time>
   </trkpt>
   <trkpt lat="48.3622560" lon="7.6745240">
    <ele>157.2</ele>
    <time>2024-04-20T19:59:34Z</time>
   </trkpt>
   <trkpt lat="48.3621970" lon="7.6745030">
    <ele>157.2</ele>
    <time>2024-04-20T19:59:35Z</time>
   </trkpt>
   <trkpt lat="48.3621400" lon="7.6744820">
    <ele>157.2</ele>
    <time>2024-04-20T19:59:36Z</time>
   </trkpt>
   <trkpt lat="48.3620810" lon="7.6744600">
    <ele>157.2</ele>
    <time>2024-04-20T19:59:37Z</time>
   </trkpt>
   <trkpt lat="48.3620230" lon="7.6744380">
    <ele>157.2</ele>
    <time>2024-04-20T19:59:38Z</time>
   </trkpt>
   <trkpt lat="48.3619660" lon="7.6744140">
    <ele>157.2</ele>
    <time>2024-04-20T19:59:39Z</time>
   </trkpt>
   <trkpt lat="48.3619080" lon="7.6743900">
    <ele>157.2</ele>
    <time>2024-04-20T19:59:40Z</time>
   </trkpt>
   <trkpt lat="48.3618500" lon="7.6743680">
    <ele>157.2</ele>
    <time>2024-04-20T19:59:41Z</time>
   </trkpt>
   <trkpt lat="48.3617900" lon="7.6743500">
    <ele>157.2</ele>
    <time>2024-04-20T19:59:42Z</time>
   </trkpt>
   <trkpt lat="48.3617310" lon="7.6743300">
    <ele>157.2</ele>
    <time>2024-04-20T19:59:43Z</time>
   </trkpt>
   <trkpt lat="48.3616730" lon="7.6743100">
    <ele>157.2</ele>
    <time>2024-04-20T19:59:44Z</time>
   </trkpt>
   <trkpt lat="48.3616150" lon="7.6742850">
    <ele>157.1</ele>
    <time>2024-04-20T19:59:45Z</time>
   </trkpt>
   <trkpt lat="48.3615560" lon="7.6742620">
    <ele>157.1</ele>
    <time>2024-04-20T19:59:46Z</time>
   </trkpt>
   <trkpt lat="48.3614980" lon="7.6742420">
    <ele>157.1</ele>
    <time>2024-04-20T19:59:47Z</time>
   </trkpt>
   <trkpt lat="48.3614400" lon="7.6742230">
    <ele>157.1</ele>
    <time>2024-04-20T19:59:48Z</time>
   </trkpt>
   <trkpt lat="48.3613820" lon="7.6742030">
    <ele>157.1</ele>
    <time>2024-04-20T19:59:49Z</time>
   </trkpt>
   <trkpt lat="48.3613240" lon="7.6741830">
    <ele>157.1</ele>
    <time>2024-04-20T19:59:50Z</time>
   </trkpt>
   <trkpt lat="48.3612660" lon="7.6741560">
    <ele>157.1</ele>
    <time>2024-04-20T19:59:51Z</time>
   </trkpt>
   <trkpt lat="48.3612080" lon="7.6741300">
    <ele>157.1</ele>
    <time>2024-04-20T19:59:52Z</time>
   </trkpt>
   <trkpt lat="48.3611490" lon="7.6741070">
    <ele>157.1</ele>
    <time>2024-04-20T19:59:53Z</time>
   </trkpt>
   <trkpt lat="48.3610890" lon="7.6740850">
    <ele>157.1</ele>
    <time>2024-04-20T19:59:54Z</time>
   </trkpt>
   <trkpt lat="48.3610310" lon="7.6740640">
    <ele>157.1</ele>
    <time>2024-04-20T19:59:55Z</time>
   </trkpt>
   <trkpt lat="48.3609720" lon="7.6740450">
    <ele>157.0</ele>
    <time>2024-04-20T19:59:56Z</time>
   </trkpt>
   <trkpt lat="48.3609130" lon="7.6740230">
    <ele>157.0</ele>
    <time>2024-04-20T19:59:57Z</time>
   </trkpt>
   <trkpt lat="48.3608540" lon="7.6740000">
    <ele>157.0</ele>
    <time>2024-04-20T19:59:58Z</time>
   </trkpt>
   <trkpt lat="48.3607950" lon="7.6739790">
    <ele>157.0</ele>
    <time>2024-04-20T19:59:59Z</time>
   </trkpt>
   <trkpt lat="48.3607350" lon="7.6739580">
    <ele>157.0</ele>
    <time>2024-04-20T20:00:00Z</time>
   </trkpt>
   <trkpt lat="48.3606750" lon="7.6739330">
    <ele>157.1</ele>
    <time>2024-04-20T20:00:01Z</time>
   </trkpt>
   <trkpt lat="48.3606150" lon="7.6739130">
    <ele>157.1</ele>
    <time>2024-04-20T20:00:02Z</time>
   </trkpt>
   <trkpt lat="48.3605580" lon="7.6738860">
    <ele>157.1</ele>
    <time>2024-04-20T20:00:03Z</time>
   </trkpt>
   <trkpt lat="48.3604980" lon="7.6738610">
    <ele>157.1</ele>
    <time>2024-04-20T20:00:04Z</time>
   </trkpt>
   <trkpt lat="48.3604370" lon="7.6738380">
    <ele>157.1</ele>
    <time>2024-04-20T20:00:05Z</time>
   </trkpt>
   <trkpt lat="48.3603780" lon="7.6738180">
    <ele>157.1</ele>
    <time>2024-04-20T20:00:06Z</time>
   </trkpt>
   <trkpt lat="48.3603190" lon="7.6737990">
    <ele>157.1</ele>
    <time>2024-04-20T20:00:07Z</time>
   </trkpt>
   <trkpt lat="48.3602600" lon="7.6737760">
    <ele>157.1</ele>
    <time>2024-04-20T20:00:08Z</time>
   </trkpt>
   <trkpt lat="48.3602020" lon="7.6737550">
    <ele>157.1</ele>
    <time>2024-04-20T20:00:09Z</time>
   </trkpt>
   <trkpt lat="48.3601430" lon="7.6737340">
    <ele>157.1</ele>
    <time>2024-04-20T20:00:10Z</time>
   </trkpt>
   <trkpt lat="48.3600850" lon="7.6737120">
    <ele>157.2</ele>
    <time>2024-04-20T20:00:11Z</time>
   </trkpt>
   <trkpt lat="48.3600260" lon="7.6736870">
    <ele>157.2</ele>
    <time>2024-04-20T20:00:12Z</time>
   </trkpt>
   <trkpt lat="48.3599690" lon="7.6736630">
    <ele>157.2</ele>
    <time>2024-04-20T20:00:13Z</time>
   </trkpt>
   <trkpt lat="48.3599130" lon="7.6736420">
    <ele>157.2</ele>
    <time>2024-04-20T20:00:14Z</time>
   </trkpt>
   <trkpt lat="48.3598560" lon="7.6736220">
    <ele>157.3</ele>
    <time>2024-04-20T20:00:15Z</time>
   </trkpt>
   <trkpt lat="48.3598000" lon="7.6736020">
    <ele>157.3</ele>
    <time>2024-04-20T20:00:16Z</time>
   </trkpt>
   <trkpt lat="48.3597450" lon="7.6735810">
    <ele>157.3</ele>
    <time>2024-04-20T20:00:17Z</time>
   </trkpt>
   <trkpt lat="48.3596910" lon="7.6735640">
    <ele>157.4</ele>
    <time>2024-04-20T20:00:18Z</time>
   </trkpt>
   <trkpt lat="48.3596360" lon="7.6735500">
    <ele>157.4</ele>
    <time>2024-04-20T20:00:19Z</time>
   </trkpt>
   <trkpt lat="48.3595810" lon="7.6735400">
    <ele>157.5</ele>
    <time>2024-04-20T20:00:20Z</time>
   </trkpt>
   <trkpt lat="48.3595300" lon="7.6735230">
    <ele>157.5</ele>
    <time>2024-04-20T20:00:21Z</time>
   </trkpt>
   <trkpt lat="48.3594810" lon="7.6734960">
    <ele>157.5</ele>
    <time>2024-04-20T20:00:22Z</time>
   </trkpt>
   <trkpt lat="48.3594290" lon="7.6734680">
    <ele>157.6</ele>
    <time>2024-04-20T20:00:23Z</time>
   </trkpt>
   <trkpt lat="48.3593740" lon="7.6734440">
    <ele>157.6</ele>
    <time>2024-04-20T20:00:24Z</time>
   </trkpt>
   <trkpt lat="48.3593200" lon="7.6734240">
    <ele>157.6</ele>
    <time>2024-04-20T20:00:25Z</time>
   </trkpt>
   <trkpt lat="48.3592650" lon="7.6734040">
    <ele>157.5</ele>
    <time>2024-04-20T20:00:26Z</time>
   </trkpt>
   <trkpt lat="48.3592090" lon="7.6733820">
    <ele>157.5</ele>
    <time>2024-04-20T20:00:27Z</time>
   </trkpt>
   <trkpt lat="48.3591550" lon="7.6733640">
    <ele>157.5</ele>
    <time>2024-04-20T20:00:28Z</time>
   </trkpt>
   <trkpt lat="48.3591000" lon="7.6733440">
    <ele>157.4</ele>
    <time>2024-04-20T20:00:29Z</time>
   </trkpt>
   <trkpt lat="48.3590450" lon="7.6733230">
    <ele>157.4</ele>
    <time>2024-04-20T20:00:30Z</time>
   </trkpt>
   <trkpt lat="48.3589890" lon="7.6733010">
    <ele>157.4</ele>
    <time>2024-04-20T20:00:31Z</time>
   </trkpt>
   <trkpt lat="48.3589300" lon="7.6732800">
    <ele>157.4</ele>
    <time>2024-04-20T20:00:32Z</time>
   </trkpt>
   <trkpt lat="48.3588730" lon="7.6732570">
    <ele>157.5</ele>
    <time>2024-04-20T20:00:33Z</time>
   </trkpt>
   <trkpt lat="48.3588160" lon="7.6732320">
    <ele>157.5</ele>
    <time>2024-04-20T20:00:34Z</time>
   </trkpt>
   <trkpt lat="48.3587620" lon="7.6732080">
    <ele>157.5</ele>
    <time>2024-04-20T20:00:35Z</time>
   </trkpt>
   <trkpt lat="48.3587070" lon="7.6731880">
    <ele>157.5</ele>
    <time>2024-04-20T20:00:36Z</time>
   </trkpt>
   <trkpt lat="48.3586500" lon="7.6731670">
    <ele>157.5</ele>
    <time>2024-04-20T20:00:37Z</time>
   </trkpt>
   <trkpt lat="48.3585920" lon="7.6731450">
    <ele>157.5</ele>
    <time>2024-04-20T20:00:38Z</time>
   </trkpt>
   <trkpt lat="48.3585350" lon="7.6731210">
    <ele>157.4</ele>
    <time>2024-04-20T20:00:39Z</time>
   </trkpt>
   <trkpt lat="48.3584780" lon="7.6730940">
    <ele>157.4</ele>
    <time>2024-04-20T20:00:40Z</time>
   </trkpt>
   <trkpt lat="48.3584210" lon="7.6730680">
    <ele>157.4</ele>
    <time>2024-04-20T20:00:41Z</time>
   </trkpt>
   <trkpt lat="48.3583640" lon="7.6730400">
    <ele>157.3</ele>
    <time>2024-04-20T20:00:42Z</time>
   </trkpt>
   <trkpt lat="48.3583060" lon="7.6730190">
    <ele>157.3</ele>
    <time>2024-04-20T20:00:43Z</time>
   </trkpt>
   <trkpt lat="48.3582470" lon="7.6729970">
    <ele>157.3</ele>
    <time>2024-04-20T20:00:44Z</time>
   </trkpt>
   <trkpt lat="48.3581900" lon="7.6729760">
    <ele>157.3</ele>
    <time>2024-04-20T20:00:45Z</time>
   </trkpt>
   <trkpt lat="48.3581340" lon="7.6729520">
    <ele>157.3</ele>
    <time>2024-04-20T20:00:46Z</time>
   </trkpt>
   <trkpt lat="48.3580770" lon="7.6729310">
    <ele>157.3</ele>
    <time>2024-04-20T20:00:47Z</time>
   </trkpt>
   <trkpt lat="48.3580200" lon="7.6729090">
    <ele>157.3</ele>
    <time>2024-04-20T20:00:48Z</time>
   </trkpt>
   <trkpt lat="48.3579620" lon="7.6728870">
    <ele>157.3</ele>
    <time>2024-04-20T20:00:49Z</time>
   </trkpt>
   <trkpt lat="48.3579060" lon="7.6728630">
    <ele>157.3</ele>
    <time>2024-04-20T20:00:50Z</time>
   </trkpt>
   <trkpt lat="48.3578500" lon="7.6728370">
    <ele>157.3</ele>
    <time>2024-04-20T20:00:51Z</time>
   </trkpt>
   <trkpt lat="48.3577900" lon="7.6728150">
    <ele>157.3</ele>
    <time>2024-04-20T20:00:52Z</time>
   </trkpt>
   <trkpt lat="48.3577320" lon="7.6727920">
    <ele>157.3</ele>
    <time>2024-04-20T20:00:53Z</time>
   </trkpt>
   <trkpt lat="48.3576750" lon="7.6727710">
    <ele>157.3</ele>
    <time>2024-04-20T20:00:54Z</time>
   </trkpt>
   <trkpt lat="48.3576180" lon="7.6727470">
    <ele>157.3</ele>
    <time>2024-04-20T20:00:55Z</time>
   </trkpt>
   <trkpt lat="48.3575610" lon="7.6727260">
    <ele>157.3</ele>
    <time>2024-04-20T20:00:56Z</time>
   </trkpt>
   <trkpt lat="48.3575040" lon="7.6727050">
    <ele>157.3</ele>
    <time>2024-04-20T20:00:57Z</time>
   </trkpt>
   <trkpt lat="48.3574490" lon="7.6726840">
    <ele>157.4</ele>
    <time>2024-04-20T20:00:58Z</time>
   </trkpt>
   <trkpt lat="48.3573940" lon="7.6726620">
    <ele>157.4</ele>
    <time>2024-04-20T20:00:59Z</time>
   </trkpt>
   <trkpt lat="48.3573370" lon="7.6726390">
    <ele>157.4</ele>
    <time>2024-04-20T20:01:00Z</time>
   </trkpt>
   <trkpt lat="48.3572820" lon="7.6726170">
    <ele>157.4</ele>
    <time>2024-04-20T20:01:01Z</time>
   </trkpt>
   <trkpt lat="48.3572260" lon="7.6725930">
    <ele>157.4</ele>
    <time>2024-04-20T20:01:02Z</time>
   </trkpt>
   <trkpt lat="48.3571670" lon="7.6725720">
    <ele>157.4</ele>
    <time>2024-04-20T20:01:03Z</time>
   </trkpt>
   <trkpt lat="48.3571090" lon="7.6725560">
    <ele>157.5</ele>
    <time>2024-04-20T20:01:04Z</time>
   </trkpt>
   <trkpt lat="48.3570520" lon="7.6725370">
    <ele>157.5</ele>
    <time>2024-04-20T20:01:05Z</time>
   </trkpt>
   <trkpt lat="48.3569950" lon="7.6725160">
    <ele>157.5</ele>
    <time>2024-04-20T20:01:06Z</time>
   </trkpt>
   <trkpt lat="48.3569370" lon="7.6724920">
    <ele>157.5</ele>
    <time>2024-04-20T20:01:07Z</time>
   </trkpt>
   <trkpt lat="48.3568800" lon="7.6724670">
    <ele>157.5</ele>
    <time>2024-04-20T20:01:08Z</time>
   </trkpt>
   <trkpt lat="48.3568240" lon="7.6724440">
    <ele>157.5</ele>
    <time>2024-04-20T20:01:09Z</time>
   </trkpt>
   <trkpt lat="48.3567660" lon="7.6724260">
    <ele>157.4</ele>
    <time>2024-04-20T20:01:10Z</time>
   </trkpt>
   <trkpt lat="48.3567080" lon="7.6724030">
    <ele>157.4</ele>
    <time>2024-04-20T20:01:11Z</time>
   </trkpt>
   <trkpt lat="48.3566510" lon="7.6723820">
    <ele>157.4</ele>
    <time>2024-04-20T20:01:12Z</time>
   </trkpt>
   <trkpt lat="48.3565950" lon="7.6723570">
    <ele>157.4</ele>
    <time>2024-04-20T20:01:13Z</time>
   </trkpt>
   <trkpt lat="48.3565370" lon="7.6723350">
    <ele>157.4</ele>
    <time>2024-04-20T20:01:14Z</time>
   </trkpt>
   <trkpt lat="48.3564810" lon="7.6723140">
    <ele>157.4</ele>
    <time>2024-04-20T20:01:15Z</time>
   </trkpt>
   <trkpt lat="48.3564240" lon="7.6722930">
    <ele>157.4</ele>
    <time>2024-04-20T20:01:16Z</time>
   </trkpt>
   <trkpt lat="48.3563680" lon="7.6722720">
    <ele>157.4</ele>
    <time>2024-04-20T20:01:17Z</time>
   </trkpt>
   <trkpt lat="48.3563120" lon="7.6722510">
    <ele>157.4</ele>
    <time>2024-04-20T20:01:18Z</time>
   </trkpt>
   <trkpt lat="48.3562580" lon="7.6722320">
    <ele>157.4</ele>
    <time>2024-04-20T20:01:19Z</time>
   </trkpt>
   <trkpt lat="48.3562040" lon="7.6722140">
    <ele>157.4</ele>
    <time>2024-04-20T20:01:20Z</time>
   </trkpt>
   <trkpt lat="48.3561490" lon="7.6721970">
    <ele>157.4</ele>
    <time>2024-04-20T20:01:21Z</time>
   </trkpt>
   <trkpt lat="48.3560950" lon="7.6721720">
    <ele>157.4</ele>
    <time>2024-04-20T20:01:22Z</time>
   </trkpt>
   <trkpt lat="48.3560410" lon="7.6721430">
    <ele>157.5</ele>
    <time>2024-04-20T20:01:23Z</time>
   </trkpt>
   <trkpt lat="48.3559860" lon="7.6721200">
    <ele>157.5</ele>
    <time>2024-04-20T20:01:24Z</time>
   </trkpt>
   <trkpt lat="48.3559290" lon="7.6720970">
    <ele>157.5</ele>
    <time>2024-04-20T20:01:25Z</time>
   </trkpt>
   <trkpt lat="48.3558740" lon="7.6720780">
    <ele>157.6</ele>
    <time>2024-04-20T20:01:26Z</time>
   </trkpt>
   <trkpt lat="48.3558190" lon="7.6720590">
    <ele>157.6</ele>
    <time>2024-04-20T20:01:27Z</time>
   </trkpt>
   <trkpt lat="48.3557650" lon="7.6720380">
    <ele>157.6</ele>
    <time>2024-04-20T20:01:28Z</time>
   </trkpt>
   <trkpt lat="48.3557090" lon="7.6720130">
    <ele>157.6</ele>
    <time>2024-04-20T20:01:29Z</time>
   </trkpt>
   <trkpt lat="48.3556530" lon="7.6719920">
    <ele>157.6</ele>
    <time>2024-04-20T20:01:30Z</time>
   </trkpt>
   <trkpt lat="48.3555980" lon="7.6719710">
    <ele>157.6</ele>
    <time>2024-04-20T20:01:31Z</time>
   </trkpt>
   <trkpt lat="48.3555420" lon="7.6719490">
    <ele>157.6</ele>
    <time>2024-04-20T20:01:32Z</time>
   </trkpt>
   <trkpt lat="48.3554870" lon="7.6719270">
    <ele>157.6</ele>
    <time>2024-04-20T20:01:33Z</time>
   </trkpt>
   <trkpt lat="48.3554300" lon="7.6719060">
    <ele>157.6</ele>
    <time>2024-04-20T20:01:34Z</time>
   </trkpt>
   <trkpt lat="48.3553750" lon="7.6718840">
    <ele>157.6</ele>
    <time>2024-04-20T20:01:35Z</time>
   </trkpt>
   <trkpt lat="48.3553210" lon="7.6718610">
    <ele>157.6</ele>
    <time>2024-04-20T20:01:36Z</time>
   </trkpt>
   <trkpt lat="48.3552660" lon="7.6718420">
    <ele>157.6</ele>
    <time>2024-04-20T20:01:37Z</time>
   </trkpt>
   <trkpt lat="48.3552120" lon="7.6718230">
    <ele>157.6</ele>
    <time>2024-04-20T20:01:38Z</time>
   </trkpt>
   <trkpt lat="48.3551590" lon="7.6718020">
    <ele>157.6</ele>
    <time>2024-04-20T20:01:39Z</time>
   </trkpt>
   <trkpt lat="48.3551050" lon="7.6717830">
    <ele>157.6</ele>
    <time>2024-04-20T20:01:40Z</time>
   </trkpt>
   <trkpt lat="48.3550490" lon="7.6717620">
    <ele>157.6</ele>
    <time>2024-04-20T20:01:41Z</time>
   </trkpt>
   <trkpt lat="48.3549940" lon="7.6717400">
    <ele>157.5</ele>
    <time>2024-04-20T20:01:42Z</time>
   </trkpt>
   <trkpt lat="48.3549380" lon="7.6717190">
    <ele>157.5</ele>
    <time>2024-04-20T20:01:43Z</time>
   </trkpt>
   <trkpt lat="48.3548810" lon="7.6716980">
    <ele>157.5</ele>
    <time>2024-04-20T20:01:44Z</time>
   </trkpt>
   <trkpt lat="48.3548230" lon="7.6716750">
    <ele>157.5</ele>
    <time>2024-04-20T20:01:45Z</time>
   </trkpt>
   <trkpt lat="48.3547630" lon="7.6716540">
    <ele>157.4</ele>
    <time>2024-04-20T20:01:46Z</time>
   </trkpt>
   <trkpt lat="48.3547050" lon="7.6716350">
    <ele>157.4</ele>
    <time>2024-04-20T20:01:47Z</time>
   </trkpt>
   <trkpt lat="48.3546470" lon="7.6716130">
    <ele>157.4</ele>
    <time>2024-04-20T20:01:48Z</time>
   </trkpt>
   <trkpt lat="48.3545900" lon="7.6715920">
    <ele>157.5</ele>
    <time>2024-04-20T20:01:49Z</time>
   </trkpt>
   <trkpt lat="48.3545320" lon="7.6715670">
    <ele>157.5</ele>
    <time>2024-04-20T20:01:50Z</time>
   </trkpt>
   <trkpt lat="48.3544750" lon="7.6715410">
    <ele>157.5</ele>
    <time>2024-04-20T20:01:51Z</time>
   </trkpt>
   <trkpt lat="48.3544170" lon="7.6715160">
    <ele>157.5</ele>
    <time>2024-04-20T20:01:52Z</time>
   </trkpt>
   <trkpt lat="48.3543590" lon="7.6714920">
    <ele>157.5</ele>
    <time>2024-04-20T20:01:53Z</time>
   </trkpt>
   <trkpt lat="48.3543020" lon="7.6714670">
    <ele>157.5</ele>
    <time>2024-04-20T20:01:54Z</time>
   </trkpt>
   <trkpt lat="48.3542440" lon="7.6714440">
    <ele>157.5</ele>
    <time>2024-04-20T20:01:55Z</time>
   </trkpt>
   <trkpt lat="48.3541860" lon="7.6714220">
    <ele>157.5</ele>
    <time>2024-04-20T20:01:56Z</time>
   </trkpt>
   <trkpt lat="48.3541290" lon="7.6714030">
    <ele>157.5</ele>
    <time>2024-04-20T20:01:57Z</time>
   </trkpt>
   <trkpt lat="48.3540710" lon="7.6713830">
    <ele>157.5</ele>
    <time>2024-04-20T20:01:58Z</time>
   </trkpt>
   <trkpt lat="48.3540130" lon="7.6713660">
    <ele>157.5</ele>
    <time>2024-04-20T20:01:59Z</time>
   </trkpt>
   <trkpt lat="48.3539560" lon="7.6713440">
    <ele>157.5</ele>
    <time>2024-04-20T20:02:00Z</time>
   </trkpt>
   <trkpt lat="48.3538980" lon="7.6713210">
    <ele>157.5</ele>
    <time>2024-04-20T20:02:01Z</time>
   </trkpt>
   <trkpt lat="48.3538400" lon="7.6712980">
    <ele>157.5</ele>
    <time>2024-04-20T20:02:02Z</time>
   </trkpt>
   <trkpt lat="48.3537810" lon="7.6712760">
    <ele>157.5</ele>
    <time>2024-04-20T20:02:03Z</time>
   </trkpt>
   <trkpt lat="48.3537230" lon="7.6712530">
    <ele>157.5</ele>
    <time>2024-04-20T20:02:04Z</time>
   </trkpt>
   <trkpt lat="48.3536650" lon="7.6712300">
    <ele>157.5</ele>
    <time>2024-04-20T20:02:05Z</time>
   </trkpt>
   <trkpt lat="48.3536070" lon="7.6712090">
    <ele>157.5</ele>
    <time>2024-04-20T20:02:06Z</time>
   </trkpt>
   <trkpt lat="48.3535490" lon="7.6711870">
    <ele>157.5</ele>
    <time>2024-04-20T20:02:07Z</time>
   </trkpt>
   <trkpt lat="48.3534900" lon="7.6711650">
    <ele>157.5</ele>
    <time>2024-04-20T20:02:08Z</time>
   </trkpt>
   <trkpt lat="48.3534320" lon="7.6711430">
    <ele>157.5</ele>
    <time>2024-04-20T20:02:09Z</time>
   </trkpt>
   <trkpt lat="48.3533730" lon="7.6711180">
    <ele>157.5</ele>
    <time>2024-04-20T20:02:10Z</time>
   </trkpt>
   <trkpt lat="48.3533150" lon="7.6710950">
    <ele>157.5</ele>
    <time>2024-04-20T20:02:11Z</time>
   </trkpt>
   <trkpt lat="48.3532570" lon="7.6710730">
    <ele>157.5</ele>
    <time>2024-04-20T20:02:12Z</time>
   </trkpt>
   <trkpt lat="48.3532010" lon="7.6710570">
    <ele>157.4</ele>
    <time>2024-04-20T20:02:13Z</time>
   </trkpt>
   <trkpt lat="48.3531440" lon="7.6710330">
    <ele>157.4</ele>
    <time>2024-04-20T20:02:14Z</time>
   </trkpt>
   <trkpt lat="48.3530870" lon="7.6710100">
    <ele>157.5</ele>
    <time>2024-04-20T20:02:15Z</time>
   </trkpt>
   <trkpt lat="48.3530270" lon="7.6709880">
    <ele>157.5</ele>
    <time>2024-04-20T20:02:16Z</time>
   </trkpt>
   <trkpt lat="48.3529680" lon="7.6709680">
    <ele>157.5</ele>
    <time>2024-04-20T20:02:17Z</time>
   </trkpt>
   <trkpt lat="48.3529080" lon="7.6709470">
    <ele>157.5</ele>
    <time>2024-04-20T20:02:18Z</time>
   </trkpt>
   <trkpt lat="48.3528500" lon="7.6709260">
    <ele>157.5</ele>
    <time>2024-04-20T20:02:19Z</time>
   </trkpt>
   <trkpt lat="48.3527910" lon="7.6709010">
    <ele>157.6</ele>
    <time>2024-04-20T20:02:20Z</time>
   </trkpt>
   <trkpt lat="48.3527350" lon="7.6708780">
    <ele>157.6</ele>
    <time>2024-04-20T20:02:21Z</time>
   </trkpt>
   <trkpt lat="48.3526770" lon="7.6708540">
    <ele>157.6</ele>
    <time>2024-04-20T20:02:22Z</time>
   </trkpt>
   <trkpt lat="48.3526190" lon="7.6708340">
    <ele>157.6</ele>
    <time>2024-04-20T20:02:23Z</time>
   </trkpt>
   <trkpt lat="48.3525600" lon="7.6708110">
    <ele>157.6</ele>
    <time>2024-04-20T20:02:24Z</time>
   </trkpt>
   <trkpt lat="48.3525020" lon="7.6707910">
    <ele>157.7</ele>
    <time>2024-04-20T20:02:25Z</time>
   </trkpt>
   <trkpt lat="48.3524430" lon="7.6707670">
    <ele>157.7</ele>
    <time>2024-04-20T20:02:26Z</time>
   </trkpt>
   <trkpt lat="48.3523850" lon="7.6707430">
    <ele>157.7</ele>
    <time>2024-04-20T20:02:27Z</time>
   </trkpt>
   <trkpt lat="48.3523270" lon="7.6707230">
    <ele>157.7</ele>
    <time>2024-04-20T20:02:28Z</time>
   </trkpt>
   <trkpt lat="48.3522700" lon="7.6706980">
    <ele>157.7</ele>
    <time>2024-04-20T20:02:29Z</time>
   </trkpt>
   <trkpt lat="48.3522130" lon="7.6706740">
    <ele>157.7</ele>
    <time>2024-04-20T20:02:30Z</time>
   </trkpt>
   <trkpt lat="48.3521550" lon="7.6706530">
    <ele>157.7</ele>
    <time>2024-04-20T20:02:31Z</time>
   </trkpt>
   <trkpt lat="48.3520980" lon="7.6706330">
    <ele>157.7</ele>
    <time>2024-04-20T20:02:32Z</time>
   </trkpt>
   <trkpt lat="48.3520400" lon="7.6706110">
    <ele>157.7</ele>
    <time>2024-04-20T20:02:33Z</time>
   </trkpt>
   <trkpt lat="48.3519830" lon="7.6705900">
    <ele>157.7</ele>
    <time>2024-04-20T20:02:34Z</time>
   </trkpt>
   <trkpt lat="48.3519260" lon="7.6705680">
    <ele>157.7</ele>
    <time>2024-04-20T20:02:35Z</time>
   </trkpt>
   <trkpt lat="48.3518680" lon="7.6705460">
    <ele>157.7</ele>
    <time>2024-04-20T20:02:36Z</time>
   </trkpt>
   <trkpt lat="48.3518090" lon="7.6705260">
    <ele>157.7</ele>
    <time>2024-04-20T20:02:37Z</time>
   </trkpt>
   <trkpt lat="48.3517520" lon="7.6705030">
    <ele>157.7</ele>
    <time>2024-04-20T20:02:38Z</time>
   </trkpt>
   <trkpt lat="48.3516940" lon="7.6704780">
    <ele>157.7</ele>
    <time>2024-04-20T20:02:39Z</time>
   </trkpt>
   <trkpt lat="48.3516360" lon="7.6704580">
    <ele>157.7</ele>
    <time>2024-04-20T20:02:40Z</time>
   </trkpt>
   <trkpt lat="48.3515770" lon="7.6704360">
    <ele>157.7</ele>
    <time>2024-04-20T20:02:41Z</time>
   </trkpt>
   <trkpt lat="48.3515210" lon="7.6704170">
    <ele>157.7</ele>
    <time>2024-04-20T20:02:42Z</time>
   </trkpt>
   <trkpt lat="48.3514630" lon="7.6703950">
    <ele>157.7</ele>
    <time>2024-04-20T20:02:43Z</time>
   </trkpt>
   <trkpt lat="48.3514050" lon="7.6703730">
    <ele>157.7</ele>
    <time>2024-04-20T20:02:44Z</time>
   </trkpt>
   <trkpt lat="48.3513470" lon="7.6703500">
    <ele>157.7</ele>
    <time>2024-04-20T20:02:45Z</time>
   </trkpt>
   <trkpt lat="48.3512890" lon="7.6703270">
    <ele>157.7</ele>
    <time>2024-04-20T20:02:46Z</time>
   </trkpt>
   <trkpt lat="48.3512300" lon="7.6703020">
    <ele>157.7</ele>
    <time>2024-04-20T20:02:47Z</time>
   </trkpt>
   <trkpt lat="48.3511730" lon="7.6702800">
    <ele>157.7</ele>
    <time>2024-04-20T20:02:48Z</time>
   </trkpt>
   <trkpt lat="48.3510600" lon="7.6702390">
    <ele>157.7</ele>
    <time>2024-04-20T20:02:50Z</time>
   </trkpt>
   <trkpt lat="48.3510030" lon="7.6702160">
    <ele>157.7</ele>
    <time>2024-04-20T20:02:51Z</time>
   </trkpt>
   <trkpt lat="48.3509460" lon="7.6701950">
    <ele>157.7</ele>
    <time>2024-04-20T20:02:52Z</time>
   </trkpt>
   <trkpt lat="48.3508900" lon="7.6701730">
    <ele>157.7</ele>
    <time>2024-04-20T20:02:53Z</time>
   </trkpt>
   <trkpt lat="48.3508340" lon="7.6701520">
    <ele>157.7</ele>
    <time>2024-04-20T20:02:54Z</time>
   </trkpt>
   <trkpt lat="48.3507770" lon="7.6701320">
    <ele>157.7</ele>
    <time>2024-04-20T20:02:55Z</time>
   </trkpt>
   <trkpt lat="48.3507180" lon="7.6701120">
    <ele>157.7</ele>
    <time>2024-04-20T20:02:56Z</time>
   </trkpt>
   <trkpt lat="48.3506620" lon="7.6700880">
    <ele>157.7</ele>
    <time>2024-04-20T20:02:57Z</time>
   </trkpt>
   <trkpt lat="48.3506050" lon="7.6700630">
    <ele>157.7</ele>
    <time>2024-04-20T20:02:58Z</time>
   </trkpt>
   <trkpt lat="48.3505480" lon="7.6700430">
    <ele>157.7</ele>
    <time>2024-04-20T20:02:59Z</time>
   </trkpt>
   <trkpt lat="48.3504900" lon="7.6700220">
    <ele>157.7</ele>
    <time>2024-04-20T20:03:00Z</time>
   </trkpt>
   <trkpt lat="48.3504320" lon="7.6699980">
    <ele>157.7</ele>
    <time>2024-04-20T20:03:01Z</time>
   </trkpt>
   <trkpt lat="48.3503750" lon="7.6699760">
    <ele>157.7</ele>
    <time>2024-04-20T20:03:02Z</time>
   </trkpt>
   <trkpt lat="48.3503180" lon="7.6699580">
    <ele>157.7</ele>
    <time>2024-04-20T20:03:03Z</time>
   </trkpt>
   <trkpt lat="48.3502620" lon="7.6699380">
    <ele>157.7</ele>
    <time>2024-04-20T20:03:04Z</time>
   </trkpt>
   <trkpt lat="48.3502060" lon="7.6699150">
    <ele>157.6</ele>
    <time>2024-04-20T20:03:05Z</time>
   </trkpt>
   <trkpt lat="48.3501470" lon="7.6698900">
    <ele>157.6</ele>
    <time>2024-04-20T20:03:06Z</time>
   </trkpt>
   <trkpt lat="48.3500880" lon="7.6698660">
    <ele>157.6</ele>
    <time>2024-04-20T20:03:07Z</time>
   </trkpt>
   <trkpt lat="48.3500280" lon="7.6698410">
    <ele>157.6</ele>
    <time>2024-04-20T20:03:08Z</time>
   </trkpt>
   <trkpt lat="48.3499700" lon="7.6698170">
    <ele>157.6</ele>
    <time>2024-04-20T20:03:09Z</time>
   </trkpt>
   <trkpt lat="48.3499120" lon="7.6697950">
    <ele>157.6</ele>
    <time>2024-04-20T20:03:10Z</time>
   </trkpt>
   <trkpt lat="48.3498530" lon="7.6697720">
    <ele>157.6</ele>
    <time>2024-04-20T20:03:11Z</time>
   </trkpt>
   <trkpt lat="48.3497940" lon="7.6697510">
    <ele>157.6</ele>
    <time>2024-04-20T20:03:12Z</time>
   </trkpt>
   <trkpt lat="48.3497360" lon="7.6697280">
    <ele>157.7</ele>
    <time>2024-04-20T20:03:13Z</time>
   </trkpt>
   <trkpt lat="48.3496760" lon="7.6697060">
    <ele>157.7</ele>
    <time>2024-04-20T20:03:14Z</time>
   </trkpt>
   <trkpt lat="48.3496180" lon="7.6696860">
    <ele>157.7</ele>
    <time>2024-04-20T20:03:15Z</time>
   </trkpt>
   <trkpt lat="48.3495600" lon="7.6696610">
    <ele>157.7</ele>
    <time>2024-04-20T20:03:16Z</time>
   </trkpt>
   <trkpt lat="48.3495040" lon="7.6696410">
    <ele>157.7</ele>
    <time>2024-04-20T20:03:17Z</time>
   </trkpt>
   <trkpt lat="48.3494470" lon="7.6696170">
    <ele>157.7</ele>
    <time>2024-04-20T20:03:18Z</time>
   </trkpt>
   <trkpt lat="48.3493880" lon="7.6695910">
    <ele>157.7</ele>
    <time>2024-04-20T20:03:19Z</time>
   </trkpt>
   <trkpt lat="48.3493290" lon="7.6695680">
    <ele>157.6</ele>
    <time>2024-04-20T20:03:20Z</time>
   </trkpt>
   <trkpt lat="48.3492710" lon="7.6695430">
    <ele>157.6</ele>
    <time>2024-04-20T20:03:21Z</time>
   </trkpt>
   <trkpt lat="48.3492140" lon="7.6695200">
    <ele>157.6</ele>
    <time>2024-04-20T20:03:22Z</time>
   </trkpt>
   <trkpt lat="48.3491550" lon="7.6694970">
    <ele>157.7</ele>
    <time>2024-04-20T20:03:23Z</time>
   </trkpt>
   <trkpt lat="48.3490970" lon="7.6694770">
    <ele>157.7</ele>
    <time>2024-04-20T20:03:24Z</time>
   </trkpt>
   <trkpt lat="48.3490410" lon="7.6694540">
    <ele>157.7</ele>
    <time>2024-04-20T20:03:25Z</time>
   </trkpt>
   <trkpt lat="48.3489850" lon="7.6694300">
    <ele>157.7</ele>
    <time>2024-04-20T20:03:26Z</time>
   </trkpt>
   <trkpt lat="48.3489300" lon="7.6694050">
    <ele>157.7</ele>
    <time>2024-04-20T20:03:27Z</time>
   </trkpt>
   <trkpt lat="48.3488750" lon="7.6693860">
    <ele>157.7</ele>
    <time>2024-04-20T20:03:28Z</time>
   </trkpt>
   <trkpt lat="48.3488170" lon="7.6693680">
    <ele>157.7</ele>
    <time>2024-04-20T20:03:29Z</time>
   </trkpt>
   <trkpt lat="48.3487630" lon="7.6693510">
    <ele>157.7</ele>
    <time>2024-04-20T20:03:30Z</time>
   </trkpt>
   <trkpt lat="48.3487070" lon="7.6693310">
    <ele>157.7</ele>
    <time>2024-04-20T20:03:31Z</time>
   </trkpt>
   <trkpt lat="48.3486530" lon="7.6693110">
    <ele>157.7</ele>
    <time>2024-04-20T20:03:32Z</time>
   </trkpt>
   <trkpt lat="48.3485990" lon="7.6692870">
    <ele>157.7</ele>
    <time>2024-04-20T20:03:33Z</time>
   </trkpt>
   <trkpt lat="48.3485420" lon="7.6692630">
    <ele>157.8</ele>
    <time>2024-04-20T20:03:34Z</time>
   </trkpt>
   <trkpt lat="48.3484850" lon="7.6692430">
    <ele>157.8</ele>
    <time>2024-04-20T20:03:35Z</time>
   </trkpt>
   <trkpt lat="48.3484310" lon="7.6692230">
    <ele>157.8</ele>
    <time>2024-04-20T20:03:36Z</time>
   </trkpt>
   <trkpt lat="48.3483780" lon="7.6692020">
    <ele>157.8</ele>
    <time>2024-04-20T20:03:37Z</time>
   </trkpt>
   <trkpt lat="48.3483220" lon="7.6691830">
    <ele>157.8</ele>
    <time>2024-04-20T20:03:38Z</time>
   </trkpt>
   <trkpt lat="48.3482670" lon="7.6691620">
    <ele>157.8</ele>
    <time>2024-04-20T20:03:39Z</time>
   </trkpt>
   <trkpt lat="48.3482140" lon="7.6691400">
    <ele>157.8</ele>
    <time>2024-04-20T20:03:40Z</time>
   </trkpt>
   <trkpt lat="48.3481600" lon="7.6691190">
    <ele>157.8</ele>
    <time>2024-04-20T20:03:41Z</time>
   </trkpt>
   <trkpt lat="48.3481030" lon="7.6690990">
    <ele>157.8</ele>
    <time>2024-04-20T20:03:42Z</time>
   </trkpt>
   <trkpt lat="48.3480450" lon="7.6690780">
    <ele>157.8</ele>
    <time>2024-04-20T20:03:43Z</time>
   </trkpt>
   <trkpt lat="48.3479880" lon="7.6690580">
    <ele>157.8</ele>
    <time>2024-04-20T20:03:44Z</time>
   </trkpt>
   <trkpt lat="48.3479300" lon="7.6690340">
    <ele>157.8</ele>
    <time>2024-04-20T20:03:45Z</time>
   </trkpt>
   <trkpt lat="48.3478740" lon="7.6690100">
    <ele>157.8</ele>
    <time>2024-04-20T20:03:46Z</time>
   </trkpt>
   <trkpt lat="48.3478170" lon="7.6689850">
    <ele>157.8</ele>
    <time>2024-04-20T20:03:47Z</time>
   </trkpt>
   <trkpt lat="48.3477590" lon="7.6689640">
    <ele>157.8</ele>
    <time>2024-04-20T20:03:48Z</time>
   </trkpt>
   <trkpt lat="48.3477030" lon="7.6689420">
    <ele>157.8</ele>
    <time>2024-04-20T20:03:49Z</time>
   </trkpt>
   <trkpt lat="48.3476450" lon="7.6689190">
    <ele>157.8</ele>
    <time>2024-04-20T20:03:50Z</time>
   </trkpt>
   <trkpt lat="48.3475890" lon="7.6688980">
    <ele>157.8</ele>
    <time>2024-04-20T20:03:51Z</time>
   </trkpt>
   <trkpt lat="48.3475330" lon="7.6688760">
    <ele>157.8</ele>
    <time>2024-04-20T20:03:52Z</time>
   </trkpt>
   <trkpt lat="48.3474760" lon="7.6688540">
    <ele>157.8</ele>
    <time>2024-04-20T20:03:53Z</time>
   </trkpt>
   <trkpt lat="48.3474200" lon="7.6688300">
    <ele>157.8</ele>
    <time>2024-04-20T20:03:54Z</time>
   </trkpt>
   <trkpt lat="48.3473640" lon="7.6688080">
    <ele>157.8</ele>
    <time>2024-04-20T20:03:55Z</time>
   </trkpt>
   <trkpt lat="48.3473080" lon="7.6687850">
    <ele>157.8</ele>
    <time>2024-04-20T20:03:56Z</time>
   </trkpt>
   <trkpt lat="48.3472510" lon="7.6687620">
    <ele>157.8</ele>
    <time>2024-04-20T20:03:57Z</time>
   </trkpt>
   <trkpt lat="48.3471950" lon="7.6687430">
    <ele>157.8</ele>
    <time>2024-04-20T20:03:58Z</time>
   </trkpt>
   <trkpt lat="48.3471400" lon="7.6687250">
    <ele>157.9</ele>
    <time>2024-04-20T20:03:59Z</time>
   </trkpt>
   <trkpt lat="48.3470840" lon="7.6687030">
    <ele>157.9</ele>
    <time>2024-04-20T20:04:00Z</time>
   </trkpt>
   <trkpt lat="48.3470290" lon="7.6686810">
    <ele>157.9</ele>
    <time>2024-04-20T20:04:01Z</time>
   </trkpt>
   <trkpt lat="48.3469730" lon="7.6686600">
    <ele>157.9</ele>
    <time>2024-04-20T20:04:02Z</time>
   </trkpt>
   <trkpt lat="48.3469180" lon="7.6686390">
    <ele>157.9</ele>
    <time>2024-04-20T20:04:03Z</time>
   </trkpt>
   <trkpt lat="48.3468640" lon="7.6686170">
    <ele>157.9</ele>
    <time>2024-04-20T20:04:04Z</time>
   </trkpt>
   <trkpt lat="48.3468090" lon="7.6685950">
    <ele>157.9</ele>
    <time>2024-04-20T20:04:05Z</time>
   </trkpt>
   <trkpt lat="48.3467560" lon="7.6685760">
    <ele>157.9</ele>
    <time>2024-04-20T20:04:06Z</time>
   </trkpt>
   <trkpt lat="48.3467030" lon="7.6685550">
    <ele>157.9</ele>
    <time>2024-04-20T20:04:07Z</time>
   </trkpt>
   <trkpt lat="48.3466490" lon="7.6685320">
    <ele>157.9</ele>
    <time>2024-04-20T20:04:08Z</time>
   </trkpt>
   <trkpt lat="48.3465960" lon="7.6685100">
    <ele>157.9</ele>
    <time>2024-04-20T20:04:09Z</time>
   </trkpt>
   <trkpt lat="48.3465430" lon="7.6684870">
    <ele>157.9</ele>
    <time>2024-04-20T20:04:10Z</time>
   </trkpt>
   <trkpt lat="48.3464890" lon="7.6684710">
    <ele>157.9</ele>
    <time>2024-04-20T20:04:11Z</time>
   </trkpt>
   <trkpt lat="48.3464350" lon="7.6684520">
    <ele>157.9</ele>
    <time>2024-04-20T20:04:12Z</time>
   </trkpt>
   <trkpt lat="48.3463810" lon="7.6684320">
    <ele>157.9</ele>
    <time>2024-04-20T20:04:13Z</time>
   </trkpt>
   <trkpt lat="48.3463260" lon="7.6684110">
    <ele>157.9</ele>
    <time>2024-04-20T20:04:14Z</time>
   </trkpt>
   <trkpt lat="48.3462730" lon="7.6683910">
    <ele>157.9</ele>
    <time>2024-04-20T20:04:15Z</time>
   </trkpt>
   <trkpt lat="48.3462200" lon="7.6683710">
    <ele>157.8</ele>
    <time>2024-04-20T20:04:16Z</time>
   </trkpt>
   <trkpt lat="48.3461660" lon="7.6683520">
    <ele>157.8</ele>
    <time>2024-04-20T20:04:17Z</time>
   </trkpt>
   <trkpt lat="48.3461110" lon="7.6683310">
    <ele>157.8</ele>
    <time>2024-04-20T20:04:18Z</time>
   </trkpt>
   <trkpt lat="48.3460550" lon="7.6683100">
    <ele>157.8</ele>
    <time>2024-04-20T20:04:19Z</time>
   </trkpt>
   <trkpt lat="48.3460000" lon="7.6682920">
    <ele>157.8</ele>
    <time>2024-04-20T20:04:20Z</time>
   </trkpt>
   <trkpt lat="48.3459450" lon="7.6682700">
    <ele>157.8</ele>
    <time>2024-04-20T20:04:21Z</time>
   </trkpt>
   <trkpt lat="48.3458900" lon="7.6682460">
    <ele>157.8</ele>
    <time>2024-04-20T20:04:22Z</time>
   </trkpt>
   <trkpt lat="48.3458340" lon="7.6682230">
    <ele>157.8</ele>
    <time>2024-04-20T20:04:23Z</time>
   </trkpt>
   <trkpt lat="48.3457770" lon="7.6682050">
    <ele>157.8</ele>
    <time>2024-04-20T20:04:24Z</time>
   </trkpt>
   <trkpt lat="48.3457210" lon="7.6681860">
    <ele>157.8</ele>
    <time>2024-04-20T20:04:25Z</time>
   </trkpt>
   <trkpt lat="48.3456660" lon="7.6681630">
    <ele>157.8</ele>
    <time>2024-04-20T20:04:26Z</time>
   </trkpt>
   <trkpt lat="48.3456110" lon="7.6681400">
    <ele>157.8</ele>
    <time>2024-04-20T20:04:27Z</time>
   </trkpt>
   <trkpt lat="48.3455550" lon="7.6681190">
    <ele>157.8</ele>
    <time>2024-04-20T20:04:28Z</time>
   </trkpt>
   <trkpt lat="48.3454980" lon="7.6680990">
    <ele>157.8</ele>
    <time>2024-04-20T20:04:29Z</time>
   </trkpt>
   <trkpt lat="48.3454390" lon="7.6680790">
    <ele>157.8</ele>
    <time>2024-04-20T20:04:30Z</time>
   </trkpt>
   <trkpt lat="48.3453820" lon="7.6680570">
    <ele>157.8</ele>
    <time>2024-04-20T20:04:31Z</time>
   </trkpt>
   <trkpt lat="48.3453270" lon="7.6680390">
    <ele>157.8</ele>
    <time>2024-04-20T20:04:32Z</time>
   </trkpt>
   <trkpt lat="48.3452710" lon="7.6680190">
    <ele>157.9</ele>
    <time>2024-04-20T20:04:33Z</time>
   </trkpt>
   <trkpt lat="48.3452150" lon="7.6679960">
    <ele>157.9</ele>
    <time>2024-04-20T20:04:34Z</time>
   </trkpt>
   <trkpt lat="48.3451590" lon="7.6679770">
    <ele>157.9</ele>
    <time>2024-04-20T20:04:35Z</time>
   </trkpt>
   <trkpt lat="48.3451030" lon="7.6679580">
    <ele>157.9</ele>
    <time>2024-04-20T20:04:36Z</time>
   </trkpt>
   <trkpt lat="48.3450490" lon="7.6679390">
    <ele>157.9</ele>
    <time>2024-04-20T20:04:37Z</time>
   </trkpt>
   <trkpt lat="48.3449940" lon="7.6679180">
    <ele>157.9</ele>
    <time>2024-04-20T20:04:38Z</time>
   </trkpt>
   <trkpt lat="48.3449400" lon="7.6678970">
    <ele>157.9</ele>
    <time>2024-04-20T20:04:39Z</time>
   </trkpt>
   <trkpt lat="48.3448840" lon="7.6678760">
    <ele>157.9</ele>
    <time>2024-04-20T20:04:40Z</time>
   </trkpt>
   <trkpt lat="48.3448270" lon="7.6678560">
    <ele>158.0</ele>
    <time>2024-04-20T20:04:41Z</time>
   </trkpt>
   <trkpt lat="48.3447710" lon="7.6678370">
    <ele>158.0</ele>
    <time>2024-04-20T20:04:42Z</time>
   </trkpt>
   <trkpt lat="48.3447150" lon="7.6678150">
    <ele>158.0</ele>
    <time>2024-04-20T20:04:43Z</time>
   </trkpt>
   <trkpt lat="48.3446600" lon="7.6677900">
    <ele>158.0</ele>
    <time>2024-04-20T20:04:44Z</time>
   </trkpt>
   <trkpt lat="48.3446040" lon="7.6677680">
    <ele>158.0</ele>
    <time>2024-04-20T20:04:45Z</time>
   </trkpt>
   <trkpt lat="48.3445460" lon="7.6677460">
    <ele>158.0</ele>
    <time>2024-04-20T20:04:46Z</time>
   </trkpt>
   <trkpt lat="48.3444890" lon="7.6677230">
    <ele>158.0</ele>
    <time>2024-04-20T20:04:47Z</time>
   </trkpt>
   <trkpt lat="48.3444330" lon="7.6676990">
    <ele>157.9</ele>
    <time>2024-04-20T20:04:48Z</time>
   </trkpt>
   <trkpt lat="48.3443780" lon="7.6676770">
    <ele>157.9</ele>
    <time>2024-04-20T20:04:49Z</time>
   </trkpt>
   <trkpt lat="48.3443220" lon="7.6676560">
    <ele>157.9</ele>
    <time>2024-04-20T20:04:50Z</time>
   </trkpt>
   <trkpt lat="48.3442660" lon="7.6676350">
    <ele>157.9</ele>
    <time>2024-04-20T20:04:51Z</time>
   </trkpt>
   <trkpt lat="48.3442090" lon="7.6676130">
    <ele>157.9</ele>
    <time>2024-04-20T20:04:52Z</time>
   </trkpt>
   <trkpt lat="48.3441500" lon="7.6675890">
    <ele>157.9</ele>
    <time>2024-04-20T20:04:53Z</time>
   </trkpt>
   <trkpt lat="48.3440910" lon="7.6675640">
    <ele>157.9</ele>
    <time>2024-04-20T20:04:54Z</time>
   </trkpt>
   <trkpt lat="48.3440340" lon="7.6675410">
    <ele>157.9</ele>
    <time>2024-04-20T20:04:55Z</time>
   </trkpt>
   <trkpt lat="48.3439750" lon="7.6675190">
    <ele>158.0</ele>
    <time>2024-04-20T20:04:56Z</time>
   </trkpt>
   <trkpt lat="48.3439160" lon="7.6675010">
    <ele>158.0</ele>
    <time>2024-04-20T20:04:57Z</time>
   </trkpt>
   <trkpt lat="48.3438580" lon="7.6674820">
    <ele>158.1</ele>
    <time>2024-04-20T20:04:58Z</time>
   </trkpt>
   <trkpt lat="48.3438030" lon="7.6674620">
    <ele>158.1</ele>
    <time>2024-04-20T20:04:59Z</time>
   </trkpt>
   <trkpt lat="48.3437470" lon="7.6674400">
    <ele>158.2</ele>
    <time>2024-04-20T20:05:00Z</time>
   </trkpt>
   <trkpt lat="48.3436910" lon="7.6674180">
    <ele>158.2</ele>
    <time>2024-04-20T20:05:01Z</time>
   </trkpt>
   <trkpt lat="48.3436360" lon="7.6673950">
    <ele>158.2</ele>
    <time>2024-04-20T20:05:02Z</time>
   </trkpt>
   <trkpt lat="48.3435800" lon="7.6673730">
    <ele>158.2</ele>
    <time>2024-04-20T20:05:03Z</time>
   </trkpt>
   <trkpt lat="48.3435240" lon="7.6673540">
    <ele>158.2</ele>
    <time>2024-04-20T20:05:04Z</time>
   </trkpt>
   <trkpt lat="48.3434690" lon="7.6673340">
    <ele>158.2</ele>
    <time>2024-04-20T20:05:05Z</time>
   </trkpt>
   <trkpt lat="48.3434120" lon="7.6673110">
    <ele>158.2</ele>
    <time>2024-04-20T20:05:06Z</time>
   </trkpt>
   <trkpt lat="48.3433550" lon="7.6672890">
    <ele>158.2</ele>
    <time>2024-04-20T20:05:07Z</time>
   </trkpt>
   <trkpt lat="48.3432980" lon="7.6672660">
    <ele>158.2</ele>
    <time>2024-04-20T20:05:08Z</time>
   </trkpt>
   <trkpt lat="48.3432420" lon="7.6672420">
    <ele>158.2</ele>
    <time>2024-04-20T20:05:09Z</time>
   </trkpt>
   <trkpt lat="48.3431840" lon="7.6672210">
    <ele>158.2</ele>
    <time>2024-04-20T20:05:10Z</time>
   </trkpt>
   <trkpt lat="48.3431280" lon="7.6672020">
    <ele>158.2</ele>
    <time>2024-04-20T20:05:11Z</time>
   </trkpt>
   <trkpt lat="48.3430710" lon="7.6671800">
    <ele>158.1</ele>
    <time>2024-04-20T20:05:12Z</time>
   </trkpt>
   <trkpt lat="48.3430140" lon="7.6671610">
    <ele>158.1</ele>
    <time>2024-04-20T20:05:13Z</time>
   </trkpt>
   <trkpt lat="48.3429580" lon="7.6671400">
    <ele>158.0</ele>
    <time>2024-04-20T20:05:14Z</time>
   </trkpt>
   <trkpt lat="48.3429030" lon="7.6671170">
    <ele>158.0</ele>
    <time>2024-04-20T20:05:15Z</time>
   </trkpt>
   <trkpt lat="48.3428470" lon="7.6670950">
    <ele>158.0</ele>
    <time>2024-04-20T20:05:16Z</time>
   </trkpt>
   <trkpt lat="48.3427920" lon="7.6670720">
    <ele>157.9</ele>
    <time>2024-04-20T20:05:17Z</time>
   </trkpt>
   <trkpt lat="48.3427350" lon="7.6670490">
    <ele>157.9</ele>
    <time>2024-04-20T20:05:18Z</time>
   </trkpt>
   <trkpt lat="48.3426780" lon="7.6670280">
    <ele>157.8</ele>
    <time>2024-04-20T20:05:19Z</time>
   </trkpt>
   <trkpt lat="48.3426220" lon="7.6670080">
    <ele>157.8</ele>
    <time>2024-04-20T20:05:20Z</time>
   </trkpt>
   <trkpt lat="48.3425640" lon="7.6669880">
    <ele>157.8</ele>
    <time>2024-04-20T20:05:21Z</time>
   </trkpt>
   <trkpt lat="48.3425060" lon="7.6669650">
    <ele>157.8</ele>
    <time>2024-04-20T20:05:22Z</time>
   </trkpt>
   <trkpt lat="48.3424480" lon="7.6669420">
    <ele>157.8</ele>
    <time>2024-04-20T20:05:23Z</time>
   </trkpt>
   <trkpt lat="48.3423920" lon="7.6669210">
    <ele>157.8</ele>
    <time>2024-04-20T20:05:24Z</time>
   </trkpt>
   <trkpt lat="48.3423370" lon="7.6668970">
    <ele>157.8</ele>
    <time>2024-04-20T20:05:25Z</time>
   </trkpt>
   <trkpt lat="48.3422800" lon="7.6668750">
    <ele>157.8</ele>
    <time>2024-04-20T20:05:26Z</time>
   </trkpt>
   <trkpt lat="48.3422250" lon="7.6668540">
    <ele>157.8</ele>
    <time>2024-04-20T20:05:27Z</time>
   </trkpt>
   <trkpt lat="48.3421700" lon="7.6668330">
    <ele>157.8</ele>
    <time>2024-04-20T20:05:28Z</time>
   </trkpt>
   <trkpt lat="48.3421170" lon="7.6668130">
    <ele>157.8</ele>
    <time>2024-04-20T20:05:29Z</time>
   </trkpt>
   <trkpt lat="48.3420620" lon="7.6667910">
    <ele>157.8</ele>
    <time>2024-04-20T20:05:30Z</time>
   </trkpt>
   <trkpt lat="48.3420080" lon="7.6667660">
    <ele>157.7</ele>
    <time>2024-04-20T20:05:31Z</time>
   </trkpt>
   <trkpt lat="48.3419540" lon="7.6667410">
    <ele>157.7</ele>
    <time>2024-04-20T20:05:32Z</time>
   </trkpt>
   <trkpt lat="48.3419000" lon="7.6667190">
    <ele>157.7</ele>
    <time>2024-04-20T20:05:33Z</time>
   </trkpt>
   <trkpt lat="48.3418460" lon="7.6666970">
    <ele>157.7</ele>
    <time>2024-04-20T20:05:34Z</time>
   </trkpt>
   <trkpt lat="48.3417950" lon="7.6666710">
    <ele>157.7</ele>
    <time>2024-04-20T20:05:35Z</time>
   </trkpt>
   <trkpt lat="48.3417420" lon="7.6666470">
    <ele>157.7</ele>
    <time>2024-04-20T20:05:36Z</time>
   </trkpt>
   <trkpt lat="48.3416880" lon="7.6666270">
    <ele>157.8</ele>
    <time>2024-04-20T20:05:37Z</time>
   </trkpt>
   <trkpt lat="48.3416330" lon="7.6666030">
    <ele>157.8</ele>
    <time>2024-04-20T20:05:38Z</time>
   </trkpt>
   <trkpt lat="48.3415810" lon="7.6665770">
    <ele>157.8</ele>
    <time>2024-04-20T20:05:39Z</time>
   </trkpt>
   <trkpt lat="48.3415270" lon="7.6665530">
    <ele>157.8</ele>
    <time>2024-04-20T20:05:40Z</time>
   </trkpt>
   <trkpt lat="48.3414730" lon="7.6665290">
    <ele>157.8</ele>
    <time>2024-04-20T20:05:41Z</time>
   </trkpt>
   <trkpt lat="48.3414210" lon="7.6665090">
    <ele>157.7</ele>
    <time>2024-04-20T20:05:42Z</time>
   </trkpt>
   <trkpt lat="48.3413680" lon="7.6664880">
    <ele>157.7</ele>
    <time>2024-04-20T20:05:43Z</time>
   </trkpt>
   <trkpt lat="48.3413140" lon="7.6664660">
    <ele>157.7</ele>
    <time>2024-04-20T20:05:44Z</time>
   </trkpt>
   <trkpt lat="48.3412610" lon="7.6664440">
    <ele>157.7</ele>
    <time>2024-04-20T20:05:45Z</time>
   </trkpt>
   <trkpt lat="48.3412100" lon="7.6664240">
    <ele>157.7</ele>
    <time>2024-04-20T20:05:46Z</time>
   </trkpt>
   <trkpt lat="48.3411570" lon="7.6664050">
    <ele>157.7</ele>
    <time>2024-04-20T20:05:47Z</time>
   </trkpt>
   <trkpt lat="48.3411030" lon="7.6663830">
    <ele>157.6</ele>
    <time>2024-04-20T20:05:48Z</time>
   </trkpt>
   <trkpt lat="48.3410500" lon="7.6663610">
    <ele>157.6</ele>
    <time>2024-04-20T20:05:49Z</time>
   </trkpt>
   <trkpt lat="48.3409960" lon="7.6663370">
    <ele>157.6</ele>
    <time>2024-04-20T20:05:50Z</time>
   </trkpt>
   <trkpt lat="48.3409410" lon="7.6663110">
    <ele>157.6</ele>
    <time>2024-04-20T20:05:51Z</time>
   </trkpt>
   <trkpt lat="48.3408880" lon="7.6662900">
    <ele>157.5</ele>
    <time>2024-04-20T20:05:52Z</time>
   </trkpt>
   <trkpt lat="48.3408320" lon="7.6662650">
    <ele>157.5</ele>
    <time>2024-04-20T20:05:53Z</time>
   </trkpt>
   <trkpt lat="48.3407770" lon="7.6662360">
    <ele>157.4</ele>
    <time>2024-04-20T20:05:54Z</time>
   </trkpt>
   <trkpt lat="48.3407210" lon="7.6662070">
    <ele>157.4</ele>
    <time>2024-04-20T20:05:55Z</time>
   </trkpt>
   <trkpt lat="48.3406640" lon="7.6661770">
    <ele>157.3</ele>
    <time>2024-04-20T20:05:56Z</time>
   </trkpt>
   <trkpt lat="48.3406090" lon="7.6661520">
    <ele>157.3</ele>
    <time>2024-04-20T20:05:57Z</time>
   </trkpt>
   <trkpt lat="48.3405550" lon="7.6661250">
    <ele>157.3</ele>
    <time>2024-04-20T20:05:58Z</time>
   </trkpt>
   <trkpt lat="48.3405010" lon="7.6660960">
    <ele>157.3</ele>
    <time>2024-04-20T20:05:59Z</time>
   </trkpt>
   <trkpt lat="48.3404480" lon="7.6660680">
    <ele>157.3</ele>
    <time>2024-04-20T20:06:00Z</time>
   </trkpt>
   <trkpt lat="48.3403960" lon="7.6660370">
    <ele>157.3</ele>
    <time>2024-04-20T20:06:01Z</time>
   </trkpt>
   <trkpt lat="48.3403470" lon="7.6660030">
    <ele>157.3</ele>
    <time>2024-04-20T20:06:02Z</time>
   </trkpt>
   <trkpt lat="48.3402960" lon="7.6659690">
    <ele>157.3</ele>
    <time>2024-04-20T20:06:03Z</time>
   </trkpt>
   <trkpt lat="48.3402450" lon="7.6659370">
    <ele>157.3</ele>
    <time>2024-04-20T20:06:04Z</time>
   </trkpt>
   <trkpt lat="48.3401950" lon="7.6659050">
    <ele>157.4</ele>
    <time>2024-04-20T20:06:05Z</time>
   </trkpt>
   <trkpt lat="48.3401440" lon="7.6658750">
    <ele>157.4</ele>
    <time>2024-04-20T20:06:06Z</time>
   </trkpt>
   <trkpt lat="48.3400950" lon="7.6658410">
    <ele>157.4</ele>
    <time>2024-04-20T20:06:07Z</time>
   </trkpt>
   <trkpt lat="48.3400480" lon="7.6658040">
    <ele>157.3</ele>
    <time>2024-04-20T20:06:08Z</time>
   </trkpt>
   <trkpt lat="48.3400010" lon="7.6657660">
    <ele>157.3</ele>
    <time>2024-04-20T20:06:09Z</time>
   </trkpt>
   <trkpt lat="48.3399530" lon="7.6657290">
    <ele>157.3</ele>
    <time>2024-04-20T20:06:10Z</time>
   </trkpt>
   <trkpt lat="48.3399040" lon="7.6656980">
    <ele>157.3</ele>
    <time>2024-04-20T20:06:11Z</time>
   </trkpt>
   <trkpt lat="48.3398550" lon="7.6656630">
    <ele>157.3</ele>
    <time>2024-04-20T20:06:12Z</time>
   </trkpt>
   <trkpt lat="48.3398060" lon="7.6656270">
    <ele>157.3</ele>
    <time>2024-04-20T20:06:13Z</time>
   </trkpt>
   <trkpt lat="48.3397560" lon="7.6655900">
    <ele>157.3</ele>
    <time>2024-04-20T20:06:14Z</time>
   </trkpt>
   <trkpt lat="48.3397070" lon="7.6655530">
    <ele>157.3</ele>
    <time>2024-04-20T20:06:15Z</time>
   </trkpt>
   <trkpt lat="48.3396590" lon="7.6655170">
    <ele>157.3</ele>
    <time>2024-04-20T20:06:16Z</time>
   </trkpt>
   <trkpt lat="48.3396110" lon="7.6654840">
    <ele>157.3</ele>
    <time>2024-04-20T20:06:17Z</time>
   </trkpt>
   <trkpt lat="48.3395620" lon="7.6654480">
    <ele>157.3</ele>
    <time>2024-04-20T20:06:18Z</time>
   </trkpt>
   <trkpt lat="48.3395140" lon="7.6654090">
    <ele>157.2</ele>
    <time>2024-04-20T20:06:19Z</time>
   </trkpt>
   <trkpt lat="48.3394640" lon="7.6653720">
    <ele>157.2</ele>
    <time>2024-04-20T20:06:20Z</time>
   </trkpt>
   <trkpt lat="48.3394150" lon="7.6653340">
    <ele>157.2</ele>
    <time>2024-04-20T20:06:21Z</time>
   </trkpt>
   <trkpt lat="48.3393670" lon="7.6652960">
    <ele>157.1</ele>
    <time>2024-04-20T20:06:22Z</time>
   </trkpt>
   <trkpt lat="48.3393210" lon="7.6652560">
    <ele>157.1</ele>
    <time>2024-04-20T20:06:23Z</time>
   </trkpt>
   <trkpt lat="48.3392730" lon="7.6652140">
    <ele>157.1</ele>
    <time>2024-04-20T20:06:24Z</time>
   </trkpt>
   <trkpt lat="48.3392260" lon="7.6651770">
    <ele>157.1</ele>
    <time>2024-04-20T20:06:25Z</time>
   </trkpt>
   <trkpt lat="48.3391770" lon="7.6651380">
    <ele>157.1</ele>
    <time>2024-04-20T20:06:26Z</time>
   </trkpt>
   <trkpt lat="48.3391270" lon="7.6651000">
    <ele>157.1</ele>
    <time>2024-04-20T20:06:27Z</time>
   </trkpt>
   <trkpt lat="48.3390790" lon="7.6650600">
    <ele>157.0</ele>
    <time>2024-04-20T20:06:28Z</time>
   </trkpt>
   <trkpt lat="48.3390290" lon="7.6650200">
    <ele>157.0</ele>
    <time>2024-04-20T20:06:29Z</time>
   </trkpt>
   <trkpt lat="48.3389790" lon="7.6649820">
    <ele>157.0</ele>
    <time>2024-04-20T20:06:30Z</time>
   </trkpt>
   <trkpt lat="48.3389260" lon="7.6649450">
    <ele>156.9</ele>
    <time>2024-04-20T20:06:31Z</time>
   </trkpt>
   <trkpt lat="48.3388740" lon="7.6649100">
    <ele>156.9</ele>
    <time>2024-04-20T20:06:32Z</time>
   </trkpt>
   <trkpt lat="48.3388250" lon="7.6648710">
    <ele>156.8</ele>
    <time>2024-04-20T20:06:33Z</time>
   </trkpt>
   <trkpt lat="48.3387750" lon="7.6648330">
    <ele>156.8</ele>
    <time>2024-04-20T20:06:34Z</time>
   </trkpt>
   <trkpt lat="48.3387260" lon="7.6647930">
    <ele>156.8</ele>
    <time>2024-04-20T20:06:35Z</time>
   </trkpt>
   <trkpt lat="48.3386750" lon="7.6647520">
    <ele>156.8</ele>
    <time>2024-04-20T20:06:36Z</time>
   </trkpt>
   <trkpt lat="48.3386230" lon="7.6647130">
    <ele>156.8</ele>
    <time>2024-04-20T20:06:37Z</time>
   </trkpt>
   <trkpt lat="48.3385710" lon="7.6646760">
    <ele>156.8</ele>
    <time>2024-04-20T20:06:38Z</time>
   </trkpt>
   <trkpt lat="48.3385190" lon="7.6646370">
    <ele>156.8</ele>
    <time>2024-04-20T20:06:39Z</time>
   </trkpt>
   <trkpt lat="48.3384690" lon="7.6645950">
    <ele>156.9</ele>
    <time>2024-04-20T20:06:40Z</time>
   </trkpt>
   <trkpt lat="48.3384180" lon="7.6645560">
    <ele>156.9</ele>
    <time>2024-04-20T20:06:41Z</time>
   </trkpt>
   <trkpt lat="48.3383680" lon="7.6645210">
    <ele>156.9</ele>
    <time>2024-04-20T20:06:42Z</time>
   </trkpt>
   <trkpt lat="48.3383200" lon="7.6644830">
    <ele>157.0</ele>
    <time>2024-04-20T20:06:43Z</time>
   </trkpt>
   <trkpt lat="48.3382720" lon="7.6644450">
    <ele>157.0</ele>
    <time>2024-04-20T20:06:44Z</time>
   </trkpt>
   <trkpt lat="48.3382250" lon="7.6644040">
    <ele>157.0</ele>
    <time>2024-04-20T20:06:45Z</time>
   </trkpt>
   <trkpt lat="48.3381770" lon="7.6643640">
    <ele>157.1</ele>
    <time>2024-04-20T20:06:46Z</time>
   </trkpt>
   <trkpt lat="48.3381290" lon="7.6643260">
    <ele>157.1</ele>
    <time>2024-04-20T20:06:47Z</time>
   </trkpt>
   <trkpt lat="48.3380810" lon="7.6642890">
    <ele>157.1</ele>
    <time>2024-04-20T20:06:48Z</time>
   </trkpt>
   <trkpt lat="48.3380320" lon="7.6642530">
    <ele>157.2</ele>
    <time>2024-04-20T20:06:49Z</time>
   </trkpt>
   <trkpt lat="48.3379840" lon="7.6642180">
    <ele>157.2</ele>
    <time>2024-04-20T20:06:50Z</time>
   </trkpt>
   <trkpt lat="48.3379350" lon="7.6641820">
    <ele>157.3</ele>
    <time>2024-04-20T20:06:51Z</time>
   </trkpt>
   <trkpt lat="48.3378850" lon="7.6641470">
    <ele>157.4</ele>
    <time>2024-04-20T20:06:52Z</time>
   </trkpt>
   <trkpt lat="48.3378360" lon="7.6641140">
    <ele>157.6</ele>
    <time>2024-04-20T20:06:53Z</time>
   </trkpt>
   <trkpt lat="48.3377870" lon="7.6640790">
    <ele>157.7</ele>
    <time>2024-04-20T20:06:54Z</time>
   </trkpt>
   <trkpt lat="48.3377410" lon="7.6640430">
    <ele>157.9</ele>
    <time>2024-04-20T20:06:55Z</time>
   </trkpt>
   <trkpt lat="48.3376970" lon="7.6639990">
    <ele>158.1</ele>
    <time>2024-04-20T20:06:56Z</time>
   </trkpt>
   <trkpt lat="48.3376570" lon="7.6639460">
    <ele>158.3</ele>
    <time>2024-04-20T20:06:57Z</time>
   </trkpt>
   <trkpt lat="48.3376240" lon="7.6638900">
    <ele>158.6</ele>
    <time>2024-04-20T20:06:58Z</time>
   </trkpt>
   <trkpt lat="48.3375970" lon="7.6638350">
    <ele>159.0</ele>
    <time>2024-04-20T20:06:59Z</time>
   </trkpt>
   <trkpt lat="48.3375760" lon="7.6637820">
    <ele>159.4</ele>
    <time>2024-04-20T20:07:00Z</time>
   </trkpt>
   <trkpt lat="48.3375560" lon="7.6637410">
    <ele>159.7</ele>
    <time>2024-04-20T20:07:01Z</time>
   </trkpt>
   <trkpt lat="48.3375340" lon="7.6636970">
    <ele>160.2</ele>
    <time>2024-04-20T20:07:02Z</time>
   </trkpt>
   <trkpt lat="48.3375260" lon="7.6636840">
    <ele>160.3</ele>
    <time>2024-04-20T20:07:03Z</time>
   </trkpt>
   <trkpt lat="48.3375110" lon="7.6636630">
    <ele>160.5</ele>
    <time>2024-04-20T20:07:04Z</time>
   </trkpt>
   <trkpt lat="48.3375010" lon="7.6636450">
    <ele>160.7</ele>
    <time>2024-04-20T20:07:05Z</time>
   </trkpt>
   <trkpt lat="48.3374750" lon="7.6636460">
    <ele>160.8</ele>
    <time>2024-04-20T20:07:06Z</time>
   </trkpt>
   <trkpt lat="48.3374660" lon="7.6636530">
    <ele>160.8</ele>
    <time>2024-04-20T20:07:07Z</time>
   </trkpt>
   <trkpt lat="48.3374410" lon="7.6636790">
    <ele>160.9</ele>
    <time>2024-04-20T20:07:08Z</time>
   </trkpt>
   <trkpt lat="48.3374320" lon="7.6636850">
    <ele>160.9</ele>
    <time>2024-04-20T20:07:09Z</time>
   </trkpt>
   <trkpt lat="48.3374060" lon="7.6637210">
    <ele>161.0</ele>
    <time>2024-04-20T20:07:10Z</time>
   </trkpt>
   <trkpt lat="48.3373980" lon="7.6637370">
    <ele>161.1</ele>
    <time>2024-04-20T20:07:11Z</time>
   </trkpt>
   <trkpt lat="48.3373820" lon="7.6637770">
    <ele>161.1</ele>
    <time>2024-04-20T20:07:12Z</time>
   </trkpt>
   <trkpt lat="48.3373670" lon="7.6638190">
    <ele>161.2</ele>
    <time>2024-04-20T20:07:13Z</time>
   </trkpt>
   <trkpt lat="48.3373540" lon="7.6638620">
    <ele>161.2</ele>
    <time>2024-04-20T20:07:14Z</time>
   </trkpt>
   <trkpt lat="48.3373410" lon="7.6639060">
    <ele>161.3</ele>
    <time>2024-04-20T20:07:15Z</time>
   </trkpt>
   <trkpt lat="48.3373260" lon="7.6639480">
    <ele>161.3</ele>
    <time>2024-04-20T20:07:16Z</time>
   </trkpt>
   <trkpt lat="48.3373130" lon="7.6639880">
    <ele>161.3</ele>
    <time>2024-04-20T20:07:17Z</time>
   </trkpt>
   <trkpt lat="48.3373010" lon="7.6640270">
    <ele>161.3</ele>
    <time>2024-04-20T20:07:18Z</time>
   </trkpt>
   <trkpt lat="48.3372900" lon="7.6640660">
    <ele>161.3</ele>
    <time>2024-04-20T20:07:19Z</time>
   </trkpt>
   <trkpt lat="48.3372790" lon="7.6641050">
    <ele>161.3</ele>
    <time>2024-04-20T20:07:20Z</time>
   </trkpt>
   <trkpt lat="48.3372560" lon="7.6641470">
    <ele>161.3</ele>
    <time>2024-04-20T20:07:21Z</time>
   </trkpt>
   <trkpt lat="48.3372460" lon="7.6641570">
    <ele>161.3</ele>
    <time>2024-04-20T20:07:22Z</time>
   </trkpt>
   <trkpt lat="48.3372160" lon="7.6641490">
    <ele>161.3</ele>
    <time>2024-04-20T20:07:23Z</time>
   </trkpt>
   <trkpt lat="48.3371870" lon="7.6641110">
    <ele>160.9</ele>
    <time>2024-04-20T20:07:24Z</time>
   </trkpt>
   <trkpt lat="48.3371630" lon="7.6640570">
    <ele>160.6</ele>
    <time>2024-04-20T20:07:25Z</time>
   </trkpt>
   <trkpt lat="48.3371390" lon="7.6639650">
    <ele>160.0</ele>
    <time>2024-04-20T20:07:26Z</time>
   </trkpt>
   <trkpt lat="48.3371020" lon="7.6639040">
    <ele>159.6</ele>
    <time>2024-04-20T20:07:27Z</time>
   </trkpt>
   <trkpt lat="48.3370550" lon="7.6638530">
    <ele>159.2</ele>
    <time>2024-04-20T20:07:28Z</time>
   </trkpt>
   <trkpt lat="48.3370010" lon="7.6638070">
    <ele>158.9</ele>
    <time>2024-04-20T20:07:29Z</time>
   </trkpt>
   <trkpt lat="48.3369430" lon="7.6637620">
    <ele>158.7</ele>
    <time>2024-04-20T20:07:30Z</time>
   </trkpt>
   <trkpt lat="48.3368820" lon="7.6637220">
    <ele>158.6</ele>
    <time>2024-04-20T20:07:31Z</time>
   </trkpt>
   <trkpt lat="48.3368200" lon="7.6636820">
    <ele>158.4</ele>
    <time>2024-04-20T20:07:32Z</time>
   </trkpt>
   <trkpt lat="48.3367590" lon="7.6636370">
    <ele>158.3</ele>
    <time>2024-04-20T20:07:33Z</time>
   </trkpt>
   <trkpt lat="48.3367000" lon="7.6635950">
    <ele>158.3</ele>
    <time>2024-04-20T20:07:34Z</time>
   </trkpt>
   <trkpt lat="48.3366420" lon="7.6635530">
    <ele>158.2</ele>
    <time>2024-04-20T20:07:35Z</time>
   </trkpt>
   <trkpt lat="48.3365820" lon="7.6635030">
    <ele>158.2</ele>
    <time>2024-04-20T20:07:36Z</time>
   </trkpt>
   <trkpt lat="48.3365200" lon="7.6634550">
    <ele>158.1</ele>
    <time>2024-04-20T20:07:37Z</time>
   </trkpt>
   <trkpt lat="48.3364580" lon="7.6634120">
    <ele>158.1</ele>
    <time>2024-04-20T20:07:38Z</time>
   </trkpt>
   <trkpt lat="48.3363980" lon="7.6633660">
    <ele>158.1</ele>
    <time>2024-04-20T20:07:39Z</time>
   </trkpt>
   <trkpt lat="48.3363390" lon="7.6633170">
    <ele>158.1</ele>
    <time>2024-04-20T20:07:40Z</time>
   </trkpt>
   <trkpt lat="48.3362760" lon="7.6632720">
    <ele>158.0</ele>
    <time>2024-04-20T20:07:41Z</time>
   </trkpt>
   <trkpt lat="48.3362130" lon="7.6632260">
    <ele>158.0</ele>
    <time>2024-04-20T20:07:42Z</time>
   </trkpt>
   <trkpt lat="48.3361510" lon="7.6631760">
    <ele>158.0</ele>
    <time>2024-04-20T20:07:43Z</time>
   </trkpt>
   <trkpt lat="48.3360880" lon="7.6631240">
    <ele>158.0</ele>
    <time>2024-04-20T20:07:44Z</time>
   </trkpt>
   <trkpt lat="48.3360220" lon="7.6630800">
    <ele>158.0</ele>
    <time>2024-04-20T20:07:45Z</time>
   </trkpt>
   <trkpt lat="48.3359580" lon="7.6630340">
    <ele>158.0</ele>
    <time>2024-04-20T20:07:46Z</time>
   </trkpt>
   <trkpt lat="48.3358920" lon="7.6629920">
    <ele>158.0</ele>
    <time>2024-04-20T20:07:47Z</time>
   </trkpt>
   <trkpt lat="48.3358290" lon="7.6629430">
    <ele>158.0</ele>
    <time>2024-04-20T20:07:48Z</time>
   </trkpt>
   <trkpt lat="48.3357680" lon="7.6628880">
    <ele>157.9</ele>
    <time>2024-04-20T20:07:49Z</time>
   </trkpt>
   <trkpt lat="48.3357040" lon="7.6628350">
    <ele>157.9</ele>
    <time>2024-04-20T20:07:50Z</time>
   </trkpt>
   <trkpt lat="48.3356410" lon="7.6627860">
    <ele>157.9</ele>
    <time>2024-04-20T20:07:51Z</time>
   </trkpt>
   <trkpt lat="48.3355790" lon="7.6627360">
    <ele>157.9</ele>
    <time>2024-04-20T20:07:52Z</time>
   </trkpt>
   <trkpt lat="48.3355140" lon="7.6626930">
    <ele>157.9</ele>
    <time>2024-04-20T20:07:53Z</time>
   </trkpt>
   <trkpt lat="48.3354500" lon="7.6626450">
    <ele>157.9</ele>
    <time>2024-04-20T20:07:54Z</time>
   </trkpt>
   <trkpt lat="48.3353850" lon="7.6625950">
    <ele>157.9</ele>
    <time>2024-04-20T20:07:55Z</time>
   </trkpt>
   <trkpt lat="48.3353210" lon="7.6625490">
    <ele>157.9</ele>
    <time>2024-04-20T20:07:56Z</time>
   </trkpt>
   <trkpt lat="48.3352580" lon="7.6625040">
    <ele>157.9</ele>
    <time>2024-04-20T20:07:57Z</time>
   </trkpt>
   <trkpt lat="48.3351970" lon="7.6624540">
    <ele>157.9</ele>
    <time>2024-04-20T20:07:58Z</time>
   </trkpt>
   <trkpt lat="48.3351350" lon="7.6624030">
    <ele>157.9</ele>
    <time>2024-04-20T20:07:59Z</time>
   </trkpt>
   <trkpt lat="48.3350750" lon="7.6623570">
    <ele>157.9</ele>
    <time>2024-04-20T20:08:00Z</time>
   </trkpt>
   <trkpt lat="48.3350120" lon="7.6623100">
    <ele>157.9</ele>
    <time>2024-04-20T20:08:01Z</time>
   </trkpt>
   <trkpt lat="48.3349450" lon="7.6622600">
    <ele>157.9</ele>
    <time>2024-04-20T20:08:02Z</time>
   </trkpt>
   <trkpt lat="48.3348810" lon="7.6622120">
    <ele>157.9</ele>
    <time>2024-04-20T20:08:03Z</time>
   </trkpt>
   <trkpt lat="48.3348190" lon="7.6621590">
    <ele>158.0</ele>
    <time>2024-04-20T20:08:04Z</time>
   </trkpt>
   <trkpt lat="48.3347580" lon="7.6621070">
    <ele>158.0</ele>
    <time>2024-04-20T20:08:05Z</time>
   </trkpt>
   <trkpt lat="48.3346980" lon="7.6620590">
    <ele>158.0</ele>
    <time>2024-04-20T20:08:06Z</time>
   </trkpt>
   <trkpt lat="48.3346360" lon="7.6620100">
    <ele>158.0</ele>
    <time>2024-04-20T20:08:07Z</time>
   </trkpt>
   <trkpt lat="48.3345730" lon="7.6619630">
    <ele>158.1</ele>
    <time>2024-04-20T20:08:08Z</time>
   </trkpt>
   <trkpt lat="48.3345140" lon="7.6619150">
    <ele>158.1</ele>
    <time>2024-04-20T20:08:09Z</time>
   </trkpt>
   <trkpt lat="48.3344520" lon="7.6618660">
    <ele>158.2</ele>
    <time>2024-04-20T20:08:10Z</time>
   </trkpt>
   <trkpt lat="48.3343910" lon="7.6618160">
    <ele>158.2</ele>
    <time>2024-04-20T20:08:11Z</time>
   </trkpt>
   <trkpt lat="48.3343290" lon="7.6617700">
    <ele>158.2</ele>
    <time>2024-04-20T20:08:12Z</time>
   </trkpt>
   <trkpt lat="48.3342700" lon="7.6617220">
    <ele>158.3</ele>
    <time>2024-04-20T20:08:13Z</time>
   </trkpt>
   <trkpt lat="48.3342100" lon="7.6616760">
    <ele>158.3</ele>
    <time>2024-04-20T20:08:14Z</time>
   </trkpt>
   <trkpt lat="48.3341500" lon="7.6616320">
    <ele>158.3</ele>
    <time>2024-04-20T20:08:15Z</time>
   </trkpt>
   <trkpt lat="48.3340900" lon="7.6615830">
    <ele>158.4</ele>
    <time>2024-04-20T20:08:16Z</time>
   </trkpt>
   <trkpt lat="48.3340290" lon="7.6615350">
    <ele>158.4</ele>
    <time>2024-04-20T20:08:17Z</time>
   </trkpt>
   <trkpt lat="48.3339700" lon="7.6614930">
    <ele>158.4</ele>
    <time>2024-04-20T20:08:18Z</time>
   </trkpt>
   <trkpt lat="48.3339100" lon="7.6614450">
    <ele>158.4</ele>
    <time>2024-04-20T20:08:19Z</time>
   </trkpt>
   <trkpt lat="48.3338500" lon="7.6613970">
    <ele>158.4</ele>
    <time>2024-04-20T20:08:20Z</time>
   </trkpt>
   <trkpt lat="48.3337900" lon="7.6613550">
    <ele>158.4</ele>
    <time>2024-04-20T20:08:21Z</time>
   </trkpt>
   <trkpt lat="48.3337310" lon="7.6613090">
    <ele>158.5</ele>
    <time>2024-04-20T20:08:22Z</time>
   </trkpt>
   <trkpt lat="48.3336690" lon="7.6612600">
    <ele>158.5</ele>
    <time>2024-04-20T20:08:23Z</time>
   </trkpt>
   <trkpt lat="48.3336100" lon="7.6612150">
    <ele>158.5</ele>
    <time>2024-04-20T20:08:24Z</time>
   </trkpt>
   <trkpt lat="48.3335480" lon="7.6611780">
    <ele>158.6</ele>
    <time>2024-04-20T20:08:25Z</time>
   </trkpt>
   <trkpt lat="48.3334910" lon="7.6611330">
    <ele>158.6</ele>
    <time>2024-04-20T20:08:26Z</time>
   </trkpt>
   <trkpt lat="48.3334320" lon="7.6610910">
    <ele>158.6</ele>
    <time>2024-04-20T20:08:27Z</time>
   </trkpt>
   <trkpt lat="48.3333710" lon="7.6610420">
    <ele>158.6</ele>
    <time>2024-04-20T20:08:28Z</time>
   </trkpt>
   <trkpt lat="48.3333100" lon="7.6609960">
    <ele>158.6</ele>
    <time>2024-04-20T20:08:29Z</time>
   </trkpt>
   <trkpt lat="48.3332520" lon="7.6609480">
    <ele>158.6</ele>
    <time>2024-04-20T20:08:30Z</time>
   </trkpt>
   <trkpt lat="48.3331950" lon="7.6608970">
    <ele>158.6</ele>
    <time>2024-04-20T20:08:31Z</time>
   </trkpt>
   <trkpt lat="48.3331350" lon="7.6608470">
    <ele>158.6</ele>
    <time>2024-04-20T20:08:32Z</time>
   </trkpt>
   <trkpt lat="48.3330740" lon="7.6607980">
    <ele>158.7</ele>
    <time>2024-04-20T20:08:33Z</time>
   </trkpt>
   <trkpt lat="48.3330110" lon="7.6607560">
    <ele>158.7</ele>
    <time>2024-04-20T20:08:34Z</time>
   </trkpt>
   <trkpt lat="48.3329530" lon="7.6607090">
    <ele>158.8</ele>
    <time>2024-04-20T20:08:35Z</time>
   </trkpt>
   <trkpt lat="48.3328950" lon="7.6606640">
    <ele>158.8</ele>
    <time>2024-04-20T20:08:36Z</time>
   </trkpt>
   <trkpt lat="48.3328390" lon="7.6606230">
    <ele>158.8</ele>
    <time>2024-04-20T20:08:37Z</time>
   </trkpt>
   <trkpt lat="48.3327820" lon="7.6605770">
    <ele>158.8</ele>
    <time>2024-04-20T20:08:38Z</time>
   </trkpt>
   <trkpt lat="48.3327240" lon="7.6605330">
    <ele>158.8</ele>
    <time>2024-04-20T20:08:39Z</time>
   </trkpt>
   <trkpt lat="48.3326680" lon="7.6604900">
    <ele>158.8</ele>
    <time>2024-04-20T20:08:40Z</time>
   </trkpt>
   <trkpt lat="48.3326120" lon="7.6604490">
    <ele>158.8</ele>
    <time>2024-04-20T20:08:41Z</time>
   </trkpt>
   <trkpt lat="48.3325580" lon="7.6604050">
    <ele>158.8</ele>
    <time>2024-04-20T20:08:42Z</time>
   </trkpt>
   <trkpt lat="48.3325020" lon="7.6603600">
    <ele>158.8</ele>
    <time>2024-04-20T20:08:43Z</time>
   </trkpt>
   <trkpt lat="48.3324450" lon="7.6603200">
    <ele>158.8</ele>
    <time>2024-04-20T20:08:44Z</time>
   </trkpt>
   <trkpt lat="48.3323910" lon="7.6602800">
    <ele>158.8</ele>
    <time>2024-04-20T20:08:45Z</time>
   </trkpt>
   <trkpt lat="48.3323330" lon="7.6602370">
    <ele>158.7</ele>
    <time>2024-04-20T20:08:46Z</time>
   </trkpt>
   <trkpt lat="48.3322760" lon="7.6601940">
    <ele>158.7</ele>
    <time>2024-04-20T20:08:47Z</time>
   </trkpt>
   <trkpt lat="48.3322160" lon="7.6601500">
    <ele>158.7</ele>
    <time>2024-04-20T20:08:48Z</time>
   </trkpt>
   <trkpt lat="48.3321570" lon="7.6601100">
    <ele>158.7</ele>
    <time>2024-04-20T20:08:49Z</time>
   </trkpt>
   <trkpt lat="48.3321010" lon="7.6600660">
    <ele>158.7</ele>
    <time>2024-04-20T20:08:50Z</time>
   </trkpt>
   <trkpt lat="48.3320440" lon="7.6600190">
    <ele>158.7</ele>
    <time>2024-04-20T20:08:51Z</time>
   </trkpt>
   <trkpt lat="48.3319870" lon="7.6599750">
    <ele>158.7</ele>
    <time>2024-04-20T20:08:52Z</time>
   </trkpt>
   <trkpt lat="48.3319270" lon="7.6599320">
    <ele>158.7</ele>
    <time>2024-04-20T20:08:53Z</time>
   </trkpt>
   <trkpt lat="48.3318710" lon="7.6598910">
    <ele>158.8</ele>
    <time>2024-04-20T20:08:54Z</time>
   </trkpt>
   <trkpt lat="48.3318140" lon="7.6598490">
    <ele>158.8</ele>
    <time>2024-04-20T20:08:55Z</time>
   </trkpt>
   <trkpt lat="48.3317560" lon="7.6598020">
    <ele>158.8</ele>
    <time>2024-04-20T20:08:56Z</time>
   </trkpt>
   <trkpt lat="48.3316980" lon="7.6597590">
    <ele>158.8</ele>
    <time>2024-04-20T20:08:57Z</time>
   </trkpt>
   <trkpt lat="48.3316420" lon="7.6597160">
    <ele>158.9</ele>
    <time>2024-04-20T20:08:58Z</time>
   </trkpt>
   <trkpt lat="48.3315890" lon="7.6596730">
    <ele>158.9</ele>
    <time>2024-04-20T20:08:59Z</time>
   </trkpt>
   <trkpt lat="48.3315330" lon="7.6596300">
    <ele>158.9</ele>
    <time>2024-04-20T20:09:00Z</time>
   </trkpt>
   <trkpt lat="48.3314800" lon="7.6595850">
    <ele>158.9</ele>
    <time>2024-04-20T20:09:01Z</time>
   </trkpt>
   <trkpt lat="48.3314250" lon="7.6595430">
    <ele>158.9</ele>
    <time>2024-04-20T20:09:02Z</time>
   </trkpt>
   <trkpt lat="48.3313730" lon="7.6595020">
    <ele>159.0</ele>
    <time>2024-04-20T20:09:03Z</time>
   </trkpt>
   <trkpt lat="48.3313210" lon="7.6594600">
    <ele>159.0</ele>
    <time>2024-04-20T20:09:04Z</time>
   </trkpt>
   <trkpt lat="48.3312690" lon="7.6594170">
    <ele>159.0</ele>
    <time>2024-04-20T20:09:05Z</time>
   </trkpt>
   <trkpt lat="48.3312150" lon="7.6593770">
    <ele>159.1</ele>
    <time>2024-04-20T20:09:06Z</time>
   </trkpt>
   <trkpt lat="48.3311620" lon="7.6593360">
    <ele>159.1</ele>
    <time>2024-04-20T20:09:07Z</time>
   </trkpt>
   <trkpt lat="48.3311110" lon="7.6592950">
    <ele>159.1</ele>
    <time>2024-04-20T20:09:08Z</time>
   </trkpt>
   <trkpt lat="48.3310590" lon="7.6592530">
    <ele>159.2</ele>
    <time>2024-04-20T20:09:09Z</time>
   </trkpt>
   <trkpt lat="48.3310070" lon="7.6592140">
    <ele>159.2</ele>
    <time>2024-04-20T20:09:10Z</time>
   </trkpt>
   <trkpt lat="48.3309550" lon="7.6591780">
    <ele>159.3</ele>
    <time>2024-04-20T20:09:11Z</time>
   </trkpt>
   <trkpt lat="48.3309040" lon="7.6591440">
    <ele>159.3</ele>
    <time>2024-04-20T20:09:12Z</time>
   </trkpt>
   <trkpt lat="48.3308530" lon="7.6591060">
    <ele>159.3</ele>
    <time>2024-04-20T20:09:13Z</time>
   </trkpt>
   <trkpt lat="48.3308040" lon="7.6590660">
    <ele>159.4</ele>
    <time>2024-04-20T20:09:14Z</time>
   </trkpt>
   <trkpt lat="48.3307530" lon="7.6590270">
    <ele>159.4</ele>
    <time>2024-04-20T20:09:15Z</time>
   </trkpt>
   <trkpt lat="48.3307010" lon="7.6589900">
    <ele>159.4</ele>
    <time>2024-04-20T20:09:16Z</time>
   </trkpt>
   <trkpt lat="48.3306500" lon="7.6589510">
    <ele>159.5</ele>
    <time>2024-04-20T20:09:17Z</time>
   </trkpt>
   <trkpt lat="48.3306010" lon="7.6589130">
    <ele>159.5</ele>
    <time>2024-04-20T20:09:18Z</time>
   </trkpt>
   <trkpt lat="48.3305520" lon="7.6588740">
    <ele>159.5</ele>
    <time>2024-04-20T20:09:19Z</time>
   </trkpt>
   <trkpt lat="48.3305010" lon="7.6588340">
    <ele>159.5</ele>
    <time>2024-04-20T20:09:20Z</time>
   </trkpt>
   <trkpt lat="48.3304500" lon="7.6587950">
    <ele>159.5</ele>
    <time>2024-04-20T20:09:21Z</time>
   </trkpt>
   <trkpt lat="48.3303990" lon="7.6587490">
    <ele>159.5</ele>
    <time>2024-04-20T20:09:22Z</time>
   </trkpt>
   <trkpt lat="48.3303480" lon="7.6587070">
    <ele>159.4</ele>
    <time>2024-04-20T20:09:23Z</time>
   </trkpt>
   <trkpt lat="48.3302960" lon="7.6586700">
    <ele>159.4</ele>
    <time>2024-04-20T20:09:24Z</time>
   </trkpt>
   <trkpt lat="48.3302440" lon="7.6586310">
    <ele>159.4</ele>
    <time>2024-04-20T20:09:25Z</time>
   </trkpt>
   <trkpt lat="48.3301910" lon="7.6585880">
    <ele>159.4</ele>
    <time>2024-04-20T20:09:26Z</time>
   </trkpt>
   <trkpt lat="48.3301390" lon="7.6585450">
    <ele>159.4</ele>
    <time>2024-04-20T20:09:27Z</time>
   </trkpt>
   <trkpt lat="48.3300890" lon="7.6585070">
    <ele>159.4</ele>
    <time>2024-04-20T20:09:28Z</time>
   </trkpt>
   <trkpt lat="48.3300380" lon="7.6584680">
    <ele>159.5</ele>
    <time>2024-04-20T20:09:29Z</time>
   </trkpt>
   <trkpt lat="48.3299870" lon="7.6584290">
    <ele>159.5</ele>
    <time>2024-04-20T20:09:30Z</time>
   </trkpt>
   <trkpt lat="48.3299350" lon="7.6583880">
    <ele>159.5</ele>
    <time>2024-04-20T20:09:31Z</time>
   </trkpt>
   <trkpt lat="48.3298840" lon="7.6583480">
    <ele>159.6</ele>
    <time>2024-04-20T20:09:32Z</time>
   </trkpt>
   <trkpt lat="48.3298320" lon="7.6583070">
    <ele>159.6</ele>
    <time>2024-04-20T20:09:33Z</time>
   </trkpt>
   <trkpt lat="48.3297790" lon="7.6582680">
    <ele>159.6</ele>
    <time>2024-04-20T20:09:34Z</time>
   </trkpt>
   <trkpt lat="48.3297270" lon="7.6582270">
    <ele>159.6</ele>
    <time>2024-04-20T20:09:35Z</time>
   </trkpt>
   <trkpt lat="48.3296740" lon="7.6581860">
    <ele>159.6</ele>
    <time>2024-04-20T20:09:36Z</time>
   </trkpt>
   <trkpt lat="48.3296230" lon="7.6581460">
    <ele>159.6</ele>
    <time>2024-04-20T20:09:37Z</time>
   </trkpt>
   <trkpt lat="48.3295720" lon="7.6581070">
    <ele>159.7</ele>
    <time>2024-04-20T20:09:38Z</time>
   </trkpt>
   <trkpt lat="48.3295200" lon="7.6580690">
    <ele>159.7</ele>
    <time>2024-04-20T20:09:39Z</time>
   </trkpt>
   <trkpt lat="48.3294690" lon="7.6580310">
    <ele>159.7</ele>
    <time>2024-04-20T20:09:40Z</time>
   </trkpt>
   <trkpt lat="48.3294170" lon="7.6579910">
    <ele>159.7</ele>
    <time>2024-04-20T20:09:41Z</time>
   </trkpt>
   <trkpt lat="48.3293650" lon="7.6579500">
    <ele>159.7</ele>
    <time>2024-04-20T20:09:42Z</time>
   </trkpt>
   <trkpt lat="48.3293130" lon="7.6579080">
    <ele>159.7</ele>
    <time>2024-04-20T20:09:43Z</time>
   </trkpt>
   <trkpt lat="48.3292610" lon="7.6578660">
    <ele>159.7</ele>
    <time>2024-04-20T20:09:44Z</time>
   </trkpt>
   <trkpt lat="48.3292090" lon="7.6578230">
    <ele>159.7</ele>
    <time>2024-04-20T20:09:45Z</time>
   </trkpt>
   <trkpt lat="48.3291540" lon="7.6577830">
    <ele>159.7</ele>
    <time>2024-04-20T20:09:46Z</time>
   </trkpt>
   <trkpt lat="48.3291000" lon="7.6577440">
    <ele>159.7</ele>
    <time>2024-04-20T20:09:47Z</time>
   </trkpt>
   <trkpt lat="48.3290460" lon="7.6577020">
    <ele>159.7</ele>
    <time>2024-04-20T20:09:48Z</time>
   </trkpt>
   <trkpt lat="48.3289920" lon="7.6576590">
    <ele>159.7</ele>
    <time>2024-04-20T20:09:49Z</time>
   </trkpt>
   <trkpt lat="48.3289380" lon="7.6576150">
    <ele>159.8</ele>
    <time>2024-04-20T20:09:50Z</time>
   </trkpt>
   <trkpt lat="48.3288850" lon="7.6575750">
    <ele>159.8</ele>
    <time>2024-04-20T20:09:51Z</time>
   </trkpt>
   <trkpt lat="48.3288310" lon="7.6575330">
    <ele>159.8</ele>
    <time>2024-04-20T20:09:52Z</time>
   </trkpt>
   <trkpt lat="48.3287780" lon="7.6574910">
    <ele>159.8</ele>
    <time>2024-04-20T20:09:53Z</time>
   </trkpt>
   <trkpt lat="48.3287240" lon="7.6574470">
    <ele>159.9</ele>
    <time>2024-04-20T20:09:54Z</time>
   </trkpt>
   <trkpt lat="48.3286720" lon="7.6574060">
    <ele>159.9</ele>
    <time>2024-04-20T20:09:55Z</time>
   </trkpt>
   <trkpt lat="48.3286180" lon="7.6573660">
    <ele>159.9</ele>
    <time>2024-04-20T20:09:56Z</time>
   </trkpt>
   <trkpt lat="48.3285640" lon="7.6573250">
    <ele>159.9</ele>
    <time>2024-04-20T20:09:57Z</time>
   </trkpt>
   <trkpt lat="48.3285100" lon="7.6572830">
    <ele>159.9</ele>
    <time>2024-04-20T20:09:58Z</time>
   </trkpt>
   <trkpt lat="48.3284550" lon="7.6572430">
    <ele>159.9</ele>
    <time>2024-04-20T20:09:59Z</time>
   </trkpt>
   <trkpt lat="48.3284010" lon="7.6572010">
    <ele>160.0</ele>
    <time>2024-04-20T20:10:00Z</time>
   </trkpt>
   <trkpt lat="48.3283500" lon="7.6571600">
    <ele>160.0</ele>
    <time>2024-04-20T20:10:01Z</time>
   </trkpt>
   <trkpt lat="48.3282980" lon="7.6571190">
    <ele>160.0</ele>
    <time>2024-04-20T20:10:02Z</time>
   </trkpt>
   <trkpt lat="48.3282450" lon="7.6570750">
    <ele>160.0</ele>
    <time>2024-04-20T20:10:03Z</time>
   </trkpt>
   <trkpt lat="48.3281920" lon="7.6570340">
    <ele>160.0</ele>
    <time>2024-04-20T20:10:04Z</time>
   </trkpt>
   <trkpt lat="48.3281420" lon="7.6569980">
    <ele>160.0</ele>
    <time>2024-04-20T20:10:05Z</time>
   </trkpt>
   <trkpt lat="48.3280890" lon="7.6569620">
    <ele>159.9</ele>
    <time>2024-04-20T20:10:06Z</time>
   </trkpt>
   <trkpt lat="48.3280360" lon="7.6569200">
    <ele>159.9</ele>
    <time>2024-04-20T20:10:07Z</time>
   </trkpt>
   <trkpt lat="48.3279840" lon="7.6568830">
    <ele>159.9</ele>
    <time>2024-04-20T20:10:08Z</time>
   </trkpt>
   <trkpt lat="48.3279320" lon="7.6568430">
    <ele>159.9</ele>
    <time>2024-04-20T20:10:09Z</time>
   </trkpt>
   <trkpt lat="48.3278800" lon="7.6567990">
    <ele>159.9</ele>
    <time>2024-04-20T20:10:10Z</time>
   </trkpt>
   <trkpt lat="48.3278280" lon="7.6567590">
    <ele>159.9</ele>
    <time>2024-04-20T20:10:11Z</time>
   </trkpt>
   <trkpt lat="48.3277740" lon="7.6567190">
    <ele>159.9</ele>
    <time>2024-04-20T20:10:12Z</time>
   </trkpt>
   <trkpt lat="48.3277230" lon="7.6566770">
    <ele>159.9</ele>
    <time>2024-04-20T20:10:13Z</time>
   </trkpt>
   <trkpt lat="48.3276730" lon="7.6566380">
    <ele>160.0</ele>
    <time>2024-04-20T20:10:14Z</time>
   </trkpt>
   <trkpt lat="48.3276200" lon="7.6565990">
    <ele>160.0</ele>
    <time>2024-04-20T20:10:15Z</time>
   </trkpt>
   <trkpt lat="48.3275690" lon="7.6565590">
    <ele>160.0</ele>
    <time>2024-04-20T20:10:16Z</time>
   </trkpt>
   <trkpt lat="48.3275190" lon="7.6565190">
    <ele>160.0</ele>
    <time>2024-04-20T20:10:17Z</time>
   </trkpt>
   <trkpt lat="48.3274670" lon="7.6564760">
    <ele>160.0</ele>
    <time>2024-04-20T20:10:18Z</time>
   </trkpt>
   <trkpt lat="48.3274150" lon="7.6564370">
    <ele>160.0</ele>
    <time>2024-04-20T20:10:19Z</time>
   </trkpt>
   <trkpt lat="48.3273640" lon="7.6563960">
    <ele>160.0</ele>
    <time>2024-04-20T20:10:20Z</time>
   </trkpt>
   <trkpt lat="48.3273140" lon="7.6563560">
    <ele>160.0</ele>
    <time>2024-04-20T20:10:21Z</time>
   </trkpt>
   <trkpt lat="48.3272640" lon="7.6563220">
    <ele>160.0</ele>
    <time>2024-04-20T20:10:22Z</time>
   </trkpt>
   <trkpt lat="48.3272130" lon="7.6562870">
    <ele>160.0</ele>
    <time>2024-04-20T20:10:23Z</time>
   </trkpt>
   <trkpt lat="48.3271620" lon="7.6562470">
    <ele>160.0</ele>
    <time>2024-04-20T20:10:24Z</time>
   </trkpt>
   <trkpt lat="48.3271140" lon="7.6562100">
    <ele>160.0</ele>
    <time>2024-04-20T20:10:25Z</time>
   </trkpt>
   <trkpt lat="48.3270660" lon="7.6561700">
    <ele>159.9</ele>
    <time>2024-04-20T20:10:26Z</time>
   </trkpt>
   <trkpt lat="48.3270180" lon="7.6561340">
    <ele>159.9</ele>
    <time>2024-04-20T20:10:27Z</time>
   </trkpt>
   <trkpt lat="48.3269700" lon="7.6561000">
    <ele>159.9</ele>
    <time>2024-04-20T20:10:28Z</time>
   </trkpt>
   <trkpt lat="48.3269220" lon="7.6560650">
    <ele>159.9</ele>
    <time>2024-04-20T20:10:29Z</time>
   </trkpt>
   <trkpt lat="48.3268720" lon="7.6560300">
    <ele>159.9</ele>
    <time>2024-04-20T20:10:30Z</time>
   </trkpt>
   <trkpt lat="48.3268240" lon="7.6559890">
    <ele>159.9</ele>
    <time>2024-04-20T20:10:31Z</time>
   </trkpt>
   <trkpt lat="48.3267760" lon="7.6559470">
    <ele>159.9</ele>
    <time>2024-04-20T20:10:32Z</time>
   </trkpt>
   <trkpt lat="48.3267270" lon="7.6559090">
    <ele>159.9</ele>
    <time>2024-04-20T20:10:33Z</time>
   </trkpt>
   <trkpt lat="48.3266790" lon="7.6558690">
    <ele>159.9</ele>
    <time>2024-04-20T20:10:34Z</time>
   </trkpt>
   <trkpt lat="48.3266290" lon="7.6558330">
    <ele>159.9</ele>
    <time>2024-04-20T20:10:35Z</time>
   </trkpt>
   <trkpt lat="48.3265780" lon="7.6557940">
    <ele>159.8</ele>
    <time>2024-04-20T20:10:36Z</time>
   </trkpt>
   <trkpt lat="48.3265280" lon="7.6557570">
    <ele>159.8</ele>
    <time>2024-04-20T20:10:37Z</time>
   </trkpt>
   <trkpt lat="48.3264780" lon="7.6557170">
    <ele>159.8</ele>
    <time>2024-04-20T20:10:38Z</time>
   </trkpt>
   <trkpt lat="48.3264290" lon="7.6556800">
    <ele>159.8</ele>
    <time>2024-04-20T20:10:39Z</time>
   </trkpt>
   <trkpt lat="48.3263800" lon="7.6556420">
    <ele>159.8</ele>
    <time>2024-04-20T20:10:40Z</time>
   </trkpt>
   <trkpt lat="48.3263310" lon="7.6556010">
    <ele>159.8</ele>
    <time>2024-04-20T20:10:41Z</time>
   </trkpt>
   <trkpt lat="48.3262810" lon="7.6555630">
    <ele>159.8</ele>
    <time>2024-04-20T20:10:42Z</time>
   </trkpt>
   <trkpt lat="48.3262310" lon="7.6555260">
    <ele>159.8</ele>
    <time>2024-04-20T20:10:43Z</time>
   </trkpt>
   <trkpt lat="48.3261800" lon="7.6554900">
    <ele>159.8</ele>
    <time>2024-04-20T20:10:44Z</time>
   </trkpt>
   <trkpt lat="48.3261310" lon="7.6554490">
    <ele>159.8</ele>
    <time>2024-04-20T20:10:45Z</time>
   </trkpt>
   <trkpt lat="48.3260820" lon="7.6554080">
    <ele>159.8</ele>
    <time>2024-04-20T20:10:46Z</time>
   </trkpt>
   <trkpt lat="48.3260320" lon="7.6553700">
    <ele>159.8</ele>
    <time>2024-04-20T20:10:47Z</time>
   </trkpt>
   <trkpt lat="48.3259820" lon="7.6553310">
    <ele>159.8</ele>
    <time>2024-04-20T20:10:48Z</time>
   </trkpt>
   <trkpt lat="48.3259330" lon="7.6552920">
    <ele>159.8</ele>
    <time>2024-04-20T20:10:49Z</time>
   </trkpt>
   <trkpt lat="48.3258820" lon="7.6552520">
    <ele>159.8</ele>
    <time>2024-04-20T20:10:50Z</time>
   </trkpt>
   <trkpt lat="48.3258310" lon="7.6552160">
    <ele>159.8</ele>
    <time>2024-04-20T20:10:51Z</time>
   </trkpt>
   <trkpt lat="48.3257810" lon="7.6551790">
    <ele>159.8</ele>
    <time>2024-04-20T20:10:52Z</time>
   </trkpt>
   <trkpt lat="48.3257340" lon="7.6551410">
    <ele>159.8</ele>
    <time>2024-04-20T20:10:53Z</time>
   </trkpt>
   <trkpt lat="48.3256840" lon="7.6551030">
    <ele>159.8</ele>
    <time>2024-04-20T20:10:54Z</time>
   </trkpt>
   <trkpt lat="48.3256350" lon="7.6550660">
    <ele>159.9</ele>
    <time>2024-04-20T20:10:55Z</time>
   </trkpt>
   <trkpt lat="48.3255860" lon="7.6550260">
    <ele>159.9</ele>
    <time>2024-04-20T20:10:56Z</time>
   </trkpt>
   <trkpt lat="48.3255370" lon="7.6549850">
    <ele>159.9</ele>
    <time>2024-04-20T20:10:57Z</time>
   </trkpt>
   <trkpt lat="48.3254880" lon="7.6549480">
    <ele>159.9</ele>
    <time>2024-04-20T20:10:58Z</time>
   </trkpt>
   <trkpt lat="48.3254370" lon="7.6549120">
    <ele>159.9</ele>
    <time>2024-04-20T20:10:59Z</time>
   </trkpt>
   <trkpt lat="48.3253900" lon="7.6548760">
    <ele>159.9</ele>
    <time>2024-04-20T20:11:00Z</time>
   </trkpt>
   <trkpt lat="48.3253410" lon="7.6548380">
    <ele>159.8</ele>
    <time>2024-04-20T20:11:01Z</time>
   </trkpt>
   <trkpt lat="48.3252920" lon="7.6547990">
    <ele>159.8</ele>
    <time>2024-04-20T20:11:02Z</time>
   </trkpt>
   <trkpt lat="48.3252440" lon="7.6547650">
    <ele>159.8</ele>
    <time>2024-04-20T20:11:03Z</time>
   </trkpt>
   <trkpt lat="48.3251970" lon="7.6547310">
    <ele>159.8</ele>
    <time>2024-04-20T20:11:04Z</time>
   </trkpt>
   <trkpt lat="48.3251490" lon="7.6546970">
    <ele>159.8</ele>
    <time>2024-04-20T20:11:05Z</time>
   </trkpt>
   <trkpt lat="48.3251020" lon="7.6546620">
    <ele>159.8</ele>
    <time>2024-04-20T20:11:06Z</time>
   </trkpt>
   <trkpt lat="48.3250550" lon="7.6546250">
    <ele>159.8</ele>
    <time>2024-04-20T20:11:07Z</time>
   </trkpt>
   <trkpt lat="48.3250060" lon="7.6545840">
    <ele>159.8</ele>
    <time>2024-04-20T20:11:08Z</time>
   </trkpt>
   <trkpt lat="48.3249560" lon="7.6545460">
    <ele>159.8</ele>
    <time>2024-04-20T20:11:09Z</time>
   </trkpt>
   <trkpt lat="48.3249060" lon="7.6545050">
    <ele>159.8</ele>
    <time>2024-04-20T20:11:10Z</time>
   </trkpt>
   <trkpt lat="48.3248550" lon="7.6544680">
    <ele>159.8</ele>
    <time>2024-04-20T20:11:11Z</time>
   </trkpt>
   <trkpt lat="48.3248060" lon="7.6544350">
    <ele>159.8</ele>
    <time>2024-04-20T20:11:12Z</time>
   </trkpt>
   <trkpt lat="48.3247590" lon="7.6544030">
    <ele>159.8</ele>
    <time>2024-04-20T20:11:13Z</time>
   </trkpt>
   <trkpt lat="48.3247130" lon="7.6543670">
    <ele>159.9</ele>
    <time>2024-04-20T20:11:14Z</time>
   </trkpt>
   <trkpt lat="48.3246660" lon="7.6543280">
    <ele>159.9</ele>
    <time>2024-04-20T20:11:15Z</time>
   </trkpt>
   <trkpt lat="48.3246180" lon="7.6542890">
    <ele>159.9</ele>
    <time>2024-04-20T20:11:16Z</time>
   </trkpt>
   <trkpt lat="48.3245690" lon="7.6542480">
    <ele>159.9</ele>
    <time>2024-04-20T20:11:17Z</time>
   </trkpt>
   <trkpt lat="48.3245190" lon="7.6542090">
    <ele>159.8</ele>
    <time>2024-04-20T20:11:18Z</time>
   </trkpt>
   <trkpt lat="48.3244680" lon="7.6541740">
    <ele>159.8</ele>
    <time>2024-04-20T20:11:19Z</time>
   </trkpt>
   <trkpt lat="48.3244190" lon="7.6541380">
    <ele>159.8</ele>
    <time>2024-04-20T20:11:20Z</time>
   </trkpt>
   <trkpt lat="48.3243700" lon="7.6541010">
    <ele>159.8</ele>
    <time>2024-04-20T20:11:21Z</time>
   </trkpt>
   <trkpt lat="48.3243180" lon="7.6540660">
    <ele>159.8</ele>
    <time>2024-04-20T20:11:22Z</time>
   </trkpt>
   <trkpt lat="48.3242680" lon="7.6540250">
    <ele>159.8</ele>
    <time>2024-04-20T20:11:23Z</time>
   </trkpt>
   <trkpt lat="48.3242180" lon="7.6539890">
    <ele>159.8</ele>
    <time>2024-04-20T20:11:24Z</time>
   </trkpt>
   <trkpt lat="48.3241690" lon="7.6539500">
    <ele>159.8</ele>
    <time>2024-04-20T20:11:25Z</time>
   </trkpt>
   <trkpt lat="48.3241230" lon="7.6539100">
    <ele>159.8</ele>
    <time>2024-04-20T20:11:26Z</time>
   </trkpt>
   <trkpt lat="48.3240760" lon="7.6538750">
    <ele>159.8</ele>
    <time>2024-04-20T20:11:27Z</time>
   </trkpt>
   <trkpt lat="48.3240270" lon="7.6538390">
    <ele>159.8</ele>
    <time>2024-04-20T20:11:28Z</time>
   </trkpt>
   <trkpt lat="48.3239800" lon="7.6537990">
    <ele>159.8</ele>
    <time>2024-04-20T20:11:29Z</time>
   </trkpt>
   <trkpt lat="48.3239310" lon="7.6537600">
    <ele>159.7</ele>
    <time>2024-04-20T20:11:30Z</time>
   </trkpt>
   <trkpt lat="48.3238810" lon="7.6537240">
    <ele>159.7</ele>
    <time>2024-04-20T20:11:31Z</time>
   </trkpt>
   <trkpt lat="48.3238330" lon="7.6536880">
    <ele>159.7</ele>
    <time>2024-04-20T20:11:32Z</time>
   </trkpt>
   <trkpt lat="48.3237860" lon="7.6536490">
    <ele>159.7</ele>
    <time>2024-04-20T20:11:33Z</time>
   </trkpt>
   <trkpt lat="48.3237370" lon="7.6536130">
    <ele>159.7</ele>
    <time>2024-04-20T20:11:34Z</time>
   </trkpt>
   <trkpt lat="48.3236890" lon="7.6535750">
    <ele>159.7</ele>
    <time>2024-04-20T20:11:35Z</time>
   </trkpt>
   <trkpt lat="48.3236390" lon="7.6535360">
    <ele>159.7</ele>
    <time>2024-04-20T20:11:36Z</time>
   </trkpt>
   <trkpt lat="48.3235900" lon="7.6534970">
    <ele>159.8</ele>
    <time>2024-04-20T20:11:37Z</time>
   </trkpt>
   <trkpt lat="48.3235400" lon="7.6534580">
    <ele>159.8</ele>
    <time>2024-04-20T20:11:38Z</time>
   </trkpt>
   <trkpt lat="48.3234910" lon="7.6534180">
    <ele>159.8</ele>
    <time>2024-04-20T20:11:39Z</time>
   </trkpt>
   <trkpt lat="48.3234410" lon="7.6533770">
    <ele>159.8</ele>
    <time>2024-04-20T20:11:40Z</time>
   </trkpt>
   <trkpt lat="48.3233940" lon="7.6533370">
    <ele>159.8</ele>
    <time>2024-04-20T20:11:41Z</time>
   </trkpt>
   <trkpt lat="48.3233440" lon="7.6532990">
    <ele>159.8</ele>
    <time>2024-04-20T20:11:42Z</time>
   </trkpt>
   <trkpt lat="48.3232940" lon="7.6532620">
    <ele>159.8</ele>
    <time>2024-04-20T20:11:43Z</time>
   </trkpt>
   <trkpt lat="48.3232450" lon="7.6532220">
    <ele>159.8</ele>
    <time>2024-04-20T20:11:44Z</time>
   </trkpt>
   <trkpt lat="48.3231960" lon="7.6531840">
    <ele>159.8</ele>
    <time>2024-04-20T20:11:45Z</time>
   </trkpt>
   <trkpt lat="48.3231460" lon="7.6531480">
    <ele>159.8</ele>
    <time>2024-04-20T20:11:46Z</time>
   </trkpt>
   <trkpt lat="48.3230970" lon="7.6531120">
    <ele>159.8</ele>
    <time>2024-04-20T20:11:47Z</time>
   </trkpt>
   <trkpt lat="48.3230450" lon="7.6530730">
    <ele>159.7</ele>
    <time>2024-04-20T20:11:48Z</time>
   </trkpt>
   <trkpt lat="48.3229940" lon="7.6530350">
    <ele>159.7</ele>
    <time>2024-04-20T20:11:49Z</time>
   </trkpt>
   <trkpt lat="48.3229430" lon="7.6529960">
    <ele>159.6</ele>
    <time>2024-04-20T20:11:50Z</time>
   </trkpt>
   <trkpt lat="48.3228910" lon="7.6529580">
    <ele>159.6</ele>
    <time>2024-04-20T20:11:51Z</time>
   </trkpt>
   <trkpt lat="48.3228410" lon="7.6529200">
    <ele>159.6</ele>
    <time>2024-04-20T20:11:52Z</time>
   </trkpt>
   <trkpt lat="48.3227920" lon="7.6528810">
    <ele>159.5</ele>
    <time>2024-04-20T20:11:53Z</time>
   </trkpt>
   <trkpt lat="48.3227430" lon="7.6528430">
    <ele>159.5</ele>
    <time>2024-04-20T20:11:54Z</time>
   </trkpt>
   <trkpt lat="48.3226950" lon="7.6528070">
    <ele>159.6</ele>
    <time>2024-04-20T20:11:55Z</time>
   </trkpt>
   <trkpt lat="48.3226480" lon="7.6527700">
    <ele>159.6</ele>
    <time>2024-04-20T20:11:56Z</time>
   </trkpt>
   <trkpt lat="48.3226010" lon="7.6527260">
    <ele>159.6</ele>
    <time>2024-04-20T20:11:57Z</time>
   </trkpt>
   <trkpt lat="48.3225540" lon="7.6526880">
    <ele>159.6</ele>
    <time>2024-04-20T20:11:58Z</time>
   </trkpt>
   <trkpt lat="48.3225060" lon="7.6526530">
    <ele>159.6</ele>
    <time>2024-04-20T20:11:59Z</time>
   </trkpt>
   <trkpt lat="48.3224610" lon="7.6526210">
    <ele>159.6</ele>
    <time>2024-04-20T20:12:00Z</time>
   </trkpt>
   <trkpt lat="48.3224150" lon="7.6525870">
    <ele>159.5</ele>
    <time>2024-04-20T20:12:01Z</time>
   </trkpt>
   <trkpt lat="48.3223680" lon="7.6525520">
    <ele>159.5</ele>
    <time>2024-04-20T20:12:02Z</time>
   </trkpt>
   <trkpt lat="48.3223240" lon="7.6525160">
    <ele>159.5</ele>
    <time>2024-04-20T20:12:03Z</time>
   </trkpt>
   <trkpt lat="48.3222780" lon="7.6524790">
    <ele>159.5</ele>
    <time>2024-04-20T20:12:04Z</time>
   </trkpt>
   <trkpt lat="48.3222320" lon="7.6524430">
    <ele>159.4</ele>
    <time>2024-04-20T20:12:05Z</time>
   </trkpt>
   <trkpt lat="48.3221850" lon="7.6524100">
    <ele>159.4</ele>
    <time>2024-04-20T20:12:06Z</time>
   </trkpt>
   <trkpt lat="48.3221370" lon="7.6523750">
    <ele>159.4</ele>
    <time>2024-04-20T20:12:07Z</time>
   </trkpt>
   <trkpt lat="48.3220900" lon="7.6523420">
    <ele>159.3</ele>
    <time>2024-04-20T20:12:08Z</time>
   </trkpt>
   <trkpt lat="48.3220440" lon="7.6523080">
    <ele>159.3</ele>
    <time>2024-04-20T20:12:09Z</time>
   </trkpt>
   <trkpt lat="48.3219990" lon="7.6522740">
    <ele>159.3</ele>
    <time>2024-04-20T20:12:10Z</time>
   </trkpt>
   <trkpt lat="48.3219550" lon="7.6522390">
    <ele>159.2</ele>
    <time>2024-04-20T20:12:11Z</time>
   </trkpt>
   <trkpt lat="48.3219090" lon="7.6522030">
    <ele>159.2</ele>
    <time>2024-04-20T20:12:12Z</time>
   </trkpt>
   <trkpt lat="48.3218640" lon="7.6521690">
    <ele>159.1</ele>
    <time>2024-04-20T20:12:13Z</time>
   </trkpt>
   <trkpt lat="48.3218180" lon="7.6521360">
    <ele>159.0</ele>
    <time>2024-04-20T20:12:14Z</time>
   </trkpt>
   <trkpt lat="48.3217720" lon="7.6521030">
    <ele>159.0</ele>
    <time>2024-04-20T20:12:15Z</time>
   </trkpt>
   <trkpt lat="48.3217250" lon="7.6520700">
    <ele>159.0</ele>
    <time>2024-04-20T20:12:16Z</time>
   </trkpt>
   <trkpt lat="48.3216790" lon="7.6520350">
    <ele>158.9</ele>
    <time>2024-04-20T20:12:17Z</time>
   </trkpt>
   <trkpt lat="48.3216320" lon="7.6520000">
    <ele>158.9</ele>
    <time>2024-04-20T20:12:18Z</time>
   </trkpt>
   <trkpt lat="48.3215820" lon="7.6519650">
    <ele>158.8</ele>
    <time>2024-04-20T20:12:19Z</time>
   </trkpt>
   <trkpt lat="48.3215320" lon="7.6519280">
    <ele>158.8</ele>
    <time>2024-04-20T20:12:20Z</time>
   </trkpt>
   <trkpt lat="48.3214840" lon="7.6518900">
    <ele>158.7</ele>
    <time>2024-04-20T20:12:21Z</time>
   </trkpt>
   <trkpt lat="48.3214360" lon="7.6518520">
    <ele>158.7</ele>
    <time>2024-04-20T20:12:22Z</time>
   </trkpt>
   <trkpt lat="48.3213870" lon="7.6518150">
    <ele>158.7</ele>
    <time>2024-04-20T20:12:23Z</time>
   </trkpt>
   <trkpt lat="48.3213400" lon="7.6517780">
    <ele>158.6</ele>
    <time>2024-04-20T20:12:24Z</time>
   </trkpt>
   <trkpt lat="48.3212910" lon="7.6517400">
    <ele>158.6</ele>
    <time>2024-04-20T20:12:25Z</time>
   </trkpt>
   <trkpt lat="48.3212430" lon="7.6517010">
    <ele>158.6</ele>
    <time>2024-04-20T20:12:26Z</time>
   </trkpt>
   <trkpt lat="48.3211940" lon="7.6516630">
    <ele>158.6</ele>
    <time>2024-04-20T20:12:27Z</time>
   </trkpt>
   <trkpt lat="48.3211430" lon="7.6516210">
    <ele>158.5</ele>
    <time>2024-04-20T20:12:28Z</time>
   </trkpt>
   <trkpt lat="48.3210930" lon="7.6515800">
    <ele>158.5</ele>
    <time>2024-04-20T20:12:29Z</time>
   </trkpt>
   <trkpt lat="48.3210420" lon="7.6515420">
    <ele>158.5</ele>
    <time>2024-04-20T20:12:30Z</time>
   </trkpt>
   <trkpt lat="48.3209900" lon="7.6515060">
    <ele>158.5</ele>
    <time>2024-04-20T20:12:31Z</time>
   </trkpt>
   <trkpt lat="48.3209390" lon="7.6514680">
    <ele>158.5</ele>
    <time>2024-04-20T20:12:32Z</time>
   </trkpt>
   <trkpt lat="48.3208920" lon="7.6514290">
    <ele>158.4</ele>
    <time>2024-04-20T20:12:33Z</time>
   </trkpt>
   <trkpt lat="48.3208450" lon="7.6513910">
    <ele>158.4</ele>
    <time>2024-04-20T20:12:34Z</time>
   </trkpt>
   <trkpt lat="48.3207950" lon="7.6513510">
    <ele>158.4</ele>
    <time>2024-04-20T20:12:35Z</time>
   </trkpt>
   <trkpt lat="48.3207440" lon="7.6513150">
    <ele>158.4</ele>
    <time>2024-04-20T20:12:36Z</time>
   </trkpt>
   <trkpt lat="48.3206960" lon="7.6512750">
    <ele>158.3</ele>
    <time>2024-04-20T20:12:37Z</time>
   </trkpt>
   <trkpt lat="48.3206480" lon="7.6512360">
    <ele>158.3</ele>
    <time>2024-04-20T20:12:38Z</time>
   </trkpt>
   <trkpt lat="48.3206010" lon="7.6511980">
    <ele>158.3</ele>
    <time>2024-04-20T20:12:39Z</time>
   </trkpt>
   <trkpt lat="48.3205530" lon="7.6511610">
    <ele>158.3</ele>
    <time>2024-04-20T20:12:40Z</time>
   </trkpt>
   <trkpt lat="48.3205060" lon="7.6511230">
    <ele>158.2</ele>
    <time>2024-04-20T20:12:41Z</time>
   </trkpt>
   <trkpt lat="48.3204550" lon="7.6510830">
    <ele>158.2</ele>
    <time>2024-04-20T20:12:42Z</time>
   </trkpt>
   <trkpt lat="48.3204070" lon="7.6510430">
    <ele>158.2</ele>
    <time>2024-04-20T20:12:43Z</time>
   </trkpt>
   <trkpt lat="48.3203590" lon="7.6510020">
    <ele>158.2</ele>
    <time>2024-04-20T20:12:44Z</time>
   </trkpt>
   <trkpt lat="48.3203080" lon="7.6509660">
    <ele>158.2</ele>
    <time>2024-04-20T20:12:45Z</time>
   </trkpt>
   <trkpt lat="48.3202560" lon="7.6509330">
    <ele>158.2</ele>
    <time>2024-04-20T20:12:46Z</time>
   </trkpt>
   <trkpt lat="48.3202070" lon="7.6508960">
    <ele>158.3</ele>
    <time>2024-04-20T20:12:47Z</time>
   </trkpt>
   <trkpt lat="48.3201580" lon="7.6508580">
    <ele>158.3</ele>
    <time>2024-04-20T20:12:48Z</time>
   </trkpt>
   <trkpt lat="48.3201090" lon="7.6508200">
    <ele>158.3</ele>
    <time>2024-04-20T20:12:49Z</time>
   </trkpt>
   <trkpt lat="48.3200610" lon="7.6507820">
    <ele>158.4</ele>
    <time>2024-04-20T20:12:50Z</time>
   </trkpt>
   <trkpt lat="48.3200130" lon="7.6507440">
    <ele>158.4</ele>
    <time>2024-04-20T20:12:51Z</time>
   </trkpt>
   <trkpt lat="48.3199650" lon="7.6507060">
    <ele>158.5</ele>
    <time>2024-04-20T20:12:52Z</time>
   </trkpt>
   <trkpt lat="48.3199160" lon="7.6506710">
    <ele>158.5</ele>
    <time>2024-04-20T20:12:53Z</time>
   </trkpt>
   <trkpt lat="48.3198680" lon="7.6506320">
    <ele>158.6</ele>
    <time>2024-04-20T20:12:54Z</time>
   </trkpt>
   <trkpt lat="48.3198210" lon="7.6505960">
    <ele>158.7</ele>
    <time>2024-04-20T20:12:55Z</time>
   </trkpt>
   <trkpt lat="48.3197750" lon="7.6505580">
    <ele>158.8</ele>
    <time>2024-04-20T20:12:56Z</time>
   </trkpt>
   <trkpt lat="48.3197300" lon="7.6505240">
    <ele>158.9</ele>
    <time>2024-04-20T20:12:57Z</time>
   </trkpt>
   <trkpt lat="48.3196860" lon="7.6504920">
    <ele>159.1</ele>
    <time>2024-04-20T20:12:58Z</time>
   </trkpt>
   <trkpt lat="48.3196430" lon="7.6504620">
    <ele>159.4</ele>
    <time>2024-04-20T20:12:59Z</time>
   </trkpt>
   <trkpt lat="48.3196000" lon="7.6504330">
    <ele>159.7</ele>
    <time>2024-04-20T20:13:00Z</time>
   </trkpt>
   <trkpt lat="48.3195600" lon="7.6504070">
    <ele>160.0</ele>
    <time>2024-04-20T20:13:01Z</time>
   </trkpt>
   <trkpt lat="48.3195240" lon="7.6503870">
    <ele>160.4</ele>
    <time>2024-04-20T20:13:02Z</time>
   </trkpt>
   <trkpt lat="48.3194920" lon="7.6503720">
    <ele>160.7</ele>
    <time>2024-04-20T20:13:03Z</time>
   </trkpt>
   <trkpt lat="48.3194660" lon="7.6503560">
    <ele>161.0</ele>
    <time>2024-04-20T20:13:04Z</time>
   </trkpt>
   <trkpt lat="48.3194330" lon="7.6503360">
    <ele>161.4</ele>
    <time>2024-04-20T20:13:05Z</time>
   </trkpt>
   <trkpt lat="48.3194220" lon="7.6503300">
    <ele>161.6</ele>
    <time>2024-04-20T20:13:06Z</time>
   </trkpt>
   <trkpt lat="48.3193910" lon="7.6503190">
    <ele>161.9</ele>
    <time>2024-04-20T20:13:07Z</time>
   </trkpt>
   <trkpt lat="48.3193800" lon="7.6503170">
    <ele>162.1</ele>
    <time>2024-04-20T20:13:08Z</time>
   </trkpt>
   <trkpt lat="48.3193520" lon="7.6503120">
    <ele>162.4</ele>
    <time>2024-04-20T20:13:09Z</time>
   </trkpt>
   <trkpt lat="48.3193440" lon="7.6503090">
    <ele>162.5</ele>
    <time>2024-04-20T20:13:10Z</time>
   </trkpt>
   <trkpt lat="48.3193290" lon="7.6503020">
    <ele>162.6</ele>
    <time>2024-04-20T20:13:11Z</time>
   </trkpt>
   <trkpt lat="48.3193170" lon="7.6502920">
    <ele>162.6</ele>
    <time>2024-04-20T20:13:12Z</time>
   </trkpt>
   <trkpt lat="48.3193050" lon="7.6502520">
    <ele>162.6</ele>
    <time>2024-04-20T20:13:13Z</time>
   </trkpt>
   <trkpt lat="48.3193020" lon="7.6502350">
    <ele>162.7</ele>
    <time>2024-04-20T20:13:14Z</time>
   </trkpt>
   <trkpt lat="48.3193090" lon="7.6501800">
    <ele>162.7</ele>
    <time>2024-04-20T20:13:15Z</time>
   </trkpt>
   <trkpt lat="48.3193150" lon="7.6501620">
    <ele>162.7</ele>
    <time>2024-04-20T20:13:16Z</time>
   </trkpt>
   <trkpt lat="48.3193360" lon="7.6501170">
    <ele>162.8</ele>
    <time>2024-04-20T20:13:17Z</time>
   </trkpt>
   <trkpt lat="48.3193430" lon="7.6501040">
    <ele>162.8</ele>
    <time>2024-04-20T20:13:18Z</time>
   </trkpt>
   <trkpt lat="48.3193630" lon="7.6500620">
    <ele>162.8</ele>
    <time>2024-04-20T20:13:19Z</time>
   </trkpt>
   <trkpt lat="48.3193690" lon="7.6500480">
    <ele>162.8</ele>
    <time>2024-04-20T20:13:20Z</time>
   </trkpt>
   <trkpt lat="48.3193880" lon="7.6500040">
    <ele>162.9</ele>
    <time>2024-04-20T20:13:21Z</time>
   </trkpt>
   <trkpt lat="48.3193950" lon="7.6499900">
    <ele>162.9</ele>
    <time>2024-04-20T20:13:22Z</time>
   </trkpt>
   <trkpt lat="48.3194140" lon="7.6499360">
    <ele>162.9</ele>
    <time>2024-04-20T20:13:23Z</time>
   </trkpt>
   <trkpt lat="48.3194190" lon="7.6499160">
    <ele>162.9</ele>
    <time>2024-04-20T20:13:24Z</time>
   </trkpt>
   <trkpt lat="48.3194140" lon="7.6498710">
    <ele>162.9</ele>
    <time>2024-04-20T20:13:25Z</time>
   </trkpt>
   <trkpt lat="48.3193940" lon="7.6498390">
    <ele>162.8</ele>
    <time>2024-04-20T20:13:26Z</time>
   </trkpt>
   <trkpt lat="48.3193640" lon="7.6498200">
    <ele>162.6</ele>
    <time>2024-04-20T20:13:27Z</time>
   </trkpt>
   <trkpt lat="48.3193250" lon="7.6498070">
    <ele>162.4</ele>
    <time>2024-04-20T20:13:28Z</time>
   </trkpt>
   <trkpt lat="48.3192800" lon="7.6497990">
    <ele>162.2</ele>
    <time>2024-04-20T20:13:29Z</time>
   </trkpt>
   <trkpt lat="48.3192260" lon="7.6497970">
    <ele>161.9</ele>
    <time>2024-04-20T20:13:30Z</time>
   </trkpt>
   <trkpt lat="48.3191790" lon="7.6497690">
    <ele>161.7</ele>
    <time>2024-04-20T20:13:31Z</time>
   </trkpt>
   <trkpt lat="48.3191320" lon="7.6497380">
    <ele>161.6</ele>
    <time>2024-04-20T20:13:32Z</time>
   </trkpt>
   <trkpt lat="48.3190880" lon="7.6497030">
    <ele>161.4</ele>
    <time>2024-04-20T20:13:33Z</time>
   </trkpt>
   <trkpt lat="48.3190480" lon="7.6496630">
    <ele>161.3</ele>
    <time>2024-04-20T20:13:34Z</time>
   </trkpt>
   <trkpt lat="48.3190190" lon="7.6496140">
    <ele>161.2</ele>
    <time>2024-04-20T20:13:35Z</time>
   </trkpt>
   <trkpt lat="48.3189850" lon="7.6495690">
    <ele>161.1</ele>
    <time>2024-04-20T20:13:36Z</time>
   </trkpt>
   <trkpt lat="48.3189010" lon="7.6495110">
    <ele>160.9</ele>
    <time>2024-04-20T20:13:38Z</time>
   </trkpt>
   <trkpt lat="48.3188640" lon="7.6494740">
    <ele>160.9</ele>
    <time>2024-04-20T20:13:39Z</time>
   </trkpt>
   <trkpt lat="48.3188310" lon="7.6494300">
    <ele>160.8</ele>
    <time>2024-04-20T20:13:40Z</time>
   </trkpt>
   <trkpt lat="48.3188000" lon="7.6493890">
    <ele>160.8</ele>
    <time>2024-04-20T20:13:41Z</time>
   </trkpt>
   <trkpt lat="48.3187660" lon="7.6493520">
    <ele>160.8</ele>
    <time>2024-04-20T20:13:42Z</time>
   </trkpt>
   <trkpt lat="48.3187270" lon="7.6493190">
    <ele>160.9</ele>
    <time>2024-04-20T20:13:43Z</time>
   </trkpt>
   <trkpt lat="48.3186410" lon="7.6492560">
    <ele>160.9</ele>
    <time>2024-04-20T20:13:45Z</time>
   </trkpt>
   <trkpt lat="48.3185980" lon="7.6492200">
    <ele>161.0</ele>
    <time>2024-04-20T20:13:46Z</time>
   </trkpt>
   <trkpt lat="48.3185520" lon="7.6491840">
    <ele>161.0</ele>
    <time>2024-04-20T20:13:47Z</time>
   </trkpt>
   <trkpt lat="48.3185070" lon="7.6491490">
    <ele>161.1</ele>
    <time>2024-04-20T20:13:48Z</time>
   </trkpt>
   <trkpt lat="48.3184620" lon="7.6491200">
    <ele>161.1</ele>
    <time>2024-04-20T20:13:49Z</time>
   </trkpt>
   <trkpt lat="48.3184170" lon="7.6490890">
    <ele>161.2</ele>
    <time>2024-04-20T20:13:50Z</time>
   </trkpt>
   <trkpt lat="48.3183710" lon="7.6490530">
    <ele>161.2</ele>
    <time>2024-04-20T20:13:51Z</time>
   </trkpt>
   <trkpt lat="48.3183230" lon="7.6490180">
    <ele>161.2</ele>
    <time>2024-04-20T20:13:52Z</time>
   </trkpt>
   <trkpt lat="48.3182750" lon="7.6489850">
    <ele>161.1</ele>
    <time>2024-04-20T20:13:53Z</time>
   </trkpt>
   <trkpt lat="48.3182270" lon="7.6489470">
    <ele>161.1</ele>
    <time>2024-04-20T20:13:54Z</time>
   </trkpt>
   <trkpt lat="48.3181790" lon="7.6489050">
    <ele>161.1</ele>
    <time>2024-04-20T20:13:55Z</time>
   </trkpt>
   <trkpt lat="48.3181270" lon="7.6488560">
    <ele>161.0</ele>
    <time>2024-04-20T20:13:56Z</time>
   </trkpt>
   <trkpt lat="48.3180740" lon="7.6488150">
    <ele>161.0</ele>
    <time>2024-04-20T20:13:57Z</time>
   </trkpt>
   <trkpt lat="48.3180240" lon="7.6487750">
    <ele>161.0</ele>
    <time>2024-04-20T20:13:58Z</time>
   </trkpt>
   <trkpt lat="48.3179740" lon="7.6487390">
    <ele>161.0</ele>
    <time>2024-04-20T20:13:59Z</time>
   </trkpt>
   <trkpt lat="48.3179200" lon="7.6487080">
    <ele>161.0</ele>
    <time>2024-04-20T20:14:00Z</time>
   </trkpt>
   <trkpt lat="48.3178660" lon="7.6486780">
    <ele>161.0</ele>
    <time>2024-04-20T20:14:01Z</time>
   </trkpt>
   <trkpt lat="48.3178130" lon="7.6486490">
    <ele>161.0</ele>
    <time>2024-04-20T20:14:02Z</time>
   </trkpt>
   <trkpt lat="48.3177590" lon="7.6486200">
    <ele>161.0</ele>
    <time>2024-04-20T20:14:03Z</time>
   </trkpt>
   <trkpt lat="48.3177050" lon="7.6485870">
    <ele>161.0</ele>
    <time>2024-04-20T20:14:04Z</time>
   </trkpt>
   <trkpt lat="48.3176500" lon="7.6485510">
    <ele>161.0</ele>
    <time>2024-04-20T20:14:05Z</time>
   </trkpt>
   <trkpt lat="48.3175970" lon="7.6485140">
    <ele>161.0</ele>
    <time>2024-04-20T20:14:06Z</time>
   </trkpt>
   <trkpt lat="48.3175420" lon="7.6484760">
    <ele>161.0</ele>
    <time>2024-04-20T20:14:07Z</time>
   </trkpt>
   <trkpt lat="48.3174860" lon="7.6484410">
    <ele>161.0</ele>
    <time>2024-04-20T20:14:08Z</time>
   </trkpt>
   <trkpt lat="48.3174300" lon="7.6484040">
    <ele>161.0</ele>
    <time>2024-04-20T20:14:09Z</time>
   </trkpt>
   <trkpt lat="48.3173760" lon="7.6483640">
    <ele>161.0</ele>
    <time>2024-04-20T20:14:10Z</time>
   </trkpt>
   <trkpt lat="48.3173210" lon="7.6483230">
    <ele>161.0</ele>
    <time>2024-04-20T20:14:11Z</time>
   </trkpt>
   <trkpt lat="48.3172670" lon="7.6482840">
    <ele>161.0</ele>
    <time>2024-04-20T20:14:12Z</time>
   </trkpt>
   <trkpt lat="48.3172140" lon="7.6482450">
    <ele>161.0</ele>
    <time>2024-04-20T20:14:13Z</time>
   </trkpt>
   <trkpt lat="48.3171600" lon="7.6482010">
    <ele>161.1</ele>
    <time>2024-04-20T20:14:14Z</time>
   </trkpt>
   <trkpt lat="48.3171070" lon="7.6481610">
    <ele>161.0</ele>
    <time>2024-04-20T20:14:15Z</time>
   </trkpt>
   <trkpt lat="48.3170550" lon="7.6481170">
    <ele>161.0</ele>
    <time>2024-04-20T20:14:16Z</time>
   </trkpt>
   <trkpt lat="48.3169990" lon="7.6480770">
    <ele>161.0</ele>
    <time>2024-04-20T20:14:17Z</time>
   </trkpt>
   <trkpt lat="48.3169440" lon="7.6480400">
    <ele>161.0</ele>
    <time>2024-04-20T20:14:18Z</time>
   </trkpt>
   <trkpt lat="48.3168900" lon="7.6479990">
    <ele>161.0</ele>
    <time>2024-04-20T20:14:19Z</time>
   </trkpt>
   <trkpt lat="48.3168370" lon="7.6479550">
    <ele>161.0</ele>
    <time>2024-04-20T20:14:20Z</time>
   </trkpt>
   <trkpt lat="48.3167820" lon="7.6479140">
    <ele>161.0</ele>
    <time>2024-04-20T20:14:21Z</time>
   </trkpt>
   <trkpt lat="48.3167270" lon="7.6478750">
    <ele>161.0</ele>
    <time>2024-04-20T20:14:22Z</time>
   </trkpt>
   <trkpt lat="48.3166730" lon="7.6478340">
    <ele>161.1</ele>
    <time>2024-04-20T20:14:23Z</time>
   </trkpt>
   <trkpt lat="48.3166200" lon="7.6477980">
    <ele>161.1</ele>
    <time>2024-04-20T20:14:24Z</time>
   </trkpt>
   <trkpt lat="48.3165690" lon="7.6477590">
    <ele>161.1</ele>
    <time>2024-04-20T20:14:25Z</time>
   </trkpt>
   <trkpt lat="48.3165180" lon="7.6477140">
    <ele>161.1</ele>
    <time>2024-04-20T20:14:26Z</time>
   </trkpt>
   <trkpt lat="48.3164630" lon="7.6476700">
    <ele>161.1</ele>
    <time>2024-04-20T20:14:27Z</time>
   </trkpt>
   <trkpt lat="48.3164070" lon="7.6476260">
    <ele>161.2</ele>
    <time>2024-04-20T20:14:28Z</time>
   </trkpt>
   <trkpt lat="48.3163520" lon="7.6475830">
    <ele>161.2</ele>
    <time>2024-04-20T20:14:29Z</time>
   </trkpt>
   <trkpt lat="48.3162970" lon="7.6475440">
    <ele>161.2</ele>
    <time>2024-04-20T20:14:30Z</time>
   </trkpt>
   <trkpt lat="48.3162410" lon="7.6475010">
    <ele>161.1</ele>
    <time>2024-04-20T20:14:31Z</time>
   </trkpt>
   <trkpt lat="48.3161860" lon="7.6474540">
    <ele>161.1</ele>
    <time>2024-04-20T20:14:32Z</time>
   </trkpt>
   <trkpt lat="48.3161310" lon="7.6474120">
    <ele>161.1</ele>
    <time>2024-04-20T20:14:33Z</time>
   </trkpt>
   <trkpt lat="48.3160760" lon="7.6473700">
    <ele>161.1</ele>
    <time>2024-04-20T20:14:34Z</time>
   </trkpt>
   <trkpt lat="48.3160210" lon="7.6473290">
    <ele>161.1</ele>
    <time>2024-04-20T20:14:35Z</time>
   </trkpt>
   <trkpt lat="48.3159680" lon="7.6472860">
    <ele>161.1</ele>
    <time>2024-04-20T20:14:36Z</time>
   </trkpt>
   <trkpt lat="48.3159150" lon="7.6472420">
    <ele>161.2</ele>
    <time>2024-04-20T20:14:37Z</time>
   </trkpt>
   <trkpt lat="48.3158620" lon="7.6471970">
    <ele>161.2</ele>
    <time>2024-04-20T20:14:38Z</time>
   </trkpt>
   <trkpt lat="48.3158080" lon="7.6471520">
    <ele>161.2</ele>
    <time>2024-04-20T20:14:39Z</time>
   </trkpt>
   <trkpt lat="48.3157530" lon="7.6471090">
    <ele>161.2</ele>
    <time>2024-04-20T20:14:40Z</time>
   </trkpt>
   <trkpt lat="48.3156980" lon="7.6470680">
    <ele>161.3</ele>
    <time>2024-04-20T20:14:41Z</time>
   </trkpt>
   <trkpt lat="48.3156440" lon="7.6470270">
    <ele>161.3</ele>
    <time>2024-04-20T20:14:42Z</time>
   </trkpt>
   <trkpt lat="48.3155900" lon="7.6469860">
    <ele>161.3</ele>
    <time>2024-04-20T20:14:43Z</time>
   </trkpt>
   <trkpt lat="48.3155360" lon="7.6469430">
    <ele>161.3</ele>
    <time>2024-04-20T20:14:44Z</time>
   </trkpt>
   <trkpt lat="48.3154830" lon="7.6468990">
    <ele>161.3</ele>
    <time>2024-04-20T20:14:45Z</time>
   </trkpt>
   <trkpt lat="48.3154300" lon="7.6468560">
    <ele>161.3</ele>
    <time>2024-04-20T20:14:46Z</time>
   </trkpt>
   <trkpt lat="48.3153790" lon="7.6468160">
    <ele>161.3</ele>
    <time>2024-04-20T20:14:47Z</time>
   </trkpt>
   <trkpt lat="48.3153260" lon="7.6467740">
    <ele>161.3</ele>
    <time>2024-04-20T20:14:48Z</time>
   </trkpt>
   <trkpt lat="48.3152710" lon="7.6467330">
    <ele>161.4</ele>
    <time>2024-04-20T20:14:49Z</time>
   </trkpt>
   <trkpt lat="48.3152170" lon="7.6466900">
    <ele>161.4</ele>
    <time>2024-04-20T20:14:50Z</time>
   </trkpt>
   <trkpt lat="48.3151620" lon="7.6466500">
    <ele>161.4</ele>
    <time>2024-04-20T20:14:51Z</time>
   </trkpt>
   <trkpt lat="48.3151080" lon="7.6466090">
    <ele>161.4</ele>
    <time>2024-04-20T20:14:52Z</time>
   </trkpt>
   <trkpt lat="48.3150560" lon="7.6465660">
    <ele>161.4</ele>
    <time>2024-04-20T20:14:53Z</time>
   </trkpt>
   <trkpt lat="48.3150050" lon="7.6465290">
    <ele>161.4</ele>
    <time>2024-04-20T20:14:54Z</time>
   </trkpt>
   <trkpt lat="48.3149530" lon="7.6464890">
    <ele>161.4</ele>
    <time>2024-04-20T20:14:55Z</time>
   </trkpt>
   <trkpt lat="48.3149020" lon="7.6464530">
    <ele>161.4</ele>
    <time>2024-04-20T20:14:56Z</time>
   </trkpt>
   <trkpt lat="48.3148490" lon="7.6464130">
    <ele>161.4</ele>
    <time>2024-04-20T20:14:57Z</time>
   </trkpt>
   <trkpt lat="48.3147970" lon="7.6463700">
    <ele>161.4</ele>
    <time>2024-04-20T20:14:58Z</time>
   </trkpt>
   <trkpt lat="48.3147440" lon="7.6463260">
    <ele>161.4</ele>
    <time>2024-04-20T20:14:59Z</time>
   </trkpt>
   <trkpt lat="48.3146910" lon="7.6462840">
    <ele>161.4</ele>
    <time>2024-04-20T20:15:00Z</time>
   </trkpt>
   <trkpt lat="48.3146380" lon="7.6462460">
    <ele>161.4</ele>
    <time>2024-04-20T20:15:01Z</time>
   </trkpt>
   <trkpt lat="48.3145890" lon="7.6462060">
    <ele>161.4</ele>
    <time>2024-04-20T20:15:02Z</time>
   </trkpt>
   <trkpt lat="48.3145370" lon="7.6461670">
    <ele>161.5</ele>
    <time>2024-04-20T20:15:03Z</time>
   </trkpt>
   <trkpt lat="48.3144860" lon="7.6461260">
    <ele>161.5</ele>
    <time>2024-04-20T20:15:04Z</time>
   </trkpt>
   <trkpt lat="48.3144340" lon="7.6460860">
    <ele>161.5</ele>
    <time>2024-04-20T20:15:05Z</time>
   </trkpt>
   <trkpt lat="48.3143820" lon="7.6460450">
    <ele>161.5</ele>
    <time>2024-04-20T20:15:06Z</time>
   </trkpt>
   <trkpt lat="48.3143300" lon="7.6460050">
    <ele>161.4</ele>
    <time>2024-04-20T20:15:07Z</time>
   </trkpt>
   <trkpt lat="48.3142770" lon="7.6459650">
    <ele>161.4</ele>
    <time>2024-04-20T20:15:08Z</time>
   </trkpt>
   <trkpt lat="48.3142240" lon="7.6459250">
    <ele>161.4</ele>
    <time>2024-04-20T20:15:09Z</time>
   </trkpt>
   <trkpt lat="48.3141710" lon="7.6458880">
    <ele>161.4</ele>
    <time>2024-04-20T20:15:10Z</time>
   </trkpt>
   <trkpt lat="48.3141210" lon="7.6458520">
    <ele>161.4</ele>
    <time>2024-04-20T20:15:11Z</time>
   </trkpt>
   <trkpt lat="48.3140710" lon="7.6458150">
    <ele>161.4</ele>
    <time>2024-04-20T20:15:12Z</time>
   </trkpt>
   <trkpt lat="48.3140200" lon="7.6457760">
    <ele>161.4</ele>
    <time>2024-04-20T20:15:13Z</time>
   </trkpt>
   <trkpt lat="48.3139680" lon="7.6457380">
    <ele>161.4</ele>
    <time>2024-04-20T20:15:14Z</time>
   </trkpt>
   <trkpt lat="48.3139150" lon="7.6457000">
    <ele>161.4</ele>
    <time>2024-04-20T20:15:15Z</time>
   </trkpt>
   <trkpt lat="48.3138630" lon="7.6456610">
    <ele>161.4</ele>
    <time>2024-04-20T20:15:16Z</time>
   </trkpt>
   <trkpt lat="48.3138130" lon="7.6456200">
    <ele>161.5</ele>
    <time>2024-04-20T20:15:17Z</time>
   </trkpt>
   <trkpt lat="48.3137640" lon="7.6455820">
    <ele>161.5</ele>
    <time>2024-04-20T20:15:18Z</time>
   </trkpt>
   <trkpt lat="48.3137140" lon="7.6455430">
    <ele>161.5</ele>
    <time>2024-04-20T20:15:19Z</time>
   </trkpt>
   <trkpt lat="48.3136630" lon="7.6455040">
    <ele>161.5</ele>
    <time>2024-04-20T20:15:20Z</time>
   </trkpt>
   <trkpt lat="48.3136130" lon="7.6454660">
    <ele>161.5</ele>
    <time>2024-04-20T20:15:21Z</time>
   </trkpt>
   <trkpt lat="48.3135620" lon="7.6454270">
    <ele>161.5</ele>
    <time>2024-04-20T20:15:22Z</time>
   </trkpt>
   <trkpt lat="48.3135120" lon="7.6453900">
    <ele>161.5</ele>
    <time>2024-04-20T20:15:23Z</time>
   </trkpt>
   <trkpt lat="48.3134620" lon="7.6453520">
    <ele>161.5</ele>
    <time>2024-04-20T20:15:24Z</time>
   </trkpt>
   <trkpt lat="48.3134130" lon="7.6453130">
    <ele>161.5</ele>
    <time>2024-04-20T20:15:25Z</time>
   </trkpt>
   <trkpt lat="48.3133640" lon="7.6452750">
    <ele>161.5</ele>
    <time>2024-04-20T20:15:26Z</time>
   </trkpt>
   <trkpt lat="48.3133160" lon="7.6452360">
    <ele>161.5</ele>
    <time>2024-04-20T20:15:27Z</time>
   </trkpt>
   <trkpt lat="48.3132670" lon="7.6451940">
    <ele>161.5</ele>
    <time>2024-04-20T20:15:28Z</time>
   </trkpt>
   <trkpt lat="48.3132180" lon="7.6451570">
    <ele>161.5</ele>
    <time>2024-04-20T20:15:29Z</time>
   </trkpt>
   <trkpt lat="48.3131660" lon="7.6451180">
    <ele>161.4</ele>
    <time>2024-04-20T20:15:30Z</time>
   </trkpt>
   <trkpt lat="48.3131140" lon="7.6450800">
    <ele>161.4</ele>
    <time>2024-04-20T20:15:31Z</time>
   </trkpt>
   <trkpt lat="48.3130630" lon="7.6450400">
    <ele>161.4</ele>
    <time>2024-04-20T20:15:32Z</time>
   </trkpt>
   <trkpt lat="48.3130130" lon="7.6449980">
    <ele>161.4</ele>
    <time>2024-04-20T20:15:33Z</time>
   </trkpt>
   <trkpt lat="48.3129620" lon="7.6449600">
    <ele>161.4</ele>
    <time>2024-04-20T20:15:34Z</time>
   </trkpt>
   <trkpt lat="48.3129110" lon="7.6449230">
    <ele>161.4</ele>
    <time>2024-04-20T20:15:35Z</time>
   </trkpt>
   <trkpt lat="48.3128610" lon="7.6448850">
    <ele>161.4</ele>
    <time>2024-04-20T20:15:36Z</time>
   </trkpt>
   <trkpt lat="48.3128090" lon="7.6448450">
    <ele>161.4</ele>
    <time>2024-04-20T20:15:37Z</time>
   </trkpt>
   <trkpt lat="48.3127580" lon="7.6448080">
    <ele>161.4</ele>
    <time>2024-04-20T20:15:38Z</time>
   </trkpt>
   <trkpt lat="48.3127040" lon="7.6447690">
    <ele>161.4</ele>
    <time>2024-04-20T20:15:39Z</time>
   </trkpt>
   <trkpt lat="48.3126540" lon="7.6447320">
    <ele>161.4</ele>
    <time>2024-04-20T20:15:40Z</time>
   </trkpt>
   <trkpt lat="48.3126030" lon="7.6446900">
    <ele>161.4</ele>
    <time>2024-04-20T20:15:41Z</time>
   </trkpt>
   <trkpt lat="48.3125530" lon="7.6446480">
    <ele>161.4</ele>
    <time>2024-04-20T20:15:42Z</time>
   </trkpt>
   <trkpt lat="48.3125010" lon="7.6446090">
    <ele>161.4</ele>
    <time>2024-04-20T20:15:43Z</time>
   </trkpt>
   <trkpt lat="48.3124490" lon="7.6445700">
    <ele>161.4</ele>
    <time>2024-04-20T20:15:44Z</time>
   </trkpt>
   <trkpt lat="48.3123970" lon="7.6445280">
    <ele>161.4</ele>
    <time>2024-04-20T20:15:45Z</time>
   </trkpt>
   <trkpt lat="48.3123440" lon="7.6444860">
    <ele>161.4</ele>
    <time>2024-04-20T20:15:46Z</time>
   </trkpt>
   <trkpt lat="48.3122920" lon="7.6444420">
    <ele>161.5</ele>
    <time>2024-04-20T20:15:47Z</time>
   </trkpt>
   <trkpt lat="48.3122400" lon="7.6444000">
    <ele>161.5</ele>
    <time>2024-04-20T20:15:48Z</time>
   </trkpt>
   <trkpt lat="48.3121870" lon="7.6443560">
    <ele>161.5</ele>
    <time>2024-04-20T20:15:49Z</time>
   </trkpt>
   <trkpt lat="48.3121350" lon="7.6443140">
    <ele>161.5</ele>
    <time>2024-04-20T20:15:50Z</time>
   </trkpt>
   <trkpt lat="48.3120840" lon="7.6442730">
    <ele>161.5</ele>
    <time>2024-04-20T20:15:51Z</time>
   </trkpt>
   <trkpt lat="48.3120320" lon="7.6442330">
    <ele>161.5</ele>
    <time>2024-04-20T20:15:52Z</time>
   </trkpt>
   <trkpt lat="48.3119810" lon="7.6441960">
    <ele>161.6</ele>
    <time>2024-04-20T20:15:53Z</time>
   </trkpt>
   <trkpt lat="48.3119290" lon="7.6441600">
    <ele>161.6</ele>
    <time>2024-04-20T20:15:54Z</time>
   </trkpt>
   <trkpt lat="48.3118760" lon="7.6441200">
    <ele>161.6</ele>
    <time>2024-04-20T20:15:55Z</time>
   </trkpt>
   <trkpt lat="48.3118230" lon="7.6440800">
    <ele>161.6</ele>
    <time>2024-04-20T20:15:56Z</time>
   </trkpt>
   <trkpt lat="48.3117720" lon="7.6440420">
    <ele>161.6</ele>
    <time>2024-04-20T20:15:57Z</time>
   </trkpt>
   <trkpt lat="48.3117200" lon="7.6440040">
    <ele>161.6</ele>
    <time>2024-04-20T20:15:58Z</time>
   </trkpt>
   <trkpt lat="48.3116650" lon="7.6439610">
    <ele>161.6</ele>
    <time>2024-04-20T20:15:59Z</time>
   </trkpt>
   <trkpt lat="48.3116090" lon="7.6439170">
    <ele>161.6</ele>
    <time>2024-04-20T20:16:00Z</time>
   </trkpt>
   <trkpt lat="48.3115560" lon="7.6438770">
    <ele>161.6</ele>
    <time>2024-04-20T20:16:01Z</time>
   </trkpt>
   <trkpt lat="48.3115020" lon="7.6438400">
    <ele>161.6</ele>
    <time>2024-04-20T20:16:02Z</time>
   </trkpt>
   <trkpt lat="48.3114480" lon="7.6438020">
    <ele>161.6</ele>
    <time>2024-04-20T20:16:03Z</time>
   </trkpt>
   <trkpt lat="48.3113940" lon="7.6437600">
    <ele>161.6</ele>
    <time>2024-04-20T20:16:04Z</time>
   </trkpt>
   <trkpt lat="48.3113440" lon="7.6437180">
    <ele>161.6</ele>
    <time>2024-04-20T20:16:05Z</time>
   </trkpt>
   <trkpt lat="48.3112920" lon="7.6436790">
    <ele>161.6</ele>
    <time>2024-04-20T20:16:06Z</time>
   </trkpt>
   <trkpt lat="48.3112420" lon="7.6436380">
    <ele>161.6</ele>
    <time>2024-04-20T20:16:07Z</time>
   </trkpt>
   <trkpt lat="48.3111920" lon="7.6435990">
    <ele>161.6</ele>
    <time>2024-04-20T20:16:08Z</time>
   </trkpt>
   <trkpt lat="48.3111420" lon="7.6435630">
    <ele>161.6</ele>
    <time>2024-04-20T20:16:09Z</time>
   </trkpt>
   <trkpt lat="48.3110920" lon="7.6435240">
    <ele>161.6</ele>
    <time>2024-04-20T20:16:10Z</time>
   </trkpt>
   <trkpt lat="48.3110390" lon="7.6434830">
    <ele>161.5</ele>
    <time>2024-04-20T20:16:11Z</time>
   </trkpt>
   <trkpt lat="48.3109860" lon="7.6434460">
    <ele>161.5</ele>
    <time>2024-04-20T20:16:12Z</time>
   </trkpt>
   <trkpt lat="48.3109350" lon="7.6434090">
    <ele>161.5</ele>
    <time>2024-04-20T20:16:13Z</time>
   </trkpt>
   <trkpt lat="48.3108820" lon="7.6433700">
    <ele>161.4</ele>
    <time>2024-04-20T20:16:14Z</time>
   </trkpt>
   <trkpt lat="48.3108290" lon="7.6433300">
    <ele>161.4</ele>
    <time>2024-04-20T20:16:15Z</time>
   </trkpt>
   <trkpt lat="48.3107750" lon="7.6432890">
    <ele>161.4</ele>
    <time>2024-04-20T20:16:16Z</time>
   </trkpt>
   <trkpt lat="48.3107210" lon="7.6432510">
    <ele>161.4</ele>
    <time>2024-04-20T20:16:17Z</time>
   </trkpt>
   <trkpt lat="48.3106680" lon="7.6432140">
    <ele>161.4</ele>
    <time>2024-04-20T20:16:18Z</time>
   </trkpt>
   <trkpt lat="48.3106160" lon="7.6431750">
    <ele>161.4</ele>
    <time>2024-04-20T20:16:19Z</time>
   </trkpt>
   <trkpt lat="48.3105660" lon="7.6431350">
    <ele>161.4</ele>
    <time>2024-04-20T20:16:20Z</time>
   </trkpt>
   <trkpt lat="48.3105170" lon="7.6430960">
    <ele>161.4</ele>
    <time>2024-04-20T20:16:21Z</time>
   </trkpt>
   <trkpt lat="48.3104680" lon="7.6430560">
    <ele>161.5</ele>
    <time>2024-04-20T20:16:22Z</time>
   </trkpt>
   <trkpt lat="48.3104170" lon="7.6430220">
    <ele>161.5</ele>
    <time>2024-04-20T20:16:23Z</time>
   </trkpt>
   <trkpt lat="48.3103660" lon="7.6429880">
    <ele>161.6</ele>
    <time>2024-04-20T20:16:24Z</time>
   </trkpt>
   <trkpt lat="48.3103170" lon="7.6429490">
    <ele>161.7</ele>
    <time>2024-04-20T20:16:25Z</time>
   </trkpt>
   <trkpt lat="48.3102690" lon="7.6429090">
    <ele>161.7</ele>
    <time>2024-04-20T20:16:26Z</time>
   </trkpt>
   <trkpt lat="48.3102210" lon="7.6428710">
    <ele>161.7</ele>
    <time>2024-04-20T20:16:27Z</time>
   </trkpt>
   <trkpt lat="48.3101730" lon="7.6428310">
    <ele>161.7</ele>
    <time>2024-04-20T20:16:28Z</time>
   </trkpt>
   <trkpt lat="48.3101250" lon="7.6427960">
    <ele>161.8</ele>
    <time>2024-04-20T20:16:29Z</time>
   </trkpt>
   <trkpt lat="48.3100750" lon="7.6427560">
    <ele>161.8</ele>
    <time>2024-04-20T20:16:30Z</time>
   </trkpt>
   <trkpt lat="48.3100220" lon="7.6427170">
    <ele>161.8</ele>
    <time>2024-04-20T20:16:31Z</time>
   </trkpt>
   <trkpt lat="48.3099720" lon="7.6426790">
    <ele>161.8</ele>
    <time>2024-04-20T20:16:32Z</time>
   </trkpt>
   <trkpt lat="48.3099200" lon="7.6426410">
    <ele>161.8</ele>
    <time>2024-04-20T20:16:33Z</time>
   </trkpt>
   <trkpt lat="48.3098700" lon="7.6426030">
    <ele>161.8</ele>
    <time>2024-04-20T20:16:34Z</time>
   </trkpt>
   <trkpt lat="48.3098230" lon="7.6425610">
    <ele>161.8</ele>
    <time>2024-04-20T20:16:35Z</time>
   </trkpt>
   <trkpt lat="48.3097760" lon="7.6425190">
    <ele>161.8</ele>
    <time>2024-04-20T20:16:36Z</time>
   </trkpt>
   <trkpt lat="48.3097280" lon="7.6424800">
    <ele>161.8</ele>
    <time>2024-04-20T20:16:37Z</time>
   </trkpt>
   <trkpt lat="48.3096790" lon="7.6424420">
    <ele>161.8</ele>
    <time>2024-04-20T20:16:38Z</time>
   </trkpt>
   <trkpt lat="48.3096280" lon="7.6424060">
    <ele>161.8</ele>
    <time>2024-04-20T20:16:39Z</time>
   </trkpt>
   <trkpt lat="48.3095790" lon="7.6423700">
    <ele>161.8</ele>
    <time>2024-04-20T20:16:40Z</time>
   </trkpt>
   <trkpt lat="48.3095320" lon="7.6423350">
    <ele>161.8</ele>
    <time>2024-04-20T20:16:41Z</time>
   </trkpt>
   <trkpt lat="48.3094820" lon="7.6422990">
    <ele>161.8</ele>
    <time>2024-04-20T20:16:42Z</time>
   </trkpt>
   <trkpt lat="48.3094330" lon="7.6422610">
    <ele>161.8</ele>
    <time>2024-04-20T20:16:43Z</time>
   </trkpt>
   <trkpt lat="48.3093800" lon="7.6422250">
    <ele>161.8</ele>
    <time>2024-04-20T20:16:44Z</time>
   </trkpt>
   <trkpt lat="48.3093320" lon="7.6421870">
    <ele>161.8</ele>
    <time>2024-04-20T20:16:45Z</time>
   </trkpt>
   <trkpt lat="48.3092840" lon="7.6421480">
    <ele>161.8</ele>
    <time>2024-04-20T20:16:46Z</time>
   </trkpt>
   <trkpt lat="48.3092350" lon="7.6421100">
    <ele>161.8</ele>
    <time>2024-04-20T20:16:47Z</time>
   </trkpt>
   <trkpt lat="48.3091860" lon="7.6420670">
    <ele>161.8</ele>
    <time>2024-04-20T20:16:48Z</time>
   </trkpt>
   <trkpt lat="48.3091380" lon="7.6420280">
    <ele>161.9</ele>
    <time>2024-04-20T20:16:49Z</time>
   </trkpt>
   <trkpt lat="48.3090900" lon="7.6419900">
    <ele>161.9</ele>
    <time>2024-04-20T20:16:50Z</time>
   </trkpt>
   <trkpt lat="48.3090400" lon="7.6419580">
    <ele>161.9</ele>
    <time>2024-04-20T20:16:51Z</time>
   </trkpt>
   <trkpt lat="48.3089880" lon="7.6419170">
    <ele>161.9</ele>
    <time>2024-04-20T20:16:52Z</time>
   </trkpt>
   <trkpt lat="48.3089370" lon="7.6418780">
    <ele>161.8</ele>
    <time>2024-04-20T20:16:53Z</time>
   </trkpt>
   <trkpt lat="48.3088890" lon="7.6418360">
    <ele>161.8</ele>
    <time>2024-04-20T20:16:54Z</time>
   </trkpt>
   <trkpt lat="48.3088420" lon="7.6417940">
    <ele>161.8</ele>
    <time>2024-04-20T20:16:55Z</time>
   </trkpt>
   <trkpt lat="48.3087910" lon="7.6417540">
    <ele>161.8</ele>
    <time>2024-04-20T20:16:56Z</time>
   </trkpt>
   <trkpt lat="48.3087410" lon="7.6417160">
    <ele>161.8</ele>
    <time>2024-04-20T20:16:57Z</time>
   </trkpt>
   <trkpt lat="48.3086900" lon="7.6416800">
    <ele>161.8</ele>
    <time>2024-04-20T20:16:58Z</time>
   </trkpt>
   <trkpt lat="48.3086380" lon="7.6416420">
    <ele>161.8</ele>
    <time>2024-04-20T20:16:59Z</time>
   </trkpt>
   <trkpt lat="48.3085890" lon="7.6416060">
    <ele>161.8</ele>
    <time>2024-04-20T20:17:00Z</time>
   </trkpt>
   <trkpt lat="48.3085380" lon="7.6415700">
    <ele>161.8</ele>
    <time>2024-04-20T20:17:01Z</time>
   </trkpt>
   <trkpt lat="48.3084890" lon="7.6415310">
    <ele>161.8</ele>
    <time>2024-04-20T20:17:02Z</time>
   </trkpt>
   <trkpt lat="48.3084400" lon="7.6414920">
    <ele>161.8</ele>
    <time>2024-04-20T20:17:03Z</time>
   </trkpt>
   <trkpt lat="48.3083920" lon="7.6414500">
    <ele>161.8</ele>
    <time>2024-04-20T20:17:04Z</time>
   </trkpt>
   <trkpt lat="48.3083420" lon="7.6414130">
    <ele>161.8</ele>
    <time>2024-04-20T20:17:05Z</time>
   </trkpt>
   <trkpt lat="48.3082910" lon="7.6413730">
    <ele>161.8</ele>
    <time>2024-04-20T20:17:06Z</time>
   </trkpt>
   <trkpt lat="48.3082400" lon="7.6413360">
    <ele>161.8</ele>
    <time>2024-04-20T20:17:07Z</time>
   </trkpt>
   <trkpt lat="48.3081890" lon="7.6412970">
    <ele>161.8</ele>
    <time>2024-04-20T20:17:08Z</time>
   </trkpt>
   <trkpt lat="48.3081400" lon="7.6412580">
    <ele>161.8</ele>
    <time>2024-04-20T20:17:09Z</time>
   </trkpt>
   <trkpt lat="48.3080900" lon="7.6412220">
    <ele>161.8</ele>
    <time>2024-04-20T20:17:10Z</time>
   </trkpt>
   <trkpt lat="48.3080400" lon="7.6411870">
    <ele>161.8</ele>
    <time>2024-04-20T20:17:11Z</time>
   </trkpt>
   <trkpt lat="48.3079870" lon="7.6411500">
    <ele>161.8</ele>
    <time>2024-04-20T20:17:12Z</time>
   </trkpt>
   <trkpt lat="48.3079350" lon="7.6411100">
    <ele>161.8</ele>
    <time>2024-04-20T20:17:13Z</time>
   </trkpt>
   <trkpt lat="48.3078850" lon="7.6410660">
    <ele>161.8</ele>
    <time>2024-04-20T20:17:14Z</time>
   </trkpt>
   <trkpt lat="48.3078320" lon="7.6410240">
    <ele>161.8</ele>
    <time>2024-04-20T20:17:15Z</time>
   </trkpt>
   <trkpt lat="48.3077810" lon="7.6409860">
    <ele>161.7</ele>
    <time>2024-04-20T20:17:16Z</time>
   </trkpt>
   <trkpt lat="48.3077300" lon="7.6409460">
    <ele>161.7</ele>
    <time>2024-04-20T20:17:17Z</time>
   </trkpt>
   <trkpt lat="48.3076780" lon="7.6409070">
    <ele>161.7</ele>
    <time>2024-04-20T20:17:18Z</time>
   </trkpt>
   <trkpt lat="48.3076260" lon="7.6408640">
    <ele>161.7</ele>
    <time>2024-04-20T20:17:19Z</time>
   </trkpt>
   <trkpt lat="48.3075760" lon="7.6408250">
    <ele>161.7</ele>
    <time>2024-04-20T20:17:20Z</time>
   </trkpt>
   <trkpt lat="48.3075250" lon="7.6407820">
    <ele>161.7</ele>
    <time>2024-04-20T20:17:21Z</time>
   </trkpt>
   <trkpt lat="48.3074740" lon="7.6407410">
    <ele>161.7</ele>
    <time>2024-04-20T20:17:22Z</time>
   </trkpt>
   <trkpt lat="48.3074240" lon="7.6407040">
    <ele>161.6</ele>
    <time>2024-04-20T20:17:23Z</time>
   </trkpt>
   <trkpt lat="48.3073730" lon="7.6406610">
    <ele>161.6</ele>
    <time>2024-04-20T20:17:24Z</time>
   </trkpt>
   <trkpt lat="48.3073220" lon="7.6406150">
    <ele>161.6</ele>
    <time>2024-04-20T20:17:25Z</time>
   </trkpt>
   <trkpt lat="48.3072690" lon="7.6405690">
    <ele>161.6</ele>
    <time>2024-04-20T20:17:26Z</time>
   </trkpt>
   <trkpt lat="48.3072150" lon="7.6405310">
    <ele>161.6</ele>
    <time>2024-04-20T20:17:27Z</time>
   </trkpt>
   <trkpt lat="48.3071600" lon="7.6404940">
    <ele>161.6</ele>
    <time>2024-04-20T20:17:28Z</time>
   </trkpt>
   <trkpt lat="48.3071070" lon="7.6404550">
    <ele>161.6</ele>
    <time>2024-04-20T20:17:29Z</time>
   </trkpt>
   <trkpt lat="48.3070540" lon="7.6404130">
    <ele>161.6</ele>
    <time>2024-04-20T20:17:30Z</time>
   </trkpt>
   <trkpt lat="48.3070010" lon="7.6403710">
    <ele>161.6</ele>
    <time>2024-04-20T20:17:31Z</time>
   </trkpt>
   <trkpt lat="48.3069490" lon="7.6403290">
    <ele>161.6</ele>
    <time>2024-04-20T20:17:32Z</time>
   </trkpt>
   <trkpt lat="48.3068960" lon="7.6402860">
    <ele>161.6</ele>
    <time>2024-04-20T20:17:33Z</time>
   </trkpt>
   <trkpt lat="48.3068440" lon="7.6402460">
    <ele>161.6</ele>
    <time>2024-04-20T20:17:34Z</time>
   </trkpt>
   <trkpt lat="48.3067910" lon="7.6402070">
    <ele>161.6</ele>
    <time>2024-04-20T20:17:35Z</time>
   </trkpt>
   <trkpt lat="48.3067390" lon="7.6401710">
    <ele>161.6</ele>
    <time>2024-04-20T20:17:36Z</time>
   </trkpt>
   <trkpt lat="48.3066870" lon="7.6401280">
    <ele>161.6</ele>
    <time>2024-04-20T20:17:37Z</time>
   </trkpt>
   <trkpt lat="48.3066330" lon="7.6400830">
    <ele>161.5</ele>
    <time>2024-04-20T20:17:38Z</time>
   </trkpt>
   <trkpt lat="48.3065770" lon="7.6400390">
    <ele>161.5</ele>
    <time>2024-04-20T20:17:39Z</time>
   </trkpt>
   <trkpt lat="48.3065210" lon="7.6399980">
    <ele>161.5</ele>
    <time>2024-04-20T20:17:40Z</time>
   </trkpt>
   <trkpt lat="48.3064670" lon="7.6399540">
    <ele>161.5</ele>
    <time>2024-04-20T20:17:41Z</time>
   </trkpt>
   <trkpt lat="48.3064120" lon="7.6399120">
    <ele>161.5</ele>
    <time>2024-04-20T20:17:42Z</time>
   </trkpt>
   <trkpt lat="48.3063570" lon="7.6398730">
    <ele>161.5</ele>
    <time>2024-04-20T20:17:43Z</time>
   </trkpt>
   <trkpt lat="48.3063030" lon="7.6398310">
    <ele>161.5</ele>
    <time>2024-04-20T20:17:44Z</time>
   </trkpt>
   <trkpt lat="48.3062490" lon="7.6397870">
    <ele>161.5</ele>
    <time>2024-04-20T20:17:45Z</time>
   </trkpt>
   <trkpt lat="48.3061960" lon="7.6397460">
    <ele>161.5</ele>
    <time>2024-04-20T20:17:46Z</time>
   </trkpt>
   <trkpt lat="48.3061430" lon="7.6397040">
    <ele>161.5</ele>
    <time>2024-04-20T20:17:47Z</time>
   </trkpt>
   <trkpt lat="48.3060890" lon="7.6396620">
    <ele>161.6</ele>
    <time>2024-04-20T20:17:48Z</time>
   </trkpt>
   <trkpt lat="48.3060330" lon="7.6396230">
    <ele>161.6</ele>
    <time>2024-04-20T20:17:49Z</time>
   </trkpt>
   <trkpt lat="48.3059790" lon="7.6395850">
    <ele>161.7</ele>
    <time>2024-04-20T20:17:50Z</time>
   </trkpt>
   <trkpt lat="48.3059250" lon="7.6395470">
    <ele>161.8</ele>
    <time>2024-04-20T20:17:51Z</time>
   </trkpt>
   <trkpt lat="48.3058730" lon="7.6395100">
    <ele>161.9</ele>
    <time>2024-04-20T20:17:52Z</time>
   </trkpt>
   <trkpt lat="48.3058210" lon="7.6394760">
    <ele>161.9</ele>
    <time>2024-04-20T20:17:53Z</time>
   </trkpt>
   <trkpt lat="48.3057710" lon="7.6394470">
    <ele>162.1</ele>
    <time>2024-04-20T20:17:54Z</time>
   </trkpt>
   <trkpt lat="48.3057160" lon="7.6394270">
    <ele>162.2</ele>
    <time>2024-04-20T20:17:55Z</time>
   </trkpt>
   <trkpt lat="48.3056590" lon="7.6394200">
    <ele>162.3</ele>
    <time>2024-04-20T20:17:56Z</time>
   </trkpt>
   <trkpt lat="48.3056050" lon="7.6394060">
    <ele>162.5</ele>
    <time>2024-04-20T20:17:57Z</time>
   </trkpt>
   <trkpt lat="48.3055620" lon="7.6393780">
    <ele>162.6</ele>
    <time>2024-04-20T20:17:58Z</time>
   </trkpt>
   <trkpt lat="48.3055160" lon="7.6393260">
    <ele>162.7</ele>
    <time>2024-04-20T20:17:59Z</time>
   </trkpt>
   <trkpt lat="48.3054690" lon="7.6392770">
    <ele>162.8</ele>
    <time>2024-04-20T20:18:00Z</time>
   </trkpt>
   <trkpt lat="48.3054200" lon="7.6392420">
    <ele>162.9</ele>
    <time>2024-04-20T20:18:01Z</time>
   </trkpt>
   <trkpt lat="48.3053730" lon="7.6392120">
    <ele>163.0</ele>
    <time>2024-04-20T20:18:02Z</time>
   </trkpt>
   <trkpt lat="48.3053270" lon="7.6391790">
    <ele>163.1</ele>
    <time>2024-04-20T20:18:03Z</time>
   </trkpt>
   <trkpt lat="48.3052860" lon="7.6391400">
    <ele>163.1</ele>
    <time>2024-04-20T20:18:04Z</time>
   </trkpt>
   <trkpt lat="48.3052480" lon="7.6390950">
    <ele>163.2</ele>
    <time>2024-04-20T20:18:05Z</time>
   </trkpt>
   <trkpt lat="48.3052100" lon="7.6390430">
    <ele>163.2</ele>
    <time>2024-04-20T20:18:06Z</time>
   </trkpt>
   <trkpt lat="48.3051730" lon="7.6389940">
    <ele>163.2</ele>
    <time>2024-04-20T20:18:07Z</time>
   </trkpt>
   <trkpt lat="48.3051300" lon="7.6389550">
    <ele>163.2</ele>
    <time>2024-04-20T20:18:08Z</time>
   </trkpt>
   <trkpt lat="48.3050810" lon="7.6389210">
    <ele>163.2</ele>
    <time>2024-04-20T20:18:09Z</time>
   </trkpt>
   <trkpt lat="48.3050320" lon="7.6388820">
    <ele>163.1</ele>
    <time>2024-04-20T20:18:10Z</time>
   </trkpt>
   <trkpt lat="48.3049850" lon="7.6388390">
    <ele>163.1</ele>
    <time>2024-04-20T20:18:11Z</time>
   </trkpt>
   <trkpt lat="48.3049390" lon="7.6387960">
    <ele>163.1</ele>
    <time>2024-04-20T20:18:12Z</time>
   </trkpt>
   <trkpt lat="48.3048890" lon="7.6387510">
    <ele>163.1</ele>
    <time>2024-04-20T20:18:13Z</time>
   </trkpt>
   <trkpt lat="48.3048390" lon="7.6387110">
    <ele>163.1</ele>
    <time>2024-04-20T20:18:14Z</time>
   </trkpt>
   <trkpt lat="48.3047860" lon="7.6386740">
    <ele>163.0</ele>
    <time>2024-04-20T20:18:15Z</time>
   </trkpt>
   <trkpt lat="48.3047350" lon="7.6386330">
    <ele>163.0</ele>
    <time>2024-04-20T20:18:16Z</time>
   </trkpt>
   <trkpt lat="48.3046830" lon="7.6385920">
    <ele>163.1</ele>
    <time>2024-04-20T20:18:17Z</time>
   </trkpt>
   <trkpt lat="48.3046330" lon="7.6385500">
    <ele>163.1</ele>
    <time>2024-04-20T20:18:18Z</time>
   </trkpt>
   <trkpt lat="48.3045800" lon="7.6385070">
    <ele>163.1</ele>
    <time>2024-04-20T20:18:19Z</time>
   </trkpt>
   <trkpt lat="48.3045260" lon="7.6384680">
    <ele>163.0</ele>
    <time>2024-04-20T20:18:20Z</time>
   </trkpt>
   <trkpt lat="48.3044750" lon="7.6384310">
    <ele>163.0</ele>
    <time>2024-04-20T20:18:21Z</time>
   </trkpt>
   <trkpt lat="48.3044210" lon="7.6383900">
    <ele>163.0</ele>
    <time>2024-04-20T20:18:22Z</time>
   </trkpt>
   <trkpt lat="48.3043670" lon="7.6383480">
    <ele>163.0</ele>
    <time>2024-04-20T20:18:23Z</time>
   </trkpt>
   <trkpt lat="48.3043130" lon="7.6383050">
    <ele>162.9</ele>
    <time>2024-04-20T20:18:24Z</time>
   </trkpt>
   <trkpt lat="48.3042610" lon="7.6382620">
    <ele>162.9</ele>
    <time>2024-04-20T20:18:25Z</time>
   </trkpt>
   <trkpt lat="48.3042070" lon="7.6382210">
    <ele>162.9</ele>
    <time>2024-04-20T20:18:26Z</time>
   </trkpt>
   <trkpt lat="48.3041540" lon="7.6381790">
    <ele>162.9</ele>
    <time>2024-04-20T20:18:27Z</time>
   </trkpt>
   <trkpt lat="48.3041010" lon="7.6381380">
    <ele>162.9</ele>
    <time>2024-04-20T20:18:28Z</time>
   </trkpt>
   <trkpt lat="48.3040470" lon="7.6380970">
    <ele>162.9</ele>
    <time>2024-04-20T20:18:29Z</time>
   </trkpt>
   <trkpt lat="48.3039950" lon="7.6380600">
    <ele>162.9</ele>
    <time>2024-04-20T20:18:30Z</time>
   </trkpt>
   <trkpt lat="48.3039430" lon="7.6380220">
    <ele>162.9</ele>
    <time>2024-04-20T20:18:31Z</time>
   </trkpt>
   <trkpt lat="48.3038910" lon="7.6379820">
    <ele>162.9</ele>
    <time>2024-04-20T20:18:32Z</time>
   </trkpt>
   <trkpt lat="48.3038390" lon="7.6379440">
    <ele>162.9</ele>
    <time>2024-04-20T20:18:33Z</time>
   </trkpt>
   <trkpt lat="48.3037840" lon="7.6379020">
    <ele>162.9</ele>
    <time>2024-04-20T20:18:34Z</time>
   </trkpt>
   <trkpt lat="48.3037290" lon="7.6378620">
    <ele>163.0</ele>
    <time>2024-04-20T20:18:35Z</time>
   </trkpt>
   <trkpt lat="48.3036750" lon="7.6378220">
    <ele>163.0</ele>
    <time>2024-04-20T20:18:36Z</time>
   </trkpt>
   <trkpt lat="48.3036210" lon="7.6377810">
    <ele>163.0</ele>
    <time>2024-04-20T20:18:37Z</time>
   </trkpt>
   <trkpt lat="48.3035690" lon="7.6377410">
    <ele>163.0</ele>
    <time>2024-04-20T20:18:38Z</time>
   </trkpt>
   <trkpt lat="48.3035160" lon="7.6376970">
    <ele>163.0</ele>
    <time>2024-04-20T20:18:39Z</time>
   </trkpt>
   <trkpt lat="48.3034640" lon="7.6376530">
    <ele>163.0</ele>
    <time>2024-04-20T20:18:40Z</time>
   </trkpt>
   <trkpt lat="48.3034110" lon="7.6376090">
    <ele>163.0</ele>
    <time>2024-04-20T20:18:41Z</time>
   </trkpt>
   <trkpt lat="48.3033580" lon="7.6375660">
    <ele>163.0</ele>
    <time>2024-04-20T20:18:42Z</time>
   </trkpt>
   <trkpt lat="48.3033050" lon="7.6375210">
    <ele>163.0</ele>
    <time>2024-04-20T20:18:43Z</time>
   </trkpt>
   <trkpt lat="48.3032520" lon="7.6374760">
    <ele>163.0</ele>
    <time>2024-04-20T20:18:44Z</time>
   </trkpt>
   <trkpt lat="48.3031980" lon="7.6374310">
    <ele>163.0</ele>
    <time>2024-04-20T20:18:45Z</time>
   </trkpt>
   <trkpt lat="48.3031480" lon="7.6373810">
    <ele>163.0</ele>
    <time>2024-04-20T20:18:46Z</time>
   </trkpt>
   <trkpt lat="48.3030970" lon="7.6373310">
    <ele>163.0</ele>
    <time>2024-04-20T20:18:47Z</time>
   </trkpt>
   <trkpt lat="48.3030470" lon="7.6372760">
    <ele>163.1</ele>
    <time>2024-04-20T20:18:48Z</time>
   </trkpt>
   <trkpt lat="48.3029940" lon="7.6372250">
    <ele>163.1</ele>
    <time>2024-04-20T20:18:49Z</time>
   </trkpt>
   <trkpt lat="48.3029390" lon="7.6371820">
    <ele>163.1</ele>
    <time>2024-04-20T20:18:50Z</time>
   </trkpt>
   <trkpt lat="48.3028840" lon="7.6371360">
    <ele>163.1</ele>
    <time>2024-04-20T20:18:51Z</time>
   </trkpt>
   <trkpt lat="48.3028300" lon="7.6370920">
    <ele>163.1</ele>
    <time>2024-04-20T20:18:52Z</time>
   </trkpt>
   <trkpt lat="48.3027730" lon="7.6370520">
    <ele>163.1</ele>
    <time>2024-04-20T20:18:53Z</time>
   </trkpt>
   <trkpt lat="48.3027160" lon="7.6370110">
    <ele>163.1</ele>
    <time>2024-04-20T20:18:54Z</time>
   </trkpt>
   <trkpt lat="48.3026580" lon="7.6369730">
    <ele>163.1</ele>
    <time>2024-04-20T20:18:55Z</time>
   </trkpt>
   <trkpt lat="48.3026010" lon="7.6369350">
    <ele>163.0</ele>
    <time>2024-04-20T20:18:56Z</time>
   </trkpt>
   <trkpt lat="48.3025420" lon="7.6368930">
    <ele>163.0</ele>
    <time>2024-04-20T20:18:57Z</time>
   </trkpt>
   <trkpt lat="48.3024860" lon="7.6368530">
    <ele>163.0</ele>
    <time>2024-04-20T20:18:58Z</time>
   </trkpt>
   <trkpt lat="48.3024270" lon="7.6368210">
    <ele>163.0</ele>
    <time>2024-04-20T20:18:59Z</time>
   </trkpt>
   <trkpt lat="48.3023690" lon="7.6367830">
    <ele>163.0</ele>
    <time>2024-04-20T20:19:00Z</time>
   </trkpt>
   <trkpt lat="48.3023090" lon="7.6367450">
    <ele>163.0</ele>
    <time>2024-04-20T20:19:01Z</time>
   </trkpt>
   <trkpt lat="48.3022510" lon="7.6367060">
    <ele>163.0</ele>
    <time>2024-04-20T20:19:02Z</time>
   </trkpt>
   <trkpt lat="48.3021930" lon="7.6366640">
    <ele>163.0</ele>
    <time>2024-04-20T20:19:03Z</time>
   </trkpt>
   <trkpt lat="48.3021360" lon="7.6366200">
    <ele>163.0</ele>
    <time>2024-04-20T20:19:04Z</time>
   </trkpt>
   <trkpt lat="48.3020790" lon="7.6365780">
    <ele>163.0</ele>
    <time>2024-04-20T20:19:05Z</time>
   </trkpt>
   <trkpt lat="48.3020220" lon="7.6365390">
    <ele>163.0</ele>
    <time>2024-04-20T20:19:06Z</time>
   </trkpt>
   <trkpt lat="48.3019680" lon="7.6364940">
    <ele>163.0</ele>
    <time>2024-04-20T20:19:07Z</time>
   </trkpt>
   <trkpt lat="48.3019150" lon="7.6364490">
    <ele>163.0</ele>
    <time>2024-04-20T20:19:08Z</time>
   </trkpt>
   <trkpt lat="48.3018600" lon="7.6364070">
    <ele>163.0</ele>
    <time>2024-04-20T20:19:09Z</time>
   </trkpt>
   <trkpt lat="48.3018030" lon="7.6363710">
    <ele>163.0</ele>
    <time>2024-04-20T20:19:10Z</time>
   </trkpt>
   <trkpt lat="48.3017450" lon="7.6363300">
    <ele>163.0</ele>
    <time>2024-04-20T20:19:11Z</time>
   </trkpt>
   <trkpt lat="48.3016900" lon="7.6362850">
    <ele>163.0</ele>
    <time>2024-04-20T20:19:12Z</time>
   </trkpt>
   <trkpt lat="48.3016350" lon="7.6362410">
    <ele>163.0</ele>
    <time>2024-04-20T20:19:13Z</time>
   </trkpt>
   <trkpt lat="48.3015790" lon="7.6362020">
    <ele>163.0</ele>
    <time>2024-04-20T20:19:14Z</time>
   </trkpt>
   <trkpt lat="48.3015250" lon="7.6361610">
    <ele>163.0</ele>
    <time>2024-04-20T20:19:15Z</time>
   </trkpt>
   <trkpt lat="48.3014710" lon="7.6361170">
    <ele>163.0</ele>
    <time>2024-04-20T20:19:16Z</time>
   </trkpt>
   <trkpt lat="48.3014170" lon="7.6360680">
    <ele>163.0</ele>
    <time>2024-04-20T20:19:17Z</time>
   </trkpt>
   <trkpt lat="48.3013630" lon="7.6360190">
    <ele>163.0</ele>
    <time>2024-04-20T20:19:18Z</time>
   </trkpt>
   <trkpt lat="48.3013090" lon="7.6359790">
    <ele>163.0</ele>
    <time>2024-04-20T20:19:19Z</time>
   </trkpt>
   <trkpt lat="48.3012540" lon="7.6359380">
    <ele>163.0</ele>
    <time>2024-04-20T20:19:20Z</time>
   </trkpt>
   <trkpt lat="48.3011990" lon="7.6359000">
    <ele>163.0</ele>
    <time>2024-04-20T20:19:21Z</time>
   </trkpt>
   <trkpt lat="48.3011440" lon="7.6358600">
    <ele>163.0</ele>
    <time>2024-04-20T20:19:22Z</time>
   </trkpt>
   <trkpt lat="48.3010910" lon="7.6358160">
    <ele>163.0</ele>
    <time>2024-04-20T20:19:23Z</time>
   </trkpt>
   <trkpt lat="48.3010380" lon="7.6357720">
    <ele>163.0</ele>
    <time>2024-04-20T20:19:24Z</time>
   </trkpt>
   <trkpt lat="48.3009830" lon="7.6357280">
    <ele>163.0</ele>
    <time>2024-04-20T20:19:25Z</time>
   </trkpt>
   <trkpt lat="48.3009300" lon="7.6356860">
    <ele>162.9</ele>
    <time>2024-04-20T20:19:26Z</time>
   </trkpt>
   <trkpt lat="48.3008750" lon="7.6356490">
    <ele>162.9</ele>
    <time>2024-04-20T20:19:27Z</time>
   </trkpt>
   <trkpt lat="48.3008200" lon="7.6356110">
    <ele>162.9</ele>
    <time>2024-04-20T20:19:28Z</time>
   </trkpt>
   <trkpt lat="48.3007650" lon="7.6355700">
    <ele>162.9</ele>
    <time>2024-04-20T20:19:29Z</time>
   </trkpt>
   <trkpt lat="48.3007120" lon="7.6355310">
    <ele>162.9</ele>
    <time>2024-04-20T20:19:30Z</time>
   </trkpt>
   <trkpt lat="48.3006560" lon="7.6354920">
    <ele>162.9</ele>
    <time>2024-04-20T20:19:31Z</time>
   </trkpt>
   <trkpt lat="48.3006040" lon="7.6354540">
    <ele>163.0</ele>
    <time>2024-04-20T20:19:32Z</time>
   </trkpt>
   <trkpt lat="48.3005510" lon="7.6354120">
    <ele>163.0</ele>
    <time>2024-04-20T20:19:33Z</time>
   </trkpt>
   <trkpt lat="48.3004960" lon="7.6353760">
    <ele>163.1</ele>
    <time>2024-04-20T20:19:34Z</time>
   </trkpt>
   <trkpt lat="48.3004430" lon="7.6353400">
    <ele>163.1</ele>
    <time>2024-04-20T20:19:35Z</time>
   </trkpt>
   <trkpt lat="48.3003900" lon="7.6352970">
    <ele>163.1</ele>
    <time>2024-04-20T20:19:36Z</time>
   </trkpt>
   <trkpt lat="48.3003380" lon="7.6352530">
    <ele>163.2</ele>
    <time>2024-04-20T20:19:37Z</time>
   </trkpt>
   <trkpt lat="48.3002830" lon="7.6352090">
    <ele>163.2</ele>
    <time>2024-04-20T20:19:38Z</time>
   </trkpt>
   <trkpt lat="48.3002310" lon="7.6351650">
    <ele>163.2</ele>
    <time>2024-04-20T20:19:39Z</time>
   </trkpt>
   <trkpt lat="48.3001790" lon="7.6351240">
    <ele>163.2</ele>
    <time>2024-04-20T20:19:40Z</time>
   </trkpt>
   <trkpt lat="48.3001300" lon="7.6350900">
    <ele>163.2</ele>
    <time>2024-04-20T20:19:41Z</time>
   </trkpt>
   <trkpt lat="48.3000770" lon="7.6350520">
    <ele>163.2</ele>
    <time>2024-04-20T20:19:42Z</time>
   </trkpt>
   <trkpt lat="48.3000260" lon="7.6350100">
    <ele>163.2</ele>
    <time>2024-04-20T20:19:43Z</time>
   </trkpt>
   <trkpt lat="48.2999730" lon="7.6349660">
    <ele>163.2</ele>
    <time>2024-04-20T20:19:44Z</time>
   </trkpt>
   <trkpt lat="48.2999200" lon="7.6349250">
    <ele>163.2</ele>
    <time>2024-04-20T20:19:45Z</time>
   </trkpt>
   <trkpt lat="48.2998670" lon="7.6348870">
    <ele>163.3</ele>
    <time>2024-04-20T20:19:46Z</time>
   </trkpt>
   <trkpt lat="48.2998130" lon="7.6348430">
    <ele>163.3</ele>
    <time>2024-04-20T20:19:47Z</time>
   </trkpt>
   <trkpt lat="48.2997620" lon="7.6348010">
    <ele>163.3</ele>
    <time>2024-04-20T20:19:48Z</time>
   </trkpt>
   <trkpt lat="48.2997110" lon="7.6347580">
    <ele>163.3</ele>
    <time>2024-04-20T20:19:49Z</time>
   </trkpt>
   <trkpt lat="48.2996590" lon="7.6347170">
    <ele>163.3</ele>
    <time>2024-04-20T20:19:50Z</time>
   </trkpt>
   <trkpt lat="48.2996060" lon="7.6346770">
    <ele>163.3</ele>
    <time>2024-04-20T20:19:51Z</time>
   </trkpt>
   <trkpt lat="48.2995520" lon="7.6346370">
    <ele>163.3</ele>
    <time>2024-04-20T20:19:52Z</time>
   </trkpt>
   <trkpt lat="48.2995020" lon="7.6345970">
    <ele>163.3</ele>
    <time>2024-04-20T20:19:53Z</time>
   </trkpt>
   <trkpt lat="48.2994490" lon="7.6345560">
    <ele>163.3</ele>
    <time>2024-04-20T20:19:54Z</time>
   </trkpt>
   <trkpt lat="48.2993970" lon="7.6345200">
    <ele>163.3</ele>
    <time>2024-04-20T20:19:55Z</time>
   </trkpt>
   <trkpt lat="48.2993450" lon="7.6344800">
    <ele>163.3</ele>
    <time>2024-04-20T20:19:56Z</time>
   </trkpt>
   <trkpt lat="48.2992940" lon="7.6344430">
    <ele>163.3</ele>
    <time>2024-04-20T20:19:57Z</time>
   </trkpt>
   <trkpt lat="48.2992440" lon="7.6344060">
    <ele>163.4</ele>
    <time>2024-04-20T20:19:58Z</time>
   </trkpt>
   <trkpt lat="48.2991940" lon="7.6343630">
    <ele>163.4</ele>
    <time>2024-04-20T20:19:59Z</time>
   </trkpt>
   <trkpt lat="48.2991410" lon="7.6343210">
    <ele>163.4</ele>
    <time>2024-04-20T20:20:00Z</time>
   </trkpt>
   <trkpt lat="48.2990890" lon="7.6342820">
    <ele>163.4</ele>
    <time>2024-04-20T20:20:01Z</time>
   </trkpt>
   <trkpt lat="48.2990370" lon="7.6342440">
    <ele>163.4</ele>
    <time>2024-04-20T20:20:02Z</time>
   </trkpt>
   <trkpt lat="48.2989850" lon="7.6342070">
    <ele>163.5</ele>
    <time>2024-04-20T20:20:03Z</time>
   </trkpt>
   <trkpt lat="48.2989330" lon="7.6341670">
    <ele>163.5</ele>
    <time>2024-04-20T20:20:04Z</time>
   </trkpt>
   <trkpt lat="48.2988820" lon="7.6341250">
    <ele>163.5</ele>
    <time>2024-04-20T20:20:05Z</time>
   </trkpt>
   <trkpt lat="48.2988300" lon="7.6340850">
    <ele>163.5</ele>
    <time>2024-04-20T20:20:06Z</time>
   </trkpt>
   <trkpt lat="48.2987790" lon="7.6340460">
    <ele>163.5</ele>
    <time>2024-04-20T20:20:07Z</time>
   </trkpt>
   <trkpt lat="48.2987260" lon="7.6340020">
    <ele>163.5</ele>
    <time>2024-04-20T20:20:08Z</time>
   </trkpt>
   <trkpt lat="48.2986760" lon="7.6339600">
    <ele>163.5</ele>
    <time>2024-04-20T20:20:09Z</time>
   </trkpt>
   <trkpt lat="48.2986220" lon="7.6339190">
    <ele>163.5</ele>
    <time>2024-04-20T20:20:10Z</time>
   </trkpt>
   <trkpt lat="48.2985700" lon="7.6338780">
    <ele>163.4</ele>
    <time>2024-04-20T20:20:11Z</time>
   </trkpt>
   <trkpt lat="48.2985150" lon="7.6338370">
    <ele>163.4</ele>
    <time>2024-04-20T20:20:12Z</time>
   </trkpt>
   <trkpt lat="48.2984660" lon="7.6337950">
    <ele>163.4</ele>
    <time>2024-04-20T20:20:13Z</time>
   </trkpt>
   <trkpt lat="48.2984140" lon="7.6337560">
    <ele>163.4</ele>
    <time>2024-04-20T20:20:14Z</time>
   </trkpt>
   <trkpt lat="48.2983610" lon="7.6337200">
    <ele>163.5</ele>
    <time>2024-04-20T20:20:15Z</time>
   </trkpt>
   <trkpt lat="48.2983080" lon="7.6336820">
    <ele>163.5</ele>
    <time>2024-04-20T20:20:16Z</time>
   </trkpt>
   <trkpt lat="48.2982550" lon="7.6336410">
    <ele>163.5</ele>
    <time>2024-04-20T20:20:17Z</time>
   </trkpt>
   <trkpt lat="48.2982010" lon="7.6336010">
    <ele>163.5</ele>
    <time>2024-04-20T20:20:18Z</time>
   </trkpt>
   <trkpt lat="48.2981460" lon="7.6335610">
    <ele>163.5</ele>
    <time>2024-04-20T20:20:19Z</time>
   </trkpt>
   <trkpt lat="48.2980920" lon="7.6335190">
    <ele>163.5</ele>
    <time>2024-04-20T20:20:20Z</time>
   </trkpt>
   <trkpt lat="48.2980360" lon="7.6334780">
    <ele>163.5</ele>
    <time>2024-04-20T20:20:21Z</time>
   </trkpt>
   <trkpt lat="48.2979800" lon="7.6334360">
    <ele>163.6</ele>
    <time>2024-04-20T20:20:22Z</time>
   </trkpt>
   <trkpt lat="48.2979280" lon="7.6333930">
    <ele>163.6</ele>
    <time>2024-04-20T20:20:23Z</time>
   </trkpt>
   <trkpt lat="48.2978760" lon="7.6333540">
    <ele>163.6</ele>
    <time>2024-04-20T20:20:24Z</time>
   </trkpt>
   <trkpt lat="48.2978240" lon="7.6333140">
    <ele>163.6</ele>
    <time>2024-04-20T20:20:25Z</time>
   </trkpt>
   <trkpt lat="48.2977720" lon="7.6332780">
    <ele>163.6</ele>
    <time>2024-04-20T20:20:26Z</time>
   </trkpt>
   <trkpt lat="48.2977200" lon="7.6332350">
    <ele>163.6</ele>
    <time>2024-04-20T20:20:27Z</time>
   </trkpt>
   <trkpt lat="48.2976680" lon="7.6331910">
    <ele>163.6</ele>
    <time>2024-04-20T20:20:28Z</time>
   </trkpt>
   <trkpt lat="48.2976150" lon="7.6331480">
    <ele>163.6</ele>
    <time>2024-04-20T20:20:29Z</time>
   </trkpt>
   <trkpt lat="48.2975620" lon="7.6331090">
    <ele>163.6</ele>
    <time>2024-04-20T20:20:30Z</time>
   </trkpt>
   <trkpt lat="48.2975070" lon="7.6330720">
    <ele>163.6</ele>
    <time>2024-04-20T20:20:31Z</time>
   </trkpt>
   <trkpt lat="48.2974540" lon="7.6330350">
    <ele>163.6</ele>
    <time>2024-04-20T20:20:32Z</time>
   </trkpt>
   <trkpt lat="48.2973990" lon="7.6329970">
    <ele>163.6</ele>
    <time>2024-04-20T20:20:33Z</time>
   </trkpt>
   <trkpt lat="48.2973450" lon="7.6329490">
    <ele>163.7</ele>
    <time>2024-04-20T20:20:34Z</time>
   </trkpt>
   <trkpt lat="48.2972940" lon="7.6329040">
    <ele>163.7</ele>
    <time>2024-04-20T20:20:35Z</time>
   </trkpt>
   <trkpt lat="48.2972430" lon="7.6328620">
    <ele>163.7</ele>
    <time>2024-04-20T20:20:36Z</time>
   </trkpt>
   <trkpt lat="48.2971890" lon="7.6328200">
    <ele>163.7</ele>
    <time>2024-04-20T20:20:37Z</time>
   </trkpt>
   <trkpt lat="48.2971370" lon="7.6327790">
    <ele>163.6</ele>
    <time>2024-04-20T20:20:38Z</time>
   </trkpt>
   <trkpt lat="48.2970830" lon="7.6327390">
    <ele>163.6</ele>
    <time>2024-04-20T20:20:39Z</time>
   </trkpt>
   <trkpt lat="48.2970300" lon="7.6326960">
    <ele>163.6</ele>
    <time>2024-04-20T20:20:40Z</time>
   </trkpt>
   <trkpt lat="48.2969780" lon="7.6326540">
    <ele>163.6</ele>
    <time>2024-04-20T20:20:41Z</time>
   </trkpt>
   <trkpt lat="48.2969260" lon="7.6326150">
    <ele>163.6</ele>
    <time>2024-04-20T20:20:42Z</time>
   </trkpt>
   <trkpt lat="48.2968740" lon="7.6325770">
    <ele>163.6</ele>
    <time>2024-04-20T20:20:43Z</time>
   </trkpt>
   <trkpt lat="48.2968220" lon="7.6325370">
    <ele>163.6</ele>
    <time>2024-04-20T20:20:44Z</time>
   </trkpt>
   <trkpt lat="48.2967710" lon="7.6324960">
    <ele>163.6</ele>
    <time>2024-04-20T20:20:45Z</time>
   </trkpt>
   <trkpt lat="48.2967170" lon="7.6324570">
    <ele>163.6</ele>
    <time>2024-04-20T20:20:46Z</time>
   </trkpt>
   <trkpt lat="48.2966640" lon="7.6324170">
    <ele>163.7</ele>
    <time>2024-04-20T20:20:47Z</time>
   </trkpt>
   <trkpt lat="48.2966130" lon="7.6323740">
    <ele>163.7</ele>
    <time>2024-04-20T20:20:48Z</time>
   </trkpt>
   <trkpt lat="48.2965620" lon="7.6323370">
    <ele>163.7</ele>
    <time>2024-04-20T20:20:49Z</time>
   </trkpt>
   <trkpt lat="48.2965100" lon="7.6323010">
    <ele>163.7</ele>
    <time>2024-04-20T20:20:50Z</time>
   </trkpt>
   <trkpt lat="48.2964570" lon="7.6322590">
    <ele>163.7</ele>
    <time>2024-04-20T20:20:51Z</time>
   </trkpt>
   <trkpt lat="48.2964040" lon="7.6322170">
    <ele>163.7</ele>
    <time>2024-04-20T20:20:52Z</time>
   </trkpt>
   <trkpt lat="48.2963530" lon="7.6321750">
    <ele>163.7</ele>
    <time>2024-04-20T20:20:53Z</time>
   </trkpt>
   <trkpt lat="48.2963000" lon="7.6321360">
    <ele>163.7</ele>
    <time>2024-04-20T20:20:54Z</time>
   </trkpt>
   <trkpt lat="48.2962460" lon="7.6320990">
    <ele>163.7</ele>
    <time>2024-04-20T20:20:55Z</time>
   </trkpt>
   <trkpt lat="48.2961920" lon="7.6320580">
    <ele>163.7</ele>
    <time>2024-04-20T20:20:56Z</time>
   </trkpt>
   <trkpt lat="48.2961370" lon="7.6320150">
    <ele>163.7</ele>
    <time>2024-04-20T20:20:57Z</time>
   </trkpt>
   <trkpt lat="48.2960830" lon="7.6319730">
    <ele>163.7</ele>
    <time>2024-04-20T20:20:58Z</time>
   </trkpt>
   <trkpt lat="48.2960280" lon="7.6319320">
    <ele>163.7</ele>
    <time>2024-04-20T20:20:59Z</time>
   </trkpt>
   <trkpt lat="48.2959730" lon="7.6318940">
    <ele>163.8</ele>
    <time>2024-04-20T20:21:00Z</time>
   </trkpt>
   <trkpt lat="48.2959190" lon="7.6318520">
    <ele>163.8</ele>
    <time>2024-04-20T20:21:01Z</time>
   </trkpt>
   <trkpt lat="48.2958650" lon="7.6318090">
    <ele>163.8</ele>
    <time>2024-04-20T20:21:02Z</time>
   </trkpt>
   <trkpt lat="48.2958100" lon="7.6317710">
    <ele>163.8</ele>
    <time>2024-04-20T20:21:03Z</time>
   </trkpt>
   <trkpt lat="48.2957550" lon="7.6317310">
    <ele>163.9</ele>
    <time>2024-04-20T20:21:04Z</time>
   </trkpt>
   <trkpt lat="48.2957030" lon="7.6316930">
    <ele>163.9</ele>
    <time>2024-04-20T20:21:05Z</time>
   </trkpt>
   <trkpt lat="48.2956520" lon="7.6316520">
    <ele>163.9</ele>
    <time>2024-04-20T20:21:06Z</time>
   </trkpt>
   <trkpt lat="48.2956000" lon="7.6316130">
    <ele>163.9</ele>
    <time>2024-04-20T20:21:07Z</time>
   </trkpt>
   <trkpt lat="48.2955470" lon="7.6315670">
    <ele>163.9</ele>
    <time>2024-04-20T20:21:08Z</time>
   </trkpt>
   <trkpt lat="48.2954910" lon="7.6315230">
    <ele>163.9</ele>
    <time>2024-04-20T20:21:09Z</time>
   </trkpt>
   <trkpt lat="48.2954360" lon="7.6314780">
    <ele>163.9</ele>
    <time>2024-04-20T20:21:10Z</time>
   </trkpt>
   <trkpt lat="48.2953800" lon="7.6314340">
    <ele>163.8</ele>
    <time>2024-04-20T20:21:11Z</time>
   </trkpt>
   <trkpt lat="48.2953260" lon="7.6313880">
    <ele>163.8</ele>
    <time>2024-04-20T20:21:12Z</time>
   </trkpt>
   <trkpt lat="48.2952710" lon="7.6313450">
    <ele>163.8</ele>
    <time>2024-04-20T20:21:13Z</time>
   </trkpt>
   <trkpt lat="48.2952180" lon="7.6313040">
    <ele>163.8</ele>
    <time>2024-04-20T20:21:14Z</time>
   </trkpt>
   <trkpt lat="48.2951650" lon="7.6312590">
    <ele>163.8</ele>
    <time>2024-04-20T20:21:15Z</time>
   </trkpt>
   <trkpt lat="48.2951080" lon="7.6312160">
    <ele>163.7</ele>
    <time>2024-04-20T20:21:16Z</time>
   </trkpt>
   <trkpt lat="48.2950520" lon="7.6311770">
    <ele>163.7</ele>
    <time>2024-04-20T20:21:17Z</time>
   </trkpt>
   <trkpt lat="48.2949970" lon="7.6311350">
    <ele>163.6</ele>
    <time>2024-04-20T20:21:18Z</time>
   </trkpt>
   <trkpt lat="48.2949390" lon="7.6310920">
    <ele>163.6</ele>
    <time>2024-04-20T20:21:19Z</time>
   </trkpt>
   <trkpt lat="48.2948800" lon="7.6310500">
    <ele>163.6</ele>
    <time>2024-04-20T20:21:20Z</time>
   </trkpt>
   <trkpt lat="48.2948210" lon="7.6310100">
    <ele>163.6</ele>
    <time>2024-04-20T20:21:21Z</time>
   </trkpt>
   <trkpt lat="48.2947630" lon="7.6309660">
    <ele>163.5</ele>
    <time>2024-04-20T20:21:22Z</time>
   </trkpt>
   <trkpt lat="48.2947090" lon="7.6309220">
    <ele>163.5</ele>
    <time>2024-04-20T20:21:23Z</time>
   </trkpt>
   <trkpt lat="48.2946550" lon="7.6308810">
    <ele>163.5</ele>
    <time>2024-04-20T20:21:24Z</time>
   </trkpt>
   <trkpt lat="48.2946000" lon="7.6308430">
    <ele>163.5</ele>
    <time>2024-04-20T20:21:25Z</time>
   </trkpt>
   <trkpt lat="48.2945440" lon="7.6308010">
    <ele>163.5</ele>
    <time>2024-04-20T20:21:26Z</time>
   </trkpt>
   <trkpt lat="48.2944910" lon="7.6307580">
    <ele>163.5</ele>
    <time>2024-04-20T20:21:27Z</time>
   </trkpt>
   <trkpt lat="48.2944380" lon="7.6307180">
    <ele>163.5</ele>
    <time>2024-04-20T20:21:28Z</time>
   </trkpt>
   <trkpt lat="48.2943860" lon="7.6306770">
    <ele>163.5</ele>
    <time>2024-04-20T20:21:29Z</time>
   </trkpt>
   <trkpt lat="48.2943330" lon="7.6306320">
    <ele>163.5</ele>
    <time>2024-04-20T20:21:30Z</time>
   </trkpt>
   <trkpt lat="48.2942810" lon="7.6305860">
    <ele>163.6</ele>
    <time>2024-04-20T20:21:31Z</time>
   </trkpt>
   <trkpt lat="48.2942280" lon="7.6305460">
    <ele>163.6</ele>
    <time>2024-04-20T20:21:32Z</time>
   </trkpt>
   <trkpt lat="48.2941740" lon="7.6305100">
    <ele>163.6</ele>
    <time>2024-04-20T20:21:33Z</time>
   </trkpt>
   <trkpt lat="48.2941220" lon="7.6304700">
    <ele>163.7</ele>
    <time>2024-04-20T20:21:34Z</time>
   </trkpt>
   <trkpt lat="48.2940720" lon="7.6304290">
    <ele>163.7</ele>
    <time>2024-04-20T20:21:35Z</time>
   </trkpt>
   <trkpt lat="48.2940210" lon="7.6303870">
    <ele>163.8</ele>
    <time>2024-04-20T20:21:36Z</time>
   </trkpt>
   <trkpt lat="48.2939700" lon="7.6303450">
    <ele>163.8</ele>
    <time>2024-04-20T20:21:37Z</time>
   </trkpt>
   <trkpt lat="48.2939160" lon="7.6303100">
    <ele>163.8</ele>
    <time>2024-04-20T20:21:38Z</time>
   </trkpt>
   <trkpt lat="48.2938620" lon="7.6302760">
    <ele>163.8</ele>
    <time>2024-04-20T20:21:39Z</time>
   </trkpt>
   <trkpt lat="48.2938080" lon="7.6302380">
    <ele>163.8</ele>
    <time>2024-04-20T20:21:40Z</time>
   </trkpt>
   <trkpt lat="48.2937540" lon="7.6301960">
    <ele>163.7</ele>
    <time>2024-04-20T20:21:41Z</time>
   </trkpt>
   <trkpt lat="48.2937000" lon="7.6301520">
    <ele>163.7</ele>
    <time>2024-04-20T20:21:42Z</time>
   </trkpt>
   <trkpt lat="48.2936470" lon="7.6301090">
    <ele>163.7</ele>
    <time>2024-04-20T20:21:43Z</time>
   </trkpt>
   <trkpt lat="48.2935940" lon="7.6300680">
    <ele>163.7</ele>
    <time>2024-04-20T20:21:44Z</time>
   </trkpt>
   <trkpt lat="48.2935410" lon="7.6300270">
    <ele>163.7</ele>
    <time>2024-04-20T20:21:45Z</time>
   </trkpt>
   <trkpt lat="48.2934880" lon="7.6299850">
    <ele>163.7</ele>
    <time>2024-04-20T20:21:46Z</time>
   </trkpt>
   <trkpt lat="48.2934340" lon="7.6299420">
    <ele>163.6</ele>
    <time>2024-04-20T20:21:47Z</time>
   </trkpt>
   <trkpt lat="48.2933800" lon="7.6298970">
    <ele>163.6</ele>
    <time>2024-04-20T20:21:48Z</time>
   </trkpt>
   <trkpt lat="48.2933260" lon="7.6298520">
    <ele>163.6</ele>
    <time>2024-04-20T20:21:49Z</time>
   </trkpt>
   <trkpt lat="48.2932720" lon="7.6298070">
    <ele>163.5</ele>
    <time>2024-04-20T20:21:50Z</time>
   </trkpt>
   <trkpt lat="48.2932160" lon="7.6297640">
    <ele>163.5</ele>
    <time>2024-04-20T20:21:51Z</time>
   </trkpt>
   <trkpt lat="48.2931600" lon="7.6297290">
    <ele>163.5</ele>
    <time>2024-04-20T20:21:52Z</time>
   </trkpt>
   <trkpt lat="48.2931050" lon="7.6296940">
    <ele>163.5</ele>
    <time>2024-04-20T20:21:53Z</time>
   </trkpt>
   <trkpt lat="48.2930500" lon="7.6296490">
    <ele>163.5</ele>
    <time>2024-04-20T20:21:54Z</time>
   </trkpt>
   <trkpt lat="48.2929950" lon="7.6296000">
    <ele>163.5</ele>
    <time>2024-04-20T20:21:55Z</time>
   </trkpt>
   <trkpt lat="48.2929390" lon="7.6295530">
    <ele>163.5</ele>
    <time>2024-04-20T20:21:56Z</time>
   </trkpt>
   <trkpt lat="48.2928840" lon="7.6295050">
    <ele>163.5</ele>
    <time>2024-04-20T20:21:57Z</time>
   </trkpt>
   <trkpt lat="48.2928280" lon="7.6294590">
    <ele>163.6</ele>
    <time>2024-04-20T20:21:58Z</time>
   </trkpt>
   <trkpt lat="48.2927750" lon="7.6294190">
    <ele>163.6</ele>
    <time>2024-04-20T20:21:59Z</time>
   </trkpt>
   <trkpt lat="48.2927190" lon="7.6293770">
    <ele>163.6</ele>
    <time>2024-04-20T20:22:00Z</time>
   </trkpt>
   <trkpt lat="48.2926640" lon="7.6293360">
    <ele>163.6</ele>
    <time>2024-04-20T20:22:01Z</time>
   </trkpt>
   <trkpt lat="48.2926090" lon="7.6292910">
    <ele>163.6</ele>
    <time>2024-04-20T20:22:02Z</time>
   </trkpt>
   <trkpt lat="48.2925550" lon="7.6292470">
    <ele>163.6</ele>
    <time>2024-04-20T20:22:03Z</time>
   </trkpt>
   <trkpt lat="48.2924990" lon="7.6292060">
    <ele>163.6</ele>
    <time>2024-04-20T20:22:04Z</time>
   </trkpt>
   <trkpt lat="48.2924450" lon="7.6291700">
    <ele>163.6</ele>
    <time>2024-04-20T20:22:05Z</time>
   </trkpt>
   <trkpt lat="48.2923900" lon="7.6291290">
    <ele>163.6</ele>
    <time>2024-04-20T20:22:06Z</time>
   </trkpt>
   <trkpt lat="48.2923340" lon="7.6290910">
    <ele>163.6</ele>
    <time>2024-04-20T20:22:07Z</time>
   </trkpt>
   <trkpt lat="48.2922800" lon="7.6290520">
    <ele>163.7</ele>
    <time>2024-04-20T20:22:08Z</time>
   </trkpt>
   <trkpt lat="48.2922240" lon="7.6290110">
    <ele>163.7</ele>
    <time>2024-04-20T20:22:09Z</time>
   </trkpt>
   <trkpt lat="48.2921700" lon="7.6289710">
    <ele>163.7</ele>
    <time>2024-04-20T20:22:10Z</time>
   </trkpt>
   <trkpt lat="48.2921150" lon="7.6289300">
    <ele>163.8</ele>
    <time>2024-04-20T20:22:11Z</time>
   </trkpt>
   <trkpt lat="48.2920610" lon="7.6288880">
    <ele>163.8</ele>
    <time>2024-04-20T20:22:12Z</time>
   </trkpt>
   <trkpt lat="48.2920070" lon="7.6288460">
    <ele>163.8</ele>
    <time>2024-04-20T20:22:13Z</time>
   </trkpt>
   <trkpt lat="48.2919530" lon="7.6288050">
    <ele>163.8</ele>
    <time>2024-04-20T20:22:14Z</time>
   </trkpt>
   <trkpt lat="48.2918980" lon="7.6287630">
    <ele>163.8</ele>
    <time>2024-04-20T20:22:15Z</time>
   </trkpt>
   <trkpt lat="48.2918450" lon="7.6287180">
    <ele>163.8</ele>
    <time>2024-04-20T20:22:16Z</time>
   </trkpt>
   <trkpt lat="48.2917900" lon="7.6286770">
    <ele>163.8</ele>
    <time>2024-04-20T20:22:17Z</time>
   </trkpt>
   <trkpt lat="48.2917360" lon="7.6286350">
    <ele>163.8</ele>
    <time>2024-04-20T20:22:18Z</time>
   </trkpt>
   <trkpt lat="48.2916810" lon="7.6285930">
    <ele>163.8</ele>
    <time>2024-04-20T20:22:19Z</time>
   </trkpt>
   <trkpt lat="48.2916250" lon="7.6285480">
    <ele>163.7</ele>
    <time>2024-04-20T20:22:20Z</time>
   </trkpt>
   <trkpt lat="48.2915690" lon="7.6285040">
    <ele>163.7</ele>
    <time>2024-04-20T20:22:21Z</time>
   </trkpt>
   <trkpt lat="48.2915150" lon="7.6284620">
    <ele>163.7</ele>
    <time>2024-04-20T20:22:22Z</time>
   </trkpt>
   <trkpt lat="48.2914580" lon="7.6284190">
    <ele>163.7</ele>
    <time>2024-04-20T20:22:23Z</time>
   </trkpt>
   <trkpt lat="48.2914020" lon="7.6283740">
    <ele>163.7</ele>
    <time>2024-04-20T20:22:24Z</time>
   </trkpt>
   <trkpt lat="48.2913460" lon="7.6283310">
    <ele>163.7</ele>
    <time>2024-04-20T20:22:25Z</time>
   </trkpt>
   <trkpt lat="48.2912890" lon="7.6282900">
    <ele>163.7</ele>
    <time>2024-04-20T20:22:26Z</time>
   </trkpt>
   <trkpt lat="48.2912330" lon="7.6282490">
    <ele>163.8</ele>
    <time>2024-04-20T20:22:27Z</time>
   </trkpt>
   <trkpt lat="48.2911770" lon="7.6282060">
    <ele>163.8</ele>
    <time>2024-04-20T20:22:28Z</time>
   </trkpt>
   <trkpt lat="48.2911220" lon="7.6281600">
    <ele>163.8</ele>
    <time>2024-04-20T20:22:29Z</time>
   </trkpt>
   <trkpt lat="48.2910700" lon="7.6281170">
    <ele>163.8</ele>
    <time>2024-04-20T20:22:30Z</time>
   </trkpt>
   <trkpt lat="48.2910150" lon="7.6280710">
    <ele>163.8</ele>
    <time>2024-04-20T20:22:31Z</time>
   </trkpt>
   <trkpt lat="48.2909600" lon="7.6280300">
    <ele>163.8</ele>
    <time>2024-04-20T20:22:32Z</time>
   </trkpt>
   <trkpt lat="48.2909050" lon="7.6279860">
    <ele>163.8</ele>
    <time>2024-04-20T20:22:33Z</time>
   </trkpt>
   <trkpt lat="48.2908500" lon="7.6279450">
    <ele>163.7</ele>
    <time>2024-04-20T20:22:34Z</time>
   </trkpt>
   <trkpt lat="48.2907940" lon="7.6279000">
    <ele>163.7</ele>
    <time>2024-04-20T20:22:35Z</time>
   </trkpt>
   <trkpt lat="48.2907390" lon="7.6278540">
    <ele>163.7</ele>
    <time>2024-04-20T20:22:36Z</time>
   </trkpt>
   <trkpt lat="48.2906850" lon="7.6278130">
    <ele>163.7</ele>
    <time>2024-04-20T20:22:37Z</time>
   </trkpt>
   <trkpt lat="48.2906310" lon="7.6277740">
    <ele>163.7</ele>
    <time>2024-04-20T20:22:38Z</time>
   </trkpt>
   <trkpt lat="48.2905770" lon="7.6277350">
    <ele>163.7</ele>
    <time>2024-04-20T20:22:39Z</time>
   </trkpt>
   <trkpt lat="48.2905240" lon="7.6276940">
    <ele>163.7</ele>
    <time>2024-04-20T20:22:40Z</time>
   </trkpt>
   <trkpt lat="48.2904700" lon="7.6276520">
    <ele>163.7</ele>
    <time>2024-04-20T20:22:41Z</time>
   </trkpt>
   <trkpt lat="48.2904160" lon="7.6276100">
    <ele>163.7</ele>
    <time>2024-04-20T20:22:42Z</time>
   </trkpt>
   <trkpt lat="48.2903620" lon="7.6275710">
    <ele>163.6</ele>
    <time>2024-04-20T20:22:43Z</time>
   </trkpt>
   <trkpt lat="48.2903090" lon="7.6275340">
    <ele>163.6</ele>
    <time>2024-04-20T20:22:44Z</time>
   </trkpt>
   <trkpt lat="48.2902560" lon="7.6274970">
    <ele>163.6</ele>
    <time>2024-04-20T20:22:45Z</time>
   </trkpt>
   <trkpt lat="48.2902050" lon="7.6274570">
    <ele>163.6</ele>
    <time>2024-04-20T20:22:46Z</time>
   </trkpt>
   <trkpt lat="48.2901520" lon="7.6274140">
    <ele>163.6</ele>
    <time>2024-04-20T20:22:47Z</time>
   </trkpt>
   <trkpt lat="48.2900990" lon="7.6273730">
    <ele>163.6</ele>
    <time>2024-04-20T20:22:48Z</time>
   </trkpt>
   <trkpt lat="48.2900460" lon="7.6273340">
    <ele>163.7</ele>
    <time>2024-04-20T20:22:49Z</time>
   </trkpt>
   <trkpt lat="48.2899920" lon="7.6272960">
    <ele>163.7</ele>
    <time>2024-04-20T20:22:50Z</time>
   </trkpt>
   <trkpt lat="48.2899390" lon="7.6272560">
    <ele>163.7</ele>
    <time>2024-04-20T20:22:51Z</time>
   </trkpt>
   <trkpt lat="48.2898860" lon="7.6272160">
    <ele>163.7</ele>
    <time>2024-04-20T20:22:52Z</time>
   </trkpt>
   <trkpt lat="48.2898350" lon="7.6271720">
    <ele>163.7</ele>
    <time>2024-04-20T20:22:53Z</time>
   </trkpt>
   <trkpt lat="48.2897810" lon="7.6271310">
    <ele>163.8</ele>
    <time>2024-04-20T20:22:54Z</time>
   </trkpt>
   <trkpt lat="48.2897280" lon="7.6270910">
    <ele>163.8</ele>
    <time>2024-04-20T20:22:55Z</time>
   </trkpt>
   <trkpt lat="48.2896740" lon="7.6270510">
    <ele>163.8</ele>
    <time>2024-04-20T20:22:56Z</time>
   </trkpt>
   <trkpt lat="48.2896210" lon="7.6270120">
    <ele>163.8</ele>
    <time>2024-04-20T20:22:57Z</time>
   </trkpt>
   <trkpt lat="48.2895680" lon="7.6269680">
    <ele>163.8</ele>
    <time>2024-04-20T20:22:58Z</time>
   </trkpt>
   <trkpt lat="48.2895150" lon="7.6269240">
    <ele>163.8</ele>
    <time>2024-04-20T20:22:59Z</time>
   </trkpt>
   <trkpt lat="48.2894620" lon="7.6268830">
    <ele>163.7</ele>
    <time>2024-04-20T20:23:00Z</time>
   </trkpt>
   <trkpt lat="48.2894100" lon="7.6268450">
    <ele>163.7</ele>
    <time>2024-04-20T20:23:01Z</time>
   </trkpt>
   <trkpt lat="48.2893550" lon="7.6268070">
    <ele>163.7</ele>
    <time>2024-04-20T20:23:02Z</time>
   </trkpt>
   <trkpt lat="48.2893020" lon="7.6267680">
    <ele>163.7</ele>
    <time>2024-04-20T20:23:03Z</time>
   </trkpt>
   <trkpt lat="48.2892480" lon="7.6267280">
    <ele>163.7</ele>
    <time>2024-04-20T20:23:04Z</time>
   </trkpt>
   <trkpt lat="48.2891940" lon="7.6266870">
    <ele>163.7</ele>
    <time>2024-04-20T20:23:05Z</time>
   </trkpt>
   <trkpt lat="48.2891410" lon="7.6266470">
    <ele>163.8</ele>
    <time>2024-04-20T20:23:06Z</time>
   </trkpt>
   <trkpt lat="48.2890880" lon="7.6266080">
    <ele>163.8</ele>
    <time>2024-04-20T20:23:07Z</time>
   </trkpt>
   <trkpt lat="48.2890350" lon="7.6265670">
    <ele>163.8</ele>
    <time>2024-04-20T20:23:08Z</time>
   </trkpt>
   <trkpt lat="48.2889830" lon="7.6265250">
    <ele>163.8</ele>
    <time>2024-04-20T20:23:09Z</time>
   </trkpt>
   <trkpt lat="48.2889310" lon="7.6264850">
    <ele>163.8</ele>
    <time>2024-04-20T20:23:10Z</time>
   </trkpt>
   <trkpt lat="48.2888780" lon="7.6264410">
    <ele>163.8</ele>
    <time>2024-04-20T20:23:11Z</time>
   </trkpt>
   <trkpt lat="48.2888260" lon="7.6264020">
    <ele>163.8</ele>
    <time>2024-04-20T20:23:12Z</time>
   </trkpt>
   <trkpt lat="48.2887710" lon="7.6263640">
    <ele>163.7</ele>
    <time>2024-04-20T20:23:13Z</time>
   </trkpt>
   <trkpt lat="48.2887170" lon="7.6263240">
    <ele>163.7</ele>
    <time>2024-04-20T20:23:14Z</time>
   </trkpt>
   <trkpt lat="48.2886640" lon="7.6262840">
    <ele>163.7</ele>
    <time>2024-04-20T20:23:15Z</time>
   </trkpt>
   <trkpt lat="48.2886100" lon="7.6262410">
    <ele>163.7</ele>
    <time>2024-04-20T20:23:16Z</time>
   </trkpt>
   <trkpt lat="48.2885550" lon="7.6261990">
    <ele>163.7</ele>
    <time>2024-04-20T20:23:17Z</time>
   </trkpt>
   <trkpt lat="48.2885010" lon="7.6261580">
    <ele>163.7</ele>
    <time>2024-04-20T20:23:18Z</time>
   </trkpt>
   <trkpt lat="48.2884500" lon="7.6261140">
    <ele>163.7</ele>
    <time>2024-04-20T20:23:19Z</time>
   </trkpt>
   <trkpt lat="48.2883980" lon="7.6260740">
    <ele>163.7</ele>
    <time>2024-04-20T20:23:20Z</time>
   </trkpt>
   <trkpt lat="48.2883440" lon="7.6260310">
    <ele>163.7</ele>
    <time>2024-04-20T20:23:21Z</time>
   </trkpt>
   <trkpt lat="48.2882910" lon="7.6259890">
    <ele>163.7</ele>
    <time>2024-04-20T20:23:22Z</time>
   </trkpt>
   <trkpt lat="48.2882370" lon="7.6259500">
    <ele>163.7</ele>
    <time>2024-04-20T20:23:23Z</time>
   </trkpt>
   <trkpt lat="48.2881840" lon="7.6259100">
    <ele>163.7</ele>
    <time>2024-04-20T20:23:24Z</time>
   </trkpt>
   <trkpt lat="48.2881280" lon="7.6258720">
    <ele>163.7</ele>
    <time>2024-04-20T20:23:25Z</time>
   </trkpt>
   <trkpt lat="48.2880750" lon="7.6258300">
    <ele>163.7</ele>
    <time>2024-04-20T20:23:26Z</time>
   </trkpt>
   <trkpt lat="48.2880210" lon="7.6257870">
    <ele>163.7</ele>
    <time>2024-04-20T20:23:27Z</time>
   </trkpt>
   <trkpt lat="48.2879670" lon="7.6257450">
    <ele>163.7</ele>
    <time>2024-04-20T20:23:28Z</time>
   </trkpt>
   <trkpt lat="48.2879140" lon="7.6257030">
    <ele>163.7</ele>
    <time>2024-04-20T20:23:29Z</time>
   </trkpt>
   <trkpt lat="48.2878630" lon="7.6256610">
    <ele>163.7</ele>
    <time>2024-04-20T20:23:30Z</time>
   </trkpt>
   <trkpt lat="48.2878110" lon="7.6256190">
    <ele>163.7</ele>
    <time>2024-04-20T20:23:31Z</time>
   </trkpt>
   <trkpt lat="48.2877590" lon="7.6255780">
    <ele>163.7</ele>
    <time>2024-04-20T20:23:32Z</time>
   </trkpt>
   <trkpt lat="48.2877060" lon="7.6255400">
    <ele>163.7</ele>
    <time>2024-04-20T20:23:33Z</time>
   </trkpt>
   <trkpt lat="48.2876530" lon="7.6254970">
    <ele>163.7</ele>
    <time>2024-04-20T20:23:34Z</time>
   </trkpt>
   <trkpt lat="48.2876000" lon="7.6254540">
    <ele>163.7</ele>
    <time>2024-04-20T20:23:35Z</time>
   </trkpt>
   <trkpt lat="48.2875470" lon="7.6254130">
    <ele>163.7</ele>
    <time>2024-04-20T20:23:36Z</time>
   </trkpt>
   <trkpt lat="48.2874910" lon="7.6253730">
    <ele>163.6</ele>
    <time>2024-04-20T20:23:37Z</time>
   </trkpt>
   <trkpt lat="48.2874350" lon="7.6253340">
    <ele>163.6</ele>
    <time>2024-04-20T20:23:38Z</time>
   </trkpt>
   <trkpt lat="48.2873790" lon="7.6252920">
    <ele>163.6</ele>
    <time>2024-04-20T20:23:39Z</time>
   </trkpt>
   <trkpt lat="48.2873240" lon="7.6252500">
    <ele>163.6</ele>
    <time>2024-04-20T20:23:40Z</time>
   </trkpt>
   <trkpt lat="48.2872690" lon="7.6252110">
    <ele>163.6</ele>
    <time>2024-04-20T20:23:41Z</time>
   </trkpt>
   <trkpt lat="48.2872140" lon="7.6251680">
    <ele>163.6</ele>
    <time>2024-04-20T20:23:42Z</time>
   </trkpt>
   <trkpt lat="48.2871600" lon="7.6251240">
    <ele>163.7</ele>
    <time>2024-04-20T20:23:43Z</time>
   </trkpt>
   <trkpt lat="48.2871060" lon="7.6250780">
    <ele>163.7</ele>
    <time>2024-04-20T20:23:44Z</time>
   </trkpt>
   <trkpt lat="48.2870520" lon="7.6250360">
    <ele>163.7</ele>
    <time>2024-04-20T20:23:45Z</time>
   </trkpt>
   <trkpt lat="48.2869990" lon="7.6249930">
    <ele>163.7</ele>
    <time>2024-04-20T20:23:46Z</time>
   </trkpt>
   <trkpt lat="48.2869470" lon="7.6249500">
    <ele>163.7</ele>
    <time>2024-04-20T20:23:47Z</time>
   </trkpt>
   <trkpt lat="48.2868920" lon="7.6249090">
    <ele>163.6</ele>
    <time>2024-04-20T20:23:48Z</time>
   </trkpt>
   <trkpt lat="48.2868360" lon="7.6248660">
    <ele>163.6</ele>
    <time>2024-04-20T20:23:49Z</time>
   </trkpt>
   <trkpt lat="48.2867800" lon="7.6248270">
    <ele>163.6</ele>
    <time>2024-04-20T20:23:50Z</time>
   </trkpt>
   <trkpt lat="48.2867230" lon="7.6247860">
    <ele>163.6</ele>
    <time>2024-04-20T20:23:51Z</time>
   </trkpt>
   <trkpt lat="48.2866670" lon="7.6247440">
    <ele>163.6</ele>
    <time>2024-04-20T20:23:52Z</time>
   </trkpt>
   <trkpt lat="48.2866130" lon="7.6247010">
    <ele>163.6</ele>
    <time>2024-04-20T20:23:53Z</time>
   </trkpt>
   <trkpt lat="48.2865570" lon="7.6246610">
    <ele>163.6</ele>
    <time>2024-04-20T20:23:54Z</time>
   </trkpt>
   <trkpt lat="48.2865010" lon="7.6246210">
    <ele>163.6</ele>
    <time>2024-04-20T20:23:55Z</time>
   </trkpt>
   <trkpt lat="48.2864470" lon="7.6245800">
    <ele>163.6</ele>
    <time>2024-04-20T20:23:56Z</time>
   </trkpt>
   <trkpt lat="48.2863910" lon="7.6245360">
    <ele>163.6</ele>
    <time>2024-04-20T20:23:57Z</time>
   </trkpt>
   <trkpt lat="48.2863370" lon="7.6244920">
    <ele>163.5</ele>
    <time>2024-04-20T20:23:58Z</time>
   </trkpt>
   <trkpt lat="48.2862830" lon="7.6244480">
    <ele>163.5</ele>
    <time>2024-04-20T20:23:59Z</time>
   </trkpt>
   <trkpt lat="48.2862280" lon="7.6244020">
    <ele>163.5</ele>
    <time>2024-04-20T20:24:00Z</time>
   </trkpt>
   <trkpt lat="48.2861730" lon="7.6243610">
    <ele>163.5</ele>
    <time>2024-04-20T20:24:01Z</time>
   </trkpt>
   <trkpt lat="48.2861190" lon="7.6243190">
    <ele>163.6</ele>
    <time>2024-04-20T20:24:02Z</time>
   </trkpt>
   <trkpt lat="48.2860630" lon="7.6242750">
    <ele>163.6</ele>
    <time>2024-04-20T20:24:03Z</time>
   </trkpt>
   <trkpt lat="48.2860070" lon="7.6242360">
    <ele>163.6</ele>
    <time>2024-04-20T20:24:04Z</time>
   </trkpt>
   <trkpt lat="48.2859530" lon="7.6241940">
    <ele>163.6</ele>
    <time>2024-04-20T20:24:05Z</time>
   </trkpt>
   <trkpt lat="48.2858980" lon="7.6241530">
    <ele>163.6</ele>
    <time>2024-04-20T20:24:06Z</time>
   </trkpt>
   <trkpt lat="48.2858440" lon="7.6241130">
    <ele>163.6</ele>
    <time>2024-04-20T20:24:07Z</time>
   </trkpt>
   <trkpt lat="48.2857900" lon="7.6240700">
    <ele>163.6</ele>
    <time>2024-04-20T20:24:08Z</time>
   </trkpt>
   <trkpt lat="48.2857360" lon="7.6240310">
    <ele>163.6</ele>
    <time>2024-04-20T20:24:09Z</time>
   </trkpt>
   <trkpt lat="48.2856810" lon="7.6239900">
    <ele>163.6</ele>
    <time>2024-04-20T20:24:10Z</time>
   </trkpt>
   <trkpt lat="48.2856260" lon="7.6239470">
    <ele>163.6</ele>
    <time>2024-04-20T20:24:11Z</time>
   </trkpt>
   <trkpt lat="48.2855730" lon="7.6239010">
    <ele>163.6</ele>
    <time>2024-04-20T20:24:12Z</time>
   </trkpt>
   <trkpt lat="48.2855190" lon="7.6238590">
    <ele>163.6</ele>
    <time>2024-04-20T20:24:13Z</time>
   </trkpt>
   <trkpt lat="48.2854650" lon="7.6238170">
    <ele>163.6</ele>
    <time>2024-04-20T20:24:14Z</time>
   </trkpt>
   <trkpt lat="48.2854110" lon="7.6237730">
    <ele>163.6</ele>
    <time>2024-04-20T20:24:15Z</time>
   </trkpt>
   <trkpt lat="48.2853570" lon="7.6237290">
    <ele>163.6</ele>
    <time>2024-04-20T20:24:16Z</time>
   </trkpt>
   <trkpt lat="48.2853020" lon="7.6236890">
    <ele>163.6</ele>
    <time>2024-04-20T20:24:17Z</time>
   </trkpt>
   <trkpt lat="48.2852470" lon="7.6236510">
    <ele>163.6</ele>
    <time>2024-04-20T20:24:18Z</time>
   </trkpt>
   <trkpt lat="48.2851920" lon="7.6236110">
    <ele>163.7</ele>
    <time>2024-04-20T20:24:19Z</time>
   </trkpt>
   <trkpt lat="48.2851380" lon="7.6235700">
    <ele>163.7</ele>
    <time>2024-04-20T20:24:20Z</time>
   </trkpt>
   <trkpt lat="48.2850820" lon="7.6235240">
    <ele>163.7</ele>
    <time>2024-04-20T20:24:21Z</time>
   </trkpt>
   <trkpt lat="48.2850270" lon="7.6234830">
    <ele>163.7</ele>
    <time>2024-04-20T20:24:22Z</time>
   </trkpt>
   <trkpt lat="48.2849730" lon="7.6234440">
    <ele>163.7</ele>
    <time>2024-04-20T20:24:23Z</time>
   </trkpt>
   <trkpt lat="48.2849200" lon="7.6234050">
    <ele>163.7</ele>
    <time>2024-04-20T20:24:24Z</time>
   </trkpt>
   <trkpt lat="48.2848670" lon="7.6233630">
    <ele>163.7</ele>
    <time>2024-04-20T20:24:25Z</time>
   </trkpt>
   <trkpt lat="48.2848120" lon="7.6233230">
    <ele>163.7</ele>
    <time>2024-04-20T20:24:26Z</time>
   </trkpt>
   <trkpt lat="48.2847570" lon="7.6232810">
    <ele>163.7</ele>
    <time>2024-04-20T20:24:27Z</time>
   </trkpt>
   <trkpt lat="48.2847030" lon="7.6232400">
    <ele>163.7</ele>
    <time>2024-04-20T20:24:28Z</time>
   </trkpt>
   <trkpt lat="48.2846490" lon="7.6231930">
    <ele>163.7</ele>
    <time>2024-04-20T20:24:29Z</time>
   </trkpt>
   <trkpt lat="48.2845960" lon="7.6231480">
    <ele>163.7</ele>
    <time>2024-04-20T20:24:30Z</time>
   </trkpt>
   <trkpt lat="48.2845420" lon="7.6231080">
    <ele>163.7</ele>
    <time>2024-04-20T20:24:31Z</time>
   </trkpt>
   <trkpt lat="48.2844880" lon="7.6230670">
    <ele>163.7</ele>
    <time>2024-04-20T20:24:32Z</time>
   </trkpt>
   <trkpt lat="48.2844340" lon="7.6230280">
    <ele>163.7</ele>
    <time>2024-04-20T20:24:33Z</time>
   </trkpt>
   <trkpt lat="48.2843810" lon="7.6229860">
    <ele>163.7</ele>
    <time>2024-04-20T20:24:34Z</time>
   </trkpt>
   <trkpt lat="48.2843300" lon="7.6229470">
    <ele>163.7</ele>
    <time>2024-04-20T20:24:35Z</time>
   </trkpt>
   <trkpt lat="48.2842760" lon="7.6229070">
    <ele>163.7</ele>
    <time>2024-04-20T20:24:36Z</time>
   </trkpt>
   <trkpt lat="48.2842230" lon="7.6228680">
    <ele>163.7</ele>
    <time>2024-04-20T20:24:37Z</time>
   </trkpt>
   <trkpt lat="48.2841690" lon="7.6228280">
    <ele>163.6</ele>
    <time>2024-04-20T20:24:38Z</time>
   </trkpt>
   <trkpt lat="48.2841170" lon="7.6227850">
    <ele>163.6</ele>
    <time>2024-04-20T20:24:39Z</time>
   </trkpt>
   <trkpt lat="48.2840640" lon="7.6227420">
    <ele>163.6</ele>
    <time>2024-04-20T20:24:40Z</time>
   </trkpt>
   <trkpt lat="48.2840110" lon="7.6226970">
    <ele>163.6</ele>
    <time>2024-04-20T20:24:41Z</time>
   </trkpt>
   <trkpt lat="48.2839590" lon="7.6226570">
    <ele>163.6</ele>
    <time>2024-04-20T20:24:42Z</time>
   </trkpt>
   <trkpt lat="48.2839070" lon="7.6226210">
    <ele>163.6</ele>
    <time>2024-04-20T20:24:43Z</time>
   </trkpt>
   <trkpt lat="48.2838550" lon="7.6225830">
    <ele>163.6</ele>
    <time>2024-04-20T20:24:44Z</time>
   </trkpt>
   <trkpt lat="48.2838030" lon="7.6225440">
    <ele>163.6</ele>
    <time>2024-04-20T20:24:45Z</time>
   </trkpt>
   <trkpt lat="48.2837520" lon="7.6225060">
    <ele>163.6</ele>
    <time>2024-04-20T20:24:46Z</time>
   </trkpt>
   <trkpt lat="48.2836990" lon="7.6224680">
    <ele>163.6</ele>
    <time>2024-04-20T20:24:47Z</time>
   </trkpt>
   <trkpt lat="48.2836460" lon="7.6224260">
    <ele>163.6</ele>
    <time>2024-04-20T20:24:48Z</time>
   </trkpt>
   <trkpt lat="48.2835930" lon="7.6223830">
    <ele>163.6</ele>
    <time>2024-04-20T20:24:49Z</time>
   </trkpt>
   <trkpt lat="48.2835400" lon="7.6223400">
    <ele>163.6</ele>
    <time>2024-04-20T20:24:50Z</time>
   </trkpt>
   <trkpt lat="48.2834880" lon="7.6222990">
    <ele>163.6</ele>
    <time>2024-04-20T20:24:51Z</time>
   </trkpt>
   <trkpt lat="48.2834350" lon="7.6222580">
    <ele>163.6</ele>
    <time>2024-04-20T20:24:52Z</time>
   </trkpt>
   <trkpt lat="48.2833810" lon="7.6222180">
    <ele>163.6</ele>
    <time>2024-04-20T20:24:53Z</time>
   </trkpt>
   <trkpt lat="48.2833280" lon="7.6221760">
    <ele>163.6</ele>
    <time>2024-04-20T20:24:54Z</time>
   </trkpt>
   <trkpt lat="48.2832770" lon="7.6221340">
    <ele>163.6</ele>
    <time>2024-04-20T20:24:55Z</time>
   </trkpt>
   <trkpt lat="48.2832240" lon="7.6220940">
    <ele>163.6</ele>
    <time>2024-04-20T20:24:56Z</time>
   </trkpt>
   <trkpt lat="48.2831760" lon="7.6220530">
    <ele>163.6</ele>
    <time>2024-04-20T20:24:57Z</time>
   </trkpt>
   <trkpt lat="48.2831240" lon="7.6220150">
    <ele>163.7</ele>
    <time>2024-04-20T20:24:58Z</time>
   </trkpt>
   <trkpt lat="48.2830710" lon="7.6219770">
    <ele>163.6</ele>
    <time>2024-04-20T20:24:59Z</time>
   </trkpt>
   <trkpt lat="48.2830200" lon="7.6219380">
    <ele>163.6</ele>
    <time>2024-04-20T20:25:00Z</time>
   </trkpt>
   <trkpt lat="48.2829700" lon="7.6218950">
    <ele>163.6</ele>
    <time>2024-04-20T20:25:01Z</time>
   </trkpt>
   <trkpt lat="48.2829210" lon="7.6218540">
    <ele>163.6</ele>
    <time>2024-04-20T20:25:02Z</time>
   </trkpt>
   <trkpt lat="48.2828700" lon="7.6218150">
    <ele>163.6</ele>
    <time>2024-04-20T20:25:03Z</time>
   </trkpt>
   <trkpt lat="48.2828180" lon="7.6217760">
    <ele>163.5</ele>
    <time>2024-04-20T20:25:04Z</time>
   </trkpt>
   <trkpt lat="48.2827690" lon="7.6217360">
    <ele>163.5</ele>
    <time>2024-04-20T20:25:05Z</time>
   </trkpt>
   <trkpt lat="48.2827150" lon="7.6216980">
    <ele>163.5</ele>
    <time>2024-04-20T20:25:06Z</time>
   </trkpt>
   <trkpt lat="48.2826650" lon="7.6216600">
    <ele>163.4</ele>
    <time>2024-04-20T20:25:07Z</time>
   </trkpt>
   <trkpt lat="48.2826130" lon="7.6216210">
    <ele>163.4</ele>
    <time>2024-04-20T20:25:08Z</time>
   </trkpt>
   <trkpt lat="48.2825630" lon="7.6215810">
    <ele>163.4</ele>
    <time>2024-04-20T20:25:09Z</time>
   </trkpt>
   <trkpt lat="48.2825140" lon="7.6215410">
    <ele>163.4</ele>
    <time>2024-04-20T20:25:10Z</time>
   </trkpt>
   <trkpt lat="48.2824640" lon="7.6215020">
    <ele>163.3</ele>
    <time>2024-04-20T20:25:11Z</time>
   </trkpt>
   <trkpt lat="48.2824130" lon="7.6214630">
    <ele>163.3</ele>
    <time>2024-04-20T20:25:12Z</time>
   </trkpt>
   <trkpt lat="48.2823610" lon="7.6214240">
    <ele>163.3</ele>
    <time>2024-04-20T20:25:13Z</time>
   </trkpt>
   <trkpt lat="48.2823070" lon="7.6213860">
    <ele>163.3</ele>
    <time>2024-04-20T20:25:14Z</time>
   </trkpt>
   <trkpt lat="48.2822560" lon="7.6213500">
    <ele>163.3</ele>
    <time>2024-04-20T20:25:15Z</time>
   </trkpt>
   <trkpt lat="48.2822050" lon="7.6213110">
    <ele>163.3</ele>
    <time>2024-04-20T20:25:16Z</time>
   </trkpt>
   <trkpt lat="48.2821550" lon="7.6212720">
    <ele>163.3</ele>
    <time>2024-04-20T20:25:17Z</time>
   </trkpt>
   <trkpt lat="48.2821060" lon="7.6212350">
    <ele>163.3</ele>
    <time>2024-04-20T20:25:18Z</time>
   </trkpt>
   <trkpt lat="48.2820560" lon="7.6211940">
    <ele>163.4</ele>
    <time>2024-04-20T20:25:19Z</time>
   </trkpt>
   <trkpt lat="48.2820040" lon="7.6211540">
    <ele>163.4</ele>
    <time>2024-04-20T20:25:20Z</time>
   </trkpt>
   <trkpt lat="48.2819520" lon="7.6211140">
    <ele>163.4</ele>
    <time>2024-04-20T20:25:21Z</time>
   </trkpt>
   <trkpt lat="48.2818990" lon="7.6210790">
    <ele>163.4</ele>
    <time>2024-04-20T20:25:22Z</time>
   </trkpt>
   <trkpt lat="48.2818480" lon="7.6210390">
    <ele>163.4</ele>
    <time>2024-04-20T20:25:23Z</time>
   </trkpt>
   <trkpt lat="48.2817960" lon="7.6210000">
    <ele>163.4</ele>
    <time>2024-04-20T20:25:24Z</time>
   </trkpt>
   <trkpt lat="48.2817450" lon="7.6209620">
    <ele>163.4</ele>
    <time>2024-04-20T20:25:25Z</time>
   </trkpt>
   <trkpt lat="48.2816930" lon="7.6209230">
    <ele>163.4</ele>
    <time>2024-04-20T20:25:26Z</time>
   </trkpt>
   <trkpt lat="48.2816430" lon="7.6208820">
    <ele>163.5</ele>
    <time>2024-04-20T20:25:27Z</time>
   </trkpt>
   <trkpt lat="48.2815930" lon="7.6208400">
    <ele>163.5</ele>
    <time>2024-04-20T20:25:28Z</time>
   </trkpt>
   <trkpt lat="48.2815420" lon="7.6207980">
    <ele>163.6</ele>
    <time>2024-04-20T20:25:29Z</time>
   </trkpt>
   <trkpt lat="48.2814910" lon="7.6207580">
    <ele>163.6</ele>
    <time>2024-04-20T20:25:30Z</time>
   </trkpt>
   <trkpt lat="48.2814410" lon="7.6207170">
    <ele>163.7</ele>
    <time>2024-04-20T20:25:31Z</time>
   </trkpt>
   <trkpt lat="48.2813890" lon="7.6206750">
    <ele>163.8</ele>
    <time>2024-04-20T20:25:32Z</time>
   </trkpt>
   <trkpt lat="48.2813410" lon="7.6206410">
    <ele>163.9</ele>
    <time>2024-04-20T20:25:33Z</time>
   </trkpt>
   <trkpt lat="48.2812930" lon="7.6206060">
    <ele>164.0</ele>
    <time>2024-04-20T20:25:34Z</time>
   </trkpt>
   <trkpt lat="48.2812460" lon="7.6205710">
    <ele>164.0</ele>
    <time>2024-04-20T20:25:35Z</time>
   </trkpt>
   <trkpt lat="48.2811990" lon="7.6205400">
    <ele>164.1</ele>
    <time>2024-04-20T20:25:36Z</time>
   </trkpt>
   <trkpt lat="48.2811470" lon="7.6205260">
    <ele>164.2</ele>
    <time>2024-04-20T20:25:37Z</time>
   </trkpt>
   <trkpt lat="48.2810930" lon="7.6205290">
    <ele>164.3</ele>
    <time>2024-04-20T20:25:38Z</time>
   </trkpt>
   <trkpt lat="48.2810430" lon="7.6205220">
    <ele>164.4</ele>
    <time>2024-04-20T20:25:39Z</time>
   </trkpt>
   <trkpt lat="48.2809980" lon="7.6204870">
    <ele>164.5</ele>
    <time>2024-04-20T20:25:40Z</time>
   </trkpt>
   <trkpt lat="48.2809560" lon="7.6204430">
    <ele>164.7</ele>
    <time>2024-04-20T20:25:41Z</time>
   </trkpt>
   <trkpt lat="48.2809150" lon="7.6203980">
    <ele>164.8</ele>
    <time>2024-04-20T20:25:42Z</time>
   </trkpt>
   <trkpt lat="48.2808710" lon="7.6203660">
    <ele>164.8</ele>
    <time>2024-04-20T20:25:43Z</time>
   </trkpt>
   <trkpt lat="48.2808300" lon="7.6203370">
    <ele>164.9</ele>
    <time>2024-04-20T20:25:44Z</time>
   </trkpt>
   <trkpt lat="48.2807920" lon="7.6203040">
    <ele>164.9</ele>
    <time>2024-04-20T20:25:45Z</time>
   </trkpt>
   <trkpt lat="48.2807560" lon="7.6202750">
    <ele>165.0</ele>
    <time>2024-04-20T20:25:46Z</time>
   </trkpt>
   <trkpt lat="48.2807180" lon="7.6202440">
    <ele>165.0</ele>
    <time>2024-04-20T20:25:47Z</time>
   </trkpt>
   <trkpt lat="48.2806780" lon="7.6202040">
    <ele>165.1</ele>
    <time>2024-04-20T20:25:48Z</time>
   </trkpt>
   <trkpt lat="48.2806380" lon="7.6201570">
    <ele>165.2</ele>
    <time>2024-04-20T20:25:49Z</time>
   </trkpt>
   <trkpt lat="48.2806010" lon="7.6201070">
    <ele>165.2</ele>
    <time>2024-04-20T20:25:50Z</time>
   </trkpt>
   <trkpt lat="48.2805640" lon="7.6200600">
    <ele>165.3</ele>
    <time>2024-04-20T20:25:51Z</time>
   </trkpt>
   <trkpt lat="48.2805240" lon="7.6200150">
    <ele>165.3</ele>
    <time>2024-04-20T20:25:52Z</time>
   </trkpt>
   <trkpt lat="48.2804800" lon="7.6199750">
    <ele>165.3</ele>
    <time>2024-04-20T20:25:53Z</time>
   </trkpt>
   <trkpt lat="48.2804360" lon="7.6199390">
    <ele>165.4</ele>
    <time>2024-04-20T20:25:54Z</time>
   </trkpt>
   <trkpt lat="48.2803900" lon="7.6199080">
    <ele>165.4</ele>
    <time>2024-04-20T20:25:55Z</time>
   </trkpt>
   <trkpt lat="48.2803420" lon="7.6198730">
    <ele>165.4</ele>
    <time>2024-04-20T20:25:56Z</time>
   </trkpt>
   <trkpt lat="48.2802940" lon="7.6198350">
    <ele>165.4</ele>
    <time>2024-04-20T20:25:57Z</time>
   </trkpt>
   <trkpt lat="48.2802470" lon="7.6197940">
    <ele>165.4</ele>
    <time>2024-04-20T20:25:58Z</time>
   </trkpt>
   <trkpt lat="48.2801970" lon="7.6197550">
    <ele>165.4</ele>
    <time>2024-04-20T20:25:59Z</time>
   </trkpt>
   <trkpt lat="48.2801480" lon="7.6197160">
    <ele>165.4</ele>
    <time>2024-04-20T20:26:00Z</time>
   </trkpt>
   <trkpt lat="48.2800960" lon="7.6196780">
    <ele>165.4</ele>
    <time>2024-04-20T20:26:01Z</time>
   </trkpt>
   <trkpt lat="48.2800480" lon="7.6196370">
    <ele>165.4</ele>
    <time>2024-04-20T20:26:02Z</time>
   </trkpt>
   <trkpt lat="48.2799970" lon="7.6196000">
    <ele>165.4</ele>
    <time>2024-04-20T20:26:03Z</time>
   </trkpt>
   <trkpt lat="48.2799470" lon="7.6195640">
    <ele>165.3</ele>
    <time>2024-04-20T20:26:04Z</time>
   </trkpt>
   <trkpt lat="48.2798970" lon="7.6195250">
    <ele>165.3</ele>
    <time>2024-04-20T20:26:05Z</time>
   </trkpt>
   <trkpt lat="48.2798480" lon="7.6194850">
    <ele>165.3</ele>
    <time>2024-04-20T20:26:06Z</time>
   </trkpt>
   <trkpt lat="48.2797990" lon="7.6194490">
    <ele>165.3</ele>
    <time>2024-04-20T20:26:07Z</time>
   </trkpt>
   <trkpt lat="48.2797500" lon="7.6194120">
    <ele>165.4</ele>
    <time>2024-04-20T20:26:08Z</time>
   </trkpt>
   <trkpt lat="48.2796990" lon="7.6193770">
    <ele>165.4</ele>
    <time>2024-04-20T20:26:09Z</time>
   </trkpt>
   <trkpt lat="48.2796500" lon="7.6193400">
    <ele>165.4</ele>
    <time>2024-04-20T20:26:10Z</time>
   </trkpt>
   <trkpt lat="48.2796030" lon="7.6193010">
    <ele>165.4</ele>
    <time>2024-04-20T20:26:11Z</time>
   </trkpt>
   <trkpt lat="48.2795540" lon="7.6192620">
    <ele>165.4</ele>
    <time>2024-04-20T20:26:12Z</time>
   </trkpt>
   <trkpt lat="48.2795040" lon="7.6192240">
    <ele>165.4</ele>
    <time>2024-04-20T20:26:13Z</time>
   </trkpt>
   <trkpt lat="48.2794540" lon="7.6191920">
    <ele>165.4</ele>
    <time>2024-04-20T20:26:14Z</time>
   </trkpt>
   <trkpt lat="48.2794050" lon="7.6191580">
    <ele>165.4</ele>
    <time>2024-04-20T20:26:15Z</time>
   </trkpt>
   <trkpt lat="48.2793560" lon="7.6191200">
    <ele>165.4</ele>
    <time>2024-04-20T20:26:16Z</time>
   </trkpt>
   <trkpt lat="48.2793070" lon="7.6190800">
    <ele>165.4</ele>
    <time>2024-04-20T20:26:17Z</time>
   </trkpt>
   <trkpt lat="48.2792590" lon="7.6190370">
    <ele>165.4</ele>
    <time>2024-04-20T20:26:18Z</time>
   </trkpt>
   <trkpt lat="48.2792100" lon="7.6189970">
    <ele>165.4</ele>
    <time>2024-04-20T20:26:19Z</time>
   </trkpt>
   <trkpt lat="48.2791590" lon="7.6189610">
    <ele>165.4</ele>
    <time>2024-04-20T20:26:20Z</time>
   </trkpt>
   <trkpt lat="48.2791080" lon="7.6189250">
    <ele>165.4</ele>
    <time>2024-04-20T20:26:21Z</time>
   </trkpt>
   <trkpt lat="48.2790580" lon="7.6188870">
    <ele>165.4</ele>
    <time>2024-04-20T20:26:22Z</time>
   </trkpt>
   <trkpt lat="48.2790080" lon="7.6188480">
    <ele>165.4</ele>
    <time>2024-04-20T20:26:23Z</time>
   </trkpt>
   <trkpt lat="48.2789570" lon="7.6188080">
    <ele>165.4</ele>
    <time>2024-04-20T20:26:24Z</time>
   </trkpt>
   <trkpt lat="48.2789070" lon="7.6187690">
    <ele>165.4</ele>
    <time>2024-04-20T20:26:25Z</time>
   </trkpt>
   <trkpt lat="48.2788560" lon="7.6187260">
    <ele>165.4</ele>
    <time>2024-04-20T20:26:26Z</time>
   </trkpt>
   <trkpt lat="48.2788070" lon="7.6186890">
    <ele>165.4</ele>
    <time>2024-04-20T20:26:27Z</time>
   </trkpt>
   <trkpt lat="48.2787550" lon="7.6186530">
    <ele>165.4</ele>
    <time>2024-04-20T20:26:28Z</time>
   </trkpt>
   <trkpt lat="48.2787050" lon="7.6186180">
    <ele>165.4</ele>
    <time>2024-04-20T20:26:29Z</time>
   </trkpt>
   <trkpt lat="48.2786550" lon="7.6185800">
    <ele>165.4</ele>
    <time>2024-04-20T20:26:30Z</time>
   </trkpt>
   <trkpt lat="48.2786040" lon="7.6185390">
    <ele>165.4</ele>
    <time>2024-04-20T20:26:31Z</time>
   </trkpt>
   <trkpt lat="48.2785540" lon="7.6184980">
    <ele>165.4</ele>
    <time>2024-04-20T20:26:32Z</time>
   </trkpt>
   <trkpt lat="48.2785040" lon="7.6184620">
    <ele>165.4</ele>
    <time>2024-04-20T20:26:33Z</time>
   </trkpt>
   <trkpt lat="48.2784550" lon="7.6184270">
    <ele>165.4</ele>
    <time>2024-04-20T20:26:34Z</time>
   </trkpt>
   <trkpt lat="48.2784070" lon="7.6183910">
    <ele>165.4</ele>
    <time>2024-04-20T20:26:35Z</time>
   </trkpt>
   <trkpt lat="48.2783580" lon="7.6183530">
    <ele>165.4</ele>
    <time>2024-04-20T20:26:36Z</time>
   </trkpt>
   <trkpt lat="48.2783090" lon="7.6183160">
    <ele>165.4</ele>
    <time>2024-04-20T20:26:37Z</time>
   </trkpt>
   <trkpt lat="48.2782590" lon="7.6182760">
    <ele>165.4</ele>
    <time>2024-04-20T20:26:38Z</time>
   </trkpt>
   <trkpt lat="48.2782080" lon="7.6182370">
    <ele>165.4</ele>
    <time>2024-04-20T20:26:39Z</time>
   </trkpt>
   <trkpt lat="48.2781570" lon="7.6181980">
    <ele>165.4</ele>
    <time>2024-04-20T20:26:40Z</time>
   </trkpt>
   <trkpt lat="48.2781070" lon="7.6181570">
    <ele>165.4</ele>
    <time>2024-04-20T20:26:41Z</time>
   </trkpt>
   <trkpt lat="48.2780590" lon="7.6181220">
    <ele>165.4</ele>
    <time>2024-04-20T20:26:42Z</time>
   </trkpt>
   <trkpt lat="48.2780100" lon="7.6180880">
    <ele>165.4</ele>
    <time>2024-04-20T20:26:43Z</time>
   </trkpt>
   <trkpt lat="48.2779620" lon="7.6180500">
    <ele>165.4</ele>
    <time>2024-04-20T20:26:44Z</time>
   </trkpt>
   <trkpt lat="48.2779140" lon="7.6180130">
    <ele>165.3</ele>
    <time>2024-04-20T20:26:45Z</time>
   </trkpt>
   <trkpt lat="48.2778660" lon="7.6179780">
    <ele>165.3</ele>
    <time>2024-04-20T20:26:46Z</time>
   </trkpt>
   <trkpt lat="48.2778160" lon="7.6179460">
    <ele>165.3</ele>
    <time>2024-04-20T20:26:47Z</time>
   </trkpt>
   <trkpt lat="48.2777660" lon="7.6179100">
    <ele>165.4</ele>
    <time>2024-04-20T20:26:48Z</time>
   </trkpt>
   <trkpt lat="48.2777150" lon="7.6178660">
    <ele>165.4</ele>
    <time>2024-04-20T20:26:49Z</time>
   </trkpt>
   <trkpt lat="48.2776630" lon="7.6178210">
    <ele>165.4</ele>
    <time>2024-04-20T20:26:50Z</time>
   </trkpt>
   <trkpt lat="48.2776110" lon="7.6177780">
    <ele>165.4</ele>
    <time>2024-04-20T20:26:51Z</time>
   </trkpt>
   <trkpt lat="48.2775590" lon="7.6177380">
    <ele>165.4</ele>
    <time>2024-04-20T20:26:52Z</time>
   </trkpt>
   <trkpt lat="48.2775070" lon="7.6177010">
    <ele>165.4</ele>
    <time>2024-04-20T20:26:53Z</time>
   </trkpt>
   <trkpt lat="48.2774560" lon="7.6176610">
    <ele>165.4</ele>
    <time>2024-04-20T20:26:54Z</time>
   </trkpt>
   <trkpt lat="48.2774040" lon="7.6176210">
    <ele>165.4</ele>
    <time>2024-04-20T20:26:55Z</time>
   </trkpt>
   <trkpt lat="48.2773520" lon="7.6175820">
    <ele>165.4</ele>
    <time>2024-04-20T20:26:56Z</time>
   </trkpt>
   <trkpt lat="48.2772990" lon="7.6175430">
    <ele>165.4</ele>
    <time>2024-04-20T20:26:57Z</time>
   </trkpt>
   <trkpt lat="48.2772470" lon="7.6175020">
    <ele>165.4</ele>
    <time>2024-04-20T20:26:58Z</time>
   </trkpt>
   <trkpt lat="48.2771950" lon="7.6174620">
    <ele>165.4</ele>
    <time>2024-04-20T20:26:59Z</time>
   </trkpt>
   <trkpt lat="48.2771430" lon="7.6174210">
    <ele>165.4</ele>
    <time>2024-04-20T20:27:00Z</time>
   </trkpt>
   <trkpt lat="48.2770890" lon="7.6173810">
    <ele>165.4</ele>
    <time>2024-04-20T20:27:01Z</time>
   </trkpt>
   <trkpt lat="48.2770340" lon="7.6173400">
    <ele>165.4</ele>
    <time>2024-04-20T20:27:02Z</time>
   </trkpt>
   <trkpt lat="48.2769820" lon="7.6173010">
    <ele>165.4</ele>
    <time>2024-04-20T20:27:03Z</time>
   </trkpt>
   <trkpt lat="48.2769270" lon="7.6172610">
    <ele>165.4</ele>
    <time>2024-04-20T20:27:04Z</time>
   </trkpt>
   <trkpt lat="48.2768740" lon="7.6172230">
    <ele>165.4</ele>
    <time>2024-04-20T20:27:05Z</time>
   </trkpt>
   <trkpt lat="48.2767740" lon="7.6171440">
    <ele>165.5</ele>
    <time>2024-04-20T20:27:07Z</time>
   </trkpt>
   <trkpt lat="48.2767280" lon="7.6171000">
    <ele>165.5</ele>
    <time>2024-04-20T20:27:08Z</time>
   </trkpt>
   <trkpt lat="48.2766790" lon="7.6170660">
    <ele>165.5</ele>
    <time>2024-04-20T20:27:09Z</time>
   </trkpt>
   <trkpt lat="48.2766300" lon="7.6170330">
    <ele>165.5</ele>
    <time>2024-04-20T20:27:10Z</time>
   </trkpt>
   <trkpt lat="48.2765800" lon="7.6169980">
    <ele>165.5</ele>
    <time>2024-04-20T20:27:11Z</time>
   </trkpt>
   <trkpt lat="48.2765330" lon="7.6169630">
    <ele>165.5</ele>
    <time>2024-04-20T20:27:12Z</time>
   </trkpt>
   <trkpt lat="48.2764840" lon="7.6169240">
    <ele>165.5</ele>
    <time>2024-04-20T20:27:13Z</time>
   </trkpt>
   <trkpt lat="48.2764340" lon="7.6168820">
    <ele>165.5</ele>
    <time>2024-04-20T20:27:14Z</time>
   </trkpt>
   <trkpt lat="48.2763830" lon="7.6168430">
    <ele>165.5</ele>
    <time>2024-04-20T20:27:15Z</time>
   </trkpt>
   <trkpt lat="48.2763340" lon="7.6167990">
    <ele>165.5</ele>
    <time>2024-04-20T20:27:16Z</time>
   </trkpt>
   <trkpt lat="48.2762820" lon="7.6167610">
    <ele>165.5</ele>
    <time>2024-04-20T20:27:17Z</time>
   </trkpt>
   <trkpt lat="48.2762330" lon="7.6167230">
    <ele>165.5</ele>
    <time>2024-04-20T20:27:18Z</time>
   </trkpt>
   <trkpt lat="48.2761820" lon="7.6166860">
    <ele>165.5</ele>
    <time>2024-04-20T20:27:19Z</time>
   </trkpt>
   <trkpt lat="48.2761330" lon="7.6166490">
    <ele>165.5</ele>
    <time>2024-04-20T20:27:20Z</time>
   </trkpt>
   <trkpt lat="48.2760840" lon="7.6166120">
    <ele>165.5</ele>
    <time>2024-04-20T20:27:21Z</time>
   </trkpt>
   <trkpt lat="48.2760330" lon="7.6165750">
    <ele>165.5</ele>
    <time>2024-04-20T20:27:22Z</time>
   </trkpt>
   <trkpt lat="48.2759820" lon="7.6165400">
    <ele>165.5</ele>
    <time>2024-04-20T20:27:23Z</time>
   </trkpt>
   <trkpt lat="48.2759320" lon="7.6165030">
    <ele>165.5</ele>
    <time>2024-04-20T20:27:24Z</time>
   </trkpt>
   <trkpt lat="48.2758820" lon="7.6164620">
    <ele>165.4</ele>
    <time>2024-04-20T20:27:25Z</time>
   </trkpt>
   <trkpt lat="48.2758330" lon="7.6164200">
    <ele>165.4</ele>
    <time>2024-04-20T20:27:26Z</time>
   </trkpt>
   <trkpt lat="48.2757830" lon="7.6163780">
    <ele>165.4</ele>
    <time>2024-04-20T20:27:27Z</time>
   </trkpt>
   <trkpt lat="48.2757320" lon="7.6163380">
    <ele>165.4</ele>
    <time>2024-04-20T20:27:28Z</time>
   </trkpt>
   <trkpt lat="48.2756810" lon="7.6162970">
    <ele>165.4</ele>
    <time>2024-04-20T20:27:29Z</time>
   </trkpt>
   <trkpt lat="48.2756270" lon="7.6162570">
    <ele>165.3</ele>
    <time>2024-04-20T20:27:30Z</time>
   </trkpt>
   <trkpt lat="48.2755770" lon="7.6162140">
    <ele>165.3</ele>
    <time>2024-04-20T20:27:31Z</time>
   </trkpt>
   <trkpt lat="48.2755240" lon="7.6161700">
    <ele>165.3</ele>
    <time>2024-04-20T20:27:32Z</time>
   </trkpt>
   <trkpt lat="48.2754710" lon="7.6161310">
    <ele>165.4</ele>
    <time>2024-04-20T20:27:33Z</time>
   </trkpt>
   <trkpt lat="48.2754160" lon="7.6160900">
    <ele>165.4</ele>
    <time>2024-04-20T20:27:34Z</time>
   </trkpt>
   <trkpt lat="48.2753630" lon="7.6160520">
    <ele>165.4</ele>
    <time>2024-04-20T20:27:35Z</time>
   </trkpt>
   <trkpt lat="48.2753120" lon="7.6160110">
    <ele>165.4</ele>
    <time>2024-04-20T20:27:36Z</time>
   </trkpt>
   <trkpt lat="48.2752610" lon="7.6159690">
    <ele>165.4</ele>
    <time>2024-04-20T20:27:37Z</time>
   </trkpt>
   <trkpt lat="48.2752110" lon="7.6159290">
    <ele>165.4</ele>
    <time>2024-04-20T20:27:38Z</time>
   </trkpt>
   <trkpt lat="48.2751590" lon="7.6158950">
    <ele>165.4</ele>
    <time>2024-04-20T20:27:39Z</time>
   </trkpt>
   <trkpt lat="48.2751070" lon="7.6158590">
    <ele>165.4</ele>
    <time>2024-04-20T20:27:40Z</time>
   </trkpt>
   <trkpt lat="48.2750560" lon="7.6158190">
    <ele>165.5</ele>
    <time>2024-04-20T20:27:41Z</time>
   </trkpt>
   <trkpt lat="48.2750030" lon="7.6157840">
    <ele>165.5</ele>
    <time>2024-04-20T20:27:42Z</time>
   </trkpt>
   <trkpt lat="48.2749520" lon="7.6157410">
    <ele>165.5</ele>
    <time>2024-04-20T20:27:43Z</time>
   </trkpt>
   <trkpt lat="48.2749020" lon="7.6156950">
    <ele>165.5</ele>
    <time>2024-04-20T20:27:44Z</time>
   </trkpt>
   <trkpt lat="48.2748530" lon="7.6156510">
    <ele>165.5</ele>
    <time>2024-04-20T20:27:45Z</time>
   </trkpt>
   <trkpt lat="48.2748030" lon="7.6156200">
    <ele>165.5</ele>
    <time>2024-04-20T20:27:46Z</time>
   </trkpt>
   <trkpt lat="48.2747510" lon="7.6155880">
    <ele>165.5</ele>
    <time>2024-04-20T20:27:47Z</time>
   </trkpt>
   <trkpt lat="48.2747010" lon="7.6155500">
    <ele>165.5</ele>
    <time>2024-04-20T20:27:48Z</time>
   </trkpt>
   <trkpt lat="48.2746490" lon="7.6155120">
    <ele>165.5</ele>
    <time>2024-04-20T20:27:49Z</time>
   </trkpt>
   <trkpt lat="48.2745960" lon="7.6154760">
    <ele>165.5</ele>
    <time>2024-04-20T20:27:50Z</time>
   </trkpt>
   <trkpt lat="48.2745450" lon="7.6154360">
    <ele>165.5</ele>
    <time>2024-04-20T20:27:51Z</time>
   </trkpt>
   <trkpt lat="48.2744950" lon="7.6153940">
    <ele>165.5</ele>
    <time>2024-04-20T20:27:52Z</time>
   </trkpt>
   <trkpt lat="48.2744430" lon="7.6153470">
    <ele>165.5</ele>
    <time>2024-04-20T20:27:53Z</time>
   </trkpt>
   <trkpt lat="48.2743920" lon="7.6153060">
    <ele>165.5</ele>
    <time>2024-04-20T20:27:54Z</time>
   </trkpt>
   <trkpt lat="48.2743390" lon="7.6152700">
    <ele>165.5</ele>
    <time>2024-04-20T20:27:55Z</time>
   </trkpt>
   <trkpt lat="48.2742860" lon="7.6152320">
    <ele>165.5</ele>
    <time>2024-04-20T20:27:56Z</time>
   </trkpt>
   <trkpt lat="48.2742340" lon="7.6151910">
    <ele>165.5</ele>
    <time>2024-04-20T20:27:57Z</time>
   </trkpt>
   <trkpt lat="48.2741830" lon="7.6151460">
    <ele>165.5</ele>
    <time>2024-04-20T20:27:58Z</time>
   </trkpt>
   <trkpt lat="48.2741320" lon="7.6151070">
    <ele>165.5</ele>
    <time>2024-04-20T20:27:59Z</time>
   </trkpt>
   <trkpt lat="48.2740810" lon="7.6150650">
    <ele>165.5</ele>
    <time>2024-04-20T20:28:00Z</time>
   </trkpt>
   <trkpt lat="48.2740300" lon="7.6150240">
    <ele>165.5</ele>
    <time>2024-04-20T20:28:01Z</time>
   </trkpt>
   <trkpt lat="48.2739780" lon="7.6149870">
    <ele>165.5</ele>
    <time>2024-04-20T20:28:02Z</time>
   </trkpt>
   <trkpt lat="48.2739280" lon="7.6149490">
    <ele>165.5</ele>
    <time>2024-04-20T20:28:03Z</time>
   </trkpt>
   <trkpt lat="48.2738770" lon="7.6149110">
    <ele>165.5</ele>
    <time>2024-04-20T20:28:04Z</time>
   </trkpt>
   <trkpt lat="48.2738250" lon="7.6148730">
    <ele>165.5</ele>
    <time>2024-04-20T20:28:05Z</time>
   </trkpt>
   <trkpt lat="48.2737730" lon="7.6148350">
    <ele>165.5</ele>
    <time>2024-04-20T20:28:06Z</time>
   </trkpt>
   <trkpt lat="48.2737220" lon="7.6147920">
    <ele>165.6</ele>
    <time>2024-04-20T20:28:07Z</time>
   </trkpt>
   <trkpt lat="48.2736730" lon="7.6147570">
    <ele>165.6</ele>
    <time>2024-04-20T20:28:08Z</time>
   </trkpt>
   <trkpt lat="48.2736230" lon="7.6147200">
    <ele>165.6</ele>
    <time>2024-04-20T20:28:09Z</time>
   </trkpt>
   <trkpt lat="48.2735710" lon="7.6146780">
    <ele>165.6</ele>
    <time>2024-04-20T20:28:10Z</time>
   </trkpt>
   <trkpt lat="48.2735200" lon="7.6146380">
    <ele>165.6</ele>
    <time>2024-04-20T20:28:11Z</time>
   </trkpt>
   <trkpt lat="48.2734690" lon="7.6145990">
    <ele>165.6</ele>
    <time>2024-04-20T20:28:12Z</time>
   </trkpt>
   <trkpt lat="48.2734160" lon="7.6145570">
    <ele>165.6</ele>
    <time>2024-04-20T20:28:13Z</time>
   </trkpt>
   <trkpt lat="48.2733660" lon="7.6145120">
    <ele>165.6</ele>
    <time>2024-04-20T20:28:14Z</time>
   </trkpt>
   <trkpt lat="48.2733140" lon="7.6144720">
    <ele>165.6</ele>
    <time>2024-04-20T20:28:15Z</time>
   </trkpt>
   <trkpt lat="48.2732600" lon="7.6144360">
    <ele>165.6</ele>
    <time>2024-04-20T20:28:16Z</time>
   </trkpt>
   <trkpt lat="48.2732080" lon="7.6144010">
    <ele>165.6</ele>
    <time>2024-04-20T20:28:17Z</time>
   </trkpt>
   <trkpt lat="48.2731580" lon="7.6143600">
    <ele>165.6</ele>
    <time>2024-04-20T20:28:18Z</time>
   </trkpt>
   <trkpt lat="48.2731110" lon="7.6143180">
    <ele>165.6</ele>
    <time>2024-04-20T20:28:19Z</time>
   </trkpt>
   <trkpt lat="48.2730610" lon="7.6142800">
    <ele>165.6</ele>
    <time>2024-04-20T20:28:20Z</time>
   </trkpt>
   <trkpt lat="48.2730130" lon="7.6142460">
    <ele>165.6</ele>
    <time>2024-04-20T20:28:21Z</time>
   </trkpt>
   <trkpt lat="48.2729620" lon="7.6142090">
    <ele>165.6</ele>
    <time>2024-04-20T20:28:22Z</time>
   </trkpt>
   <trkpt lat="48.2729090" lon="7.6141730">
    <ele>165.6</ele>
    <time>2024-04-20T20:28:23Z</time>
   </trkpt>
   <trkpt lat="48.2728560" lon="7.6141400">
    <ele>165.6</ele>
    <time>2024-04-20T20:28:24Z</time>
   </trkpt>
   <trkpt lat="48.2728040" lon="7.6141090">
    <ele>165.6</ele>
    <time>2024-04-20T20:28:25Z</time>
   </trkpt>
   <trkpt lat="48.2727530" lon="7.6140690">
    <ele>165.6</ele>
    <time>2024-04-20T20:28:26Z</time>
   </trkpt>
   <trkpt lat="48.2727050" lon="7.6140230">
    <ele>165.6</ele>
    <time>2024-04-20T20:28:27Z</time>
   </trkpt>
   <trkpt lat="48.2726560" lon="7.6139820">
    <ele>165.6</ele>
    <time>2024-04-20T20:28:28Z</time>
   </trkpt>
   <trkpt lat="48.2726060" lon="7.6139450">
    <ele>165.6</ele>
    <time>2024-04-20T20:28:29Z</time>
   </trkpt>
   <trkpt lat="48.2725560" lon="7.6139060">
    <ele>165.6</ele>
    <time>2024-04-20T20:28:30Z</time>
   </trkpt>
   <trkpt lat="48.2725060" lon="7.6138630">
    <ele>165.6</ele>
    <time>2024-04-20T20:28:31Z</time>
   </trkpt>
   <trkpt lat="48.2724540" lon="7.6138220">
    <ele>165.6</ele>
    <time>2024-04-20T20:28:32Z</time>
   </trkpt>
   <trkpt lat="48.2724030" lon="7.6137820">
    <ele>165.6</ele>
    <time>2024-04-20T20:28:33Z</time>
   </trkpt>
   <trkpt lat="48.2723510" lon="7.6137410">
    <ele>165.6</ele>
    <time>2024-04-20T20:28:34Z</time>
   </trkpt>
   <trkpt lat="48.2723000" lon="7.6137040">
    <ele>165.6</ele>
    <time>2024-04-20T20:28:35Z</time>
   </trkpt>
   <trkpt lat="48.2722480" lon="7.6136630">
    <ele>165.6</ele>
    <time>2024-04-20T20:28:36Z</time>
   </trkpt>
   <trkpt lat="48.2721970" lon="7.6136230">
    <ele>165.6</ele>
    <time>2024-04-20T20:28:37Z</time>
   </trkpt>
   <trkpt lat="48.2721480" lon="7.6135820">
    <ele>165.6</ele>
    <time>2024-04-20T20:28:38Z</time>
   </trkpt>
   <trkpt lat="48.2720990" lon="7.6135380">
    <ele>165.6</ele>
    <time>2024-04-20T20:28:39Z</time>
   </trkpt>
   <trkpt lat="48.2720480" lon="7.6134980">
    <ele>165.6</ele>
    <time>2024-04-20T20:28:40Z</time>
   </trkpt>
   <trkpt lat="48.2719960" lon="7.6134560">
    <ele>165.6</ele>
    <time>2024-04-20T20:28:41Z</time>
   </trkpt>
   <trkpt lat="48.2719420" lon="7.6134200">
    <ele>165.6</ele>
    <time>2024-04-20T20:28:42Z</time>
   </trkpt>
   <trkpt lat="48.2718900" lon="7.6133820">
    <ele>165.6</ele>
    <time>2024-04-20T20:28:43Z</time>
   </trkpt>
   <trkpt lat="48.2718400" lon="7.6133410">
    <ele>165.6</ele>
    <time>2024-04-20T20:28:44Z</time>
   </trkpt>
   <trkpt lat="48.2717880" lon="7.6132990">
    <ele>165.6</ele>
    <time>2024-04-20T20:28:45Z</time>
   </trkpt>
   <trkpt lat="48.2717360" lon="7.6132570">
    <ele>165.6</ele>
    <time>2024-04-20T20:28:46Z</time>
   </trkpt>
   <trkpt lat="48.2716830" lon="7.6132210">
    <ele>165.6</ele>
    <time>2024-04-20T20:28:47Z</time>
   </trkpt>
   <trkpt lat="48.2716310" lon="7.6131820">
    <ele>165.6</ele>
    <time>2024-04-20T20:28:48Z</time>
   </trkpt>
   <trkpt lat="48.2715760" lon="7.6131430">
    <ele>165.7</ele>
    <time>2024-04-20T20:28:49Z</time>
   </trkpt>
   <trkpt lat="48.2715230" lon="7.6130970">
    <ele>165.7</ele>
    <time>2024-04-20T20:28:50Z</time>
   </trkpt>
   <trkpt lat="48.2714730" lon="7.6130490">
    <ele>165.7</ele>
    <time>2024-04-20T20:28:51Z</time>
   </trkpt>
   <trkpt lat="48.2714200" lon="7.6130020">
    <ele>165.7</ele>
    <time>2024-04-20T20:28:52Z</time>
   </trkpt>
   <trkpt lat="48.2713660" lon="7.6129620">
    <ele>165.7</ele>
    <time>2024-04-20T20:28:53Z</time>
   </trkpt>
   <trkpt lat="48.2713140" lon="7.6129240">
    <ele>165.7</ele>
    <time>2024-04-20T20:28:54Z</time>
   </trkpt>
   <trkpt lat="48.2712610" lon="7.6128880">
    <ele>165.8</ele>
    <time>2024-04-20T20:28:55Z</time>
   </trkpt>
   <trkpt lat="48.2712070" lon="7.6128510">
    <ele>165.8</ele>
    <time>2024-04-20T20:28:56Z</time>
   </trkpt>
   <trkpt lat="48.2711540" lon="7.6128130">
    <ele>165.8</ele>
    <time>2024-04-20T20:28:57Z</time>
   </trkpt>
   <trkpt lat="48.2710990" lon="7.6127790">
    <ele>165.8</ele>
    <time>2024-04-20T20:28:58Z</time>
   </trkpt>
   <trkpt lat="48.2710460" lon="7.6127360">
    <ele>165.8</ele>
    <time>2024-04-20T20:28:59Z</time>
   </trkpt>
   <trkpt lat="48.2709940" lon="7.6126910">
    <ele>165.8</ele>
    <time>2024-04-20T20:29:00Z</time>
   </trkpt>
   <trkpt lat="48.2709420" lon="7.6126530">
    <ele>165.8</ele>
    <time>2024-04-20T20:29:01Z</time>
   </trkpt>
   <trkpt lat="48.2708900" lon="7.6126180">
    <ele>165.8</ele>
    <time>2024-04-20T20:29:02Z</time>
   </trkpt>
   <trkpt lat="48.2708370" lon="7.6125780">
    <ele>165.8</ele>
    <time>2024-04-20T20:29:03Z</time>
   </trkpt>
   <trkpt lat="48.2707850" lon="7.6125360">
    <ele>165.9</ele>
    <time>2024-04-20T20:29:04Z</time>
   </trkpt>
   <trkpt lat="48.2707340" lon="7.6124890">
    <ele>165.9</ele>
    <time>2024-04-20T20:29:05Z</time>
   </trkpt>
   <trkpt lat="48.2706820" lon="7.6124480">
    <ele>165.9</ele>
    <time>2024-04-20T20:29:06Z</time>
   </trkpt>
   <trkpt lat="48.2706310" lon="7.6124050">
    <ele>165.9</ele>
    <time>2024-04-20T20:29:07Z</time>
   </trkpt>
   <trkpt lat="48.2705770" lon="7.6123670">
    <ele>165.8</ele>
    <time>2024-04-20T20:29:08Z</time>
   </trkpt>
   <trkpt lat="48.2705220" lon="7.6123300">
    <ele>165.8</ele>
    <time>2024-04-20T20:29:09Z</time>
   </trkpt>
   <trkpt lat="48.2704690" lon="7.6122930">
    <ele>165.8</ele>
    <time>2024-04-20T20:29:10Z</time>
   </trkpt>
   <trkpt lat="48.2704160" lon="7.6122540">
    <ele>165.7</ele>
    <time>2024-04-20T20:29:11Z</time>
   </trkpt>
   <trkpt lat="48.2703620" lon="7.6122130">
    <ele>165.7</ele>
    <time>2024-04-20T20:29:12Z</time>
   </trkpt>
   <trkpt lat="48.2703080" lon="7.6121700">
    <ele>165.7</ele>
    <time>2024-04-20T20:29:13Z</time>
   </trkpt>
   <trkpt lat="48.2702560" lon="7.6121250">
    <ele>165.7</ele>
    <time>2024-04-20T20:29:14Z</time>
   </trkpt>
   <trkpt lat="48.2702030" lon="7.6120810">
    <ele>165.7</ele>
    <time>2024-04-20T20:29:15Z</time>
   </trkpt>
   <trkpt lat="48.2701490" lon="7.6120410">
    <ele>165.6</ele>
    <time>2024-04-20T20:29:16Z</time>
   </trkpt>
   <trkpt lat="48.2700960" lon="7.6120080">
    <ele>165.6</ele>
    <time>2024-04-20T20:29:17Z</time>
   </trkpt>
   <trkpt lat="48.2700440" lon="7.6119650">
    <ele>165.6</ele>
    <time>2024-04-20T20:29:18Z</time>
   </trkpt>
   <trkpt lat="48.2699920" lon="7.6119180">
    <ele>165.6</ele>
    <time>2024-04-20T20:29:19Z</time>
   </trkpt>
   <trkpt lat="48.2699380" lon="7.6118790">
    <ele>165.6</ele>
    <time>2024-04-20T20:29:20Z</time>
   </trkpt>
   <trkpt lat="48.2698870" lon="7.6118390">
    <ele>165.6</ele>
    <time>2024-04-20T20:29:21Z</time>
   </trkpt>
   <trkpt lat="48.2698350" lon="7.6117980">
    <ele>165.6</ele>
    <time>2024-04-20T20:29:22Z</time>
   </trkpt>
   <trkpt lat="48.2697820" lon="7.6117620">
    <ele>165.6</ele>
    <time>2024-04-20T20:29:23Z</time>
   </trkpt>
   <trkpt lat="48.2697310" lon="7.6117220">
    <ele>165.6</ele>
    <time>2024-04-20T20:29:24Z</time>
   </trkpt>
   <trkpt lat="48.2696800" lon="7.6116820">
    <ele>165.6</ele>
    <time>2024-04-20T20:29:25Z</time>
   </trkpt>
   <trkpt lat="48.2696270" lon="7.6116460">
    <ele>165.6</ele>
    <time>2024-04-20T20:29:26Z</time>
   </trkpt>
   <trkpt lat="48.2695750" lon="7.6116080">
    <ele>165.7</ele>
    <time>2024-04-20T20:29:27Z</time>
   </trkpt>
   <trkpt lat="48.2695230" lon="7.6115680">
    <ele>165.7</ele>
    <time>2024-04-20T20:29:28Z</time>
   </trkpt>
   <trkpt lat="48.2694690" lon="7.6115280">
    <ele>165.7</ele>
    <time>2024-04-20T20:29:29Z</time>
   </trkpt>
   <trkpt lat="48.2694130" lon="7.6114860">
    <ele>165.6</ele>
    <time>2024-04-20T20:29:30Z</time>
   </trkpt>
   <trkpt lat="48.2693610" lon="7.6114450">
    <ele>165.6</ele>
    <time>2024-04-20T20:29:31Z</time>
   </trkpt>
   <trkpt lat="48.2693080" lon="7.6114040">
    <ele>165.6</ele>
    <time>2024-04-20T20:29:32Z</time>
   </trkpt>
   <trkpt lat="48.2692560" lon="7.6113610">
    <ele>165.6</ele>
    <time>2024-04-20T20:29:33Z</time>
   </trkpt>
   <trkpt lat="48.2692050" lon="7.6113170">
    <ele>165.6</ele>
    <time>2024-04-20T20:29:34Z</time>
   </trkpt>
   <trkpt lat="48.2691540" lon="7.6112750">
    <ele>165.6</ele>
    <time>2024-04-20T20:29:35Z</time>
   </trkpt>
   <trkpt lat="48.2690990" lon="7.6112370">
    <ele>165.6</ele>
    <time>2024-04-20T20:29:36Z</time>
   </trkpt>
   <trkpt lat="48.2690460" lon="7.6112030">
    <ele>165.6</ele>
    <time>2024-04-20T20:29:37Z</time>
   </trkpt>
   <trkpt lat="48.2689930" lon="7.6111630">
    <ele>165.6</ele>
    <time>2024-04-20T20:29:38Z</time>
   </trkpt>
   <trkpt lat="48.2689390" lon="7.6111230">
    <ele>165.6</ele>
    <time>2024-04-20T20:29:39Z</time>
   </trkpt>
   <trkpt lat="48.2688840" lon="7.6110760">
    <ele>165.6</ele>
    <time>2024-04-20T20:29:40Z</time>
   </trkpt>
   <trkpt lat="48.2688290" lon="7.6110280">
    <ele>165.6</ele>
    <time>2024-04-20T20:29:41Z</time>
   </trkpt>
   <trkpt lat="48.2687750" lon="7.6109830">
    <ele>165.6</ele>
    <time>2024-04-20T20:29:42Z</time>
   </trkpt>
   <trkpt lat="48.2687200" lon="7.6109400">
    <ele>165.6</ele>
    <time>2024-04-20T20:29:43Z</time>
   </trkpt>
   <trkpt lat="48.2686640" lon="7.6108950">
    <ele>165.6</ele>
    <time>2024-04-20T20:29:44Z</time>
   </trkpt>
   <trkpt lat="48.2686080" lon="7.6108500">
    <ele>165.6</ele>
    <time>2024-04-20T20:29:45Z</time>
   </trkpt>
   <trkpt lat="48.2685520" lon="7.6108030">
    <ele>165.6</ele>
    <time>2024-04-20T20:29:46Z</time>
   </trkpt>
   <trkpt lat="48.2684970" lon="7.6107610">
    <ele>165.6</ele>
    <time>2024-04-20T20:29:47Z</time>
   </trkpt>
   <trkpt lat="48.2684400" lon="7.6107190">
    <ele>165.6</ele>
    <time>2024-04-20T20:29:48Z</time>
   </trkpt>
   <trkpt lat="48.2683830" lon="7.6106780">
    <ele>165.6</ele>
    <time>2024-04-20T20:29:49Z</time>
   </trkpt>
   <trkpt lat="48.2683260" lon="7.6106340">
    <ele>165.6</ele>
    <time>2024-04-20T20:29:50Z</time>
   </trkpt>
   <trkpt lat="48.2682700" lon="7.6105910">
    <ele>165.6</ele>
    <time>2024-04-20T20:29:51Z</time>
   </trkpt>
   <trkpt lat="48.2682140" lon="7.6105480">
    <ele>165.6</ele>
    <time>2024-04-20T20:29:52Z</time>
   </trkpt>
   <trkpt lat="48.2681580" lon="7.6105070">
    <ele>165.6</ele>
    <time>2024-04-20T20:29:53Z</time>
   </trkpt>
   <trkpt lat="48.2681010" lon="7.6104650">
    <ele>165.7</ele>
    <time>2024-04-20T20:29:54Z</time>
   </trkpt>
   <trkpt lat="48.2680430" lon="7.6104240">
    <ele>165.7</ele>
    <time>2024-04-20T20:29:55Z</time>
   </trkpt>
   <trkpt lat="48.2679880" lon="7.6103840">
    <ele>165.7</ele>
    <time>2024-04-20T20:29:56Z</time>
   </trkpt>
   <trkpt lat="48.2679320" lon="7.6103380">
    <ele>165.7</ele>
    <time>2024-04-20T20:29:57Z</time>
   </trkpt>
   <trkpt lat="48.2678750" lon="7.6102910">
    <ele>165.8</ele>
    <time>2024-04-20T20:29:58Z</time>
   </trkpt>
   <trkpt lat="48.2678160" lon="7.6102480">
    <ele>165.8</ele>
    <time>2024-04-20T20:29:59Z</time>
   </trkpt>
   <trkpt lat="48.2677580" lon="7.6102040">
    <ele>165.8</ele>
    <time>2024-04-20T20:30:00Z</time>
   </trkpt>
   <trkpt lat="48.2677020" lon="7.6101600">
    <ele>165.8</ele>
    <time>2024-04-20T20:30:01Z</time>
   </trkpt>
   <trkpt lat="48.2676450" lon="7.6101170">
    <ele>165.9</ele>
    <time>2024-04-20T20:30:02Z</time>
   </trkpt>
   <trkpt lat="48.2675900" lon="7.6100750">
    <ele>166.0</ele>
    <time>2024-04-20T20:30:03Z</time>
   </trkpt>
   <trkpt lat="48.2675340" lon="7.6100330">
    <ele>166.1</ele>
    <time>2024-04-20T20:30:04Z</time>
   </trkpt>
   <trkpt lat="48.2674800" lon="7.6099950">
    <ele>166.1</ele>
    <time>2024-04-20T20:30:05Z</time>
   </trkpt>
   <trkpt lat="48.2674240" lon="7.6099540">
    <ele>166.2</ele>
    <time>2024-04-20T20:30:06Z</time>
   </trkpt>
   <trkpt lat="48.2673680" lon="7.6099140">
    <ele>166.3</ele>
    <time>2024-04-20T20:30:07Z</time>
   </trkpt>
   <trkpt lat="48.2673130" lon="7.6098750">
    <ele>166.4</ele>
    <time>2024-04-20T20:30:08Z</time>
   </trkpt>
   <trkpt lat="48.2672560" lon="7.6098360">
    <ele>166.5</ele>
    <time>2024-04-20T20:30:09Z</time>
   </trkpt>
   <trkpt lat="48.2671960" lon="7.6098060">
    <ele>166.6</ele>
    <time>2024-04-20T20:30:10Z</time>
   </trkpt>
   <trkpt lat="48.2671360" lon="7.6097900">
    <ele>166.7</ele>
    <time>2024-04-20T20:30:11Z</time>
   </trkpt>
   <trkpt lat="48.2670780" lon="7.6097690">
    <ele>166.9</ele>
    <time>2024-04-20T20:30:12Z</time>
   </trkpt>
   <trkpt lat="48.2670340" lon="7.6097190">
    <ele>167.0</ele>
    <time>2024-04-20T20:30:13Z</time>
   </trkpt>
   <trkpt lat="48.2669880" lon="7.6096740">
    <ele>167.1</ele>
    <time>2024-04-20T20:30:14Z</time>
   </trkpt>
   <trkpt lat="48.2669420" lon="7.6096370">
    <ele>167.3</ele>
    <time>2024-04-20T20:30:15Z</time>
   </trkpt>
   <trkpt lat="48.2669000" lon="7.6096040">
    <ele>167.4</ele>
    <time>2024-04-20T20:30:16Z</time>
   </trkpt>
   <trkpt lat="48.2668570" lon="7.6095710">
    <ele>167.5</ele>
    <time>2024-04-20T20:30:17Z</time>
   </trkpt>
   <trkpt lat="48.2668160" lon="7.6095420">
    <ele>167.6</ele>
    <time>2024-04-20T20:30:18Z</time>
   </trkpt>
   <trkpt lat="48.2667380" lon="7.6094790">
    <ele>167.7</ele>
    <time>2024-04-20T20:30:20Z</time>
   </trkpt>
   <trkpt lat="48.2667030" lon="7.6094380">
    <ele>167.8</ele>
    <time>2024-04-20T20:30:21Z</time>
   </trkpt>
   <trkpt lat="48.2666320" lon="7.6093450">
    <ele>167.8</ele>
    <time>2024-04-20T20:30:23Z</time>
   </trkpt>
   <trkpt lat="48.2665890" lon="7.6093050">
    <ele>167.9</ele>
    <time>2024-04-20T20:30:24Z</time>
   </trkpt>
   <trkpt lat="48.2665430" lon="7.6092720">
    <ele>167.9</ele>
    <time>2024-04-20T20:30:25Z</time>
   </trkpt>
   <trkpt lat="48.2664960" lon="7.6092410">
    <ele>167.9</ele>
    <time>2024-04-20T20:30:26Z</time>
   </trkpt>
   <trkpt lat="48.2664480" lon="7.6092060">
    <ele>167.9</ele>
    <time>2024-04-20T20:30:27Z</time>
   </trkpt>
   <trkpt lat="48.2664010" lon="7.6091660">
    <ele>167.9</ele>
    <time>2024-04-20T20:30:28Z</time>
   </trkpt>
   <trkpt lat="48.2663530" lon="7.6091310">
    <ele>167.8</ele>
    <time>2024-04-20T20:30:29Z</time>
   </trkpt>
   <trkpt lat="48.2663030" lon="7.6090890">
    <ele>167.8</ele>
    <time>2024-04-20T20:30:30Z</time>
   </trkpt>
   <trkpt lat="48.2662530" lon="7.6090470">
    <ele>167.8</ele>
    <time>2024-04-20T20:30:31Z</time>
   </trkpt>
   <trkpt lat="48.2662020" lon="7.6090080">
    <ele>167.7</ele>
    <time>2024-04-20T20:30:32Z</time>
   </trkpt>
   <trkpt lat="48.2660990" lon="7.6089260">
    <ele>167.6</ele>
    <time>2024-04-20T20:30:34Z</time>
   </trkpt>
   <trkpt lat="48.2660480" lon="7.6088830">
    <ele>167.6</ele>
    <time>2024-04-20T20:30:35Z</time>
   </trkpt>
   <trkpt lat="48.2659950" lon="7.6088440">
    <ele>167.6</ele>
    <time>2024-04-20T20:30:36Z</time>
   </trkpt>
   <trkpt lat="48.2659400" lon="7.6088040">
    <ele>167.5</ele>
    <time>2024-04-20T20:30:37Z</time>
   </trkpt>
   <trkpt lat="48.2658860" lon="7.6087620">
    <ele>167.5</ele>
    <time>2024-04-20T20:30:38Z</time>
   </trkpt>
   <trkpt lat="48.2658310" lon="7.6087210">
    <ele>167.5</ele>
    <time>2024-04-20T20:30:39Z</time>
   </trkpt>
   <trkpt lat="48.2657770" lon="7.6086780">
    <ele>167.5</ele>
    <time>2024-04-20T20:30:40Z</time>
   </trkpt>
   <trkpt lat="48.2657220" lon="7.6086360">
    <ele>167.5</ele>
    <time>2024-04-20T20:30:41Z</time>
   </trkpt>
   <trkpt lat="48.2656680" lon="7.6085910">
    <ele>167.5</ele>
    <time>2024-04-20T20:30:42Z</time>
   </trkpt>
   <trkpt lat="48.2656120" lon="7.6085480">
    <ele>167.5</ele>
    <time>2024-04-20T20:30:43Z</time>
   </trkpt>
   <trkpt lat="48.2655580" lon="7.6085040">
    <ele>167.5</ele>
    <time>2024-04-20T20:30:44Z</time>
   </trkpt>
   <trkpt lat="48.2655030" lon="7.6084620">
    <ele>167.5</ele>
    <time>2024-04-20T20:30:45Z</time>
   </trkpt>
   <trkpt lat="48.2654480" lon="7.6084220">
    <ele>167.5</ele>
    <time>2024-04-20T20:30:46Z</time>
   </trkpt>
   <trkpt lat="48.2653940" lon="7.6083820">
    <ele>167.5</ele>
    <time>2024-04-20T20:30:47Z</time>
   </trkpt>
   <trkpt lat="48.2653390" lon="7.6083410">
    <ele>167.4</ele>
    <time>2024-04-20T20:30:48Z</time>
   </trkpt>
   <trkpt lat="48.2652820" lon="7.6083020">
    <ele>167.4</ele>
    <time>2024-04-20T20:30:49Z</time>
   </trkpt>
   <trkpt lat="48.2652300" lon="7.6082620">
    <ele>167.4</ele>
    <time>2024-04-20T20:30:50Z</time>
   </trkpt>
   <trkpt lat="48.2651770" lon="7.6082210">
    <ele>167.4</ele>
    <time>2024-04-20T20:30:51Z</time>
   </trkpt>
   <trkpt lat="48.2651210" lon="7.6081790">
    <ele>167.4</ele>
    <time>2024-04-20T20:30:52Z</time>
   </trkpt>
   <trkpt lat="48.2650670" lon="7.6081350">
    <ele>167.4</ele>
    <time>2024-04-20T20:30:53Z</time>
   </trkpt>
   <trkpt lat="48.2650130" lon="7.6080940">
    <ele>167.4</ele>
    <time>2024-04-20T20:30:54Z</time>
   </trkpt>
   <trkpt lat="48.2649580" lon="7.6080520">
    <ele>167.4</ele>
    <time>2024-04-20T20:30:55Z</time>
   </trkpt>
   <trkpt lat="48.2649050" lon="7.6080100">
    <ele>167.4</ele>
    <time>2024-04-20T20:30:56Z</time>
   </trkpt>
   <trkpt lat="48.2648500" lon="7.6079690">
    <ele>167.4</ele>
    <time>2024-04-20T20:30:57Z</time>
   </trkpt>
   <trkpt lat="48.2647960" lon="7.6079270">
    <ele>167.5</ele>
    <time>2024-04-20T20:30:58Z</time>
   </trkpt>
   <trkpt lat="48.2647440" lon="7.6078830">
    <ele>167.5</ele>
    <time>2024-04-20T20:30:59Z</time>
   </trkpt>
   <trkpt lat="48.2646910" lon="7.6078420">
    <ele>167.5</ele>
    <time>2024-04-20T20:31:00Z</time>
   </trkpt>
   <trkpt lat="48.2646370" lon="7.6078000">
    <ele>167.5</ele>
    <time>2024-04-20T20:31:01Z</time>
   </trkpt>
   <trkpt lat="48.2645810" lon="7.6077590">
    <ele>167.5</ele>
    <time>2024-04-20T20:31:02Z</time>
   </trkpt>
   <trkpt lat="48.2645250" lon="7.6077200">
    <ele>167.6</ele>
    <time>2024-04-20T20:31:03Z</time>
   </trkpt>
   <trkpt lat="48.2644710" lon="7.6076800">
    <ele>167.7</ele>
    <time>2024-04-20T20:31:04Z</time>
   </trkpt>
   <trkpt lat="48.2644160" lon="7.6076410">
    <ele>167.7</ele>
    <time>2024-04-20T20:31:05Z</time>
   </trkpt>
   <trkpt lat="48.2643620" lon="7.6076000">
    <ele>167.7</ele>
    <time>2024-04-20T20:31:06Z</time>
   </trkpt>
   <trkpt lat="48.2643090" lon="7.6075530">
    <ele>167.7</ele>
    <time>2024-04-20T20:31:07Z</time>
   </trkpt>
   <trkpt lat="48.2642560" lon="7.6075080">
    <ele>167.7</ele>
    <time>2024-04-20T20:31:08Z</time>
   </trkpt>
   <trkpt lat="48.2642020" lon="7.6074660">
    <ele>167.7</ele>
    <time>2024-04-20T20:31:09Z</time>
   </trkpt>
   <trkpt lat="48.2641460" lon="7.6074260">
    <ele>167.7</ele>
    <time>2024-04-20T20:31:10Z</time>
   </trkpt>
   <trkpt lat="48.2640910" lon="7.6073820">
    <ele>167.7</ele>
    <time>2024-04-20T20:31:11Z</time>
   </trkpt>
   <trkpt lat="48.2640350" lon="7.6073420">
    <ele>167.7</ele>
    <time>2024-04-20T20:31:12Z</time>
   </trkpt>
   <trkpt lat="48.2639790" lon="7.6072990">
    <ele>167.6</ele>
    <time>2024-04-20T20:31:13Z</time>
   </trkpt>
   <trkpt lat="48.2639230" lon="7.6072550">
    <ele>167.6</ele>
    <time>2024-04-20T20:31:14Z</time>
   </trkpt>
   <trkpt lat="48.2638680" lon="7.6072100">
    <ele>167.6</ele>
    <time>2024-04-20T20:31:15Z</time>
   </trkpt>
   <trkpt lat="48.2638120" lon="7.6071690">
    <ele>167.6</ele>
    <time>2024-04-20T20:31:16Z</time>
   </trkpt>
   <trkpt lat="48.2637550" lon="7.6071300">
    <ele>167.6</ele>
    <time>2024-04-20T20:31:17Z</time>
   </trkpt>
   <trkpt lat="48.2637000" lon="7.6070870">
    <ele>167.6</ele>
    <time>2024-04-20T20:31:18Z</time>
   </trkpt>
   <trkpt lat="48.2636450" lon="7.6070420">
    <ele>167.6</ele>
    <time>2024-04-20T20:31:19Z</time>
   </trkpt>
   <trkpt lat="48.2635900" lon="7.6069980">
    <ele>167.6</ele>
    <time>2024-04-20T20:31:20Z</time>
   </trkpt>
   <trkpt lat="48.2635340" lon="7.6069560">
    <ele>167.6</ele>
    <time>2024-04-20T20:31:21Z</time>
   </trkpt>
   <trkpt lat="48.2634780" lon="7.6069130">
    <ele>167.6</ele>
    <time>2024-04-20T20:31:22Z</time>
   </trkpt>
   <trkpt lat="48.2634210" lon="7.6068690">
    <ele>167.5</ele>
    <time>2024-04-20T20:31:23Z</time>
   </trkpt>
   <trkpt lat="48.2633660" lon="7.6068270">
    <ele>167.5</ele>
    <time>2024-04-20T20:31:24Z</time>
   </trkpt>
   <trkpt lat="48.2633100" lon="7.6067840">
    <ele>167.5</ele>
    <time>2024-04-20T20:31:25Z</time>
   </trkpt>
   <trkpt lat="48.2632540" lon="7.6067410">
    <ele>167.5</ele>
    <time>2024-04-20T20:31:26Z</time>
   </trkpt>
   <trkpt lat="48.2631970" lon="7.6066990">
    <ele>167.5</ele>
    <time>2024-04-20T20:31:27Z</time>
   </trkpt>
   <trkpt lat="48.2631410" lon="7.6066550">
    <ele>167.5</ele>
    <time>2024-04-20T20:31:28Z</time>
   </trkpt>
   <trkpt lat="48.2630850" lon="7.6066110">
    <ele>167.5</ele>
    <time>2024-04-20T20:31:29Z</time>
   </trkpt>
   <trkpt lat="48.2630310" lon="7.6065670">
    <ele>167.5</ele>
    <time>2024-04-20T20:31:30Z</time>
   </trkpt>
   <trkpt lat="48.2629750" lon="7.6065230">
    <ele>167.5</ele>
    <time>2024-04-20T20:31:31Z</time>
   </trkpt>
   <trkpt lat="48.2629190" lon="7.6064830">
    <ele>167.5</ele>
    <time>2024-04-20T20:31:32Z</time>
   </trkpt>
   <trkpt lat="48.2628640" lon="7.6064440">
    <ele>167.5</ele>
    <time>2024-04-20T20:31:33Z</time>
   </trkpt>
   <trkpt lat="48.2628080" lon="7.6064010">
    <ele>167.5</ele>
    <time>2024-04-20T20:31:34Z</time>
   </trkpt>
   <trkpt lat="48.2627540" lon="7.6063630">
    <ele>167.5</ele>
    <time>2024-04-20T20:31:35Z</time>
   </trkpt>
   <trkpt lat="48.2627000" lon="7.6063230">
    <ele>167.5</ele>
    <time>2024-04-20T20:31:36Z</time>
   </trkpt>
   <trkpt lat="48.2626460" lon="7.6062800">
    <ele>167.5</ele>
    <time>2024-04-20T20:31:37Z</time>
   </trkpt>
   <trkpt lat="48.2625910" lon="7.6062370">
    <ele>167.5</ele>
    <time>2024-04-20T20:31:38Z</time>
   </trkpt>
   <trkpt lat="48.2625360" lon="7.6061930">
    <ele>167.5</ele>
    <time>2024-04-20T20:31:39Z</time>
   </trkpt>
   <trkpt lat="48.2624790" lon="7.6061490">
    <ele>167.5</ele>
    <time>2024-04-20T20:31:40Z</time>
   </trkpt>
   <trkpt lat="48.2624220" lon="7.6061040">
    <ele>167.4</ele>
    <time>2024-04-20T20:31:41Z</time>
   </trkpt>
   <trkpt lat="48.2623660" lon="7.6060590">
    <ele>167.4</ele>
    <time>2024-04-20T20:31:42Z</time>
   </trkpt>
   <trkpt lat="48.2623100" lon="7.6060140">
    <ele>167.4</ele>
    <time>2024-04-20T20:31:43Z</time>
   </trkpt>
   <trkpt lat="48.2622540" lon="7.6059700">
    <ele>167.4</ele>
    <time>2024-04-20T20:31:44Z</time>
   </trkpt>
   <trkpt lat="48.2621980" lon="7.6059290">
    <ele>167.4</ele>
    <time>2024-04-20T20:31:45Z</time>
   </trkpt>
   <trkpt lat="48.2621420" lon="7.6058860">
    <ele>167.4</ele>
    <time>2024-04-20T20:31:46Z</time>
   </trkpt>
   <trkpt lat="48.2620840" lon="7.6058430">
    <ele>167.4</ele>
    <time>2024-04-20T20:31:47Z</time>
   </trkpt>
   <trkpt lat="48.2620270" lon="7.6057990">
    <ele>167.4</ele>
    <time>2024-04-20T20:31:48Z</time>
   </trkpt>
   <trkpt lat="48.2619700" lon="7.6057550">
    <ele>167.4</ele>
    <time>2024-04-20T20:31:49Z</time>
   </trkpt>
   <trkpt lat="48.2619160" lon="7.6057100">
    <ele>167.3</ele>
    <time>2024-04-20T20:31:50Z</time>
   </trkpt>
   <trkpt lat="48.2618610" lon="7.6056660">
    <ele>167.3</ele>
    <time>2024-04-20T20:31:51Z</time>
   </trkpt>
   <trkpt lat="48.2618040" lon="7.6056220">
    <ele>167.3</ele>
    <time>2024-04-20T20:31:52Z</time>
   </trkpt>
   <trkpt lat="48.2617480" lon="7.6055780">
    <ele>167.3</ele>
    <time>2024-04-20T20:31:53Z</time>
   </trkpt>
   <trkpt lat="48.2616930" lon="7.6055350">
    <ele>167.3</ele>
    <time>2024-04-20T20:31:54Z</time>
   </trkpt>
   <trkpt lat="48.2616380" lon="7.6054910">
    <ele>167.3</ele>
    <time>2024-04-20T20:31:55Z</time>
   </trkpt>
   <trkpt lat="48.2615830" lon="7.6054490">
    <ele>167.3</ele>
    <time>2024-04-20T20:31:56Z</time>
   </trkpt>
   <trkpt lat="48.2615280" lon="7.6054070">
    <ele>167.4</ele>
    <time>2024-04-20T20:31:57Z</time>
   </trkpt>
   <trkpt lat="48.2614720" lon="7.6053680">
    <ele>167.4</ele>
    <time>2024-04-20T20:31:58Z</time>
   </trkpt>
   <trkpt lat="48.2614180" lon="7.6053260">
    <ele>167.4</ele>
    <time>2024-04-20T20:31:59Z</time>
   </trkpt>
   <trkpt lat="48.2613650" lon="7.6052830">
    <ele>167.5</ele>
    <time>2024-04-20T20:32:00Z</time>
   </trkpt>
   <trkpt lat="48.2613150" lon="7.6052430">
    <ele>167.5</ele>
    <time>2024-04-20T20:32:01Z</time>
   </trkpt>
   <trkpt lat="48.2612630" lon="7.6052060">
    <ele>167.5</ele>
    <time>2024-04-20T20:32:02Z</time>
   </trkpt>
   <trkpt lat="48.2612080" lon="7.6051670">
    <ele>167.5</ele>
    <time>2024-04-20T20:32:03Z</time>
   </trkpt>
   <trkpt lat="48.2611540" lon="7.6051260">
    <ele>167.5</ele>
    <time>2024-04-20T20:32:04Z</time>
   </trkpt>
   <trkpt lat="48.2610990" lon="7.6050860">
    <ele>167.5</ele>
    <time>2024-04-20T20:32:05Z</time>
   </trkpt>
   <trkpt lat="48.2610440" lon="7.6050480">
    <ele>167.5</ele>
    <time>2024-04-20T20:32:06Z</time>
   </trkpt>
   <trkpt lat="48.2609880" lon="7.6050080">
    <ele>167.6</ele>
    <time>2024-04-20T20:32:07Z</time>
   </trkpt>
   <trkpt lat="48.2609340" lon="7.6049630">
    <ele>167.6</ele>
    <time>2024-04-20T20:32:08Z</time>
   </trkpt>
   <trkpt lat="48.2608800" lon="7.6049160">
    <ele>167.6</ele>
    <time>2024-04-20T20:32:09Z</time>
   </trkpt>
   <trkpt lat="48.2608260" lon="7.6048710">
    <ele>167.6</ele>
    <time>2024-04-20T20:32:10Z</time>
   </trkpt>
   <trkpt lat="48.2607710" lon="7.6048300">
    <ele>167.6</ele>
    <time>2024-04-20T20:32:11Z</time>
   </trkpt>
   <trkpt lat="48.2607160" lon="7.6047920">
    <ele>167.6</ele>
    <time>2024-04-20T20:32:12Z</time>
   </trkpt>
   <trkpt lat="48.2606600" lon="7.6047500">
    <ele>167.6</ele>
    <time>2024-04-20T20:32:13Z</time>
   </trkpt>
   <trkpt lat="48.2606040" lon="7.6047070">
    <ele>167.5</ele>
    <time>2024-04-20T20:32:14Z</time>
   </trkpt>
   <trkpt lat="48.2605490" lon="7.6046630">
    <ele>167.5</ele>
    <time>2024-04-20T20:32:15Z</time>
   </trkpt>
   <trkpt lat="48.2604950" lon="7.6046200">
    <ele>167.5</ele>
    <time>2024-04-20T20:32:16Z</time>
   </trkpt>
   <trkpt lat="48.2604400" lon="7.6045780">
    <ele>167.5</ele>
    <time>2024-04-20T20:32:17Z</time>
   </trkpt>
   <trkpt lat="48.2603850" lon="7.6045360">
    <ele>167.5</ele>
    <time>2024-04-20T20:32:18Z</time>
   </trkpt>
   <trkpt lat="48.2603280" lon="7.6044910">
    <ele>167.4</ele>
    <time>2024-04-20T20:32:19Z</time>
   </trkpt>
   <trkpt lat="48.2602720" lon="7.6044490">
    <ele>167.4</ele>
    <time>2024-04-20T20:32:20Z</time>
   </trkpt>
   <trkpt lat="48.2602160" lon="7.6044070">
    <ele>167.4</ele>
    <time>2024-04-20T20:32:21Z</time>
   </trkpt>
   <trkpt lat="48.2601600" lon="7.6043640">
    <ele>167.4</ele>
    <time>2024-04-20T20:32:22Z</time>
   </trkpt>
   <trkpt lat="48.2601050" lon="7.6043220">
    <ele>167.4</ele>
    <time>2024-04-20T20:32:23Z</time>
   </trkpt>
   <trkpt lat="48.2600500" lon="7.6042790">
    <ele>167.4</ele>
    <time>2024-04-20T20:32:24Z</time>
   </trkpt>
   <trkpt lat="48.2599950" lon="7.6042400">
    <ele>167.4</ele>
    <time>2024-04-20T20:32:25Z</time>
   </trkpt>
   <trkpt lat="48.2599410" lon="7.6041960">
    <ele>167.5</ele>
    <time>2024-04-20T20:32:26Z</time>
   </trkpt>
   <trkpt lat="48.2598860" lon="7.6041560">
    <ele>167.5</ele>
    <time>2024-04-20T20:32:27Z</time>
   </trkpt>
   <trkpt lat="48.2598310" lon="7.6041160">
    <ele>167.5</ele>
    <time>2024-04-20T20:32:28Z</time>
   </trkpt>
   <trkpt lat="48.2597770" lon="7.6040790">
    <ele>167.5</ele>
    <time>2024-04-20T20:32:29Z</time>
   </trkpt>
   <trkpt lat="48.2597220" lon="7.6040400">
    <ele>167.5</ele>
    <time>2024-04-20T20:32:30Z</time>
   </trkpt>
   <trkpt lat="48.2596680" lon="7.6039970">
    <ele>167.5</ele>
    <time>2024-04-20T20:32:31Z</time>
   </trkpt>
   <trkpt lat="48.2596160" lon="7.6039520">
    <ele>167.5</ele>
    <time>2024-04-20T20:32:32Z</time>
   </trkpt>
   <trkpt lat="48.2595620" lon="7.6039080">
    <ele>167.5</ele>
    <time>2024-04-20T20:32:33Z</time>
   </trkpt>
   <trkpt lat="48.2595070" lon="7.6038670">
    <ele>167.5</ele>
    <time>2024-04-20T20:32:34Z</time>
   </trkpt>
   <trkpt lat="48.2594520" lon="7.6038270">
    <ele>167.5</ele>
    <time>2024-04-20T20:32:35Z</time>
   </trkpt>
   <trkpt lat="48.2593970" lon="7.6037880">
    <ele>167.6</ele>
    <time>2024-04-20T20:32:36Z</time>
   </trkpt>
   <trkpt lat="48.2593410" lon="7.6037500">
    <ele>167.6</ele>
    <time>2024-04-20T20:32:37Z</time>
   </trkpt>
   <trkpt lat="48.2592890" lon="7.6037100">
    <ele>167.6</ele>
    <time>2024-04-20T20:32:38Z</time>
   </trkpt>
   <trkpt lat="48.2592360" lon="7.6036680">
    <ele>167.6</ele>
    <time>2024-04-20T20:32:39Z</time>
   </trkpt>
   <trkpt lat="48.2591810" lon="7.6036280">
    <ele>167.6</ele>
    <time>2024-04-20T20:32:40Z</time>
   </trkpt>
   <trkpt lat="48.2591270" lon="7.6035850">
    <ele>167.6</ele>
    <time>2024-04-20T20:32:41Z</time>
   </trkpt>
   <trkpt lat="48.2590710" lon="7.6035440">
    <ele>167.6</ele>
    <time>2024-04-20T20:32:42Z</time>
   </trkpt>
   <trkpt lat="48.2590160" lon="7.6035010">
    <ele>167.6</ele>
    <time>2024-04-20T20:32:43Z</time>
   </trkpt>
   <trkpt lat="48.2589610" lon="7.6034570">
    <ele>167.6</ele>
    <time>2024-04-20T20:32:44Z</time>
   </trkpt>
   <trkpt lat="48.2589070" lon="7.6034160">
    <ele>167.6</ele>
    <time>2024-04-20T20:32:45Z</time>
   </trkpt>
   <trkpt lat="48.2588520" lon="7.6033750">
    <ele>167.6</ele>
    <time>2024-04-20T20:32:46Z</time>
   </trkpt>
   <trkpt lat="48.2587970" lon="7.6033310">
    <ele>167.6</ele>
    <time>2024-04-20T20:32:47Z</time>
   </trkpt>
   <trkpt lat="48.2587430" lon="7.6032840">
    <ele>167.5</ele>
    <time>2024-04-20T20:32:48Z</time>
   </trkpt>
   <trkpt lat="48.2586890" lon="7.6032380">
    <ele>167.5</ele>
    <time>2024-04-20T20:32:49Z</time>
   </trkpt>
   <trkpt lat="48.2586340" lon="7.6031950">
    <ele>167.5</ele>
    <time>2024-04-20T20:32:50Z</time>
   </trkpt>
   <trkpt lat="48.2585780" lon="7.6031530">
    <ele>167.5</ele>
    <time>2024-04-20T20:32:51Z</time>
   </trkpt>
   <trkpt lat="48.2585230" lon="7.6031130">
    <ele>167.5</ele>
    <time>2024-04-20T20:32:52Z</time>
   </trkpt>
   <trkpt lat="48.2584680" lon="7.6030710">
    <ele>167.5</ele>
    <time>2024-04-20T20:32:53Z</time>
   </trkpt>
   <trkpt lat="48.2584130" lon="7.6030290">
    <ele>167.5</ele>
    <time>2024-04-20T20:32:54Z</time>
   </trkpt>
   <trkpt lat="48.2583580" lon="7.6029870">
    <ele>167.5</ele>
    <time>2024-04-20T20:32:55Z</time>
   </trkpt>
   <trkpt lat="48.2583030" lon="7.6029460">
    <ele>167.5</ele>
    <time>2024-04-20T20:32:56Z</time>
   </trkpt>
   <trkpt lat="48.2582490" lon="7.6029070">
    <ele>167.5</ele>
    <time>2024-04-20T20:32:57Z</time>
   </trkpt>
   <trkpt lat="48.2581950" lon="7.6028640">
    <ele>167.4</ele>
    <time>2024-04-20T20:32:58Z</time>
   </trkpt>
   <trkpt lat="48.2581400" lon="7.6028210">
    <ele>167.4</ele>
    <time>2024-04-20T20:32:59Z</time>
   </trkpt>
   <trkpt lat="48.2580860" lon="7.6027760">
    <ele>167.4</ele>
    <time>2024-04-20T20:33:00Z</time>
   </trkpt>
   <trkpt lat="48.2580320" lon="7.6027330">
    <ele>167.4</ele>
    <time>2024-04-20T20:33:01Z</time>
   </trkpt>
   <trkpt lat="48.2579770" lon="7.6026910">
    <ele>167.4</ele>
    <time>2024-04-20T20:33:02Z</time>
   </trkpt>
   <trkpt lat="48.2579220" lon="7.6026470">
    <ele>167.4</ele>
    <time>2024-04-20T20:33:03Z</time>
   </trkpt>
   <trkpt lat="48.2578670" lon="7.6026040">
    <ele>167.4</ele>
    <time>2024-04-20T20:33:04Z</time>
   </trkpt>
   <trkpt lat="48.2578100" lon="7.6025630">
    <ele>167.4</ele>
    <time>2024-04-20T20:33:05Z</time>
   </trkpt>
   <trkpt lat="48.2577550" lon="7.6025220">
    <ele>167.4</ele>
    <time>2024-04-20T20:33:06Z</time>
   </trkpt>
   <trkpt lat="48.2576990" lon="7.6024790">
    <ele>167.4</ele>
    <time>2024-04-20T20:33:07Z</time>
   </trkpt>
   <trkpt lat="48.2576430" lon="7.6024380">
    <ele>167.4</ele>
    <time>2024-04-20T20:33:08Z</time>
   </trkpt>
   <trkpt lat="48.2575870" lon="7.6023970">
    <ele>167.4</ele>
    <time>2024-04-20T20:33:09Z</time>
   </trkpt>
   <trkpt lat="48.2575310" lon="7.6023570">
    <ele>167.4</ele>
    <time>2024-04-20T20:33:10Z</time>
   </trkpt>
   <trkpt lat="48.2574780" lon="7.6023120">
    <ele>167.4</ele>
    <time>2024-04-20T20:33:11Z</time>
   </trkpt>
   <trkpt lat="48.2574240" lon="7.6022670">
    <ele>167.4</ele>
    <time>2024-04-20T20:33:12Z</time>
   </trkpt>
   <trkpt lat="48.2573690" lon="7.6022220">
    <ele>167.4</ele>
    <time>2024-04-20T20:33:13Z</time>
   </trkpt>
   <trkpt lat="48.2573140" lon="7.6021790">
    <ele>167.4</ele>
    <time>2024-04-20T20:33:14Z</time>
   </trkpt>
   <trkpt lat="48.2572590" lon="7.6021430">
    <ele>167.5</ele>
    <time>2024-04-20T20:33:15Z</time>
   </trkpt>
   <trkpt lat="48.2572030" lon="7.6021050">
    <ele>167.5</ele>
    <time>2024-04-20T20:33:16Z</time>
   </trkpt>
   <trkpt lat="48.2571480" lon="7.6020620">
    <ele>167.5</ele>
    <time>2024-04-20T20:33:17Z</time>
   </trkpt>
   <trkpt lat="48.2570930" lon="7.6020210">
    <ele>167.5</ele>
    <time>2024-04-20T20:33:18Z</time>
   </trkpt>
   <trkpt lat="48.2570380" lon="7.6019760">
    <ele>167.5</ele>
    <time>2024-04-20T20:33:19Z</time>
   </trkpt>
   <trkpt lat="48.2569840" lon="7.6019320">
    <ele>167.4</ele>
    <time>2024-04-20T20:33:20Z</time>
   </trkpt>
   <trkpt lat="48.2569290" lon="7.6018910">
    <ele>167.4</ele>
    <time>2024-04-20T20:33:21Z</time>
   </trkpt>
   <trkpt lat="48.2568740" lon="7.6018490">
    <ele>167.4</ele>
    <time>2024-04-20T20:33:22Z</time>
   </trkpt>
   <trkpt lat="48.2568180" lon="7.6018060">
    <ele>167.4</ele>
    <time>2024-04-20T20:33:23Z</time>
   </trkpt>
   <trkpt lat="48.2567630" lon="7.6017620">
    <ele>167.4</ele>
    <time>2024-04-20T20:33:24Z</time>
   </trkpt>
   <trkpt lat="48.2567070" lon="7.6017210">
    <ele>167.4</ele>
    <time>2024-04-20T20:33:25Z</time>
   </trkpt>
   <trkpt lat="48.2566520" lon="7.6016810">
    <ele>167.4</ele>
    <time>2024-04-20T20:33:26Z</time>
   </trkpt>
   <trkpt lat="48.2565970" lon="7.6016400">
    <ele>167.4</ele>
    <time>2024-04-20T20:33:27Z</time>
   </trkpt>
   <trkpt lat="48.2565420" lon="7.6015940">
    <ele>167.4</ele>
    <time>2024-04-20T20:33:28Z</time>
   </trkpt>
   <trkpt lat="48.2564880" lon="7.6015490">
    <ele>167.4</ele>
    <time>2024-04-20T20:33:29Z</time>
   </trkpt>
   <trkpt lat="48.2563800" lon="7.6014630">
    <ele>167.5</ele>
    <time>2024-04-20T20:33:31Z</time>
   </trkpt>
   <trkpt lat="48.2563240" lon="7.6014270">
    <ele>167.5</ele>
    <time>2024-04-20T20:33:32Z</time>
   </trkpt>
   <trkpt lat="48.2562700" lon="7.6013870">
    <ele>167.5</ele>
    <time>2024-04-20T20:33:33Z</time>
   </trkpt>
   <trkpt lat="48.2562170" lon="7.6013450">
    <ele>167.5</ele>
    <time>2024-04-20T20:33:34Z</time>
   </trkpt>
   <trkpt lat="48.2561630" lon="7.6013020">
    <ele>167.5</ele>
    <time>2024-04-20T20:33:35Z</time>
   </trkpt>
   <trkpt lat="48.2561100" lon="7.6012590">
    <ele>167.5</ele>
    <time>2024-04-20T20:33:36Z</time>
   </trkpt>
   <trkpt lat="48.2560570" lon="7.6012190">
    <ele>167.5</ele>
    <time>2024-04-20T20:33:37Z</time>
   </trkpt>
   <trkpt lat="48.2560040" lon="7.6011800">
    <ele>167.5</ele>
    <time>2024-04-20T20:33:38Z</time>
   </trkpt>
   <trkpt lat="48.2559510" lon="7.6011380">
    <ele>167.5</ele>
    <time>2024-04-20T20:33:39Z</time>
   </trkpt>
   <trkpt lat="48.2558980" lon="7.6010960">
    <ele>167.5</ele>
    <time>2024-04-20T20:33:40Z</time>
   </trkpt>
   <trkpt lat="48.2558450" lon="7.6010570">
    <ele>167.5</ele>
    <time>2024-04-20T20:33:41Z</time>
   </trkpt>
   <trkpt lat="48.2557940" lon="7.6010190">
    <ele>167.5</ele>
    <time>2024-04-20T20:33:42Z</time>
   </trkpt>
   <trkpt lat="48.2557410" lon="7.6009790">
    <ele>167.6</ele>
    <time>2024-04-20T20:33:43Z</time>
   </trkpt>
   <trkpt lat="48.2556890" lon="7.6009370">
    <ele>167.6</ele>
    <time>2024-04-20T20:33:44Z</time>
   </trkpt>
   <trkpt lat="48.2556360" lon="7.6008960">
    <ele>167.6</ele>
    <time>2024-04-20T20:33:45Z</time>
   </trkpt>
   <trkpt lat="48.2555830" lon="7.6008550">
    <ele>167.6</ele>
    <time>2024-04-20T20:33:46Z</time>
   </trkpt>
   <trkpt lat="48.2555310" lon="7.6008150">
    <ele>167.6</ele>
    <time>2024-04-20T20:33:47Z</time>
   </trkpt>
   <trkpt lat="48.2554780" lon="7.6007770">
    <ele>167.6</ele>
    <time>2024-04-20T20:33:48Z</time>
   </trkpt>
   <trkpt lat="48.2554250" lon="7.6007380">
    <ele>167.6</ele>
    <time>2024-04-20T20:33:49Z</time>
   </trkpt>
   <trkpt lat="48.2553710" lon="7.6007010">
    <ele>167.6</ele>
    <time>2024-04-20T20:33:50Z</time>
   </trkpt>
   <trkpt lat="48.2553180" lon="7.6006630">
    <ele>167.6</ele>
    <time>2024-04-20T20:33:51Z</time>
   </trkpt>
   <trkpt lat="48.2552660" lon="7.6006230">
    <ele>167.6</ele>
    <time>2024-04-20T20:33:52Z</time>
   </trkpt>
   <trkpt lat="48.2552140" lon="7.6005810">
    <ele>167.6</ele>
    <time>2024-04-20T20:33:53Z</time>
   </trkpt>
   <trkpt lat="48.2551620" lon="7.6005390">
    <ele>167.6</ele>
    <time>2024-04-20T20:33:54Z</time>
   </trkpt>
   <trkpt lat="48.2551090" lon="7.6004990">
    <ele>167.7</ele>
    <time>2024-04-20T20:33:55Z</time>
   </trkpt>
   <trkpt lat="48.2550560" lon="7.6004620">
    <ele>167.7</ele>
    <time>2024-04-20T20:33:56Z</time>
   </trkpt>
   <trkpt lat="48.2550040" lon="7.6004220">
    <ele>167.7</ele>
    <time>2024-04-20T20:33:57Z</time>
   </trkpt>
   <trkpt lat="48.2549510" lon="7.6003820">
    <ele>167.7</ele>
    <time>2024-04-20T20:33:58Z</time>
   </trkpt>
   <trkpt lat="48.2548970" lon="7.6003450">
    <ele>167.8</ele>
    <time>2024-04-20T20:33:59Z</time>
   </trkpt>
   <trkpt lat="48.2548440" lon="7.6003060">
    <ele>167.8</ele>
    <time>2024-04-20T20:34:00Z</time>
   </trkpt>
   <trkpt lat="48.2547910" lon="7.6002630">
    <ele>167.8</ele>
    <time>2024-04-20T20:34:01Z</time>
   </trkpt>
   <trkpt lat="48.2547390" lon="7.6002200">
    <ele>167.8</ele>
    <time>2024-04-20T20:34:02Z</time>
   </trkpt>
   <trkpt lat="48.2546890" lon="7.6001770">
    <ele>167.9</ele>
    <time>2024-04-20T20:34:03Z</time>
   </trkpt>
   <trkpt lat="48.2546400" lon="7.6001330">
    <ele>167.9</ele>
    <time>2024-04-20T20:34:04Z</time>
   </trkpt>
   <trkpt lat="48.2545900" lon="7.6000920">
    <ele>167.9</ele>
    <time>2024-04-20T20:34:05Z</time>
   </trkpt>
   <trkpt lat="48.2545380" lon="7.6000520">
    <ele>167.9</ele>
    <time>2024-04-20T20:34:06Z</time>
   </trkpt>
   <trkpt lat="48.2544850" lon="7.6000140">
    <ele>167.9</ele>
    <time>2024-04-20T20:34:07Z</time>
   </trkpt>
   <trkpt lat="48.2544340" lon="7.5999740">
    <ele>167.9</ele>
    <time>2024-04-20T20:34:08Z</time>
   </trkpt>
   <trkpt lat="48.2543830" lon="7.5999370">
    <ele>167.9</ele>
    <time>2024-04-20T20:34:09Z</time>
   </trkpt>
   <trkpt lat="48.2543320" lon="7.5998990">
    <ele>167.9</ele>
    <time>2024-04-20T20:34:10Z</time>
   </trkpt>
   <trkpt lat="48.2542820" lon="7.5998570">
    <ele>167.9</ele>
    <time>2024-04-20T20:34:11Z</time>
   </trkpt>
   <trkpt lat="48.2542330" lon="7.5998150">
    <ele>168.0</ele>
    <time>2024-04-20T20:34:12Z</time>
   </trkpt>
   <trkpt lat="48.2541810" lon="7.5997760">
    <ele>168.0</ele>
    <time>2024-04-20T20:34:13Z</time>
   </trkpt>
   <trkpt lat="48.2541290" lon="7.5997400">
    <ele>168.0</ele>
    <time>2024-04-20T20:34:14Z</time>
   </trkpt>
   <trkpt lat="48.2540770" lon="7.5996980">
    <ele>167.9</ele>
    <time>2024-04-20T20:34:15Z</time>
   </trkpt>
   <trkpt lat="48.2540270" lon="7.5996530">
    <ele>167.9</ele>
    <time>2024-04-20T20:34:16Z</time>
   </trkpt>
   <trkpt lat="48.2539750" lon="7.5996110">
    <ele>167.9</ele>
    <time>2024-04-20T20:34:17Z</time>
   </trkpt>
   <trkpt lat="48.2539230" lon="7.5995710">
    <ele>167.8</ele>
    <time>2024-04-20T20:34:18Z</time>
   </trkpt>
   <trkpt lat="48.2538710" lon="7.5995330">
    <ele>167.8</ele>
    <time>2024-04-20T20:34:19Z</time>
   </trkpt>
   <trkpt lat="48.2538180" lon="7.5994940">
    <ele>167.8</ele>
    <time>2024-04-20T20:34:20Z</time>
   </trkpt>
   <trkpt lat="48.2537640" lon="7.5994590">
    <ele>167.8</ele>
    <time>2024-04-20T20:34:21Z</time>
   </trkpt>
   <trkpt lat="48.2537120" lon="7.5994210">
    <ele>167.8</ele>
    <time>2024-04-20T20:34:22Z</time>
   </trkpt>
   <trkpt lat="48.2536610" lon="7.5993830">
    <ele>167.8</ele>
    <time>2024-04-20T20:34:23Z</time>
   </trkpt>
   <trkpt lat="48.2536110" lon="7.5993440">
    <ele>167.8</ele>
    <time>2024-04-20T20:34:24Z</time>
   </trkpt>
   <trkpt lat="48.2535600" lon="7.5993040">
    <ele>167.8</ele>
    <time>2024-04-20T20:34:25Z</time>
   </trkpt>
   <trkpt lat="48.2535100" lon="7.5992580">
    <ele>167.8</ele>
    <time>2024-04-20T20:34:26Z</time>
   </trkpt>
   <trkpt lat="48.2534680" lon="7.5991940">
    <ele>167.7</ele>
    <time>2024-04-20T20:34:27Z</time>
   </trkpt>
   <trkpt lat="48.2534370" lon="7.5991170">
    <ele>167.7</ele>
    <time>2024-04-20T20:34:28Z</time>
   </trkpt>
   <trkpt lat="48.2534150" lon="7.5990330">
    <ele>167.7</ele>
    <time>2024-04-20T20:34:29Z</time>
   </trkpt>
   <trkpt lat="48.2533930" lon="7.5989480">
    <ele>167.7</ele>
    <time>2024-04-20T20:34:30Z</time>
   </trkpt>
   <trkpt lat="48.2533690" lon="7.5988650">
    <ele>167.7</ele>
    <time>2024-04-20T20:34:31Z</time>
   </trkpt>
   <trkpt lat="48.2533430" lon="7.5987830">
    <ele>167.7</ele>
    <time>2024-04-20T20:34:32Z</time>
   </trkpt>
   <trkpt lat="48.2533100" lon="7.5987130">
    <ele>167.7</ele>
    <time>2024-04-20T20:34:33Z</time>
   </trkpt>
   <trkpt lat="48.2532660" lon="7.5986560">
    <ele>167.8</ele>
    <time>2024-04-20T20:34:34Z</time>
   </trkpt>
   <trkpt lat="48.2532130" lon="7.5986120">
    <ele>167.8</ele>
    <time>2024-04-20T20:34:35Z</time>
   </trkpt>
   <trkpt lat="48.2531610" lon="7.5985750">
    <ele>167.8</ele>
    <time>2024-04-20T20:34:36Z</time>
   </trkpt>
   <trkpt lat="48.2531120" lon="7.5985420">
    <ele>167.8</ele>
    <time>2024-04-20T20:34:37Z</time>
   </trkpt>
   <trkpt lat="48.2530640" lon="7.5985110">
    <ele>167.8</ele>
    <time>2024-04-20T20:34:38Z</time>
   </trkpt>
   <trkpt lat="48.2530140" lon="7.5984800">
    <ele>167.8</ele>
    <time>2024-04-20T20:34:39Z</time>
   </trkpt>
   <trkpt lat="48.2529650" lon="7.5984540">
    <ele>167.7</ele>
    <time>2024-04-20T20:34:40Z</time>
   </trkpt>
   <trkpt lat="48.2529150" lon="7.5984240">
    <ele>167.7</ele>
    <time>2024-04-20T20:34:41Z</time>
   </trkpt>
   <trkpt lat="48.2528640" lon="7.5983960">
    <ele>167.7</ele>
    <time>2024-04-20T20:34:42Z</time>
   </trkpt>
   <trkpt lat="48.2528100" lon="7.5983720">
    <ele>167.7</ele>
    <time>2024-04-20T20:34:43Z</time>
   </trkpt>
   <trkpt lat="48.2527540" lon="7.5983510">
    <ele>167.7</ele>
    <time>2024-04-20T20:34:44Z</time>
   </trkpt>
   <trkpt lat="48.2526950" lon="7.5983370">
    <ele>167.6</ele>
    <time>2024-04-20T20:34:45Z</time>
   </trkpt>
   <trkpt lat="48.2526350" lon="7.5983300">
    <ele>167.6</ele>
    <time>2024-04-20T20:34:46Z</time>
   </trkpt>
   <trkpt lat="48.2525770" lon="7.5983300">
    <ele>167.6</ele>
    <time>2024-04-20T20:34:47Z</time>
   </trkpt>
   <trkpt lat="48.2524640" lon="7.5983590">
    <ele>167.6</ele>
    <time>2024-04-20T20:34:49Z</time>
   </trkpt>
   <trkpt lat="48.2524070" lon="7.5983630">
    <ele>167.6</ele>
    <time>2024-04-20T20:34:50Z</time>
   </trkpt>
   <trkpt lat="48.2523500" lon="7.5983470">
    <ele>167.6</ele>
    <time>2024-04-20T20:34:51Z</time>
   </trkpt>
   <trkpt lat="48.2522970" lon="7.5983180">
    <ele>167.6</ele>
    <time>2024-04-20T20:34:52Z</time>
   </trkpt>
   <trkpt lat="48.2522470" lon="7.5982830">
    <ele>167.6</ele>
    <time>2024-04-20T20:34:53Z</time>
   </trkpt>
   <trkpt lat="48.2521960" lon="7.5982480">
    <ele>167.7</ele>
    <time>2024-04-20T20:34:54Z</time>
   </trkpt>
   <trkpt lat="48.2521460" lon="7.5982110">
    <ele>167.7</ele>
    <time>2024-04-20T20:34:55Z</time>
   </trkpt>
   <trkpt lat="48.2520970" lon="7.5981780">
    <ele>167.8</ele>
    <time>2024-04-20T20:34:56Z</time>
   </trkpt>
   <trkpt lat="48.2520470" lon="7.5981420">
    <ele>167.9</ele>
    <time>2024-04-20T20:34:57Z</time>
   </trkpt>
   <trkpt lat="48.2519980" lon="7.5981060">
    <ele>167.9</ele>
    <time>2024-04-20T20:34:58Z</time>
   </trkpt>
   <trkpt lat="48.2519500" lon="7.5980700">
    <ele>168.0</ele>
    <time>2024-04-20T20:34:59Z</time>
   </trkpt>
   <trkpt lat="48.2519020" lon="7.5980330">
    <ele>168.1</ele>
    <time>2024-04-20T20:35:00Z</time>
   </trkpt>
   <trkpt lat="48.2518540" lon="7.5979960">
    <ele>168.3</ele>
    <time>2024-04-20T20:35:01Z</time>
   </trkpt>
   <trkpt lat="48.2518040" lon="7.5979660">
    <ele>168.4</ele>
    <time>2024-04-20T20:35:02Z</time>
   </trkpt>
   <trkpt lat="48.2517490" lon="7.5979460">
    <ele>168.5</ele>
    <time>2024-04-20T20:35:03Z</time>
   </trkpt>
   <trkpt lat="48.2516920" lon="7.5979400">
    <ele>168.6</ele>
    <time>2024-04-20T20:35:04Z</time>
   </trkpt>
   <trkpt lat="48.2516360" lon="7.5979280">
    <ele>168.7</ele>
    <time>2024-04-20T20:35:05Z</time>
   </trkpt>
   <trkpt lat="48.2515830" lon="7.5979020">
    <ele>168.7</ele>
    <time>2024-04-20T20:35:06Z</time>
   </trkpt>
   <trkpt lat="48.2515430" lon="7.5978430">
    <ele>168.8</ele>
    <time>2024-04-20T20:35:07Z</time>
   </trkpt>
   <trkpt lat="48.2514990" lon="7.5977990">
    <ele>168.9</ele>
    <time>2024-04-20T20:35:08Z</time>
   </trkpt>
   <trkpt lat="48.2514560" lon="7.5977590">
    <ele>168.9</ele>
    <time>2024-04-20T20:35:09Z</time>
   </trkpt>
   <trkpt lat="48.2514160" lon="7.5977250">
    <ele>169.0</ele>
    <time>2024-04-20T20:35:10Z</time>
   </trkpt>
   <trkpt lat="48.2513770" lon="7.5976960">
    <ele>169.0</ele>
    <time>2024-04-20T20:35:11Z</time>
   </trkpt>
   <trkpt lat="48.2513360" lon="7.5976670">
    <ele>169.1</ele>
    <time>2024-04-20T20:35:12Z</time>
   </trkpt>
   <trkpt lat="48.2512980" lon="7.5976370">
    <ele>169.1</ele>
    <time>2024-04-20T20:35:13Z</time>
   </trkpt>
   <trkpt lat="48.2512610" lon="7.5976010">
    <ele>169.2</ele>
    <time>2024-04-20T20:35:14Z</time>
   </trkpt>
   <trkpt lat="48.2512260" lon="7.5975600">
    <ele>169.2</ele>
    <time>2024-04-20T20:35:15Z</time>
   </trkpt>
   <trkpt lat="48.2511920" lon="7.5975160">
    <ele>169.3</ele>
    <time>2024-04-20T20:35:16Z</time>
   </trkpt>
   <trkpt lat="48.2511520" lon="7.5974780">
    <ele>169.3</ele>
    <time>2024-04-20T20:35:17Z</time>
   </trkpt>
   <trkpt lat="48.2511110" lon="7.5974430">
    <ele>169.4</ele>
    <time>2024-04-20T20:35:18Z</time>
   </trkpt>
   <trkpt lat="48.2510700" lon="7.5974110">
    <ele>169.4</ele>
    <time>2024-04-20T20:35:19Z</time>
   </trkpt>
   <trkpt lat="48.2510300" lon="7.5973780">
    <ele>169.4</ele>
    <time>2024-04-20T20:35:20Z</time>
   </trkpt>
   <trkpt lat="48.2509900" lon="7.5973450">
    <ele>169.5</ele>
    <time>2024-04-20T20:35:21Z</time>
   </trkpt>
   <trkpt lat="48.2509490" lon="7.5973120">
    <ele>169.5</ele>
    <time>2024-04-20T20:35:22Z</time>
   </trkpt>
   <trkpt lat="48.2509070" lon="7.5972770">
    <ele>169.5</ele>
    <time>2024-04-20T20:35:23Z</time>
   </trkpt>
   <trkpt lat="48.2508610" lon="7.5972450">
    <ele>169.5</ele>
    <time>2024-04-20T20:35:24Z</time>
   </trkpt>
   <trkpt lat="48.2508170" lon="7.5972010">
    <ele>169.5</ele>
    <time>2024-04-20T20:35:25Z</time>
   </trkpt>
   <trkpt lat="48.2507730" lon="7.5971600">
    <ele>169.5</ele>
    <time>2024-04-20T20:35:26Z</time>
   </trkpt>
   <trkpt lat="48.2507280" lon="7.5971220">
    <ele>169.5</ele>
    <time>2024-04-20T20:35:27Z</time>
   </trkpt>
   <trkpt lat="48.2506800" lon="7.5970880">
    <ele>169.5</ele>
    <time>2024-04-20T20:35:28Z</time>
   </trkpt>
   <trkpt lat="48.2506310" lon="7.5970500">
    <ele>169.5</ele>
    <time>2024-04-20T20:35:29Z</time>
   </trkpt>
   <trkpt lat="48.2505820" lon="7.5970130">
    <ele>169.5</ele>
    <time>2024-04-20T20:35:30Z</time>
   </trkpt>
   <trkpt lat="48.2505310" lon="7.5969750">
    <ele>169.5</ele>
    <time>2024-04-20T20:35:31Z</time>
   </trkpt>
   <trkpt lat="48.2504820" lon="7.5969370">
    <ele>169.5</ele>
    <time>2024-04-20T20:35:32Z</time>
   </trkpt>
   <trkpt lat="48.2504310" lon="7.5969020">
    <ele>169.5</ele>
    <time>2024-04-20T20:35:33Z</time>
   </trkpt>
   <trkpt lat="48.2503810" lon="7.5968640">
    <ele>169.5</ele>
    <time>2024-04-20T20:35:34Z</time>
   </trkpt>
   <trkpt lat="48.2503300" lon="7.5968270">
    <ele>169.5</ele>
    <time>2024-04-20T20:35:35Z</time>
   </trkpt>
   <trkpt lat="48.2502800" lon="7.5967900">
    <ele>169.5</ele>
    <time>2024-04-20T20:35:36Z</time>
   </trkpt>
   <trkpt lat="48.2502330" lon="7.5967480">
    <ele>169.5</ele>
    <time>2024-04-20T20:35:37Z</time>
   </trkpt>
   <trkpt lat="48.2501840" lon="7.5967080">
    <ele>169.5</ele>
    <time>2024-04-20T20:35:38Z</time>
   </trkpt>
   <trkpt lat="48.2501320" lon="7.5966750">
    <ele>169.5</ele>
    <time>2024-04-20T20:35:39Z</time>
   </trkpt>
   <trkpt lat="48.2500800" lon="7.5966380">
    <ele>169.5</ele>
    <time>2024-04-20T20:35:40Z</time>
   </trkpt>
   <trkpt lat="48.2500280" lon="7.5965980">
    <ele>169.5</ele>
    <time>2024-04-20T20:35:41Z</time>
   </trkpt>
   <trkpt lat="48.2499770" lon="7.5965580">
    <ele>169.5</ele>
    <time>2024-04-20T20:35:42Z</time>
   </trkpt>
   <trkpt lat="48.2499270" lon="7.5965180">
    <ele>169.5</ele>
    <time>2024-04-20T20:35:43Z</time>
   </trkpt>
   <trkpt lat="48.2498300" lon="7.5964340">
    <ele>169.5</ele>
    <time>2024-04-20T20:35:45Z</time>
   </trkpt>
   <trkpt lat="48.2497810" lon="7.5963950">
    <ele>169.5</ele>
    <time>2024-04-20T20:35:46Z</time>
   </trkpt>
   <trkpt lat="48.2497290" lon="7.5963590">
    <ele>169.5</ele>
    <time>2024-04-20T20:35:47Z</time>
   </trkpt>
   <trkpt lat="48.2496770" lon="7.5963190">
    <ele>169.5</ele>
    <time>2024-04-20T20:35:48Z</time>
   </trkpt>
   <trkpt lat="48.2496240" lon="7.5962780">
    <ele>169.5</ele>
    <time>2024-04-20T20:35:49Z</time>
   </trkpt>
   <trkpt lat="48.2495740" lon="7.5962350">
    <ele>169.5</ele>
    <time>2024-04-20T20:35:50Z</time>
   </trkpt>
   <trkpt lat="48.2495230" lon="7.5961950">
    <ele>169.5</ele>
    <time>2024-04-20T20:35:51Z</time>
   </trkpt>
   <trkpt lat="48.2494710" lon="7.5961530">
    <ele>169.4</ele>
    <time>2024-04-20T20:35:52Z</time>
   </trkpt>
   <trkpt lat="48.2494200" lon="7.5961110">
    <ele>169.4</ele>
    <time>2024-04-20T20:35:53Z</time>
   </trkpt>
   <trkpt lat="48.2493680" lon="7.5960730">
    <ele>169.4</ele>
    <time>2024-04-20T20:35:54Z</time>
   </trkpt>
   <trkpt lat="48.2493160" lon="7.5960330">
    <ele>169.4</ele>
    <time>2024-04-20T20:35:55Z</time>
   </trkpt>
   <trkpt lat="48.2492640" lon="7.5959940">
    <ele>169.4</ele>
    <time>2024-04-20T20:35:56Z</time>
   </trkpt>
   <trkpt lat="48.2492110" lon="7.5959550">
    <ele>169.4</ele>
    <time>2024-04-20T20:35:57Z</time>
   </trkpt>
   <trkpt lat="48.2491590" lon="7.5959190">
    <ele>169.4</ele>
    <time>2024-04-20T20:35:58Z</time>
   </trkpt>
   <trkpt lat="48.2491060" lon="7.5958790">
    <ele>169.5</ele>
    <time>2024-04-20T20:35:59Z</time>
   </trkpt>
   <trkpt lat="48.2490540" lon="7.5958370">
    <ele>169.5</ele>
    <time>2024-04-20T20:36:00Z</time>
   </trkpt>
   <trkpt lat="48.2490010" lon="7.5957940">
    <ele>169.5</ele>
    <time>2024-04-20T20:36:01Z</time>
   </trkpt>
   <trkpt lat="48.2489460" lon="7.5957550">
    <ele>169.5</ele>
    <time>2024-04-20T20:36:02Z</time>
   </trkpt>
   <trkpt lat="48.2488940" lon="7.5957150">
    <ele>169.5</ele>
    <time>2024-04-20T20:36:03Z</time>
   </trkpt>
   <trkpt lat="48.2488430" lon="7.5956740">
    <ele>169.4</ele>
    <time>2024-04-20T20:36:04Z</time>
   </trkpt>
   <trkpt lat="48.2487890" lon="7.5956340">
    <ele>169.4</ele>
    <time>2024-04-20T20:36:05Z</time>
   </trkpt>
   <trkpt lat="48.2487380" lon="7.5955940">
    <ele>169.4</ele>
    <time>2024-04-20T20:36:06Z</time>
   </trkpt>
   <trkpt lat="48.2486850" lon="7.5955550">
    <ele>169.4</ele>
    <time>2024-04-20T20:36:07Z</time>
   </trkpt>
   <trkpt lat="48.2486320" lon="7.5955150">
    <ele>169.4</ele>
    <time>2024-04-20T20:36:08Z</time>
   </trkpt>
   <trkpt lat="48.2485800" lon="7.5954740">
    <ele>169.4</ele>
    <time>2024-04-20T20:36:09Z</time>
   </trkpt>
   <trkpt lat="48.2485280" lon="7.5954300">
    <ele>169.4</ele>
    <time>2024-04-20T20:36:10Z</time>
   </trkpt>
   <trkpt lat="48.2484760" lon="7.5953860">
    <ele>169.3</ele>
    <time>2024-04-20T20:36:11Z</time>
   </trkpt>
   <trkpt lat="48.2484220" lon="7.5953430">
    <ele>169.3</ele>
    <time>2024-04-20T20:36:12Z</time>
   </trkpt>
   <trkpt lat="48.2483690" lon="7.5953050">
    <ele>169.3</ele>
    <time>2024-04-20T20:36:13Z</time>
   </trkpt>
   <trkpt lat="48.2483180" lon="7.5952670">
    <ele>169.3</ele>
    <time>2024-04-20T20:36:14Z</time>
   </trkpt>
   <trkpt lat="48.2482650" lon="7.5952230">
    <ele>169.3</ele>
    <time>2024-04-20T20:36:15Z</time>
   </trkpt>
   <trkpt lat="48.2482140" lon="7.5951830">
    <ele>169.3</ele>
    <time>2024-04-20T20:36:16Z</time>
   </trkpt>
   <trkpt lat="48.2481620" lon="7.5951450">
    <ele>169.3</ele>
    <time>2024-04-20T20:36:17Z</time>
   </trkpt>
   <trkpt lat="48.2481110" lon="7.5951060">
    <ele>169.3</ele>
    <time>2024-04-20T20:36:18Z</time>
   </trkpt>
   <trkpt lat="48.2480590" lon="7.5950680">
    <ele>169.3</ele>
    <time>2024-04-20T20:36:19Z</time>
   </trkpt>
   <trkpt lat="48.2480030" lon="7.5950280">
    <ele>169.3</ele>
    <time>2024-04-20T20:36:20Z</time>
   </trkpt>
   <trkpt lat="48.2479500" lon="7.5949870">
    <ele>169.3</ele>
    <time>2024-04-20T20:36:21Z</time>
   </trkpt>
   <trkpt lat="48.2478980" lon="7.5949470">
    <ele>169.4</ele>
    <time>2024-04-20T20:36:22Z</time>
   </trkpt>
   <trkpt lat="48.2478470" lon="7.5949080">
    <ele>169.4</ele>
    <time>2024-04-20T20:36:23Z</time>
   </trkpt>
   <trkpt lat="48.2477950" lon="7.5948690">
    <ele>169.4</ele>
    <time>2024-04-20T20:36:24Z</time>
   </trkpt>
   <trkpt lat="48.2477430" lon="7.5948310">
    <ele>169.4</ele>
    <time>2024-04-20T20:36:25Z</time>
   </trkpt>
   <trkpt lat="48.2476900" lon="7.5947970">
    <ele>169.4</ele>
    <time>2024-04-20T20:36:26Z</time>
   </trkpt>
   <trkpt lat="48.2476390" lon="7.5947570">
    <ele>169.4</ele>
    <time>2024-04-20T20:36:27Z</time>
   </trkpt>
   <trkpt lat="48.2475860" lon="7.5947190">
    <ele>169.4</ele>
    <time>2024-04-20T20:36:28Z</time>
   </trkpt>
   <trkpt lat="48.2475330" lon="7.5946790">
    <ele>169.4</ele>
    <time>2024-04-20T20:36:29Z</time>
   </trkpt>
   <trkpt lat="48.2474840" lon="7.5946380">
    <ele>169.4</ele>
    <time>2024-04-20T20:36:30Z</time>
   </trkpt>
   <trkpt lat="48.2474330" lon="7.5945980">
    <ele>169.5</ele>
    <time>2024-04-20T20:36:31Z</time>
   </trkpt>
   <trkpt lat="48.2473820" lon="7.5945580">
    <ele>169.5</ele>
    <time>2024-04-20T20:36:32Z</time>
   </trkpt>
   <trkpt lat="48.2473310" lon="7.5945210">
    <ele>169.5</ele>
    <time>2024-04-20T20:36:33Z</time>
   </trkpt>
   <trkpt lat="48.2472800" lon="7.5944880">
    <ele>169.5</ele>
    <time>2024-04-20T20:36:34Z</time>
   </trkpt>
   <trkpt lat="48.2472300" lon="7.5944490">
    <ele>169.5</ele>
    <time>2024-04-20T20:36:35Z</time>
   </trkpt>
   <trkpt lat="48.2471800" lon="7.5944120">
    <ele>169.5</ele>
    <time>2024-04-20T20:36:36Z</time>
   </trkpt>
   <trkpt lat="48.2471300" lon="7.5943700">
    <ele>169.6</ele>
    <time>2024-04-20T20:36:37Z</time>
   </trkpt>
   <trkpt lat="48.2470800" lon="7.5943270">
    <ele>169.6</ele>
    <time>2024-04-20T20:36:38Z</time>
   </trkpt>
   <trkpt lat="48.2470300" lon="7.5942890">
    <ele>169.6</ele>
    <time>2024-04-20T20:36:39Z</time>
   </trkpt>
   <trkpt lat="48.2469780" lon="7.5942520">
    <ele>169.6</ele>
    <time>2024-04-20T20:36:40Z</time>
   </trkpt>
   <trkpt lat="48.2469290" lon="7.5942110">
    <ele>169.6</ele>
    <time>2024-04-20T20:36:41Z</time>
   </trkpt>
   <trkpt lat="48.2468800" lon="7.5941720">
    <ele>169.7</ele>
    <time>2024-04-20T20:36:42Z</time>
   </trkpt>
   <trkpt lat="48.2468320" lon="7.5941340">
    <ele>169.7</ele>
    <time>2024-04-20T20:36:43Z</time>
   </trkpt>
   <trkpt lat="48.2467840" lon="7.5940950">
    <ele>169.7</ele>
    <time>2024-04-20T20:36:44Z</time>
   </trkpt>
   <trkpt lat="48.2467340" lon="7.5940570">
    <ele>169.7</ele>
    <time>2024-04-20T20:36:45Z</time>
   </trkpt>
   <trkpt lat="48.2466840" lon="7.5940210">
    <ele>169.7</ele>
    <time>2024-04-20T20:36:46Z</time>
   </trkpt>
   <trkpt lat="48.2466350" lon="7.5939850">
    <ele>169.7</ele>
    <time>2024-04-20T20:36:47Z</time>
   </trkpt>
   <trkpt lat="48.2465850" lon="7.5939460">
    <ele>169.7</ele>
    <time>2024-04-20T20:36:48Z</time>
   </trkpt>
   <trkpt lat="48.2465340" lon="7.5939060">
    <ele>169.7</ele>
    <time>2024-04-20T20:36:49Z</time>
   </trkpt>
   <trkpt lat="48.2464830" lon="7.5938680">
    <ele>169.7</ele>
    <time>2024-04-20T20:36:50Z</time>
   </trkpt>
   <trkpt lat="48.2464310" lon="7.5938310">
    <ele>169.7</ele>
    <time>2024-04-20T20:36:51Z</time>
   </trkpt>
   <trkpt lat="48.2463810" lon="7.5937910">
    <ele>169.7</ele>
    <time>2024-04-20T20:36:52Z</time>
   </trkpt>
   <trkpt lat="48.2463310" lon="7.5937540">
    <ele>169.7</ele>
    <time>2024-04-20T20:36:53Z</time>
   </trkpt>
   <trkpt lat="48.2462810" lon="7.5937170">
    <ele>169.7</ele>
    <time>2024-04-20T20:36:54Z</time>
   </trkpt>
   <trkpt lat="48.2462320" lon="7.5936770">
    <ele>169.7</ele>
    <time>2024-04-20T20:36:55Z</time>
   </trkpt>
   <trkpt lat="48.2461820" lon="7.5936350">
    <ele>169.7</ele>
    <time>2024-04-20T20:36:56Z</time>
   </trkpt>
   <trkpt lat="48.2461300" lon="7.5935970">
    <ele>169.7</ele>
    <time>2024-04-20T20:36:57Z</time>
   </trkpt>
   <trkpt lat="48.2460800" lon="7.5935580">
    <ele>169.7</ele>
    <time>2024-04-20T20:36:58Z</time>
   </trkpt>
   <trkpt lat="48.2460320" lon="7.5935160">
    <ele>169.6</ele>
    <time>2024-04-20T20:36:59Z</time>
   </trkpt>
   <trkpt lat="48.2459830" lon="7.5934730">
    <ele>169.6</ele>
    <time>2024-04-20T20:37:00Z</time>
   </trkpt>
   <trkpt lat="48.2459290" lon="7.5934290">
    <ele>169.7</ele>
    <time>2024-04-20T20:37:01Z</time>
   </trkpt>
   <trkpt lat="48.2458780" lon="7.5933900">
    <ele>169.7</ele>
    <time>2024-04-20T20:37:02Z</time>
   </trkpt>
   <trkpt lat="48.2458270" lon="7.5933530">
    <ele>169.7</ele>
    <time>2024-04-20T20:37:03Z</time>
   </trkpt>
   <trkpt lat="48.2457760" lon="7.5933170">
    <ele>169.7</ele>
    <time>2024-04-20T20:37:04Z</time>
   </trkpt>
   <trkpt lat="48.2457260" lon="7.5932800">
    <ele>169.7</ele>
    <time>2024-04-20T20:37:05Z</time>
   </trkpt>
   <trkpt lat="48.2456760" lon="7.5932410">
    <ele>169.7</ele>
    <time>2024-04-20T20:37:06Z</time>
   </trkpt>
   <trkpt lat="48.2456260" lon="7.5932050">
    <ele>169.7</ele>
    <time>2024-04-20T20:37:07Z</time>
   </trkpt>
   <trkpt lat="48.2455780" lon="7.5931670">
    <ele>169.7</ele>
    <time>2024-04-20T20:37:08Z</time>
   </trkpt>
   <trkpt lat="48.2455310" lon="7.5931330">
    <ele>169.7</ele>
    <time>2024-04-20T20:37:09Z</time>
   </trkpt>
   <trkpt lat="48.2454800" lon="7.5930990">
    <ele>169.7</ele>
    <time>2024-04-20T20:37:10Z</time>
   </trkpt>
   <trkpt lat="48.2454310" lon="7.5930680">
    <ele>169.7</ele>
    <time>2024-04-20T20:37:11Z</time>
   </trkpt>
   <trkpt lat="48.2453810" lon="7.5930310">
    <ele>169.7</ele>
    <time>2024-04-20T20:37:12Z</time>
   </trkpt>
   <trkpt lat="48.2453320" lon="7.5929960">
    <ele>169.7</ele>
    <time>2024-04-20T20:37:13Z</time>
   </trkpt>
   <trkpt lat="48.2452840" lon="7.5929590">
    <ele>169.7</ele>
    <time>2024-04-20T20:37:14Z</time>
   </trkpt>
   <trkpt lat="48.2452390" lon="7.5929220">
    <ele>169.7</ele>
    <time>2024-04-20T20:37:15Z</time>
   </trkpt>
   <trkpt lat="48.2451930" lon="7.5928860">
    <ele>169.7</ele>
    <time>2024-04-20T20:37:16Z</time>
   </trkpt>
   <trkpt lat="48.2451490" lon="7.5928490">
    <ele>169.7</ele>
    <time>2024-04-20T20:37:17Z</time>
   </trkpt>
   <trkpt lat="48.2451040" lon="7.5928120">
    <ele>169.7</ele>
    <time>2024-04-20T20:37:18Z</time>
   </trkpt>
   <trkpt lat="48.2450550" lon="7.5927730">
    <ele>169.7</ele>
    <time>2024-04-20T20:37:19Z</time>
   </trkpt>
   <trkpt lat="48.2450090" lon="7.5927360">
    <ele>169.7</ele>
    <time>2024-04-20T20:37:20Z</time>
   </trkpt>
   <trkpt lat="48.2449610" lon="7.5926990">
    <ele>169.7</ele>
    <time>2024-04-20T20:37:21Z</time>
   </trkpt>
   <trkpt lat="48.2449110" lon="7.5926680">
    <ele>169.6</ele>
    <time>2024-04-20T20:37:22Z</time>
   </trkpt>
   <trkpt lat="48.2448660" lon="7.5926390">
    <ele>169.6</ele>
    <time>2024-04-20T20:37:23Z</time>
   </trkpt>
   <trkpt lat="48.2448200" lon="7.5926020">
    <ele>169.6</ele>
    <time>2024-04-20T20:37:24Z</time>
   </trkpt>
   <trkpt lat="48.2447730" lon="7.5925630">
    <ele>169.6</ele>
    <time>2024-04-20T20:37:25Z</time>
   </trkpt>
   <trkpt lat="48.2447240" lon="7.5925270">
    <ele>169.6</ele>
    <time>2024-04-20T20:37:26Z</time>
   </trkpt>
   <trkpt lat="48.2446770" lon="7.5924880">
    <ele>169.6</ele>
    <time>2024-04-20T20:37:27Z</time>
   </trkpt>
   <trkpt lat="48.2446280" lon="7.5924510">
    <ele>169.6</ele>
    <time>2024-04-20T20:37:28Z</time>
   </trkpt>
   <trkpt lat="48.2445800" lon="7.5924120">
    <ele>169.6</ele>
    <time>2024-04-20T20:37:29Z</time>
   </trkpt>
   <trkpt lat="48.2445330" lon="7.5923710">
    <ele>169.6</ele>
    <time>2024-04-20T20:37:30Z</time>
   </trkpt>
   <trkpt lat="48.2444850" lon="7.5923310">
    <ele>169.6</ele>
    <time>2024-04-20T20:37:31Z</time>
   </trkpt>
   <trkpt lat="48.2444350" lon="7.5922960">
    <ele>169.6</ele>
    <time>2024-04-20T20:37:32Z</time>
   </trkpt>
   <trkpt lat="48.2443880" lon="7.5922590">
    <ele>169.6</ele>
    <time>2024-04-20T20:37:33Z</time>
   </trkpt>
   <trkpt lat="48.2443400" lon="7.5922190">
    <ele>169.6</ele>
    <time>2024-04-20T20:37:34Z</time>
   </trkpt>
   <trkpt lat="48.2442920" lon="7.5921770">
    <ele>169.6</ele>
    <time>2024-04-20T20:37:35Z</time>
   </trkpt>
   <trkpt lat="48.2442420" lon="7.5921360">
    <ele>169.6</ele>
    <time>2024-04-20T20:37:36Z</time>
   </trkpt>
   <trkpt lat="48.2441930" lon="7.5920990">
    <ele>169.7</ele>
    <time>2024-04-20T20:37:37Z</time>
   </trkpt>
   <trkpt lat="48.2441420" lon="7.5920620">
    <ele>169.7</ele>
    <time>2024-04-20T20:37:38Z</time>
   </trkpt>
   <trkpt lat="48.2440930" lon="7.5920240">
    <ele>169.7</ele>
    <time>2024-04-20T20:37:39Z</time>
   </trkpt>
   <trkpt lat="48.2440440" lon="7.5919820">
    <ele>169.7</ele>
    <time>2024-04-20T20:37:40Z</time>
   </trkpt>
   <trkpt lat="48.2439950" lon="7.5919430">
    <ele>169.7</ele>
    <time>2024-04-20T20:37:41Z</time>
   </trkpt>
   <trkpt lat="48.2439450" lon="7.5919050">
    <ele>169.7</ele>
    <time>2024-04-20T20:37:42Z</time>
   </trkpt>
   <trkpt lat="48.2438910" lon="7.5918720">
    <ele>169.6</ele>
    <time>2024-04-20T20:37:43Z</time>
   </trkpt>
   <trkpt lat="48.2438390" lon="7.5918370">
    <ele>169.6</ele>
    <time>2024-04-20T20:37:44Z</time>
   </trkpt>
   <trkpt lat="48.2437910" lon="7.5917990">
    <ele>169.6</ele>
    <time>2024-04-20T20:37:45Z</time>
   </trkpt>
   <trkpt lat="48.2437440" lon="7.5917600">
    <ele>169.5</ele>
    <time>2024-04-20T20:37:46Z</time>
   </trkpt>
   <trkpt lat="48.2436930" lon="7.5917200">
    <ele>169.5</ele>
    <time>2024-04-20T20:37:47Z</time>
   </trkpt>
   <trkpt lat="48.2436400" lon="7.5916790">
    <ele>169.5</ele>
    <time>2024-04-20T20:37:48Z</time>
   </trkpt>
   <trkpt lat="48.2435880" lon="7.5916420">
    <ele>169.5</ele>
    <time>2024-04-20T20:37:49Z</time>
   </trkpt>
   <trkpt lat="48.2435350" lon="7.5916010">
    <ele>169.5</ele>
    <time>2024-04-20T20:37:50Z</time>
   </trkpt>
   <trkpt lat="48.2434820" lon="7.5915640">
    <ele>169.6</ele>
    <time>2024-04-20T20:37:51Z</time>
   </trkpt>
   <trkpt lat="48.2434280" lon="7.5915240">
    <ele>169.6</ele>
    <time>2024-04-20T20:37:52Z</time>
   </trkpt>
   <trkpt lat="48.2433750" lon="7.5914860">
    <ele>169.6</ele>
    <time>2024-04-20T20:37:53Z</time>
   </trkpt>
   <trkpt lat="48.2433240" lon="7.5914460">
    <ele>169.7</ele>
    <time>2024-04-20T20:37:54Z</time>
   </trkpt>
   <trkpt lat="48.2432730" lon="7.5914040">
    <ele>169.7</ele>
    <time>2024-04-20T20:37:55Z</time>
   </trkpt>
   <trkpt lat="48.2432190" lon="7.5913620">
    <ele>169.7</ele>
    <time>2024-04-20T20:37:56Z</time>
   </trkpt>
   <trkpt lat="48.2431660" lon="7.5913250">
    <ele>169.8</ele>
    <time>2024-04-20T20:37:57Z</time>
   </trkpt>
   <trkpt lat="48.2431140" lon="7.5912860">
    <ele>169.8</ele>
    <time>2024-04-20T20:37:58Z</time>
   </trkpt>
   <trkpt lat="48.2430600" lon="7.5912470">
    <ele>169.8</ele>
    <time>2024-04-20T20:37:59Z</time>
   </trkpt>
   <trkpt lat="48.2430070" lon="7.5912050">
    <ele>169.8</ele>
    <time>2024-04-20T20:38:00Z</time>
   </trkpt>
   <trkpt lat="48.2429570" lon="7.5911620">
    <ele>169.9</ele>
    <time>2024-04-20T20:38:01Z</time>
   </trkpt>
   <trkpt lat="48.2429060" lon="7.5911170">
    <ele>169.9</ele>
    <time>2024-04-20T20:38:02Z</time>
   </trkpt>
   <trkpt lat="48.2428550" lon="7.5910790">
    <ele>169.9</ele>
    <time>2024-04-20T20:38:03Z</time>
   </trkpt>
   <trkpt lat="48.2428040" lon="7.5910430">
    <ele>169.9</ele>
    <time>2024-04-20T20:38:04Z</time>
   </trkpt>
   <trkpt lat="48.2427540" lon="7.5910010">
    <ele>169.9</ele>
    <time>2024-04-20T20:38:05Z</time>
   </trkpt>
   <trkpt lat="48.2427030" lon="7.5909590">
    <ele>169.9</ele>
    <time>2024-04-20T20:38:06Z</time>
   </trkpt>
   <trkpt lat="48.2426500" lon="7.5909220">
    <ele>170.0</ele>
    <time>2024-04-20T20:38:07Z</time>
   </trkpt>
   <trkpt lat="48.2425970" lon="7.5908870">
    <ele>170.0</ele>
    <time>2024-04-20T20:38:08Z</time>
   </trkpt>
   <trkpt lat="48.2425460" lon="7.5908470">
    <ele>170.0</ele>
    <time>2024-04-20T20:38:09Z</time>
   </trkpt>
   <trkpt lat="48.2424960" lon="7.5908020">
    <ele>170.0</ele>
    <time>2024-04-20T20:38:10Z</time>
   </trkpt>
   <trkpt lat="48.2424470" lon="7.5907600">
    <ele>170.0</ele>
    <time>2024-04-20T20:38:11Z</time>
   </trkpt>
   <trkpt lat="48.2423960" lon="7.5907180">
    <ele>170.0</ele>
    <time>2024-04-20T20:38:12Z</time>
   </trkpt>
   <trkpt lat="48.2423440" lon="7.5906790">
    <ele>169.9</ele>
    <time>2024-04-20T20:38:13Z</time>
   </trkpt>
   <trkpt lat="48.2422920" lon="7.5906370">
    <ele>169.9</ele>
    <time>2024-04-20T20:38:14Z</time>
   </trkpt>
   <trkpt lat="48.2422400" lon="7.5906030">
    <ele>169.9</ele>
    <time>2024-04-20T20:38:15Z</time>
   </trkpt>
   <trkpt lat="48.2421890" lon="7.5905660">
    <ele>169.9</ele>
    <time>2024-04-20T20:38:16Z</time>
   </trkpt>
   <trkpt lat="48.2421370" lon="7.5905290">
    <ele>169.9</ele>
    <time>2024-04-20T20:38:17Z</time>
   </trkpt>
   <trkpt lat="48.2420870" lon="7.5904860">
    <ele>169.9</ele>
    <time>2024-04-20T20:38:18Z</time>
   </trkpt>
   <trkpt lat="48.2420380" lon="7.5904450">
    <ele>169.9</ele>
    <time>2024-04-20T20:38:19Z</time>
   </trkpt>
   <trkpt lat="48.2419880" lon="7.5904050">
    <ele>169.9</ele>
    <time>2024-04-20T20:38:20Z</time>
   </trkpt>
   <trkpt lat="48.2419370" lon="7.5903700">
    <ele>169.9</ele>
    <time>2024-04-20T20:38:21Z</time>
   </trkpt>
   <trkpt lat="48.2418870" lon="7.5903320">
    <ele>169.9</ele>
    <time>2024-04-20T20:38:22Z</time>
   </trkpt>
   <trkpt lat="48.2418340" lon="7.5902950">
    <ele>169.9</ele>
    <time>2024-04-20T20:38:23Z</time>
   </trkpt>
   <trkpt lat="48.2417810" lon="7.5902620">
    <ele>169.9</ele>
    <time>2024-04-20T20:38:24Z</time>
   </trkpt>
   <trkpt lat="48.2417300" lon="7.5902260">
    <ele>170.0</ele>
    <time>2024-04-20T20:38:25Z</time>
   </trkpt>
   <trkpt lat="48.2416790" lon="7.5901850">
    <ele>170.0</ele>
    <time>2024-04-20T20:38:26Z</time>
   </trkpt>
   <trkpt lat="48.2416290" lon="7.5901430">
    <ele>170.0</ele>
    <time>2024-04-20T20:38:27Z</time>
   </trkpt>
   <trkpt lat="48.2415790" lon="7.5901010">
    <ele>170.0</ele>
    <time>2024-04-20T20:38:28Z</time>
   </trkpt>
   <trkpt lat="48.2415290" lon="7.5900590">
    <ele>170.0</ele>
    <time>2024-04-20T20:38:29Z</time>
   </trkpt>
   <trkpt lat="48.2414810" lon="7.5900300">
    <ele>170.0</ele>
    <time>2024-04-20T20:38:30Z</time>
   </trkpt>
   <trkpt lat="48.2414280" lon="7.5899910">
    <ele>170.0</ele>
    <time>2024-04-20T20:38:31Z</time>
   </trkpt>
   <trkpt lat="48.2413750" lon="7.5899500">
    <ele>170.0</ele>
    <time>2024-04-20T20:38:32Z</time>
   </trkpt>
   <trkpt lat="48.2413240" lon="7.5899110">
    <ele>170.0</ele>
    <time>2024-04-20T20:38:33Z</time>
   </trkpt>
   <trkpt lat="48.2412730" lon="7.5898700">
    <ele>170.0</ele>
    <time>2024-04-20T20:38:34Z</time>
   </trkpt>
   <trkpt lat="48.2412210" lon="7.5898300">
    <ele>170.0</ele>
    <time>2024-04-20T20:38:35Z</time>
   </trkpt>
   <trkpt lat="48.2411700" lon="7.5897880">
    <ele>170.0</ele>
    <time>2024-04-20T20:38:36Z</time>
   </trkpt>
   <trkpt lat="48.2411190" lon="7.5897470">
    <ele>169.9</ele>
    <time>2024-04-20T20:38:37Z</time>
   </trkpt>
   <trkpt lat="48.2410690" lon="7.5897090">
    <ele>169.9</ele>
    <time>2024-04-20T20:38:38Z</time>
   </trkpt>
   <trkpt lat="48.2410190" lon="7.5896710">
    <ele>169.9</ele>
    <time>2024-04-20T20:38:39Z</time>
   </trkpt>
   <trkpt lat="48.2409680" lon="7.5896310">
    <ele>169.9</ele>
    <time>2024-04-20T20:38:40Z</time>
   </trkpt>
   <trkpt lat="48.2409190" lon="7.5895930">
    <ele>169.9</ele>
    <time>2024-04-20T20:38:41Z</time>
   </trkpt>
   <trkpt lat="48.2408680" lon="7.5895530">
    <ele>169.9</ele>
    <time>2024-04-20T20:38:42Z</time>
   </trkpt>
   <trkpt lat="48.2408170" lon="7.5895130">
    <ele>169.9</ele>
    <time>2024-04-20T20:38:43Z</time>
   </trkpt>
   <trkpt lat="48.2407660" lon="7.5894750">
    <ele>169.9</ele>
    <time>2024-04-20T20:38:44Z</time>
   </trkpt>
   <trkpt lat="48.2407130" lon="7.5894340">
    <ele>169.9</ele>
    <time>2024-04-20T20:38:45Z</time>
   </trkpt>
   <trkpt lat="48.2406630" lon="7.5893970">
    <ele>169.9</ele>
    <time>2024-04-20T20:38:46Z</time>
   </trkpt>
   <trkpt lat="48.2406120" lon="7.5893560">
    <ele>169.9</ele>
    <time>2024-04-20T20:38:47Z</time>
   </trkpt>
   <trkpt lat="48.2405610" lon="7.5893130">
    <ele>169.9</ele>
    <time>2024-04-20T20:38:48Z</time>
   </trkpt>
   <trkpt lat="48.2405090" lon="7.5892720">
    <ele>169.9</ele>
    <time>2024-04-20T20:38:49Z</time>
   </trkpt>
   <trkpt lat="48.2404590" lon="7.5892340">
    <ele>169.9</ele>
    <time>2024-04-20T20:38:50Z</time>
   </trkpt>
   <trkpt lat="48.2404070" lon="7.5891960">
    <ele>169.9</ele>
    <time>2024-04-20T20:38:51Z</time>
   </trkpt>
   <trkpt lat="48.2403570" lon="7.5891570">
    <ele>169.9</ele>
    <time>2024-04-20T20:38:52Z</time>
   </trkpt>
   <trkpt lat="48.2403040" lon="7.5891220">
    <ele>169.9</ele>
    <time>2024-04-20T20:38:53Z</time>
   </trkpt>
   <trkpt lat="48.2402510" lon="7.5890800">
    <ele>169.9</ele>
    <time>2024-04-20T20:38:54Z</time>
   </trkpt>
   <trkpt lat="48.2402010" lon="7.5890360">
    <ele>169.9</ele>
    <time>2024-04-20T20:38:55Z</time>
   </trkpt>
   <trkpt lat="48.2401520" lon="7.5889960">
    <ele>169.9</ele>
    <time>2024-04-20T20:38:56Z</time>
   </trkpt>
   <trkpt lat="48.2401020" lon="7.5889520">
    <ele>169.9</ele>
    <time>2024-04-20T20:38:57Z</time>
   </trkpt>
   <trkpt lat="48.2400510" lon="7.5889130">
    <ele>169.9</ele>
    <time>2024-04-20T20:38:58Z</time>
   </trkpt>
   <trkpt lat="48.2400000" lon="7.5888730">
    <ele>169.9</ele>
    <time>2024-04-20T20:38:59Z</time>
   </trkpt>
   <trkpt lat="48.2399480" lon="7.5888360">
    <ele>169.9</ele>
    <time>2024-04-20T20:39:00Z</time>
   </trkpt>
   <trkpt lat="48.2398980" lon="7.5887930">
    <ele>169.9</ele>
    <time>2024-04-20T20:39:01Z</time>
   </trkpt>
   <trkpt lat="48.2398480" lon="7.5887490">
    <ele>169.9</ele>
    <time>2024-04-20T20:39:02Z</time>
   </trkpt>
   <trkpt lat="48.2397980" lon="7.5887080">
    <ele>169.9</ele>
    <time>2024-04-20T20:39:03Z</time>
   </trkpt>
   <trkpt lat="48.2397470" lon="7.5886680">
    <ele>169.9</ele>
    <time>2024-04-20T20:39:04Z</time>
   </trkpt>
   <trkpt lat="48.2396960" lon="7.5886280">
    <ele>169.9</ele>
    <time>2024-04-20T20:39:05Z</time>
   </trkpt>
   <trkpt lat="48.2396460" lon="7.5885870">
    <ele>169.9</ele>
    <time>2024-04-20T20:39:06Z</time>
   </trkpt>
   <trkpt lat="48.2395950" lon="7.5885500">
    <ele>169.9</ele>
    <time>2024-04-20T20:39:07Z</time>
   </trkpt>
   <trkpt lat="48.2395440" lon="7.5885160">
    <ele>169.9</ele>
    <time>2024-04-20T20:39:08Z</time>
   </trkpt>
   <trkpt lat="48.2394920" lon="7.5884780">
    <ele>169.9</ele>
    <time>2024-04-20T20:39:09Z</time>
   </trkpt>
   <trkpt lat="48.2394420" lon="7.5884370">
    <ele>169.9</ele>
    <time>2024-04-20T20:39:10Z</time>
   </trkpt>
   <trkpt lat="48.2393910" lon="7.5883980">
    <ele>169.9</ele>
    <time>2024-04-20T20:39:11Z</time>
   </trkpt>
   <trkpt lat="48.2393400" lon="7.5883580">
    <ele>169.9</ele>
    <time>2024-04-20T20:39:12Z</time>
   </trkpt>
   <trkpt lat="48.2392880" lon="7.5883170">
    <ele>169.9</ele>
    <time>2024-04-20T20:39:13Z</time>
   </trkpt>
   <trkpt lat="48.2392360" lon="7.5882790">
    <ele>170.0</ele>
    <time>2024-04-20T20:39:14Z</time>
   </trkpt>
   <trkpt lat="48.2391850" lon="7.5882400">
    <ele>170.0</ele>
    <time>2024-04-20T20:39:15Z</time>
   </trkpt>
   <trkpt lat="48.2391320" lon="7.5882030">
    <ele>170.0</ele>
    <time>2024-04-20T20:39:16Z</time>
   </trkpt>
   <trkpt lat="48.2390790" lon="7.5881690">
    <ele>170.0</ele>
    <time>2024-04-20T20:39:17Z</time>
   </trkpt>
   <trkpt lat="48.2390290" lon="7.5881340">
    <ele>170.0</ele>
    <time>2024-04-20T20:39:18Z</time>
   </trkpt>
   <trkpt lat="48.2389790" lon="7.5880990">
    <ele>170.0</ele>
    <time>2024-04-20T20:39:19Z</time>
   </trkpt>
   <trkpt lat="48.2389270" lon="7.5880630">
    <ele>169.9</ele>
    <time>2024-04-20T20:39:20Z</time>
   </trkpt>
   <trkpt lat="48.2388760" lon="7.5880290">
    <ele>169.9</ele>
    <time>2024-04-20T20:39:21Z</time>
   </trkpt>
   <trkpt lat="48.2388260" lon="7.5879890">
    <ele>169.8</ele>
    <time>2024-04-20T20:39:22Z</time>
   </trkpt>
   <trkpt lat="48.2387760" lon="7.5879430">
    <ele>169.8</ele>
    <time>2024-04-20T20:39:23Z</time>
   </trkpt>
   <trkpt lat="48.2387240" lon="7.5879020">
    <ele>169.7</ele>
    <time>2024-04-20T20:39:24Z</time>
   </trkpt>
   <trkpt lat="48.2386710" lon="7.5878620">
    <ele>169.7</ele>
    <time>2024-04-20T20:39:25Z</time>
   </trkpt>
   <trkpt lat="48.2386190" lon="7.5878250">
    <ele>169.7</ele>
    <time>2024-04-20T20:39:26Z</time>
   </trkpt>
   <trkpt lat="48.2385660" lon="7.5877850">
    <ele>169.7</ele>
    <time>2024-04-20T20:39:27Z</time>
   </trkpt>
   <trkpt lat="48.2385160" lon="7.5877410">
    <ele>169.7</ele>
    <time>2024-04-20T20:39:28Z</time>
   </trkpt>
   <trkpt lat="48.2384640" lon="7.5877010">
    <ele>169.7</ele>
    <time>2024-04-20T20:39:29Z</time>
   </trkpt>
   <trkpt lat="48.2384120" lon="7.5876610">
    <ele>169.7</ele>
    <time>2024-04-20T20:39:30Z</time>
   </trkpt>
   <trkpt lat="48.2383580" lon="7.5876270">
    <ele>169.7</ele>
    <time>2024-04-20T20:39:31Z</time>
   </trkpt>
   <trkpt lat="48.2383060" lon="7.5875870">
    <ele>169.7</ele>
    <time>2024-04-20T20:39:32Z</time>
   </trkpt>
   <trkpt lat="48.2382550" lon="7.5875460">
    <ele>169.7</ele>
    <time>2024-04-20T20:39:33Z</time>
   </trkpt>
   <trkpt lat="48.2382050" lon="7.5875050">
    <ele>169.7</ele>
    <time>2024-04-20T20:39:34Z</time>
   </trkpt>
   <trkpt lat="48.2381540" lon="7.5874670">
    <ele>169.7</ele>
    <time>2024-04-20T20:39:35Z</time>
   </trkpt>
   <trkpt lat="48.2381030" lon="7.5874340">
    <ele>169.7</ele>
    <time>2024-04-20T20:39:36Z</time>
   </trkpt>
   <trkpt lat="48.2380530" lon="7.5873930">
    <ele>169.8</ele>
    <time>2024-04-20T20:39:37Z</time>
   </trkpt>
   <trkpt lat="48.2380020" lon="7.5873550">
    <ele>169.8</ele>
    <time>2024-04-20T20:39:38Z</time>
   </trkpt>
   <trkpt lat="48.2379520" lon="7.5873190">
    <ele>169.8</ele>
    <time>2024-04-20T20:39:39Z</time>
   </trkpt>
   <trkpt lat="48.2379030" lon="7.5872770">
    <ele>169.8</ele>
    <time>2024-04-20T20:39:40Z</time>
   </trkpt>
   <trkpt lat="48.2378530" lon="7.5872360">
    <ele>169.8</ele>
    <time>2024-04-20T20:39:41Z</time>
   </trkpt>
   <trkpt lat="48.2378020" lon="7.5871970">
    <ele>169.8</ele>
    <time>2024-04-20T20:39:42Z</time>
   </trkpt>
   <trkpt lat="48.2377520" lon="7.5871610">
    <ele>169.8</ele>
    <time>2024-04-20T20:39:43Z</time>
   </trkpt>
   <trkpt lat="48.2377010" lon="7.5871230">
    <ele>169.8</ele>
    <time>2024-04-20T20:39:44Z</time>
   </trkpt>
   <trkpt lat="48.2376510" lon="7.5870790">
    <ele>169.8</ele>
    <time>2024-04-20T20:39:45Z</time>
   </trkpt>
   <trkpt lat="48.2376010" lon="7.5870350">
    <ele>169.8</ele>
    <time>2024-04-20T20:39:46Z</time>
   </trkpt>
   <trkpt lat="48.2375480" lon="7.5869930">
    <ele>169.8</ele>
    <time>2024-04-20T20:39:47Z</time>
   </trkpt>
   <trkpt lat="48.2374970" lon="7.5869510">
    <ele>169.8</ele>
    <time>2024-04-20T20:39:48Z</time>
   </trkpt>
   <trkpt lat="48.2374460" lon="7.5869160">
    <ele>169.8</ele>
    <time>2024-04-20T20:39:49Z</time>
   </trkpt>
   <trkpt lat="48.2373920" lon="7.5868800">
    <ele>169.8</ele>
    <time>2024-04-20T20:39:50Z</time>
   </trkpt>
   <trkpt lat="48.2373400" lon="7.5868400">
    <ele>169.8</ele>
    <time>2024-04-20T20:39:51Z</time>
   </trkpt>
   <trkpt lat="48.2372880" lon="7.5867960">
    <ele>169.8</ele>
    <time>2024-04-20T20:39:52Z</time>
   </trkpt>
   <trkpt lat="48.2372370" lon="7.5867530">
    <ele>169.8</ele>
    <time>2024-04-20T20:39:53Z</time>
   </trkpt>
   <trkpt lat="48.2371870" lon="7.5867150">
    <ele>169.7</ele>
    <time>2024-04-20T20:39:54Z</time>
   </trkpt>
   <trkpt lat="48.2371380" lon="7.5866760">
    <ele>169.7</ele>
    <time>2024-04-20T20:39:55Z</time>
   </trkpt>
   <trkpt lat="48.2370900" lon="7.5866320">
    <ele>169.7</ele>
    <time>2024-04-20T20:39:56Z</time>
   </trkpt>
   <trkpt lat="48.2370430" lon="7.5865960">
    <ele>169.7</ele>
    <time>2024-04-20T20:39:57Z</time>
   </trkpt>
   <trkpt lat="48.2369910" lon="7.5865620">
    <ele>169.7</ele>
    <time>2024-04-20T20:39:58Z</time>
   </trkpt>
   <trkpt lat="48.2369400" lon="7.5865230">
    <ele>169.7</ele>
    <time>2024-04-20T20:39:59Z</time>
   </trkpt>
   <trkpt lat="48.2368880" lon="7.5864850">
    <ele>169.8</ele>
    <time>2024-04-20T20:40:00Z</time>
   </trkpt>
   <trkpt lat="48.2368370" lon="7.5864470">
    <ele>169.8</ele>
    <time>2024-04-20T20:40:01Z</time>
   </trkpt>
   <trkpt lat="48.2367840" lon="7.5864060">
    <ele>169.9</ele>
    <time>2024-04-20T20:40:02Z</time>
   </trkpt>
   <trkpt lat="48.2367340" lon="7.5863770">
    <ele>170.0</ele>
    <time>2024-04-20T20:40:03Z</time>
   </trkpt>
   <trkpt lat="48.2366800" lon="7.5863390">
    <ele>170.1</ele>
    <time>2024-04-20T20:40:04Z</time>
   </trkpt>
   <trkpt lat="48.2366290" lon="7.5862990">
    <ele>170.1</ele>
    <time>2024-04-20T20:40:05Z</time>
   </trkpt>
   <trkpt lat="48.2365780" lon="7.5862580">
    <ele>170.2</ele>
    <time>2024-04-20T20:40:06Z</time>
   </trkpt>
   <trkpt lat="48.2365280" lon="7.5862160">
    <ele>170.2</ele>
    <time>2024-04-20T20:40:07Z</time>
   </trkpt>
   <trkpt lat="48.2364770" lon="7.5861780">
    <ele>170.2</ele>
    <time>2024-04-20T20:40:08Z</time>
   </trkpt>
   <trkpt lat="48.2364260" lon="7.5861450">
    <ele>170.2</ele>
    <time>2024-04-20T20:40:09Z</time>
   </trkpt>
   <trkpt lat="48.2363740" lon="7.5861050">
    <ele>170.1</ele>
    <time>2024-04-20T20:40:10Z</time>
   </trkpt>
   <trkpt lat="48.2363220" lon="7.5860650">
    <ele>170.1</ele>
    <time>2024-04-20T20:40:11Z</time>
   </trkpt>
   <trkpt lat="48.2362720" lon="7.5860250">
    <ele>170.1</ele>
    <time>2024-04-20T20:40:12Z</time>
   </trkpt>
   <trkpt lat="48.2362230" lon="7.5859840">
    <ele>170.0</ele>
    <time>2024-04-20T20:40:13Z</time>
   </trkpt>
   <trkpt lat="48.2361740" lon="7.5859430">
    <ele>170.0</ele>
    <time>2024-04-20T20:40:14Z</time>
   </trkpt>
   <trkpt lat="48.2361240" lon="7.5859040">
    <ele>170.0</ele>
    <time>2024-04-20T20:40:15Z</time>
   </trkpt>
   <trkpt lat="48.2360750" lon="7.5858640">
    <ele>170.0</ele>
    <time>2024-04-20T20:40:16Z</time>
   </trkpt>
   <trkpt lat="48.2360230" lon="7.5858220">
    <ele>170.0</ele>
    <time>2024-04-20T20:40:17Z</time>
   </trkpt>
   <trkpt lat="48.2359710" lon="7.5857840">
    <ele>170.0</ele>
    <time>2024-04-20T20:40:18Z</time>
   </trkpt>
   <trkpt lat="48.2359200" lon="7.5857500">
    <ele>170.0</ele>
    <time>2024-04-20T20:40:19Z</time>
   </trkpt>
   <trkpt lat="48.2358690" lon="7.5857200">
    <ele>170.0</ele>
    <time>2024-04-20T20:40:20Z</time>
   </trkpt>
   <trkpt lat="48.2358190" lon="7.5856860">
    <ele>170.0</ele>
    <time>2024-04-20T20:40:21Z</time>
   </trkpt>
   <trkpt lat="48.2357680" lon="7.5856500">
    <ele>170.0</ele>
    <time>2024-04-20T20:40:22Z</time>
   </trkpt>
   <trkpt lat="48.2357200" lon="7.5856040">
    <ele>170.0</ele>
    <time>2024-04-20T20:40:23Z</time>
   </trkpt>
   <trkpt lat="48.2356710" lon="7.5855590">
    <ele>170.0</ele>
    <time>2024-04-20T20:40:24Z</time>
   </trkpt>
   <trkpt lat="48.2356200" lon="7.5855230">
    <ele>170.0</ele>
    <time>2024-04-20T20:40:25Z</time>
   </trkpt>
   <trkpt lat="48.2355700" lon="7.5854880">
    <ele>170.0</ele>
    <time>2024-04-20T20:40:26Z</time>
   </trkpt>
   <trkpt lat="48.2355200" lon="7.5854510">
    <ele>170.0</ele>
    <time>2024-04-20T20:40:27Z</time>
   </trkpt>
   <trkpt lat="48.2354710" lon="7.5854130">
    <ele>170.0</ele>
    <time>2024-04-20T20:40:28Z</time>
   </trkpt>
   <trkpt lat="48.2354200" lon="7.5853800">
    <ele>170.0</ele>
    <time>2024-04-20T20:40:29Z</time>
   </trkpt>
   <trkpt lat="48.2353700" lon="7.5853420">
    <ele>169.9</ele>
    <time>2024-04-20T20:40:30Z</time>
   </trkpt>
   <trkpt lat="48.2353180" lon="7.5853010">
    <ele>169.9</ele>
    <time>2024-04-20T20:40:31Z</time>
   </trkpt>
   <trkpt lat="48.2352660" lon="7.5852580">
    <ele>169.8</ele>
    <time>2024-04-20T20:40:32Z</time>
   </trkpt>
   <trkpt lat="48.2352120" lon="7.5852140">
    <ele>169.8</ele>
    <time>2024-04-20T20:40:33Z</time>
   </trkpt>
   <trkpt lat="48.2351590" lon="7.5851720">
    <ele>169.7</ele>
    <time>2024-04-20T20:40:34Z</time>
   </trkpt>
   <trkpt lat="48.2351080" lon="7.5851290">
    <ele>169.7</ele>
    <time>2024-04-20T20:40:35Z</time>
   </trkpt>
   <trkpt lat="48.2350530" lon="7.5850880">
    <ele>169.7</ele>
    <time>2024-04-20T20:40:36Z</time>
   </trkpt>
   <trkpt lat="48.2350000" lon="7.5850470">
    <ele>169.7</ele>
    <time>2024-04-20T20:40:37Z</time>
   </trkpt>
   <trkpt lat="48.2349460" lon="7.5850110">
    <ele>169.7</ele>
    <time>2024-04-20T20:40:38Z</time>
   </trkpt>
   <trkpt lat="48.2348950" lon="7.5849700">
    <ele>169.7</ele>
    <time>2024-04-20T20:40:39Z</time>
   </trkpt>
   <trkpt lat="48.2348410" lon="7.5849310">
    <ele>169.8</ele>
    <time>2024-04-20T20:40:40Z</time>
   </trkpt>
   <trkpt lat="48.2347870" lon="7.5848890">
    <ele>169.8</ele>
    <time>2024-04-20T20:40:41Z</time>
   </trkpt>
   <trkpt lat="48.2347360" lon="7.5848500">
    <ele>169.8</ele>
    <time>2024-04-20T20:40:42Z</time>
   </trkpt>
   <trkpt lat="48.2346850" lon="7.5848110">
    <ele>169.8</ele>
    <time>2024-04-20T20:40:43Z</time>
   </trkpt>
   <trkpt lat="48.2346350" lon="7.5847660">
    <ele>169.8</ele>
    <time>2024-04-20T20:40:44Z</time>
   </trkpt>
   <trkpt lat="48.2345870" lon="7.5847320">
    <ele>169.8</ele>
    <time>2024-04-20T20:40:45Z</time>
   </trkpt>
   <trkpt lat="48.2345340" lon="7.5846910">
    <ele>169.8</ele>
    <time>2024-04-20T20:40:46Z</time>
   </trkpt>
   <trkpt lat="48.2344800" lon="7.5846440">
    <ele>169.8</ele>
    <time>2024-04-20T20:40:47Z</time>
   </trkpt>
   <trkpt lat="48.2344280" lon="7.5846030">
    <ele>169.8</ele>
    <time>2024-04-20T20:40:48Z</time>
   </trkpt>
   <trkpt lat="48.2343730" lon="7.5845590">
    <ele>169.8</ele>
    <time>2024-04-20T20:40:49Z</time>
   </trkpt>
   <trkpt lat="48.2343200" lon="7.5845180">
    <ele>169.8</ele>
    <time>2024-04-20T20:40:50Z</time>
   </trkpt>
   <trkpt lat="48.2342660" lon="7.5844770">
    <ele>169.8</ele>
    <time>2024-04-20T20:40:51Z</time>
   </trkpt>
   <trkpt lat="48.2342130" lon="7.5844420">
    <ele>169.9</ele>
    <time>2024-04-20T20:40:52Z</time>
   </trkpt>
   <trkpt lat="48.2341610" lon="7.5844070">
    <ele>169.9</ele>
    <time>2024-04-20T20:40:53Z</time>
   </trkpt>
   <trkpt lat="48.2341100" lon="7.5843690">
    <ele>169.9</ele>
    <time>2024-04-20T20:40:54Z</time>
   </trkpt>
   <trkpt lat="48.2340580" lon="7.5843340">
    <ele>169.9</ele>
    <time>2024-04-20T20:40:55Z</time>
   </trkpt>
   <trkpt lat="48.2340100" lon="7.5842960">
    <ele>169.9</ele>
    <time>2024-04-20T20:40:56Z</time>
   </trkpt>
   <trkpt lat="48.2339600" lon="7.5842550">
    <ele>169.9</ele>
    <time>2024-04-20T20:40:57Z</time>
   </trkpt>
   <trkpt lat="48.2339080" lon="7.5842120">
    <ele>169.9</ele>
    <time>2024-04-20T20:40:58Z</time>
   </trkpt>
   <trkpt lat="48.2338550" lon="7.5841720">
    <ele>169.9</ele>
    <time>2024-04-20T20:40:59Z</time>
   </trkpt>
   <trkpt lat="48.2338030" lon="7.5841320">
    <ele>169.9</ele>
    <time>2024-04-20T20:41:00Z</time>
   </trkpt>
   <trkpt lat="48.2337510" lon="7.5840910">
    <ele>169.9</ele>
    <time>2024-04-20T20:41:01Z</time>
   </trkpt>
   <trkpt lat="48.2336990" lon="7.5840490">
    <ele>169.9</ele>
    <time>2024-04-20T20:41:02Z</time>
   </trkpt>
   <trkpt lat="48.2336450" lon="7.5840070">
    <ele>169.9</ele>
    <time>2024-04-20T20:41:03Z</time>
   </trkpt>
   <trkpt lat="48.2335920" lon="7.5839620">
    <ele>169.9</ele>
    <time>2024-04-20T20:41:04Z</time>
   </trkpt>
   <trkpt lat="48.2335390" lon="7.5839190">
    <ele>169.9</ele>
    <time>2024-04-20T20:41:05Z</time>
   </trkpt>
   <trkpt lat="48.2334860" lon="7.5838780">
    <ele>169.9</ele>
    <time>2024-04-20T20:41:06Z</time>
   </trkpt>
   <trkpt lat="48.2334340" lon="7.5838390">
    <ele>169.8</ele>
    <time>2024-04-20T20:41:07Z</time>
   </trkpt>
   <trkpt lat="48.2333810" lon="7.5837990">
    <ele>169.8</ele>
    <time>2024-04-20T20:41:08Z</time>
   </trkpt>
   <trkpt lat="48.2333270" lon="7.5837600">
    <ele>169.8</ele>
    <time>2024-04-20T20:41:09Z</time>
   </trkpt>
   <trkpt lat="48.2332750" lon="7.5837180">
    <ele>169.8</ele>
    <time>2024-04-20T20:41:10Z</time>
   </trkpt>
   <trkpt lat="48.2332230" lon="7.5836750">
    <ele>169.8</ele>
    <time>2024-04-20T20:41:11Z</time>
   </trkpt>
   <trkpt lat="48.2331680" lon="7.5836320">
    <ele>169.7</ele>
    <time>2024-04-20T20:41:12Z</time>
   </trkpt>
   <trkpt lat="48.2331160" lon="7.5835920">
    <ele>169.7</ele>
    <time>2024-04-20T20:41:13Z</time>
   </trkpt>
   <trkpt lat="48.2330640" lon="7.5835520">
    <ele>169.7</ele>
    <time>2024-04-20T20:41:14Z</time>
   </trkpt>
   <trkpt lat="48.2330100" lon="7.5835090">
    <ele>169.6</ele>
    <time>2024-04-20T20:41:15Z</time>
   </trkpt>
   <trkpt lat="48.2329560" lon="7.5834660">
    <ele>169.6</ele>
    <time>2024-04-20T20:41:16Z</time>
   </trkpt>
   <trkpt lat="48.2329020" lon="7.5834280">
    <ele>169.6</ele>
    <time>2024-04-20T20:41:17Z</time>
   </trkpt>
   <trkpt lat="48.2328480" lon="7.5833900">
    <ele>169.7</ele>
    <time>2024-04-20T20:41:18Z</time>
   </trkpt>
   <trkpt lat="48.2327940" lon="7.5833480">
    <ele>169.7</ele>
    <time>2024-04-20T20:41:19Z</time>
   </trkpt>
   <trkpt lat="48.2327390" lon="7.5833090">
    <ele>169.7</ele>
    <time>2024-04-20T20:41:20Z</time>
   </trkpt>
   <trkpt lat="48.2326830" lon="7.5832700">
    <ele>169.7</ele>
    <time>2024-04-20T20:41:21Z</time>
   </trkpt>
   <trkpt lat="48.2326290" lon="7.5832260">
    <ele>169.7</ele>
    <time>2024-04-20T20:41:22Z</time>
   </trkpt>
   <trkpt lat="48.2325760" lon="7.5831800">
    <ele>169.7</ele>
    <time>2024-04-20T20:41:23Z</time>
   </trkpt>
   <trkpt lat="48.2325220" lon="7.5831400">
    <ele>169.7</ele>
    <time>2024-04-20T20:41:24Z</time>
   </trkpt>
   <trkpt lat="48.2324670" lon="7.5830990">
    <ele>169.7</ele>
    <time>2024-04-20T20:41:25Z</time>
   </trkpt>
   <trkpt lat="48.2324140" lon="7.5830590">
    <ele>169.7</ele>
    <time>2024-04-20T20:41:26Z</time>
   </trkpt>
   <trkpt lat="48.2323620" lon="7.5830130">
    <ele>169.7</ele>
    <time>2024-04-20T20:41:27Z</time>
   </trkpt>
   <trkpt lat="48.2323100" lon="7.5829690">
    <ele>169.8</ele>
    <time>2024-04-20T20:41:28Z</time>
   </trkpt>
   <trkpt lat="48.2322590" lon="7.5829280">
    <ele>169.8</ele>
    <time>2024-04-20T20:41:29Z</time>
   </trkpt>
   <trkpt lat="48.2322060" lon="7.5828910">
    <ele>169.8</ele>
    <time>2024-04-20T20:41:30Z</time>
   </trkpt>
   <trkpt lat="48.2321510" lon="7.5828540">
    <ele>169.8</ele>
    <time>2024-04-20T20:41:31Z</time>
   </trkpt>
   <trkpt lat="48.2321000" lon="7.5828220">
    <ele>169.8</ele>
    <time>2024-04-20T20:41:32Z</time>
   </trkpt>
   <trkpt lat="48.2320510" lon="7.5827930">
    <ele>169.9</ele>
    <time>2024-04-20T20:41:33Z</time>
   </trkpt>
   <trkpt lat="48.2320030" lon="7.5827470">
    <ele>169.9</ele>
    <time>2024-04-20T20:41:34Z</time>
   </trkpt>
   <trkpt lat="48.2319540" lon="7.5827120">
    <ele>169.9</ele>
    <time>2024-04-20T20:41:35Z</time>
   </trkpt>
   <trkpt lat="48.2318990" lon="7.5826750">
    <ele>169.8</ele>
    <time>2024-04-20T20:41:36Z</time>
   </trkpt>
   <trkpt lat="48.2318500" lon="7.5826420">
    <ele>169.8</ele>
    <time>2024-04-20T20:41:37Z</time>
   </trkpt>
   <trkpt lat="48.2317980" lon="7.5826050">
    <ele>169.8</ele>
    <time>2024-04-20T20:41:38Z</time>
   </trkpt>
   <trkpt lat="48.2317450" lon="7.5825600">
    <ele>169.8</ele>
    <time>2024-04-20T20:41:39Z</time>
   </trkpt>
   <trkpt lat="48.2316910" lon="7.5825190">
    <ele>169.8</ele>
    <time>2024-04-20T20:41:40Z</time>
   </trkpt>
   <trkpt lat="48.2316350" lon="7.5824750">
    <ele>169.8</ele>
    <time>2024-04-20T20:41:41Z</time>
   </trkpt>
   <trkpt lat="48.2315810" lon="7.5824340">
    <ele>169.8</ele>
    <time>2024-04-20T20:41:42Z</time>
   </trkpt>
   <trkpt lat="48.2315290" lon="7.5823920">
    <ele>169.9</ele>
    <time>2024-04-20T20:41:43Z</time>
   </trkpt>
   <trkpt lat="48.2314750" lon="7.5823510">
    <ele>169.9</ele>
    <time>2024-04-20T20:41:44Z</time>
   </trkpt>
   <trkpt lat="48.2314170" lon="7.5823060">
    <ele>169.9</ele>
    <time>2024-04-20T20:41:45Z</time>
   </trkpt>
   <trkpt lat="48.2313610" lon="7.5822640">
    <ele>169.9</ele>
    <time>2024-04-20T20:41:46Z</time>
   </trkpt>
   <trkpt lat="48.2313070" lon="7.5822300">
    <ele>169.9</ele>
    <time>2024-04-20T20:41:47Z</time>
   </trkpt>
   <trkpt lat="48.2312530" lon="7.5821850">
    <ele>169.9</ele>
    <time>2024-04-20T20:41:48Z</time>
   </trkpt>
   <trkpt lat="48.2311990" lon="7.5821430">
    <ele>169.9</ele>
    <time>2024-04-20T20:41:49Z</time>
   </trkpt>
   <trkpt lat="48.2311440" lon="7.5820990">
    <ele>170.0</ele>
    <time>2024-04-20T20:41:50Z</time>
   </trkpt>
   <trkpt lat="48.2310880" lon="7.5820550">
    <ele>170.0</ele>
    <time>2024-04-20T20:41:51Z</time>
   </trkpt>
   <trkpt lat="48.2310330" lon="7.5820130">
    <ele>170.0</ele>
    <time>2024-04-20T20:41:52Z</time>
   </trkpt>
   <trkpt lat="48.2309760" lon="7.5819720">
    <ele>170.0</ele>
    <time>2024-04-20T20:41:53Z</time>
   </trkpt>
   <trkpt lat="48.2309200" lon="7.5819290">
    <ele>169.9</ele>
    <time>2024-04-20T20:41:54Z</time>
   </trkpt>
   <trkpt lat="48.2308630" lon="7.5818840">
    <ele>169.9</ele>
    <time>2024-04-20T20:41:55Z</time>
   </trkpt>
   <trkpt lat="48.2308090" lon="7.5818390">
    <ele>170.0</ele>
    <time>2024-04-20T20:41:56Z</time>
   </trkpt>
   <trkpt lat="48.2307540" lon="7.5817970">
    <ele>170.0</ele>
    <time>2024-04-20T20:41:57Z</time>
   </trkpt>
   <trkpt lat="48.2306960" lon="7.5817530">
    <ele>170.0</ele>
    <time>2024-04-20T20:41:58Z</time>
   </trkpt>
   <trkpt lat="48.2306350" lon="7.5817100">
    <ele>170.0</ele>
    <time>2024-04-20T20:41:59Z</time>
   </trkpt>
   <trkpt lat="48.2305780" lon="7.5816670">
    <ele>170.0</ele>
    <time>2024-04-20T20:42:00Z</time>
   </trkpt>
   <trkpt lat="48.2305230" lon="7.5816220">
    <ele>170.0</ele>
    <time>2024-04-20T20:42:01Z</time>
   </trkpt>
   <trkpt lat="48.2304660" lon="7.5815770">
    <ele>170.0</ele>
    <time>2024-04-20T20:42:02Z</time>
   </trkpt>
   <trkpt lat="48.2304110" lon="7.5815330">
    <ele>169.9</ele>
    <time>2024-04-20T20:42:03Z</time>
   </trkpt>
   <trkpt lat="48.2303550" lon="7.5814880">
    <ele>169.9</ele>
    <time>2024-04-20T20:42:04Z</time>
   </trkpt>
   <trkpt lat="48.2302970" lon="7.5814440">
    <ele>169.8</ele>
    <time>2024-04-20T20:42:05Z</time>
   </trkpt>
   <trkpt lat="48.2302370" lon="7.5813990">
    <ele>169.8</ele>
    <time>2024-04-20T20:42:06Z</time>
   </trkpt>
   <trkpt lat="48.2301780" lon="7.5813520">
    <ele>169.7</ele>
    <time>2024-04-20T20:42:07Z</time>
   </trkpt>
   <trkpt lat="48.2301190" lon="7.5813050">
    <ele>169.6</ele>
    <time>2024-04-20T20:42:08Z</time>
   </trkpt>
   <trkpt lat="48.2300610" lon="7.5812590">
    <ele>169.6</ele>
    <time>2024-04-20T20:42:09Z</time>
   </trkpt>
   <trkpt lat="48.2300030" lon="7.5812120">
    <ele>169.6</ele>
    <time>2024-04-20T20:42:10Z</time>
   </trkpt>
   <trkpt lat="48.2299460" lon="7.5811670">
    <ele>169.6</ele>
    <time>2024-04-20T20:42:11Z</time>
   </trkpt>
   <trkpt lat="48.2298880" lon="7.5811200">
    <ele>169.6</ele>
    <time>2024-04-20T20:42:12Z</time>
   </trkpt>
   <trkpt lat="48.2298300" lon="7.5810760">
    <ele>169.5</ele>
    <time>2024-04-20T20:42:13Z</time>
   </trkpt>
   <trkpt lat="48.2297720" lon="7.5810330">
    <ele>169.5</ele>
    <time>2024-04-20T20:42:14Z</time>
   </trkpt>
   <trkpt lat="48.2297120" lon="7.5809920">
    <ele>169.5</ele>
    <time>2024-04-20T20:42:15Z</time>
   </trkpt>
   <trkpt lat="48.2296550" lon="7.5809540">
    <ele>169.6</ele>
    <time>2024-04-20T20:42:16Z</time>
   </trkpt>
   <trkpt lat="48.2295990" lon="7.5809120">
    <ele>169.6</ele>
    <time>2024-04-20T20:42:17Z</time>
   </trkpt>
   <trkpt lat="48.2295450" lon="7.5808650">
    <ele>169.6</ele>
    <time>2024-04-20T20:42:18Z</time>
   </trkpt>
   <trkpt lat="48.2294890" lon="7.5808230">
    <ele>169.6</ele>
    <time>2024-04-20T20:42:19Z</time>
   </trkpt>
   <trkpt lat="48.2294350" lon="7.5807810">
    <ele>169.6</ele>
    <time>2024-04-20T20:42:20Z</time>
   </trkpt>
   <trkpt lat="48.2293830" lon="7.5807380">
    <ele>169.6</ele>
    <time>2024-04-20T20:42:21Z</time>
   </trkpt>
   <trkpt lat="48.2293330" lon="7.5806980">
    <ele>169.7</ele>
    <time>2024-04-20T20:42:22Z</time>
   </trkpt>
   <trkpt lat="48.2292840" lon="7.5806580">
    <ele>169.7</ele>
    <time>2024-04-20T20:42:23Z</time>
   </trkpt>
   <trkpt lat="48.2292330" lon="7.5806190">
    <ele>169.8</ele>
    <time>2024-04-20T20:42:24Z</time>
   </trkpt>
   <trkpt lat="48.2291830" lon="7.5805820">
    <ele>169.8</ele>
    <time>2024-04-20T20:42:25Z</time>
   </trkpt>
   <trkpt lat="48.2291330" lon="7.5805400">
    <ele>169.9</ele>
    <time>2024-04-20T20:42:26Z</time>
   </trkpt>
   <trkpt lat="48.2290830" lon="7.5805030">
    <ele>169.9</ele>
    <time>2024-04-20T20:42:27Z</time>
   </trkpt>
   <trkpt lat="48.2290320" lon="7.5804680">
    <ele>170.0</ele>
    <time>2024-04-20T20:42:28Z</time>
   </trkpt>
   <trkpt lat="48.2289830" lon="7.5804330">
    <ele>170.1</ele>
    <time>2024-04-20T20:42:29Z</time>
   </trkpt>
   <trkpt lat="48.2289360" lon="7.5803950">
    <ele>170.2</ele>
    <time>2024-04-20T20:42:30Z</time>
   </trkpt>
   <trkpt lat="48.2288900" lon="7.5803610">
    <ele>170.3</ele>
    <time>2024-04-20T20:42:31Z</time>
   </trkpt>
   <trkpt lat="48.2288450" lon="7.5803330">
    <ele>170.4</ele>
    <time>2024-04-20T20:42:32Z</time>
   </trkpt>
   <trkpt lat="48.2288000" lon="7.5803110">
    <ele>170.5</ele>
    <time>2024-04-20T20:42:33Z</time>
   </trkpt>
   <trkpt lat="48.2287510" lon="7.5803040">
    <ele>170.6</ele>
    <time>2024-04-20T20:42:34Z</time>
   </trkpt>
   <trkpt lat="48.2287030" lon="7.5803000">
    <ele>170.7</ele>
    <time>2024-04-20T20:42:35Z</time>
   </trkpt>
   <trkpt lat="48.2286660" lon="7.5802790">
    <ele>170.8</ele>
    <time>2024-04-20T20:42:36Z</time>
   </trkpt>
   <trkpt lat="48.2285810" lon="7.5802120">
    <ele>170.9</ele>
    <time>2024-04-20T20:42:38Z</time>
   </trkpt>
   <trkpt lat="48.2285410" lon="7.5801700">
    <ele>171.0</ele>
    <time>2024-04-20T20:42:39Z</time>
   </trkpt>
   <trkpt lat="48.2285030" lon="7.5801380">
    <ele>171.0</ele>
    <time>2024-04-20T20:42:40Z</time>
   </trkpt>
   <trkpt lat="48.2284670" lon="7.5801130">
    <ele>171.1</ele>
    <time>2024-04-20T20:42:41Z</time>
   </trkpt>
   <trkpt lat="48.2284370" lon="7.5800890">
    <ele>171.1</ele>
    <time>2024-04-20T20:42:42Z</time>
   </trkpt>
   <trkpt lat="48.2284070" lon="7.5800600">
    <ele>171.2</ele>
    <time>2024-04-20T20:42:43Z</time>
   </trkpt>
   <trkpt lat="48.2283760" lon="7.5800350">
    <ele>171.2</ele>
    <time>2024-04-20T20:42:44Z</time>
   </trkpt>
   <trkpt lat="48.2283400" lon="7.5800130">
    <ele>171.2</ele>
    <time>2024-04-20T20:42:45Z</time>
   </trkpt>
   <trkpt lat="48.2283070" lon="7.5799820">
    <ele>171.3</ele>
    <time>2024-04-20T20:42:46Z</time>
   </trkpt>
   <trkpt lat="48.2282730" lon="7.5799480">
    <ele>171.3</ele>
    <time>2024-04-20T20:42:47Z</time>
   </trkpt>
   <trkpt lat="48.2282390" lon="7.5799110">
    <ele>171.4</ele>
    <time>2024-04-20T20:42:48Z</time>
   </trkpt>
   <trkpt lat="48.2282070" lon="7.5798720">
    <ele>171.4</ele>
    <time>2024-04-20T20:42:49Z</time>
   </trkpt>
   <trkpt lat="48.2281730" lon="7.5798380">
    <ele>171.4</ele>
    <time>2024-04-20T20:42:50Z</time>
   </trkpt>
   <trkpt lat="48.2281370" lon="7.5798090">
    <ele>171.5</ele>
    <time>2024-04-20T20:42:51Z</time>
   </trkpt>
   <trkpt lat="48.2281010" lon="7.5797800">
    <ele>171.5</ele>
    <time>2024-04-20T20:42:52Z</time>
   </trkpt>
   <trkpt lat="48.2280630" lon="7.5797500">
    <ele>171.5</ele>
    <time>2024-04-20T20:42:53Z</time>
   </trkpt>
   <trkpt lat="48.2280240" lon="7.5797110">
    <ele>171.5</ele>
    <time>2024-04-20T20:42:54Z</time>
   </trkpt>
   <trkpt lat="48.2279830" lon="7.5796760">
    <ele>171.6</ele>
    <time>2024-04-20T20:42:55Z</time>
   </trkpt>
   <trkpt lat="48.2279410" lon="7.5796420">
    <ele>171.6</ele>
    <time>2024-04-20T20:42:56Z</time>
   </trkpt>
   <trkpt lat="48.2279000" lon="7.5796080">
    <ele>171.6</ele>
    <time>2024-04-20T20:42:57Z</time>
   </trkpt>
   <trkpt lat="48.2278570" lon="7.5795700">
    <ele>171.6</ele>
    <time>2024-04-20T20:42:58Z</time>
   </trkpt>
   <trkpt lat="48.2278130" lon="7.5795380">
    <ele>171.6</ele>
    <time>2024-04-20T20:42:59Z</time>
   </trkpt>
   <trkpt lat="48.2277690" lon="7.5795020">
    <ele>171.6</ele>
    <time>2024-04-20T20:43:00Z</time>
   </trkpt>
   <trkpt lat="48.2277240" lon="7.5794650">
    <ele>171.6</ele>
    <time>2024-04-20T20:43:01Z</time>
   </trkpt>
   <trkpt lat="48.2276780" lon="7.5794310">
    <ele>171.6</ele>
    <time>2024-04-20T20:43:02Z</time>
   </trkpt>
   <trkpt lat="48.2276320" lon="7.5793930">
    <ele>171.6</ele>
    <time>2024-04-20T20:43:03Z</time>
   </trkpt>
   <trkpt lat="48.2275830" lon="7.5793570">
    <ele>171.6</ele>
    <time>2024-04-20T20:43:04Z</time>
   </trkpt>
   <trkpt lat="48.2275340" lon="7.5793210">
    <ele>171.6</ele>
    <time>2024-04-20T20:43:05Z</time>
   </trkpt>
   <trkpt lat="48.2274850" lon="7.5792850">
    <ele>171.6</ele>
    <time>2024-04-20T20:43:06Z</time>
   </trkpt>
   <trkpt lat="48.2274350" lon="7.5792480">
    <ele>171.6</ele>
    <time>2024-04-20T20:43:07Z</time>
   </trkpt>
   <trkpt lat="48.2273870" lon="7.5792080">
    <ele>171.6</ele>
    <time>2024-04-20T20:43:08Z</time>
   </trkpt>
   <trkpt lat="48.2273380" lon="7.5791710">
    <ele>171.6</ele>
    <time>2024-04-20T20:43:09Z</time>
   </trkpt>
   <trkpt lat="48.2272880" lon="7.5791320">
    <ele>171.5</ele>
    <time>2024-04-20T20:43:10Z</time>
   </trkpt>
   <trkpt lat="48.2272370" lon="7.5790880">
    <ele>171.5</ele>
    <time>2024-04-20T20:43:11Z</time>
   </trkpt>
   <trkpt lat="48.2271850" lon="7.5790490">
    <ele>171.5</ele>
    <time>2024-04-20T20:43:12Z</time>
   </trkpt>
   <trkpt lat="48.2271330" lon="7.5790080">
    <ele>171.5</ele>
    <time>2024-04-20T20:43:13Z</time>
   </trkpt>
   <trkpt lat="48.2270800" lon="7.5789680">
    <ele>171.5</ele>
    <time>2024-04-20T20:43:14Z</time>
   </trkpt>
   <trkpt lat="48.2270270" lon="7.5789300">
    <ele>171.5</ele>
    <time>2024-04-20T20:43:15Z</time>
   </trkpt>
   <trkpt lat="48.2269760" lon="7.5788900">
    <ele>171.5</ele>
    <time>2024-04-20T20:43:16Z</time>
   </trkpt>
   <trkpt lat="48.2269240" lon="7.5788490">
    <ele>171.5</ele>
    <time>2024-04-20T20:43:17Z</time>
   </trkpt>
   <trkpt lat="48.2268720" lon="7.5788080">
    <ele>171.5</ele>
    <time>2024-04-20T20:43:18Z</time>
   </trkpt>
   <trkpt lat="48.2268190" lon="7.5787660">
    <ele>171.5</ele>
    <time>2024-04-20T20:43:19Z</time>
   </trkpt>
   <trkpt lat="48.2267650" lon="7.5787250">
    <ele>171.5</ele>
    <time>2024-04-20T20:43:20Z</time>
   </trkpt>
   <trkpt lat="48.2267130" lon="7.5786830">
    <ele>171.5</ele>
    <time>2024-04-20T20:43:21Z</time>
   </trkpt>
   <trkpt lat="48.2266600" lon="7.5786410">
    <ele>171.5</ele>
    <time>2024-04-20T20:43:22Z</time>
   </trkpt>
   <trkpt lat="48.2266070" lon="7.5786010">
    <ele>171.5</ele>
    <time>2024-04-20T20:43:23Z</time>
   </trkpt>
   <trkpt lat="48.2265530" lon="7.5785590">
    <ele>171.5</ele>
    <time>2024-04-20T20:43:24Z</time>
   </trkpt>
   <trkpt lat="48.2265020" lon="7.5785190">
    <ele>171.6</ele>
    <time>2024-04-20T20:43:25Z</time>
   </trkpt>
   <trkpt lat="48.2264510" lon="7.5784780">
    <ele>171.6</ele>
    <time>2024-04-20T20:43:26Z</time>
   </trkpt>
   <trkpt lat="48.2264010" lon="7.5784380">
    <ele>171.6</ele>
    <time>2024-04-20T20:43:27Z</time>
   </trkpt>
   <trkpt lat="48.2263500" lon="7.5783990">
    <ele>171.6</ele>
    <time>2024-04-20T20:43:28Z</time>
   </trkpt>
   <trkpt lat="48.2262980" lon="7.5783560">
    <ele>171.7</ele>
    <time>2024-04-20T20:43:29Z</time>
   </trkpt>
   <trkpt lat="48.2262450" lon="7.5783170">
    <ele>171.7</ele>
    <time>2024-04-20T20:43:30Z</time>
   </trkpt>
   <trkpt lat="48.2261930" lon="7.5782780">
    <ele>171.7</ele>
    <time>2024-04-20T20:43:31Z</time>
   </trkpt>
   <trkpt lat="48.2261400" lon="7.5782410">
    <ele>171.6</ele>
    <time>2024-04-20T20:43:32Z</time>
   </trkpt>
   <trkpt lat="48.2260880" lon="7.5782020">
    <ele>171.6</ele>
    <time>2024-04-20T20:43:33Z</time>
   </trkpt>
   <trkpt lat="48.2260390" lon="7.5781630">
    <ele>171.6</ele>
    <time>2024-04-20T20:43:34Z</time>
   </trkpt>
   <trkpt lat="48.2259890" lon="7.5781250">
    <ele>171.6</ele>
    <time>2024-04-20T20:43:35Z</time>
   </trkpt>
   <trkpt lat="48.2259380" lon="7.5780870">
    <ele>171.6</ele>
    <time>2024-04-20T20:43:36Z</time>
   </trkpt>
   <trkpt lat="48.2258870" lon="7.5780500">
    <ele>171.6</ele>
    <time>2024-04-20T20:43:37Z</time>
   </trkpt>
   <trkpt lat="48.2258370" lon="7.5780110">
    <ele>171.6</ele>
    <time>2024-04-20T20:43:38Z</time>
   </trkpt>
   <trkpt lat="48.2257880" lon="7.5779700">
    <ele>171.6</ele>
    <time>2024-04-20T20:43:39Z</time>
   </trkpt>
   <trkpt lat="48.2257380" lon="7.5779290">
    <ele>171.6</ele>
    <time>2024-04-20T20:43:40Z</time>
   </trkpt>
   <trkpt lat="48.2256880" lon="7.5778890">
    <ele>171.6</ele>
    <time>2024-04-20T20:43:41Z</time>
   </trkpt>
   <trkpt lat="48.2256390" lon="7.5778540">
    <ele>171.6</ele>
    <time>2024-04-20T20:43:42Z</time>
   </trkpt>
   <trkpt lat="48.2255890" lon="7.5778190">
    <ele>171.6</ele>
    <time>2024-04-20T20:43:43Z</time>
   </trkpt>
   <trkpt lat="48.2255380" lon="7.5777800">
    <ele>171.6</ele>
    <time>2024-04-20T20:43:44Z</time>
   </trkpt>
   <trkpt lat="48.2254870" lon="7.5777410">
    <ele>171.6</ele>
    <time>2024-04-20T20:43:45Z</time>
   </trkpt>
   <trkpt lat="48.2254370" lon="7.5777000">
    <ele>171.6</ele>
    <time>2024-04-20T20:43:46Z</time>
   </trkpt>
   <trkpt lat="48.2253860" lon="7.5776630">
    <ele>171.6</ele>
    <time>2024-04-20T20:43:47Z</time>
   </trkpt>
   <trkpt lat="48.2253360" lon="7.5776240">
    <ele>171.6</ele>
    <time>2024-04-20T20:43:48Z</time>
   </trkpt>
   <trkpt lat="48.2252840" lon="7.5775860">
    <ele>171.6</ele>
    <time>2024-04-20T20:43:49Z</time>
   </trkpt>
   <trkpt lat="48.2252330" lon="7.5775490">
    <ele>171.6</ele>
    <time>2024-04-20T20:43:50Z</time>
   </trkpt>
   <trkpt lat="48.2251810" lon="7.5775070">
    <ele>171.6</ele>
    <time>2024-04-20T20:43:51Z</time>
   </trkpt>
   <trkpt lat="48.2251310" lon="7.5774670">
    <ele>171.6</ele>
    <time>2024-04-20T20:43:52Z</time>
   </trkpt>
   <trkpt lat="48.2250810" lon="7.5774280">
    <ele>171.6</ele>
    <time>2024-04-20T20:43:53Z</time>
   </trkpt>
   <trkpt lat="48.2250300" lon="7.5773900">
    <ele>171.6</ele>
    <time>2024-04-20T20:43:54Z</time>
   </trkpt>
   <trkpt lat="48.2249800" lon="7.5773510">
    <ele>171.6</ele>
    <time>2024-04-20T20:43:55Z</time>
   </trkpt>
   <trkpt lat="48.2249290" lon="7.5773160">
    <ele>171.6</ele>
    <time>2024-04-20T20:43:56Z</time>
   </trkpt>
   <trkpt lat="48.2248760" lon="7.5772800">
    <ele>171.6</ele>
    <time>2024-04-20T20:43:57Z</time>
   </trkpt>
   <trkpt lat="48.2248240" lon="7.5772390">
    <ele>171.6</ele>
    <time>2024-04-20T20:43:58Z</time>
   </trkpt>
   <trkpt lat="48.2247750" lon="7.5771980">
    <ele>171.6</ele>
    <time>2024-04-20T20:43:59Z</time>
   </trkpt>
   <trkpt lat="48.2247250" lon="7.5771570">
    <ele>171.6</ele>
    <time>2024-04-20T20:44:00Z</time>
   </trkpt>
   <trkpt lat="48.2246740" lon="7.5771220">
    <ele>171.6</ele>
    <time>2024-04-20T20:44:01Z</time>
   </trkpt>
   <trkpt lat="48.2246230" lon="7.5770840">
    <ele>171.6</ele>
    <time>2024-04-20T20:44:02Z</time>
   </trkpt>
   <trkpt lat="48.2245730" lon="7.5770430">
    <ele>171.6</ele>
    <time>2024-04-20T20:44:03Z</time>
   </trkpt>
   <trkpt lat="48.2245230" lon="7.5770060">
    <ele>171.6</ele>
    <time>2024-04-20T20:44:04Z</time>
   </trkpt>
   <trkpt lat="48.2244710" lon="7.5769690">
    <ele>171.6</ele>
    <time>2024-04-20T20:44:05Z</time>
   </trkpt>
   <trkpt lat="48.2244200" lon="7.5769290">
    <ele>171.6</ele>
    <time>2024-04-20T20:44:06Z</time>
   </trkpt>
   <trkpt lat="48.2243680" lon="7.5768920">
    <ele>171.5</ele>
    <time>2024-04-20T20:44:07Z</time>
   </trkpt>
   <trkpt lat="48.2243160" lon="7.5768550">
    <ele>171.5</ele>
    <time>2024-04-20T20:44:08Z</time>
   </trkpt>
   <trkpt lat="48.2242660" lon="7.5768130">
    <ele>171.5</ele>
    <time>2024-04-20T20:44:09Z</time>
   </trkpt>
   <trkpt lat="48.2242150" lon="7.5767700">
    <ele>171.5</ele>
    <time>2024-04-20T20:44:10Z</time>
   </trkpt>
   <trkpt lat="48.2241630" lon="7.5767310">
    <ele>171.4</ele>
    <time>2024-04-20T20:44:11Z</time>
   </trkpt>
   <trkpt lat="48.2241110" lon="7.5766930">
    <ele>171.4</ele>
    <time>2024-04-20T20:44:12Z</time>
   </trkpt>
   <trkpt lat="48.2240600" lon="7.5766490">
    <ele>171.4</ele>
    <time>2024-04-20T20:44:13Z</time>
   </trkpt>
   <trkpt lat="48.2240090" lon="7.5766100">
    <ele>171.4</ele>
    <time>2024-04-20T20:44:14Z</time>
   </trkpt>
   <trkpt lat="48.2239570" lon="7.5765720">
    <ele>171.4</ele>
    <time>2024-04-20T20:44:15Z</time>
   </trkpt>
   <trkpt lat="48.2239060" lon="7.5765330">
    <ele>171.4</ele>
    <time>2024-04-20T20:44:16Z</time>
   </trkpt>
   <trkpt lat="48.2238540" lon="7.5764950">
    <ele>171.4</ele>
    <time>2024-04-20T20:44:17Z</time>
   </trkpt>
   <trkpt lat="48.2238010" lon="7.5764580">
    <ele>171.5</ele>
    <time>2024-04-20T20:44:18Z</time>
   </trkpt>
   <trkpt lat="48.2237490" lon="7.5764230">
    <ele>171.5</ele>
    <time>2024-04-20T20:44:19Z</time>
   </trkpt>
   <trkpt lat="48.2236960" lon="7.5763880">
    <ele>171.5</ele>
    <time>2024-04-20T20:44:20Z</time>
   </trkpt>
   <trkpt lat="48.2236440" lon="7.5763470">
    <ele>171.5</ele>
    <time>2024-04-20T20:44:21Z</time>
   </trkpt>
   <trkpt lat="48.2235960" lon="7.5763050">
    <ele>171.6</ele>
    <time>2024-04-20T20:44:22Z</time>
   </trkpt>
   <trkpt lat="48.2235480" lon="7.5762610">
    <ele>171.6</ele>
    <time>2024-04-20T20:44:23Z</time>
   </trkpt>
   <trkpt lat="48.2234970" lon="7.5762150">
    <ele>171.5</ele>
    <time>2024-04-20T20:44:24Z</time>
   </trkpt>
   <trkpt lat="48.2234450" lon="7.5761710">
    <ele>171.5</ele>
    <time>2024-04-20T20:44:25Z</time>
   </trkpt>
   <trkpt lat="48.2233940" lon="7.5761310">
    <ele>171.5</ele>
    <time>2024-04-20T20:44:26Z</time>
   </trkpt>
   <trkpt lat="48.2233430" lon="7.5760930">
    <ele>171.5</ele>
    <time>2024-04-20T20:44:27Z</time>
   </trkpt>
   <trkpt lat="48.2232900" lon="7.5760550">
    <ele>171.4</ele>
    <time>2024-04-20T20:44:28Z</time>
   </trkpt>
   <trkpt lat="48.2232380" lon="7.5760150">
    <ele>171.4</ele>
    <time>2024-04-20T20:44:29Z</time>
   </trkpt>
   <trkpt lat="48.2231850" lon="7.5759770">
    <ele>171.4</ele>
    <time>2024-04-20T20:44:30Z</time>
   </trkpt>
   <trkpt lat="48.2231330" lon="7.5759370">
    <ele>171.5</ele>
    <time>2024-04-20T20:44:31Z</time>
   </trkpt>
   <trkpt lat="48.2230810" lon="7.5758970">
    <ele>171.5</ele>
    <time>2024-04-20T20:44:32Z</time>
   </trkpt>
   <trkpt lat="48.2230300" lon="7.5758580">
    <ele>171.5</ele>
    <time>2024-04-20T20:44:33Z</time>
   </trkpt>
   <trkpt lat="48.2229790" lon="7.5758210">
    <ele>171.5</ele>
    <time>2024-04-20T20:44:34Z</time>
   </trkpt>
   <trkpt lat="48.2229290" lon="7.5757780">
    <ele>171.5</ele>
    <time>2024-04-20T20:44:35Z</time>
   </trkpt>
   <trkpt lat="48.2228790" lon="7.5757370">
    <ele>171.6</ele>
    <time>2024-04-20T20:44:36Z</time>
   </trkpt>
   <trkpt lat="48.2228280" lon="7.5756990">
    <ele>171.6</ele>
    <time>2024-04-20T20:44:37Z</time>
   </trkpt>
   <trkpt lat="48.2227770" lon="7.5756650">
    <ele>171.6</ele>
    <time>2024-04-20T20:44:38Z</time>
   </trkpt>
   <trkpt lat="48.2227250" lon="7.5756300">
    <ele>171.7</ele>
    <time>2024-04-20T20:44:39Z</time>
   </trkpt>
   <trkpt lat="48.2226730" lon="7.5755930">
    <ele>171.7</ele>
    <time>2024-04-20T20:44:40Z</time>
   </trkpt>
   <trkpt lat="48.2226190" lon="7.5755540">
    <ele>171.7</ele>
    <time>2024-04-20T20:44:41Z</time>
   </trkpt>
   <trkpt lat="48.2225680" lon="7.5755150">
    <ele>171.7</ele>
    <time>2024-04-20T20:44:42Z</time>
   </trkpt>
   <trkpt lat="48.2225190" lon="7.5754690">
    <ele>171.7</ele>
    <time>2024-04-20T20:44:43Z</time>
   </trkpt>
   <trkpt lat="48.2224690" lon="7.5754230">
    <ele>171.6</ele>
    <time>2024-04-20T20:44:44Z</time>
   </trkpt>
   <trkpt lat="48.2224180" lon="7.5753800">
    <ele>171.6</ele>
    <time>2024-04-20T20:44:45Z</time>
   </trkpt>
   <trkpt lat="48.2223650" lon="7.5753410">
    <ele>171.6</ele>
    <time>2024-04-20T20:44:46Z</time>
   </trkpt>
   <trkpt lat="48.2223120" lon="7.5752980">
    <ele>171.6</ele>
    <time>2024-04-20T20:44:47Z</time>
   </trkpt>
   <trkpt lat="48.2222580" lon="7.5752610">
    <ele>171.6</ele>
    <time>2024-04-20T20:44:48Z</time>
   </trkpt>
   <trkpt lat="48.2222060" lon="7.5752250">
    <ele>171.6</ele>
    <time>2024-04-20T20:44:49Z</time>
   </trkpt>
   <trkpt lat="48.2221550" lon="7.5751870">
    <ele>171.6</ele>
    <time>2024-04-20T20:44:50Z</time>
   </trkpt>
   <trkpt lat="48.2221030" lon="7.5751450">
    <ele>171.7</ele>
    <time>2024-04-20T20:44:51Z</time>
   </trkpt>
   <trkpt lat="48.2220540" lon="7.5751030">
    <ele>171.7</ele>
    <time>2024-04-20T20:44:52Z</time>
   </trkpt>
   <trkpt lat="48.2220020" lon="7.5750650">
    <ele>171.7</ele>
    <time>2024-04-20T20:44:53Z</time>
   </trkpt>
   <trkpt lat="48.2219490" lon="7.5750290">
    <ele>171.6</ele>
    <time>2024-04-20T20:44:54Z</time>
   </trkpt>
   <trkpt lat="48.2218960" lon="7.5749890">
    <ele>171.6</ele>
    <time>2024-04-20T20:44:55Z</time>
   </trkpt>
   <trkpt lat="48.2218440" lon="7.5749510">
    <ele>171.6</ele>
    <time>2024-04-20T20:44:56Z</time>
   </trkpt>
   <trkpt lat="48.2217930" lon="7.5749130">
    <ele>171.6</ele>
    <time>2024-04-20T20:44:57Z</time>
   </trkpt>
   <trkpt lat="48.2217420" lon="7.5748730">
    <ele>171.6</ele>
    <time>2024-04-20T20:44:58Z</time>
   </trkpt>
   <trkpt lat="48.2216910" lon="7.5748310">
    <ele>171.6</ele>
    <time>2024-04-20T20:44:59Z</time>
   </trkpt>
   <trkpt lat="48.2216390" lon="7.5747900">
    <ele>171.6</ele>
    <time>2024-04-20T20:45:00Z</time>
   </trkpt>
   <trkpt lat="48.2215870" lon="7.5747510">
    <ele>171.7</ele>
    <time>2024-04-20T20:45:01Z</time>
   </trkpt>
   <trkpt lat="48.2215360" lon="7.5747130">
    <ele>171.7</ele>
    <time>2024-04-20T20:45:02Z</time>
   </trkpt>
   <trkpt lat="48.2214830" lon="7.5746730">
    <ele>171.7</ele>
    <time>2024-04-20T20:45:03Z</time>
   </trkpt>
   <trkpt lat="48.2213790" lon="7.5745960">
    <ele>171.7</ele>
    <time>2024-04-20T20:45:05Z</time>
   </trkpt>
   <trkpt lat="48.2213280" lon="7.5745550">
    <ele>171.7</ele>
    <time>2024-04-20T20:45:06Z</time>
   </trkpt>
   <trkpt lat="48.2212760" lon="7.5745150">
    <ele>171.7</ele>
    <time>2024-04-20T20:45:07Z</time>
   </trkpt>
   <trkpt lat="48.2212210" lon="7.5744790">
    <ele>171.7</ele>
    <time>2024-04-20T20:45:08Z</time>
   </trkpt>
   <trkpt lat="48.2211700" lon="7.5744370">
    <ele>171.7</ele>
    <time>2024-04-20T20:45:09Z</time>
   </trkpt>
   <trkpt lat="48.2211180" lon="7.5743940">
    <ele>171.7</ele>
    <time>2024-04-20T20:45:10Z</time>
   </trkpt>
   <trkpt lat="48.2210640" lon="7.5743540">
    <ele>171.7</ele>
    <time>2024-04-20T20:45:11Z</time>
   </trkpt>
   <trkpt lat="48.2210100" lon="7.5743160">
    <ele>171.7</ele>
    <time>2024-04-20T20:45:12Z</time>
   </trkpt>
   <trkpt lat="48.2209570" lon="7.5742780">
    <ele>171.8</ele>
    <time>2024-04-20T20:45:13Z</time>
   </trkpt>
   <trkpt lat="48.2209070" lon="7.5742370">
    <ele>171.8</ele>
    <time>2024-04-20T20:45:14Z</time>
   </trkpt>
   <trkpt lat="48.2208570" lon="7.5741970">
    <ele>171.8</ele>
    <time>2024-04-20T20:45:15Z</time>
   </trkpt>
   <trkpt lat="48.2208060" lon="7.5741570">
    <ele>171.8</ele>
    <time>2024-04-20T20:45:16Z</time>
   </trkpt>
   <trkpt lat="48.2207540" lon="7.5741210">
    <ele>171.8</ele>
    <time>2024-04-20T20:45:17Z</time>
   </trkpt>
   <trkpt lat="48.2207010" lon="7.5740860">
    <ele>171.8</ele>
    <time>2024-04-20T20:45:18Z</time>
   </trkpt>
   <trkpt lat="48.2206480" lon="7.5740500">
    <ele>171.8</ele>
    <time>2024-04-20T20:45:19Z</time>
   </trkpt>
   <trkpt lat="48.2205960" lon="7.5740100">
    <ele>171.8</ele>
    <time>2024-04-20T20:45:20Z</time>
   </trkpt>
   <trkpt lat="48.2205450" lon="7.5739660">
    <ele>171.8</ele>
    <time>2024-04-20T20:45:21Z</time>
   </trkpt>
   <trkpt lat="48.2204930" lon="7.5739220">
    <ele>171.9</ele>
    <time>2024-04-20T20:45:22Z</time>
   </trkpt>
   <trkpt lat="48.2204440" lon="7.5738790">
    <ele>171.9</ele>
    <time>2024-04-20T20:45:23Z</time>
   </trkpt>
   <trkpt lat="48.2203920" lon="7.5738400">
    <ele>171.8</ele>
    <time>2024-04-20T20:45:24Z</time>
   </trkpt>
   <trkpt lat="48.2203400" lon="7.5738020">
    <ele>171.8</ele>
    <time>2024-04-20T20:45:25Z</time>
   </trkpt>
   <trkpt lat="48.2202870" lon="7.5737660">
    <ele>171.8</ele>
    <time>2024-04-20T20:45:26Z</time>
   </trkpt>
   <trkpt lat="48.2202340" lon="7.5737240">
    <ele>171.8</ele>
    <time>2024-04-20T20:45:27Z</time>
   </trkpt>
   <trkpt lat="48.2201810" lon="7.5736840">
    <ele>171.7</ele>
    <time>2024-04-20T20:45:28Z</time>
   </trkpt>
   <trkpt lat="48.2201280" lon="7.5736410">
    <ele>171.7</ele>
    <time>2024-04-20T20:45:29Z</time>
   </trkpt>
   <trkpt lat="48.2200750" lon="7.5736020">
    <ele>171.7</ele>
    <time>2024-04-20T20:45:30Z</time>
   </trkpt>
   <trkpt lat="48.2200250" lon="7.5735620">
    <ele>171.7</ele>
    <time>2024-04-20T20:45:31Z</time>
   </trkpt>
   <trkpt lat="48.2199730" lon="7.5735190">
    <ele>171.6</ele>
    <time>2024-04-20T20:45:32Z</time>
   </trkpt>
   <trkpt lat="48.2199200" lon="7.5734780">
    <ele>171.6</ele>
    <time>2024-04-20T20:45:33Z</time>
   </trkpt>
   <trkpt lat="48.2198660" lon="7.5734360">
    <ele>171.6</ele>
    <time>2024-04-20T20:45:34Z</time>
   </trkpt>
   <trkpt lat="48.2198120" lon="7.5733950">
    <ele>171.6</ele>
    <time>2024-04-20T20:45:35Z</time>
   </trkpt>
   <trkpt lat="48.2197600" lon="7.5733510">
    <ele>171.6</ele>
    <time>2024-04-20T20:45:36Z</time>
   </trkpt>
   <trkpt lat="48.2197070" lon="7.5733110">
    <ele>171.6</ele>
    <time>2024-04-20T20:45:37Z</time>
   </trkpt>
   <trkpt lat="48.2196520" lon="7.5732700">
    <ele>171.6</ele>
    <time>2024-04-20T20:45:38Z</time>
   </trkpt>
   <trkpt lat="48.2195980" lon="7.5732300">
    <ele>171.6</ele>
    <time>2024-04-20T20:45:39Z</time>
   </trkpt>
   <trkpt lat="48.2195460" lon="7.5731930">
    <ele>171.6</ele>
    <time>2024-04-20T20:45:40Z</time>
   </trkpt>
   <trkpt lat="48.2194950" lon="7.5731560">
    <ele>171.6</ele>
    <time>2024-04-20T20:45:41Z</time>
   </trkpt>
   <trkpt lat="48.2194420" lon="7.5731170">
    <ele>171.6</ele>
    <time>2024-04-20T20:45:42Z</time>
   </trkpt>
   <trkpt lat="48.2193910" lon="7.5730750">
    <ele>171.6</ele>
    <time>2024-04-20T20:45:43Z</time>
   </trkpt>
   <trkpt lat="48.2193450" lon="7.5730330">
    <ele>171.6</ele>
    <time>2024-04-20T20:45:44Z</time>
   </trkpt>
   <trkpt lat="48.2192960" lon="7.5729960">
    <ele>171.6</ele>
    <time>2024-04-20T20:45:45Z</time>
   </trkpt>
   <trkpt lat="48.2192490" lon="7.5729600">
    <ele>171.7</ele>
    <time>2024-04-20T20:45:46Z</time>
   </trkpt>
   <trkpt lat="48.2192010" lon="7.5729200">
    <ele>171.7</ele>
    <time>2024-04-20T20:45:47Z</time>
   </trkpt>
   <trkpt lat="48.2191510" lon="7.5728780">
    <ele>171.7</ele>
    <time>2024-04-20T20:45:48Z</time>
   </trkpt>
   <trkpt lat="48.2191000" lon="7.5728390">
    <ele>171.7</ele>
    <time>2024-04-20T20:45:49Z</time>
   </trkpt>
   <trkpt lat="48.2190500" lon="7.5728050">
    <ele>171.7</ele>
    <time>2024-04-20T20:45:50Z</time>
   </trkpt>
   <trkpt lat="48.2189980" lon="7.5727710">
    <ele>171.7</ele>
    <time>2024-04-20T20:45:51Z</time>
   </trkpt>
   <trkpt lat="48.2189490" lon="7.5727320">
    <ele>171.7</ele>
    <time>2024-04-20T20:45:52Z</time>
   </trkpt>
   <trkpt lat="48.2189010" lon="7.5726920">
    <ele>171.7</ele>
    <time>2024-04-20T20:45:53Z</time>
   </trkpt>
   <trkpt lat="48.2188530" lon="7.5726510">
    <ele>171.7</ele>
    <time>2024-04-20T20:45:54Z</time>
   </trkpt>
   <trkpt lat="48.2188020" lon="7.5726120">
    <ele>171.6</ele>
    <time>2024-04-20T20:45:55Z</time>
   </trkpt>
   <trkpt lat="48.2187530" lon="7.5725760">
    <ele>171.6</ele>
    <time>2024-04-20T20:45:56Z</time>
   </trkpt>
   <trkpt lat="48.2187040" lon="7.5725420">
    <ele>171.6</ele>
    <time>2024-04-20T20:45:57Z</time>
   </trkpt>
   <trkpt lat="48.2186550" lon="7.5725060">
    <ele>171.6</ele>
    <time>2024-04-20T20:45:58Z</time>
   </trkpt>
   <trkpt lat="48.2186070" lon="7.5724650">
    <ele>171.6</ele>
    <time>2024-04-20T20:45:59Z</time>
   </trkpt>
   <trkpt lat="48.2185560" lon="7.5724270">
    <ele>171.6</ele>
    <time>2024-04-20T20:46:00Z</time>
   </trkpt>
   <trkpt lat="48.2185050" lon="7.5723880">
    <ele>171.6</ele>
    <time>2024-04-20T20:46:01Z</time>
   </trkpt>
   <trkpt lat="48.2184540" lon="7.5723530">
    <ele>171.6</ele>
    <time>2024-04-20T20:46:02Z</time>
   </trkpt>
   <trkpt lat="48.2184050" lon="7.5723140">
    <ele>171.6</ele>
    <time>2024-04-20T20:46:03Z</time>
   </trkpt>
   <trkpt lat="48.2183560" lon="7.5722770">
    <ele>171.6</ele>
    <time>2024-04-20T20:46:04Z</time>
   </trkpt>
   <trkpt lat="48.2183070" lon="7.5722420">
    <ele>171.6</ele>
    <time>2024-04-20T20:46:05Z</time>
   </trkpt>
   <trkpt lat="48.2182570" lon="7.5722060">
    <ele>171.6</ele>
    <time>2024-04-20T20:46:06Z</time>
   </trkpt>
   <trkpt lat="48.2182080" lon="7.5721720">
    <ele>171.6</ele>
    <time>2024-04-20T20:46:07Z</time>
   </trkpt>
   <trkpt lat="48.2181600" lon="7.5721340">
    <ele>171.6</ele>
    <time>2024-04-20T20:46:08Z</time>
   </trkpt>
   <trkpt lat="48.2181110" lon="7.5720960">
    <ele>171.6</ele>
    <time>2024-04-20T20:46:09Z</time>
   </trkpt>
   <trkpt lat="48.2180620" lon="7.5720570">
    <ele>171.6</ele>
    <time>2024-04-20T20:46:10Z</time>
   </trkpt>
   <trkpt lat="48.2180130" lon="7.5720160">
    <ele>171.6</ele>
    <time>2024-04-20T20:46:11Z</time>
   </trkpt>
   <trkpt lat="48.2179640" lon="7.5719750">
    <ele>171.6</ele>
    <time>2024-04-20T20:46:12Z</time>
   </trkpt>
   <trkpt lat="48.2179140" lon="7.5719340">
    <ele>171.6</ele>
    <time>2024-04-20T20:46:13Z</time>
   </trkpt>
   <trkpt lat="48.2178650" lon="7.5718970">
    <ele>171.6</ele>
    <time>2024-04-20T20:46:14Z</time>
   </trkpt>
   <trkpt lat="48.2178150" lon="7.5718600">
    <ele>171.5</ele>
    <time>2024-04-20T20:46:15Z</time>
   </trkpt>
   <trkpt lat="48.2177650" lon="7.5718180">
    <ele>171.5</ele>
    <time>2024-04-20T20:46:16Z</time>
   </trkpt>
   <trkpt lat="48.2177120" lon="7.5717810">
    <ele>171.6</ele>
    <time>2024-04-20T20:46:17Z</time>
   </trkpt>
   <trkpt lat="48.2176630" lon="7.5717380">
    <ele>171.6</ele>
    <time>2024-04-20T20:46:18Z</time>
   </trkpt>
   <trkpt lat="48.2176130" lon="7.5716970">
    <ele>171.6</ele>
    <time>2024-04-20T20:46:19Z</time>
   </trkpt>
   <trkpt lat="48.2175610" lon="7.5716640">
    <ele>171.6</ele>
    <time>2024-04-20T20:46:20Z</time>
   </trkpt>
   <trkpt lat="48.2175100" lon="7.5716280">
    <ele>171.5</ele>
    <time>2024-04-20T20:46:21Z</time>
   </trkpt>
   <trkpt lat="48.2174590" lon="7.5715920">
    <ele>171.5</ele>
    <time>2024-04-20T20:46:22Z</time>
   </trkpt>
   <trkpt lat="48.2174070" lon="7.5715530">
    <ele>171.5</ele>
    <time>2024-04-20T20:46:23Z</time>
   </trkpt>
   <trkpt lat="48.2173570" lon="7.5715120">
    <ele>171.5</ele>
    <time>2024-04-20T20:46:24Z</time>
   </trkpt>
   <trkpt lat="48.2173070" lon="7.5714710">
    <ele>171.5</ele>
    <time>2024-04-20T20:46:25Z</time>
   </trkpt>
   <trkpt lat="48.2172560" lon="7.5714290">
    <ele>171.4</ele>
    <time>2024-04-20T20:46:26Z</time>
   </trkpt>
   <trkpt lat="48.2172050" lon="7.5713880">
    <ele>171.4</ele>
    <time>2024-04-20T20:46:27Z</time>
   </trkpt>
   <trkpt lat="48.2171520" lon="7.5713480">
    <ele>171.4</ele>
    <time>2024-04-20T20:46:28Z</time>
   </trkpt>
   <trkpt lat="48.2171000" lon="7.5713100">
    <ele>171.4</ele>
    <time>2024-04-20T20:46:29Z</time>
   </trkpt>
   <trkpt lat="48.2170480" lon="7.5712680">
    <ele>171.4</ele>
    <time>2024-04-20T20:46:30Z</time>
   </trkpt>
   <trkpt lat="48.2169970" lon="7.5712270">
    <ele>171.4</ele>
    <time>2024-04-20T20:46:31Z</time>
   </trkpt>
   <trkpt lat="48.2169450" lon="7.5711860">
    <ele>171.4</ele>
    <time>2024-04-20T20:46:32Z</time>
   </trkpt>
   <trkpt lat="48.2168940" lon="7.5711470">
    <ele>171.4</ele>
    <time>2024-04-20T20:46:33Z</time>
   </trkpt>
   <trkpt lat="48.2168440" lon="7.5711060">
    <ele>171.4</ele>
    <time>2024-04-20T20:46:34Z</time>
   </trkpt>
   <trkpt lat="48.2167920" lon="7.5710670">
    <ele>171.3</ele>
    <time>2024-04-20T20:46:35Z</time>
   </trkpt>
   <trkpt lat="48.2167410" lon="7.5710270">
    <ele>171.3</ele>
    <time>2024-04-20T20:46:36Z</time>
   </trkpt>
   <trkpt lat="48.2166880" lon="7.5709910">
    <ele>171.3</ele>
    <time>2024-04-20T20:46:37Z</time>
   </trkpt>
   <trkpt lat="48.2166370" lon="7.5709530">
    <ele>171.3</ele>
    <time>2024-04-20T20:46:38Z</time>
   </trkpt>
   <trkpt lat="48.2165870" lon="7.5709170">
    <ele>171.3</ele>
    <time>2024-04-20T20:46:39Z</time>
   </trkpt>
   <trkpt lat="48.2165360" lon="7.5708790">
    <ele>171.3</ele>
    <time>2024-04-20T20:46:40Z</time>
   </trkpt>
   <trkpt lat="48.2164860" lon="7.5708440">
    <ele>171.3</ele>
    <time>2024-04-20T20:46:41Z</time>
   </trkpt>
   <trkpt lat="48.2164330" lon="7.5708000">
    <ele>171.3</ele>
    <time>2024-04-20T20:46:42Z</time>
   </trkpt>
   <trkpt lat="48.2163300" lon="7.5707170">
    <ele>171.3</ele>
    <time>2024-04-20T20:46:44Z</time>
   </trkpt>
   <trkpt lat="48.2162780" lon="7.5706810">
    <ele>171.3</ele>
    <time>2024-04-20T20:46:45Z</time>
   </trkpt>
   <trkpt lat="48.2162250" lon="7.5706450">
    <ele>171.3</ele>
    <time>2024-04-20T20:46:46Z</time>
   </trkpt>
   <trkpt lat="48.2161740" lon="7.5706080">
    <ele>171.3</ele>
    <time>2024-04-20T20:46:47Z</time>
   </trkpt>
   <trkpt lat="48.2161250" lon="7.5705710">
    <ele>171.3</ele>
    <time>2024-04-20T20:46:48Z</time>
   </trkpt>
   <trkpt lat="48.2160730" lon="7.5705330">
    <ele>171.3</ele>
    <time>2024-04-20T20:46:49Z</time>
   </trkpt>
   <trkpt lat="48.2160240" lon="7.5704930">
    <ele>171.3</ele>
    <time>2024-04-20T20:46:50Z</time>
   </trkpt>
   <trkpt lat="48.2159730" lon="7.5704550">
    <ele>171.3</ele>
    <time>2024-04-20T20:46:51Z</time>
   </trkpt>
   <trkpt lat="48.2159210" lon="7.5704220">
    <ele>171.3</ele>
    <time>2024-04-20T20:46:52Z</time>
   </trkpt>
   <trkpt lat="48.2158700" lon="7.5703830">
    <ele>171.3</ele>
    <time>2024-04-20T20:46:53Z</time>
   </trkpt>
   <trkpt lat="48.2158210" lon="7.5703440">
    <ele>171.2</ele>
    <time>2024-04-20T20:46:54Z</time>
   </trkpt>
   <trkpt lat="48.2157700" lon="7.5703050">
    <ele>171.2</ele>
    <time>2024-04-20T20:46:55Z</time>
   </trkpt>
   <trkpt lat="48.2157210" lon="7.5702650">
    <ele>171.2</ele>
    <time>2024-04-20T20:46:56Z</time>
   </trkpt>
   <trkpt lat="48.2156690" lon="7.5702300">
    <ele>171.2</ele>
    <time>2024-04-20T20:46:57Z</time>
   </trkpt>
   <trkpt lat="48.2156180" lon="7.5701910">
    <ele>171.2</ele>
    <time>2024-04-20T20:46:58Z</time>
   </trkpt>
   <trkpt lat="48.2155690" lon="7.5701500">
    <ele>171.2</ele>
    <time>2024-04-20T20:46:59Z</time>
   </trkpt>
   <trkpt lat="48.2155190" lon="7.5701110">
    <ele>171.2</ele>
    <time>2024-04-20T20:47:00Z</time>
   </trkpt>
   <trkpt lat="48.2154680" lon="7.5700700">
    <ele>171.2</ele>
    <time>2024-04-20T20:47:01Z</time>
   </trkpt>
   <trkpt lat="48.2154160" lon="7.5700330">
    <ele>171.2</ele>
    <time>2024-04-20T20:47:02Z</time>
   </trkpt>
   <trkpt lat="48.2153660" lon="7.5699930">
    <ele>171.2</ele>
    <time>2024-04-20T20:47:03Z</time>
   </trkpt>
   <trkpt lat="48.2153150" lon="7.5699520">
    <ele>171.2</ele>
    <time>2024-04-20T20:47:04Z</time>
   </trkpt>
   <trkpt lat="48.2152640" lon="7.5699120">
    <ele>171.2</ele>
    <time>2024-04-20T20:47:05Z</time>
   </trkpt>
   <trkpt lat="48.2152140" lon="7.5698740">
    <ele>171.2</ele>
    <time>2024-04-20T20:47:06Z</time>
   </trkpt>
   <trkpt lat="48.2151620" lon="7.5698350">
    <ele>171.2</ele>
    <time>2024-04-20T20:47:07Z</time>
   </trkpt>
   <trkpt lat="48.2151110" lon="7.5697960">
    <ele>171.2</ele>
    <time>2024-04-20T20:47:08Z</time>
   </trkpt>
   <trkpt lat="48.2150610" lon="7.5697550">
    <ele>171.2</ele>
    <time>2024-04-20T20:47:09Z</time>
   </trkpt>
   <trkpt lat="48.2150120" lon="7.5697150">
    <ele>171.2</ele>
    <time>2024-04-20T20:47:10Z</time>
   </trkpt>
   <trkpt lat="48.2149630" lon="7.5696770">
    <ele>171.2</ele>
    <time>2024-04-20T20:47:11Z</time>
   </trkpt>
   <trkpt lat="48.2149140" lon="7.5696360">
    <ele>171.2</ele>
    <time>2024-04-20T20:47:12Z</time>
   </trkpt>
   <trkpt lat="48.2148630" lon="7.5695990">
    <ele>171.2</ele>
    <time>2024-04-20T20:47:13Z</time>
   </trkpt>
   <trkpt lat="48.2148140" lon="7.5695590">
    <ele>171.2</ele>
    <time>2024-04-20T20:47:14Z</time>
   </trkpt>
   <trkpt lat="48.2147640" lon="7.5695190">
    <ele>171.2</ele>
    <time>2024-04-20T20:47:15Z</time>
   </trkpt>
   <trkpt lat="48.2147140" lon="7.5694860">
    <ele>171.2</ele>
    <time>2024-04-20T20:47:16Z</time>
   </trkpt>
   <trkpt lat="48.2146630" lon="7.5694490">
    <ele>171.1</ele>
    <time>2024-04-20T20:47:17Z</time>
   </trkpt>
   <trkpt lat="48.2146130" lon="7.5694110">
    <ele>171.1</ele>
    <time>2024-04-20T20:47:18Z</time>
   </trkpt>
   <trkpt lat="48.2145630" lon="7.5693690">
    <ele>171.1</ele>
    <time>2024-04-20T20:47:19Z</time>
   </trkpt>
   <trkpt lat="48.2145110" lon="7.5693250">
    <ele>171.1</ele>
    <time>2024-04-20T20:47:20Z</time>
   </trkpt>
   <trkpt lat="48.2144580" lon="7.5692840">
    <ele>171.1</ele>
    <time>2024-04-20T20:47:21Z</time>
   </trkpt>
   <trkpt lat="48.2144080" lon="7.5692430">
    <ele>171.1</ele>
    <time>2024-04-20T20:47:22Z</time>
   </trkpt>
   <trkpt lat="48.2143580" lon="7.5692030">
    <ele>171.1</ele>
    <time>2024-04-20T20:47:23Z</time>
   </trkpt>
   <trkpt lat="48.2143070" lon="7.5691630">
    <ele>171.1</ele>
    <time>2024-04-20T20:47:24Z</time>
   </trkpt>
   <trkpt lat="48.2142580" lon="7.5691210">
    <ele>171.1</ele>
    <time>2024-04-20T20:47:25Z</time>
   </trkpt>
   <trkpt lat="48.2142060" lon="7.5690810">
    <ele>171.1</ele>
    <time>2024-04-20T20:47:26Z</time>
   </trkpt>
   <trkpt lat="48.2141520" lon="7.5690450">
    <ele>171.1</ele>
    <time>2024-04-20T20:47:27Z</time>
   </trkpt>
   <trkpt lat="48.2141000" lon="7.5690070">
    <ele>171.1</ele>
    <time>2024-04-20T20:47:28Z</time>
   </trkpt>
   <trkpt lat="48.2140480" lon="7.5689690">
    <ele>171.1</ele>
    <time>2024-04-20T20:47:29Z</time>
   </trkpt>
   <trkpt lat="48.2139960" lon="7.5689330">
    <ele>171.1</ele>
    <time>2024-04-20T20:47:30Z</time>
   </trkpt>
   <trkpt lat="48.2139460" lon="7.5688940">
    <ele>171.1</ele>
    <time>2024-04-20T20:47:31Z</time>
   </trkpt>
   <trkpt lat="48.2138960" lon="7.5688590">
    <ele>171.1</ele>
    <time>2024-04-20T20:47:32Z</time>
   </trkpt>
   <trkpt lat="48.2138450" lon="7.5688180">
    <ele>171.1</ele>
    <time>2024-04-20T20:47:33Z</time>
   </trkpt>
   <trkpt lat="48.2137960" lon="7.5687790">
    <ele>171.1</ele>
    <time>2024-04-20T20:47:34Z</time>
   </trkpt>
   <trkpt lat="48.2137450" lon="7.5687420">
    <ele>171.1</ele>
    <time>2024-04-20T20:47:35Z</time>
   </trkpt>
   <trkpt lat="48.2136940" lon="7.5687050">
    <ele>171.1</ele>
    <time>2024-04-20T20:47:36Z</time>
   </trkpt>
   <trkpt lat="48.2136450" lon="7.5686690">
    <ele>171.1</ele>
    <time>2024-04-20T20:47:37Z</time>
   </trkpt>
   <trkpt lat="48.2135960" lon="7.5686280">
    <ele>171.1</ele>
    <time>2024-04-20T20:47:38Z</time>
   </trkpt>
   <trkpt lat="48.2135480" lon="7.5685880">
    <ele>171.1</ele>
    <time>2024-04-20T20:47:39Z</time>
   </trkpt>
   <trkpt lat="48.2134990" lon="7.5685470">
    <ele>171.0</ele>
    <time>2024-04-20T20:47:40Z</time>
   </trkpt>
   <trkpt lat="48.2134470" lon="7.5685100">
    <ele>171.0</ele>
    <time>2024-04-20T20:47:41Z</time>
   </trkpt>
   <trkpt lat="48.2133950" lon="7.5684710">
    <ele>171.0</ele>
    <time>2024-04-20T20:47:42Z</time>
   </trkpt>
   <trkpt lat="48.2133410" lon="7.5684330">
    <ele>171.0</ele>
    <time>2024-04-20T20:47:43Z</time>
   </trkpt>
   <trkpt lat="48.2132880" lon="7.5683930">
    <ele>170.9</ele>
    <time>2024-04-20T20:47:44Z</time>
   </trkpt>
   <trkpt lat="48.2132360" lon="7.5683540">
    <ele>170.9</ele>
    <time>2024-04-20T20:47:45Z</time>
   </trkpt>
   <trkpt lat="48.2131850" lon="7.5683180">
    <ele>170.9</ele>
    <time>2024-04-20T20:47:46Z</time>
   </trkpt>
   <trkpt lat="48.2131340" lon="7.5682800">
    <ele>170.9</ele>
    <time>2024-04-20T20:47:47Z</time>
   </trkpt>
   <trkpt lat="48.2130830" lon="7.5682400">
    <ele>170.9</ele>
    <time>2024-04-20T20:47:48Z</time>
   </trkpt>
   <trkpt lat="48.2130310" lon="7.5682030">
    <ele>170.9</ele>
    <time>2024-04-20T20:47:49Z</time>
   </trkpt>
   <trkpt lat="48.2129800" lon="7.5681640">
    <ele>170.9</ele>
    <time>2024-04-20T20:47:50Z</time>
   </trkpt>
   <trkpt lat="48.2129310" lon="7.5681260">
    <ele>170.9</ele>
    <time>2024-04-20T20:47:51Z</time>
   </trkpt>
   <trkpt lat="48.2128820" lon="7.5680860">
    <ele>170.9</ele>
    <time>2024-04-20T20:47:52Z</time>
   </trkpt>
   <trkpt lat="48.2128310" lon="7.5680460">
    <ele>170.8</ele>
    <time>2024-04-20T20:47:53Z</time>
   </trkpt>
   <trkpt lat="48.2127810" lon="7.5680080">
    <ele>170.8</ele>
    <time>2024-04-20T20:47:54Z</time>
   </trkpt>
   <trkpt lat="48.2127310" lon="7.5679660">
    <ele>170.8</ele>
    <time>2024-04-20T20:47:55Z</time>
   </trkpt>
   <trkpt lat="48.2126810" lon="7.5679290">
    <ele>170.8</ele>
    <time>2024-04-20T20:47:56Z</time>
   </trkpt>
   <trkpt lat="48.2126320" lon="7.5678930">
    <ele>170.8</ele>
    <time>2024-04-20T20:47:57Z</time>
   </trkpt>
   <trkpt lat="48.2125820" lon="7.5678540">
    <ele>170.8</ele>
    <time>2024-04-20T20:47:58Z</time>
   </trkpt>
   <trkpt lat="48.2125340" lon="7.5678140">
    <ele>170.8</ele>
    <time>2024-04-20T20:47:59Z</time>
   </trkpt>
   <trkpt lat="48.2124840" lon="7.5677770">
    <ele>170.8</ele>
    <time>2024-04-20T20:48:00Z</time>
   </trkpt>
   <trkpt lat="48.2124330" lon="7.5677410">
    <ele>170.8</ele>
    <time>2024-04-20T20:48:01Z</time>
   </trkpt>
   <trkpt lat="48.2123830" lon="7.5677050">
    <ele>170.8</ele>
    <time>2024-04-20T20:48:02Z</time>
   </trkpt>
   <trkpt lat="48.2123340" lon="7.5676660">
    <ele>170.8</ele>
    <time>2024-04-20T20:48:03Z</time>
   </trkpt>
   <trkpt lat="48.2122860" lon="7.5676260">
    <ele>170.8</ele>
    <time>2024-04-20T20:48:04Z</time>
   </trkpt>
   <trkpt lat="48.2122370" lon="7.5675880">
    <ele>170.9</ele>
    <time>2024-04-20T20:48:05Z</time>
   </trkpt>
   <trkpt lat="48.2121860" lon="7.5675530">
    <ele>170.9</ele>
    <time>2024-04-20T20:48:06Z</time>
   </trkpt>
   <trkpt lat="48.2121370" lon="7.5675110">
    <ele>170.9</ele>
    <time>2024-04-20T20:48:07Z</time>
   </trkpt>
   <trkpt lat="48.2120880" lon="7.5674720">
    <ele>170.9</ele>
    <time>2024-04-20T20:48:08Z</time>
   </trkpt>
   <trkpt lat="48.2120380" lon="7.5674330">
    <ele>170.9</ele>
    <time>2024-04-20T20:48:09Z</time>
   </trkpt>
   <trkpt lat="48.2119880" lon="7.5673940">
    <ele>171.0</ele>
    <time>2024-04-20T20:48:10Z</time>
   </trkpt>
   <trkpt lat="48.2119380" lon="7.5673570">
    <ele>171.0</ele>
    <time>2024-04-20T20:48:11Z</time>
   </trkpt>
   <trkpt lat="48.2118920" lon="7.5673200">
    <ele>171.1</ele>
    <time>2024-04-20T20:48:12Z</time>
   </trkpt>
   <trkpt lat="48.2118450" lon="7.5672840">
    <ele>171.2</ele>
    <time>2024-04-20T20:48:13Z</time>
   </trkpt>
   <trkpt lat="48.2117980" lon="7.5672480">
    <ele>171.3</ele>
    <time>2024-04-20T20:48:14Z</time>
   </trkpt>
   <trkpt lat="48.2117510" lon="7.5672140">
    <ele>171.3</ele>
    <time>2024-04-20T20:48:15Z</time>
   </trkpt>
   <trkpt lat="48.2117050" lon="7.5671800">
    <ele>171.5</ele>
    <time>2024-04-20T20:48:16Z</time>
   </trkpt>
   <trkpt lat="48.2116600" lon="7.5671450">
    <ele>171.6</ele>
    <time>2024-04-20T20:48:17Z</time>
   </trkpt>
   <trkpt lat="48.2116190" lon="7.5671090">
    <ele>171.8</ele>
    <time>2024-04-20T20:48:18Z</time>
   </trkpt>
   <trkpt lat="48.2115790" lon="7.5670770">
    <ele>172.0</ele>
    <time>2024-04-20T20:48:19Z</time>
   </trkpt>
   <trkpt lat="48.2115420" lon="7.5670500">
    <ele>172.1</ele>
    <time>2024-04-20T20:48:20Z</time>
   </trkpt>
   <trkpt lat="48.2115100" lon="7.5670260">
    <ele>172.3</ele>
    <time>2024-04-20T20:48:21Z</time>
   </trkpt>
   <trkpt lat="48.2114770" lon="7.5670080">
    <ele>172.5</ele>
    <time>2024-04-20T20:48:22Z</time>
   </trkpt>
   <trkpt lat="48.2114490" lon="7.5669880">
    <ele>172.6</ele>
    <time>2024-04-20T20:48:23Z</time>
   </trkpt>
   <trkpt lat="48.2114140" lon="7.5669690">
    <ele>172.7</ele>
    <time>2024-04-20T20:48:24Z</time>
   </trkpt>
   <trkpt lat="48.2114030" lon="7.5669660">
    <ele>172.7</ele>
    <time>2024-04-20T20:48:25Z</time>
   </trkpt>
   <trkpt lat="48.2113850" lon="7.5669640">
    <ele>172.7</ele>
    <time>2024-04-20T20:48:26Z</time>
   </trkpt>
   <trkpt lat="48.2113680" lon="7.5669630">
    <ele>172.7</ele>
    <time>2024-04-20T20:48:27Z</time>
   </trkpt>
   <trkpt lat="48.2113540" lon="7.5669590">
    <ele>172.8</ele>
    <time>2024-04-20T20:48:28Z</time>
   </trkpt>
   <trkpt lat="48.2113270" lon="7.5669410">
    <ele>172.8</ele>
    <time>2024-04-20T20:48:30Z</time>
   </trkpt>
   <trkpt lat="48.2113140" lon="7.5669410">
    <ele>172.8</ele>
    <time>2024-04-20T20:48:31Z</time>
   </trkpt>
   <trkpt lat="48.2113080" lon="7.5669450">
    <ele>172.8</ele>
    <time>2024-04-20T20:48:32Z</time>
   </trkpt>
   <trkpt lat="48.2113090" lon="7.5669470">
    <ele>172.8</ele>
    <time>2024-04-20T20:48:33Z</time>
   </trkpt>
   <trkpt lat="48.2113120" lon="7.5669490">
    <ele>172.8</ele>
    <time>2024-04-20T20:48:34Z</time>
   </trkpt>
   <trkpt lat="48.2113140" lon="7.5669510">
    <ele>172.8</ele>
    <time>2024-04-20T20:48:35Z</time>
   </trkpt>
   <trkpt lat="48.2113160" lon="7.5669520">
    <ele>172.8</ele>
    <time>2024-04-20T20:48:36Z</time>
   </trkpt>
   <trkpt lat="48.2113170" lon="7.5669530">
    <ele>172.8</ele>
    <time>2024-04-20T20:48:37Z</time>
   </trkpt>
   <trkpt lat="48.2113170" lon="7.5669530">
    <ele>172.8</ele>
    <time>2024-04-20T20:48:38Z</time>
   </trkpt>
   <trkpt lat="48.2113170" lon="7.5669530">
    <ele>172.8</ele>
    <time>2024-04-20T20:48:39Z</time>
   </trkpt>
   <trkpt lat="48.2113170" lon="7.5669530">
    <ele>172.8</ele>
    <time>2024-04-20T20:48:40Z</time>
   </trkpt>
   <trkpt lat="48.2113170" lon="7.5669530">
    <ele>172.8</ele>
    <time>2024-04-20T20:48:41Z</time>
   </trkpt>
   <trkpt lat="48.2113180" lon="7.5669520">
    <ele>172.8</ele>
    <time>2024-04-20T20:48:42Z</time>
   </trkpt>
   <trkpt lat="48.2113510" lon="7.5669690">
    <ele>172.8</ele>
    <time>2024-04-20T20:48:47Z</time>
   </trkpt>
   <trkpt lat="48.2113650" lon="7.5669770">
    <ele>172.8</ele>
    <time>2024-04-20T20:48:48Z</time>
   </trkpt>
   <trkpt lat="48.2113780" lon="7.5669880">
    <ele>172.8</ele>
    <time>2024-04-20T20:48:49Z</time>
   </trkpt>
   <trkpt lat="48.2113840" lon="7.5669980">
    <ele>172.8</ele>
    <time>2024-04-20T20:48:50Z</time>
   </trkpt>
   <trkpt lat="48.2113840" lon="7.5670070">
    <ele>172.8</ele>
    <time>2024-04-20T20:48:51Z</time>
   </trkpt>
   <trkpt lat="48.2113800" lon="7.5670120">
    <ele>172.7</ele>
    <time>2024-04-20T20:48:52Z</time>
   </trkpt>
   <trkpt lat="48.2113770" lon="7.5670140">
    <ele>172.7</ele>
    <time>2024-04-20T20:48:53Z</time>
   </trkpt>
   <trkpt lat="48.2113740" lon="7.5670170">
    <ele>172.7</ele>
    <time>2024-04-20T20:48:54Z</time>
   </trkpt>
   <trkpt lat="48.2113710" lon="7.5670190">
    <ele>172.6</ele>
    <time>2024-04-20T20:48:55Z</time>
   </trkpt>
   <trkpt lat="48.2113700" lon="7.5670200">
    <ele>172.6</ele>
    <time>2024-04-20T20:48:56Z</time>
   </trkpt>
   <trkpt lat="48.2113680" lon="7.5670210">
    <ele>172.5</ele>
    <time>2024-04-20T20:48:57Z</time>
   </trkpt>
   <trkpt lat="48.2113680" lon="7.5670210">
    <ele>172.5</ele>
    <time>2024-04-20T20:48:58Z</time>
   </trkpt>
   <trkpt lat="48.2113680" lon="7.5670210">
    <ele>172.4</ele>
    <time>2024-04-20T20:48:59Z</time>
   </trkpt>
   <trkpt lat="48.2113690" lon="7.5670230">
    <ele>172.4</ele>
    <time>2024-04-20T20:49:00Z</time>
   </trkpt>
   <trkpt lat="48.2113680" lon="7.5670260">
    <ele>172.3</ele>
    <time>2024-04-20T20:49:01Z</time>
   </trkpt>
   <trkpt lat="48.2113680" lon="7.5670290">
    <ele>172.3</ele>
    <time>2024-04-20T20:49:02Z</time>
   </trkpt>
   <trkpt lat="48.2113670" lon="7.5670330">
    <ele>172.2</ele>
    <time>2024-04-20T20:49:03Z</time>
   </trkpt>
   <trkpt lat="48.2113670" lon="7.5670360">
    <ele>172.2</ele>
    <time>2024-04-20T20:49:04Z</time>
   </trkpt>
   <trkpt lat="48.2113670" lon="7.5670390">
    <ele>172.1</ele>
    <time>2024-04-20T20:49:05Z</time>
   </trkpt>
   <trkpt lat="48.2113540" lon="7.5670850">
    <ele>172.0</ele>
    <time>2024-04-20T20:49:13Z</time>
   </trkpt>
   <trkpt lat="48.2113480" lon="7.5671020">
    <ele>171.8</ele>
    <time>2024-04-20T20:49:14Z</time>
   </trkpt>
   <trkpt lat="48.2113420" lon="7.5671170">
    <ele>171.8</ele>
    <time>2024-04-20T20:49:15Z</time>
   </trkpt>
   <trkpt lat="48.2113390" lon="7.5671230">
    <ele>171.8</ele>
    <time>2024-04-20T20:49:16Z</time>
   </trkpt>
   <trkpt lat="48.2113370" lon="7.5671210">
    <ele>171.7</ele>
    <time>2024-04-20T20:49:17Z</time>
   </trkpt>
   <trkpt lat="48.2113350" lon="7.5671220">
    <ele>171.7</ele>
    <time>2024-04-20T20:49:18Z</time>
   </trkpt>
   <trkpt lat="48.2113320" lon="7.5671240">
    <ele>171.6</ele>
    <time>2024-04-20T20:49:19Z</time>
   </trkpt>
   <trkpt lat="48.2113300" lon="7.5671270">
    <ele>171.6</ele>
    <time>2024-04-20T20:49:20Z</time>
   </trkpt>
   <trkpt lat="48.2113280" lon="7.5671320">
    <ele>171.5</ele>
    <time>2024-04-20T20:49:21Z</time>
   </trkpt>
   <trkpt lat="48.2113260" lon="7.5671340">
    <ele>171.4</ele>
    <time>2024-04-20T20:49:22Z</time>
   </trkpt>
   <trkpt lat="48.2113240" lon="7.5671380">
    <ele>171.3</ele>
    <time>2024-04-20T20:49:23Z</time>
   </trkpt>
   <trkpt lat="48.2113210" lon="7.5671430">
    <ele>171.3</ele>
    <time>2024-04-20T20:49:24Z</time>
   </trkpt>
   <trkpt lat="48.2113170" lon="7.5671500">
    <ele>171.2</ele>
    <time>2024-04-20T20:49:25Z</time>
   </trkpt>
   <trkpt lat="48.2113130" lon="7.5671570">
    <ele>171.2</ele>
    <time>2024-04-20T20:49:26Z</time>
   </trkpt>
   <trkpt lat="48.2113100" lon="7.5671620">
    <ele>171.1</ele>
    <time>2024-04-20T20:49:27Z</time>
   </trkpt>
   <trkpt lat="48.2113090" lon="7.5671640">
    <ele>171.1</ele>
    <time>2024-04-20T20:49:28Z</time>
   </trkpt>
   <trkpt lat="48.2113050" lon="7.5671670">
    <ele>171.0</ele>
    <time>2024-04-20T20:49:29Z</time>
   </trkpt>
   <trkpt lat="48.2113010" lon="7.5671780">
    <ele>170.9</ele>
    <time>2024-04-20T20:49:30Z</time>
   </trkpt>
   <trkpt lat="48.2112960" lon="7.5671930">
    <ele>170.8</ele>
    <time>2024-04-20T20:49:31Z</time>
   </trkpt>
   <trkpt lat="48.2112980" lon="7.5672130">
    <ele>170.8</ele>
    <time>2024-04-20T20:49:32Z</time>
   </trkpt>
   <trkpt lat="48.2113010" lon="7.5672190">
    <ele>170.8</ele>
    <time>2024-04-20T20:49:33Z</time>
   </trkpt>
   <trkpt lat="48.2113040" lon="7.5672250">
    <ele>170.7</ele>
    <time>2024-04-20T20:49:34Z</time>
   </trkpt>
   <trkpt lat="48.2113070" lon="7.5672300">
    <ele>170.7</ele>
    <time>2024-04-20T20:49:35Z</time>
   </trkpt>
   <trkpt lat="48.2113110" lon="7.5672360">
    <ele>170.7</ele>
    <time>2024-04-20T20:49:36Z</time>
   </trkpt>
   <trkpt lat="48.2113140" lon="7.5672420">
    <ele>170.7</ele>
    <time>2024-04-20T20:49:37Z</time>
   </trkpt>
   <trkpt lat="48.2113360" lon="7.5672660">
    <ele>170.6</ele>
    <time>2024-04-20T20:49:38Z</time>
   </trkpt>
   <trkpt lat="48.2113630" lon="7.5672900">
    <ele>170.6</ele>
    <time>2024-04-20T20:49:39Z</time>
   </trkpt>
   <trkpt lat="48.2113930" lon="7.5673130">
    <ele>170.5</ele>
    <time>2024-04-20T20:49:40Z</time>
   </trkpt>
   <trkpt lat="48.2114270" lon="7.5673370">
    <ele>170.4</ele>
    <time>2024-04-20T20:49:41Z</time>
   </trkpt>
   <trkpt lat="48.2114620" lon="7.5673620">
    <ele>170.3</ele>
    <time>2024-04-20T20:49:42Z</time>
   </trkpt>
   <trkpt lat="48.2115010" lon="7.5673870">
    <ele>170.3</ele>
    <time>2024-04-20T20:49:43Z</time>
   </trkpt>
   <trkpt lat="48.2115390" lon="7.5674160">
    <ele>170.2</ele>
    <time>2024-04-20T20:49:44Z</time>
   </trkpt>
   <trkpt lat="48.2115730" lon="7.5674490">
    <ele>170.2</ele>
    <time>2024-04-20T20:49:45Z</time>
   </trkpt>
   <trkpt lat="48.2115960" lon="7.5674830">
    <ele>170.1</ele>
    <time>2024-04-20T20:49:46Z</time>
   </trkpt>
   <trkpt lat="48.2116090" lon="7.5675320">
    <ele>170.1</ele>
    <time>2024-04-20T20:49:47Z</time>
   </trkpt>
   <trkpt lat="48.2116110" lon="7.5675460">
    <ele>170.1</ele>
    <time>2024-04-20T20:49:48Z</time>
   </trkpt>
   <trkpt lat="48.2115880" lon="7.5675750">
    <ele>170.0</ele>
    <time>2024-04-20T20:49:49Z</time>
   </trkpt>
   <trkpt lat="48.2115750" lon="7.5675790">
    <ele>169.9</ele>
    <time>2024-04-20T20:49:50Z</time>
   </trkpt>
   <trkpt lat="48.2115470" lon="7.5675620">
    <ele>169.8</ele>
    <time>2024-04-20T20:49:51Z</time>
   </trkpt>
   <trkpt lat="48.2115100" lon="7.5675430">
    <ele>169.7</ele>
    <time>2024-04-20T20:49:52Z</time>
   </trkpt>
   <trkpt lat="48.2114980" lon="7.5675340">
    <ele>169.6</ele>
    <time>2024-04-20T20:49:53Z</time>
   </trkpt>
   <trkpt lat="48.2114710" lon="7.5675170">
    <ele>169.5</ele>
    <time>2024-04-20T20:49:54Z</time>
   </trkpt>
   <trkpt lat="48.2114400" lon="7.5675010">
    <ele>169.5</ele>
    <time>2024-04-20T20:49:55Z</time>
   </trkpt>
   <trkpt lat="48.2114100" lon="7.5674830">
    <ele>169.4</ele>
    <time>2024-04-20T20:49:56Z</time>
   </trkpt>
   <trkpt lat="48.2113800" lon="7.5674630">
    <ele>169.4</ele>
    <time>2024-04-20T20:49:57Z</time>
   </trkpt>
   <trkpt lat="48.2113450" lon="7.5674410">
    <ele>169.4</ele>
    <time>2024-04-20T20:49:58Z</time>
   </trkpt>
   <trkpt lat="48.2113060" lon="7.5674200">
    <ele>169.3</ele>
    <time>2024-04-20T20:49:59Z</time>
   </trkpt>
   <trkpt lat="48.2112640" lon="7.5674020">
    <ele>169.3</ele>
    <time>2024-04-20T20:50:00Z</time>
   </trkpt>
   <trkpt lat="48.2112180" lon="7.5673820">
    <ele>169.3</ele>
    <time>2024-04-20T20:50:01Z</time>
   </trkpt>
   <trkpt lat="48.2111720" lon="7.5673590">
    <ele>169.3</ele>
    <time>2024-04-20T20:50:02Z</time>
   </trkpt>
   <trkpt lat="48.2111270" lon="7.5673330">
    <ele>169.3</ele>
    <time>2024-04-20T20:50:03Z</time>
   </trkpt>
   <trkpt lat="48.2110810" lon="7.5673040">
    <ele>169.3</ele>
    <time>2024-04-20T20:50:04Z</time>
   </trkpt>
   <trkpt lat="48.2110350" lon="7.5672760">
    <ele>169.2</ele>
    <time>2024-04-20T20:50:05Z</time>
   </trkpt>
   <trkpt lat="48.2109870" lon="7.5672500">
    <ele>169.2</ele>
    <time>2024-04-20T20:50:06Z</time>
   </trkpt>
   <trkpt lat="48.2109420" lon="7.5672210">
    <ele>169.2</ele>
    <time>2024-04-20T20:50:07Z</time>
   </trkpt>
   <trkpt lat="48.2108960" lon="7.5671890">
    <ele>169.1</ele>
    <time>2024-04-20T20:50:08Z</time>
   </trkpt>
   <trkpt lat="48.2108490" lon="7.5671520">
    <ele>169.1</ele>
    <time>2024-04-20T20:50:09Z</time>
   </trkpt>
   <trkpt lat="48.2108010" lon="7.5671130">
    <ele>169.0</ele>
    <time>2024-04-20T20:50:10Z</time>
   </trkpt>
   <trkpt lat="48.2107510" lon="7.5670720">
    <ele>169.0</ele>
    <time>2024-04-20T20:50:11Z</time>
   </trkpt>
   <trkpt lat="48.2107000" lon="7.5670380">
    <ele>168.9</ele>
    <time>2024-04-20T20:50:12Z</time>
   </trkpt>
   <trkpt lat="48.2106490" lon="7.5669990">
    <ele>168.9</ele>
    <time>2024-04-20T20:50:13Z</time>
   </trkpt>
   <trkpt lat="48.2105980" lon="7.5669590">
    <ele>168.9</ele>
    <time>2024-04-20T20:50:14Z</time>
   </trkpt>
   <trkpt lat="48.2105450" lon="7.5669290">
    <ele>169.0</ele>
    <time>2024-04-20T20:50:15Z</time>
   </trkpt>
   <trkpt lat="48.2104950" lon="7.5668910">
    <ele>169.0</ele>
    <time>2024-04-20T20:50:16Z</time>
   </trkpt>
   <trkpt lat="48.2104460" lon="7.5668550">
    <ele>169.0</ele>
    <time>2024-04-20T20:50:17Z</time>
   </trkpt>
   <trkpt lat="48.2103980" lon="7.5668150">
    <ele>169.1</ele>
    <time>2024-04-20T20:50:18Z</time>
   </trkpt>
   <trkpt lat="48.2103480" lon="7.5667730">
    <ele>169.1</ele>
    <time>2024-04-20T20:50:19Z</time>
   </trkpt>
   <trkpt lat="48.2102990" lon="7.5667320">
    <ele>169.2</ele>
    <time>2024-04-20T20:50:20Z</time>
   </trkpt>
   <trkpt lat="48.2102490" lon="7.5666990">
    <ele>169.3</ele>
    <time>2024-04-20T20:50:21Z</time>
   </trkpt>
   <trkpt lat="48.2102030" lon="7.5666660">
    <ele>169.4</ele>
    <time>2024-04-20T20:50:22Z</time>
   </trkpt>
   <trkpt lat="48.2101620" lon="7.5666290">
    <ele>169.5</ele>
    <time>2024-04-20T20:50:23Z</time>
   </trkpt>
   <trkpt lat="48.2101180" lon="7.5666000">
    <ele>169.6</ele>
    <time>2024-04-20T20:50:24Z</time>
   </trkpt>
   <trkpt lat="48.2100740" lon="7.5665710">
    <ele>169.7</ele>
    <time>2024-04-20T20:50:25Z</time>
   </trkpt>
   <trkpt lat="48.2100290" lon="7.5665410">
    <ele>169.8</ele>
    <time>2024-04-20T20:50:26Z</time>
   </trkpt>
   <trkpt lat="48.2099860" lon="7.5665080">
    <ele>169.8</ele>
    <time>2024-04-20T20:50:27Z</time>
   </trkpt>
   <trkpt lat="48.2099430" lon="7.5664740">
    <ele>169.9</ele>
    <time>2024-04-20T20:50:28Z</time>
   </trkpt>
   <trkpt lat="48.2099000" lon="7.5664410">
    <ele>169.9</ele>
    <time>2024-04-20T20:50:29Z</time>
   </trkpt>
   <trkpt lat="48.2098560" lon="7.5664110">
    <ele>169.9</ele>
    <time>2024-04-20T20:50:30Z</time>
   </trkpt>
   <trkpt lat="48.2098150" lon="7.5663780">
    <ele>169.9</ele>
    <time>2024-04-20T20:50:31Z</time>
   </trkpt>
   <trkpt lat="48.2097730" lon="7.5663460">
    <ele>169.9</ele>
    <time>2024-04-20T20:50:32Z</time>
   </trkpt>
   <trkpt lat="48.2097290" lon="7.5663130">
    <ele>169.9</ele>
    <time>2024-04-20T20:50:33Z</time>
   </trkpt>
   <trkpt lat="48.2096870" lon="7.5662810">
    <ele>169.9</ele>
    <time>2024-04-20T20:50:34Z</time>
   </trkpt>
   <trkpt lat="48.2096460" lon="7.5662480">
    <ele>169.9</ele>
    <time>2024-04-20T20:50:35Z</time>
   </trkpt>
   <trkpt lat="48.2096060" lon="7.5662170">
    <ele>169.9</ele>
    <time>2024-04-20T20:50:36Z</time>
   </trkpt>
   <trkpt lat="48.2095710" lon="7.5661870">
    <ele>169.9</ele>
    <time>2024-04-20T20:50:37Z</time>
   </trkpt>
   <trkpt lat="48.2095340" lon="7.5661620">
    <ele>169.9</ele>
    <time>2024-04-20T20:50:38Z</time>
   </trkpt>
   <trkpt lat="48.2094950" lon="7.5661520">
    <ele>169.9</ele>
    <time>2024-04-20T20:50:39Z</time>
   </trkpt>
   <trkpt lat="48.2094580" lon="7.5661580">
    <ele>170.0</ele>
    <time>2024-04-20T20:50:40Z</time>
   </trkpt>
   <trkpt lat="48.2094260" lon="7.5661870">
    <ele>169.9</ele>
    <time>2024-04-20T20:50:41Z</time>
   </trkpt>
   <trkpt lat="48.2093970" lon="7.5662250">
    <ele>169.9</ele>
    <time>2024-04-20T20:50:42Z</time>
   </trkpt>
   <trkpt lat="48.2093730" lon="7.5662690">
    <ele>169.8</ele>
    <time>2024-04-20T20:50:43Z</time>
   </trkpt>
   <trkpt lat="48.2093590" lon="7.5663230">
    <ele>169.8</ele>
    <time>2024-04-20T20:50:44Z</time>
   </trkpt>
   <trkpt lat="48.2093450" lon="7.5663780">
    <ele>169.8</ele>
    <time>2024-04-20T20:50:45Z</time>
   </trkpt>
   <trkpt lat="48.2093310" lon="7.5664350">
    <ele>169.8</ele>
    <time>2024-04-20T20:50:46Z</time>
   </trkpt>
   <trkpt lat="48.2093160" lon="7.5664950">
    <ele>169.7</ele>
    <time>2024-04-20T20:50:47Z</time>
   </trkpt>
   <trkpt lat="48.2093000" lon="7.5665610">
    <ele>169.7</ele>
    <time>2024-04-20T20:50:48Z</time>
   </trkpt>
   <trkpt lat="48.2092810" lon="7.5666290">
    <ele>169.7</ele>
    <time>2024-04-20T20:50:49Z</time>
   </trkpt>
   <trkpt lat="48.2092640" lon="7.5666980">
    <ele>169.7</ele>
    <time>2024-04-20T20:50:50Z</time>
   </trkpt>
   <trkpt lat="48.2092430" lon="7.5667690">
    <ele>169.7</ele>
    <time>2024-04-20T20:50:51Z</time>
   </trkpt>
   <trkpt lat="48.2092230" lon="7.5668420">
    <ele>169.7</ele>
    <time>2024-04-20T20:50:52Z</time>
   </trkpt>
   <trkpt lat="48.2092040" lon="7.5669170">
    <ele>169.7</ele>
    <time>2024-04-20T20:50:53Z</time>
   </trkpt>
   <trkpt lat="48.2091830" lon="7.5669900">
    <ele>169.7</ele>
    <time>2024-04-20T20:50:54Z</time>
   </trkpt>
   <trkpt lat="48.2091620" lon="7.5670580">
    <ele>169.7</ele>
    <time>2024-04-20T20:50:55Z</time>
   </trkpt>
   <trkpt lat="48.2091440" lon="7.5671220">
    <ele>169.7</ele>
    <time>2024-04-20T20:50:56Z</time>
   </trkpt>
   <trkpt lat="48.2091290" lon="7.5671820">
    <ele>169.7</ele>
    <time>2024-04-20T20:50:57Z</time>
   </trkpt>
   <trkpt lat="48.2091130" lon="7.5672400">
    <ele>169.7</ele>
    <time>2024-04-20T20:50:58Z</time>
   </trkpt>
   <trkpt lat="48.2090960" lon="7.5672990">
    <ele>169.7</ele>
    <time>2024-04-20T20:50:59Z</time>
   </trkpt>
   <trkpt lat="48.2090800" lon="7.5673590">
    <ele>169.7</ele>
    <time>2024-04-20T20:51:00Z</time>
   </trkpt>
   <trkpt lat="48.2090620" lon="7.5674150">
    <ele>169.7</ele>
    <time>2024-04-20T20:51:01Z</time>
   </trkpt>
   <trkpt lat="48.2090400" lon="7.5674720">
    <ele>169.7</ele>
    <time>2024-04-20T20:51:02Z</time>
   </trkpt>
   <trkpt lat="48.2090210" lon="7.5675320">
    <ele>169.7</ele>
    <time>2024-04-20T20:51:03Z</time>
   </trkpt>
   <trkpt lat="48.2090010" lon="7.5675950">
    <ele>169.7</ele>
    <time>2024-04-20T20:51:04Z</time>
   </trkpt>
   <trkpt lat="48.2089820" lon="7.5676600">
    <ele>169.7</ele>
    <time>2024-04-20T20:51:05Z</time>
   </trkpt>
   <trkpt lat="48.2089650" lon="7.5677280">
    <ele>169.7</ele>
    <time>2024-04-20T20:51:06Z</time>
   </trkpt>
   <trkpt lat="48.2089460" lon="7.5677950">
    <ele>169.7</ele>
    <time>2024-04-20T20:51:07Z</time>
   </trkpt>
   <trkpt lat="48.2089270" lon="7.5678650">
    <ele>169.7</ele>
    <time>2024-04-20T20:51:08Z</time>
   </trkpt>
   <trkpt lat="48.2089100" lon="7.5679340">
    <ele>169.7</ele>
    <time>2024-04-20T20:51:09Z</time>
   </trkpt>
   <trkpt lat="48.2088920" lon="7.5680010">
    <ele>169.7</ele>
    <time>2024-04-20T20:51:10Z</time>
   </trkpt>
   <trkpt lat="48.2088750" lon="7.5680660">
    <ele>169.7</ele>
    <time>2024-04-20T20:51:11Z</time>
   </trkpt>
   <trkpt lat="48.2088560" lon="7.5681300">
    <ele>169.7</ele>
    <time>2024-04-20T20:51:12Z</time>
   </trkpt>
   <trkpt lat="48.2088390" lon="7.5681960">
    <ele>169.7</ele>
    <time>2024-04-20T20:51:13Z</time>
   </trkpt>
   <trkpt lat="48.2088210" lon="7.5682630">
    <ele>169.7</ele>
    <time>2024-04-20T20:51:14Z</time>
   </trkpt>
   <trkpt lat="48.2088010" lon="7.5683310">
    <ele>169.7</ele>
    <time>2024-04-20T20:51:15Z</time>
   </trkpt>
   <trkpt lat="48.2087830" lon="7.5683980">
    <ele>169.7</ele>
    <time>2024-04-20T20:51:16Z</time>
   </trkpt>
   <trkpt lat="48.2087630" lon="7.5684680">
    <ele>169.7</ele>
    <time>2024-04-20T20:51:17Z</time>
   </trkpt>
   <trkpt lat="48.2087440" lon="7.5685400">
    <ele>169.7</ele>
    <time>2024-04-20T20:51:18Z</time>
   </trkpt>
   <trkpt lat="48.2087250" lon="7.5686080">
    <ele>169.8</ele>
    <time>2024-04-20T20:51:19Z</time>
   </trkpt>
   <trkpt lat="48.2087030" lon="7.5686720">
    <ele>169.8</ele>
    <time>2024-04-20T20:51:20Z</time>
   </trkpt>
   <trkpt lat="48.2086790" lon="7.5687380">
    <ele>169.9</ele>
    <time>2024-04-20T20:51:21Z</time>
   </trkpt>
   <trkpt lat="48.2086590" lon="7.5688040">
    <ele>169.9</ele>
    <time>2024-04-20T20:51:22Z</time>
   </trkpt>
   <trkpt lat="48.2086420" lon="7.5688710">
    <ele>170.0</ele>
    <time>2024-04-20T20:51:23Z</time>
   </trkpt>
   <trkpt lat="48.2086230" lon="7.5689340">
    <ele>170.0</ele>
    <time>2024-04-20T20:51:24Z</time>
   </trkpt>
   <trkpt lat="48.2086060" lon="7.5689980">
    <ele>170.0</ele>
    <time>2024-04-20T20:51:25Z</time>
   </trkpt>
   <trkpt lat="48.2085860" lon="7.5690630">
    <ele>170.1</ele>
    <time>2024-04-20T20:51:26Z</time>
   </trkpt>
   <trkpt lat="48.2085670" lon="7.5691250">
    <ele>170.1</ele>
    <time>2024-04-20T20:51:27Z</time>
   </trkpt>
   <trkpt lat="48.2085500" lon="7.5691900">
    <ele>170.2</ele>
    <time>2024-04-20T20:51:28Z</time>
   </trkpt>
   <trkpt lat="48.2085310" lon="7.5692540">
    <ele>170.2</ele>
    <time>2024-04-20T20:51:29Z</time>
   </trkpt>
   <trkpt lat="48.2085100" lon="7.5693200">
    <ele>170.2</ele>
    <time>2024-04-20T20:51:30Z</time>
   </trkpt>
   <trkpt lat="48.2084930" lon="7.5693840">
    <ele>170.2</ele>
    <time>2024-04-20T20:51:31Z</time>
   </trkpt>
   <trkpt lat="48.2084730" lon="7.5694530">
    <ele>170.2</ele>
    <time>2024-04-20T20:51:32Z</time>
   </trkpt>
   <trkpt lat="48.2084510" lon="7.5695180">
    <ele>170.3</ele>
    <time>2024-04-20T20:51:33Z</time>
   </trkpt>
   <trkpt lat="48.2084340" lon="7.5695870">
    <ele>170.3</ele>
    <time>2024-04-20T20:51:34Z</time>
   </trkpt>
   <trkpt lat="48.2084150" lon="7.5696540">
    <ele>170.3</ele>
    <time>2024-04-20T20:51:35Z</time>
   </trkpt>
   <trkpt lat="48.2083940" lon="7.5697210">
    <ele>170.3</ele>
    <time>2024-04-20T20:51:36Z</time>
   </trkpt>
   <trkpt lat="48.2083710" lon="7.5697870">
    <ele>170.4</ele>
    <time>2024-04-20T20:51:37Z</time>
   </trkpt>
   <trkpt lat="48.2083490" lon="7.5698560">
    <ele>170.4</ele>
    <time>2024-04-20T20:51:38Z</time>
   </trkpt>
   <trkpt lat="48.2083290" lon="7.5699260">
    <ele>170.5</ele>
    <time>2024-04-20T20:51:39Z</time>
   </trkpt>
   <trkpt lat="48.2083070" lon="7.5699920">
    <ele>170.5</ele>
    <time>2024-04-20T20:51:40Z</time>
   </trkpt>
   <trkpt lat="48.2082820" lon="7.5700580">
    <ele>170.6</ele>
    <time>2024-04-20T20:51:41Z</time>
   </trkpt>
   <trkpt lat="48.2082580" lon="7.5701260">
    <ele>170.6</ele>
    <time>2024-04-20T20:51:42Z</time>
   </trkpt>
   <trkpt lat="48.2082360" lon="7.5701950">
    <ele>170.6</ele>
    <time>2024-04-20T20:51:43Z</time>
   </trkpt>
   <trkpt lat="48.2082090" lon="7.5702660">
    <ele>170.6</ele>
    <time>2024-04-20T20:51:44Z</time>
   </trkpt>
   <trkpt lat="48.2081850" lon="7.5703400">
    <ele>170.6</ele>
    <time>2024-04-20T20:51:45Z</time>
   </trkpt>
   <trkpt lat="48.2081550" lon="7.5704150">
    <ele>170.6</ele>
    <time>2024-04-20T20:51:46Z</time>
   </trkpt>
   <trkpt lat="48.2081280" lon="7.5704930">
    <ele>170.6</ele>
    <time>2024-04-20T20:51:47Z</time>
   </trkpt>
   <trkpt lat="48.2081000" lon="7.5705720">
    <ele>170.6</ele>
    <time>2024-04-20T20:51:48Z</time>
   </trkpt>
   <trkpt lat="48.2080700" lon="7.5706520">
    <ele>170.6</ele>
    <time>2024-04-20T20:51:49Z</time>
   </trkpt>
   <trkpt lat="48.2080380" lon="7.5707310">
    <ele>170.6</ele>
    <time>2024-04-20T20:51:50Z</time>
   </trkpt>
   <trkpt lat="48.2080070" lon="7.5708110">
    <ele>170.6</ele>
    <time>2024-04-20T20:51:51Z</time>
   </trkpt>
   <trkpt lat="48.2079800" lon="7.5708920">
    <ele>170.6</ele>
    <time>2024-04-20T20:51:52Z</time>
   </trkpt>
   <trkpt lat="48.2079510" lon="7.5709710">
    <ele>170.6</ele>
    <time>2024-04-20T20:51:53Z</time>
   </trkpt>
   <trkpt lat="48.2079200" lon="7.5710500">
    <ele>170.6</ele>
    <time>2024-04-20T20:51:54Z</time>
   </trkpt>
   <trkpt lat="48.2078910" lon="7.5711250">
    <ele>170.6</ele>
    <time>2024-04-20T20:51:55Z</time>
   </trkpt>
   <trkpt lat="48.2078660" lon="7.5712030">
    <ele>170.6</ele>
    <time>2024-04-20T20:51:56Z</time>
   </trkpt>
   <trkpt lat="48.2078430" lon="7.5712780">
    <ele>170.6</ele>
    <time>2024-04-20T20:51:57Z</time>
   </trkpt>
   <trkpt lat="48.2078170" lon="7.5713550">
    <ele>170.7</ele>
    <time>2024-04-20T20:51:58Z</time>
   </trkpt>
   <trkpt lat="48.2077870" lon="7.5714330">
    <ele>170.7</ele>
    <time>2024-04-20T20:51:59Z</time>
   </trkpt>
   <trkpt lat="48.2077620" lon="7.5715100">
    <ele>170.7</ele>
    <time>2024-04-20T20:52:00Z</time>
   </trkpt>
   <trkpt lat="48.2077430" lon="7.5715930">
    <ele>170.7</ele>
    <time>2024-04-20T20:52:01Z</time>
   </trkpt>
   <trkpt lat="48.2077210" lon="7.5716780">
    <ele>170.8</ele>
    <time>2024-04-20T20:52:02Z</time>
   </trkpt>
   <trkpt lat="48.2076980" lon="7.5717630">
    <ele>170.8</ele>
    <time>2024-04-20T20:52:03Z</time>
   </trkpt>
   <trkpt lat="48.2076780" lon="7.5718430">
    <ele>170.9</ele>
    <time>2024-04-20T20:52:04Z</time>
   </trkpt>
   <trkpt lat="48.2076560" lon="7.5719230">
    <ele>171.0</ele>
    <time>2024-04-20T20:52:05Z</time>
   </trkpt>
   <trkpt lat="48.2076350" lon="7.5720020">
    <ele>171.0</ele>
    <time>2024-04-20T20:52:06Z</time>
   </trkpt>
   <trkpt lat="48.2076160" lon="7.5720790">
    <ele>171.1</ele>
    <time>2024-04-20T20:52:07Z</time>
   </trkpt>
   <trkpt lat="48.2075980" lon="7.5721510">
    <ele>171.2</ele>
    <time>2024-04-20T20:52:08Z</time>
   </trkpt>
   <trkpt lat="48.2075780" lon="7.5722190">
    <ele>171.3</ele>
    <time>2024-04-20T20:52:09Z</time>
   </trkpt>
   <trkpt lat="48.2075600" lon="7.5722880">
    <ele>171.4</ele>
    <time>2024-04-20T20:52:10Z</time>
   </trkpt>
   <trkpt lat="48.2075410" lon="7.5723550">
    <ele>171.5</ele>
    <time>2024-04-20T20:52:11Z</time>
   </trkpt>
   <trkpt lat="48.2075190" lon="7.5724130">
    <ele>171.5</ele>
    <time>2024-04-20T20:52:12Z</time>
   </trkpt>
   <trkpt lat="48.2074960" lon="7.5724650">
    <ele>171.6</ele>
    <time>2024-04-20T20:52:13Z</time>
   </trkpt>
   <trkpt lat="48.2074700" lon="7.5725090">
    <ele>171.7</ele>
    <time>2024-04-20T20:52:14Z</time>
   </trkpt>
   <trkpt lat="48.2074340" lon="7.5725370">
    <ele>171.7</ele>
    <time>2024-04-20T20:52:15Z</time>
   </trkpt>
   <trkpt lat="48.2073920" lon="7.5725420">
    <ele>171.8</ele>
    <time>2024-04-20T20:52:16Z</time>
   </trkpt>
   <trkpt lat="48.2073490" lon="7.5725190">
    <ele>171.8</ele>
    <time>2024-04-20T20:52:17Z</time>
   </trkpt>
   <trkpt lat="48.2073020" lon="7.5724880">
    <ele>171.8</ele>
    <time>2024-04-20T20:52:18Z</time>
   </trkpt>
   <trkpt lat="48.2072560" lon="7.5724570">
    <ele>171.8</ele>
    <time>2024-04-20T20:52:19Z</time>
   </trkpt>
   <trkpt lat="48.2072090" lon="7.5724180">
    <ele>171.9</ele>
    <time>2024-04-20T20:52:20Z</time>
   </trkpt>
   <trkpt lat="48.2071580" lon="7.5723880">
    <ele>171.9</ele>
    <time>2024-04-20T20:52:21Z</time>
   </trkpt>
   <trkpt lat="48.2071090" lon="7.5723600">
    <ele>171.9</ele>
    <time>2024-04-20T20:52:22Z</time>
   </trkpt>
   <trkpt lat="48.2070610" lon="7.5723290">
    <ele>171.9</ele>
    <time>2024-04-20T20:52:23Z</time>
   </trkpt>
   <trkpt lat="48.2070120" lon="7.5722990">
    <ele>171.9</ele>
    <time>2024-04-20T20:52:24Z</time>
   </trkpt>
   <trkpt lat="48.2069640" lon="7.5722690">
    <ele>171.9</ele>
    <time>2024-04-20T20:52:25Z</time>
   </trkpt>
   <trkpt lat="48.2069140" lon="7.5722370">
    <ele>171.9</ele>
    <time>2024-04-20T20:52:26Z</time>
   </trkpt>
   <trkpt lat="48.2068640" lon="7.5722050">
    <ele>172.0</ele>
    <time>2024-04-20T20:52:27Z</time>
   </trkpt>
   <trkpt lat="48.2068140" lon="7.5721750">
    <ele>172.0</ele>
    <time>2024-04-20T20:52:28Z</time>
   </trkpt>
   <trkpt lat="48.2067620" lon="7.5721470">
    <ele>172.0</ele>
    <time>2024-04-20T20:52:29Z</time>
   </trkpt>
   <trkpt lat="48.2067110" lon="7.5721190">
    <ele>172.0</ele>
    <time>2024-04-20T20:52:30Z</time>
   </trkpt>
   <trkpt lat="48.2066070" lon="7.5720560">
    <ele>172.0</ele>
    <time>2024-04-20T20:52:32Z</time>
   </trkpt>
   <trkpt lat="48.2065550" lon="7.5720250">
    <ele>172.0</ele>
    <time>2024-04-20T20:52:33Z</time>
   </trkpt>
   <trkpt lat="48.2065010" lon="7.5719930">
    <ele>172.0</ele>
    <time>2024-04-20T20:52:34Z</time>
   </trkpt>
   <trkpt lat="48.2064480" lon="7.5719590">
    <ele>172.0</ele>
    <time>2024-04-20T20:52:35Z</time>
   </trkpt>
   <trkpt lat="48.2063960" lon="7.5719240">
    <ele>172.0</ele>
    <time>2024-04-20T20:52:36Z</time>
   </trkpt>
   <trkpt lat="48.2063430" lon="7.5718960">
    <ele>172.0</ele>
    <time>2024-04-20T20:52:37Z</time>
   </trkpt>
   <trkpt lat="48.2062920" lon="7.5718630">
    <ele>172.0</ele>
    <time>2024-04-20T20:52:38Z</time>
   </trkpt>
   <trkpt lat="48.2062390" lon="7.5718330">
    <ele>172.0</ele>
    <time>2024-04-20T20:52:39Z</time>
   </trkpt>
   <trkpt lat="48.2061850" lon="7.5718020">
    <ele>172.0</ele>
    <time>2024-04-20T20:52:40Z</time>
   </trkpt>
   <trkpt lat="48.2061330" lon="7.5717750">
    <ele>172.0</ele>
    <time>2024-04-20T20:52:41Z</time>
   </trkpt>
   <trkpt lat="48.2060820" lon="7.5717430">
    <ele>172.0</ele>
    <time>2024-04-20T20:52:42Z</time>
   </trkpt>
   <trkpt lat="48.2060320" lon="7.5717070">
    <ele>172.1</ele>
    <time>2024-04-20T20:52:43Z</time>
   </trkpt>
   <trkpt lat="48.2059820" lon="7.5716750">
    <ele>172.1</ele>
    <time>2024-04-20T20:52:44Z</time>
   </trkpt>
   <trkpt lat="48.2059300" lon="7.5716500">
    <ele>172.1</ele>
    <time>2024-04-20T20:52:45Z</time>
   </trkpt>
   <trkpt lat="48.2058780" lon="7.5716230">
    <ele>172.2</ele>
    <time>2024-04-20T20:52:46Z</time>
   </trkpt>
   <trkpt lat="48.2058270" lon="7.5715980">
    <ele>172.2</ele>
    <time>2024-04-20T20:52:47Z</time>
   </trkpt>
   <trkpt lat="48.2057770" lon="7.5715690">
    <ele>172.2</ele>
    <time>2024-04-20T20:52:48Z</time>
   </trkpt>
   <trkpt lat="48.2057270" lon="7.5715420">
    <ele>172.2</ele>
    <time>2024-04-20T20:52:49Z</time>
   </trkpt>
   <trkpt lat="48.2056770" lon="7.5715150">
    <ele>172.2</ele>
    <time>2024-04-20T20:52:50Z</time>
   </trkpt>
   <trkpt lat="48.2056250" lon="7.5714910">
    <ele>172.2</ele>
    <time>2024-04-20T20:52:51Z</time>
   </trkpt>
   <trkpt lat="48.2055740" lon="7.5714660">
    <ele>172.2</ele>
    <time>2024-04-20T20:52:52Z</time>
   </trkpt>
   <trkpt lat="48.2055210" lon="7.5714420">
    <ele>172.2</ele>
    <time>2024-04-20T20:52:53Z</time>
   </trkpt>
   <trkpt lat="48.2054670" lon="7.5714210">
    <ele>172.2</ele>
    <time>2024-04-20T20:52:54Z</time>
   </trkpt>
   <trkpt lat="48.2054130" lon="7.5713960">
    <ele>172.2</ele>
    <time>2024-04-20T20:52:55Z</time>
   </trkpt>
   <trkpt lat="48.2053580" lon="7.5713720">
    <ele>172.2</ele>
    <time>2024-04-20T20:52:56Z</time>
   </trkpt>
   <trkpt lat="48.2053020" lon="7.5713520">
    <ele>172.2</ele>
    <time>2024-04-20T20:52:57Z</time>
   </trkpt>
   <trkpt lat="48.2052480" lon="7.5713280">
    <ele>172.2</ele>
    <time>2024-04-20T20:52:58Z</time>
   </trkpt>
   <trkpt lat="48.2051920" lon="7.5713060">
    <ele>172.2</ele>
    <time>2024-04-20T20:52:59Z</time>
   </trkpt>
   <trkpt lat="48.2051350" lon="7.5712830">
    <ele>172.2</ele>
    <time>2024-04-20T20:53:00Z</time>
   </trkpt>
   <trkpt lat="48.2050780" lon="7.5712580">
    <ele>172.2</ele>
    <time>2024-04-20T20:53:01Z</time>
   </trkpt>
   <trkpt lat="48.2050230" lon="7.5712330">
    <ele>172.2</ele>
    <time>2024-04-20T20:53:02Z</time>
   </trkpt>
   <trkpt lat="48.2049690" lon="7.5712060">
    <ele>172.3</ele>
    <time>2024-04-20T20:53:03Z</time>
   </trkpt>
   <trkpt lat="48.2049140" lon="7.5711830">
    <ele>172.3</ele>
    <time>2024-04-20T20:53:04Z</time>
   </trkpt>
   <trkpt lat="48.2048580" lon="7.5711560">
    <ele>172.3</ele>
    <time>2024-04-20T20:53:05Z</time>
   </trkpt>
   <trkpt lat="48.2048030" lon="7.5711270">
    <ele>172.3</ele>
    <time>2024-04-20T20:53:06Z</time>
   </trkpt>
   <trkpt lat="48.2047510" lon="7.5710980">
    <ele>172.3</ele>
    <time>2024-04-20T20:53:07Z</time>
   </trkpt>
   <trkpt lat="48.2047000" lon="7.5710660">
    <ele>172.4</ele>
    <time>2024-04-20T20:53:08Z</time>
   </trkpt>
   <trkpt lat="48.2046480" lon="7.5710280">
    <ele>172.4</ele>
    <time>2024-04-20T20:53:09Z</time>
   </trkpt>
   <trkpt lat="48.2046000" lon="7.5709870">
    <ele>172.4</ele>
    <time>2024-04-20T20:53:10Z</time>
   </trkpt>
   <trkpt lat="48.2045550" lon="7.5709410">
    <ele>172.4</ele>
    <time>2024-04-20T20:53:11Z</time>
   </trkpt>
   <trkpt lat="48.2045080" lon="7.5708970">
    <ele>172.4</ele>
    <time>2024-04-20T20:53:12Z</time>
   </trkpt>
   <trkpt lat="48.2044530" lon="7.5708730">
    <ele>172.2</ele>
    <time>2024-04-20T20:53:13Z</time>
   </trkpt>
   <trkpt lat="48.2043940" lon="7.5708690">
    <ele>172.1</ele>
    <time>2024-04-20T20:53:14Z</time>
   </trkpt>
   <trkpt lat="48.2043350" lon="7.5708620">
    <ele>172.1</ele>
    <time>2024-04-20T20:53:15Z</time>
   </trkpt>
   <trkpt lat="48.2042760" lon="7.5708450">
    <ele>172.0</ele>
    <time>2024-04-20T20:53:16Z</time>
   </trkpt>
   <trkpt lat="48.2042200" lon="7.5708200">
    <ele>171.9</ele>
    <time>2024-04-20T20:53:17Z</time>
   </trkpt>
   <trkpt lat="48.2041620" lon="7.5707940">
    <ele>171.9</ele>
    <time>2024-04-20T20:53:18Z</time>
   </trkpt>
   <trkpt lat="48.2041050" lon="7.5707620">
    <ele>171.8</ele>
    <time>2024-04-20T20:53:19Z</time>
   </trkpt>
   <trkpt lat="48.2040470" lon="7.5707350">
    <ele>171.7</ele>
    <time>2024-04-20T20:53:20Z</time>
   </trkpt>
   <trkpt lat="48.2039900" lon="7.5707060">
    <ele>171.7</ele>
    <time>2024-04-20T20:53:21Z</time>
   </trkpt>
   <trkpt lat="48.2039320" lon="7.5706780">
    <ele>171.6</ele>
    <time>2024-04-20T20:53:22Z</time>
   </trkpt>
   <trkpt lat="48.2038740" lon="7.5706530">
    <ele>171.5</ele>
    <time>2024-04-20T20:53:23Z</time>
   </trkpt>
   <trkpt lat="48.2038160" lon="7.5706250">
    <ele>171.5</ele>
    <time>2024-04-20T20:53:24Z</time>
   </trkpt>
   <trkpt lat="48.2037560" lon="7.5705910">
    <ele>171.4</ele>
    <time>2024-04-20T20:53:25Z</time>
   </trkpt>
   <trkpt lat="48.2036970" lon="7.5705610">
    <ele>171.4</ele>
    <time>2024-04-20T20:53:26Z</time>
   </trkpt>
   <trkpt lat="48.2036380" lon="7.5705320">
    <ele>171.4</ele>
    <time>2024-04-20T20:53:27Z</time>
   </trkpt>
   <trkpt lat="48.2035780" lon="7.5705040">
    <ele>171.3</ele>
    <time>2024-04-20T20:53:28Z</time>
   </trkpt>
   <trkpt lat="48.2035210" lon="7.5704710">
    <ele>171.3</ele>
    <time>2024-04-20T20:53:29Z</time>
   </trkpt>
   <trkpt lat="48.2034610" lon="7.5704390">
    <ele>171.3</ele>
    <time>2024-04-20T20:53:30Z</time>
   </trkpt>
   <trkpt lat="48.2034010" lon="7.5704120">
    <ele>171.3</ele>
    <time>2024-04-20T20:53:31Z</time>
   </trkpt>
   <trkpt lat="48.2033430" lon="7.5703810">
    <ele>171.3</ele>
    <time>2024-04-20T20:53:32Z</time>
   </trkpt>
   <trkpt lat="48.2032850" lon="7.5703510">
    <ele>171.3</ele>
    <time>2024-04-20T20:53:33Z</time>
   </trkpt>
   <trkpt lat="48.2032280" lon="7.5703200">
    <ele>171.3</ele>
    <time>2024-04-20T20:53:34Z</time>
   </trkpt>
   <trkpt lat="48.2031710" lon="7.5702900">
    <ele>171.3</ele>
    <time>2024-04-20T20:53:35Z</time>
   </trkpt>
   <trkpt lat="48.2031150" lon="7.5702600">
    <ele>171.3</ele>
    <time>2024-04-20T20:53:36Z</time>
   </trkpt>
   <trkpt lat="48.2030600" lon="7.5702290">
    <ele>171.3</ele>
    <time>2024-04-20T20:53:37Z</time>
   </trkpt>
   <trkpt lat="48.2030040" lon="7.5702030">
    <ele>171.4</ele>
    <time>2024-04-20T20:53:38Z</time>
   </trkpt>
   <trkpt lat="48.2029480" lon="7.5701790">
    <ele>171.4</ele>
    <time>2024-04-20T20:53:39Z</time>
   </trkpt>
   <trkpt lat="48.2028950" lon="7.5701530">
    <ele>171.5</ele>
    <time>2024-04-20T20:53:40Z</time>
   </trkpt>
   <trkpt lat="48.2028440" lon="7.5701230">
    <ele>171.5</ele>
    <time>2024-04-20T20:53:41Z</time>
   </trkpt>
   <trkpt lat="48.2027910" lon="7.5700920">
    <ele>171.6</ele>
    <time>2024-04-20T20:53:42Z</time>
   </trkpt>
   <trkpt lat="48.2027380" lon="7.5700640">
    <ele>171.6</ele>
    <time>2024-04-20T20:53:43Z</time>
   </trkpt>
   <trkpt lat="48.2026870" lon="7.5700350">
    <ele>171.7</ele>
    <time>2024-04-20T20:53:44Z</time>
   </trkpt>
   <trkpt lat="48.2026340" lon="7.5700090">
    <ele>171.8</ele>
    <time>2024-04-20T20:53:45Z</time>
   </trkpt>
   <trkpt lat="48.2025810" lon="7.5699870">
    <ele>171.8</ele>
    <time>2024-04-20T20:53:46Z</time>
   </trkpt>
   <trkpt lat="48.2025270" lon="7.5699630">
    <ele>171.9</ele>
    <time>2024-04-20T20:53:47Z</time>
   </trkpt>
   <trkpt lat="48.2024730" lon="7.5699400">
    <ele>171.9</ele>
    <time>2024-04-20T20:53:48Z</time>
   </trkpt>
   <trkpt lat="48.2024190" lon="7.5699190">
    <ele>171.9</ele>
    <time>2024-04-20T20:53:49Z</time>
   </trkpt>
   <trkpt lat="48.2023620" lon="7.5698950">
    <ele>171.8</ele>
    <time>2024-04-20T20:53:50Z</time>
   </trkpt>
   <trkpt lat="48.2023060" lon="7.5698670">
    <ele>171.8</ele>
    <time>2024-04-20T20:53:51Z</time>
   </trkpt>
   <trkpt lat="48.2022500" lon="7.5698410">
    <ele>171.8</ele>
    <time>2024-04-20T20:53:52Z</time>
   </trkpt>
   <trkpt lat="48.2021970" lon="7.5698180">
    <ele>171.8</ele>
    <time>2024-04-20T20:53:53Z</time>
   </trkpt>
   <trkpt lat="48.2021440" lon="7.5697920">
    <ele>171.7</ele>
    <time>2024-04-20T20:53:54Z</time>
   </trkpt>
   <trkpt lat="48.2020900" lon="7.5697690">
    <ele>171.7</ele>
    <time>2024-04-20T20:53:55Z</time>
   </trkpt>
   <trkpt lat="48.2020360" lon="7.5697450">
    <ele>171.7</ele>
    <time>2024-04-20T20:53:56Z</time>
   </trkpt>
   <trkpt lat="48.2019810" lon="7.5697220">
    <ele>171.7</ele>
    <time>2024-04-20T20:53:57Z</time>
   </trkpt>
   <trkpt lat="48.2019250" lon="7.5697000">
    <ele>171.7</ele>
    <time>2024-04-20T20:53:58Z</time>
   </trkpt>
   <trkpt lat="48.2018700" lon="7.5696830">
    <ele>171.7</ele>
    <time>2024-04-20T20:53:59Z</time>
   </trkpt>
   <trkpt lat="48.2018140" lon="7.5696640">
    <ele>171.7</ele>
    <time>2024-04-20T20:54:00Z</time>
   </trkpt>
   <trkpt lat="48.2017580" lon="7.5696410">
    <ele>171.7</ele>
    <time>2024-04-20T20:54:01Z</time>
   </trkpt>
   <trkpt lat="48.2017030" lon="7.5696230">
    <ele>171.8</ele>
    <time>2024-04-20T20:54:02Z</time>
   </trkpt>
   <trkpt lat="48.2016470" lon="7.5696040">
    <ele>171.8</ele>
    <time>2024-04-20T20:54:03Z</time>
   </trkpt>
   <trkpt lat="48.2015890" lon="7.5695840">
    <ele>171.8</ele>
    <time>2024-04-20T20:54:04Z</time>
   </trkpt>
   <trkpt lat="48.2015320" lon="7.5695680">
    <ele>171.8</ele>
    <time>2024-04-20T20:54:05Z</time>
   </trkpt>
   <trkpt lat="48.2014750" lon="7.5695470">
    <ele>171.8</ele>
    <time>2024-04-20T20:54:06Z</time>
   </trkpt>
   <trkpt lat="48.2014170" lon="7.5695290">
    <ele>171.8</ele>
    <time>2024-04-20T20:54:07Z</time>
   </trkpt>
   <trkpt lat="48.2013580" lon="7.5695120">
    <ele>171.8</ele>
    <time>2024-04-20T20:54:08Z</time>
   </trkpt>
   <trkpt lat="48.2013010" lon="7.5694900">
    <ele>171.8</ele>
    <time>2024-04-20T20:54:09Z</time>
   </trkpt>
   <trkpt lat="48.2012420" lon="7.5694710">
    <ele>171.8</ele>
    <time>2024-04-20T20:54:10Z</time>
   </trkpt>
   <trkpt lat="48.2011840" lon="7.5694510">
    <ele>171.8</ele>
    <time>2024-04-20T20:54:11Z</time>
   </trkpt>
   <trkpt lat="48.2011240" lon="7.5694320">
    <ele>171.8</ele>
    <time>2024-04-20T20:54:12Z</time>
   </trkpt>
   <trkpt lat="48.2010660" lon="7.5694130">
    <ele>171.8</ele>
    <time>2024-04-20T20:54:13Z</time>
   </trkpt>
   <trkpt lat="48.2010070" lon="7.5693940">
    <ele>171.7</ele>
    <time>2024-04-20T20:54:14Z</time>
   </trkpt>
   <trkpt lat="48.2009480" lon="7.5693760">
    <ele>171.7</ele>
    <time>2024-04-20T20:54:15Z</time>
   </trkpt>
   <trkpt lat="48.2008890" lon="7.5693560">
    <ele>171.7</ele>
    <time>2024-04-20T20:54:16Z</time>
   </trkpt>
   <trkpt lat="48.2008300" lon="7.5693380">
    <ele>171.7</ele>
    <time>2024-04-20T20:54:17Z</time>
   </trkpt>
   <trkpt lat="48.2007730" lon="7.5693160">
    <ele>171.7</ele>
    <time>2024-04-20T20:54:18Z</time>
   </trkpt>
   <trkpt lat="48.2007160" lon="7.5692980">
    <ele>171.7</ele>
    <time>2024-04-20T20:54:19Z</time>
   </trkpt>
   <trkpt lat="48.2006580" lon="7.5692790">
    <ele>171.7</ele>
    <time>2024-04-20T20:54:20Z</time>
   </trkpt>
   <trkpt lat="48.2006000" lon="7.5692610">
    <ele>171.7</ele>
    <time>2024-04-20T20:54:21Z</time>
   </trkpt>
   <trkpt lat="48.2005430" lon="7.5692420">
    <ele>171.8</ele>
    <time>2024-04-20T20:54:22Z</time>
   </trkpt>
   <trkpt lat="48.2004870" lon="7.5692220">
    <ele>171.8</ele>
    <time>2024-04-20T20:54:23Z</time>
   </trkpt>
   <trkpt lat="48.2004310" lon="7.5692010">
    <ele>171.8</ele>
    <time>2024-04-20T20:54:24Z</time>
   </trkpt>
   <trkpt lat="48.2003750" lon="7.5691840">
    <ele>171.8</ele>
    <time>2024-04-20T20:54:25Z</time>
   </trkpt>
   <trkpt lat="48.2003200" lon="7.5691680">
    <ele>171.8</ele>
    <time>2024-04-20T20:54:26Z</time>
   </trkpt>
   <trkpt lat="48.2002650" lon="7.5691510">
    <ele>171.9</ele>
    <time>2024-04-20T20:54:27Z</time>
   </trkpt>
   <trkpt lat="48.2002110" lon="7.5691340">
    <ele>171.9</ele>
    <time>2024-04-20T20:54:28Z</time>
   </trkpt>
   <trkpt lat="48.2001580" lon="7.5691150">
    <ele>171.9</ele>
    <time>2024-04-20T20:54:29Z</time>
   </trkpt>
   <trkpt lat="48.2001040" lon="7.5691000">
    <ele>172.0</ele>
    <time>2024-04-20T20:54:30Z</time>
   </trkpt>
   <trkpt lat="48.2000500" lon="7.5690830">
    <ele>172.0</ele>
    <time>2024-04-20T20:54:31Z</time>
   </trkpt>
   <trkpt lat="48.1999990" lon="7.5690640">
    <ele>172.0</ele>
    <time>2024-04-20T20:54:32Z</time>
   </trkpt>
   <trkpt lat="48.1999470" lon="7.5690500">
    <ele>172.1</ele>
    <time>2024-04-20T20:54:33Z</time>
   </trkpt>
   <trkpt lat="48.1998980" lon="7.5690380">
    <ele>172.1</ele>
    <time>2024-04-20T20:54:34Z</time>
   </trkpt>
   <trkpt lat="48.1998480" lon="7.5690190">
    <ele>172.2</ele>
    <time>2024-04-20T20:54:35Z</time>
   </trkpt>
   <trkpt lat="48.1997980" lon="7.5690050">
    <ele>172.2</ele>
    <time>2024-04-20T20:54:36Z</time>
   </trkpt>
   <trkpt lat="48.1997470" lon="7.5689920">
    <ele>172.2</ele>
    <time>2024-04-20T20:54:37Z</time>
   </trkpt>
   <trkpt lat="48.1996980" lon="7.5689770">
    <ele>172.3</ele>
    <time>2024-04-20T20:54:38Z</time>
   </trkpt>
   <trkpt lat="48.1996480" lon="7.5689620">
    <ele>172.3</ele>
    <time>2024-04-20T20:54:39Z</time>
   </trkpt>
   <trkpt lat="48.1995960" lon="7.5689460">
    <ele>172.4</ele>
    <time>2024-04-20T20:54:40Z</time>
   </trkpt>
   <trkpt lat="48.1995430" lon="7.5689370">
    <ele>172.4</ele>
    <time>2024-04-20T20:54:41Z</time>
   </trkpt>
   <trkpt lat="48.1994890" lon="7.5689230">
    <ele>172.4</ele>
    <time>2024-04-20T20:54:42Z</time>
   </trkpt>
   <trkpt lat="48.1994360" lon="7.5689120">
    <ele>172.5</ele>
    <time>2024-04-20T20:54:43Z</time>
   </trkpt>
   <trkpt lat="48.1993830" lon="7.5689030">
    <ele>172.5</ele>
    <time>2024-04-20T20:54:44Z</time>
   </trkpt>
   <trkpt lat="48.1993310" lon="7.5688930">
    <ele>172.6</ele>
    <time>2024-04-20T20:54:45Z</time>
   </trkpt>
   <trkpt lat="48.1992780" lon="7.5688840">
    <ele>172.6</ele>
    <time>2024-04-20T20:54:46Z</time>
   </trkpt>
   <trkpt lat="48.1992240" lon="7.5688750">
    <ele>172.6</ele>
    <time>2024-04-20T20:54:47Z</time>
   </trkpt>
   <trkpt lat="48.1991700" lon="7.5688670">
    <ele>172.6</ele>
    <time>2024-04-20T20:54:48Z</time>
   </trkpt>
   <trkpt lat="48.1991160" lon="7.5688590">
    <ele>172.7</ele>
    <time>2024-04-20T20:54:49Z</time>
   </trkpt>
   <trkpt lat="48.1990620" lon="7.5688550">
    <ele>172.7</ele>
    <time>2024-04-20T20:54:50Z</time>
   </trkpt>
   <trkpt lat="48.1990080" lon="7.5688500">
    <ele>172.7</ele>
    <time>2024-04-20T20:54:51Z</time>
   </trkpt>
   <trkpt lat="48.1989540" lon="7.5688480">
    <ele>172.7</ele>
    <time>2024-04-20T20:54:52Z</time>
   </trkpt>
   <trkpt lat="48.1989000" lon="7.5688420">
    <ele>172.7</ele>
    <time>2024-04-20T20:54:53Z</time>
   </trkpt>
   <trkpt lat="48.1988460" lon="7.5688400">
    <ele>172.7</ele>
    <time>2024-04-20T20:54:54Z</time>
   </trkpt>
   <trkpt lat="48.1987930" lon="7.5688380">
    <ele>172.7</ele>
    <time>2024-04-20T20:54:55Z</time>
   </trkpt>
   <trkpt lat="48.1987410" lon="7.5688390">
    <ele>172.8</ele>
    <time>2024-04-20T20:54:56Z</time>
   </trkpt>
   <trkpt lat="48.1986870" lon="7.5688410">
    <ele>172.8</ele>
    <time>2024-04-20T20:54:57Z</time>
   </trkpt>
   <trkpt lat="48.1986330" lon="7.5688430">
    <ele>172.8</ele>
    <time>2024-04-20T20:54:58Z</time>
   </trkpt>
   <trkpt lat="48.1985790" lon="7.5688440">
    <ele>172.8</ele>
    <time>2024-04-20T20:54:59Z</time>
   </trkpt>
   <trkpt lat="48.1985260" lon="7.5688460">
    <ele>172.8</ele>
    <time>2024-04-20T20:55:00Z</time>
   </trkpt>
   <trkpt lat="48.1984730" lon="7.5688500">
    <ele>172.9</ele>
    <time>2024-04-20T20:55:01Z</time>
   </trkpt>
   <trkpt lat="48.1984190" lon="7.5688540">
    <ele>172.9</ele>
    <time>2024-04-20T20:55:02Z</time>
   </trkpt>
   <trkpt lat="48.1983630" lon="7.5688570">
    <ele>172.9</ele>
    <time>2024-04-20T20:55:03Z</time>
   </trkpt>
   <trkpt lat="48.1983080" lon="7.5688600">
    <ele>172.9</ele>
    <time>2024-04-20T20:55:04Z</time>
   </trkpt>
   <trkpt lat="48.1982540" lon="7.5688650">
    <ele>173.0</ele>
    <time>2024-04-20T20:55:05Z</time>
   </trkpt>
   <trkpt lat="48.1981990" lon="7.5688680">
    <ele>173.0</ele>
    <time>2024-04-20T20:55:06Z</time>
   </trkpt>
   <trkpt lat="48.1981420" lon="7.5688730">
    <ele>173.0</ele>
    <time>2024-04-20T20:55:07Z</time>
   </trkpt>
   <trkpt lat="48.1980860" lon="7.5688760">
    <ele>173.0</ele>
    <time>2024-04-20T20:55:08Z</time>
   </trkpt>
   <trkpt lat="48.1980300" lon="7.5688760">
    <ele>172.9</ele>
    <time>2024-04-20T20:55:09Z</time>
   </trkpt>
   <trkpt lat="48.1979720" lon="7.5688700">
    <ele>172.9</ele>
    <time>2024-04-20T20:55:10Z</time>
   </trkpt>
   <trkpt lat="48.1979150" lon="7.5688690">
    <ele>172.9</ele>
    <time>2024-04-20T20:55:11Z</time>
   </trkpt>
   <trkpt lat="48.1978590" lon="7.5688680">
    <ele>172.8</ele>
    <time>2024-04-20T20:55:12Z</time>
   </trkpt>
   <trkpt lat="48.1978030" lon="7.5688650">
    <ele>172.8</ele>
    <time>2024-04-20T20:55:13Z</time>
   </trkpt>
   <trkpt lat="48.1977470" lon="7.5688610">
    <ele>172.8</ele>
    <time>2024-04-20T20:55:14Z</time>
   </trkpt>
   <trkpt lat="48.1976900" lon="7.5688550">
    <ele>172.7</ele>
    <time>2024-04-20T20:55:15Z</time>
   </trkpt>
   <trkpt lat="48.1976330" lon="7.5688480">
    <ele>172.7</ele>
    <time>2024-04-20T20:55:16Z</time>
   </trkpt>
   <trkpt lat="48.1975750" lon="7.5688370">
    <ele>172.7</ele>
    <time>2024-04-20T20:55:17Z</time>
   </trkpt>
   <trkpt lat="48.1975170" lon="7.5688250">
    <ele>172.6</ele>
    <time>2024-04-20T20:55:18Z</time>
   </trkpt>
   <trkpt lat="48.1974590" lon="7.5688110">
    <ele>172.6</ele>
    <time>2024-04-20T20:55:19Z</time>
   </trkpt>
   <trkpt lat="48.1974030" lon="7.5687940">
    <ele>172.6</ele>
    <time>2024-04-20T20:55:20Z</time>
   </trkpt>
   <trkpt lat="48.1973460" lon="7.5687760">
    <ele>172.5</ele>
    <time>2024-04-20T20:55:21Z</time>
   </trkpt>
   <trkpt lat="48.1972910" lon="7.5687600">
    <ele>172.5</ele>
    <time>2024-04-20T20:55:22Z</time>
   </trkpt>
   <trkpt lat="48.1972360" lon="7.5687400">
    <ele>172.5</ele>
    <time>2024-04-20T20:55:23Z</time>
   </trkpt>
   <trkpt lat="48.1971810" lon="7.5687210">
    <ele>172.4</ele>
    <time>2024-04-20T20:55:24Z</time>
   </trkpt>
   <trkpt lat="48.1971260" lon="7.5687020">
    <ele>172.4</ele>
    <time>2024-04-20T20:55:25Z</time>
   </trkpt>
   <trkpt lat="48.1970710" lon="7.5686800">
    <ele>172.4</ele>
    <time>2024-04-20T20:55:26Z</time>
   </trkpt>
   <trkpt lat="48.1970160" lon="7.5686590">
    <ele>172.4</ele>
    <time>2024-04-20T20:55:27Z</time>
   </trkpt>
   <trkpt lat="48.1969610" lon="7.5686370">
    <ele>172.4</ele>
    <time>2024-04-20T20:55:28Z</time>
   </trkpt>
   <trkpt lat="48.1969060" lon="7.5686150">
    <ele>172.4</ele>
    <time>2024-04-20T20:55:29Z</time>
   </trkpt>
   <trkpt lat="48.1968510" lon="7.5685940">
    <ele>172.4</ele>
    <time>2024-04-20T20:55:30Z</time>
   </trkpt>
   <trkpt lat="48.1967960" lon="7.5685700">
    <ele>172.5</ele>
    <time>2024-04-20T20:55:31Z</time>
   </trkpt>
   <trkpt lat="48.1967430" lon="7.5685480">
    <ele>172.5</ele>
    <time>2024-04-20T20:55:32Z</time>
   </trkpt>
   <trkpt lat="48.1966880" lon="7.5685280">
    <ele>172.5</ele>
    <time>2024-04-20T20:55:33Z</time>
   </trkpt>
   <trkpt lat="48.1966340" lon="7.5685060">
    <ele>172.5</ele>
    <time>2024-04-20T20:55:34Z</time>
   </trkpt>
   <trkpt lat="48.1965800" lon="7.5684880">
    <ele>172.5</ele>
    <time>2024-04-20T20:55:35Z</time>
   </trkpt>
   <trkpt lat="48.1965250" lon="7.5684680">
    <ele>172.5</ele>
    <time>2024-04-20T20:55:36Z</time>
   </trkpt>
   <trkpt lat="48.1964710" lon="7.5684460">
    <ele>172.5</ele>
    <time>2024-04-20T20:55:37Z</time>
   </trkpt>
   <trkpt lat="48.1964160" lon="7.5684270">
    <ele>172.6</ele>
    <time>2024-04-20T20:55:38Z</time>
   </trkpt>
   <trkpt lat="48.1963600" lon="7.5684090">
    <ele>172.6</ele>
    <time>2024-04-20T20:55:39Z</time>
   </trkpt>
   <trkpt lat="48.1963050" lon="7.5683890">
    <ele>172.6</ele>
    <time>2024-04-20T20:55:40Z</time>
   </trkpt>
   <trkpt lat="48.1962500" lon="7.5683670">
    <ele>172.7</ele>
    <time>2024-04-20T20:55:41Z</time>
   </trkpt>
   <trkpt lat="48.1961980" lon="7.5683450">
    <ele>172.7</ele>
    <time>2024-04-20T20:55:42Z</time>
   </trkpt>
   <trkpt lat="48.1961420" lon="7.5683240">
    <ele>172.7</ele>
    <time>2024-04-20T20:55:43Z</time>
   </trkpt>
   <trkpt lat="48.1960880" lon="7.5683050">
    <ele>172.8</ele>
    <time>2024-04-20T20:55:44Z</time>
   </trkpt>
   <trkpt lat="48.1960350" lon="7.5682850">
    <ele>172.8</ele>
    <time>2024-04-20T20:55:45Z</time>
   </trkpt>
   <trkpt lat="48.1959820" lon="7.5682640">
    <ele>172.8</ele>
    <time>2024-04-20T20:55:46Z</time>
   </trkpt>
   <trkpt lat="48.1959290" lon="7.5682420">
    <ele>172.8</ele>
    <time>2024-04-20T20:55:47Z</time>
   </trkpt>
   <trkpt lat="48.1958750" lon="7.5682190">
    <ele>172.8</ele>
    <time>2024-04-20T20:55:48Z</time>
   </trkpt>
   <trkpt lat="48.1958190" lon="7.5681980">
    <ele>172.8</ele>
    <time>2024-04-20T20:55:49Z</time>
   </trkpt>
   <trkpt lat="48.1957650" lon="7.5681720">
    <ele>172.8</ele>
    <time>2024-04-20T20:55:50Z</time>
   </trkpt>
   <trkpt lat="48.1957100" lon="7.5681460">
    <ele>172.8</ele>
    <time>2024-04-20T20:55:51Z</time>
   </trkpt>
   <trkpt lat="48.1956540" lon="7.5681190">
    <ele>172.8</ele>
    <time>2024-04-20T20:55:52Z</time>
   </trkpt>
   <trkpt lat="48.1955990" lon="7.5680900">
    <ele>172.8</ele>
    <time>2024-04-20T20:55:53Z</time>
   </trkpt>
   <trkpt lat="48.1955460" lon="7.5680600">
    <ele>172.8</ele>
    <time>2024-04-20T20:55:54Z</time>
   </trkpt>
   <trkpt lat="48.1954940" lon="7.5680290">
    <ele>172.8</ele>
    <time>2024-04-20T20:55:55Z</time>
   </trkpt>
   <trkpt lat="48.1954410" lon="7.5679950">
    <ele>172.8</ele>
    <time>2024-04-20T20:55:56Z</time>
   </trkpt>
   <trkpt lat="48.1953890" lon="7.5679610">
    <ele>172.7</ele>
    <time>2024-04-20T20:55:57Z</time>
   </trkpt>
   <trkpt lat="48.1953370" lon="7.5679290">
    <ele>172.7</ele>
    <time>2024-04-20T20:55:58Z</time>
   </trkpt>
   <trkpt lat="48.1952860" lon="7.5678920">
    <ele>172.7</ele>
    <time>2024-04-20T20:55:59Z</time>
   </trkpt>
   <trkpt lat="48.1952340" lon="7.5678550">
    <ele>172.7</ele>
    <time>2024-04-20T20:56:00Z</time>
   </trkpt>
   <trkpt lat="48.1951810" lon="7.5678190">
    <ele>172.7</ele>
    <time>2024-04-20T20:56:01Z</time>
   </trkpt>
   <trkpt lat="48.1951300" lon="7.5677810">
    <ele>172.6</ele>
    <time>2024-04-20T20:56:02Z</time>
   </trkpt>
   <trkpt lat="48.1950770" lon="7.5677440">
    <ele>172.6</ele>
    <time>2024-04-20T20:56:03Z</time>
   </trkpt>
   <trkpt lat="48.1950250" lon="7.5677060">
    <ele>172.6</ele>
    <time>2024-04-20T20:56:04Z</time>
   </trkpt>
   <trkpt lat="48.1949740" lon="7.5676670">
    <ele>172.6</ele>
    <time>2024-04-20T20:56:05Z</time>
   </trkpt>
   <trkpt lat="48.1949210" lon="7.5676290">
    <ele>172.6</ele>
    <time>2024-04-20T20:56:06Z</time>
   </trkpt>
   <trkpt lat="48.1948690" lon="7.5675900">
    <ele>172.5</ele>
    <time>2024-04-20T20:56:07Z</time>
   </trkpt>
   <trkpt lat="48.1948160" lon="7.5675530">
    <ele>172.5</ele>
    <time>2024-04-20T20:56:08Z</time>
   </trkpt>
   <trkpt lat="48.1947620" lon="7.5675150">
    <ele>172.5</ele>
    <time>2024-04-20T20:56:09Z</time>
   </trkpt>
   <trkpt lat="48.1947090" lon="7.5674770">
    <ele>172.5</ele>
    <time>2024-04-20T20:56:10Z</time>
   </trkpt>
   <trkpt lat="48.1946560" lon="7.5674380">
    <ele>172.4</ele>
    <time>2024-04-20T20:56:11Z</time>
   </trkpt>
   <trkpt lat="48.1946020" lon="7.5673990">
    <ele>172.4</ele>
    <time>2024-04-20T20:56:12Z</time>
   </trkpt>
   <trkpt lat="48.1945500" lon="7.5673610">
    <ele>172.4</ele>
    <time>2024-04-20T20:56:13Z</time>
   </trkpt>
   <trkpt lat="48.1944950" lon="7.5673210">
    <ele>172.4</ele>
    <time>2024-04-20T20:56:14Z</time>
   </trkpt>
   <trkpt lat="48.1944410" lon="7.5672830">
    <ele>172.4</ele>
    <time>2024-04-20T20:56:15Z</time>
   </trkpt>
   <trkpt lat="48.1943890" lon="7.5672430">
    <ele>172.4</ele>
    <time>2024-04-20T20:56:16Z</time>
   </trkpt>
   <trkpt lat="48.1943360" lon="7.5672070">
    <ele>172.4</ele>
    <time>2024-04-20T20:56:17Z</time>
   </trkpt>
   <trkpt lat="48.1942840" lon="7.5671690">
    <ele>172.3</ele>
    <time>2024-04-20T20:56:18Z</time>
   </trkpt>
   <trkpt lat="48.1942320" lon="7.5671300">
    <ele>172.3</ele>
    <time>2024-04-20T20:56:19Z</time>
   </trkpt>
   <trkpt lat="48.1941810" lon="7.5670890">
    <ele>172.3</ele>
    <time>2024-04-20T20:56:20Z</time>
   </trkpt>
   <trkpt lat="48.1941300" lon="7.5670490">
    <ele>172.3</ele>
    <time>2024-04-20T20:56:21Z</time>
   </trkpt>
   <trkpt lat="48.1940760" lon="7.5670080">
    <ele>172.3</ele>
    <time>2024-04-20T20:56:22Z</time>
   </trkpt>
   <trkpt lat="48.1940230" lon="7.5669690">
    <ele>172.3</ele>
    <time>2024-04-20T20:56:23Z</time>
   </trkpt>
   <trkpt lat="48.1939680" lon="7.5669270">
    <ele>172.2</ele>
    <time>2024-04-20T20:56:24Z</time>
   </trkpt>
   <trkpt lat="48.1939170" lon="7.5668860">
    <ele>172.2</ele>
    <time>2024-04-20T20:56:25Z</time>
   </trkpt>
   <trkpt lat="48.1938640" lon="7.5668470">
    <ele>172.2</ele>
    <time>2024-04-20T20:56:26Z</time>
   </trkpt>
   <trkpt lat="48.1938070" lon="7.5668200">
    <ele>172.3</ele>
    <time>2024-04-20T20:56:27Z</time>
   </trkpt>
   <trkpt lat="48.1937490" lon="7.5667960">
    <ele>172.3</ele>
    <time>2024-04-20T20:56:28Z</time>
   </trkpt>
   <trkpt lat="48.1936920" lon="7.5667740">
    <ele>172.3</ele>
    <time>2024-04-20T20:56:29Z</time>
   </trkpt>
   <trkpt lat="48.1936360" lon="7.5667500">
    <ele>172.3</ele>
    <time>2024-04-20T20:56:30Z</time>
   </trkpt>
   <trkpt lat="48.1935850" lon="7.5667130">
    <ele>172.4</ele>
    <time>2024-04-20T20:56:31Z</time>
   </trkpt>
   <trkpt lat="48.1935350" lon="7.5666750">
    <ele>172.4</ele>
    <time>2024-04-20T20:56:32Z</time>
   </trkpt>
   <trkpt lat="48.1934850" lon="7.5666370">
    <ele>172.4</ele>
    <time>2024-04-20T20:56:33Z</time>
   </trkpt>
   <trkpt lat="48.1934390" lon="7.5666030">
    <ele>172.5</ele>
    <time>2024-04-20T20:56:34Z</time>
   </trkpt>
   <trkpt lat="48.1933930" lon="7.5665680">
    <ele>172.5</ele>
    <time>2024-04-20T20:56:35Z</time>
   </trkpt>
   <trkpt lat="48.1933470" lon="7.5665360">
    <ele>172.6</ele>
    <time>2024-04-20T20:56:36Z</time>
   </trkpt>
   <trkpt lat="48.1933030" lon="7.5665100">
    <ele>172.6</ele>
    <time>2024-04-20T20:56:37Z</time>
   </trkpt>
   <trkpt lat="48.1932550" lon="7.5664940">
    <ele>172.6</ele>
    <time>2024-04-20T20:56:38Z</time>
   </trkpt>
   <trkpt lat="48.1932070" lon="7.5664930">
    <ele>172.7</ele>
    <time>2024-04-20T20:56:39Z</time>
   </trkpt>
   <trkpt lat="48.1931620" lon="7.5665260">
    <ele>172.8</ele>
    <time>2024-04-20T20:56:40Z</time>
   </trkpt>
   <trkpt lat="48.1931280" lon="7.5665850">
    <ele>172.9</ele>
    <time>2024-04-20T20:56:41Z</time>
   </trkpt>
   <trkpt lat="48.1931060" lon="7.5666610">
    <ele>172.9</ele>
    <time>2024-04-20T20:56:42Z</time>
   </trkpt>
   <trkpt lat="48.1930840" lon="7.5667360">
    <ele>172.9</ele>
    <time>2024-04-20T20:56:43Z</time>
   </trkpt>
   <trkpt lat="48.1930540" lon="7.5668070">
    <ele>173.0</ele>
    <time>2024-04-20T20:56:44Z</time>
   </trkpt>
   <trkpt lat="48.1930180" lon="7.5668750">
    <ele>173.0</ele>
    <time>2024-04-20T20:56:45Z</time>
   </trkpt>
   <trkpt lat="48.1929810" lon="7.5669420">
    <ele>173.0</ele>
    <time>2024-04-20T20:56:46Z</time>
   </trkpt>
   <trkpt lat="48.1929460" lon="7.5670080">
    <ele>173.0</ele>
    <time>2024-04-20T20:56:47Z</time>
   </trkpt>
   <trkpt lat="48.1929100" lon="7.5670730">
    <ele>173.1</ele>
    <time>2024-04-20T20:56:48Z</time>
   </trkpt>
   <trkpt lat="48.1928700" lon="7.5671370">
    <ele>173.1</ele>
    <time>2024-04-20T20:56:49Z</time>
   </trkpt>
   <trkpt lat="48.1928300" lon="7.5672010">
    <ele>173.1</ele>
    <time>2024-04-20T20:56:50Z</time>
   </trkpt>
   <trkpt lat="48.1927900" lon="7.5672630">
    <ele>173.2</ele>
    <time>2024-04-20T20:56:51Z</time>
   </trkpt>
   <trkpt lat="48.1927520" lon="7.5673260">
    <ele>173.2</ele>
    <time>2024-04-20T20:56:52Z</time>
   </trkpt>
   <trkpt lat="48.1927170" lon="7.5673930">
    <ele>173.2</ele>
    <time>2024-04-20T20:56:53Z</time>
   </trkpt>
   <trkpt lat="48.1926810" lon="7.5674550">
    <ele>173.2</ele>
    <time>2024-04-20T20:56:54Z</time>
   </trkpt>
   <trkpt lat="48.1926420" lon="7.5675180">
    <ele>173.2</ele>
    <time>2024-04-20T20:56:55Z</time>
   </trkpt>
   <trkpt lat="48.1926050" lon="7.5675830">
    <ele>173.2</ele>
    <time>2024-04-20T20:56:56Z</time>
   </trkpt>
   <trkpt lat="48.1925660" lon="7.5676460">
    <ele>173.2</ele>
    <time>2024-04-20T20:56:57Z</time>
   </trkpt>
   <trkpt lat="48.1925240" lon="7.5677070">
    <ele>173.2</ele>
    <time>2024-04-20T20:56:58Z</time>
   </trkpt>
   <trkpt lat="48.1924800" lon="7.5677630">
    <ele>173.2</ele>
    <time>2024-04-20T20:56:59Z</time>
   </trkpt>
   <trkpt lat="48.1924380" lon="7.5678190">
    <ele>173.2</ele>
    <time>2024-04-20T20:57:00Z</time>
   </trkpt>
   <trkpt lat="48.1923980" lon="7.5678790">
    <ele>173.1</ele>
    <time>2024-04-20T20:57:01Z</time>
   </trkpt>
   <trkpt lat="48.1923600" lon="7.5679420">
    <ele>173.1</ele>
    <time>2024-04-20T20:57:02Z</time>
   </trkpt>
   <trkpt lat="48.1923230" lon="7.5680080">
    <ele>173.1</ele>
    <time>2024-04-20T20:57:03Z</time>
   </trkpt>
   <trkpt lat="48.1922850" lon="7.5680760">
    <ele>173.1</ele>
    <time>2024-04-20T20:57:04Z</time>
   </trkpt>
   <trkpt lat="48.1922460" lon="7.5681400">
    <ele>173.1</ele>
    <time>2024-04-20T20:57:05Z</time>
   </trkpt>
   <trkpt lat="48.1922030" lon="7.5682040">
    <ele>173.1</ele>
    <time>2024-04-20T20:57:06Z</time>
   </trkpt>
   <trkpt lat="48.1921570" lon="7.5682640">
    <ele>173.0</ele>
    <time>2024-04-20T20:57:07Z</time>
   </trkpt>
   <trkpt lat="48.1921150" lon="7.5683270">
    <ele>173.0</ele>
    <time>2024-04-20T20:57:08Z</time>
   </trkpt>
   <trkpt lat="48.1920740" lon="7.5683920">
    <ele>173.0</ele>
    <time>2024-04-20T20:57:09Z</time>
   </trkpt>
   <trkpt lat="48.1920320" lon="7.5684560">
    <ele>173.0</ele>
    <time>2024-04-20T20:57:10Z</time>
   </trkpt>
   <trkpt lat="48.1919910" lon="7.5685210">
    <ele>173.0</ele>
    <time>2024-04-20T20:57:11Z</time>
   </trkpt>
   <trkpt lat="48.1919480" lon="7.5685840">
    <ele>173.0</ele>
    <time>2024-04-20T20:57:12Z</time>
   </trkpt>
   <trkpt lat="48.1919060" lon="7.5686440">
    <ele>173.1</ele>
    <time>2024-04-20T20:57:13Z</time>
   </trkpt>
   <trkpt lat="48.1918650" lon="7.5687020">
    <ele>173.1</ele>
    <time>2024-04-20T20:57:14Z</time>
   </trkpt>
   <trkpt lat="48.1918250" lon="7.5687590">
    <ele>173.1</ele>
    <time>2024-04-20T20:57:15Z</time>
   </trkpt>
   <trkpt lat="48.1917850" lon="7.5688190">
    <ele>173.1</ele>
    <time>2024-04-20T20:57:16Z</time>
   </trkpt>
   <trkpt lat="48.1917470" lon="7.5688790">
    <ele>173.1</ele>
    <time>2024-04-20T20:57:17Z</time>
   </trkpt>
   <trkpt lat="48.1917070" lon="7.5689340">
    <ele>173.1</ele>
    <time>2024-04-20T20:57:18Z</time>
   </trkpt>
   <trkpt lat="48.1916670" lon="7.5689930">
    <ele>173.0</ele>
    <time>2024-04-20T20:57:19Z</time>
   </trkpt>
   <trkpt lat="48.1916300" lon="7.5690530">
    <ele>173.0</ele>
    <time>2024-04-20T20:57:20Z</time>
   </trkpt>
   <trkpt lat="48.1915900" lon="7.5691070">
    <ele>173.0</ele>
    <time>2024-04-20T20:57:21Z</time>
   </trkpt>
   <trkpt lat="48.1915460" lon="7.5691580">
    <ele>173.0</ele>
    <time>2024-04-20T20:57:22Z</time>
   </trkpt>
   <trkpt lat="48.1915010" lon="7.5692100">
    <ele>173.0</ele>
    <time>2024-04-20T20:57:23Z</time>
   </trkpt>
   <trkpt lat="48.1914590" lon="7.5692630">
    <ele>173.0</ele>
    <time>2024-04-20T20:57:24Z</time>
   </trkpt>
   <trkpt lat="48.1914160" lon="7.5693120">
    <ele>173.0</ele>
    <time>2024-04-20T20:57:25Z</time>
   </trkpt>
   <trkpt lat="48.1913730" lon="7.5693580">
    <ele>173.0</ele>
    <time>2024-04-20T20:57:26Z</time>
   </trkpt>
   <trkpt lat="48.1913390" lon="7.5694060">
    <ele>173.0</ele>
    <time>2024-04-20T20:57:27Z</time>
   </trkpt>
   <trkpt lat="48.1913110" lon="7.5694600">
    <ele>173.0</ele>
    <time>2024-04-20T20:57:28Z</time>
   </trkpt>
   <trkpt lat="48.1912790" lon="7.5695140">
    <ele>173.1</ele>
    <time>2024-04-20T20:57:29Z</time>
   </trkpt>
   <trkpt lat="48.1912400" lon="7.5695650">
    <ele>173.1</ele>
    <time>2024-04-20T20:57:30Z</time>
   </trkpt>
   <trkpt lat="48.1912030" lon="7.5696250">
    <ele>173.1</ele>
    <time>2024-04-20T20:57:31Z</time>
   </trkpt>
   <trkpt lat="48.1911630" lon="7.5696870">
    <ele>173.1</ele>
    <time>2024-04-20T20:57:32Z</time>
   </trkpt>
   <trkpt lat="48.1911250" lon="7.5697550">
    <ele>173.2</ele>
    <time>2024-04-20T20:57:33Z</time>
   </trkpt>
   <trkpt lat="48.1910850" lon="7.5698240">
    <ele>173.2</ele>
    <time>2024-04-20T20:57:34Z</time>
   </trkpt>
   <trkpt lat="48.1910430" lon="7.5698870">
    <ele>173.2</ele>
    <time>2024-04-20T20:57:35Z</time>
   </trkpt>
   <trkpt lat="48.1909970" lon="7.5699400">
    <ele>173.2</ele>
    <time>2024-04-20T20:57:36Z</time>
   </trkpt>
   <trkpt lat="48.1909490" lon="7.5699890">
    <ele>173.2</ele>
    <time>2024-04-20T20:57:37Z</time>
   </trkpt>
   <trkpt lat="48.1909040" lon="7.5700460">
    <ele>173.2</ele>
    <time>2024-04-20T20:57:38Z</time>
   </trkpt>
   <trkpt lat="48.1908660" lon="7.5701100">
    <ele>173.2</ele>
    <time>2024-04-20T20:57:39Z</time>
   </trkpt>
   <trkpt lat="48.1908270" lon="7.5701720">
    <ele>173.1</ele>
    <time>2024-04-20T20:57:40Z</time>
   </trkpt>
   <trkpt lat="48.1907910" lon="7.5702370">
    <ele>173.1</ele>
    <time>2024-04-20T20:57:41Z</time>
   </trkpt>
   <trkpt lat="48.1907530" lon="7.5703040">
    <ele>173.0</ele>
    <time>2024-04-20T20:57:42Z</time>
   </trkpt>
   <trkpt lat="48.1907170" lon="7.5703710">
    <ele>173.0</ele>
    <time>2024-04-20T20:57:43Z</time>
   </trkpt>
   <trkpt lat="48.1906810" lon="7.5704410">
    <ele>172.9</ele>
    <time>2024-04-20T20:57:44Z</time>
   </trkpt>
   <trkpt lat="48.1906440" lon="7.5705090">
    <ele>172.8</ele>
    <time>2024-04-20T20:57:45Z</time>
   </trkpt>
   <trkpt lat="48.1906060" lon="7.5705760">
    <ele>172.8</ele>
    <time>2024-04-20T20:57:46Z</time>
   </trkpt>
   <trkpt lat="48.1905670" lon="7.5706390">
    <ele>172.8</ele>
    <time>2024-04-20T20:57:47Z</time>
   </trkpt>
   <trkpt lat="48.1905270" lon="7.5707040">
    <ele>172.7</ele>
    <time>2024-04-20T20:57:48Z</time>
   </trkpt>
   <trkpt lat="48.1904860" lon="7.5707650">
    <ele>172.7</ele>
    <time>2024-04-20T20:57:49Z</time>
   </trkpt>
   <trkpt lat="48.1904480" lon="7.5708250">
    <ele>172.7</ele>
    <time>2024-04-20T20:57:50Z</time>
   </trkpt>
   <trkpt lat="48.1904080" lon="7.5708790">
    <ele>172.7</ele>
    <time>2024-04-20T20:57:51Z</time>
   </trkpt>
   <trkpt lat="48.1903700" lon="7.5709360">
    <ele>172.7</ele>
    <time>2024-04-20T20:57:52Z</time>
   </trkpt>
   <trkpt lat="48.1903350" lon="7.5709940">
    <ele>172.7</ele>
    <time>2024-04-20T20:57:53Z</time>
   </trkpt>
   <trkpt lat="48.1903060" lon="7.5710550">
    <ele>172.7</ele>
    <time>2024-04-20T20:57:54Z</time>
   </trkpt>
   <trkpt lat="48.1902720" lon="7.5711150">
    <ele>172.7</ele>
    <time>2024-04-20T20:57:55Z</time>
   </trkpt>
   <trkpt lat="48.1902310" lon="7.5711690">
    <ele>172.7</ele>
    <time>2024-04-20T20:57:56Z</time>
   </trkpt>
   <trkpt lat="48.1901830" lon="7.5712110">
    <ele>172.7</ele>
    <time>2024-04-20T20:57:57Z</time>
   </trkpt>
   <trkpt lat="48.1901330" lon="7.5712330">
    <ele>172.8</ele>
    <time>2024-04-20T20:57:58Z</time>
   </trkpt>
   <trkpt lat="48.1900830" lon="7.5712290">
    <ele>172.8</ele>
    <time>2024-04-20T20:57:59Z</time>
   </trkpt>
   <trkpt lat="48.1900300" lon="7.5712060">
    <ele>172.8</ele>
    <time>2024-04-20T20:58:00Z</time>
   </trkpt>
   <trkpt lat="48.1899790" lon="7.5711830">
    <ele>172.8</ele>
    <time>2024-04-20T20:58:01Z</time>
   </trkpt>
   <trkpt lat="48.1899260" lon="7.5711670">
    <ele>172.8</ele>
    <time>2024-04-20T20:58:02Z</time>
   </trkpt>
   <trkpt lat="48.1898730" lon="7.5711490">
    <ele>172.8</ele>
    <time>2024-04-20T20:58:03Z</time>
   </trkpt>
   <trkpt lat="48.1898210" lon="7.5711270">
    <ele>172.9</ele>
    <time>2024-04-20T20:58:04Z</time>
   </trkpt>
   <trkpt lat="48.1897700" lon="7.5711030">
    <ele>172.9</ele>
    <time>2024-04-20T20:58:05Z</time>
   </trkpt>
   <trkpt lat="48.1897190" lon="7.5710850">
    <ele>172.9</ele>
    <time>2024-04-20T20:58:06Z</time>
   </trkpt>
   <trkpt lat="48.1896640" lon="7.5710680">
    <ele>172.9</ele>
    <time>2024-04-20T20:58:07Z</time>
   </trkpt>
   <trkpt lat="48.1896110" lon="7.5710470">
    <ele>172.9</ele>
    <time>2024-04-20T20:58:08Z</time>
   </trkpt>
   <trkpt lat="48.1895590" lon="7.5710220">
    <ele>172.9</ele>
    <time>2024-04-20T20:58:09Z</time>
   </trkpt>
   <trkpt lat="48.1895090" lon="7.5709980">
    <ele>172.9</ele>
    <time>2024-04-20T20:58:10Z</time>
   </trkpt>
   <trkpt lat="48.1894600" lon="7.5709750">
    <ele>173.0</ele>
    <time>2024-04-20T20:58:11Z</time>
   </trkpt>
   <trkpt lat="48.1894130" lon="7.5709470">
    <ele>173.0</ele>
    <time>2024-04-20T20:58:12Z</time>
   </trkpt>
   <trkpt lat="48.1893640" lon="7.5709190">
    <ele>173.0</ele>
    <time>2024-04-20T20:58:13Z</time>
   </trkpt>
   <trkpt lat="48.1893160" lon="7.5708920">
    <ele>173.0</ele>
    <time>2024-04-20T20:58:14Z</time>
   </trkpt>
   <trkpt lat="48.1892690" lon="7.5708630">
    <ele>173.1</ele>
    <time>2024-04-20T20:58:15Z</time>
   </trkpt>
   <trkpt lat="48.1892200" lon="7.5708400">
    <ele>173.1</ele>
    <time>2024-04-20T20:58:16Z</time>
   </trkpt>
   <trkpt lat="48.1891700" lon="7.5708160">
    <ele>173.1</ele>
    <time>2024-04-20T20:58:17Z</time>
   </trkpt>
   <trkpt lat="48.1891240" lon="7.5707860">
    <ele>173.1</ele>
    <time>2024-04-20T20:58:18Z</time>
   </trkpt>
   <trkpt lat="48.1890730" lon="7.5707610">
    <ele>173.1</ele>
    <time>2024-04-20T20:58:19Z</time>
   </trkpt>
   <trkpt lat="48.1890210" lon="7.5707390">
    <ele>173.1</ele>
    <time>2024-04-20T20:58:20Z</time>
   </trkpt>
   <trkpt lat="48.1889680" lon="7.5707160">
    <ele>173.1</ele>
    <time>2024-04-20T20:58:21Z</time>
   </trkpt>
   <trkpt lat="48.1889170" lon="7.5706900">
    <ele>173.0</ele>
    <time>2024-04-20T20:58:22Z</time>
   </trkpt>
   <trkpt lat="48.1888660" lon="7.5706630">
    <ele>173.0</ele>
    <time>2024-04-20T20:58:23Z</time>
   </trkpt>
   <trkpt lat="48.1888160" lon="7.5706350">
    <ele>173.0</ele>
    <time>2024-04-20T20:58:24Z</time>
   </trkpt>
   <trkpt lat="48.1887620" lon="7.5706070">
    <ele>173.0</ele>
    <time>2024-04-20T20:58:25Z</time>
   </trkpt>
   <trkpt lat="48.1887090" lon="7.5705750">
    <ele>173.0</ele>
    <time>2024-04-20T20:58:26Z</time>
   </trkpt>
   <trkpt lat="48.1886560" lon="7.5705450">
    <ele>173.0</ele>
    <time>2024-04-20T20:58:27Z</time>
   </trkpt>
   <trkpt lat="48.1886030" lon="7.5705150">
    <ele>173.0</ele>
    <time>2024-04-20T20:58:28Z</time>
   </trkpt>
   <trkpt lat="48.1885490" lon="7.5704860">
    <ele>173.0</ele>
    <time>2024-04-20T20:58:29Z</time>
   </trkpt>
   <trkpt lat="48.1884950" lon="7.5704580">
    <ele>173.0</ele>
    <time>2024-04-20T20:58:30Z</time>
   </trkpt>
   <trkpt lat="48.1884430" lon="7.5704290">
    <ele>173.0</ele>
    <time>2024-04-20T20:58:31Z</time>
   </trkpt>
   <trkpt lat="48.1883900" lon="7.5703950">
    <ele>173.0</ele>
    <time>2024-04-20T20:58:32Z</time>
   </trkpt>
   <trkpt lat="48.1883350" lon="7.5703690">
    <ele>173.0</ele>
    <time>2024-04-20T20:58:33Z</time>
   </trkpt>
   <trkpt lat="48.1882830" lon="7.5703390">
    <ele>173.1</ele>
    <time>2024-04-20T20:58:34Z</time>
   </trkpt>
   <trkpt lat="48.1882290" lon="7.5703120">
    <ele>173.1</ele>
    <time>2024-04-20T20:58:35Z</time>
   </trkpt>
   <trkpt lat="48.1881750" lon="7.5702830">
    <ele>173.1</ele>
    <time>2024-04-20T20:58:36Z</time>
   </trkpt>
   <trkpt lat="48.1881230" lon="7.5702530">
    <ele>173.1</ele>
    <time>2024-04-20T20:58:37Z</time>
   </trkpt>
   <trkpt lat="48.1880720" lon="7.5702270">
    <ele>173.1</ele>
    <time>2024-04-20T20:58:38Z</time>
   </trkpt>
   <trkpt lat="48.1880210" lon="7.5702070">
    <ele>173.2</ele>
    <time>2024-04-20T20:58:39Z</time>
   </trkpt>
   <trkpt lat="48.1879710" lon="7.5701830">
    <ele>173.2</ele>
    <time>2024-04-20T20:58:40Z</time>
   </trkpt>
   <trkpt lat="48.1879220" lon="7.5701550">
    <ele>173.2</ele>
    <time>2024-04-20T20:58:41Z</time>
   </trkpt>
   <trkpt lat="48.1878710" lon="7.5701270">
    <ele>173.2</ele>
    <time>2024-04-20T20:58:42Z</time>
   </trkpt>
   <trkpt lat="48.1878210" lon="7.5701000">
    <ele>173.2</ele>
    <time>2024-04-20T20:58:43Z</time>
   </trkpt>
   <trkpt lat="48.1877720" lon="7.5700730">
    <ele>173.2</ele>
    <time>2024-04-20T20:58:44Z</time>
   </trkpt>
   <trkpt lat="48.1877250" lon="7.5700460">
    <ele>173.2</ele>
    <time>2024-04-20T20:58:45Z</time>
   </trkpt>
   <trkpt lat="48.1876760" lon="7.5700220">
    <ele>173.2</ele>
    <time>2024-04-20T20:58:46Z</time>
   </trkpt>
   <trkpt lat="48.1876250" lon="7.5699980">
    <ele>173.2</ele>
    <time>2024-04-20T20:58:47Z</time>
   </trkpt>
   <trkpt lat="48.1875750" lon="7.5699740">
    <ele>173.2</ele>
    <time>2024-04-20T20:58:48Z</time>
   </trkpt>
   <trkpt lat="48.1875270" lon="7.5699540">
    <ele>173.2</ele>
    <time>2024-04-20T20:58:49Z</time>
   </trkpt>
   <trkpt lat="48.1874770" lon="7.5699360">
    <ele>173.2</ele>
    <time>2024-04-20T20:58:50Z</time>
   </trkpt>
   <trkpt lat="48.1874280" lon="7.5699200">
    <ele>173.2</ele>
    <time>2024-04-20T20:58:51Z</time>
   </trkpt>
   <trkpt lat="48.1873790" lon="7.5699000">
    <ele>173.3</ele>
    <time>2024-04-20T20:58:52Z</time>
   </trkpt>
   <trkpt lat="48.1873310" lon="7.5698760">
    <ele>173.3</ele>
    <time>2024-04-20T20:58:53Z</time>
   </trkpt>
   <trkpt lat="48.1872830" lon="7.5698520">
    <ele>173.3</ele>
    <time>2024-04-20T20:58:54Z</time>
   </trkpt>
   <trkpt lat="48.1872350" lon="7.5698290">
    <ele>173.3</ele>
    <time>2024-04-20T20:58:55Z</time>
   </trkpt>
   <trkpt lat="48.1871910" lon="7.5697930">
    <ele>173.3</ele>
    <time>2024-04-20T20:58:56Z</time>
   </trkpt>
   <trkpt lat="48.1871470" lon="7.5697580">
    <ele>173.3</ele>
    <time>2024-04-20T20:58:57Z</time>
   </trkpt>
   <trkpt lat="48.1871000" lon="7.5697280">
    <ele>173.3</ele>
    <time>2024-04-20T20:58:58Z</time>
   </trkpt>
   <trkpt lat="48.1870510" lon="7.5697040">
    <ele>173.3</ele>
    <time>2024-04-20T20:58:59Z</time>
   </trkpt>
   <trkpt lat="48.1870020" lon="7.5696800">
    <ele>173.3</ele>
    <time>2024-04-20T20:59:00Z</time>
   </trkpt>
   <trkpt lat="48.1869510" lon="7.5696590">
    <ele>173.3</ele>
    <time>2024-04-20T20:59:01Z</time>
   </trkpt>
   <trkpt lat="48.1869000" lon="7.5696460">
    <ele>173.3</ele>
    <time>2024-04-20T20:59:02Z</time>
   </trkpt>
   <trkpt lat="48.1868500" lon="7.5696340">
    <ele>173.3</ele>
    <time>2024-04-20T20:59:03Z</time>
   </trkpt>
   <trkpt lat="48.1868000" lon="7.5696240">
    <ele>173.3</ele>
    <time>2024-04-20T20:59:04Z</time>
   </trkpt>
   <trkpt lat="48.1867480" lon="7.5696120">
    <ele>173.3</ele>
    <time>2024-04-20T20:59:05Z</time>
   </trkpt>
   <trkpt lat="48.1866930" lon="7.5695990">
    <ele>173.3</ele>
    <time>2024-04-20T20:59:06Z</time>
   </trkpt>
   <trkpt lat="48.1866380" lon="7.5695900">
    <ele>173.3</ele>
    <time>2024-04-20T20:59:07Z</time>
   </trkpt>
   <trkpt lat="48.1865830" lon="7.5695860">
    <ele>173.3</ele>
    <time>2024-04-20T20:59:08Z</time>
   </trkpt>
   <trkpt lat="48.1865280" lon="7.5695860">
    <ele>173.2</ele>
    <time>2024-04-20T20:59:09Z</time>
   </trkpt>
   <trkpt lat="48.1864730" lon="7.5695860">
    <ele>173.2</ele>
    <time>2024-04-20T20:59:10Z</time>
   </trkpt>
   <trkpt lat="48.1864170" lon="7.5695830">
    <ele>173.2</ele>
    <time>2024-04-20T20:59:11Z</time>
   </trkpt>
   <trkpt lat="48.1863610" lon="7.5695770">
    <ele>173.2</ele>
    <time>2024-04-20T20:59:12Z</time>
   </trkpt>
   <trkpt lat="48.1863070" lon="7.5695690">
    <ele>173.2</ele>
    <time>2024-04-20T20:59:13Z</time>
   </trkpt>
   <trkpt lat="48.1862520" lon="7.5695530">
    <ele>173.2</ele>
    <time>2024-04-20T20:59:14Z</time>
   </trkpt>
   <trkpt lat="48.1862000" lon="7.5695280">
    <ele>173.2</ele>
    <time>2024-04-20T20:59:15Z</time>
   </trkpt>
   <trkpt lat="48.1861470" lon="7.5694970">
    <ele>173.2</ele>
    <time>2024-04-20T20:59:16Z</time>
   </trkpt>
   <trkpt lat="48.1860940" lon="7.5694620">
    <ele>173.2</ele>
    <time>2024-04-20T20:59:17Z</time>
   </trkpt>
   <trkpt lat="48.1860430" lon="7.5694250">
    <ele>173.2</ele>
    <time>2024-04-20T20:59:18Z</time>
   </trkpt>
   <trkpt lat="48.1859910" lon="7.5693900">
    <ele>173.1</ele>
    <time>2024-04-20T20:59:19Z</time>
   </trkpt>
   <trkpt lat="48.1859400" lon="7.5693540">
    <ele>173.1</ele>
    <time>2024-04-20T20:59:20Z</time>
   </trkpt>
   <trkpt lat="48.1858880" lon="7.5693150">
    <ele>173.1</ele>
    <time>2024-04-20T20:59:21Z</time>
   </trkpt>
   <trkpt lat="48.1858350" lon="7.5692790">
    <ele>173.1</ele>
    <time>2024-04-20T20:59:22Z</time>
   </trkpt>
   <trkpt lat="48.1857820" lon="7.5692450">
    <ele>173.1</ele>
    <time>2024-04-20T20:59:23Z</time>
   </trkpt>
   <trkpt lat="48.1857270" lon="7.5692160">
    <ele>173.1</ele>
    <time>2024-04-20T20:59:24Z</time>
   </trkpt>
   <trkpt lat="48.1856740" lon="7.5691830">
    <ele>173.0</ele>
    <time>2024-04-20T20:59:25Z</time>
   </trkpt>
   <trkpt lat="48.1856230" lon="7.5691430">
    <ele>173.0</ele>
    <time>2024-04-20T20:59:26Z</time>
   </trkpt>
   <trkpt lat="48.1855740" lon="7.5690960">
    <ele>173.0</ele>
    <time>2024-04-20T20:59:27Z</time>
   </trkpt>
   <trkpt lat="48.1855240" lon="7.5690530">
    <ele>173.0</ele>
    <time>2024-04-20T20:59:28Z</time>
   </trkpt>
   <trkpt lat="48.1854740" lon="7.5690150">
    <ele>173.0</ele>
    <time>2024-04-20T20:59:29Z</time>
   </trkpt>
   <trkpt lat="48.1854240" lon="7.5689790">
    <ele>173.0</ele>
    <time>2024-04-20T20:59:30Z</time>
   </trkpt>
   <trkpt lat="48.1853730" lon="7.5689450">
    <ele>172.9</ele>
    <time>2024-04-20T20:59:31Z</time>
   </trkpt>
   <trkpt lat="48.1853240" lon="7.5689190">
    <ele>172.9</ele>
    <time>2024-04-20T20:59:32Z</time>
   </trkpt>
   <trkpt lat="48.1852760" lon="7.5688860">
    <ele>172.9</ele>
    <time>2024-04-20T20:59:33Z</time>
   </trkpt>
   <trkpt lat="48.1852380" lon="7.5688400">
    <ele>172.9</ele>
    <time>2024-04-20T20:59:34Z</time>
   </trkpt>
   <trkpt lat="48.1851760" lon="7.5687910">
    <ele>172.9</ele>
    <time>2024-04-20T20:59:36Z</time>
   </trkpt>
   <trkpt lat="48.1851460" lon="7.5687690">
    <ele>172.9</ele>
    <time>2024-04-20T20:59:37Z</time>
   </trkpt>
   <trkpt lat="48.1851150" lon="7.5687470">
    <ele>172.8</ele>
    <time>2024-04-20T20:59:38Z</time>
   </trkpt>
   <trkpt lat="48.1850830" lon="7.5687240">
    <ele>172.8</ele>
    <time>2024-04-20T20:59:39Z</time>
   </trkpt>
   <trkpt lat="48.1850480" lon="7.5687020">
    <ele>172.8</ele>
    <time>2024-04-20T20:59:40Z</time>
   </trkpt>
   <trkpt lat="48.1850120" lon="7.5686730">
    <ele>172.8</ele>
    <time>2024-04-20T20:59:41Z</time>
   </trkpt>
   <trkpt lat="48.1849770" lon="7.5686320">
    <ele>172.8</ele>
    <time>2024-04-20T20:59:42Z</time>
   </trkpt>
   <trkpt lat="48.1849300" lon="7.5686110">
    <ele>172.7</ele>
    <time>2024-04-20T20:59:43Z</time>
   </trkpt>
   <trkpt lat="48.1848830" lon="7.5685900">
    <ele>172.7</ele>
    <time>2024-04-20T20:59:44Z</time>
   </trkpt>
   <trkpt lat="48.1848380" lon="7.5685500">
    <ele>172.7</ele>
    <time>2024-04-20T20:59:45Z</time>
   </trkpt>
   <trkpt lat="48.1847940" lon="7.5685020">
    <ele>172.7</ele>
    <time>2024-04-20T20:59:46Z</time>
   </trkpt>
   <trkpt lat="48.1847510" lon="7.5684510">
    <ele>172.7</ele>
    <time>2024-04-20T20:59:47Z</time>
   </trkpt>
   <trkpt lat="48.1847030" lon="7.5684110">
    <ele>172.7</ele>
    <time>2024-04-20T20:59:48Z</time>
   </trkpt>
   <trkpt lat="48.1846540" lon="7.5683750">
    <ele>172.7</ele>
    <time>2024-04-20T20:59:49Z</time>
   </trkpt>
   <trkpt lat="48.1846060" lon="7.5683370">
    <ele>172.6</ele>
    <time>2024-04-20T20:59:50Z</time>
   </trkpt>
   <trkpt lat="48.1845560" lon="7.5682950">
    <ele>172.6</ele>
    <time>2024-04-20T20:59:51Z</time>
   </trkpt>
   <trkpt lat="48.1845080" lon="7.5682540">
    <ele>172.6</ele>
    <time>2024-04-20T20:59:52Z</time>
   </trkpt>
   <trkpt lat="48.1844610" lon="7.5682150">
    <ele>172.6</ele>
    <time>2024-04-20T20:59:53Z</time>
   </trkpt>
   <trkpt lat="48.1844150" lon="7.5681790">
    <ele>172.6</ele>
    <time>2024-04-20T20:59:54Z</time>
   </trkpt>
   <trkpt lat="48.1843710" lon="7.5681450">
    <ele>172.6</ele>
    <time>2024-04-20T20:59:55Z</time>
   </trkpt>
   <trkpt lat="48.1843250" lon="7.5681170">
    <ele>172.6</ele>
    <time>2024-04-20T20:59:56Z</time>
   </trkpt>
   <trkpt lat="48.1842800" lon="7.5680900">
    <ele>172.6</ele>
    <time>2024-04-20T20:59:57Z</time>
   </trkpt>
   <trkpt lat="48.1842300" lon="7.5680620">
    <ele>172.6</ele>
    <time>2024-04-20T20:59:58Z</time>
   </trkpt>
   <trkpt lat="48.1841810" lon="7.5680420">
    <ele>172.5</ele>
    <time>2024-04-20T20:59:59Z</time>
   </trkpt>
   <trkpt lat="48.1841350" lon="7.5680260">
    <ele>172.5</ele>
    <time>2024-04-20T21:00:00Z</time>
   </trkpt>
   <trkpt lat="48.1840890" lon="7.5680070">
    <ele>172.4</ele>
    <time>2024-04-20T21:00:01Z</time>
   </trkpt>
   <trkpt lat="48.1840450" lon="7.5679710">
    <ele>172.4</ele>
    <time>2024-04-20T21:00:02Z</time>
   </trkpt>
   <trkpt lat="48.1840110" lon="7.5679130">
    <ele>172.3</ele>
    <time>2024-04-20T21:00:03Z</time>
   </trkpt>
   <trkpt lat="48.1840040" lon="7.5678380">
    <ele>172.2</ele>
    <time>2024-04-20T21:00:04Z</time>
   </trkpt>
   <trkpt lat="48.1840210" lon="7.5677610">
    <ele>172.2</ele>
    <time>2024-04-20T21:00:05Z</time>
   </trkpt>
   <trkpt lat="48.1840430" lon="7.5676860">
    <ele>172.1</ele>
    <time>2024-04-20T21:00:06Z</time>
   </trkpt>
   <trkpt lat="48.1840620" lon="7.5676100">
    <ele>172.0</ele>
    <time>2024-04-20T21:00:07Z</time>
   </trkpt>
   <trkpt lat="48.1840860" lon="7.5675350">
    <ele>172.0</ele>
    <time>2024-04-20T21:00:08Z</time>
   </trkpt>
   <trkpt lat="48.1841080" lon="7.5674580">
    <ele>171.9</ele>
    <time>2024-04-20T21:00:09Z</time>
   </trkpt>
   <trkpt lat="48.1841240" lon="7.5673730">
    <ele>171.9</ele>
    <time>2024-04-20T21:00:10Z</time>
   </trkpt>
   <trkpt lat="48.1841410" lon="7.5672910">
    <ele>171.9</ele>
    <time>2024-04-20T21:00:11Z</time>
   </trkpt>
   <trkpt lat="48.1841670" lon="7.5672170">
    <ele>171.9</ele>
    <time>2024-04-20T21:00:12Z</time>
   </trkpt>
   <trkpt lat="48.1841900" lon="7.5671410">
    <ele>172.0</ele>
    <time>2024-04-20T21:00:13Z</time>
   </trkpt>
   <trkpt lat="48.1842140" lon="7.5670650">
    <ele>172.0</ele>
    <time>2024-04-20T21:00:14Z</time>
   </trkpt>
   <trkpt lat="48.1842350" lon="7.5669840">
    <ele>172.1</ele>
    <time>2024-04-20T21:00:15Z</time>
   </trkpt>
   <trkpt lat="48.1842590" lon="7.5669060">
    <ele>172.1</ele>
    <time>2024-04-20T21:00:16Z</time>
   </trkpt>
   <trkpt lat="48.1842950" lon="7.5668470">
    <ele>172.3</ele>
    <time>2024-04-20T21:00:17Z</time>
   </trkpt>
   <trkpt lat="48.1843460" lon="7.5668210">
    <ele>172.3</ele>
    <time>2024-04-20T21:00:18Z</time>
   </trkpt>
   <trkpt lat="48.1844010" lon="7.5668220">
    <ele>172.3</ele>
    <time>2024-04-20T21:00:19Z</time>
   </trkpt>
   <trkpt lat="48.1844530" lon="7.5668230">
    <ele>172.4</ele>
    <time>2024-04-20T21:00:20Z</time>
   </trkpt>
   <trkpt lat="48.1845090" lon="7.5668130">
    <ele>172.4</ele>
    <time>2024-04-20T21:00:21Z</time>
   </trkpt>
   <trkpt lat="48.1845620" lon="7.5668010">
    <ele>172.5</ele>
    <time>2024-04-20T21:00:22Z</time>
   </trkpt>
   <trkpt lat="48.1846140" lon="7.5667830">
    <ele>172.5</ele>
    <time>2024-04-20T21:00:23Z</time>
   </trkpt>
   <trkpt lat="48.1846640" lon="7.5667540">
    <ele>172.5</ele>
    <time>2024-04-20T21:00:24Z</time>
   </trkpt>
   <trkpt lat="48.1847130" lon="7.5667250">
    <ele>172.5</ele>
    <time>2024-04-20T21:00:25Z</time>
   </trkpt>
   <trkpt lat="48.1847610" lon="7.5666980">
    <ele>172.5</ele>
    <time>2024-04-20T21:00:26Z</time>
   </trkpt>
   <trkpt lat="48.1848050" lon="7.5666670">
    <ele>172.5</ele>
    <time>2024-04-20T21:00:27Z</time>
   </trkpt>
   <trkpt lat="48.1848500" lon="7.5666360">
    <ele>172.5</ele>
    <time>2024-04-20T21:00:28Z</time>
   </trkpt>
   <trkpt lat="48.1848910" lon="7.5666030">
    <ele>172.5</ele>
    <time>2024-04-20T21:00:29Z</time>
   </trkpt>
   <trkpt lat="48.1849320" lon="7.5665740">
    <ele>172.6</ele>
    <time>2024-04-20T21:00:30Z</time>
   </trkpt>
   <trkpt lat="48.1849710" lon="7.5665480">
    <ele>172.6</ele>
    <time>2024-04-20T21:00:31Z</time>
   </trkpt>
   <trkpt lat="48.1850070" lon="7.5665220">
    <ele>172.6</ele>
    <time>2024-04-20T21:00:32Z</time>
   </trkpt>
   <trkpt lat="48.1850410" lon="7.5664920">
    <ele>172.6</ele>
    <time>2024-04-20T21:00:33Z</time>
   </trkpt>
   <trkpt lat="48.1850710" lon="7.5664570">
    <ele>172.6</ele>
    <time>2024-04-20T21:00:34Z</time>
   </trkpt>
   <trkpt lat="48.1850940" lon="7.5664260">
    <ele>172.6</ele>
    <time>2024-04-20T21:00:35Z</time>
   </trkpt>
   <trkpt lat="48.1851140" lon="7.5664170">
    <ele>172.6</ele>
    <time>2024-04-20T21:00:36Z</time>
   </trkpt>
   <trkpt lat="48.1851190" lon="7.5664340">
    <ele>172.6</ele>
    <time>2024-04-20T21:00:37Z</time>
   </trkpt>
   <trkpt lat="48.1851230" lon="7.5664500">
    <ele>172.6</ele>
    <time>2024-04-20T21:00:38Z</time>
   </trkpt>
   <trkpt lat="48.1851260" lon="7.5664620">
    <ele>172.6</ele>
    <time>2024-04-20T21:00:39Z</time>
   </trkpt>
   <trkpt lat="48.1851290" lon="7.5664730">
    <ele>172.6</ele>
    <time>2024-04-20T21:00:40Z</time>
   </trkpt>
   <trkpt lat="48.1851300" lon="7.5664750">
    <ele>172.6</ele>
    <time>2024-04-20T21:00:41Z</time>
   </trkpt>
   <trkpt lat="48.1851310" lon="7.5664740">
    <ele>172.6</ele>
    <time>2024-04-20T21:00:42Z</time>
   </trkpt>
   <trkpt lat="48.1851310" lon="7.5664730">
    <ele>172.6</ele>
    <time>2024-04-20T21:00:43Z</time>
   </trkpt>
   <trkpt lat="48.1851310" lon="7.5664720">
    <ele>172.6</ele>
    <time>2024-04-20T21:00:44Z</time>
   </trkpt>
   <trkpt lat="48.1851310" lon="7.5664710">
    <ele>172.6</ele>
    <time>2024-04-20T21:00:45Z</time>
   </trkpt>
   <trkpt lat="48.1851300" lon="7.5664700">
    <ele>172.6</ele>
    <time>2024-04-20T21:00:46Z</time>
   </trkpt>
   <trkpt lat="48.1851300" lon="7.5664700">
    <ele>172.6</ele>
    <time>2024-04-20T21:00:47Z</time>
   </trkpt>
   <trkpt lat="48.1851300" lon="7.5664700">
    <ele>172.6</ele>
    <time>2024-04-20T21:00:48Z</time>
   </trkpt>
   <trkpt lat="48.1851300" lon="7.5664700">
    <ele>172.6</ele>
    <time>2024-04-20T21:00:49Z</time>
   </trkpt>
   <trkpt lat="48.1851300" lon="7.5664700">
    <ele>172.6</ele>
    <time>2024-04-20T21:00:50Z</time>
   </trkpt>
   <trkpt lat="48.1851300" lon="7.5664700">
    <ele>172.6</ele>
    <time>2024-04-20T21:00:51Z</time>
   </trkpt>
   <trkpt lat="48.1851440" lon="7.5664900">
    <ele>172.6</ele>
    <time>2024-04-20T21:01:18Z</time>
   </trkpt>
   <trkpt lat="48.1851520" lon="7.5664940">
    <ele>172.7</ele>
    <time>2024-04-20T21:01:19Z</time>
   </trkpt>
   <trkpt lat="48.1851580" lon="7.5664940">
    <ele>172.7</ele>
    <time>2024-04-20T21:01:20Z</time>
   </trkpt>
   <trkpt lat="48.1851600" lon="7.5664960">
    <ele>172.7</ele>
    <time>2024-04-20T21:01:21Z</time>
   </trkpt>
   <trkpt lat="48.1851610" lon="7.5664970">
    <ele>172.7</ele>
    <time>2024-04-20T21:01:22Z</time>
   </trkpt>
   <trkpt lat="48.1851610" lon="7.5664970">
    <ele>172.7</ele>
    <time>2024-04-20T21:01:23Z</time>
   </trkpt>
   <trkpt lat="48.1851620" lon="7.5664980">
    <ele>172.7</ele>
    <time>2024-04-20T21:01:24Z</time>
   </trkpt>
   <trkpt lat="48.1851630" lon="7.5664990">
    <ele>172.7</ele>
    <time>2024-04-20T21:01:25Z</time>
   </trkpt>
   <trkpt lat="48.1851630" lon="7.5665000">
    <ele>172.7</ele>
    <time>2024-04-20T21:01:26Z</time>
   </trkpt>
   <trkpt lat="48.1851630" lon="7.5665000">
    <ele>172.7</ele>
    <time>2024-04-20T21:01:27Z</time>
   </trkpt>
   <trkpt lat="48.1851630" lon="7.5665000">
    <ele>172.7</ele>
    <time>2024-04-20T21:01:28Z</time>
   </trkpt>
   <trkpt lat="48.1851630" lon="7.5665000">
    <ele>172.7</ele>
    <time>2024-04-20T21:01:29Z</time>
   </trkpt>
   <trkpt lat="48.1851630" lon="7.5665000">
    <ele>172.7</ele>
    <time>2024-04-20T21:01:30Z</time>
   </trkpt>
   <trkpt lat="48.1851630" lon="7.5665000">
    <ele>172.7</ele>
    <time>2024-04-20T21:01:31Z</time>
   </trkpt>
   <trkpt lat="48.1851630" lon="7.5665000">
    <ele>172.7</ele>
    <time>2024-04-20T21:01:32Z</time>
   </trkpt>
   <trkpt lat="48.1851630" lon="7.5665000">
    <ele>172.7</ele>
    <time>2024-04-20T21:01:33Z</time>
   </trkpt>
   <trkpt lat="48.1851950" lon="7.5664820">
    <ele>172.7</ele>
    <time>2024-04-20T21:01:58Z</time>
   </trkpt>
   <trkpt lat="48.1851980" lon="7.5664760">
    <ele>172.7</ele>
    <time>2024-04-20T21:01:59Z</time>
   </trkpt>
   <trkpt lat="48.1851990" lon="7.5664720">
    <ele>172.7</ele>
    <time>2024-04-20T21:02:00Z</time>
   </trkpt>
   <trkpt lat="48.1851920" lon="7.5664650">
    <ele>172.7</ele>
    <time>2024-04-20T21:02:01Z</time>
   </trkpt>
   <trkpt lat="48.1851790" lon="7.5664590">
    <ele>172.7</ele>
    <time>2024-04-20T21:02:02Z</time>
   </trkpt>
   <trkpt lat="48.1851730" lon="7.5664610">
    <ele>172.7</ele>
    <time>2024-04-20T21:02:03Z</time>
   </trkpt>
   <trkpt lat="48.1851670" lon="7.5664660">
    <ele>172.7</ele>
    <time>2024-04-20T21:02:04Z</time>
   </trkpt>
   <trkpt lat="48.1851650" lon="7.5664710">
    <ele>172.7</ele>
    <time>2024-04-20T21:02:05Z</time>
   </trkpt>
   <trkpt lat="48.1851640" lon="7.5664740">
    <ele>172.7</ele>
    <time>2024-04-20T21:02:06Z</time>
   </trkpt>
   <trkpt lat="48.1851640" lon="7.5664770">
    <ele>172.7</ele>
    <time>2024-04-20T21:02:07Z</time>
   </trkpt>
   <trkpt lat="48.1851640" lon="7.5664790">
    <ele>172.7</ele>
    <time>2024-04-20T21:02:08Z</time>
   </trkpt>
   <trkpt lat="48.1851640" lon="7.5664800">
    <ele>172.7</ele>
    <time>2024-04-20T21:02:09Z</time>
   </trkpt>
   <trkpt lat="48.1851640" lon="7.5664810">
    <ele>172.7</ele>
    <time>2024-04-20T21:02:10Z</time>
   </trkpt>
   <trkpt lat="48.1851650" lon="7.5664820">
    <ele>172.7</ele>
    <time>2024-04-20T21:02:11Z</time>
   </trkpt>
   <trkpt lat="48.1851650" lon="7.5664820">
    <ele>172.7</ele>
    <time>2024-04-20T21:02:12Z</time>
   </trkpt>
   <trkpt lat="48.1851660" lon="7.5664820">
    <ele>172.7</ele>
    <time>2024-04-20T21:02:13Z</time>
   </trkpt>
   <trkpt lat="48.1852240" lon="7.5664390">
    <ele>172.7</ele>
    <time>2024-04-20T21:05:37Z</time>
   </trkpt>
   <trkpt lat="48.1852280" lon="7.5664330">
    <ele>172.7</ele>
    <time>2024-04-20T21:05:38Z</time>
   </trkpt>
   <trkpt lat="48.1852320" lon="7.5664280">
    <ele>172.7</ele>
    <time>2024-04-20T21:05:39Z</time>
   </trkpt>
   <trkpt lat="48.1852350" lon="7.5664250">
    <ele>172.7</ele>
    <time>2024-04-20T21:05:40Z</time>
   </trkpt>
   <trkpt lat="48.1852380" lon="7.5664250">
    <ele>172.7</ele>
    <time>2024-04-20T21:05:41Z</time>
   </trkpt>
   <trkpt lat="48.1852410" lon="7.5664220">
    <ele>172.7</ele>
    <time>2024-04-20T21:05:42Z</time>
   </trkpt>
   <trkpt lat="48.1852440" lon="7.5664200">
    <ele>172.7</ele>
    <time>2024-04-20T21:05:43Z</time>
   </trkpt>
   <trkpt lat="48.1852490" lon="7.5664170">
    <ele>172.8</ele>
    <time>2024-04-20T21:05:44Z</time>
   </trkpt>
   <trkpt lat="48.1852500" lon="7.5664170">
    <ele>172.8</ele>
    <time>2024-04-20T21:05:45Z</time>
   </trkpt>
   <trkpt lat="48.1852520" lon="7.5664200">
    <ele>172.8</ele>
    <time>2024-04-20T21:05:46Z</time>
   </trkpt>
   <trkpt lat="48.1852540" lon="7.5664260">
    <ele>172.8</ele>
    <time>2024-04-20T21:05:47Z</time>
   </trkpt>
   <trkpt lat="48.1852560" lon="7.5664310">
    <ele>172.8</ele>
    <time>2024-04-20T21:05:48Z</time>
   </trkpt>
   <trkpt lat="48.1852580" lon="7.5664350">
    <ele>172.8</ele>
    <time>2024-04-20T21:05:49Z</time>
   </trkpt>
   <trkpt lat="48.1852610" lon="7.5664380">
    <ele>172.8</ele>
    <time>2024-04-20T21:05:51Z</time>
   </trkpt>
  </trkseg>
 </trk>
</gpx>
